a15m310 Wilson3 pz3 0.151fm zmax5
config z nu=p.z RpITD
0 1 1.17809725e+00 3.40524090e-02
1 1 1.17809725e+00 3.36072505e-02
2 1 1.17809725e+00 3.40433080e-02
3 1 1.17809725e+00 3.37505635e-02
4 1 1.17809725e+00 3.41511353e-02
5 1 1.17809725e+00 3.38787867e-02
6 1 1.17809725e+00 3.34373093e-02
7 1 1.17809725e+00 3.41130283e-02
8 1 1.17809725e+00 3.38786435e-02
9 1 1.17809725e+00 3.43984822e-02
10 1 1.17809725e+00 3.42078171e-02
11 1 1.17809725e+00 3.44276746e-02
12 1 1.17809725e+00 3.40830702e-02
13 1 1.17809725e+00 3.42345793e-02
14 1 1.17809725e+00 3.40542578e-02
15 1 1.17809725e+00 3.35605013e-02
16 1 1.17809725e+00 3.31847733e-02
17 1 1.17809725e+00 3.43436275e-02
18 1 1.17809725e+00 3.41329475e-02
19 1 1.17809725e+00 3.38007735e-02
20 1 1.17809725e+00 3.39399861e-02
21 1 1.17809725e+00 3.44190808e-02
22 1 1.17809725e+00 3.38729501e-02
23 1 1.17809725e+00 3.46867093e-02
24 1 1.17809725e+00 3.35819657e-02
25 1 1.17809725e+00 3.40447879e-02
26 1 1.17809725e+00 3.40003010e-02
27 1 1.17809725e+00 3.37713087e-02
28 1 1.17809725e+00 3.43184796e-02
29 1 1.17809725e+00 3.45113970e-02
30 1 1.17809725e+00 3.34276632e-02
31 1 1.17809725e+00 3.38674557e-02
32 1 1.17809725e+00 3.35251725e-02
33 1 1.17809725e+00 3.37586346e-02
34 1 1.17809725e+00 3.41380639e-02
35 1 1.17809725e+00 3.41729986e-02
36 1 1.17809725e+00 3.36551651e-02
37 1 1.17809725e+00 3.38059606e-02
38 1 1.17809725e+00 3.34534575e-02
39 1 1.17809725e+00 3.37207077e-02
40 1 1.17809725e+00 3.33951262e-02
41 1 1.17809725e+00 3.38751294e-02
42 1 1.17809725e+00 3.46551468e-02
43 1 1.17809725e+00 3.44346875e-02
44 1 1.17809725e+00 3.37683684e-02
45 1 1.17809725e+00 3.37078993e-02
46 1 1.17809725e+00 3.39866031e-02
47 1 1.17809725e+00 3.40065647e-02
48 1 1.17809725e+00 3.39960726e-02
49 1 1.17809725e+00 3.41402469e-02
50 1 1.17809725e+00 3.47461762e-02
51 1 1.17809725e+00 3.40685757e-02
52 1 1.17809725e+00 3.39698067e-02
53 1 1.17809725e+00 3.39394685e-02
54 1 1.17809725e+00 3.39389336e-02
55 1 1.17809725e+00 3.39565563e-02
56 1 1.17809725e+00 3.46950962e-02
57 1 1.17809725e+00 3.39192065e-02
58 1 1.17809725e+00 3.41601830e-02
59 1 1.17809725e+00 3.40353760e-02
60 1 1.17809725e+00 3.36100394e-02
61 1 1.17809725e+00 3.38793892e-02
62 1 1.17809725e+00 3.43516944e-02
63 1 1.17809725e+00 3.42500798e-02
64 1 1.17809725e+00 3.43853849e-02
65 1 1.17809725e+00 3.40323086e-02
66 1 1.17809725e+00 3.46593585e-02
67 1 1.17809725e+00 3.41691464e-02
68 1 1.17809725e+00 3.39689445e-02
69 1 1.17809725e+00 3.41350907e-02
70 1 1.17809725e+00 3.44157890e-02
71 1 1.17809725e+00 3.35747241e-02
72 1 1.17809725e+00 3.32034588e-02
73 1 1.17809725e+00 3.43560964e-02
74 1 1.17809725e+00 3.40657600e-02
75 1 1.17809725e+00 3.42692386e-02
76 1 1.17809725e+00 3.42803266e-02
77 1 1.17809725e+00 3.38631166e-02
78 1 1.17809725e+00 3.40666753e-02
79 1 1.17809725e+00 3.36600306e-02
80 1 1.17809725e+00 3.42160246e-02
81 1 1.17809725e+00 3.38627099e-02
82 1 1.17809725e+00 3.37810715e-02
83 1 1.17809725e+00 3.38778399e-02
84 1 1.17809725e+00 3.36813888e-02
85 1 1.17809725e+00 3.49359394e-02
86 1 1.17809725e+00 3.40514390e-02
87 1 1.17809725e+00 3.37369453e-02
88 1 1.17809725e+00 3.38547727e-02
89 1 1.17809725e+00 3.38672945e-02
90 1 1.17809725e+00 3.41974474e-02
91 1 1.17809725e+00 3.40749393e-02
92 1 1.17809725e+00 3.39644480e-02
93 1 1.17809725e+00 3.40740896e-02
94 1 1.17809725e+00 3.44564703e-02
95 1 1.17809725e+00 3.43396293e-02
96 1 1.17809725e+00 3.41621812e-02
97 1 1.17809725e+00 3.41661150e-02
98 1 1.17809725e+00 3.44049409e-02
99 1 1.17809725e+00 3.41288617e-02
100 1 1.17809725e+00 3.39483974e-02
101 1 1.17809725e+00 3.43819312e-02
102 1 1.17809725e+00 3.40057177e-02
103 1 1.17809725e+00 3.38994143e-02
104 1 1.17809725e+00 3.42758643e-02
105 1 1.17809725e+00 3.43085700e-02
106 1 1.17809725e+00 3.33029850e-02
107 1 1.17809725e+00 3.42709171e-02
108 1 1.17809725e+00 3.41715249e-02
109 1 1.17809725e+00 3.41618083e-02
110 1 1.17809725e+00 3.43295343e-02
111 1 1.17809725e+00 3.37497311e-02
112 1 1.17809725e+00 3.34315229e-02
113 1 1.17809725e+00 3.40025892e-02
114 1 1.17809725e+00 3.40631805e-02
115 1 1.17809725e+00 3.37117397e-02
116 1 1.17809725e+00 3.40666847e-02
117 1 1.17809725e+00 3.40518014e-02
118 1 1.17809725e+00 3.41103770e-02
119 1 1.17809725e+00 3.37864427e-02
120 1 1.17809725e+00 3.31088327e-02
121 1 1.17809725e+00 3.39122942e-02
122 1 1.17809725e+00 3.33356861e-02
123 1 1.17809725e+00 3.46067445e-02
124 1 1.17809725e+00 3.38056867e-02
125 1 1.17809725e+00 3.36210046e-02
126 1 1.17809725e+00 3.44700670e-02
127 1 1.17809725e+00 3.38996984e-02
128 1 1.17809725e+00 3.41972545e-02
129 1 1.17809725e+00 3.33625307e-02
130 1 1.17809725e+00 3.37651726e-02
131 1 1.17809725e+00 3.40107471e-02
132 1 1.17809725e+00 3.37436717e-02
133 1 1.17809725e+00 3.39340525e-02
134 1 1.17809725e+00 3.43741608e-02
135 1 1.17809725e+00 3.40021036e-02
136 1 1.17809725e+00 3.33739190e-02
137 1 1.17809725e+00 3.37193548e-02
138 1 1.17809725e+00 3.39551230e-02
139 1 1.17809725e+00 3.33477331e-02
140 1 1.17809725e+00 3.40578230e-02
141 1 1.17809725e+00 3.40079471e-02
142 1 1.17809725e+00 3.39700310e-02
143 1 1.17809725e+00 3.37186973e-02
144 1 1.17809725e+00 3.38710485e-02
145 1 1.17809725e+00 3.41975265e-02
146 1 1.17809725e+00 3.39825364e-02
147 1 1.17809725e+00 3.37761200e-02
148 1 1.17809725e+00 3.39930890e-02
149 1 1.17809725e+00 3.46503705e-02
150 1 1.17809725e+00 3.35514089e-02
151 1 1.17809725e+00 3.40068015e-02
152 1 1.17809725e+00 3.35474528e-02
153 1 1.17809725e+00 3.40409326e-02
154 1 1.17809725e+00 3.40695425e-02
155 1 1.17809725e+00 3.43784515e-02
156 1 1.17809725e+00 3.45450788e-02
157 1 1.17809725e+00 3.38618635e-02
158 1 1.17809725e+00 3.47313169e-02
159 1 1.17809725e+00 3.41006432e-02
160 1 1.17809725e+00 3.36765378e-02
161 1 1.17809725e+00 3.35087034e-02
162 1 1.17809725e+00 3.39008986e-02
163 1 1.17809725e+00 3.45556617e-02
164 1 1.17809725e+00 3.35867818e-02
165 1 1.17809725e+00 3.37434466e-02
166 1 1.17809725e+00 3.46345925e-02
167 1 1.17809725e+00 3.42904221e-02
168 1 1.17809725e+00 3.41991860e-02
169 1 1.17809725e+00 3.39938635e-02
170 1 1.17809725e+00 3.40988982e-02
171 1 1.17809725e+00 3.40497072e-02
172 1 1.17809725e+00 3.43086080e-02
173 1 1.17809725e+00 3.42495504e-02
174 1 1.17809725e+00 3.45763949e-02
175 1 1.17809725e+00 3.49582000e-02
176 1 1.17809725e+00 3.44444336e-02
177 1 1.17809725e+00 3.39037183e-02
178 1 1.17809725e+00 3.34674746e-02
179 1 1.17809725e+00 3.43243564e-02
180 1 1.17809725e+00 3.39189912e-02
181 1 1.17809725e+00 3.38880675e-02
182 1 1.17809725e+00 3.40875263e-02
183 1 1.17809725e+00 3.39876363e-02
184 1 1.17809725e+00 3.40799857e-02
185 1 1.17809725e+00 3.40059363e-02
186 1 1.17809725e+00 3.38213742e-02
187 1 1.17809725e+00 3.39988018e-02
188 1 1.17809725e+00 3.38658054e-02
189 1 1.17809725e+00 3.40773652e-02
190 1 1.17809725e+00 3.42109457e-02
191 1 1.17809725e+00 3.46377926e-02
192 1 1.17809725e+00 3.42493629e-02
193 1 1.17809725e+00 3.40127772e-02
194 1 1.17809725e+00 3.40309190e-02
195 1 1.17809725e+00 3.42937846e-02
196 1 1.17809725e+00 3.40801022e-02
197 1 1.17809725e+00 3.43380774e-02
198 1 1.17809725e+00 3.40154107e-02
199 1 1.17809725e+00 3.41427606e-02
200 1 1.17809725e+00 3.34472670e-02
201 1 1.17809725e+00 3.40503367e-02
202 1 1.17809725e+00 3.34462759e-02
203 1 1.17809725e+00 3.36661619e-02
204 1 1.17809725e+00 3.38101918e-02
205 1 1.17809725e+00 3.45258469e-02
206 1 1.17809725e+00 3.37441284e-02
207 1 1.17809725e+00 3.36265650e-02
208 1 1.17809725e+00 3.41759435e-02
209 1 1.17809725e+00 3.42377022e-02
210 1 1.17809725e+00 3.36502292e-02
211 1 1.17809725e+00 3.40316884e-02
212 1 1.17809725e+00 3.34382798e-02
213 1 1.17809725e+00 3.36218161e-02
214 1 1.17809725e+00 3.36782286e-02
215 1 1.17809725e+00 3.47459242e-02
216 1 1.17809725e+00 3.38186130e-02
217 1 1.17809725e+00 3.47566545e-02
218 1 1.17809725e+00 3.44594290e-02
219 1 1.17809725e+00 3.40744040e-02
220 1 1.17809725e+00 3.42268003e-02
221 1 1.17809725e+00 3.39875666e-02
222 1 1.17809725e+00 3.39524281e-02
223 1 1.17809725e+00 3.44025041e-02
224 1 1.17809725e+00 3.33281066e-02
225 1 1.17809725e+00 3.37859773e-02
226 1 1.17809725e+00 3.38578405e-02
227 1 1.17809725e+00 3.41098086e-02
228 1 1.17809725e+00 3.40975641e-02
229 1 1.17809725e+00 3.39810780e-02
230 1 1.17809725e+00 3.41616121e-02
231 1 1.17809725e+00 3.43498610e-02
232 1 1.17809725e+00 3.41240269e-02
233 1 1.17809725e+00 3.37357320e-02
234 1 1.17809725e+00 3.39659200e-02
235 1 1.17809725e+00 3.38769205e-02
236 1 1.17809725e+00 3.35684964e-02
237 1 1.17809725e+00 3.43135349e-02
238 1 1.17809725e+00 3.41442738e-02
239 1 1.17809725e+00 3.40066620e-02
240 1 1.17809725e+00 3.45114025e-02
241 1 1.17809725e+00 3.34477444e-02
242 1 1.17809725e+00 3.40243613e-02
243 1 1.17809725e+00 3.38305805e-02
244 1 1.17809725e+00 3.31634303e-02
245 1 1.17809725e+00 3.30898778e-02
246 1 1.17809725e+00 3.39510619e-02
247 1 1.17809725e+00 3.41616641e-02
248 1 1.17809725e+00 3.38673701e-02
249 1 1.17809725e+00 3.41740005e-02
250 1 1.17809725e+00 3.41929527e-02
251 1 1.17809725e+00 3.35597921e-02
252 1 1.17809725e+00 3.41842648e-02
253 1 1.17809725e+00 3.40265238e-02
254 1 1.17809725e+00 3.39735297e-02
255 1 1.17809725e+00 3.38574289e-02
256 1 1.17809725e+00 3.41751095e-02
257 1 1.17809725e+00 3.44194774e-02
258 1 1.17809725e+00 3.38627272e-02
259 1 1.17809725e+00 3.38416957e-02
260 1 1.17809725e+00 3.40607825e-02
261 1 1.17809725e+00 3.41137730e-02
262 1 1.17809725e+00 3.39619497e-02
263 1 1.17809725e+00 3.32056983e-02
264 1 1.17809725e+00 3.38903963e-02
265 1 1.17809725e+00 3.41333125e-02
266 1 1.17809725e+00 3.35268000e-02
267 1 1.17809725e+00 3.44497206e-02
268 1 1.17809725e+00 3.35779466e-02
269 1 1.17809725e+00 3.41008771e-02
270 1 1.17809725e+00 3.41552823e-02
271 1 1.17809725e+00 3.44195207e-02
272 1 1.17809725e+00 3.39176639e-02
273 1 1.17809725e+00 3.36380168e-02
274 1 1.17809725e+00 3.37854626e-02
275 1 1.17809725e+00 3.39912815e-02
276 1 1.17809725e+00 3.41959434e-02
277 1 1.17809725e+00 3.40082982e-02
278 1 1.17809725e+00 3.46538601e-02
279 1 1.17809725e+00 3.42050492e-02
280 1 1.17809725e+00 3.35545921e-02
281 1 1.17809725e+00 3.39082276e-02
282 1 1.17809725e+00 3.41870415e-02
283 1 1.17809725e+00 3.45708745e-02
284 1 1.17809725e+00 3.35989331e-02
285 1 1.17809725e+00 3.35821632e-02
286 1 1.17809725e+00 3.37051557e-02
287 1 1.17809725e+00 3.37225691e-02
288 1 1.17809725e+00 3.39568561e-02
289 1 1.17809725e+00 3.41522668e-02
290 1 1.17809725e+00 3.41847078e-02
291 1 1.17809725e+00 3.40234471e-02
292 1 1.17809725e+00 3.38858443e-02
293 1 1.17809725e+00 3.42610483e-02
294 1 1.17809725e+00 3.42781464e-02
295 1 1.17809725e+00 3.41339918e-02
296 1 1.17809725e+00 3.44983830e-02
297 1 1.17809725e+00 3.39374470e-02
298 1 1.17809725e+00 3.40039125e-02
299 1 1.17809725e+00 3.34649105e-02
300 1 1.17809725e+00 3.44190715e-02
301 1 1.17809725e+00 3.39608764e-02
302 1 1.17809725e+00 3.34716225e-02
303 1 1.17809725e+00 3.35409971e-02
304 1 1.17809725e+00 3.40461845e-02
305 1 1.17809725e+00 3.36962362e-02
306 1 1.17809725e+00 3.34461190e-02
307 1 1.17809725e+00 3.41661215e-02
308 1 1.17809725e+00 3.39752025e-02
309 1 1.17809725e+00 3.41861525e-02
310 1 1.17809725e+00 3.41836826e-02
311 1 1.17809725e+00 3.32577408e-02
312 1 1.17809725e+00 3.44803481e-02
313 1 1.17809725e+00 3.34320685e-02
314 1 1.17809725e+00 3.39692890e-02
315 1 1.17809725e+00 3.35328819e-02
316 1 1.17809725e+00 3.33895172e-02
317 1 1.17809725e+00 3.38001054e-02
318 1 1.17809725e+00 3.37899858e-02
319 1 1.17809725e+00 3.40177357e-02
320 1 1.17809725e+00 3.42346349e-02
321 1 1.17809725e+00 3.42340229e-02
322 1 1.17809725e+00 3.43703674e-02
323 1 1.17809725e+00 3.40306182e-02
324 1 1.17809725e+00 3.41049565e-02
325 1 1.17809725e+00 3.44144428e-02
326 1 1.17809725e+00 3.38028007e-02
327 1 1.17809725e+00 3.42247638e-02
328 1 1.17809725e+00 3.39160844e-02
329 1 1.17809725e+00 3.36757584e-02
330 1 1.17809725e+00 3.35753413e-02
331 1 1.17809725e+00 3.46491809e-02
332 1 1.17809725e+00 3.40898428e-02
333 1 1.17809725e+00 3.39023260e-02
334 1 1.17809725e+00 3.36903115e-02
335 1 1.17809725e+00 3.43866926e-02
336 1 1.17809725e+00 3.37122507e-02
337 1 1.17809725e+00 3.41437531e-02
338 1 1.17809725e+00 3.36508423e-02
339 1 1.17809725e+00 3.37409537e-02
340 1 1.17809725e+00 3.33061779e-02
341 1 1.17809725e+00 3.35927006e-02
342 1 1.17809725e+00 3.34467888e-02
343 1 1.17809725e+00 3.37803281e-02
344 1 1.17809725e+00 3.32444326e-02
345 1 1.17809725e+00 3.40341773e-02
346 1 1.17809725e+00 3.32572096e-02
347 1 1.17809725e+00 3.34675452e-02
348 1 1.17809725e+00 3.40397965e-02
349 1 1.17809725e+00 3.40506159e-02
350 1 1.17809725e+00 3.41690635e-02
351 1 1.17809725e+00 3.39877764e-02
352 1 1.17809725e+00 3.35174833e-02
353 1 1.17809725e+00 3.39035047e-02
354 1 1.17809725e+00 3.41749455e-02
355 1 1.17809725e+00 3.40782793e-02
356 1 1.17809725e+00 3.43557793e-02
357 1 1.17809725e+00 3.44725251e-02
358 1 1.17809725e+00 3.37284820e-02
359 1 1.17809725e+00 3.37135340e-02
360 1 1.17809725e+00 3.41510631e-02
361 1 1.17809725e+00 3.40404335e-02
362 1 1.17809725e+00 3.41236206e-02
363 1 1.17809725e+00 3.46908572e-02
364 1 1.17809725e+00 3.43310362e-02
365 1 1.17809725e+00 3.37589175e-02
366 1 1.17809725e+00 3.37838105e-02
367 1 1.17809725e+00 3.39943300e-02
368 1 1.17809725e+00 3.36689968e-02
369 1 1.17809725e+00 3.39230616e-02
370 1 1.17809725e+00 3.41019006e-02
371 1 1.17809725e+00 3.36264062e-02
372 1 1.17809725e+00 3.42228061e-02
373 1 1.17809725e+00 3.35518549e-02
374 1 1.17809725e+00 3.36266014e-02
375 1 1.17809725e+00 3.36004319e-02
376 1 1.17809725e+00 3.36423310e-02
377 1 1.17809725e+00 3.40001554e-02
378 1 1.17809725e+00 3.44347629e-02
379 1 1.17809725e+00 3.40218783e-02
380 1 1.17809725e+00 3.39774849e-02
381 1 1.17809725e+00 3.34206178e-02
382 1 1.17809725e+00 3.33921034e-02
383 1 1.17809725e+00 3.39005086e-02
384 1 1.17809725e+00 3.44464276e-02
385 1 1.17809725e+00 3.38828705e-02
386 1 1.17809725e+00 3.35977894e-02
387 1 1.17809725e+00 3.37807406e-02
388 1 1.17809725e+00 3.41005664e-02
389 1 1.17809725e+00 3.37093001e-02
390 1 1.17809725e+00 3.45881954e-02
391 1 1.17809725e+00 3.39811538e-02
392 1 1.17809725e+00 3.37919846e-02
393 1 1.17809725e+00 3.39626191e-02
394 1 1.17809725e+00 3.41258386e-02
395 1 1.17809725e+00 3.45328090e-02
396 1 1.17809725e+00 3.30897532e-02
397 1 1.17809725e+00 3.37569589e-02
398 1 1.17809725e+00 3.36804928e-02
399 1 1.17809725e+00 3.39572401e-02
400 1 1.17809725e+00 3.37887501e-02
401 1 1.17809725e+00 3.34120272e-02
402 1 1.17809725e+00 3.40288781e-02
403 1 1.17809725e+00 3.46671383e-02
404 1 1.17809725e+00 3.36021490e-02
405 1 1.17809725e+00 3.33058446e-02
406 1 1.17809725e+00 3.38571244e-02
407 1 1.17809725e+00 3.44151472e-02
408 1 1.17809725e+00 3.37670432e-02
409 1 1.17809725e+00 3.33691959e-02
410 1 1.17809725e+00 3.40793216e-02
411 1 1.17809725e+00 3.42406488e-02
412 1 1.17809725e+00 3.36541490e-02
413 1 1.17809725e+00 3.38211798e-02
414 1 1.17809725e+00 3.38505111e-02
415 1 1.17809725e+00 3.39937311e-02
416 1 1.17809725e+00 3.39455085e-02
417 1 1.17809725e+00 3.30764506e-02
418 1 1.17809725e+00 3.34324263e-02
419 1 1.17809725e+00 3.40998778e-02
420 1 1.17809725e+00 3.42372265e-02
421 1 1.17809725e+00 3.40676491e-02
422 1 1.17809725e+00 3.43913811e-02
423 1 1.17809725e+00 3.40374733e-02
424 1 1.17809725e+00 3.38833482e-02
425 1 1.17809725e+00 3.40358020e-02
426 1 1.17809725e+00 3.37404378e-02
427 1 1.17809725e+00 3.35578376e-02
428 1 1.17809725e+00 3.36211230e-02
429 1 1.17809725e+00 3.45404360e-02
430 1 1.17809725e+00 3.45736155e-02
431 1 1.17809725e+00 3.35813252e-02
432 1 1.17809725e+00 3.38964582e-02
433 1 1.17809725e+00 3.32942557e-02
434 1 1.17809725e+00 3.38986880e-02
435 1 1.17809725e+00 3.38412019e-02
436 1 1.17809725e+00 3.40215701e-02
437 1 1.17809725e+00 3.38516228e-02
438 1 1.17809725e+00 3.39505668e-02
439 1 1.17809725e+00 3.40371384e-02
440 1 1.17809725e+00 3.36494030e-02
441 1 1.17809725e+00 3.41507231e-02
442 1 1.17809725e+00 3.35076529e-02
443 1 1.17809725e+00 3.36827745e-02
444 1 1.17809725e+00 3.40536855e-02
445 1 1.17809725e+00 3.41861195e-02
446 1 1.17809725e+00 3.40768656e-02
447 1 1.17809725e+00 3.38330321e-02
448 1 1.17809725e+00 3.41161059e-02
449 1 1.17809725e+00 3.47093523e-02
450 1 1.17809725e+00 3.43045994e-02
451 1 1.17809725e+00 3.40483053e-02
452 1 1.17809725e+00 3.39307407e-02
453 1 1.17809725e+00 3.41664091e-02
454 1 1.17809725e+00 3.40585319e-02
455 1 1.17809725e+00 3.39810425e-02
456 1 1.17809725e+00 3.42478083e-02
457 1 1.17809725e+00 3.42624983e-02
458 1 1.17809725e+00 3.42198859e-02
459 1 1.17809725e+00 3.39214696e-02
460 1 1.17809725e+00 3.40561166e-02
461 1 1.17809725e+00 3.41218384e-02
462 1 1.17809725e+00 3.38713248e-02
463 1 1.17809725e+00 3.44425892e-02
464 1 1.17809725e+00 3.40216447e-02
465 1 1.17809725e+00 3.43538049e-02
466 1 1.17809725e+00 3.41301821e-02
467 1 1.17809725e+00 3.37322041e-02
468 1 1.17809725e+00 3.37438553e-02
469 1 1.17809725e+00 3.37572518e-02
470 1 1.17809725e+00 3.38946367e-02
471 1 1.17809725e+00 3.33559706e-02
472 1 1.17809725e+00 3.40647413e-02
473 1 1.17809725e+00 3.41669603e-02
474 1 1.17809725e+00 3.38915459e-02
475 1 1.17809725e+00 3.44429156e-02
476 1 1.17809725e+00 3.41324895e-02
477 1 1.17809725e+00 3.44469853e-02
478 1 1.17809725e+00 3.44525020e-02
479 1 1.17809725e+00 3.43831683e-02
480 1 1.17809725e+00 3.41949728e-02
481 1 1.17809725e+00 3.36293063e-02
482 1 1.17809725e+00 3.38700779e-02
483 1 1.17809725e+00 3.43984380e-02
484 1 1.17809725e+00 3.35475309e-02
485 1 1.17809725e+00 3.36715678e-02
486 1 1.17809725e+00 3.39097778e-02
487 1 1.17809725e+00 3.38079873e-02
488 1 1.17809725e+00 3.38154420e-02
489 1 1.17809725e+00 3.39714440e-02
490 1 1.17809725e+00 3.44377251e-02
491 1 1.17809725e+00 3.35464637e-02
492 1 1.17809725e+00 3.41339661e-02
493 1 1.17809725e+00 3.40508453e-02
494 1 1.17809725e+00 3.36455720e-02
495 1 1.17809725e+00 3.36717399e-02
496 1 1.17809725e+00 3.37857598e-02
497 1 1.17809725e+00 3.36822827e-02
498 1 1.17809725e+00 3.39836403e-02
499 1 1.17809725e+00 3.45192020e-02
500 1 1.17809725e+00 3.35118868e-02
501 1 1.17809725e+00 3.40565795e-02
502 1 1.17809725e+00 3.41271523e-02
503 1 1.17809725e+00 3.45931680e-02
504 1 1.17809725e+00 3.40884099e-02
505 1 1.17809725e+00 3.39818806e-02
506 1 1.17809725e+00 3.43446112e-02
507 1 1.17809725e+00 3.37773122e-02
508 1 1.17809725e+00 3.39515620e-02
509 1 1.17809725e+00 3.32102827e-02
510 1 1.17809725e+00 3.38978143e-02
511 1 1.17809725e+00 3.43341792e-02
512 1 1.17809725e+00 3.43608422e-02
513 1 1.17809725e+00 3.39568037e-02
514 1 1.17809725e+00 3.40328996e-02
515 1 1.17809725e+00 3.43451096e-02
516 1 1.17809725e+00 3.37151589e-02
517 1 1.17809725e+00 3.39772853e-02
518 1 1.17809725e+00 3.44036920e-02
519 1 1.17809725e+00 3.47926315e-02
520 1 1.17809725e+00 3.42051051e-02
521 1 1.17809725e+00 3.34529661e-02
522 1 1.17809725e+00 3.37246219e-02
523 1 1.17809725e+00 3.38269653e-02
524 1 1.17809725e+00 3.38806846e-02
525 1 1.17809725e+00 3.42660036e-02
526 1 1.17809725e+00 3.42784855e-02
527 1 1.17809725e+00 3.41218912e-02
528 1 1.17809725e+00 3.41079268e-02
529 1 1.17809725e+00 3.45417094e-02
530 1 1.17809725e+00 3.41698643e-02
531 1 1.17809725e+00 3.35442520e-02
532 1 1.17809725e+00 3.32525980e-02
533 1 1.17809725e+00 3.39349759e-02
534 1 1.17809725e+00 3.38534641e-02
535 1 1.17809725e+00 3.36194443e-02
536 1 1.17809725e+00 3.39274512e-02
537 1 1.17809725e+00 3.40121590e-02
538 1 1.17809725e+00 3.38511726e-02
539 1 1.17809725e+00 3.38171775e-02
540 1 1.17809725e+00 3.37744489e-02
541 1 1.17809725e+00 3.43444107e-02
542 1 1.17809725e+00 3.44030530e-02
543 1 1.17809725e+00 3.40599167e-02
544 1 1.17809725e+00 3.35673284e-02
545 1 1.17809725e+00 3.37922954e-02
546 1 1.17809725e+00 3.40377494e-02
547 1 1.17809725e+00 3.36942587e-02
548 1 1.17809725e+00 3.33104742e-02
549 1 1.17809725e+00 3.40822569e-02
550 1 1.17809725e+00 3.44319642e-02
551 1 1.17809725e+00 3.47069434e-02
552 1 1.17809725e+00 3.38085396e-02
553 1 1.17809725e+00 3.45847239e-02
554 1 1.17809725e+00 3.39130802e-02
555 1 1.17809725e+00 3.31199471e-02
556 1 1.17809725e+00 3.38550654e-02
557 1 1.17809725e+00 3.41843588e-02
558 1 1.17809725e+00 3.41507571e-02
559 1 1.17809725e+00 3.41419226e-02
560 1 1.17809725e+00 3.39239856e-02
561 1 1.17809725e+00 3.39005884e-02
562 1 1.17809725e+00 3.37792726e-02
563 1 1.17809725e+00 3.36449980e-02
564 1 1.17809725e+00 3.38899477e-02
565 1 1.17809725e+00 3.41330680e-02
566 1 1.17809725e+00 3.45125748e-02
567 1 1.17809725e+00 3.44252877e-02
568 1 1.17809725e+00 3.45588697e-02
569 1 1.17809725e+00 3.44258233e-02
570 1 1.17809725e+00 3.41733964e-02
571 1 1.17809725e+00 3.42587490e-02
572 1 1.17809725e+00 3.40701357e-02
573 1 1.17809725e+00 3.39045214e-02
574 1 1.17809725e+00 3.39454584e-02
575 1 1.17809725e+00 3.40280457e-02
576 1 1.17809725e+00 3.40436258e-02
577 1 1.17809725e+00 3.35845881e-02
578 1 1.17809725e+00 3.43426141e-02
579 1 1.17809725e+00 3.45521995e-02
580 1 1.17809725e+00 3.40938808e-02
581 1 1.17809725e+00 3.43575671e-02
582 1 1.17809725e+00 3.43073291e-02
583 1 1.17809725e+00 3.41464332e-02
584 1 1.17809725e+00 3.36852959e-02
585 1 1.17809725e+00 3.41762594e-02
586 1 1.17809725e+00 3.39609259e-02
587 1 1.17809725e+00 3.35232643e-02
588 1 1.17809725e+00 3.39822710e-02
589 1 1.17809725e+00 3.38405962e-02
590 1 1.17809725e+00 3.38354425e-02
591 1 1.17809725e+00 3.46393116e-02
592 1 1.17809725e+00 3.42291330e-02
593 1 1.17809725e+00 3.41537660e-02
594 1 1.17809725e+00 3.40226839e-02
595 1 1.17809725e+00 3.32572833e-02
596 1 1.17809725e+00 3.38867215e-02
597 1 1.17809725e+00 3.38293230e-02
598 1 1.17809725e+00 3.38370925e-02
599 1 1.17809725e+00 3.43842650e-02
600 1 1.17809725e+00 3.40774994e-02
601 1 1.17809725e+00 3.38899899e-02
602 1 1.17809725e+00 3.42212825e-02
603 1 1.17809725e+00 3.35248710e-02
604 1 1.17809725e+00 3.39375221e-02
605 1 1.17809725e+00 3.35725269e-02
606 1 1.17809725e+00 3.44638128e-02
607 1 1.17809725e+00 3.39500156e-02
608 1 1.17809725e+00 3.46255377e-02
609 1 1.17809725e+00 3.42371888e-02
610 1 1.17809725e+00 3.41220710e-02
611 1 1.17809725e+00 3.39276502e-02
612 1 1.17809725e+00 3.42574776e-02
613 1 1.17809725e+00 3.38958684e-02
614 1 1.17809725e+00 3.42668108e-02
615 1 1.17809725e+00 3.37653037e-02
616 1 1.17809725e+00 3.44110315e-02
617 1 1.17809725e+00 3.38395309e-02
618 1 1.17809725e+00 3.38638389e-02
619 1 1.17809725e+00 3.41384386e-02
620 1 1.17809725e+00 3.43205218e-02
621 1 1.17809725e+00 3.45249573e-02
622 1 1.17809725e+00 3.43619056e-02
623 1 1.17809725e+00 3.43197342e-02
624 1 1.17809725e+00 3.39617220e-02
625 1 1.17809725e+00 3.39146695e-02
626 1 1.17809725e+00 3.37099662e-02
627 1 1.17809725e+00 3.36338519e-02
628 1 1.17809725e+00 3.43509018e-02
629 1 1.17809725e+00 3.36062562e-02
630 1 1.17809725e+00 3.40927539e-02
631 1 1.17809725e+00 3.40075102e-02
632 1 1.17809725e+00 3.35035098e-02
633 1 1.17809725e+00 3.37537574e-02
634 1 1.17809725e+00 3.38751052e-02
635 1 1.17809725e+00 3.41100055e-02
636 1 1.17809725e+00 3.39846078e-02
637 1 1.17809725e+00 3.42061607e-02
638 1 1.17809725e+00 3.35964400e-02
639 1 1.17809725e+00 3.30183926e-02
640 1 1.17809725e+00 3.45152060e-02
641 1 1.17809725e+00 3.46158979e-02
642 1 1.17809725e+00 3.38990301e-02
643 1 1.17809725e+00 3.34554548e-02
644 1 1.17809725e+00 3.36860727e-02
645 1 1.17809725e+00 3.35946044e-02
646 1 1.17809725e+00 3.38125138e-02
647 1 1.17809725e+00 3.38255307e-02
648 1 1.17809725e+00 3.36560465e-02
649 1 1.17809725e+00 3.46132908e-02
650 1 1.17809725e+00 3.39204592e-02
651 1 1.17809725e+00 3.38233512e-02
652 1 1.17809725e+00 3.40945479e-02
653 1 1.17809725e+00 3.42984317e-02
654 1 1.17809725e+00 3.37866578e-02
655 1 1.17809725e+00 3.45768926e-02
656 1 1.17809725e+00 3.40657227e-02
657 1 1.17809725e+00 3.35635409e-02
658 1 1.17809725e+00 3.43587185e-02
659 1 1.17809725e+00 3.42176316e-02
660 1 1.17809725e+00 3.40583108e-02
661 1 1.17809725e+00 3.42963379e-02
662 1 1.17809725e+00 3.45231919e-02
663 1 1.17809725e+00 3.40277543e-02
664 1 1.17809725e+00 3.42190126e-02
665 1 1.17809725e+00 3.37123170e-02
666 1 1.17809725e+00 3.45637516e-02
667 1 1.17809725e+00 3.43331453e-02
668 1 1.17809725e+00 3.43100068e-02
669 1 1.17809725e+00 3.37522881e-02
670 1 1.17809725e+00 3.39051681e-02
671 1 1.17809725e+00 3.35295491e-02
672 1 1.17809725e+00 3.41986719e-02
673 1 1.17809725e+00 3.44154681e-02
674 1 1.17809725e+00 3.38916580e-02
675 1 1.17809725e+00 3.34225306e-02
676 1 1.17809725e+00 3.38455164e-02
677 1 1.17809725e+00 3.42180187e-02
678 1 1.17809725e+00 3.38911685e-02
679 1 1.17809725e+00 3.39663714e-02
680 1 1.17809725e+00 3.41663449e-02
681 1 1.17809725e+00 3.38595916e-02
682 1 1.17809725e+00 3.37764701e-02
683 1 1.17809725e+00 3.41928317e-02
684 1 1.17809725e+00 3.37978618e-02
685 1 1.17809725e+00 3.39862049e-02
686 1 1.17809725e+00 3.38740781e-02
687 1 1.17809725e+00 3.36495407e-02
688 1 1.17809725e+00 3.39098959e-02
689 1 1.17809725e+00 3.41797535e-02
690 1 1.17809725e+00 3.34102502e-02
691 1 1.17809725e+00 3.38781067e-02
692 1 1.17809725e+00 3.42099590e-02
693 1 1.17809725e+00 3.40287408e-02
694 1 1.17809725e+00 3.36214119e-02
695 1 1.17809725e+00 3.35054829e-02
696 1 1.17809725e+00 3.42599647e-02
697 1 1.17809725e+00 3.45162925e-02
698 1 1.17809725e+00 3.41116773e-02
699 1 1.17809725e+00 3.38715699e-02
700 1 1.17809725e+00 3.42184879e-02
701 1 1.17809725e+00 3.42576261e-02
702 1 1.17809725e+00 3.43180174e-02
703 1 1.17809725e+00 3.36052343e-02
704 1 1.17809725e+00 3.47370829e-02
705 1 1.17809725e+00 3.35499512e-02
706 1 1.17809725e+00 3.45462213e-02
707 1 1.17809725e+00 3.41778188e-02
708 1 1.17809725e+00 3.40561838e-02
709 1 1.17809725e+00 3.37311198e-02
710 1 1.17809725e+00 3.38992739e-02
711 1 1.17809725e+00 3.43943537e-02
712 1 1.17809725e+00 3.42448481e-02
713 1 1.17809725e+00 3.38583916e-02
714 1 1.17809725e+00 3.40216976e-02
715 1 1.17809725e+00 3.41112276e-02
716 1 1.17809725e+00 3.41831049e-02
717 1 1.17809725e+00 3.44473146e-02
718 1 1.17809725e+00 3.44362979e-02
719 1 1.17809725e+00 3.38799584e-02
720 1 1.17809725e+00 3.35654902e-02
721 1 1.17809725e+00 3.39080005e-02
722 1 1.17809725e+00 3.42133410e-02
723 1 1.17809725e+00 3.40275024e-02
724 1 1.17809725e+00 3.35909523e-02
725 1 1.17809725e+00 3.38534839e-02
726 1 1.17809725e+00 3.36930447e-02
727 1 1.17809725e+00 3.47035856e-02
728 1 1.17809725e+00 3.40486386e-02
729 1 1.17809725e+00 3.39850253e-02
730 1 1.17809725e+00 3.29633343e-02
731 1 1.17809725e+00 3.34580780e-02
732 1 1.17809725e+00 3.36515602e-02
733 1 1.17809725e+00 3.39334216e-02
734 1 1.17809725e+00 3.43114455e-02
735 1 1.17809725e+00 3.40325837e-02
736 1 1.17809725e+00 3.41642870e-02
737 1 1.17809725e+00 3.40029670e-02
738 1 1.17809725e+00 3.40982028e-02
739 1 1.17809725e+00 3.46406586e-02
740 1 1.17809725e+00 3.39027760e-02
741 1 1.17809725e+00 3.39060397e-02
742 1 1.17809725e+00 3.39820826e-02
743 1 1.17809725e+00 3.34276305e-02
744 1 1.17809725e+00 3.32996201e-02
745 1 1.17809725e+00 3.37096400e-02
746 1 1.17809725e+00 3.33717612e-02
747 1 1.17809725e+00 3.39949498e-02
748 1 1.17809725e+00 3.44512321e-02
749 1 1.17809725e+00 3.44656901e-02
750 1 1.17809725e+00 3.39483942e-02
751 1 1.17809725e+00 3.40797345e-02
752 1 1.17809725e+00 3.34618137e-02
753 1 1.17809725e+00 3.37250424e-02
754 1 1.17809725e+00 3.39365370e-02
755 1 1.17809725e+00 3.37869708e-02
756 1 1.17809725e+00 3.41722913e-02
757 1 1.17809725e+00 3.40465707e-02
758 1 1.17809725e+00 3.41372374e-02
759 1 1.17809725e+00 3.40772444e-02
760 1 1.17809725e+00 3.39517482e-02
761 1 1.17809725e+00 3.42410632e-02
762 1 1.17809725e+00 3.31518906e-02
763 1 1.17809725e+00 3.38959136e-02
764 1 1.17809725e+00 3.39812333e-02
765 1 1.17809725e+00 3.35245725e-02
766 1 1.17809725e+00 3.42797268e-02
767 1 1.17809725e+00 3.45039802e-02
768 1 1.17809725e+00 3.43896808e-02
769 1 1.17809725e+00 3.39810668e-02
770 1 1.17809725e+00 3.40114038e-02
771 1 1.17809725e+00 3.39649562e-02
772 1 1.17809725e+00 3.40624186e-02
773 1 1.17809725e+00 3.42062587e-02
774 1 1.17809725e+00 3.43858534e-02
775 1 1.17809725e+00 3.40637699e-02
776 1 1.17809725e+00 3.39979002e-02
777 1 1.17809725e+00 3.37541656e-02
778 1 1.17809725e+00 3.38563487e-02
779 1 1.17809725e+00 3.38708742e-02
780 1 1.17809725e+00 3.37309714e-02
781 1 1.17809725e+00 3.38733949e-02
782 1 1.17809725e+00 3.38103101e-02
783 1 1.17809725e+00 3.43060404e-02
784 1 1.17809725e+00 3.41279791e-02
785 1 1.17809725e+00 3.39858372e-02
786 1 1.17809725e+00 3.37017901e-02
787 1 1.17809725e+00 3.45297970e-02
788 1 1.17809725e+00 3.37611409e-02
789 1 1.17809725e+00 3.34392076e-02
790 1 1.17809725e+00 3.36150602e-02
791 1 1.17809725e+00 3.36374988e-02
792 1 1.17809725e+00 3.41002616e-02
793 1 1.17809725e+00 3.34281342e-02
794 1 1.17809725e+00 3.39184532e-02
795 1 1.17809725e+00 3.44120471e-02
796 1 1.17809725e+00 3.44973427e-02
797 1 1.17809725e+00 3.40294267e-02
798 1 1.17809725e+00 3.41761245e-02
799 1 1.17809725e+00 3.38816807e-02
800 1 1.17809725e+00 3.34047832e-02
801 1 1.17809725e+00 3.43596930e-02
802 1 1.17809725e+00 3.37361885e-02
803 1 1.17809725e+00 3.44637586e-02
804 1 1.17809725e+00 3.40249903e-02
805 1 1.17809725e+00 3.47182388e-02
806 1 1.17809725e+00 3.41636023e-02
807 1 1.17809725e+00 3.39689997e-02
808 1 1.17809725e+00 3.39709828e-02
809 1 1.17809725e+00 3.38780773e-02
810 1 1.17809725e+00 3.37422218e-02
811 1 1.17809725e+00 3.39132627e-02
812 1 1.17809725e+00 3.36461590e-02
813 1 1.17809725e+00 3.39824916e-02
814 1 1.17809725e+00 3.41073316e-02
815 1 1.17809725e+00 3.37537182e-02
816 1 1.17809725e+00 3.39685075e-02
817 1 1.17809725e+00 3.41186177e-02
818 1 1.17809725e+00 3.40141037e-02
819 1 1.17809725e+00 3.43297417e-02
820 1 1.17809725e+00 3.36013081e-02
821 1 1.17809725e+00 3.38291298e-02
822 1 1.17809725e+00 3.42627815e-02
823 1 1.17809725e+00 3.41330896e-02
824 1 1.17809725e+00 3.37385255e-02
825 1 1.17809725e+00 3.38211580e-02
826 1 1.17809725e+00 3.40130975e-02
827 1 1.17809725e+00 3.43081774e-02
828 1 1.17809725e+00 3.41620895e-02
829 1 1.17809725e+00 3.40224989e-02
830 1 1.17809725e+00 3.43138979e-02
831 1 1.17809725e+00 3.40157466e-02
832 1 1.17809725e+00 3.37487220e-02
833 1 1.17809725e+00 3.44524189e-02
834 1 1.17809725e+00 3.32146041e-02
835 1 1.17809725e+00 3.40859263e-02
836 1 1.17809725e+00 3.34646833e-02
837 1 1.17809725e+00 3.40636128e-02
838 1 1.17809725e+00 3.37715792e-02
839 1 1.17809725e+00 3.34434886e-02
840 1 1.17809725e+00 3.44292589e-02
841 1 1.17809725e+00 3.34869574e-02
842 1 1.17809725e+00 3.36994291e-02
843 1 1.17809725e+00 3.37156628e-02
844 1 1.17809725e+00 3.41526756e-02
845 1 1.17809725e+00 3.40429398e-02
846 1 1.17809725e+00 3.35146854e-02
847 1 1.17809725e+00 3.37430956e-02
848 1 1.17809725e+00 3.39630361e-02
849 1 1.17809725e+00 3.42071477e-02
850 1 1.17809725e+00 3.41648283e-02
851 1 1.17809725e+00 3.36336832e-02
852 1 1.17809725e+00 3.39003404e-02
853 1 1.17809725e+00 3.38778861e-02
854 1 1.17809725e+00 3.37903004e-02
855 1 1.17809725e+00 3.36999029e-02
856 1 1.17809725e+00 3.40112049e-02
857 1 1.17809725e+00 3.38448210e-02
858 1 1.17809725e+00 3.34974209e-02
859 1 1.17809725e+00 3.39640790e-02
860 1 1.17809725e+00 3.35601398e-02
861 1 1.17809725e+00 3.42014497e-02
862 1 1.17809725e+00 3.41046642e-02
863 1 1.17809725e+00 3.43526944e-02
864 1 1.17809725e+00 3.38373974e-02
865 1 1.17809725e+00 3.39068865e-02
866 1 1.17809725e+00 3.46108327e-02
867 1 1.17809725e+00 3.40998317e-02
868 1 1.17809725e+00 3.39417488e-02
869 1 1.17809725e+00 3.42704403e-02
870 1 1.17809725e+00 3.40594732e-02
871 1 1.17809725e+00 3.35236541e-02
872 1 1.17809725e+00 3.41164059e-02
873 1 1.17809725e+00 3.38024921e-02
874 1 1.17809725e+00 3.44418778e-02
875 1 1.17809725e+00 3.38702845e-02
876 1 1.17809725e+00 3.37948362e-02
877 1 1.17809725e+00 3.41927232e-02
878 1 1.17809725e+00 3.37276126e-02
879 1 1.17809725e+00 3.37827581e-02
880 1 1.17809725e+00 3.38243340e-02
881 1 1.17809725e+00 3.44265075e-02
882 1 1.17809725e+00 3.38288629e-02
883 1 1.17809725e+00 3.42430846e-02
884 1 1.17809725e+00 3.42383328e-02
885 1 1.17809725e+00 3.40365102e-02
886 1 1.17809725e+00 3.37285477e-02
887 1 1.17809725e+00 3.34244245e-02
888 1 1.17809725e+00 3.44753280e-02
889 1 1.17809725e+00 3.43242103e-02
890 1 1.17809725e+00 3.40615927e-02
891 1 1.17809725e+00 3.38093693e-02
892 1 1.17809725e+00 3.42195476e-02
893 1 1.17809725e+00 3.34562816e-02
894 1 1.17809725e+00 3.38611742e-02
895 1 1.17809725e+00 3.33437391e-02
896 1 1.17809725e+00 3.37041901e-02
897 1 1.17809725e+00 3.42614736e-02
898 1 1.17809725e+00 3.43696657e-02
899 1 1.17809725e+00 3.38036793e-02
0 2 2.35619449e+00 6.13000648e-02
1 2 2.35619449e+00 6.05478783e-02
2 2 2.35619449e+00 6.13345178e-02
3 2 2.35619449e+00 6.07715621e-02
4 2 2.35619449e+00 6.14378724e-02
5 2 2.35619449e+00 6.09272065e-02
6 2 2.35619449e+00 6.00986317e-02
7 2 2.35619449e+00 6.14289861e-02
8 2 2.35619449e+00 6.09513167e-02
9 2 2.35619449e+00 6.19158824e-02
10 2 2.35619449e+00 6.16771803e-02
11 2 2.35619449e+00 6.20226559e-02
12 2 2.35619449e+00 6.13580631e-02
13 2 2.35619449e+00 6.16382877e-02
14 2 2.35619449e+00 6.12317576e-02
15 2 2.35619449e+00 6.04262092e-02
16 2 2.35619449e+00 5.96119018e-02
17 2 2.35619449e+00 6.18669061e-02
18 2 2.35619449e+00 6.14247465e-02
19 2 2.35619449e+00 6.09395107e-02
20 2 2.35619449e+00 6.11172395e-02
21 2 2.35619449e+00 6.20922270e-02
22 2 2.35619449e+00 6.09984249e-02
23 2 2.35619449e+00 6.24550580e-02
24 2 2.35619449e+00 6.03564633e-02
25 2 2.35619449e+00 6.11962898e-02
26 2 2.35619449e+00 6.11089576e-02
27 2 2.35619449e+00 6.07478642e-02
28 2 2.35619449e+00 6.16935468e-02
29 2 2.35619449e+00 6.22247479e-02
30 2 2.35619449e+00 6.01016987e-02
31 2 2.35619449e+00 6.09691755e-02
32 2 2.35619449e+00 6.02146124e-02
33 2 2.35619449e+00 6.06768446e-02
34 2 2.35619449e+00 6.14245427e-02
35 2 2.35619449e+00 6.16215843e-02
36 2 2.35619449e+00 6.06515725e-02
37 2 2.35619449e+00 6.07833549e-02
38 2 2.35619449e+00 6.01092210e-02
39 2 2.35619449e+00 6.06287699e-02
40 2 2.35619449e+00 6.01086306e-02
41 2 2.35619449e+00 6.09691196e-02
42 2 2.35619449e+00 6.23178208e-02
43 2 2.35619449e+00 6.19753258e-02
44 2 2.35619449e+00 6.06940423e-02
45 2 2.35619449e+00 6.07120256e-02
46 2 2.35619449e+00 6.12201624e-02
47 2 2.35619449e+00 6.11951066e-02
48 2 2.35619449e+00 6.11438831e-02
49 2 2.35619449e+00 6.14833220e-02
50 2 2.35619449e+00 6.25475260e-02
51 2 2.35619449e+00 6.11990623e-02
52 2 2.35619449e+00 6.11410073e-02
53 2 2.35619449e+00 6.10059335e-02
54 2 2.35619449e+00 6.10368197e-02
55 2 2.35619449e+00 6.10954990e-02
56 2 2.35619449e+00 6.24183273e-02
57 2 2.35619449e+00 6.10034225e-02
58 2 2.35619449e+00 6.15247224e-02
59 2 2.35619449e+00 6.12918174e-02
60 2 2.35619449e+00 6.03783700e-02
61 2 2.35619449e+00 6.08761273e-02
62 2 2.35619449e+00 6.18166556e-02
63 2 2.35619449e+00 6.16726052e-02
64 2 2.35619449e+00 6.19101899e-02
65 2 2.35619449e+00 6.13377045e-02
66 2 2.35619449e+00 6.23259648e-02
67 2 2.35619449e+00 6.14783026e-02
68 2 2.35619449e+00 6.11268559e-02
69 2 2.35619449e+00 6.15250319e-02
70 2 2.35619449e+00 6.19336405e-02
71 2 2.35619449e+00 6.04051746e-02
72 2 2.35619449e+00 5.97753436e-02
73 2 2.35619449e+00 6.18795868e-02
74 2 2.35619449e+00 6.14323059e-02
75 2 2.35619449e+00 6.16718037e-02
76 2 2.35619449e+00 6.17261286e-02
77 2 2.35619449e+00 6.09556017e-02
78 2 2.35619449e+00 6.12721682e-02
79 2 2.35619449e+00 6.05463988e-02
80 2 2.35619449e+00 6.15867488e-02
81 2 2.35619449e+00 6.09172689e-02
82 2 2.35619449e+00 6.07347882e-02
83 2 2.35619449e+00 6.08400371e-02
84 2 2.35619449e+00 6.05052256e-02
85 2 2.35619449e+00 6.28916889e-02
86 2 2.35619449e+00 6.13601489e-02
87 2 2.35619449e+00 6.06457238e-02
88 2 2.35619449e+00 6.09400406e-02
89 2 2.35619449e+00 6.09891823e-02
90 2 2.35619449e+00 6.16253748e-02
91 2 2.35619449e+00 6.13508674e-02
92 2 2.35619449e+00 6.11776380e-02
93 2 2.35619449e+00 6.14233436e-02
94 2 2.35619449e+00 6.20758151e-02
95 2 2.35619449e+00 6.18342493e-02
96 2 2.35619449e+00 6.15839538e-02
97 2 2.35619449e+00 6.15024911e-02
98 2 2.35619449e+00 6.20485666e-02
99 2 2.35619449e+00 6.14005071e-02
100 2 2.35619449e+00 6.09875295e-02
101 2 2.35619449e+00 6.18481295e-02
102 2 2.35619449e+00 6.12557275e-02
103 2 2.35619449e+00 6.09203362e-02
104 2 2.35619449e+00 6.17196313e-02
105 2 2.35619449e+00 6.17639026e-02
106 2 2.35619449e+00 5.98285748e-02
107 2 2.35619449e+00 6.17534085e-02
108 2 2.35619449e+00 6.15518486e-02
109 2 2.35619449e+00 6.14818565e-02
110 2 2.35619449e+00 6.17221315e-02
111 2 2.35619449e+00 6.06778547e-02
112 2 2.35619449e+00 6.01292758e-02
113 2 2.35619449e+00 6.12056470e-02
114 2 2.35619449e+00 6.12477639e-02
115 2 2.35619449e+00 6.06334861e-02
116 2 2.35619449e+00 6.13520949e-02
117 2 2.35619449e+00 6.13552939e-02
118 2 2.35619449e+00 6.14274509e-02
119 2 2.35619449e+00 6.07540150e-02
120 2 2.35619449e+00 5.95150900e-02
121 2 2.35619449e+00 6.09155463e-02
122 2 2.35619449e+00 5.98521738e-02
123 2 2.35619449e+00 6.22289619e-02
124 2 2.35619449e+00 6.07995759e-02
125 2 2.35619449e+00 6.04360675e-02
126 2 2.35619449e+00 6.20565736e-02
127 2 2.35619449e+00 6.10623324e-02
128 2 2.35619449e+00 6.15203397e-02
129 2 2.35619449e+00 6.00019428e-02
130 2 2.35619449e+00 6.07758823e-02
131 2 2.35619449e+00 6.11776000e-02
132 2 2.35619449e+00 6.06234871e-02
133 2 2.35619449e+00 6.08769684e-02
134 2 2.35619449e+00 6.18027691e-02
135 2 2.35619449e+00 6.11652049e-02
136 2 2.35619449e+00 6.00898665e-02
137 2 2.35619449e+00 6.04564591e-02
138 2 2.35619449e+00 6.10708811e-02
139 2 2.35619449e+00 5.99638474e-02
140 2 2.35619449e+00 6.12793516e-02
141 2 2.35619449e+00 6.12187974e-02
142 2 2.35619449e+00 6.11092739e-02
143 2 2.35619449e+00 6.06785202e-02
144 2 2.35619449e+00 6.09435586e-02
145 2 2.35619449e+00 6.15938764e-02
146 2 2.35619449e+00 6.11184231e-02
147 2 2.35619449e+00 6.08258834e-02
148 2 2.35619449e+00 6.12101793e-02
149 2 2.35619449e+00 6.24348513e-02
150 2 2.35619449e+00 6.03046929e-02
151 2 2.35619449e+00 6.13136631e-02
152 2 2.35619449e+00 6.04438911e-02
153 2 2.35619449e+00 6.11869023e-02
154 2 2.35619449e+00 6.13343146e-02
155 2 2.35619449e+00 6.19311502e-02
156 2 2.35619449e+00 6.22236927e-02
157 2 2.35619449e+00 6.09896002e-02
158 2 2.35619449e+00 6.26013284e-02
159 2 2.35619449e+00 6.13646064e-02
160 2 2.35619449e+00 6.04996539e-02
161 2 2.35619449e+00 6.02041623e-02
162 2 2.35619449e+00 6.10326052e-02
163 2 2.35619449e+00 6.21332094e-02
164 2 2.35619449e+00 6.04895030e-02
165 2 2.35619449e+00 6.06463100e-02
166 2 2.35619449e+00 6.23808504e-02
167 2 2.35619449e+00 6.17854536e-02
168 2 2.35619449e+00 6.15610239e-02
169 2 2.35619449e+00 6.11361865e-02
170 2 2.35619449e+00 6.13947286e-02
171 2 2.35619449e+00 6.12798473e-02
172 2 2.35619449e+00 6.17595546e-02
173 2 2.35619449e+00 6.16168470e-02
174 2 2.35619449e+00 6.22602614e-02
175 2 2.35619449e+00 6.29137989e-02
176 2 2.35619449e+00 6.21394228e-02
177 2 2.35619449e+00 6.10203712e-02
178 2 2.35619449e+00 6.02086231e-02
179 2 2.35619449e+00 6.18240022e-02
180 2 2.35619449e+00 6.10345130e-02
181 2 2.35619449e+00 6.09766134e-02
182 2 2.35619449e+00 6.13859757e-02
183 2 2.35619449e+00 6.10702065e-02
184 2 2.35619449e+00 6.13616756e-02
185 2 2.35619449e+00 6.12059876e-02
186 2 2.35619449e+00 6.08304939e-02
187 2 2.35619449e+00 6.12211831e-02
188 2 2.35619449e+00 6.08921299e-02
189 2 2.35619449e+00 6.12252637e-02
190 2 2.35619449e+00 6.16128868e-02
191 2 2.35619449e+00 6.25091301e-02
192 2 2.35619449e+00 6.17115315e-02
193 2 2.35619449e+00 6.11991910e-02
194 2 2.35619449e+00 6.11501023e-02
195 2 2.35619449e+00 6.17101776e-02
196 2 2.35619449e+00 6.13881343e-02
197 2 2.35619449e+00 6.17405400e-02
198 2 2.35619449e+00 6.12138387e-02
199 2 2.35619449e+00 6.15183743e-02
200 2 2.35619449e+00 6.01887632e-02
201 2 2.35619449e+00 6.12927365e-02
202 2 2.35619449e+00 6.01613481e-02
203 2 2.35619449e+00 6.05456350e-02
204 2 2.35619449e+00 6.08378333e-02
205 2 2.35619449e+00 6.22143389e-02
206 2 2.35619449e+00 6.05755358e-02
207 2 2.35619449e+00 6.05081466e-02
208 2 2.35619449e+00 6.14587572e-02
209 2 2.35619449e+00 6.16284442e-02
210 2 2.35619449e+00 6.04308414e-02
211 2 2.35619449e+00 6.11733029e-02
212 2 2.35619449e+00 6.01294902e-02
213 2 2.35619449e+00 6.05603021e-02
214 2 2.35619449e+00 6.05595694e-02
215 2 2.35619449e+00 6.25563281e-02
216 2 2.35619449e+00 6.08981457e-02
217 2 2.35619449e+00 6.25715400e-02
218 2 2.35619449e+00 6.21544333e-02
219 2 2.35619449e+00 6.12944489e-02
220 2 2.35619449e+00 6.16289496e-02
221 2 2.35619449e+00 6.11965255e-02
222 2 2.35619449e+00 6.11049342e-02
223 2 2.35619449e+00 6.19115774e-02
224 2 2.35619449e+00 5.99147574e-02
225 2 2.35619449e+00 6.08521543e-02
226 2 2.35619449e+00 6.09188654e-02
227 2 2.35619449e+00 6.14281880e-02
228 2 2.35619449e+00 6.13048932e-02
229 2 2.35619449e+00 6.11255160e-02
230 2 2.35619449e+00 6.14244248e-02
231 2 2.35619449e+00 6.18352820e-02
232 2 2.35619449e+00 6.14331686e-02
233 2 2.35619449e+00 6.07315060e-02
234 2 2.35619449e+00 6.11082999e-02
235 2 2.35619449e+00 6.09734956e-02
236 2 2.35619449e+00 6.04459098e-02
237 2 2.35619449e+00 6.18704099e-02
238 2 2.35619449e+00 6.14716565e-02
239 2 2.35619449e+00 6.12614070e-02
240 2 2.35619449e+00 6.20315659e-02
241 2 2.35619449e+00 6.01318021e-02
242 2 2.35619449e+00 6.12117965e-02
243 2 2.35619449e+00 6.09155032e-02
244 2 2.35619449e+00 5.95708700e-02
245 2 2.35619449e+00 5.94404609e-02
246 2 2.35619449e+00 6.11590796e-02
247 2 2.35619449e+00 6.15643129e-02
248 2 2.35619449e+00 6.08589272e-02
249 2 2.35619449e+00 6.14485587e-02
250 2 2.35619449e+00 6.15436367e-02
251 2 2.35619449e+00 6.03508115e-02
252 2 2.35619449e+00 6.14793465e-02
253 2 2.35619449e+00 6.11999051e-02
254 2 2.35619449e+00 6.10400023e-02
255 2 2.35619449e+00 6.09129806e-02
256 2 2.35619449e+00 6.15243136e-02
257 2 2.35619449e+00 6.18387268e-02
258 2 2.35619449e+00 6.09322696e-02
259 2 2.35619449e+00 6.09789062e-02
260 2 2.35619449e+00 6.13231196e-02
261 2 2.35619449e+00 6.14466074e-02
262 2 2.35619449e+00 6.11117273e-02
263 2 2.35619449e+00 5.96468860e-02
264 2 2.35619449e+00 6.09116352e-02
265 2 2.35619449e+00 6.14335503e-02
266 2 2.35619449e+00 6.02619527e-02
267 2 2.35619449e+00 6.20282144e-02
268 2 2.35619449e+00 6.03613471e-02
269 2 2.35619449e+00 6.14506235e-02
270 2 2.35619449e+00 6.13658589e-02
271 2 2.35619449e+00 6.20136797e-02
272 2 2.35619449e+00 6.10352373e-02
273 2 2.35619449e+00 6.05299784e-02
274 2 2.35619449e+00 6.08044454e-02
275 2 2.35619449e+00 6.11239251e-02
276 2 2.35619449e+00 6.15135786e-02
277 2 2.35619449e+00 6.11202640e-02
278 2 2.35619449e+00 6.24322081e-02
279 2 2.35619449e+00 6.15769045e-02
280 2 2.35619449e+00 6.05299655e-02
281 2 2.35619449e+00 6.09662783e-02
282 2 2.35619449e+00 6.15773065e-02
283 2 2.35619449e+00 6.22714846e-02
284 2 2.35619449e+00 6.04271612e-02
285 2 2.35619449e+00 6.03519042e-02
286 2 2.35619449e+00 6.06077438e-02
287 2 2.35619449e+00 6.06156133e-02
288 2 2.35619449e+00 6.12809919e-02
289 2 2.35619449e+00 6.14271906e-02
290 2 2.35619449e+00 6.15500973e-02
291 2 2.35619449e+00 6.12667125e-02
292 2 2.35619449e+00 6.09428123e-02
293 2 2.35619449e+00 6.17893125e-02
294 2 2.35619449e+00 6.16774924e-02
295 2 2.35619449e+00 6.14519065e-02
296 2 2.35619449e+00 6.20867551e-02
297 2 2.35619449e+00 6.09776711e-02
298 2 2.35619449e+00 6.11757094e-02
299 2 2.35619449e+00 6.01443663e-02
300 2 2.35619449e+00 6.20792896e-02
301 2 2.35619449e+00 6.10565028e-02
302 2 2.35619449e+00 6.01458866e-02
303 2 2.35619449e+00 6.02771911e-02
304 2 2.35619449e+00 6.13333698e-02
305 2 2.35619449e+00 6.05462074e-02
306 2 2.35619449e+00 6.01149830e-02
307 2 2.35619449e+00 6.14684129e-02
308 2 2.35619449e+00 6.11300408e-02
309 2 2.35619449e+00 6.16394997e-02
310 2 2.35619449e+00 6.14717122e-02
311 2 2.35619449e+00 5.97506536e-02
312 2 2.35619449e+00 6.20448277e-02
313 2 2.35619449e+00 6.01487273e-02
314 2 2.35619449e+00 6.11351171e-02
315 2 2.35619449e+00 6.03422034e-02
316 2 2.35619449e+00 6.01025770e-02
317 2 2.35619449e+00 6.07870604e-02
318 2 2.35619449e+00 6.07301915e-02
319 2 2.35619449e+00 6.12476863e-02
320 2 2.35619449e+00 6.16373614e-02
321 2 2.35619449e+00 6.15872320e-02
322 2 2.35619449e+00 6.19230664e-02
323 2 2.35619449e+00 6.13354599e-02
324 2 2.35619449e+00 6.14539263e-02
325 2 2.35619449e+00 6.19662765e-02
326 2 2.35619449e+00 6.08111939e-02
327 2 2.35619449e+00 6.16219572e-02
328 2 2.35619449e+00 6.10368924e-02
329 2 2.35619449e+00 6.06195577e-02
330 2 2.35619449e+00 6.04285838e-02
331 2 2.35619449e+00 6.24467279e-02
332 2 2.35619449e+00 6.13286672e-02
333 2 2.35619449e+00 6.09866052e-02
334 2 2.35619449e+00 6.06344460e-02
335 2 2.35619449e+00 6.18753003e-02
336 2 2.35619449e+00 6.05884383e-02
337 2 2.35619449e+00 6.14442947e-02
338 2 2.35619449e+00 6.05059570e-02
339 2 2.35619449e+00 6.06684276e-02
340 2 2.35619449e+00 6.00780458e-02
341 2 2.35619449e+00 6.03270278e-02
342 2 2.35619449e+00 6.01911270e-02
343 2 2.35619449e+00 6.08604673e-02
344 2 2.35619449e+00 5.98069269e-02
345 2 2.35619449e+00 6.12763728e-02
346 2 2.35619449e+00 5.98646284e-02
347 2 2.35619449e+00 6.01673180e-02
348 2 2.35619449e+00 6.10682767e-02
349 2 2.35619449e+00 6.12785456e-02
350 2 2.35619449e+00 6.15580296e-02
351 2 2.35619449e+00 6.11983522e-02
352 2 2.35619449e+00 6.03715010e-02
353 2 2.35619449e+00 6.09182884e-02
354 2 2.35619449e+00 6.16006339e-02
355 2 2.35619449e+00 6.13253626e-02
356 2 2.35619449e+00 6.18377606e-02
357 2 2.35619449e+00 6.21357439e-02
358 2 2.35619449e+00 6.07162960e-02
359 2 2.35619449e+00 6.05666005e-02
360 2 2.35619449e+00 6.16050087e-02
361 2 2.35619449e+00 6.13472283e-02
362 2 2.35619449e+00 6.14033526e-02
363 2 2.35619449e+00 6.25464665e-02
364 2 2.35619449e+00 6.17741125e-02
365 2 2.35619449e+00 6.07590970e-02
366 2 2.35619449e+00 6.08669572e-02
367 2 2.35619449e+00 6.11967675e-02
368 2 2.35619449e+00 6.04387237e-02
369 2 2.35619449e+00 6.10800610e-02
370 2 2.35619449e+00 6.13543738e-02
371 2 2.35619449e+00 6.04814706e-02
372 2 2.35619449e+00 6.16080521e-02
373 2 2.35619449e+00 6.03779406e-02
374 2 2.35619449e+00 6.04817219e-02
375 2 2.35619449e+00 6.03821858e-02
376 2 2.35619449e+00 6.04701864e-02
377 2 2.35619449e+00 6.12426655e-02
378 2 2.35619449e+00 6.19446623e-02
379 2 2.35619449e+00 6.14120941e-02
380 2 2.35619449e+00 6.11695087e-02
381 2 2.35619449e+00 6.01549653e-02
382 2 2.35619449e+00 6.00422869e-02
383 2 2.35619449e+00 6.10190000e-02
384 2 2.35619449e+00 6.19807261e-02
385 2 2.35619449e+00 6.10728117e-02
386 2 2.35619449e+00 6.04442977e-02
387 2 2.35619449e+00 6.07314723e-02
388 2 2.35619449e+00 6.13703034e-02
389 2 2.35619449e+00 6.06793435e-02
390 2 2.35619449e+00 6.22530622e-02
391 2 2.35619449e+00 6.10133473e-02
392 2 2.35619449e+00 6.07600029e-02
393 2 2.35619449e+00 6.11145757e-02
394 2 2.35619449e+00 6.13856975e-02
395 2 2.35619449e+00 6.21383280e-02
396 2 2.35619449e+00 5.94917734e-02
397 2 2.35619449e+00 6.06812432e-02
398 2 2.35619449e+00 6.05895300e-02
399 2 2.35619449e+00 6.11957413e-02
400 2 2.35619449e+00 6.08476006e-02
401 2 2.35619449e+00 5.99881065e-02
402 2 2.35619449e+00 6.12999134e-02
403 2 2.35619449e+00 6.23992514e-02
404 2 2.35619449e+00 6.04277724e-02
405 2 2.35619449e+00 5.99473188e-02
406 2 2.35619449e+00 6.07825504e-02
407 2 2.35619449e+00 6.18101886e-02
408 2 2.35619449e+00 6.08160955e-02
409 2 2.35619449e+00 6.00812695e-02
410 2 2.35619449e+00 6.12775350e-02
411 2 2.35619449e+00 6.15476067e-02
412 2 2.35619449e+00 6.06250329e-02
413 2 2.35619449e+00 6.08181426e-02
414 2 2.35619449e+00 6.09849190e-02
415 2 2.35619449e+00 6.10868843e-02
416 2 2.35619449e+00 6.10653787e-02
417 2 2.35619449e+00 5.94470413e-02
418 2 2.35619449e+00 6.01963969e-02
419 2 2.35619449e+00 6.13198751e-02
420 2 2.35619449e+00 6.16796148e-02
421 2 2.35619449e+00 6.12538715e-02
422 2 2.35619449e+00 6.19656513e-02
423 2 2.35619449e+00 6.12751520e-02
424 2 2.35619449e+00 6.09856086e-02
425 2 2.35619449e+00 6.13316479e-02
426 2 2.35619449e+00 6.06783456e-02
427 2 2.35619449e+00 6.04421393e-02
428 2 2.35619449e+00 6.04863669e-02
429 2 2.35619449e+00 6.22158910e-02
430 2 2.35619449e+00 6.22593234e-02
431 2 2.35619449e+00 6.04118108e-02
432 2 2.35619449e+00 6.09526615e-02
433 2 2.35619449e+00 5.97507618e-02
434 2 2.35619449e+00 6.09214863e-02
435 2 2.35619449e+00 6.09190774e-02
436 2 2.35619449e+00 6.11715504e-02
437 2 2.35619449e+00 6.08875935e-02
438 2 2.35619449e+00 6.11605507e-02
439 2 2.35619449e+00 6.12959605e-02
440 2 2.35619449e+00 6.05869395e-02
441 2 2.35619449e+00 6.14421078e-02
442 2 2.35619449e+00 6.02132311e-02
443 2 2.35619449e+00 6.04486129e-02
444 2 2.35619449e+00 6.13026010e-02
445 2 2.35619449e+00 6.15332625e-02
446 2 2.35619449e+00 6.13485905e-02
447 2 2.35619449e+00 6.09026205e-02
448 2 2.35619449e+00 6.14425950e-02
449 2 2.35619449e+00 6.25550031e-02
450 2 2.35619449e+00 6.18005861e-02
451 2 2.35619449e+00 6.12731458e-02
452 2 2.35619449e+00 6.10237979e-02
453 2 2.35619449e+00 6.14896466e-02
454 2 2.35619449e+00 6.13241721e-02
455 2 2.35619449e+00 6.11780205e-02
456 2 2.35619449e+00 6.16916192e-02
457 2 2.35619449e+00 6.15949003e-02
458 2 2.35619449e+00 6.17011476e-02
459 2 2.35619449e+00 6.09269596e-02
460 2 2.35619449e+00 6.12484965e-02
461 2 2.35619449e+00 6.14798455e-02
462 2 2.35619449e+00 6.09562076e-02
463 2 2.35619449e+00 6.19919486e-02
464 2 2.35619449e+00 6.11540598e-02
465 2 2.35619449e+00 6.18936884e-02
466 2 2.35619449e+00 6.14154532e-02
467 2 2.35619449e+00 6.06214017e-02
468 2 2.35619449e+00 6.06793870e-02
469 2 2.35619449e+00 6.07299928e-02
470 2 2.35619449e+00 6.10138571e-02
471 2 2.35619449e+00 5.99844760e-02
472 2 2.35619449e+00 6.12937287e-02
473 2 2.35619449e+00 6.16429497e-02
474 2 2.35619449e+00 6.09974827e-02
475 2 2.35619449e+00 6.18860698e-02
476 2 2.35619449e+00 6.14261899e-02
477 2 2.35619449e+00 6.20767245e-02
478 2 2.35619449e+00 6.21353097e-02
479 2 2.35619449e+00 6.18447154e-02
480 2 2.35619449e+00 6.16087091e-02
481 2 2.35619449e+00 6.05991116e-02
482 2 2.35619449e+00 6.09363822e-02
483 2 2.35619449e+00 6.19260271e-02
484 2 2.35619449e+00 6.03097711e-02
485 2 2.35619449e+00 6.05885295e-02
486 2 2.35619449e+00 6.09892573e-02
487 2 2.35619449e+00 6.09220801e-02
488 2 2.35619449e+00 6.08125042e-02
489 2 2.35619449e+00 6.11661857e-02
490 2 2.35619449e+00 6.19949326e-02
491 2 2.35619449e+00 6.03572960e-02
492 2 2.35619449e+00 6.14550078e-02
493 2 2.35619449e+00 6.12254983e-02
494 2 2.35619449e+00 6.05041648e-02
495 2 2.35619449e+00 6.06116751e-02
496 2 2.35619449e+00 6.07203542e-02
497 2 2.35619449e+00 6.05529691e-02
498 2 2.35619449e+00 6.11020126e-02
499 2 2.35619449e+00 6.20914643e-02
500 2 2.35619449e+00 6.03103234e-02
501 2 2.35619449e+00 6.13822035e-02
502 2 2.35619449e+00 6.13670945e-02
503 2 2.35619449e+00 6.22650479e-02
504 2 2.35619449e+00 6.13834004e-02
505 2 2.35619449e+00 6.12606512e-02
506 2 2.35619449e+00 6.18451564e-02
507 2 2.35619449e+00 6.07212015e-02
508 2 2.35619449e+00 6.11745658e-02
509 2 2.35619449e+00 5.98198884e-02
510 2 2.35619449e+00 6.09827336e-02
511 2 2.35619449e+00 6.18633394e-02
512 2 2.35619449e+00 6.18486652e-02
513 2 2.35619449e+00 6.10520697e-02
514 2 2.35619449e+00 6.12528553e-02
515 2 2.35619449e+00 6.18712460e-02
516 2 2.35619449e+00 6.05626025e-02
517 2 2.35619449e+00 6.11903671e-02
518 2 2.35619449e+00 6.18930333e-02
519 2 2.35619449e+00 6.25890763e-02
520 2 2.35619449e+00 6.16167687e-02
521 2 2.35619449e+00 6.01902845e-02
522 2 2.35619449e+00 6.06691643e-02
523 2 2.35619449e+00 6.08808368e-02
524 2 2.35619449e+00 6.09473075e-02
525 2 2.35619449e+00 6.17404955e-02
526 2 2.35619449e+00 6.17123419e-02
527 2 2.35619449e+00 6.15526046e-02
528 2 2.35619449e+00 6.13693196e-02
529 2 2.35619449e+00 6.20720555e-02
530 2 2.35619449e+00 6.15752151e-02
531 2 2.35619449e+00 6.03716067e-02
532 2 2.35619449e+00 5.98741686e-02
533 2 2.35619449e+00 6.11210146e-02
534 2 2.35619449e+00 6.08811160e-02
535 2 2.35619449e+00 6.05081927e-02
536 2 2.35619449e+00 6.09801814e-02
537 2 2.35619449e+00 6.12451482e-02
538 2 2.35619449e+00 6.09086127e-02
539 2 2.35619449e+00 6.07735349e-02
540 2 2.35619449e+00 6.07432255e-02
541 2 2.35619449e+00 6.18082235e-02
542 2 2.35619449e+00 6.19859645e-02
543 2 2.35619449e+00 6.12308964e-02
544 2 2.35619449e+00 6.04562064e-02
545 2 2.35619449e+00 6.08395965e-02
546 2 2.35619449e+00 6.13075610e-02
547 2 2.35619449e+00 6.06158658e-02
548 2 2.35619449e+00 5.99181248e-02
549 2 2.35619449e+00 6.13839402e-02
550 2 2.35619449e+00 6.19578851e-02
551 2 2.35619449e+00 6.24562746e-02
552 2 2.35619449e+00 6.09185254e-02
553 2 2.35619449e+00 6.22023576e-02
554 2 2.35619449e+00 6.11189920e-02
555 2 2.35619449e+00 5.95925388e-02
556 2 2.35619449e+00 6.10020066e-02
557 2 2.35619449e+00 6.15294151e-02
558 2 2.35619449e+00 6.14900099e-02
559 2 2.35619449e+00 6.14041560e-02
560 2 2.35619449e+00 6.10173604e-02
561 2 2.35619449e+00 6.08463321e-02
562 2 2.35619449e+00 6.06695261e-02
563 2 2.35619449e+00 6.05265129e-02
564 2 2.35619449e+00 6.08943987e-02
565 2 2.35619449e+00 6.13988479e-02
566 2 2.35619449e+00 6.21298113e-02
567 2 2.35619449e+00 6.20380564e-02
568 2 2.35619449e+00 6.21189168e-02
569 2 2.35619449e+00 6.19594961e-02
570 2 2.35619449e+00 6.15663094e-02
571 2 2.35619449e+00 6.16797082e-02
572 2 2.35619449e+00 6.12922730e-02
573 2 2.35619449e+00 6.10099369e-02
574 2 2.35619449e+00 6.10935687e-02
575 2 2.35619449e+00 6.12521493e-02
576 2 2.35619449e+00 6.12036262e-02
577 2 2.35619449e+00 6.05177944e-02
578 2 2.35619449e+00 6.18651266e-02
579 2 2.35619449e+00 6.22376772e-02
580 2 2.35619449e+00 6.12856701e-02
581 2 2.35619449e+00 6.19428650e-02
582 2 2.35619449e+00 6.18613855e-02
583 2 2.35619449e+00 6.14241340e-02
584 2 2.35619449e+00 6.05894265e-02
585 2 2.35619449e+00 6.14397619e-02
586 2 2.35619449e+00 6.12221673e-02
587 2 2.35619449e+00 6.02778582e-02
588 2 2.35619449e+00 6.11210150e-02
589 2 2.35619449e+00 6.08820383e-02
590 2 2.35619449e+00 6.09178693e-02
591 2 2.35619449e+00 6.23699449e-02
592 2 2.35619449e+00 6.16222242e-02
593 2 2.35619449e+00 6.14887649e-02
594 2 2.35619449e+00 6.12822075e-02
595 2 2.35619449e+00 5.97711332e-02
596 2 2.35619449e+00 6.10194281e-02
597 2 2.35619449e+00 6.08386656e-02
598 2 2.35619449e+00 6.09416863e-02
599 2 2.35619449e+00 6.17607241e-02
600 2 2.35619449e+00 6.14430525e-02
601 2 2.35619449e+00 6.09134846e-02
602 2 2.35619449e+00 6.15803647e-02
603 2 2.35619449e+00 6.02668596e-02
604 2 2.35619449e+00 6.10664875e-02
605 2 2.35619449e+00 6.01870898e-02
606 2 2.35619449e+00 6.19898685e-02
607 2 2.35619449e+00 6.12038156e-02
608 2 2.35619449e+00 6.23068978e-02
609 2 2.35619449e+00 6.15139238e-02
610 2 2.35619449e+00 6.14192745e-02
611 2 2.35619449e+00 6.10314537e-02
612 2 2.35619449e+00 6.16171329e-02
613 2 2.35619449e+00 6.09412828e-02
614 2 2.35619449e+00 6.16549754e-02
615 2 2.35619449e+00 6.07704373e-02
616 2 2.35619449e+00 6.19644794e-02
617 2 2.35619449e+00 6.08800139e-02
618 2 2.35619449e+00 6.09537936e-02
619 2 2.35619449e+00 6.14985139e-02
620 2 2.35619449e+00 6.18126580e-02
621 2 2.35619449e+00 6.22000598e-02
622 2 2.35619449e+00 6.17475665e-02
623 2 2.35619449e+00 6.18619862e-02
624 2 2.35619449e+00 6.10419068e-02
625 2 2.35619449e+00 6.10177690e-02
626 2 2.35619449e+00 6.05773355e-02
627 2 2.35619449e+00 6.05049367e-02
628 2 2.35619449e+00 6.18849405e-02
629 2 2.35619449e+00 6.04557152e-02
630 2 2.35619449e+00 6.13235457e-02
631 2 2.35619449e+00 6.12100065e-02
632 2 2.35619449e+00 6.02652457e-02
633 2 2.35619449e+00 6.06917759e-02
634 2 2.35619449e+00 6.08433031e-02
635 2 2.35619449e+00 6.13204504e-02
636 2 2.35619449e+00 6.11151454e-02
637 2 2.35619449e+00 6.15846188e-02
638 2 2.35619449e+00 6.03534665e-02
639 2 2.35619449e+00 5.92710017e-02
640 2 2.35619449e+00 6.21937693e-02
641 2 2.35619449e+00 6.23791187e-02
642 2 2.35619449e+00 6.09736891e-02
643 2 2.35619449e+00 6.01741163e-02
644 2 2.35619449e+00 6.06051954e-02
645 2 2.35619449e+00 6.04140249e-02
646 2 2.35619449e+00 6.08748252e-02
647 2 2.35619449e+00 6.08572990e-02
648 2 2.35619449e+00 6.05686865e-02
649 2 2.35619449e+00 6.22475738e-02
650 2 2.35619449e+00 6.11013130e-02
651 2 2.35619449e+00 6.10443231e-02
652 2 2.35619449e+00 6.13670812e-02
653 2 2.35619449e+00 6.17211930e-02
654 2 2.35619449e+00 6.07746683e-02
655 2 2.35619449e+00 6.23475784e-02
656 2 2.35619449e+00 6.13071970e-02
657 2 2.35619449e+00 6.03488894e-02
658 2 2.35619449e+00 6.18507164e-02
659 2 2.35619449e+00 6.17095120e-02
660 2 2.35619449e+00 6.12738215e-02
661 2 2.35619449e+00 6.16816844e-02
662 2 2.35619449e+00 6.21716493e-02
663 2 2.35619449e+00 6.11945748e-02
664 2 2.35619449e+00 6.15817459e-02
665 2 2.35619449e+00 6.07030740e-02
666 2 2.35619449e+00 6.23552926e-02
667 2 2.35619449e+00 6.17504026e-02
668 2 2.35619449e+00 6.17652347e-02
669 2 2.35619449e+00 6.07341839e-02
670 2 2.35619449e+00 6.09311406e-02
671 2 2.35619449e+00 6.04002815e-02
672 2 2.35619449e+00 6.16242238e-02
673 2 2.35619449e+00 6.20409916e-02
674 2 2.35619449e+00 6.10278880e-02
675 2 2.35619449e+00 6.00009848e-02
676 2 2.35619449e+00 6.09555328e-02
677 2 2.35619449e+00 6.16477311e-02
678 2 2.35619449e+00 6.10498339e-02
679 2 2.35619449e+00 6.11431861e-02
680 2 2.35619449e+00 6.14655185e-02
681 2 2.35619449e+00 6.09603599e-02
682 2 2.35619449e+00 6.07214977e-02
683 2 2.35619449e+00 6.15116600e-02
684 2 2.35619449e+00 6.07844080e-02
685 2 2.35619449e+00 6.11794295e-02
686 2 2.35619449e+00 6.09117306e-02
687 2 2.35619449e+00 6.04254867e-02
688 2 2.35619449e+00 6.10738906e-02
689 2 2.35619449e+00 6.14875530e-02
690 2 2.35619449e+00 6.01141974e-02
691 2 2.35619449e+00 6.09350221e-02
692 2 2.35619449e+00 6.15942758e-02
693 2 2.35619449e+00 6.12580142e-02
694 2 2.35619449e+00 6.04189643e-02
695 2 2.35619449e+00 6.02214876e-02
696 2 2.35619449e+00 6.16153248e-02
697 2 2.35619449e+00 6.20855012e-02
698 2 2.35619449e+00 6.14196813e-02
699 2 2.35619449e+00 6.11029837e-02
700 2 2.35619449e+00 6.16097509e-02
701 2 2.35619449e+00 6.15773444e-02
702 2 2.35619449e+00 6.17700039e-02
703 2 2.35619449e+00 6.04179922e-02
704 2 2.35619449e+00 6.25587102e-02
705 2 2.35619449e+00 6.03505600e-02
706 2 2.35619449e+00 6.20686099e-02
707 2 2.35619449e+00 6.14784826e-02
708 2 2.35619449e+00 6.11922255e-02
709 2 2.35619449e+00 6.07208133e-02
710 2 2.35619449e+00 6.09261342e-02
711 2 2.35619449e+00 6.19115104e-02
712 2 2.35619449e+00 6.15783881e-02
713 2 2.35619449e+00 6.08678734e-02
714 2 2.35619449e+00 6.11272073e-02
715 2 2.35619449e+00 6.13493543e-02
716 2 2.35619449e+00 6.14693859e-02
717 2 2.35619449e+00 6.20891560e-02
718 2 2.35619449e+00 6.19656747e-02
719 2 2.35619449e+00 6.09964445e-02
720 2 2.35619449e+00 6.04707091e-02
721 2 2.35619449e+00 6.10100393e-02
722 2 2.35619449e+00 6.16712869e-02
723 2 2.35619449e+00 6.12697838e-02
724 2 2.35619449e+00 6.02741601e-02
725 2 2.35619449e+00 6.09217107e-02
726 2 2.35619449e+00 6.05364602e-02
727 2 2.35619449e+00 6.25820745e-02
728 2 2.35619449e+00 6.13080764e-02
729 2 2.35619449e+00 6.11153445e-02
730 2 2.35619449e+00 5.92672864e-02
731 2 2.35619449e+00 6.02029083e-02
732 2 2.35619449e+00 6.05489139e-02
733 2 2.35619449e+00 6.10394060e-02
734 2 2.35619449e+00 6.18140774e-02
735 2 2.35619449e+00 6.12479102e-02
736 2 2.35619449e+00 6.14793059e-02
737 2 2.35619449e+00 6.11732847e-02
738 2 2.35619449e+00 6.14017852e-02
739 2 2.35619449e+00 6.21843219e-02
740 2 2.35619449e+00 6.10229828e-02
741 2 2.35619449e+00 6.09629569e-02
742 2 2.35619449e+00 6.10697585e-02
743 2 2.35619449e+00 6.01550540e-02
744 2 2.35619449e+00 5.97946699e-02
745 2 2.35619449e+00 6.06968841e-02
746 2 2.35619449e+00 6.00126680e-02
747 2 2.35619449e+00 6.10829757e-02
748 2 2.35619449e+00 6.20488565e-02
749 2 2.35619449e+00 6.20161260e-02
750 2 2.35619449e+00 6.11207094e-02
751 2 2.35619449e+00 6.12872891e-02
752 2 2.35619449e+00 6.00880354e-02
753 2 2.35619449e+00 6.06561618e-02
754 2 2.35619449e+00 6.11024601e-02
755 2 2.35619449e+00 6.07761754e-02
756 2 2.35619449e+00 6.14555318e-02
757 2 2.35619449e+00 6.12405006e-02
758 2 2.35619449e+00 6.14405052e-02
759 2 2.35619449e+00 6.12869412e-02
760 2 2.35619449e+00 6.11328721e-02
761 2 2.35619449e+00 6.16499066e-02
762 2 2.35619449e+00 5.95822731e-02
763 2 2.35619449e+00 6.09779809e-02
764 2 2.35619449e+00 6.11251827e-02
765 2 2.35619449e+00 6.02077845e-02
766 2 2.35619449e+00 6.16589899e-02
767 2 2.35619449e+00 6.21509833e-02
768 2 2.35619449e+00 6.19742900e-02
769 2 2.35619449e+00 6.11222936e-02
770 2 2.35619449e+00 6.13108449e-02
771 2 2.35619449e+00 6.11368301e-02
772 2 2.35619449e+00 6.12646931e-02
773 2 2.35619449e+00 6.16753286e-02
774 2 2.35619449e+00 6.18004383e-02
775 2 2.35619449e+00 6.12540208e-02
776 2 2.35619449e+00 6.11775044e-02
777 2 2.35619449e+00 6.07245450e-02
778 2 2.35619449e+00 6.08534215e-02
779 2 2.35619449e+00 6.08384383e-02
780 2 2.35619449e+00 6.07026713e-02
781 2 2.35619449e+00 6.10519891e-02
782 2 2.35619449e+00 6.08165154e-02
783 2 2.35619449e+00 6.17970160e-02
784 2 2.35619449e+00 6.14365700e-02
785 2 2.35619449e+00 6.11402130e-02
786 2 2.35619449e+00 6.05991905e-02
787 2 2.35619449e+00 6.21577931e-02
788 2 2.35619449e+00 6.08078539e-02
789 2 2.35619449e+00 6.01352118e-02
790 2 2.35619449e+00 6.05289843e-02
791 2 2.35619449e+00 6.04735987e-02
792 2 2.35619449e+00 6.11664844e-02
793 2 2.35619449e+00 6.01402679e-02
794 2 2.35619449e+00 6.10243985e-02
795 2 2.35619449e+00 6.20097314e-02
796 2 2.35619449e+00 6.21173654e-02
797 2 2.35619449e+00 6.12545370e-02
798 2 2.35619449e+00 6.15022681e-02
799 2 2.35619449e+00 6.09079691e-02
800 2 2.35619449e+00 6.00879489e-02
801 2 2.35619449e+00 6.18811502e-02
802 2 2.35619449e+00 6.06880846e-02
803 2 2.35619449e+00 6.21228385e-02
804 2 2.35619449e+00 6.13373989e-02
805 2 2.35619449e+00 6.25411021e-02
806 2 2.35619449e+00 6.15570398e-02
807 2 2.35619449e+00 6.10880283e-02
808 2 2.35619449e+00 6.11527595e-02
809 2 2.35619449e+00 6.09857115e-02
810 2 2.35619449e+00 6.07521922e-02
811 2 2.35619449e+00 6.09732879e-02
812 2 2.35619449e+00 6.05562953e-02
813 2 2.35619449e+00 6.11688266e-02
814 2 2.35619449e+00 6.14014789e-02
815 2 2.35619449e+00 6.07252223e-02
816 2 2.35619449e+00 6.10737262e-02
817 2 2.35619449e+00 6.13664679e-02
818 2 2.35619449e+00 6.12253960e-02
819 2 2.35619449e+00 6.18368541e-02
820 2 2.35619449e+00 6.05297182e-02
821 2 2.35619449e+00 6.09260435e-02
822 2 2.35619449e+00 6.16972059e-02
823 2 2.35619449e+00 6.14511151e-02
824 2 2.35619449e+00 6.07127152e-02
825 2 2.35619449e+00 6.07897804e-02
826 2 2.35619449e+00 6.12748703e-02
827 2 2.35619449e+00 6.17405537e-02
828 2 2.35619449e+00 6.15119403e-02
829 2 2.35619449e+00 6.12208299e-02
830 2 2.35619449e+00 6.17973193e-02
831 2 2.35619449e+00 6.12739481e-02
832 2 2.35619449e+00 6.07159891e-02
833 2 2.35619449e+00 6.20129809e-02
834 2 2.35619449e+00 5.96851976e-02
835 2 2.35619449e+00 6.13209696e-02
836 2 2.35619449e+00 6.02264775e-02
837 2 2.35619449e+00 6.13636570e-02
838 2 2.35619449e+00 6.08936030e-02
839 2 2.35619449e+00 6.01179902e-02
840 2 2.35619449e+00 6.19967826e-02
841 2 2.35619449e+00 6.03160592e-02
842 2 2.35619449e+00 6.05620596e-02
843 2 2.35619449e+00 6.06603408e-02
844 2 2.35619449e+00 6.15102606e-02
845 2 2.35619449e+00 6.14329238e-02
846 2 2.35619449e+00 6.03839645e-02
847 2 2.35619449e+00 6.06874868e-02
848 2 2.35619449e+00 6.11970157e-02
849 2 2.35619449e+00 6.16217034e-02
850 2 2.35619449e+00 6.15300849e-02
851 2 2.35619449e+00 6.06202121e-02
852 2 2.35619449e+00 6.09930943e-02
853 2 2.35619449e+00 6.10605292e-02
854 2 2.35619449e+00 6.07961277e-02
855 2 2.35619449e+00 6.05464145e-02
856 2 2.35619449e+00 6.12663742e-02
857 2 2.35619449e+00 6.08167255e-02
858 2 2.35619449e+00 6.02943976e-02
859 2 2.35619449e+00 6.12035903e-02
860 2 2.35619449e+00 6.04069515e-02
861 2 2.35619449e+00 6.15022453e-02
862 2 2.35619449e+00 6.13610930e-02
863 2 2.35619449e+00 6.18845164e-02
864 2 2.35619449e+00 6.09133654e-02
865 2 2.35619449e+00 6.09728805e-02
866 2 2.35619449e+00 6.23831231e-02
867 2 2.35619449e+00 6.13580648e-02
868 2 2.35619449e+00 6.10084349e-02
869 2 2.35619449e+00 6.16258386e-02
870 2 2.35619449e+00 6.12472154e-02
871 2 2.35619449e+00 6.02958228e-02
872 2 2.35619449e+00 6.14164431e-02
873 2 2.35619449e+00 6.07647077e-02
874 2 2.35619449e+00 6.20634561e-02
875 2 2.35619449e+00 6.09570661e-02
876 2 2.35619449e+00 6.09255418e-02
877 2 2.35619449e+00 6.14530793e-02
878 2 2.35619449e+00 6.07552008e-02
879 2 2.35619449e+00 6.07328867e-02
880 2 2.35619449e+00 6.08809458e-02
881 2 2.35619449e+00 6.20698896e-02
882 2 2.35619449e+00 6.07551108e-02
883 2 2.35619449e+00 6.15608621e-02
884 2 2.35619449e+00 6.15775230e-02
885 2 2.35619449e+00 6.12559567e-02
886 2 2.35619449e+00 6.05777546e-02
887 2 2.35619449e+00 6.01588778e-02
888 2 2.35619449e+00 6.20914052e-02
889 2 2.35619449e+00 6.17892797e-02
890 2 2.35619449e+00 6.12402943e-02
891 2 2.35619449e+00 6.08077400e-02
892 2 2.35619449e+00 6.15440562e-02
893 2 2.35619449e+00 6.01205460e-02
894 2 2.35619449e+00 6.09834135e-02
895 2 2.35619449e+00 5.99346890e-02
896 2 2.35619449e+00 6.06638302e-02
897 2 2.35619449e+00 6.16833555e-02
898 2 2.35619449e+00 6.18406486e-02
899 2 2.35619449e+00 6.07528096e-02
0 3 3.53429174e+00 8.39518621e-02
1 3 3.53429174e+00 8.29601082e-02
2 3 3.53429174e+00 8.40621825e-02
3 3 3.53429174e+00 8.32265163e-02
4 3 3.53429174e+00 8.40093114e-02
5 3 3.53429174e+00 8.32570478e-02
6 3 3.53429174e+00 8.20554544e-02
7 3 3.53429174e+00 8.41597637e-02
8 3 3.53429174e+00 8.33585763e-02
9 3 3.53429174e+00 8.47347747e-02
10 3 3.53429174e+00 8.46829194e-02
11 3 3.53429174e+00 8.50294811e-02
12 3 3.53429174e+00 8.40276556e-02
13 3 3.53429174e+00 8.44348453e-02
14 3 3.53429174e+00 8.36148461e-02
15 3 3.53429174e+00 8.27590962e-02
16 3 3.53429174e+00 8.13218663e-02
17 3 3.53429174e+00 8.47912388e-02
18 3 3.53429174e+00 8.40345715e-02
19 3 3.53429174e+00 8.36205251e-02
20 3 3.53429174e+00 8.37465974e-02
21 3 3.53429174e+00 8.53088372e-02
22 3 3.53429174e+00 8.35309139e-02
23 3 3.53429174e+00 8.54896549e-02
24 3 3.53429174e+00 8.24627136e-02
25 3 3.53429174e+00 8.35347191e-02
26 3 3.53429174e+00 8.33831449e-02
27 3 3.53429174e+00 8.30662625e-02
28 3 3.53429174e+00 8.42791696e-02
29 3 3.53429174e+00 8.54403002e-02
30 3 3.53429174e+00 8.20990180e-02
31 3 3.53429174e+00 8.34187729e-02
32 3 3.53429174e+00 8.21101386e-02
33 3 3.53429174e+00 8.28876661e-02
34 3 3.53429174e+00 8.40139918e-02
35 3 3.53429174e+00 8.46104536e-02
36 3 3.53429174e+00 8.31914309e-02
37 3 3.53429174e+00 8.30732022e-02
38 3 3.53429174e+00 8.20817475e-02
39 3 3.53429174e+00 8.28132476e-02
40 3 3.53429174e+00 8.22648167e-02
41 3 3.53429174e+00 8.34236011e-02
42 3 3.53429174e+00 8.51637448e-02
43 3 3.53429174e+00 8.48118435e-02
44 3 3.53429174e+00 8.28829675e-02
45 3 3.53429174e+00 8.31221639e-02
46 3 3.53429174e+00 8.39175122e-02
47 3 3.53429174e+00 8.36872677e-02
48 3 3.53429174e+00 8.35600333e-02
49 3 3.53429174e+00 8.42443451e-02
50 3 3.53429174e+00 8.56336025e-02
51 3 3.53429174e+00 8.34704266e-02
52 3 3.53429174e+00 8.37150999e-02
53 3 3.53429174e+00 8.33195913e-02
54 3 3.53429174e+00 8.34971599e-02
55 3 3.53429174e+00 8.35816203e-02
56 3 3.53429174e+00 8.52992195e-02
57 3 3.53429174e+00 8.33607716e-02
58 3 3.53429174e+00 8.43034271e-02
59 3 3.53429174e+00 8.39865193e-02
60 3 3.53429174e+00 8.23372674e-02
61 3 3.53429174e+00 8.30635979e-02
62 3 3.53429174e+00 8.46155889e-02
63 3 3.53429174e+00 8.44505295e-02
64 3 3.53429174e+00 8.47845134e-02
65 3 3.53429174e+00 8.41570064e-02
66 3 3.53429174e+00 8.51701458e-02
67 3 3.53429174e+00 8.41644526e-02
68 3 3.53429174e+00 8.36240483e-02
69 3 3.53429174e+00 8.44282673e-02
70 3 3.53429174e+00 8.47235809e-02
71 3 3.53429174e+00 8.26693297e-02
72 3 3.53429174e+00 8.18977514e-02
73 3 3.53429174e+00 8.48176036e-02
74 3 3.53429174e+00 8.42981828e-02
75 3 3.53429174e+00 8.44013396e-02
76 3 3.53429174e+00 8.45659080e-02
77 3 3.53429174e+00 8.34872369e-02
78 3 3.53429174e+00 8.37915354e-02
79 3 3.53429174e+00 8.28024531e-02
80 3 3.53429174e+00 8.43134907e-02
81 3 3.53429174e+00 8.33009371e-02
82 3 3.53429174e+00 8.29554710e-02
83 3 3.53429174e+00 8.29644801e-02
84 3 3.53429174e+00 8.25525007e-02
85 3 3.53429174e+00 8.61222544e-02
86 3 3.53429174e+00 8.41175438e-02
87 3 3.53429174e+00 8.28144347e-02
88 3 3.53429174e+00 8.34120629e-02
89 3 3.53429174e+00 8.35678452e-02
90 3 3.53429174e+00 8.45518713e-02
91 3 3.53429174e+00 8.40452427e-02
92 3 3.53429174e+00 8.37715318e-02
93 3 3.53429174e+00 8.42828901e-02
94 3 3.53429174e+00 8.50899335e-02
95 3 3.53429174e+00 8.46805103e-02
96 3 3.53429174e+00 8.44928293e-02
97 3 3.53429174e+00 8.41975604e-02
98 3 3.53429174e+00 8.52309726e-02
99 3 3.53429174e+00 8.39548458e-02
100 3 3.53429174e+00 8.31461217e-02
101 3 3.53429174e+00 8.45516393e-02
102 3 3.53429174e+00 8.39384404e-02
103 3 3.53429174e+00 8.31281518e-02
104 3 3.53429174e+00 8.45691319e-02
105 3 3.53429174e+00 8.45503326e-02
106 3 3.53429174e+00 8.16018329e-02
107 3 3.53429174e+00 8.47454478e-02
108 3 3.53429174e+00 8.43719582e-02
109 3 3.53429174e+00 8.41231362e-02
110 3 3.53429174e+00 8.43069310e-02
111 3 3.53429174e+00 8.28542360e-02
112 3 3.53429174e+00 8.22132322e-02
113 3 3.53429174e+00 8.37778088e-02
114 3 3.53429174e+00 8.36913615e-02
115 3 3.53429174e+00 8.28811287e-02
116 3 3.53429174e+00 8.40238175e-02
117 3 3.53429174e+00 8.41122865e-02
118 3 3.53429174e+00 8.41691938e-02
119 3 3.53429174e+00 8.30338042e-02
120 3 3.53429174e+00 8.12603205e-02
121 3 3.53429174e+00 8.30624118e-02
122 3 3.53429174e+00 8.15631873e-02
123 3 3.53429174e+00 8.50450556e-02
124 3 3.53429174e+00 8.30565966e-02
125 3 3.53429174e+00 8.24772873e-02
126 3 3.53429174e+00 8.49843099e-02
127 3 3.53429174e+00 8.36931596e-02
128 3 3.53429174e+00 8.41489256e-02
129 3 3.53429174e+00 8.20732474e-02
130 3 3.53429174e+00 8.31555575e-02
131 3 3.53429174e+00 8.36310343e-02
132 3 3.53429174e+00 8.27640213e-02
133 3 3.53429174e+00 8.28579113e-02
134 3 3.53429174e+00 8.43966719e-02
135 3 3.53429174e+00 8.36444437e-02
136 3 3.53429174e+00 8.22546085e-02
137 3 3.53429174e+00 8.21893394e-02
138 3 3.53429174e+00 8.35241608e-02
139 3 3.53429174e+00 8.19094702e-02
140 3 3.53429174e+00 8.38686003e-02
141 3 3.53429174e+00 8.37678943e-02
142 3 3.53429174e+00 8.35596943e-02
143 3 3.53429174e+00 8.30169742e-02
144 3 3.53429174e+00 8.32595119e-02
145 3 3.53429174e+00 8.44436073e-02
146 3 3.53429174e+00 8.35433154e-02
147 3 3.53429174e+00 8.33396765e-02
148 3 3.53429174e+00 8.38305973e-02
149 3 3.53429174e+00 8.55761474e-02
150 3 3.53429174e+00 8.22969908e-02
151 3 3.53429174e+00 8.41212544e-02
152 3 3.53429174e+00 8.28986562e-02
153 3 3.53429174e+00 8.35696825e-02
154 3 3.53429174e+00 8.39570615e-02
155 3 3.53429174e+00 8.48610222e-02
156 3 3.53429174e+00 8.52813131e-02
157 3 3.53429174e+00 8.36174546e-02
158 3 3.53429174e+00 8.58910092e-02
159 3 3.53429174e+00 8.39366929e-02
160 3 3.53429174e+00 8.25057044e-02
161 3 3.53429174e+00 8.21629126e-02
162 3 3.53429174e+00 8.35743793e-02
163 3 3.53429174e+00 8.48496206e-02
164 3 3.53429174e+00 8.29111193e-02
165 3 3.53429174e+00 8.27638186e-02
166 3 3.53429174e+00 8.54926996e-02
167 3 3.53429174e+00 8.46793075e-02
168 3 3.53429174e+00 8.42697244e-02
169 3 3.53429174e+00 8.35608869e-02
170 3 3.53429174e+00 8.40626039e-02
171 3 3.53429174e+00 8.38456620e-02
172 3 3.53429174e+00 8.45642949e-02
173 3 3.53429174e+00 8.42982417e-02
174 3 3.53429174e+00 8.52835512e-02
175 3 3.53429174e+00 8.60718771e-02
176 3 3.53429174e+00 8.53724759e-02
177 3 3.53429174e+00 8.35083386e-02
178 3 3.53429174e+00 8.23441724e-02
179 3 3.53429174e+00 8.47224191e-02
180 3 3.53429174e+00 8.35292039e-02
181 3 3.53429174e+00 8.33894549e-02
182 3 3.53429174e+00 8.41252547e-02
183 3 3.53429174e+00 8.33318841e-02
184 3 3.53429174e+00 8.40761086e-02
185 3 3.53429174e+00 8.37571947e-02
186 3 3.53429174e+00 8.31503439e-02
187 3 3.53429174e+00 8.39030047e-02
188 3 3.53429174e+00 8.32028349e-02
189 3 3.53429174e+00 8.35311571e-02
190 3 3.53429174e+00 8.43627549e-02
191 3 3.53429174e+00 8.59615380e-02
192 3 3.53429174e+00 8.46392437e-02
193 3 3.53429174e+00 8.37159028e-02
194 3 3.53429174e+00 8.34936047e-02
195 3 3.53429174e+00 8.44323286e-02
196 3 3.53429174e+00 8.41531809e-02
197 3 3.53429174e+00 8.43557977e-02
198 3 3.53429174e+00 8.37301821e-02
199 3 3.53429174e+00 8.43164120e-02
200 3 3.53429174e+00 8.23517773e-02
201 3 3.53429174e+00 8.39199781e-02
202 3 3.53429174e+00 8.22385815e-02
203 3 3.53429174e+00 8.27125020e-02
204 3 3.53429174e+00 8.31895747e-02
205 3 3.53429174e+00 8.53069888e-02
206 3 3.53429174e+00 8.25357677e-02
207 3 3.53429174e+00 8.27493395e-02
208 3 3.53429174e+00 8.39930586e-02
209 3 3.53429174e+00 8.43697217e-02
210 3 3.53429174e+00 8.23546696e-02
211 3 3.53429174e+00 8.35672677e-02
212 3 3.53429174e+00 8.21739054e-02
213 3 3.53429174e+00 8.29861495e-02
214 3 3.53429174e+00 8.27536736e-02
215 3 3.53429174e+00 8.56049361e-02
216 3 3.53429174e+00 8.34507800e-02
217 3 3.53429174e+00 8.56744139e-02
218 3 3.53429174e+00 8.53357907e-02
219 3 3.53429174e+00 8.37896057e-02
220 3 3.53429174e+00 8.44271293e-02
221 3 3.53429174e+00 8.37978158e-02
222 3 3.53429174e+00 8.36056146e-02
223 3 3.53429174e+00 8.46950927e-02
224 3 3.53429174e+00 8.18607276e-02
225 3 3.53429174e+00 8.33694639e-02
226 3 3.53429174e+00 8.33425599e-02
227 3 3.53429174e+00 8.41491615e-02
228 3 3.53429174e+00 8.37861127e-02
229 3 3.53429174e+00 8.35698941e-02
230 3 3.53429174e+00 8.38991170e-02
231 3 3.53429174e+00 8.46468764e-02
232 3 3.53429174e+00 8.41384559e-02
233 3 3.53429174e+00 8.31235305e-02
234 3 3.53429174e+00 8.36201671e-02
235 3 3.53429174e+00 8.34732909e-02
236 3 3.53429174e+00 8.27889529e-02
237 3 3.53429174e+00 8.49897816e-02
238 3 3.53429174e+00 8.41628471e-02
239 3 3.53429174e+00 8.39313457e-02
240 3 3.53429174e+00 8.46966153e-02
241 3 3.53429174e+00 8.21856181e-02
242 3 3.53429174e+00 8.37065058e-02
243 3 3.53429174e+00 8.33486832e-02
244 3 3.53429174e+00 8.12179112e-02
245 3 3.53429174e+00 8.10883241e-02
246 3 3.53429174e+00 8.38180850e-02
247 3 3.53429174e+00 8.44694040e-02
248 3 3.53429174e+00 8.30687470e-02
249 3 3.53429174e+00 8.39175367e-02
250 3 3.53429174e+00 8.42121041e-02
251 3 3.53429174e+00 8.24176608e-02
252 3 3.53429174e+00 8.39828448e-02
253 3 3.53429174e+00 8.36865776e-02
254 3 3.53429174e+00 8.33519642e-02
255 3 3.53429174e+00 8.32806123e-02
256 3 3.53429174e+00 8.41982661e-02
257 3 3.53429174e+00 8.43841143e-02
258 3 3.53429174e+00 8.33196634e-02
259 3 3.53429174e+00 8.35965581e-02
260 3 3.53429174e+00 8.39535548e-02
261 3 3.53429174e+00 8.41726219e-02
262 3 3.53429174e+00 8.35892447e-02
263 3 3.53429174e+00 8.14132184e-02
264 3 3.53429174e+00 8.31486416e-02
265 3 3.53429174e+00 8.41090544e-02
266 3 3.53429174e+00 8.22838642e-02
267 3 3.53429174e+00 8.49696593e-02
268 3 3.53429174e+00 8.24237121e-02
269 3 3.53429174e+00 8.42467423e-02
270 3 3.53429174e+00 8.36850167e-02
271 3 3.53429174e+00 8.50235562e-02
272 3 3.53429174e+00 8.35146111e-02
273 3 3.53429174e+00 8.28558817e-02
274 3 3.53429174e+00 8.32209216e-02
275 3 3.53429174e+00 8.35052454e-02
276 3 3.53429174e+00 8.41699961e-02
277 3 3.53429174e+00 8.34076814e-02
278 3 3.53429174e+00 8.55883408e-02
279 3 3.53429174e+00 8.43060720e-02
280 3 3.53429174e+00 8.31428580e-02
281 3 3.53429174e+00 8.33048326e-02
282 3 3.53429174e+00 8.44207215e-02
283 3 3.53429174e+00 8.53389425e-02
284 3 3.53429174e+00 8.25684515e-02
285 3 3.53429174e+00 8.23787530e-02
286 3 3.53429174e+00 8.27660394e-02
287 3 3.53429174e+00 8.27779318e-02
288 3 3.53429174e+00 8.42545897e-02
289 3 3.53429174e+00 8.39666634e-02
290 3 3.53429174e+00 8.43155115e-02
291 3 3.53429174e+00 8.38733178e-02
292 3 3.53429174e+00 8.32691863e-02
293 3 3.53429174e+00 8.48662468e-02
294 3 3.53429174e+00 8.43940665e-02
295 3 3.53429174e+00 8.41221788e-02
296 3 3.53429174e+00 8.49579679e-02
297 3 3.53429174e+00 8.32620244e-02
298 3 3.53429174e+00 8.36801394e-02
299 3 3.53429174e+00 8.20912593e-02
300 3 3.53429174e+00 8.52606116e-02
301 3 3.53429174e+00 8.33550770e-02
302 3 3.53429174e+00 8.20289477e-02
303 3 3.53429174e+00 8.22778459e-02
304 3 3.53429174e+00 8.40328815e-02
305 3 3.53429174e+00 8.26015136e-02
306 3 3.53429174e+00 8.20302343e-02
307 3 3.53429174e+00 8.40983517e-02
308 3 3.53429174e+00 8.36039313e-02
309 3 3.53429174e+00 8.46154056e-02
310 3 3.53429174e+00 8.40606297e-02
311 3 3.53429174e+00 8.15167949e-02
312 3 3.53429174e+00 8.49025746e-02
313 3 3.53429174e+00 8.22466332e-02
314 3 3.53429174e+00 8.35636917e-02
315 3 3.53429174e+00 8.25306605e-02
316 3 3.53429174e+00 8.22964163e-02
317 3 3.53429174e+00 8.30473019e-02
318 3 3.53429174e+00 8.28354127e-02
319 3 3.53429174e+00 8.38611084e-02
320 3 3.53429174e+00 8.43998242e-02
321 3 3.53429174e+00 8.42563439e-02
322 3 3.53429174e+00 8.49079907e-02
323 3 3.53429174e+00 8.41743324e-02
324 3 3.53429174e+00 8.42877496e-02
325 3 3.53429174e+00 8.48794453e-02
326 3 3.53429174e+00 8.31768274e-02
327 3 3.53429174e+00 8.43887416e-02
328 3 3.53429174e+00 8.34762994e-02
329 3 3.53429174e+00 8.30073753e-02
330 3 3.53429174e+00 8.26958536e-02
331 3 3.53429174e+00 8.56437892e-02
332 3 3.53429174e+00 8.39354198e-02
333 3 3.53429174e+00 8.33308810e-02
334 3 3.53429174e+00 8.29872330e-02
335 3 3.53429174e+00 8.46850706e-02
336 3 3.53429174e+00 8.27146366e-02
337 3 3.53429174e+00 8.40633483e-02
338 3 3.53429174e+00 8.27733762e-02
339 3 3.53429174e+00 8.28555621e-02
340 3 3.53429174e+00 8.24955299e-02
341 3 3.53429174e+00 8.22552416e-02
342 3 3.53429174e+00 8.23620382e-02
343 3 3.53429174e+00 8.34792673e-02
344 3 3.53429174e+00 8.18059918e-02
345 3 3.53429174e+00 8.39527146e-02
346 3 3.53429174e+00 8.19237539e-02
347 3 3.53429174e+00 8.21506675e-02
348 3 3.53429174e+00 8.31217410e-02
349 3 3.53429174e+00 8.38145279e-02
350 3 3.53429174e+00 8.43748047e-02
351 3 3.53429174e+00 8.38098627e-02
352 3 3.53429174e+00 8.27029275e-02
353 3 3.53429174e+00 8.31935813e-02
354 3 3.53429174e+00 8.45170236e-02
355 3 3.53429174e+00 8.39186323e-02
356 3 3.53429174e+00 8.46891601e-02
357 3 3.53429174e+00 8.52796550e-02
358 3 3.53429174e+00 8.30857353e-02
359 3 3.53429174e+00 8.26349320e-02
360 3 3.53429174e+00 8.46808173e-02
361 3 3.53429174e+00 8.41385858e-02
362 3 3.53429174e+00 8.40476490e-02
363 3 3.53429174e+00 8.59096717e-02
364 3 3.53429174e+00 8.44622623e-02
365 3 3.53429174e+00 8.31191863e-02
366 3 3.53429174e+00 8.35033114e-02
367 3 3.53429174e+00 8.37571659e-02
368 3 3.53429174e+00 8.23547870e-02
369 3 3.53429174e+00 8.36856929e-02
370 3 3.53429174e+00 8.38932062e-02
371 3 3.53429174e+00 8.27076163e-02
372 3 3.53429174e+00 8.43685853e-02
373 3 3.53429174e+00 8.25851978e-02
374 3 3.53429174e+00 8.26252248e-02
375 3 3.53429174e+00 8.24528406e-02
376 3 3.53429174e+00 8.26260508e-02
377 3 3.53429174e+00 8.38756741e-02
378 3 3.53429174e+00 8.47208128e-02
379 3 3.53429174e+00 8.45403042e-02
380 3 3.53429174e+00 8.37536008e-02
381 3 3.53429174e+00 8.23880195e-02
382 3 3.53429174e+00 8.21195590e-02
383 3 3.53429174e+00 8.35267617e-02
384 3 3.53429174e+00 8.48837300e-02
385 3 3.53429174e+00 8.37712435e-02
386 3 3.53429174e+00 8.26379437e-02
387 3 3.53429174e+00 8.29557654e-02
388 3 3.53429174e+00 8.39658417e-02
389 3 3.53429174e+00 8.30887615e-02
390 3 3.53429174e+00 8.51829384e-02
391 3 3.53429174e+00 8.31811743e-02
392 3 3.53429174e+00 8.30336388e-02
393 3 3.53429174e+00 8.36290995e-02
394 3 3.53429174e+00 8.39842107e-02
395 3 3.53429174e+00 8.49675532e-02
396 3 3.53429174e+00 8.12400227e-02
397 3 3.53429174e+00 8.28828080e-02
398 3 3.53429174e+00 8.28842199e-02
399 3 3.53429174e+00 8.39263676e-02
400 3 3.53429174e+00 8.33742366e-02
401 3 3.53429174e+00 8.17354859e-02
402 3 3.53429174e+00 8.40545071e-02
403 3 3.53429174e+00 8.54616001e-02
404 3 3.53429174e+00 8.25886349e-02
405 3 3.53429174e+00 8.20545750e-02
406 3 3.53429174e+00 8.28563785e-02
407 3 3.53429174e+00 8.42927710e-02
408 3 3.53429174e+00 8.33474872e-02
409 3 3.53429174e+00 8.22666392e-02
410 3 3.53429174e+00 8.37287564e-02
411 3 3.53429174e+00 8.40993084e-02
412 3 3.53429174e+00 8.31426696e-02
413 3 3.53429174e+00 8.30972951e-02
414 3 3.53429174e+00 8.35725945e-02
415 3 3.53429174e+00 8.33704169e-02
416 3 3.53429174e+00 8.35317474e-02
417 3 3.53429174e+00 8.11729176e-02
418 3 3.53429174e+00 8.24389851e-02
419 3 3.53429174e+00 8.38226179e-02
420 3 3.53429174e+00 8.45776141e-02
421 3 3.53429174e+00 8.36742769e-02
422 3 3.53429174e+00 8.49364257e-02
423 3 3.53429174e+00 8.38520101e-02
424 3 3.53429174e+00 8.35173188e-02
425 3 3.53429174e+00 8.40704605e-02
426 3 3.53429174e+00 8.29349609e-02
427 3 3.53429174e+00 8.27637834e-02
428 3 3.53429174e+00 8.27627277e-02
429 3 3.53429174e+00 8.53079799e-02
430 3 3.53429174e+00 8.53062674e-02
431 3 3.53429174e+00 8.25926597e-02
432 3 3.53429174e+00 8.33388454e-02
433 3 3.53429174e+00 8.13548510e-02
434 3 3.53429174e+00 8.32271933e-02
435 3 3.53429174e+00 8.34175770e-02
436 3 3.53429174e+00 8.35629686e-02
437 3 3.53429174e+00 8.32318273e-02
438 3 3.53429174e+00 8.38712838e-02
439 3 3.53429174e+00 8.39645848e-02
440 3 3.53429174e+00 8.29040064e-02
441 3 3.53429174e+00 8.40341839e-02
442 3 3.53429174e+00 8.22044976e-02
443 3 3.53429174e+00 8.23154003e-02
444 3 3.53429174e+00 8.39036661e-02
445 3 3.53429174e+00 8.42787096e-02
446 3 3.53429174e+00 8.39999190e-02
447 3 3.53429174e+00 8.33328831e-02
448 3 3.53429174e+00 8.41920071e-02
449 3 3.53429174e+00 8.58889604e-02
450 3 3.53429174e+00 8.47467463e-02
451 3 3.53429174e+00 8.38542114e-02
452 3 3.53429174e+00 8.34592620e-02
453 3 3.53429174e+00 8.41472623e-02
454 3 3.53429174e+00 8.39957976e-02
455 3 3.53429174e+00 8.37700312e-02
456 3 3.53429174e+00 8.46216038e-02
457 3 3.53429174e+00 8.40797669e-02
458 3 3.53429174e+00 8.47522001e-02
459 3 3.53429174e+00 8.30946448e-02
460 3 3.53429174e+00 8.36924346e-02
461 3 3.53429174e+00 8.42839288e-02
462 3 3.53429174e+00 8.33298440e-02
463 3 3.53429174e+00 8.48504827e-02
464 3 3.53429174e+00 8.34768538e-02
465 3 3.53429174e+00 8.48572103e-02
466 3 3.53429174e+00 8.40392579e-02
467 3 3.53429174e+00 8.27757791e-02
468 3 3.53429174e+00 8.29127072e-02
469 3 3.53429174e+00 8.30361813e-02
470 3 3.53429174e+00 8.35415933e-02
471 3 3.53429174e+00 8.19600317e-02
472 3 3.53429174e+00 8.38714548e-02
473 3 3.53429174e+00 8.47497780e-02
474 3 3.53429174e+00 8.35120966e-02
475 3 3.53429174e+00 8.44572167e-02
476 3 3.53429174e+00 8.40433774e-02
477 3 3.53429174e+00 8.50655212e-02
478 3 3.53429174e+00 8.54207008e-02
479 3 3.53429174e+00 8.45210472e-02
480 3 3.53429174e+00 8.44905510e-02
481 3 3.53429174e+00 8.30865453e-02
482 3 3.53429174e+00 8.33219869e-02
483 3 3.53429174e+00 8.47773701e-02
484 3 3.53429174e+00 8.23518580e-02
485 3 3.53429174e+00 8.28840177e-02
486 3 3.53429174e+00 8.33872185e-02
487 3 3.53429174e+00 8.35703935e-02
488 3 3.53429174e+00 8.31136244e-02
489 3 3.53429174e+00 8.38135692e-02
490 3 3.53429174e+00 8.48673980e-02
491 3 3.53429174e+00 8.26109916e-02
492 3 3.53429174e+00 8.40922136e-02
493 3 3.53429174e+00 8.36877822e-02
494 3 3.53429174e+00 8.26992386e-02
495 3 3.53429174e+00 8.29204681e-02
496 3 3.53429174e+00 8.29135934e-02
497 3 3.53429174e+00 8.26868952e-02
498 3 3.53429174e+00 8.34787447e-02
499 3 3.53429174e+00 8.48931008e-02
500 3 3.53429174e+00 8.25442132e-02
501 3 3.53429174e+00 8.41730838e-02
502 3 3.53429174e+00 8.38330402e-02
503 3 3.53429174e+00 8.52920067e-02
504 3 3.53429174e+00 8.40951746e-02
505 3 3.53429174e+00 8.41097708e-02
506 3 3.53429174e+00 8.47497775e-02
507 3 3.53429174e+00 8.29601541e-02
508 3 3.53429174e+00 8.38911843e-02
509 3 3.53429174e+00 8.19622512e-02
510 3 3.53429174e+00 8.33679756e-02
511 3 3.53429174e+00 8.48131199e-02
512 3 3.53429174e+00 8.46533131e-02
513 3 3.53429174e+00 8.34145543e-02
514 3 3.53429174e+00 8.38767930e-02
515 3 3.53429174e+00 8.48306319e-02
516 3 3.53429174e+00 8.26044631e-02
517 3 3.53429174e+00 8.38187073e-02
518 3 3.53429174e+00 8.47061110e-02
519 3 3.53429174e+00 8.56058703e-02
520 3 3.53429174e+00 8.45099677e-02
521 3 3.53429174e+00 8.23043415e-02
522 3 3.53429174e+00 8.29440563e-02
523 3 3.53429174e+00 8.32895482e-02
524 3 3.53429174e+00 8.33524793e-02
525 3 3.53429174e+00 8.47106157e-02
526 3 3.53429174e+00 8.45287068e-02
527 3 3.53429174e+00 8.45587067e-02
528 3 3.53429174e+00 8.39299326e-02
529 3 3.53429174e+00 8.47247185e-02
530 3 3.53429174e+00 8.45323960e-02
531 3 3.53429174e+00 8.25677408e-02
532 3 3.53429174e+00 8.20000539e-02
533 3 3.53429174e+00 8.37854942e-02
534 3 3.53429174e+00 8.32226260e-02
535 3 3.53429174e+00 8.28074914e-02
536 3 3.53429174e+00 8.32999515e-02
537 3 3.53429174e+00 8.38700671e-02
538 3 3.53429174e+00 8.33307901e-02
539 3 3.53429174e+00 8.29734124e-02
540 3 3.53429174e+00 8.29980462e-02
541 3 3.53429174e+00 8.46044766e-02
542 3 3.53429174e+00 8.50490060e-02
543 3 3.53429174e+00 8.35716459e-02
544 3 3.53429174e+00 8.28089058e-02
545 3 3.53429174e+00 8.33331233e-02
546 3 3.53429174e+00 8.40275184e-02
547 3 3.53429174e+00 8.29114382e-02
548 3 3.53429174e+00 8.18506546e-02
549 3 3.53429174e+00 8.40887287e-02
550 3 3.53429174e+00 8.47662677e-02
551 3 3.53429174e+00 8.54818906e-02
552 3 3.53429174e+00 8.35368922e-02
553 3 3.53429174e+00 8.49950272e-02
554 3 3.53429174e+00 8.38355925e-02
555 3 3.53429174e+00 8.15254611e-02
556 3 3.53429174e+00 8.36510728e-02
557 3 3.53429174e+00 8.42449752e-02
558 3 3.53429174e+00 8.42118867e-02
559 3 3.53429174e+00 8.39556898e-02
560 3 3.53429174e+00 8.33997957e-02
561 3 3.53429174e+00 8.28860063e-02
562 3 3.53429174e+00 8.27445356e-02
563 3 3.53429174e+00 8.27835792e-02
564 3 3.53429174e+00 8.31343436e-02
565 3 3.53429174e+00 8.40232759e-02
566 3 3.53429174e+00 8.50538482e-02
567 3 3.53429174e+00 8.50990913e-02
568 3 3.53429174e+00 8.48223721e-02
569 3 3.53429174e+00 8.48272621e-02
570 3 3.53429174e+00 8.43746514e-02
571 3 3.53429174e+00 8.44498902e-02
572 3 3.53429174e+00 8.38016447e-02
573 3 3.53429174e+00 8.34300109e-02
574 3 3.53429174e+00 8.36432201e-02
575 3 3.53429174e+00 8.37920202e-02
576 3 3.53429174e+00 8.35988867e-02
577 3 3.53429174e+00 8.29682472e-02
578 3 3.53429174e+00 8.48032319e-02
579 3 3.53429174e+00 8.52714359e-02
580 3 3.53429174e+00 8.36708741e-02
581 3 3.53429174e+00 8.49873429e-02
582 3 3.53429174e+00 8.49181017e-02
583 3 3.53429174e+00 8.40288391e-02
584 3 3.53429174e+00 8.28324988e-02
585 3 3.53429174e+00 8.39318534e-02
586 3 3.53429174e+00 8.40056436e-02
587 3 3.53429174e+00 8.23600827e-02
588 3 3.53429174e+00 8.35253018e-02
589 3 3.53429174e+00 8.32803119e-02
590 3 3.53429174e+00 8.34159668e-02
591 3 3.53429174e+00 8.54326755e-02
592 3 3.53429174e+00 8.43690997e-02
593 3 3.53429174e+00 8.42061647e-02
594 3 3.53429174e+00 8.39370614e-02
595 3 3.53429174e+00 8.16422836e-02
596 3 3.53429174e+00 8.35998873e-02
597 3 3.53429174e+00 8.31907828e-02
598 3 3.53429174e+00 8.34988117e-02
599 3 3.53429174e+00 8.42213380e-02
600 3 3.53429174e+00 8.43651081e-02
601 3 3.53429174e+00 8.31513819e-02
602 3 3.53429174e+00 8.42669439e-02
603 3 3.53429174e+00 8.23057264e-02
604 3 3.53429174e+00 8.35410631e-02
605 3 3.53429174e+00 8.19039300e-02
606 3 3.53429174e+00 8.48060072e-02
607 3 3.53429174e+00 8.40394560e-02
608 3 3.53429174e+00 8.52818962e-02
609 3 3.53429174e+00 8.39506114e-02
610 3 3.53429174e+00 8.40819958e-02
611 3 3.53429174e+00 8.34015940e-02
612 3 3.53429174e+00 8.42448194e-02
613 3 3.53429174e+00 8.32325042e-02
614 3 3.53429174e+00 8.43723096e-02
615 3 3.53429174e+00 8.31690186e-02
616 3 3.53429174e+00 8.48024028e-02
617 3 3.53429174e+00 8.32559037e-02
618 3 3.53429174e+00 8.34099898e-02
619 3 3.53429174e+00 8.42952031e-02
620 3 3.53429174e+00 8.47102370e-02
621 3 3.53429174e+00 8.52527715e-02
622 3 3.53429174e+00 8.43043288e-02
623 3 3.53429174e+00 8.48636044e-02
624 3 3.53429174e+00 8.33611591e-02
625 3 3.53429174e+00 8.34711127e-02
626 3 3.53429174e+00 8.27220354e-02
627 3 3.53429174e+00 8.27600760e-02
628 3 3.53429174e+00 8.48440554e-02
629 3 3.53429174e+00 8.26832475e-02
630 3 3.53429174e+00 8.38946822e-02
631 3 3.53429174e+00 8.38084427e-02
632 3 3.53429174e+00 8.23959838e-02
633 3 3.53429174e+00 8.29448140e-02
634 3 3.53429174e+00 8.29301827e-02
635 3 3.53429174e+00 8.37603738e-02
636 3 3.53429174e+00 8.35480406e-02
637 3 3.53429174e+00 8.43286460e-02
638 3 3.53429174e+00 8.22846621e-02
639 3 3.53429174e+00 8.08303702e-02
640 3 3.53429174e+00 8.53101083e-02
641 3 3.53429174e+00 8.55630587e-02
642 3 3.53429174e+00 8.33715732e-02
643 3 3.53429174e+00 8.23056274e-02
644 3 3.53429174e+00 8.29323014e-02
645 3 3.53429174e+00 8.26352365e-02
646 3 3.53429174e+00 8.33571538e-02
647 3 3.53429174e+00 8.32530481e-02
648 3 3.53429174e+00 8.28501935e-02
649 3 3.53429174e+00 8.50784954e-02
650 3 3.53429174e+00 8.37586039e-02
651 3 3.53429174e+00 8.39278751e-02
652 3 3.53429174e+00 8.40391670e-02
653 3 3.53429174e+00 8.44654295e-02
654 3 3.53429174e+00 8.30870142e-02
655 3 3.53429174e+00 8.56531766e-02
656 3 3.53429174e+00 8.39270028e-02
657 3 3.53429174e+00 8.24293980e-02
658 3 3.53429174e+00 8.46441238e-02
659 3 3.53429174e+00 8.47442961e-02
660 3 3.53429174e+00 8.37416431e-02
661 3 3.53429174e+00 8.43256168e-02
662 3 3.53429174e+00 8.51743348e-02
663 3 3.53429174e+00 8.36550313e-02
664 3 3.53429174e+00 8.42776928e-02
665 3 3.53429174e+00 8.31711181e-02
666 3 3.53429174e+00 8.57156094e-02
667 3 3.53429174e+00 8.43917044e-02
668 3 3.53429174e+00 8.46152281e-02
669 3 3.53429174e+00 8.31073688e-02
670 3 3.53429174e+00 8.31876440e-02
671 3 3.53429174e+00 8.27658401e-02
672 3 3.53429174e+00 8.45070483e-02
673 3 3.53429174e+00 8.51071330e-02
674 3 3.53429174e+00 8.35774088e-02
675 3 3.53429174e+00 8.17695579e-02
676 3 3.53429174e+00 8.35260370e-02
677 3 3.53429174e+00 8.45069607e-02
678 3 3.53429174e+00 8.36402573e-02
679 3 3.53429174e+00 8.36884695e-02
680 3 3.53429174e+00 8.40757759e-02
681 3 3.53429174e+00 8.34724558e-02
682 3 3.53429174e+00 8.29705633e-02
683 3 3.53429174e+00 8.41360000e-02
684 3 3.53429174e+00 8.30981901e-02
685 3 3.53429174e+00 8.37329352e-02
686 3 3.53429174e+00 8.32229686e-02
687 3 3.53429174e+00 8.23797594e-02
688 3 3.53429174e+00 8.36324029e-02
689 3 3.53429174e+00 8.41009525e-02
690 3 3.53429174e+00 8.22529031e-02
691 3 3.53429174e+00 8.33471985e-02
692 3 3.53429174e+00 8.43142890e-02
693 3 3.53429174e+00 8.38299812e-02
694 3 3.53429174e+00 8.24778845e-02
695 3 3.53429174e+00 8.22644789e-02
696 3 3.53429174e+00 8.42264079e-02
697 3 3.53429174e+00 8.48647577e-02
698 3 3.53429174e+00 8.41360855e-02
699 3 3.53429174e+00 8.39830550e-02
700 3 3.53429174e+00 8.44024500e-02
701 3 3.53429174e+00 8.40813977e-02
702 3 3.53429174e+00 8.46425779e-02
703 3 3.53429174e+00 8.25378924e-02
704 3 3.53429174e+00 8.56675331e-02
705 3 3.53429174e+00 8.24955217e-02
706 3 3.53429174e+00 8.46334351e-02
707 3 3.53429174e+00 8.40685724e-02
708 3 3.53429174e+00 8.35303463e-02
709 3 3.53429174e+00 8.31745419e-02
710 3 3.53429174e+00 8.31778990e-02
711 3 3.53429174e+00 8.47547228e-02
712 3 3.53429174e+00 8.40668142e-02
713 3 3.53429174e+00 8.32061348e-02
714 3 3.53429174e+00 8.34072672e-02
715 3 3.53429174e+00 8.38561600e-02
716 3 3.53429174e+00 8.40446029e-02
717 3 3.53429174e+00 8.52025942e-02
718 3 3.53429174e+00 8.47062658e-02
719 3 3.53429174e+00 8.35923983e-02
720 3 3.53429174e+00 8.28809252e-02
721 3 3.53429174e+00 8.34956825e-02
722 3 3.53429174e+00 8.46170719e-02
723 3 3.53429174e+00 8.39628281e-02
724 3 3.53429174e+00 8.20765737e-02
725 3 3.53429174e+00 8.33784388e-02
726 3 3.53429174e+00 8.25237066e-02
727 3 3.53429174e+00 8.59445249e-02
728 3 3.53429174e+00 8.39987007e-02
729 3 3.53429174e+00 8.35663108e-02
730 3 3.53429174e+00 8.09289960e-02
731 3 3.53429174e+00 8.23347396e-02
732 3 3.53429174e+00 8.28375147e-02
733 3 3.53429174e+00 8.34430743e-02
734 3 3.53429174e+00 8.47488664e-02
735 3 3.53429174e+00 8.38873298e-02
736 3 3.53429174e+00 8.40605272e-02
737 3 3.53429174e+00 8.36643751e-02
738 3 3.53429174e+00 8.40890478e-02
739 3 3.53429174e+00 8.48062642e-02
740 3 3.53429174e+00 8.35110097e-02
741 3 3.53429174e+00 8.32884844e-02
742 3 3.53429174e+00 8.33498241e-02
743 3 3.53429174e+00 8.23097600e-02
744 3 3.53429174e+00 8.15546648e-02
745 3 3.53429174e+00 8.30800195e-02
746 3 3.53429174e+00 8.19918641e-02
747 3 3.53429174e+00 8.33902268e-02
748 3 3.53429174e+00 8.50232716e-02
749 3 3.53429174e+00 8.48113702e-02
750 3 3.53429174e+00 8.37294173e-02
751 3 3.53429174e+00 8.37938453e-02
752 3 3.53429174e+00 8.18810056e-02
753 3 3.53429174e+00 8.29235881e-02
754 3 3.53429174e+00 8.36613545e-02
755 3 3.53429174e+00 8.31542419e-02
756 3 3.53429174e+00 8.39666840e-02
757 3 3.53429174e+00 8.37523071e-02
758 3 3.53429174e+00 8.40707462e-02
759 3 3.53429174e+00 8.37640997e-02
760 3 3.53429174e+00 8.37306753e-02
761 3 3.53429174e+00 8.43960563e-02
762 3 3.53429174e+00 8.13064959e-02
763 3 3.53429174e+00 8.33766665e-02
764 3 3.53429174e+00 8.36036651e-02
765 3 3.53429174e+00 8.21091343e-02
766 3 3.53429174e+00 8.43111777e-02
767 3 3.53429174e+00 8.51681038e-02
768 3 3.53429174e+00 8.50979992e-02
769 3 3.53429174e+00 8.35415762e-02
770 3 3.53429174e+00 8.40757677e-02
771 3 3.53429174e+00 8.36912685e-02
772 3 3.53429174e+00 8.37677626e-02
773 3 3.53429174e+00 8.46568485e-02
774 3 3.53429174e+00 8.43967092e-02
775 3 3.53429174e+00 8.36763487e-02
776 3 3.53429174e+00 8.36561980e-02
777 3 3.53429174e+00 8.30024535e-02
778 3 3.53429174e+00 8.30810212e-02
779 3 3.53429174e+00 8.30741798e-02
780 3 3.53429174e+00 8.30380082e-02
781 3 3.53429174e+00 8.37041794e-02
782 3 3.53429174e+00 8.32251134e-02
783 3 3.53429174e+00 8.47046019e-02
784 3 3.53429174e+00 8.41589824e-02
785 3 3.53429174e+00 8.36149158e-02
786 3 3.53429174e+00 8.27452373e-02
787 3 3.53429174e+00 8.50808211e-02
788 3 3.53429174e+00 8.33359875e-02
789 3 3.53429174e+00 8.21222001e-02
790 3 3.53429174e+00 8.29265903e-02
791 3 3.53429174e+00 8.25862247e-02
792 3 3.53429174e+00 8.32234859e-02
793 3 3.53429174e+00 8.22522939e-02
794 3 3.53429174e+00 8.34242073e-02
795 3 3.53429174e+00 8.50825219e-02
796 3 3.53429174e+00 8.51091588e-02
797 3 3.53429174e+00 8.38521719e-02
798 3 3.53429174e+00 8.41786890e-02
799 3 3.53429174e+00 8.31372057e-02
800 3 3.53429174e+00 8.21323900e-02
801 3 3.53429174e+00 8.48794646e-02
802 3 3.53429174e+00 8.29705109e-02
803 3 3.53429174e+00 8.52891441e-02
804 3 3.53429174e+00 8.41266057e-02
805 3 3.53429174e+00 8.57219858e-02
806 3 3.53429174e+00 8.44571830e-02
807 3 3.53429174e+00 8.34931499e-02
808 3 3.53429174e+00 8.37046020e-02
809 3 3.53429174e+00 8.35063881e-02
810 3 3.53429174e+00 8.32398446e-02
811 3 3.53429174e+00 8.32628910e-02
812 3 3.53429174e+00 8.28668747e-02
813 3 3.53429174e+00 8.36815616e-02
814 3 3.53429174e+00 8.40470288e-02
815 3 3.53429174e+00 8.30415721e-02
816 3 3.53429174e+00 8.33862598e-02
817 3 3.53429174e+00 8.39361602e-02
818 3 3.53429174e+00 8.37686482e-02
819 3 3.53429174e+00 8.47551864e-02
820 3 3.53429174e+00 8.29805811e-02
821 3 3.53429174e+00 8.35017959e-02
822 3 3.53429174e+00 8.45230048e-02
823 3 3.53429174e+00 8.41903846e-02
824 3 3.53429174e+00 8.30064764e-02
825 3 3.53429174e+00 8.30315044e-02
826 3 3.53429174e+00 8.39933592e-02
827 3 3.53429174e+00 8.45438344e-02
828 3 3.53429174e+00 8.42159872e-02
829 3 3.53429174e+00 8.37925812e-02
830 3 3.53429174e+00 8.46761241e-02
831 3 3.53429174e+00 8.39894758e-02
832 3 3.53429174e+00 8.29974676e-02
833 3 3.53429174e+00 8.48560848e-02
834 3 3.53429174e+00 8.14628566e-02
835 3 3.53429174e+00 8.38636390e-02
836 3 3.53429174e+00 8.24077056e-02
837 3 3.53429174e+00 8.41373873e-02
838 3 3.53429174e+00 8.36225685e-02
839 3 3.53429174e+00 8.20818731e-02
840 3 3.53429174e+00 8.49344952e-02
841 3 3.53429174e+00 8.26291544e-02
842 3 3.53429174e+00 8.26841787e-02
843 3 3.53429174e+00 8.29350431e-02
844 3 3.53429174e+00 8.42878214e-02
845 3 3.53429174e+00 8.44889319e-02
846 3 3.53429174e+00 8.28264913e-02
847 3 3.53429174e+00 8.29755642e-02
848 3 3.53429174e+00 8.38683345e-02
849 3 3.53429174e+00 8.44924774e-02
850 3 3.53429174e+00 8.42679831e-02
851 3 3.53429174e+00 8.31287980e-02
852 3 3.53429174e+00 8.33426202e-02
853 3 3.53429174e+00 8.37204871e-02
854 3 3.53429174e+00 8.31341166e-02
855 3 3.53429174e+00 8.25953568e-02
856 3 3.53429174e+00 8.40074817e-02
857 3 3.53429174e+00 8.30204724e-02
858 3 3.53429174e+00 8.25191515e-02
859 3 3.53429174e+00 8.39372630e-02
860 3 3.53429174e+00 8.26814180e-02
861 3 3.53429174e+00 8.40657781e-02
862 3 3.53429174e+00 8.39520525e-02
863 3 3.53429174e+00 8.48654512e-02
864 3 3.53429174e+00 8.34024848e-02
865 3 3.53429174e+00 8.33205979e-02
866 3 3.53429174e+00 8.55785538e-02
867 3 3.53429174e+00 8.40073426e-02
868 3 3.53429174e+00 8.33270023e-02
869 3 3.53429174e+00 8.42383609e-02
870 3 3.53429174e+00 8.36933138e-02
871 3 3.53429174e+00 8.23973227e-02
872 3 3.53429174e+00 8.40751529e-02
873 3 3.53429174e+00 8.29861725e-02
874 3 3.53429174e+00 8.51492282e-02
875 3 3.53429174e+00 8.34178854e-02
876 3 3.53429174e+00 8.36536037e-02
877 3 3.53429174e+00 8.39050372e-02
878 3 3.53429174e+00 8.32389185e-02
879 3 3.53429174e+00 8.29877229e-02
880 3 3.53429174e+00 8.33494964e-02
881 3 3.53429174e+00 8.51488127e-02
882 3 3.53429174e+00 8.28896404e-02
883 3 3.53429174e+00 8.41036676e-02
884 3 3.53429174e+00 8.41696015e-02
885 3 3.53429174e+00 8.38119888e-02
886 3 3.53429174e+00 8.26086884e-02
887 3 3.53429174e+00 8.23173303e-02
888 3 3.53429174e+00 8.50667846e-02
889 3 3.53429174e+00 8.45848255e-02
890 3 3.53429174e+00 8.36618764e-02
891 3 3.53429174e+00 8.31544792e-02
892 3 3.53429174e+00 8.41257672e-02
893 3 3.53429174e+00 8.20772351e-02
894 3 3.53429174e+00 8.35457087e-02
895 3 3.53429174e+00 8.18498829e-02
896 3 3.53429174e+00 8.31068928e-02
897 3 3.53429174e+00 8.44895963e-02
898 3 3.53429174e+00 8.45613895e-02
899 3 3.53429174e+00 8.29676687e-02
0 4 4.71238898e+00 1.00823291e-01
1 4 4.71238898e+00 9.95369327e-02
2 4 4.71238898e+00 1.00961378e-01
3 4 4.71238898e+00 9.98883828e-02
4 4 4.71238898e+00 1.00594647e-01
5 4 4.71238898e+00 9.96248220e-02
6 4 4.71238898e+00 9.80253743e-02
7 4 4.71238898e+00 1.01085994e-01
8 4 4.71238898e+00 9.97778909e-02
9 4 4.71238898e+00 1.01531624e-01
10 4 4.71238898e+00 1.01987340e-01
11 4 4.71238898e+00 1.02236781e-01
12 4 4.71238898e+00 1.00923989e-01
13 4 4.71238898e+00 1.01393013e-01
14 4 4.71238898e+00 9.98546658e-02
15 4 4.71238898e+00 9.93863015e-02
16 4 4.71238898e+00 9.70324618e-02
17 4 4.71238898e+00 1.01845723e-01
18 4 4.71238898e+00 1.00705347e-01
19 4 4.71238898e+00 1.00591522e-01
20 4 4.71238898e+00 1.00648497e-01
21 4 4.71238898e+00 1.02848706e-01
22 4 4.71238898e+00 1.00174953e-01
23 4 4.71238898e+00 1.02423470e-01
24 4 4.71238898e+00 9.87593118e-02
25 4 4.71238898e+00 9.97683912e-02
26 4 4.71238898e+00 9.95073125e-02
27 4 4.71238898e+00 9.95279194e-02
28 4 4.71238898e+00 1.00780458e-01
29 4 4.71238898e+00 1.02969393e-01
30 4 4.71238898e+00 9.81075729e-02
31 4 4.71238898e+00 9.98543490e-02
32 4 4.71238898e+00 9.79088461e-02
33 4 4.71238898e+00 9.91487807e-02
34 4 4.71238898e+00 1.00645443e-01
35 4 4.71238898e+00 1.01968935e-01
36 4 4.71238898e+00 1.00091115e-01
37 4 4.71238898e+00 9.94703678e-02
38 4 4.71238898e+00 9.81881077e-02
39 4 4.71238898e+00 9.89532789e-02
40 4 4.71238898e+00 9.86414882e-02
41 4 4.71238898e+00 9.99506677e-02
42 4 4.71238898e+00 1.01933965e-01
43 4 4.71238898e+00 1.01684829e-01
44 4 4.71238898e+00 9.90484771e-02
45 4 4.71238898e+00 9.95937626e-02
46 4 4.71238898e+00 1.00890718e-01
47 4 4.71238898e+00 1.00165111e-01
48 4 4.71238898e+00 9.99458414e-02
49 4 4.71238898e+00 1.01223083e-01
50 4 4.71238898e+00 1.02740658e-01
51 4 4.71238898e+00 9.95419385e-02
52 4 4.71238898e+00 1.00468808e-01
53 4 4.71238898e+00 9.96342570e-02
54 4 4.71238898e+00 1.00237639e-01
55 4 4.71238898e+00 1.00202647e-01
56 4 4.71238898e+00 1.01867580e-01
57 4 4.71238898e+00 9.97033652e-02
58 4 4.71238898e+00 1.01166709e-01
59 4 4.71238898e+00 1.00946910e-01
60 4 4.71238898e+00 9.81557244e-02
61 4 4.71238898e+00 9.90369882e-02
62 4 4.71238898e+00 1.01565379e-01
63 4 4.71238898e+00 1.01313077e-01
64 4 4.71238898e+00 1.01738915e-01
65 4 4.71238898e+00 1.01274203e-01
66 4 4.71238898e+00 1.01901196e-01
67 4 4.71238898e+00 1.01034232e-01
68 4 4.71238898e+00 1.00250829e-01
69 4 4.71238898e+00 1.01710506e-01
70 4 4.71238898e+00 1.01493290e-01
71 4 4.71238898e+00 9.92037750e-02
72 4 4.71238898e+00 9.84252368e-02
73 4 4.71238898e+00 1.02001594e-01
74 4 4.71238898e+00 1.01377697e-01
75 4 4.71238898e+00 1.01200825e-01
76 4 4.71238898e+00 1.01519709e-01
77 4 4.71238898e+00 1.00232829e-01
78 4 4.71238898e+00 1.00379799e-01
79 4 4.71238898e+00 9.93095803e-02
80 4 4.71238898e+00 1.01174365e-01
81 4 4.71238898e+00 9.97591327e-02
82 4 4.71238898e+00 9.90879917e-02
83 4 4.71238898e+00 9.89299555e-02
84 4 4.71238898e+00 9.85750880e-02
85 4 4.71238898e+00 1.03374050e-01
86 4 4.71238898e+00 1.01056888e-01
87 4 4.71238898e+00 9.89650281e-02
88 4 4.71238898e+00 1.00045798e-01
89 4 4.71238898e+00 1.00411599e-01
90 4 4.71238898e+00 1.01821256e-01
91 4 4.71238898e+00 1.00943540e-01
92 4 4.71238898e+00 1.00452067e-01
93 4 4.71238898e+00 1.01449015e-01
94 4 4.71238898e+00 1.02261321e-01
95 4 4.71238898e+00 1.01621930e-01
96 4 4.71238898e+00 1.01594862e-01
97 4 4.71238898e+00 1.01017829e-01
98 4 4.71238898e+00 1.02715556e-01
99 4 4.71238898e+00 1.00462314e-01
100 4 4.71238898e+00 9.90009372e-02
101 4 4.71238898e+00 1.01132473e-01
102 4 4.71238898e+00 1.00790837e-01
103 4 4.71238898e+00 9.91919667e-02
104 4 4.71238898e+00 1.01629788e-01
105 4 4.71238898e+00 1.01395422e-01
106 4 4.71238898e+00 9.73002113e-02
107 4 4.71238898e+00 1.02120472e-01
108 4 4.71238898e+00 1.01401206e-01
109 4 4.71238898e+00 1.00771288e-01
110 4 4.71238898e+00 1.00759898e-01
111 4 4.71238898e+00 9.89327363e-02
112 4 4.71238898e+00 9.85164150e-02
113 4 4.71238898e+00 1.00508832e-01
114 4 4.71238898e+00 1.00143032e-01
115 4 4.71238898e+00 9.91874051e-02
116 4 4.71238898e+00 1.00804817e-01
117 4 4.71238898e+00 1.01025258e-01
118 4 4.71238898e+00 1.01127392e-01
119 4 4.71238898e+00 9.94021718e-02
120 4 4.71238898e+00 9.71485071e-02
121 4 4.71238898e+00 9.90254072e-02
122 4 4.71238898e+00 9.71817250e-02
123 4 4.71238898e+00 1.01748672e-01
124 4 4.71238898e+00 9.92424050e-02
125 4 4.71238898e+00 9.83465828e-02
126 4 4.71238898e+00 1.02068302e-01
127 4 4.71238898e+00 1.00596280e-01
128 4 4.71238898e+00 1.00810527e-01
129 4 4.71238898e+00 9.84578457e-02
130 4 4.71238898e+00 9.95891263e-02
131 4 4.71238898e+00 1.00080348e-01
132 4 4.71238898e+00 9.89757025e-02
133 4 4.71238898e+00 9.86122003e-02
134 4 4.71238898e+00 1.00824243e-01
135 4 4.71238898e+00 1.00190716e-01
136 4 4.71238898e+00 9.86168432e-02
137 4 4.71238898e+00 9.75917610e-02
138 4 4.71238898e+00 1.00085457e-01
139 4 4.71238898e+00 9.78790847e-02
140 4 4.71238898e+00 1.00656864e-01
141 4 4.71238898e+00 1.00385514e-01
142 4 4.71238898e+00 9.99843946e-02
143 4 4.71238898e+00 9.94580398e-02
144 4 4.71238898e+00 9.94366420e-02
145 4 4.71238898e+00 1.01618846e-01
146 4 4.71238898e+00 9.99241074e-02
147 4 4.71238898e+00 1.00078376e-01
148 4 4.71238898e+00 1.00662235e-01
149 4 4.71238898e+00 1.02758087e-01
150 4 4.71238898e+00 9.82339308e-02
151 4 4.71238898e+00 1.01214251e-01
152 4 4.71238898e+00 9.96980821e-02
153 4 4.71238898e+00 9.99540885e-02
154 4 4.71238898e+00 1.00641009e-01
155 4 4.71238898e+00 1.01936016e-01
156 4 4.71238898e+00 1.02498814e-01
157 4 4.71238898e+00 1.00588276e-01
158 4 4.71238898e+00 1.03342001e-01
159 4 4.71238898e+00 1.00501199e-01
160 4 4.71238898e+00 9.83058133e-02
161 4 4.71238898e+00 9.81539040e-02
162 4 4.71238898e+00 1.00341853e-01
163 4 4.71238898e+00 1.01279358e-01
164 4 4.71238898e+00 9.96719842e-02
165 4 4.71238898e+00 9.87903823e-02
166 4 4.71238898e+00 1.02780854e-01
167 4 4.71238898e+00 1.01671746e-01
168 4 4.71238898e+00 1.01060562e-01
169 4 4.71238898e+00 1.00013330e-01
170 4 4.71238898e+00 1.00845698e-01
171 4 4.71238898e+00 1.00466531e-01
172 4 4.71238898e+00 1.01518133e-01
173 4 4.71238898e+00 1.01098285e-01
174 4 4.71238898e+00 1.02387699e-01
175 4 4.71238898e+00 1.03085277e-01
176 4 4.71238898e+00 1.02844648e-01
177 4 4.71238898e+00 1.00138751e-01
178 4 4.71238898e+00 9.86896931e-02
179 4 4.71238898e+00 1.01765807e-01
180 4 4.71238898e+00 1.00236165e-01
181 4 4.71238898e+00 9.98275551e-02
182 4 4.71238898e+00 1.01083173e-01
183 4 4.71238898e+00 9.94994250e-02
184 4 4.71238898e+00 1.01008140e-01
185 4 4.71238898e+00 1.00354845e-01
186 4 4.71238898e+00 9.95478397e-02
187 4 4.71238898e+00 1.00871194e-01
188 4 4.71238898e+00 9.95183942e-02
189 4 4.71238898e+00 9.96669434e-02
190 4 4.71238898e+00 1.01116255e-01
191 4 4.71238898e+00 1.03828190e-01
192 4 4.71238898e+00 1.01775361e-01
193 4 4.71238898e+00 1.00329264e-01
194 4 4.71238898e+00 9.98550197e-02
195 4 4.71238898e+00 1.01189781e-01
196 4 4.71238898e+00 1.01189751e-01
197 4 4.71238898e+00 1.00910370e-01
198 4 4.71238898e+00 1.00244572e-01
199 4 4.71238898e+00 1.01281952e-01
200 4 4.71238898e+00 9.87541943e-02
201 4 4.71238898e+00 1.00712687e-01
202 4 4.71238898e+00 9.84887929e-02
203 4 4.71238898e+00 9.88375811e-02
204 4 4.71238898e+00 9.96449268e-02
205 4 4.71238898e+00 1.02471968e-01
206 4 4.71238898e+00 9.83467064e-02
207 4 4.71238898e+00 9.90906008e-02
208 4 4.71238898e+00 1.00540295e-01
209 4 4.71238898e+00 1.01224938e-01
210 4 4.71238898e+00 9.80416967e-02
211 4 4.71238898e+00 9.99656736e-02
212 4 4.71238898e+00 9.83566964e-02
213 4 4.71238898e+00 9.96931885e-02
214 4 4.71238898e+00 9.90606379e-02
215 4 4.71238898e+00 1.02469237e-01
216 4 4.71238898e+00 1.00315228e-01
217 4 4.71238898e+00 1.02753213e-01
218 4 4.71238898e+00 1.02708576e-01
219 4 4.71238898e+00 1.00248358e-01
220 4 4.71238898e+00 1.01386786e-01
221 4 4.71238898e+00 1.00515249e-01
222 4 4.71238898e+00 1.00170574e-01
223 4 4.71238898e+00 1.01430328e-01
224 4 4.71238898e+00 9.79679067e-02
225 4 4.71238898e+00 1.00115425e-01
226 4 4.71238898e+00 9.99259509e-02
227 4 4.71238898e+00 1.01008805e-01
228 4 4.71238898e+00 1.00314193e-01
229 4 4.71238898e+00 1.00071771e-01
230 4 4.71238898e+00 1.00247424e-01
231 4 4.71238898e+00 1.01527435e-01
232 4 4.71238898e+00 1.01009742e-01
233 4 4.71238898e+00 9.96056409e-02
234 4 4.71238898e+00 1.00297544e-01
235 4 4.71238898e+00 1.00174361e-01
236 4 4.71238898e+00 9.93661703e-02
237 4 4.71238898e+00 1.02512478e-01
238 4 4.71238898e+00 1.00958310e-01
239 4 4.71238898e+00 1.00709147e-01
240 4 4.71238898e+00 1.01172988e-01
241 4 4.71238898e+00 9.84960027e-02
242 4 4.71238898e+00 1.00193917e-01
243 4 4.71238898e+00 9.98385313e-02
244 4 4.71238898e+00 9.68224113e-02
245 4 4.71238898e+00 9.68236302e-02
246 4 4.71238898e+00 1.00679045e-01
247 4 4.71238898e+00 1.01730971e-01
248 4 4.71238898e+00 9.92401702e-02
249 4 4.71238898e+00 1.00214609e-01
250 4 4.71238898e+00 1.00910162e-01
251 4 4.71238898e+00 9.84209003e-02
252 4 4.71238898e+00 1.00353428e-01
253 4 4.71238898e+00 1.00264361e-01
254 4 4.71238898e+00 9.97562976e-02
255 4 4.71238898e+00 9.95896591e-02
256 4 4.71238898e+00 1.00865672e-01
257 4 4.71238898e+00 1.00714217e-01
258 4 4.71238898e+00 9.96851721e-02
259 4 4.71238898e+00 1.00449860e-01
260 4 4.71238898e+00 1.00694735e-01
261 4 4.71238898e+00 1.00993571e-01
262 4 4.71238898e+00 1.00093193e-01
263 4 4.71238898e+00 9.73124198e-02
264 4 4.71238898e+00 9.92693550e-02
265 4 4.71238898e+00 1.00955813e-01
266 4 4.71238898e+00 9.83195124e-02
267 4 4.71238898e+00 1.02055766e-01
268 4 4.71238898e+00 9.84916510e-02
269 4 4.71238898e+00 1.01166514e-01
270 4 4.71238898e+00 9.97043687e-02
271 4 4.71238898e+00 1.02257085e-01
272 4 4.71238898e+00 1.00093788e-01
273 4 4.71238898e+00 9.94925492e-02
274 4 4.71238898e+00 9.98620801e-02
275 4 4.71238898e+00 9.98379994e-02
276 4 4.71238898e+00 1.01037849e-01
277 4 4.71238898e+00 9.95292718e-02
278 4 4.71238898e+00 1.02890032e-01
279 4 4.71238898e+00 1.01118685e-01
280 4 4.71238898e+00 1.00208508e-01
281 4 4.71238898e+00 9.96734660e-02
282 4 4.71238898e+00 1.01556444e-01
283 4 4.71238898e+00 1.02491067e-01
284 4 4.71238898e+00 9.87500161e-02
285 4 4.71238898e+00 9.83942564e-02
286 4 4.71238898e+00 9.88112305e-02
287 4 4.71238898e+00 9.89119676e-02
288 4 4.71238898e+00 1.01808302e-01
289 4 4.71238898e+00 1.00406750e-01
290 4 4.71238898e+00 1.01298618e-01
291 4 4.71238898e+00 1.00515712e-01
292 4 4.71238898e+00 9.95981380e-02
293 4 4.71238898e+00 1.02250030e-01
294 4 4.71238898e+00 1.01206902e-01
295 4 4.71238898e+00 1.00856684e-01
296 4 4.71238898e+00 1.01799696e-01
297 4 4.71238898e+00 9.95705381e-02
298 4 4.71238898e+00 1.00250702e-01
299 4 4.71238898e+00 9.80637153e-02
300 4 4.71238898e+00 1.02745061e-01
301 4 4.71238898e+00 9.94561784e-02
302 4 4.71238898e+00 9.77703680e-02
303 4 4.71238898e+00 9.83061067e-02
304 4 4.71238898e+00 1.00845404e-01
305 4 4.71238898e+00 9.84736656e-02
306 4 4.71238898e+00 9.78273466e-02
307 4 4.71238898e+00 1.00829073e-01
308 4 4.71238898e+00 1.00093950e-01
309 4 4.71238898e+00 1.01910961e-01
310 4 4.71238898e+00 1.00670196e-01
311 4 4.71238898e+00 9.72727162e-02
312 4 4.71238898e+00 1.01826929e-01
313 4 4.71238898e+00 9.84339756e-02
314 4 4.71238898e+00 9.98994729e-02
315 4 4.71238898e+00 9.88479346e-02
316 4 4.71238898e+00 9.87641319e-02
317 4 4.71238898e+00 9.92948203e-02
318 4 4.71238898e+00 9.87006825e-02
319 4 4.71238898e+00 1.00569984e-01
320 4 4.71238898e+00 1.01331614e-01
321 4 4.71238898e+00 1.01051601e-01
322 4 4.71238898e+00 1.02160037e-01
323 4 4.71238898e+00 1.01374990e-01
324 4 4.71238898e+00 1.01408812e-01
325 4 4.71238898e+00 1.01907621e-01
326 4 4.71238898e+00 9.96241031e-02
327 4 4.71238898e+00 1.01240562e-01
328 4 4.71238898e+00 9.98772760e-02
329 4 4.71238898e+00 9.96874710e-02
330 4 4.71238898e+00 9.91346695e-02
331 4 4.71238898e+00 1.02962806e-01
332 4 4.71238898e+00 1.00827427e-01
333 4 4.71238898e+00 9.95715082e-02
334 4 4.71238898e+00 9.95556041e-02
335 4 4.71238898e+00 1.01647224e-01
336 4 4.71238898e+00 9.88455801e-02
337 4 4.71238898e+00 1.00789768e-01
338 4 4.71238898e+00 9.93241872e-02
339 4 4.71238898e+00 9.89715508e-02
340 4 4.71238898e+00 9.93664518e-02
341 4 4.71238898e+00 9.80767781e-02
342 4 4.71238898e+00 9.87751873e-02
343 4 4.71238898e+00 1.00476378e-01
344 4 4.71238898e+00 9.80124695e-02
345 4 4.71238898e+00 1.00875848e-01
346 4 4.71238898e+00 9.81797284e-02
347 4 4.71238898e+00 9.81073102e-02
348 4 4.71238898e+00 9.88870773e-02
349 4 4.71238898e+00 1.00344366e-01
350 4 4.71238898e+00 1.01378754e-01
351 4 4.71238898e+00 1.00574347e-01
352 4 4.71238898e+00 9.92154830e-02
353 4 4.71238898e+00 9.94868505e-02
354 4 4.71238898e+00 1.01691514e-01
355 4 4.71238898e+00 1.00649950e-01
356 4 4.71238898e+00 1.01741963e-01
357 4 4.71238898e+00 1.02711665e-01
358 4 4.71238898e+00 9.95246041e-02
359 4 4.71238898e+00 9.86475657e-02
360 4 4.71238898e+00 1.02290279e-01
361 4 4.71238898e+00 1.01154420e-01
362 4 4.71238898e+00 1.00841703e-01
363 4 4.71238898e+00 1.03629970e-01
364 4 4.71238898e+00 1.01074689e-01
365 4 4.71238898e+00 9.95427445e-02
366 4 4.71238898e+00 1.00614509e-01
367 4 4.71238898e+00 1.00424873e-01
368 4 4.71238898e+00 9.81320668e-02
369 4 4.71238898e+00 1.00559622e-01
370 4 4.71238898e+00 1.00414317e-01
371 4 4.71238898e+00 9.90265970e-02
372 4 4.71238898e+00 1.01306570e-01
373 4 4.71238898e+00 9.88923342e-02
374 4 4.71238898e+00 9.87478812e-02
375 4 4.71238898e+00 9.85819586e-02
376 4 4.71238898e+00 9.89589294e-02
377 4 4.71238898e+00 1.00551569e-01
378 4 4.71238898e+00 1.01489472e-01
379 4 4.71238898e+00 1.02442053e-01
380 4 4.71238898e+00 1.00464853e-01
381 4 4.71238898e+00 9.90305000e-02
382 4 4.71238898e+00 9.84672247e-02
383 4 4.71238898e+00 1.00131625e-01
384 4 4.71238898e+00 1.02021905e-01
385 4 4.71238898e+00 1.00692684e-01
386 4 4.71238898e+00 9.88996649e-02
387 4 4.71238898e+00 9.92093975e-02
388 4 4.71238898e+00 1.00598212e-01
389 4 4.71238898e+00 9.97426431e-02
390 4 4.71238898e+00 1.02011293e-01
391 4 4.71238898e+00 9.91688822e-02
392 4 4.71238898e+00 9.93556358e-02
393 4 4.71238898e+00 1.00243060e-01
394 4 4.71238898e+00 1.00686407e-01
395 4 4.71238898e+00 1.01615910e-01
396 4 4.71238898e+00 9.70423474e-02
397 4 4.71238898e+00 9.90936429e-02
398 4 4.71238898e+00 9.93343027e-02
399 4 4.71238898e+00 1.00790419e-01
400 4 4.71238898e+00 1.00158610e-01
401 4 4.71238898e+00 9.73505492e-02
402 4 4.71238898e+00 1.01029972e-01
403 4 4.71238898e+00 1.02674565e-01
404 4 4.71238898e+00 9.88708191e-02
405 4 4.71238898e+00 9.84004609e-02
406 4 4.71238898e+00 9.88398031e-02
407 4 4.71238898e+00 1.00540888e-01
408 4 4.71238898e+00 1.00201084e-01
409 4 4.71238898e+00 9.86836383e-02
410 4 4.71238898e+00 1.00145818e-01
411 4 4.71238898e+00 1.00625930e-01
412 4 4.71238898e+00 1.00118471e-01
413 4 4.71238898e+00 9.93826936e-02
414 4 4.71238898e+00 1.00351206e-01
415 4 4.71238898e+00 9.95804042e-02
416 4 4.71238898e+00 1.00143296e-01
417 4 4.71238898e+00 9.70304133e-02
418 4 4.71238898e+00 9.89735970e-02
419 4 4.71238898e+00 1.00390680e-01
420 4 4.71238898e+00 1.01757458e-01
421 4 4.71238898e+00 9.99816195e-02
422 4 4.71238898e+00 1.01998388e-01
423 4 4.71238898e+00 1.00451296e-01
424 4 4.71238898e+00 1.00314955e-01
425 4 4.71238898e+00 1.00978606e-01
426 4 4.71238898e+00 9.92789434e-02
427 4 4.71238898e+00 9.92493885e-02
428 4 4.71238898e+00 9.93058021e-02
429 4 4.71238898e+00 1.02652038e-01
430 4 4.71238898e+00 1.02500569e-01
431 4 4.71238898e+00 9.88618480e-02
432 4 4.71238898e+00 9.99179505e-02
433 4 4.71238898e+00 9.67931825e-02
434 4 4.71238898e+00 9.96238297e-02
435 4 4.71238898e+00 1.00136453e-01
436 4 4.71238898e+00 9.98730627e-02
437 4 4.71238898e+00 9.95852831e-02
438 4 4.71238898e+00 1.00880250e-01
439 4 4.71238898e+00 1.00759406e-01
440 4 4.71238898e+00 9.92534387e-02
441 4 4.71238898e+00 1.00661497e-01
442 4 4.71238898e+00 9.82086324e-02
443 4 4.71238898e+00 9.79645017e-02
444 4 4.71238898e+00 1.00631213e-01
445 4 4.71238898e+00 1.01226057e-01
446 4 4.71238898e+00 1.00822739e-01
447 4 4.71238898e+00 9.98011408e-02
448 4 4.71238898e+00 1.01180361e-01
449 4 4.71238898e+00 1.03514075e-01
450 4 4.71238898e+00 1.02003217e-01
451 4 4.71238898e+00 1.00590381e-01
452 4 4.71238898e+00 1.00070348e-01
453 4 4.71238898e+00 1.00878494e-01
454 4 4.71238898e+00 1.00851075e-01
455 4 4.71238898e+00 1.00531821e-01
456 4 4.71238898e+00 1.01968171e-01
457 4 4.71238898e+00 1.00379048e-01
458 4 4.71238898e+00 1.02153377e-01
459 4 4.71238898e+00 9.90621445e-02
460 4 4.71238898e+00 1.00060557e-01
461 4 4.71238898e+00 1.01291817e-01
462 4 4.71238898e+00 9.95802395e-02
463 4 4.71238898e+00 1.01757123e-01
464 4 4.71238898e+00 9.96382450e-02
465 4 4.71238898e+00 1.02037333e-01
466 4 4.71238898e+00 1.00726445e-01
467 4 4.71238898e+00 9.90000337e-02
468 4 4.71238898e+00 9.91681440e-02
469 4 4.71238898e+00 9.93964342e-02
470 4 4.71238898e+00 1.00237153e-01
471 4 4.71238898e+00 9.80526986e-02
472 4 4.71238898e+00 1.00578365e-01
473 4 4.71238898e+00 1.02428521e-01
474 4 4.71238898e+00 1.00222784e-01
475 4 4.71238898e+00 1.00872918e-01
476 4 4.71238898e+00 1.00716014e-01
477 4 4.71238898e+00 1.02085279e-01
478 4 4.71238898e+00 1.03299980e-01
479 4 4.71238898e+00 1.01103180e-01
480 4 4.71238898e+00 1.01654788e-01
481 4 4.71238898e+00 9.98851853e-02
482 4 4.71238898e+00 9.97145973e-02
483 4 4.71238898e+00 1.01720392e-01
484 4 4.71238898e+00 9.84230248e-02
485 4 4.71238898e+00 9.93224686e-02
486 4 4.71238898e+00 9.98535647e-02
487 4 4.71238898e+00 1.00543204e-01
488 4 4.71238898e+00 9.94857680e-02
489 4 4.71238898e+00 1.00743778e-01
490 4 4.71238898e+00 1.01784227e-01
491 4 4.71238898e+00 9.92025769e-02
492 4 4.71238898e+00 1.00702926e-01
493 4 4.71238898e+00 1.00217639e-01
494 4 4.71238898e+00 9.89809394e-02
495 4 4.71238898e+00 9.92442783e-02
496 4 4.71238898e+00 9.91307731e-02
497 4 4.71238898e+00 9.88073457e-02
498 4 4.71238898e+00 9.98146781e-02
499 4 4.71238898e+00 1.01665611e-01
500 4 4.71238898e+00 9.90185529e-02
501 4 4.71238898e+00 1.01111176e-01
502 4 4.71238898e+00 1.00208326e-01
503 4 4.71238898e+00 1.02546420e-01
504 4 4.71238898e+00 1.00986384e-01
505 4 4.71238898e+00 1.01418370e-01
506 4 4.71238898e+00 1.01881815e-01
507 4 4.71238898e+00 9.93013306e-02
508 4 4.71238898e+00 1.00920461e-01
509 4 4.71238898e+00 9.84378295e-02
510 4 4.71238898e+00 9.96974155e-02
511 4 4.71238898e+00 1.01901443e-01
512 4 4.71238898e+00 1.01473257e-01
513 4 4.71238898e+00 9.98550382e-02
514 4 4.71238898e+00 1.00790862e-01
515 4 4.71238898e+00 1.02060771e-01
516 4 4.71238898e+00 9.85668611e-02
517 4 4.71238898e+00 1.00572804e-01
518 4 4.71238898e+00 1.01634344e-01
519 4 4.71238898e+00 1.02593244e-01
520 4 4.71238898e+00 1.01748320e-01
521 4 4.71238898e+00 9.86176150e-02
522 4 4.71238898e+00 9.92315644e-02
523 4 4.71238898e+00 9.97944646e-02
524 4 4.71238898e+00 9.98781973e-02
525 4 4.71238898e+00 1.02047657e-01
526 4 4.71238898e+00 1.01452244e-01
527 4 4.71238898e+00 1.01937270e-01
528 4 4.71238898e+00 1.00506352e-01
529 4 4.71238898e+00 1.01212983e-01
530 4 4.71238898e+00 1.01945941e-01
531 4 4.71238898e+00 9.87962551e-02
532 4 4.71238898e+00 9.84134540e-02
533 4 4.71238898e+00 1.00774271e-01
534 4 4.71238898e+00 9.96415926e-02
535 4 4.71238898e+00 9.93354330e-02
536 4 4.71238898e+00 9.96522759e-02
537 4 4.71238898e+00 1.00616539e-01
538 4 4.71238898e+00 9.99224829e-02
539 4 4.71238898e+00 9.92109050e-02
540 4 4.71238898e+00 9.92252535e-02
541 4 4.71238898e+00 1.01487898e-01
542 4 4.71238898e+00 1.02410401e-01
543 4 4.71238898e+00 9.97267623e-02
544 4 4.71238898e+00 9.93683594e-02
545 4 4.71238898e+00 1.00059325e-01
546 4 4.71238898e+00 1.00996993e-01
547 4 4.71238898e+00 9.93168913e-02
548 4 4.71238898e+00 9.77376891e-02
549 4 4.71238898e+00 1.00898195e-01
550 4 4.71238898e+00 1.01612883e-01
551 4 4.71238898e+00 1.02601463e-01
552 4 4.71238898e+00 1.00480926e-01
553 4 4.71238898e+00 1.01677034e-01
554 4 4.71238898e+00 1.00843993e-01
555 4 4.71238898e+00 9.77912024e-02
556 4 4.71238898e+00 1.00588751e-01
557 4 4.71238898e+00 1.01146837e-01
558 4 4.71238898e+00 1.01068692e-01
559 4 4.71238898e+00 1.00522099e-01
560 4 4.71238898e+00 9.97663141e-02
561 4 4.71238898e+00 9.87006355e-02
562 4 4.71238898e+00 9.87190900e-02
563 4 4.71238898e+00 9.91788518e-02
564 4 4.71238898e+00 9.93767206e-02
565 4 4.71238898e+00 1.00870069e-01
566 4 4.71238898e+00 1.01983098e-01
567 4 4.71238898e+00 1.02417021e-01
568 4 4.71238898e+00 1.01309904e-01
569 4 4.71238898e+00 1.01821015e-01
570 4 4.71238898e+00 1.01308615e-01
571 4 4.71238898e+00 1.01296454e-01
572 4 4.71238898e+00 1.00267957e-01
573 4 4.71238898e+00 9.98068520e-02
574 4 4.71238898e+00 1.00434734e-01
575 4 4.71238898e+00 1.00321155e-01
576 4 4.71238898e+00 9.98963447e-02
577 4 4.71238898e+00 9.97328593e-02
578 4 4.71238898e+00 1.01911820e-01
579 4 4.71238898e+00 1.02328727e-01
580 4 4.71238898e+00 9.98850741e-02
581 4 4.71238898e+00 1.02163275e-01
582 4 4.71238898e+00 1.02274151e-01
583 4 4.71238898e+00 1.00673086e-01
584 4 4.71238898e+00 9.91942781e-02
585 4 4.71238898e+00 1.00432522e-01
586 4 4.71238898e+00 1.01049063e-01
587 4 4.71238898e+00 9.85205115e-02
588 4 4.71238898e+00 9.98629146e-02
589 4 4.71238898e+00 9.98267959e-02
590 4 4.71238898e+00 1.00054435e-01
591 4 4.71238898e+00 1.02580035e-01
592 4 4.71238898e+00 1.01222956e-01
593 4 4.71238898e+00 1.01056545e-01
594 4 4.71238898e+00 1.00661263e-01
595 4 4.71238898e+00 9.76517304e-02
596 4 4.71238898e+00 1.00484116e-01
597 4 4.71238898e+00 9.96721891e-02
598 4 4.71238898e+00 1.00287388e-01
599 4 4.71238898e+00 1.00438496e-01
600 4 4.71238898e+00 1.01658384e-01
601 4 4.71238898e+00 9.93259971e-02
602 4 4.71238898e+00 1.01036014e-01
603 4 4.71238898e+00 9.83479508e-02
604 4 4.71238898e+00 1.00087226e-01
605 4 4.71238898e+00 9.74758375e-02
606 4 4.71238898e+00 1.01741033e-01
607 4 4.71238898e+00 1.01318906e-01
608 4 4.71238898e+00 1.02329301e-01
609 4 4.71238898e+00 1.00156572e-01
610 4 4.71238898e+00 1.00814637e-01
611 4 4.71238898e+00 9.96789598e-02
612 4 4.71238898e+00 1.00897423e-01
613 4 4.71238898e+00 9.94833373e-02
614 4 4.71238898e+00 1.01200365e-01
615 4 4.71238898e+00 9.97596507e-02
616 4 4.71238898e+00 1.01560021e-01
617 4 4.71238898e+00 9.97176612e-02
618 4 4.71238898e+00 9.99627487e-02
619 4 4.71238898e+00 1.01321361e-01
620 4 4.71238898e+00 1.01816632e-01
621 4 4.71238898e+00 1.02443931e-01
622 4 4.71238898e+00 1.00819602e-01
623 4 4.71238898e+00 1.02071988e-01
624 4 4.71238898e+00 9.95733943e-02
625 4 4.71238898e+00 1.00039915e-01
626 4 4.71238898e+00 9.89095044e-02
627 4 4.71238898e+00 9.92211483e-02
628 4 4.71238898e+00 1.01960802e-01
629 4 4.71238898e+00 9.91099866e-02
630 4 4.71238898e+00 1.00613105e-01
631 4 4.71238898e+00 1.00586287e-01
632 4 4.71238898e+00 9.86501129e-02
633 4 4.71238898e+00 9.92910603e-02
634 4 4.71238898e+00 9.88164639e-02
635 4 4.71238898e+00 1.00070825e-01
636 4 4.71238898e+00 1.00090158e-01
637 4 4.71238898e+00 1.01187355e-01
638 4 4.71238898e+00 9.80173041e-02
639 4 4.71238898e+00 9.66079646e-02
640 4 4.71238898e+00 1.02661703e-01
641 4 4.71238898e+00 1.02932316e-01
642 4 4.71238898e+00 9.98581551e-02
643 4 4.71238898e+00 9.86850204e-02
644 4 4.71238898e+00 9.95047026e-02
645 4 4.71238898e+00 9.90809069e-02
646 4 4.71238898e+00 1.00072888e-01
647 4 4.71238898e+00 9.98205480e-02
648 4 4.71238898e+00 9.91816803e-02
649 4 4.71238898e+00 1.01746378e-01
650 4 4.71238898e+00 1.00775611e-01
651 4 4.71238898e+00 1.01327258e-01
652 4 4.71238898e+00 1.00921883e-01
653 4 4.71238898e+00 1.01309349e-01
654 4 4.71238898e+00 9.94959531e-02
655 4 4.71238898e+00 1.03302526e-01
656 4 4.71238898e+00 1.00708867e-01
657 4 4.71238898e+00 9.84707724e-02
658 4 4.71238898e+00 1.01374390e-01
659 4 4.71238898e+00 1.02112387e-01
660 4 4.71238898e+00 1.00120084e-01
661 4 4.71238898e+00 1.00944822e-01
662 4 4.71238898e+00 1.02299379e-01
663 4 4.71238898e+00 1.00132328e-01
664 4 4.71238898e+00 1.01023573e-01
665 4 4.71238898e+00 9.99553998e-02
666 4 4.71238898e+00 1.03422151e-01
667 4 4.71238898e+00 1.00916143e-01
668 4 4.71238898e+00 1.01645233e-01
669 4 4.71238898e+00 9.96811237e-02
670 4 4.71238898e+00 9.94115080e-02
671 4 4.71238898e+00 9.94623395e-02
672 4 4.71238898e+00 1.01559992e-01
673 4 4.71238898e+00 1.02295910e-01
674 4 4.71238898e+00 1.00247478e-01
675 4 4.71238898e+00 9.74658002e-02
676 4 4.71238898e+00 1.00343731e-01
677 4 4.71238898e+00 1.01521975e-01
678 4 4.71238898e+00 1.00376291e-01
679 4 4.71238898e+00 1.00340167e-01
680 4 4.71238898e+00 1.00807293e-01
681 4 4.71238898e+00 1.00161131e-01
682 4 4.71238898e+00 9.93477691e-02
683 4 4.71238898e+00 1.00795295e-01
684 4 4.71238898e+00 9.95400839e-02
685 4 4.71238898e+00 1.00376410e-01
686 4 4.71238898e+00 9.94808758e-02
687 4 4.71238898e+00 9.82464491e-02
688 4 4.71238898e+00 1.00284898e-01
689 4 4.71238898e+00 1.00768748e-01
690 4 4.71238898e+00 9.86945181e-02
691 4 4.71238898e+00 9.99080637e-02
692 4 4.71238898e+00 1.01104761e-01
693 4 4.71238898e+00 1.00367611e-01
694 4 4.71238898e+00 9.84825398e-02
695 4 4.71238898e+00 9.83993559e-02
696 4 4.71238898e+00 1.00863440e-01
697 4 4.71238898e+00 1.01519025e-01
698 4 4.71238898e+00 1.01049201e-01
699 4 4.71238898e+00 1.01409399e-01
700 4 4.71238898e+00 1.01426721e-01
701 4 4.71238898e+00 1.00454437e-01
702 4 4.71238898e+00 1.01822704e-01
703 4 4.71238898e+00 9.87121449e-02
704 4 4.71238898e+00 1.02670650e-01
705 4 4.71238898e+00 9.87321359e-02
706 4 4.71238898e+00 1.00794936e-01
707 4 4.71238898e+00 1.00674365e-01
708 4 4.71238898e+00 9.98144671e-02
709 4 4.71238898e+00 9.99553099e-02
710 4 4.71238898e+00 9.93952394e-02
711 4 4.71238898e+00 1.01681982e-01
712 4 4.71238898e+00 1.00304561e-01
713 4 4.71238898e+00 9.97112073e-02
714 4 4.71238898e+00 9.95595431e-02
715 4 4.71238898e+00 1.00350485e-01
716 4 4.71238898e+00 1.00604352e-01
717 4 4.71238898e+00 1.02659527e-01
718 4 4.71238898e+00 1.01271740e-01
719 4 4.71238898e+00 1.00513226e-01
720 4 4.71238898e+00 9.95796732e-02
721 4 4.71238898e+00 1.00227350e-01
722 4 4.71238898e+00 1.01793113e-01
723 4 4.71238898e+00 1.00986988e-01
724 4 4.71238898e+00 9.76447575e-02
725 4 4.71238898e+00 9.99738938e-02
726 4 4.71238898e+00 9.82281928e-02
727 4 4.71238898e+00 1.03531788e-01
728 4 4.71238898e+00 1.00932249e-01
729 4 4.71238898e+00 1.00171898e-01
730 4 4.71238898e+00 9.66764283e-02
731 4 4.71238898e+00 9.86067473e-02
732 4 4.71238898e+00 9.92613305e-02
733 4 4.71238898e+00 9.98536487e-02
734 4 4.71238898e+00 1.01909591e-01
735 4 4.71238898e+00 1.00806818e-01
736 4 4.71238898e+00 1.00502263e-01
737 4 4.71238898e+00 1.00229600e-01
738 4 4.71238898e+00 1.00845940e-01
739 4 4.71238898e+00 1.01246695e-01
740 4 4.71238898e+00 1.00129850e-01
741 4 4.71238898e+00 9.96261996e-02
742 4 4.71238898e+00 9.95311957e-02
743 4 4.71238898e+00 9.86860586e-02
744 4 4.71238898e+00 9.72655525e-02
745 4 4.71238898e+00 9.95371575e-02
746 4 4.71238898e+00 9.80407225e-02
747 4 4.71238898e+00 9.96730336e-02
748 4 4.71238898e+00 1.02163076e-01
749 4 4.71238898e+00 1.01532466e-01
750 4 4.71238898e+00 1.00565848e-01
751 4 4.71238898e+00 1.00375287e-01
752 4 4.71238898e+00 9.75660959e-02
753 4 4.71238898e+00 9.93181261e-02
754 4 4.71238898e+00 1.00382718e-01
755 4 4.71238898e+00 9.98252865e-02
756 4 4.71238898e+00 1.00387125e-01
757 4 4.71238898e+00 1.00364568e-01
758 4 4.71238898e+00 1.00777034e-01
759 4 4.71238898e+00 1.00231672e-01
760 4 4.71238898e+00 1.00526188e-01
761 4 4.71238898e+00 1.01157927e-01
762 4 4.71238898e+00 9.70423698e-02
763 4 4.71238898e+00 9.98817842e-02
764 4 4.71238898e+00 1.00225103e-01
765 4 4.71238898e+00 9.79452215e-02
766 4 4.71238898e+00 1.00991414e-01
767 4 4.71238898e+00 1.02249919e-01
768 4 4.71238898e+00 1.02705700e-01
769 4 4.71238898e+00 9.99412600e-02
770 4 4.71238898e+00 1.01018515e-01
771 4 4.71238898e+00 1.00386030e-01
772 4 4.71238898e+00 1.00322593e-01
773 4 4.71238898e+00 1.01925838e-01
774 4 4.71238898e+00 1.00944256e-01
775 4 4.71238898e+00 1.00023158e-01
776 4 4.71238898e+00 1.00116010e-01
777 4 4.71238898e+00 9.92749961e-02
778 4 4.71238898e+00 9.92461076e-02
779 4 4.71238898e+00 9.93331603e-02
780 4 4.71238898e+00 9.94388795e-02
781 4 4.71238898e+00 1.00587166e-01
782 4 4.71238898e+00 9.98795071e-02
783 4 4.71238898e+00 1.01811633e-01
784 4 4.71238898e+00 1.01150174e-01
785 4 4.71238898e+00 1.00159506e-01
786 4 4.71238898e+00 9.87580952e-02
787 4 4.71238898e+00 1.02018617e-01
788 4 4.71238898e+00 1.00141172e-01
789 4 4.71238898e+00 9.80400097e-02
790 4 4.71238898e+00 9.95926393e-02
791 4 4.71238898e+00 9.87170952e-02
792 4 4.71238898e+00 9.89301291e-02
793 4 4.71238898e+00 9.85572372e-02
794 4 4.71238898e+00 9.97839830e-02
795 4 4.71238898e+00 1.02549081e-01
796 4 4.71238898e+00 1.02253392e-01
797 4 4.71238898e+00 1.00594593e-01
798 4 4.71238898e+00 1.01002761e-01
799 4 4.71238898e+00 9.92441136e-02
800 4 4.71238898e+00 9.82711023e-02
801 4 4.71238898e+00 1.02205843e-01
802 4 4.71238898e+00 9.93217252e-02
803 4 4.71238898e+00 1.02809655e-01
804 4 4.71238898e+00 1.01072487e-01
805 4 4.71238898e+00 1.03050656e-01
806 4 4.71238898e+00 1.01732978e-01
807 4 4.71238898e+00 9.98506273e-02
808 4 4.71238898e+00 1.00356012e-01
809 4 4.71238898e+00 1.00154637e-01
810 4 4.71238898e+00 1.00027132e-01
811 4 4.71238898e+00 9.94736541e-02
812 4 4.71238898e+00 9.93747489e-02
813 4 4.71238898e+00 1.00199591e-01
814 4 4.71238898e+00 1.00715336e-01
815 4 4.71238898e+00 9.94243020e-02
816 4 4.71238898e+00 9.95502622e-02
817 4 4.71238898e+00 1.00633172e-01
818 4 4.71238898e+00 1.00365115e-01
819 4 4.71238898e+00 1.01864865e-01
820 4 4.71238898e+00 9.97646106e-02
821 4 4.71238898e+00 1.00395589e-01
822 4 4.71238898e+00 1.01497584e-01
823 4 4.71238898e+00 1.01188872e-01
824 4 4.71238898e+00 9.92980572e-02
825 4 4.71238898e+00 9.92525557e-02
826 4 4.71238898e+00 1.00904855e-01
827 4 4.71238898e+00 1.01568319e-01
828 4 4.71238898e+00 1.00914227e-01
829 4 4.71238898e+00 1.00586131e-01
830 4 4.71238898e+00 1.01739827e-01
831 4 4.71238898e+00 1.00954555e-01
832 4 4.71238898e+00 9.92678309e-02
833 4 4.71238898e+00 1.01626790e-01
834 4 4.71238898e+00 9.72920460e-02
835 4 4.71238898e+00 1.00417228e-01
836 4 4.71238898e+00 9.87687745e-02
837 4 4.71238898e+00 1.01146599e-01
838 4 4.71238898e+00 1.00785477e-01
839 4 4.71238898e+00 9.80554383e-02
840 4 4.71238898e+00 1.01932557e-01
841 4 4.71238898e+00 9.91584385e-02
842 4 4.71238898e+00 9.87739632e-02
843 4 4.71238898e+00 9.92062634e-02
844 4 4.71238898e+00 1.01301457e-01
845 4 4.71238898e+00 1.02080781e-01
846 4 4.71238898e+00 9.96581971e-02
847 4 4.71238898e+00 9.93622912e-02
848 4 4.71238898e+00 1.00687758e-01
849 4 4.71238898e+00 1.01650426e-01
850 4 4.71238898e+00 1.01092993e-01
851 4 4.71238898e+00 9.98518264e-02
852 4 4.71238898e+00 9.95414675e-02
853 4 4.71238898e+00 1.00534386e-01
854 4 4.71238898e+00 9.95562724e-02
855 4 4.71238898e+00 9.85211142e-02
856 4 4.71238898e+00 1.01093046e-01
857 4 4.71238898e+00 9.91891652e-02
858 4 4.71238898e+00 9.89767120e-02
859 4 4.71238898e+00 1.00871427e-01
860 4 4.71238898e+00 9.91861206e-02
861 4 4.71238898e+00 1.00635729e-01
862 4 4.71238898e+00 1.00639712e-01
863 4 4.71238898e+00 1.02091903e-01
864 4 4.71238898e+00 1.00070270e-01
865 4 4.71238898e+00 9.96296500e-02
866 4 4.71238898e+00 1.02925555e-01
867 4 4.71238898e+00 1.00864812e-01
868 4 4.71238898e+00 9.96674824e-02
869 4 4.71238898e+00 1.00890063e-01
870 4 4.71238898e+00 1.00061344e-01
871 4 4.71238898e+00 9.85090631e-02
872 4 4.71238898e+00 1.00865959e-01
873 4 4.71238898e+00 9.91797559e-02
874 4 4.71238898e+00 1.02586985e-01
875 4 4.71238898e+00 9.99741551e-02
876 4 4.71238898e+00 1.00842392e-01
877 4 4.71238898e+00 1.00249446e-01
878 4 4.71238898e+00 9.99116612e-02
879 4 4.71238898e+00 9.93163066e-02
880 4 4.71238898e+00 1.00012021e-01
881 4 4.71238898e+00 1.02335256e-01
882 4 4.71238898e+00 9.89606331e-02
883 4 4.71238898e+00 1.00597697e-01
884 4 4.71238898e+00 1.00752545e-01
885 4 4.71238898e+00 1.00458839e-01
886 4 4.71238898e+00 9.85040713e-02
887 4 4.71238898e+00 9.86125409e-02
888 4 4.71238898e+00 1.02054611e-01
889 4 4.71238898e+00 1.01427781e-01
890 4 4.71238898e+00 1.00067318e-01
891 4 4.71238898e+00 9.96537044e-02
892 4 4.71238898e+00 1.00639860e-01
893 4 4.71238898e+00 9.80761731e-02
894 4 4.71238898e+00 1.00301508e-01
895 4 4.71238898e+00 9.78953207e-02
896 4 4.71238898e+00 9.99566004e-02
897 4 4.71238898e+00 1.01482440e-01
898 4 4.71238898e+00 1.01195530e-01
899 4 4.71238898e+00 9.91953371e-02
0 5 5.89048623e+00 1.10838050e-01
1 5 5.89048623e+00 1.08991402e-01
2 5 5.89048623e+00 1.10859154e-01
3 5 5.89048623e+00 1.09648632e-01
4 5 5.89048623e+00 1.10041154e-01
5 5 5.89048623e+00 1.08911884e-01
6 5 5.89048623e+00 1.06854247e-01
7 5 5.89048623e+00 1.11066994e-01
8 5 5.89048623e+00 1.08940913e-01
9 5 5.89048623e+00 1.11060963e-01
10 5 5.89048623e+00 1.12339705e-01
11 5 5.89048623e+00 1.12532558e-01
12 5 5.89048623e+00 1.11038352e-01
13 5 5.89048623e+00 1.11352628e-01
14 5 5.89048623e+00 1.08796321e-01
15 5 5.89048623e+00 1.09179506e-01
16 5 5.89048623e+00 1.05624687e-01
17 5 5.89048623e+00 1.11804511e-01
18 5 5.89048623e+00 1.10328068e-01
19 5 5.89048623e+00 1.10589880e-01
20 5 5.89048623e+00 1.10718030e-01
21 5 5.89048623e+00 1.13472184e-01
22 5 5.89048623e+00 1.09645944e-01
23 5 5.89048623e+00 1.11953850e-01
24 5 5.89048623e+00 1.08374454e-01
25 5 5.89048623e+00 1.08814652e-01
26 5 5.89048623e+00 1.08380188e-01
27 5 5.89048623e+00 1.09084760e-01
28 5 5.89048623e+00 1.09988428e-01
29 5 5.89048623e+00 1.13636850e-01
30 5 5.89048623e+00 1.06874451e-01
31 5 5.89048623e+00 1.08951760e-01
32 5 5.89048623e+00 1.06426847e-01
33 5 5.89048623e+00 1.08342214e-01
34 5 5.89048623e+00 1.10185841e-01
35 5 5.89048623e+00 1.12657154e-01
36 5 5.89048623e+00 1.10184648e-01
37 5 5.89048623e+00 1.08962829e-01
38 5 5.89048623e+00 1.07370365e-01
39 5 5.89048623e+00 1.07851713e-01
40 5 5.89048623e+00 1.08170439e-01
41 5 5.89048623e+00 1.09344979e-01
42 5 5.89048623e+00 1.11559243e-01
43 5 5.89048623e+00 1.11439511e-01
44 5 5.89048623e+00 1.08012723e-01
45 5 5.89048623e+00 1.08813803e-01
46 5 5.89048623e+00 1.10993271e-01
47 5 5.89048623e+00 1.09372959e-01
48 5 5.89048623e+00 1.09127949e-01
49 5 5.89048623e+00 1.11332252e-01
50 5 5.89048623e+00 1.12716531e-01
51 5 5.89048623e+00 1.08239227e-01
52 5 5.89048623e+00 1.10223122e-01
53 5 5.89048623e+00 1.08892561e-01
54 5 5.89048623e+00 1.10387939e-01
55 5 5.89048623e+00 1.09892542e-01
56 5 5.89048623e+00 1.10703923e-01
57 5 5.89048623e+00 1.08916890e-01
58 5 5.89048623e+00 1.10756876e-01
59 5 5.89048623e+00 1.11116769e-01
60 5 5.89048623e+00 1.06678822e-01
61 5 5.89048623e+00 1.07413602e-01
62 5 5.89048623e+00 1.11654093e-01
63 5 5.89048623e+00 1.11118773e-01
64 5 5.89048623e+00 1.11553613e-01
65 5 5.89048623e+00 1.11521485e-01
66 5 5.89048623e+00 1.11409262e-01
67 5 5.89048623e+00 1.10977962e-01
68 5 5.89048623e+00 1.09923938e-01
69 5 5.89048623e+00 1.12393838e-01
70 5 5.89048623e+00 1.11087314e-01
71 5 5.89048623e+00 1.08933807e-01
72 5 5.89048623e+00 1.08278231e-01
73 5 5.89048623e+00 1.12416881e-01
74 5 5.89048623e+00 1.11359041e-01
75 5 5.89048623e+00 1.10887001e-01
76 5 5.89048623e+00 1.11387640e-01
77 5 5.89048623e+00 1.09973957e-01
78 5 5.89048623e+00 1.09921481e-01
79 5 5.89048623e+00 1.09228575e-01
80 5 5.89048623e+00 1.11077985e-01
81 5 5.89048623e+00 1.09148048e-01
82 5 5.89048623e+00 1.07830618e-01
83 5 5.89048623e+00 1.07513840e-01
84 5 5.89048623e+00 1.07541327e-01
85 5 5.89048623e+00 1.13505024e-01
86 5 5.89048623e+00 1.10957422e-01
87 5 5.89048623e+00 1.07983470e-01
88 5 5.89048623e+00 1.09680709e-01
89 5 5.89048623e+00 1.10390463e-01
90 5 5.89048623e+00 1.12343571e-01
91 5 5.89048623e+00 1.10957813e-01
92 5 5.89048623e+00 1.09975691e-01
93 5 5.89048623e+00 1.11776158e-01
94 5 5.89048623e+00 1.12439497e-01
95 5 5.89048623e+00 1.11486725e-01
96 5 5.89048623e+00 1.11547096e-01
97 5 5.89048623e+00 1.10768708e-01
98 5 5.89048623e+00 1.13208987e-01
99 5 5.89048623e+00 1.09677806e-01
100 5 5.89048623e+00 1.07292655e-01
101 5 5.89048623e+00 1.10302424e-01
102 5 5.89048623e+00 1.10640603e-01
103 5 5.89048623e+00 1.07941791e-01
104 5 5.89048623e+00 1.11820149e-01
105 5 5.89048623e+00 1.11092999e-01
106 5 5.89048623e+00 1.05725204e-01
107 5 5.89048623e+00 1.12767928e-01
108 5 5.89048623e+00 1.11512123e-01
109 5 5.89048623e+00 1.10175236e-01
110 5 5.89048623e+00 1.09910476e-01
111 5 5.89048623e+00 1.07696198e-01
112 5 5.89048623e+00 1.08083967e-01
113 5 5.89048623e+00 1.10333606e-01
114 5 5.89048623e+00 1.09442603e-01
115 5 5.89048623e+00 1.08345829e-01
116 5 5.89048623e+00 1.10534962e-01
117 5 5.89048623e+00 1.10773672e-01
118 5 5.89048623e+00 1.11201157e-01
119 5 5.89048623e+00 1.08814830e-01
120 5 5.89048623e+00 1.06239799e-01
121 5 5.89048623e+00 1.07697338e-01
122 5 5.89048623e+00 1.05605731e-01
123 5 5.89048623e+00 1.11125316e-01
124 5 5.89048623e+00 1.08168249e-01
125 5 5.89048623e+00 1.06633287e-01
126 5 5.89048623e+00 1.12305675e-01
127 5 5.89048623e+00 1.10556797e-01
128 5 5.89048623e+00 1.10301109e-01
129 5 5.89048623e+00 1.08186434e-01
130 5 5.89048623e+00 1.08911657e-01
131 5 5.89048623e+00 1.09394868e-01
132 5 5.89048623e+00 1.08302526e-01
133 5 5.89048623e+00 1.07168753e-01
134 5 5.89048623e+00 1.09971498e-01
135 5 5.89048623e+00 1.09693677e-01
136 5 5.89048623e+00 1.08056411e-01
137 5 5.89048623e+00 1.05710879e-01
138 5 5.89048623e+00 1.09662987e-01
139 5 5.89048623e+00 1.06699922e-01
140 5 5.89048623e+00 1.10564678e-01
141 5 5.89048623e+00 1.09863468e-01
142 5 5.89048623e+00 1.09106315e-01
143 5 5.89048623e+00 1.08782794e-01
144 5 5.89048623e+00 1.08208661e-01
145 5 5.89048623e+00 1.12122873e-01
146 5 5.89048623e+00 1.08985936e-01
147 5 5.89048623e+00 1.09779078e-01
148 5 5.89048623e+00 1.10654271e-01
149 5 5.89048623e+00 1.12691775e-01
150 5 5.89048623e+00 1.07062629e-01
151 5 5.89048623e+00 1.11539201e-01
152 5 5.89048623e+00 1.09655690e-01
153 5 5.89048623e+00 1.09303914e-01
154 5 5.89048623e+00 1.10144524e-01
155 5 5.89048623e+00 1.12112646e-01
156 5 5.89048623e+00 1.12751717e-01
157 5 5.89048623e+00 1.10877579e-01
158 5 5.89048623e+00 1.13772514e-01
159 5 5.89048623e+00 1.09777098e-01
160 5 5.89048623e+00 1.06617570e-01
161 5 5.89048623e+00 1.07168529e-01
162 5 5.89048623e+00 1.10262004e-01
163 5 5.89048623e+00 1.10116860e-01
164 5 5.89048623e+00 1.09643823e-01
165 5 5.89048623e+00 1.07620954e-01
166 5 5.89048623e+00 1.13261650e-01
167 5 5.89048623e+00 1.11493141e-01
168 5 5.89048623e+00 1.10718003e-01
169 5 5.89048623e+00 1.09393933e-01
170 5 5.89048623e+00 1.10641394e-01
171 5 5.89048623e+00 1.09940238e-01
172 5 5.89048623e+00 1.11546834e-01
173 5 5.89048623e+00 1.10941374e-01
174 5 5.89048623e+00 1.12423249e-01
175 5 5.89048623e+00 1.12676867e-01
176 5 5.89048623e+00 1.13157125e-01
177 5 5.89048623e+00 1.09903382e-01
178 5 5.89048623e+00 1.08248582e-01
179 5 5.89048623e+00 1.11752035e-01
180 5 5.89048623e+00 1.10088581e-01
181 5 5.89048623e+00 1.09048333e-01
182 5 5.89048623e+00 1.11030912e-01
183 5 5.89048623e+00 1.08532261e-01
184 5 5.89048623e+00 1.10971687e-01
185 5 5.89048623e+00 1.09780300e-01
186 5 5.89048623e+00 1.08954933e-01
187 5 5.89048623e+00 1.11056814e-01
188 5 5.89048623e+00 1.08715368e-01
189 5 5.89048623e+00 1.08480240e-01
190 5 5.89048623e+00 1.10626554e-01
191 5 5.89048623e+00 1.14992974e-01
192 5 5.89048623e+00 1.11860841e-01
193 5 5.89048623e+00 1.09945107e-01
194 5 5.89048623e+00 1.09197070e-01
195 5 5.89048623e+00 1.10791112e-01
196 5 5.89048623e+00 1.11363768e-01
197 5 5.89048623e+00 1.10319120e-01
198 5 5.89048623e+00 1.09521961e-01
199 5 5.89048623e+00 1.11235044e-01
200 5 5.89048623e+00 1.08374648e-01
201 5 5.89048623e+00 1.10576829e-01
202 5 5.89048623e+00 1.07940720e-01
203 5 5.89048623e+00 1.07737788e-01
204 5 5.89048623e+00 1.09195770e-01
205 5 5.89048623e+00 1.12328968e-01
206 5 5.89048623e+00 1.06956122e-01
207 5 5.89048623e+00 1.08381633e-01
208 5 5.89048623e+00 1.10071599e-01
209 5 5.89048623e+00 1.11137632e-01
210 5 5.89048623e+00 1.06242756e-01
211 5 5.89048623e+00 1.09266554e-01
212 5 5.89048623e+00 1.07649229e-01
213 5 5.89048623e+00 1.09582598e-01
214 5 5.89048623e+00 1.08506388e-01
215 5 5.89048623e+00 1.11818791e-01
216 5 5.89048623e+00 1.10452365e-01
217 5 5.89048623e+00 1.12510967e-01
218 5 5.89048623e+00 1.12996090e-01
219 5 5.89048623e+00 1.09477663e-01
220 5 5.89048623e+00 1.11285864e-01
221 5 5.89048623e+00 1.10179976e-01
222 5 5.89048623e+00 1.09617072e-01
223 5 5.89048623e+00 1.10848999e-01
224 5 5.89048623e+00 1.07202440e-01
225 5 5.89048623e+00 1.09951129e-01
226 5 5.89048623e+00 1.09567549e-01
227 5 5.89048623e+00 1.10843289e-01
228 5 5.89048623e+00 1.09778541e-01
229 5 5.89048623e+00 1.09557427e-01
230 5 5.89048623e+00 1.09255143e-01
231 5 5.89048623e+00 1.11398988e-01
232 5 5.89048623e+00 1.10852485e-01
233 5 5.89048623e+00 1.08944571e-01
234 5 5.89048623e+00 1.10080317e-01
235 5 5.89048623e+00 1.09948078e-01
236 5 5.89048623e+00 1.09034432e-01
237 5 5.89048623e+00 1.13221175e-01
238 5 5.89048623e+00 1.10698246e-01
239 5 5.89048623e+00 1.10269406e-01
240 5 5.89048623e+00 1.10362428e-01
241 5 5.89048623e+00 1.08123770e-01
242 5 5.89048623e+00 1.09471297e-01
243 5 5.89048623e+00 1.09251799e-01
244 5 5.89048623e+00 1.05338716e-01
245 5 5.89048623e+00 1.05607738e-01
246 5 5.89048623e+00 1.10599293e-01
247 5 5.89048623e+00 1.12296803e-01
248 5 5.89048623e+00 1.08312403e-01
249 5 5.89048623e+00 1.09131018e-01
250 5 5.89048623e+00 1.10477436e-01
251 5 5.89048623e+00 1.07144994e-01
252 5 5.89048623e+00 1.09426775e-01
253 5 5.89048623e+00 1.09812799e-01
254 5 5.89048623e+00 1.09393519e-01
255 5 5.89048623e+00 1.08484014e-01
256 5 5.89048623e+00 1.10355214e-01
257 5 5.89048623e+00 1.09578634e-01
258 5 5.89048623e+00 1.08793342e-01
259 5 5.89048623e+00 1.10348732e-01
260 5 5.89048623e+00 1.10438822e-01
261 5 5.89048623e+00 1.10700535e-01
262 5 5.89048623e+00 1.09393675e-01
263 5 5.89048623e+00 1.06242706e-01
264 5 5.89048623e+00 1.08034322e-01
265 5 5.89048623e+00 1.10874003e-01
266 5 5.89048623e+00 1.07288268e-01
267 5 5.89048623e+00 1.12128506e-01
268 5 5.89048623e+00 1.07476117e-01
269 5 5.89048623e+00 1.10848637e-01
270 5 5.89048623e+00 1.08147451e-01
271 5 5.89048623e+00 1.12682026e-01
272 5 5.89048623e+00 1.09576013e-01
273 5 5.89048623e+00 1.09465584e-01
274 5 5.89048623e+00 1.09726803e-01
275 5 5.89048623e+00 1.08985485e-01
276 5 5.89048623e+00 1.11197621e-01
277 5 5.89048623e+00 1.08275643e-01
278 5 5.89048623e+00 1.13280968e-01
279 5 5.89048623e+00 1.10856472e-01
280 5 5.89048623e+00 1.10600201e-01
281 5 5.89048623e+00 1.09019603e-01
282 5 5.89048623e+00 1.11934960e-01
283 5 5.89048623e+00 1.12523282e-01
284 5 5.89048623e+00 1.07897268e-01
285 5 5.89048623e+00 1.07319378e-01
286 5 5.89048623e+00 1.07459774e-01
287 5 5.89048623e+00 1.07833786e-01
288 5 5.89048623e+00 1.13018526e-01
289 5 5.89048623e+00 1.09473848e-01
290 5 5.89048623e+00 1.11460367e-01
291 5 5.89048623e+00 1.09967151e-01
292 5 5.89048623e+00 1.08811504e-01
293 5 5.89048623e+00 1.12647301e-01
294 5 5.89048623e+00 1.11000949e-01
295 5 5.89048623e+00 1.10524167e-01
296 5 5.89048623e+00 1.11406085e-01
297 5 5.89048623e+00 1.08875948e-01
298 5 5.89048623e+00 1.09727543e-01
299 5 5.89048623e+00 1.07009171e-01
300 5 5.89048623e+00 1.13356341e-01
301 5 5.89048623e+00 1.08054218e-01
302 5 5.89048623e+00 1.06215792e-01
303 5 5.89048623e+00 1.07367961e-01
304 5 5.89048623e+00 1.10547623e-01
305 5 5.89048623e+00 1.06897697e-01
306 5 5.89048623e+00 1.06224147e-01
307 5 5.89048623e+00 1.10548267e-01
308 5 5.89048623e+00 1.09380592e-01
309 5 5.89048623e+00 1.12386771e-01
310 5 5.89048623e+00 1.10036895e-01
311 5 5.89048623e+00 1.05845129e-01
312 5 5.89048623e+00 1.11762302e-01
313 5 5.89048623e+00 1.07482688e-01
314 5 5.89048623e+00 1.08872816e-01
315 5 5.89048623e+00 1.08187092e-01
316 5 5.89048623e+00 1.08316131e-01
317 5 5.89048623e+00 1.08423319e-01
318 5 5.89048623e+00 1.07035503e-01
319 5 5.89048623e+00 1.10150123e-01
320 5 5.89048623e+00 1.11416080e-01
321 5 5.89048623e+00 1.10866174e-01
322 5 5.89048623e+00 1.12591932e-01
323 5 5.89048623e+00 1.11814488e-01
324 5 5.89048623e+00 1.11708051e-01
325 5 5.89048623e+00 1.11911749e-01
326 5 5.89048623e+00 1.08982590e-01
327 5 5.89048623e+00 1.10936584e-01
328 5 5.89048623e+00 1.08981584e-01
329 5 5.89048623e+00 1.09626830e-01
330 5 5.89048623e+00 1.08561246e-01
331 5 5.89048623e+00 1.13211172e-01
332 5 5.89048623e+00 1.11155447e-01
333 5 5.89048623e+00 1.08440216e-01
334 5 5.89048623e+00 1.09323070e-01
335 5 5.89048623e+00 1.11900446e-01
336 5 5.89048623e+00 1.07982931e-01
337 5 5.89048623e+00 1.10695588e-01
338 5 5.89048623e+00 1.09249766e-01
339 5 5.89048623e+00 1.07839773e-01
340 5 5.89048623e+00 1.09557766e-01
341 5 5.89048623e+00 1.06686927e-01
342 5 5.89048623e+00 1.08402976e-01
343 5 5.89048623e+00 1.10782962e-01
344 5 5.89048623e+00 1.07177784e-01
345 5 5.89048623e+00 1.10991318e-01
346 5 5.89048623e+00 1.07471827e-01
347 5 5.89048623e+00 1.06874816e-01
348 5 5.89048623e+00 1.07240700e-01
349 5 5.89048623e+00 1.09638154e-01
350 5 5.89048623e+00 1.11431888e-01
351 5 5.89048623e+00 1.10313155e-01
352 5 5.89048623e+00 1.08605472e-01
353 5 5.89048623e+00 1.08690053e-01
354 5 5.89048623e+00 1.11912839e-01
355 5 5.89048623e+00 1.10439599e-01
356 5 5.89048623e+00 1.11924942e-01
357 5 5.89048623e+00 1.13261641e-01
358 5 5.89048623e+00 1.08786365e-01
359 5 5.89048623e+00 1.07540604e-01
360 5 5.89048623e+00 1.13390515e-01
361 5 5.89048623e+00 1.11169521e-01
362 5 5.89048623e+00 1.10661805e-01
363 5 5.89048623e+00 1.14545821e-01
364 5 5.89048623e+00 1.10408923e-01
365 5 5.89048623e+00 1.08889543e-01
366 5 5.89048623e+00 1.11273615e-01
367 5 5.89048623e+00 1.10074349e-01
368 5 5.89048623e+00 1.06570526e-01
369 5 5.89048623e+00 1.10603568e-01
370 5 5.89048623e+00 1.09748727e-01
371 5 5.89048623e+00 1.08242106e-01
372 5 5.89048623e+00 1.11323019e-01
373 5 5.89048623e+00 1.08115006e-01
374 5 5.89048623e+00 1.07684207e-01
375 5 5.89048623e+00 1.07688226e-01
376 5 5.89048623e+00 1.08508433e-01
377 5 5.89048623e+00 1.10001023e-01
378 5 5.89048623e+00 1.11034852e-01
379 5 5.89048623e+00 1.14223579e-01
380 5 5.89048623e+00 1.10042173e-01
381 5 5.89048623e+00 1.09146015e-01
382 5 5.89048623e+00 1.08025619e-01
383 5 5.89048623e+00 1.09562600e-01
384 5 5.89048623e+00 1.12409001e-01
385 5 5.89048623e+00 1.10483943e-01
386 5 5.89048623e+00 1.08075667e-01
387 5 5.89048623e+00 1.08440620e-01
388 5 5.89048623e+00 1.10028816e-01
389 5 5.89048623e+00 1.09527630e-01
390 5 5.89048623e+00 1.11376506e-01
391 5 5.89048623e+00 1.07770844e-01
392 5 5.89048623e+00 1.08553173e-01
393 5 5.89048623e+00 1.09769254e-01
394 5 5.89048623e+00 1.10334738e-01
395 5 5.89048623e+00 1.10671055e-01
396 5 5.89048623e+00 1.05701595e-01
397 5 5.89048623e+00 1.08234738e-01
398 5 5.89048623e+00 1.08805672e-01
399 5 5.89048623e+00 1.10356875e-01
400 5 5.89048623e+00 1.10059423e-01
401 5 5.89048623e+00 1.05687004e-01
402 5 5.89048623e+00 1.10942728e-01
403 5 5.89048623e+00 1.13018346e-01
404 5 5.89048623e+00 1.08236249e-01
405 5 5.89048623e+00 1.07835323e-01
406 5 5.89048623e+00 1.07767306e-01
407 5 5.89048623e+00 1.09472578e-01
408 5 5.89048623e+00 1.10291960e-01
409 5 5.89048623e+00 1.08159943e-01
410 5 5.89048623e+00 1.09400685e-01
411 5 5.89048623e+00 1.09944817e-01
412 5 5.89048623e+00 1.10619231e-01
413 5 5.89048623e+00 1.08544580e-01
414 5 5.89048623e+00 1.10139692e-01
415 5 5.89048623e+00 1.08639618e-01
416 5 5.89048623e+00 1.09837586e-01
417 5 5.89048623e+00 1.05872103e-01
418 5 5.89048623e+00 1.08748160e-01
419 5 5.89048623e+00 1.09990872e-01
420 5 5.89048623e+00 1.12117253e-01
421 5 5.89048623e+00 1.08882982e-01
422 5 5.89048623e+00 1.11850475e-01
423 5 5.89048623e+00 1.09914245e-01
424 5 5.89048623e+00 1.10274596e-01
425 5 5.89048623e+00 1.10822728e-01
426 5 5.89048623e+00 1.08683680e-01
427 5 5.89048623e+00 1.08731950e-01
428 5 5.89048623e+00 1.09186539e-01
429 5 5.89048623e+00 1.13183401e-01
430 5 5.89048623e+00 1.12816360e-01
431 5 5.89048623e+00 1.08096970e-01
432 5 5.89048623e+00 1.09731144e-01
433 5 5.89048623e+00 1.04949550e-01
434 5 5.89048623e+00 1.09056435e-01
435 5 5.89048623e+00 1.10046857e-01
436 5 5.89048623e+00 1.08902611e-01
437 5 5.89048623e+00 1.08717107e-01
438 5 5.89048623e+00 1.11046643e-01
439 5 5.89048623e+00 1.10374383e-01
440 5 5.89048623e+00 1.08345523e-01
441 5 5.89048623e+00 1.10198472e-01
442 5 5.89048623e+00 1.07090897e-01
443 5 5.89048623e+00 1.06289149e-01
444 5 5.89048623e+00 1.10366014e-01
445 5 5.89048623e+00 1.11302937e-01
446 5 5.89048623e+00 1.10801625e-01
447 5 5.89048623e+00 1.09064888e-01
448 5 5.89048623e+00 1.11373121e-01
449 5 5.89048623e+00 1.14305631e-01
450 5 5.89048623e+00 1.12568602e-01
451 5 5.89048623e+00 1.10425813e-01
452 5 5.89048623e+00 1.09841708e-01
453 5 5.89048623e+00 1.10519289e-01
454 5 5.89048623e+00 1.10711728e-01
455 5 5.89048623e+00 1.10346788e-01
456 5 5.89048623e+00 1.12867904e-01
457 5 5.89048623e+00 1.09295583e-01
458 5 5.89048623e+00 1.12592938e-01
459 5 5.89048623e+00 1.07585124e-01
460 5 5.89048623e+00 1.09138191e-01
461 5 5.89048623e+00 1.11357120e-01
462 5 5.89048623e+00 1.08377405e-01
463 5 5.89048623e+00 1.11536697e-01
464 5 5.89048623e+00 1.08408453e-01
465 5 5.89048623e+00 1.12354604e-01
466 5 5.89048623e+00 1.10275120e-01
467 5 5.89048623e+00 1.08321457e-01
468 5 5.89048623e+00 1.08290714e-01
469 5 5.89048623e+00 1.08665446e-01
470 5 5.89048623e+00 1.09930627e-01
471 5 5.89048623e+00 1.07195437e-01
472 5 5.89048623e+00 1.10348444e-01
473 5 5.89048623e+00 1.13714514e-01
474 5 5.89048623e+00 1.10043290e-01
475 5 5.89048623e+00 1.10062928e-01
476 5 5.89048623e+00 1.10295094e-01
477 5 5.89048623e+00 1.11865758e-01
478 5 5.89048623e+00 1.14923566e-01
479 5 5.89048623e+00 1.10427857e-01
480 5 5.89048623e+00 1.12020549e-01
481 5 5.89048623e+00 1.09871374e-01
482 5 5.89048623e+00 1.08829692e-01
483 5 5.89048623e+00 1.11682997e-01
484 5 5.89048623e+00 1.07415980e-01
485 5 5.89048623e+00 1.08774714e-01
486 5 5.89048623e+00 1.09249885e-01
487 5 5.89048623e+00 1.10620272e-01
488 5 5.89048623e+00 1.08822798e-01
489 5 5.89048623e+00 1.10948681e-01
490 5 5.89048623e+00 1.11591989e-01
491 5 5.89048623e+00 1.09208032e-01
492 5 5.89048623e+00 1.10114689e-01
493 5 5.89048623e+00 1.09756171e-01
494 5 5.89048623e+00 1.08136407e-01
495 5 5.89048623e+00 1.08230543e-01
496 5 5.89048623e+00 1.08339349e-01
497 5 5.89048623e+00 1.07823330e-01
498 5 5.89048623e+00 1.08931521e-01
499 5 5.89048623e+00 1.11353254e-01
500 5 5.89048623e+00 1.08686714e-01
501 5 5.89048623e+00 1.10949143e-01
502 5 5.89048623e+00 1.09349119e-01
503 5 5.89048623e+00 1.13107121e-01
504 5 5.89048623e+00 1.10896388e-01
505 5 5.89048623e+00 1.12186281e-01
506 5 5.89048623e+00 1.12216531e-01
507 5 5.89048623e+00 1.08793667e-01
508 5 5.89048623e+00 1.11139836e-01
509 5 5.89048623e+00 1.08118776e-01
510 5 5.89048623e+00 1.08687807e-01
511 5 5.89048623e+00 1.11896327e-01
512 5 5.89048623e+00 1.11051932e-01
513 5 5.89048623e+00 1.09446803e-01
514 5 5.89048623e+00 1.11084079e-01
515 5 5.89048623e+00 1.12555908e-01
516 5 5.89048623e+00 1.07369124e-01
517 5 5.89048623e+00 1.10189216e-01
518 5 5.89048623e+00 1.11565599e-01
519 5 5.89048623e+00 1.12460017e-01
520 5 5.89048623e+00 1.12307382e-01
521 5 5.89048623e+00 1.08135750e-01
522 5 5.89048623e+00 1.08335941e-01
523 5 5.89048623e+00 1.09227903e-01
524 5 5.89048623e+00 1.09413963e-01
525 5 5.89048623e+00 1.12682017e-01
526 5 5.89048623e+00 1.11238576e-01
527 5 5.89048623e+00 1.12553868e-01
528 5 5.89048623e+00 1.09922465e-01
529 5 5.89048623e+00 1.10401695e-01
530 5 5.89048623e+00 1.12769873e-01
531 5 5.89048623e+00 1.07768793e-01
532 5 5.89048623e+00 1.07974089e-01
533 5 5.89048623e+00 1.11007056e-01
534 5 5.89048623e+00 1.09077055e-01
535 5 5.89048623e+00 1.09085051e-01
536 5 5.89048623e+00 1.08899071e-01
537 5 5.89048623e+00 1.10320766e-01
538 5 5.89048623e+00 1.09684575e-01
539 5 5.89048623e+00 1.08494921e-01
540 5 5.89048623e+00 1.08239939e-01
541 5 5.89048623e+00 1.11277848e-01
542 5 5.89048623e+00 1.12905863e-01
543 5 5.89048623e+00 1.08526834e-01
544 5 5.89048623e+00 1.08988426e-01
545 5 5.89048623e+00 1.09847429e-01
546 5 5.89048623e+00 1.11083826e-01
547 5 5.89048623e+00 1.08681201e-01
548 5 5.89048623e+00 1.06337900e-01
549 5 5.89048623e+00 1.10526634e-01
550 5 5.89048623e+00 1.11419919e-01
551 5 5.89048623e+00 1.12805991e-01
552 5 5.89048623e+00 1.10690725e-01
553 5 5.89048623e+00 1.11128336e-01
554 5 5.89048623e+00 1.11019794e-01
555 5 5.89048623e+00 1.07461236e-01
556 5 5.89048623e+00 1.10666553e-01
557 5 5.89048623e+00 1.11188731e-01
558 5 5.89048623e+00 1.10908768e-01
559 5 5.89048623e+00 1.09876263e-01
560 5 5.89048623e+00 1.08928680e-01
561 5 5.89048623e+00 1.07155424e-01
562 5 5.89048623e+00 1.07525137e-01
563 5 5.89048623e+00 1.08639838e-01
564 5 5.89048623e+00 1.08560688e-01
565 5 5.89048623e+00 1.10965539e-01
566 5 5.89048623e+00 1.11663489e-01
567 5 5.89048623e+00 1.12905391e-01
568 5 5.89048623e+00 1.10342859e-01
569 5 5.89048623e+00 1.11882434e-01
570 5 5.89048623e+00 1.11143530e-01
571 5 5.89048623e+00 1.11067081e-01
572 5 5.89048623e+00 1.09469122e-01
573 5 5.89048623e+00 1.08832170e-01
574 5 5.89048623e+00 1.10438586e-01
575 5 5.89048623e+00 1.09681074e-01
576 5 5.89048623e+00 1.08878418e-01
577 5 5.89048623e+00 1.09748804e-01
578 5 5.89048623e+00 1.12040900e-01
579 5 5.89048623e+00 1.12095024e-01
580 5 5.89048623e+00 1.08536173e-01
581 5 5.89048623e+00 1.12136059e-01
582 5 5.89048623e+00 1.12756229e-01
583 5 5.89048623e+00 1.10150890e-01
584 5 5.89048623e+00 1.08577682e-01
585 5 5.89048623e+00 1.09898759e-01
586 5 5.89048623e+00 1.11069164e-01
587 5 5.89048623e+00 1.07603749e-01
588 5 5.89048623e+00 1.08909472e-01
589 5 5.89048623e+00 1.09448283e-01
590 5 5.89048623e+00 1.09617708e-01
591 5 5.89048623e+00 1.12637283e-01
592 5 5.89048623e+00 1.11061706e-01
593 5 5.89048623e+00 1.10853943e-01
594 5 5.89048623e+00 1.10236835e-01
595 5 5.89048623e+00 1.06699088e-01
596 5 5.89048623e+00 1.10690578e-01
597 5 5.89048623e+00 1.09154791e-01
598 5 5.89048623e+00 1.10190113e-01
599 5 5.89048623e+00 1.09284570e-01
600 5 5.89048623e+00 1.12191024e-01
601 5 5.89048623e+00 1.08309302e-01
602 5 5.89048623e+00 1.10782747e-01
603 5 5.89048623e+00 1.07162376e-01
604 5 5.89048623e+00 1.09513805e-01
605 5 5.89048623e+00 1.05876781e-01
606 5 5.89048623e+00 1.11774678e-01
607 5 5.89048623e+00 1.11954137e-01
608 5 5.89048623e+00 1.12325171e-01
609 5 5.89048623e+00 1.08864591e-01
610 5 5.89048623e+00 1.10353697e-01
611 5 5.89048623e+00 1.08579778e-01
612 5 5.89048623e+00 1.10536684e-01
613 5 5.89048623e+00 1.08600700e-01
614 5 5.89048623e+00 1.11069981e-01
615 5 5.89048623e+00 1.09499978e-01
616 5 5.89048623e+00 1.10990012e-01
617 5 5.89048623e+00 1.09174743e-01
618 5 5.89048623e+00 1.09461010e-01
619 5 5.89048623e+00 1.11499616e-01
620 5 5.89048623e+00 1.12056249e-01
621 5 5.89048623e+00 1.12675002e-01
622 5 5.89048623e+00 1.10343574e-01
623 5 5.89048623e+00 1.12218266e-01
624 5 5.89048623e+00 1.08335396e-01
625 5 5.89048623e+00 1.09602567e-01
626 5 5.89048623e+00 1.08036734e-01
627 5 5.89048623e+00 1.08790089e-01
628 5 5.89048623e+00 1.11939835e-01
629 5 5.89048623e+00 1.08712352e-01
630 5 5.89048623e+00 1.10422861e-01
631 5 5.89048623e+00 1.10420471e-01
632 5 5.89048623e+00 1.07868044e-01
633 5 5.89048623e+00 1.08668623e-01
634 5 5.89048623e+00 1.07535568e-01
635 5 5.89048623e+00 1.08989634e-01
636 5 5.89048623e+00 1.09710395e-01
637 5 5.89048623e+00 1.10974528e-01
638 5 5.89048623e+00 1.06353549e-01
639 5 5.89048623e+00 1.05801118e-01
640 5 5.89048623e+00 1.13147798e-01
641 5 5.89048623e+00 1.13324138e-01
642 5 5.89048623e+00 1.09350198e-01
643 5 5.89048623e+00 1.08277942e-01
644 5 5.89048623e+00 1.09286386e-01
645 5 5.89048623e+00 1.08738278e-01
646 5 5.89048623e+00 1.09966265e-01
647 5 5.89048623e+00 1.09519006e-01
648 5 5.89048623e+00 1.08293583e-01
649 5 5.89048623e+00 1.10867262e-01
650 5 5.89048623e+00 1.11181059e-01
651 5 5.89048623e+00 1.12129508e-01
652 5 5.89048623e+00 1.10931639e-01
653 5 5.89048623e+00 1.11157400e-01
654 5 5.89048623e+00 1.08895330e-01
655 5 5.89048623e+00 1.14108701e-01
656 5 5.89048623e+00 1.10552240e-01
657 5 5.89048623e+00 1.07194526e-01
658 5 5.89048623e+00 1.10759434e-01
659 5 5.89048623e+00 1.12589769e-01
660 5 5.89048623e+00 1.09212286e-01
661 5 5.89048623e+00 1.10322107e-01
662 5 5.89048623e+00 1.12408744e-01
663 5 5.89048623e+00 1.09462136e-01
664 5 5.89048623e+00 1.10640728e-01
665 5 5.89048623e+00 1.09985730e-01
666 5 5.89048623e+00 1.14197366e-01
667 5 5.89048623e+00 1.10100135e-01
668 5 5.89048623e+00 1.11740586e-01
669 5 5.89048623e+00 1.09406983e-01
670 5 5.89048623e+00 1.08519938e-01
671 5 5.89048623e+00 1.09508800e-01
672 5 5.89048623e+00 1.11492631e-01
673 5 5.89048623e+00 1.12286086e-01
674 5 5.89048623e+00 1.09802252e-01
675 5 5.89048623e+00 1.06043557e-01
676 5 5.89048623e+00 1.10330173e-01
677 5 5.89048623e+00 1.11415707e-01
678 5 5.89048623e+00 1.10069174e-01
679 5 5.89048623e+00 1.09945036e-01
680 5 5.89048623e+00 1.10722057e-01
681 5 5.89048623e+00 1.09884686e-01
682 5 5.89048623e+00 1.08844236e-01
683 5 5.89048623e+00 1.10269411e-01
684 5 5.89048623e+00 1.09039847e-01
685 5 5.89048623e+00 1.09953779e-01
686 5 5.89048623e+00 1.08424503e-01
687 5 5.89048623e+00 1.07087788e-01
688 5 5.89048623e+00 1.09828739e-01
689 5 5.89048623e+00 1.10349679e-01
690 5 5.89048623e+00 1.08458884e-01
691 5 5.89048623e+00 1.09526460e-01
692 5 5.89048623e+00 1.10838612e-01
693 5 5.89048623e+00 1.09446678e-01
694 5 5.89048623e+00 1.07244499e-01
695 5 5.89048623e+00 1.07490328e-01
696 5 5.89048623e+00 1.10477353e-01
697 5 5.89048623e+00 1.10840315e-01
698 5 5.89048623e+00 1.11049893e-01
699 5 5.89048623e+00 1.12290770e-01
700 5 5.89048623e+00 1.11661382e-01
701 5 5.89048623e+00 1.09490611e-01
702 5 5.89048623e+00 1.12342926e-01
703 5 5.89048623e+00 1.07787503e-01
704 5 5.89048623e+00 1.12169913e-01
705 5 5.89048623e+00 1.07946068e-01
706 5 5.89048623e+00 1.09205461e-01
707 5 5.89048623e+00 1.10143631e-01
708 5 5.89048623e+00 1.08967535e-01
709 5 5.89048623e+00 1.10071457e-01
710 5 5.89048623e+00 1.08531014e-01
711 5 5.89048623e+00 1.11578009e-01
712 5 5.89048623e+00 1.09053453e-01
713 5 5.89048623e+00 1.09389722e-01
714 5 5.89048623e+00 1.08445526e-01
715 5 5.89048623e+00 1.09612598e-01
716 5 5.89048623e+00 1.09860575e-01
717 5 5.89048623e+00 1.13415219e-01
718 5 5.89048623e+00 1.10439955e-01
719 5 5.89048623e+00 1.10663195e-01
720 5 5.89048623e+00 1.09413895e-01
721 5 5.89048623e+00 1.10210956e-01
722 5 5.89048623e+00 1.11992983e-01
723 5 5.89048623e+00 1.11423291e-01
724 5 5.89048623e+00 1.05745883e-01
725 5 5.89048623e+00 1.09473703e-01
726 5 5.89048623e+00 1.06344261e-01
727 5 5.89048623e+00 1.14090621e-01
728 5 5.89048623e+00 1.11028959e-01
729 5 5.89048623e+00 1.09962530e-01
730 5 5.89048623e+00 1.05413633e-01
731 5 5.89048623e+00 1.07944206e-01
732 5 5.89048623e+00 1.08638244e-01
733 5 5.89048623e+00 1.09143776e-01
734 5 5.89048623e+00 1.12158772e-01
735 5 5.89048623e+00 1.11000416e-01
736 5 5.89048623e+00 1.09478755e-01
737 5 5.89048623e+00 1.09779715e-01
738 5 5.89048623e+00 1.10419161e-01
739 5 5.89048623e+00 1.10396981e-01
740 5 5.89048623e+00 1.09796613e-01
741 5 5.89048623e+00 1.08855605e-01
742 5 5.89048623e+00 1.08513694e-01
743 5 5.89048623e+00 1.08198953e-01
744 5 5.89048623e+00 1.05690159e-01
745 5 5.89048623e+00 1.08847462e-01
746 5 5.89048623e+00 1.07067700e-01
747 5 5.89048623e+00 1.08873986e-01
748 5 5.89048623e+00 1.12379386e-01
749 5 5.89048623e+00 1.10959772e-01
750 5 5.89048623e+00 1.10494336e-01
751 5 5.89048623e+00 1.09943201e-01
752 5 5.89048623e+00 1.06127021e-01
753 5 5.89048623e+00 1.08789852e-01
754 5 5.89048623e+00 1.10170806e-01
755 5 5.89048623e+00 1.09906142e-01
756 5 5.89048623e+00 1.09514022e-01
757 5 5.89048623e+00 1.10010762e-01
758 5 5.89048623e+00 1.10525801e-01
759 5 5.89048623e+00 1.09562092e-01
760 5 5.89048623e+00 1.10379633e-01
761 5 5.89048623e+00 1.10698261e-01
762 5 5.89048623e+00 1.05681204e-01
763 5 5.89048623e+00 1.09464841e-01
764 5 5.89048623e+00 1.10011394e-01
765 5 5.89048623e+00 1.06598225e-01
766 5 5.89048623e+00 1.10587246e-01
767 5 5.89048623e+00 1.12127694e-01
768 5 5.89048623e+00 1.13756686e-01
769 5 5.89048623e+00 1.09195802e-01
770 5 5.89048623e+00 1.10964589e-01
771 5 5.89048623e+00 1.10080994e-01
772 5 5.89048623e+00 1.09799067e-01
773 5 5.89048623e+00 1.12358677e-01
774 5 5.89048623e+00 1.10429747e-01
775 5 5.89048623e+00 1.09126013e-01
776 5 5.89048623e+00 1.09349779e-01
777 5 5.89048623e+00 1.08343330e-01
778 5 5.89048623e+00 1.08291333e-01
779 5 5.89048623e+00 1.08485477e-01
780 5 5.89048623e+00 1.08735628e-01
781 5 5.89048623e+00 1.10608142e-01
782 5 5.89048623e+00 1.09749785e-01
783 5 5.89048623e+00 1.12001831e-01
784 5 5.89048623e+00 1.11432471e-01
785 5 5.89048623e+00 1.09682618e-01
786 5 5.89048623e+00 1.07369610e-01
787 5 5.89048623e+00 1.11807888e-01
788 5 5.89048623e+00 1.10224800e-01
789 5 5.89048623e+00 1.06663036e-01
790 5 5.89048623e+00 1.09353211e-01
791 5 5.89048623e+00 1.07857276e-01
792 5 5.89048623e+00 1.07199307e-01
793 5 5.89048623e+00 1.08009460e-01
794 5 5.89048623e+00 1.08871775e-01
795 5 5.89048623e+00 1.13535569e-01
796 5 5.89048623e+00 1.12403216e-01
797 5 5.89048623e+00 1.10434549e-01
798 5 5.89048623e+00 1.10892878e-01
799 5 5.89048623e+00 1.08152328e-01
800 5 5.89048623e+00 1.07339053e-01
801 5 5.89048623e+00 1.12772469e-01
802 5 5.89048623e+00 1.08641214e-01
803 5 5.89048623e+00 1.13588887e-01
804 5 5.89048623e+00 1.10898990e-01
805 5 5.89048623e+00 1.13418453e-01
806 5 5.89048623e+00 1.12375523e-01
807 5 5.89048623e+00 1.08954070e-01
808 5 5.89048623e+00 1.09902756e-01
809 5 5.89048623e+00 1.09668029e-01
810 5 5.89048623e+00 1.09958927e-01
811 5 5.89048623e+00 1.08470149e-01
812 5 5.89048623e+00 1.09019681e-01
813 5 5.89048623e+00 1.09463252e-01
814 5 5.89048623e+00 1.10028623e-01
815 5 5.89048623e+00 1.08696343e-01
816 5 5.89048623e+00 1.08346417e-01
817 5 5.89048623e+00 1.10367663e-01
818 5 5.89048623e+00 1.09855654e-01
819 5 5.89048623e+00 1.12023314e-01
820 5 5.89048623e+00 1.09785614e-01
821 5 5.89048623e+00 1.10528904e-01
822 5 5.89048623e+00 1.11444355e-01
823 5 5.89048623e+00 1.11347899e-01
824 5 5.89048623e+00 1.08335730e-01
825 5 5.89048623e+00 1.08249410e-01
826 5 5.89048623e+00 1.10753204e-01
827 5 5.89048623e+00 1.11805175e-01
828 5 5.89048623e+00 1.10282526e-01
829 5 5.89048623e+00 1.10608462e-01
830 5 5.89048623e+00 1.11850387e-01
831 5 5.89048623e+00 1.11040525e-01
832 5 5.89048623e+00 1.08324175e-01
833 5 5.89048623e+00 1.11000492e-01
834 5 5.89048623e+00 1.06062937e-01
835 5 5.89048623e+00 1.09731061e-01
836 5 5.89048623e+00 1.08175842e-01
837 5 5.89048623e+00 1.11138838e-01
838 5 5.89048623e+00 1.11214064e-01
839 5 5.89048623e+00 1.06968301e-01
840 5 5.89048623e+00 1.11735690e-01
841 5 5.89048623e+00 1.08665704e-01
842 5 5.89048623e+00 1.07677996e-01
843 5 5.89048623e+00 1.08194836e-01
844 5 5.89048623e+00 1.11499943e-01
845 5 5.89048623e+00 1.13036288e-01
846 5 5.89048623e+00 1.09649003e-01
847 5 5.89048623e+00 1.08686471e-01
848 5 5.89048623e+00 1.10402724e-01
849 5 5.89048623e+00 1.12017586e-01
850 5 5.89048623e+00 1.10815495e-01
851 5 5.89048623e+00 1.09492497e-01
852 5 5.89048623e+00 1.08318670e-01
853 5 5.89048623e+00 1.10225367e-01
854 5 5.89048623e+00 1.08974400e-01
855 5 5.89048623e+00 1.07198814e-01
856 5 5.89048623e+00 1.11448457e-01
857 5 5.89048623e+00 1.08262714e-01
858 5 5.89048623e+00 1.08656539e-01
859 5 5.89048623e+00 1.10707047e-01
860 5 5.89048623e+00 1.08915265e-01
861 5 5.89048623e+00 1.10089650e-01
862 5 5.89048623e+00 1.10320060e-01
863 5 5.89048623e+00 1.12517593e-01
864 5 5.89048623e+00 1.09729376e-01
865 5 5.89048623e+00 1.08654969e-01
866 5 5.89048623e+00 1.13142886e-01
867 5 5.89048623e+00 1.10857869e-01
868 5 5.89048623e+00 1.08969444e-01
869 5 5.89048623e+00 1.10500850e-01
870 5 5.89048623e+00 1.09074841e-01
871 5 5.89048623e+00 1.07448862e-01
872 5 5.89048623e+00 1.10667034e-01
873 5 5.89048623e+00 1.08174735e-01
874 5 5.89048623e+00 1.13478599e-01
875 5 5.89048623e+00 1.09397678e-01
876 5 5.89048623e+00 1.11428105e-01
877 5 5.89048623e+00 1.09359231e-01
878 5 5.89048623e+00 1.09548173e-01
879 5 5.89048623e+00 1.08593149e-01
880 5 5.89048623e+00 1.09767244e-01
881 5 5.89048623e+00 1.12277172e-01
882 5 5.89048623e+00 1.07876048e-01
883 5 5.89048623e+00 1.09984377e-01
884 5 5.89048623e+00 1.10235541e-01
885 5 5.89048623e+00 1.10085548e-01
886 5 5.89048623e+00 1.07074108e-01
887 5 5.89048623e+00 1.07808255e-01
888 5 5.89048623e+00 1.11706801e-01
889 5 5.89048623e+00 1.11114983e-01
890 5 5.89048623e+00 1.09349114e-01
891 5 5.89048623e+00 1.09208529e-01
892 5 5.89048623e+00 1.09812884e-01
893 5 5.89048623e+00 1.06918503e-01
894 5 5.89048623e+00 1.10140132e-01
895 5 5.89048623e+00 1.07076196e-01
896 5 5.89048623e+00 1.10268212e-01
897 5 5.89048623e+00 1.11601187e-01
898 5 5.89048623e+00 1.10508413e-01
899 5 5.89048623e+00 1.08283230e-01
