a12m310 Wilson3 pz3 0.1207fm zmax8
config z nu=p.z RpITD
0 1 7.85398163e-01 4.45881365e-02
1 1 7.85398163e-01 4.45371181e-02
2 1 7.85398163e-01 4.48970964e-02
3 1 7.85398163e-01 4.44745106e-02
4 1 7.85398163e-01 4.48312820e-02
5 1 7.85398163e-01 4.45783525e-02
6 1 7.85398163e-01 4.48266623e-02
7 1 7.85398163e-01 4.48306800e-02
8 1 7.85398163e-01 4.44542738e-02
9 1 7.85398163e-01 4.47447533e-02
10 1 7.85398163e-01 4.43719679e-02
11 1 7.85398163e-01 4.44811406e-02
12 1 7.85398163e-01 4.50461023e-02
13 1 7.85398163e-01 4.49676650e-02
14 1 7.85398163e-01 4.49567060e-02
15 1 7.85398163e-01 4.48442554e-02
16 1 7.85398163e-01 4.48015130e-02
17 1 7.85398163e-01 4.45448450e-02
18 1 7.85398163e-01 4.46494433e-02
19 1 7.85398163e-01 4.45889258e-02
20 1 7.85398163e-01 4.46888420e-02
21 1 7.85398163e-01 4.47071401e-02
22 1 7.85398163e-01 4.45387203e-02
23 1 7.85398163e-01 4.44042932e-02
24 1 7.85398163e-01 4.46656943e-02
25 1 7.85398163e-01 4.45449591e-02
26 1 7.85398163e-01 4.45757361e-02
27 1 7.85398163e-01 4.43568700e-02
28 1 7.85398163e-01 4.48253190e-02
29 1 7.85398163e-01 4.45776658e-02
30 1 7.85398163e-01 4.42029454e-02
31 1 7.85398163e-01 4.44224672e-02
32 1 7.85398163e-01 4.46297051e-02
33 1 7.85398163e-01 4.44559520e-02
34 1 7.85398163e-01 4.43080153e-02
35 1 7.85398163e-01 4.47010965e-02
36 1 7.85398163e-01 4.47118921e-02
37 1 7.85398163e-01 4.46920614e-02
38 1 7.85398163e-01 4.49117754e-02
39 1 7.85398163e-01 4.46792908e-02
40 1 7.85398163e-01 4.46548204e-02
41 1 7.85398163e-01 4.45962818e-02
42 1 7.85398163e-01 4.47069082e-02
43 1 7.85398163e-01 4.49000890e-02
44 1 7.85398163e-01 4.46054993e-02
45 1 7.85398163e-01 4.46106789e-02
46 1 7.85398163e-01 4.44729524e-02
47 1 7.85398163e-01 4.44883708e-02
48 1 7.85398163e-01 4.47150269e-02
49 1 7.85398163e-01 4.38210548e-02
50 1 7.85398163e-01 4.48849265e-02
51 1 7.85398163e-01 4.45226942e-02
52 1 7.85398163e-01 4.45776650e-02
53 1 7.85398163e-01 4.49140293e-02
54 1 7.85398163e-01 4.49205982e-02
55 1 7.85398163e-01 4.46682040e-02
56 1 7.85398163e-01 4.47280780e-02
57 1 7.85398163e-01 4.44281683e-02
58 1 7.85398163e-01 4.47742192e-02
59 1 7.85398163e-01 4.44888347e-02
60 1 7.85398163e-01 4.45403848e-02
61 1 7.85398163e-01 4.45008016e-02
62 1 7.85398163e-01 4.47871173e-02
63 1 7.85398163e-01 4.45212064e-02
64 1 7.85398163e-01 4.48291956e-02
65 1 7.85398163e-01 4.48228028e-02
66 1 7.85398163e-01 4.43413783e-02
67 1 7.85398163e-01 4.46133563e-02
68 1 7.85398163e-01 4.49869121e-02
69 1 7.85398163e-01 4.43894527e-02
70 1 7.85398163e-01 4.45071940e-02
71 1 7.85398163e-01 4.47948133e-02
72 1 7.85398163e-01 4.48349282e-02
73 1 7.85398163e-01 4.46298862e-02
74 1 7.85398163e-01 4.41228865e-02
75 1 7.85398163e-01 4.41480575e-02
76 1 7.85398163e-01 4.44943515e-02
77 1 7.85398163e-01 4.45348546e-02
78 1 7.85398163e-01 4.48960812e-02
79 1 7.85398163e-01 4.49379029e-02
80 1 7.85398163e-01 4.45544842e-02
81 1 7.85398163e-01 4.46179899e-02
82 1 7.85398163e-01 4.45532569e-02
83 1 7.85398163e-01 4.45969114e-02
84 1 7.85398163e-01 4.46111492e-02
85 1 7.85398163e-01 4.50557538e-02
86 1 7.85398163e-01 4.43548282e-02
87 1 7.85398163e-01 4.41762100e-02
88 1 7.85398163e-01 4.44331102e-02
89 1 7.85398163e-01 4.43930230e-02
90 1 7.85398163e-01 4.43638605e-02
91 1 7.85398163e-01 4.47898458e-02
92 1 7.85398163e-01 4.44743465e-02
93 1 7.85398163e-01 4.47065272e-02
94 1 7.85398163e-01 4.45177724e-02
95 1 7.85398163e-01 4.46578732e-02
96 1 7.85398163e-01 4.48260580e-02
97 1 7.85398163e-01 4.46089562e-02
98 1 7.85398163e-01 4.49188660e-02
99 1 7.85398163e-01 4.50038261e-02
100 1 7.85398163e-01 4.42130593e-02
101 1 7.85398163e-01 4.45397726e-02
102 1 7.85398163e-01 4.46021888e-02
103 1 7.85398163e-01 4.43834090e-02
104 1 7.85398163e-01 4.46019200e-02
105 1 7.85398163e-01 4.42937645e-02
106 1 7.85398163e-01 4.48469082e-02
107 1 7.85398163e-01 4.47727920e-02
108 1 7.85398163e-01 4.43953791e-02
109 1 7.85398163e-01 4.45931751e-02
110 1 7.85398163e-01 4.41054298e-02
111 1 7.85398163e-01 4.47293488e-02
112 1 7.85398163e-01 4.45129652e-02
113 1 7.85398163e-01 4.46399811e-02
114 1 7.85398163e-01 4.49587270e-02
115 1 7.85398163e-01 4.46306612e-02
116 1 7.85398163e-01 4.46653395e-02
117 1 7.85398163e-01 4.50496051e-02
118 1 7.85398163e-01 4.46141363e-02
119 1 7.85398163e-01 4.46232405e-02
120 1 7.85398163e-01 4.47538472e-02
121 1 7.85398163e-01 4.43890726e-02
122 1 7.85398163e-01 4.43120513e-02
123 1 7.85398163e-01 4.43211849e-02
124 1 7.85398163e-01 4.47073484e-02
125 1 7.85398163e-01 4.50344522e-02
126 1 7.85398163e-01 4.49301168e-02
127 1 7.85398163e-01 4.49471797e-02
128 1 7.85398163e-01 4.42764604e-02
129 1 7.85398163e-01 4.47627172e-02
130 1 7.85398163e-01 4.49500368e-02
131 1 7.85398163e-01 4.39033610e-02
132 1 7.85398163e-01 4.47789520e-02
133 1 7.85398163e-01 4.47293214e-02
134 1 7.85398163e-01 4.46987227e-02
135 1 7.85398163e-01 4.47552937e-02
136 1 7.85398163e-01 4.44829168e-02
137 1 7.85398163e-01 4.46933131e-02
138 1 7.85398163e-01 4.44256253e-02
139 1 7.85398163e-01 4.45254310e-02
140 1 7.85398163e-01 4.46160066e-02
141 1 7.85398163e-01 4.48768213e-02
142 1 7.85398163e-01 4.45481714e-02
143 1 7.85398163e-01 4.49721180e-02
144 1 7.85398163e-01 4.44780989e-02
145 1 7.85398163e-01 4.43251407e-02
146 1 7.85398163e-01 4.45807646e-02
147 1 7.85398163e-01 4.43100468e-02
148 1 7.85398163e-01 4.45505373e-02
149 1 7.85398163e-01 4.47404070e-02
150 1 7.85398163e-01 4.46198769e-02
151 1 7.85398163e-01 4.40721882e-02
152 1 7.85398163e-01 4.44289850e-02
153 1 7.85398163e-01 4.52014223e-02
154 1 7.85398163e-01 4.46992893e-02
155 1 7.85398163e-01 4.45145968e-02
156 1 7.85398163e-01 4.46154686e-02
157 1 7.85398163e-01 4.47949188e-02
158 1 7.85398163e-01 4.45331590e-02
159 1 7.85398163e-01 4.48985640e-02
160 1 7.85398163e-01 4.47113096e-02
161 1 7.85398163e-01 4.46248013e-02
162 1 7.85398163e-01 4.45643346e-02
163 1 7.85398163e-01 4.46061205e-02
164 1 7.85398163e-01 4.46930393e-02
165 1 7.85398163e-01 4.51274008e-02
166 1 7.85398163e-01 4.47784867e-02
167 1 7.85398163e-01 4.44660745e-02
168 1 7.85398163e-01 4.45735411e-02
169 1 7.85398163e-01 4.46055075e-02
170 1 7.85398163e-01 4.46939546e-02
171 1 7.85398163e-01 4.47087287e-02
172 1 7.85398163e-01 4.48547498e-02
173 1 7.85398163e-01 4.45251705e-02
174 1 7.85398163e-01 4.47744499e-02
175 1 7.85398163e-01 4.48117185e-02
176 1 7.85398163e-01 4.51455393e-02
177 1 7.85398163e-01 4.49160533e-02
178 1 7.85398163e-01 4.44015280e-02
179 1 7.85398163e-01 4.43701490e-02
180 1 7.85398163e-01 4.43403636e-02
181 1 7.85398163e-01 4.46855603e-02
182 1 7.85398163e-01 4.41263878e-02
183 1 7.85398163e-01 4.47213856e-02
184 1 7.85398163e-01 4.44056082e-02
185 1 7.85398163e-01 4.42480720e-02
186 1 7.85398163e-01 4.40201207e-02
187 1 7.85398163e-01 4.43241972e-02
188 1 7.85398163e-01 4.45040077e-02
189 1 7.85398163e-01 4.47562009e-02
190 1 7.85398163e-01 4.47334966e-02
191 1 7.85398163e-01 4.48111934e-02
192 1 7.85398163e-01 4.51356365e-02
193 1 7.85398163e-01 4.48960763e-02
194 1 7.85398163e-01 4.42975682e-02
195 1 7.85398163e-01 4.45551081e-02
196 1 7.85398163e-01 4.47807471e-02
197 1 7.85398163e-01 4.46077081e-02
198 1 7.85398163e-01 4.43043644e-02
199 1 7.85398163e-01 4.44538716e-02
200 1 7.85398163e-01 4.43415152e-02
201 1 7.85398163e-01 4.46258189e-02
202 1 7.85398163e-01 4.47416224e-02
203 1 7.85398163e-01 4.45417898e-02
204 1 7.85398163e-01 4.44415200e-02
205 1 7.85398163e-01 4.46727995e-02
206 1 7.85398163e-01 4.46689569e-02
207 1 7.85398163e-01 4.42435054e-02
208 1 7.85398163e-01 4.45734273e-02
209 1 7.85398163e-01 4.41650976e-02
210 1 7.85398163e-01 4.41684421e-02
211 1 7.85398163e-01 4.47289143e-02
212 1 7.85398163e-01 4.48221905e-02
213 1 7.85398163e-01 4.44443814e-02
214 1 7.85398163e-01 4.48110460e-02
215 1 7.85398163e-01 4.43919925e-02
216 1 7.85398163e-01 4.43967367e-02
217 1 7.85398163e-01 4.49110450e-02
218 1 7.85398163e-01 4.46653928e-02
219 1 7.85398163e-01 4.50179372e-02
220 1 7.85398163e-01 4.47763033e-02
221 1 7.85398163e-01 4.48332479e-02
222 1 7.85398163e-01 4.46832441e-02
223 1 7.85398163e-01 4.47652411e-02
224 1 7.85398163e-01 4.45532114e-02
225 1 7.85398163e-01 4.45499855e-02
226 1 7.85398163e-01 4.48147045e-02
227 1 7.85398163e-01 4.46458034e-02
228 1 7.85398163e-01 4.47678962e-02
229 1 7.85398163e-01 4.39100231e-02
230 1 7.85398163e-01 4.49468197e-02
231 1 7.85398163e-01 4.42967851e-02
232 1 7.85398163e-01 4.40218094e-02
233 1 7.85398163e-01 4.44778488e-02
234 1 7.85398163e-01 4.45475528e-02
235 1 7.85398163e-01 4.42086396e-02
236 1 7.85398163e-01 4.48430962e-02
237 1 7.85398163e-01 4.47941248e-02
238 1 7.85398163e-01 4.46698503e-02
239 1 7.85398163e-01 4.47279847e-02
240 1 7.85398163e-01 4.47031807e-02
241 1 7.85398163e-01 4.48181632e-02
242 1 7.85398163e-01 4.45485025e-02
243 1 7.85398163e-01 4.49155639e-02
244 1 7.85398163e-01 4.45695203e-02
245 1 7.85398163e-01 4.48969526e-02
246 1 7.85398163e-01 4.48990623e-02
247 1 7.85398163e-01 4.43160643e-02
248 1 7.85398163e-01 4.46044462e-02
249 1 7.85398163e-01 4.46172912e-02
250 1 7.85398163e-01 4.48063167e-02
251 1 7.85398163e-01 4.45701559e-02
252 1 7.85398163e-01 4.50945050e-02
253 1 7.85398163e-01 4.47649808e-02
254 1 7.85398163e-01 4.45423364e-02
255 1 7.85398163e-01 4.47604543e-02
256 1 7.85398163e-01 4.44199027e-02
257 1 7.85398163e-01 4.41856843e-02
258 1 7.85398163e-01 4.42419996e-02
259 1 7.85398163e-01 4.47153933e-02
260 1 7.85398163e-01 4.46235190e-02
261 1 7.85398163e-01 4.49326698e-02
262 1 7.85398163e-01 4.42509894e-02
263 1 7.85398163e-01 4.45541642e-02
264 1 7.85398163e-01 4.48695380e-02
265 1 7.85398163e-01 4.49015031e-02
266 1 7.85398163e-01 4.44860129e-02
267 1 7.85398163e-01 4.45970819e-02
268 1 7.85398163e-01 4.47849522e-02
269 1 7.85398163e-01 4.41799372e-02
270 1 7.85398163e-01 4.47845253e-02
271 1 7.85398163e-01 4.47070606e-02
272 1 7.85398163e-01 4.44354137e-02
273 1 7.85398163e-01 4.41780995e-02
274 1 7.85398163e-01 4.43692890e-02
275 1 7.85398163e-01 4.41911834e-02
276 1 7.85398163e-01 4.45281690e-02
277 1 7.85398163e-01 4.47387143e-02
278 1 7.85398163e-01 4.48930926e-02
279 1 7.85398163e-01 4.46125782e-02
280 1 7.85398163e-01 4.45921227e-02
281 1 7.85398163e-01 4.46932992e-02
282 1 7.85398163e-01 4.47322033e-02
283 1 7.85398163e-01 4.48803850e-02
284 1 7.85398163e-01 4.48416564e-02
285 1 7.85398163e-01 4.47411493e-02
286 1 7.85398163e-01 4.48836645e-02
287 1 7.85398163e-01 4.44717031e-02
288 1 7.85398163e-01 4.45711956e-02
289 1 7.85398163e-01 4.41390818e-02
290 1 7.85398163e-01 4.46845607e-02
291 1 7.85398163e-01 4.46909948e-02
292 1 7.85398163e-01 4.45046833e-02
293 1 7.85398163e-01 4.45473319e-02
294 1 7.85398163e-01 4.48798243e-02
295 1 7.85398163e-01 4.47725268e-02
296 1 7.85398163e-01 4.45874764e-02
297 1 7.85398163e-01 4.49794652e-02
298 1 7.85398163e-01 4.45122461e-02
299 1 7.85398163e-01 4.48811253e-02
300 1 7.85398163e-01 4.46127280e-02
301 1 7.85398163e-01 4.47238659e-02
302 1 7.85398163e-01 4.43852939e-02
303 1 7.85398163e-01 4.48279991e-02
304 1 7.85398163e-01 4.51085379e-02
305 1 7.85398163e-01 4.45766358e-02
306 1 7.85398163e-01 4.46979357e-02
307 1 7.85398163e-01 4.47100806e-02
308 1 7.85398163e-01 4.45645202e-02
309 1 7.85398163e-01 4.48212966e-02
310 1 7.85398163e-01 4.47763540e-02
311 1 7.85398163e-01 4.47947573e-02
312 1 7.85398163e-01 4.49278553e-02
313 1 7.85398163e-01 4.45602386e-02
314 1 7.85398163e-01 4.43629228e-02
315 1 7.85398163e-01 4.42671307e-02
316 1 7.85398163e-01 4.44816476e-02
317 1 7.85398163e-01 4.46078205e-02
318 1 7.85398163e-01 4.47081589e-02
319 1 7.85398163e-01 4.48004304e-02
320 1 7.85398163e-01 4.43057660e-02
321 1 7.85398163e-01 4.44236658e-02
322 1 7.85398163e-01 4.43654600e-02
323 1 7.85398163e-01 4.44737987e-02
324 1 7.85398163e-01 4.47778401e-02
325 1 7.85398163e-01 4.45639878e-02
326 1 7.85398163e-01 4.43370024e-02
327 1 7.85398163e-01 4.43627883e-02
328 1 7.85398163e-01 4.44460656e-02
329 1 7.85398163e-01 4.40860056e-02
330 1 7.85398163e-01 4.45907385e-02
331 1 7.85398163e-01 4.41898687e-02
332 1 7.85398163e-01 4.46201069e-02
333 1 7.85398163e-01 4.46650273e-02
334 1 7.85398163e-01 4.43547285e-02
335 1 7.85398163e-01 4.44858767e-02
336 1 7.85398163e-01 4.45736035e-02
337 1 7.85398163e-01 4.46530968e-02
338 1 7.85398163e-01 4.46797050e-02
339 1 7.85398163e-01 4.47910796e-02
340 1 7.85398163e-01 4.46630850e-02
341 1 7.85398163e-01 4.46145026e-02
342 1 7.85398163e-01 4.49617649e-02
343 1 7.85398163e-01 4.49325123e-02
344 1 7.85398163e-01 4.50993588e-02
345 1 7.85398163e-01 4.45881900e-02
346 1 7.85398163e-01 4.44238788e-02
347 1 7.85398163e-01 4.39936130e-02
348 1 7.85398163e-01 4.47022447e-02
349 1 7.85398163e-01 4.45299545e-02
350 1 7.85398163e-01 4.50295230e-02
351 1 7.85398163e-01 4.48194520e-02
352 1 7.85398163e-01 4.40287210e-02
353 1 7.85398163e-01 4.46863255e-02
354 1 7.85398163e-01 4.46369241e-02
355 1 7.85398163e-01 4.51864330e-02
356 1 7.85398163e-01 4.43098138e-02
357 1 7.85398163e-01 4.43074676e-02
358 1 7.85398163e-01 4.47138757e-02
359 1 7.85398163e-01 4.45099538e-02
360 1 7.85398163e-01 4.46568654e-02
361 1 7.85398163e-01 4.45291477e-02
362 1 7.85398163e-01 4.44364123e-02
363 1 7.85398163e-01 4.45473998e-02
364 1 7.85398163e-01 4.43481201e-02
365 1 7.85398163e-01 4.46682987e-02
366 1 7.85398163e-01 4.45893378e-02
367 1 7.85398163e-01 4.46851201e-02
368 1 7.85398163e-01 4.44555464e-02
369 1 7.85398163e-01 4.43780767e-02
370 1 7.85398163e-01 4.44564668e-02
371 1 7.85398163e-01 4.44137501e-02
372 1 7.85398163e-01 4.45755329e-02
373 1 7.85398163e-01 4.46630526e-02
374 1 7.85398163e-01 4.45353881e-02
375 1 7.85398163e-01 4.45302065e-02
376 1 7.85398163e-01 4.46078506e-02
377 1 7.85398163e-01 4.46565304e-02
378 1 7.85398163e-01 4.45913953e-02
379 1 7.85398163e-01 4.46938976e-02
380 1 7.85398163e-01 4.46042883e-02
381 1 7.85398163e-01 4.47268354e-02
382 1 7.85398163e-01 4.45707390e-02
383 1 7.85398163e-01 4.47236039e-02
384 1 7.85398163e-01 4.45924661e-02
385 1 7.85398163e-01 4.47015299e-02
386 1 7.85398163e-01 4.44726170e-02
387 1 7.85398163e-01 4.47752248e-02
388 1 7.85398163e-01 4.46646296e-02
389 1 7.85398163e-01 4.43682545e-02
390 1 7.85398163e-01 4.47933880e-02
391 1 7.85398163e-01 4.40343281e-02
392 1 7.85398163e-01 4.51528056e-02
393 1 7.85398163e-01 4.46012050e-02
394 1 7.85398163e-01 4.50779669e-02
395 1 7.85398163e-01 4.46222783e-02
396 1 7.85398163e-01 4.46218514e-02
397 1 7.85398163e-01 4.46327790e-02
398 1 7.85398163e-01 4.51455657e-02
399 1 7.85398163e-01 4.44963099e-02
400 1 7.85398163e-01 4.46677100e-02
401 1 7.85398163e-01 4.48920757e-02
402 1 7.85398163e-01 4.46029222e-02
403 1 7.85398163e-01 4.48992236e-02
404 1 7.85398163e-01 4.47935529e-02
405 1 7.85398163e-01 4.45644332e-02
406 1 7.85398163e-01 4.42324301e-02
407 1 7.85398163e-01 4.49087139e-02
408 1 7.85398163e-01 4.48057232e-02
409 1 7.85398163e-01 4.47815295e-02
410 1 7.85398163e-01 4.43751124e-02
411 1 7.85398163e-01 4.46143578e-02
412 1 7.85398163e-01 4.45560532e-02
413 1 7.85398163e-01 4.48795391e-02
414 1 7.85398163e-01 4.45379402e-02
415 1 7.85398163e-01 4.44309543e-02
416 1 7.85398163e-01 4.48543947e-02
417 1 7.85398163e-01 4.45904168e-02
418 1 7.85398163e-01 4.48781541e-02
419 1 7.85398163e-01 4.47640146e-02
420 1 7.85398163e-01 4.44898441e-02
421 1 7.85398163e-01 4.45650997e-02
422 1 7.85398163e-01 4.43290792e-02
423 1 7.85398163e-01 4.46764492e-02
424 1 7.85398163e-01 4.40918939e-02
425 1 7.85398163e-01 4.49834387e-02
426 1 7.85398163e-01 4.48003641e-02
427 1 7.85398163e-01 4.46162018e-02
428 1 7.85398163e-01 4.50100833e-02
429 1 7.85398163e-01 4.46025598e-02
430 1 7.85398163e-01 4.46374983e-02
431 1 7.85398163e-01 4.47390390e-02
432 1 7.85398163e-01 4.46176020e-02
433 1 7.85398163e-01 4.46843387e-02
434 1 7.85398163e-01 4.47282959e-02
435 1 7.85398163e-01 4.47548997e-02
436 1 7.85398163e-01 4.48798126e-02
437 1 7.85398163e-01 4.45640779e-02
438 1 7.85398163e-01 4.48563358e-02
439 1 7.85398163e-01 4.47776242e-02
440 1 7.85398163e-01 4.46317055e-02
441 1 7.85398163e-01 4.43962597e-02
442 1 7.85398163e-01 4.47447042e-02
443 1 7.85398163e-01 4.45499478e-02
444 1 7.85398163e-01 4.46220780e-02
445 1 7.85398163e-01 4.42167934e-02
446 1 7.85398163e-01 4.45631809e-02
447 1 7.85398163e-01 4.45513716e-02
448 1 7.85398163e-01 4.48775774e-02
449 1 7.85398163e-01 4.46489409e-02
450 1 7.85398163e-01 4.47725516e-02
451 1 7.85398163e-01 4.46421097e-02
452 1 7.85398163e-01 4.52216872e-02
453 1 7.85398163e-01 4.47913707e-02
454 1 7.85398163e-01 4.46890051e-02
455 1 7.85398163e-01 4.44123856e-02
456 1 7.85398163e-01 4.45700877e-02
457 1 7.85398163e-01 4.46639866e-02
458 1 7.85398163e-01 4.48675072e-02
459 1 7.85398163e-01 4.49499871e-02
460 1 7.85398163e-01 4.46618631e-02
461 1 7.85398163e-01 4.47139427e-02
462 1 7.85398163e-01 4.47300272e-02
463 1 7.85398163e-01 4.44783870e-02
464 1 7.85398163e-01 4.50185645e-02
465 1 7.85398163e-01 4.48685629e-02
466 1 7.85398163e-01 4.47024798e-02
467 1 7.85398163e-01 4.44202112e-02
468 1 7.85398163e-01 4.45813036e-02
469 1 7.85398163e-01 4.41975739e-02
470 1 7.85398163e-01 4.47671324e-02
471 1 7.85398163e-01 4.45360327e-02
472 1 7.85398163e-01 4.45305854e-02
473 1 7.85398163e-01 4.46305262e-02
474 1 7.85398163e-01 4.49137301e-02
475 1 7.85398163e-01 4.47511984e-02
476 1 7.85398163e-01 4.44806038e-02
477 1 7.85398163e-01 4.41188794e-02
478 1 7.85398163e-01 4.48234779e-02
479 1 7.85398163e-01 4.44066662e-02
480 1 7.85398163e-01 4.44734777e-02
481 1 7.85398163e-01 4.47306217e-02
482 1 7.85398163e-01 4.46568469e-02
483 1 7.85398163e-01 4.48411866e-02
484 1 7.85398163e-01 4.47765416e-02
485 1 7.85398163e-01 4.48680026e-02
486 1 7.85398163e-01 4.47729589e-02
487 1 7.85398163e-01 4.46073215e-02
488 1 7.85398163e-01 4.43350109e-02
489 1 7.85398163e-01 4.46590306e-02
490 1 7.85398163e-01 4.44376818e-02
491 1 7.85398163e-01 4.44021527e-02
492 1 7.85398163e-01 4.47306748e-02
493 1 7.85398163e-01 4.47275958e-02
494 1 7.85398163e-01 4.45411135e-02
495 1 7.85398163e-01 4.46358406e-02
496 1 7.85398163e-01 4.44198778e-02
497 1 7.85398163e-01 4.45081918e-02
498 1 7.85398163e-01 4.48239579e-02
499 1 7.85398163e-01 4.46024974e-02
500 1 7.85398163e-01 4.46223734e-02
501 1 7.85398163e-01 4.46839605e-02
502 1 7.85398163e-01 4.45641746e-02
503 1 7.85398163e-01 4.49072977e-02
504 1 7.85398163e-01 4.46266505e-02
505 1 7.85398163e-01 4.46396256e-02
506 1 7.85398163e-01 4.46255759e-02
507 1 7.85398163e-01 4.42980393e-02
508 1 7.85398163e-01 4.45238201e-02
509 1 7.85398163e-01 4.48608443e-02
510 1 7.85398163e-01 4.48092004e-02
511 1 7.85398163e-01 4.44089860e-02
512 1 7.85398163e-01 4.47571867e-02
513 1 7.85398163e-01 4.49183317e-02
514 1 7.85398163e-01 4.44658203e-02
515 1 7.85398163e-01 4.49299910e-02
516 1 7.85398163e-01 4.45156723e-02
517 1 7.85398163e-01 4.43774748e-02
518 1 7.85398163e-01 4.44551084e-02
519 1 7.85398163e-01 4.44540929e-02
520 1 7.85398163e-01 4.45888905e-02
521 1 7.85398163e-01 4.39561730e-02
522 1 7.85398163e-01 4.47465655e-02
523 1 7.85398163e-01 4.44975770e-02
524 1 7.85398163e-01 4.44109176e-02
525 1 7.85398163e-01 4.45780650e-02
526 1 7.85398163e-01 4.45937863e-02
527 1 7.85398163e-01 4.47069654e-02
528 1 7.85398163e-01 4.47119553e-02
529 1 7.85398163e-01 4.47626943e-02
530 1 7.85398163e-01 4.42176153e-02
531 1 7.85398163e-01 4.46291987e-02
532 1 7.85398163e-01 4.47798319e-02
533 1 7.85398163e-01 4.49372988e-02
534 1 7.85398163e-01 4.49718254e-02
535 1 7.85398163e-01 4.46635124e-02
536 1 7.85398163e-01 4.50332828e-02
537 1 7.85398163e-01 4.49692149e-02
538 1 7.85398163e-01 4.44194379e-02
539 1 7.85398163e-01 4.50029628e-02
540 1 7.85398163e-01 4.47609928e-02
541 1 7.85398163e-01 4.46651774e-02
542 1 7.85398163e-01 4.45330081e-02
543 1 7.85398163e-01 4.46502774e-02
544 1 7.85398163e-01 4.44887692e-02
545 1 7.85398163e-01 4.45173941e-02
546 1 7.85398163e-01 4.48853801e-02
547 1 7.85398163e-01 4.50657706e-02
548 1 7.85398163e-01 4.47115489e-02
549 1 7.85398163e-01 4.45734443e-02
550 1 7.85398163e-01 4.44461690e-02
551 1 7.85398163e-01 4.46281108e-02
552 1 7.85398163e-01 4.45290215e-02
553 1 7.85398163e-01 4.48589701e-02
554 1 7.85398163e-01 4.45292251e-02
555 1 7.85398163e-01 4.44071319e-02
556 1 7.85398163e-01 4.47118333e-02
557 1 7.85398163e-01 4.48020904e-02
558 1 7.85398163e-01 4.48537355e-02
559 1 7.85398163e-01 4.48687990e-02
560 1 7.85398163e-01 4.48756900e-02
561 1 7.85398163e-01 4.41615595e-02
562 1 7.85398163e-01 4.48189863e-02
563 1 7.85398163e-01 4.48829319e-02
564 1 7.85398163e-01 4.45863865e-02
565 1 7.85398163e-01 4.47019133e-02
566 1 7.85398163e-01 4.43281934e-02
567 1 7.85398163e-01 4.48295096e-02
568 1 7.85398163e-01 4.46806280e-02
569 1 7.85398163e-01 4.47066367e-02
570 1 7.85398163e-01 4.48351941e-02
571 1 7.85398163e-01 4.44985310e-02
572 1 7.85398163e-01 4.46685095e-02
573 1 7.85398163e-01 4.42499641e-02
574 1 7.85398163e-01 4.43844334e-02
575 1 7.85398163e-01 4.48518262e-02
576 1 7.85398163e-01 4.43966543e-02
577 1 7.85398163e-01 4.44030330e-02
578 1 7.85398163e-01 4.47685078e-02
579 1 7.85398163e-01 4.44202449e-02
580 1 7.85398163e-01 4.42904188e-02
581 1 7.85398163e-01 4.44294647e-02
582 1 7.85398163e-01 4.45192949e-02
583 1 7.85398163e-01 4.45945325e-02
584 1 7.85398163e-01 4.44052333e-02
585 1 7.85398163e-01 4.46505067e-02
586 1 7.85398163e-01 4.46572256e-02
587 1 7.85398163e-01 4.45804411e-02
588 1 7.85398163e-01 4.44840084e-02
589 1 7.85398163e-01 4.46443606e-02
590 1 7.85398163e-01 4.48441766e-02
591 1 7.85398163e-01 4.46264685e-02
592 1 7.85398163e-01 4.47275041e-02
593 1 7.85398163e-01 4.43509747e-02
594 1 7.85398163e-01 4.45794563e-02
595 1 7.85398163e-01 4.43655018e-02
596 1 7.85398163e-01 4.48065022e-02
597 1 7.85398163e-01 4.46254829e-02
598 1 7.85398163e-01 4.47643384e-02
599 1 7.85398163e-01 4.48420469e-02
600 1 7.85398163e-01 4.48231820e-02
601 1 7.85398163e-01 4.49963029e-02
602 1 7.85398163e-01 4.43846364e-02
603 1 7.85398163e-01 4.46868204e-02
604 1 7.85398163e-01 4.46210367e-02
605 1 7.85398163e-01 4.48402517e-02
606 1 7.85398163e-01 4.43915882e-02
607 1 7.85398163e-01 4.45447576e-02
608 1 7.85398163e-01 4.46450286e-02
609 1 7.85398163e-01 4.41494337e-02
610 1 7.85398163e-01 4.43985574e-02
611 1 7.85398163e-01 4.43440308e-02
612 1 7.85398163e-01 4.46417087e-02
613 1 7.85398163e-01 4.48130106e-02
614 1 7.85398163e-01 4.48408284e-02
615 1 7.85398163e-01 4.45191292e-02
616 1 7.85398163e-01 4.48510041e-02
617 1 7.85398163e-01 4.49529438e-02
618 1 7.85398163e-01 4.43629466e-02
619 1 7.85398163e-01 4.46991482e-02
620 1 7.85398163e-01 4.46763815e-02
621 1 7.85398163e-01 4.48373003e-02
622 1 7.85398163e-01 4.48362728e-02
623 1 7.85398163e-01 4.48402043e-02
624 1 7.85398163e-01 4.47455997e-02
625 1 7.85398163e-01 4.46938383e-02
626 1 7.85398163e-01 4.45808992e-02
627 1 7.85398163e-01 4.49081105e-02
628 1 7.85398163e-01 4.45632299e-02
629 1 7.85398163e-01 4.42726869e-02
630 1 7.85398163e-01 4.46766250e-02
631 1 7.85398163e-01 4.46090511e-02
632 1 7.85398163e-01 4.45881205e-02
633 1 7.85398163e-01 4.43557344e-02
634 1 7.85398163e-01 4.50030903e-02
635 1 7.85398163e-01 4.42015010e-02
636 1 7.85398163e-01 4.46824841e-02
637 1 7.85398163e-01 4.42160408e-02
638 1 7.85398163e-01 4.46618267e-02
639 1 7.85398163e-01 4.45082624e-02
640 1 7.85398163e-01 4.44570629e-02
641 1 7.85398163e-01 4.47602837e-02
642 1 7.85398163e-01 4.44154373e-02
643 1 7.85398163e-01 4.49847231e-02
644 1 7.85398163e-01 4.48673884e-02
645 1 7.85398163e-01 4.41877935e-02
646 1 7.85398163e-01 4.45520260e-02
647 1 7.85398163e-01 4.43535436e-02
648 1 7.85398163e-01 4.46869689e-02
649 1 7.85398163e-01 4.43746279e-02
650 1 7.85398163e-01 4.45802494e-02
651 1 7.85398163e-01 4.46485704e-02
652 1 7.85398163e-01 4.42613072e-02
653 1 7.85398163e-01 4.50101185e-02
654 1 7.85398163e-01 4.45017804e-02
655 1 7.85398163e-01 4.47099474e-02
656 1 7.85398163e-01 4.45310447e-02
657 1 7.85398163e-01 4.47329488e-02
658 1 7.85398163e-01 4.49233561e-02
659 1 7.85398163e-01 4.45234914e-02
660 1 7.85398163e-01 4.42633468e-02
661 1 7.85398163e-01 4.46871700e-02
662 1 7.85398163e-01 4.47899408e-02
663 1 7.85398163e-01 4.46169038e-02
664 1 7.85398163e-01 4.47239822e-02
665 1 7.85398163e-01 4.41584491e-02
666 1 7.85398163e-01 4.45279008e-02
667 1 7.85398163e-01 4.44988001e-02
668 1 7.85398163e-01 4.45951479e-02
669 1 7.85398163e-01 4.44933003e-02
670 1 7.85398163e-01 4.44615822e-02
671 1 7.85398163e-01 4.48462113e-02
672 1 7.85398163e-01 4.46183816e-02
673 1 7.85398163e-01 4.49403460e-02
674 1 7.85398163e-01 4.44876296e-02
675 1 7.85398163e-01 4.43998514e-02
676 1 7.85398163e-01 4.42198078e-02
677 1 7.85398163e-01 4.46645899e-02
678 1 7.85398163e-01 4.49143585e-02
679 1 7.85398163e-01 4.45728081e-02
680 1 7.85398163e-01 4.49880418e-02
681 1 7.85398163e-01 4.46546585e-02
682 1 7.85398163e-01 4.46823715e-02
683 1 7.85398163e-01 4.44256641e-02
684 1 7.85398163e-01 4.47388024e-02
685 1 7.85398163e-01 4.46065981e-02
686 1 7.85398163e-01 4.47473924e-02
687 1 7.85398163e-01 4.47904236e-02
688 1 7.85398163e-01 4.46630935e-02
689 1 7.85398163e-01 4.45600961e-02
690 1 7.85398163e-01 4.46471562e-02
691 1 7.85398163e-01 4.45014904e-02
692 1 7.85398163e-01 4.44555813e-02
693 1 7.85398163e-01 4.45732145e-02
694 1 7.85398163e-01 4.39776783e-02
695 1 7.85398163e-01 4.44791655e-02
696 1 7.85398163e-01 4.47101617e-02
697 1 7.85398163e-01 4.50076654e-02
698 1 7.85398163e-01 4.46726405e-02
699 1 7.85398163e-01 4.45151195e-02
700 1 7.85398163e-01 4.44069073e-02
701 1 7.85398163e-01 4.50045590e-02
702 1 7.85398163e-01 4.44651975e-02
703 1 7.85398163e-01 4.52091336e-02
704 1 7.85398163e-01 4.44058249e-02
705 1 7.85398163e-01 4.49320758e-02
706 1 7.85398163e-01 4.45969097e-02
707 1 7.85398163e-01 4.41671669e-02
708 1 7.85398163e-01 4.47304656e-02
709 1 7.85398163e-01 4.48083614e-02
710 1 7.85398163e-01 4.47340757e-02
711 1 7.85398163e-01 4.49055561e-02
712 1 7.85398163e-01 4.49443175e-02
713 1 7.85398163e-01 4.43025436e-02
714 1 7.85398163e-01 4.41257442e-02
715 1 7.85398163e-01 4.45600043e-02
716 1 7.85398163e-01 4.45738493e-02
717 1 7.85398163e-01 4.42491008e-02
718 1 7.85398163e-01 4.43078970e-02
719 1 7.85398163e-01 4.43316810e-02
720 1 7.85398163e-01 4.45847447e-02
721 1 7.85398163e-01 4.51628299e-02
722 1 7.85398163e-01 4.45140679e-02
723 1 7.85398163e-01 4.46577205e-02
724 1 7.85398163e-01 4.46881446e-02
725 1 7.85398163e-01 4.42318616e-02
726 1 7.85398163e-01 4.46703613e-02
727 1 7.85398163e-01 4.47165386e-02
728 1 7.85398163e-01 4.46320771e-02
729 1 7.85398163e-01 4.49386412e-02
730 1 7.85398163e-01 4.42914143e-02
731 1 7.85398163e-01 4.46563328e-02
732 1 7.85398163e-01 4.46608262e-02
733 1 7.85398163e-01 4.46078152e-02
734 1 7.85398163e-01 4.45283603e-02
735 1 7.85398163e-01 4.46781763e-02
736 1 7.85398163e-01 4.45829072e-02
737 1 7.85398163e-01 4.47993860e-02
738 1 7.85398163e-01 4.47631246e-02
739 1 7.85398163e-01 4.46616851e-02
740 1 7.85398163e-01 4.47563707e-02
741 1 7.85398163e-01 4.46272516e-02
742 1 7.85398163e-01 4.43222393e-02
743 1 7.85398163e-01 4.50151040e-02
744 1 7.85398163e-01 4.47600657e-02
745 1 7.85398163e-01 4.46788217e-02
746 1 7.85398163e-01 4.45908430e-02
747 1 7.85398163e-01 4.49042140e-02
748 1 7.85398163e-01 4.46483853e-02
749 1 7.85398163e-01 4.48912743e-02
750 1 7.85398163e-01 4.46394433e-02
751 1 7.85398163e-01 4.53827290e-02
752 1 7.85398163e-01 4.51783574e-02
753 1 7.85398163e-01 4.49237583e-02
754 1 7.85398163e-01 4.47714960e-02
755 1 7.85398163e-01 4.41732728e-02
756 1 7.85398163e-01 4.48491548e-02
757 1 7.85398163e-01 4.43702416e-02
758 1 7.85398163e-01 4.44167531e-02
759 1 7.85398163e-01 4.46422470e-02
760 1 7.85398163e-01 4.42098053e-02
761 1 7.85398163e-01 4.44204259e-02
762 1 7.85398163e-01 4.47132324e-02
763 1 7.85398163e-01 4.45079260e-02
764 1 7.85398163e-01 4.47939533e-02
765 1 7.85398163e-01 4.49171257e-02
766 1 7.85398163e-01 4.42627140e-02
767 1 7.85398163e-01 4.44811447e-02
768 1 7.85398163e-01 4.46372325e-02
769 1 7.85398163e-01 4.47463949e-02
770 1 7.85398163e-01 4.48628880e-02
771 1 7.85398163e-01 4.48406877e-02
772 1 7.85398163e-01 4.44918355e-02
773 1 7.85398163e-01 4.44626725e-02
774 1 7.85398163e-01 4.45983212e-02
775 1 7.85398163e-01 4.48214182e-02
776 1 7.85398163e-01 4.47202190e-02
777 1 7.85398163e-01 4.45750023e-02
778 1 7.85398163e-01 4.46529432e-02
779 1 7.85398163e-01 4.49466484e-02
780 1 7.85398163e-01 4.48133326e-02
781 1 7.85398163e-01 4.46742210e-02
782 1 7.85398163e-01 4.49430607e-02
783 1 7.85398163e-01 4.44115107e-02
784 1 7.85398163e-01 4.43566038e-02
785 1 7.85398163e-01 4.45321936e-02
786 1 7.85398163e-01 4.47924962e-02
787 1 7.85398163e-01 4.44836613e-02
788 1 7.85398163e-01 4.46641639e-02
789 1 7.85398163e-01 4.45205336e-02
790 1 7.85398163e-01 4.48037621e-02
791 1 7.85398163e-01 4.45725273e-02
792 1 7.85398163e-01 4.45881296e-02
793 1 7.85398163e-01 4.44858336e-02
794 1 7.85398163e-01 4.46942797e-02
795 1 7.85398163e-01 4.47585672e-02
796 1 7.85398163e-01 4.42786689e-02
797 1 7.85398163e-01 4.43539233e-02
798 1 7.85398163e-01 4.43819249e-02
799 1 7.85398163e-01 4.42288880e-02
800 1 7.85398163e-01 4.51086187e-02
801 1 7.85398163e-01 4.49886201e-02
802 1 7.85398163e-01 4.48489581e-02
803 1 7.85398163e-01 4.47959873e-02
804 1 7.85398163e-01 4.48613891e-02
805 1 7.85398163e-01 4.44931323e-02
806 1 7.85398163e-01 4.48151116e-02
807 1 7.85398163e-01 4.47736540e-02
808 1 7.85398163e-01 4.47060790e-02
809 1 7.85398163e-01 4.47852522e-02
810 1 7.85398163e-01 4.50595358e-02
811 1 7.85398163e-01 4.44973964e-02
812 1 7.85398163e-01 4.45047685e-02
813 1 7.85398163e-01 4.49871841e-02
814 1 7.85398163e-01 4.46375280e-02
815 1 7.85398163e-01 4.47858181e-02
816 1 7.85398163e-01 4.47684144e-02
817 1 7.85398163e-01 4.50875575e-02
818 1 7.85398163e-01 4.44196690e-02
819 1 7.85398163e-01 4.47918582e-02
820 1 7.85398163e-01 4.47973738e-02
821 1 7.85398163e-01 4.41416968e-02
822 1 7.85398163e-01 4.45615926e-02
823 1 7.85398163e-01 4.46323284e-02
824 1 7.85398163e-01 4.44833854e-02
825 1 7.85398163e-01 4.46691973e-02
826 1 7.85398163e-01 4.45461224e-02
827 1 7.85398163e-01 4.46333271e-02
828 1 7.85398163e-01 4.49282935e-02
829 1 7.85398163e-01 4.43366380e-02
830 1 7.85398163e-01 4.45177517e-02
831 1 7.85398163e-01 4.44379998e-02
832 1 7.85398163e-01 4.47583795e-02
833 1 7.85398163e-01 4.50779188e-02
834 1 7.85398163e-01 4.45709808e-02
835 1 7.85398163e-01 4.45816412e-02
836 1 7.85398163e-01 4.44361821e-02
837 1 7.85398163e-01 4.48725551e-02
838 1 7.85398163e-01 4.49659766e-02
839 1 7.85398163e-01 4.45364307e-02
840 1 7.85398163e-01 4.46846772e-02
841 1 7.85398163e-01 4.42423223e-02
842 1 7.85398163e-01 4.42877391e-02
843 1 7.85398163e-01 4.48929736e-02
844 1 7.85398163e-01 4.47951210e-02
845 1 7.85398163e-01 4.45822610e-02
846 1 7.85398163e-01 4.44692425e-02
847 1 7.85398163e-01 4.46077576e-02
848 1 7.85398163e-01 4.43860692e-02
849 1 7.85398163e-01 4.43133573e-02
850 1 7.85398163e-01 4.41402276e-02
851 1 7.85398163e-01 4.43694361e-02
852 1 7.85398163e-01 4.47552827e-02
853 1 7.85398163e-01 4.47615419e-02
854 1 7.85398163e-01 4.45789612e-02
855 1 7.85398163e-01 4.47414687e-02
856 1 7.85398163e-01 4.47281953e-02
857 1 7.85398163e-01 4.48698603e-02
858 1 7.85398163e-01 4.49626530e-02
859 1 7.85398163e-01 4.49718534e-02
860 1 7.85398163e-01 4.46160593e-02
861 1 7.85398163e-01 4.42096291e-02
862 1 7.85398163e-01 4.46856659e-02
863 1 7.85398163e-01 4.46869885e-02
864 1 7.85398163e-01 4.45994365e-02
865 1 7.85398163e-01 4.42821473e-02
866 1 7.85398163e-01 4.46348717e-02
867 1 7.85398163e-01 4.42280955e-02
868 1 7.85398163e-01 4.46988964e-02
869 1 7.85398163e-01 4.44351274e-02
870 1 7.85398163e-01 4.42788656e-02
871 1 7.85398163e-01 4.44570670e-02
872 1 7.85398163e-01 4.46121184e-02
873 1 7.85398163e-01 4.43799564e-02
874 1 7.85398163e-01 4.44548685e-02
875 1 7.85398163e-01 4.49695024e-02
876 1 7.85398163e-01 4.49045530e-02
877 1 7.85398163e-01 4.44813433e-02
878 1 7.85398163e-01 4.46624547e-02
879 1 7.85398163e-01 4.42746125e-02
880 1 7.85398163e-01 4.50395762e-02
881 1 7.85398163e-01 4.48044151e-02
882 1 7.85398163e-01 4.45700740e-02
883 1 7.85398163e-01 4.45627786e-02
884 1 7.85398163e-01 4.42843690e-02
885 1 7.85398163e-01 4.45351599e-02
886 1 7.85398163e-01 4.46286456e-02
887 1 7.85398163e-01 4.52952530e-02
888 1 7.85398163e-01 4.41154143e-02
889 1 7.85398163e-01 4.47384136e-02
890 1 7.85398163e-01 4.45797774e-02
891 1 7.85398163e-01 4.49205610e-02
892 1 7.85398163e-01 4.45464013e-02
893 1 7.85398163e-01 4.45850878e-02
894 1 7.85398163e-01 4.46707225e-02
895 1 7.85398163e-01 4.43255376e-02
896 1 7.85398163e-01 4.42274540e-02
897 1 7.85398163e-01 4.47202349e-02
898 1 7.85398163e-01 4.43441106e-02
899 1 7.85398163e-01 4.45767384e-02
900 1 7.85398163e-01 4.45253983e-02
901 1 7.85398163e-01 4.48173852e-02
902 1 7.85398163e-01 4.47979676e-02
903 1 7.85398163e-01 4.48425794e-02
904 1 7.85398163e-01 4.53499972e-02
905 1 7.85398163e-01 4.46666045e-02
906 1 7.85398163e-01 4.46068789e-02
907 1 7.85398163e-01 4.44699465e-02
908 1 7.85398163e-01 4.46554212e-02
909 1 7.85398163e-01 4.48701746e-02
910 1 7.85398163e-01 4.45510762e-02
911 1 7.85398163e-01 4.45990540e-02
912 1 7.85398163e-01 4.50801921e-02
913 1 7.85398163e-01 4.47603041e-02
914 1 7.85398163e-01 4.45626259e-02
915 1 7.85398163e-01 4.48763280e-02
916 1 7.85398163e-01 4.43806929e-02
917 1 7.85398163e-01 4.46026331e-02
918 1 7.85398163e-01 4.47041826e-02
919 1 7.85398163e-01 4.45846170e-02
920 1 7.85398163e-01 4.47000289e-02
921 1 7.85398163e-01 4.46796306e-02
922 1 7.85398163e-01 4.46812317e-02
923 1 7.85398163e-01 4.41869816e-02
924 1 7.85398163e-01 4.45932019e-02
925 1 7.85398163e-01 4.48244204e-02
926 1 7.85398163e-01 4.47977704e-02
927 1 7.85398163e-01 4.48124859e-02
928 1 7.85398163e-01 4.46656132e-02
929 1 7.85398163e-01 4.48836280e-02
930 1 7.85398163e-01 4.47125987e-02
931 1 7.85398163e-01 4.44673144e-02
932 1 7.85398163e-01 4.50567659e-02
933 1 7.85398163e-01 4.44554417e-02
934 1 7.85398163e-01 4.45224645e-02
935 1 7.85398163e-01 4.48502206e-02
936 1 7.85398163e-01 4.45593499e-02
937 1 7.85398163e-01 4.49099875e-02
938 1 7.85398163e-01 4.47969141e-02
939 1 7.85398163e-01 4.45769531e-02
940 1 7.85398163e-01 4.49739773e-02
941 1 7.85398163e-01 4.47522845e-02
942 1 7.85398163e-01 4.51307620e-02
943 1 7.85398163e-01 4.43336643e-02
944 1 7.85398163e-01 4.41400130e-02
945 1 7.85398163e-01 4.46506878e-02
946 1 7.85398163e-01 4.48912998e-02
947 1 7.85398163e-01 4.49217507e-02
948 1 7.85398163e-01 4.48751248e-02
949 1 7.85398163e-01 4.44779569e-02
950 1 7.85398163e-01 4.45865324e-02
951 1 7.85398163e-01 4.46147524e-02
952 1 7.85398163e-01 4.46917990e-02
953 1 7.85398163e-01 4.52027200e-02
954 1 7.85398163e-01 4.45318189e-02
955 1 7.85398163e-01 4.48931964e-02
956 1 7.85398163e-01 4.48327690e-02
957 1 7.85398163e-01 4.48451327e-02
958 1 7.85398163e-01 4.49601602e-02
959 1 7.85398163e-01 4.45218345e-02
960 1 7.85398163e-01 4.42476076e-02
961 1 7.85398163e-01 4.46826795e-02
962 1 7.85398163e-01 4.46792346e-02
963 1 7.85398163e-01 4.47645120e-02
964 1 7.85398163e-01 4.50111171e-02
965 1 7.85398163e-01 4.47540088e-02
966 1 7.85398163e-01 4.45144059e-02
967 1 7.85398163e-01 4.45667563e-02
968 1 7.85398163e-01 4.49281839e-02
969 1 7.85398163e-01 4.46621431e-02
970 1 7.85398163e-01 4.46743582e-02
971 1 7.85398163e-01 4.44947924e-02
972 1 7.85398163e-01 4.42556947e-02
973 1 7.85398163e-01 4.46601298e-02
974 1 7.85398163e-01 4.48215490e-02
975 1 7.85398163e-01 4.46295412e-02
976 1 7.85398163e-01 4.46116617e-02
977 1 7.85398163e-01 4.50277642e-02
978 1 7.85398163e-01 4.46084972e-02
979 1 7.85398163e-01 4.46387173e-02
980 1 7.85398163e-01 4.42424181e-02
981 1 7.85398163e-01 4.43915958e-02
982 1 7.85398163e-01 4.46459493e-02
983 1 7.85398163e-01 4.49020089e-02
984 1 7.85398163e-01 4.46620914e-02
985 1 7.85398163e-01 4.47491476e-02
986 1 7.85398163e-01 4.49967482e-02
987 1 7.85398163e-01 4.47696327e-02
988 1 7.85398163e-01 4.49805798e-02
989 1 7.85398163e-01 4.48597661e-02
990 1 7.85398163e-01 4.43883219e-02
991 1 7.85398163e-01 4.44994085e-02
992 1 7.85398163e-01 4.46083765e-02
993 1 7.85398163e-01 4.47184072e-02
994 1 7.85398163e-01 4.42516290e-02
995 1 7.85398163e-01 4.47498543e-02
996 1 7.85398163e-01 4.45731361e-02
997 1 7.85398163e-01 4.44881875e-02
998 1 7.85398163e-01 4.49386221e-02
999 1 7.85398163e-01 4.44679217e-02
1000 1 7.85398163e-01 4.45409650e-02
1001 1 7.85398163e-01 4.44179343e-02
1002 1 7.85398163e-01 4.45737868e-02
1003 1 7.85398163e-01 4.46130005e-02
1004 1 7.85398163e-01 4.50116441e-02
1005 1 7.85398163e-01 4.46694359e-02
1006 1 7.85398163e-01 4.45867690e-02
1007 1 7.85398163e-01 4.45128325e-02
1008 1 7.85398163e-01 4.42026922e-02
1009 1 7.85398163e-01 4.42712581e-02
1010 1 7.85398163e-01 4.45103627e-02
1011 1 7.85398163e-01 4.50811803e-02
1012 1 7.85398163e-01 4.44958594e-02
0 2 1.57079633e+00 7.98318977e-02
1 2 1.57079633e+00 7.97465147e-02
2 2 1.57079633e+00 8.04034449e-02
3 2 1.57079633e+00 7.95961705e-02
4 2 1.57079633e+00 8.02874414e-02
5 2 1.57079633e+00 7.97853993e-02
6 2 1.57079633e+00 8.03158605e-02
7 2 1.57079633e+00 8.03266057e-02
8 2 1.57079633e+00 7.95580728e-02
9 2 1.57079633e+00 8.00454787e-02
10 2 1.57079633e+00 7.93861279e-02
11 2 1.57079633e+00 7.96081836e-02
12 2 1.57079633e+00 8.06664341e-02
13 2 1.57079633e+00 8.05121564e-02
14 2 1.57079633e+00 8.05576099e-02
15 2 1.57079633e+00 8.03123004e-02
16 2 1.57079633e+00 8.02473912e-02
17 2 1.57079633e+00 7.97862132e-02
18 2 1.57079633e+00 7.99481658e-02
19 2 1.57079633e+00 7.98370448e-02
20 2 1.57079633e+00 8.00545116e-02
21 2 1.57079633e+00 8.00584276e-02
22 2 1.57079633e+00 7.97331827e-02
23 2 1.57079633e+00 7.94823028e-02
24 2 1.57079633e+00 7.99796342e-02
25 2 1.57079633e+00 7.97674948e-02
26 2 1.57079633e+00 7.98219625e-02
27 2 1.57079633e+00 7.93748337e-02
28 2 1.57079633e+00 8.02354841e-02
29 2 1.57079633e+00 7.98145572e-02
30 2 1.57079633e+00 7.90810107e-02
31 2 1.57079633e+00 7.95230733e-02
32 2 1.57079633e+00 7.99491103e-02
33 2 1.57079633e+00 7.95882058e-02
34 2 1.57079633e+00 7.93550621e-02
35 2 1.57079633e+00 8.00362637e-02
36 2 1.57079633e+00 8.00024601e-02
37 2 1.57079633e+00 7.99703083e-02
38 2 1.57079633e+00 8.04393495e-02
39 2 1.57079633e+00 8.00190408e-02
40 2 1.57079633e+00 7.99300327e-02
41 2 1.57079633e+00 7.98233365e-02
42 2 1.57079633e+00 8.00144519e-02
43 2 1.57079633e+00 8.03535704e-02
44 2 1.57079633e+00 7.98657354e-02
45 2 1.57079633e+00 7.98667124e-02
46 2 1.57079633e+00 7.96221349e-02
47 2 1.57079633e+00 7.96482446e-02
48 2 1.57079633e+00 8.01032526e-02
49 2 1.57079633e+00 7.84305175e-02
50 2 1.57079633e+00 8.03820451e-02
51 2 1.57079633e+00 7.97160139e-02
52 2 1.57079633e+00 7.98535320e-02
53 2 1.57079633e+00 8.04054364e-02
54 2 1.57079633e+00 8.04476158e-02
55 2 1.57079633e+00 7.99667175e-02
56 2 1.57079633e+00 8.00454040e-02
57 2 1.57079633e+00 7.95008578e-02
58 2 1.57079633e+00 8.01819204e-02
59 2 1.57079633e+00 7.96794617e-02
60 2 1.57079633e+00 7.97497336e-02
61 2 1.57079633e+00 7.96035450e-02
62 2 1.57079633e+00 8.02306296e-02
63 2 1.57079633e+00 7.97213403e-02
64 2 1.57079633e+00 8.01719360e-02
65 2 1.57079633e+00 8.02499606e-02
66 2 1.57079633e+00 7.93443575e-02
67 2 1.57079633e+00 7.98757790e-02
68 2 1.57079633e+00 8.05487744e-02
69 2 1.57079633e+00 7.94863312e-02
70 2 1.57079633e+00 7.96802663e-02
71 2 1.57079633e+00 8.02100831e-02
72 2 1.57079633e+00 8.02971227e-02
73 2 1.57079633e+00 7.99807814e-02
74 2 1.57079633e+00 7.89554611e-02
75 2 1.57079633e+00 7.90157382e-02
76 2 1.57079633e+00 7.96559614e-02
77 2 1.57079633e+00 7.96705366e-02
78 2 1.57079633e+00 8.03999299e-02
79 2 1.57079633e+00 8.04621641e-02
80 2 1.57079633e+00 7.97631443e-02
81 2 1.57079633e+00 7.98846035e-02
82 2 1.57079633e+00 7.97930601e-02
83 2 1.57079633e+00 7.98216078e-02
84 2 1.57079633e+00 7.98418184e-02
85 2 1.57079633e+00 8.06846293e-02
86 2 1.57079633e+00 7.93459420e-02
87 2 1.57079633e+00 7.90215833e-02
88 2 1.57079633e+00 7.95476792e-02
89 2 1.57079633e+00 7.94701433e-02
90 2 1.57079633e+00 7.94997589e-02
91 2 1.57079633e+00 8.01783942e-02
92 2 1.57079633e+00 7.95995383e-02
93 2 1.57079633e+00 8.00723496e-02
94 2 1.57079633e+00 7.97071132e-02
95 2 1.57079633e+00 7.98892262e-02
96 2 1.57079633e+00 8.02869500e-02
97 2 1.57079633e+00 7.98773632e-02
98 2 1.57079633e+00 8.04529602e-02
99 2 1.57079633e+00 8.06260122e-02
100 2 1.57079633e+00 7.91466411e-02
101 2 1.57079633e+00 7.97381092e-02
102 2 1.57079633e+00 7.98301670e-02
103 2 1.57079633e+00 7.94324636e-02
104 2 1.57079633e+00 7.98790322e-02
105 2 1.57079633e+00 7.92562611e-02
106 2 1.57079633e+00 8.03097586e-02
107 2 1.57079633e+00 8.02165006e-02
108 2 1.57079633e+00 7.94677257e-02
109 2 1.57079633e+00 7.98725216e-02
110 2 1.57079633e+00 7.89080552e-02
111 2 1.57079633e+00 8.00876568e-02
112 2 1.57079633e+00 7.96812820e-02
113 2 1.57079633e+00 7.98673522e-02
114 2 1.57079633e+00 8.05454958e-02
115 2 1.57079633e+00 7.99279271e-02
116 2 1.57079633e+00 7.99749579e-02
117 2 1.57079633e+00 8.06559760e-02
118 2 1.57079633e+00 7.98945982e-02
119 2 1.57079633e+00 7.98937803e-02
120 2 1.57079633e+00 8.01150831e-02
121 2 1.57079633e+00 7.94041742e-02
122 2 1.57079633e+00 7.93187545e-02
123 2 1.57079633e+00 7.93830376e-02
124 2 1.57079633e+00 8.00977324e-02
125 2 1.57079633e+00 8.06556207e-02
126 2 1.57079633e+00 8.04570035e-02
127 2 1.57079633e+00 8.04281552e-02
128 2 1.57079633e+00 7.92717065e-02
129 2 1.57079633e+00 8.01275831e-02
130 2 1.57079633e+00 8.05329589e-02
131 2 1.57079633e+00 7.85309263e-02
132 2 1.57079633e+00 8.01804772e-02
133 2 1.57079633e+00 8.00660527e-02
134 2 1.57079633e+00 8.00429382e-02
135 2 1.57079633e+00 8.00434859e-02
136 2 1.57079633e+00 7.96261775e-02
137 2 1.57079633e+00 7.99956772e-02
138 2 1.57079633e+00 7.95248221e-02
139 2 1.57079633e+00 7.97347902e-02
140 2 1.57079633e+00 7.99021485e-02
141 2 1.57079633e+00 8.03211808e-02
142 2 1.57079633e+00 7.97311812e-02
143 2 1.57079633e+00 8.05107261e-02
144 2 1.57079633e+00 7.96947348e-02
145 2 1.57079633e+00 7.93207767e-02
146 2 1.57079633e+00 7.98402771e-02
147 2 1.57079633e+00 7.93154208e-02
148 2 1.57079633e+00 7.97514240e-02
149 2 1.57079633e+00 8.00968298e-02
150 2 1.57079633e+00 7.99357052e-02
151 2 1.57079633e+00 7.89325791e-02
152 2 1.57079633e+00 7.95634828e-02
153 2 1.57079633e+00 8.09503825e-02
154 2 1.57079633e+00 8.00719450e-02
155 2 1.57079633e+00 7.97186712e-02
156 2 1.57079633e+00 7.99022011e-02
157 2 1.57079633e+00 8.01971083e-02
158 2 1.57079633e+00 7.97156052e-02
159 2 1.57079633e+00 8.03636931e-02
160 2 1.57079633e+00 8.00576659e-02
161 2 1.57079633e+00 7.99017839e-02
162 2 1.57079633e+00 7.97773829e-02
163 2 1.57079633e+00 7.98436353e-02
164 2 1.57079633e+00 8.00322739e-02
165 2 1.57079633e+00 8.08304309e-02
166 2 1.57079633e+00 8.01778393e-02
167 2 1.57079633e+00 7.96290590e-02
168 2 1.57079633e+00 7.97482035e-02
169 2 1.57079633e+00 7.98423933e-02
170 2 1.57079633e+00 8.00320946e-02
171 2 1.57079633e+00 8.00836410e-02
172 2 1.57079633e+00 8.03241412e-02
173 2 1.57079633e+00 7.97052915e-02
174 2 1.57079633e+00 8.01587352e-02
175 2 1.57079633e+00 8.02516384e-02
176 2 1.57079633e+00 8.08852379e-02
177 2 1.57079633e+00 8.04109722e-02
178 2 1.57079633e+00 7.94987678e-02
179 2 1.57079633e+00 7.94595041e-02
180 2 1.57079633e+00 7.94018701e-02
181 2 1.57079633e+00 8.00235338e-02
182 2 1.57079633e+00 7.89815285e-02
183 2 1.57079633e+00 8.00612278e-02
184 2 1.57079633e+00 7.94948881e-02
185 2 1.57079633e+00 7.91960453e-02
186 2 1.57079633e+00 7.87481618e-02
187 2 1.57079633e+00 7.93761634e-02
188 2 1.57079633e+00 7.96411443e-02
189 2 1.57079633e+00 8.01144492e-02
190 2 1.57079633e+00 8.01018288e-02
191 2 1.57079633e+00 8.02047141e-02
192 2 1.57079633e+00 8.08782131e-02
193 2 1.57079633e+00 8.03849773e-02
194 2 1.57079633e+00 7.92706347e-02
195 2 1.57079633e+00 7.97834003e-02
196 2 1.57079633e+00 8.01711565e-02
197 2 1.57079633e+00 7.98975748e-02
198 2 1.57079633e+00 7.92952838e-02
199 2 1.57079633e+00 7.95954533e-02
200 2 1.57079633e+00 7.93726659e-02
201 2 1.57079633e+00 7.99243948e-02
202 2 1.57079633e+00 8.00760180e-02
203 2 1.57079633e+00 7.97187956e-02
204 2 1.57079633e+00 7.95756453e-02
205 2 1.57079633e+00 8.00131837e-02
206 2 1.57079633e+00 7.99525768e-02
207 2 1.57079633e+00 7.92479784e-02
208 2 1.57079633e+00 7.97553935e-02
209 2 1.57079633e+00 7.90308538e-02
210 2 1.57079633e+00 7.90244345e-02
211 2 1.57079633e+00 8.00945430e-02
212 2 1.57079633e+00 8.02585845e-02
213 2 1.57079633e+00 7.94771417e-02
214 2 1.57079633e+00 8.02318406e-02
215 2 1.57079633e+00 7.94571075e-02
216 2 1.57079633e+00 7.94370085e-02
217 2 1.57079633e+00 8.04072477e-02
218 2 1.57079633e+00 7.99497479e-02
219 2 1.57079633e+00 8.06420286e-02
220 2 1.57079633e+00 8.01419375e-02
221 2 1.57079633e+00 8.02745795e-02
222 2 1.57079633e+00 7.99920380e-02
223 2 1.57079633e+00 8.01235508e-02
224 2 1.57079633e+00 7.97514576e-02
225 2 1.57079633e+00 7.97547320e-02
226 2 1.57079633e+00 8.02382501e-02
227 2 1.57079633e+00 7.99064081e-02
228 2 1.57079633e+00 8.01675546e-02
229 2 1.57079633e+00 7.86106031e-02
230 2 1.57079633e+00 8.04956524e-02
231 2 1.57079633e+00 7.93296512e-02
232 2 1.57079633e+00 7.87364679e-02
233 2 1.57079633e+00 7.95715789e-02
234 2 1.57079633e+00 7.97880458e-02
235 2 1.57079633e+00 7.91372922e-02
236 2 1.57079633e+00 8.03268185e-02
237 2 1.57079633e+00 8.02408786e-02
238 2 1.57079633e+00 7.99875082e-02
239 2 1.57079633e+00 8.01540699e-02
240 2 1.57079633e+00 7.99907298e-02
241 2 1.57079633e+00 8.02486170e-02
242 2 1.57079633e+00 7.97630824e-02
243 2 1.57079633e+00 8.05284524e-02
244 2 1.57079633e+00 7.97845400e-02
245 2 1.57079633e+00 8.04680278e-02
246 2 1.57079633e+00 8.04793881e-02
247 2 1.57079633e+00 7.93608082e-02
248 2 1.57079633e+00 7.98721993e-02
249 2 1.57079633e+00 7.98942897e-02
250 2 1.57079633e+00 8.02063014e-02
251 2 1.57079633e+00 7.97321007e-02
252 2 1.57079633e+00 8.07499659e-02
253 2 1.57079633e+00 8.01271981e-02
254 2 1.57079633e+00 7.96841943e-02
255 2 1.57079633e+00 8.01558464e-02
256 2 1.57079633e+00 7.95524016e-02
257 2 1.57079633e+00 7.90839339e-02
258 2 1.57079633e+00 7.92199266e-02
259 2 1.57079633e+00 8.00776831e-02
260 2 1.57079633e+00 7.98884080e-02
261 2 1.57079633e+00 8.04784339e-02
262 2 1.57079633e+00 7.92183648e-02
263 2 1.57079633e+00 7.97864152e-02
264 2 1.57079633e+00 8.03240201e-02
265 2 1.57079633e+00 8.03942465e-02
266 2 1.57079633e+00 7.96131590e-02
267 2 1.57079633e+00 7.98133937e-02
268 2 1.57079633e+00 8.01834673e-02
269 2 1.57079633e+00 7.90625456e-02
270 2 1.57079633e+00 8.01986282e-02
271 2 1.57079633e+00 8.01033169e-02
272 2 1.57079633e+00 7.95317535e-02
273 2 1.57079633e+00 7.91290272e-02
274 2 1.57079633e+00 7.94553230e-02
275 2 1.57079633e+00 7.91257472e-02
276 2 1.57079633e+00 7.97006928e-02
277 2 1.57079633e+00 8.01245537e-02
278 2 1.57079633e+00 8.04136062e-02
279 2 1.57079633e+00 7.99260129e-02
280 2 1.57079633e+00 7.98609317e-02
281 2 1.57079633e+00 8.00079906e-02
282 2 1.57079633e+00 8.00709448e-02
283 2 1.57079633e+00 8.03120452e-02
284 2 1.57079633e+00 8.02724374e-02
285 2 1.57079633e+00 8.01274934e-02
286 2 1.57079633e+00 8.03860123e-02
287 2 1.57079633e+00 7.96290512e-02
288 2 1.57079633e+00 7.97936346e-02
289 2 1.57079633e+00 7.90216877e-02
290 2 1.57079633e+00 8.00090997e-02
291 2 1.57079633e+00 8.00270996e-02
292 2 1.57079633e+00 7.95961459e-02
293 2 1.57079633e+00 7.97600560e-02
294 2 1.57079633e+00 8.03933169e-02
295 2 1.57079633e+00 8.02168876e-02
296 2 1.57079633e+00 7.98369420e-02
297 2 1.57079633e+00 8.05468998e-02
298 2 1.57079633e+00 7.97335744e-02
299 2 1.57079633e+00 8.03959689e-02
300 2 1.57079633e+00 7.98932915e-02
301 2 1.57079633e+00 8.00483229e-02
302 2 1.57079633e+00 7.94543780e-02
303 2 1.57079633e+00 8.03203705e-02
304 2 1.57079633e+00 8.07990845e-02
305 2 1.57079633e+00 7.97931016e-02
306 2 1.57079633e+00 8.00198960e-02
307 2 1.57079633e+00 8.00356717e-02
308 2 1.57079633e+00 7.97668125e-02
309 2 1.57079633e+00 8.02565903e-02
310 2 1.57079633e+00 8.02013303e-02
311 2 1.57079633e+00 8.02767057e-02
312 2 1.57079633e+00 8.04726218e-02
313 2 1.57079633e+00 7.97910790e-02
314 2 1.57079633e+00 7.93657210e-02
315 2 1.57079633e+00 7.91986144e-02
316 2 1.57079633e+00 7.96485690e-02
317 2 1.57079633e+00 7.98798929e-02
318 2 1.57079633e+00 7.99992036e-02
319 2 1.57079633e+00 8.02233299e-02
320 2 1.57079633e+00 7.92808978e-02
321 2 1.57079633e+00 7.94800841e-02
322 2 1.57079633e+00 7.94298498e-02
323 2 1.57079633e+00 7.96312938e-02
324 2 1.57079633e+00 8.01884887e-02
325 2 1.57079633e+00 7.97839503e-02
326 2 1.57079633e+00 7.93375861e-02
327 2 1.57079633e+00 7.94251677e-02
328 2 1.57079633e+00 7.95221969e-02
329 2 1.57079633e+00 7.89644452e-02
330 2 1.57079633e+00 7.98522212e-02
331 2 1.57079633e+00 7.91295474e-02
332 2 1.57079633e+00 7.99000402e-02
333 2 1.57079633e+00 7.99027551e-02
334 2 1.57079633e+00 7.94002278e-02
335 2 1.57079633e+00 7.96172830e-02
336 2 1.57079633e+00 7.98036836e-02
337 2 1.57079633e+00 7.99587120e-02
338 2 1.57079633e+00 7.99688279e-02
339 2 1.57079633e+00 8.02072399e-02
340 2 1.57079633e+00 7.99933273e-02
341 2 1.57079633e+00 7.99032105e-02
342 2 1.57079633e+00 8.05389666e-02
343 2 1.57079633e+00 8.04779228e-02
344 2 1.57079633e+00 8.07390069e-02
345 2 1.57079633e+00 7.98217833e-02
346 2 1.57079633e+00 7.95295540e-02
347 2 1.57079633e+00 7.87684998e-02
348 2 1.57079633e+00 8.00630284e-02
349 2 1.57079633e+00 7.97480114e-02
350 2 1.57079633e+00 8.06579670e-02
351 2 1.57079633e+00 8.02655076e-02
352 2 1.57079633e+00 7.88108240e-02
353 2 1.57079633e+00 7.99720624e-02
354 2 1.57079633e+00 7.99253216e-02
355 2 1.57079633e+00 8.09320645e-02
356 2 1.57079633e+00 7.93680572e-02
357 2 1.57079633e+00 7.93400441e-02
358 2 1.57079633e+00 8.00733137e-02
359 2 1.57079633e+00 7.96601954e-02
360 2 1.57079633e+00 7.99339116e-02
361 2 1.57079633e+00 7.97447841e-02
362 2 1.57079633e+00 7.95482711e-02
363 2 1.57079633e+00 7.96846082e-02
364 2 1.57079633e+00 7.94058818e-02
365 2 1.57079633e+00 7.99372646e-02
366 2 1.57079633e+00 7.98686007e-02
367 2 1.57079633e+00 8.00029360e-02
368 2 1.57079633e+00 7.95586788e-02
369 2 1.57079633e+00 7.95011349e-02
370 2 1.57079633e+00 7.95655627e-02
371 2 1.57079633e+00 7.95276762e-02
372 2 1.57079633e+00 7.98556069e-02
373 2 1.57079633e+00 8.00195470e-02
374 2 1.57079633e+00 7.97135889e-02
375 2 1.57079633e+00 7.97523492e-02
376 2 1.57079633e+00 7.98948149e-02
377 2 1.57079633e+00 7.99907399e-02
378 2 1.57079633e+00 7.99031304e-02
379 2 1.57079633e+00 7.99789239e-02
380 2 1.57079633e+00 7.98783691e-02
381 2 1.57079633e+00 8.00921423e-02
382 2 1.57079633e+00 7.98211886e-02
383 2 1.57079633e+00 8.00951185e-02
384 2 1.57079633e+00 7.98621356e-02
385 2 1.57079633e+00 8.00651231e-02
386 2 1.57079633e+00 7.95877824e-02
387 2 1.57079633e+00 8.01756725e-02
388 2 1.57079633e+00 7.99788239e-02
389 2 1.57079633e+00 7.94682813e-02
390 2 1.57079633e+00 8.02049469e-02
391 2 1.57079633e+00 7.87964450e-02
392 2 1.57079633e+00 8.08729246e-02
393 2 1.57079633e+00 7.98272312e-02
394 2 1.57079633e+00 8.07286412e-02
395 2 1.57079633e+00 7.98776126e-02
396 2 1.57079633e+00 7.99001096e-02
397 2 1.57079633e+00 7.99828320e-02
398 2 1.57079633e+00 8.08641227e-02
399 2 1.57079633e+00 7.96507623e-02
400 2 1.57079633e+00 7.99683954e-02
401 2 1.57079633e+00 8.03601579e-02
402 2 1.57079633e+00 7.98808018e-02
403 2 1.57079633e+00 8.04185108e-02
404 2 1.57079633e+00 8.02352922e-02
405 2 1.57079633e+00 7.97999289e-02
406 2 1.57079633e+00 7.91226366e-02
407 2 1.57079633e+00 8.04405104e-02
408 2 1.57079633e+00 8.01841839e-02
409 2 1.57079633e+00 8.01997112e-02
410 2 1.57079633e+00 7.94100290e-02
411 2 1.57079633e+00 7.98658367e-02
412 2 1.57079633e+00 7.98073969e-02
413 2 1.57079633e+00 8.04177189e-02
414 2 1.57079633e+00 7.97370293e-02
415 2 1.57079633e+00 7.95800509e-02
416 2 1.57079633e+00 8.03250130e-02
417 2 1.57079633e+00 7.98228343e-02
418 2 1.57079633e+00 8.03748181e-02
419 2 1.57079633e+00 8.01883393e-02
420 2 1.57079633e+00 7.96598727e-02
421 2 1.57079633e+00 7.98004469e-02
422 2 1.57079633e+00 7.93454138e-02
423 2 1.57079633e+00 8.00158206e-02
424 2 1.57079633e+00 7.89305170e-02
425 2 1.57079633e+00 8.05566910e-02
426 2 1.57079633e+00 8.01849500e-02
427 2 1.57079633e+00 7.98497839e-02
428 2 1.57079633e+00 8.05460916e-02
429 2 1.57079633e+00 7.98982260e-02
430 2 1.57079633e+00 7.99036806e-02
431 2 1.57079633e+00 8.01316278e-02
432 2 1.57079633e+00 7.98506310e-02
433 2 1.57079633e+00 8.00386579e-02
434 2 1.57079633e+00 8.00257341e-02
435 2 1.57079633e+00 8.01335671e-02
436 2 1.57079633e+00 8.03378278e-02
437 2 1.57079633e+00 7.97797038e-02
438 2 1.57079633e+00 8.02876951e-02
439 2 1.57079633e+00 8.01614452e-02
440 2 1.57079633e+00 7.98824148e-02
441 2 1.57079633e+00 7.93978491e-02
442 2 1.57079633e+00 8.01792177e-02
443 2 1.57079633e+00 7.97315226e-02
444 2 1.57079633e+00 7.99055017e-02
445 2 1.57079633e+00 7.91660984e-02
446 2 1.57079633e+00 7.97801158e-02
447 2 1.57079633e+00 7.97957779e-02
448 2 1.57079633e+00 8.03786785e-02
449 2 1.57079633e+00 7.99608942e-02
450 2 1.57079633e+00 8.02025098e-02
451 2 1.57079633e+00 7.99518561e-02
452 2 1.57079633e+00 8.09996564e-02
453 2 1.57079633e+00 8.02327450e-02
454 2 1.57079633e+00 8.00007541e-02
455 2 1.57079633e+00 7.95247828e-02
456 2 1.57079633e+00 7.97852180e-02
457 2 1.57079633e+00 7.99449934e-02
458 2 1.57079633e+00 8.03595804e-02
459 2 1.57079633e+00 8.04753567e-02
460 2 1.57079633e+00 7.99687683e-02
461 2 1.57079633e+00 8.00752766e-02
462 2 1.57079633e+00 8.00846663e-02
463 2 1.57079633e+00 7.96921039e-02
464 2 1.57079633e+00 8.06026986e-02
465 2 1.57079633e+00 8.03187297e-02
466 2 1.57079633e+00 7.99728055e-02
467 2 1.57079633e+00 7.95066865e-02
468 2 1.57079633e+00 7.97750941e-02
469 2 1.57079633e+00 7.91006364e-02
470 2 1.57079633e+00 8.01355880e-02
471 2 1.57079633e+00 7.97225956e-02
472 2 1.57079633e+00 7.97447913e-02
473 2 1.57079633e+00 7.99379203e-02
474 2 1.57079633e+00 8.04479795e-02
475 2 1.57079633e+00 8.00989469e-02
476 2 1.57079633e+00 7.96069062e-02
477 2 1.57079633e+00 7.90084687e-02
478 2 1.57079633e+00 8.02358050e-02
479 2 1.57079633e+00 7.94813335e-02
480 2 1.57079633e+00 7.95379487e-02
481 2 1.57079633e+00 8.00785399e-02
482 2 1.57079633e+00 7.98977828e-02
483 2 1.57079633e+00 8.02970276e-02
484 2 1.57079633e+00 8.01742025e-02
485 2 1.57079633e+00 8.03318803e-02
486 2 1.57079633e+00 8.01658142e-02
487 2 1.57079633e+00 7.98848746e-02
488 2 1.57079633e+00 7.93532407e-02
489 2 1.57079633e+00 7.99665661e-02
490 2 1.57079633e+00 7.95660320e-02
491 2 1.57079633e+00 7.95168197e-02
492 2 1.57079633e+00 8.00823425e-02
493 2 1.57079633e+00 8.00430152e-02
494 2 1.57079633e+00 7.97438017e-02
495 2 1.57079633e+00 7.99843587e-02
496 2 1.57079633e+00 7.94624642e-02
497 2 1.57079633e+00 7.96890801e-02
498 2 1.57079633e+00 8.02193754e-02
499 2 1.57079633e+00 7.98691425e-02
500 2 1.57079633e+00 7.98790358e-02
501 2 1.57079633e+00 7.99739190e-02
502 2 1.57079633e+00 7.97988972e-02
503 2 1.57079633e+00 8.04217710e-02
504 2 1.57079633e+00 7.98785225e-02
505 2 1.57079633e+00 7.98734731e-02
506 2 1.57079633e+00 7.98941075e-02
507 2 1.57079633e+00 7.93219983e-02
508 2 1.57079633e+00 7.97211246e-02
509 2 1.57079633e+00 8.02937871e-02
510 2 1.57079633e+00 8.02550796e-02
511 2 1.57079633e+00 7.95025020e-02
512 2 1.57079633e+00 8.01221896e-02
513 2 1.57079633e+00 8.04325919e-02
514 2 1.57079633e+00 7.96289364e-02
515 2 1.57079633e+00 8.04931508e-02
516 2 1.57079633e+00 7.97330851e-02
517 2 1.57079633e+00 7.94316636e-02
518 2 1.57079633e+00 7.95571898e-02
519 2 1.57079633e+00 7.96040820e-02
520 2 1.57079633e+00 7.98389064e-02
521 2 1.57079633e+00 7.86720289e-02
522 2 1.57079633e+00 8.01860098e-02
523 2 1.57079633e+00 7.96086261e-02
524 2 1.57079633e+00 7.95355254e-02
525 2 1.57079633e+00 7.98466426e-02
526 2 1.57079633e+00 7.98148767e-02
527 2 1.57079633e+00 8.00153562e-02
528 2 1.57079633e+00 8.00700775e-02
529 2 1.57079633e+00 8.01549094e-02
530 2 1.57079633e+00 7.91375005e-02
531 2 1.57079633e+00 7.98718912e-02
532 2 1.57079633e+00 8.01867936e-02
533 2 1.57079633e+00 8.04733533e-02
534 2 1.57079633e+00 8.05173194e-02
535 2 1.57079633e+00 8.00106488e-02
536 2 1.57079633e+00 8.06689053e-02
537 2 1.57079633e+00 8.05589356e-02
538 2 1.57079633e+00 7.95551975e-02
539 2 1.57079633e+00 8.05770849e-02
540 2 1.57079633e+00 8.01198496e-02
541 2 1.57079633e+00 7.99939331e-02
542 2 1.57079633e+00 7.98163181e-02
543 2 1.57079633e+00 7.99112944e-02
544 2 1.57079633e+00 7.96556202e-02
545 2 1.57079633e+00 7.96843509e-02
546 2 1.57079633e+00 8.03486834e-02
547 2 1.57079633e+00 8.07285186e-02
548 2 1.57079633e+00 8.00216055e-02
549 2 1.57079633e+00 7.97492379e-02
550 2 1.57079633e+00 7.95813641e-02
551 2 1.57079633e+00 7.99027303e-02
552 2 1.57079633e+00 7.97291114e-02
553 2 1.57079633e+00 8.02953971e-02
554 2 1.57079633e+00 7.97334531e-02
555 2 1.57079633e+00 7.94827663e-02
556 2 1.57079633e+00 8.00818145e-02
557 2 1.57079633e+00 8.02147047e-02
558 2 1.57079633e+00 8.03188580e-02
559 2 1.57079633e+00 8.03353443e-02
560 2 1.57079633e+00 8.03371943e-02
561 2 1.57079633e+00 7.90710487e-02
562 2 1.57079633e+00 8.02712628e-02
563 2 1.57079633e+00 8.03648810e-02
564 2 1.57079633e+00 7.99343893e-02
565 2 1.57079633e+00 8.00414098e-02
566 2 1.57079633e+00 7.93852524e-02
567 2 1.57079633e+00 8.02811606e-02
568 2 1.57079633e+00 8.00527741e-02
569 2 1.57079633e+00 8.00749314e-02
570 2 1.57079633e+00 8.02661991e-02
571 2 1.57079633e+00 7.96466390e-02
572 2 1.57079633e+00 7.99697502e-02
573 2 1.57079633e+00 7.91999128e-02
574 2 1.57079633e+00 7.94165826e-02
575 2 1.57079633e+00 8.03170522e-02
576 2 1.57079633e+00 7.95080048e-02
577 2 1.57079633e+00 7.94713319e-02
578 2 1.57079633e+00 8.01552372e-02
579 2 1.57079633e+00 7.95442447e-02
580 2 1.57079633e+00 7.92434172e-02
581 2 1.57079633e+00 7.94963325e-02
582 2 1.57079633e+00 7.97129097e-02
583 2 1.57079633e+00 7.98663643e-02
584 2 1.57079633e+00 7.94845652e-02
585 2 1.57079633e+00 7.99528016e-02
586 2 1.57079633e+00 7.99273551e-02
587 2 1.57079633e+00 7.98741921e-02
588 2 1.57079633e+00 7.96249242e-02
589 2 1.57079633e+00 7.99550886e-02
590 2 1.57079633e+00 8.02633315e-02
591 2 1.57079633e+00 7.98692263e-02
592 2 1.57079633e+00 8.01101471e-02
593 2 1.57079633e+00 7.94025551e-02
594 2 1.57079633e+00 7.97446664e-02
595 2 1.57079633e+00 7.93972616e-02
596 2 1.57079633e+00 8.02356600e-02
597 2 1.57079633e+00 7.99052178e-02
598 2 1.57079633e+00 8.01591151e-02
599 2 1.57079633e+00 8.02815314e-02
600 2 1.57079633e+00 8.02516601e-02
601 2 1.57079633e+00 8.05764999e-02
602 2 1.57079633e+00 7.94743817e-02
603 2 1.57079633e+00 8.00200898e-02
604 2 1.57079633e+00 7.99028311e-02
605 2 1.57079633e+00 8.02637685e-02
606 2 1.57079633e+00 7.94908888e-02
607 2 1.57079633e+00 7.97529452e-02
608 2 1.57079633e+00 7.99442275e-02
609 2 1.57079633e+00 7.89892623e-02
610 2 1.57079633e+00 7.94904162e-02
611 2 1.57079633e+00 7.93770344e-02
612 2 1.57079633e+00 7.99336197e-02
613 2 1.57079633e+00 8.02004193e-02
614 2 1.57079633e+00 8.03077467e-02
615 2 1.57079633e+00 7.96251248e-02
616 2 1.57079633e+00 8.03475762e-02
617 2 1.57079633e+00 8.05315596e-02
618 2 1.57079633e+00 7.94296053e-02
619 2 1.57079633e+00 8.00624914e-02
620 2 1.57079633e+00 8.00117215e-02
621 2 1.57079633e+00 8.02272035e-02
622 2 1.57079633e+00 8.02603926e-02
623 2 1.57079633e+00 8.02950572e-02
624 2 1.57079633e+00 8.01520507e-02
625 2 1.57079633e+00 8.00292822e-02
626 2 1.57079633e+00 7.97815037e-02
627 2 1.57079633e+00 8.04056727e-02
628 2 1.57079633e+00 7.97801599e-02
629 2 1.57079633e+00 7.92299160e-02
630 2 1.57079633e+00 7.99527750e-02
631 2 1.57079633e+00 7.98564999e-02
632 2 1.57079633e+00 7.98865513e-02
633 2 1.57079633e+00 7.94456279e-02
634 2 1.57079633e+00 8.05858273e-02
635 2 1.57079633e+00 7.91531151e-02
636 2 1.57079633e+00 7.99908351e-02
637 2 1.57079633e+00 7.91091480e-02
638 2 1.57079633e+00 7.99964549e-02
639 2 1.57079633e+00 7.96627199e-02
640 2 1.57079633e+00 7.95443697e-02
641 2 1.57079633e+00 8.01503016e-02
642 2 1.57079633e+00 7.94775599e-02
643 2 1.57079633e+00 8.05094020e-02
644 2 1.57079633e+00 8.04145578e-02
645 2 1.57079633e+00 7.90752602e-02
646 2 1.57079633e+00 7.97082965e-02
647 2 1.57079633e+00 7.93468957e-02
648 2 1.57079633e+00 8.00085758e-02
649 2 1.57079633e+00 7.93581955e-02
650 2 1.57079633e+00 7.97884460e-02
651 2 1.57079633e+00 7.99358482e-02
652 2 1.57079633e+00 7.91929226e-02
653 2 1.57079633e+00 8.05677050e-02
654 2 1.57079633e+00 7.96845838e-02
655 2 1.57079633e+00 8.00284461e-02
656 2 1.57079633e+00 7.97363453e-02
657 2 1.57079633e+00 8.00876482e-02
658 2 1.57079633e+00 8.04545435e-02
659 2 1.57079633e+00 7.97009014e-02
660 2 1.57079633e+00 7.91983978e-02
661 2 1.57079633e+00 7.99571602e-02
662 2 1.57079633e+00 8.01984004e-02
663 2 1.57079633e+00 7.99236680e-02
664 2 1.57079633e+00 8.00942321e-02
665 2 1.57079633e+00 7.90326815e-02
666 2 1.57079633e+00 7.97391259e-02
667 2 1.57079633e+00 7.96863802e-02
668 2 1.57079633e+00 7.98472880e-02
669 2 1.57079633e+00 7.96968069e-02
670 2 1.57079633e+00 7.96360193e-02
671 2 1.57079633e+00 8.02997958e-02
672 2 1.57079633e+00 7.99229430e-02
673 2 1.57079633e+00 8.05173191e-02
674 2 1.57079633e+00 7.95855377e-02
675 2 1.57079633e+00 7.94722259e-02
676 2 1.57079633e+00 7.91766079e-02
677 2 1.57079633e+00 7.99934454e-02
678 2 1.57079633e+00 8.04215520e-02
679 2 1.57079633e+00 7.97804537e-02
680 2 1.57079633e+00 8.05537972e-02
681 2 1.57079633e+00 7.99306288e-02
682 2 1.57079633e+00 7.99964421e-02
683 2 1.57079633e+00 7.94589226e-02
684 2 1.57079633e+00 8.01280847e-02
685 2 1.57079633e+00 7.98800732e-02
686 2 1.57079633e+00 8.01415752e-02
687 2 1.57079633e+00 8.01875494e-02
688 2 1.57079633e+00 7.99178006e-02
689 2 1.57079633e+00 7.97744949e-02
690 2 1.57079633e+00 7.99305458e-02
691 2 1.57079633e+00 7.96789515e-02
692 2 1.57079633e+00 7.95568755e-02
693 2 1.57079633e+00 7.98513768e-02
694 2 1.57079633e+00 7.87062800e-02
695 2 1.57079633e+00 7.95926434e-02
696 2 1.57079633e+00 8.00340519e-02
697 2 1.57079633e+00 8.05701414e-02
698 2 1.57079633e+00 7.99910842e-02
699 2 1.57079633e+00 7.96723960e-02
700 2 1.57079633e+00 7.94907638e-02
701 2 1.57079633e+00 8.05658219e-02
702 2 1.57079633e+00 7.95933548e-02
703 2 1.57079633e+00 8.10029495e-02
704 2 1.57079633e+00 7.94826328e-02
705 2 1.57079633e+00 8.04356512e-02
706 2 1.57079633e+00 7.98619810e-02
707 2 1.57079633e+00 7.90601158e-02
708 2 1.57079633e+00 8.01258712e-02
709 2 1.57079633e+00 8.02393598e-02
710 2 1.57079633e+00 8.00817110e-02
711 2 1.57079633e+00 8.04093591e-02
712 2 1.57079633e+00 8.04831720e-02
713 2 1.57079633e+00 7.93240752e-02
714 2 1.57079633e+00 7.89383127e-02
715 2 1.57079633e+00 7.97963784e-02
716 2 1.57079633e+00 7.97787987e-02
717 2 1.57079633e+00 7.91773582e-02
718 2 1.57079633e+00 7.92431817e-02
719 2 1.57079633e+00 7.93397693e-02
720 2 1.57079633e+00 7.97801716e-02
721 2 1.57079633e+00 8.08477292e-02
722 2 1.57079633e+00 7.96651802e-02
723 2 1.57079633e+00 7.99606743e-02
724 2 1.57079633e+00 7.99417707e-02
725 2 1.57079633e+00 7.91803225e-02
726 2 1.57079633e+00 8.00005109e-02
727 2 1.57079633e+00 8.00170167e-02
728 2 1.57079633e+00 7.99200607e-02
729 2 1.57079633e+00 8.04894275e-02
730 2 1.57079633e+00 7.92403646e-02
731 2 1.57079633e+00 7.99238852e-02
732 2 1.57079633e+00 7.99818287e-02
733 2 1.57079633e+00 7.98349125e-02
734 2 1.57079633e+00 7.97836293e-02
735 2 1.57079633e+00 8.00396145e-02
736 2 1.57079633e+00 7.97533703e-02
737 2 1.57079633e+00 8.01876548e-02
738 2 1.57079633e+00 8.01481427e-02
739 2 1.57079633e+00 7.99477772e-02
740 2 1.57079633e+00 8.01624180e-02
741 2 1.57079633e+00 7.98888915e-02
742 2 1.57079633e+00 7.93284655e-02
743 2 1.57079633e+00 8.06456992e-02
744 2 1.57079633e+00 8.01268063e-02
745 2 1.57079633e+00 8.00220396e-02
746 2 1.57079633e+00 7.98188291e-02
747 2 1.57079633e+00 8.04440078e-02
748 2 1.57079633e+00 7.99341168e-02
749 2 1.57079633e+00 8.03776107e-02
750 2 1.57079633e+00 7.99374408e-02
751 2 1.57079633e+00 8.13554706e-02
752 2 1.57079633e+00 8.09855638e-02
753 2 1.57079633e+00 8.04851266e-02
754 2 1.57079633e+00 8.02229095e-02
755 2 1.57079633e+00 7.90838724e-02
756 2 1.57079633e+00 8.03106220e-02
757 2 1.57079633e+00 7.94225891e-02
758 2 1.57079633e+00 7.95722593e-02
759 2 1.57079633e+00 7.99074363e-02
760 2 1.57079633e+00 7.91557198e-02
761 2 1.57079633e+00 7.95438045e-02
762 2 1.57079633e+00 8.00876706e-02
763 2 1.57079633e+00 7.97200039e-02
764 2 1.57079633e+00 8.02303080e-02
765 2 1.57079633e+00 8.04517199e-02
766 2 1.57079633e+00 7.92696189e-02
767 2 1.57079633e+00 7.95673688e-02
768 2 1.57079633e+00 7.99400662e-02
769 2 1.57079633e+00 8.01047867e-02
770 2 1.57079633e+00 8.02813664e-02
771 2 1.57079633e+00 8.02722938e-02
772 2 1.57079633e+00 7.96662241e-02
773 2 1.57079633e+00 7.95638915e-02
774 2 1.57079633e+00 7.98539165e-02
775 2 1.57079633e+00 8.02621775e-02
776 2 1.57079633e+00 8.00436167e-02
777 2 1.57079633e+00 7.98274206e-02
778 2 1.57079633e+00 7.99544552e-02
779 2 1.57079633e+00 8.04600746e-02
780 2 1.57079633e+00 8.02191894e-02
781 2 1.57079633e+00 7.99843354e-02
782 2 1.57079633e+00 8.04616408e-02
783 2 1.57079633e+00 7.94360816e-02
784 2 1.57079633e+00 7.94217657e-02
785 2 1.57079633e+00 7.97164202e-02
786 2 1.57079633e+00 8.01646661e-02
787 2 1.57079633e+00 7.95982565e-02
788 2 1.57079633e+00 7.99634480e-02
789 2 1.57079633e+00 7.96740329e-02
790 2 1.57079633e+00 8.02027841e-02
791 2 1.57079633e+00 7.98022298e-02
792 2 1.57079633e+00 7.98363447e-02
793 2 1.57079633e+00 7.96208585e-02
794 2 1.57079633e+00 8.00358488e-02
795 2 1.57079633e+00 8.00965458e-02
796 2 1.57079633e+00 7.92824939e-02
797 2 1.57079633e+00 7.94015133e-02
798 2 1.57079633e+00 7.94301900e-02
799 2 1.57079633e+00 7.91178308e-02
800 2 1.57079633e+00 8.08058560e-02
801 2 1.57079633e+00 8.05820301e-02
802 2 1.57079633e+00 8.02954226e-02
803 2 1.57079633e+00 8.02631765e-02
804 2 1.57079633e+00 8.03505584e-02
805 2 1.57079633e+00 7.97131872e-02
806 2 1.57079633e+00 8.02351378e-02
807 2 1.57079633e+00 8.01794955e-02
808 2 1.57079633e+00 8.00247033e-02
809 2 1.57079633e+00 8.02060494e-02
810 2 1.57079633e+00 8.06875688e-02
811 2 1.57079633e+00 7.97144531e-02
812 2 1.57079633e+00 7.96421414e-02
813 2 1.57079633e+00 8.05558271e-02
814 2 1.57079633e+00 7.99012015e-02
815 2 1.57079633e+00 8.02121590e-02
816 2 1.57079633e+00 8.01664319e-02
817 2 1.57079633e+00 8.07310077e-02
818 2 1.57079633e+00 7.95157194e-02
819 2 1.57079633e+00 8.01957016e-02
820 2 1.57079633e+00 8.02240162e-02
821 2 1.57079633e+00 7.89522508e-02
822 2 1.57079633e+00 7.97874330e-02
823 2 1.57079633e+00 7.98850981e-02
824 2 1.57079633e+00 7.96339525e-02
825 2 1.57079633e+00 7.99657950e-02
826 2 1.57079633e+00 7.97803673e-02
827 2 1.57079633e+00 7.99049843e-02
828 2 1.57079633e+00 8.04768061e-02
829 2 1.57079633e+00 7.94064884e-02
830 2 1.57079633e+00 7.96829750e-02
831 2 1.57079633e+00 7.95643891e-02
832 2 1.57079633e+00 8.01041932e-02
833 2 1.57079633e+00 8.07249326e-02
834 2 1.57079633e+00 7.98312004e-02
835 2 1.57079633e+00 7.97752598e-02
836 2 1.57079633e+00 7.95516363e-02
837 2 1.57079633e+00 8.03193904e-02
838 2 1.57079633e+00 8.05029281e-02
839 2 1.57079633e+00 7.97136084e-02
840 2 1.57079633e+00 8.00374199e-02
841 2 1.57079633e+00 7.91917015e-02
842 2 1.57079633e+00 7.93027572e-02
843 2 1.57079633e+00 8.03888263e-02
844 2 1.57079633e+00 8.02236776e-02
845 2 1.57079633e+00 7.98160560e-02
846 2 1.57079633e+00 7.95385842e-02
847 2 1.57079633e+00 7.98445235e-02
848 2 1.57079633e+00 7.94539896e-02
849 2 1.57079633e+00 7.93180982e-02
850 2 1.57079633e+00 7.90086427e-02
851 2 1.57079633e+00 7.94539603e-02
852 2 1.57079633e+00 8.01530417e-02
853 2 1.57079633e+00 8.01788373e-02
854 2 1.57079633e+00 7.97752496e-02
855 2 1.57079633e+00 8.00915946e-02
856 2 1.57079633e+00 8.01009898e-02
857 2 1.57079633e+00 8.03633438e-02
858 2 1.57079633e+00 8.05706580e-02
859 2 1.57079633e+00 8.05481585e-02
860 2 1.57079633e+00 7.98868785e-02
861 2 1.57079633e+00 7.90826765e-02
862 2 1.57079633e+00 8.00037367e-02
863 2 1.57079633e+00 8.00361730e-02
864 2 1.57079633e+00 7.98256083e-02
865 2 1.57079633e+00 7.92545138e-02
866 2 1.57079633e+00 7.99778869e-02
867 2 1.57079633e+00 7.91811913e-02
868 2 1.57079633e+00 7.99691254e-02
869 2 1.57079633e+00 7.95353212e-02
870 2 1.57079633e+00 7.92616461e-02
871 2 1.57079633e+00 7.96513802e-02
872 2 1.57079633e+00 7.98369171e-02
873 2 1.57079633e+00 7.94226074e-02
874 2 1.57079633e+00 7.96154487e-02
875 2 1.57079633e+00 8.05366483e-02
876 2 1.57079633e+00 8.03825699e-02
877 2 1.57079633e+00 7.95997137e-02
878 2 1.57079633e+00 7.99215240e-02
879 2 1.57079633e+00 7.92316206e-02
880 2 1.57079633e+00 8.06841078e-02
881 2 1.57079633e+00 8.01991595e-02
882 2 1.57079633e+00 7.97936633e-02
883 2 1.57079633e+00 7.97640345e-02
884 2 1.57079633e+00 7.92427827e-02
885 2 1.57079633e+00 7.97616297e-02
886 2 1.57079633e+00 7.98609560e-02
887 2 1.57079633e+00 8.11403744e-02
888 2 1.57079633e+00 7.89254180e-02
889 2 1.57079633e+00 8.00808996e-02
890 2 1.57079633e+00 7.98362586e-02
891 2 1.57079633e+00 8.04646643e-02
892 2 1.57079633e+00 7.97421851e-02
893 2 1.57079633e+00 7.98126768e-02
894 2 1.57079633e+00 7.99850214e-02
895 2 1.57079633e+00 7.93352183e-02
896 2 1.57079633e+00 7.91625411e-02
897 2 1.57079633e+00 8.00189387e-02
898 2 1.57079633e+00 7.94134244e-02
899 2 1.57079633e+00 7.98215559e-02
900 2 1.57079633e+00 7.97444480e-02
901 2 1.57079633e+00 8.02127957e-02
902 2 1.57079633e+00 8.01964900e-02
903 2 1.57079633e+00 8.02700459e-02
904 2 1.57079633e+00 8.11872332e-02
905 2 1.57079633e+00 7.99064283e-02
906 2 1.57079633e+00 7.98152273e-02
907 2 1.57079633e+00 7.95914636e-02
908 2 1.57079633e+00 7.99454280e-02
909 2 1.57079633e+00 8.03558492e-02
910 2 1.57079633e+00 7.97177230e-02
911 2 1.57079633e+00 7.98322817e-02
912 2 1.57079633e+00 8.07058524e-02
913 2 1.57079633e+00 8.01287509e-02
914 2 1.57079633e+00 7.97869929e-02
915 2 1.57079633e+00 8.03570091e-02
916 2 1.57079633e+00 7.94369537e-02
917 2 1.57079633e+00 7.98473331e-02
918 2 1.57079633e+00 8.00676351e-02
919 2 1.57079633e+00 7.98166661e-02
920 2 1.57079633e+00 8.00137465e-02
921 2 1.57079633e+00 7.99507413e-02
922 2 1.57079633e+00 8.00065237e-02
923 2 1.57079633e+00 7.90192641e-02
924 2 1.57079633e+00 7.98263916e-02
925 2 1.57079633e+00 8.03188266e-02
926 2 1.57079633e+00 8.02237974e-02
927 2 1.57079633e+00 8.02652095e-02
928 2 1.57079633e+00 7.99768258e-02
929 2 1.57079633e+00 8.03463303e-02
930 2 1.57079633e+00 8.00450749e-02
931 2 1.57079633e+00 7.96014322e-02
932 2 1.57079633e+00 8.07420833e-02
933 2 1.57079633e+00 7.95729141e-02
934 2 1.57079633e+00 7.97071795e-02
935 2 1.57079633e+00 8.03326053e-02
936 2 1.57079633e+00 7.97825836e-02
937 2 1.57079633e+00 8.03691890e-02
938 2 1.57079633e+00 8.01536345e-02
939 2 1.57079633e+00 7.97876503e-02
940 2 1.57079633e+00 8.06002874e-02
941 2 1.57079633e+00 8.00744131e-02
942 2 1.57079633e+00 8.08015026e-02
943 2 1.57079633e+00 7.93762952e-02
944 2 1.57079633e+00 7.90106405e-02
945 2 1.57079633e+00 7.99492044e-02
946 2 1.57079633e+00 8.03662564e-02
947 2 1.57079633e+00 8.04532828e-02
948 2 1.57079633e+00 8.03083661e-02
949 2 1.57079633e+00 7.95876867e-02
950 2 1.57079633e+00 7.98128909e-02
951 2 1.57079633e+00 7.98622538e-02
952 2 1.57079633e+00 7.99881995e-02
953 2 1.57079633e+00 8.09404616e-02
954 2 1.57079633e+00 7.97069297e-02
955 2 1.57079633e+00 8.03612533e-02
956 2 1.57079633e+00 8.02730584e-02
957 2 1.57079633e+00 8.03192502e-02
958 2 1.57079633e+00 8.04990898e-02
959 2 1.57079633e+00 7.97606771e-02
960 2 1.57079633e+00 7.91621006e-02
961 2 1.57079633e+00 7.99724094e-02
962 2 1.57079633e+00 7.99612401e-02
963 2 1.57079633e+00 8.01454196e-02
964 2 1.57079633e+00 8.05970529e-02
965 2 1.57079633e+00 8.01043757e-02
966 2 1.57079633e+00 7.96504070e-02
967 2 1.57079633e+00 7.97919417e-02
968 2 1.57079633e+00 8.04537921e-02
969 2 1.57079633e+00 7.99337592e-02
970 2 1.57079633e+00 8.00205308e-02
971 2 1.57079633e+00 7.96480525e-02
972 2 1.57079633e+00 7.92236799e-02
973 2 1.57079633e+00 7.99533018e-02
974 2 1.57079633e+00 8.02652595e-02
975 2 1.57079633e+00 7.99482567e-02
976 2 1.57079633e+00 7.98053316e-02
977 2 1.57079633e+00 8.06300658e-02
978 2 1.57079633e+00 7.98471801e-02
979 2 1.57079633e+00 7.99360528e-02
980 2 1.57079633e+00 7.91748351e-02
981 2 1.57079633e+00 7.94898922e-02
982 2 1.57079633e+00 7.99851183e-02
983 2 1.57079633e+00 8.04087505e-02
984 2 1.57079633e+00 7.99882826e-02
985 2 1.57079633e+00 8.01275633e-02
986 2 1.57079633e+00 8.05986752e-02
987 2 1.57079633e+00 8.01526298e-02
988 2 1.57079633e+00 8.05048384e-02
989 2 1.57079633e+00 8.03279197e-02
990 2 1.57079633e+00 7.94466998e-02
991 2 1.57079633e+00 7.96242445e-02
992 2 1.57079633e+00 7.98335847e-02
993 2 1.57079633e+00 8.00452325e-02
994 2 1.57079633e+00 7.92068787e-02
995 2 1.57079633e+00 8.01089719e-02
996 2 1.57079633e+00 7.97867897e-02
997 2 1.57079633e+00 7.96497035e-02
998 2 1.57079633e+00 8.04665051e-02
999 2 1.57079633e+00 7.95820679e-02
1000 2 1.57079633e+00 7.97180075e-02
1001 2 1.57079633e+00 7.95099793e-02
1002 2 1.57079633e+00 7.97588495e-02
1003 2 1.57079633e+00 7.98400273e-02
1004 2 1.57079633e+00 8.06097806e-02
1005 2 1.57079633e+00 7.99661008e-02
1006 2 1.57079633e+00 7.98623318e-02
1007 2 1.57079633e+00 7.96551841e-02
1008 2 1.57079633e+00 7.91122519e-02
1009 2 1.57079633e+00 7.92581630e-02
1010 2 1.57079633e+00 7.96901041e-02
1011 2 1.57079633e+00 8.07142127e-02
1012 2 1.57079633e+00 7.96336495e-02
0 3 2.35619449e+00 1.08337601e-01
1 3 2.35619449e+00 1.08241041e-01
2 3 2.35619449e+00 1.09174693e-01
3 3 2.35619449e+00 1.07947336e-01
4 3 2.35619449e+00 1.09001105e-01
5 3 2.35619449e+00 1.08200376e-01
6 3 2.35619449e+00 1.09158550e-01
7 3 2.35619449e+00 1.09184548e-01
8 3 2.35619449e+00 1.07864484e-01
9 3 2.35619449e+00 1.08491101e-01
10 3 2.35619449e+00 1.07605828e-01
11 3 2.35619449e+00 1.07976601e-01
12 3 2.35619449e+00 1.09525973e-01
13 3 2.35619449e+00 1.09280770e-01
14 3 2.35619449e+00 1.09494131e-01
15 3 2.35619449e+00 1.09031454e-01
16 3 2.35619449e+00 1.08983822e-01
17 3 2.35619449e+00 1.08357187e-01
18 3 2.35619449e+00 1.08506280e-01
19 3 2.35619449e+00 1.08378704e-01
20 3 2.35619449e+00 1.08734539e-01
21 3 2.35619449e+00 1.08674146e-01
22 3 2.35619449e+00 1.08159632e-01
23 3 2.35619449e+00 1.07831717e-01
24 3 2.35619449e+00 1.08564886e-01
25 3 2.35619449e+00 1.08283838e-01
26 3 2.35619449e+00 1.08375078e-01
27 3 2.35619449e+00 1.07608162e-01
28 3 2.35619449e+00 1.08849289e-01
29 3 2.35619449e+00 1.08328901e-01
30 3 2.35619449e+00 1.07169351e-01
31 3 2.35619449e+00 1.07907719e-01
32 3 2.35619449e+00 1.08595083e-01
33 3 2.35619449e+00 1.07965956e-01
34 3 2.35619449e+00 1.07763903e-01
35 3 2.35619449e+00 1.08625957e-01
36 3 2.35619449e+00 1.08441014e-01
37 3 2.35619449e+00 1.08418074e-01
38 3 2.35619449e+00 1.09250272e-01
39 3 2.35619449e+00 1.08650461e-01
40 3 2.35619449e+00 1.08406240e-01
41 3 2.35619449e+00 1.08270398e-01
42 3 2.35619449e+00 1.08526129e-01
43 3 2.35619449e+00 1.08990172e-01
44 3 2.35619449e+00 1.08413506e-01
45 3 2.35619449e+00 1.08398682e-01
46 3 2.35619449e+00 1.08046931e-01
47 3 2.35619449e+00 1.08061029e-01
48 3 2.35619449e+00 1.08816146e-01
49 3 2.35619449e+00 1.06373179e-01
50 3 2.35619449e+00 1.09124606e-01
51 3 2.35619449e+00 1.08193320e-01
52 3 2.35619449e+00 1.08478063e-01
53 3 2.35619449e+00 1.09109044e-01
54 3 2.35619449e+00 1.09248284e-01
55 3 2.35619449e+00 1.08519045e-01
56 3 2.35619449e+00 1.08542110e-01
57 3 2.35619449e+00 1.07789952e-01
58 3 2.35619449e+00 1.08874336e-01
59 3 2.35619449e+00 1.08192332e-01
60 3 2.35619449e+00 1.08217147e-01
61 3 2.35619449e+00 1.07867999e-01
62 3 2.35619449e+00 1.08984337e-01
63 3 2.35619449e+00 1.08221837e-01
64 3 2.35619449e+00 1.08611993e-01
65 3 2.35619449e+00 1.08914489e-01
66 3 2.35619449e+00 1.07585896e-01
67 3 2.35619449e+00 1.08409352e-01
68 3 2.35619449e+00 1.09351946e-01
69 3 2.35619449e+00 1.07866519e-01
70 3 2.35619449e+00 1.08099536e-01
71 3 2.35619449e+00 1.08883884e-01
72 3 2.35619449e+00 1.09037093e-01
73 3 2.35619449e+00 1.08722024e-01
74 3 2.35619449e+00 1.07047705e-01
75 3 2.35619449e+00 1.07171922e-01
76 3 2.35619449e+00 1.08097225e-01
77 3 2.35619449e+00 1.07965901e-01
78 3 2.35619449e+00 1.09157653e-01
79 3 2.35619449e+00 1.09252971e-01
80 3 2.35619449e+00 1.08220378e-01
81 3 2.35619449e+00 1.08405335e-01
82 3 2.35619449e+00 1.08341627e-01
83 3 2.35619449e+00 1.08259281e-01
84 3 2.35619449e+00 1.08269383e-01
85 3 2.35619449e+00 1.09538226e-01
86 3 2.35619449e+00 1.07525794e-01
87 3 2.35619449e+00 1.07083132e-01
88 3 2.35619449e+00 1.07949200e-01
89 3 2.35619449e+00 1.07837960e-01
90 3 2.35619449e+00 1.08053344e-01
91 3 2.35619449e+00 1.08776529e-01
92 3 2.35619449e+00 1.07979773e-01
93 3 2.35619449e+00 1.08747083e-01
94 3 2.35619449e+00 1.08205573e-01
95 3 2.35619449e+00 1.08233312e-01
96 3 2.35619449e+00 1.09030147e-01
97 3 2.35619449e+00 1.08447774e-01
98 3 2.35619449e+00 1.09256671e-01
99 3 2.35619449e+00 1.09539997e-01
100 3 2.35619449e+00 1.07376693e-01
101 3 2.35619449e+00 1.08227591e-01
102 3 2.35619449e+00 1.08286098e-01
103 3 2.35619449e+00 1.07730613e-01
104 3 2.35619449e+00 1.08470571e-01
105 3 2.35619449e+00 1.07450667e-01
106 3 2.35619449e+00 1.09030937e-01
107 3 2.35619449e+00 1.08990821e-01
108 3 2.35619449e+00 1.07804594e-01
109 3 2.35619449e+00 1.08487373e-01
110 3 2.35619449e+00 1.06941254e-01
111 3 2.35619449e+00 1.08686191e-01
112 3 2.35619449e+00 1.08085691e-01
113 3 2.35619449e+00 1.08238793e-01
114 3 2.35619449e+00 1.09436555e-01
115 3 2.35619449e+00 1.08539010e-01
116 3 2.35619449e+00 1.08557594e-01
117 3 2.35619449e+00 1.09468902e-01
118 3 2.35619449e+00 1.08470953e-01
119 3 2.35619449e+00 1.08425727e-01
120 3 2.35619449e+00 1.08701559e-01
121 3 2.35619449e+00 1.07591816e-01
122 3 2.35619449e+00 1.07589394e-01
123 3 2.35619449e+00 1.07791311e-01
124 3 2.35619449e+00 1.08802967e-01
125 3 2.35619449e+00 1.09533334e-01
126 3 2.35619449e+00 1.09206967e-01
127 3 2.35619449e+00 1.09034478e-01
128 3 2.35619449e+00 1.07558662e-01
129 3 2.35619449e+00 1.08721507e-01
130 3 2.35619449e+00 1.09432772e-01
131 3 2.35619449e+00 1.06401546e-01
132 3 2.35619449e+00 1.08869140e-01
133 3 2.35619449e+00 1.08620161e-01
134 3 2.35619449e+00 1.08660934e-01
135 3 2.35619449e+00 1.08427488e-01
136 3 2.35619449e+00 1.08032355e-01
137 3 2.35619449e+00 1.08513954e-01
138 3 2.35619449e+00 1.07891929e-01
139 3 2.35619449e+00 1.08246768e-01
140 3 2.35619449e+00 1.08484084e-01
141 3 2.35619449e+00 1.08957395e-01
142 3 2.35619449e+00 1.08121473e-01
143 3 2.35619449e+00 1.09258110e-01
144 3 2.35619449e+00 1.08301032e-01
145 3 2.35619449e+00 1.07553525e-01
146 3 2.35619449e+00 1.08399481e-01
147 3 2.35619449e+00 1.07600918e-01
148 3 2.35619449e+00 1.08198394e-01
149 3 2.35619449e+00 1.08662782e-01
150 3 2.35619449e+00 1.08603245e-01
151 3 2.35619449e+00 1.07200297e-01
152 3 2.35619449e+00 1.08038192e-01
153 3 2.35619449e+00 1.09921620e-01
154 3 2.35619449e+00 1.08768381e-01
155 3 2.35619449e+00 1.08207080e-01
156 3 2.35619449e+00 1.08520518e-01
157 3 2.35619449e+00 1.08829010e-01
158 3 2.35619449e+00 1.08161159e-01
159 3 2.35619449e+00 1.09026409e-01
160 3 2.35619449e+00 1.08648060e-01
161 3 2.35619449e+00 1.08480301e-01
162 3 2.35619449e+00 1.08254597e-01
163 3 2.35619449e+00 1.08317316e-01
164 3 2.35619449e+00 1.08650193e-01
165 3 2.35619449e+00 1.09799254e-01
166 3 2.35619449e+00 1.08803389e-01
167 3 2.35619449e+00 1.08095541e-01
168 3 2.35619449e+00 1.08099074e-01
169 3 2.35619449e+00 1.08299083e-01
170 3 2.35619449e+00 1.08628789e-01
171 3 2.35619449e+00 1.08765598e-01
172 3 2.35619449e+00 1.09042998e-01
173 3 2.35619449e+00 1.08149128e-01
174 3 2.35619449e+00 1.08760779e-01
175 3 2.35619449e+00 1.08939972e-01
176 3 2.35619449e+00 1.09910270e-01
177 3 2.35619449e+00 1.09112007e-01
178 3 2.35619449e+00 1.07880417e-01
179 3 2.35619449e+00 1.07891389e-01
180 3 2.35619449e+00 1.07792756e-01
181 3 2.35619449e+00 1.08653927e-01
182 3 2.35619449e+00 1.07135894e-01
183 3 2.35619449e+00 1.08626424e-01
184 3 2.35619449e+00 1.07857861e-01
185 3 2.35619449e+00 1.07405355e-01
186 3 2.35619449e+00 1.06721635e-01
187 3 2.35619449e+00 1.07779811e-01
188 3 2.35619449e+00 1.08002919e-01
189 3 2.35619449e+00 1.08679681e-01
190 3 2.35619449e+00 1.08741140e-01
191 3 2.35619449e+00 1.08773639e-01
192 3 2.35619449e+00 1.09936111e-01
193 3 2.35619449e+00 1.09118732e-01
194 3 2.35619449e+00 1.07482581e-01
195 3 2.35619449e+00 1.08284042e-01
196 3 2.35619449e+00 1.08805962e-01
197 3 2.35619449e+00 1.08494420e-01
198 3 2.35619449e+00 1.07532478e-01
199 3 2.35619449e+00 1.08028917e-01
200 3 2.35619449e+00 1.07651261e-01
201 3 2.35619449e+00 1.08539075e-01
202 3 2.35619449e+00 1.08598445e-01
203 3 2.35619449e+00 1.08128090e-01
204 3 2.35619449e+00 1.07993838e-01
205 3 2.35619449e+00 1.08649847e-01
206 3 2.35619449e+00 1.08465672e-01
207 3 2.35619449e+00 1.07638414e-01
208 3 2.35619449e+00 1.08104755e-01
209 3 2.35619449e+00 1.07133122e-01
210 3 2.35619449e+00 1.07086499e-01
211 3 2.35619449e+00 1.08721375e-01
212 3 2.35619449e+00 1.08941413e-01
213 3 2.35619449e+00 1.07592901e-01
214 3 2.35619449e+00 1.08894166e-01
215 3 2.35619449e+00 1.07772561e-01
216 3 2.35619449e+00 1.07661770e-01
217 3 2.35619449e+00 1.09116669e-01
218 3 2.35619449e+00 1.08448277e-01
219 3 2.35619449e+00 1.09554381e-01
220 3 2.35619449e+00 1.08722191e-01
221 3 2.35619449e+00 1.08928741e-01
222 3 2.35619449e+00 1.08549416e-01
223 3 2.35619449e+00 1.08687363e-01
224 3 2.35619449e+00 1.08186883e-01
225 3 2.35619449e+00 1.08210130e-01
226 3 2.35619449e+00 1.08907230e-01
227 3 2.35619449e+00 1.08393497e-01
228 3 2.35619449e+00 1.08827393e-01
229 3 2.35619449e+00 1.06667827e-01
230 3 2.35619449e+00 1.09288306e-01
231 3 2.35619449e+00 1.07695162e-01
232 3 2.35619449e+00 1.06651582e-01
233 3 2.35619449e+00 1.07875429e-01
234 3 2.35619449e+00 1.08349086e-01
235 3 2.35619449e+00 1.07367600e-01
236 3 2.35619449e+00 1.09106868e-01
237 3 2.35619449e+00 1.09005725e-01
238 3 2.35619449e+00 1.08587666e-01
239 3 2.35619449e+00 1.08950918e-01
240 3 2.35619449e+00 1.08471689e-01
241 3 2.35619449e+00 1.08921818e-01
242 3 2.35619449e+00 1.08246237e-01
243 3 2.35619449e+00 1.09552180e-01
244 3 2.35619449e+00 1.08238513e-01
245 3 2.35619449e+00 1.09423039e-01
246 3 2.35619449e+00 1.09417729e-01
247 3 2.35619449e+00 1.07733277e-01
248 3 2.35619449e+00 1.08390587e-01
249 3 2.35619449e+00 1.08479252e-01
250 3 2.35619449e+00 1.08819216e-01
251 3 2.35619449e+00 1.08034610e-01
252 3 2.35619449e+00 1.09613072e-01
253 3 2.35619449e+00 1.08713731e-01
254 3 2.35619449e+00 1.08015536e-01
255 3 2.35619449e+00 1.08832632e-01
256 3 2.35619449e+00 1.08016320e-01
257 3 2.35619449e+00 1.07273609e-01
258 3 2.35619449e+00 1.07548975e-01
259 3 2.35619449e+00 1.08746100e-01
260 3 2.35619449e+00 1.08388936e-01
261 3 2.35619449e+00 1.09308818e-01
262 3 2.35619449e+00 1.07485063e-01
263 3 2.35619449e+00 1.08298029e-01
264 3 2.35619449e+00 1.08976180e-01
265 3 2.35619449e+00 1.09117310e-01
266 3 2.35619449e+00 1.07941279e-01
267 3 2.35619449e+00 1.08220451e-01
268 3 2.35619449e+00 1.08837395e-01
269 3 2.35619449e+00 1.07210554e-01
270 3 2.35619449e+00 1.08876201e-01
271 3 2.35619449e+00 1.08866608e-01
272 3 2.35619449e+00 1.07871008e-01
273 3 2.35619449e+00 1.07456875e-01
274 3 2.35619449e+00 1.07863494e-01
275 3 2.35619449e+00 1.07401055e-01
276 3 2.35619449e+00 1.08135304e-01
277 3 2.35619449e+00 1.08801346e-01
278 3 2.35619449e+00 1.09210358e-01
279 3 2.35619449e+00 1.08627280e-01
280 3 2.35619449e+00 1.08427937e-01
281 3 2.35619449e+00 1.08570039e-01
282 3 2.35619449e+00 1.08620435e-01
283 3 2.35619449e+00 1.08889202e-01
284 3 2.35619449e+00 1.08924586e-01
285 3 2.35619449e+00 1.08792974e-01
286 3 2.35619449e+00 1.09171912e-01
287 3 2.35619449e+00 1.08096873e-01
288 3 2.35619449e+00 1.08268666e-01
289 3 2.35619449e+00 1.07250707e-01
290 3 2.35619449e+00 1.08600293e-01
291 3 2.35619449e+00 1.08627004e-01
292 3 2.35619449e+00 1.07799552e-01
293 3 2.35619449e+00 1.08267202e-01
294 3 2.35619449e+00 1.09187077e-01
295 3 2.35619449e+00 1.08988721e-01
296 3 2.35619449e+00 1.08358212e-01
297 3 2.35619449e+00 1.09357166e-01
298 3 2.35619449e+00 1.08307545e-01
299 3 2.35619449e+00 1.09197022e-01
300 3 2.35619449e+00 1.08459495e-01
301 3 2.35619449e+00 1.08568243e-01
302 3 2.35619449e+00 1.07808436e-01
303 3 2.35619449e+00 1.09146406e-01
304 3 2.35619449e+00 1.09762311e-01
305 3 2.35619449e+00 1.08250768e-01
306 3 2.35619449e+00 1.08582659e-01
307 3 2.35619449e+00 1.08609322e-01
308 3 2.35619449e+00 1.08209674e-01
309 3 2.35619449e+00 1.08938000e-01
310 3 2.35619449e+00 1.08925529e-01
311 3 2.35619449e+00 1.09146655e-01
312 3 2.35619449e+00 1.09301192e-01
313 3 2.35619449e+00 1.08313081e-01
314 3 2.35619449e+00 1.07559572e-01
315 3 2.35619449e+00 1.07348685e-01
316 3 2.35619449e+00 1.08099393e-01
317 3 2.35619449e+00 1.08445824e-01
318 3 2.35619449e+00 1.08478435e-01
319 3 2.35619449e+00 1.08900697e-01
320 3 2.35619449e+00 1.07474681e-01
321 3 2.35619449e+00 1.07728799e-01
322 3 2.35619449e+00 1.07773658e-01
323 3 2.35619449e+00 1.08077506e-01
324 3 2.35619449e+00 1.08876391e-01
325 3 2.35619449e+00 1.08265505e-01
326 3 2.35619449e+00 1.07579138e-01
327 3 2.35619449e+00 1.07802831e-01
328 3 2.35619449e+00 1.07777141e-01
329 3 2.35619449e+00 1.07229583e-01
330 3 2.35619449e+00 1.08405218e-01
331 3 2.35619449e+00 1.07374299e-01
332 3 2.35619449e+00 1.08470394e-01
333 3 2.35619449e+00 1.08303292e-01
334 3 2.35619449e+00 1.07711779e-01
335 3 2.35619449e+00 1.08001939e-01
336 3 2.35619449e+00 1.08273651e-01
337 3 2.35619449e+00 1.08538830e-01
338 3 2.35619449e+00 1.08453889e-01
339 3 2.35619449e+00 1.08882546e-01
340 3 2.35619449e+00 1.08624520e-01
341 3 2.35619449e+00 1.08496433e-01
342 3 2.35619449e+00 1.09411007e-01
343 3 2.35619449e+00 1.09324766e-01
344 3 2.35619449e+00 1.09556774e-01
345 3 2.35619449e+00 1.08318863e-01
346 3 2.35619449e+00 1.07930829e-01
347 3 2.35619449e+00 1.06883350e-01
348 3 2.35619449e+00 1.08728785e-01
349 3 2.35619449e+00 1.08267250e-01
350 3 2.35619449e+00 1.09535592e-01
351 3 2.35619449e+00 1.09024425e-01
352 3 2.35619449e+00 1.06902289e-01
353 3 2.35619449e+00 1.08467192e-01
354 3 2.35619449e+00 1.08489055e-01
355 3 2.35619449e+00 1.09904592e-01
356 3 2.35619449e+00 1.07826348e-01
357 3 2.35619449e+00 1.07686513e-01
358 3 2.35619449e+00 1.08721573e-01
359 3 2.35619449e+00 1.08048782e-01
360 3 2.35619449e+00 1.08431176e-01
361 3 2.35619449e+00 1.08307739e-01
362 3 2.35619449e+00 1.07917407e-01
363 3 2.35619449e+00 1.07967429e-01
364 3 2.35619449e+00 1.07778609e-01
365 3 2.35619449e+00 1.08394654e-01
366 3 2.35619449e+00 1.08489745e-01
367 3 2.35619449e+00 1.08580972e-01
368 3 2.35619449e+00 1.07893901e-01
369 3 2.35619449e+00 1.08007840e-01
370 3 2.35619449e+00 1.07930829e-01
371 3 2.35619449e+00 1.07949251e-01
372 3 2.35619449e+00 1.08475198e-01
373 3 2.35619449e+00 1.08718675e-01
374 3 2.35619449e+00 1.08117963e-01
375 3 2.35619449e+00 1.08291833e-01
376 3 2.35619449e+00 1.08493419e-01
377 3 2.35619449e+00 1.08666332e-01
378 3 2.35619449e+00 1.08607381e-01
379 3 2.35619449e+00 1.08447952e-01
380 3 2.35619449e+00 1.08444262e-01
381 3 2.35619449e+00 1.08710633e-01
382 3 2.35619449e+00 1.08371150e-01
383 3 2.35619449e+00 1.08756017e-01
384 3 2.35619449e+00 1.08455169e-01
385 3 2.35619449e+00 1.08746316e-01
386 3 2.35619449e+00 1.07911054e-01
387 3 2.35619449e+00 1.08845830e-01
388 3 2.35619449e+00 1.08545314e-01
389 3 2.35619449e+00 1.07892143e-01
390 3 2.35619449e+00 1.08878106e-01
391 3 2.35619449e+00 1.06846424e-01
392 3 2.35619449e+00 1.09837995e-01
393 3 2.35619449e+00 1.08280669e-01
394 3 2.35619449e+00 1.09582990e-01
395 3 2.35619449e+00 1.08381114e-01
396 3 2.35619449e+00 1.08439725e-01
397 3 2.35619449e+00 1.08717096e-01
398 3 2.35619449e+00 1.09840047e-01
399 3 2.35619449e+00 1.08063850e-01
400 3 2.35619449e+00 1.08500781e-01
401 3 2.35619449e+00 1.09024783e-01
402 3 2.35619449e+00 1.08483610e-01
403 3 2.35619449e+00 1.09220172e-01
404 3 2.35619449e+00 1.08976208e-01
405 3 2.35619449e+00 1.08360974e-01
406 3 2.35619449e+00 1.07196753e-01
407 3 2.35619449e+00 1.09253585e-01
408 3 2.35619449e+00 1.08755939e-01
409 3 2.35619449e+00 1.08899193e-01
410 3 2.35619449e+00 1.07671634e-01
411 3 2.35619449e+00 1.08367703e-01
412 3 2.35619449e+00 1.08391329e-01
413 3 2.35619449e+00 1.09323999e-01
414 3 2.35619449e+00 1.08205173e-01
415 3 2.35619449e+00 1.08037160e-01
416 3 2.35619449e+00 1.09060626e-01
417 3 2.35619449e+00 1.08318749e-01
418 3 2.35619449e+00 1.09148119e-01
419 3 2.35619449e+00 1.08922245e-01
420 3 2.35619449e+00 1.08094818e-01
421 3 2.35619449e+00 1.08348553e-01
422 3 2.35619449e+00 1.07624069e-01
423 3 2.35619449e+00 1.08639738e-01
424 3 2.35619449e+00 1.07096797e-01
425 3 2.35619449e+00 1.09368630e-01
426 3 2.35619449e+00 1.08759442e-01
427 3 2.35619449e+00 1.08298388e-01
428 3 2.35619449e+00 1.09208085e-01
429 3 2.35619449e+00 1.08534084e-01
430 3 2.35619449e+00 1.08400068e-01
431 3 2.35619449e+00 1.08811670e-01
432 3 2.35619449e+00 1.08289851e-01
433 3 2.35619449e+00 1.08700317e-01
434 3 2.35619449e+00 1.08501853e-01
435 3 2.35619449e+00 1.08768145e-01
436 3 2.35619449e+00 1.09012485e-01
437 3 2.35619449e+00 1.08252370e-01
438 3 2.35619449e+00 1.08918616e-01
439 3 2.35619449e+00 1.08763917e-01
440 3 2.35619449e+00 1.08324255e-01
441 3 2.35619449e+00 1.07549549e-01
442 3 2.35619449e+00 1.08961245e-01
443 3 2.35619449e+00 1.08122142e-01
444 3 2.35619449e+00 1.08494706e-01
445 3 2.35619449e+00 1.07439634e-01
446 3 2.35619449e+00 1.08259809e-01
447 3 2.35619449e+00 1.08377060e-01
448 3 2.35619449e+00 1.09168431e-01
449 3 2.35619449e+00 1.08587982e-01
450 3 2.35619449e+00 1.08947001e-01
451 3 2.35619449e+00 1.08574941e-01
452 3 2.35619449e+00 1.10017330e-01
453 3 2.35619449e+00 1.08983231e-01
454 3 2.35619449e+00 1.08581377e-01
455 3 2.35619449e+00 1.07943857e-01
456 3 2.35619449e+00 1.08233386e-01
457 3 2.35619449e+00 1.08475668e-01
458 3 2.35619449e+00 1.09133891e-01
459 3 2.35619449e+00 1.09206423e-01
460 3 2.35619449e+00 1.08534704e-01
461 3 2.35619449e+00 1.08721068e-01
462 3 2.35619449e+00 1.08686191e-01
463 3 2.35619449e+00 1.08267925e-01
464 3 2.35619449e+00 1.09388813e-01
465 3 2.35619449e+00 1.08963733e-01
466 3 2.35619449e+00 1.08381159e-01
467 3 2.35619449e+00 1.07826506e-01
468 3 2.35619449e+00 1.08172161e-01
469 3 2.35619449e+00 1.07282859e-01
470 3 2.35619449e+00 1.08708285e-01
471 3 2.35619449e+00 1.08164671e-01
472 3 2.35619449e+00 1.08267436e-01
473 3 2.35619449e+00 1.08556470e-01
474 3 2.35619449e+00 1.09248771e-01
475 3 2.35619449e+00 1.08643584e-01
476 3 2.35619449e+00 1.07955094e-01
477 3 2.35619449e+00 1.07270111e-01
478 3 2.35619449e+00 1.08834542e-01
479 3 2.35619449e+00 1.07787535e-01
480 3 2.35619449e+00 1.07729227e-01
481 3 2.35619449e+00 1.08651708e-01
482 3 2.35619449e+00 1.08290394e-01
483 3 2.35619449e+00 1.08999292e-01
484 3 2.35619449e+00 1.08806773e-01
485 3 2.35619449e+00 1.09015353e-01
486 3 2.35619449e+00 1.08827769e-01
487 3 2.35619449e+00 1.08469326e-01
488 3 2.35619449e+00 1.07632959e-01
489 3 2.35619449e+00 1.08549645e-01
490 3 2.35619449e+00 1.07986618e-01
491 3 2.35619449e+00 1.07970408e-01
492 3 2.35619449e+00 1.08707192e-01
493 3 2.35619449e+00 1.08556442e-01
494 3 2.35619449e+00 1.08221566e-01
495 3 2.35619449e+00 1.08726400e-01
496 3 2.35619449e+00 1.07678111e-01
497 3 2.35619449e+00 1.08159394e-01
498 3 2.35619449e+00 1.08784215e-01
499 3 2.35619449e+00 1.08420553e-01
500 3 2.35619449e+00 1.08369663e-01
501 3 2.35619449e+00 1.08477818e-01
502 3 2.35619449e+00 1.08327257e-01
503 3 2.35619449e+00 1.09194736e-01
504 3 2.35619449e+00 1.08351668e-01
505 3 2.35619449e+00 1.08268529e-01
506 3 2.35619449e+00 1.08412259e-01
507 3 2.35619449e+00 1.07678805e-01
508 3 2.35619449e+00 1.08204013e-01
509 3 2.35619449e+00 1.08929762e-01
510 3 2.35619449e+00 1.08986484e-01
511 3 2.35619449e+00 1.07900419e-01
512 3 2.35619449e+00 1.08711753e-01
513 3 2.35619449e+00 1.09184169e-01
514 3 2.35619449e+00 1.08090141e-01
515 3 2.35619449e+00 1.09344725e-01
516 3 2.35619449e+00 1.08254908e-01
517 3 2.35619449e+00 1.07742211e-01
518 3 2.35619449e+00 1.07860789e-01
519 3 2.35619449e+00 1.08047887e-01
520 3 2.35619449e+00 1.08373193e-01
521 3 2.35619449e+00 1.06692109e-01
522 3 2.35619449e+00 1.08985460e-01
523 3 2.35619449e+00 1.07876727e-01
524 3 2.35619449e+00 1.07978278e-01
525 3 2.35619449e+00 1.08456507e-01
526 3 2.35619449e+00 1.08255630e-01
527 3 2.35619449e+00 1.08519108e-01
528 3 2.35619449e+00 1.08714347e-01
529 3 2.35619449e+00 1.08798888e-01
530 3 2.35619449e+00 1.07310662e-01
531 3 2.35619449e+00 1.08283023e-01
532 3 2.35619449e+00 1.08825082e-01
533 3 2.35619449e+00 1.09220147e-01
534 3 2.35619449e+00 1.09268372e-01
535 3 2.35619449e+00 1.08690472e-01
536 3 2.35619449e+00 1.09586501e-01
537 3 2.35619449e+00 1.09456234e-01
538 3 2.35619449e+00 1.08024611e-01
539 3 2.35619449e+00 1.09363800e-01
540 3 2.35619449e+00 1.08693911e-01
541 3 2.35619449e+00 1.08616477e-01
542 3 2.35619449e+00 1.08522997e-01
543 3 2.35619449e+00 1.08364142e-01
544 3 2.35619449e+00 1.08110890e-01
545 3 2.35619449e+00 1.08109049e-01
546 3 2.35619449e+00 1.09027676e-01
547 3 2.35619449e+00 1.09682373e-01
548 3 2.35619449e+00 1.08514095e-01
549 3 2.35619449e+00 1.08106847e-01
550 3 2.35619449e+00 1.08026300e-01
551 3 2.35619449e+00 1.08435256e-01
552 3 2.35619449e+00 1.08214694e-01
553 3 2.35619449e+00 1.08933783e-01
554 3 2.35619449e+00 1.08216469e-01
555 3 2.35619449e+00 1.07815435e-01
556 3 2.35619449e+00 1.08739384e-01
557 3 2.35619449e+00 1.08880425e-01
558 3 2.35619449e+00 1.09030299e-01
559 3 2.35619449e+00 1.09004514e-01
560 3 2.35619449e+00 1.09010812e-01
561 3 2.35619449e+00 1.07311306e-01
562 3 2.35619449e+00 1.09033187e-01
563 3 2.35619449e+00 1.09082374e-01
564 3 2.35619449e+00 1.08722275e-01
565 3 2.35619449e+00 1.08645340e-01
566 3 2.35619449e+00 1.07761408e-01
567 3 2.35619449e+00 1.08981604e-01
568 3 2.35619449e+00 1.08771372e-01
569 3 2.35619449e+00 1.08752234e-01
570 3 2.35619449e+00 1.08901597e-01
571 3 2.35619449e+00 1.08016275e-01
572 3 2.35619449e+00 1.08517022e-01
573 3 2.35619449e+00 1.07452113e-01
574 3 2.35619449e+00 1.07668393e-01
575 3 2.35619449e+00 1.09016639e-01
576 3 2.35619449e+00 1.07961766e-01
577 3 2.35619449e+00 1.07778689e-01
578 3 2.35619449e+00 1.08770353e-01
579 3 2.35619449e+00 1.07976972e-01
580 3 2.35619449e+00 1.07420099e-01
581 3 2.35619449e+00 1.07775578e-01
582 3 2.35619449e+00 1.08189222e-01
583 3 2.35619449e+00 1.08449064e-01
584 3 2.35619449e+00 1.07800753e-01
585 3 2.35619449e+00 1.08528582e-01
586 3 2.35619449e+00 1.08420817e-01
587 3 2.35619449e+00 1.08543158e-01
588 3 2.35619449e+00 1.08030877e-01
589 3 2.35619449e+00 1.08564744e-01
590 3 2.35619449e+00 1.08864679e-01
591 3 2.35619449e+00 1.08335561e-01
592 3 2.35619449e+00 1.08784807e-01
593 3 2.35619449e+00 1.07764425e-01
594 3 2.35619449e+00 1.08055792e-01
595 3 2.35619449e+00 1.07668824e-01
596 3 2.35619449e+00 1.08926986e-01
597 3 2.35619449e+00 1.08463865e-01
598 3 2.35619449e+00 1.08815406e-01
599 3 2.35619449e+00 1.08939635e-01
600 3 2.35619449e+00 1.08932563e-01
601 3 2.35619449e+00 1.09398945e-01
602 3 2.35619449e+00 1.07881294e-01
603 3 2.35619449e+00 1.08626771e-01
604 3 2.35619449e+00 1.08460357e-01
605 3 2.35619449e+00 1.08903356e-01
606 3 2.35619449e+00 1.07918260e-01
607 3 2.35619449e+00 1.08237395e-01
608 3 2.35619449e+00 1.08519779e-01
609 3 2.35619449e+00 1.07041377e-01
610 3 2.35619449e+00 1.07860604e-01
611 3 2.35619449e+00 1.07681116e-01
612 3 2.35619449e+00 1.08512312e-01
613 3 2.35619449e+00 1.08763644e-01
614 3 2.35619449e+00 1.09038395e-01
615 3 2.35619449e+00 1.07867494e-01
616 3 2.35619449e+00 1.09170291e-01
617 3 2.35619449e+00 1.09402597e-01
618 3 2.35619449e+00 1.07793110e-01
619 3 2.35619449e+00 1.08714289e-01
620 3 2.35619449e+00 1.08649710e-01
621 3 2.35619449e+00 1.08747802e-01
622 3 2.35619449e+00 1.08889437e-01
623 3 2.35619449e+00 1.09011123e-01
624 3 2.35619449e+00 1.08858189e-01
625 3 2.35619449e+00 1.08631313e-01
626 3 2.35619449e+00 1.08173276e-01
627 3 2.35619449e+00 1.09121613e-01
628 3 2.35619449e+00 1.08261467e-01
629 3 2.35619449e+00 1.07449319e-01
630 3 2.35619449e+00 1.08428158e-01
631 3 2.35619449e+00 1.08331937e-01
632 3 2.35619449e+00 1.08547794e-01
633 3 2.35619449e+00 1.07887727e-01
634 3 2.35619449e+00 1.09407261e-01
635 3 2.35619449e+00 1.07434178e-01
636 3 2.35619449e+00 1.08529680e-01
637 3 2.35619449e+00 1.07201958e-01
638 3 2.35619449e+00 1.08623591e-01
639 3 2.35619449e+00 1.08052490e-01
640 3 2.35619449e+00 1.07829148e-01
641 3 2.35619449e+00 1.08803846e-01
642 3 2.35619449e+00 1.07741770e-01
643 3 2.35619449e+00 1.09201896e-01
644 3 2.35619449e+00 1.09333673e-01
645 3 2.35619449e+00 1.07221183e-01
646 3 2.35619449e+00 1.08011134e-01
647 3 2.35619449e+00 1.07534592e-01
648 3 2.35619449e+00 1.08571739e-01
649 3 2.35619449e+00 1.07486056e-01
650 3 2.35619449e+00 1.08230275e-01
651 3 2.35619449e+00 1.08462189e-01
652 3 2.35619449e+00 1.07349668e-01
653 3 2.35619449e+00 1.09306857e-01
654 3 2.35619449e+00 1.08159641e-01
655 3 2.35619449e+00 1.08554697e-01
656 3 2.35619449e+00 1.08234614e-01
657 3 2.35619449e+00 1.08692380e-01
658 3 2.35619449e+00 1.09274528e-01
659 3 2.35619449e+00 1.08131563e-01
660 3 2.35619449e+00 1.07374256e-01
661 3 2.35619449e+00 1.08420515e-01
662 3 2.35619449e+00 1.08846803e-01
663 3 2.35619449e+00 1.08578959e-01
664 3 2.35619449e+00 1.08753635e-01
665 3 2.35619449e+00 1.07202486e-01
666 3 2.35619449e+00 1.08256726e-01
667 3 2.35619449e+00 1.08167336e-01
668 3 2.35619449e+00 1.08365542e-01
669 3 2.35619449e+00 1.08227371e-01
670 3 2.35619449e+00 1.08177689e-01
671 3 2.35619449e+00 1.09000435e-01
672 3 2.35619449e+00 1.08541615e-01
673 3 2.35619449e+00 1.09406101e-01
674 3 2.35619449e+00 1.07852625e-01
675 3 2.35619449e+00 1.07827514e-01
676 3 2.35619449e+00 1.07480309e-01
677 3 2.35619449e+00 1.08618153e-01
678 3 2.35619449e+00 1.09180573e-01
679 3 2.35619449e+00 1.08221034e-01
680 3 2.35619449e+00 1.09368964e-01
681 3 2.35619449e+00 1.08438127e-01
682 3 2.35619449e+00 1.08552428e-01
683 3 2.35619449e+00 1.07640247e-01
684 3 2.35619449e+00 1.08816401e-01
685 3 2.35619449e+00 1.08447320e-01
686 3 2.35619449e+00 1.08822984e-01
687 3 2.35619449e+00 1.08820577e-01
688 3 2.35619449e+00 1.08337227e-01
689 3 2.35619449e+00 1.08233509e-01
690 3 2.35619449e+00 1.08466749e-01
691 3 2.35619449e+00 1.08144471e-01
692 3 2.35619449e+00 1.07871819e-01
693 3 2.35619449e+00 1.08471109e-01
694 3 2.35619449e+00 1.06726781e-01
695 3 2.35619449e+00 1.07916237e-01
696 3 2.35619449e+00 1.08574958e-01
697 3 2.35619449e+00 1.09332944e-01
698 3 2.35619449e+00 1.08565428e-01
699 3 2.35619449e+00 1.08051755e-01
700 3 2.35619449e+00 1.07844558e-01
701 3 2.35619449e+00 1.09309997e-01
702 3 2.35619449e+00 1.07957755e-01
703 3 2.35619449e+00 1.10089493e-01
704 3 2.35619449e+00 1.07812397e-01
705 3 2.35619449e+00 1.09134055e-01
706 3 2.35619449e+00 1.08429060e-01
707 3 2.35619449e+00 1.07264218e-01
708 3 2.35619449e+00 1.08847785e-01
709 3 2.35619449e+00 1.08922787e-01
710 3 2.35619449e+00 1.08657282e-01
711 3 2.35619449e+00 1.09160827e-01
712 3 2.35619449e+00 1.09267982e-01
713 3 2.35619449e+00 1.07658347e-01
714 3 2.35619449e+00 1.06973903e-01
715 3 2.35619449e+00 1.08331031e-01
716 3 2.35619449e+00 1.08223254e-01
717 3 2.35619449e+00 1.07356796e-01
718 3 2.35619449e+00 1.07340930e-01
719 3 2.35619449e+00 1.07605682e-01
720 3 2.35619449e+00 1.08182021e-01
721 3 2.35619449e+00 1.09682338e-01
722 3 2.35619449e+00 1.08064403e-01
723 3 2.35619449e+00 1.08535558e-01
724 3 2.35619449e+00 1.08332241e-01
725 3 2.35619449e+00 1.07437568e-01
726 3 2.35619449e+00 1.08653395e-01
727 3 2.35619449e+00 1.08495968e-01
728 3 2.35619449e+00 1.08469948e-01
729 3 2.35619449e+00 1.09334931e-01
730 3 2.35619449e+00 1.07416601e-01
731 3 2.35619449e+00 1.08400173e-01
732 3 2.35619449e+00 1.08594704e-01
733 3 2.35619449e+00 1.08295481e-01
734 3 2.35619449e+00 1.08420695e-01
735 3 2.35619449e+00 1.08758821e-01
736 3 2.35619449e+00 1.08071823e-01
737 3 2.35619449e+00 1.08776319e-01
738 3 2.35619449e+00 1.08787099e-01
739 3 2.35619449e+00 1.08452515e-01
740 3 2.35619449e+00 1.08845964e-01
741 3 2.35619449e+00 1.08369728e-01
742 3 2.35619449e+00 1.07581966e-01
743 3 2.35619449e+00 1.09551800e-01
744 3 2.35619449e+00 1.08706200e-01
745 3 2.35619449e+00 1.08680989e-01
746 3 2.35619449e+00 1.08288366e-01
747 3 2.35619449e+00 1.09283287e-01
748 3 2.35619449e+00 1.08481356e-01
749 3 2.35619449e+00 1.09088062e-01
750 3 2.35619449e+00 1.08521693e-01
751 3 2.35619449e+00 1.10665441e-01
752 3 2.35619449e+00 1.10154465e-01
753 3 2.35619449e+00 1.09355172e-01
754 3 2.35619449e+00 1.09022716e-01
755 3 2.35619449e+00 1.07330443e-01
756 3 2.35619449e+00 1.09009917e-01
757 3 2.35619449e+00 1.07738715e-01
758 3 2.35619449e+00 1.08117194e-01
759 3 2.35619449e+00 1.08393967e-01
760 3 2.35619449e+00 1.07432629e-01
761 3 2.35619449e+00 1.08008391e-01
762 3 2.35619449e+00 1.08760538e-01
763 3 2.35619449e+00 1.08306994e-01
764 3 2.35619449e+00 1.08970543e-01
765 3 2.35619449e+00 1.09269455e-01
766 3 2.35619449e+00 1.07621928e-01
767 3 2.35619449e+00 1.07799603e-01
768 3 2.35619449e+00 1.08544772e-01
769 3 2.35619449e+00 1.08714155e-01
770 3 2.35619449e+00 1.08844048e-01
771 3 2.35619449e+00 1.08918651e-01
772 3 2.35619449e+00 1.08121929e-01
773 3 2.35619449e+00 1.07884652e-01
774 3 2.35619449e+00 1.08379175e-01
775 3 2.35619449e+00 1.08977313e-01
776 3 2.35619449e+00 1.08554064e-01
777 3 2.35619449e+00 1.08387117e-01
778 3 2.35619449e+00 1.08521755e-01
779 3 2.35619449e+00 1.09166612e-01
780 3 2.35619449e+00 1.08832792e-01
781 3 2.35619449e+00 1.08538555e-01
782 3 2.35619449e+00 1.09201058e-01
783 3 2.35619449e+00 1.07632387e-01
784 3 2.35619449e+00 1.07800016e-01
785 3 2.35619449e+00 1.08163404e-01
786 3 2.35619449e+00 1.08701857e-01
787 3 2.35619449e+00 1.07918206e-01
788 3 2.35619449e+00 1.08521050e-01
789 3 2.35619449e+00 1.08058349e-01
790 3 2.35619449e+00 1.08829777e-01
791 3 2.35619449e+00 1.08314507e-01
792 3 2.35619449e+00 1.08375064e-01
793 3 2.35619449e+00 1.07996012e-01
794 3 2.35619449e+00 1.08632864e-01
795 3 2.35619449e+00 1.08622838e-01
796 3 2.35619449e+00 1.07626610e-01
797 3 2.35619449e+00 1.07750146e-01
798 3 2.35619449e+00 1.07730616e-01
799 3 2.35619449e+00 1.07214041e-01
800 3 2.35619449e+00 1.09759985e-01
801 3 2.35619449e+00 1.09444849e-01
802 3 2.35619449e+00 1.08980058e-01
803 3 2.35619449e+00 1.09094504e-01
804 3 2.35619449e+00 1.09111250e-01
805 3 2.35619449e+00 1.08305365e-01
806 3 2.35619449e+00 1.08877072e-01
807 3 2.35619449e+00 1.08855057e-01
808 3 2.35619449e+00 1.08543704e-01
809 3 2.35619449e+00 1.08906674e-01
810 3 2.35619449e+00 1.09513194e-01
811 3 2.35619449e+00 1.08294983e-01
812 3 2.35619449e+00 1.07969226e-01
813 3 2.35619449e+00 1.09351481e-01
814 3 2.35619449e+00 1.08391756e-01
815 3 2.35619449e+00 1.08920158e-01
816 3 2.35619449e+00 1.08823598e-01
817 3 2.35619449e+00 1.09574710e-01
818 3 2.35619449e+00 1.07874273e-01
819 3 2.35619449e+00 1.08866716e-01
820 3 2.35619449e+00 1.08908840e-01
821 3 2.35619449e+00 1.06959611e-01
822 3 2.35619449e+00 1.08290984e-01
823 3 2.35619449e+00 1.08355464e-01
824 3 2.35619449e+00 1.08070582e-01
825 3 2.35619449e+00 1.08504781e-01
826 3 2.35619449e+00 1.08350751e-01
827 3 2.35619449e+00 1.08417126e-01
828 3 2.35619449e+00 1.09310269e-01
829 3 2.35619449e+00 1.07794623e-01
830 3 2.35619449e+00 1.08115747e-01
831 3 2.35619449e+00 1.07952746e-01
832 3 2.35619449e+00 1.08617808e-01
833 3 2.35619449e+00 1.09595603e-01
834 3 2.35619449e+00 1.08416995e-01
835 3 2.35619449e+00 1.08154957e-01
836 3 2.35619449e+00 1.07952164e-01
837 3 2.35619449e+00 1.08947672e-01
838 3 2.35619449e+00 1.09232106e-01
839 3 2.35619449e+00 1.08100026e-01
840 3 2.35619449e+00 1.08698732e-01
841 3 2.35619449e+00 1.07408055e-01
842 3 2.35619449e+00 1.07656670e-01
843 3 2.35619449e+00 1.09133563e-01
844 3 2.35619449e+00 1.08914882e-01
845 3 2.35619449e+00 1.08313159e-01
846 3 2.35619449e+00 1.07751922e-01
847 3 2.35619449e+00 1.08295454e-01
848 3 2.35619449e+00 1.07782744e-01
849 3 2.35619449e+00 1.07604745e-01
850 3 2.35619449e+00 1.07153768e-01
851 3 2.35619449e+00 1.07867787e-01
852 3 2.35619449e+00 1.08853582e-01
853 3 2.35619449e+00 1.08895691e-01
854 3 2.35619449e+00 1.08153204e-01
855 3 2.35619449e+00 1.08667297e-01
856 3 2.35619449e+00 1.08759667e-01
857 3 2.35619449e+00 1.09113852e-01
858 3 2.35619449e+00 1.09532435e-01
859 3 2.35619449e+00 1.09383308e-01
860 3 2.35619449e+00 1.08404728e-01
861 3 2.35619449e+00 1.07141561e-01
862 3 2.35619449e+00 1.08565095e-01
863 3 2.35619449e+00 1.08698644e-01
864 3 2.35619449e+00 1.08265234e-01
865 3 2.35619449e+00 1.07483712e-01
866 3 2.35619449e+00 1.08690494e-01
867 3 2.35619449e+00 1.07445285e-01
868 3 2.35619449e+00 1.08428722e-01
869 3 2.35619449e+00 1.07884113e-01
870 3 2.35619449e+00 1.07530889e-01
871 3 2.35619449e+00 1.08205399e-01
872 3 2.35619449e+00 1.08247011e-01
873 3 2.35619449e+00 1.07716867e-01
874 3 2.35619449e+00 1.08103309e-01
875 3 2.35619449e+00 1.09351083e-01
876 3 2.35619449e+00 1.09037177e-01
877 3 2.35619449e+00 1.07934241e-01
878 3 2.35619449e+00 1.08360379e-01
879 3 2.35619449e+00 1.07455136e-01
880 3 2.35619449e+00 1.09613160e-01
881 3 2.35619449e+00 1.08794052e-01
882 3 2.35619449e+00 1.08274754e-01
883 3 2.35619449e+00 1.08189769e-01
884 3 2.35619449e+00 1.07444774e-01
885 3 2.35619449e+00 1.08308691e-01
886 3 2.35619449e+00 1.08304024e-01
887 3 2.35619449e+00 1.10213036e-01
888 3 2.35619449e+00 1.06951949e-01
889 3 2.35619449e+00 1.08655436e-01
890 3 2.35619449e+00 1.08404027e-01
891 3 2.35619449e+00 1.09305464e-01
892 3 2.35619449e+00 1.08202568e-01
893 3 2.35619449e+00 1.08287339e-01
894 3 2.35619449e+00 1.08563001e-01
895 3 2.35619449e+00 1.07623853e-01
896 3 2.35619449e+00 1.07365599e-01
897 3 2.35619449e+00 1.08486943e-01
898 3 2.35619449e+00 1.07809392e-01
899 3 2.35619449e+00 1.08320447e-01
900 3 2.35619449e+00 1.08284621e-01
901 3 2.35619449e+00 1.08778865e-01
902 3 2.35619449e+00 1.08812547e-01
903 3 2.35619449e+00 1.08908847e-01
904 3 2.35619449e+00 1.10194521e-01
905 3 2.35619449e+00 1.08289113e-01
906 3 2.35619449e+00 1.08211846e-01
907 3 2.35619449e+00 1.07969003e-01
908 3 2.35619449e+00 1.08490684e-01
909 3 2.35619449e+00 1.09093486e-01
910 3 2.35619449e+00 1.08071874e-01
911 3 2.35619449e+00 1.08285544e-01
912 3 2.35619449e+00 1.09508865e-01
913 3 2.35619449e+00 1.08725268e-01
914 3 2.35619449e+00 1.08313086e-01
915 3 2.35619449e+00 1.09078266e-01
916 3 2.35619449e+00 1.07751487e-01
917 3 2.35619449e+00 1.08352715e-01
918 3 2.35619449e+00 1.08745692e-01
919 3 2.35619449e+00 1.08314111e-01
920 3 2.35619449e+00 1.08564939e-01
921 3 2.35619449e+00 1.08410350e-01
922 3 2.35619449e+00 1.08608012e-01
923 3 2.35619449e+00 1.07017164e-01
924 3 2.35619449e+00 1.08289576e-01
925 3 2.35619449e+00 1.09181876e-01
926 3 2.35619449e+00 1.08937605e-01
927 3 2.35619449e+00 1.09015530e-01
928 3 2.35619449e+00 1.08519580e-01
929 3 2.35619449e+00 1.08978897e-01
930 3 2.35619449e+00 1.08614768e-01
931 3 2.35619449e+00 1.07979716e-01
932 3 2.35619449e+00 1.09749907e-01
933 3 2.35619449e+00 1.07929347e-01
934 3 2.35619449e+00 1.08180315e-01
935 3 2.35619449e+00 1.09082990e-01
936 3 2.35619449e+00 1.08270470e-01
937 3 2.35619449e+00 1.08979807e-01
938 3 2.35619449e+00 1.08651683e-01
939 3 2.35619449e+00 1.08226617e-01
940 3 2.35619449e+00 1.09550811e-01
941 3 2.35619449e+00 1.08583875e-01
942 3 2.35619449e+00 1.09664073e-01
943 3 2.35619449e+00 1.07730056e-01
944 3 2.35619449e+00 1.07193292e-01
945 3 2.35619449e+00 1.08500695e-01
946 3 2.35619449e+00 1.09058649e-01
947 3 2.35619449e+00 1.09267145e-01
948 3 2.35619449e+00 1.08909477e-01
949 3 2.35619449e+00 1.07906162e-01
950 3 2.35619449e+00 1.08284639e-01
951 3 2.35619449e+00 1.08340614e-01
952 3 2.35619449e+00 1.08494975e-01
953 3 2.35619449e+00 1.09871046e-01
954 3 2.35619449e+00 1.08120693e-01
955 3 2.35619449e+00 1.09017442e-01
956 3 2.35619449e+00 1.08957646e-01
957 3 2.35619449e+00 1.09081705e-01
958 3 2.35619449e+00 1.09253225e-01
959 3 2.35619449e+00 1.08364742e-01
960 3 2.35619449e+00 1.07317134e-01
961 3 2.35619449e+00 1.08464955e-01
962 3 2.35619449e+00 1.08452535e-01
963 3 2.35619449e+00 1.08754307e-01
964 3 2.35619449e+00 1.09383941e-01
965 3 2.35619449e+00 1.08657151e-01
966 3 2.35619449e+00 1.07995268e-01
967 3 2.35619449e+00 1.08301664e-01
968 3 2.35619449e+00 1.09217405e-01
969 3 2.35619449e+00 1.08409075e-01
970 3 2.35619449e+00 1.08695561e-01
971 3 2.35619449e+00 1.08057849e-01
972 3 2.35619449e+00 1.07477268e-01
973 3 2.35619449e+00 1.08495192e-01
974 3 2.35619449e+00 1.08977170e-01
975 3 2.35619449e+00 1.08606976e-01
976 3 2.35619449e+00 1.08140025e-01
977 3 2.35619449e+00 1.09455822e-01
978 3 2.35619449e+00 1.08322210e-01
979 3 2.35619449e+00 1.08486062e-01
980 3 2.35619449e+00 1.07349716e-01
981 3 2.35619449e+00 1.07895825e-01
982 3 2.35619449e+00 1.08667069e-01
983 3 2.35619449e+00 1.09150686e-01
984 3 2.35619449e+00 1.08627767e-01
985 3 2.35619449e+00 1.08764772e-01
986 3 2.35619449e+00 1.09464398e-01
987 3 2.35619449e+00 1.08774136e-01
988 3 2.35619449e+00 1.09202218e-01
989 3 2.35619449e+00 1.09047592e-01
990 3 2.35619449e+00 1.07736169e-01
991 3 2.35619449e+00 1.07948981e-01
992 3 2.35619449e+00 1.08263639e-01
993 3 2.35619449e+00 1.08603217e-01
994 3 2.35619449e+00 1.07454231e-01
995 3 2.35619449e+00 1.08694039e-01
996 3 2.35619449e+00 1.08231599e-01
997 3 2.35619449e+00 1.08065918e-01
998 3 2.35619449e+00 1.09228790e-01
999 3 2.35619449e+00 1.07940922e-01
1000 3 2.35619449e+00 1.08125731e-01
1001 3 2.35619449e+00 1.07880228e-01
1002 3 2.35619449e+00 1.08136730e-01
1003 3 2.35619449e+00 1.08260603e-01
1004 3 2.35619449e+00 1.09441422e-01
1005 3 2.35619449e+00 1.08483836e-01
1006 3 2.35619449e+00 1.08439982e-01
1007 3 2.35619449e+00 1.08015795e-01
1008 3 2.35619449e+00 1.07304460e-01
1009 3 2.35619449e+00 1.07536877e-01
1010 3 2.35619449e+00 1.08157610e-01
1011 3 2.35619449e+00 1.09539425e-01
1012 3 2.35619449e+00 1.08006100e-01
0 4 3.14159265e+00 1.27913000e-01
1 4 3.14159265e+00 1.27863725e-01
2 4 3.14159265e+00 1.29078446e-01
3 4 3.14159265e+00 1.27322931e-01
4 4 3.14159265e+00 1.28786774e-01
5 4 3.14159265e+00 1.27614885e-01
6 4 3.14159265e+00 1.29260605e-01
7 4 3.14159265e+00 1.29314380e-01
8 4 3.14159265e+00 1.27185891e-01
9 4 3.14159265e+00 1.27925530e-01
10 4 3.14159265e+00 1.26847464e-01
11 4 3.14159265e+00 1.27409050e-01
12 4 3.14159265e+00 1.29476834e-01
13 4 3.14159265e+00 1.29094943e-01
14 4 3.14159265e+00 1.29611766e-01
15 4 3.14159265e+00 1.28819050e-01
16 4 3.14159265e+00 1.28854041e-01
17 4 3.14159265e+00 1.28089638e-01
18 4 3.14159265e+00 1.28133333e-01
19 4 3.14159265e+00 1.28068966e-01
20 4 3.14159265e+00 1.28552517e-01
21 4 3.14159265e+00 1.28347805e-01
22 4 3.14159265e+00 1.27609155e-01
23 4 3.14159265e+00 1.27307295e-01
24 4 3.14159265e+00 1.28259169e-01
25 4 3.14159265e+00 1.27913782e-01
26 4 3.14159265e+00 1.28108325e-01
27 4 3.14159265e+00 1.26844381e-01
28 4 3.14159265e+00 1.28462669e-01
29 4 3.14159265e+00 1.27991188e-01
30 4 3.14159265e+00 1.26258248e-01
31 4 3.14159265e+00 1.27427382e-01
32 4 3.14159265e+00 1.28427743e-01
33 4 3.14159265e+00 1.27385029e-01
34 4 3.14159265e+00 1.27385439e-01
35 4 3.14159265e+00 1.28285289e-01
36 4 3.14159265e+00 1.27811307e-01
37 4 3.14159265e+00 1.27819248e-01
38 4 3.14159265e+00 1.29189597e-01
39 4 3.14159265e+00 1.28406185e-01
40 4 3.14159265e+00 1.27881058e-01
41 4 3.14159265e+00 1.27726573e-01
42 4 3.14159265e+00 1.28044449e-01
43 4 3.14159265e+00 1.28650640e-01
44 4 3.14159265e+00 1.28130536e-01
45 4 3.14159265e+00 1.28064271e-01
46 4 3.14159265e+00 1.27551333e-01
47 4 3.14159265e+00 1.27520471e-01
48 4 3.14159265e+00 1.28674426e-01
49 4 3.14159265e+00 1.25492017e-01
50 4 3.14159265e+00 1.28926113e-01
51 4 3.14159265e+00 1.27806641e-01
52 4 3.14159265e+00 1.28335916e-01
53 4 3.14159265e+00 1.28852161e-01
54 4 3.14159265e+00 1.29181389e-01
55 4 3.14159265e+00 1.28163261e-01
56 4 3.14159265e+00 1.28027926e-01
57 4 3.14159265e+00 1.27096113e-01
58 4 3.14159265e+00 1.28667678e-01
59 4 3.14159265e+00 1.27884877e-01
60 4 3.14159265e+00 1.27734929e-01
61 4 3.14159265e+00 1.27120681e-01
62 4 3.14159265e+00 1.28902872e-01
63 4 3.14159265e+00 1.27880135e-01
64 4 3.14159265e+00 1.27948209e-01
65 4 3.14159265e+00 1.28646651e-01
66 4 3.14159265e+00 1.26907217e-01
67 4 3.14159265e+00 1.28044872e-01
68 4 3.14159265e+00 1.29264060e-01
69 4 3.14159265e+00 1.27341073e-01
70 4 3.14159265e+00 1.27562714e-01
71 4 3.14159265e+00 1.28663247e-01
72 4 3.14159265e+00 1.28893807e-01
73 4 3.14159265e+00 1.28709925e-01
74 4 3.14159265e+00 1.26220925e-01
75 4 3.14159265e+00 1.26476456e-01
76 4 3.14159265e+00 1.27686893e-01
77 4 3.14159265e+00 1.27192956e-01
78 4 3.14159265e+00 1.29002411e-01
79 4 3.14159265e+00 1.29165033e-01
80 4 3.14159265e+00 1.27696001e-01
81 4 3.14159265e+00 1.28002121e-01
82 4 3.14159265e+00 1.28017058e-01
83 4 3.14159265e+00 1.27697023e-01
84 4 3.14159265e+00 1.27688858e-01
85 4 3.14159265e+00 1.29412121e-01
86 4 3.14159265e+00 1.26715615e-01
87 4 3.14159265e+00 1.26178032e-01
88 4 3.14159265e+00 1.27508190e-01
89 4 3.14159265e+00 1.27361694e-01
90 4 3.14159265e+00 1.27902490e-01
91 4 3.14159265e+00 1.28386860e-01
92 4 3.14159265e+00 1.27466781e-01
93 4 3.14159265e+00 1.28607157e-01
94 4 3.14159265e+00 1.27901478e-01
95 4 3.14159265e+00 1.27430546e-01
96 4 3.14159265e+00 1.28890837e-01
97 4 3.14159265e+00 1.28210387e-01
98 4 3.14159265e+00 1.29148415e-01
99 4 3.14159265e+00 1.29577650e-01
100 4 3.14159265e+00 1.26752407e-01
101 4 3.14159265e+00 1.27880285e-01
102 4 3.14159265e+00 1.27809848e-01
103 4 3.14159265e+00 1.27130081e-01
104 4 3.14159265e+00 1.28231581e-01
105 4 3.14159265e+00 1.26707459e-01
106 4 3.14159265e+00 1.28841111e-01
107 4 3.14159265e+00 1.28957217e-01
108 4 3.14159265e+00 1.27229528e-01
109 4 3.14159265e+00 1.28311858e-01
110 4 3.14159265e+00 1.26022419e-01
111 4 3.14159265e+00 1.28323492e-01
112 4 3.14159265e+00 1.27542376e-01
113 4 3.14159265e+00 1.27537172e-01
114 4 3.14159265e+00 1.29465956e-01
115 4 3.14159265e+00 1.28338257e-01
116 4 3.14159265e+00 1.28263209e-01
117 4 3.14159265e+00 1.29308968e-01
118 4 3.14159265e+00 1.28194029e-01
119 4 3.14159265e+00 1.28057875e-01
120 4 3.14159265e+00 1.28326452e-01
121 4 3.14159265e+00 1.26752705e-01
122 4 3.14159265e+00 1.26931094e-01
123 4 3.14159265e+00 1.27348140e-01
124 4 3.14159265e+00 1.28639109e-01
125 4 3.14159265e+00 1.29527929e-01
126 4 3.14159265e+00 1.28977322e-01
127 4 3.14159265e+00 1.28541797e-01
128 4 3.14159265e+00 1.26942369e-01
129 4 3.14159265e+00 1.28378182e-01
130 4 3.14159265e+00 1.29506008e-01
131 4 3.14159265e+00 1.25349957e-01
132 4 3.14159265e+00 1.28731679e-01
133 4 3.14159265e+00 1.28226022e-01
134 4 3.14159265e+00 1.28376235e-01
135 4 3.14159265e+00 1.27696684e-01
136 4 3.14159265e+00 1.27522468e-01
137 4 3.14159265e+00 1.28065052e-01
138 4 3.14159265e+00 1.27355605e-01
139 4 3.14159265e+00 1.27878557e-01
140 4 3.14159265e+00 1.28184399e-01
141 4 3.14159265e+00 1.28624161e-01
142 4 3.14159265e+00 1.27499848e-01
143 4 3.14159265e+00 1.29020994e-01
144 4 3.14159265e+00 1.28170049e-01
145 4 3.14159265e+00 1.26866570e-01
146 4 3.14159265e+00 1.28078754e-01
147 4 3.14159265e+00 1.26994031e-01
148 4 3.14159265e+00 1.27725667e-01
149 4 3.14159265e+00 1.28220384e-01
150 4 3.14159265e+00 1.28494033e-01
151 4 3.14159265e+00 1.26772063e-01
152 4 3.14159265e+00 1.27723703e-01
153 4 3.14159265e+00 1.29934518e-01
154 4 3.14159265e+00 1.28628530e-01
155 4 3.14159265e+00 1.27774438e-01
156 4 3.14159265e+00 1.28361029e-01
157 4 3.14159265e+00 1.28519921e-01
158 4 3.14159265e+00 1.27696222e-01
159 4 3.14159265e+00 1.28712748e-01
160 4 3.14159265e+00 1.28270822e-01
161 4 3.14159265e+00 1.28203294e-01
162 4 3.14159265e+00 1.27837163e-01
163 4 3.14159265e+00 1.27852133e-01
164 4 3.14159265e+00 1.28380944e-01
165 4 3.14159265e+00 1.29897586e-01
166 4 3.14159265e+00 1.28442080e-01
167 4 3.14159265e+00 1.27701555e-01
168 4 3.14159265e+00 1.27429248e-01
169 4 3.14159265e+00 1.27766850e-01
170 4 3.14159265e+00 1.28314537e-01
171 4 3.14159265e+00 1.28588206e-01
172 4 3.14159265e+00 1.28826586e-01
173 4 3.14159265e+00 1.27701851e-01
174 4 3.14159265e+00 1.28364737e-01
175 4 3.14159265e+00 1.28662946e-01
176 4 3.14159265e+00 1.30032465e-01
177 4 3.14159265e+00 1.28820875e-01
178 4 3.14159265e+00 1.27352320e-01
179 4 3.14159265e+00 1.27553783e-01
180 4 3.14159265e+00 1.27375844e-01
181 4 3.14159265e+00 1.28417372e-01
182 4 3.14159265e+00 1.26434848e-01
183 4 3.14159265e+00 1.28198080e-01
184 4 3.14159265e+00 1.27324648e-01
185 4 3.14159265e+00 1.26683072e-01
186 4 3.14159265e+00 1.25781624e-01
187 4 3.14159265e+00 1.27419099e-01
188 4 3.14159265e+00 1.27429822e-01
189 4 3.14159265e+00 1.28248360e-01
190 4 3.14159265e+00 1.28507453e-01
191 4 3.14159265e+00 1.28291447e-01
192 4 3.14159265e+00 1.30167515e-01
193 4 3.14159265e+00 1.28923408e-01
194 4 3.14159265e+00 1.26761482e-01
195 4 3.14159265e+00 1.27865168e-01
196 4 3.14159265e+00 1.28527390e-01
197 4 3.14159265e+00 1.28230351e-01
198 4 3.14159265e+00 1.26827564e-01
199 4 3.14159265e+00 1.27572232e-01
200 4 3.14159265e+00 1.26958637e-01
201 4 3.14159265e+00 1.28348503e-01
202 4 3.14159265e+00 1.28132234e-01
203 4 3.14159265e+00 1.27606594e-01
204 4 3.14159265e+00 1.27493487e-01
205 4 3.14159265e+00 1.28387083e-01
206 4 3.14159265e+00 1.28044908e-01
207 4 3.14159265e+00 1.27283767e-01
208 4 3.14159265e+00 1.27431474e-01
209 4 3.14159265e+00 1.26275391e-01
210 4 3.14159265e+00 1.26097863e-01
211 4 3.14159265e+00 1.28435239e-01
212 4 3.14159265e+00 1.28682459e-01
213 4 3.14159265e+00 1.26531195e-01
214 4 3.14159265e+00 1.28616862e-01
215 4 3.14159265e+00 1.27174996e-01
216 4 3.14159265e+00 1.26832342e-01
217 4 3.14159265e+00 1.28849479e-01
218 4 3.14159265e+00 1.27959205e-01
219 4 3.14159265e+00 1.29601846e-01
220 4 3.14159265e+00 1.28332396e-01
221 4 3.14159265e+00 1.28559889e-01
222 4 3.14159265e+00 1.28194793e-01
223 4 3.14159265e+00 1.28288566e-01
224 4 3.14159265e+00 1.27647099e-01
225 4 3.14159265e+00 1.27709876e-01
226 4 3.14159265e+00 1.28663846e-01
227 4 3.14159265e+00 1.27959912e-01
228 4 3.14159265e+00 1.28555621e-01
229 4 3.14159265e+00 1.25937515e-01
230 4 3.14159265e+00 1.29116874e-01
231 4 3.14159265e+00 1.27236815e-01
232 4 3.14159265e+00 1.25584048e-01
233 4 3.14159265e+00 1.27235169e-01
234 4 3.14159265e+00 1.28065639e-01
235 4 3.14159265e+00 1.26740189e-01
236 4 3.14159265e+00 1.29023458e-01
237 4 3.14159265e+00 1.28943994e-01
238 4 3.14159265e+00 1.28315814e-01
239 4 3.14159265e+00 1.28982594e-01
240 4 3.14159265e+00 1.27982370e-01
241 4 3.14159265e+00 1.28649085e-01
242 4 3.14159265e+00 1.27800164e-01
243 4 3.14159265e+00 1.29862793e-01
244 4 3.14159265e+00 1.27724079e-01
245 4 3.14159265e+00 1.29660760e-01
246 4 3.14159265e+00 1.29557807e-01
247 4 3.14159265e+00 1.27287092e-01
248 4 3.14159265e+00 1.27951838e-01
249 4 3.14159265e+00 1.28248793e-01
250 4 3.14159265e+00 1.28467443e-01
251 4 3.14159265e+00 1.27249923e-01
252 4 3.14159265e+00 1.29481742e-01
253 4 3.14159265e+00 1.28372652e-01
254 4 3.14159265e+00 1.27339572e-01
255 4 3.14159265e+00 1.28626754e-01
256 4 3.14159265e+00 1.27664992e-01
257 4 3.14159265e+00 1.26615784e-01
258 4 3.14159265e+00 1.27105513e-01
259 4 3.14159265e+00 1.28601644e-01
260 4 3.14159265e+00 1.27934733e-01
261 4 3.14159265e+00 1.29303576e-01
262 4 3.14159265e+00 1.26878747e-01
263 4 3.14159265e+00 1.27860462e-01
264 4 3.14159265e+00 1.28612493e-01
265 4 3.14159265e+00 1.28899907e-01
266 4 3.14159265e+00 1.27262767e-01
267 4 3.14159265e+00 1.27596000e-01
268 4 3.14159265e+00 1.28622993e-01
269 4 3.14159265e+00 1.26466237e-01
270 4 3.14159265e+00 1.28655983e-01
271 4 3.14159265e+00 1.28872862e-01
272 4 3.14159265e+00 1.27281021e-01
273 4 3.14159265e+00 1.27005755e-01
274 4 3.14159265e+00 1.27435224e-01
275 4 3.14159265e+00 1.26879096e-01
276 4 3.14159265e+00 1.27710583e-01
277 4 3.14159265e+00 1.28632962e-01
278 4 3.14159265e+00 1.29086143e-01
279 4 3.14159265e+00 1.28594275e-01
280 4 3.14159265e+00 1.28101612e-01
281 4 3.14159265e+00 1.28219192e-01
282 4 3.14159265e+00 1.28185220e-01
283 4 3.14159265e+00 1.28410506e-01
284 4 3.14159265e+00 1.28610090e-01
285 4 3.14159265e+00 1.28555667e-01
286 4 3.14159265e+00 1.29116684e-01
287 4 3.14159265e+00 1.27742913e-01
288 4 3.14159265e+00 1.27807129e-01
289 4 3.14159265e+00 1.26726598e-01
290 4 3.14159265e+00 1.28293536e-01
291 4 3.14159265e+00 1.28302032e-01
292 4 3.14159265e+00 1.26866688e-01
293 4 3.14159265e+00 1.27917024e-01
294 4 3.14159265e+00 1.29070185e-01
295 4 3.14159265e+00 1.28920602e-01
296 4 3.14159265e+00 1.27972318e-01
297 4 3.14159265e+00 1.29200296e-01
298 4 3.14159265e+00 1.28082211e-01
299 4 3.14159265e+00 1.29104760e-01
300 4 3.14159265e+00 1.28135303e-01
301 4 3.14159265e+00 1.28078355e-01
302 4 3.14159265e+00 1.27315712e-01
303 4 3.14159265e+00 1.29167860e-01
304 4 3.14159265e+00 1.29866399e-01
305 4 3.14159265e+00 1.27803969e-01
306 4 3.14159265e+00 1.28226273e-01
307 4 3.14159265e+00 1.28282501e-01
308 4 3.14159265e+00 1.27715081e-01
309 4 3.14159265e+00 1.28693108e-01
310 4 3.14159265e+00 1.28792320e-01
311 4 3.14159265e+00 1.29293820e-01
312 4 3.14159265e+00 1.29260454e-01
313 4 3.14159265e+00 1.27949616e-01
314 4 3.14159265e+00 1.26732785e-01
315 4 3.14159265e+00 1.26538616e-01
316 4 3.14159265e+00 1.27651349e-01
317 4 3.14159265e+00 1.28150269e-01
318 4 3.14159265e+00 1.27987290e-01
319 4 3.14159265e+00 1.28671722e-01
320 4 3.14159265e+00 1.26695804e-01
321 4 3.14159265e+00 1.26964046e-01
322 4 3.14159265e+00 1.27190139e-01
323 4 3.14159265e+00 1.27656057e-01
324 4 3.14159265e+00 1.28683998e-01
325 4 3.14159265e+00 1.27827112e-01
326 4 3.14159265e+00 1.26924705e-01
327 4 3.14159265e+00 1.27372884e-01
328 4 3.14159265e+00 1.26998201e-01
329 4 3.14159265e+00 1.26740688e-01
330 4 3.14159265e+00 1.28072959e-01
331 4 3.14159265e+00 1.26681168e-01
332 4 3.14159265e+00 1.28171407e-01
333 4 3.14159265e+00 1.27691003e-01
334 4 3.14159265e+00 1.27102769e-01
335 4 3.14159265e+00 1.27514493e-01
336 4 3.14159265e+00 1.27764461e-01
337 4 3.14159265e+00 1.28191449e-01
338 4 3.14159265e+00 1.27956440e-01
339 4 3.14159265e+00 1.28641655e-01
340 4 3.14159265e+00 1.28393265e-01
341 4 3.14159265e+00 1.28235528e-01
342 4 3.14159265e+00 1.29453753e-01
343 4 3.14159265e+00 1.29380293e-01
344 4 3.14159265e+00 1.29339319e-01
345 4 3.14159265e+00 1.27896720e-01
346 4 3.14159265e+00 1.27514042e-01
347 4 3.14159265e+00 1.26152235e-01
348 4 3.14159265e+00 1.28528967e-01
349 4 3.14159265e+00 1.27899647e-01
350 4 3.14159265e+00 1.29467769e-01
351 4 3.14159265e+00 1.28974639e-01
352 4 3.14159265e+00 1.26141231e-01
353 4 3.14159265e+00 1.28000791e-01
354 4 3.14159265e+00 1.28167226e-01
355 4 3.14159265e+00 1.29904836e-01
356 4 3.14159265e+00 1.27622027e-01
357 4 3.14159265e+00 1.27186149e-01
358 4 3.14159265e+00 1.28511480e-01
359 4 3.14159265e+00 1.27520890e-01
360 4 3.14159265e+00 1.27945433e-01
361 4 3.14159265e+00 1.28136115e-01
362 4 3.14159265e+00 1.27350623e-01
363 4 3.14159265e+00 1.27190179e-01
364 4 3.14159265e+00 1.27317435e-01
365 4 3.14159265e+00 1.27835439e-01
366 4 3.14159265e+00 1.28326560e-01
367 4 3.14159265e+00 1.28273342e-01
368 4 3.14159265e+00 1.27290800e-01
369 4 3.14159265e+00 1.27791678e-01
370 4 3.14159265e+00 1.27394591e-01
371 4 3.14159265e+00 1.27508038e-01
372 4 3.14159265e+00 1.28260098e-01
373 4 3.14159265e+00 1.28608606e-01
374 4 3.14159265e+00 1.27554523e-01
375 4 3.14159265e+00 1.28006713e-01
376 4 3.14159265e+00 1.28241631e-01
377 4 3.14159265e+00 1.28543400e-01
378 4 3.14159265e+00 1.28572471e-01
379 4 3.14159265e+00 1.27916775e-01
380 4 3.14159265e+00 1.28154557e-01
381 4 3.14159265e+00 1.28373032e-01
382 4 3.14159265e+00 1.28064914e-01
383 4 3.14159265e+00 1.28553283e-01
384 4 3.14159265e+00 1.28256211e-01
385 4 3.14159265e+00 1.28607492e-01
386 4 3.14159265e+00 1.27235532e-01
387 4 3.14159265e+00 1.28636089e-01
388 4 3.14159265e+00 1.28134154e-01
389 4 3.14159265e+00 1.27425224e-01
390 4 3.14159265e+00 1.28656324e-01
391 4 3.14159265e+00 1.26042767e-01
392 4 3.14159265e+00 1.29888956e-01
393 4 3.14159265e+00 1.27797211e-01
394 4 3.14159265e+00 1.29413173e-01
395 4 3.14159265e+00 1.27953342e-01
396 4 3.14159265e+00 1.28054211e-01
397 4 3.14159265e+00 1.28703927e-01
398 4 3.14159265e+00 1.29908321e-01
399 4 3.14159265e+00 1.27585957e-01
400 4 3.14159265e+00 1.28048996e-01
401 4 3.14159265e+00 1.28691879e-01
402 4 3.14159265e+00 1.28284494e-01
403 4 3.14159265e+00 1.29161788e-01
404 4 3.14159265e+00 1.28854839e-01
405 4 3.14159265e+00 1.28120976e-01
406 4 3.14159265e+00 1.26232162e-01
407 4 3.14159265e+00 1.29192980e-01
408 4 3.14159265e+00 1.28348357e-01
409 4 3.14159265e+00 1.28742166e-01
410 4 3.14159265e+00 1.26947861e-01
411 4 3.14159265e+00 1.27966612e-01
412 4 3.14159265e+00 1.28153801e-01
413 4 3.14159265e+00 1.29512598e-01
414 4 3.14159265e+00 1.27779366e-01
415 4 3.14159265e+00 1.27602044e-01
416 4 3.14159265e+00 1.28910843e-01
417 4 3.14159265e+00 1.27934073e-01
418 4 3.14159265e+00 1.29017833e-01
419 4 3.14159265e+00 1.28809316e-01
420 4 3.14159265e+00 1.27585103e-01
421 4 3.14159265e+00 1.28086552e-01
422 4 3.14159265e+00 1.26984171e-01
423 4 3.14159265e+00 1.28373535e-01
424 4 3.14159265e+00 1.26451267e-01
425 4 3.14159265e+00 1.29235397e-01
426 4 3.14159265e+00 1.28320752e-01
427 4 3.14159265e+00 1.27773808e-01
428 4 3.14159265e+00 1.28773734e-01
429 4 3.14159265e+00 1.28350146e-01
430 4 3.14159265e+00 1.27930707e-01
431 4 3.14159265e+00 1.28595250e-01
432 4 3.14159265e+00 1.27740639e-01
433 4 3.14159265e+00 1.28491462e-01
434 4 3.14159265e+00 1.28008472e-01
435 4 3.14159265e+00 1.28480684e-01
436 4 3.14159265e+00 1.28758216e-01
437 4 3.14159265e+00 1.27821984e-01
438 4 3.14159265e+00 1.28560440e-01
439 4 3.14159265e+00 1.28404986e-01
440 4 3.14159265e+00 1.27730973e-01
441 4 3.14159265e+00 1.26664312e-01
442 4 3.14159265e+00 1.28918473e-01
443 4 3.14159265e+00 1.27494396e-01
444 4 3.14159265e+00 1.28246736e-01
445 4 3.14159265e+00 1.26875006e-01
446 4 3.14159265e+00 1.27838809e-01
447 4 3.14159265e+00 1.28146857e-01
448 4 3.14159265e+00 1.29098151e-01
449 4 3.14159265e+00 1.28405575e-01
450 4 3.14159265e+00 1.28850799e-01
451 4 3.14159265e+00 1.28366942e-01
452 4 3.14159265e+00 1.30091211e-01
453 4 3.14159265e+00 1.28916977e-01
454 4 3.14159265e+00 1.28304675e-01
455 4 3.14159265e+00 1.27490858e-01
456 4 3.14159265e+00 1.27717323e-01
457 4 3.14159265e+00 1.28133146e-01
458 4 3.14159265e+00 1.29038260e-01
459 4 3.14159265e+00 1.28939848e-01
460 4 3.14159265e+00 1.28175362e-01
461 4 3.14159265e+00 1.28489108e-01
462 4 3.14159265e+00 1.28358061e-01
463 4 3.14159265e+00 1.28051978e-01
464 4 3.14159265e+00 1.29177083e-01
465 4 3.14159265e+00 1.28608314e-01
466 4 3.14159265e+00 1.27704785e-01
467 4 3.14159265e+00 1.27200013e-01
468 4 3.14159265e+00 1.27573075e-01
469 4 3.14159265e+00 1.26572439e-01
470 4 3.14159265e+00 1.28288826e-01
471 4 3.14159265e+00 1.27705614e-01
472 4 3.14159265e+00 1.27958812e-01
473 4 3.14159265e+00 1.28331336e-01
474 4 3.14159265e+00 1.29107548e-01
475 4 3.14159265e+00 1.28180582e-01
476 4 3.14159265e+00 1.27307352e-01
477 4 3.14159265e+00 1.26794440e-01
478 4 3.14159265e+00 1.28431866e-01
479 4 3.14159265e+00 1.27103151e-01
480 4 3.14159265e+00 1.26805987e-01
481 4 3.14159265e+00 1.28238057e-01
482 4 3.14159265e+00 1.27620266e-01
483 4 3.14159265e+00 1.28760132e-01
484 4 3.14159265e+00 1.28479281e-01
485 4 3.14159265e+00 1.28714439e-01
486 4 3.14159265e+00 1.28636583e-01
487 4 3.14159265e+00 1.28238997e-01
488 4 3.14159265e+00 1.27002381e-01
489 4 3.14159265e+00 1.28225398e-01
490 4 3.14159265e+00 1.27524362e-01
491 4 3.14159265e+00 1.27633122e-01
492 4 3.14159265e+00 1.28506599e-01
493 4 3.14159265e+00 1.28096164e-01
494 4 3.14159265e+00 1.27817483e-01
495 4 3.14159265e+00 1.28762370e-01
496 4 3.14159265e+00 1.26879727e-01
497 4 3.14159265e+00 1.27767341e-01
498 4 3.14159265e+00 1.28306514e-01
499 4 3.14159265e+00 1.28087366e-01
500 4 3.14159265e+00 1.27912060e-01
501 4 3.14159265e+00 1.28028083e-01
502 4 3.14159265e+00 1.28008476e-01
503 4 3.14159265e+00 1.29065307e-01
504 4 3.14159265e+00 1.27867258e-01
505 4 3.14159265e+00 1.27602042e-01
506 4 3.14159265e+00 1.28001915e-01
507 4 3.14159265e+00 1.27233967e-01
508 4 3.14159265e+00 1.27783235e-01
509 4 3.14159265e+00 1.28600559e-01
510 4 3.14159265e+00 1.28848871e-01
511 4 3.14159265e+00 1.27489448e-01
512 4 3.14159265e+00 1.28360191e-01
513 4 3.14159265e+00 1.28989653e-01
514 4 3.14159265e+00 1.27653195e-01
515 4 3.14159265e+00 1.29289073e-01
516 4 3.14159265e+00 1.27885498e-01
517 4 3.14159265e+00 1.27143909e-01
518 4 3.14159265e+00 1.27170920e-01
519 4 3.14159265e+00 1.27601606e-01
520 4 3.14159265e+00 1.28037711e-01
521 4 3.14159265e+00 1.25832863e-01
522 4 3.14159265e+00 1.28996276e-01
523 4 3.14159265e+00 1.27078068e-01
524 4 3.14159265e+00 1.27562287e-01
525 4 3.14159265e+00 1.28288542e-01
526 4 3.14159265e+00 1.27733240e-01
527 4 3.14159265e+00 1.28006671e-01
528 4 3.14159265e+00 1.28494792e-01
529 4 3.14159265e+00 1.28510655e-01
530 4 3.14159265e+00 1.26513627e-01
531 4 3.14159265e+00 1.27612389e-01
532 4 3.14159265e+00 1.28467169e-01
533 4 3.14159265e+00 1.28954917e-01
534 4 3.14159265e+00 1.29025862e-01
535 4 3.14159265e+00 1.28541848e-01
536 4 3.14159265e+00 1.29632867e-01
537 4 3.14159265e+00 1.29517945e-01
538 4 3.14159265e+00 1.27657611e-01
539 4 3.14159265e+00 1.29194264e-01
540 4 3.14159265e+00 1.28308244e-01
541 4 3.14159265e+00 1.28355740e-01
542 4 3.14159265e+00 1.28536526e-01
543 4 3.14159265e+00 1.27798105e-01
544 4 3.14159265e+00 1.27708759e-01
545 4 3.14159265e+00 1.27641266e-01
546 4 3.14159265e+00 1.28754276e-01
547 4 3.14159265e+00 1.29792361e-01
548 4 3.14159265e+00 1.27982608e-01
549 4 3.14159265e+00 1.27446883e-01
550 4 3.14159265e+00 1.27645327e-01
551 4 3.14159265e+00 1.28031918e-01
552 4 3.14159265e+00 1.27847757e-01
553 4 3.14159265e+00 1.28577647e-01
554 4 3.14159265e+00 1.27779858e-01
555 4 3.14159265e+00 1.27240823e-01
556 4 3.14159265e+00 1.28497446e-01
557 4 3.14159265e+00 1.28644482e-01
558 4 3.14159265e+00 1.28802212e-01
559 4 3.14159265e+00 1.28663419e-01
560 4 3.14159265e+00 1.28720930e-01
561 4 3.14159265e+00 1.26718186e-01
562 4 3.14159265e+00 1.28992994e-01
563 4 3.14159265e+00 1.28854713e-01
564 4 3.14159265e+00 1.28810378e-01
565 4 3.14159265e+00 1.28348568e-01
566 4 3.14159265e+00 1.27243557e-01
567 4 3.14159265e+00 1.28718626e-01
568 4 3.14159265e+00 1.28678374e-01
569 4 3.14159265e+00 1.28555119e-01
570 4 3.14159265e+00 1.28488279e-01
571 4 3.14159265e+00 1.27410610e-01
572 4 3.14159265e+00 1.28116031e-01
573 4 3.14159265e+00 1.26886606e-01
574 4 3.14159265e+00 1.26951454e-01
575 4 3.14159265e+00 1.28742377e-01
576 4 3.14159265e+00 1.27636566e-01
577 4 3.14159265e+00 1.27142528e-01
578 4 3.14159265e+00 1.28420878e-01
579 4 3.14159265e+00 1.27542291e-01
580 4 3.14159265e+00 1.26664660e-01
581 4 3.14159265e+00 1.27103369e-01
582 4 3.14159265e+00 1.27766152e-01
583 4 3.14159265e+00 1.28215925e-01
584 4 3.14159265e+00 1.27145132e-01
585 4 3.14159265e+00 1.28196272e-01
586 4 3.14159265e+00 1.27997950e-01
587 4 3.14159265e+00 1.28462465e-01
588 4 3.14159265e+00 1.27537615e-01
589 4 3.14159265e+00 1.28315577e-01
590 4 3.14159265e+00 1.28469711e-01
591 4 3.14159265e+00 1.27846657e-01
592 4 3.14159265e+00 1.28605924e-01
593 4 3.14159265e+00 1.27348162e-01
594 4 3.14159265e+00 1.27326454e-01
595 4 3.14159265e+00 1.27014144e-01
596 4 3.14159265e+00 1.28706991e-01
597 4 3.14159265e+00 1.28141445e-01
598 4 3.14159265e+00 1.28540813e-01
599 4 3.14159265e+00 1.28612252e-01
600 4 3.14159265e+00 1.28715618e-01
601 4 3.14159265e+00 1.29310598e-01
602 4 3.14159265e+00 1.27468232e-01
603 4 3.14159265e+00 1.28348745e-01
604 4 3.14159265e+00 1.28102844e-01
605 4 3.14159265e+00 1.28605065e-01
606 4 3.14159265e+00 1.27521940e-01
607 4 3.14159265e+00 1.27838904e-01
608 4 3.14159265e+00 1.28194192e-01
609 4 3.14159265e+00 1.26074748e-01
610 4 3.14159265e+00 1.27351827e-01
611 4 3.14159265e+00 1.27109240e-01
612 4 3.14159265e+00 1.28238766e-01
613 4 3.14159265e+00 1.28289311e-01
614 4 3.14159265e+00 1.28853178e-01
615 4 3.14159265e+00 1.27031081e-01
616 4 3.14159265e+00 1.29188369e-01
617 4 3.14159265e+00 1.29397009e-01
618 4 3.14159265e+00 1.27273706e-01
619 4 3.14159265e+00 1.28442374e-01
620 4 3.14159265e+00 1.28433540e-01
621 4 3.14159265e+00 1.28157288e-01
622 4 3.14159265e+00 1.28519301e-01
623 4 3.14159265e+00 1.28820710e-01
624 4 3.14159265e+00 1.28684578e-01
625 4 3.14159265e+00 1.28338352e-01
626 4 3.14159265e+00 1.27533202e-01
627 4 3.14159265e+00 1.28875875e-01
628 4 3.14159265e+00 1.27854058e-01
629 4 3.14159265e+00 1.26777695e-01
630 4 3.14159265e+00 1.27948386e-01
631 4 3.14159265e+00 1.27833907e-01
632 4 3.14159265e+00 1.28441338e-01
633 4 3.14159265e+00 1.27515452e-01
634 4 3.14159265e+00 1.29303149e-01
635 4 3.14159265e+00 1.26887527e-01
636 4 3.14159265e+00 1.28086934e-01
637 4 3.14159265e+00 1.26251818e-01
638 4 3.14159265e+00 1.28336997e-01
639 4 3.14159265e+00 1.27502934e-01
640 4 3.14159265e+00 1.27133899e-01
641 4 3.14159265e+00 1.28572251e-01
642 4 3.14159265e+00 1.26993460e-01
643 4 3.14159265e+00 1.28891005e-01
644 4 3.14159265e+00 1.29486665e-01
645 4 3.14159265e+00 1.26442568e-01
646 4 3.14159265e+00 1.27218977e-01
647 4 3.14159265e+00 1.26703065e-01
648 4 3.14159265e+00 1.28181195e-01
649 4 3.14159265e+00 1.26555538e-01
650 4 3.14159265e+00 1.27754900e-01
651 4 3.14159265e+00 1.28034372e-01
652 4 3.14159265e+00 1.26525913e-01
653 4 3.14159265e+00 1.29062456e-01
654 4 3.14159265e+00 1.27743057e-01
655 4 3.14159265e+00 1.28095433e-01
656 4 3.14159265e+00 1.27877594e-01
657 4 3.14159265e+00 1.28403486e-01
658 4 3.14159265e+00 1.29266997e-01
659 4 3.14159265e+00 1.27637684e-01
660 4 3.14159265e+00 1.26641070e-01
661 4 3.14159265e+00 1.27920862e-01
662 4 3.14159265e+00 1.28566033e-01
663 4 3.14159265e+00 1.28470564e-01
664 4 3.14159265e+00 1.28507354e-01
665 4 3.14159265e+00 1.26515273e-01
666 4 3.14159265e+00 1.27931384e-01
667 4 3.14159265e+00 1.27754453e-01
668 4 3.14159265e+00 1.27956481e-01
669 4 3.14159265e+00 1.27900790e-01
670 4 3.14159265e+00 1.28012086e-01
671 4 3.14159265e+00 1.28763720e-01
672 4 3.14159265e+00 1.28296736e-01
673 4 3.14159265e+00 1.29434508e-01
674 4 3.14159265e+00 1.27108443e-01
675 4 3.14159265e+00 1.27327031e-01
676 4 3.14159265e+00 1.26997628e-01
677 4 3.14159265e+00 1.28364069e-01
678 4 3.14159265e+00 1.29049796e-01
679 4 3.14159265e+00 1.27725420e-01
680 4 3.14159265e+00 1.29315041e-01
681 4 3.14159265e+00 1.28001757e-01
682 4 3.14159265e+00 1.28150188e-01
683 4 3.14159265e+00 1.26760701e-01
684 4 3.14159265e+00 1.28662901e-01
685 4 3.14159265e+00 1.28180084e-01
686 4 3.14159265e+00 1.28610706e-01
687 4 3.14159265e+00 1.28527333e-01
688 4 3.14159265e+00 1.27716019e-01
689 4 3.14159265e+00 1.27726454e-01
690 4 3.14159265e+00 1.28085904e-01
691 4 3.14159265e+00 1.27740802e-01
692 4 3.14159265e+00 1.27197901e-01
693 4 3.14159265e+00 1.28279866e-01
694 4 3.14159265e+00 1.25858956e-01
695 4 3.14159265e+00 1.27276950e-01
696 4 3.14159265e+00 1.28135926e-01
697 4 3.14159265e+00 1.29128703e-01
698 4 3.14159265e+00 1.28199623e-01
699 4 3.14159265e+00 1.27441201e-01
700 4 3.14159265e+00 1.27312400e-01
701 4 3.14159265e+00 1.29034346e-01
702 4 3.14159265e+00 1.27347945e-01
703 4 3.14159265e+00 1.30360141e-01
704 4 3.14159265e+00 1.27224479e-01
705 4 3.14159265e+00 1.28835700e-01
706 4 3.14159265e+00 1.28168393e-01
707 4 3.14159265e+00 1.26630786e-01
708 4 3.14159265e+00 1.28768380e-01
709 4 3.14159265e+00 1.28660985e-01
710 4 3.14159265e+00 1.28286054e-01
711 4 3.14159265e+00 1.28986406e-01
712 4 3.14159265e+00 1.29118161e-01
713 4 3.14159265e+00 1.27137227e-01
714 4 3.14159265e+00 1.26053045e-01
715 4 3.14159265e+00 1.28008060e-01
716 4 3.14159265e+00 1.27751909e-01
717 4 3.14159265e+00 1.26654875e-01
718 4 3.14159265e+00 1.26392058e-01
719 4 3.14159265e+00 1.26974968e-01
720 4 3.14159265e+00 1.27591974e-01
721 4 3.14159265e+00 1.29447354e-01
722 4 3.14159265e+00 1.27557423e-01
723 4 3.14159265e+00 1.28243032e-01
724 4 3.14159265e+00 1.27684015e-01
725 4 3.14159265e+00 1.26856618e-01
726 4 3.14159265e+00 1.28518216e-01
727 4 3.14159265e+00 1.27958333e-01
728 4 3.14159265e+00 1.28093108e-01
729 4 3.14159265e+00 1.29359524e-01
730 4 3.14159265e+00 1.26631069e-01
731 4 3.14159265e+00 1.27903574e-01
732 4 3.14159265e+00 1.28323256e-01
733 4 3.14159265e+00 1.27820838e-01
734 4 3.14159265e+00 1.28315007e-01
735 4 3.14159265e+00 1.28744221e-01
736 4 3.14159265e+00 1.27329503e-01
737 4 3.14159265e+00 1.28370059e-01
738 4 3.14159265e+00 1.28523371e-01
739 4 3.14159265e+00 1.27950889e-01
740 4 3.14159265e+00 1.28611449e-01
741 4 3.14159265e+00 1.27863019e-01
742 4 3.14159265e+00 1.26870603e-01
743 4 3.14159265e+00 1.29526637e-01
744 4 3.14159265e+00 1.28306421e-01
745 4 3.14159265e+00 1.28485349e-01
746 4 3.14159265e+00 1.27829046e-01
747 4 3.14159265e+00 1.29255793e-01
748 4 3.14159265e+00 1.28126723e-01
749 4 3.14159265e+00 1.28802402e-01
750 4 3.14159265e+00 1.28228735e-01
751 4 3.14159265e+00 1.31172394e-01
752 4 3.14159265e+00 1.30571437e-01
753 4 3.14159265e+00 1.29368687e-01
754 4 3.14159265e+00 1.29008887e-01
755 4 3.14159265e+00 1.26798406e-01
756 4 3.14159265e+00 1.28767953e-01
757 4 3.14159265e+00 1.27158201e-01
758 4 3.14159265e+00 1.27951793e-01
759 4 3.14159265e+00 1.27925091e-01
760 4 3.14159265e+00 1.26898562e-01
761 4 3.14159265e+00 1.27698910e-01
762 4 3.14159265e+00 1.28574124e-01
763 4 3.14159265e+00 1.28227997e-01
764 4 3.14159265e+00 1.28890275e-01
765 4 3.14159265e+00 1.29220599e-01
766 4 3.14159265e+00 1.27169706e-01
767 4 3.14159265e+00 1.26937907e-01
768 4 3.14159265e+00 1.28310700e-01
769 4 3.14159265e+00 1.28440610e-01
770 4 3.14159265e+00 1.28332882e-01
771 4 3.14159265e+00 1.28599482e-01
772 4 3.14159265e+00 1.27679378e-01
773 4 3.14159265e+00 1.27235520e-01
774 4 3.14159265e+00 1.28007334e-01
775 4 3.14159265e+00 1.28846208e-01
776 4 3.14159265e+00 1.28016105e-01
777 4 3.14159265e+00 1.28100550e-01
778 4 3.14159265e+00 1.28182684e-01
779 4 3.14159265e+00 1.28856100e-01
780 4 3.14159265e+00 1.28486589e-01
781 4 3.14159265e+00 1.28126504e-01
782 4 3.14159265e+00 1.28994496e-01
783 4 3.14159265e+00 1.26814647e-01
784 4 3.14159265e+00 1.27352956e-01
785 4 3.14159265e+00 1.27723205e-01
786 4 3.14159265e+00 1.28179549e-01
787 4 3.14159265e+00 1.27256173e-01
788 4 3.14159265e+00 1.28178698e-01
789 4 3.14159265e+00 1.27511068e-01
790 4 3.14159265e+00 1.28532447e-01
791 4 3.14159265e+00 1.27985145e-01
792 4 3.14159265e+00 1.28046685e-01
793 4 3.14159265e+00 1.27433843e-01
794 4 3.14159265e+00 1.28283343e-01
795 4 3.14159265e+00 1.28167582e-01
796 4 3.14159265e+00 1.27194252e-01
797 4 3.14159265e+00 1.27259351e-01
798 4 3.14159265e+00 1.27132280e-01
799 4 3.14159265e+00 1.26339069e-01
800 4 3.14159265e+00 1.29794087e-01
801 4 3.14159265e+00 1.29426793e-01
802 4 3.14159265e+00 1.28729230e-01
803 4 3.14159265e+00 1.29193504e-01
804 4 3.14159265e+00 1.28972405e-01
805 4 3.14159265e+00 1.28127083e-01
806 4 3.14159265e+00 1.28536540e-01
807 4 3.14159265e+00 1.28642538e-01
808 4 3.14159265e+00 1.28031326e-01
809 4 3.14159265e+00 1.28727658e-01
810 4 3.14159265e+00 1.29295124e-01
811 4 3.14159265e+00 1.28102059e-01
812 4 3.14159265e+00 1.27242818e-01
813 4 3.14159265e+00 1.29208477e-01
814 4 3.14159265e+00 1.27902133e-01
815 4 3.14159265e+00 1.28752641e-01
816 4 3.14159265e+00 1.28594485e-01
817 4 3.14159265e+00 1.29412182e-01
818 4 3.14159265e+00 1.27301638e-01
819 4 3.14159265e+00 1.28693494e-01
820 4 3.14159265e+00 1.28674421e-01
821 4 3.14159265e+00 1.25992851e-01
822 4 3.14159265e+00 1.27916004e-01
823 4 3.14159265e+00 1.27845320e-01
824 4 3.14159265e+00 1.27637711e-01
825 4 3.14159265e+00 1.28118457e-01
826 4 3.14159265e+00 1.28159018e-01
827 4 3.14159265e+00 1.28006873e-01
828 4 3.14159265e+00 1.29293175e-01
829 4 3.14159265e+00 1.27299354e-01
830 4 3.14159265e+00 1.27680140e-01
831 4 3.14159265e+00 1.27399011e-01
832 4 3.14159265e+00 1.28089247e-01
833 4 3.14159265e+00 1.29488884e-01
834 4 3.14159265e+00 1.28163477e-01
835 4 3.14159265e+00 1.27513160e-01
836 4 3.14159265e+00 1.27493198e-01
837 4 3.14159265e+00 1.28564866e-01
838 4 3.14159265e+00 1.28939257e-01
839 4 3.14159265e+00 1.27473956e-01
840 4 3.14159265e+00 1.28498124e-01
841 4 3.14159265e+00 1.26711793e-01
842 4 3.14159265e+00 1.27225983e-01
843 4 3.14159265e+00 1.28967695e-01
844 4 3.14159265e+00 1.28669114e-01
845 4 3.14159265e+00 1.27902036e-01
846 4 3.14159265e+00 1.26893928e-01
847 4 3.14159265e+00 1.27749851e-01
848 4 3.14159265e+00 1.27162435e-01
849 4 3.14159265e+00 1.27029897e-01
850 4 3.14159265e+00 1.26392100e-01
851 4 3.14159265e+00 1.27469887e-01
852 4 3.14159265e+00 1.28744466e-01
853 4 3.14159265e+00 1.28740403e-01
854 4 3.14159265e+00 1.27502055e-01
855 4 3.14159265e+00 1.28287063e-01
856 4 3.14159265e+00 1.28538483e-01
857 4 3.14159265e+00 1.28925315e-01
858 4 3.14159265e+00 1.29740795e-01
859 4 3.14159265e+00 1.29310107e-01
860 4 3.14159265e+00 1.27947507e-01
861 4 3.14159265e+00 1.26161889e-01
862 4 3.14159265e+00 1.28208957e-01
863 4 3.14159265e+00 1.28548838e-01
864 4 3.14159265e+00 1.27734502e-01
865 4 3.14159265e+00 1.26786690e-01
866 4 3.14159265e+00 1.28641932e-01
867 4 3.14159265e+00 1.26850717e-01
868 4 3.14159265e+00 1.27933744e-01
869 4 3.14159265e+00 1.27294600e-01
870 4 3.14159265e+00 1.26935595e-01
871 4 3.14159265e+00 1.27939593e-01
872 4 3.14159265e+00 1.27606189e-01
873 4 3.14159265e+00 1.27082296e-01
874 4 3.14159265e+00 1.27774263e-01
875 4 3.14159265e+00 1.29238802e-01
876 4 3.14159265e+00 1.28629162e-01
877 4 3.14159265e+00 1.27309699e-01
878 4 3.14159265e+00 1.27799373e-01
879 4 3.14159265e+00 1.26799332e-01
880 4 3.14159265e+00 1.29665195e-01
881 4 3.14159265e+00 1.28373905e-01
882 4 3.14159265e+00 1.27832309e-01
883 4 3.14159265e+00 1.27629629e-01
884 4 3.14159265e+00 1.26716192e-01
885 4 3.14159265e+00 1.28004597e-01
886 4 3.14159265e+00 1.27740448e-01
887 4 3.14159265e+00 1.30317071e-01
888 4 3.14159265e+00 1.25987386e-01
889 4 3.14159265e+00 1.28274447e-01
890 4 3.14159265e+00 1.28129396e-01
891 4 3.14159265e+00 1.29311087e-01
892 4 3.14159265e+00 1.27805068e-01
893 4 3.14159265e+00 1.27845134e-01
894 4 3.14159265e+00 1.28221653e-01
895 4 3.14159265e+00 1.27044704e-01
896 4 3.14159265e+00 1.26668968e-01
897 4 3.14159265e+00 1.27952265e-01
898 4 3.14159265e+00 1.27334313e-01
899 4 3.14159265e+00 1.27826291e-01
900 4 3.14159265e+00 1.27970697e-01
901 4 3.14159265e+00 1.28310985e-01
902 4 3.14159265e+00 1.28454256e-01
903 4 3.14159265e+00 1.28577139e-01
904 4 3.14159265e+00 1.30195356e-01
905 4 3.14159265e+00 1.27602579e-01
906 4 3.14159265e+00 1.27613855e-01
907 4 3.14159265e+00 1.27464945e-01
908 4 3.14159265e+00 1.28154192e-01
909 4 3.14159265e+00 1.28901011e-01
910 4 3.14159265e+00 1.27422844e-01
911 4 3.14159265e+00 1.27772275e-01
912 4 3.14159265e+00 1.29268983e-01
913 4 3.14159265e+00 1.28375241e-01
914 4 3.14159265e+00 1.28040564e-01
915 4 3.14159265e+00 1.28859826e-01
916 4 3.14159265e+00 1.27140233e-01
917 4 3.14159265e+00 1.27950928e-01
918 4 3.14159265e+00 1.28591264e-01
919 4 3.14159265e+00 1.27924886e-01
920 4 3.14159265e+00 1.28194844e-01
921 4 3.14159265e+00 1.27895364e-01
922 4 3.14159265e+00 1.28330210e-01
923 4 3.14159265e+00 1.25970205e-01
924 4 3.14159265e+00 1.27778870e-01
925 4 3.14159265e+00 1.29321947e-01
926 4 3.14159265e+00 1.28800779e-01
927 4 3.14159265e+00 1.28924359e-01
928 4 3.14159265e+00 1.28046577e-01
929 4 3.14159265e+00 1.28532052e-01
930 4 3.14159265e+00 1.28246280e-01
931 4 3.14159265e+00 1.27400614e-01
932 4 3.14159265e+00 1.29939355e-01
933 4 3.14159265e+00 1.27303863e-01
934 4 3.14159265e+00 1.27815792e-01
935 4 3.14159265e+00 1.28913310e-01
936 4 3.14159265e+00 1.27833617e-01
937 4 3.14159265e+00 1.28529412e-01
938 4 3.14159265e+00 1.28061936e-01
939 4 3.14159265e+00 1.27710754e-01
940 4 3.14159265e+00 1.29634666e-01
941 4 3.14159265e+00 1.28108902e-01
942 4 3.14159265e+00 1.29549527e-01
943 4 3.14159265e+00 1.27244023e-01
944 4 3.14159265e+00 1.26532242e-01
945 4 3.14159265e+00 1.28108430e-01
946 4 3.14159265e+00 1.28785703e-01
947 4 3.14159265e+00 1.29226410e-01
948 4 3.14159265e+00 1.28492009e-01
949 4 3.14159265e+00 1.27257831e-01
950 4 3.14159265e+00 1.27820787e-01
951 4 3.14159265e+00 1.27858119e-01
952 4 3.14159265e+00 1.28027629e-01
953 4 3.14159265e+00 1.29834263e-01
954 4 3.14159265e+00 1.27605883e-01
955 4 3.14159265e+00 1.28661461e-01
956 4 3.14159265e+00 1.28735341e-01
957 4 3.14159265e+00 1.28968923e-01
958 4 3.14159265e+00 1.29014949e-01
959 4 3.14159265e+00 1.28228912e-01
960 4 3.14159265e+00 1.26559272e-01
961 4 3.14159265e+00 1.27963136e-01
962 4 3.14159265e+00 1.27998589e-01
963 4 3.14159265e+00 1.28388825e-01
964 4 3.14159265e+00 1.29148551e-01
965 4 3.14159265e+00 1.28208909e-01
966 4 3.14159265e+00 1.27388749e-01
967 4 3.14159265e+00 1.27942898e-01
968 4 3.14159265e+00 1.29027545e-01
969 4 3.14159265e+00 1.27908947e-01
970 4 3.14159265e+00 1.28554479e-01
971 4 3.14159265e+00 1.27545658e-01
972 4 3.14159265e+00 1.26843945e-01
973 4 3.14159265e+00 1.28119751e-01
974 4 3.14159265e+00 1.28808030e-01
975 4 3.14159265e+00 1.28460291e-01
976 4 3.14159265e+00 1.27397418e-01
977 4 3.14159265e+00 1.29332742e-01
978 4 3.14159265e+00 1.27832629e-01
979 4 3.14159265e+00 1.28061357e-01
980 4 3.14159265e+00 1.26568119e-01
981 4 3.14159265e+00 1.27463188e-01
982 4 3.14159265e+00 1.28540282e-01
983 4 3.14159265e+00 1.28917963e-01
984 4 3.14159265e+00 1.28428357e-01
985 4 3.14159265e+00 1.28487683e-01
986 4 3.14159265e+00 1.29408315e-01
987 4 3.14159265e+00 1.28460446e-01
988 4 3.14159265e+00 1.28893234e-01
989 4 3.14159265e+00 1.28868899e-01
990 4 3.14159265e+00 1.27067895e-01
991 4 3.14159265e+00 1.27282197e-01
992 4 3.14159265e+00 1.27708461e-01
993 4 3.14159265e+00 1.28227421e-01
994 4 3.14159265e+00 1.26830919e-01
995 4 3.14159265e+00 1.28308570e-01
996 4 3.14159265e+00 1.27718145e-01
997 4 3.14159265e+00 1.27524788e-01
998 4 3.14159265e+00 1.29043698e-01
999 4 3.14159265e+00 1.27401529e-01
1000 4 3.14159265e+00 1.27586462e-01
1001 4 3.14159265e+00 1.27376736e-01
1002 4 3.14159265e+00 1.27532764e-01
1003 4 3.14159265e+00 1.27671574e-01
1004 4 3.14159265e+00 1.29295716e-01
1005 4 3.14159265e+00 1.28006827e-01
1006 4 3.14159265e+00 1.28163199e-01
1007 4 3.14159265e+00 1.27466999e-01
1008 4 3.14159265e+00 1.26610021e-01
1009 4 3.14159265e+00 1.26920557e-01
1010 4 3.14159265e+00 1.27768180e-01
1011 4 3.14159265e+00 1.29366918e-01
1012 4 3.14159265e+00 1.27457322e-01
0 5 3.92699082e+00 1.36072138e-01
1 5 3.92699082e+00 1.36185428e-01
2 5 3.92699082e+00 1.37759584e-01
3 5 3.92699082e+00 1.35221899e-01
4 5 3.92699082e+00 1.37179314e-01
5 5 3.92699082e+00 1.35551673e-01
6 5 3.92699082e+00 1.38277593e-01
7 5 3.92699082e+00 1.38393349e-01
8 5 3.92699082e+00 1.35114975e-01
9 5 3.92699082e+00 1.35991651e-01
10 5 3.92699082e+00 1.34686295e-01
11 5 3.92699082e+00 1.35479443e-01
12 5 3.92699082e+00 1.38144674e-01
13 5 3.92699082e+00 1.37514028e-01
14 5 3.92699082e+00 1.38443125e-01
15 5 3.92699082e+00 1.37228279e-01
16 5 3.92699082e+00 1.37447731e-01
17 5 3.92699082e+00 1.36514103e-01
18 5 3.92699082e+00 1.36366917e-01
19 5 3.92699082e+00 1.36524365e-01
20 5 3.92699082e+00 1.37055752e-01
21 5 3.92699082e+00 1.36585937e-01
22 5 3.92699082e+00 1.35628783e-01
23 5 3.92699082e+00 1.35531701e-01
24 5 3.92699082e+00 1.36642378e-01
25 5 3.92699082e+00 1.36221831e-01
26 5 3.92699082e+00 1.36630859e-01
27 5 3.92699082e+00 1.34634906e-01
28 5 3.92699082e+00 1.36588564e-01
29 5 3.92699082e+00 1.36454010e-01
30 5 3.92699082e+00 1.33904447e-01
31 5 3.92699082e+00 1.35676310e-01
32 5 3.92699082e+00 1.37054044e-01
33 5 3.92699082e+00 1.35415107e-01
34 5 3.92699082e+00 1.35777285e-01
35 5 3.92699082e+00 1.36559425e-01
36 5 3.92699082e+00 1.35650776e-01
37 5 3.92699082e+00 1.35685636e-01
38 5 3.92699082e+00 1.37847156e-01
39 5 3.92699082e+00 1.36870550e-01
40 5 3.92699082e+00 1.35907222e-01
41 5 3.92699082e+00 1.35705858e-01
42 5 3.92699082e+00 1.36100267e-01
43 5 3.92699082e+00 1.36920125e-01
44 5 3.92699082e+00 1.36665375e-01
45 5 3.92699082e+00 1.36484045e-01
46 5 3.92699082e+00 1.35649117e-01
47 5 3.92699082e+00 1.35553490e-01
48 5 3.92699082e+00 1.37172800e-01
49 5 3.92699082e+00 1.33364191e-01
50 5 3.92699082e+00 1.37321856e-01
51 5 3.92699082e+00 1.36161842e-01
52 5 3.92699082e+00 1.37059737e-01
53 5 3.92699082e+00 1.37198698e-01
54 5 3.92699082e+00 1.37835129e-01
55 5 3.92699082e+00 1.36459895e-01
56 5 3.92699082e+00 1.36076738e-01
57 5 3.92699082e+00 1.34972555e-01
58 5 3.92699082e+00 1.37083008e-01
59 5 3.92699082e+00 1.36369159e-01
60 5 3.92699082e+00 1.35794102e-01
61 5 3.92699082e+00 1.34967039e-01
62 5 3.92699082e+00 1.37608532e-01
63 5 3.92699082e+00 1.36307028e-01
64 5 3.92699082e+00 1.35745795e-01
65 5 3.92699082e+00 1.37017775e-01
66 5 3.92699082e+00 1.34923152e-01
67 5 3.92699082e+00 1.36338224e-01
68 5 3.92699082e+00 1.37913246e-01
69 5 3.92699082e+00 1.35487482e-01
70 5 3.92699082e+00 1.35592074e-01
71 5 3.92699082e+00 1.37151126e-01
72 5 3.92699082e+00 1.37446245e-01
73 5 3.92699082e+00 1.37494537e-01
74 5 3.92699082e+00 1.34054868e-01
75 5 3.92699082e+00 1.34567484e-01
76 5 3.92699082e+00 1.36060104e-01
77 5 3.92699082e+00 1.34882543e-01
78 5 3.92699082e+00 1.37506535e-01
79 5 3.92699082e+00 1.37766194e-01
80 5 3.92699082e+00 1.35673159e-01
81 5 3.92699082e+00 1.36234012e-01
82 5 3.92699082e+00 1.36350896e-01
83 5 3.92699082e+00 1.35632778e-01
84 5 3.92699082e+00 1.35644249e-01
85 5 3.92699082e+00 1.37792616e-01
86 5 3.92699082e+00 1.34546369e-01
87 5 3.92699082e+00 1.33893065e-01
88 5 3.92699082e+00 1.35874950e-01
89 5 3.92699082e+00 1.35667574e-01
90 5 3.92699082e+00 1.36655667e-01
91 5 3.92699082e+00 1.36567924e-01
92 5 3.92699082e+00 1.35663376e-01
93 5 3.92699082e+00 1.37299976e-01
94 5 3.92699082e+00 1.36437053e-01
95 5 3.92699082e+00 1.34979304e-01
96 5 3.92699082e+00 1.37447373e-01
97 5 3.92699082e+00 1.36829491e-01
98 5 3.92699082e+00 1.37668720e-01
99 5 3.92699082e+00 1.38277038e-01
100 5 3.92699082e+00 1.34882593e-01
101 5 3.92699082e+00 1.36325667e-01
102 5 3.92699082e+00 1.36005671e-01
103 5 3.92699082e+00 1.35246999e-01
104 5 3.92699082e+00 1.36754206e-01
105 5 3.92699082e+00 1.34623350e-01
106 5 3.92699082e+00 1.37309868e-01
107 5 3.92699082e+00 1.37717327e-01
108 5 3.92699082e+00 1.35308064e-01
109 5 3.92699082e+00 1.36955256e-01
110 5 3.92699082e+00 1.33744673e-01
111 5 3.92699082e+00 1.36512308e-01
112 5 3.92699082e+00 1.35616814e-01
113 5 3.92699082e+00 1.35317191e-01
114 5 3.92699082e+00 1.38177259e-01
115 5 3.92699082e+00 1.36958050e-01
116 5 3.92699082e+00 1.36695814e-01
117 5 3.92699082e+00 1.37732011e-01
118 5 3.92699082e+00 1.36666643e-01
119 5 3.92699082e+00 1.36390833e-01
120 5 3.92699082e+00 1.36514394e-01
121 5 3.92699082e+00 1.34470958e-01
122 5 3.92699082e+00 1.34910140e-01
123 5 3.92699082e+00 1.35542031e-01
124 5 3.92699082e+00 1.37149374e-01
125 5 3.92699082e+00 1.38260446e-01
126 5 3.92699082e+00 1.37301468e-01
127 5 3.92699082e+00 1.36475819e-01
128 5 3.92699082e+00 1.34985687e-01
129 5 3.92699082e+00 1.36667447e-01
130 5 3.92699082e+00 1.38323727e-01
131 5 3.92699082e+00 1.32988204e-01
132 5 3.92699082e+00 1.37397715e-01
133 5 3.92699082e+00 1.36508051e-01
134 5 3.92699082e+00 1.36708598e-01
135 5 3.92699082e+00 1.35410600e-01
136 5 3.92699082e+00 1.35624247e-01
137 5 3.92699082e+00 1.36187600e-01
138 5 3.92699082e+00 1.35481521e-01
139 5 3.92699082e+00 1.36155662e-01
140 5 3.92699082e+00 1.36552967e-01
141 5 3.92699082e+00 1.36916070e-01
142 5 3.92699082e+00 1.35404447e-01
143 5 3.92699082e+00 1.37316271e-01
144 5 3.92699082e+00 1.36897512e-01
145 5 3.92699082e+00 1.34890384e-01
146 5 3.92699082e+00 1.36412200e-01
147 5 3.92699082e+00 1.35053917e-01
148 5 3.92699082e+00 1.35927265e-01
149 5 3.92699082e+00 1.36279283e-01
150 5 3.92699082e+00 1.37219274e-01
151 5 3.92699082e+00 1.35260083e-01
152 5 3.92699082e+00 1.36230596e-01
153 5 3.92699082e+00 1.38538425e-01
154 5 3.92699082e+00 1.37198728e-01
155 5 3.92699082e+00 1.35929943e-01
156 5 3.92699082e+00 1.37058220e-01
157 5 3.92699082e+00 1.36856982e-01
158 5 3.92699082e+00 1.35871858e-01
159 5 3.92699082e+00 1.36991989e-01
160 5 3.92699082e+00 1.36444186e-01
161 5 3.92699082e+00 1.36645283e-01
162 5 3.92699082e+00 1.36103806e-01
163 5 3.92699082e+00 1.36035689e-01
164 5 3.92699082e+00 1.36789241e-01
165 5 3.92699082e+00 1.38737815e-01
166 5 3.92699082e+00 1.36613034e-01
167 5 3.92699082e+00 1.36036763e-01
168 5 3.92699082e+00 1.35309035e-01
169 5 3.92699082e+00 1.35783248e-01
170 5 3.92699082e+00 1.36682144e-01
171 5 3.92699082e+00 1.37099971e-01
172 5 3.92699082e+00 1.37226244e-01
173 5 3.92699082e+00 1.35962064e-01
174 5 3.92699082e+00 1.36464897e-01
175 5 3.92699082e+00 1.36918277e-01
176 5 3.92699082e+00 1.38761523e-01
177 5 3.92699082e+00 1.37058823e-01
178 5 3.92699082e+00 1.35433017e-01
179 5 3.92699082e+00 1.36080675e-01
180 5 3.92699082e+00 1.35772407e-01
181 5 3.92699082e+00 1.36876262e-01
182 5 3.92699082e+00 1.34499083e-01
183 5 3.92699082e+00 1.36269820e-01
184 5 3.92699082e+00 1.35459878e-01
185 5 3.92699082e+00 1.34572914e-01
186 5 3.92699082e+00 1.33545134e-01
187 5 3.92699082e+00 1.35916986e-01
188 5 3.92699082e+00 1.35523956e-01
189 5 3.92699082e+00 1.36334055e-01
190 5 3.92699082e+00 1.37021594e-01
191 5 3.92699082e+00 1.36256396e-01
192 5 3.92699082e+00 1.39147558e-01
193 5 3.92699082e+00 1.37347462e-01
194 5 3.92699082e+00 1.34677057e-01
195 5 3.92699082e+00 1.36072134e-01
196 5 3.92699082e+00 1.36929629e-01
197 5 3.92699082e+00 1.36671579e-01
198 5 3.92699082e+00 1.34752452e-01
199 5 3.92699082e+00 1.35751752e-01
200 5 3.92699082e+00 1.34806571e-01
201 5 3.92699082e+00 1.36979068e-01
202 5 3.92699082e+00 1.36298998e-01
203 5 3.92699082e+00 1.35741361e-01
204 5 3.92699082e+00 1.35569375e-01
205 5 3.92699082e+00 1.36723253e-01
206 5 3.92699082e+00 1.36279946e-01
207 5 3.92699082e+00 1.35786115e-01
208 5 3.92699082e+00 1.35306011e-01
209 5 3.92699082e+00 1.33988609e-01
210 5 3.92699082e+00 1.33536747e-01
211 5 3.92699082e+00 1.36785486e-01
212 5 3.92699082e+00 1.37024224e-01
213 5 3.92699082e+00 1.33841920e-01
214 5 3.92699082e+00 1.36948284e-01
215 5 3.92699082e+00 1.35301679e-01
216 5 3.92699082e+00 1.34448164e-01
217 5 3.92699082e+00 1.37169066e-01
218 5 3.92699082e+00 1.36010637e-01
219 5 3.92699082e+00 1.38343930e-01
220 5 3.92699082e+00 1.36510314e-01
221 5 3.92699082e+00 1.36643819e-01
222 5 3.92699082e+00 1.36515380e-01
223 5 3.92699082e+00 1.36517592e-01
224 5 3.92699082e+00 1.35619574e-01
225 5 3.92699082e+00 1.35768970e-01
226 5 3.92699082e+00 1.37101076e-01
227 5 3.92699082e+00 1.36252722e-01
228 5 3.92699082e+00 1.36898172e-01
229 5 3.92699082e+00 1.34034289e-01
230 5 3.92699082e+00 1.37492963e-01
231 5 3.92699082e+00 1.35538877e-01
232 5 3.92699082e+00 1.33155257e-01
233 5 3.92699082e+00 1.35245825e-01
234 5 3.92699082e+00 1.36476829e-01
235 5 3.92699082e+00 1.34858178e-01
236 5 3.92699082e+00 1.37657051e-01
237 5 3.92699082e+00 1.37643882e-01
238 5 3.92699082e+00 1.36742871e-01
239 5 3.92699082e+00 1.37838586e-01
240 5 3.92699082e+00 1.36110664e-01
241 5 3.92699082e+00 1.36974127e-01
242 5 3.92699082e+00 1.35948282e-01
243 5 3.92699082e+00 1.39031194e-01
244 5 3.92699082e+00 1.35725387e-01
245 5 3.92699082e+00 1.38824693e-01
246 5 3.92699082e+00 1.38431895e-01
247 5 3.92699082e+00 1.35633824e-01
248 5 3.92699082e+00 1.36078349e-01
249 5 3.92699082e+00 1.36821614e-01
250 5 3.92699082e+00 1.36717520e-01
251 5 3.92699082e+00 1.34915507e-01
252 5 3.92699082e+00 1.37866981e-01
253 5 3.92699082e+00 1.36716108e-01
254 5 3.92699082e+00 1.35204368e-01
255 5 3.92699082e+00 1.37079939e-01
256 5 3.92699082e+00 1.36103766e-01
257 5 3.92699082e+00 1.34756797e-01
258 5 3.92699082e+00 1.35496979e-01
259 5 3.92699082e+00 1.37238028e-01
260 5 3.92699082e+00 1.36060536e-01
261 5 3.92699082e+00 1.38134201e-01
262 5 3.92699082e+00 1.34954396e-01
263 5 3.92699082e+00 1.35922810e-01
264 5 3.92699082e+00 1.36746318e-01
265 5 3.92699082e+00 1.37334850e-01
266 5 3.92699082e+00 1.35132903e-01
267 5 3.92699082e+00 1.35459716e-01
268 5 3.92699082e+00 1.37205740e-01
269 5 3.92699082e+00 1.34436203e-01
270 5 3.92699082e+00 1.37124940e-01
271 5 3.92699082e+00 1.37708263e-01
272 5 3.92699082e+00 1.35340746e-01
273 5 3.92699082e+00 1.35335019e-01
274 5 3.92699082e+00 1.35739743e-01
275 5 3.92699082e+00 1.35160785e-01
276 5 3.92699082e+00 1.36094605e-01
277 5 3.92699082e+00 1.37252104e-01
278 5 3.92699082e+00 1.37531522e-01
279 5 3.92699082e+00 1.37387557e-01
280 5 3.92699082e+00 1.36384383e-01
281 5 3.92699082e+00 1.36535352e-01
282 5 3.92699082e+00 1.36293334e-01
283 5 3.92699082e+00 1.36451415e-01
284 5 3.92699082e+00 1.36872174e-01
285 5 3.92699082e+00 1.36958388e-01
286 5 3.92699082e+00 1.37837921e-01
287 5 3.92699082e+00 1.36202068e-01
288 5 3.92699082e+00 1.35951886e-01
289 5 3.92699082e+00 1.35121399e-01
290 5 3.92699082e+00 1.36650909e-01
291 5 3.92699082e+00 1.36572366e-01
292 5 3.92699082e+00 1.34309072e-01
293 5 3.92699082e+00 1.36277818e-01
294 5 3.92699082e+00 1.37568909e-01
295 5 3.92699082e+00 1.37544986e-01
296 5 3.92699082e+00 1.36257742e-01
297 5 3.92699082e+00 1.37552679e-01
298 5 3.92699082e+00 1.36620680e-01
299 5 3.92699082e+00 1.37665396e-01
300 5 3.92699082e+00 1.36472398e-01
301 5 3.92699082e+00 1.36105153e-01
302 5 3.92699082e+00 1.35600341e-01
303 5 3.92699082e+00 1.38005010e-01
304 5 3.92699082e+00 1.38733510e-01
305 5 3.92699082e+00 1.36087766e-01
306 5 3.92699082e+00 1.36566802e-01
307 5 3.92699082e+00 1.36662863e-01
308 5 3.92699082e+00 1.35851004e-01
309 5 3.92699082e+00 1.37087088e-01
310 5 3.92699082e+00 1.37379205e-01
311 5 3.92699082e+00 1.38323313e-01
312 5 3.92699082e+00 1.37935268e-01
313 5 3.92699082e+00 1.36235722e-01
314 5 3.92699082e+00 1.34415572e-01
315 5 3.92699082e+00 1.34342409e-01
316 5 3.92699082e+00 1.35866920e-01
317 5 3.92699082e+00 1.36586149e-01
318 5 3.92699082e+00 1.36154278e-01
319 5 3.92699082e+00 1.37155751e-01
320 5 3.92699082e+00 1.34520297e-01
321 5 3.92699082e+00 1.34743838e-01
322 5 3.92699082e+00 1.35181242e-01
323 5 3.92699082e+00 1.35981629e-01
324 5 3.92699082e+00 1.37202534e-01
325 5 3.92699082e+00 1.36049146e-01
326 5 3.92699082e+00 1.35005890e-01
327 5 3.92699082e+00 1.35778120e-01
328 5 3.92699082e+00 1.34753191e-01
329 5 3.92699082e+00 1.35072976e-01
330 5 3.92699082e+00 1.36405513e-01
331 5 3.92699082e+00 1.34496335e-01
332 5 3.92699082e+00 1.36559657e-01
333 5 3.92699082e+00 1.35641842e-01
334 5 3.92699082e+00 1.35141727e-01
335 5 3.92699082e+00 1.35804003e-01
336 5 3.92699082e+00 1.35785578e-01
337 5 3.92699082e+00 1.36390536e-01
338 5 3.92699082e+00 1.36078015e-01
339 5 3.92699082e+00 1.37027495e-01
340 5 3.92699082e+00 1.36886439e-01
341 5 3.92699082e+00 1.36681896e-01
342 5 3.92699082e+00 1.38300447e-01
343 5 3.92699082e+00 1.38319916e-01
344 5 3.92699082e+00 1.37635966e-01
345 5 3.92699082e+00 1.36091133e-01
346 5 3.92699082e+00 1.35978058e-01
347 5 3.92699082e+00 1.34120958e-01
348 5 3.92699082e+00 1.36995958e-01
349 5 3.92699082e+00 1.36163380e-01
350 5 3.92699082e+00 1.37974636e-01
351 5 3.92699082e+00 1.37714455e-01
352 5 3.92699082e+00 1.34110415e-01
353 5 3.92699082e+00 1.36143433e-01
354 5 3.92699082e+00 1.36527735e-01
355 5 3.92699082e+00 1.38449290e-01
356 5 3.92699082e+00 1.36457121e-01
357 5 3.92699082e+00 1.35405619e-01
358 5 3.92699082e+00 1.37011540e-01
359 5 3.92699082e+00 1.35679071e-01
360 5 3.92699082e+00 1.36019976e-01
361 5 3.92699082e+00 1.36914278e-01
362 5 3.92699082e+00 1.35389601e-01
363 5 3.92699082e+00 1.34920860e-01
364 5 3.92699082e+00 1.35616921e-01
365 5 3.92699082e+00 1.35801418e-01
366 5 3.92699082e+00 1.37018964e-01
367 5 3.92699082e+00 1.36689705e-01
368 5 3.92699082e+00 1.35346998e-01
369 5 3.92699082e+00 1.36501308e-01
370 5 3.92699082e+00 1.35553310e-01
371 5 3.92699082e+00 1.35753315e-01
372 5 3.92699082e+00 1.36736376e-01
373 5 3.92699082e+00 1.37252407e-01
374 5 3.92699082e+00 1.35589522e-01
375 5 3.92699082e+00 1.36497848e-01
376 5 3.92699082e+00 1.36701059e-01
377 5 3.92699082e+00 1.37180137e-01
378 5 3.92699082e+00 1.37375847e-01
379 5 3.92699082e+00 1.35955341e-01
380 5 3.92699082e+00 1.36614569e-01
381 5 3.92699082e+00 1.36589710e-01
382 5 3.92699082e+00 1.36479531e-01
383 5 3.92699082e+00 1.37075770e-01
384 5 3.92699082e+00 1.36882867e-01
385 5 3.92699082e+00 1.37252076e-01
386 5 3.92699082e+00 1.35093791e-01
387 5 3.92699082e+00 1.37152079e-01
388 5 3.92699082e+00 1.36220619e-01
389 5 3.92699082e+00 1.35562461e-01
390 5 3.92699082e+00 1.37120890e-01
391 5 3.92699082e+00 1.34013036e-01
392 5 3.92699082e+00 1.38587432e-01
393 5 3.92699082e+00 1.35988542e-01
394 5 3.92699082e+00 1.37693426e-01
395 5 3.92699082e+00 1.36148546e-01
396 5 3.92699082e+00 1.36312477e-01
397 5 3.92699082e+00 1.37525167e-01
398 5 3.92699082e+00 1.38645961e-01
399 5 3.92699082e+00 1.35833995e-01
400 5 3.92699082e+00 1.36115133e-01
401 5 3.92699082e+00 1.36931660e-01
402 5 3.92699082e+00 1.36902765e-01
403 5 3.92699082e+00 1.37851657e-01
404 5 3.92699082e+00 1.37419048e-01
405 5 3.92699082e+00 1.36662839e-01
406 5 3.92699082e+00 1.33770591e-01
407 5 3.92699082e+00 1.37843227e-01
408 5 3.92699082e+00 1.36542418e-01
409 5 3.92699082e+00 1.37338722e-01
410 5 3.92699082e+00 1.34727747e-01
411 5 3.92699082e+00 1.36271129e-01
412 5 3.92699082e+00 1.36654539e-01
413 5 3.92699082e+00 1.38637487e-01
414 5 3.92699082e+00 1.36041618e-01
415 5 3.92699082e+00 1.35814063e-01
416 5 3.92699082e+00 1.37480898e-01
417 5 3.92699082e+00 1.36293952e-01
418 5 3.92699082e+00 1.37510676e-01
419 5 3.92699082e+00 1.37433635e-01
420 5 3.92699082e+00 1.35652817e-01
421 5 3.92699082e+00 1.36625731e-01
422 5 3.92699082e+00 1.34986844e-01
423 5 3.92699082e+00 1.36784342e-01
424 5 3.92699082e+00 1.34609089e-01
425 5 3.92699082e+00 1.37704013e-01
426 5 3.92699082e+00 1.36393071e-01
427 5 3.92699082e+00 1.35841414e-01
428 5 3.92699082e+00 1.36797064e-01
429 5 3.92699082e+00 1.36902065e-01
430 5 3.92699082e+00 1.36038516e-01
431 5 3.92699082e+00 1.36993191e-01
432 5 3.92699082e+00 1.35750014e-01
433 5 3.92699082e+00 1.36935240e-01
434 5 3.92699082e+00 1.36166929e-01
435 5 3.92699082e+00 1.36818774e-01
436 5 3.92699082e+00 1.37203445e-01
437 5 3.92699082e+00 1.36097271e-01
438 5 3.92699082e+00 1.36767582e-01
439 5 3.92699082e+00 1.36662365e-01
440 5 3.92699082e+00 1.35629638e-01
441 5 3.92699082e+00 1.34330403e-01
442 5 3.92699082e+00 1.37571965e-01
443 5 3.92699082e+00 1.35325206e-01
444 5 3.92699082e+00 1.36757212e-01
445 5 3.92699082e+00 1.35030869e-01
446 5 3.92699082e+00 1.36075753e-01
447 5 3.92699082e+00 1.36667722e-01
448 5 3.92699082e+00 1.37727689e-01
449 5 3.92699082e+00 1.37038813e-01
450 5 3.92699082e+00 1.37518814e-01
451 5 3.92699082e+00 1.36927022e-01
452 5 3.92699082e+00 1.38742697e-01
453 5 3.92699082e+00 1.37672818e-01
454 5 3.92699082e+00 1.36801811e-01
455 5 3.92699082e+00 1.35700313e-01
456 5 3.92699082e+00 1.35781143e-01
457 5 3.92699082e+00 1.36560334e-01
458 5 3.92699082e+00 1.37645481e-01
459 5 3.92699082e+00 1.37215973e-01
460 5 3.92699082e+00 1.36427820e-01
461 5 3.92699082e+00 1.36939543e-01
462 5 3.92699082e+00 1.36655522e-01
463 5 3.92699082e+00 1.36627419e-01
464 5 3.92699082e+00 1.37485550e-01
465 5 3.92699082e+00 1.36783027e-01
466 5 3.92699082e+00 1.35482716e-01
467 5 3.92699082e+00 1.35190060e-01
468 5 3.92699082e+00 1.35516693e-01
469 5 3.92699082e+00 1.34552571e-01
470 5 3.92699082e+00 1.36433957e-01
471 5 3.92699082e+00 1.35928333e-01
472 5 3.92699082e+00 1.36454464e-01
473 5 3.92699082e+00 1.36853226e-01
474 5 3.92699082e+00 1.37527311e-01
475 5 3.92699082e+00 1.36245378e-01
476 5 3.92699082e+00 1.35180492e-01
477 5 3.92699082e+00 1.35230423e-01
478 5 3.92699082e+00 1.36633774e-01
479 5 3.92699082e+00 1.34929291e-01
480 5 3.92699082e+00 1.34270886e-01
481 5 3.92699082e+00 1.36347287e-01
482 5 3.92699082e+00 1.35407678e-01
483 5 3.92699082e+00 1.37117575e-01
484 5 3.92699082e+00 1.36710825e-01
485 5 3.92699082e+00 1.36917903e-01
486 5 3.92699082e+00 1.37213800e-01
487 5 3.92699082e+00 1.36836798e-01
488 5 3.92699082e+00 1.35045436e-01
489 5 3.92699082e+00 1.36550526e-01
490 5 3.92699082e+00 1.35754225e-01
491 5 3.92699082e+00 1.36113769e-01
492 5 3.92699082e+00 1.37181677e-01
493 5 3.92699082e+00 1.36238039e-01
494 5 3.92699082e+00 1.36125717e-01
495 5 3.92699082e+00 1.37722559e-01
496 5 3.92699082e+00 1.34684697e-01
497 5 3.92699082e+00 1.36096691e-01
498 5 3.92699082e+00 1.36312460e-01
499 5 3.92699082e+00 1.36423409e-01
500 5 3.92699082e+00 1.36082356e-01
501 5 3.92699082e+00 1.36205061e-01
502 5 3.92699082e+00 1.36464118e-01
503 5 3.92699082e+00 1.37613961e-01
504 5 3.92699082e+00 1.35996746e-01
505 5 3.92699082e+00 1.35415499e-01
506 5 3.92699082e+00 1.36237674e-01
507 5 3.92699082e+00 1.35593085e-01
508 5 3.92699082e+00 1.35954696e-01
509 5 3.92699082e+00 1.36884308e-01
510 5 3.92699082e+00 1.37472920e-01
511 5 3.92699082e+00 1.35962958e-01
512 5 3.92699082e+00 1.36674819e-01
513 5 3.92699082e+00 1.37389344e-01
514 5 3.92699082e+00 1.35821030e-01
515 5 3.92699082e+00 1.37843572e-01
516 5 3.92699082e+00 1.36145977e-01
517 5 3.92699082e+00 1.35243512e-01
518 5 3.92699082e+00 1.35065469e-01
519 5 3.92699082e+00 1.35812376e-01
520 5 3.92699082e+00 1.36419824e-01
521 5 3.92699082e+00 1.33644521e-01
522 5 3.92699082e+00 1.37775192e-01
523 5 3.92699082e+00 1.34743667e-01
524 5 3.92699082e+00 1.35822546e-01
525 5 3.92699082e+00 1.36941650e-01
526 5 3.92699082e+00 1.35817704e-01
527 5 3.92699082e+00 1.35986639e-01
528 5 3.92699082e+00 1.36998327e-01
529 5 3.92699082e+00 1.36862544e-01
530 5 3.92699082e+00 1.34221465e-01
531 5 3.92699082e+00 1.35327505e-01
532 5 3.92699082e+00 1.36625485e-01
533 5 3.92699082e+00 1.37183327e-01
534 5 3.92699082e+00 1.37317876e-01
535 5 3.92699082e+00 1.37106720e-01
536 5 3.92699082e+00 1.38404802e-01
537 5 3.92699082e+00 1.38328656e-01
538 5 3.92699082e+00 1.36007336e-01
539 5 3.92699082e+00 1.37674394e-01
540 5 3.92699082e+00 1.36531819e-01
541 5 3.92699082e+00 1.36771520e-01
542 5 3.92699082e+00 1.37472678e-01
543 5 3.92699082e+00 1.35758674e-01
544 5 3.92699082e+00 1.36076322e-01
545 5 3.92699082e+00 1.35885481e-01
546 5 3.92699082e+00 1.37121810e-01
547 5 3.92699082e+00 1.38635961e-01
548 5 3.92699082e+00 1.35976655e-01
549 5 3.92699082e+00 1.35320898e-01
550 5 3.92699082e+00 1.36076666e-01
551 5 3.92699082e+00 1.36203766e-01
552 5 3.92699082e+00 1.36249894e-01
553 5 3.92699082e+00 1.36759509e-01
554 5 3.92699082e+00 1.35954707e-01
555 5 3.92699082e+00 1.35342619e-01
556 5 3.92699082e+00 1.36881613e-01
557 5 3.92699082e+00 1.37098495e-01
558 5 3.92699082e+00 1.37179377e-01
559 5 3.92699082e+00 1.36841449e-01
560 5 3.92699082e+00 1.37047570e-01
561 5 3.92699082e+00 1.34845207e-01
562 5 3.92699082e+00 1.37787064e-01
563 5 3.92699082e+00 1.37230773e-01
564 5 3.92699082e+00 1.37754685e-01
565 5 3.92699082e+00 1.36728066e-01
566 5 3.92699082e+00 1.35309664e-01
567 5 3.92699082e+00 1.36989374e-01
568 5 3.92699082e+00 1.37314207e-01
569 5 3.92699082e+00 1.36988771e-01
570 5 3.92699082e+00 1.36465248e-01
571 5 3.92699082e+00 1.35416569e-01
572 5 3.92699082e+00 1.36286409e-01
573 5 3.92699082e+00 1.35170306e-01
574 5 3.92699082e+00 1.34829880e-01
575 5 3.92699082e+00 1.37027381e-01
576 5 3.92699082e+00 1.36157814e-01
577 5 3.92699082e+00 1.35135683e-01
578 5 3.92699082e+00 1.36641326e-01
579 5 3.92699082e+00 1.35794276e-01
580 5 3.92699082e+00 1.34618268e-01
581 5 3.92699082e+00 1.35089012e-01
582 5 3.92699082e+00 1.35983011e-01
583 5 3.92699082e+00 1.36805919e-01
584 5 3.92699082e+00 1.35062991e-01
585 5 3.92699082e+00 1.36493338e-01
586 5 3.92699082e+00 1.36313114e-01
587 5 3.92699082e+00 1.37224567e-01
588 5 3.92699082e+00 1.35708981e-01
589 5 3.92699082e+00 1.36797438e-01
590 5 3.92699082e+00 1.36635688e-01
591 5 3.92699082e+00 1.35937104e-01
592 5 3.92699082e+00 1.37178051e-01
593 5 3.92699082e+00 1.35889357e-01
594 5 3.92699082e+00 1.35163210e-01
595 5 3.92699082e+00 1.35043298e-01
596 5 3.92699082e+00 1.37140270e-01
597 5 3.92699082e+00 1.36490960e-01
598 5 3.92699082e+00 1.36870267e-01
599 5 3.92699082e+00 1.36818039e-01
600 5 3.92699082e+00 1.37172873e-01
601 5 3.92699082e+00 1.37904933e-01
602 5 3.92699082e+00 1.35853139e-01
603 5 3.92699082e+00 1.36772099e-01
604 5 3.92699082e+00 1.36366193e-01
605 5 3.92699082e+00 1.36975540e-01
606 5 3.92699082e+00 1.35874959e-01
607 5 3.92699082e+00 1.36157162e-01
608 5 3.92699082e+00 1.36526843e-01
609 5 3.92699082e+00 1.33617126e-01
610 5 3.92699082e+00 1.35558755e-01
611 5 3.92699082e+00 1.35283247e-01
612 5 3.92699082e+00 1.36723827e-01
613 5 3.92699082e+00 1.36304256e-01
614 5 3.92699082e+00 1.37295622e-01
615 5 3.92699082e+00 1.34660286e-01
616 5 3.92699082e+00 1.37980627e-01
617 5 3.92699082e+00 1.38056427e-01
618 5 3.92699082e+00 1.35436861e-01
619 5 3.92699082e+00 1.36736109e-01
620 5 3.92699082e+00 1.36955973e-01
621 5 3.92699082e+00 1.35932273e-01
622 5 3.92699082e+00 1.36668143e-01
623 5 3.92699082e+00 1.37288655e-01
624 5 3.92699082e+00 1.37179939e-01
625 5 3.92699082e+00 1.36733789e-01
626 5 3.92699082e+00 1.35383619e-01
627 5 3.92699082e+00 1.37238341e-01
628 5 3.92699082e+00 1.36175460e-01
629 5 3.92699082e+00 1.34831575e-01
630 5 3.92699082e+00 1.36142724e-01
631 5 3.92699082e+00 1.35913158e-01
632 5 3.92699082e+00 1.37169803e-01
633 5 3.92699082e+00 1.35879183e-01
634 5 3.92699082e+00 1.37846974e-01
635 5 3.92699082e+00 1.35096346e-01
636 5 3.92699082e+00 1.36174670e-01
637 5 3.92699082e+00 1.33767148e-01
638 5 3.92699082e+00 1.36635955e-01
639 5 3.92699082e+00 1.35593320e-01
640 5 3.92699082e+00 1.35084836e-01
641 5 3.92699082e+00 1.37084003e-01
642 5 3.92699082e+00 1.34748965e-01
643 5 3.92699082e+00 1.37170322e-01
644 5 3.92699082e+00 1.38436235e-01
645 5 3.92699082e+00 1.34302055e-01
646 5 3.92699082e+00 1.34836487e-01
647 5 3.92699082e+00 1.34354457e-01
648 5 3.92699082e+00 1.36359692e-01
649 5 3.92699082e+00 1.34142378e-01
650 5 3.92699082e+00 1.35976236e-01
651 5 3.92699082e+00 1.36211770e-01
652 5 3.92699082e+00 1.34268388e-01
653 5 3.92699082e+00 1.37452320e-01
654 5 3.92699082e+00 1.35952288e-01
655 5 3.92699082e+00 1.36203296e-01
656 5 3.92699082e+00 1.36259430e-01
657 5 3.92699082e+00 1.36841779e-01
658 5 3.92699082e+00 1.38044629e-01
659 5 3.92699082e+00 1.35762318e-01
660 5 3.92699082e+00 1.34648711e-01
661 5 3.92699082e+00 1.36065989e-01
662 5 3.92699082e+00 1.36941940e-01
663 5 3.92699082e+00 1.37230807e-01
664 5 3.92699082e+00 1.36829030e-01
665 5 3.92699082e+00 1.34572521e-01
666 5 3.92699082e+00 1.36338779e-01
667 5 3.92699082e+00 1.35980965e-01
668 5 3.92699082e+00 1.36164625e-01
669 5 3.92699082e+00 1.36244697e-01
670 5 3.92699082e+00 1.36836506e-01
671 5 3.92699082e+00 1.37112448e-01
672 5 3.92699082e+00 1.36738667e-01
673 5 3.92699082e+00 1.38124859e-01
674 5 3.92699082e+00 1.34946896e-01
675 5 3.92699082e+00 1.35608506e-01
676 5 3.92699082e+00 1.35358873e-01
677 5 3.92699082e+00 1.36778415e-01
678 5 3.92699082e+00 1.37643032e-01
679 5 3.92699082e+00 1.35883247e-01
680 5 3.92699082e+00 1.38026729e-01
681 5 3.92699082e+00 1.36194608e-01
682 5 3.92699082e+00 1.36292092e-01
683 5 3.92699082e+00 1.34399462e-01
684 5 3.92699082e+00 1.37276996e-01
685 5 3.92699082e+00 1.36720701e-01
686 5 3.92699082e+00 1.37064758e-01
687 5 3.92699082e+00 1.36879673e-01
688 5 3.92699082e+00 1.35608037e-01
689 5 3.92699082e+00 1.35749451e-01
690 5 3.92699082e+00 1.36365974e-01
691 5 3.92699082e+00 1.36052435e-01
692 5 3.92699082e+00 1.35071446e-01
693 5 3.92699082e+00 1.36858345e-01
694 5 3.92699082e+00 1.33657245e-01
695 5 3.92699082e+00 1.35261220e-01
696 5 3.92699082e+00 1.36269106e-01
697 5 3.92699082e+00 1.37531396e-01
698 5 3.92699082e+00 1.36406643e-01
699 5 3.92699082e+00 1.35348016e-01
700 5 3.92699082e+00 1.35481946e-01
701 5 3.92699082e+00 1.37256541e-01
702 5 3.92699082e+00 1.35272355e-01
703 5 3.92699082e+00 1.39462453e-01
704 5 3.92699082e+00 1.35309580e-01
705 5 3.92699082e+00 1.37114793e-01
706 5 3.92699082e+00 1.36700429e-01
707 5 3.92699082e+00 1.34755277e-01
708 5 3.92699082e+00 1.37497809e-01
709 5 3.92699082e+00 1.36997480e-01
710 5 3.92699082e+00 1.36551707e-01
711 5 3.92699082e+00 1.37427792e-01
712 5 3.92699082e+00 1.37559412e-01
713 5 3.92699082e+00 1.35326533e-01
714 5 3.92699082e+00 1.33777050e-01
715 5 3.92699082e+00 1.36403267e-01
716 5 3.92699082e+00 1.35962283e-01
717 5 3.92699082e+00 1.34719738e-01
718 5 3.92699082e+00 1.33956870e-01
719 5 3.92699082e+00 1.35061192e-01
720 5 3.92699082e+00 1.35536656e-01
721 5 3.92699082e+00 1.37678204e-01
722 5 3.92699082e+00 1.35762595e-01
723 5 3.92699082e+00 1.36709044e-01
724 5 3.92699082e+00 1.35599158e-01
725 5 3.92699082e+00 1.35063359e-01
726 5 3.92699082e+00 1.37235158e-01
727 5 3.92699082e+00 1.35959066e-01
728 5 3.92699082e+00 1.36355320e-01
729 5 3.92699082e+00 1.38179671e-01
730 5 3.92699082e+00 1.34416562e-01
731 5 3.92699082e+00 1.36014316e-01
732 5 3.92699082e+00 1.36703408e-01
733 5 3.92699082e+00 1.35973013e-01
734 5 3.92699082e+00 1.37048720e-01
735 5 3.92699082e+00 1.37654908e-01
736 5 3.92699082e+00 1.35086782e-01
737 5 3.92699082e+00 1.36501167e-01
738 5 3.92699082e+00 1.36963872e-01
739 5 3.92699082e+00 1.35947714e-01
740 5 3.92699082e+00 1.36975396e-01
741 5 3.92699082e+00 1.35919484e-01
742 5 3.92699082e+00 1.34699285e-01
743 5 3.92699082e+00 1.38050054e-01
744 5 3.92699082e+00 1.36488469e-01
745 5 3.92699082e+00 1.36976155e-01
746 5 3.92699082e+00 1.36002678e-01
747 5 3.92699082e+00 1.37913879e-01
748 5 3.92699082e+00 1.36430705e-01
749 5 3.92699082e+00 1.36991216e-01
750 5 3.92699082e+00 1.36618217e-01
751 5 3.92699082e+00 1.40423301e-01
752 5 3.92699082e+00 1.39841305e-01
753 5 3.92699082e+00 1.38042195e-01
754 5 3.92699082e+00 1.37708160e-01
755 5 3.92699082e+00 1.35163519e-01
756 5 3.92699082e+00 1.37161494e-01
757 5 3.92699082e+00 1.35315615e-01
758 5 3.92699082e+00 1.36725562e-01
759 5 3.92699082e+00 1.36098406e-01
760 5 3.92699082e+00 1.35165456e-01
761 5 3.92699082e+00 1.36247378e-01
762 5 3.92699082e+00 1.37117913e-01
763 5 3.92699082e+00 1.37251817e-01
764 5 3.92699082e+00 1.37620653e-01
765 5 3.92699082e+00 1.37876351e-01
766 5 3.92699082e+00 1.35499817e-01
767 5 3.92699082e+00 1.34508794e-01
768 5 3.92699082e+00 1.36828024e-01
769 5 3.92699082e+00 1.36911719e-01
770 5 3.92699082e+00 1.36291672e-01
771 5 3.92699082e+00 1.36871830e-01
772 5 3.92699082e+00 1.35889196e-01
773 5 3.92699082e+00 1.35153993e-01
774 5 3.92699082e+00 1.36328962e-01
775 5 3.92699082e+00 1.37517608e-01
776 5 3.92699082e+00 1.35920182e-01
777 5 3.92699082e+00 1.36555086e-01
778 5 3.92699082e+00 1.36529251e-01
779 5 3.92699082e+00 1.37042189e-01
780 5 3.92699082e+00 1.36807526e-01
781 5 3.92699082e+00 1.36249312e-01
782 5 3.92699082e+00 1.37393342e-01
783 5 3.92699082e+00 1.34573991e-01
784 5 3.92699082e+00 1.35717570e-01
785 5 3.92699082e+00 1.36011268e-01
786 5 3.92699082e+00 1.36108467e-01
787 5 3.92699082e+00 1.35165834e-01
788 5 3.92699082e+00 1.36533148e-01
789 5 3.92699082e+00 1.35631203e-01
790 5 3.92699082e+00 1.36908063e-01
791 5 3.92699082e+00 1.36453858e-01
792 5 3.92699082e+00 1.36421659e-01
793 5 3.92699082e+00 1.35505218e-01
794 5 3.92699082e+00 1.36522254e-01
795 5 3.92699082e+00 1.36342199e-01
796 5 3.92699082e+00 1.35627642e-01
797 5 3.92699082e+00 1.35529492e-01
798 5 3.92699082e+00 1.35258473e-01
799 5 3.92699082e+00 1.34094161e-01
800 5 3.92699082e+00 1.38452983e-01
801 5 3.92699082e+00 1.38111379e-01
802 5 3.92699082e+00 1.37079859e-01
803 5 3.92699082e+00 1.38225812e-01
804 5 3.92699082e+00 1.37503253e-01
805 5 3.92699082e+00 1.36751448e-01
806 5 3.92699082e+00 1.36726450e-01
807 5 3.92699082e+00 1.37146686e-01
808 5 3.92699082e+00 1.35978226e-01
809 5 3.92699082e+00 1.37238089e-01
810 5 3.92699082e+00 1.37496037e-01
811 5 3.92699082e+00 1.36725675e-01
812 5 3.92699082e+00 1.34948712e-01
813 5 3.92699082e+00 1.37682228e-01
814 5 3.92699082e+00 1.35937107e-01
815 5 3.92699082e+00 1.37277696e-01
816 5 3.92699082e+00 1.37085580e-01
817 5 3.92699082e+00 1.37772104e-01
818 5 3.92699082e+00 1.35358292e-01
819 5 3.92699082e+00 1.37346439e-01
820 5 3.92699082e+00 1.37100943e-01
821 5 3.92699082e+00 1.33681678e-01
822 5 3.92699082e+00 1.36270901e-01
823 5 3.92699082e+00 1.35898902e-01
824 5 3.92699082e+00 1.35893836e-01
825 5 3.92699082e+00 1.36362095e-01
826 5 3.92699082e+00 1.36873872e-01
827 5 3.92699082e+00 1.36282317e-01
828 5 3.92699082e+00 1.38056705e-01
829 5 3.92699082e+00 1.35441518e-01
830 5 3.92699082e+00 1.36004747e-01
831 5 3.92699082e+00 1.35442707e-01
832 5 3.92699082e+00 1.36083974e-01
833 5 3.92699082e+00 1.37933085e-01
834 5 3.92699082e+00 1.36638870e-01
835 5 3.92699082e+00 1.35398061e-01
836 5 3.92699082e+00 1.35799054e-01
837 5 3.92699082e+00 1.36719613e-01
838 5 3.92699082e+00 1.37144898e-01
839 5 3.92699082e+00 1.35340763e-01
840 5 3.92699082e+00 1.36967870e-01
841 5 3.92699082e+00 1.34693673e-01
842 5 3.92699082e+00 1.35645360e-01
843 5 3.92699082e+00 1.37488215e-01
844 5 3.92699082e+00 1.36997079e-01
845 5 3.92699082e+00 1.36138552e-01
846 5 3.92699082e+00 1.34525561e-01
847 5 3.92699082e+00 1.35722946e-01
848 5 3.92699082e+00 1.35087506e-01
849 5 3.92699082e+00 1.35234154e-01
850 5 3.92699082e+00 1.34309392e-01
851 5 3.92699082e+00 1.35869863e-01
852 5 3.92699082e+00 1.37483158e-01
853 5 3.92699082e+00 1.37248625e-01
854 5 3.92699082e+00 1.35374688e-01
855 5 3.92699082e+00 1.36518567e-01
856 5 3.92699082e+00 1.37000056e-01
857 5 3.92699082e+00 1.37314984e-01
858 5 3.92699082e+00 1.38822945e-01
859 5 3.92699082e+00 1.37898122e-01
860 5 3.92699082e+00 1.35999473e-01
861 5 3.92699082e+00 1.33682257e-01
862 5 3.92699082e+00 1.36529345e-01
863 5 3.92699082e+00 1.37227139e-01
864 5 3.92699082e+00 1.35798911e-01
865 5 3.92699082e+00 1.34737093e-01
866 5 3.92699082e+00 1.37412863e-01
867 5 3.92699082e+00 1.34983304e-01
868 5 3.92699082e+00 1.36113867e-01
869 5 3.92699082e+00 1.35312372e-01
870 5 3.92699082e+00 1.35072261e-01
871 5 3.92699082e+00 1.36399125e-01
872 5 3.92699082e+00 1.35415072e-01
873 5 3.92699082e+00 1.35067774e-01
874 5 3.92699082e+00 1.36222889e-01
875 5 3.92699082e+00 1.37757692e-01
876 5 3.92699082e+00 1.36628021e-01
877 5 3.92699082e+00 1.35309082e-01
878 5 3.92699082e+00 1.35840139e-01
879 5 3.92699082e+00 1.34897579e-01
880 5 3.92699082e+00 1.38394082e-01
881 5 3.92699082e+00 1.36442738e-01
882 5 3.92699082e+00 1.36048290e-01
883 5 3.92699082e+00 1.35593466e-01
884 5 3.92699082e+00 1.34630394e-01
885 5 3.92699082e+00 1.36388104e-01
886 5 3.92699082e+00 1.35652766e-01
887 5 3.92699082e+00 1.38970539e-01
888 5 3.92699082e+00 1.33554873e-01
889 5 3.92699082e+00 1.36489966e-01
890 5 3.92699082e+00 1.36576380e-01
891 5 3.92699082e+00 1.38099282e-01
892 5 3.92699082e+00 1.36239216e-01
893 5 3.92699082e+00 1.36097042e-01
894 5 3.92699082e+00 1.36502324e-01
895 5 3.92699082e+00 1.35212410e-01
896 5 3.92699082e+00 1.34653450e-01
897 5 3.92699082e+00 1.36037482e-01
898 5 3.92699082e+00 1.35501347e-01
899 5 3.92699082e+00 1.35754605e-01
900 5 3.92699082e+00 1.36318329e-01
901 5 3.92699082e+00 1.36353427e-01
902 5 3.92699082e+00 1.36665527e-01
903 5 3.92699082e+00 1.36841358e-01
904 5 3.92699082e+00 1.38741056e-01
905 5 3.92699082e+00 1.35399903e-01
906 5 3.92699082e+00 1.35602178e-01
907 5 3.92699082e+00 1.35699787e-01
908 5 3.92699082e+00 1.36584134e-01
909 5 3.92699082e+00 1.37326781e-01
910 5 3.92699082e+00 1.35392067e-01
911 5 3.92699082e+00 1.35872762e-01
912 5 3.92699082e+00 1.37478793e-01
913 5 3.92699082e+00 1.36632274e-01
914 5 3.92699082e+00 1.36643456e-01
915 5 3.92699082e+00 1.37244622e-01
916 5 3.92699082e+00 1.35138657e-01
917 5 3.92699082e+00 1.36207868e-01
918 5 3.92699082e+00 1.37177216e-01
919 5 3.92699082e+00 1.36248541e-01
920 5 3.92699082e+00 1.36493079e-01
921 5 3.92699082e+00 1.36007731e-01
922 5 3.92699082e+00 1.36757478e-01
923 5 3.92699082e+00 1.33438369e-01
924 5 3.92699082e+00 1.35832553e-01
925 5 3.92699082e+00 1.38411993e-01
926 5 3.92699082e+00 1.37421999e-01
927 5 3.92699082e+00 1.37612738e-01
928 5 3.92699082e+00 1.36007180e-01
929 5 3.92699082e+00 1.36485649e-01
930 5 3.92699082e+00 1.36496133e-01
931 5 3.92699082e+00 1.35413288e-01
932 5 3.92699082e+00 1.38897425e-01
933 5 3.92699082e+00 1.35198843e-01
934 5 3.92699082e+00 1.36249346e-01
935 5 3.92699082e+00 1.37355785e-01
936 5 3.92699082e+00 1.36033027e-01
937 5 3.92699082e+00 1.36539608e-01
938 5 3.92699082e+00 1.35885706e-01
939 5 3.92699082e+00 1.35791401e-01
940 5 3.92699082e+00 1.38354453e-01
941 5 3.92699082e+00 1.36242021e-01
942 5 3.92699082e+00 1.38055578e-01
943 5 3.92699082e+00 1.35516193e-01
944 5 3.92699082e+00 1.34608642e-01
945 5 3.92699082e+00 1.36288840e-01
946 5 3.92699082e+00 1.37093456e-01
947 5 3.92699082e+00 1.37926816e-01
948 5 3.92699082e+00 1.36628429e-01
949 5 3.92699082e+00 1.35223166e-01
950 5 3.92699082e+00 1.35969866e-01
951 5 3.92699082e+00 1.35960227e-01
952 5 3.92699082e+00 1.36148419e-01
953 5 3.92699082e+00 1.38436578e-01
954 5 3.92699082e+00 1.35746045e-01
955 5 3.92699082e+00 1.36840423e-01
956 5 3.92699082e+00 1.37210329e-01
957 5 3.92699082e+00 1.37528569e-01
958 5 3.92699082e+00 1.37267330e-01
959 5 3.92699082e+00 1.37001123e-01
960 5 3.92699082e+00 1.34503100e-01
961 5 3.92699082e+00 1.36011076e-01
962 5 3.92699082e+00 1.36212763e-01
963 5 3.92699082e+00 1.36554524e-01
964 5 3.92699082e+00 1.37380857e-01
965 5 3.92699082e+00 1.36274996e-01
966 5 3.92699082e+00 1.35465863e-01
967 5 3.92699082e+00 1.36292367e-01
968 5 3.92699082e+00 1.37426340e-01
969 5 3.92699082e+00 1.35997351e-01
970 5 3.92699082e+00 1.37168019e-01
971 5 3.92699082e+00 1.35666748e-01
972 5 3.92699082e+00 1.34898190e-01
973 5 3.92699082e+00 1.36435159e-01
974 5 3.92699082e+00 1.37349776e-01
975 5 3.92699082e+00 1.37070327e-01
976 5 3.92699082e+00 1.35124705e-01
977 5 3.92699082e+00 1.37847030e-01
978 5 3.92699082e+00 1.35869395e-01
979 5 3.92699082e+00 1.36144829e-01
980 5 3.92699082e+00 1.34381433e-01
981 5 3.92699082e+00 1.35799315e-01
982 5 3.92699082e+00 1.37180538e-01
983 5 3.92699082e+00 1.37200658e-01
984 5 3.92699082e+00 1.36959928e-01
985 5 3.92699082e+00 1.36864781e-01
986 5 3.92699082e+00 1.37953255e-01
987 5 3.92699082e+00 1.36777652e-01
988 5 3.92699082e+00 1.37127746e-01
989 5 3.92699082e+00 1.37425399e-01
990 5 3.92699082e+00 1.35009743e-01
991 5 3.92699082e+00 1.35175199e-01
992 5 3.92699082e+00 1.35724597e-01
993 5 3.92699082e+00 1.36524638e-01
994 5 3.92699082e+00 1.34891700e-01
995 5 3.92699082e+00 1.36475917e-01
996 5 3.92699082e+00 1.35776300e-01
997 5 3.92699082e+00 1.35511242e-01
998 5 3.92699082e+00 1.37482059e-01
999 5 3.92699082e+00 1.35582825e-01
1000 5 3.92699082e+00 1.35671902e-01
1001 5 3.92699082e+00 1.35603964e-01
1002 5 3.92699082e+00 1.35555376e-01
1003 5 3.92699082e+00 1.35629400e-01
1004 5 3.92699082e+00 1.37645249e-01
1005 5 3.92699082e+00 1.36047345e-01
1006 5 3.92699082e+00 1.36620096e-01
1007 5 3.92699082e+00 1.35717287e-01
1008 5 3.92699082e+00 1.34589611e-01
1009 5 3.92699082e+00 1.34959926e-01
1010 5 3.92699082e+00 1.36113737e-01
1011 5 3.92699082e+00 1.37743047e-01
1012 5 3.92699082e+00 1.35612449e-01
0 6 4.71238898e+00 1.32468394e-01
1 6 4.71238898e+00 1.32899499e-01
2 6 4.71238898e+00 1.35094438e-01
3 6 4.71238898e+00 1.31262473e-01
4 6 4.71238898e+00 1.33880335e-01
5 6 4.71238898e+00 1.31700891e-01
6 6 4.71238898e+00 1.36027339e-01
7 6 4.71238898e+00 1.36301212e-01
8 6 4.71238898e+00 1.31482888e-01
9 6 4.71238898e+00 1.32560536e-01
10 6 4.71238898e+00 1.30895504e-01
11 6 4.71238898e+00 1.31973813e-01
12 6 4.71238898e+00 1.35391173e-01
13 6 4.71238898e+00 1.34277263e-01
14 6 4.71238898e+00 1.35622327e-01
15 6 4.71238898e+00 1.34012903e-01
16 6 4.71238898e+00 1.34548188e-01
17 6 4.71238898e+00 1.33283778e-01
18 6 4.71238898e+00 1.32923200e-01
19 6 4.71238898e+00 1.33581914e-01
20 6 4.71238898e+00 1.33976702e-01
21 6 4.71238898e+00 1.33062167e-01
22 6 4.71238898e+00 1.31985396e-01
23 6 4.71238898e+00 1.32317160e-01
24 6 4.71238898e+00 1.33481390e-01
25 6 4.71238898e+00 1.32980427e-01
26 6 4.71238898e+00 1.33696010e-01
27 6 4.71238898e+00 1.30815900e-01
28 6 4.71238898e+00 1.32914318e-01
29 6 4.71238898e+00 1.33577402e-01
30 6 4.71238898e+00 1.29875817e-01
31 6 4.71238898e+00 1.32414026e-01
32 6 4.71238898e+00 1.34240026e-01
33 6 4.71238898e+00 1.31882263e-01
34 6 4.71238898e+00 1.32607854e-01
35 6 4.71238898e+00 1.33178706e-01
36 6 4.71238898e+00 1.31693135e-01
37 6 4.71238898e+00 1.31681767e-01
38 6 4.71238898e+00 1.35023895e-01
39 6 4.71238898e+00 1.33849505e-01
40 6 4.71238898e+00 1.32231079e-01
41 6 4.71238898e+00 1.31889449e-01
42 6 4.71238898e+00 1.32420164e-01
43 6 4.71238898e+00 1.33538667e-01
44 6 4.71238898e+00 1.33869102e-01
45 6 4.71238898e+00 1.33480526e-01
46 6 4.71238898e+00 1.32009055e-01
47 6 4.71238898e+00 1.31862338e-01
48 6 4.71238898e+00 1.33886417e-01
49 6 4.71238898e+00 1.29716161e-01
50 6 4.71238898e+00 1.34047285e-01
51 6 4.71238898e+00 1.33061920e-01
52 6 4.71238898e+00 1.34458950e-01
53 6 4.71238898e+00 1.33898954e-01
54 6 4.71238898e+00 1.34960336e-01
55 6 4.71238898e+00 1.33109569e-01
56 6 4.71238898e+00 1.32454393e-01
57 6 4.71238898e+00 1.31160516e-01
58 6 4.71238898e+00 1.33811529e-01
59 6 4.71238898e+00 1.33449240e-01
60 6 4.71238898e+00 1.31986250e-01
61 6 4.71238898e+00 1.31216588e-01
62 6 4.71238898e+00 1.34926628e-01
63 6 4.71238898e+00 1.33266941e-01
64 6 4.71238898e+00 1.31778193e-01
65 6 4.71238898e+00 1.33776100e-01
66 6 4.71238898e+00 1.31427696e-01
67 6 4.71238898e+00 1.33028024e-01
68 6 4.71238898e+00 1.35113175e-01
69 6 4.71238898e+00 1.32101378e-01
70 6 4.71238898e+00 1.31880243e-01
71 6 4.71238898e+00 1.34163336e-01
72 6 4.71238898e+00 1.34453615e-01
73 6 4.71238898e+00 1.34755013e-01
74 6 4.71238898e+00 1.30301404e-01
75 6 4.71238898e+00 1.31267817e-01
76 6 4.71238898e+00 1.33022370e-01
77 6 4.71238898e+00 1.30783233e-01
78 6 4.71238898e+00 1.34419646e-01
79 6 4.71238898e+00 1.34776846e-01
80 6 4.71238898e+00 1.31821250e-01
81 6 4.71238898e+00 1.32835049e-01
82 6 4.71238898e+00 1.33034190e-01
83 6 4.71238898e+00 1.31691639e-01
84 6 4.71238898e+00 1.31872072e-01
85 6 4.71238898e+00 1.34286122e-01
86 6 4.71238898e+00 1.30893877e-01
87 6 4.71238898e+00 1.30000791e-01
88 6 4.71238898e+00 1.32898664e-01
89 6 4.71238898e+00 1.32562269e-01
90 6 4.71238898e+00 1.34083421e-01
91 6 4.71238898e+00 1.33105481e-01
92 6 4.71238898e+00 1.32315873e-01
93 6 4.71238898e+00 1.34685236e-01
94 6 4.71238898e+00 1.33623802e-01
95 6 4.71238898e+00 1.30602771e-01
96 6 4.71238898e+00 1.34478630e-01
97 6 4.71238898e+00 1.34167366e-01
98 6 4.71238898e+00 1.34534855e-01
99 6 4.71238898e+00 1.35332216e-01
100 6 4.71238898e+00 1.31575954e-01
101 6 4.71238898e+00 1.33381965e-01
102 6 4.71238898e+00 1.32671757e-01
103 6 4.71238898e+00 1.31910908e-01
104 6 4.71238898e+00 1.33791392e-01
105 6 4.71238898e+00 1.30986728e-01
106 6 4.71238898e+00 1.34200965e-01
107 6 4.71238898e+00 1.35039491e-01
108 6 4.71238898e+00 1.31777331e-01
109 6 4.71238898e+00 1.34177061e-01
110 6 4.71238898e+00 1.29913486e-01
111 6 4.71238898e+00 1.32911167e-01
112 6 4.71238898e+00 1.32043887e-01
113 6 4.71238898e+00 1.31360714e-01
114 6 4.71238898e+00 1.35287315e-01
115 6 4.71238898e+00 1.34245655e-01
116 6 4.71238898e+00 1.33646559e-01
117 6 4.71238898e+00 1.34476698e-01
118 6 4.71238898e+00 1.33693990e-01
119 6 4.71238898e+00 1.33229272e-01
120 6 4.71238898e+00 1.32955127e-01
121 6 4.71238898e+00 1.30574491e-01
122 6 4.71238898e+00 1.31334922e-01
123 6 4.71238898e+00 1.31996970e-01
124 6 4.71238898e+00 1.34067451e-01
125 6 4.71238898e+00 1.35556072e-01
126 6 4.71238898e+00 1.33927205e-01
127 6 4.71238898e+00 1.32565007e-01
128 6 4.71238898e+00 1.31480967e-01
129 6 4.71238898e+00 1.33335412e-01
130 6 4.71238898e+00 1.35629687e-01
131 6 4.71238898e+00 1.29113755e-01
132 6 4.71238898e+00 1.34648942e-01
133 6 4.71238898e+00 1.33354621e-01
134 6 4.71238898e+00 1.33286068e-01
135 6 4.71238898e+00 1.31350479e-01
136 6 4.71238898e+00 1.31991165e-01
137 6 4.71238898e+00 1.32559872e-01
138 6 4.71238898e+00 1.32002786e-01
139 6 4.71238898e+00 1.32766452e-01
140 6 4.71238898e+00 1.33341087e-01
141 6 4.71238898e+00 1.33623727e-01
142 6 4.71238898e+00 1.31601777e-01
143 6 4.71238898e+00 1.33815739e-01
144 6 4.71238898e+00 1.34209643e-01
145 6 4.71238898e+00 1.31455470e-01
146 6 4.71238898e+00 1.33089493e-01
147 6 4.71238898e+00 1.31481497e-01
148 6 4.71238898e+00 1.32597194e-01
149 6 4.71238898e+00 1.32523738e-01
150 6 4.71238898e+00 1.34543248e-01
151 6 4.71238898e+00 1.32395655e-01
152 6 4.71238898e+00 1.33334043e-01
153 6 4.71238898e+00 1.35494072e-01
154 6 4.71238898e+00 1.34171011e-01
155 6 4.71238898e+00 1.32325461e-01
156 6 4.71238898e+00 1.34376825e-01
157 6 4.71238898e+00 1.33633930e-01
158 6 4.71238898e+00 1.32399461e-01
159 6 4.71238898e+00 1.33618814e-01
160 6 4.71238898e+00 1.32887030e-01
161 6 4.71238898e+00 1.33550604e-01
162 6 4.71238898e+00 1.32798489e-01
163 6 4.71238898e+00 1.32675364e-01
164 6 4.71238898e+00 1.33599747e-01
165 6 4.71238898e+00 1.36101556e-01
166 6 4.71238898e+00 1.33023638e-01
167 6 4.71238898e+00 1.32897015e-01
168 6 4.71238898e+00 1.31535196e-01
169 6 4.71238898e+00 1.32103693e-01
170 6 4.71238898e+00 1.33567969e-01
171 6 4.71238898e+00 1.34003969e-01
172 6 4.71238898e+00 1.34007772e-01
173 6 4.71238898e+00 1.32694001e-01
174 6 4.71238898e+00 1.32712130e-01
175 6 4.71238898e+00 1.33399675e-01
176 6 4.71238898e+00 1.35758320e-01
177 6 4.71238898e+00 1.33520593e-01
178 6 4.71238898e+00 1.31791089e-01
179 6 4.71238898e+00 1.33255599e-01
180 6 4.71238898e+00 1.32772438e-01
181 6 4.71238898e+00 1.33730951e-01
182 6 4.71238898e+00 1.31171880e-01
183 6 4.71238898e+00 1.32504539e-01
184 6 4.71238898e+00 1.31994705e-01
185 6 4.71238898e+00 1.30808265e-01
186 6 4.71238898e+00 1.29799868e-01
187 6 4.71238898e+00 1.33039991e-01
188 6 4.71238898e+00 1.32064290e-01
189 6 4.71238898e+00 1.32607557e-01
190 6 4.71238898e+00 1.34107432e-01
191 6 4.71238898e+00 1.32330805e-01
192 6 4.71238898e+00 1.36613062e-01
193 6 4.71238898e+00 1.34097171e-01
194 6 4.71238898e+00 1.30941503e-01
195 6 4.71238898e+00 1.32641946e-01
196 6 4.71238898e+00 1.33793548e-01
197 6 4.71238898e+00 1.33557174e-01
198 6 4.71238898e+00 1.31094464e-01
199 6 4.71238898e+00 1.32252601e-01
200 6 4.71238898e+00 1.30906601e-01
201 6 4.71238898e+00 1.34205923e-01
202 6 4.71238898e+00 1.32972997e-01
203 6 4.71238898e+00 1.32294745e-01
204 6 4.71238898e+00 1.31820821e-01
205 6 4.71238898e+00 1.33297951e-01
206 6 4.71238898e+00 1.32956468e-01
207 6 4.71238898e+00 1.32895341e-01
208 6 4.71238898e+00 1.31485344e-01
209 6 4.71238898e+00 1.29944098e-01
210 6 4.71238898e+00 1.29087211e-01
211 6 4.71238898e+00 1.33471305e-01
212 6 4.71238898e+00 1.33671870e-01
213 6 4.71238898e+00 1.29378767e-01
214 6 4.71238898e+00 1.33648553e-01
215 6 4.71238898e+00 1.32021731e-01
216 6 4.71238898e+00 1.30203410e-01
217 6 4.71238898e+00 1.33854015e-01
218 6 4.71238898e+00 1.32308990e-01
219 6 4.71238898e+00 1.35477937e-01
220 6 4.71238898e+00 1.32918363e-01
221 6 4.71238898e+00 1.32864994e-01
222 6 4.71238898e+00 1.33266596e-01
223 6 4.71238898e+00 1.33143226e-01
224 6 4.71238898e+00 1.31739528e-01
225 6 4.71238898e+00 1.32067908e-01
226 6 4.71238898e+00 1.33993685e-01
227 6 4.71238898e+00 1.33188603e-01
228 6 4.71238898e+00 1.33627939e-01
229 6 4.71238898e+00 1.30758693e-01
230 6 4.71238898e+00 1.34127713e-01
231 6 4.71238898e+00 1.32377981e-01
232 6 4.71238898e+00 1.29247896e-01
233 6 4.71238898e+00 1.31643984e-01
234 6 4.71238898e+00 1.33259275e-01
235 6 4.71238898e+00 1.31516308e-01
236 6 4.71238898e+00 1.34781480e-01
237 6 4.71238898e+00 1.34874109e-01
238 6 4.71238898e+00 1.33601928e-01
239 6 4.71238898e+00 1.35286374e-01
240 6 4.71238898e+00 1.32634462e-01
241 6 4.71238898e+00 1.33643770e-01
242 6 4.71238898e+00 1.32402477e-01
243 6 4.71238898e+00 1.36747963e-01
244 6 4.71238898e+00 1.31850370e-01
245 6 4.71238898e+00 1.36730835e-01
246 6 4.71238898e+00 1.35705755e-01
247 6 4.71238898e+00 1.32585917e-01
248 6 4.71238898e+00 1.32457732e-01
249 6 4.71238898e+00 1.33975820e-01
250 6 4.71238898e+00 1.33330232e-01
251 6 4.71238898e+00 1.30785295e-01
252 6 4.71238898e+00 1.34459057e-01
253 6 4.71238898e+00 1.33565872e-01
254 6 4.71238898e+00 1.31332785e-01
255 6 4.71238898e+00 1.33855755e-01
256 6 4.71238898e+00 1.33127638e-01
257 6 4.71238898e+00 1.31567790e-01
258 6 4.71238898e+00 1.32460531e-01
259 6 4.71238898e+00 1.34357705e-01
260 6 4.71238898e+00 1.32457297e-01
261 6 4.71238898e+00 1.35725991e-01
262 6 4.71238898e+00 1.31411782e-01
263 6 4.71238898e+00 1.32083541e-01
264 6 4.71238898e+00 1.33079685e-01
265 6 4.71238898e+00 1.34257798e-01
266 6 4.71238898e+00 1.31317442e-01
267 6 4.71238898e+00 1.31519926e-01
268 6 4.71238898e+00 1.34472269e-01
269 6 4.71238898e+00 1.30910624e-01
270 6 4.71238898e+00 1.34064595e-01
271 6 4.71238898e+00 1.35078602e-01
272 6 4.71238898e+00 1.31800584e-01
273 6 4.71238898e+00 1.32157542e-01
274 6 4.71238898e+00 1.32486346e-01
275 6 4.71238898e+00 1.31999988e-01
276 6 4.71238898e+00 1.33162909e-01
277 6 4.71238898e+00 1.34508712e-01
278 6 4.71238898e+00 1.34173659e-01
279 6 4.71238898e+00 1.34653689e-01
280 6 4.71238898e+00 1.32903247e-01
281 6 4.71238898e+00 1.33275475e-01
282 6 4.71238898e+00 1.32630470e-01
283 6 4.71238898e+00 1.32843196e-01
284 6 4.71238898e+00 1.33413751e-01
285 6 4.71238898e+00 1.33729933e-01
286 6 4.71238898e+00 1.35102573e-01
287 6 4.71238898e+00 1.33336536e-01
288 6 4.71238898e+00 1.32440957e-01
289 6 4.71238898e+00 1.32272490e-01
290 6 4.71238898e+00 1.33365267e-01
291 6 4.71238898e+00 1.33097068e-01
292 6 4.71238898e+00 1.29848808e-01
293 6 4.71238898e+00 1.33051947e-01
294 6 4.71238898e+00 1.34393113e-01
295 6 4.71238898e+00 1.34528053e-01
296 6 4.71238898e+00 1.33024416e-01
297 6 4.71238898e+00 1.34055447e-01
298 6 4.71238898e+00 1.33632170e-01
299 6 4.71238898e+00 1.34612776e-01
300 6 4.71238898e+00 1.33197911e-01
301 6 4.71238898e+00 1.32340960e-01
302 6 4.71238898e+00 1.32425502e-01
303 6 4.71238898e+00 1.35495012e-01
304 6 4.71238898e+00 1.36188035e-01
305 6 4.71238898e+00 1.32936008e-01
306 6 4.71238898e+00 1.33461724e-01
307 6 4.71238898e+00 1.33517989e-01
308 6 4.71238898e+00 1.32394939e-01
309 6 4.71238898e+00 1.33857073e-01
310 6 4.71238898e+00 1.34462392e-01
311 6 4.71238898e+00 1.35975619e-01
312 6 4.71238898e+00 1.35105619e-01
313 6 4.71238898e+00 1.32858144e-01
314 6 4.71238898e+00 1.30310864e-01
315 6 4.71238898e+00 1.30487462e-01
316 6 4.71238898e+00 1.32490253e-01
317 6 4.71238898e+00 1.33538655e-01
318 6 4.71238898e+00 1.32858867e-01
319 6 4.71238898e+00 1.34229382e-01
320 6 4.71238898e+00 1.30743763e-01
321 6 4.71238898e+00 1.30836864e-01
322 6 4.71238898e+00 1.31407058e-01
323 6 4.71238898e+00 1.32894577e-01
324 6 4.71238898e+00 1.34219595e-01
325 6 4.71238898e+00 1.32723852e-01
326 6 4.71238898e+00 1.31611522e-01
327 6 4.71238898e+00 1.32834212e-01
328 6 4.71238898e+00 1.30783631e-01
329 6 4.71238898e+00 1.31916766e-01
330 6 4.71238898e+00 1.33137316e-01
331 6 4.71238898e+00 1.30420029e-01
332 6 4.71238898e+00 1.33344780e-01
333 6 4.71238898e+00 1.31894821e-01
334 6 4.71238898e+00 1.31602706e-01
335 6 4.71238898e+00 1.32698340e-01
336 6 4.71238898e+00 1.32053794e-01
337 6 4.71238898e+00 1.32724355e-01
338 6 4.71238898e+00 1.32616882e-01
339 6 4.71238898e+00 1.33736445e-01
340 6 4.71238898e+00 1.33906272e-01
341 6 4.71238898e+00 1.33554910e-01
342 6 4.71238898e+00 1.35799173e-01
343 6 4.71238898e+00 1.36037882e-01
344 6 4.71238898e+00 1.34254726e-01
345 6 4.71238898e+00 1.32599228e-01
346 6 4.71238898e+00 1.33275092e-01
347 6 4.71238898e+00 1.30528440e-01
348 6 4.71238898e+00 1.33787702e-01
349 6 4.71238898e+00 1.32738584e-01
350 6 4.71238898e+00 1.34761818e-01
351 6 4.71238898e+00 1.34998212e-01
352 6 4.71238898e+00 1.30566311e-01
353 6 4.71238898e+00 1.32651285e-01
354 6 4.71238898e+00 1.33315160e-01
355 6 4.71238898e+00 1.35240505e-01
356 6 4.71238898e+00 1.34185748e-01
357 6 4.71238898e+00 1.32044522e-01
358 6 4.71238898e+00 1.33909573e-01
359 6 4.71238898e+00 1.32284954e-01
360 6 4.71238898e+00 1.32395172e-01
361 6 4.71238898e+00 1.34494156e-01
362 6 4.71238898e+00 1.31734304e-01
363 6 4.71238898e+00 1.30963721e-01
364 6 4.71238898e+00 1.32437078e-01
365 6 4.71238898e+00 1.32037832e-01
366 6 4.71238898e+00 1.34423675e-01
367 6 4.71238898e+00 1.33612013e-01
368 6 4.71238898e+00 1.31857705e-01
369 6 4.71238898e+00 1.33935387e-01
370 6 4.71238898e+00 1.32212238e-01
371 6 4.71238898e+00 1.32380185e-01
372 6 4.71238898e+00 1.33563909e-01
373 6 4.71238898e+00 1.34354692e-01
374 6 4.71238898e+00 1.32026222e-01
375 6 4.71238898e+00 1.33550663e-01
376 6 4.71238898e+00 1.33598065e-01
377 6 4.71238898e+00 1.34225103e-01
378 6 4.71238898e+00 1.34715272e-01
379 6 4.71238898e+00 1.32326010e-01
380 6 4.71238898e+00 1.33621104e-01
381 6 4.71238898e+00 1.33057407e-01
382 6 4.71238898e+00 1.33337073e-01
383 6 4.71238898e+00 1.34087288e-01
384 6 4.71238898e+00 1.34080380e-01
385 6 4.71238898e+00 1.34464020e-01
386 6 4.71238898e+00 1.31177239e-01
387 6 4.71238898e+00 1.34213761e-01
388 6 4.71238898e+00 1.32456554e-01
389 6 4.71238898e+00 1.31987735e-01
390 6 4.71238898e+00 1.34024804e-01
391 6 4.71238898e+00 1.30542280e-01
392 6 4.71238898e+00 1.35652079e-01
393 6 4.71238898e+00 1.32717619e-01
394 6 4.71238898e+00 1.34085464e-01
395 6 4.71238898e+00 1.32689817e-01
396 6 4.71238898e+00 1.33038122e-01
397 6 4.71238898e+00 1.34886463e-01
398 6 4.71238898e+00 1.35862630e-01
399 6 4.71238898e+00 1.32608640e-01
400 6 4.71238898e+00 1.32391025e-01
401 6 4.71238898e+00 1.33580291e-01
402 6 4.71238898e+00 1.34128489e-01
403 6 4.71238898e+00 1.35120643e-01
404 6 4.71238898e+00 1.34374457e-01
405 6 4.71238898e+00 1.33716655e-01
406 6 4.71238898e+00 1.29566026e-01
407 6 4.71238898e+00 1.34982452e-01
408 6 4.71238898e+00 1.33112864e-01
409 6 4.71238898e+00 1.34440296e-01
410 6 4.71238898e+00 1.30621102e-01
411 6 4.71238898e+00 1.33085068e-01
412 6 4.71238898e+00 1.33594805e-01
413 6 4.71238898e+00 1.36531680e-01
414 6 4.71238898e+00 1.32738184e-01
415 6 4.71238898e+00 1.32420417e-01
416 6 4.71238898e+00 1.34586260e-01
417 6 4.71238898e+00 1.33201466e-01
418 6 4.71238898e+00 1.34331786e-01
419 6 4.71238898e+00 1.34584143e-01
420 6 4.71238898e+00 1.31996573e-01
421 6 4.71238898e+00 1.33700968e-01
422 6 4.71238898e+00 1.31339871e-01
423 6 4.71238898e+00 1.33645181e-01
424 6 4.71238898e+00 1.31336746e-01
425 6 4.71238898e+00 1.34508795e-01
426 6 4.71238898e+00 1.32667635e-01
427 6 4.71238898e+00 1.32263560e-01
428 6 4.71238898e+00 1.33099724e-01
429 6 4.71238898e+00 1.33894562e-01
430 6 4.71238898e+00 1.32459104e-01
431 6 4.71238898e+00 1.33616975e-01
432 6 4.71238898e+00 1.32063069e-01
433 6 4.71238898e+00 1.33683677e-01
434 6 4.71238898e+00 1.32782151e-01
435 6 4.71238898e+00 1.33505543e-01
436 6 4.71238898e+00 1.34180547e-01
437 6 4.71238898e+00 1.32904664e-01
438 6 4.71238898e+00 1.33278439e-01
439 6 4.71238898e+00 1.33301728e-01
440 6 4.71238898e+00 1.31761423e-01
441 6 4.71238898e+00 1.30320348e-01
442 6 4.71238898e+00 1.34555865e-01
443 6 4.71238898e+00 1.31210025e-01
444 6 4.71238898e+00 1.33790731e-01
445 6 4.71238898e+00 1.31595868e-01
446 6 4.71238898e+00 1.32666081e-01
447 6 4.71238898e+00 1.33632947e-01
448 6 4.71238898e+00 1.34747347e-01
449 6 4.71238898e+00 1.34307022e-01
450 6 4.71238898e+00 1.34798543e-01
451 6 4.71238898e+00 1.34044015e-01
452 6 4.71238898e+00 1.35666842e-01
453 6 4.71238898e+00 1.35087698e-01
454 6 4.71238898e+00 1.33878548e-01
455 6 4.71238898e+00 1.32231123e-01
456 6 4.71238898e+00 1.32138460e-01
457 6 4.71238898e+00 1.33582764e-01
458 6 4.71238898e+00 1.34694102e-01
459 6 4.71238898e+00 1.33794115e-01
460 6 4.71238898e+00 1.32992237e-01
461 6 4.71238898e+00 1.33770365e-01
462 6 4.71238898e+00 1.33294879e-01
463 6 4.71238898e+00 1.33757888e-01
464 6 4.71238898e+00 1.34005127e-01
465 6 4.71238898e+00 1.33169780e-01
466 6 4.71238898e+00 1.31488965e-01
467 6 4.71238898e+00 1.31494206e-01
468 6 4.71238898e+00 1.31700432e-01
469 6 4.71238898e+00 1.30993503e-01
470 6 4.71238898e+00 1.32893038e-01
471 6 4.71238898e+00 1.32578262e-01
472 6 4.71238898e+00 1.33591074e-01
473 6 4.71238898e+00 1.33895611e-01
474 6 4.71238898e+00 1.34199190e-01
475 6 4.71238898e+00 1.32590412e-01
476 6 4.71238898e+00 1.31289863e-01
477 6 4.71238898e+00 1.32379363e-01
478 6 4.71238898e+00 1.33300096e-01
479 6 4.71238898e+00 1.30952878e-01
480 6 4.71238898e+00 1.29816254e-01
481 6 4.71238898e+00 1.32686874e-01
482 6 4.71238898e+00 1.31349148e-01
483 6 4.71238898e+00 1.33791770e-01
484 6 4.71238898e+00 1.33172500e-01
485 6 4.71238898e+00 1.33220666e-01
486 6 4.71238898e+00 1.34299319e-01
487 6 4.71238898e+00 1.34119364e-01
488 6 4.71238898e+00 1.31529019e-01
489 6 4.71238898e+00 1.33319026e-01
490 6 4.71238898e+00 1.32439346e-01
491 6 4.71238898e+00 1.33180233e-01
492 6 4.71238898e+00 1.34673450e-01
493 6 4.71238898e+00 1.32743526e-01
494 6 4.71238898e+00 1.32926550e-01
495 6 4.71238898e+00 1.35393767e-01
496 6 4.71238898e+00 1.30976586e-01
497 6 4.71238898e+00 1.32888973e-01
498 6 4.71238898e+00 1.32514062e-01
499 6 4.71238898e+00 1.33127681e-01
500 6 4.71238898e+00 1.32671785e-01
501 6 4.71238898e+00 1.32772610e-01
502 6 4.71238898e+00 1.33532510e-01
503 6 4.71238898e+00 1.34613249e-01
504 6 4.71238898e+00 1.32494098e-01
505 6 4.71238898e+00 1.31495352e-01
506 6 4.71238898e+00 1.32903512e-01
507 6 4.71238898e+00 1.32490426e-01
508 6 4.71238898e+00 1.32319218e-01
509 6 4.71238898e+00 1.33529517e-01
510 6 4.71238898e+00 1.34758938e-01
511 6 4.71238898e+00 1.33262213e-01
512 6 4.71238898e+00 1.33489191e-01
513 6 4.71238898e+00 1.34097132e-01
514 6 4.71238898e+00 1.32185936e-01
515 6 4.71238898e+00 1.34698941e-01
516 6 4.71238898e+00 1.32702052e-01
517 6 4.71238898e+00 1.31828700e-01
518 6 4.71238898e+00 1.31386860e-01
519 6 4.71238898e+00 1.32409739e-01
520 6 4.71238898e+00 1.33291880e-01
521 6 4.71238898e+00 1.29848825e-01
522 6 4.71238898e+00 1.35027089e-01
523 6 4.71238898e+00 1.30604497e-01
524 6 4.71238898e+00 1.32442969e-01
525 6 4.71238898e+00 1.34139304e-01
526 6 4.71238898e+00 1.32280924e-01
527 6 4.71238898e+00 1.32149809e-01
528 6 4.71238898e+00 1.33978495e-01
529 6 4.71238898e+00 1.33667404e-01
530 6 4.71238898e+00 1.30038962e-01
531 6 4.71238898e+00 1.31062419e-01
532 6 4.71238898e+00 1.33025917e-01
533 6 4.71238898e+00 1.33615971e-01
534 6 4.71238898e+00 1.33839586e-01
535 6 4.71238898e+00 1.34059028e-01
536 6 4.71238898e+00 1.35731576e-01
537 6 4.71238898e+00 1.35651875e-01
538 6 4.71238898e+00 1.32792604e-01
539 6 4.71238898e+00 1.34671643e-01
540 6 4.71238898e+00 1.33123053e-01
541 6 4.71238898e+00 1.33634968e-01
542 6 4.71238898e+00 1.35122482e-01
543 6 4.71238898e+00 1.32025911e-01
544 6 4.71238898e+00 1.33064264e-01
545 6 4.71238898e+00 1.32631620e-01
546 6 4.71238898e+00 1.33943960e-01
547 6 4.71238898e+00 1.35932326e-01
548 6 4.71238898e+00 1.32237023e-01
549 6 4.71238898e+00 1.31499952e-01
550 6 4.71238898e+00 1.33185852e-01
551 6 4.71238898e+00 1.32582991e-01
552 6 4.71238898e+00 1.33209084e-01
553 6 4.71238898e+00 1.33188252e-01
554 6 4.71238898e+00 1.32475785e-01
555 6 4.71238898e+00 1.31861488e-01
556 6 4.71238898e+00 1.33577547e-01
557 6 4.71238898e+00 1.34019573e-01
558 6 4.71238898e+00 1.33874194e-01
559 6 4.71238898e+00 1.33287702e-01
560 6 4.71238898e+00 1.33790471e-01
561 6 4.71238898e+00 1.31396541e-01
562 6 4.71238898e+00 1.35211279e-01
563 6 4.71238898e+00 1.33942666e-01
564 6 4.71238898e+00 1.35242811e-01
565 6 4.71238898e+00 1.33529058e-01
566 6 4.71238898e+00 1.31606421e-01
567 6 4.71238898e+00 1.33446521e-01
568 6 4.71238898e+00 1.34371889e-01
569 6 4.71238898e+00 1.33690746e-01
570 6 4.71238898e+00 1.32445095e-01
571 6 4.71238898e+00 1.31877169e-01
572 6 4.71238898e+00 1.32691856e-01
573 6 4.71238898e+00 1.32169100e-01
574 6 4.71238898e+00 1.31058421e-01
575 6 4.71238898e+00 1.33623043e-01
576 6 4.71238898e+00 1.33297301e-01
577 6 4.71238898e+00 1.31522955e-01
578 6 4.71238898e+00 1.33099624e-01
579 6 4.71238898e+00 1.32462626e-01
580 6 4.71238898e+00 1.31168136e-01
581 6 4.71238898e+00 1.31538906e-01
582 6 4.71238898e+00 1.32532926e-01
583 6 4.71238898e+00 1.34043059e-01
584 6 4.71238898e+00 1.31314840e-01
585 6 4.71238898e+00 1.33144150e-01
586 6 4.71238898e+00 1.33219419e-01
587 6 4.71238898e+00 1.34532629e-01
588 6 4.71238898e+00 1.32292433e-01
589 6 4.71238898e+00 1.33785322e-01
590 6 4.71238898e+00 1.33039869e-01
591 6 4.71238898e+00 1.32255934e-01
592 6 4.71238898e+00 1.34271303e-01
593 6 4.71238898e+00 1.33360898e-01
594 6 4.71238898e+00 1.31413725e-01
595 6 4.71238898e+00 1.31567228e-01
596 6 4.71238898e+00 1.33984390e-01
597 6 4.71238898e+00 1.33197069e-01
598 6 4.71238898e+00 1.33540178e-01
599 6 4.71238898e+00 1.33257222e-01
600 6 4.71238898e+00 1.34004555e-01
601 6 4.71238898e+00 1.34958608e-01
602 6 4.71238898e+00 1.32816012e-01
603 6 4.71238898e+00 1.33657583e-01
604 6 4.71238898e+00 1.32983406e-01
605 6 4.71238898e+00 1.33804507e-01
606 6 4.71238898e+00 1.32700215e-01
607 6 4.71238898e+00 1.32967901e-01
608 6 4.71238898e+00 1.33269091e-01
609 6 4.71238898e+00 1.29406348e-01
610 6 4.71238898e+00 1.32250153e-01
611 6 4.71238898e+00 1.32003639e-01
612 6 4.71238898e+00 1.33752273e-01
613 6 4.71238898e+00 1.32548119e-01
614 6 4.71238898e+00 1.34083331e-01
615 6 4.71238898e+00 1.30505859e-01
616 6 4.71238898e+00 1.35243158e-01
617 6 4.71238898e+00 1.35058229e-01
618 6 4.71238898e+00 1.32041532e-01
619 6 4.71238898e+00 1.33243755e-01
620 6 4.71238898e+00 1.34016053e-01
621 6 4.71238898e+00 1.31730988e-01
622 6 4.71238898e+00 1.33034926e-01
623 6 4.71238898e+00 1.34137023e-01
624 6 4.71238898e+00 1.34090228e-01
625 6 4.71238898e+00 1.33595006e-01
626 6 4.71238898e+00 1.31467264e-01
627 6 4.71238898e+00 1.33991046e-01
628 6 4.71238898e+00 1.33065087e-01
629 6 4.71238898e+00 1.31416423e-01
630 6 4.71238898e+00 1.32820182e-01
631 6 4.71238898e+00 1.32342003e-01
632 6 4.71238898e+00 1.34489628e-01
633 6 4.71238898e+00 1.32711144e-01
634 6 4.71238898e+00 1.34805176e-01
635 6 4.71238898e+00 1.31785270e-01
636 6 4.71238898e+00 1.32504746e-01
637 6 4.71238898e+00 1.29479354e-01
638 6 4.71238898e+00 1.33187067e-01
639 6 4.71238898e+00 1.32088177e-01
640 6 4.71238898e+00 1.31574057e-01
641 6 4.71238898e+00 1.34222359e-01
642 6 4.71238898e+00 1.30701975e-01
643 6 4.71238898e+00 1.33850098e-01
644 6 4.71238898e+00 1.35862658e-01
645 6 4.71238898e+00 1.30542576e-01
646 6 4.71238898e+00 1.30572269e-01
647 6 4.71238898e+00 1.30120480e-01
648 6 4.71238898e+00 1.32779572e-01
649 6 4.71238898e+00 1.30027549e-01
650 6 4.71238898e+00 1.32683794e-01
651 6 4.71238898e+00 1.32777889e-01
652 6 4.71238898e+00 1.30336760e-01
653 6 4.71238898e+00 1.34352200e-01
654 6 4.71238898e+00 1.32434524e-01
655 6 4.71238898e+00 1.32617734e-01
656 6 4.71238898e+00 1.33144932e-01
657 6 4.71238898e+00 1.33813837e-01
658 6 4.71238898e+00 1.35349369e-01
659 6 4.71238898e+00 1.32199347e-01
660 6 4.71238898e+00 1.31279087e-01
661 6 4.71238898e+00 1.32650599e-01
662 6 4.71238898e+00 1.33756457e-01
663 6 4.71238898e+00 1.34655342e-01
664 6 4.71238898e+00 1.33292823e-01
665 6 4.71238898e+00 1.31157272e-01
666 6 4.71238898e+00 1.33229479e-01
667 6 4.71238898e+00 1.32550310e-01
668 6 4.71238898e+00 1.32711477e-01
669 6 4.71238898e+00 1.32923683e-01
670 6 4.71238898e+00 1.34522745e-01
671 6 4.71238898e+00 1.33709490e-01
672 6 4.71238898e+00 1.33618642e-01
673 6 4.71238898e+00 1.35137037e-01
674 6 4.71238898e+00 1.31156555e-01
675 6 4.71238898e+00 1.32507630e-01
676 6 4.71238898e+00 1.32390807e-01
677 6 4.71238898e+00 1.33579060e-01
678 6 4.71238898e+00 1.34754764e-01
679 6 4.71238898e+00 1.32480771e-01
680 6 4.71238898e+00 1.35317382e-01
681 6 4.71238898e+00 1.32764400e-01
682 6 4.71238898e+00 1.32600887e-01
683 6 4.71238898e+00 1.30394810e-01
684 6 4.71238898e+00 1.34455704e-01
685 6 4.71238898e+00 1.33915995e-01
686 6 4.71238898e+00 1.33966316e-01
687 6 4.71238898e+00 1.33610610e-01
688 6 4.71238898e+00 1.31774572e-01
689 6 4.71238898e+00 1.31959831e-01
690 6 4.71238898e+00 1.33082600e-01
691 6 4.71238898e+00 1.32847183e-01
692 6 4.71238898e+00 1.31217467e-01
693 6 4.71238898e+00 1.33954661e-01
694 6 4.71238898e+00 1.29837125e-01
695 6 4.71238898e+00 1.31629561e-01
696 6 4.71238898e+00 1.32732234e-01
697 6 4.71238898e+00 1.34289359e-01
698 6 4.71238898e+00 1.32844734e-01
699 6 4.71238898e+00 1.31440016e-01
700 6 4.71238898e+00 1.32104731e-01
701 6 4.71238898e+00 1.33659361e-01
702 6 4.71238898e+00 1.31408632e-01
703 6 4.71238898e+00 1.37206773e-01
704 6 4.71238898e+00 1.31860444e-01
705 6 4.71238898e+00 1.33779043e-01
706 6 4.71238898e+00 1.33807320e-01
707 6 4.71238898e+00 1.31399205e-01
708 6 4.71238898e+00 1.34821387e-01
709 6 4.71238898e+00 1.33717140e-01
710 6 4.71238898e+00 1.33238140e-01
711 6 4.71238898e+00 1.34193515e-01
712 6 4.71238898e+00 1.34277368e-01
713 6 4.71238898e+00 1.31976088e-01
714 6 4.71238898e+00 1.29956612e-01
715 6 4.71238898e+00 1.33253969e-01
716 6 4.71238898e+00 1.32617478e-01
717 6 4.71238898e+00 1.31384583e-01
718 6 4.71238898e+00 1.29803546e-01
719 6 4.71238898e+00 1.31667661e-01
720 6 4.71238898e+00 1.31703218e-01
721 6 4.71238898e+00 1.34151927e-01
722 6 4.71238898e+00 1.32523718e-01
723 6 4.71238898e+00 1.33768050e-01
724 6 4.71238898e+00 1.31868888e-01
725 6 4.71238898e+00 1.31893780e-01
726 6 4.71238898e+00 1.34607320e-01
727 6 4.71238898e+00 1.32259165e-01
728 6 4.71238898e+00 1.33054611e-01
729 6 4.71238898e+00 1.35583059e-01
730 6 4.71238898e+00 1.30450686e-01
731 6 4.71238898e+00 1.32525286e-01
732 6 4.71238898e+00 1.33435110e-01
733 6 4.71238898e+00 1.32440950e-01
734 6 4.71238898e+00 1.34317537e-01
735 6 4.71238898e+00 1.35317829e-01
736 6 4.71238898e+00 1.31136272e-01
737 6 4.71238898e+00 1.32858151e-01
738 6 4.71238898e+00 1.33933335e-01
739 6 4.71238898e+00 1.32157667e-01
740 6 4.71238898e+00 1.33617631e-01
741 6 4.71238898e+00 1.32319853e-01
742 6 4.71238898e+00 1.30726108e-01
743 6 4.71238898e+00 1.34756968e-01
744 6 4.71238898e+00 1.33034849e-01
745 6 4.71238898e+00 1.33849042e-01
746 6 4.71238898e+00 1.32509542e-01
747 6 4.71238898e+00 1.34946194e-01
748 6 4.71238898e+00 1.33122342e-01
749 6 4.71238898e+00 1.33247478e-01
750 6 4.71238898e+00 1.33402132e-01
751 6 4.71238898e+00 1.38089416e-01
752 6 4.71238898e+00 1.37730843e-01
753 6 4.71238898e+00 1.34996159e-01
754 6 4.71238898e+00 1.34768784e-01
755 6 4.71238898e+00 1.32319085e-01
756 6 4.71238898e+00 1.33947620e-01
757 6 4.71238898e+00 1.32098149e-01
758 6 4.71238898e+00 1.34258647e-01
759 6 4.71238898e+00 1.32749172e-01
760 6 4.71238898e+00 1.32023621e-01
761 6 4.71238898e+00 1.33445133e-01
762 6 4.71238898e+00 1.34186751e-01
763 6 4.71238898e+00 1.35344808e-01
764 6 4.71238898e+00 1.34993769e-01
765 6 4.71238898e+00 1.34942606e-01
766 6 4.71238898e+00 1.32378989e-01
767 6 4.71238898e+00 1.30282484e-01
768 6 4.71238898e+00 1.33873569e-01
769 6 4.71238898e+00 1.33945268e-01
770 6 4.71238898e+00 1.32490373e-01
771 6 4.71238898e+00 1.33460272e-01
772 6 4.71238898e+00 1.32447758e-01
773 6 4.71238898e+00 1.31346642e-01
774 6 4.71238898e+00 1.33133557e-01
775 6 4.71238898e+00 1.34818359e-01
776 6 4.71238898e+00 1.31949005e-01
777 6 4.71238898e+00 1.33516237e-01
778 6 4.71238898e+00 1.33365317e-01
779 6 4.71238898e+00 1.33437886e-01
780 6 4.71238898e+00 1.33677320e-01
781 6 4.71238898e+00 1.32528703e-01
782 6 4.71238898e+00 1.34075761e-01
783 6 4.71238898e+00 1.30733120e-01
784 6 4.71238898e+00 1.32768810e-01
785 6 4.71238898e+00 1.32854875e-01
786 6 4.71238898e+00 1.32192040e-01
787 6 4.71238898e+00 1.31384530e-01
788 6 4.71238898e+00 1.33366291e-01
789 6 4.71238898e+00 1.32199332e-01
790 6 4.71238898e+00 1.33712301e-01
791 6 4.71238898e+00 1.33534265e-01
792 6 4.71238898e+00 1.33221578e-01
793 6 4.71238898e+00 1.31987255e-01
794 6 4.71238898e+00 1.33073934e-01
795 6 4.71238898e+00 1.32985861e-01
796 6 4.71238898e+00 1.32745630e-01
797 6 4.71238898e+00 1.32309244e-01
798 6 4.71238898e+00 1.31935337e-01
799 6 4.71238898e+00 1.30295867e-01
800 6 4.71238898e+00 1.35446449e-01
801 6 4.71238898e+00 1.35250577e-01
802 6 4.71238898e+00 1.33685243e-01
803 6 4.71238898e+00 1.36072149e-01
804 6 4.71238898e+00 1.34461828e-01
805 6 4.71238898e+00 1.33885111e-01
806 6 4.71238898e+00 1.33117514e-01
807 6 4.71238898e+00 1.34206093e-01
808 6 4.71238898e+00 1.32074741e-01
809 6 4.71238898e+00 1.34165495e-01
810 6 4.71238898e+00 1.33750588e-01
811 6 4.71238898e+00 1.33935983e-01
812 6 4.71238898e+00 1.30767166e-01
813 6 4.71238898e+00 1.34461882e-01
814 6 4.71238898e+00 1.32150570e-01
815 6 4.71238898e+00 1.34214716e-01
816 6 4.71238898e+00 1.34081108e-01
817 6 4.71238898e+00 1.34371041e-01
818 6 4.71238898e+00 1.31833474e-01
819 6 4.71238898e+00 1.34683066e-01
820 6 4.71238898e+00 1.33980826e-01
821 6 4.71238898e+00 1.29872356e-01
822 6 4.71238898e+00 1.33166491e-01
823 6 4.71238898e+00 1.32252618e-01
824 6 4.71238898e+00 1.32515310e-01
825 6 4.71238898e+00 1.32926580e-01
826 6 4.71238898e+00 1.34334162e-01
827 6 4.71238898e+00 1.33057365e-01
828 6 4.71238898e+00 1.35473919e-01
829 6 4.71238898e+00 1.31901771e-01
830 6 4.71238898e+00 1.32908267e-01
831 6 4.71238898e+00 1.31806292e-01
832 6 4.71238898e+00 1.32416216e-01
833 6 4.71238898e+00 1.34654105e-01
834 6 4.71238898e+00 1.33599281e-01
835 6 4.71238898e+00 1.31565395e-01
836 6 4.71238898e+00 1.32710335e-01
837 6 4.71238898e+00 1.33132865e-01
838 6 4.71238898e+00 1.33570044e-01
839 6 4.71238898e+00 1.31380443e-01
840 6 4.71238898e+00 1.33764135e-01
841 6 4.71238898e+00 1.31161603e-01
842 6 4.71238898e+00 1.32714690e-01
843 6 4.71238898e+00 1.34498563e-01
844 6 4.71238898e+00 1.33597275e-01
845 6 4.71238898e+00 1.32727811e-01
846 6 4.71238898e+00 1.30439191e-01
847 6 4.71238898e+00 1.31900684e-01
848 6 4.71238898e+00 1.31205941e-01
849 6 4.71238898e+00 1.32084185e-01
850 6 4.71238898e+00 1.30698833e-01
851 6 4.71238898e+00 1.32866402e-01
852 6 4.71238898e+00 1.34940427e-01
853 6 4.71238898e+00 1.34076083e-01
854 6 4.71238898e+00 1.31547585e-01
855 6 4.71238898e+00 1.33125891e-01
856 6 4.71238898e+00 1.33873289e-01
857 6 4.71238898e+00 1.33979804e-01
858 6 4.71238898e+00 1.36579679e-01
859 6 4.71238898e+00 1.34916292e-01
860 6 4.71238898e+00 1.32225791e-01
861 6 4.71238898e+00 1.29464358e-01
862 6 4.71238898e+00 1.33303292e-01
863 6 4.71238898e+00 1.34585261e-01
864 6 4.71238898e+00 1.32191088e-01
865 6 4.71238898e+00 1.31115973e-01
866 6 4.71238898e+00 1.34694836e-01
867 6 4.71238898e+00 1.31642578e-01
868 6 4.71238898e+00 1.32807195e-01
869 6 4.71238898e+00 1.31648185e-01
870 6 4.71238898e+00 1.31700262e-01
871 6 4.71238898e+00 1.33318023e-01
872 6 4.71238898e+00 1.31386190e-01
873 6 4.71238898e+00 1.31382351e-01
874 6 4.71238898e+00 1.33200572e-01
875 6 4.71238898e+00 1.34628334e-01
876 6 4.71238898e+00 1.32667641e-01
877 6 4.71238898e+00 1.31704048e-01
878 6 4.71238898e+00 1.32312549e-01
879 6 4.71238898e+00 1.31595746e-01
880 6 4.71238898e+00 1.35521747e-01
881 6 4.71238898e+00 1.32687619e-01
882 6 4.71238898e+00 1.32737110e-01
883 6 4.71238898e+00 1.31769131e-01
884 6 4.71238898e+00 1.30948465e-01
885 6 4.71238898e+00 1.33160798e-01
886 6 4.71238898e+00 1.31686278e-01
887 6 4.71238898e+00 1.35862768e-01
888 6 4.71238898e+00 1.29350480e-01
889 6 4.71238898e+00 1.33051817e-01
890 6 4.71238898e+00 1.33448236e-01
891 6 4.71238898e+00 1.35481979e-01
892 6 4.71238898e+00 1.33457712e-01
893 6 4.71238898e+00 1.32892319e-01
894 6 4.71238898e+00 1.33126665e-01
895 6 4.71238898e+00 1.31947254e-01
896 6 4.71238898e+00 1.31048068e-01
897 6 4.71238898e+00 1.32614319e-01
898 6 4.71238898e+00 1.31974859e-01
899 6 4.71238898e+00 1.31613633e-01
900 6 4.71238898e+00 1.32949632e-01
901 6 4.71238898e+00 1.32634364e-01
902 6 4.71238898e+00 1.33179730e-01
903 6 4.71238898e+00 1.33463282e-01
904 6 4.71238898e+00 1.35570807e-01
905 6 4.71238898e+00 1.31466876e-01
906 6 4.71238898e+00 1.31983080e-01
907 6 4.71238898e+00 1.32469394e-01
908 6 4.71238898e+00 1.33634153e-01
909 6 4.71238898e+00 1.34127253e-01
910 6 4.71238898e+00 1.31921868e-01
911 6 4.71238898e+00 1.32397560e-01
912 6 4.71238898e+00 1.33787332e-01
913 6 4.71238898e+00 1.33199841e-01
914 6 4.71238898e+00 1.33974754e-01
915 6 4.71238898e+00 1.33949028e-01
916 6 4.71238898e+00 1.31419719e-01
917 6 4.71238898e+00 1.32839254e-01
918 6 4.71238898e+00 1.34243776e-01
919 6 4.71238898e+00 1.33061574e-01
920 6 4.71238898e+00 1.33189476e-01
921 6 4.71238898e+00 1.32557664e-01
922 6 4.71238898e+00 1.33635599e-01
923 6 4.71238898e+00 1.29210639e-01
924 6 4.71238898e+00 1.32183785e-01
925 6 4.71238898e+00 1.36307349e-01
926 6 4.71238898e+00 1.34595885e-01
927 6 4.71238898e+00 1.34899963e-01
928 6 4.71238898e+00 1.32008028e-01
929 6 4.71238898e+00 1.32542853e-01
930 6 4.71238898e+00 1.33083911e-01
931 6 4.71238898e+00 1.31780924e-01
932 6 4.71238898e+00 1.36394469e-01
933 6 4.71238898e+00 1.31309441e-01
934 6 4.71238898e+00 1.33320045e-01
935 6 4.71238898e+00 1.34103189e-01
936 6 4.71238898e+00 1.32650390e-01
937 6 4.71238898e+00 1.32709070e-01
938 6 4.71238898e+00 1.31792983e-01
939 6 4.71238898e+00 1.32162635e-01
940 6 4.71238898e+00 1.35374305e-01
941 6 4.71238898e+00 1.32809253e-01
942 6 4.71238898e+00 1.35015524e-01
943 6 4.71238898e+00 1.32311865e-01
944 6 4.71238898e+00 1.31144134e-01
945 6 4.71238898e+00 1.32691885e-01
946 6 4.71238898e+00 1.33713068e-01
947 6 4.71238898e+00 1.35132134e-01
948 6 4.71238898e+00 1.33087287e-01
949 6 4.71238898e+00 1.31573709e-01
950 6 4.71238898e+00 1.32427220e-01
951 6 4.71238898e+00 1.32355961e-01
952 6 4.71238898e+00 1.32618799e-01
953 6 4.71238898e+00 1.35479538e-01
954 6 4.71238898e+00 1.32307167e-01
955 6 4.71238898e+00 1.33328332e-01
956 6 4.71238898e+00 1.34167230e-01
957 6 4.71238898e+00 1.34478777e-01
958 6 4.71238898e+00 1.33609357e-01
959 6 4.71238898e+00 1.34508943e-01
960 6 4.71238898e+00 1.30947766e-01
961 6 4.71238898e+00 1.32354445e-01
962 6 4.71238898e+00 1.32902518e-01
963 6 4.71238898e+00 1.32894190e-01
964 6 4.71238898e+00 1.33740480e-01
965 6 4.71238898e+00 1.32516058e-01
966 6 4.71238898e+00 1.32088860e-01
967 6 4.71238898e+00 1.33080595e-01
968 6 4.71238898e+00 1.34156493e-01
969 6 4.71238898e+00 1.32402031e-01
970 6 4.71238898e+00 1.34267886e-01
971 6 4.71238898e+00 1.32116455e-01
972 6 4.71238898e+00 1.31396036e-01
973 6 4.71238898e+00 1.33283691e-01
974 6 4.71238898e+00 1.34374270e-01
975 6 4.71238898e+00 1.34142081e-01
976 6 4.71238898e+00 1.31112973e-01
977 6 4.71238898e+00 1.34820688e-01
978 6 4.71238898e+00 1.32052181e-01
979 6 4.71238898e+00 1.32416039e-01
980 6 4.71238898e+00 1.30522631e-01
981 6 4.71238898e+00 1.32669428e-01
982 6 4.71238898e+00 1.34325589e-01
983 6 4.71238898e+00 1.33649893e-01
984 6 4.71238898e+00 1.33929209e-01
985 6 4.71238898e+00 1.33662388e-01
986 6 4.71238898e+00 1.34807588e-01
987 6 4.71238898e+00 1.33479863e-01
988 6 4.71238898e+00 1.33597424e-01
989 6 4.71238898e+00 1.34589058e-01
990 6 4.71238898e+00 1.31328639e-01
991 6 4.71238898e+00 1.31331780e-01
992 6 4.71238898e+00 1.32050541e-01
993 6 4.71238898e+00 1.33350852e-01
994 6 4.71238898e+00 1.31303026e-01
995 6 4.71238898e+00 1.32880183e-01
996 6 4.71238898e+00 1.32075406e-01
997 6 4.71238898e+00 1.31620304e-01
998 6 4.71238898e+00 1.34353185e-01
999 6 4.71238898e+00 1.32254445e-01
1000 6 4.71238898e+00 1.32159229e-01
1001 6 4.71238898e+00 1.32369192e-01
1002 6 4.71238898e+00 1.32030617e-01
1003 6 4.71238898e+00 1.31885805e-01
1004 6 4.71238898e+00 1.34082947e-01
1005 6 4.71238898e+00 1.32265131e-01
1006 6 4.71238898e+00 1.33573543e-01
1007 6 4.71238898e+00 1.32776009e-01
1008 6 4.71238898e+00 1.30950492e-01
1009 6 4.71238898e+00 1.31410077e-01
1010 6 4.71238898e+00 1.32934379e-01
1011 6 4.71238898e+00 1.34409785e-01
1012 6 4.71238898e+00 1.32304964e-01
0 7 5.49778714e+00 1.21424160e-01
1 7 5.49778714e+00 1.22312280e-01
2 7 5.49778714e+00 1.25714983e-01
3 7 5.49778714e+00 1.19715561e-01
4 7 5.49778714e+00 1.23275884e-01
5 7 5.49778714e+00 1.20460035e-01
6 7 5.49778714e+00 1.26958320e-01
7 7 5.49778714e+00 1.27653086e-01
8 7 5.49778714e+00 1.20904699e-01
9 7 5.49778714e+00 1.22215859e-01
10 7 5.49778714e+00 1.20006641e-01
11 7 5.49778714e+00 1.21457446e-01
12 7 5.49778714e+00 1.25860784e-01
13 7 5.49778714e+00 1.23825416e-01
14 7 5.49778714e+00 1.25392641e-01
15 7 5.49778714e+00 1.23668315e-01
16 7 5.49778714e+00 1.24646835e-01
17 7 5.49778714e+00 1.22728928e-01
18 7 5.49778714e+00 1.22247863e-01
19 7 5.49778714e+00 1.23844640e-01
20 7 5.49778714e+00 1.23800828e-01
21 7 5.49778714e+00 1.22164580e-01
22 7 5.49778714e+00 1.21193150e-01
23 7 5.49778714e+00 1.22157234e-01
24 7 5.49778714e+00 1.23267173e-01
25 7 5.49778714e+00 1.22707984e-01
26 7 5.49778714e+00 1.23725180e-01
27 7 5.49778714e+00 1.20149229e-01
28 7 5.49778714e+00 1.21883836e-01
29 7 5.49778714e+00 1.23920225e-01
30 7 5.49778714e+00 1.18707953e-01
31 7 5.49778714e+00 1.22101511e-01
32 7 5.49778714e+00 1.24396390e-01
33 7 5.49778714e+00 1.21416432e-01
34 7 5.49778714e+00 1.22159374e-01
35 7 5.49778714e+00 1.22620330e-01
36 7 5.49778714e+00 1.20411051e-01
37 7 5.49778714e+00 1.20119885e-01
38 7 5.49778714e+00 1.25283560e-01
39 7 5.49778714e+00 1.23874643e-01
40 7 5.49778714e+00 1.21309119e-01
41 7 5.49778714e+00 1.20680271e-01
42 7 5.49778714e+00 1.21479060e-01
43 7 5.49778714e+00 1.22922679e-01
44 7 5.49778714e+00 1.24336210e-01
45 7 5.49778714e+00 1.23594362e-01
46 7 5.49778714e+00 1.21012455e-01
47 7 5.49778714e+00 1.20846823e-01
48 7 5.49778714e+00 1.22993033e-01
49 7 5.49778714e+00 1.18955948e-01
50 7 5.49778714e+00 1.23642907e-01
51 7 5.49778714e+00 1.23016640e-01
52 7 5.49778714e+00 1.25043232e-01
53 7 5.49778714e+00 1.23443253e-01
54 7 5.49778714e+00 1.24998455e-01
55 7 5.49778714e+00 1.22479341e-01
56 7 5.49778714e+00 1.21599162e-01
57 7 5.49778714e+00 1.20146796e-01
58 7 5.49778714e+00 1.23289907e-01
59 7 5.49778714e+00 1.23609382e-01
60 7 5.49778714e+00 1.20510540e-01
61 7 5.49778714e+00 1.20395928e-01
62 7 5.49778714e+00 1.25345615e-01
63 7 5.49778714e+00 1.23138377e-01
64 7 5.49778714e+00 1.20554000e-01
65 7 5.49778714e+00 1.23372474e-01
66 7 5.49778714e+00 1.20873320e-01
67 7 5.49778714e+00 1.22622790e-01
68 7 5.49778714e+00 1.25363964e-01
69 7 5.49778714e+00 1.21716723e-01
70 7 5.49778714e+00 1.20858152e-01
71 7 5.49778714e+00 1.24280730e-01
72 7 5.49778714e+00 1.24366118e-01
73 7 5.49778714e+00 1.24840306e-01
74 7 5.49778714e+00 1.19394514e-01
75 7 5.49778714e+00 1.21035416e-01
76 7 5.49778714e+00 1.23034390e-01
77 7 5.49778714e+00 1.19375370e-01
78 7 5.49778714e+00 1.24189689e-01
79 7 5.49778714e+00 1.24601336e-01
80 7 5.49778714e+00 1.20553165e-01
81 7 5.49778714e+00 1.22260032e-01
82 7 5.49778714e+00 1.22435544e-01
83 7 5.49778714e+00 1.20143547e-01
84 7 5.49778714e+00 1.20815726e-01
85 7 5.49778714e+00 1.23176904e-01
86 7 5.49778714e+00 1.20343513e-01
87 7 5.49778714e+00 1.18935734e-01
88 7 5.49778714e+00 1.23117539e-01
89 7 5.49778714e+00 1.22546779e-01
90 7 5.49778714e+00 1.24657495e-01
91 7 5.49778714e+00 1.22548965e-01
92 7 5.49778714e+00 1.21807170e-01
93 7 5.49778714e+00 1.25338308e-01
94 7 5.49778714e+00 1.23913862e-01
95 7 5.49778714e+00 1.18796936e-01
96 7 5.49778714e+00 1.24493532e-01
97 7 5.49778714e+00 1.24781641e-01
98 7 5.49778714e+00 1.24188478e-01
99 7 5.49778714e+00 1.25176593e-01
100 7 5.49778714e+00 1.21395438e-01
101 7 5.49778714e+00 1.23564553e-01
102 7 5.49778714e+00 1.22309375e-01
103 7 5.49778714e+00 1.21743886e-01
104 7 5.49778714e+00 1.23791131e-01
105 7 5.49778714e+00 1.20299959e-01
106 7 5.49778714e+00 1.24010939e-01
107 7 5.49778714e+00 1.25344236e-01
108 7 5.49778714e+00 1.21051568e-01
109 7 5.49778714e+00 1.24395562e-01
110 7 5.49778714e+00 1.19074438e-01
111 7 5.49778714e+00 1.21836922e-01
112 7 5.49778714e+00 1.21237524e-01
113 7 5.49778714e+00 1.20215713e-01
114 7 5.49778714e+00 1.25257332e-01
115 7 5.49778714e+00 1.24797671e-01
116 7 5.49778714e+00 1.23594824e-01
117 7 5.49778714e+00 1.24007886e-01
118 7 5.49778714e+00 1.23802910e-01
119 7 5.49778714e+00 1.23072478e-01
120 7 5.49778714e+00 1.22109094e-01
121 7 5.49778714e+00 1.19710175e-01
122 7 5.49778714e+00 1.20841289e-01
123 7 5.49778714e+00 1.21055460e-01
124 7 5.49778714e+00 1.23899615e-01
125 7 5.49778714e+00 1.25962386e-01
126 7 5.49778714e+00 1.23386179e-01
127 7 5.49778714e+00 1.21268789e-01
128 7 5.49778714e+00 1.21021045e-01
129 7 5.49778714e+00 1.22864609e-01
130 7 5.49778714e+00 1.25895730e-01
131 7 5.49778714e+00 1.18252192e-01
132 7 5.49778714e+00 1.24930782e-01
133 7 5.49778714e+00 1.23445982e-01
134 7 5.49778714e+00 1.22405404e-01
135 7 5.49778714e+00 1.20074707e-01
136 7 5.49778714e+00 1.20922306e-01
137 7 5.49778714e+00 1.21555671e-01
138 7 5.49778714e+00 1.21364669e-01
139 7 5.49778714e+00 1.22176790e-01
140 7 5.49778714e+00 1.23068824e-01
141 7 5.49778714e+00 1.23250278e-01
142 7 5.49778714e+00 1.20646416e-01
143 7 5.49778714e+00 1.22894160e-01
144 7 5.49778714e+00 1.24457660e-01
145 7 5.49778714e+00 1.21069895e-01
146 7 5.49778714e+00 1.22497101e-01
147 7 5.49778714e+00 1.20631575e-01
148 7 5.49778714e+00 1.22229527e-01
149 7 5.49778714e+00 1.21371563e-01
150 7 5.49778714e+00 1.24894154e-01
151 7 5.49778714e+00 1.22558553e-01
152 7 5.49778714e+00 1.23459915e-01
153 7 5.49778714e+00 1.25364710e-01
154 7 5.49778714e+00 1.23949231e-01
155 7 5.49778714e+00 1.21277992e-01
156 7 5.49778714e+00 1.24675442e-01
157 7 5.49778714e+00 1.23357526e-01
158 7 5.49778714e+00 1.21678379e-01
159 7 5.49778714e+00 1.23058069e-01
160 7 5.49778714e+00 1.22071851e-01
161 7 5.49778714e+00 1.23334095e-01
162 7 5.49778714e+00 1.22359481e-01
163 7 5.49778714e+00 1.22324841e-01
164 7 5.49778714e+00 1.23220716e-01
165 7 5.49778714e+00 1.26384130e-01
166 7 5.49778714e+00 1.22104398e-01
167 7 5.49778714e+00 1.22799325e-01
168 7 5.49778714e+00 1.20643657e-01
169 7 5.49778714e+00 1.21280309e-01
170 7 5.49778714e+00 1.23617334e-01
171 7 5.49778714e+00 1.23711105e-01
172 7 5.49778714e+00 1.23735086e-01
173 7 5.49778714e+00 1.22286895e-01
174 7 5.49778714e+00 1.21483480e-01
175 7 5.49778714e+00 1.22613447e-01
176 7 5.49778714e+00 1.25359331e-01
177 7 5.49778714e+00 1.22623114e-01
178 7 5.49778714e+00 1.20794657e-01
179 7 5.49778714e+00 1.23498553e-01
180 7 5.49778714e+00 1.22784126e-01
181 7 5.49778714e+00 1.23318760e-01
182 7 5.49778714e+00 1.21051773e-01
183 7 5.49778714e+00 1.21312644e-01
184 7 5.49778714e+00 1.21381436e-01
185 7 5.49778714e+00 1.19892091e-01
186 7 5.49778714e+00 1.18984026e-01
187 7 5.49778714e+00 1.23226506e-01
188 7 5.49778714e+00 1.21495380e-01
189 7 5.49778714e+00 1.21436933e-01
190 7 5.49778714e+00 1.24282665e-01
191 7 5.49778714e+00 1.20864238e-01
192 7 5.49778714e+00 1.26976364e-01
193 7 5.49778714e+00 1.23556306e-01
194 7 5.49778714e+00 1.19907367e-01
195 7 5.49778714e+00 1.22042425e-01
196 7 5.49778714e+00 1.23597450e-01
197 7 5.49778714e+00 1.23315582e-01
198 7 5.49778714e+00 1.20395061e-01
199 7 5.49778714e+00 1.21498977e-01
200 7 5.49778714e+00 1.19751198e-01
201 7 5.49778714e+00 1.24428994e-01
202 7 5.49778714e+00 1.22794108e-01
203 7 5.49778714e+00 1.21726694e-01
204 7 5.49778714e+00 1.20445845e-01
205 7 5.49778714e+00 1.22461328e-01
206 7 5.49778714e+00 1.22589929e-01
207 7 5.49778714e+00 1.23006005e-01
208 7 5.49778714e+00 1.20447795e-01
209 7 5.49778714e+00 1.18503806e-01
210 7 5.49778714e+00 1.17206516e-01
211 7 5.49778714e+00 1.22857864e-01
212 7 5.49778714e+00 1.22987617e-01
213 7 5.49778714e+00 1.17857737e-01
214 7 5.49778714e+00 1.23305553e-01
215 7 5.49778714e+00 1.21891984e-01
216 7 5.49778714e+00 1.18562923e-01
217 7 5.49778714e+00 1.23440490e-01
218 7 5.49778714e+00 1.21291670e-01
219 7 5.49778714e+00 1.25340376e-01
220 7 5.49778714e+00 1.21823655e-01
221 7 5.49778714e+00 1.21723940e-01
222 7 5.49778714e+00 1.22855512e-01
223 7 5.49778714e+00 1.22599660e-01
224 7 5.49778714e+00 1.20357366e-01
225 7 5.49778714e+00 1.21036340e-01
226 7 5.49778714e+00 1.23800244e-01
227 7 5.49778714e+00 1.23515315e-01
228 7 5.49778714e+00 1.23334017e-01
229 7 5.49778714e+00 1.20594756e-01
230 7 5.49778714e+00 1.23477920e-01
231 7 5.49778714e+00 1.22256907e-01
232 7 5.49778714e+00 1.18577248e-01
233 7 5.49778714e+00 1.20797019e-01
234 7 5.49778714e+00 1.22802044e-01
235 7 5.49778714e+00 1.21183611e-01
236 7 5.49778714e+00 1.24906452e-01
237 7 5.49778714e+00 1.25104876e-01
238 7 5.49778714e+00 1.23325498e-01
239 7 5.49778714e+00 1.25809351e-01
240 7 5.49778714e+00 1.22044140e-01
241 7 5.49778714e+00 1.23154053e-01
242 7 5.49778714e+00 1.21658077e-01
243 7 5.49778714e+00 1.27369332e-01
244 7 5.49778714e+00 1.20423594e-01
245 7 5.49778714e+00 1.27858289e-01
246 7 5.49778714e+00 1.25739742e-01
247 7 5.49778714e+00 1.22704789e-01
248 7 5.49778714e+00 1.21477848e-01
249 7 5.49778714e+00 1.24181045e-01
250 7 5.49778714e+00 1.22808182e-01
251 7 5.49778714e+00 1.19346227e-01
252 7 5.49778714e+00 1.23726424e-01
253 7 5.49778714e+00 1.23487517e-01
254 7 5.49778714e+00 1.20161480e-01
255 7 5.49778714e+00 1.23263457e-01
256 7 5.49778714e+00 1.23243239e-01
257 7 5.49778714e+00 1.21651116e-01
258 7 5.49778714e+00 1.22397710e-01
259 7 5.49778714e+00 1.24293308e-01
260 7 5.49778714e+00 1.21503197e-01
261 7 5.49778714e+00 1.26766719e-01
262 7 5.49778714e+00 1.20621183e-01
263 7 5.49778714e+00 1.20673633e-01
264 7 5.49778714e+00 1.22072291e-01
265 7 5.49778714e+00 1.24299270e-01
266 7 5.49778714e+00 1.20342211e-01
267 7 5.49778714e+00 1.20234049e-01
268 7 5.49778714e+00 1.25024805e-01
269 7 5.49778714e+00 1.20357021e-01
270 7 5.49778714e+00 1.23990866e-01
271 7 5.49778714e+00 1.25320240e-01
272 7 5.49778714e+00 1.21115553e-01
273 7 5.49778714e+00 1.21889937e-01
274 7 5.49778714e+00 1.22041206e-01
275 7 5.49778714e+00 1.21822528e-01
276 7 5.49778714e+00 1.23462189e-01
277 7 5.49778714e+00 1.24990964e-01
278 7 5.49778714e+00 1.23353815e-01
279 7 5.49778714e+00 1.24686085e-01
280 7 5.49778714e+00 1.21958212e-01
281 7 5.49778714e+00 1.22891851e-01
282 7 5.49778714e+00 1.21588182e-01
283 7 5.49778714e+00 1.22239931e-01
284 7 5.49778714e+00 1.22620325e-01
285 7 5.49778714e+00 1.23367516e-01
286 7 5.49778714e+00 1.25302625e-01
287 7 5.49778714e+00 1.23774409e-01
288 7 5.49778714e+00 1.21802443e-01
289 7 5.49778714e+00 1.22663175e-01
290 7 5.49778714e+00 1.22726718e-01
291 7 5.49778714e+00 1.22212161e-01
292 7 5.49778714e+00 1.17942062e-01
293 7 5.49778714e+00 1.22576703e-01
294 7 5.49778714e+00 1.23990069e-01
295 7 5.49778714e+00 1.24221328e-01
296 7 5.49778714e+00 1.22892670e-01
297 7 5.49778714e+00 1.23109960e-01
298 7 5.49778714e+00 1.23502340e-01
299 7 5.49778714e+00 1.24432595e-01
300 7 5.49778714e+00 1.22757026e-01
301 7 5.49778714e+00 1.21162437e-01
302 7 5.49778714e+00 1.22135354e-01
303 7 5.49778714e+00 1.26186294e-01
304 7 5.49778714e+00 1.26761546e-01
305 7 5.49778714e+00 1.22878168e-01
306 7 5.49778714e+00 1.23557798e-01
307 7 5.49778714e+00 1.23247292e-01
308 7 5.49778714e+00 1.21907274e-01
309 7 5.49778714e+00 1.23448724e-01
310 7 5.49778714e+00 1.24567430e-01
311 7 5.49778714e+00 1.26615135e-01
312 7 5.49778714e+00 1.25291305e-01
313 7 5.49778714e+00 1.22196610e-01
314 7 5.49778714e+00 1.18834539e-01
315 7 5.49778714e+00 1.19353046e-01
316 7 5.49778714e+00 1.21975755e-01
317 7 5.49778714e+00 1.23541677e-01
318 7 5.49778714e+00 1.22783264e-01
319 7 5.49778714e+00 1.24563986e-01
320 7 5.49778714e+00 1.19929391e-01
321 7 5.49778714e+00 1.19730760e-01
322 7 5.49778714e+00 1.20235581e-01
323 7 5.49778714e+00 1.22981059e-01
324 7 5.49778714e+00 1.24230915e-01
325 7 5.49778714e+00 1.22339050e-01
326 7 5.49778714e+00 1.21157127e-01
327 7 5.49778714e+00 1.22983067e-01
328 7 5.49778714e+00 1.19471715e-01
329 7 5.49778714e+00 1.21591782e-01
330 7 5.49778714e+00 1.22764210e-01
331 7 5.49778714e+00 1.18794753e-01
332 7 5.49778714e+00 1.22946253e-01
333 7 5.49778714e+00 1.20856354e-01
334 7 5.49778714e+00 1.20997554e-01
335 7 5.49778714e+00 1.22665710e-01
336 7 5.49778714e+00 1.21074324e-01
337 7 5.49778714e+00 1.21491929e-01
338 7 5.49778714e+00 1.22026830e-01
339 7 5.49778714e+00 1.23171639e-01
340 7 5.49778714e+00 1.24016980e-01
341 7 5.49778714e+00 1.23270390e-01
342 7 5.49778714e+00 1.26556448e-01
343 7 5.49778714e+00 1.27168617e-01
344 7 5.49778714e+00 1.23769353e-01
345 7 5.49778714e+00 1.21846401e-01
346 7 5.49778714e+00 1.24105085e-01
347 7 5.49778714e+00 1.19876420e-01
348 7 5.49778714e+00 1.23174724e-01
349 7 5.49778714e+00 1.22037984e-01
350 7 5.49778714e+00 1.24282320e-01
351 7 5.49778714e+00 1.25267926e-01
352 7 5.49778714e+00 1.19988027e-01
353 7 5.49778714e+00 1.22036040e-01
354 7 5.49778714e+00 1.22972989e-01
355 7 5.49778714e+00 1.24731065e-01
356 7 5.49778714e+00 1.25272131e-01
357 7 5.49778714e+00 1.21422072e-01
358 7 5.49778714e+00 1.23533620e-01
359 7 5.49778714e+00 1.21732979e-01
360 7 5.49778714e+00 1.21544608e-01
361 7 5.49778714e+00 1.25355997e-01
362 7 5.49778714e+00 1.20743852e-01
363 7 5.49778714e+00 1.19919318e-01
364 7 5.49778714e+00 1.22180823e-01
365 7 5.49778714e+00 1.21036023e-01
366 7 5.49778714e+00 1.25128694e-01
367 7 5.49778714e+00 1.23518208e-01
368 7 5.49778714e+00 1.21315252e-01
369 7 5.49778714e+00 1.24512898e-01
370 7 5.49778714e+00 1.21924742e-01
371 7 5.49778714e+00 1.21759859e-01
372 7 5.49778714e+00 1.23073817e-01
373 7 5.49778714e+00 1.24290251e-01
374 7 5.49778714e+00 1.21468564e-01
375 7 5.49778714e+00 1.23690387e-01
376 7 5.49778714e+00 1.23374297e-01
377 7 5.49778714e+00 1.23931701e-01
378 7 5.49778714e+00 1.24908161e-01
379 7 5.49778714e+00 1.21526972e-01
380 7 5.49778714e+00 1.23680670e-01
381 7 5.49778714e+00 1.22233402e-01
382 7 5.49778714e+00 1.23027338e-01
383 7 5.49778714e+00 1.24028419e-01
384 7 5.49778714e+00 1.24222022e-01
385 7 5.49778714e+00 1.24739035e-01
386 7 5.49778714e+00 1.19895123e-01
387 7 5.49778714e+00 1.24397383e-01
388 7 5.49778714e+00 1.21251206e-01
389 7 5.49778714e+00 1.21175984e-01
390 7 5.49778714e+00 1.23833128e-01
391 7 5.49778714e+00 1.20038615e-01
392 7 5.49778714e+00 1.25485989e-01
393 7 5.49778714e+00 1.22666605e-01
394 7 5.49778714e+00 1.23048293e-01
395 7 5.49778714e+00 1.21970963e-01
396 7 5.49778714e+00 1.22914974e-01
397 7 5.49778714e+00 1.25128044e-01
398 7 5.49778714e+00 1.26201611e-01
399 7 5.49778714e+00 1.22405191e-01
400 7 5.49778714e+00 1.21319817e-01
401 7 5.49778714e+00 1.23318880e-01
402 7 5.49778714e+00 1.24410257e-01
403 7 5.49778714e+00 1.25585774e-01
404 7 5.49778714e+00 1.24141621e-01
405 7 5.49778714e+00 1.23728637e-01
406 7 5.49778714e+00 1.18101805e-01
407 7 5.49778714e+00 1.25131710e-01
408 7 5.49778714e+00 1.22545059e-01
409 7 5.49778714e+00 1.24413744e-01
410 7 5.49778714e+00 1.18920115e-01
411 7 5.49778714e+00 1.22925174e-01
412 7 5.49778714e+00 1.23346142e-01
413 7 5.49778714e+00 1.27744175e-01
414 7 5.49778714e+00 1.22256492e-01
415 7 5.49778714e+00 1.21917033e-01
416 7 5.49778714e+00 1.24781756e-01
417 7 5.49778714e+00 1.23114842e-01
418 7 5.49778714e+00 1.23947396e-01
419 7 5.49778714e+00 1.24811014e-01
420 7 5.49778714e+00 1.21018501e-01
421 7 5.49778714e+00 1.23669438e-01
422 7 5.49778714e+00 1.20393150e-01
423 7 5.49778714e+00 1.23475605e-01
424 7 5.49778714e+00 1.21000044e-01
425 7 5.49778714e+00 1.24114531e-01
426 7 5.49778714e+00 1.21573403e-01
427 7 5.49778714e+00 1.21540761e-01
428 7 5.49778714e+00 1.22334975e-01
429 7 5.49778714e+00 1.23745794e-01
430 7 5.49778714e+00 1.21666638e-01
431 7 5.49778714e+00 1.22672013e-01
432 7 5.49778714e+00 1.21172092e-01
433 7 5.49778714e+00 1.23043977e-01
434 7 5.49778714e+00 1.22351505e-01
435 7 5.49778714e+00 1.23023240e-01
436 7 5.49778714e+00 1.24218731e-01
437 7 5.49778714e+00 1.22814020e-01
438 7 5.49778714e+00 1.22539330e-01
439 7 5.49778714e+00 1.22797271e-01
440 7 5.49778714e+00 1.20634757e-01
441 7 5.49778714e+00 1.19065931e-01
442 7 5.49778714e+00 1.24145378e-01
443 7 5.49778714e+00 1.19352759e-01
444 7 5.49778714e+00 1.23790326e-01
445 7 5.49778714e+00 1.20910670e-01
446 7 5.49778714e+00 1.21988318e-01
447 7 5.49778714e+00 1.23388566e-01
448 7 5.49778714e+00 1.24513851e-01
449 7 5.49778714e+00 1.24789943e-01
450 7 5.49778714e+00 1.25324276e-01
451 7 5.49778714e+00 1.24226878e-01
452 7 5.49778714e+00 1.25333860e-01
453 7 5.49778714e+00 1.25694068e-01
454 7 5.49778714e+00 1.24040010e-01
455 7 5.49778714e+00 1.21374205e-01
456 7 5.49778714e+00 1.21187033e-01
457 7 5.49778714e+00 1.23683656e-01
458 7 5.49778714e+00 1.24621932e-01
459 7 5.49778714e+00 1.23182272e-01
460 7 5.49778714e+00 1.22278009e-01
461 7 5.49778714e+00 1.23349978e-01
462 7 5.49778714e+00 1.22690713e-01
463 7 5.49778714e+00 1.23900416e-01
464 7 5.49778714e+00 1.23165027e-01
465 7 5.49778714e+00 1.22116213e-01
466 7 5.49778714e+00 1.20320186e-01
467 7 5.49778714e+00 1.20389480e-01
468 7 5.49778714e+00 1.20479520e-01
469 7 5.49778714e+00 1.20351461e-01
470 7 5.49778714e+00 1.22124586e-01
471 7 5.49778714e+00 1.22069012e-01
472 7 5.49778714e+00 1.23876391e-01
473 7 5.49778714e+00 1.23927832e-01
474 7 5.49778714e+00 1.23574752e-01
475 7 5.49778714e+00 1.21717349e-01
476 7 5.49778714e+00 1.20117676e-01
477 7 5.49778714e+00 1.22651681e-01
478 7 5.49778714e+00 1.23052950e-01
479 7 5.49778714e+00 1.19622870e-01
480 7 5.49778714e+00 1.17894406e-01
481 7 5.49778714e+00 1.21765870e-01
482 7 5.49778714e+00 1.19861626e-01
483 7 5.49778714e+00 1.23210186e-01
484 7 5.49778714e+00 1.22210695e-01
485 7 5.49778714e+00 1.21880320e-01
486 7 5.49778714e+00 1.24188000e-01
487 7 5.49778714e+00 1.24696953e-01
488 7 5.49778714e+00 1.20922517e-01
489 7 5.49778714e+00 1.23159466e-01
490 7 5.49778714e+00 1.22023981e-01
491 7 5.49778714e+00 1.23298277e-01
492 7 5.49778714e+00 1.25653993e-01
493 7 5.49778714e+00 1.22086994e-01
494 7 5.49778714e+00 1.22703469e-01
495 7 5.49778714e+00 1.26249747e-01
496 7 5.49778714e+00 1.20420868e-01
497 7 5.49778714e+00 1.22530096e-01
498 7 5.49778714e+00 1.21341866e-01
499 7 5.49778714e+00 1.22555079e-01
500 7 5.49778714e+00 1.22216011e-01
501 7 5.49778714e+00 1.22211725e-01
502 7 5.49778714e+00 1.23796892e-01
503 7 5.49778714e+00 1.24583968e-01
504 7 5.49778714e+00 1.21846791e-01
505 7 5.49778714e+00 1.20447904e-01
506 7 5.49778714e+00 1.22516181e-01
507 7 5.49778714e+00 1.22269956e-01
508 7 5.49778714e+00 1.21120341e-01
509 7 5.49778714e+00 1.22935342e-01
510 7 5.49778714e+00 1.25423960e-01
511 7 5.49778714e+00 1.24057509e-01
512 7 5.49778714e+00 1.23378089e-01
513 7 5.49778714e+00 1.23571861e-01
514 7 5.49778714e+00 1.20873872e-01
515 7 5.49778714e+00 1.24250966e-01
516 7 5.49778714e+00 1.21854464e-01
517 7 5.49778714e+00 1.21334870e-01
518 7 5.49778714e+00 1.20839791e-01
519 7 5.49778714e+00 1.21838145e-01
520 7 5.49778714e+00 1.23141275e-01
521 7 5.49778714e+00 1.18884129e-01
522 7 5.49778714e+00 1.25161654e-01
523 7 5.49778714e+00 1.19114453e-01
524 7 5.49778714e+00 1.21804640e-01
525 7 5.49778714e+00 1.24281652e-01
526 7 5.49778714e+00 1.21634616e-01
527 7 5.49778714e+00 1.20944054e-01
528 7 5.49778714e+00 1.23845161e-01
529 7 5.49778714e+00 1.23552390e-01
530 7 5.49778714e+00 1.18286156e-01
531 7 5.49778714e+00 1.19172953e-01
532 7 5.49778714e+00 1.22153052e-01
533 7 5.49778714e+00 1.22745840e-01
534 7 5.49778714e+00 1.22977099e-01
535 7 5.49778714e+00 1.23736172e-01
536 7 5.49778714e+00 1.26232603e-01
537 7 5.49778714e+00 1.25963689e-01
538 7 5.49778714e+00 1.22422543e-01
539 7 5.49778714e+00 1.24863612e-01
540 7 5.49778714e+00 1.22548167e-01
541 7 5.49778714e+00 1.23503301e-01
542 7 5.49778714e+00 1.25972239e-01
543 7 5.49778714e+00 1.21186808e-01
544 7 5.49778714e+00 1.23259776e-01
545 7 5.49778714e+00 1.22400436e-01
546 7 5.49778714e+00 1.23796786e-01
547 7 5.49778714e+00 1.26070960e-01
548 7 5.49778714e+00 1.21183743e-01
549 7 5.49778714e+00 1.20572962e-01
550 7 5.49778714e+00 1.23593184e-01
551 7 5.49778714e+00 1.21452174e-01
552 7 5.49778714e+00 1.23154428e-01
553 7 5.49778714e+00 1.22296921e-01
554 7 5.49778714e+00 1.21855755e-01
555 7 5.49778714e+00 1.21175965e-01
556 7 5.49778714e+00 1.22997552e-01
557 7 5.49778714e+00 1.23894476e-01
558 7 5.49778714e+00 1.23305864e-01
559 7 5.49778714e+00 1.22549434e-01
560 7 5.49778714e+00 1.23499109e-01
561 7 5.49778714e+00 1.20796999e-01
562 7 5.49778714e+00 1.25702507e-01
563 7 5.49778714e+00 1.23458518e-01
564 7 5.49778714e+00 1.25633172e-01
565 7 5.49778714e+00 1.23153476e-01
566 7 5.49778714e+00 1.20594125e-01
567 7 5.49778714e+00 1.22440974e-01
568 7 5.49778714e+00 1.24290434e-01
569 7 5.49778714e+00 1.22948172e-01
570 7 5.49778714e+00 1.20812712e-01
571 7 5.49778714e+00 1.21420776e-01
572 7 5.49778714e+00 1.21705344e-01
573 7 5.49778714e+00 1.22424012e-01
574 7 5.49778714e+00 1.20114587e-01
575 7 5.49778714e+00 1.23056471e-01
576 7 5.49778714e+00 1.23445389e-01
577 7 5.49778714e+00 1.20788154e-01
578 7 5.49778714e+00 1.22083389e-01
579 7 5.49778714e+00 1.21990455e-01
580 7 5.49778714e+00 1.20994762e-01
581 7 5.49778714e+00 1.20932170e-01
582 7 5.49778714e+00 1.21823679e-01
583 7 5.49778714e+00 1.24445791e-01
584 7 5.49778714e+00 1.20440267e-01
585 7 5.49778714e+00 1.22681002e-01
586 7 5.49778714e+00 1.23186725e-01
587 7 5.49778714e+00 1.24673350e-01
588 7 5.49778714e+00 1.21813331e-01
589 7 5.49778714e+00 1.23732254e-01
590 7 5.49778714e+00 1.21948008e-01
591 7 5.49778714e+00 1.21078555e-01
592 7 5.49778714e+00 1.24302862e-01
593 7 5.49778714e+00 1.24383147e-01
594 7 5.49778714e+00 1.20704906e-01
595 7 5.49778714e+00 1.21108933e-01
596 7 5.49778714e+00 1.23703512e-01
597 7 5.49778714e+00 1.22609985e-01
598 7 5.49778714e+00 1.23038112e-01
599 7 5.49778714e+00 1.22374873e-01
600 7 5.49778714e+00 1.23534283e-01
601 7 5.49778714e+00 1.24958109e-01
602 7 5.49778714e+00 1.22764466e-01
603 7 5.49778714e+00 1.23463323e-01
604 7 5.49778714e+00 1.22428863e-01
605 7 5.49778714e+00 1.23567246e-01
606 7 5.49778714e+00 1.22395399e-01
607 7 5.49778714e+00 1.22695168e-01
608 7 5.49778714e+00 1.22907602e-01
609 7 5.49778714e+00 1.17892457e-01
610 7 5.49778714e+00 1.21864866e-01
611 7 5.49778714e+00 1.21740467e-01
612 7 5.49778714e+00 1.23788892e-01
613 7 5.49778714e+00 1.21537031e-01
614 7 5.49778714e+00 1.23637356e-01
615 7 5.49778714e+00 1.19077858e-01
616 7 5.49778714e+00 1.25303412e-01
617 7 5.49778714e+00 1.24714241e-01
618 7 5.49778714e+00 1.21578545e-01
619 7 5.49778714e+00 1.22337623e-01
620 7 5.49778714e+00 1.24118208e-01
621 7 5.49778714e+00 1.19985493e-01
622 7 5.49778714e+00 1.22062667e-01
623 7 5.49778714e+00 1.23737793e-01
624 7 5.49778714e+00 1.23923558e-01
625 7 5.49778714e+00 1.23440167e-01
626 7 5.49778714e+00 1.20350883e-01
627 7 5.49778714e+00 1.23664590e-01
628 7 5.49778714e+00 1.23127819e-01
629 7 5.49778714e+00 1.21016120e-01
630 7 5.49778714e+00 1.22406137e-01
631 7 5.49778714e+00 1.21644323e-01
632 7 5.49778714e+00 1.24820676e-01
633 7 5.49778714e+00 1.22483443e-01
634 7 5.49778714e+00 1.24664222e-01
635 7 5.49778714e+00 1.21305202e-01
636 7 5.49778714e+00 1.21563657e-01
637 7 5.49778714e+00 1.17862318e-01
638 7 5.49778714e+00 1.22391317e-01
639 7 5.49778714e+00 1.21472745e-01
640 7 5.49778714e+00 1.21280460e-01
641 7 5.49778714e+00 1.24675833e-01
642 7 5.49778714e+00 1.19300294e-01
643 7 5.49778714e+00 1.23498464e-01
644 7 5.49778714e+00 1.26061319e-01
645 7 5.49778714e+00 1.19627877e-01
646 7 5.49778714e+00 1.18923421e-01
647 7 5.49778714e+00 1.18291656e-01
648 7 5.49778714e+00 1.21788472e-01
649 7 5.49778714e+00 1.18706028e-01
650 7 5.49778714e+00 1.22327622e-01
651 7 5.49778714e+00 1.22305562e-01
652 7 5.49778714e+00 1.19251168e-01
653 7 5.49778714e+00 1.24452738e-01
654 7 5.49778714e+00 1.21519197e-01
655 7 5.49778714e+00 1.21801181e-01
656 7 5.49778714e+00 1.23005496e-01
657 7 5.49778714e+00 1.23763308e-01
658 7 5.49778714e+00 1.25523345e-01
659 7 5.49778714e+00 1.21336017e-01
660 7 5.49778714e+00 1.21120600e-01
661 7 5.49778714e+00 1.22171055e-01
662 7 5.49778714e+00 1.23502004e-01
663 7 5.49778714e+00 1.25209347e-01
664 7 5.49778714e+00 1.22145024e-01
665 7 5.49778714e+00 1.20716006e-01
666 7 5.49778714e+00 1.23088922e-01
667 7 5.49778714e+00 1.21888589e-01
668 7 5.49778714e+00 1.22006128e-01
669 7 5.49778714e+00 1.22277422e-01
670 7 5.49778714e+00 1.25580824e-01
671 7 5.49778714e+00 1.22891193e-01
672 7 5.49778714e+00 1.23467191e-01
673 7 5.49778714e+00 1.24792416e-01
674 7 5.49778714e+00 1.20237891e-01
675 7 5.49778714e+00 1.22535414e-01
676 7 5.49778714e+00 1.22624884e-01
677 7 5.49778714e+00 1.23193066e-01
678 7 5.49778714e+00 1.24845983e-01
679 7 5.49778714e+00 1.22041551e-01
680 7 5.49778714e+00 1.25686109e-01
681 7 5.49778714e+00 1.22117812e-01
682 7 5.49778714e+00 1.21348445e-01
683 7 5.49778714e+00 1.19397920e-01
684 7 5.49778714e+00 1.24693713e-01
685 7 5.49778714e+00 1.24325026e-01
686 7 5.49778714e+00 1.23879210e-01
687 7 5.49778714e+00 1.23163169e-01
688 7 5.49778714e+00 1.20732339e-01
689 7 5.49778714e+00 1.20773465e-01
690 7 5.49778714e+00 1.22761654e-01
691 7 5.49778714e+00 1.22625547e-01
692 7 5.49778714e+00 1.20093964e-01
693 7 5.49778714e+00 1.24007270e-01
694 7 5.49778714e+00 1.18830007e-01
695 7 5.49778714e+00 1.20817429e-01
696 7 5.49778714e+00 1.22031519e-01
697 7 5.49778714e+00 1.23855920e-01
698 7 5.49778714e+00 1.21853811e-01
699 7 5.49778714e+00 1.20098976e-01
700 7 5.49778714e+00 1.21645242e-01
701 7 5.49778714e+00 1.22617776e-01
702 7 5.49778714e+00 1.20195567e-01
703 7 5.49778714e+00 1.28019035e-01
704 7 5.49778714e+00 1.21381991e-01
705 7 5.49778714e+00 1.23408376e-01
706 7 5.49778714e+00 1.23936082e-01
707 7 5.49778714e+00 1.21011133e-01
708 7 5.49778714e+00 1.25231159e-01
709 7 5.49778714e+00 1.23422932e-01
710 7 5.49778714e+00 1.22861163e-01
711 7 5.49778714e+00 1.23702315e-01
712 7 5.49778714e+00 1.23677295e-01
713 7 5.49778714e+00 1.21563649e-01
714 7 5.49778714e+00 1.19085872e-01
715 7 5.49778714e+00 1.22986705e-01
716 7 5.49778714e+00 1.22140751e-01
717 7 5.49778714e+00 1.21156192e-01
718 7 5.49778714e+00 1.18427787e-01
719 7 5.49778714e+00 1.21274916e-01
720 7 5.49778714e+00 1.20481695e-01
721 7 5.49778714e+00 1.23459576e-01
722 7 5.49778714e+00 1.22442776e-01
723 7 5.49778714e+00 1.23999802e-01
724 7 5.49778714e+00 1.20961542e-01
725 7 5.49778714e+00 1.21882855e-01
726 7 5.49778714e+00 1.25088307e-01
727 7 5.49778714e+00 1.21372354e-01
728 7 5.49778714e+00 1.22774975e-01
729 7 5.49778714e+00 1.26071450e-01
730 7 5.49778714e+00 1.19105463e-01
731 7 5.49778714e+00 1.21955454e-01
732 7 5.49778714e+00 1.22939590e-01
733 7 5.49778714e+00 1.21528159e-01
734 7 5.49778714e+00 1.24435729e-01
735 7 5.49778714e+00 1.26238967e-01
736 7 5.49778714e+00 1.20060643e-01
737 7 5.49778714e+00 1.21796448e-01
738 7 5.49778714e+00 1.24023503e-01
739 7 5.49778714e+00 1.21097208e-01
740 7 5.49778714e+00 1.22947200e-01
741 7 5.49778714e+00 1.21643986e-01
742 7 5.49778714e+00 1.19314131e-01
743 7 5.49778714e+00 1.24030421e-01
744 7 5.49778714e+00 1.22511711e-01
745 7 5.49778714e+00 1.23482962e-01
746 7 5.49778714e+00 1.21693198e-01
747 7 5.49778714e+00 1.24645302e-01
748 7 5.49778714e+00 1.22646717e-01
749 7 5.49778714e+00 1.21804436e-01
750 7 5.49778714e+00 1.22976930e-01
751 7 5.49778714e+00 1.28475882e-01
752 7 5.49778714e+00 1.28707580e-01
753 7 5.49778714e+00 1.24492571e-01
754 7 5.49778714e+00 1.24509959e-01
755 7 5.49778714e+00 1.22850410e-01
756 7 5.49778714e+00 1.23544033e-01
757 7 5.49778714e+00 1.22171779e-01
758 7 5.49778714e+00 1.25030505e-01
759 7 5.49778714e+00 1.22479381e-01
760 7 5.49778714e+00 1.21963549e-01
761 7 5.49778714e+00 1.23756988e-01
762 7 5.49778714e+00 1.24319867e-01
763 7 5.49778714e+00 1.27069731e-01
764 7 5.49778714e+00 1.25619816e-01
765 7 5.49778714e+00 1.24779993e-01
766 7 5.49778714e+00 1.22282771e-01
767 7 5.49778714e+00 1.18823695e-01
768 7 5.49778714e+00 1.23976625e-01
769 7 5.49778714e+00 1.24051678e-01
770 7 5.49778714e+00 1.21443705e-01
771 7 5.49778714e+00 1.22769458e-01
772 7 5.49778714e+00 1.21716169e-01
773 7 5.49778714e+00 1.20265535e-01
774 7 5.49778714e+00 1.22922474e-01
775 7 5.49778714e+00 1.25224177e-01
776 7 5.49778714e+00 1.20575082e-01
777 7 5.49778714e+00 1.23460207e-01
778 7 5.49778714e+00 1.23227104e-01
779 7 5.49778714e+00 1.22525935e-01
780 7 5.49778714e+00 1.23737642e-01
781 7 5.49778714e+00 1.21232733e-01
782 7 5.49778714e+00 1.23372502e-01
783 7 5.49778714e+00 1.19893814e-01
784 7 5.49778714e+00 1.23190685e-01
785 7 5.49778714e+00 1.22846349e-01
786 7 5.49778714e+00 1.20871846e-01
787 7 5.49778714e+00 1.20383724e-01
788 7 5.49778714e+00 1.23133130e-01
789 7 5.49778714e+00 1.21672725e-01
790 7 5.49778714e+00 1.23389077e-01
791 7 5.49778714e+00 1.23694872e-01
792 7 5.49778714e+00 1.22850390e-01
793 7 5.49778714e+00 1.21396334e-01
794 7 5.49778714e+00 1.22373503e-01
795 7 5.49778714e+00 1.22663490e-01
796 7 5.49778714e+00 1.23029734e-01
797 7 5.49778714e+00 1.22031870e-01
798 7 5.49778714e+00 1.21691390e-01
799 7 5.49778714e+00 1.19492076e-01
800 7 5.49778714e+00 1.25180175e-01
801 7 5.49778714e+00 1.25320227e-01
802 7 5.49778714e+00 1.22817157e-01
803 7 5.49778714e+00 1.27369445e-01
804 7 5.49778714e+00 1.24326950e-01
805 7 5.49778714e+00 1.23887020e-01
806 7 5.49778714e+00 1.22078689e-01
807 7 5.49778714e+00 1.24438596e-01
808 7 5.49778714e+00 1.20786731e-01
809 7 5.49778714e+00 1.23924856e-01
810 7 5.49778714e+00 1.22436624e-01
811 7 5.49778714e+00 1.24265749e-01
812 7 5.49778714e+00 1.19122660e-01
813 7 5.49778714e+00 1.23888994e-01
814 7 5.49778714e+00 1.20883696e-01
815 7 5.49778714e+00 1.23944761e-01
816 7 5.49778714e+00 1.24058996e-01
817 7 5.49778714e+00 1.23627583e-01
818 7 5.49778714e+00 1.21317480e-01
819 7 5.49778714e+00 1.25193594e-01
820 7 5.49778714e+00 1.23842251e-01
821 7 5.49778714e+00 1.19126215e-01
822 7 5.49778714e+00 1.23117799e-01
823 7 5.49778714e+00 1.21368432e-01
824 7 5.49778714e+00 1.21809463e-01
825 7 5.49778714e+00 1.22186517e-01
826 7 5.49778714e+00 1.25024823e-01
827 7 5.49778714e+00 1.22862862e-01
828 7 5.49778714e+00 1.26224948e-01
829 7 5.49778714e+00 1.21024854e-01
830 7 5.49778714e+00 1.22897813e-01
831 7 5.49778714e+00 1.20910742e-01
832 7 5.49778714e+00 1.21684213e-01
833 7 5.49778714e+00 1.24100058e-01
834 7 5.49778714e+00 1.23505359e-01
835 7 5.49778714e+00 1.20505337e-01
836 7 5.49778714e+00 1.22810860e-01
837 7 5.49778714e+00 1.22237836e-01
838 7 5.49778714e+00 1.22694320e-01
839 7 5.49778714e+00 1.19981732e-01
840 7 5.49778714e+00 1.23209398e-01
841 7 5.49778714e+00 1.20690665e-01
842 7 5.49778714e+00 1.22868603e-01
843 7 5.49778714e+00 1.24529788e-01
844 7 5.49778714e+00 1.22951370e-01
845 7 5.49778714e+00 1.22038572e-01
846 7 5.49778714e+00 1.19227169e-01
847 7 5.49778714e+00 1.20690152e-01
848 7 5.49778714e+00 1.19890668e-01
849 7 5.49778714e+00 1.22189767e-01
850 7 5.49778714e+00 1.20111263e-01
851 7 5.49778714e+00 1.22977400e-01
852 7 5.49778714e+00 1.25738285e-01
853 7 5.49778714e+00 1.23526181e-01
854 7 5.49778714e+00 1.20546234e-01
855 7 5.49778714e+00 1.22561054e-01
856 7 5.49778714e+00 1.23586002e-01
857 7 5.49778714e+00 1.23376490e-01
858 7 5.49778714e+00 1.27520393e-01
859 7 5.49778714e+00 1.24896830e-01
860 7 5.49778714e+00 1.21074669e-01
861 7 5.49778714e+00 1.18042863e-01
862 7 5.49778714e+00 1.22997790e-01
863 7 5.49778714e+00 1.25177478e-01
864 7 5.49778714e+00 1.21303613e-01
865 7 5.49778714e+00 1.20458099e-01
866 7 5.49778714e+00 1.24776080e-01
867 7 5.49778714e+00 1.21382257e-01
868 7 5.49778714e+00 1.22588346e-01
869 7 5.49778714e+00 1.20702414e-01
870 7 5.49778714e+00 1.21246985e-01
871 7 5.49778714e+00 1.23190998e-01
872 7 5.49778714e+00 1.20001486e-01
873 7 5.49778714e+00 1.20443931e-01
874 7 5.49778714e+00 1.23101485e-01
875 7 5.49778714e+00 1.24216406e-01
876 7 5.49778714e+00 1.21129029e-01
877 7 5.49778714e+00 1.20944523e-01
878 7 5.49778714e+00 1.21800800e-01
879 7 5.49778714e+00 1.21449029e-01
880 7 5.49778714e+00 1.25470638e-01
881 7 5.49778714e+00 1.21563849e-01
882 7 5.49778714e+00 1.22487383e-01
883 7 5.49778714e+00 1.20614772e-01
884 7 5.49778714e+00 1.20183218e-01
885 7 5.49778714e+00 1.22772609e-01
886 7 5.49778714e+00 1.20267783e-01
887 7 5.49778714e+00 1.25424489e-01
888 7 5.49778714e+00 1.17823360e-01
889 7 5.49778714e+00 1.22460214e-01
890 7 5.49778714e+00 1.23129635e-01
891 7 5.49778714e+00 1.25985453e-01
892 7 5.49778714e+00 1.24151427e-01
893 7 5.49778714e+00 1.22819178e-01
894 7 5.49778714e+00 1.22546244e-01
895 7 5.49778714e+00 1.21806771e-01
896 7 5.49778714e+00 1.20243607e-01
897 7 5.49778714e+00 1.22317945e-01
898 7 5.49778714e+00 1.21111285e-01
899 7 5.49778714e+00 1.19574331e-01
900 7 5.49778714e+00 1.22134839e-01
901 7 5.49778714e+00 1.21570499e-01
902 7 5.49778714e+00 1.22448160e-01
903 7 5.49778714e+00 1.22914854e-01
904 7 5.49778714e+00 1.25198414e-01
905 7 5.49778714e+00 1.20413610e-01
906 7 5.49778714e+00 1.21355118e-01
907 7 5.49778714e+00 1.22241279e-01
908 7 5.49778714e+00 1.23859314e-01
909 7 5.49778714e+00 1.23834068e-01
910 7 5.49778714e+00 1.21841689e-01
911 7 5.49778714e+00 1.21927069e-01
912 7 5.49778714e+00 1.22548455e-01
913 7 5.49778714e+00 1.22460232e-01
914 7 5.49778714e+00 1.24538062e-01
915 7 5.49778714e+00 1.23422362e-01
916 7 5.49778714e+00 1.20323309e-01
917 7 5.49778714e+00 1.22201538e-01
918 7 5.49778714e+00 1.24272263e-01
919 7 5.49778714e+00 1.22812530e-01
920 7 5.49778714e+00 1.22605499e-01
921 7 5.49778714e+00 1.22102085e-01
922 7 5.49778714e+00 1.23375293e-01
923 7 5.49778714e+00 1.17859294e-01
924 7 5.49778714e+00 1.21287319e-01
925 7 5.49778714e+00 1.27493192e-01
926 7 5.49778714e+00 1.24846284e-01
927 7 5.49778714e+00 1.25287233e-01
928 7 5.49778714e+00 1.20359967e-01
929 7 5.49778714e+00 1.21225985e-01
930 7 5.49778714e+00 1.22419270e-01
931 7 5.49778714e+00 1.21039345e-01
932 7 5.49778714e+00 1.26920572e-01
933 7 5.49778714e+00 1.20109163e-01
934 7 5.49778714e+00 1.23608601e-01
935 7 5.49778714e+00 1.23543068e-01
936 7 5.49778714e+00 1.22269263e-01
937 7 5.49778714e+00 1.21437819e-01
938 7 5.49778714e+00 1.20173741e-01
939 7 5.49778714e+00 1.21148318e-01
940 7 5.49778714e+00 1.25056620e-01
941 7 5.49778714e+00 1.22420450e-01
942 7 5.49778714e+00 1.25029649e-01
943 7 5.49778714e+00 1.22060195e-01
944 7 5.49778714e+00 1.20491570e-01
945 7 5.49778714e+00 1.21631419e-01
946 7 5.49778714e+00 1.23113588e-01
947 7 5.49778714e+00 1.25287685e-01
948 7 5.49778714e+00 1.22345623e-01
949 7 5.49778714e+00 1.20781954e-01
950 7 5.49778714e+00 1.21547634e-01
951 7 5.49778714e+00 1.21437326e-01
952 7 5.49778714e+00 1.21933637e-01
953 7 5.49778714e+00 1.25442834e-01
954 7 5.49778714e+00 1.21755947e-01
955 7 5.49778714e+00 1.22733682e-01
956 7 5.49778714e+00 1.24094518e-01
957 7 5.49778714e+00 1.24300311e-01
958 7 5.49778714e+00 1.22331054e-01
959 7 5.49778714e+00 1.25237366e-01
960 7 5.49778714e+00 1.20376361e-01
961 7 5.49778714e+00 1.21478992e-01
962 7 5.49778714e+00 1.22560967e-01
963 7 5.49778714e+00 1.21746722e-01
964 7 5.49778714e+00 1.22633167e-01
965 7 5.49778714e+00 1.21252317e-01
966 7 5.49778714e+00 1.21802290e-01
967 7 5.49778714e+00 1.22714616e-01
968 7 5.49778714e+00 1.23728460e-01
969 7 5.49778714e+00 1.21533601e-01
970 7 5.49778714e+00 1.24310735e-01
971 7 5.49778714e+00 1.21212055e-01
972 7 5.49778714e+00 1.20806204e-01
973 7 5.49778714e+00 1.23280674e-01
974 7 5.49778714e+00 1.24370488e-01
975 7 5.49778714e+00 1.24079964e-01
976 7 5.49778714e+00 1.19979123e-01
977 7 5.49778714e+00 1.24872029e-01
978 7 5.49778714e+00 1.20699155e-01
979 7 5.49778714e+00 1.21393247e-01
980 7 5.49778714e+00 1.19421572e-01
981 7 5.49778714e+00 1.22493205e-01
982 7 5.49778714e+00 1.24367520e-01
983 7 5.49778714e+00 1.22667652e-01
984 7 5.49778714e+00 1.23713428e-01
985 7 5.49778714e+00 1.23408437e-01
986 7 5.49778714e+00 1.24453394e-01
987 7 5.49778714e+00 1.23044468e-01
988 7 5.49778714e+00 1.22685933e-01
989 7 5.49778714e+00 1.24960463e-01
990 7 5.49778714e+00 1.20511925e-01
991 7 5.49778714e+00 1.20087715e-01
992 7 5.49778714e+00 1.21126553e-01
993 7 5.49778714e+00 1.23370227e-01
994 7 5.49778714e+00 1.20351398e-01
995 7 5.49778714e+00 1.21905110e-01
996 7 5.49778714e+00 1.20951624e-01
997 7 5.49778714e+00 1.20105414e-01
998 7 5.49778714e+00 1.24264672e-01
999 7 5.49778714e+00 1.21803675e-01
1000 7 5.49778714e+00 1.21595454e-01
1001 7 5.49778714e+00 1.22217978e-01
1002 7 5.49778714e+00 1.21505293e-01
1003 7 5.49778714e+00 1.20883942e-01
1004 7 5.49778714e+00 1.22841439e-01
1005 7 5.49778714e+00 1.20960588e-01
1006 7 5.49778714e+00 1.23456458e-01
1007 7 5.49778714e+00 1.23433938e-01
1008 7 5.49778714e+00 1.20060877e-01
1009 7 5.49778714e+00 1.20819621e-01
1010 7 5.49778714e+00 1.22635321e-01
1011 7 5.49778714e+00 1.23877220e-01
1012 7 5.49778714e+00 1.22047499e-01
0 8 6.28318531e+00 1.13359908e-01
1 8 6.28318531e+00 1.14798853e-01
2 8 6.28318531e+00 1.20365062e-01
3 8 6.28318531e+00 1.11004933e-01
4 8 6.28318531e+00 1.15814237e-01
5 8 6.28318531e+00 1.12401487e-01
6 8 6.28318531e+00 1.21456392e-01
7 8 6.28318531e+00 1.23231979e-01
8 8 6.28318531e+00 1.14209028e-01
9 8 6.28318531e+00 1.15528508e-01
10 8 6.28318531e+00 1.12791547e-01
11 8 6.28318531e+00 1.14718685e-01
12 8 6.28318531e+00 1.20395190e-01
13 8 6.28318531e+00 1.16657952e-01
14 8 6.28318531e+00 1.18043711e-01
15 8 6.28318531e+00 1.16811810e-01
16 8 6.28318531e+00 1.18346630e-01
17 8 6.28318531e+00 1.15364686e-01
18 8 6.28318531e+00 1.14956470e-01
19 8 6.28318531e+00 1.18052999e-01
20 8 6.28318531e+00 1.17233852e-01
21 8 6.28318531e+00 1.14407303e-01
22 8 6.28318531e+00 1.13908733e-01
23 8 6.28318531e+00 1.15582773e-01
24 8 6.28318531e+00 1.16646828e-01
25 8 6.28318531e+00 1.16055644e-01
26 8 6.28318531e+00 1.17258935e-01
27 8 6.28318531e+00 1.13797406e-01
28 8 6.28318531e+00 1.14189102e-01
29 8 6.28318531e+00 1.18149825e-01
30 8 6.28318531e+00 1.11202683e-01
31 8 6.28318531e+00 1.15358078e-01
32 8 6.28318531e+00 1.17976522e-01
33 8 6.28318531e+00 1.14851264e-01
34 8 6.28318531e+00 1.14759908e-01
35 8 6.28318531e+00 1.15605372e-01
36 8 6.28318531e+00 1.12512099e-01
37 8 6.28318531e+00 1.11362362e-01
38 8 6.28318531e+00 1.19379026e-01
39 8 6.28318531e+00 1.17483378e-01
40 8 6.28318531e+00 1.13736967e-01
41 8 6.28318531e+00 1.12686970e-01
42 8 6.28318531e+00 1.13921132e-01
43 8 6.28318531e+00 1.15626381e-01
44 8 6.28318531e+00 1.18795208e-01
45 8 6.28318531e+00 1.17444672e-01
46 8 6.28318531e+00 1.13219544e-01
47 8 6.28318531e+00 1.13009315e-01
48 8 6.28318531e+00 1.14759224e-01
49 8 6.28318531e+00 1.11627397e-01
50 8 6.28318531e+00 1.16984346e-01
51 8 6.28318531e+00 1.16575618e-01
52 8 6.28318531e+00 1.19441182e-01
53 8 6.28318531e+00 1.16491338e-01
54 8 6.28318531e+00 1.18511187e-01
55 8 6.28318531e+00 1.15054249e-01
56 8 6.28318531e+00 1.13983283e-01
57 8 6.28318531e+00 1.12610217e-01
58 8 6.28318531e+00 1.16172286e-01
59 8 6.28318531e+00 1.17331167e-01
60 8 6.28318531e+00 1.11644227e-01
61 8 6.28318531e+00 1.13156845e-01
62 8 6.28318531e+00 1.19379542e-01
63 8 6.28318531e+00 1.16290537e-01
64 8 6.28318531e+00 1.12729762e-01
65 8 6.28318531e+00 1.16396550e-01
66 8 6.28318531e+00 1.13781567e-01
67 8 6.28318531e+00 1.15894328e-01
68 8 6.28318531e+00 1.19266212e-01
69 8 6.28318531e+00 1.15004841e-01
70 8 6.28318531e+00 1.13190677e-01
71 8 6.28318531e+00 1.18297147e-01
72 8 6.28318531e+00 1.17724235e-01
73 8 6.28318531e+00 1.18229288e-01
74 8 6.28318531e+00 1.11920717e-01
75 8 6.28318531e+00 1.14249939e-01
76 8 6.28318531e+00 1.16639928e-01
77 8 6.28318531e+00 1.11259363e-01
78 8 6.28318531e+00 1.17360638e-01
79 8 6.28318531e+00 1.17780957e-01
80 8 6.28318531e+00 1.12431575e-01
81 8 6.28318531e+00 1.15134941e-01
82 8 6.28318531e+00 1.14988462e-01
83 8 6.28318531e+00 1.11352024e-01
84 8 6.28318531e+00 1.13041850e-01
85 8 6.28318531e+00 1.14967788e-01
86 8 6.28318531e+00 1.13497415e-01
87 8 6.28318531e+00 1.11116997e-01
88 8 6.28318531e+00 1.17160234e-01
89 8 6.28318531e+00 1.16282612e-01
90 8 6.28318531e+00 1.18999562e-01
91 8 6.28318531e+00 1.15583536e-01
92 8 6.28318531e+00 1.14612972e-01
93 8 6.28318531e+00 1.19889532e-01
94 8 6.28318531e+00 1.17695901e-01
95 8 6.28318531e+00 1.10278642e-01
96 8 6.28318531e+00 1.18131630e-01
97 8 6.28318531e+00 1.19265095e-01
98 8 6.28318531e+00 1.17246028e-01
99 8 6.28318531e+00 1.18467393e-01
100 8 6.28318531e+00 1.15100592e-01
101 8 6.28318531e+00 1.17440454e-01
102 8 6.28318531e+00 1.15581431e-01
103 8 6.28318531e+00 1.15679222e-01
104 8 6.28318531e+00 1.17312719e-01
105 8 6.28318531e+00 1.13231904e-01
106 8 6.28318531e+00 1.17406307e-01
107 8 6.28318531e+00 1.19079551e-01
108 8 6.28318531e+00 1.13610366e-01
109 8 6.28318531e+00 1.18068957e-01
110 8 6.28318531e+00 1.11949749e-01
111 8 6.28318531e+00 1.13672591e-01
112 8 6.28318531e+00 1.13712492e-01
113 8 6.28318531e+00 1.12657240e-01
114 8 6.28318531e+00 1.18775997e-01
115 8 6.28318531e+00 1.19308038e-01
116 8 6.28318531e+00 1.17091411e-01
117 8 6.28318531e+00 1.16946627e-01
118 8 6.28318531e+00 1.17605574e-01
119 8 6.28318531e+00 1.16440228e-01
120 8 6.28318531e+00 1.14767072e-01
121 8 6.28318531e+00 1.12852066e-01
122 8 6.28318531e+00 1.14332074e-01
123 8 6.28318531e+00 1.13282583e-01
124 8 6.28318531e+00 1.17393572e-01
125 8 6.28318531e+00 1.20165391e-01
126 8 6.28318531e+00 1.16431937e-01
127 8 6.28318531e+00 1.13206451e-01
128 8 6.28318531e+00 1.14481017e-01
129 8 6.28318531e+00 1.15968693e-01
130 8 6.28318531e+00 1.19746407e-01
131 8 6.28318531e+00 1.11166306e-01
132 8 6.28318531e+00 1.18778577e-01
133 8 6.28318531e+00 1.17601658e-01
134 8 6.28318531e+00 1.14603058e-01
135 8 6.28318531e+00 1.12342543e-01
136 8 6.28318531e+00 1.12806571e-01
137 8 6.28318531e+00 1.13767322e-01
138 8 6.28318531e+00 1.14170788e-01
139 8 6.28318531e+00 1.15198885e-01
140 8 6.28318531e+00 1.16391354e-01
141 8 6.28318531e+00 1.16384555e-01
142 8 6.28318531e+00 1.13300982e-01
143 8 6.28318531e+00 1.15089822e-01
144 8 6.28318531e+00 1.18033100e-01
145 8 6.28318531e+00 1.14302229e-01
146 8 6.28318531e+00 1.15142783e-01
147 8 6.28318531e+00 1.12934466e-01
148 8 6.28318531e+00 1.15367868e-01
149 8 6.28318531e+00 1.13456431e-01
150 8 6.28318531e+00 1.18826206e-01
151 8 6.28318531e+00 1.16261701e-01
152 8 6.28318531e+00 1.17025634e-01
153 8 6.28318531e+00 1.18950743e-01
154 8 6.28318531e+00 1.17179208e-01
155 8 6.28318531e+00 1.13263871e-01
156 8 6.28318531e+00 1.18279649e-01
157 8 6.28318531e+00 1.16598919e-01
158 8 6.28318531e+00 1.14195910e-01
159 8 6.28318531e+00 1.15873527e-01
160 8 6.28318531e+00 1.14652911e-01
161 8 6.28318531e+00 1.16432217e-01
162 8 6.28318531e+00 1.15339766e-01
163 8 6.28318531e+00 1.15649258e-01
164 8 6.28318531e+00 1.16162769e-01
165 8 6.28318531e+00 1.19892831e-01
166 8 6.28318531e+00 1.14439018e-01
167 8 6.28318531e+00 1.16342929e-01
168 8 6.28318531e+00 1.13261297e-01
169 8 6.28318531e+00 1.14156408e-01
170 8 6.28318531e+00 1.17696586e-01
171 8 6.28318531e+00 1.16802058e-01
172 8 6.28318531e+00 1.17214964e-01
173 8 6.28318531e+00 1.15096441e-01
174 8 6.28318531e+00 1.13378447e-01
175 8 6.28318531e+00 1.15365531e-01
176 8 6.28318531e+00 1.18013383e-01
177 8 6.28318531e+00 1.14902759e-01
178 8 6.28318531e+00 1.12962857e-01
179 8 6.28318531e+00 1.17215383e-01
180 8 6.28318531e+00 1.16136349e-01
181 8 6.28318531e+00 1.16005708e-01
182 8 6.28318531e+00 1.14917307e-01
183 8 6.28318531e+00 1.13377057e-01
184 8 6.28318531e+00 1.14246261e-01
185 8 6.28318531e+00 1.12582772e-01
186 8 6.28318531e+00 1.11592401e-01
187 8 6.28318531e+00 1.17083838e-01
188 8 6.28318531e+00 1.14321620e-01
189 8 6.28318531e+00 1.13336630e-01
190 8 6.28318531e+00 1.18087427e-01
191 8 6.28318531e+00 1.12330334e-01
192 8 6.28318531e+00 1.20693993e-01
193 8 6.28318531e+00 1.16198930e-01
194 8 6.28318531e+00 1.12011827e-01
195 8 6.28318531e+00 1.14864545e-01
196 8 6.28318531e+00 1.16902157e-01
197 8 6.28318531e+00 1.16463556e-01
198 8 6.28318531e+00 1.13341802e-01
199 8 6.28318531e+00 1.14156430e-01
200 8 6.28318531e+00 1.12086086e-01
201 8 6.28318531e+00 1.18059698e-01
202 8 6.28318531e+00 1.16549229e-01
203 8 6.28318531e+00 1.14629501e-01
204 8 6.28318531e+00 1.11673755e-01
205 8 6.28318531e+00 1.14745463e-01
206 8 6.28318531e+00 1.15880660e-01
207 8 6.28318531e+00 1.16576949e-01
208 8 6.28318531e+00 1.12879956e-01
209 8 6.28318531e+00 1.10242191e-01
210 8 6.28318531e+00 1.08571707e-01
211 8 6.28318531e+00 1.15417661e-01
212 8 6.28318531e+00 1.15370771e-01
213 8 6.28318531e+00 1.10274566e-01
214 8 6.28318531e+00 1.16840833e-01
215 8 6.28318531e+00 1.15453351e-01
216 8 6.28318531e+00 1.10274682e-01
217 8 6.28318531e+00 1.16631425e-01
218 8 6.28318531e+00 1.13584894e-01
219 8 6.28318531e+00 1.18321356e-01
220 8 6.28318531e+00 1.13523709e-01
221 8 6.28318531e+00 1.14025140e-01
222 8 6.28318531e+00 1.15695418e-01
223 8 6.28318531e+00 1.15366340e-01
224 8 6.28318531e+00 1.12022442e-01
225 8 6.28318531e+00 1.13410103e-01
226 8 6.28318531e+00 1.17074707e-01
227 8 6.28318531e+00 1.18171168e-01
228 8 6.28318531e+00 1.16886171e-01
229 8 6.28318531e+00 1.14089857e-01
230 8 6.28318531e+00 1.16123744e-01
231 8 6.28318531e+00 1.15776652e-01
232 8 6.28318531e+00 1.12166681e-01
233 8 6.28318531e+00 1.13165937e-01
234 8 6.28318531e+00 1.15699169e-01
235 8 6.28318531e+00 1.14377931e-01
236 8 6.28318531e+00 1.18675652e-01
237 8 6.28318531e+00 1.18873428e-01
238 8 6.28318531e+00 1.16459485e-01
239 8 6.28318531e+00 1.19989803e-01
240 8 6.28318531e+00 1.14922434e-01
241 8 6.28318531e+00 1.16147558e-01
242 8 6.28318531e+00 1.14492294e-01
243 8 6.28318531e+00 1.21426686e-01
244 8 6.28318531e+00 1.12007994e-01
245 8 6.28318531e+00 1.22710107e-01
246 8 6.28318531e+00 1.19068232e-01
247 8 6.28318531e+00 1.16757166e-01
248 8 6.28318531e+00 1.13646229e-01
249 8 6.28318531e+00 1.18051924e-01
250 8 6.28318531e+00 1.15815441e-01
251 8 6.28318531e+00 1.11209635e-01
252 8 6.28318531e+00 1.16409647e-01
253 8 6.28318531e+00 1.17205529e-01
254 8 6.28318531e+00 1.12332507e-01
255 8 6.28318531e+00 1.15695867e-01
256 8 6.28318531e+00 1.17062809e-01
257 8 6.28318531e+00 1.15683635e-01
258 8 6.28318531e+00 1.15894718e-01
259 8 6.28318531e+00 1.17488328e-01
260 8 6.28318531e+00 1.13641881e-01
261 8 6.28318531e+00 1.22056964e-01
262 8 6.28318531e+00 1.13051566e-01
263 8 6.28318531e+00 1.12216448e-01
264 8 6.28318531e+00 1.14403374e-01
265 8 6.28318531e+00 1.18266366e-01
266 8 6.28318531e+00 1.12973235e-01
267 8 6.28318531e+00 1.12318702e-01
268 8 6.28318531e+00 1.19555657e-01
269 8 6.28318531e+00 1.13316861e-01
270 8 6.28318531e+00 1.17567558e-01
271 8 6.28318531e+00 1.18816008e-01
272 8 6.28318531e+00 1.13920016e-01
273 8 6.28318531e+00 1.15098144e-01
274 8 6.28318531e+00 1.14878915e-01
275 8 6.28318531e+00 1.15145398e-01
276 8 6.28318531e+00 1.17504337e-01
277 8 6.28318531e+00 1.19439127e-01
278 8 6.28318531e+00 1.15637293e-01
279 8 6.28318531e+00 1.17957557e-01
280 8 6.28318531e+00 1.13983723e-01
281 8 6.28318531e+00 1.15902261e-01
282 8 6.28318531e+00 1.13760307e-01
283 8 6.28318531e+00 1.15548809e-01
284 8 6.28318531e+00 1.15016847e-01
285 8 6.28318531e+00 1.16635502e-01
286 8 6.28318531e+00 1.18843794e-01
287 8 6.28318531e+00 1.18283461e-01
288 8 6.28318531e+00 1.14849779e-01
289 8 6.28318531e+00 1.16799069e-01
290 8 6.28318531e+00 1.15004559e-01
291 8 6.28318531e+00 1.14380062e-01
292 8 6.28318531e+00 1.09187358e-01
293 8 6.28318531e+00 1.15223666e-01
294 8 6.28318531e+00 1.16958747e-01
295 8 6.28318531e+00 1.17145635e-01
296 8 6.28318531e+00 1.16756341e-01
297 8 6.28318531e+00 1.15333630e-01
298 8 6.28318531e+00 1.16724341e-01
299 8 6.28318531e+00 1.17830876e-01
300 8 6.28318531e+00 1.15693719e-01
301 8 6.28318531e+00 1.13057151e-01
302 8 6.28318531e+00 1.14945416e-01
303 8 6.28318531e+00 1.20658000e-01
304 8 6.28318531e+00 1.21048818e-01
305 8 6.28318531e+00 1.16560887e-01
306 8 6.28318531e+00 1.17682867e-01
307 8 6.28318531e+00 1.16282950e-01
308 8 6.28318531e+00 1.15174638e-01
309 8 6.28318531e+00 1.16476804e-01
310 8 6.28318531e+00 1.18364152e-01
311 8 6.28318531e+00 1.20589656e-01
312 8 6.28318531e+00 1.19159141e-01
313 8 6.28318531e+00 1.14750035e-01
314 8 6.28318531e+00 1.10619575e-01
315 8 6.28318531e+00 1.11430584e-01
316 8 6.28318531e+00 1.14927826e-01
317 8 6.28318531e+00 1.17328858e-01
318 8 6.28318531e+00 1.16811457e-01
319 8 6.28318531e+00 1.18959887e-01
320 8 6.28318531e+00 1.12843327e-01
321 8 6.28318531e+00 1.11984143e-01
322 8 6.28318531e+00 1.12168964e-01
323 8 6.28318531e+00 1.16913274e-01
324 8 6.28318531e+00 1.17810527e-01
325 8 6.28318531e+00 1.15456138e-01
326 8 6.28318531e+00 1.14023624e-01
327 8 6.28318531e+00 1.16648538e-01
328 8 6.28318531e+00 1.11350886e-01
329 8 6.28318531e+00 1.14551971e-01
330 8 6.28318531e+00 1.16028964e-01
331 8 6.28318531e+00 1.10210277e-01
332 8 6.28318531e+00 1.15934152e-01
333 8 6.28318531e+00 1.13009985e-01
334 8 6.28318531e+00 1.13989723e-01
335 8 6.28318531e+00 1.16154932e-01
336 8 6.28318531e+00 1.13587231e-01
337 8 6.28318531e+00 1.13262502e-01
338 8 6.28318531e+00 1.14776933e-01
339 8 6.28318531e+00 1.15913270e-01
340 8 6.28318531e+00 1.17971416e-01
341 8 6.28318531e+00 1.16360614e-01
342 8 6.28318531e+00 1.21349078e-01
343 8 6.28318531e+00 1.22415085e-01
344 8 6.28318531e+00 1.16800107e-01
345 8 6.28318531e+00 1.14498116e-01
346 8 6.28318531e+00 1.19225290e-01
347 8 6.28318531e+00 1.12853444e-01
348 8 6.28318531e+00 1.15413287e-01
349 8 6.28318531e+00 1.14660862e-01
350 8 6.28318531e+00 1.17196211e-01
351 8 6.28318531e+00 1.19067696e-01
352 8 6.28318531e+00 1.13009256e-01
353 8 6.28318531e+00 1.15048869e-01
354 8 6.28318531e+00 1.15997930e-01
355 8 6.28318531e+00 1.17543163e-01
356 8 6.28318531e+00 1.20142331e-01
357 8 6.28318531e+00 1.13855148e-01
358 8 6.28318531e+00 1.16287120e-01
359 8 6.28318531e+00 1.14449658e-01
360 8 6.28318531e+00 1.14145530e-01
361 8 6.28318531e+00 1.19945811e-01
362 8 6.28318531e+00 1.12847237e-01
363 8 6.28318531e+00 1.12618067e-01
364 8 6.28318531e+00 1.15220217e-01
365 8 6.28318531e+00 1.13435411e-01
366 8 6.28318531e+00 1.19812118e-01
367 8 6.28318531e+00 1.17040457e-01
368 8 6.28318531e+00 1.14278825e-01
369 8 6.28318531e+00 1.18645206e-01
370 8 6.28318531e+00 1.15350657e-01
371 8 6.28318531e+00 1.14402166e-01
372 8 6.28318531e+00 1.15696136e-01
373 8 6.28318531e+00 1.17566088e-01
374 8 6.28318531e+00 1.14698849e-01
375 8 6.28318531e+00 1.17630107e-01
376 8 6.28318531e+00 1.16654332e-01
377 8 6.28318531e+00 1.16637897e-01
378 8 6.28318531e+00 1.18304776e-01
379 8 6.28318531e+00 1.14262372e-01
380 8 6.28318531e+00 1.17366537e-01
381 8 6.28318531e+00 1.14797826e-01
382 8 6.28318531e+00 1.16078756e-01
383 8 6.28318531e+00 1.17428783e-01
384 8 6.28318531e+00 1.17746460e-01
385 8 6.28318531e+00 1.18717349e-01
386 8 6.28318531e+00 1.11861650e-01
387 8 6.28318531e+00 1.18385145e-01
388 8 6.28318531e+00 1.13234601e-01
389 8 6.28318531e+00 1.13897920e-01
390 8 6.28318531e+00 1.17205540e-01
391 8 6.28318531e+00 1.12954934e-01
392 8 6.28318531e+00 1.18599840e-01
393 8 6.28318531e+00 1.16726459e-01
394 8 6.28318531e+00 1.15360578e-01
395 8 6.28318531e+00 1.14423356e-01
396 8 6.28318531e+00 1.16903278e-01
397 8 6.28318531e+00 1.18656425e-01
398 8 6.28318531e+00 1.20595320e-01
399 8 6.28318531e+00 1.15820498e-01
400 8 6.28318531e+00 1.13534884e-01
401 8 6.28318531e+00 1.17012233e-01
402 8 6.28318531e+00 1.18234803e-01
403 8 6.28318531e+00 1.20052540e-01
404 8 6.28318531e+00 1.17302707e-01
405 8 6.28318531e+00 1.17330048e-01
406 8 6.28318531e+00 1.09976219e-01
407 8 6.28318531e+00 1.18986981e-01
408 8 6.28318531e+00 1.15459812e-01
409 8 6.28318531e+00 1.17692626e-01
410 8 6.28318531e+00 1.10139791e-01
411 8 6.28318531e+00 1.16440432e-01
412 8 6.28318531e+00 1.16409350e-01
413 8 6.28318531e+00 1.22912561e-01
414 8 6.28318531e+00 1.14987496e-01
415 8 6.28318531e+00 1.14948528e-01
416 8 6.28318531e+00 1.18744974e-01
417 8 6.28318531e+00 1.16541682e-01
418 8 6.28318531e+00 1.17062786e-01
419 8 6.28318531e+00 1.18837337e-01
420 8 6.28318531e+00 1.13258928e-01
421 8 6.28318531e+00 1.16977853e-01
422 8 6.28318531e+00 1.12547061e-01
423 8 6.28318531e+00 1.16922207e-01
424 8 6.28318531e+00 1.13885268e-01
425 8 6.28318531e+00 1.17134066e-01
426 8 6.28318531e+00 1.13820015e-01
427 8 6.28318531e+00 1.14331729e-01
428 8 6.28318531e+00 1.15384427e-01
429 8 6.28318531e+00 1.17083546e-01
430 8 6.28318531e+00 1.14279401e-01
431 8 6.28318531e+00 1.14396759e-01
432 8 6.28318531e+00 1.13732942e-01
433 8 6.28318531e+00 1.15432533e-01
434 8 6.28318531e+00 1.15478801e-01
435 8 6.28318531e+00 1.16107662e-01
436 8 6.28318531e+00 1.17917880e-01
437 8 6.28318531e+00 1.16531545e-01
438 8 6.28318531e+00 1.15087441e-01
439 8 6.28318531e+00 1.15785492e-01
440 8 6.28318531e+00 1.13017754e-01
441 8 6.28318531e+00 1.11036068e-01
442 8 6.28318531e+00 1.16768809e-01
443 8 6.28318531e+00 1.09978120e-01
444 8 6.28318531e+00 1.17242567e-01
445 8 6.28318531e+00 1.13414982e-01
446 8 6.28318531e+00 1.14612682e-01
447 8 6.28318531e+00 1.16379928e-01
448 8 6.28318531e+00 1.17502432e-01
449 8 6.28318531e+00 1.19296364e-01
450 8 6.28318531e+00 1.19900810e-01
451 8 6.28318531e+00 1.18113033e-01
452 8 6.28318531e+00 1.18484078e-01
453 8 6.28318531e+00 1.20096715e-01
454 8 6.28318531e+00 1.17953213e-01
455 8 6.28318531e+00 1.13480634e-01
456 8 6.28318531e+00 1.13424280e-01
457 8 6.28318531e+00 1.17340433e-01
458 8 6.28318531e+00 1.18009433e-01
459 8 6.28318531e+00 1.16018987e-01
460 8 6.28318531e+00 1.14853778e-01
461 8 6.28318531e+00 1.16170376e-01
462 8 6.28318531e+00 1.15433807e-01
463 8 6.28318531e+00 1.17604163e-01
464 8 6.28318531e+00 1.15592988e-01
465 8 6.28318531e+00 1.14048817e-01
466 8 6.28318531e+00 1.12900629e-01
467 8 6.28318531e+00 1.12156240e-01
468 8 6.28318531e+00 1.12261938e-01
469 8 6.28318531e+00 1.13119564e-01
470 8 6.28318531e+00 1.14694132e-01
471 8 6.28318531e+00 1.14882066e-01
472 8 6.28318531e+00 1.17822981e-01
473 8 6.28318531e+00 1.17528931e-01
474 8 6.28318531e+00 1.16343697e-01
475 8 6.28318531e+00 1.14265736e-01
476 8 6.28318531e+00 1.12357931e-01
477 8 6.28318531e+00 1.16378286e-01
478 8 6.28318531e+00 1.16625855e-01
479 8 6.28318531e+00 1.11643821e-01
480 8 6.28318531e+00 1.09234810e-01
481 8 6.28318531e+00 1.14402548e-01
482 8 6.28318531e+00 1.11548089e-01
483 8 6.28318531e+00 1.15851050e-01
484 8 6.28318531e+00 1.14282055e-01
485 8 6.28318531e+00 1.13381416e-01
486 8 6.28318531e+00 1.17097935e-01
487 8 6.28318531e+00 1.19333780e-01
488 8 6.28318531e+00 1.13807354e-01
489 8 6.28318531e+00 1.16960059e-01
490 8 6.28318531e+00 1.14967578e-01
491 8 6.28318531e+00 1.17096171e-01
492 8 6.28318531e+00 1.20843973e-01
493 8 6.28318531e+00 1.14882526e-01
494 8 6.28318531e+00 1.16049436e-01
495 8 6.28318531e+00 1.20869036e-01
496 8 6.28318531e+00 1.13819445e-01
497 8 6.28318531e+00 1.15375973e-01
498 8 6.28318531e+00 1.13389405e-01
499 8 6.28318531e+00 1.15098301e-01
500 8 6.28318531e+00 1.15387771e-01
501 8 6.28318531e+00 1.15151171e-01
502 8 6.28318531e+00 1.17933437e-01
503 8 6.28318531e+00 1.18240684e-01
504 8 6.28318531e+00 1.14726019e-01
505 8 6.28318531e+00 1.13135581e-01
506 8 6.28318531e+00 1.15687828e-01
507 8 6.28318531e+00 1.15310261e-01
508 8 6.28318531e+00 1.12692937e-01
509 8 6.28318531e+00 1.15529414e-01
510 8 6.28318531e+00 1.20338215e-01
511 8 6.28318531e+00 1.19088308e-01
512 8 6.28318531e+00 1.17040130e-01
513 8 6.28318531e+00 1.16524376e-01
514 8 6.28318531e+00 1.11917630e-01
515 8 6.28318531e+00 1.17007566e-01
516 8 6.28318531e+00 1.13878076e-01
517 8 6.28318531e+00 1.14179780e-01
518 8 6.28318531e+00 1.14467022e-01
519 8 6.28318531e+00 1.14689562e-01
520 8 6.28318531e+00 1.16572303e-01
521 8 6.28318531e+00 1.11360221e-01
522 8 6.28318531e+00 1.18741897e-01
523 8 6.28318531e+00 1.10851614e-01
524 8 6.28318531e+00 1.14407180e-01
525 8 6.28318531e+00 1.17976082e-01
526 8 6.28318531e+00 1.14518348e-01
527 8 6.28318531e+00 1.13056702e-01
528 8 6.28318531e+00 1.17017884e-01
529 8 6.28318531e+00 1.17364039e-01
530 8 6.28318531e+00 1.09561073e-01
531 8 6.28318531e+00 1.10247584e-01
532 8 6.28318531e+00 1.14653733e-01
533 8 6.28318531e+00 1.15310215e-01
534 8 6.28318531e+00 1.15261557e-01
535 8 6.28318531e+00 1.16589516e-01
536 8 6.28318531e+00 1.20681090e-01
537 8 6.28318531e+00 1.19861418e-01
538 8 6.28318531e+00 1.15384748e-01
539 8 6.28318531e+00 1.19130610e-01
540 8 6.28318531e+00 1.15360007e-01
541 8 6.28318531e+00 1.17146452e-01
542 8 6.28318531e+00 1.20551283e-01
543 8 6.28318531e+00 1.14072028e-01
544 8 6.28318531e+00 1.17354964e-01
545 8 6.28318531e+00 1.15919893e-01
546 8 6.28318531e+00 1.17438283e-01
547 8 6.28318531e+00 1.19567699e-01
548 8 6.28318531e+00 1.13325352e-01
549 8 6.28318531e+00 1.13442666e-01
550 8 6.28318531e+00 1.18042963e-01
551 8 6.28318531e+00 1.13241030e-01
552 8 6.28318531e+00 1.16525530e-01
553 8 6.28318531e+00 1.14714974e-01
554 8 6.28318531e+00 1.14799743e-01
555 8 6.28318531e+00 1.13686450e-01
556 8 6.28318531e+00 1.15751199e-01
557 8 6.28318531e+00 1.17322532e-01
558 8 6.28318531e+00 1.16041473e-01
559 8 6.28318531e+00 1.15446618e-01
560 8 6.28318531e+00 1.16880666e-01
561 8 6.28318531e+00 1.13663061e-01
562 8 6.28318531e+00 1.19681183e-01
563 8 6.28318531e+00 1.16437435e-01
564 8 6.28318531e+00 1.19407893e-01
565 8 6.28318531e+00 1.16070210e-01
566 8 6.28318531e+00 1.13086434e-01
567 8 6.28318531e+00 1.14501611e-01
568 8 6.28318531e+00 1.17762372e-01
569 8 6.28318531e+00 1.15061467e-01
570 8 6.28318531e+00 1.12222807e-01
571 8 6.28318531e+00 1.14844336e-01
572 8 6.28318531e+00 1.13914571e-01
573 8 6.28318531e+00 1.16518620e-01
574 8 6.28318531e+00 1.12615869e-01
575 8 6.28318531e+00 1.16073772e-01
576 8 6.28318531e+00 1.16988145e-01
577 8 6.28318531e+00 1.13567379e-01
578 8 6.28318531e+00 1.13947775e-01
579 8 6.28318531e+00 1.14948649e-01
580 8 6.28318531e+00 1.14976957e-01
581 8 6.28318531e+00 1.13756667e-01
582 8 6.28318531e+00 1.14511098e-01
583 8 6.28318531e+00 1.18657838e-01
584 8 6.28318531e+00 1.13222385e-01
585 8 6.28318531e+00 1.15945992e-01
586 8 6.28318531e+00 1.16578216e-01
587 8 6.28318531e+00 1.17888279e-01
588 8 6.28318531e+00 1.15059543e-01
589 8 6.28318531e+00 1.17152375e-01
590 8 6.28318531e+00 1.13653646e-01
591 8 6.28318531e+00 1.12806676e-01
592 8 6.28318531e+00 1.17725776e-01
593 8 6.28318531e+00 1.19444445e-01
594 8 6.28318531e+00 1.13850523e-01
595 8 6.28318531e+00 1.14301905e-01
596 8 6.28318531e+00 1.16852452e-01
597 8 6.28318531e+00 1.15221382e-01
598 8 6.28318531e+00 1.16024806e-01
599 8 6.28318531e+00 1.14844461e-01
600 8 6.28318531e+00 1.16116136e-01
601 8 6.28318531e+00 1.18518292e-01
602 8 6.28318531e+00 1.16103089e-01
603 8 6.28318531e+00 1.16772082e-01
604 8 6.28318531e+00 1.15306382e-01
605 8 6.28318531e+00 1.16854110e-01
606 8 6.28318531e+00 1.15432088e-01
607 8 6.28318531e+00 1.15794234e-01
608 8 6.28318531e+00 1.16107083e-01
609 8 6.28318531e+00 1.09602839e-01
610 8 6.28318531e+00 1.14894003e-01
611 8 6.28318531e+00 1.15012830e-01
612 8 6.28318531e+00 1.17377871e-01
613 8 6.28318531e+00 1.13983250e-01
614 8 6.28318531e+00 1.16485966e-01
615 8 6.28318531e+00 1.11110258e-01
616 8 6.28318531e+00 1.18569150e-01
617 8 6.28318531e+00 1.17396052e-01
618 8 6.28318531e+00 1.14689215e-01
619 8 6.28318531e+00 1.14631102e-01
620 8 6.28318531e+00 1.17771392e-01
621 8 6.28318531e+00 1.11401129e-01
622 8 6.28318531e+00 1.14369825e-01
623 8 6.28318531e+00 1.16496823e-01
624 8 6.28318531e+00 1.17384558e-01
625 8 6.28318531e+00 1.16963472e-01
626 8 6.28318531e+00 1.12989911e-01
627 8 6.28318531e+00 1.16942317e-01
628 8 6.28318531e+00 1.17120482e-01
629 8 6.28318531e+00 1.14156124e-01
630 8 6.28318531e+00 1.15308786e-01
631 8 6.28318531e+00 1.14477557e-01
632 8 6.28318531e+00 1.18619451e-01
633 8 6.28318531e+00 1.15794990e-01
634 8 6.28318531e+00 1.18027803e-01
635 8 6.28318531e+00 1.14027262e-01
636 8 6.28318531e+00 1.14068726e-01
637 8 6.28318531e+00 1.09424675e-01
638 8 6.28318531e+00 1.14834426e-01
639 8 6.28318531e+00 1.14382515e-01
640 8 6.28318531e+00 1.15023723e-01
641 8 6.28318531e+00 1.19292036e-01
642 8 6.28318531e+00 1.11244365e-01
643 8 6.28318531e+00 1.16855852e-01
644 8 6.28318531e+00 1.19342796e-01
645 8 6.28318531e+00 1.12176011e-01
646 8 6.28318531e+00 1.10710320e-01
647 8 6.28318531e+00 1.09299314e-01
648 8 6.28318531e+00 1.13905768e-01
649 8 6.28318531e+00 1.10832015e-01
650 8 6.28318531e+00 1.15416338e-01
651 8 6.28318531e+00 1.15577081e-01
652 8 6.28318531e+00 1.11708573e-01
653 8 6.28318531e+00 1.18679662e-01
654 8 6.28318531e+00 1.13695607e-01
655 8 6.28318531e+00 1.14381491e-01
656 8 6.28318531e+00 1.16454795e-01
657 8 6.28318531e+00 1.17057367e-01
658 8 6.28318531e+00 1.18899150e-01
659 8 6.28318531e+00 1.13708786e-01
660 8 6.28318531e+00 1.14770758e-01
661 8 6.28318531e+00 1.15239551e-01
662 8 6.28318531e+00 1.16762343e-01
663 8 6.28318531e+00 1.19423385e-01
664 8 6.28318531e+00 1.13846235e-01
665 8 6.28318531e+00 1.13686994e-01
666 8 6.28318531e+00 1.16605878e-01
667 8 6.28318531e+00 1.14567614e-01
668 8 6.28318531e+00 1.14575264e-01
669 8 6.28318531e+00 1.14802280e-01
670 8 6.28318531e+00 1.20468625e-01
671 8 6.28318531e+00 1.15096510e-01
672 8 6.28318531e+00 1.17048741e-01
673 8 6.28318531e+00 1.17497708e-01
674 8 6.28318531e+00 1.12827694e-01
675 8 6.28318531e+00 1.16243666e-01
676 8 6.28318531e+00 1.16671196e-01
677 8 6.28318531e+00 1.16145787e-01
678 8 6.28318531e+00 1.18413063e-01
679 8 6.28318531e+00 1.15259616e-01
680 8 6.28318531e+00 1.19710632e-01
681 8 6.28318531e+00 1.14661268e-01
682 8 6.28318531e+00 1.12924737e-01
683 8 6.28318531e+00 1.12265914e-01
684 8 6.28318531e+00 1.18559234e-01
685 8 6.28318531e+00 1.18612341e-01
686 8 6.28318531e+00 1.17561539e-01
687 8 6.28318531e+00 1.16145266e-01
688 8 6.28318531e+00 1.13199344e-01
689 8 6.28318531e+00 1.12886372e-01
690 8 6.28318531e+00 1.16126997e-01
691 8 6.28318531e+00 1.16066702e-01
692 8 6.28318531e+00 1.12323450e-01
693 8 6.28318531e+00 1.17564838e-01
694 8 6.28318531e+00 1.11276496e-01
695 8 6.28318531e+00 1.13346031e-01
696 8 6.28318531e+00 1.14817953e-01
697 8 6.28318531e+00 1.16816242e-01
698 8 6.28318531e+00 1.13897527e-01
699 8 6.28318531e+00 1.11913510e-01
700 8 6.28318531e+00 1.14793094e-01
701 8 6.28318531e+00 1.14645049e-01
702 8 6.28318531e+00 1.12346358e-01
703 8 6.28318531e+00 1.22247758e-01
704 8 6.28318531e+00 1.14495374e-01
705 8 6.28318531e+00 1.16738935e-01
706 8 6.28318531e+00 1.17586588e-01
707 8 6.28318531e+00 1.14169824e-01
708 8 6.28318531e+00 1.19354718e-01
709 8 6.28318531e+00 1.16916638e-01
710 8 6.28318531e+00 1.16107695e-01
711 8 6.28318531e+00 1.16516100e-01
712 8 6.28318531e+00 1.16324474e-01
713 8 6.28318531e+00 1.14702324e-01
714 8 6.28318531e+00 1.11652671e-01
715 8 6.28318531e+00 1.16157035e-01
716 8 6.28318531e+00 1.15020982e-01
717 8 6.28318531e+00 1.14588693e-01
718 8 6.28318531e+00 1.10430502e-01
719 8 6.28318531e+00 1.14405527e-01
720 8 6.28318531e+00 1.12458358e-01
721 8 6.28318531e+00 1.16444767e-01
722 8 6.28318531e+00 1.16258797e-01
723 8 6.28318531e+00 1.18109748e-01
724 8 6.28318531e+00 1.13378856e-01
725 8 6.28318531e+00 1.15625162e-01
726 8 6.28318531e+00 1.19160062e-01
727 8 6.28318531e+00 1.13997552e-01
728 8 6.28318531e+00 1.16261023e-01
729 8 6.28318531e+00 1.20306729e-01
730 8 6.28318531e+00 1.10878060e-01
731 8 6.28318531e+00 1.14931069e-01
732 8 6.28318531e+00 1.15792777e-01
733 8 6.28318531e+00 1.13593024e-01
734 8 6.28318531e+00 1.17741036e-01
735 8 6.28318531e+00 1.20987225e-01
736 8 6.28318531e+00 1.12664141e-01
737 8 6.28318531e+00 1.13736122e-01
738 8 6.28318531e+00 1.18014259e-01
739 8 6.28318531e+00 1.13524470e-01
740 8 6.28318531e+00 1.15536711e-01
741 8 6.28318531e+00 1.14719784e-01
742 8 6.28318531e+00 1.11015549e-01
743 8 6.28318531e+00 1.16519162e-01
744 8 6.28318531e+00 1.15700954e-01
745 8 6.28318531e+00 1.16358783e-01
746 8 6.28318531e+00 1.13999774e-01
747 8 6.28318531e+00 1.17276253e-01
748 8 6.28318531e+00 1.15594560e-01
749 8 6.28318531e+00 1.12970141e-01
750 8 6.28318531e+00 1.15895300e-01
751 8 6.28318531e+00 1.21922477e-01
752 8 6.28318531e+00 1.23380465e-01
753 8 6.28318531e+00 1.16902255e-01
754 8 6.28318531e+00 1.17363500e-01
755 8 6.28318531e+00 1.17375238e-01
756 8 6.28318531e+00 1.16425260e-01
757 8 6.28318531e+00 1.16352960e-01
758 8 6.28318531e+00 1.19500303e-01
759 8 6.28318531e+00 1.16060542e-01
760 8 6.28318531e+00 1.15602550e-01
761 8 6.28318531e+00 1.17761791e-01
762 8 6.28318531e+00 1.18203847e-01
763 8 6.28318531e+00 1.22816569e-01
764 8 6.28318531e+00 1.20440868e-01
765 8 6.28318531e+00 1.17879587e-01
766 8 6.28318531e+00 1.15765006e-01
767 8 6.28318531e+00 1.10906875e-01
768 8 6.28318531e+00 1.17869112e-01
769 8 6.28318531e+00 1.17809400e-01
770 8 6.28318531e+00 1.13770618e-01
771 8 6.28318531e+00 1.15293431e-01
772 8 6.28318531e+00 1.14141687e-01
773 8 6.28318531e+00 1.12613692e-01
774 8 6.28318531e+00 1.16310004e-01
775 8 6.28318531e+00 1.19231682e-01
776 8 6.28318531e+00 1.12593490e-01
777 8 6.28318531e+00 1.16989222e-01
778 8 6.28318531e+00 1.16773311e-01
779 8 6.28318531e+00 1.14986603e-01
780 8 6.28318531e+00 1.17756551e-01
781 8 6.28318531e+00 1.12803593e-01
782 8 6.28318531e+00 1.15745824e-01
783 8 6.28318531e+00 1.12839880e-01
784 8 6.28318531e+00 1.17930572e-01
785 8 6.28318531e+00 1.16786232e-01
786 8 6.28318531e+00 1.12783568e-01
787 8 6.28318531e+00 1.12808078e-01
788 8 6.28318531e+00 1.16356756e-01
789 8 6.28318531e+00 1.14590702e-01
790 8 6.28318531e+00 1.16562955e-01
791 8 6.28318531e+00 1.17440006e-01
792 8 6.28318531e+00 1.15858607e-01
793 8 6.28318531e+00 1.14358815e-01
794 8 6.28318531e+00 1.14954315e-01
795 8 6.28318531e+00 1.15985763e-01
796 8 6.28318531e+00 1.16964327e-01
797 8 6.28318531e+00 1.15320400e-01
798 8 6.28318531e+00 1.15137679e-01
799 8 6.28318531e+00 1.12352909e-01
800 8 6.28318531e+00 1.18178064e-01
801 8 6.28318531e+00 1.19033628e-01
802 8 6.28318531e+00 1.14837161e-01
803 8 6.28318531e+00 1.22884702e-01
804 8 6.28318531e+00 1.17728921e-01
805 8 6.28318531e+00 1.17173853e-01
806 8 6.28318531e+00 1.14089394e-01
807 8 6.28318531e+00 1.18616598e-01
808 8 6.28318531e+00 1.12802440e-01
809 8 6.28318531e+00 1.17070762e-01
810 8 6.28318531e+00 1.14190695e-01
811 8 6.28318531e+00 1.18505304e-01
812 8 6.28318531e+00 1.10587523e-01
813 8 6.28318531e+00 1.16405685e-01
814 8 6.28318531e+00 1.12633950e-01
815 8 6.28318531e+00 1.16916194e-01
816 8 6.28318531e+00 1.17597349e-01
817 8 6.28318531e+00 1.16068145e-01
818 8 6.28318531e+00 1.14656531e-01
819 8 6.28318531e+00 1.19334475e-01
820 8 6.28318531e+00 1.17360693e-01
821 8 6.28318531e+00 1.12098895e-01
822 8 6.28318531e+00 1.16701473e-01
823 8 6.28318531e+00 1.13864355e-01
824 8 6.28318531e+00 1.14187640e-01
825 8 6.28318531e+00 1.14699637e-01
826 8 6.28318531e+00 1.19438053e-01
827 8 6.28318531e+00 1.16349542e-01
828 8 6.28318531e+00 1.21213490e-01
829 8 6.28318531e+00 1.13203213e-01
830 8 6.28318531e+00 1.16563480e-01
831 8 6.28318531e+00 1.13279551e-01
832 8 6.28318531e+00 1.14597265e-01
833 8 6.28318531e+00 1.16777456e-01
834 8 6.28318531e+00 1.16856153e-01
835 8 6.28318531e+00 1.12848538e-01
836 8 6.28318531e+00 1.16796617e-01
837 8 6.28318531e+00 1.14703699e-01
838 8 6.28318531e+00 1.15217737e-01
839 8 6.28318531e+00 1.11683055e-01
840 8 6.28318531e+00 1.15764773e-01
841 8 6.28318531e+00 1.14084204e-01
842 8 6.28318531e+00 1.16541695e-01
843 8 6.28318531e+00 1.18268394e-01
844 8 6.28318531e+00 1.15791262e-01
845 8 6.28318531e+00 1.14528125e-01
846 8 6.28318531e+00 1.11728414e-01
847 8 6.28318531e+00 1.12684956e-01
848 8 6.28318531e+00 1.11739351e-01
849 8 6.28318531e+00 1.16299072e-01
850 8 6.28318531e+00 1.13311439e-01
851 8 6.28318531e+00 1.16857592e-01
852 8 6.28318531e+00 1.20678086e-01
853 8 6.28318531e+00 1.16069224e-01
854 8 6.28318531e+00 1.13042138e-01
855 8 6.28318531e+00 1.15330911e-01
856 8 6.28318531e+00 1.16726392e-01
857 8 6.28318531e+00 1.16206268e-01
858 8 6.28318531e+00 1.22315429e-01
859 8 6.28318531e+00 1.18599548e-01
860 8 6.28318531e+00 1.13267729e-01
861 8 6.28318531e+00 1.10149019e-01
862 8 6.28318531e+00 1.16180039e-01
863 8 6.28318531e+00 1.19563450e-01
864 8 6.28318531e+00 1.13597975e-01
865 8 6.28318531e+00 1.13457672e-01
866 8 6.28318531e+00 1.17938923e-01
867 8 6.28318531e+00 1.14880803e-01
868 8 6.28318531e+00 1.16176310e-01
869 8 6.28318531e+00 1.12972610e-01
870 8 6.28318531e+00 1.14203038e-01
871 8 6.28318531e+00 1.16757316e-01
872 8 6.28318531e+00 1.11894935e-01
873 8 6.28318531e+00 1.12848392e-01
874 8 6.28318531e+00 1.16305655e-01
875 8 6.28318531e+00 1.16866877e-01
876 8 6.28318531e+00 1.12681238e-01
877 8 6.28318531e+00 1.13499707e-01
878 8 6.28318531e+00 1.15053603e-01
879 8 6.28318531e+00 1.15108254e-01
880 8 6.28318531e+00 1.18750166e-01
881 8 6.28318531e+00 1.13771206e-01
882 8 6.28318531e+00 1.16052184e-01
883 8 6.28318531e+00 1.12854758e-01
884 8 6.28318531e+00 1.13095569e-01
885 8 6.28318531e+00 1.15919195e-01
886 8 6.28318531e+00 1.12143163e-01
887 8 6.28318531e+00 1.18336691e-01
888 8 6.28318531e+00 1.09674540e-01
889 8 6.28318531e+00 1.15395689e-01
890 8 6.28318531e+00 1.16172797e-01
891 8 6.28318531e+00 1.20226203e-01
892 8 6.28318531e+00 1.19049493e-01
893 8 6.28318531e+00 1.16494005e-01
894 8 6.28318531e+00 1.15366641e-01
895 8 6.28318531e+00 1.15503702e-01
896 8 6.28318531e+00 1.12766393e-01
897 8 6.28318531e+00 1.15915490e-01
898 8 6.28318531e+00 1.13406056e-01
899 8 6.28318531e+00 1.10071189e-01
900 8 6.28318531e+00 1.14277683e-01
901 8 6.28318531e+00 1.13654775e-01
902 8 6.28318531e+00 1.15049296e-01
903 8 6.28318531e+00 1.15727003e-01
904 8 6.28318531e+00 1.18432095e-01
905 8 6.28318531e+00 1.13190029e-01
906 8 6.28318531e+00 1.14560994e-01
907 8 6.28318531e+00 1.15535728e-01
908 8 6.28318531e+00 1.17925244e-01
909 8 6.28318531e+00 1.17173178e-01
910 8 6.28318531e+00 1.16262640e-01
911 8 6.28318531e+00 1.15184496e-01
912 8 6.28318531e+00 1.14244635e-01
913 8 6.28318531e+00 1.14914794e-01
914 8 6.28318531e+00 1.18855076e-01
915 8 6.28318531e+00 1.16333508e-01
916 8 6.28318531e+00 1.12318658e-01
917 8 6.28318531e+00 1.14672191e-01
918 8 6.28318531e+00 1.17972637e-01
919 8 6.28318531e+00 1.15995197e-01
920 8 6.28318531e+00 1.15002670e-01
921 8 6.28318531e+00 1.15383453e-01
922 8 6.28318531e+00 1.16451882e-01
923 8 6.28318531e+00 1.10154676e-01
924 8 6.28318531e+00 1.13696843e-01
925 8 6.28318531e+00 1.22369295e-01
926 8 6.28318531e+00 1.18877489e-01
927 8 6.28318531e+00 1.19280288e-01
928 8 6.28318531e+00 1.11495021e-01
929 8 6.28318531e+00 1.13335496e-01
930 8 6.28318531e+00 1.15014843e-01
931 8 6.28318531e+00 1.13940494e-01
932 8 6.28318531e+00 1.21059747e-01
933 8 6.28318531e+00 1.12331453e-01
934 8 6.28318531e+00 1.17844959e-01
935 8 6.28318531e+00 1.16184945e-01
936 8 6.28318531e+00 1.15710108e-01
937 8 6.28318531e+00 1.13237435e-01
938 8 6.28318531e+00 1.11637399e-01
939 8 6.28318531e+00 1.13116145e-01
940 8 6.28318531e+00 1.17856328e-01
941 8 6.28318531e+00 1.15894807e-01
942 8 6.28318531e+00 1.18830122e-01
943 8 6.28318531e+00 1.15225852e-01
944 8 6.28318531e+00 1.13042612e-01
945 8 6.28318531e+00 1.13578974e-01
946 8 6.28318531e+00 1.15947275e-01
947 8 6.28318531e+00 1.18888551e-01
948 8 6.28318531e+00 1.14998729e-01
949 8 6.28318531e+00 1.13379364e-01
950 8 6.28318531e+00 1.13781164e-01
951 8 6.28318531e+00 1.13743328e-01
952 8 6.28318531e+00 1.14717760e-01
953 8 6.28318531e+00 1.18829078e-01
954 8 6.28318531e+00 1.14671572e-01
955 8 6.28318531e+00 1.16007952e-01
956 8 6.28318531e+00 1.17609756e-01
957 8 6.28318531e+00 1.17774315e-01
958 8 6.28318531e+00 1.13989437e-01
959 8 6.28318531e+00 1.19671615e-01
960 8 6.28318531e+00 1.13336470e-01
961 8 6.28318531e+00 1.14022192e-01
962 8 6.28318531e+00 1.15692567e-01
963 8 6.28318531e+00 1.13732097e-01
964 8 6.28318531e+00 1.14774822e-01
965 8 6.28318531e+00 1.12925044e-01
966 8 6.28318531e+00 1.15123433e-01
967 8 6.28318531e+00 1.15683550e-01
968 8 6.28318531e+00 1.16894839e-01
969 8 6.28318531e+00 1.13903310e-01
970 8 6.28318531e+00 1.17966192e-01
971 8 6.28318531e+00 1.13283888e-01
972 8 6.28318531e+00 1.13729168e-01
973 8 6.28318531e+00 1.17212450e-01
974 8 6.28318531e+00 1.17992263e-01
975 8 6.28318531e+00 1.17454877e-01
976 8 6.28318531e+00 1.12665310e-01
977 8 6.28318531e+00 1.18832468e-01
978 8 6.28318531e+00 1.12287435e-01
979 8 6.28318531e+00 1.13972570e-01
980 8 6.28318531e+00 1.11643923e-01
981 8 6.28318531e+00 1.15755898e-01
982 8 6.28318531e+00 1.17712093e-01
983 8 6.28318531e+00 1.14899685e-01
984 8 6.28318531e+00 1.16853511e-01
985 8 6.28318531e+00 1.16830812e-01
986 8 6.28318531e+00 1.17613960e-01
987 8 6.28318531e+00 1.16052073e-01
988 8 6.28318531e+00 1.15010814e-01
989 8 6.28318531e+00 1.19156536e-01
990 8 6.28318531e+00 1.13190143e-01
991 8 6.28318531e+00 1.11819348e-01
992 8 6.28318531e+00 1.13495343e-01
993 8 6.28318531e+00 1.17423753e-01
994 8 6.28318531e+00 1.12423389e-01
995 8 6.28318531e+00 1.14092632e-01
996 8 6.28318531e+00 1.12893013e-01
997 8 6.28318531e+00 1.11403720e-01
998 8 6.28318531e+00 1.18046291e-01
999 8 6.28318531e+00 1.14630364e-01
1000 8 6.28318531e+00 1.14737371e-01
1001 8 6.28318531e+00 1.15832359e-01
1002 8 6.28318531e+00 1.14630161e-01
1003 8 6.28318531e+00 1.13195877e-01
1004 8 6.28318531e+00 1.14235920e-01
1005 8 6.28318531e+00 1.12514028e-01
1006 8 6.28318531e+00 1.16748775e-01
1007 8 6.28318531e+00 1.18518717e-01
1008 8 6.28318531e+00 1.12367367e-01
1009 8 6.28318531e+00 1.13943526e-01
1010 8 6.28318531e+00 1.15746854e-01
1011 8 6.28318531e+00 1.16910657e-01
1012 8 6.28318531e+00 1.15359494e-01
