a15m310 Wilson3 pz4 0.151fm zmax5
config z nu=p.z RpITD
0 1 1.57079633e+00 1.38444412e-02
1 1 1.57079633e+00 1.40724466e-02
2 1 1.57079633e+00 1.44397220e-02
3 1 1.57079633e+00 1.39019350e-02
4 1 1.57079633e+00 1.46240538e-02
5 1 1.57079633e+00 1.42831905e-02
6 1 1.57079633e+00 1.37121769e-02
7 1 1.57079633e+00 1.44218303e-02
8 1 1.57079633e+00 1.38020327e-02
9 1 1.57079633e+00 1.45350683e-02
10 1 1.57079633e+00 1.45683491e-02
11 1 1.57079633e+00 1.43563142e-02
12 1 1.57079633e+00 1.43292588e-02
13 1 1.57079633e+00 1.44915496e-02
14 1 1.57079633e+00 1.40399143e-02
15 1 1.57079633e+00 1.40506321e-02
16 1 1.57079633e+00 1.38465035e-02
17 1 1.57079633e+00 1.46717887e-02
18 1 1.57079633e+00 1.43189886e-02
19 1 1.57079633e+00 1.43460116e-02
20 1 1.57079633e+00 1.41358634e-02
21 1 1.57079633e+00 1.43554821e-02
22 1 1.57079633e+00 1.38726204e-02
23 1 1.57079633e+00 1.48520523e-02
24 1 1.57079633e+00 1.38950892e-02
25 1 1.57079633e+00 1.41500691e-02
26 1 1.57079633e+00 1.40644723e-02
27 1 1.57079633e+00 1.39179147e-02
28 1 1.57079633e+00 1.45298437e-02
29 1 1.57079633e+00 1.46814957e-02
30 1 1.57079633e+00 1.38286306e-02
31 1 1.57079633e+00 1.41209419e-02
32 1 1.57079633e+00 1.38623433e-02
33 1 1.57079633e+00 1.40736421e-02
34 1 1.57079633e+00 1.42232495e-02
35 1 1.57079633e+00 1.44181477e-02
36 1 1.57079633e+00 1.38451308e-02
37 1 1.57079633e+00 1.42039039e-02
38 1 1.57079633e+00 1.39234557e-02
39 1 1.57079633e+00 1.41376718e-02
40 1 1.57079633e+00 1.40468093e-02
41 1 1.57079633e+00 1.41709370e-02
42 1 1.57079633e+00 1.46846853e-02
43 1 1.57079633e+00 1.44260773e-02
44 1 1.57079633e+00 1.41686377e-02
45 1 1.57079633e+00 1.39799223e-02
46 1 1.57079633e+00 1.44743678e-02
47 1 1.57079633e+00 1.41424052e-02
48 1 1.57079633e+00 1.39551093e-02
49 1 1.57079633e+00 1.42005550e-02
50 1 1.57079633e+00 1.48838422e-02
51 1 1.57079633e+00 1.41262847e-02
52 1 1.57079633e+00 1.43127420e-02
53 1 1.57079633e+00 1.44865332e-02
54 1 1.57079633e+00 1.41967844e-02
55 1 1.57079633e+00 1.40801660e-02
56 1 1.57079633e+00 1.45637261e-02
57 1 1.57079633e+00 1.40705518e-02
58 1 1.57079633e+00 1.42091376e-02
59 1 1.57079633e+00 1.42707285e-02
60 1 1.57079633e+00 1.40804436e-02
61 1 1.57079633e+00 1.42362128e-02
62 1 1.57079633e+00 1.44439260e-02
63 1 1.57079633e+00 1.46743837e-02
64 1 1.57079633e+00 1.45098267e-02
65 1 1.57079633e+00 1.43679714e-02
66 1 1.57079633e+00 1.45510692e-02
67 1 1.57079633e+00 1.45411320e-02
68 1 1.57079633e+00 1.41379120e-02
69 1 1.57079633e+00 1.42129310e-02
70 1 1.57079633e+00 1.48389292e-02
71 1 1.57079633e+00 1.38584667e-02
72 1 1.57079633e+00 1.36740427e-02
73 1 1.57079633e+00 1.43961487e-02
74 1 1.57079633e+00 1.43337207e-02
75 1 1.57079633e+00 1.42260253e-02
76 1 1.57079633e+00 1.47091650e-02
77 1 1.57079633e+00 1.41937479e-02
78 1 1.57079633e+00 1.41083046e-02
79 1 1.57079633e+00 1.39551246e-02
80 1 1.57079633e+00 1.45100211e-02
81 1 1.57079633e+00 1.44323055e-02
82 1 1.57079633e+00 1.41189689e-02
83 1 1.57079633e+00 1.41347227e-02
84 1 1.57079633e+00 1.40456620e-02
85 1 1.57079633e+00 1.47860834e-02
86 1 1.57079633e+00 1.43666335e-02
87 1 1.57079633e+00 1.42850249e-02
88 1 1.57079633e+00 1.44793188e-02
89 1 1.57079633e+00 1.42031550e-02
90 1 1.57079633e+00 1.43914589e-02
91 1 1.57079633e+00 1.43130985e-02
92 1 1.57079633e+00 1.41446698e-02
93 1 1.57079633e+00 1.45104144e-02
94 1 1.57079633e+00 1.46464714e-02
95 1 1.57079633e+00 1.44992990e-02
96 1 1.57079633e+00 1.43755083e-02
97 1 1.57079633e+00 1.42966101e-02
98 1 1.57079633e+00 1.44547415e-02
99 1 1.57079633e+00 1.44136376e-02
100 1 1.57079633e+00 1.41212025e-02
101 1 1.57079633e+00 1.46441186e-02
102 1 1.57079633e+00 1.39950331e-02
103 1 1.57079633e+00 1.37850183e-02
104 1 1.57079633e+00 1.45230852e-02
105 1 1.57079633e+00 1.44861100e-02
106 1 1.57079633e+00 1.34561016e-02
107 1 1.57079633e+00 1.44584554e-02
108 1 1.57079633e+00 1.44971709e-02
109 1 1.57079633e+00 1.44421795e-02
110 1 1.57079633e+00 1.43139479e-02
111 1 1.57079633e+00 1.39911374e-02
112 1 1.57079633e+00 1.36326158e-02
113 1 1.57079633e+00 1.42659214e-02
114 1 1.57079633e+00 1.40734227e-02
115 1 1.57079633e+00 1.43027410e-02
116 1 1.57079633e+00 1.42059638e-02
117 1 1.57079633e+00 1.42354010e-02
118 1 1.57079633e+00 1.45549404e-02
119 1 1.57079633e+00 1.40048120e-02
120 1 1.57079633e+00 1.36135541e-02
121 1 1.57079633e+00 1.41000197e-02
122 1 1.57079633e+00 1.39721668e-02
123 1 1.57079633e+00 1.46247831e-02
124 1 1.57079633e+00 1.43641156e-02
125 1 1.57079633e+00 1.40179857e-02
126 1 1.57079633e+00 1.46327153e-02
127 1 1.57079633e+00 1.39911043e-02
128 1 1.57079633e+00 1.44397125e-02
129 1 1.57079633e+00 1.39142939e-02
130 1 1.57079633e+00 1.41720560e-02
131 1 1.57079633e+00 1.39314278e-02
132 1 1.57079633e+00 1.39214177e-02
133 1 1.57079633e+00 1.38769296e-02
134 1 1.57079633e+00 1.44263843e-02
135 1 1.57079633e+00 1.40984478e-02
136 1 1.57079633e+00 1.39505713e-02
137 1 1.57079633e+00 1.41783450e-02
138 1 1.57079633e+00 1.44763688e-02
139 1 1.57079633e+00 1.37210766e-02
140 1 1.57079633e+00 1.43915132e-02
141 1 1.57079633e+00 1.43795330e-02
142 1 1.57079633e+00 1.46205062e-02
143 1 1.57079633e+00 1.41262235e-02
144 1 1.57079633e+00 1.42158082e-02
145 1 1.57079633e+00 1.42039991e-02
146 1 1.57079633e+00 1.45702929e-02
147 1 1.57079633e+00 1.40239078e-02
148 1 1.57079633e+00 1.43650497e-02
149 1 1.57079633e+00 1.44363980e-02
150 1 1.57079633e+00 1.40184130e-02
151 1 1.57079633e+00 1.42907139e-02
152 1 1.57079633e+00 1.39181257e-02
153 1 1.57079633e+00 1.40174884e-02
154 1 1.57079633e+00 1.42702004e-02
155 1 1.57079633e+00 1.42592403e-02
156 1 1.57079633e+00 1.47209703e-02
157 1 1.57079633e+00 1.42754580e-02
158 1 1.57079633e+00 1.48098728e-02
159 1 1.57079633e+00 1.43722214e-02
160 1 1.57079633e+00 1.42135092e-02
161 1 1.57079633e+00 1.42032237e-02
162 1 1.57079633e+00 1.43617605e-02
163 1 1.57079633e+00 1.47537935e-02
164 1 1.57079633e+00 1.36910698e-02
165 1 1.57079633e+00 1.38830372e-02
166 1 1.57079633e+00 1.45832979e-02
167 1 1.57079633e+00 1.43882104e-02
168 1 1.57079633e+00 1.42975648e-02
169 1 1.57079633e+00 1.43014528e-02
170 1 1.57079633e+00 1.42755050e-02
171 1 1.57079633e+00 1.42501352e-02
172 1 1.57079633e+00 1.44617325e-02
173 1 1.57079633e+00 1.46784642e-02
174 1 1.57079633e+00 1.47102551e-02
175 1 1.57079633e+00 1.48168140e-02
176 1 1.57079633e+00 1.47849433e-02
177 1 1.57079633e+00 1.43533434e-02
178 1 1.57079633e+00 1.37925056e-02
179 1 1.57079633e+00 1.44140483e-02
180 1 1.57079633e+00 1.41685450e-02
181 1 1.57079633e+00 1.42085638e-02
182 1 1.57079633e+00 1.43169852e-02
183 1 1.57079633e+00 1.43118475e-02
184 1 1.57079633e+00 1.44051960e-02
185 1 1.57079633e+00 1.41799058e-02
186 1 1.57079633e+00 1.40497891e-02
187 1 1.57079633e+00 1.40192093e-02
188 1 1.57079633e+00 1.40622927e-02
189 1 1.57079633e+00 1.41611005e-02
190 1 1.57079633e+00 1.43059188e-02
191 1 1.57079633e+00 1.46870994e-02
192 1 1.57079633e+00 1.44447782e-02
193 1 1.57079633e+00 1.42473437e-02
194 1 1.57079633e+00 1.44069258e-02
195 1 1.57079633e+00 1.45359537e-02
196 1 1.57079633e+00 1.42845077e-02
197 1 1.57079633e+00 1.44896992e-02
198 1 1.57079633e+00 1.44091362e-02
199 1 1.57079633e+00 1.45380235e-02
200 1 1.57079633e+00 1.38932095e-02
201 1 1.57079633e+00 1.39492095e-02
202 1 1.57079633e+00 1.39653284e-02
203 1 1.57079633e+00 1.37370951e-02
204 1 1.57079633e+00 1.41244111e-02
205 1 1.57079633e+00 1.47991589e-02
206 1 1.57079633e+00 1.38520182e-02
207 1 1.57079633e+00 1.40680407e-02
208 1 1.57079633e+00 1.44874277e-02
209 1 1.57079633e+00 1.43370492e-02
210 1 1.57079633e+00 1.38606422e-02
211 1 1.57079633e+00 1.43092469e-02
212 1 1.57079633e+00 1.40812873e-02
213 1 1.57079633e+00 1.40083787e-02
214 1 1.57079633e+00 1.42578246e-02
215 1 1.57079633e+00 1.48818405e-02
216 1 1.57079633e+00 1.41748856e-02
217 1 1.57079633e+00 1.46226089e-02
218 1 1.57079633e+00 1.48864742e-02
219 1 1.57079633e+00 1.42883553e-02
220 1 1.57079633e+00 1.44907067e-02
221 1 1.57079633e+00 1.44233989e-02
222 1 1.57079633e+00 1.43267694e-02
223 1 1.57079633e+00 1.49461227e-02
224 1 1.57079633e+00 1.35236402e-02
225 1 1.57079633e+00 1.40916207e-02
226 1 1.57079633e+00 1.42491218e-02
227 1 1.57079633e+00 1.41619665e-02
228 1 1.57079633e+00 1.42772735e-02
229 1 1.57079633e+00 1.43964505e-02
230 1 1.57079633e+00 1.42830026e-02
231 1 1.57079633e+00 1.46045519e-02
232 1 1.57079633e+00 1.41549172e-02
233 1 1.57079633e+00 1.39651101e-02
234 1 1.57079633e+00 1.42300253e-02
235 1 1.57079633e+00 1.39782281e-02
236 1 1.57079633e+00 1.40148502e-02
237 1 1.57079633e+00 1.43804577e-02
238 1 1.57079633e+00 1.42593435e-02
239 1 1.57079633e+00 1.42598497e-02
240 1 1.57079633e+00 1.45199857e-02
241 1 1.57079633e+00 1.37796483e-02
242 1 1.57079633e+00 1.42691717e-02
243 1 1.57079633e+00 1.41625741e-02
244 1 1.57079633e+00 1.35731018e-02
245 1 1.57079633e+00 1.35978458e-02
246 1 1.57079633e+00 1.40755191e-02
247 1 1.57079633e+00 1.44296329e-02
248 1 1.57079633e+00 1.40545320e-02
249 1 1.57079633e+00 1.43438997e-02
250 1 1.57079633e+00 1.43306478e-02
251 1 1.57079633e+00 1.40496788e-02
252 1 1.57079633e+00 1.45356506e-02
253 1 1.57079633e+00 1.41721061e-02
254 1 1.57079633e+00 1.44153928e-02
255 1 1.57079633e+00 1.42490884e-02
256 1 1.57079633e+00 1.45513107e-02
257 1 1.57079633e+00 1.43683231e-02
258 1 1.57079633e+00 1.42626078e-02
259 1 1.57079633e+00 1.42441693e-02
260 1 1.57079633e+00 1.45111720e-02
261 1 1.57079633e+00 1.41736249e-02
262 1 1.57079633e+00 1.42473756e-02
263 1 1.57079633e+00 1.36235436e-02
264 1 1.57079633e+00 1.41909428e-02
265 1 1.57079633e+00 1.44295963e-02
266 1 1.57079633e+00 1.37610183e-02
267 1 1.57079633e+00 1.46937596e-02
268 1 1.57079633e+00 1.40393502e-02
269 1 1.57079633e+00 1.41681638e-02
270 1 1.57079633e+00 1.42341227e-02
271 1 1.57079633e+00 1.41833469e-02
272 1 1.57079633e+00 1.40134528e-02
273 1 1.57079633e+00 1.38438922e-02
274 1 1.57079633e+00 1.40593045e-02
275 1 1.57079633e+00 1.44759612e-02
276 1 1.57079633e+00 1.45372217e-02
277 1 1.57079633e+00 1.42509701e-02
278 1 1.57079633e+00 1.50153406e-02
279 1 1.57079633e+00 1.44127895e-02
280 1 1.57079633e+00 1.39994238e-02
281 1 1.57079633e+00 1.40638810e-02
282 1 1.57079633e+00 1.44070617e-02
283 1 1.57079633e+00 1.49338607e-02
284 1 1.57079633e+00 1.37594203e-02
285 1 1.57079633e+00 1.41192266e-02
286 1 1.57079633e+00 1.41968963e-02
287 1 1.57079633e+00 1.39892535e-02
288 1 1.57079633e+00 1.41806878e-02
289 1 1.57079633e+00 1.42291850e-02
290 1 1.57079633e+00 1.43354765e-02
291 1 1.57079633e+00 1.43338046e-02
292 1 1.57079633e+00 1.41799525e-02
293 1 1.57079633e+00 1.44417364e-02
294 1 1.57079633e+00 1.45856835e-02
295 1 1.57079633e+00 1.44507151e-02
296 1 1.57079633e+00 1.46616266e-02
297 1 1.57079633e+00 1.40314668e-02
298 1 1.57079633e+00 1.43953467e-02
299 1 1.57079633e+00 1.39654624e-02
300 1 1.57079633e+00 1.47162994e-02
301 1 1.57079633e+00 1.40140600e-02
302 1 1.57079633e+00 1.40343792e-02
303 1 1.57079633e+00 1.39121963e-02
304 1 1.57079633e+00 1.41097833e-02
305 1 1.57079633e+00 1.39403462e-02
306 1 1.57079633e+00 1.39947972e-02
307 1 1.57079633e+00 1.42754985e-02
308 1 1.57079633e+00 1.42088552e-02
309 1 1.57079633e+00 1.43056699e-02
310 1 1.57079633e+00 1.44354666e-02
311 1 1.57079633e+00 1.35108218e-02
312 1 1.57079633e+00 1.45476735e-02
313 1 1.57079633e+00 1.35972462e-02
314 1 1.57079633e+00 1.44774217e-02
315 1 1.57079633e+00 1.40756318e-02
316 1 1.57079633e+00 1.39566815e-02
317 1 1.57079633e+00 1.43914561e-02
318 1 1.57079633e+00 1.40840022e-02
319 1 1.57079633e+00 1.41578751e-02
320 1 1.57079633e+00 1.46066193e-02
321 1 1.57079633e+00 1.42809108e-02
322 1 1.57079633e+00 1.42876333e-02
323 1 1.57079633e+00 1.42682681e-02
324 1 1.57079633e+00 1.41989003e-02
325 1 1.57079633e+00 1.46911763e-02
326 1 1.57079633e+00 1.41786498e-02
327 1 1.57079633e+00 1.44055224e-02
328 1 1.57079633e+00 1.43288481e-02
329 1 1.57079633e+00 1.39890122e-02
330 1 1.57079633e+00 1.41041534e-02
331 1 1.57079633e+00 1.47652923e-02
332 1 1.57079633e+00 1.45475141e-02
333 1 1.57079633e+00 1.43939313e-02
334 1 1.57079633e+00 1.42797858e-02
335 1 1.57079633e+00 1.43092909e-02
336 1 1.57079633e+00 1.42068280e-02
337 1 1.57079633e+00 1.43940009e-02
338 1 1.57079633e+00 1.39220518e-02
339 1 1.57079633e+00 1.42898893e-02
340 1 1.57079633e+00 1.38748669e-02
341 1 1.57079633e+00 1.38367333e-02
342 1 1.57079633e+00 1.37817386e-02
343 1 1.57079633e+00 1.41291897e-02
344 1 1.57079633e+00 1.34757017e-02
345 1 1.57079633e+00 1.42467692e-02
346 1 1.57079633e+00 1.36662892e-02
347 1 1.57079633e+00 1.37757483e-02
348 1 1.57079633e+00 1.42431814e-02
349 1 1.57079633e+00 1.42678524e-02
350 1 1.57079633e+00 1.44895166e-02
351 1 1.57079633e+00 1.45080353e-02
352 1 1.57079633e+00 1.40236488e-02
353 1 1.57079633e+00 1.41829985e-02
354 1 1.57079633e+00 1.43118824e-02
355 1 1.57079633e+00 1.43357869e-02
356 1 1.57079633e+00 1.45049953e-02
357 1 1.57079633e+00 1.46661435e-02
358 1 1.57079633e+00 1.40282638e-02
359 1 1.57079633e+00 1.39852015e-02
360 1 1.57079633e+00 1.45132245e-02
361 1 1.57079633e+00 1.42708086e-02
362 1 1.57079633e+00 1.41488490e-02
363 1 1.57079633e+00 1.48861971e-02
364 1 1.57079633e+00 1.44720639e-02
365 1 1.57079633e+00 1.42193115e-02
366 1 1.57079633e+00 1.40628211e-02
367 1 1.57079633e+00 1.41928505e-02
368 1 1.57079633e+00 1.41518350e-02
369 1 1.57079633e+00 1.42860740e-02
370 1 1.57079633e+00 1.43353000e-02
371 1 1.57079633e+00 1.39571045e-02
372 1 1.57079633e+00 1.45935142e-02
373 1 1.57079633e+00 1.43099873e-02
374 1 1.57079633e+00 1.40961907e-02
375 1 1.57079633e+00 1.38542290e-02
376 1 1.57079633e+00 1.42636942e-02
377 1 1.57079633e+00 1.42678744e-02
378 1 1.57079633e+00 1.45311482e-02
379 1 1.57079633e+00 1.41439176e-02
380 1 1.57079633e+00 1.43391748e-02
381 1 1.57079633e+00 1.40816965e-02
382 1 1.57079633e+00 1.39447693e-02
383 1 1.57079633e+00 1.38709306e-02
384 1 1.57079633e+00 1.46389108e-02
385 1 1.57079633e+00 1.42308756e-02
386 1 1.57079633e+00 1.38782401e-02
387 1 1.57079633e+00 1.41690159e-02
388 1 1.57079633e+00 1.44532606e-02
389 1 1.57079633e+00 1.42454142e-02
390 1 1.57079633e+00 1.47169349e-02
391 1 1.57079633e+00 1.44008317e-02
392 1 1.57079633e+00 1.39095928e-02
393 1 1.57079633e+00 1.42321452e-02
394 1 1.57079633e+00 1.44419287e-02
395 1 1.57079633e+00 1.46949664e-02
396 1 1.57079633e+00 1.37293153e-02
397 1 1.57079633e+00 1.41608901e-02
398 1 1.57079633e+00 1.40772923e-02
399 1 1.57079633e+00 1.45862697e-02
400 1 1.57079633e+00 1.40186058e-02
401 1 1.57079633e+00 1.38826053e-02
402 1 1.57079633e+00 1.42071209e-02
403 1 1.57079633e+00 1.46922750e-02
404 1 1.57079633e+00 1.37159251e-02
405 1 1.57079633e+00 1.36729214e-02
406 1 1.57079633e+00 1.42631229e-02
407 1 1.57079633e+00 1.45286555e-02
408 1 1.57079633e+00 1.42958895e-02
409 1 1.57079633e+00 1.38669295e-02
410 1 1.57079633e+00 1.43107536e-02
411 1 1.57079633e+00 1.42589723e-02
412 1 1.57079633e+00 1.40179834e-02
413 1 1.57079633e+00 1.40484215e-02
414 1 1.57079633e+00 1.42165336e-02
415 1 1.57079633e+00 1.44035979e-02
416 1 1.57079633e+00 1.42447203e-02
417 1 1.57079633e+00 1.37047945e-02
418 1 1.57079633e+00 1.38201445e-02
419 1 1.57079633e+00 1.42851551e-02
420 1 1.57079633e+00 1.44272924e-02
421 1 1.57079633e+00 1.43877172e-02
422 1 1.57079633e+00 1.44458012e-02
423 1 1.57079633e+00 1.41669970e-02
424 1 1.57079633e+00 1.42835129e-02
425 1 1.57079633e+00 1.41459906e-02
426 1 1.57079633e+00 1.39598157e-02
427 1 1.57079633e+00 1.42642520e-02
428 1 1.57079633e+00 1.38011218e-02
429 1 1.57079633e+00 1.48432167e-02
430 1 1.57079633e+00 1.46567981e-02
431 1 1.57079633e+00 1.38724373e-02
432 1 1.57079633e+00 1.43656137e-02
433 1 1.57079633e+00 1.36544223e-02
434 1 1.57079633e+00 1.40487136e-02
435 1 1.57079633e+00 1.43390816e-02
436 1 1.57079633e+00 1.44751835e-02
437 1 1.57079633e+00 1.41349296e-02
438 1 1.57079633e+00 1.45707037e-02
439 1 1.57079633e+00 1.41669256e-02
440 1 1.57079633e+00 1.40479977e-02
441 1 1.57079633e+00 1.44325576e-02
442 1 1.57079633e+00 1.38959375e-02
443 1 1.57079633e+00 1.41878424e-02
444 1 1.57079633e+00 1.40628570e-02
445 1 1.57079633e+00 1.46541753e-02
446 1 1.57079633e+00 1.42941810e-02
447 1 1.57079633e+00 1.39527937e-02
448 1 1.57079633e+00 1.45315077e-02
449 1 1.57079633e+00 1.45595088e-02
450 1 1.57079633e+00 1.44336046e-02
451 1 1.57079633e+00 1.42498142e-02
452 1 1.57079633e+00 1.42774496e-02
453 1 1.57079633e+00 1.45665835e-02
454 1 1.57079633e+00 1.41265554e-02
455 1 1.57079633e+00 1.41037295e-02
456 1 1.57079633e+00 1.42972238e-02
457 1 1.57079633e+00 1.42130984e-02
458 1 1.57079633e+00 1.45129535e-02
459 1 1.57079633e+00 1.40336981e-02
460 1 1.57079633e+00 1.42117201e-02
461 1 1.57079633e+00 1.45981195e-02
462 1 1.57079633e+00 1.40094369e-02
463 1 1.57079633e+00 1.45105786e-02
464 1 1.57079633e+00 1.42851201e-02
465 1 1.57079633e+00 1.45158157e-02
466 1 1.57079633e+00 1.41817760e-02
467 1 1.57079633e+00 1.41299072e-02
468 1 1.57079633e+00 1.43989988e-02
469 1 1.57079633e+00 1.39688483e-02
470 1 1.57079633e+00 1.40019151e-02
471 1 1.57079633e+00 1.37608368e-02
472 1 1.57079633e+00 1.44074530e-02
473 1 1.57079633e+00 1.42124540e-02
474 1 1.57079633e+00 1.42623114e-02
475 1 1.57079633e+00 1.47373997e-02
476 1 1.57079633e+00 1.45194673e-02
477 1 1.57079633e+00 1.43853667e-02
478 1 1.57079633e+00 1.45499334e-02
479 1 1.57079633e+00 1.42881770e-02
480 1 1.57079633e+00 1.42973137e-02
481 1 1.57079633e+00 1.38060053e-02
482 1 1.57079633e+00 1.42131663e-02
483 1 1.57079633e+00 1.45117233e-02
484 1 1.57079633e+00 1.39690977e-02
485 1 1.57079633e+00 1.38475986e-02
486 1 1.57079633e+00 1.41933002e-02
487 1 1.57079633e+00 1.40076219e-02
488 1 1.57079633e+00 1.39430511e-02
489 1 1.57079633e+00 1.43363088e-02
490 1 1.57079633e+00 1.47043442e-02
491 1 1.57079633e+00 1.41769500e-02
492 1 1.57079633e+00 1.40332165e-02
493 1 1.57079633e+00 1.42149523e-02
494 1 1.57079633e+00 1.41364487e-02
495 1 1.57079633e+00 1.42396159e-02
496 1 1.57079633e+00 1.41216483e-02
497 1 1.57079633e+00 1.41645923e-02
498 1 1.57079633e+00 1.40445598e-02
499 1 1.57079633e+00 1.45557078e-02
500 1 1.57079633e+00 1.38134795e-02
501 1 1.57079633e+00 1.45616879e-02
502 1 1.57079633e+00 1.44813344e-02
503 1 1.57079633e+00 1.45923615e-02
504 1 1.57079633e+00 1.41901466e-02
505 1 1.57079633e+00 1.42935910e-02
506 1 1.57079633e+00 1.43428990e-02
507 1 1.57079633e+00 1.43005439e-02
508 1 1.57079633e+00 1.41234003e-02
509 1 1.57079633e+00 1.36161069e-02
510 1 1.57079633e+00 1.42400600e-02
511 1 1.57079633e+00 1.42065615e-02
512 1 1.57079633e+00 1.44311685e-02
513 1 1.57079633e+00 1.40373082e-02
514 1 1.57079633e+00 1.42241343e-02
515 1 1.57079633e+00 1.45001768e-02
516 1 1.57079633e+00 1.40985601e-02
517 1 1.57079633e+00 1.40241352e-02
518 1 1.57079633e+00 1.47098686e-02
519 1 1.57079633e+00 1.48578532e-02
520 1 1.57079633e+00 1.44256041e-02
521 1 1.57079633e+00 1.36837153e-02
522 1 1.57079633e+00 1.38995106e-02
523 1 1.57079633e+00 1.41956991e-02
524 1 1.57079633e+00 1.41855635e-02
525 1 1.57079633e+00 1.42779906e-02
526 1 1.57079633e+00 1.48305446e-02
527 1 1.57079633e+00 1.43687755e-02
528 1 1.57079633e+00 1.44387493e-02
529 1 1.57079633e+00 1.43332449e-02
530 1 1.57079633e+00 1.42943568e-02
531 1 1.57079633e+00 1.41065083e-02
532 1 1.57079633e+00 1.35046863e-02
533 1 1.57079633e+00 1.42826268e-02
534 1 1.57079633e+00 1.43595559e-02
535 1 1.57079633e+00 1.39533181e-02
536 1 1.57079633e+00 1.40973150e-02
537 1 1.57079633e+00 1.41632450e-02
538 1 1.57079633e+00 1.39693641e-02
539 1 1.57079633e+00 1.36666463e-02
540 1 1.57079633e+00 1.38071783e-02
541 1 1.57079633e+00 1.45781001e-02
542 1 1.57079633e+00 1.47390817e-02
543 1 1.57079633e+00 1.42294136e-02
544 1 1.57079633e+00 1.38545656e-02
545 1 1.57079633e+00 1.41187827e-02
546 1 1.57079633e+00 1.43355320e-02
547 1 1.57079633e+00 1.41460373e-02
548 1 1.57079633e+00 1.38307072e-02
549 1 1.57079633e+00 1.44115435e-02
550 1 1.57079633e+00 1.45548963e-02
551 1 1.57079633e+00 1.47527143e-02
552 1 1.57079633e+00 1.39040411e-02
553 1 1.57079633e+00 1.46016468e-02
554 1 1.57079633e+00 1.41792288e-02
555 1 1.57079633e+00 1.37257150e-02
556 1 1.57079633e+00 1.40830633e-02
557 1 1.57079633e+00 1.45845833e-02
558 1 1.57079633e+00 1.40587274e-02
559 1 1.57079633e+00 1.44771633e-02
560 1 1.57079633e+00 1.40942757e-02
561 1 1.57079633e+00 1.41502698e-02
562 1 1.57079633e+00 1.42110279e-02
563 1 1.57079633e+00 1.41475302e-02
564 1 1.57079633e+00 1.41528962e-02
565 1 1.57079633e+00 1.43109943e-02
566 1 1.57079633e+00 1.46733327e-02
567 1 1.57079633e+00 1.44471033e-02
568 1 1.57079633e+00 1.44801855e-02
569 1 1.57079633e+00 1.47553964e-02
570 1 1.57079633e+00 1.41220206e-02
571 1 1.57079633e+00 1.41132958e-02
572 1 1.57079633e+00 1.44345520e-02
573 1 1.57079633e+00 1.43016817e-02
574 1 1.57079633e+00 1.45125620e-02
575 1 1.57079633e+00 1.41654308e-02
576 1 1.57079633e+00 1.42056655e-02
577 1 1.57079633e+00 1.40182273e-02
578 1 1.57079633e+00 1.43463279e-02
579 1 1.57079633e+00 1.43872515e-02
580 1 1.57079633e+00 1.45455995e-02
581 1 1.57079633e+00 1.44698615e-02
582 1 1.57079633e+00 1.44051047e-02
583 1 1.57079633e+00 1.44710927e-02
584 1 1.57079633e+00 1.39466900e-02
585 1 1.57079633e+00 1.43910840e-02
586 1 1.57079633e+00 1.42865962e-02
587 1 1.57079633e+00 1.40496534e-02
588 1 1.57079633e+00 1.41795332e-02
589 1 1.57079633e+00 1.44033119e-02
590 1 1.57079633e+00 1.40280982e-02
591 1 1.57079633e+00 1.46459631e-02
592 1 1.57079633e+00 1.44339634e-02
593 1 1.57079633e+00 1.44144509e-02
594 1 1.57079633e+00 1.44520120e-02
595 1 1.57079633e+00 1.37139404e-02
596 1 1.57079633e+00 1.40664355e-02
597 1 1.57079633e+00 1.41696380e-02
598 1 1.57079633e+00 1.41668588e-02
599 1 1.57079633e+00 1.45146925e-02
600 1 1.57079633e+00 1.42240818e-02
601 1 1.57079633e+00 1.41458339e-02
602 1 1.57079633e+00 1.42744352e-02
603 1 1.57079633e+00 1.38897357e-02
604 1 1.57079633e+00 1.41654535e-02
605 1 1.57079633e+00 1.39291034e-02
606 1 1.57079633e+00 1.45893861e-02
607 1 1.57079633e+00 1.40576820e-02
608 1 1.57079633e+00 1.47404299e-02
609 1 1.57079633e+00 1.39000233e-02
610 1 1.57079633e+00 1.40140940e-02
611 1 1.57079633e+00 1.44140676e-02
612 1 1.57079633e+00 1.42265761e-02
613 1 1.57079633e+00 1.44133980e-02
614 1 1.57079633e+00 1.44424122e-02
615 1 1.57079633e+00 1.41621483e-02
616 1 1.57079633e+00 1.47140628e-02
617 1 1.57079633e+00 1.38188656e-02
618 1 1.57079633e+00 1.44575743e-02
619 1 1.57079633e+00 1.43775094e-02
620 1 1.57079633e+00 1.45240322e-02
621 1 1.57079633e+00 1.43984252e-02
622 1 1.57079633e+00 1.40033039e-02
623 1 1.57079633e+00 1.45755083e-02
624 1 1.57079633e+00 1.41150002e-02
625 1 1.57079633e+00 1.42256061e-02
626 1 1.57079633e+00 1.41702177e-02
627 1 1.57079633e+00 1.39748992e-02
628 1 1.57079633e+00 1.41313360e-02
629 1 1.57079633e+00 1.43020424e-02
630 1 1.57079633e+00 1.44242910e-02
631 1 1.57079633e+00 1.39715680e-02
632 1 1.57079633e+00 1.40784066e-02
633 1 1.57079633e+00 1.41412085e-02
634 1 1.57079633e+00 1.41759338e-02
635 1 1.57079633e+00 1.42938052e-02
636 1 1.57079633e+00 1.41392893e-02
637 1 1.57079633e+00 1.42697449e-02
638 1 1.57079633e+00 1.41135972e-02
639 1 1.57079633e+00 1.35732687e-02
640 1 1.57079633e+00 1.45804259e-02
641 1 1.57079633e+00 1.45509330e-02
642 1 1.57079633e+00 1.41464286e-02
643 1 1.57079633e+00 1.39279703e-02
644 1 1.57079633e+00 1.40072456e-02
645 1 1.57079633e+00 1.37867564e-02
646 1 1.57079633e+00 1.41279422e-02
647 1 1.57079633e+00 1.41781452e-02
648 1 1.57079633e+00 1.38467242e-02
649 1 1.57079633e+00 1.43950486e-02
650 1 1.57079633e+00 1.42170498e-02
651 1 1.57079633e+00 1.42766470e-02
652 1 1.57079633e+00 1.44630578e-02
653 1 1.57079633e+00 1.42007578e-02
654 1 1.57079633e+00 1.39660430e-02
655 1 1.57079633e+00 1.46094858e-02
656 1 1.57079633e+00 1.44336769e-02
657 1 1.57079633e+00 1.39285512e-02
658 1 1.57079633e+00 1.43077848e-02
659 1 1.57079633e+00 1.43117325e-02
660 1 1.57079633e+00 1.42318885e-02
661 1 1.57079633e+00 1.42560371e-02
662 1 1.57079633e+00 1.45866009e-02
663 1 1.57079633e+00 1.41274197e-02
664 1 1.57079633e+00 1.43572323e-02
665 1 1.57079633e+00 1.41319765e-02
666 1 1.57079633e+00 1.46946402e-02
667 1 1.57079633e+00 1.47059451e-02
668 1 1.57079633e+00 1.43791443e-02
669 1 1.57079633e+00 1.39540854e-02
670 1 1.57079633e+00 1.44337642e-02
671 1 1.57079633e+00 1.41696139e-02
672 1 1.57079633e+00 1.43145287e-02
673 1 1.57079633e+00 1.46084446e-02
674 1 1.57079633e+00 1.41956778e-02
675 1 1.57079633e+00 1.38047985e-02
676 1 1.57079633e+00 1.44239257e-02
677 1 1.57079633e+00 1.43521439e-02
678 1 1.57079633e+00 1.42884926e-02
679 1 1.57079633e+00 1.43888488e-02
680 1 1.57079633e+00 1.43295259e-02
681 1 1.57079633e+00 1.42660274e-02
682 1 1.57079633e+00 1.40753204e-02
683 1 1.57079633e+00 1.44671057e-02
684 1 1.57079633e+00 1.39480348e-02
685 1 1.57079633e+00 1.43348977e-02
686 1 1.57079633e+00 1.41885566e-02
687 1 1.57079633e+00 1.42156798e-02
688 1 1.57079633e+00 1.43084997e-02
689 1 1.57079633e+00 1.43416907e-02
690 1 1.57079633e+00 1.40211485e-02
691 1 1.57079633e+00 1.42314300e-02
692 1 1.57079633e+00 1.43481376e-02
693 1 1.57079633e+00 1.41056069e-02
694 1 1.57079633e+00 1.40106342e-02
695 1 1.57079633e+00 1.38865680e-02
696 1 1.57079633e+00 1.44061786e-02
697 1 1.57079633e+00 1.47770018e-02
698 1 1.57079633e+00 1.43300869e-02
699 1 1.57079633e+00 1.42296893e-02
700 1 1.57079633e+00 1.41902232e-02
701 1 1.57079633e+00 1.42477408e-02
702 1 1.57079633e+00 1.44641278e-02
703 1 1.57079633e+00 1.40326068e-02
704 1 1.57079633e+00 1.47017924e-02
705 1 1.57079633e+00 1.39935179e-02
706 1 1.57079633e+00 1.42958663e-02
707 1 1.57079633e+00 1.44330932e-02
708 1 1.57079633e+00 1.42043900e-02
709 1 1.57079633e+00 1.40598941e-02
710 1 1.57079633e+00 1.42124214e-02
711 1 1.57079633e+00 1.44900493e-02
712 1 1.57079633e+00 1.42125510e-02
713 1 1.57079633e+00 1.40589062e-02
714 1 1.57079633e+00 1.43047357e-02
715 1 1.57079633e+00 1.45141949e-02
716 1 1.57079633e+00 1.43138699e-02
717 1 1.57079633e+00 1.42518016e-02
718 1 1.57079633e+00 1.45663853e-02
719 1 1.57079633e+00 1.42768684e-02
720 1 1.57079633e+00 1.41351767e-02
721 1 1.57079633e+00 1.43384532e-02
722 1 1.57079633e+00 1.43688756e-02
723 1 1.57079633e+00 1.42225258e-02
724 1 1.57079633e+00 1.38926192e-02
725 1 1.57079633e+00 1.40469163e-02
726 1 1.57079633e+00 1.39534832e-02
727 1 1.57079633e+00 1.47543547e-02
728 1 1.57079633e+00 1.42723931e-02
729 1 1.57079633e+00 1.44408499e-02
730 1 1.57079633e+00 1.38005162e-02
731 1 1.57079633e+00 1.40510024e-02
732 1 1.57079633e+00 1.38904630e-02
733 1 1.57079633e+00 1.42615401e-02
734 1 1.57079633e+00 1.45471644e-02
735 1 1.57079633e+00 1.43778466e-02
736 1 1.57079633e+00 1.42754341e-02
737 1 1.57079633e+00 1.45611186e-02
738 1 1.57079633e+00 1.41253003e-02
739 1 1.57079633e+00 1.47087416e-02
740 1 1.57079633e+00 1.42063386e-02
741 1 1.57079633e+00 1.41417462e-02
742 1 1.57079633e+00 1.43075353e-02
743 1 1.57079633e+00 1.37537120e-02
744 1 1.57079633e+00 1.36454191e-02
745 1 1.57079633e+00 1.41610227e-02
746 1 1.57079633e+00 1.39128790e-02
747 1 1.57079633e+00 1.40775096e-02
748 1 1.57079633e+00 1.44681381e-02
749 1 1.57079633e+00 1.44496732e-02
750 1 1.57079633e+00 1.42037972e-02
751 1 1.57079633e+00 1.42427128e-02
752 1 1.57079633e+00 1.40234025e-02
753 1 1.57079633e+00 1.38989663e-02
754 1 1.57079633e+00 1.42863342e-02
755 1 1.57079633e+00 1.41065009e-02
756 1 1.57079633e+00 1.40297867e-02
757 1 1.57079633e+00 1.44253021e-02
758 1 1.57079633e+00 1.42996035e-02
759 1 1.57079633e+00 1.40831549e-02
760 1 1.57079633e+00 1.42051355e-02
761 1 1.57079633e+00 1.44928208e-02
762 1 1.57079633e+00 1.36516820e-02
763 1 1.57079633e+00 1.39755758e-02
764 1 1.57079633e+00 1.45150867e-02
765 1 1.57079633e+00 1.41452121e-02
766 1 1.57079633e+00 1.45580862e-02
767 1 1.57079633e+00 1.44427075e-02
768 1 1.57079633e+00 1.45566313e-02
769 1 1.57079633e+00 1.39838367e-02
770 1 1.57079633e+00 1.42602370e-02
771 1 1.57079633e+00 1.43359615e-02
772 1 1.57079633e+00 1.45024666e-02
773 1 1.57079633e+00 1.44766435e-02
774 1 1.57079633e+00 1.47732256e-02
775 1 1.57079633e+00 1.42404033e-02
776 1 1.57079633e+00 1.41217260e-02
777 1 1.57079633e+00 1.37908488e-02
778 1 1.57079633e+00 1.42869896e-02
779 1 1.57079633e+00 1.41649646e-02
780 1 1.57079633e+00 1.39604033e-02
781 1 1.57079633e+00 1.40660499e-02
782 1 1.57079633e+00 1.41537193e-02
783 1 1.57079633e+00 1.43391749e-02
784 1 1.57079633e+00 1.44441872e-02
785 1 1.57079633e+00 1.41747845e-02
786 1 1.57079633e+00 1.41530549e-02
787 1 1.57079633e+00 1.47054453e-02
788 1 1.57079633e+00 1.41684932e-02
789 1 1.57079633e+00 1.39088624e-02
790 1 1.57079633e+00 1.39970214e-02
791 1 1.57079633e+00 1.40508919e-02
792 1 1.57079633e+00 1.43271765e-02
793 1 1.57079633e+00 1.35896327e-02
794 1 1.57079633e+00 1.41911160e-02
795 1 1.57079633e+00 1.45304345e-02
796 1 1.57079633e+00 1.48633368e-02
797 1 1.57079633e+00 1.42379857e-02
798 1 1.57079633e+00 1.45358404e-02
799 1 1.57079633e+00 1.40901771e-02
800 1 1.57079633e+00 1.40424881e-02
801 1 1.57079633e+00 1.47128766e-02
802 1 1.57079633e+00 1.40965634e-02
803 1 1.57079633e+00 1.45591202e-02
804 1 1.57079633e+00 1.40243945e-02
805 1 1.57079633e+00 1.47615167e-02
806 1 1.57079633e+00 1.43042840e-02
807 1 1.57079633e+00 1.43619243e-02
808 1 1.57079633e+00 1.41616158e-02
809 1 1.57079633e+00 1.43818789e-02
810 1 1.57079633e+00 1.40124818e-02
811 1 1.57079633e+00 1.43031547e-02
812 1 1.57079633e+00 1.44528908e-02
813 1 1.57079633e+00 1.43675366e-02
814 1 1.57079633e+00 1.41570341e-02
815 1 1.57079633e+00 1.39623014e-02
816 1 1.57079633e+00 1.39646370e-02
817 1 1.57079633e+00 1.42225909e-02
818 1 1.57079633e+00 1.42204583e-02
819 1 1.57079633e+00 1.43179931e-02
820 1 1.57079633e+00 1.42059492e-02
821 1 1.57079633e+00 1.42639162e-02
822 1 1.57079633e+00 1.43612162e-02
823 1 1.57079633e+00 1.44383032e-02
824 1 1.57079633e+00 1.39883159e-02
825 1 1.57079633e+00 1.41203045e-02
826 1 1.57079633e+00 1.40123985e-02
827 1 1.57079633e+00 1.45737983e-02
828 1 1.57079633e+00 1.43716002e-02
829 1 1.57079633e+00 1.44955729e-02
830 1 1.57079633e+00 1.43727838e-02
831 1 1.57079633e+00 1.43804113e-02
832 1 1.57079633e+00 1.44042042e-02
833 1 1.57079633e+00 1.44981549e-02
834 1 1.57079633e+00 1.40126994e-02
835 1 1.57079633e+00 1.42371741e-02
836 1 1.57079633e+00 1.39024911e-02
837 1 1.57079633e+00 1.42913322e-02
838 1 1.57079633e+00 1.40754288e-02
839 1 1.57079633e+00 1.38976580e-02
840 1 1.57079633e+00 1.45169147e-02
841 1 1.57079633e+00 1.36710247e-02
842 1 1.57079633e+00 1.40690760e-02
843 1 1.57079633e+00 1.40471578e-02
844 1 1.57079633e+00 1.42105280e-02
845 1 1.57079633e+00 1.45880962e-02
846 1 1.57079633e+00 1.38717345e-02
847 1 1.57079633e+00 1.40445971e-02
848 1 1.57079633e+00 1.42603349e-02
849 1 1.57079633e+00 1.43412479e-02
850 1 1.57079633e+00 1.46212563e-02
851 1 1.57079633e+00 1.41322899e-02
852 1 1.57079633e+00 1.43984916e-02
853 1 1.57079633e+00 1.45348059e-02
854 1 1.57079633e+00 1.43509637e-02
855 1 1.57079633e+00 1.39628749e-02
856 1 1.57079633e+00 1.44261804e-02
857 1 1.57079633e+00 1.43965315e-02
858 1 1.57079633e+00 1.38441293e-02
859 1 1.57079633e+00 1.41679065e-02
860 1 1.57079633e+00 1.37441348e-02
861 1 1.57079633e+00 1.40934634e-02
862 1 1.57079633e+00 1.42323039e-02
863 1 1.57079633e+00 1.43916549e-02
864 1 1.57079633e+00 1.42078644e-02
865 1 1.57079633e+00 1.43025819e-02
866 1 1.57079633e+00 1.47890287e-02
867 1 1.57079633e+00 1.40741213e-02
868 1 1.57079633e+00 1.43075565e-02
869 1 1.57079633e+00 1.45845027e-02
870 1 1.57079633e+00 1.44683510e-02
871 1 1.57079633e+00 1.38371562e-02
872 1 1.57079633e+00 1.42592328e-02
873 1 1.57079633e+00 1.39001737e-02
874 1 1.57079633e+00 1.43505964e-02
875 1 1.57079633e+00 1.42669512e-02
876 1 1.57079633e+00 1.42473191e-02
877 1 1.57079633e+00 1.42260483e-02
878 1 1.57079633e+00 1.41591300e-02
879 1 1.57079633e+00 1.41129310e-02
880 1 1.57079633e+00 1.40542278e-02
881 1 1.57079633e+00 1.44389756e-02
882 1 1.57079633e+00 1.41492877e-02
883 1 1.57079633e+00 1.45702310e-02
884 1 1.57079633e+00 1.44139537e-02
885 1 1.57079633e+00 1.42594285e-02
886 1 1.57079633e+00 1.42437875e-02
887 1 1.57079633e+00 1.40952726e-02
888 1 1.57079633e+00 1.46249565e-02
889 1 1.57079633e+00 1.43339046e-02
890 1 1.57079633e+00 1.41694562e-02
891 1 1.57079633e+00 1.40156988e-02
892 1 1.57079633e+00 1.45233126e-02
893 1 1.57079633e+00 1.36599528e-02
894 1 1.57079633e+00 1.42576401e-02
895 1 1.57079633e+00 1.39590481e-02
896 1 1.57079633e+00 1.40786379e-02
897 1 1.57079633e+00 1.45993702e-02
898 1 1.57079633e+00 1.44108643e-02
899 1 1.57079633e+00 1.41079000e-02
0 2 3.14159265e+00 2.44883339e-02
1 2 3.14159265e+00 2.50269455e-02
2 2 3.14159265e+00 2.56742605e-02
3 2 3.14159265e+00 2.45935637e-02
4 2 3.14159265e+00 2.59251548e-02
5 2 3.14159265e+00 2.52731940e-02
6 2 3.14159265e+00 2.42393982e-02
7 2 3.14159265e+00 2.55656929e-02
8 2 3.14159265e+00 2.43951218e-02
9 2 3.14159265e+00 2.57802718e-02
10 2 3.14159265e+00 2.59050210e-02
11 2 3.14159265e+00 2.54746047e-02
12 2 3.14159265e+00 2.54361590e-02
13 2 3.14159265e+00 2.57297146e-02
14 2 3.14159265e+00 2.48176379e-02
15 2 3.14159265e+00 2.49251921e-02
16 2 3.14159265e+00 2.44453617e-02
17 2 3.14159265e+00 2.60823904e-02
18 2 3.14159265e+00 2.53281972e-02
19 2 3.14159265e+00 2.55302121e-02
20 2 3.14159265e+00 2.50797544e-02
21 2 3.14159265e+00 2.54993911e-02
22 2 3.14159265e+00 2.45906754e-02
23 2 3.14159265e+00 2.64142189e-02
24 2 3.14159265e+00 2.44768039e-02
25 2 3.14159265e+00 2.50096343e-02
26 2 3.14159265e+00 2.49061935e-02
27 2 3.14159265e+00 2.46237617e-02
28 2 3.14159265e+00 2.56953700e-02
29 2 3.14159265e+00 2.61337238e-02
30 2 3.14159265e+00 2.44424635e-02
31 2 3.14159265e+00 2.50004726e-02
32 2 3.14159265e+00 2.44605215e-02
33 2 3.14159265e+00 2.48326411e-02
34 2 3.14159265e+00 2.52012373e-02
35 2 3.14159265e+00 2.56472249e-02
36 2 3.14159265e+00 2.45672658e-02
37 2 3.14159265e+00 2.51126116e-02
38 2 3.14159265e+00 2.46592339e-02
39 2 3.14159265e+00 2.50172397e-02
40 2 3.14159265e+00 2.48780937e-02
41 2 3.14159265e+00 2.51238167e-02
42 2 3.14159265e+00 2.59638897e-02
43 2 3.14159265e+00 2.55653075e-02
44 2 3.14159265e+00 2.51299721e-02
45 2 3.14159265e+00 2.47874385e-02
46 2 3.14159265e+00 2.57207728e-02
47 2 3.14159265e+00 2.50461381e-02
48 2 3.14159265e+00 2.46686506e-02
49 2 3.14159265e+00 2.51633324e-02
50 2 3.14159265e+00 2.64183567e-02
51 2 3.14159265e+00 2.49176181e-02
52 2 3.14159265e+00 2.53400581e-02
53 2 3.14159265e+00 2.56909204e-02
54 2 3.14159265e+00 2.51170895e-02
55 2 3.14159265e+00 2.49442336e-02
56 2 3.14159265e+00 2.57982355e-02
57 2 3.14159265e+00 2.48676068e-02
58 2 3.14159265e+00 2.52058337e-02
59 2 3.14159265e+00 2.53559218e-02
60 2 3.14159265e+00 2.48687966e-02
61 2 3.14159265e+00 2.51624140e-02
62 2 3.14159265e+00 2.55993149e-02
63 2 3.14159265e+00 2.60957317e-02
64 2 3.14159265e+00 2.57502131e-02
65 2 3.14159265e+00 2.55428716e-02
66 2 3.14159265e+00 2.57333648e-02
67 2 3.14159265e+00 2.57721424e-02
68 2 3.14159265e+00 2.50540700e-02
69 2 3.14159265e+00 2.52610439e-02
70 2 3.14159265e+00 2.63236425e-02
71 2 3.14159265e+00 2.44744635e-02
72 2 3.14159265e+00 2.42816213e-02
73 2 3.14159265e+00 2.55516269e-02
74 2 3.14159265e+00 2.55284405e-02
75 2 3.14159265e+00 2.52421993e-02
76 2 3.14159265e+00 2.61300255e-02
77 2 3.14159265e+00 2.51118083e-02
78 2 3.14159265e+00 2.49075340e-02
79 2 3.14159265e+00 2.47344437e-02
80 2 3.14159265e+00 2.57582827e-02
81 2 3.14159265e+00 2.56240160e-02
82 2 3.14159265e+00 2.49598869e-02
83 2 3.14159265e+00 2.49716285e-02
84 2 3.14159265e+00 2.47925967e-02
85 2 3.14159265e+00 2.62207418e-02
86 2 3.14159265e+00 2.55310409e-02
87 2 3.14159265e+00 2.52992268e-02
88 2 3.14159265e+00 2.57276346e-02
89 2 3.14159265e+00 2.52055243e-02
90 2 3.14159265e+00 2.55407226e-02
91 2 3.14159265e+00 2.54085220e-02
92 2 3.14159265e+00 2.51092919e-02
93 2 3.14159265e+00 2.58347736e-02
94 2 3.14159265e+00 2.59996041e-02
95 2 3.14159265e+00 2.57035211e-02
96 2 3.14159265e+00 2.55141639e-02
97 2 3.14159265e+00 2.53630373e-02
98 2 3.14159265e+00 2.57378330e-02
99 2 3.14159265e+00 2.55367430e-02
100 2 3.14159265e+00 2.49337890e-02
101 2 3.14159265e+00 2.59607754e-02
102 2 3.14159265e+00 2.48519737e-02
103 2 3.14159265e+00 2.43434771e-02
104 2 3.14159265e+00 2.58039867e-02
105 2 3.14159265e+00 2.56837862e-02
106 2 3.14159265e+00 2.37539034e-02
107 2 3.14159265e+00 2.56757262e-02
108 2 3.14159265e+00 2.57191514e-02
109 2 3.14159265e+00 2.56537977e-02
110 2 3.14159265e+00 2.52975236e-02
111 2 3.14159265e+00 2.47455953e-02
112 2 3.14159265e+00 2.41016000e-02
113 2 3.14159265e+00 2.52892415e-02
114 2 3.14159265e+00 2.48848170e-02
115 2 3.14159265e+00 2.53269891e-02
116 2 3.14159265e+00 2.52428792e-02
117 2 3.14159265e+00 2.52470757e-02
118 2 3.14159265e+00 2.58617939e-02
119 2 3.14159265e+00 2.47145026e-02
120 2 3.14159265e+00 2.39994312e-02
121 2 3.14159265e+00 2.48410569e-02
122 2 3.14159265e+00 2.46909371e-02
123 2 3.14159265e+00 2.59054223e-02
124 2 3.14159265e+00 2.54817047e-02
125 2 3.14159265e+00 2.48140841e-02
126 2 3.14159265e+00 2.59372794e-02
127 2 3.14159265e+00 2.48321950e-02
128 2 3.14159265e+00 2.55812359e-02
129 2 3.14159265e+00 2.46238561e-02
130 2 3.14159265e+00 2.51419442e-02
131 2 3.14159265e+00 2.46367246e-02
132 2 3.14159265e+00 2.45279371e-02
133 2 3.14159265e+00 2.43952149e-02
134 2 3.14159265e+00 2.55149315e-02
135 2 3.14159265e+00 2.49735904e-02
136 2 3.14159265e+00 2.47394524e-02
137 2 3.14159265e+00 2.49570559e-02
138 2 3.14159265e+00 2.56332882e-02
139 2 3.14159265e+00 2.42349216e-02
140 2 3.14159265e+00 2.55048146e-02
141 2 3.14159265e+00 2.55169610e-02
142 2 3.14159265e+00 2.59527434e-02
143 2 3.14159265e+00 2.50688396e-02
144 2 3.14159265e+00 2.51868715e-02
145 2 3.14159265e+00 2.52152118e-02
146 2 3.14159265e+00 2.57880326e-02
147 2 3.14159265e+00 2.49263360e-02
148 2 3.14159265e+00 2.55386948e-02
149 2 3.14159265e+00 2.57051139e-02
150 2 3.14159265e+00 2.48045247e-02
151 2 3.14159265e+00 2.54397977e-02
152 2 3.14159265e+00 2.47333608e-02
153 2 3.14159265e+00 2.47387333e-02
154 2 3.14159265e+00 2.53183852e-02
155 2 3.14159265e+00 2.53276361e-02
156 2 3.14159265e+00 2.61282062e-02
157 2 3.14159265e+00 2.53924450e-02
158 2 3.14159265e+00 2.63417407e-02
159 2 3.14159265e+00 2.54615036e-02
160 2 3.14159265e+00 2.51972629e-02
161 2 3.14159265e+00 2.50483318e-02
162 2 3.14159265e+00 2.54335424e-02
163 2 3.14159265e+00 2.61072148e-02
164 2 3.14159265e+00 2.42501127e-02
165 2 3.14159265e+00 2.45042624e-02
166 2 3.14159265e+00 2.59421289e-02
167 2 3.14159265e+00 2.55574381e-02
168 2 3.14159265e+00 2.53652320e-02
169 2 3.14159265e+00 2.53558677e-02
170 2 3.14159265e+00 2.53434941e-02
171 2 3.14159265e+00 2.52783317e-02
172 2 3.14159265e+00 2.56516142e-02
173 2 3.14159265e+00 2.59722908e-02
174 2 3.14159265e+00 2.61081680e-02
175 2 3.14159265e+00 2.62721622e-02
176 2 3.14159265e+00 2.63456474e-02
177 2 3.14159265e+00 2.54920289e-02
178 2 3.14159265e+00 2.44188601e-02
179 2 3.14159265e+00 2.55577111e-02
180 2 3.14159265e+00 2.51174640e-02
181 2 3.14159265e+00 2.51473588e-02
182 2 3.14159265e+00 2.53970989e-02
183 2 3.14159265e+00 2.52822845e-02
184 2 3.14159265e+00 2.55746510e-02
185 2 3.14159265e+00 2.51560051e-02
186 2 3.14159265e+00 2.48632835e-02
187 2 3.14159265e+00 2.48190595e-02
188 2 3.14159265e+00 2.48431002e-02
189 2 3.14159265e+00 2.50050997e-02
190 2 3.14159265e+00 2.53902026e-02
191 2 3.14159265e+00 2.61522104e-02
192 2 3.14159265e+00 2.56751738e-02
193 2 3.14159265e+00 2.51971185e-02
194 2 3.14159265e+00 2.55264222e-02
195 2 3.14159265e+00 2.57837879e-02
196 2 3.14159265e+00 2.53762404e-02
197 2 3.14159265e+00 2.56645856e-02
198 2 3.14159265e+00 2.55421301e-02
199 2 3.14159265e+00 2.58807587e-02
200 2 3.14159265e+00 2.46191070e-02
201 2 3.14159265e+00 2.47191793e-02
202 2 3.14159265e+00 2.47240891e-02
203 2 3.14159265e+00 2.42849870e-02
204 2 3.14159265e+00 2.50014613e-02
205 2 3.14159265e+00 2.62944790e-02
206 2 3.14159265e+00 2.44067811e-02
207 2 3.14159265e+00 2.49467175e-02
208 2 3.14159265e+00 2.56243849e-02
209 2 3.14159265e+00 2.54444919e-02
210 2 3.14159265e+00 2.44633564e-02
211 2 3.14159265e+00 2.52903619e-02
212 2 3.14159265e+00 2.49622562e-02
213 2 3.14159265e+00 2.48440214e-02
214 2 3.14159265e+00 2.52381617e-02
215 2 3.14159265e+00 2.64495660e-02
216 2 3.14159265e+00 2.51631709e-02
217 2 3.14159265e+00 2.58896742e-02
218 2 3.14159265e+00 2.65411415e-02
219 2 3.14159265e+00 2.53362801e-02
220 2 3.14159265e+00 2.57195512e-02
221 2 3.14159265e+00 2.56122250e-02
222 2 3.14159265e+00 2.54065119e-02
223 2 3.14159265e+00 2.65432217e-02
224 2 3.14159265e+00 2.38909290e-02
225 2 3.14159265e+00 2.50021120e-02
226 2 3.14159265e+00 2.52452680e-02
227 2 3.14159265e+00 2.50987857e-02
228 2 3.14159265e+00 2.52445981e-02
229 2 3.14159265e+00 2.54761956e-02
230 2 3.14159265e+00 2.52864883e-02
231 2 3.14159265e+00 2.59234356e-02
232 2 3.14159265e+00 2.50433167e-02
233 2 3.14159265e+00 2.47498365e-02
234 2 3.14159265e+00 2.52102027e-02
235 2 3.14159265e+00 2.47657174e-02
236 2 3.14159265e+00 2.48548458e-02
237 2 3.14159265e+00 2.55768003e-02
238 2 3.14159265e+00 2.53190494e-02
239 2 3.14159265e+00 2.53434880e-02
240 2 3.14159265e+00 2.56562378e-02
241 2 3.14159265e+00 2.43524479e-02
242 2 3.14159265e+00 2.52519373e-02
243 2 3.14159265e+00 2.50992924e-02
244 2 3.14159265e+00 2.39748437e-02
245 2 3.14159265e+00 2.40116313e-02
246 2 3.14159265e+00 2.49852389e-02
247 2 3.14159265e+00 2.56339203e-02
248 2 3.14159265e+00 2.48176522e-02
249 2 3.14159265e+00 2.53992363e-02
250 2 3.14159265e+00 2.54266605e-02
251 2 3.14159265e+00 2.48905211e-02
252 2 3.14159265e+00 2.57722106e-02
253 2 3.14159265e+00 2.50881483e-02
254 2 3.14159265e+00 2.54580619e-02
255 2 3.14159265e+00 2.52752463e-02
256 2 3.14159265e+00 2.58157320e-02
257 2 3.14159265e+00 2.54055422e-02
258 2 3.14159265e+00 2.52690974e-02
259 2 3.14159265e+00 2.53011215e-02
260 2 3.14159265e+00 2.57873702e-02
261 2 3.14159265e+00 2.51471982e-02
262 2 3.14159265e+00 2.52720081e-02
263 2 3.14159265e+00 2.40916976e-02
264 2 3.14159265e+00 2.50771319e-02
265 2 3.14159265e+00 2.56324848e-02
266 2 3.14159265e+00 2.43073511e-02
267 2 3.14159265e+00 2.60679984e-02
268 2 3.14159265e+00 2.48032087e-02
269 2 3.14159265e+00 2.51654727e-02
270 2 3.14159265e+00 2.50993664e-02
271 2 3.14159265e+00 2.51792982e-02
272 2 3.14159265e+00 2.48184643e-02
273 2 3.14159265e+00 2.44900370e-02
274 2 3.14159265e+00 2.49270056e-02
275 2 3.14159265e+00 2.56100763e-02
276 2 3.14159265e+00 2.57247693e-02
277 2 3.14159265e+00 2.52023749e-02
278 2 3.14159265e+00 2.67035725e-02
279 2 3.14159265e+00 2.55290078e-02
280 2 3.14159265e+00 2.49539053e-02
281 2 3.14159265e+00 2.48944371e-02
282 2 3.14159265e+00 2.55873895e-02
283 2 3.14159265e+00 2.64981827e-02
284 2 3.14159265e+00 2.43773027e-02
285 2 3.14159265e+00 2.49655211e-02
286 2 3.14159265e+00 2.51132759e-02
287 2 3.14159265e+00 2.47227382e-02
288 2 3.14159265e+00 2.52445185e-02
289 2 3.14159265e+00 2.51708830e-02
290 2 3.14159265e+00 2.54208558e-02
291 2 3.14159265e+00 2.54031272e-02
292 2 3.14159265e+00 2.51224400e-02
293 2 3.14159265e+00 2.57069982e-02
294 2 3.14159265e+00 2.58623126e-02
295 2 3.14159265e+00 2.56925235e-02
296 2 3.14159265e+00 2.59685331e-02
297 2 3.14159265e+00 2.47507004e-02
298 2 3.14159265e+00 2.55045780e-02
299 2 3.14159265e+00 2.46564999e-02
300 2 3.14159265e+00 2.62240394e-02
301 2 3.14159265e+00 2.47694779e-02
302 2 3.14159265e+00 2.48061793e-02
303 2 3.14159265e+00 2.45778482e-02
304 2 3.14159265e+00 2.50165000e-02
305 2 3.14159265e+00 2.45906912e-02
306 2 3.14159265e+00 2.47805192e-02
307 2 3.14159265e+00 2.53285715e-02
308 2 3.14159265e+00 2.51558830e-02
309 2 3.14159265e+00 2.54488067e-02
310 2 3.14159265e+00 2.55464609e-02
311 2 3.14159265e+00 2.38483647e-02
312 2 3.14159265e+00 2.57620837e-02
313 2 3.14159265e+00 2.40387504e-02
314 2 3.14159265e+00 2.56496311e-02
315 2 3.14159265e+00 2.49722050e-02
316 2 3.14159265e+00 2.47338531e-02
317 2 3.14159265e+00 2.54576895e-02
318 2 3.14159265e+00 2.48970359e-02
319 2 3.14159265e+00 2.50797804e-02
320 2 3.14159265e+00 2.59466942e-02
321 2 3.14159265e+00 2.52892720e-02
322 2 3.14159265e+00 2.54230369e-02
323 2 3.14159265e+00 2.53973041e-02
324 2 3.14159265e+00 2.51821050e-02
325 2 3.14159265e+00 2.60386456e-02
326 2 3.14159265e+00 2.51094701e-02
327 2 3.14159265e+00 2.55468848e-02
328 2 3.14159265e+00 2.53985724e-02
329 2 3.14159265e+00 2.48028748e-02
330 2 3.14159265e+00 2.50312148e-02
331 2 3.14159265e+00 2.62520648e-02
332 2 3.14159265e+00 2.57690769e-02
333 2 3.14159265e+00 2.55043076e-02
334 2 3.14159265e+00 2.53469577e-02
335 2 3.14159265e+00 2.53284217e-02
336 2 3.14159265e+00 2.50648080e-02
337 2 3.14159265e+00 2.55087121e-02
338 2 3.14159265e+00 2.46181915e-02
339 2 3.14159265e+00 2.53182064e-02
340 2 3.14159265e+00 2.47246761e-02
341 2 3.14159265e+00 2.44389243e-02
342 2 3.14159265e+00 2.43595607e-02
343 2 3.14159265e+00 2.50840213e-02
344 2 3.14159265e+00 2.38296444e-02
345 2 3.14159265e+00 2.52690382e-02
346 2 3.14159265e+00 2.42216884e-02
347 2 3.14159265e+00 2.43500239e-02
348 2 3.14159265e+00 2.50318638e-02
349 2 3.14159265e+00 2.52564732e-02
350 2 3.14159265e+00 2.57441232e-02
351 2 3.14159265e+00 2.57236995e-02
352 2 3.14159265e+00 2.48265243e-02
353 2 3.14159265e+00 2.50570138e-02
354 2 3.14159265e+00 2.54742687e-02
355 2 3.14159265e+00 2.54255661e-02
356 2 3.14159265e+00 2.57344510e-02
357 2 3.14159265e+00 2.61001268e-02
358 2 3.14159265e+00 2.48667827e-02
359 2 3.14159265e+00 2.47063195e-02
360 2 3.14159265e+00 2.58262602e-02
361 2 3.14159265e+00 2.53908345e-02
362 2 3.14159265e+00 2.51075822e-02
363 2 3.14159265e+00 2.64974974e-02
364 2 3.14159265e+00 2.56558273e-02
365 2 3.14159265e+00 2.52288892e-02
366 2 3.14159265e+00 2.49751656e-02
367 2 3.14159265e+00 2.51927083e-02
368 2 3.14159265e+00 2.49390726e-02
369 2 3.14159265e+00 2.53740098e-02
370 2 3.14159265e+00 2.54386735e-02
371 2 3.14159265e+00 2.47178474e-02
372 2 3.14159265e+00 2.59081383e-02
373 2 3.14159265e+00 2.54056865e-02
374 2 3.14159265e+00 2.49703534e-02
375 2 3.14159265e+00 2.45004334e-02
376 2 3.14159265e+00 2.52125924e-02
377 2 3.14159265e+00 2.53079902e-02
378 2 3.14159265e+00 2.57771932e-02
379 2 3.14159265e+00 2.52291292e-02
380 2 3.14159265e+00 2.54420099e-02
381 2 3.14159265e+00 2.50174563e-02
382 2 3.14159265e+00 2.47058627e-02
383 2 3.14159265e+00 2.45576932e-02
384 2 3.14159265e+00 2.59156806e-02
385 2 3.14159265e+00 2.53002722e-02
386 2 3.14159265e+00 2.45559433e-02
387 2 3.14159265e+00 2.50839410e-02
388 2 3.14159265e+00 2.55568166e-02
389 2 3.14159265e+00 2.52811962e-02
390 2 3.14159265e+00 2.60736347e-02
391 2 3.14159265e+00 2.54270030e-02
392 2 3.14159265e+00 2.46050537e-02
393 2 3.14159265e+00 2.52365605e-02
394 2 3.14159265e+00 2.55791715e-02
395 2 3.14159265e+00 2.60505629e-02
396 2 3.14159265e+00 2.42970143e-02
397 2 3.14159265e+00 2.50404509e-02
398 2 3.14159265e+00 2.49202460e-02
399 2 3.14159265e+00 2.59610010e-02
400 2 3.14159265e+00 2.49085117e-02
401 2 3.14159265e+00 2.44667796e-02
402 2 3.14159265e+00 2.52167672e-02
403 2 3.14159265e+00 2.60142824e-02
404 2 3.14159265e+00 2.42066545e-02
405 2 3.14159265e+00 2.41724826e-02
406 2 3.14159265e+00 2.51652952e-02
407 2 3.14159265e+00 2.57419211e-02
408 2 3.14159265e+00 2.54332099e-02
409 2 3.14159265e+00 2.45798146e-02
410 2 3.14159265e+00 2.53485850e-02
411 2 3.14159265e+00 2.51754035e-02
412 2 3.14159265e+00 2.48856095e-02
413 2 3.14159265e+00 2.48577270e-02
414 2 3.14159265e+00 2.52429210e-02
415 2 3.14159265e+00 2.55264808e-02
416 2 3.14159265e+00 2.52607763e-02
417 2 3.14159265e+00 2.42126282e-02
418 2 3.14159265e+00 2.45302056e-02
419 2 3.14159265e+00 2.53074239e-02
420 2 3.14159265e+00 2.56382406e-02
421 2 3.14159265e+00 2.54571754e-02
422 2 3.14159265e+00 2.56623380e-02
423 2 3.14159265e+00 2.51166563e-02
424 2 3.14159265e+00 2.53600293e-02
425 2 3.14159265e+00 2.51391643e-02
426 2 3.14159265e+00 2.47001452e-02
427 2 3.14159265e+00 2.53131364e-02
428 2 3.14159265e+00 2.44376998e-02
429 2 3.14159265e+00 2.63584635e-02
430 2 3.14159265e+00 2.60622545e-02
431 2 3.14159265e+00 2.45305095e-02
432 2 3.14159265e+00 2.54249982e-02
433 2 3.14159265e+00 2.40630769e-02
434 2 3.14159265e+00 2.48597970e-02
435 2 3.14159265e+00 2.54613310e-02
436 2 3.14159265e+00 2.57179814e-02
437 2 3.14159265e+00 2.50353672e-02
438 2 3.14159265e+00 2.58992212e-02
439 2 3.14159265e+00 2.51389212e-02
440 2 3.14159265e+00 2.48843604e-02
441 2 3.14159265e+00 2.55850930e-02
442 2 3.14159265e+00 2.45076788e-02
443 2 3.14159265e+00 2.50267657e-02
444 2 3.14159265e+00 2.49355823e-02
445 2 3.14159265e+00 2.60202427e-02
446 2 3.14159265e+00 2.53597792e-02
447 2 3.14159265e+00 2.47076737e-02
448 2 3.14159265e+00 2.57954982e-02
449 2 3.14159265e+00 2.58890307e-02
450 2 3.14159265e+00 2.56480577e-02
451 2 3.14159265e+00 2.52425495e-02
452 2 3.14159265e+00 2.53016249e-02
453 2 3.14159265e+00 2.58184523e-02
454 2 3.14159265e+00 2.50454511e-02
455 2 3.14159265e+00 2.50158123e-02
456 2 3.14159265e+00 2.54136978e-02
457 2 3.14159265e+00 2.51330520e-02
458 2 3.14159265e+00 2.58344261e-02
459 2 3.14159265e+00 2.47341070e-02
460 2 3.14159265e+00 2.51053603e-02
461 2 3.14159265e+00 2.59527119e-02
462 2 3.14159265e+00 2.47664279e-02
463 2 3.14159265e+00 2.57220034e-02
464 2 3.14159265e+00 2.52489935e-02
465 2 3.14159265e+00 2.57624771e-02
466 2 3.14159265e+00 2.50904461e-02
467 2 3.14159265e+00 2.49716140e-02
468 2 3.14159265e+00 2.55417924e-02
469 2 3.14159265e+00 2.47637967e-02
470 2 3.14159265e+00 2.47900837e-02
471 2 3.14159265e+00 2.44186455e-02
472 2 3.14159265e+00 2.55204010e-02
473 2 3.14159265e+00 2.53238962e-02
474 2 3.14159265e+00 2.52658832e-02
475 2 3.14159265e+00 2.60488600e-02
476 2 3.14159265e+00 2.57481577e-02
477 2 3.14159265e+00 2.55618551e-02
478 2 3.14159265e+00 2.59235171e-02
479 2 3.14159265e+00 2.52972662e-02
480 2 3.14159265e+00 2.53796997e-02
481 2 3.14159265e+00 2.44901627e-02
482 2 3.14159265e+00 2.51537207e-02
483 2 3.14159265e+00 2.57239171e-02
484 2 3.14159265e+00 2.46748312e-02
485 2 3.14159265e+00 2.45109927e-02
486 2 3.14159265e+00 2.51380530e-02
487 2 3.14159265e+00 2.48825599e-02
488 2 3.14159265e+00 2.46369093e-02
489 2 3.14159265e+00 2.54174648e-02
490 2 3.14159265e+00 2.61445229e-02
491 2 3.14159265e+00 2.51171370e-02
492 2 3.14159265e+00 2.48964846e-02
493 2 3.14159265e+00 2.51404037e-02
494 2 3.14159265e+00 2.50293512e-02
495 2 3.14159265e+00 2.52272641e-02
496 2 3.14159265e+00 2.49580018e-02
497 2 3.14159265e+00 2.50820450e-02
498 2 3.14159265e+00 2.48246721e-02
499 2 3.14159265e+00 2.57914505e-02
500 2 3.14159265e+00 2.44464775e-02
501 2 3.14159265e+00 2.59340601e-02
502 2 3.14159265e+00 2.56744900e-02
503 2 3.14159265e+00 2.58521543e-02
504 2 3.14159265e+00 2.51587787e-02
505 2 3.14159265e+00 2.53849494e-02
506 2 3.14159265e+00 2.54514049e-02
507 2 3.14159265e+00 2.53479732e-02
508 2 3.14159265e+00 2.50581888e-02
509 2 3.14159265e+00 2.41473033e-02
510 2 3.14159265e+00 2.52178395e-02
511 2 3.14159265e+00 2.52284334e-02
512 2 3.14159265e+00 2.55589658e-02
513 2 3.14159265e+00 2.48167783e-02
514 2 3.14159265e+00 2.52640616e-02
515 2 3.14159265e+00 2.57633692e-02
516 2 3.14159265e+00 2.48753224e-02
517 2 3.14159265e+00 2.48540009e-02
518 2 3.14159265e+00 2.61536083e-02
519 2 3.14159265e+00 2.63420287e-02
520 2 3.14159265e+00 2.55999647e-02
521 2 3.14159265e+00 2.42121998e-02
522 2 3.14159265e+00 2.46119122e-02
523 2 3.14159265e+00 2.51644395e-02
524 2 3.14159265e+00 2.51359998e-02
525 2 3.14159265e+00 2.53651558e-02
526 2 3.14159265e+00 2.63150853e-02
527 2 3.14159265e+00 2.55886787e-02
528 2 3.14159265e+00 2.55869253e-02
529 2 3.14159265e+00 2.53652182e-02
530 2 3.14159265e+00 2.53507780e-02
531 2 3.14159265e+00 2.50218005e-02
532 2 3.14159265e+00 2.38826046e-02
533 2 3.14159265e+00 2.53778931e-02
534 2 3.14159265e+00 2.54253893e-02
535 2 3.14159265e+00 2.47312161e-02
536 2 3.14159265e+00 2.49417278e-02
537 2 3.14159265e+00 2.51494716e-02
538 2 3.14159265e+00 2.47198917e-02
539 2 3.14159265e+00 2.41272086e-02
540 2 3.14159265e+00 2.44654199e-02
541 2 3.14159265e+00 2.57885564e-02
542 2 3.14159265e+00 2.61823981e-02
543 2 3.14159265e+00 2.51487575e-02
544 2 3.14159265e+00 2.45521895e-02
545 2 3.14159265e+00 2.50149103e-02
546 2 3.14159265e+00 2.54431470e-02
547 2 3.14159265e+00 2.50363229e-02
548 2 3.14159265e+00 2.44416495e-02
549 2 3.14159265e+00 2.55680224e-02
550 2 3.14159265e+00 2.58433114e-02
551 2 3.14159265e+00 2.61384195e-02
552 2 3.14159265e+00 2.47228326e-02
553 2 3.14159265e+00 2.58778738e-02
554 2 3.14159265e+00 2.51726977e-02
555 2 3.14159265e+00 2.42709451e-02
556 2 3.14159265e+00 2.50120140e-02
557 2 3.14159265e+00 2.58719279e-02
558 2 3.14159265e+00 2.49087890e-02
559 2 3.14159265e+00 2.56740502e-02
560 2 3.14159265e+00 2.49701160e-02
561 2 3.14159265e+00 2.49586667e-02
562 2 3.14159265e+00 2.50970921e-02
563 2 3.14159265e+00 2.50631676e-02
564 2 3.14159265e+00 2.49935584e-02
565 2 3.14159265e+00 2.53476274e-02
566 2 3.14159265e+00 2.60630849e-02
567 2 3.14159265e+00 2.56173881e-02
568 2 3.14159265e+00 2.56058772e-02
569 2 3.14159265e+00 2.62041754e-02
570 2 3.14159265e+00 2.50593053e-02
571 2 3.14159265e+00 2.49684058e-02
572 2 3.14159265e+00 2.55283146e-02
573 2 3.14159265e+00 2.53469289e-02
574 2 3.14159265e+00 2.57274618e-02
575 2 3.14159265e+00 2.51501956e-02
576 2 3.14159265e+00 2.50777841e-02
577 2 3.14159265e+00 2.49218599e-02
578 2 3.14159265e+00 2.55180745e-02
579 2 3.14159265e+00 2.55319558e-02
580 2 3.14159265e+00 2.57711925e-02
581 2 3.14159265e+00 2.57334554e-02
582 2 3.14159265e+00 2.56121232e-02
583 2 3.14159265e+00 2.56415589e-02
584 2 3.14159265e+00 2.46882437e-02
585 2 3.14159265e+00 2.55228310e-02
586 2 3.14159265e+00 2.54293157e-02
587 2 3.14159265e+00 2.48326593e-02
588 2 3.14159265e+00 2.50429574e-02
589 2 3.14159265e+00 2.55884300e-02
590 2 3.14159265e+00 2.48787456e-02
591 2 3.14159265e+00 2.59857700e-02
592 2 3.14159265e+00 2.55743749e-02
593 2 3.14159265e+00 2.55491654e-02
594 2 3.14159265e+00 2.56673095e-02
595 2 3.14159265e+00 2.42293574e-02
596 2 3.14159265e+00 2.50087015e-02
597 2 3.14159265e+00 2.51077608e-02
598 2 3.14159265e+00 2.51496828e-02
599 2 3.14159265e+00 2.56186259e-02
600 2 3.14159265e+00 2.52783341e-02
601 2 3.14159265e+00 2.50188272e-02
602 2 3.14159265e+00 2.52672912e-02
603 2 3.14159265e+00 2.45614784e-02
604 2 3.14159265e+00 2.50787199e-02
605 2 3.14159265e+00 2.44898438e-02
606 2 3.14159265e+00 2.58463686e-02
607 2 3.14159265e+00 2.50164804e-02
608 2 3.14159265e+00 2.61621232e-02
609 2 3.14159265e+00 2.45382821e-02
610 2 3.14159265e+00 2.48511610e-02
611 2 3.14159265e+00 2.55648892e-02
612 2 3.14159265e+00 2.52064689e-02
613 2 3.14159265e+00 2.55410832e-02
614 2 3.14159265e+00 2.56044269e-02
615 2 3.14159265e+00 2.50950064e-02
616 2 3.14159265e+00 2.61630266e-02
617 2 3.14159265e+00 2.44589393e-02
618 2 3.14159265e+00 2.56795750e-02
619 2 3.14159265e+00 2.55119136e-02
620 2 3.14159265e+00 2.57671540e-02
621 2 3.14159265e+00 2.55172825e-02
622 2 3.14159265e+00 2.47333738e-02
623 2 3.14159265e+00 2.59350052e-02
624 2 3.14159265e+00 2.49211196e-02
625 2 3.14159265e+00 2.51951611e-02
626 2 3.14159265e+00 2.49998318e-02
627 2 3.14159265e+00 2.47273993e-02
628 2 3.14159265e+00 2.50712428e-02
629 2 3.14159265e+00 2.53815071e-02
630 2 3.14159265e+00 2.55818082e-02
631 2 3.14159265e+00 2.47762767e-02
632 2 3.14159265e+00 2.48616304e-02
633 2 3.14159265e+00 2.50341637e-02
634 2 3.14159265e+00 2.50325079e-02
635 2 3.14159265e+00 2.52572674e-02
636 2 3.14159265e+00 2.49980657e-02
637 2 3.14159265e+00 2.53298719e-02
638 2 3.14159265e+00 2.49226009e-02
639 2 3.14159265e+00 2.39142158e-02
640 2 3.14159265e+00 2.59038243e-02
641 2 3.14159265e+00 2.58245507e-02
642 2 3.14159265e+00 2.50280209e-02
643 2 3.14159265e+00 2.46596709e-02
644 2 3.14159265e+00 2.47930544e-02
645 2 3.14159265e+00 2.44271678e-02
646 2 3.14159265e+00 2.50598638e-02
647 2 3.14159265e+00 2.51100898e-02
648 2 3.14159265e+00 2.45141801e-02
649 2 3.14159265e+00 2.54211443e-02
650 2 3.14159265e+00 2.51991535e-02
651 2 3.14159265e+00 2.54518168e-02
652 2 3.14159265e+00 2.57090869e-02
653 2 3.14159265e+00 2.51223272e-02
654 2 3.14159265e+00 2.47273123e-02
655 2 3.14159265e+00 2.60073658e-02
656 2 3.14159265e+00 2.55934151e-02
657 2 3.14159265e+00 2.46238405e-02
658 2 3.14159265e+00 2.53617820e-02
659 2 3.14159265e+00 2.54479792e-02
660 2 3.14159265e+00 2.52069513e-02
661 2 3.14159265e+00 2.51983493e-02
662 2 3.14159265e+00 2.59048521e-02
663 2 3.14159265e+00 2.49822389e-02
664 2 3.14159265e+00 2.54145724e-02
665 2 3.14159265e+00 2.50590414e-02
666 2 3.14159265e+00 2.61802926e-02
667 2 3.14159265e+00 2.60895259e-02
668 2 3.14159265e+00 2.54738870e-02
669 2 3.14159265e+00 2.46622047e-02
670 2 3.14159265e+00 2.55314777e-02
671 2 3.14159265e+00 2.51467820e-02
672 2 3.14159265e+00 2.54055397e-02
673 2 3.14159265e+00 2.60085378e-02
674 2 3.14159265e+00 2.51829275e-02
675 2 3.14159265e+00 2.43250545e-02
676 2 3.14159265e+00 2.56247042e-02
677 2 3.14159265e+00 2.55261804e-02
678 2 3.14159265e+00 2.53659451e-02
679 2 3.14159265e+00 2.55260671e-02
680 2 3.14159265e+00 2.53838544e-02
681 2 3.14159265e+00 2.53279815e-02
682 2 3.14159265e+00 2.49041329e-02
683 2 3.14159265e+00 2.56719535e-02
684 2 3.14159265e+00 2.47245849e-02
685 2 3.14159265e+00 2.54519415e-02
686 2 3.14159265e+00 2.50967895e-02
687 2 3.14159265e+00 2.51193591e-02
688 2 3.14159265e+00 2.54365951e-02
689 2 3.14159265e+00 2.54570982e-02
690 2 3.14159265e+00 2.48565960e-02
691 2 3.14159265e+00 2.51634131e-02
692 2 3.14159265e+00 2.54486587e-02
693 2 3.14159265e+00 2.50227867e-02
694 2 3.14159265e+00 2.47587958e-02
695 2 3.14159265e+00 2.45386519e-02
696 2 3.14159265e+00 2.54956668e-02
697 2 3.14159265e+00 2.61642637e-02
698 2 3.14159265e+00 2.53898870e-02
699 2 3.14159265e+00 2.53546893e-02
700 2 3.14159265e+00 2.51406656e-02
701 2 3.14159265e+00 2.51841755e-02
702 2 3.14159265e+00 2.56102376e-02
703 2 3.14159265e+00 2.48254121e-02
704 2 3.14159265e+00 2.60716350e-02
705 2 3.14159265e+00 2.47462784e-02
706 2 3.14159265e+00 2.53115810e-02
707 2 3.14159265e+00 2.55522031e-02
708 2 3.14159265e+00 2.50885719e-02
709 2 3.14159265e+00 2.49572645e-02
710 2 3.14159265e+00 2.51190689e-02
711 2 3.14159265e+00 2.56767848e-02
712 2 3.14159265e+00 2.51444644e-02
713 2 3.14159265e+00 2.48251285e-02
714 2 3.14159265e+00 2.52852419e-02
715 2 3.14159265e+00 2.57190162e-02
716 2 3.14159265e+00 2.53470274e-02
717 2 3.14159265e+00 2.53286468e-02
718 2 3.14159265e+00 2.58318699e-02
719 2 3.14159265e+00 2.53117627e-02
720 2 3.14159265e+00 2.51349530e-02
721 2 3.14159265e+00 2.54116190e-02
722 2 3.14159265e+00 2.55519935e-02
723 2 3.14159265e+00 2.52238619e-02
724 2 3.14159265e+00 2.44153892e-02
725 2 3.14159265e+00 2.48624520e-02
726 2 3.14159265e+00 2.46632803e-02
727 2 3.14159265e+00 2.61911899e-02
728 2 3.14159265e+00 2.53042800e-02
729 2 3.14159265e+00 2.55893929e-02
730 2 3.14159265e+00 2.44209811e-02
731 2 3.14159265e+00 2.49287074e-02
732 2 3.14159265e+00 2.45819223e-02
733 2 3.14159265e+00 2.52723200e-02
734 2 3.14159265e+00 2.58731022e-02
735 2 3.14159265e+00 2.55181037e-02
736 2 3.14159265e+00 2.53029657e-02
737 2 3.14159265e+00 2.58157609e-02
738 2 3.14159265e+00 2.50984037e-02
739 2 3.14159265e+00 2.59449307e-02
740 2 3.14159265e+00 2.52024714e-02
741 2 3.14159265e+00 2.50709786e-02
742 2 3.14159265e+00 2.53231317e-02
743 2 3.14159265e+00 2.43554101e-02
744 2 3.14159265e+00 2.40701083e-02
745 2 3.14159265e+00 2.51074682e-02
746 2 3.14159265e+00 2.46520779e-02
747 2 3.14159265e+00 2.49074399e-02
748 2 3.14159265e+00 2.56537520e-02
749 2 3.14159265e+00 2.55484010e-02
750 2 3.14159265e+00 2.51986056e-02
751 2 3.14159265e+00 2.51726892e-02
752 2 3.14159265e+00 2.47371472e-02
753 2 3.14159265e+00 2.45771637e-02
754 2 3.14159265e+00 2.53444816e-02
755 2 3.14159265e+00 2.49610322e-02
756 2 3.14159265e+00 2.47818834e-02
757 2 3.14159265e+00 2.55684759e-02
758 2 3.14159265e+00 2.53352630e-02
759 2 3.14159265e+00 2.48888473e-02
760 2 3.14159265e+00 2.51674983e-02
761 2 3.14159265e+00 2.56932739e-02
762 2 3.14159265e+00 2.41408222e-02
763 2 3.14159265e+00 2.46972853e-02
764 2 3.14159265e+00 2.56973747e-02
765 2 3.14159265e+00 2.49647195e-02
766 2 3.14159265e+00 2.58022838e-02
767 2 3.14159265e+00 2.56331880e-02
768 2 3.14159265e+00 2.58874220e-02
769 2 3.14159265e+00 2.47549189e-02
770 2 3.14159265e+00 2.53699545e-02
771 2 3.14159265e+00 2.54424508e-02
772 2 3.14159265e+00 2.57205155e-02
773 2 3.14159265e+00 2.56998451e-02
774 2 3.14159265e+00 2.61502998e-02
775 2 3.14159265e+00 2.51681014e-02
776 2 3.14159265e+00 2.50266190e-02
777 2 3.14159265e+00 2.44067663e-02
778 2 3.14159265e+00 2.52573607e-02
779 2 3.14159265e+00 2.50382680e-02
780 2 3.14159265e+00 2.47641459e-02
781 2 3.14159265e+00 2.49642191e-02
782 2 3.14159265e+00 2.50612642e-02
783 2 3.14159265e+00 2.54292973e-02
784 2 3.14159265e+00 2.56736311e-02
785 2 3.14159265e+00 2.51026188e-02
786 2 3.14159265e+00 2.49962609e-02
787 2 3.14159265e+00 2.61023247e-02
788 2 3.14159265e+00 2.51875408e-02
789 2 3.14159265e+00 2.46376345e-02
790 2 3.14159265e+00 2.48451298e-02
791 2 3.14159265e+00 2.48908078e-02
792 2 3.14159265e+00 2.52085750e-02
793 2 3.14159265e+00 2.40532754e-02
794 2 3.14159265e+00 2.51474091e-02
795 2 3.14159265e+00 2.58305634e-02
796 2 3.14159265e+00 2.64146920e-02
797 2 3.14159265e+00 2.52459647e-02
798 2 3.14159265e+00 2.57877112e-02
799 2 3.14159265e+00 2.48631830e-02
800 2 3.14159265e+00 2.48433387e-02
801 2 3.14159265e+00 2.61703084e-02
802 2 3.14159265e+00 2.49714415e-02
803 2 3.14159265e+00 2.58654744e-02
804 2 3.14159265e+00 2.49063262e-02
805 2 3.14159265e+00 2.62153339e-02
806 2 3.14159265e+00 2.54634055e-02
807 2 3.14159265e+00 2.54411347e-02
808 2 3.14159265e+00 2.51186322e-02
809 2 3.14159265e+00 2.55520368e-02
810 2 3.14159265e+00 2.48579286e-02
811 2 3.14159265e+00 2.53633533e-02
812 2 3.14159265e+00 2.56597464e-02
813 2 3.14159265e+00 2.55187810e-02
814 2 3.14159265e+00 2.50469474e-02
815 2 3.14159265e+00 2.47132868e-02
816 2 3.14159265e+00 2.46289676e-02
817 2 3.14159265e+00 2.51881111e-02
818 2 3.14159265e+00 2.52159424e-02
819 2 3.14159265e+00 2.54249951e-02
820 2 3.14159265e+00 2.51816232e-02
821 2 3.14159265e+00 2.53278703e-02
822 2 3.14159265e+00 2.55473563e-02
823 2 3.14159265e+00 2.56267520e-02
824 2 3.14159265e+00 2.47321292e-02
825 2 3.14159265e+00 2.49495037e-02
826 2 3.14159265e+00 2.48467123e-02
827 2 3.14159265e+00 2.58299887e-02
828 2 3.14159265e+00 2.55311393e-02
829 2 3.14159265e+00 2.56961536e-02
830 2 3.14159265e+00 2.55294857e-02
831 2 3.14159265e+00 2.55693825e-02
832 2 3.14159265e+00 2.55519514e-02
833 2 3.14159265e+00 2.57649596e-02
834 2 3.14159265e+00 2.48287060e-02
835 2 3.14159265e+00 2.51711994e-02
836 2 3.14159265e+00 2.46197799e-02
837 2 3.14159265e+00 2.53783383e-02
838 2 3.14159265e+00 2.50161871e-02
839 2 3.14159265e+00 2.45470473e-02
840 2 3.14159265e+00 2.57974101e-02
841 2 3.14159265e+00 2.42331736e-02
842 2 3.14159265e+00 2.48945617e-02
843 2 3.14159265e+00 2.49005297e-02
844 2 3.14159265e+00 2.52045098e-02
845 2 3.14159265e+00 2.60204258e-02
846 2 3.14159265e+00 2.46232157e-02
847 2 3.14159265e+00 2.48140753e-02
848 2 3.14159265e+00 2.53162464e-02
849 2 3.14159265e+00 2.54873636e-02
850 2 3.14159265e+00 2.59872654e-02
851 2 3.14159265e+00 2.51091230e-02
852 2 3.14159265e+00 2.54975369e-02
853 2 3.14159265e+00 2.58667893e-02
854 2 3.14159265e+00 2.54687289e-02
855 2 3.14159265e+00 2.46963715e-02
856 2 3.14159265e+00 2.56664015e-02
857 2 3.14159265e+00 2.54496034e-02
858 2 3.14159265e+00 2.45547642e-02
859 2 3.14159265e+00 2.50822767e-02
860 2 3.14159265e+00 2.43649394e-02
861 2 3.14159265e+00 2.49135996e-02
862 2 3.14159265e+00 2.51945586e-02
863 2 3.14159265e+00 2.55436394e-02
864 2 3.14159265e+00 2.52233263e-02
865 2 3.14159265e+00 2.53564293e-02
866 2 3.14159265e+00 2.63251524e-02
867 2 3.14159265e+00 2.49336923e-02
868 2 3.14159265e+00 2.53150377e-02
869 2 3.14159265e+00 2.58470664e-02
870 2 3.14159265e+00 2.56143729e-02
871 2 3.14159265e+00 2.44851751e-02
872 2 3.14159265e+00 2.52970804e-02
873 2 3.14159265e+00 2.45906867e-02
874 2 3.14159265e+00 2.54911448e-02
875 2 3.14159265e+00 2.53124620e-02
876 2 3.14159265e+00 2.53535744e-02
877 2 3.14159265e+00 2.51380296e-02
878 2 3.14159265e+00 2.51658726e-02
879 2 3.14159265e+00 2.49668378e-02
880 2 3.14159265e+00 2.48929537e-02
881 2 3.14159265e+00 2.56855052e-02
882 2 3.14159265e+00 2.49842607e-02
883 2 3.14159265e+00 2.58718458e-02
884 2 3.14159265e+00 2.55167235e-02
885 2 3.14159265e+00 2.52593697e-02
886 2 3.14159265e+00 2.51433065e-02
887 2 3.14159265e+00 2.50406699e-02
888 2 3.14159265e+00 2.59710080e-02
889 2 3.14159265e+00 2.54492128e-02
890 2 3.14159265e+00 2.50924732e-02
891 2 3.14159265e+00 2.48120451e-02
892 2 3.14159265e+00 2.56812977e-02
893 2 3.14159265e+00 2.41349154e-02
894 2 3.14159265e+00 2.53557848e-02
895 2 3.14159265e+00 2.46832173e-02
896 2 3.14159265e+00 2.49723710e-02
897 2 3.14159265e+00 2.59433109e-02
898 2 3.14159265e+00 2.55511737e-02
899 2 3.14159265e+00 2.49472382e-02
0 3 4.71238898e+00 3.23643251e-02
1 3 4.71238898e+00 3.33557812e-02
2 3 4.71238898e+00 3.42233396e-02
3 3 4.71238898e+00 3.25082114e-02
4 3 4.71238898e+00 3.44110916e-02
5 3 4.71238898e+00 3.34103249e-02
6 3 4.71238898e+00 3.19958681e-02
7 3 4.71238898e+00 3.39447437e-02
8 3 4.71238898e+00 3.21787052e-02
9 3 4.71238898e+00 3.42422107e-02
10 3 4.71238898e+00 3.45883950e-02
11 3 4.71238898e+00 3.38945309e-02
12 3 4.71238898e+00 3.38286383e-02
13 3 4.71238898e+00 3.42898845e-02
14 3 4.71238898e+00 3.27247746e-02
15 3 4.71238898e+00 3.31124108e-02
16 3 4.71238898e+00 3.22179411e-02
17 3 4.71238898e+00 3.48017861e-02
18 3 4.71238898e+00 3.34718706e-02
19 3 4.71238898e+00 3.40932150e-02
20 3 4.71238898e+00 3.33379399e-02
21 3 4.71238898e+00 3.39641192e-02
22 3 4.71238898e+00 3.26062971e-02
23 3 4.71238898e+00 3.52466402e-02
24 3 4.71238898e+00 3.21521262e-02
25 3 4.71238898e+00 3.29858880e-02
26 3 4.71238898e+00 3.29219204e-02
27 3 4.71238898e+00 3.25448328e-02
28 3 4.71238898e+00 3.39519420e-02
29 3 4.71238898e+00 3.49410825e-02
30 3 4.71238898e+00 3.22442881e-02
31 3 4.71238898e+00 3.30218685e-02
32 3 4.71238898e+00 3.21613554e-02
33 3 4.71238898e+00 3.26904395e-02
34 3 4.71238898e+00 3.33886238e-02
35 3 4.71238898e+00 3.42336951e-02
36 3 4.71238898e+00 3.26622473e-02
37 3 4.71238898e+00 3.31936885e-02
38 3 4.71238898e+00 3.26778859e-02
39 3 4.71238898e+00 3.30896639e-02
40 3 4.71238898e+00 3.29501806e-02
41 3 4.71238898e+00 3.33168030e-02
42 3 4.71238898e+00 3.43101203e-02
43 3 4.71238898e+00 3.39020540e-02
44 3 4.71238898e+00 3.33866000e-02
45 3 4.71238898e+00 3.28436478e-02
46 3 4.71238898e+00 3.42872404e-02
47 3 4.71238898e+00 3.31489745e-02
48 3 4.71238898e+00 3.25661507e-02
49 3 4.71238898e+00 3.33938063e-02
50 3 4.71238898e+00 3.51225983e-02
51 3 4.71238898e+00 3.27758949e-02
52 3 4.71238898e+00 3.35612025e-02
53 3 4.71238898e+00 3.40995515e-02
54 3 4.71238898e+00 3.32537290e-02
55 3 4.71238898e+00 3.30777734e-02
56 3 4.71238898e+00 3.41404723e-02
57 3 4.71238898e+00 3.28262151e-02
58 3 4.71238898e+00 3.34730203e-02
59 3 4.71238898e+00 3.38105526e-02
60 3 4.71238898e+00 3.27544074e-02
61 3 4.71238898e+00 3.31993180e-02
62 3 4.71238898e+00 3.39875075e-02
63 3 4.71238898e+00 3.47999683e-02
64 3 4.71238898e+00 3.42306731e-02
65 3 4.71238898e+00 3.40760246e-02
66 3 4.71238898e+00 3.39939686e-02
67 3 4.71238898e+00 3.42267853e-02
68 3 4.71238898e+00 3.32048148e-02
69 3 4.71238898e+00 3.36983149e-02
70 3 4.71238898e+00 3.49655271e-02
71 3 4.71238898e+00 3.23055491e-02
72 3 4.71238898e+00 3.23604750e-02
73 3 4.71238898e+00 3.39785601e-02
74 3 4.71238898e+00 3.41026636e-02
75 3 4.71238898e+00 3.35687118e-02
76 3 4.71238898e+00 3.48199114e-02
77 3 4.71238898e+00 3.32221889e-02
78 3 4.71238898e+00 3.28164992e-02
79 3 4.71238898e+00 3.28133736e-02
80 3 4.71238898e+00 3.42709584e-02
81 3 4.71238898e+00 3.41230942e-02
82 3 4.71238898e+00 3.29321763e-02
83 3 4.71238898e+00 3.29620724e-02
84 3 4.71238898e+00 3.26385354e-02
85 3 4.71238898e+00 3.48290667e-02
86 3 4.71238898e+00 3.39779779e-02
87 3 4.71238898e+00 3.34981382e-02
88 3 4.71238898e+00 3.42551458e-02
89 3 4.71238898e+00 3.35402198e-02
90 3 4.71238898e+00 3.39856963e-02
91 3 4.71238898e+00 3.38360038e-02
92 3 4.71238898e+00 3.33274771e-02
93 3 4.71238898e+00 3.45347085e-02
94 3 4.71238898e+00 3.45989808e-02
95 3 4.71238898e+00 3.41155685e-02
96 3 4.71238898e+00 3.39279082e-02
97 3 4.71238898e+00 3.37155913e-02
98 3 4.71238898e+00 3.44261761e-02
99 3 4.71238898e+00 3.38317993e-02
100 3 4.71238898e+00 3.27842545e-02
101 3 4.71238898e+00 3.44396374e-02
102 3 4.71238898e+00 3.30382820e-02
103 3 4.71238898e+00 3.20643877e-02
104 3 4.71238898e+00 3.44184193e-02
105 3 4.71238898e+00 3.40647350e-02
106 3 4.71238898e+00 3.12739989e-02
107 3 4.71238898e+00 3.42230704e-02
108 3 4.71238898e+00 3.41828906e-02
109 3 4.71238898e+00 3.41744792e-02
110 3 4.71238898e+00 3.33652937e-02
111 3 4.71238898e+00 3.26745322e-02
112 3 4.71238898e+00 3.18213019e-02
113 3 4.71238898e+00 3.35501151e-02
114 3 4.71238898e+00 3.28809764e-02
115 3 4.71238898e+00 3.35321656e-02
116 3 4.71238898e+00 3.36117706e-02
117 3 4.71238898e+00 3.35188740e-02
118 3 4.71238898e+00 3.44493918e-02
119 3 4.71238898e+00 3.25476697e-02
120 3 4.71238898e+00 3.15028173e-02
121 3 4.71238898e+00 3.25794261e-02
122 3 4.71238898e+00 3.25877095e-02
123 3 4.71238898e+00 3.43482320e-02
124 3 4.71238898e+00 3.37945413e-02
125 3 4.71238898e+00 3.27939214e-02
126 3 4.71238898e+00 3.44257234e-02
127 3 4.71238898e+00 3.30185605e-02
128 3 4.71238898e+00 3.39068931e-02
129 3 4.71238898e+00 3.26141570e-02
130 3 4.71238898e+00 3.33723926e-02
131 3 4.71238898e+00 3.25438375e-02
132 3 4.71238898e+00 3.22392444e-02
133 3 4.71238898e+00 3.18970532e-02
134 3 4.71238898e+00 3.36806778e-02
135 3 4.71238898e+00 3.30618329e-02
136 3 4.71238898e+00 3.28226659e-02
137 3 4.71238898e+00 3.26785990e-02
138 3 4.71238898e+00 3.39503472e-02
139 3 4.71238898e+00 3.19232155e-02
140 3 4.71238898e+00 3.38396802e-02
141 3 4.71238898e+00 3.38804470e-02
142 3 4.71238898e+00 3.45281732e-02
143 3 4.71238898e+00 3.33112796e-02
144 3 4.71238898e+00 3.33300944e-02
145 3 4.71238898e+00 3.35776438e-02
146 3 4.71238898e+00 3.41047601e-02
147 3 4.71238898e+00 3.31984136e-02
148 3 4.71238898e+00 3.40484772e-02
149 3 4.71238898e+00 3.43375106e-02
150 3 4.71238898e+00 3.27629916e-02
151 3 4.71238898e+00 3.39922482e-02
152 3 4.71238898e+00 3.30068280e-02
153 3 4.71238898e+00 3.25746537e-02
154 3 4.71238898e+00 3.36517360e-02
155 3 4.71238898e+00 3.37051158e-02
156 3 4.71238898e+00 3.47725815e-02
157 3 4.71238898e+00 3.39371457e-02
158 3 4.71238898e+00 3.51819574e-02
159 3 4.71238898e+00 3.37554488e-02
160 3 4.71238898e+00 3.34277662e-02
161 3 4.71238898e+00 3.29282862e-02
162 3 4.71238898e+00 3.36870707e-02
163 3 4.71238898e+00 3.45111323e-02
164 3 4.71238898e+00 3.21792786e-02
165 3 4.71238898e+00 3.22181574e-02
166 3 4.71238898e+00 3.46484102e-02
167 3 4.71238898e+00 3.40007129e-02
168 3 4.71238898e+00 3.36991134e-02
169 3 4.71238898e+00 3.36482636e-02
170 3 4.71238898e+00 3.37056914e-02
171 3 4.71238898e+00 3.35882568e-02
172 3 4.71238898e+00 3.40719100e-02
173 3 4.71238898e+00 3.43766480e-02
174 3 4.71238898e+00 3.47420534e-02
175 3 4.71238898e+00 3.48412144e-02
176 3 4.71238898e+00 3.52939133e-02
177 3 4.71238898e+00 3.39298906e-02
178 3 4.71238898e+00 3.23127393e-02
179 3 4.71238898e+00 3.39341602e-02
180 3 4.71238898e+00 3.33522282e-02
181 3 4.71238898e+00 3.32488786e-02
182 3 4.71238898e+00 3.37475277e-02
183 3 4.71238898e+00 3.33307240e-02
184 3 4.71238898e+00 3.40697146e-02
185 3 4.71238898e+00 3.34216740e-02
186 3 4.71238898e+00 3.29065572e-02
187 3 4.71238898e+00 3.28690401e-02
188 3 4.71238898e+00 3.27564460e-02
189 3 4.71238898e+00 3.29545490e-02
190 3 4.71238898e+00 3.36973022e-02
191 3 4.71238898e+00 3.50021992e-02
192 3 4.71238898e+00 3.42342378e-02
193 3 4.71238898e+00 3.33125013e-02
194 3 4.71238898e+00 3.38421715e-02
195 3 4.71238898e+00 3.42469353e-02
196 3 4.71238898e+00 3.38286609e-02
197 3 4.71238898e+00 3.40370823e-02
198 3 4.71238898e+00 3.38717587e-02
199 3 4.71238898e+00 3.45529238e-02
200 3 4.71238898e+00 3.26408546e-02
201 3 4.71238898e+00 3.27688522e-02
202 3 4.71238898e+00 3.27122048e-02
203 3 4.71238898e+00 3.20425720e-02
204 3 4.71238898e+00 3.30473867e-02
205 3 4.71238898e+00 3.50232404e-02
206 3 4.71238898e+00 3.20303028e-02
207 3 4.71238898e+00 3.31069422e-02
208 3 4.71238898e+00 3.38832694e-02
209 3 4.71238898e+00 3.38010242e-02
210 3 4.71238898e+00 3.21690266e-02
211 3 4.71238898e+00 3.34023334e-02
212 3 4.71238898e+00 3.31355784e-02
213 3 4.71238898e+00 3.29954284e-02
214 3 4.71238898e+00 3.34114154e-02
215 3 4.71238898e+00 3.52175224e-02
216 3 4.71238898e+00 3.34794287e-02
217 3 4.71238898e+00 3.42959786e-02
218 3 4.71238898e+00 3.55188103e-02
219 3 4.71238898e+00 3.36279262e-02
220 3 4.71238898e+00 3.42368898e-02
221 3 4.71238898e+00 3.40726011e-02
222 3 4.71238898e+00 3.37275851e-02
223 3 4.71238898e+00 3.53401890e-02
224 3 4.71238898e+00 3.15034959e-02
225 3 4.71238898e+00 3.32236610e-02
226 3 4.71238898e+00 3.34648669e-02
227 3 4.71238898e+00 3.32708854e-02
228 3 4.71238898e+00 3.33776966e-02
229 3 4.71238898e+00 3.36958681e-02
230 3 4.71238898e+00 3.34761125e-02
231 3 4.71238898e+00 3.44930976e-02
232 3 4.71238898e+00 3.31133707e-02
233 3 4.71238898e+00 3.28127356e-02
234 3 4.71238898e+00 3.34407733e-02
235 3 4.71238898e+00 3.28509654e-02
236 3 4.71238898e+00 3.30032584e-02
237 3 4.71238898e+00 3.41968954e-02
238 3 4.71238898e+00 3.36679780e-02
239 3 4.71238898e+00 3.37611756e-02
240 3 4.71238898e+00 3.38431234e-02
241 3 4.71238898e+00 3.21559192e-02
242 3 4.71238898e+00 3.34118998e-02
243 3 4.71238898e+00 3.32455552e-02
244 3 4.71238898e+00 3.15856303e-02
245 3 4.71238898e+00 3.16489115e-02
246 3 4.71238898e+00 3.32261723e-02
247 3 4.71238898e+00 3.41545003e-02
248 3 4.71238898e+00 3.27045905e-02
249 3 4.71238898e+00 3.36188828e-02
250 3 4.71238898e+00 3.37749255e-02
251 3 4.71238898e+00 3.29541953e-02
252 3 4.71238898e+00 3.41566232e-02
253 3 4.71238898e+00 3.32270476e-02
254 3 4.71238898e+00 3.36428564e-02
255 3 4.71238898e+00 3.35420150e-02
256 3 4.71238898e+00 3.43002379e-02
257 3 4.71238898e+00 3.35622572e-02
258 3 4.71238898e+00 3.34522034e-02
259 3 4.71238898e+00 3.36627985e-02
260 3 4.71238898e+00 3.43328479e-02
261 3 4.71238898e+00 3.33947929e-02
262 3 4.71238898e+00 3.35528786e-02
263 3 4.71238898e+00 3.18372158e-02
264 3 4.71238898e+00 3.30809085e-02
265 3 4.71238898e+00 3.41649070e-02
266 3 4.71238898e+00 3.20452674e-02
267 3 4.71238898e+00 3.46814214e-02
268 3 4.71238898e+00 3.26905023e-02
269 3 4.71238898e+00 3.34858194e-02
270 3 4.71238898e+00 3.29392034e-02
271 3 4.71238898e+00 3.35044601e-02
272 3 4.71238898e+00 3.28722035e-02
273 3 4.71238898e+00 3.24021510e-02
274 3 4.71238898e+00 3.30961435e-02
275 3 4.71238898e+00 3.38590222e-02
276 3 4.71238898e+00 3.40622269e-02
277 3 4.71238898e+00 3.32663415e-02
278 3 4.71238898e+00 3.56458150e-02
279 3 4.71238898e+00 3.38261868e-02
280 3 4.71238898e+00 3.34191014e-02
281 3 4.71238898e+00 3.29445385e-02
282 3 4.71238898e+00 3.40831246e-02
283 3 4.71238898e+00 3.51948062e-02
284 3 4.71238898e+00 3.22909345e-02
285 3 4.71238898e+00 3.29875824e-02
286 3 4.71238898e+00 3.31468913e-02
287 3 4.71238898e+00 3.26226793e-02
288 3 4.71238898e+00 3.37721639e-02
289 3 4.71238898e+00 3.32846292e-02
290 3 4.71238898e+00 3.37615838e-02
291 3 4.71238898e+00 3.36517486e-02
292 3 4.71238898e+00 3.32837308e-02
293 3 4.71238898e+00 3.43639132e-02
294 3 4.71238898e+00 3.43638304e-02
295 3 4.71238898e+00 3.42735260e-02
296 3 4.71238898e+00 3.44115049e-02
297 3 4.71238898e+00 3.26088095e-02
298 3 4.71238898e+00 3.38151017e-02
299 3 4.71238898e+00 3.24597931e-02
300 3 4.71238898e+00 3.51373238e-02
301 3 4.71238898e+00 3.26529110e-02
302 3 4.71238898e+00 3.27069887e-02
303 3 4.71238898e+00 3.24080312e-02
304 3 4.71238898e+00 3.31852462e-02
305 3 4.71238898e+00 3.22925130e-02
306 3 4.71238898e+00 3.27702013e-02
307 3 4.71238898e+00 3.36605077e-02
308 3 4.71238898e+00 3.32943037e-02
309 3 4.71238898e+00 3.39769884e-02
310 3 4.71238898e+00 3.38436485e-02
311 3 4.71238898e+00 3.13869237e-02
312 3 4.71238898e+00 3.41504051e-02
313 3 4.71238898e+00 3.16986184e-02
314 3 4.71238898e+00 3.39455736e-02
315 3 4.71238898e+00 3.31527553e-02
316 3 4.71238898e+00 3.28365956e-02
317 3 4.71238898e+00 3.36461109e-02
318 3 4.71238898e+00 3.28046353e-02
319 3 4.71238898e+00 3.32264883e-02
320 3 4.71238898e+00 3.45606141e-02
321 3 4.71238898e+00 3.35159686e-02
322 3 4.71238898e+00 3.39453739e-02
323 3 4.71238898e+00 3.39685265e-02
324 3 4.71238898e+00 3.34668405e-02
325 3 4.71238898e+00 3.45504510e-02
326 3 4.71238898e+00 3.32560348e-02
327 3 4.71238898e+00 3.39192502e-02
328 3 4.71238898e+00 3.36419845e-02
329 3 4.71238898e+00 3.29260938e-02
330 3 4.71238898e+00 3.32956421e-02
331 3 4.71238898e+00 3.49871583e-02
332 3 4.71238898e+00 3.41874921e-02
333 3 4.71238898e+00 3.37739742e-02
334 3 4.71238898e+00 3.37012894e-02
335 3 4.71238898e+00 3.35343484e-02
336 3 4.71238898e+00 3.29846656e-02
337 3 4.71238898e+00 3.38484898e-02
338 3 4.71238898e+00 3.25740153e-02
339 3 4.71238898e+00 3.35237103e-02
340 3 4.71238898e+00 3.30724397e-02
341 3 4.71238898e+00 3.22241447e-02
342 3 4.71238898e+00 3.21886637e-02
343 3 4.71238898e+00 3.33811557e-02
344 3 4.71238898e+00 3.14830342e-02
345 3 4.71238898e+00 3.36082540e-02
346 3 4.71238898e+00 3.20974462e-02
347 3 4.71238898e+00 3.21152313e-02
348 3 4.71238898e+00 3.26980153e-02
349 3 4.71238898e+00 3.34001012e-02
350 3 4.71238898e+00 3.42824548e-02
351 3 4.71238898e+00 3.41558653e-02
352 3 4.71238898e+00 3.28057753e-02
353 3 4.71238898e+00 3.30685031e-02
354 3 4.71238898e+00 3.40360287e-02
355 3 4.71238898e+00 3.37595911e-02
356 3 4.71238898e+00 3.42482770e-02
357 3 4.71238898e+00 3.49064584e-02
358 3 4.71238898e+00 3.29507454e-02
359 3 4.71238898e+00 3.25739147e-02
360 3 4.71238898e+00 3.45190141e-02
361 3 4.71238898e+00 3.38974966e-02
362 3 4.71238898e+00 3.34050932e-02
363 3 4.71238898e+00 3.55077559e-02
364 3 4.71238898e+00 3.40114416e-02
365 3 4.71238898e+00 3.35010973e-02
366 3 4.71238898e+00 3.32895161e-02
367 3 4.71238898e+00 3.34663535e-02
368 3 4.71238898e+00 3.27257602e-02
369 3 4.71238898e+00 3.38034451e-02
370 3 4.71238898e+00 3.38051126e-02
371 3 4.71238898e+00 3.27780859e-02
372 3 4.71238898e+00 3.45018501e-02
373 3 4.71238898e+00 3.37981483e-02
374 3 4.71238898e+00 3.30640213e-02
375 3 4.71238898e+00 3.23656881e-02
376 3 4.71238898e+00 3.33242530e-02
377 3 4.71238898e+00 3.35815135e-02
378 3 4.71238898e+00 3.42637830e-02
379 3 4.71238898e+00 3.39042837e-02
380 3 4.71238898e+00 3.38034819e-02
381 3 4.71238898e+00 3.33696384e-02
382 3 4.71238898e+00 3.28269144e-02
383 3 4.71238898e+00 3.24985003e-02
384 3 4.71238898e+00 3.43875473e-02
385 3 4.71238898e+00 3.37180869e-02
386 3 4.71238898e+00 3.24387183e-02
387 3 4.71238898e+00 3.32290535e-02
388 3 4.71238898e+00 3.37559818e-02
389 3 4.71238898e+00 3.36434132e-02
390 3 4.71238898e+00 3.45536244e-02
391 3 4.71238898e+00 3.35308418e-02
392 3 4.71238898e+00 3.25353292e-02
393 3 4.71238898e+00 3.35199370e-02
394 3 4.71238898e+00 3.39311685e-02
395 3 4.71238898e+00 3.45365022e-02
396 3 4.71238898e+00 3.21253956e-02
397 3 4.71238898e+00 3.30891781e-02
398 3 4.71238898e+00 3.29794516e-02
399 3 4.71238898e+00 3.46898614e-02
400 3 4.71238898e+00 3.31811286e-02
401 3 4.71238898e+00 3.21165453e-02
402 3 4.71238898e+00 3.35568825e-02
403 3 4.71238898e+00 3.44678561e-02
404 3 4.71238898e+00 3.18502874e-02
405 3 4.71238898e+00 3.19288896e-02
406 3 4.71238898e+00 3.31222555e-02
407 3 4.71238898e+00 3.41095209e-02
408 3 4.71238898e+00 3.39833972e-02
409 3 4.71238898e+00 3.25620700e-02
410 3 4.71238898e+00 3.35926765e-02
411 3 4.71238898e+00 3.32357387e-02
412 3 4.71238898e+00 3.31312183e-02
413 3 4.71238898e+00 3.28601445e-02
414 3 4.71238898e+00 3.35696935e-02
415 3 4.71238898e+00 3.38460679e-02
416 3 4.71238898e+00 3.35470339e-02
417 3 4.71238898e+00 3.19037195e-02
418 3 4.71238898e+00 3.26210412e-02
419 3 4.71238898e+00 3.35351087e-02
420 3 4.71238898e+00 3.42108678e-02
421 3 4.71238898e+00 3.36543637e-02
422 3 4.71238898e+00 3.41595977e-02
423 3 4.71238898e+00 3.32844800e-02
424 3 4.71238898e+00 3.37802632e-02
425 3 4.71238898e+00 3.34568492e-02
426 3 4.71238898e+00 3.26544062e-02
427 3 4.71238898e+00 3.36106678e-02
428 3 4.71238898e+00 3.24086690e-02
429 3 4.71238898e+00 3.51264462e-02
430 3 4.71238898e+00 3.48038781e-02
431 3 4.71238898e+00 3.23925957e-02
432 3 4.71238898e+00 3.36793131e-02
433 3 4.71238898e+00 3.15707098e-02
434 3 4.71238898e+00 3.29153734e-02
435 3 4.71238898e+00 3.38837309e-02
436 3 4.71238898e+00 3.42717313e-02
437 3 4.71238898e+00 3.31464747e-02
438 3 4.71238898e+00 3.45791302e-02
439 3 4.71238898e+00 3.34068507e-02
440 3 4.71238898e+00 3.29091203e-02
441 3 4.71238898e+00 3.39295650e-02
442 3 4.71238898e+00 3.21956305e-02
443 3 4.71238898e+00 3.28970823e-02
444 3 4.71238898e+00 3.30998861e-02
445 3 4.71238898e+00 3.46761496e-02
446 3 4.71238898e+00 3.36871783e-02
447 3 4.71238898e+00 3.27012144e-02
448 3 4.71238898e+00 3.43079901e-02
449 3 4.71238898e+00 3.46207060e-02
450 3 4.71238898e+00 3.41968027e-02
451 3 4.71238898e+00 3.34533268e-02
452 3 4.71238898e+00 3.36098397e-02
453 3 4.71238898e+00 3.42508856e-02
454 3 4.71238898e+00 3.32646794e-02
455 3 4.71238898e+00 3.32039535e-02
456 3 4.71238898e+00 3.39512287e-02
457 3 4.71238898e+00 3.31842856e-02
458 3 4.71238898e+00 3.45646958e-02
459 3 4.71238898e+00 3.24914729e-02
460 3 4.71238898e+00 3.30672107e-02
461 3 4.71238898e+00 3.46183175e-02
462 3 4.71238898e+00 3.26372279e-02
463 3 4.71238898e+00 3.41392241e-02
464 3 4.71238898e+00 3.33087413e-02
465 3 4.71238898e+00 3.42724667e-02
466 3 4.71238898e+00 3.31867408e-02
467 3 4.71238898e+00 3.29742752e-02
468 3 4.71238898e+00 3.39369564e-02
469 3 4.71238898e+00 3.28668118e-02
470 3 4.71238898e+00 3.28258667e-02
471 3 4.71238898e+00 3.24651982e-02
472 3 4.71238898e+00 3.38449970e-02
473 3 4.71238898e+00 3.39387560e-02
474 3 4.71238898e+00 3.34954660e-02
475 3 4.71238898e+00 3.43626955e-02
476 3 4.71238898e+00 3.42009205e-02
477 3 4.71238898e+00 3.39874076e-02
478 3 4.71238898e+00 3.47716299e-02
479 3 4.71238898e+00 3.34604272e-02
480 3 4.71238898e+00 3.37689424e-02
481 3 4.71238898e+00 3.25008187e-02
482 3 4.71238898e+00 3.32687058e-02
483 3 4.71238898e+00 3.41256602e-02
484 3 4.71238898e+00 3.25134002e-02
485 3 4.71238898e+00 3.24444825e-02
486 3 4.71238898e+00 3.33357067e-02
487 3 4.71238898e+00 3.31189303e-02
488 3 4.71238898e+00 3.25171837e-02
489 3 4.71238898e+00 3.37629087e-02
490 3 4.71238898e+00 3.48737551e-02
491 3 4.71238898e+00 3.32900343e-02
492 3 4.71238898e+00 3.30335108e-02
493 3 4.71238898e+00 3.32456012e-02
494 3 4.71238898e+00 3.31546492e-02
495 3 4.71238898e+00 3.33911691e-02
496 3 4.71238898e+00 3.29589208e-02
497 3 4.71238898e+00 3.32191852e-02
498 3 4.71238898e+00 3.27627096e-02
499 3 4.71238898e+00 3.41849467e-02
500 3 4.71238898e+00 3.23586362e-02
501 3 4.71238898e+00 3.46892014e-02
502 3 4.71238898e+00 3.40647682e-02
503 3 4.71238898e+00 3.43286283e-02
504 3 4.71238898e+00 3.34010763e-02
505 3 4.71238898e+00 3.38284095e-02
506 3 4.71238898e+00 3.38649745e-02
507 3 4.71238898e+00 3.36585652e-02
508 3 4.71238898e+00 3.33195748e-02
509 3 4.71238898e+00 3.20482878e-02
510 3 4.71238898e+00 3.33884977e-02
511 3 4.71238898e+00 3.35625741e-02
512 3 4.71238898e+00 3.38717555e-02
513 3 4.71238898e+00 3.27477042e-02
514 3 4.71238898e+00 3.36501085e-02
515 3 4.71238898e+00 3.43414970e-02
516 3 4.71238898e+00 3.27371312e-02
517 3 4.71238898e+00 3.29490875e-02
518 3 4.71238898e+00 3.49104898e-02
519 3 4.71238898e+00 3.50041396e-02
520 3 4.71238898e+00 3.40934384e-02
521 3 4.71238898e+00 3.20246903e-02
522 3 4.71238898e+00 3.25557326e-02
523 3 4.71238898e+00 3.33589856e-02
524 3 4.71238898e+00 3.33328600e-02
525 3 4.71238898e+00 3.38094017e-02
526 3 4.71238898e+00 3.50353719e-02
527 3 4.71238898e+00 3.42238455e-02
528 3 4.71238898e+00 3.39339985e-02
529 3 4.71238898e+00 3.35524705e-02
530 3 4.71238898e+00 3.37258467e-02
531 3 4.71238898e+00 3.32132076e-02
532 3 4.71238898e+00 3.15590612e-02
533 3 4.71238898e+00 3.38519444e-02
534 3 4.71238898e+00 3.36868703e-02
535 3 4.71238898e+00 3.28174230e-02
536 3 4.71238898e+00 3.30181358e-02
537 3 4.71238898e+00 3.34649024e-02
538 3 4.71238898e+00 3.27000148e-02
539 3 4.71238898e+00 3.17212246e-02
540 3 4.71238898e+00 3.24138923e-02
541 3 4.71238898e+00 3.40624852e-02
542 3 4.71238898e+00 3.49138628e-02
543 3 4.71238898e+00 3.31451535e-02
544 3 4.71238898e+00 3.25239045e-02
545 3 4.71238898e+00 3.31997423e-02
546 3 4.71238898e+00 3.38319526e-02
547 3 4.71238898e+00 3.31394312e-02
548 3 4.71238898e+00 3.21889559e-02
549 3 4.71238898e+00 3.39427936e-02
550 3 4.71238898e+00 3.43875314e-02
551 3 4.71238898e+00 3.46776166e-02
552 3 4.71238898e+00 3.29578265e-02
553 3 4.71238898e+00 3.42782362e-02
554 3 4.71238898e+00 3.34808398e-02
555 3 4.71238898e+00 3.20582391e-02
556 3 4.71238898e+00 3.33068829e-02
557 3 4.71238898e+00 3.44048868e-02
558 3 4.71238898e+00 3.29990615e-02
559 3 4.71238898e+00 3.40905330e-02
560 3 4.71238898e+00 3.30777002e-02
561 3 4.71238898e+00 3.28105007e-02
562 3 4.71238898e+00 3.31182716e-02
563 3 4.71238898e+00 3.32205095e-02
564 3 4.71238898e+00 3.29570245e-02
565 3 4.71238898e+00 3.36316533e-02
566 3 4.71238898e+00 3.47474302e-02
567 3 4.71238898e+00 3.40366954e-02
568 3 4.71238898e+00 3.38221788e-02
569 3 4.71238898e+00 3.49201005e-02
570 3 4.71238898e+00 3.32850128e-02
571 3 4.71238898e+00 3.30012901e-02
572 3 4.71238898e+00 3.37077433e-02
573 3 4.71238898e+00 3.35994327e-02
574 3 4.71238898e+00 3.41727713e-02
575 3 4.71238898e+00 3.34183189e-02
576 3 4.71238898e+00 3.30220312e-02
577 3 4.71238898e+00 3.32270669e-02
578 3 4.71238898e+00 3.40406948e-02
579 3 4.71238898e+00 3.39241306e-02
580 3 4.71238898e+00 3.41688719e-02
581 3 4.71238898e+00 3.43236692e-02
582 3 4.71238898e+00 3.41383721e-02
583 3 4.71238898e+00 3.40269257e-02
584 3 4.71238898e+00 3.26752936e-02
585 3 4.71238898e+00 3.38798574e-02
586 3 4.71238898e+00 3.39688022e-02
587 3 4.71238898e+00 3.27911574e-02
588 3 4.71238898e+00 3.29996556e-02
589 3 4.71238898e+00 3.41100360e-02
590 3 4.71238898e+00 3.30300615e-02
591 3 4.71238898e+00 3.45311579e-02
592 3 4.71238898e+00 3.39024802e-02
593 3 4.71238898e+00 3.38919944e-02
594 3 4.71238898e+00 3.41148872e-02
595 3 4.71238898e+00 3.20056657e-02
596 3 4.71238898e+00 3.33667312e-02
597 3 4.71238898e+00 3.33105505e-02
598 3 4.71238898e+00 3.34446081e-02
599 3 4.71238898e+00 3.37569692e-02
600 3 4.71238898e+00 3.37114065e-02
601 3 4.71238898e+00 3.30228807e-02
602 3 4.71238898e+00 3.34635919e-02
603 3 4.71238898e+00 3.24359486e-02
604 3 4.71238898e+00 3.31984259e-02
605 3 4.71238898e+00 3.20763349e-02
606 3 4.71238898e+00 3.42944298e-02
607 3 4.71238898e+00 3.34632810e-02
608 3 4.71238898e+00 3.48211766e-02
609 3 4.71238898e+00 3.23130996e-02
610 3 4.71238898e+00 3.29837374e-02
611 3 4.71238898e+00 3.39209547e-02
612 3 4.71238898e+00 3.34297639e-02
613 3 4.71238898e+00 3.38703269e-02
614 3 4.71238898e+00 3.40092664e-02
615 3 4.71238898e+00 3.32692469e-02
616 3 4.71238898e+00 3.48730856e-02
617 3 4.71238898e+00 3.23485164e-02
618 3 4.71238898e+00 3.41929119e-02
619 3 4.71238898e+00 3.39643542e-02
620 3 4.71238898e+00 3.42605206e-02
621 3 4.71238898e+00 3.37890192e-02
622 3 4.71238898e+00 3.26233320e-02
623 3 4.71238898e+00 3.46272390e-02
624 3 4.71238898e+00 3.28642835e-02
625 3 4.71238898e+00 3.33612536e-02
626 3 4.71238898e+00 3.29151599e-02
627 3 4.71238898e+00 3.27132543e-02
628 3 4.71238898e+00 3.33186332e-02
629 3 4.71238898e+00 3.37418455e-02
630 3 4.71238898e+00 3.39781530e-02
631 3 4.71238898e+00 3.29038221e-02
632 3 4.71238898e+00 3.27361765e-02
633 3 4.71238898e+00 3.31420170e-02
634 3 4.71238898e+00 3.29540956e-02
635 3 4.71238898e+00 3.33252863e-02
636 3 4.71238898e+00 3.30177204e-02
637 3 4.71238898e+00 3.36752684e-02
638 3 4.71238898e+00 3.27885724e-02
639 3 4.71238898e+00 3.14145645e-02
640 3 4.71238898e+00 3.45260677e-02
641 3 4.71238898e+00 3.43461848e-02
642 3 4.71238898e+00 3.31039202e-02
643 3 4.71238898e+00 3.26681913e-02
644 3 4.71238898e+00 3.28597007e-02
645 3 4.71238898e+00 3.24433133e-02
646 3 4.71238898e+00 3.32762255e-02
647 3 4.71238898e+00 3.32702269e-02
648 3 4.71238898e+00 3.24033108e-02
649 3 4.71238898e+00 3.35245218e-02
650 3 4.71238898e+00 3.34669808e-02
651 3 4.71238898e+00 3.40829322e-02
652 3 4.71238898e+00 3.43308370e-02
653 3 4.71238898e+00 3.32374716e-02
654 3 4.71238898e+00 3.27438226e-02
655 3 4.71238898e+00 3.48446977e-02
656 3 4.71238898e+00 3.40029055e-02
657 3 4.71238898e+00 3.24665784e-02
658 3 4.71238898e+00 3.36340391e-02
659 3 4.71238898e+00 3.39492059e-02
660 3 4.71238898e+00 3.33478509e-02
661 3 4.71238898e+00 3.32574196e-02
662 3 4.71238898e+00 3.44991248e-02
663 3 4.71238898e+00 3.30240502e-02
664 3 4.71238898e+00 3.36681257e-02
665 3 4.71238898e+00 3.33103463e-02
666 3 4.71238898e+00 3.50825837e-02
667 3 4.71238898e+00 3.46575069e-02
668 3 4.71238898e+00 3.37953538e-02
669 3 4.71238898e+00 3.25693988e-02
670 3 4.71238898e+00 3.37585655e-02
671 3 4.71238898e+00 3.34253929e-02
672 3 4.71238898e+00 3.38103324e-02
673 3 4.71238898e+00 3.47311813e-02
674 3 4.71238898e+00 3.34313823e-02
675 3 4.71238898e+00 3.19321854e-02
676 3 4.71238898e+00 3.41445318e-02
677 3 4.71238898e+00 3.40577796e-02
678 3 4.71238898e+00 3.37172427e-02
679 3 4.71238898e+00 3.38674533e-02
680 3 4.71238898e+00 3.36460678e-02
681 3 4.71238898e+00 3.36850167e-02
682 3 4.71238898e+00 3.29483836e-02
683 3 4.71238898e+00 3.41546166e-02
684 3 4.71238898e+00 3.28282586e-02
685 3 4.71238898e+00 3.38376275e-02
686 3 4.71238898e+00 3.31552910e-02
687 3 4.71238898e+00 3.31481596e-02
688 3 4.71238898e+00 3.38885499e-02
689 3 4.71238898e+00 3.38736305e-02
690 3 4.71238898e+00 3.29878660e-02
691 3 4.71238898e+00 3.32581412e-02
692 3 4.71238898e+00 3.37880272e-02
693 3 4.71238898e+00 3.32128177e-02
694 3 4.71238898e+00 3.26638854e-02
695 3 4.71238898e+00 3.23748743e-02
696 3 4.71238898e+00 3.37435352e-02
697 3 4.71238898e+00 3.45974004e-02
698 3 4.71238898e+00 3.36673751e-02
699 3 4.71238898e+00 3.39565412e-02
700 3 4.71238898e+00 3.33354652e-02
701 3 4.71238898e+00 3.32590588e-02
702 3 4.71238898e+00 3.39854496e-02
703 3 4.71238898e+00 3.28203472e-02
704 3 4.71238898e+00 3.45981365e-02
705 3 4.71238898e+00 3.26622536e-02
706 3 4.71238898e+00 3.34641882e-02
707 3 4.71238898e+00 3.38563546e-02
708 3 4.71238898e+00 3.31033140e-02
709 3 4.71238898e+00 3.32156490e-02
710 3 4.71238898e+00 3.31457304e-02
711 3 4.71238898e+00 3.40600950e-02
712 3 4.71238898e+00 3.31945721e-02
713 3 4.71238898e+00 3.27777389e-02
714 3 4.71238898e+00 3.33731993e-02
715 3 4.71238898e+00 3.40809890e-02
716 3 4.71238898e+00 3.36196687e-02
717 3 4.71238898e+00 3.37441679e-02
718 3 4.71238898e+00 3.42536732e-02
719 3 4.71238898e+00 3.36587576e-02
720 3 4.71238898e+00 3.35018050e-02
721 3 4.71238898e+00 3.37119642e-02
722 3 4.71238898e+00 3.40914650e-02
723 3 4.71238898e+00 3.35424413e-02
724 3 4.71238898e+00 3.18890610e-02
725 3 4.71238898e+00 3.29173516e-02
726 3 4.71238898e+00 3.24681285e-02
727 3 4.71238898e+00 3.48651456e-02
728 3 4.71238898e+00 3.36016624e-02
729 3 4.71238898e+00 3.39512711e-02
730 3 4.71238898e+00 3.22721494e-02
731 3 4.71238898e+00 3.31213624e-02
732 3 4.71238898e+00 3.25257520e-02
733 3 4.71238898e+00 3.35087281e-02
734 3 4.71238898e+00 3.45536974e-02
735 3 4.71238898e+00 3.40051730e-02
736 3 4.71238898e+00 3.35252362e-02
737 3 4.71238898e+00 3.42746082e-02
738 3 4.71238898e+00 3.34000149e-02
739 3 4.71238898e+00 3.41614008e-02
740 3 4.71238898e+00 3.34634080e-02
741 3 4.71238898e+00 3.32852161e-02
742 3 4.71238898e+00 3.34974630e-02
743 3 4.71238898e+00 3.22623326e-02
744 3 4.71238898e+00 3.16945781e-02
745 3 4.71238898e+00 3.33018635e-02
746 3 4.71238898e+00 3.26368459e-02
747 3 4.71238898e+00 3.29337167e-02
748 3 4.71238898e+00 3.40727968e-02
749 3 4.71238898e+00 3.36960078e-02
750 3 4.71238898e+00 3.34987700e-02
751 3 4.71238898e+00 3.32638957e-02
752 3 4.71238898e+00 3.25019912e-02
753 3 4.71238898e+00 3.24526841e-02
754 3 4.71238898e+00 3.36512765e-02
755 3 4.71238898e+00 3.30879376e-02
756 3 4.71238898e+00 3.26280504e-02
757 3 4.71238898e+00 3.39331838e-02
758 3 4.71238898e+00 3.35689997e-02
759 3 4.71238898e+00 3.28189080e-02
760 3 4.71238898e+00 3.33621591e-02
761 3 4.71238898e+00 3.40814105e-02
762 3 4.71238898e+00 3.18415869e-02
763 3 4.71238898e+00 3.25599282e-02
764 3 4.71238898e+00 3.40382792e-02
765 3 4.71238898e+00 3.28792648e-02
766 3 4.71238898e+00 3.42267408e-02
767 3 4.71238898e+00 3.40998515e-02
768 3 4.71238898e+00 3.46498109e-02
769 3 4.71238898e+00 3.27473007e-02
770 3 4.71238898e+00 3.38312788e-02
771 3 4.71238898e+00 3.38449073e-02
772 3 4.71238898e+00 3.41428914e-02
773 3 4.71238898e+00 3.42179816e-02
774 3 4.71238898e+00 3.46223048e-02
775 3 4.71238898e+00 3.31976824e-02
776 3 4.71238898e+00 3.31666046e-02
777 3 4.71238898e+00 3.22601646e-02
778 3 4.71238898e+00 3.33523909e-02
779 3 4.71238898e+00 3.31561165e-02
780 3 4.71238898e+00 3.28887598e-02
781 3 4.71238898e+00 3.31440412e-02
782 3 4.71238898e+00 3.32495224e-02
783 3 4.71238898e+00 3.37769690e-02
784 3 4.71238898e+00 3.42633940e-02
785 3 4.71238898e+00 3.32385223e-02
786 3 4.71238898e+00 3.28724576e-02
787 3 4.71238898e+00 3.47199955e-02
788 3 4.71238898e+00 3.35839139e-02
789 3 4.71238898e+00 3.25886363e-02
790 3 4.71238898e+00 3.30580730e-02
791 3 4.71238898e+00 3.29837463e-02
792 3 4.71238898e+00 3.30023547e-02
793 3 4.71238898e+00 3.18126738e-02
794 3 4.71238898e+00 3.33433916e-02
795 3 4.71238898e+00 3.44652521e-02
796 3 4.71238898e+00 3.52287608e-02
797 3 4.71238898e+00 3.35294303e-02
798 3 4.71238898e+00 3.42718785e-02
799 3 4.71238898e+00 3.26887788e-02
800 3 4.71238898e+00 3.28299887e-02
801 3 4.71238898e+00 3.50175820e-02
802 3 4.71238898e+00 3.30626560e-02
803 3 4.71238898e+00 3.44788670e-02
804 3 4.71238898e+00 3.31148072e-02
805 3 4.71238898e+00 3.49141598e-02
806 3 4.71238898e+00 3.40686766e-02
807 3 4.71238898e+00 3.37147739e-02
808 3 4.71238898e+00 3.33353973e-02
809 3 4.71238898e+00 3.40236531e-02
810 3 4.71238898e+00 3.30479829e-02
811 3 4.71238898e+00 3.36459416e-02
812 3 4.71238898e+00 3.41043937e-02
813 3 4.71238898e+00 3.39360719e-02
814 3 4.71238898e+00 3.30955036e-02
815 3 4.71238898e+00 3.26630371e-02
816 3 4.71238898e+00 3.23393139e-02
817 3 4.71238898e+00 3.34062775e-02
818 3 4.71238898e+00 3.34673965e-02
819 3 4.71238898e+00 3.38280765e-02
820 3 4.71238898e+00 3.34212562e-02
821 3 4.71238898e+00 3.37264367e-02
822 3 4.71238898e+00 3.41023503e-02
823 3 4.71238898e+00 3.41386666e-02
824 3 4.71238898e+00 3.26011738e-02
825 3 4.71238898e+00 3.29455445e-02
826 3 4.71238898e+00 3.29889917e-02
827 3 4.71238898e+00 3.43057591e-02
828 3 4.71238898e+00 3.39881777e-02
829 3 4.71238898e+00 3.41519115e-02
830 3 4.71238898e+00 3.40149414e-02
831 3 4.71238898e+00 3.41232414e-02
832 3 4.71238898e+00 3.39288948e-02
833 3 4.71238898e+00 3.43227951e-02
834 3 4.71238898e+00 3.29215564e-02
835 3 4.71238898e+00 3.32544711e-02
836 3 4.71238898e+00 3.25996876e-02
837 3 4.71238898e+00 3.37874084e-02
838 3 4.71238898e+00 3.33538602e-02
839 3 4.71238898e+00 3.23292875e-02
840 3 4.71238898e+00 3.43996453e-02
841 3 4.71238898e+00 3.21091745e-02
842 3 4.71238898e+00 3.29458542e-02
843 3 4.71238898e+00 3.30195402e-02
844 3 4.71238898e+00 3.34795369e-02
845 3 4.71238898e+00 3.49559439e-02
846 3 4.71238898e+00 3.27546007e-02
847 3 4.71238898e+00 3.27310269e-02
848 3 4.71238898e+00 3.36499700e-02
849 3 4.71238898e+00 3.39940104e-02
850 3 4.71238898e+00 3.45872917e-02
851 3 4.71238898e+00 3.34160013e-02
852 3 4.71238898e+00 3.37130914e-02
853 3 4.71238898e+00 3.45396637e-02
854 3 4.71238898e+00 3.38465682e-02
855 3 4.71238898e+00 3.26108534e-02
856 3 4.71238898e+00 3.43009218e-02
857 3 4.71238898e+00 3.36283284e-02
858 3 4.71238898e+00 3.26293887e-02
859 3 4.71238898e+00 3.32190574e-02
860 3 4.71238898e+00 3.23038994e-02
861 3 4.71238898e+00 3.28954342e-02
862 3 4.71238898e+00 3.33872898e-02
863 3 4.71238898e+00 3.40062475e-02
864 3 4.71238898e+00 3.35415191e-02
865 3 4.71238898e+00 3.36341327e-02
866 3 4.71238898e+00 3.51739231e-02
867 3 4.71238898e+00 3.30878277e-02
868 3 4.71238898e+00 3.35004413e-02
869 3 4.71238898e+00 3.43207653e-02
870 3 4.71238898e+00 3.39006147e-02
871 3 4.71238898e+00 3.23438502e-02
872 3 4.71238898e+00 3.35921420e-02
873 3 4.71238898e+00 3.25097942e-02
874 3 4.71238898e+00 3.39883695e-02
875 3 4.71238898e+00 3.36254927e-02
876 3 4.71238898e+00 3.39323100e-02
877 3 4.71238898e+00 3.31662814e-02
878 3 4.71238898e+00 3.35094781e-02
879 3 4.71238898e+00 3.30353851e-02
880 3 4.71238898e+00 3.30116885e-02
881 3 4.71238898e+00 3.42469351e-02
882 3 4.71238898e+00 3.29495577e-02
883 3 4.71238898e+00 3.44377881e-02
884 3 4.71238898e+00 3.37672024e-02
885 3 4.71238898e+00 3.34747010e-02
886 3 4.71238898e+00 3.31432534e-02
887 3 4.71238898e+00 3.33402643e-02
888 3 4.71238898e+00 3.45470252e-02
889 3 4.71238898e+00 3.38795397e-02
890 3 4.71238898e+00 3.32322730e-02
891 3 4.71238898e+00 3.28667812e-02
892 3 4.71238898e+00 3.39359376e-02
893 3 4.71238898e+00 3.18391496e-02
894 3 4.71238898e+00 3.38319417e-02
895 3 4.71238898e+00 3.26038870e-02
896 3 4.71238898e+00 3.32324456e-02
897 3 4.71238898e+00 3.46072796e-02
898 3 4.71238898e+00 3.38973153e-02
899 3 4.71238898e+00 3.29790318e-02
0 4 6.28318531e+00 3.72878953e-02
1 4 6.28318531e+00 3.88303256e-02
2 4 6.28318531e+00 3.98675578e-02
3 4 6.28318531e+00 3.74826213e-02
4 4 6.28318531e+00 3.98988870e-02
5 4 6.28318531e+00 3.84818939e-02
6 4 6.28318531e+00 3.68107215e-02
7 4 6.28318531e+00 3.93980460e-02
8 4 6.28318531e+00 3.68888639e-02
9 4 6.28318531e+00 3.97129264e-02
10 4 6.28318531e+00 4.04189593e-02
11 4 6.28318531e+00 3.95136119e-02
12 4 6.28318531e+00 3.93673820e-02
13 4 6.28318531e+00 4.00587056e-02
14 4 6.28318531e+00 3.75108879e-02
15 4 6.28318531e+00 3.84547095e-02
16 4 6.28318531e+00 3.69690550e-02
17 4 6.28318531e+00 4.06449923e-02
18 4 6.28318531e+00 3.85174952e-02
19 4 6.28318531e+00 3.98629138e-02
20 4 6.28318531e+00 3.87672037e-02
21 4 6.28318531e+00 3.95836493e-02
22 4 6.28318531e+00 3.77212791e-02
23 4 6.28318531e+00 4.11342747e-02
24 4 6.28318531e+00 3.67910402e-02
25 4 6.28318531e+00 3.78357851e-02
26 4 6.28318531e+00 3.78614692e-02
27 4 6.28318531e+00 3.75073939e-02
28 4 6.28318531e+00 3.90690649e-02
29 4 6.28318531e+00 4.09719449e-02
30 4 6.28318531e+00 3.69881844e-02
31 4 6.28318531e+00 3.78808545e-02
32 4 6.28318531e+00 3.66849630e-02
33 4 6.28318531e+00 3.74395409e-02
34 4 6.28318531e+00 3.86105422e-02
35 4 6.28318531e+00 4.00101470e-02
36 4 6.28318531e+00 3.80134335e-02
37 4 6.28318531e+00 3.82914370e-02
38 4 6.28318531e+00 3.78267683e-02
39 4 6.28318531e+00 3.81235793e-02
40 4 6.28318531e+00 3.80872958e-02
41 4 6.28318531e+00 3.85119967e-02
42 4 6.28318531e+00 3.95097312e-02
43 4 6.28318531e+00 3.92515397e-02
44 4 6.28318531e+00 3.87391173e-02
45 4 6.28318531e+00 3.78990617e-02
46 4 6.28318531e+00 4.00214263e-02
47 4 6.28318531e+00 3.82133033e-02
48 4 6.28318531e+00 3.74239077e-02
49 4 6.28318531e+00 3.87207896e-02
50 4 6.28318531e+00 4.07603306e-02
51 4 6.28318531e+00 3.74834390e-02
52 4 6.28318531e+00 3.87695464e-02
53 4 6.28318531e+00 3.94809861e-02
54 4 6.28318531e+00 3.85351326e-02
55 4 6.28318531e+00 3.83555197e-02
56 4 6.28318531e+00 3.92503430e-02
57 4 6.28318531e+00 3.77398488e-02
58 4 6.28318531e+00 3.87267987e-02
59 4 6.28318531e+00 3.95335147e-02
60 4 6.28318531e+00 3.74662026e-02
61 4 6.28318531e+00 3.80356243e-02
62 4 6.28318531e+00 3.94546663e-02
63 4 6.28318531e+00 4.05734860e-02
64 4 6.28318531e+00 3.97295257e-02
65 4 6.28318531e+00 3.98103826e-02
66 4 6.28318531e+00 3.90887324e-02
67 4 6.28318531e+00 3.97056909e-02
68 4 6.28318531e+00 3.84063319e-02
69 4 6.28318531e+00 3.94475632e-02
70 4 6.28318531e+00 4.05411171e-02
71 4 6.28318531e+00 3.72527286e-02
72 4 6.28318531e+00 3.78199975e-02
73 4 6.28318531e+00 3.94978672e-02
74 4 6.28318531e+00 3.98285664e-02
75 4 6.28318531e+00 3.90382719e-02
76 4 6.28318531e+00 4.05512255e-02
77 4 6.28318531e+00 3.82858585e-02
78 4 6.28318531e+00 3.76067111e-02
79 4 6.28318531e+00 3.80927501e-02
80 4 6.28318531e+00 3.98748055e-02
81 4 6.28318531e+00 3.98012348e-02
82 4 6.28318531e+00 3.77222136e-02
83 4 6.28318531e+00 3.78993480e-02
84 4 6.28318531e+00 3.73787530e-02
85 4 6.28318531e+00 4.04484060e-02
86 4 6.28318531e+00 3.94763408e-02
87 4 6.28318531e+00 3.86634832e-02
88 4 6.28318531e+00 3.98545903e-02
89 4 6.28318531e+00 3.90782141e-02
90 4 6.28318531e+00 3.95804260e-02
91 4 6.28318531e+00 3.94455279e-02
92 4 6.28318531e+00 3.85337579e-02
93 4 6.28318531e+00 4.04393354e-02
94 4 6.28318531e+00 4.02698756e-02
95 4 6.28318531e+00 3.95452473e-02
96 4 6.28318531e+00 3.94111713e-02
97 4 6.28318531e+00 3.91857863e-02
98 4 6.28318531e+00 4.03329578e-02
99 4 6.28318531e+00 3.90186140e-02
100 4 6.28318531e+00 3.73100858e-02
101 4 6.28318531e+00 3.98278407e-02
102 4 6.28318531e+00 3.83514689e-02
103 4 6.28318531e+00 3.67479848e-02
104 4 6.28318531e+00 4.02484290e-02
105 4 6.28318531e+00 3.93775560e-02
106 4 6.28318531e+00 3.58307517e-02
107 4 6.28318531e+00 3.99931360e-02
108 4 6.28318531e+00 3.97017337e-02
109 4 6.28318531e+00 3.98217387e-02
110 4 6.28318531e+00 3.82459448e-02
111 4 6.28318531e+00 3.75397279e-02
112 4 6.28318531e+00 3.66570731e-02
113 4 6.28318531e+00 3.88934869e-02
114 4 6.28318531e+00 3.78744736e-02
115 4 6.28318531e+00 3.87089905e-02
116 4 6.28318531e+00 3.91006112e-02
117 4 6.28318531e+00 3.88353558e-02
118 4 6.28318531e+00 4.00822900e-02
119 4 6.28318531e+00 3.73130055e-02
120 4 6.28318531e+00 3.59283159e-02
121 4 6.28318531e+00 3.70272009e-02
122 4 6.28318531e+00 3.74734473e-02
123 4 6.28318531e+00 3.97691553e-02
124 4 6.28318531e+00 3.90148690e-02
125 4 6.28318531e+00 3.76885119e-02
126 4 6.28318531e+00 3.99255260e-02
127 4 6.28318531e+00 3.83848342e-02
128 4 6.28318531e+00 3.91706612e-02
129 4 6.28318531e+00 3.77922612e-02
130 4 6.28318531e+00 3.86166158e-02
131 4 6.28318531e+00 3.74576209e-02
132 4 6.28318531e+00 3.68967767e-02
133 4 6.28318531e+00 3.62092477e-02
134 4 6.28318531e+00 3.86805542e-02
135 4 6.28318531e+00 3.81620148e-02
136 4 6.28318531e+00 3.80325042e-02
137 4 6.28318531e+00 3.70465327e-02
138 4 6.28318531e+00 3.91978573e-02
139 4 6.28318531e+00 3.65208942e-02
140 4 6.28318531e+00 3.91983680e-02
141 4 6.28318531e+00 3.92487784e-02
142 4 6.28318531e+00 4.01150703e-02
143 4 6.28318531e+00 3.86287942e-02
144 4 6.28318531e+00 3.83717244e-02
145 4 6.28318531e+00 3.92144674e-02
146 4 6.28318531e+00 3.92022252e-02
147 4 6.28318531e+00 3.86093306e-02
148 4 6.28318531e+00 3.97670729e-02
149 4 6.28318531e+00 4.00768058e-02
150 4 6.28318531e+00 3.76669945e-02
151 4 6.28318531e+00 3.98095474e-02
152 4 6.28318531e+00 3.86428678e-02
153 4 6.28318531e+00 3.73402677e-02
154 4 6.28318531e+00 3.91023929e-02
155 4 6.28318531e+00 3.92219387e-02
156 4 6.28318531e+00 4.04978908e-02
157 4 6.28318531e+00 3.97965154e-02
158 4 6.28318531e+00 4.11447676e-02
159 4 6.28318531e+00 3.90548303e-02
160 4 6.28318531e+00 3.86711623e-02
161 4 6.28318531e+00 3.76115298e-02
162 4 6.28318531e+00 3.89379775e-02
163 4 6.28318531e+00 3.96333425e-02
164 4 6.28318531e+00 3.73833068e-02
165 4 6.28318531e+00 3.67385239e-02
166 4 6.28318531e+00 4.05797520e-02
167 4 6.28318531e+00 3.94887116e-02
168 4 6.28318531e+00 3.90838101e-02
169 4 6.28318531e+00 3.89773128e-02
170 4 6.28318531e+00 3.91709143e-02
171 4 6.28318531e+00 3.89854016e-02
172 4 6.28318531e+00 3.95292256e-02
173 4 6.28318531e+00 3.96906569e-02
174 4 6.28318531e+00 4.04317888e-02
175 4 6.28318531e+00 4.02102941e-02
176 4 6.28318531e+00 4.14147898e-02
177 4 6.28318531e+00 3.94929935e-02
178 4 6.28318531e+00 3.73069219e-02
179 4 6.28318531e+00 3.93585928e-02
180 4 6.28318531e+00 3.87735290e-02
181 4 6.28318531e+00 3.82547205e-02
182 4 6.28318531e+00 3.91619158e-02
183 4 6.28318531e+00 3.82371638e-02
184 4 6.28318531e+00 3.97550223e-02
185 4 6.28318531e+00 3.87602598e-02
186 4 6.28318531e+00 3.80432160e-02
187 4 6.28318531e+00 3.79887193e-02
188 4 6.28318531e+00 3.75546816e-02
189 4 6.28318531e+00 3.77797583e-02
190 4 6.28318531e+00 3.89039641e-02
191 4 6.28318531e+00 4.11195359e-02
192 4 6.28318531e+00 3.98916151e-02
193 4 6.28318531e+00 3.83942318e-02
194 4 6.28318531e+00 3.92078625e-02
195 4 6.28318531e+00 3.96967716e-02
196 4 6.28318531e+00 3.95224334e-02
197 4 6.28318531e+00 3.94558373e-02
198 4 6.28318531e+00 3.91614248e-02
199 4 6.28318531e+00 4.03508952e-02
200 4 6.28318531e+00 3.78020594e-02
201 4 6.28318531e+00 3.79349105e-02
202 4 6.28318531e+00 3.77889713e-02
203 4 6.28318531e+00 3.67970503e-02
204 4 6.28318531e+00 3.80557011e-02
205 4 6.28318531e+00 4.07277307e-02
206 4 6.28318531e+00 3.64968922e-02
207 4 6.28318531e+00 3.83613602e-02
208 4 6.28318531e+00 3.90855013e-02
209 4 6.28318531e+00 3.91637055e-02
210 4 6.28318531e+00 3.66812146e-02
211 4 6.28318531e+00 3.84224377e-02
212 4 6.28318531e+00 3.84476083e-02
213 4 6.28318531e+00 3.83222991e-02
214 4 6.28318531e+00 3.86682334e-02
215 4 6.28318531e+00 4.08566247e-02
216 4 6.28318531e+00 3.89913436e-02
217 4 6.28318531e+00 3.96322146e-02
218 4 6.28318531e+00 4.15351284e-02
219 4 6.28318531e+00 3.89286939e-02
220 4 6.28318531e+00 3.98834334e-02
221 4 6.28318531e+00 3.95955945e-02
222 4 6.28318531e+00 3.90723190e-02
223 4 6.28318531e+00 4.11003371e-02
224 4 6.28318531e+00 3.61872959e-02
225 4 6.28318531e+00 3.86157848e-02
226 4 6.28318531e+00 3.87225957e-02
227 4 6.28318531e+00 3.84533060e-02
228 4 6.28318531e+00 3.85114853e-02
229 4 6.28318531e+00 3.88642320e-02
230 4 6.28318531e+00 3.86479953e-02
231 4 6.28318531e+00 4.01667110e-02
232 4 6.28318531e+00 3.81488428e-02
233 4 6.28318531e+00 3.79190178e-02
234 4 6.28318531e+00 3.87821212e-02
235 4 6.28318531e+00 3.81228376e-02
236 4 6.28318531e+00 3.83024832e-02
237 4 6.28318531e+00 4.01571167e-02
238 4 6.28318531e+00 3.90950950e-02
239 4 6.28318531e+00 3.93329842e-02
240 4 6.28318531e+00 3.88310029e-02
241 4 6.28318531e+00 3.70800876e-02
242 4 6.28318531e+00 3.85139855e-02
243 4 6.28318531e+00 3.83973917e-02
244 4 6.28318531e+00 3.62076144e-02
245 4 6.28318531e+00 3.63796191e-02
246 4 6.28318531e+00 3.86038716e-02
247 4 6.28318531e+00 3.98457388e-02
248 4 6.28318531e+00 3.75351665e-02
249 4 6.28318531e+00 3.87654530e-02
250 4 6.28318531e+00 3.91498774e-02
251 4 6.28318531e+00 3.80090854e-02
252 4 6.28318531e+00 3.93892429e-02
253 4 6.28318531e+00 3.84405536e-02
254 4 6.28318531e+00 3.89152751e-02
255 4 6.28318531e+00 3.87669412e-02
256 4 6.28318531e+00 3.97764004e-02
257 4 6.28318531e+00 3.85964023e-02
258 4 6.28318531e+00 3.85072145e-02
259 4 6.28318531e+00 3.91028775e-02
260 4 6.28318531e+00 3.99239893e-02
261 4 6.28318531e+00 3.86888246e-02
262 4 6.28318531e+00 3.88708411e-02
263 4 6.28318531e+00 3.66818799e-02
264 4 6.28318531e+00 3.79302508e-02
265 4 6.28318531e+00 3.98833012e-02
266 4 6.28318531e+00 3.67661590e-02
267 4 6.28318531e+00 4.03563600e-02
268 4 6.28318531e+00 3.74549416e-02
269 4 6.28318531e+00 3.89159258e-02
270 4 6.28318531e+00 3.74058710e-02
271 4 6.28318531e+00 3.90377390e-02
272 4 6.28318531e+00 3.79801172e-02
273 4 6.28318531e+00 3.74394298e-02
274 4 6.28318531e+00 3.84594855e-02
275 4 6.28318531e+00 3.90294087e-02
276 4 6.28318531e+00 3.93930906e-02
277 4 6.28318531e+00 3.81610443e-02
278 4 6.28318531e+00 4.16544047e-02
279 4 6.28318531e+00 3.90672256e-02
280 4 6.28318531e+00 3.92618520e-02
281 4 6.28318531e+00 3.80166155e-02
282 4 6.28318531e+00 3.97383264e-02
283 4 6.28318531e+00 4.07320347e-02
284 4 6.28318531e+00 3.73217040e-02
285 4 6.28318531e+00 3.79895756e-02
286 4 6.28318531e+00 3.79759791e-02
287 4 6.28318531e+00 3.74628781e-02
288 4 6.28318531e+00 3.97225398e-02
289 4 6.28318531e+00 3.83317621e-02
290 4 6.28318531e+00 3.91979505e-02
291 4 6.28318531e+00 3.88178892e-02
292 4 6.28318531e+00 3.84822703e-02
293 4 6.28318531e+00 4.02372558e-02
294 4 6.28318531e+00 3.99330514e-02
295 4 6.28318531e+00 4.00446699e-02
296 4 6.28318531e+00 3.97614893e-02
297 4 6.28318531e+00 3.74707154e-02
298 4 6.28318531e+00 3.90976911e-02
299 4 6.28318531e+00 3.71768712e-02
300 4 6.28318531e+00 4.13155201e-02
301 4 6.28318531e+00 3.73727143e-02
302 4 6.28318531e+00 3.74212849e-02
303 4 6.28318531e+00 3.72193843e-02
304 4 6.28318531e+00 3.84244172e-02
305 4 6.28318531e+00 3.66708057e-02
306 4 6.28318531e+00 3.76868342e-02
307 4 6.28318531e+00 3.90871257e-02
308 4 6.28318531e+00 3.83677519e-02
309 4 6.28318531e+00 3.97407253e-02
310 4 6.28318531e+00 3.90804217e-02
311 4 6.28318531e+00 3.59114710e-02
312 4 6.28318531e+00 3.95389119e-02
313 4 6.28318531e+00 3.63302438e-02
314 4 6.28318531e+00 3.90732098e-02
315 4 6.28318531e+00 3.83929419e-02
316 4 6.28318531e+00 3.81208622e-02
317 4 6.28318531e+00 3.87501377e-02
318 4 6.28318531e+00 3.74982821e-02
319 4 6.28318531e+00 3.83569265e-02
320 4 6.28318531e+00 4.02918351e-02
321 4 6.28318531e+00 3.88368334e-02
322 4 6.28318531e+00 3.97219506e-02
323 4 6.28318531e+00 3.98776296e-02
324 4 6.28318531e+00 3.89457929e-02
325 4 6.28318531e+00 4.00096900e-02
326 4 6.28318531e+00 3.83949355e-02
327 4 6.28318531e+00 3.92945270e-02
328 4 6.28318531e+00 3.87245103e-02
329 4 6.28318531e+00 3.82423016e-02
330 4 6.28318531e+00 3.87159655e-02
331 4 6.28318531e+00 4.07208856e-02
332 4 6.28318531e+00 3.97184917e-02
333 4 6.28318531e+00 3.89302607e-02
334 4 6.28318531e+00 3.91446712e-02
335 4 6.28318531e+00 3.87755830e-02
336 4 6.28318531e+00 3.77381279e-02
337 4 6.28318531e+00 3.92577436e-02
338 4 6.28318531e+00 3.76590493e-02
339 4 6.28318531e+00 3.86516664e-02
340 4 6.28318531e+00 3.87527382e-02
341 4 6.28318531e+00 3.70076647e-02
342 4 6.28318531e+00 3.71795561e-02
343 4 6.28318531e+00 3.88545539e-02
344 4 6.28318531e+00 3.62503212e-02
345 4 6.28318531e+00 3.91509203e-02
346 4 6.28318531e+00 3.70949298e-02
347 4 6.28318531e+00 3.68394202e-02
348 4 6.28318531e+00 3.69570071e-02
349 4 6.28318531e+00 3.84585850e-02
350 4 6.28318531e+00 3.98993213e-02
351 4 6.28318531e+00 3.96065238e-02
352 4 6.28318531e+00 3.76344534e-02
353 4 6.28318531e+00 3.79880497e-02
354 4 6.28318531e+00 3.98384571e-02
355 4 6.28318531e+00 3.91444347e-02
356 4 6.28318531e+00 3.99183120e-02
357 4 6.28318531e+00 4.09724617e-02
358 4 6.28318531e+00 3.80187411e-02
359 4 6.28318531e+00 3.73923883e-02
360 4 6.28318531e+00 4.04881367e-02
361 4 6.28318531e+00 3.96217116e-02
362 4 6.28318531e+00 3.89029783e-02
363 4 6.28318531e+00 4.18540018e-02
364 4 6.28318531e+00 3.92770664e-02
365 4 6.28318531e+00 3.88014531e-02
366 4 6.28318531e+00 3.89333355e-02
367 4 6.28318531e+00 3.88131723e-02
368 4 6.28318531e+00 3.72549065e-02
369 4 6.28318531e+00 3.94278138e-02
370 4 6.28318531e+00 3.91918546e-02
371 4 6.28318531e+00 3.79489282e-02
372 4 6.28318531e+00 4.02532025e-02
373 4 6.28318531e+00 3.92783385e-02
374 4 6.28318531e+00 3.81313586e-02
375 4 6.28318531e+00 3.72609405e-02
376 4 6.28318531e+00 3.84827176e-02
377 4 6.28318531e+00 3.88283440e-02
378 4 6.28318531e+00 3.97966833e-02
379 4 6.28318531e+00 4.02048915e-02
380 4 6.28318531e+00 3.92375217e-02
381 4 6.28318531e+00 3.90889244e-02
382 4 6.28318531e+00 3.82395454e-02
383 4 6.28318531e+00 3.74494877e-02
384 4 6.28318531e+00 3.99575151e-02
385 4 6.28318531e+00 3.92474910e-02
386 4 6.28318531e+00 3.72669519e-02
387 4 6.28318531e+00 3.84719506e-02
388 4 6.28318531e+00 3.87672127e-02
389 4 6.28318531e+00 3.92096401e-02
390 4 6.28318531e+00 3.98676707e-02
391 4 6.28318531e+00 3.84991975e-02
392 4 6.28318531e+00 3.75321928e-02
393 4 6.28318531e+00 3.89025400e-02
394 4 6.28318531e+00 3.92939836e-02
395 4 6.28318531e+00 3.98382785e-02
396 4 6.28318531e+00 3.69952087e-02
397 4 6.28318531e+00 3.80893940e-02
398 4 6.28318531e+00 3.80549735e-02
399 4 6.28318531e+00 4.04962296e-02
400 4 6.28318531e+00 3.86615751e-02
401 4 6.28318531e+00 3.66128251e-02
402 4 6.28318531e+00 3.90384741e-02
403 4 6.28318531e+00 3.98890780e-02
404 4 6.28318531e+00 3.64587970e-02
405 4 6.28318531e+00 3.67492261e-02
406 4 6.28318531e+00 3.79108453e-02
407 4 6.28318531e+00 3.94020239e-02
408 4 6.28318531e+00 3.98662875e-02
409 4 6.28318531e+00 3.75910309e-02
410 4 6.28318531e+00 3.88234153e-02
411 4 6.28318531e+00 3.82872726e-02
412 4 6.28318531e+00 3.86487603e-02
413 4 6.28318531e+00 3.78386794e-02
414 4 6.28318531e+00 3.89825949e-02
415 4 6.28318531e+00 3.91704625e-02
416 4 6.28318531e+00 3.89561468e-02
417 4 6.28318531e+00 3.65393878e-02
418 4 6.28318531e+00 3.79708658e-02
419 4 6.28318531e+00 3.87728906e-02
420 4 6.28318531e+00 4.00255836e-02
421 4 6.28318531e+00 3.86932828e-02
422 4 6.28318531e+00 3.97194618e-02
423 4 6.28318531e+00 3.83954378e-02
424 4 6.28318531e+00 3.94075064e-02
425 4 6.28318531e+00 3.88655321e-02
426 4 6.28318531e+00 3.76400800e-02
427 4 6.28318531e+00 3.89156222e-02
428 4 6.28318531e+00 3.76471290e-02
429 4 6.28318531e+00 4.09950306e-02
430 4 6.28318531e+00 4.07632814e-02
431 4 6.28318531e+00 3.72713541e-02
432 4 6.28318531e+00 3.90147797e-02
433 4 6.28318531e+00 3.59294919e-02
434 4 6.28318531e+00 3.81009022e-02
435 4 6.28318531e+00 3.94597075e-02
436 4 6.28318531e+00 3.99301390e-02
437 4 6.28318531e+00 3.82123645e-02
438 4 6.28318531e+00 4.04569614e-02
439 4 6.28318531e+00 3.87483063e-02
440 4 6.28318531e+00 3.78263029e-02
441 4 6.28318531e+00 3.92456006e-02
442 4 6.28318531e+00 3.66733941e-02
443 4 6.28318531e+00 3.75311058e-02
444 4 6.28318531e+00 3.84477214e-02
445 4 6.28318531e+00 4.04797741e-02
446 4 6.28318531e+00 3.91102540e-02
447 4 6.28318531e+00 3.76828824e-02
448 4 6.28318531e+00 3.98713935e-02
449 4 6.28318531e+00 4.06825662e-02
450 4 6.28318531e+00 3.99438676e-02
451 4 6.28318531e+00 3.87016844e-02
452 4 6.28318531e+00 3.91082911e-02
453 4 6.28318531e+00 3.96480814e-02
454 4 6.28318531e+00 3.86690653e-02
455 4 6.28318531e+00 3.84617292e-02
456 4 6.28318531e+00 3.99106119e-02
457 4 6.28318531e+00 3.81394291e-02
458 4 6.28318531e+00 4.05154424e-02
459 4 6.28318531e+00 3.70317614e-02
460 4 6.28318531e+00 3.78086314e-02
461 4 6.28318531e+00 4.04250008e-02
462 4 6.28318531e+00 3.73372136e-02
463 4 6.28318531e+00 3.95558966e-02
464 4 6.28318531e+00 3.82378675e-02
465 4 6.28318531e+00 3.98984564e-02
466 4 6.28318531e+00 3.82240797e-02
467 4 6.28318531e+00 3.80056750e-02
468 4 6.28318531e+00 3.93848822e-02
469 4 6.28318531e+00 3.81397820e-02
470 4 6.28318531e+00 3.79190698e-02
471 4 6.28318531e+00 3.77912495e-02
472 4 6.28318531e+00 3.92086313e-02
473 4 6.28318531e+00 4.00030368e-02
474 4 6.28318531e+00 3.87603187e-02
475 4 6.28318531e+00 3.93816885e-02
476 4 6.28318531e+00 3.97066199e-02
477 4 6.28318531e+00 3.93772489e-02
478 4 6.28318531e+00 4.10891444e-02
479 4 6.28318531e+00 3.85571194e-02
480 4 6.28318531e+00 3.93234460e-02
481 4 6.28318531e+00 3.76644048e-02
482 4 6.28318531e+00 3.82901978e-02
483 4 6.28318531e+00 3.95375024e-02
484 4 6.28318531e+00 3.72875200e-02
485 4 6.28318531e+00 3.74909336e-02
486 4 6.28318531e+00 3.86380525e-02
487 4 6.28318531e+00 3.85151531e-02
488 4 6.28318531e+00 3.74150881e-02
489 4 6.28318531e+00 3.92308975e-02
490 4 6.28318531e+00 4.07168939e-02
491 4 6.28318531e+00 3.85073012e-02
492 4 6.28318531e+00 3.82399222e-02
493 4 6.28318531e+00 3.83732019e-02
494 4 6.28318531e+00 3.83275202e-02
495 4 6.28318531e+00 3.84246357e-02
496 4 6.28318531e+00 3.79591793e-02
497 4 6.28318531e+00 3.83962472e-02
498 4 6.28318531e+00 3.76093693e-02
499 4 6.28318531e+00 3.95110740e-02
500 4 6.28318531e+00 3.74205373e-02
501 4 6.28318531e+00 4.05899685e-02
502 4 6.28318531e+00 3.94043189e-02
503 4 6.28318531e+00 3.99114641e-02
504 4 6.28318531e+00 3.87139974e-02
505 4 6.28318531e+00 3.95402540e-02
506 4 6.28318531e+00 3.94747565e-02
507 4 6.28318531e+00 3.91362712e-02
508 4 6.28318531e+00 3.88015805e-02
509 4 6.28318531e+00 3.71437106e-02
510 4 6.28318531e+00 3.84887471e-02
511 4 6.28318531e+00 3.90105101e-02
512 4 6.28318531e+00 3.91734186e-02
513 4 6.28318531e+00 3.76623647e-02
514 4 6.28318531e+00 3.92933617e-02
515 4 6.28318531e+00 4.00858004e-02
516 4 6.28318531e+00 3.74686797e-02
517 4 6.28318531e+00 3.80823844e-02
518 4 6.28318531e+00 4.08440686e-02
519 4 6.28318531e+00 4.07010116e-02
520 4 6.28318531e+00 3.98024674e-02
521 4 6.28318531e+00 3.70485076e-02
522 4 6.28318531e+00 3.74759262e-02
523 4 6.28318531e+00 3.85635791e-02
524 4 6.28318531e+00 3.85974253e-02
525 4 6.28318531e+00 3.95085799e-02
526 4 6.28318531e+00 4.08010887e-02
527 4 6.28318531e+00 4.00864558e-02
528 4 6.28318531e+00 3.92599858e-02
529 4 6.28318531e+00 3.87234080e-02
530 4 6.28318531e+00 3.93256873e-02
531 4 6.28318531e+00 3.84530337e-02
532 4 6.28318531e+00 3.63799334e-02
533 4 6.28318531e+00 3.96184637e-02
534 4 6.28318531e+00 3.89300502e-02
535 4 6.28318531e+00 3.81190566e-02
536 4 6.28318531e+00 3.81847867e-02
537 4 6.28318531e+00 3.89481744e-02
538 4 6.28318531e+00 3.77364475e-02
539 4 6.28318531e+00 3.61721551e-02
540 4 6.28318531e+00 3.74870461e-02
541 4 6.28318531e+00 3.90936977e-02
542 4 6.28318531e+00 4.07786234e-02
543 4 6.28318531e+00 3.79561304e-02
544 4 6.28318531e+00 3.75619463e-02
545 4 6.28318531e+00 3.85251286e-02
546 4 6.28318531e+00 3.93138607e-02
547 4 6.28318531e+00 3.82743079e-02
548 4 6.28318531e+00 3.67667263e-02
549 4 6.28318531e+00 3.92501154e-02
550 4 6.28318531e+00 4.00052260e-02
551 4 6.28318531e+00 4.02407419e-02
552 4 6.28318531e+00 3.84686797e-02
553 4 6.28318531e+00 3.95382397e-02
554 4 6.28318531e+00 3.89094974e-02
555 4 6.28318531e+00 3.69557746e-02
556 4 6.28318531e+00 3.88254341e-02
557 4 6.28318531e+00 4.00428458e-02
558 4 6.28318531e+00 3.81477793e-02
559 4 6.28318531e+00 3.94931863e-02
560 4 6.28318531e+00 3.81925283e-02
561 4 6.28318531e+00 3.74553155e-02
562 4 6.28318531e+00 3.81205581e-02
563 4 6.28318531e+00 3.84237732e-02
564 4 6.28318531e+00 3.78423030e-02
565 4 6.28318531e+00 3.90400606e-02
566 4 6.28318531e+00 4.05954353e-02
567 4 6.28318531e+00 3.95809235e-02
568 4 6.28318531e+00 3.88650358e-02
569 4 6.28318531e+00 4.07726209e-02
570 4 6.28318531e+00 3.85799784e-02
571 4 6.28318531e+00 3.79942186e-02
572 4 6.28318531e+00 3.86656588e-02
573 4 6.28318531e+00 3.87921470e-02
574 4 6.28318531e+00 3.97018445e-02
575 4 6.28318531e+00 3.87827158e-02
576 4 6.28318531e+00 3.77579631e-02
577 4 6.28318531e+00 3.88226668e-02
578 4 6.28318531e+00 3.96971668e-02
579 4 6.28318531e+00 3.93370269e-02
580 4 6.28318531e+00 3.94895930e-02
581 4 6.28318531e+00 4.00059454e-02
582 4 6.28318531e+00 3.97860449e-02
583 4 6.28318531e+00 3.94261140e-02
584 4 6.28318531e+00 3.77533857e-02
585 4 6.28318531e+00 3.92417808e-02
586 4 6.28318531e+00 3.97008052e-02
587 4 6.28318531e+00 3.77491909e-02
588 4 6.28318531e+00 3.77960189e-02
589 4 6.28318531e+00 3.98484186e-02
590 4 6.28318531e+00 3.83034363e-02
591 4 6.28318531e+00 4.00617899e-02
592 4 6.28318531e+00 3.92256415e-02
593 4 6.28318531e+00 3.92180025e-02
594 4 6.28318531e+00 3.95061767e-02
595 4 6.28318531e+00 3.68953513e-02
596 4 6.28318531e+00 3.90807872e-02
597 4 6.28318531e+00 3.86017784e-02
598 4 6.28318531e+00 3.88942567e-02
599 4 6.28318531e+00 3.86567345e-02
600 4 6.28318531e+00 3.94081491e-02
601 4 6.28318531e+00 3.79318153e-02
602 4 6.28318531e+00 3.86991637e-02
603 4 6.28318531e+00 3.73073515e-02
604 4 6.28318531e+00 3.83122576e-02
605 4 6.28318531e+00 3.64284727e-02
606 4 6.28318531e+00 3.97800234e-02
607 4 6.28318531e+00 3.93158285e-02
608 4 6.28318531e+00 4.05333823e-02
609 4 6.28318531e+00 3.69540500e-02
610 4 6.28318531e+00 3.81683619e-02
611 4 6.28318531e+00 3.92343622e-02
612 4 6.28318531e+00 3.87564126e-02
613 4 6.28318531e+00 3.92323066e-02
614 4 6.28318531e+00 3.94973356e-02
615 4 6.28318531e+00 3.85078917e-02
616 4 6.28318531e+00 4.05864826e-02
617 4 6.28318531e+00 3.73169370e-02
618 4 6.28318531e+00 3.97987376e-02
619 4 6.28318531e+00 3.96512135e-02
620 4 6.28318531e+00 3.98487100e-02
621 4 6.28318531e+00 3.89830329e-02
622 4 6.28318531e+00 3.75411118e-02
623 4 6.28318531e+00 4.04572116e-02
624 4 6.28318531e+00 3.76917878e-02
625 4 6.28318531e+00 3.84930448e-02
626 4 6.28318531e+00 3.76741662e-02
627 4 6.28318531e+00 3.77672716e-02
628 4 6.28318531e+00 3.86747580e-02
629 4 6.28318531e+00 3.92104106e-02
630 4 6.28318531e+00 3.94218993e-02
631 4 6.28318531e+00 3.81904492e-02
632 4 6.28318531e+00 3.74389904e-02
633 4 6.28318531e+00 3.82705916e-02
634 4 6.28318531e+00 3.77405963e-02
635 4 6.28318531e+00 3.82084859e-02
636 4 6.28318531e+00 3.80230715e-02
637 4 6.28318531e+00 3.91226099e-02
638 4 6.28318531e+00 3.74133777e-02
639 4 6.28318531e+00 3.59722286e-02
640 4 6.28318531e+00 4.03016484e-02
641 4 6.28318531e+00 3.99223187e-02
642 4 6.28318531e+00 3.82053514e-02
643 4 6.28318531e+00 3.78047324e-02
644 4 6.28318531e+00 3.81000866e-02
645 4 6.28318531e+00 3.77393313e-02
646 4 6.28318531e+00 3.86409056e-02
647 4 6.28318531e+00 3.84974198e-02
648 4 6.28318531e+00 3.72286032e-02
649 4 6.28318531e+00 3.84322032e-02
650 4 6.28318531e+00 3.89346851e-02
651 4 6.28318531e+00 4.00100377e-02
652 4 6.28318531e+00 4.02296500e-02
653 4 6.28318531e+00 3.83967492e-02
654 4 6.28318531e+00 3.78742183e-02
655 4 6.28318531e+00 4.10062211e-02
656 4 6.28318531e+00 3.94774670e-02
657 4 6.28318531e+00 3.71564368e-02
658 4 6.28318531e+00 3.88390217e-02
659 4 6.28318531e+00 3.96739841e-02
660 4 6.28318531e+00 3.84140280e-02
661 4 6.28318531e+00 3.81701009e-02
662 4 6.28318531e+00 4.02322335e-02
663 4 6.28318531e+00 3.80637803e-02
664 4 6.28318531e+00 3.88805419e-02
665 4 6.28318531e+00 3.87993908e-02
666 4 6.28318531e+00 4.12293529e-02
667 4 6.28318531e+00 4.01568009e-02
668 4 6.28318531e+00 3.91364801e-02
669 4 6.28318531e+00 3.75182357e-02
670 4 6.28318531e+00 3.88996888e-02
671 4 6.28318531e+00 3.88777389e-02
672 4 6.28318531e+00 3.93258696e-02
673 4 6.28318531e+00 4.05109080e-02
674 4 6.28318531e+00 3.86911455e-02
675 4 6.28318531e+00 3.64204700e-02
676 4 6.28318531e+00 3.97832102e-02
677 4 6.28318531e+00 3.97547131e-02
678 4 6.28318531e+00 3.91087004e-02
679 4 6.28318531e+00 3.91247973e-02
680 4 6.28318531e+00 3.89859349e-02
681 4 6.28318531e+00 3.91522542e-02
682 4 6.28318531e+00 3.80473098e-02
683 4 6.28318531e+00 3.97598870e-02
684 4 6.28318531e+00 3.81817517e-02
685 4 6.28318531e+00 3.92491142e-02
686 4 6.28318531e+00 3.80914915e-02
687 4 6.28318531e+00 3.81083753e-02
688 4 6.28318531e+00 3.94579943e-02
689 4 6.28318531e+00 3.94266062e-02
690 4 6.28318531e+00 3.82875621e-02
691 4 6.28318531e+00 3.83116455e-02
692 4 6.28318531e+00 3.91685000e-02
693 4 6.28318531e+00 3.83817617e-02
694 4 6.28318531e+00 3.74932497e-02
695 4 6.28318531e+00 3.71561464e-02
696 4 6.28318531e+00 3.89897668e-02
697 4 6.28318531e+00 3.97480680e-02
698 4 6.28318531e+00 3.89698946e-02
699 4 6.28318531e+00 3.99219578e-02
700 4 6.28318531e+00 3.86297761e-02
701 4 6.28318531e+00 3.82874251e-02
702 4 6.28318531e+00 3.94842965e-02
703 4 6.28318531e+00 3.78203256e-02
704 4 6.28318531e+00 3.99743513e-02
705 4 6.28318531e+00 3.75524734e-02
706 4 6.28318531e+00 3.84608497e-02
707 4 6.28318531e+00 3.91273546e-02
708 4 6.28318531e+00 3.80798035e-02
709 4 6.28318531e+00 3.87214979e-02
710 4 6.28318531e+00 3.80849985e-02
711 4 6.28318531e+00 3.94653006e-02
712 4 6.28318531e+00 3.80945804e-02
713 4 6.28318531e+00 3.77911259e-02
714 4 6.28318531e+00 3.83340147e-02
715 4 6.28318531e+00 3.93394959e-02
716 4 6.28318531e+00 3.89405398e-02
717 4 6.28318531e+00 3.93500168e-02
718 4 6.28318531e+00 3.95383216e-02
719 4 6.28318531e+00 3.92138629e-02
720 4 6.28318531e+00 3.90170349e-02
721 4 6.28318531e+00 3.91029997e-02
722 4 6.28318531e+00 3.97998643e-02
723 4 6.28318531e+00 3.91231259e-02
724 4 6.28318531e+00 3.60072943e-02
725 4 6.28318531e+00 3.80327427e-02
726 4 6.28318531e+00 3.69621252e-02
727 4 6.28318531e+00 4.05532814e-02
728 4 6.28318531e+00 3.90250809e-02
729 4 6.28318531e+00 3.93751715e-02
730 4 6.28318531e+00 3.71427943e-02
731 4 6.28318531e+00 3.84511332e-02
732 4 6.28318531e+00 3.75544855e-02
733 4 6.28318531e+00 3.87694795e-02
734 4 6.28318531e+00 4.04392478e-02
735 4 6.28318531e+00 3.97206344e-02
736 4 6.28318531e+00 3.86142677e-02
737 4 6.28318531e+00 3.97351717e-02
738 4 6.28318531e+00 3.87655793e-02
739 4 6.28318531e+00 3.91074620e-02
740 4 6.28318531e+00 3.87761677e-02
741 4 6.28318531e+00 3.86118582e-02
742 4 6.28318531e+00 3.86230116e-02
743 4 6.28318531e+00 3.73214956e-02
744 4 6.28318531e+00 3.63124874e-02
745 4 6.28318531e+00 3.84903729e-02
746 4 6.28318531e+00 3.76352833e-02
747 4 6.28318531e+00 3.79377064e-02
748 4 6.28318531e+00 3.95454875e-02
749 4 6.28318531e+00 3.85684810e-02
750 4 6.28318531e+00 3.89335276e-02
751 4 6.28318531e+00 3.83397715e-02
752 4 6.28318531e+00 3.70536020e-02
753 4 6.28318531e+00 3.73413889e-02
754 4 6.28318531e+00 3.89928272e-02
755 4 6.28318531e+00 3.84665630e-02
756 4 6.28318531e+00 3.72834452e-02
757 4 6.28318531e+00 3.93581612e-02
758 4 6.28318531e+00 3.87857754e-02
759 4 6.28318531e+00 3.76084466e-02
760 4 6.28318531e+00 3.86129769e-02
761 4 6.28318531e+00 3.93875624e-02
762 4 6.28318531e+00 3.65176042e-02
763 4 6.28318531e+00 3.73479647e-02
764 4 6.28318531e+00 3.93467940e-02
765 4 6.28318531e+00 3.76507638e-02
766 4 6.28318531e+00 3.96251297e-02
767 4 6.28318531e+00 3.96733087e-02
768 4 6.28318531e+00 4.08120052e-02
769 4 6.28318531e+00 3.77530853e-02
770 4 6.28318531e+00 3.94271235e-02
771 4 6.28318531e+00 3.93526832e-02
772 4 6.28318531e+00 3.95458081e-02
773 4 6.28318531e+00 3.98657330e-02
774 4 6.28318531e+00 3.99943504e-02
775 4 6.28318531e+00 3.80759499e-02
776 4 6.28318531e+00 3.83354973e-02
777 4 6.28318531e+00 3.71306854e-02
778 4 6.28318531e+00 3.83703530e-02
779 4 6.28318531e+00 3.83900435e-02
780 4 6.28318531e+00 3.81433464e-02
781 4 6.28318531e+00 3.83985286e-02
782 4 6.28318531e+00 3.85992627e-02
783 4 6.28318531e+00 3.92189412e-02
784 4 6.28318531e+00 4.01036381e-02
785 4 6.28318531e+00 3.83454672e-02
786 4 6.28318531e+00 3.74157119e-02
787 4 6.28318531e+00 4.03656463e-02
788 4 6.28318531e+00 3.92111367e-02
789 4 6.28318531e+00 3.74828807e-02
790 4 6.28318531e+00 3.84859432e-02
791 4 6.28318531e+00 3.81485273e-02
792 4 6.28318531e+00 3.74461280e-02
793 4 6.28318531e+00 3.67071143e-02
794 4 6.28318531e+00 3.85675446e-02
795 4 6.28318531e+00 4.03787022e-02
796 4 6.28318531e+00 4.11693552e-02
797 4 6.28318531e+00 3.89649972e-02
798 4 6.28318531e+00 3.98029629e-02
799 4 6.28318531e+00 3.73217237e-02
800 4 6.28318531e+00 3.77744649e-02
801 4 6.28318531e+00 4.11525212e-02
802 4 6.28318531e+00 3.81555764e-02
803 4 6.28318531e+00 4.02564131e-02
804 4 6.28318531e+00 3.84134226e-02
805 4 6.28318531e+00 4.07133011e-02
806 4 6.28318531e+00 4.00213148e-02
807 4 6.28318531e+00 3.89146107e-02
808 4 6.28318531e+00 3.86005311e-02
809 4 6.28318531e+00 3.95399960e-02
810 4 6.28318531e+00 3.84326054e-02
811 4 6.28318531e+00 3.89437072e-02
812 4 6.28318531e+00 3.95503559e-02
813 4 6.28318531e+00 3.93873944e-02
814 4 6.28318531e+00 3.80313200e-02
815 4 6.28318531e+00 3.75350338e-02
816 4 6.28318531e+00 3.68012065e-02
817 4 6.28318531e+00 3.87340570e-02
818 4 6.28318531e+00 3.87968683e-02
819 4 6.28318531e+00 3.93406937e-02
820 4 6.28318531e+00 3.87471756e-02
821 4 6.28318531e+00 3.93259955e-02
822 4 6.28318531e+00 3.98151132e-02
823 4 6.28318531e+00 3.98717069e-02
824 4 6.28318531e+00 3.72968119e-02
825 4 6.28318531e+00 3.78871689e-02
826 4 6.28318531e+00 3.82566699e-02
827 4 6.28318531e+00 3.98540801e-02
828 4 6.28318531e+00 3.94820673e-02
829 4 6.28318531e+00 3.97649737e-02
830 4 6.28318531e+00 3.97036757e-02
831 4 6.28318531e+00 3.98980089e-02
832 4 6.28318531e+00 3.92923461e-02
833 4 6.28318531e+00 3.99476614e-02
834 4 6.28318531e+00 3.81375126e-02
835 4 6.28318531e+00 3.82697608e-02
836 4 6.28318531e+00 3.76638199e-02
837 4 6.28318531e+00 3.93569630e-02
838 4 6.28318531e+00 3.89491230e-02
839 4 6.28318531e+00 3.70046295e-02
840 4 6.28318531e+00 4.01147136e-02
841 4 6.28318531e+00 3.70685498e-02
842 4 6.28318531e+00 3.80143800e-02
843 4 6.28318531e+00 3.81684017e-02
844 4 6.28318531e+00 3.88874786e-02
845 4 6.28318531e+00 4.13240004e-02
846 4 6.28318531e+00 3.81187823e-02
847 4 6.28318531e+00 3.75643059e-02
848 4 6.28318531e+00 3.90554609e-02
849 4 6.28318531e+00 3.97540087e-02
850 4 6.28318531e+00 4.01360429e-02
851 4 6.28318531e+00 3.87920998e-02
852 4 6.28318531e+00 3.87248345e-02
853 4 6.28318531e+00 4.03398651e-02
854 4 6.28318531e+00 3.93194400e-02
855 4 6.28318531e+00 3.74630633e-02
856 4 6.28318531e+00 4.01864311e-02
857 4 6.28318531e+00 3.87201561e-02
858 4 6.28318531e+00 3.79578930e-02
859 4 6.28318531e+00 3.83303015e-02
860 4 6.28318531e+00 3.74093710e-02
861 4 6.28318531e+00 3.78065670e-02
862 4 6.28318531e+00 3.86394660e-02
863 4 6.28318531e+00 3.96329248e-02
864 4 6.28318531e+00 3.89567101e-02
865 4 6.28318531e+00 3.88997430e-02
866 4 6.28318531e+00 4.11066794e-02
867 4 6.28318531e+00 3.83739765e-02
868 4 6.28318531e+00 3.86934212e-02
869 4 6.28318531e+00 3.98539770e-02
870 4 6.28318531e+00 3.90578066e-02
871 4 6.28318531e+00 3.71425084e-02
872 4 6.28318531e+00 3.89287444e-02
873 4 6.28318531e+00 3.74489169e-02
874 4 6.28318531e+00 3.97922714e-02
875 4 6.28318531e+00 3.89760155e-02
876 4 6.28318531e+00 3.99335415e-02
877 4 6.28318531e+00 3.80781141e-02
878 4 6.28318531e+00 3.89548628e-02
879 4 6.28318531e+00 3.81513031e-02
880 4 6.28318531e+00 3.82792286e-02
881 4 6.28318531e+00 3.98529746e-02
882 4 6.28318531e+00 3.78306607e-02
883 4 6.28318531e+00 4.00966630e-02
884 4 6.28318531e+00 3.89170796e-02
885 4 6.28318531e+00 3.87273034e-02
886 4 6.28318531e+00 3.80607391e-02
887 4 6.28318531e+00 3.87953407e-02
888 4 6.28318531e+00 4.00789978e-02
889 4 6.28318531e+00 3.94441945e-02
890 4 6.28318531e+00 3.84099249e-02
891 4 6.28318531e+00 3.80446035e-02
892 4 6.28318531e+00 3.90190732e-02
893 4 6.28318531e+00 3.65829323e-02
894 4 6.28318531e+00 3.94866879e-02
895 4 6.28318531e+00 3.75247573e-02
896 4 6.28318531e+00 3.87861115e-02
897 4 6.28318531e+00 4.04626293e-02
898 4 6.28318531e+00 3.91801389e-02
899 4 6.28318531e+00 3.80221250e-02
0 5 7.85398163e+00 4.15437382e-02
1 5 7.85398163e+00 4.35792009e-02
2 5 7.85398163e+00 4.47986285e-02
3 5 7.85398163e+00 4.18810271e-02
4 5 7.85398163e+00 4.47000136e-02
5 5 7.85398163e+00 4.27295452e-02
6 5 7.85398163e+00 4.10001518e-02
7 5 7.85398163e+00 4.42443461e-02
8 5 7.85398163e+00 4.06812722e-02
9 5 7.85398163e+00 4.44379857e-02
10 5 7.85398163e+00 4.55483947e-02
11 5 7.85398163e+00 4.46658738e-02
12 5 7.85398163e+00 4.43936444e-02
13 5 7.85398163e+00 4.53308420e-02
14 5 7.85398163e+00 4.14434738e-02
15 5 7.85398163e+00 4.31501072e-02
16 5 7.85398163e+00 4.09831423e-02
17 5 7.85398163e+00 4.58212321e-02
18 5 7.85398163e+00 4.27354105e-02
19 5 7.85398163e+00 4.50576184e-02
20 5 7.85398163e+00 4.36777639e-02
21 5 7.85398163e+00 4.45810076e-02
22 5 7.85398163e+00 4.21155053e-02
23 5 7.85398163e+00 4.62702468e-02
24 5 7.85398163e+00 4.09202528e-02
25 5 7.85398163e+00 4.17953886e-02
26 5 7.85398163e+00 4.19521799e-02
27 5 7.85398163e+00 4.17974622e-02
28 5 7.85398163e+00 4.32782979e-02
29 5 7.85398163e+00 4.65084698e-02
30 5 7.85398163e+00 4.08366318e-02
31 5 7.85398163e+00 4.17212108e-02
32 5 7.85398163e+00 4.01773314e-02
33 5 7.85398163e+00 4.13796000e-02
34 5 7.85398163e+00 4.32143485e-02
35 5 7.85398163e+00 4.52909943e-02
36 5 7.85398163e+00 4.29100911e-02
37 5 7.85398163e+00 4.27810696e-02
38 5 7.85398163e+00 4.24309444e-02
39 5 7.85398163e+00 4.23653394e-02
40 5 7.85398163e+00 4.26384261e-02
41 5 7.85398163e+00 4.28996779e-02
42 5 7.85398163e+00 4.38522630e-02
43 5 7.85398163e+00 4.38983176e-02
44 5 7.85398163e+00 4.33494881e-02
45 5 7.85398163e+00 4.21443446e-02
46 5 7.85398163e+00 4.51491096e-02
47 5 7.85398163e+00 4.24086069e-02
48 5 7.85398163e+00 4.14706476e-02
49 5 7.85398163e+00 4.34276426e-02
50 5 7.85398163e+00 4.55470569e-02
51 5 7.85398163e+00 4.13495882e-02
52 5 7.85398163e+00 4.31533710e-02
53 5 7.85398163e+00 4.40777839e-02
54 5 7.85398163e+00 4.34292983e-02
55 5 7.85398163e+00 4.31533213e-02
56 5 7.85398163e+00 4.31887098e-02
57 5 7.85398163e+00 4.18914073e-02
58 5 7.85398163e+00 4.30093967e-02
59 5 7.85398163e+00 4.48690135e-02
60 5 7.85398163e+00 4.12174399e-02
61 5 7.85398163e+00 4.17379642e-02
62 5 7.85398163e+00 4.43194727e-02
63 5 7.85398163e+00 4.56405220e-02
64 5 7.85398163e+00 4.44289073e-02
65 5 7.85398163e+00 4.49905483e-02
66 5 7.85398163e+00 4.32894379e-02
67 5 7.85398163e+00 4.44080104e-02
68 5 7.85398163e+00 4.29466751e-02
69 5 7.85398163e+00 4.48925536e-02
70 5 7.85398163e+00 4.53000660e-02
71 5 7.85398163e+00 4.16874041e-02
72 5 7.85398163e+00 4.29367533e-02
73 5 7.85398163e+00 4.43903904e-02
74 5 7.85398163e+00 4.48242150e-02
75 5 7.85398163e+00 4.38502162e-02
76 5 7.85398163e+00 4.55139067e-02
77 5 7.85398163e+00 4.24543789e-02
78 5 7.85398163e+00 4.15461543e-02
79 5 7.85398163e+00 4.30450528e-02
80 5 7.85398163e+00 4.48189865e-02
81 5 7.85398163e+00 4.49667023e-02
82 5 7.85398163e+00 4.13987284e-02
83 5 7.85398163e+00 4.19751066e-02
84 5 7.85398163e+00 4.13536063e-02
85 5 7.85398163e+00 4.54271700e-02
86 5 7.85398163e+00 4.41984448e-02
87 5 7.85398163e+00 4.30467123e-02
88 5 7.85398163e+00 4.46929191e-02
89 5 7.85398163e+00 4.41058912e-02
90 5 7.85398163e+00 4.46154227e-02
91 5 7.85398163e+00 4.45452700e-02
92 5 7.85398163e+00 4.28297720e-02
93 5 7.85398163e+00 4.57915829e-02
94 5 7.85398163e+00 4.52975975e-02
95 5 7.85398163e+00 4.42403738e-02
96 5 7.85398163e+00 4.41274089e-02
97 5 7.85398163e+00 4.39943904e-02
98 5 7.85398163e+00 4.55595137e-02
99 5 7.85398163e+00 4.32237765e-02
100 5 7.85398163e+00 4.06223330e-02
101 5 7.85398163e+00 4.42757291e-02
102 5 7.85398163e+00 4.30454499e-02
103 5 7.85398163e+00 4.07424474e-02
104 5 7.85398163e+00 4.56069340e-02
105 5 7.85398163e+00 4.37632285e-02
106 5 7.85398163e+00 3.97240010e-02
107 5 7.85398163e+00 4.52303292e-02
108 5 7.85398163e+00 4.45655281e-02
109 5 7.85398163e+00 4.48308988e-02
110 5 7.85398163e+00 4.21496121e-02
111 5 7.85398163e+00 4.15578796e-02
112 5 7.85398163e+00 4.10127847e-02
113 5 7.85398163e+00 4.36519900e-02
114 5 7.85398163e+00 4.20899444e-02
115 5 7.85398163e+00 4.30735216e-02
116 5 7.85398163e+00 4.38971608e-02
117 5 7.85398163e+00 4.33963614e-02
118 5 7.85398163e+00 4.49102660e-02
119 5 7.85398163e+00 4.13366973e-02
120 5 7.85398163e+00 3.96472401e-02
121 5 7.85398163e+00 4.04122209e-02
122 5 7.85398163e+00 4.16491371e-02
123 5 7.85398163e+00 4.44484208e-02
124 5 7.85398163e+00 4.33102970e-02
125 5 7.85398163e+00 4.16012510e-02
126 5 7.85398163e+00 4.47663523e-02
127 5 7.85398163e+00 4.31034818e-02
128 5 7.85398163e+00 4.35450325e-02
129 5 7.85398163e+00 4.25359352e-02
130 5 7.85398163e+00 4.30882302e-02
131 5 7.85398163e+00 4.16807138e-02
132 5 7.85398163e+00 4.09155751e-02
133 5 7.85398163e+00 3.97889704e-02
134 5 7.85398163e+00 4.28546529e-02
135 5 7.85398163e+00 4.25426556e-02
136 5 7.85398163e+00 4.27202915e-02
137 5 7.85398163e+00 4.03608658e-02
138 5 7.85398163e+00 4.35983662e-02
139 5 7.85398163e+00 4.02083276e-02
140 5 7.85398163e+00 4.37746122e-02
141 5 7.85398163e+00 4.37511654e-02
142 5 7.85398163e+00 4.48583131e-02
143 5 7.85398163e+00 4.31735515e-02
144 5 7.85398163e+00 4.24744122e-02
145 5 7.85398163e+00 4.45100319e-02
146 5 7.85398163e+00 4.31234045e-02
147 5 7.85398163e+00 4.32340040e-02
148 5 7.85398163e+00 4.50251282e-02
149 5 7.85398163e+00 4.50182401e-02
150 5 7.85398163e+00 4.18501801e-02
151 5 7.85398163e+00 4.52159424e-02
152 5 7.85398163e+00 4.39472240e-02
153 5 7.85398163e+00 4.13684005e-02
154 5 7.85398163e+00 4.39317739e-02
155 5 7.85398163e+00 4.41796589e-02
156 5 7.85398163e+00 4.56060988e-02
157 5 7.85398163e+00 4.52542770e-02
158 5 7.85398163e+00 4.64516290e-02
159 5 7.85398163e+00 4.35974052e-02
160 5 7.85398163e+00 4.31014550e-02
161 5 7.85398163e+00 4.14345294e-02
162 5 7.85398163e+00 4.34789531e-02
163 5 7.85398163e+00 4.35849898e-02
164 5 7.85398163e+00 4.21936979e-02
165 5 7.85398163e+00 4.02379436e-02
166 5 7.85398163e+00 4.61112536e-02
167 5 7.85398163e+00 4.41595694e-02
168 5 7.85398163e+00 4.36767823e-02
169 5 7.85398163e+00 4.35625267e-02
170 5 7.85398163e+00 4.40065824e-02
171 5 7.85398163e+00 4.36453654e-02
172 5 7.85398163e+00 4.43033970e-02
173 5 7.85398163e+00 4.41598822e-02
174 5 7.85398163e+00 4.54558189e-02
175 5 7.85398163e+00 4.44917905e-02
176 5 7.85398163e+00 4.67643399e-02
177 5 7.85398163e+00 4.45307436e-02
178 5 7.85398163e+00 4.17192919e-02
179 5 7.85398163e+00 4.40776792e-02
180 5 7.85398163e+00 4.37102879e-02
181 5 7.85398163e+00 4.23179183e-02
182 5 7.85398163e+00 4.37953815e-02
183 5 7.85398163e+00 4.23087680e-02
184 5 7.85398163e+00 4.48643929e-02
185 5 7.85398163e+00 4.33661204e-02
186 5 7.85398163e+00 4.26673893e-02
187 5 7.85398163e+00 4.24563015e-02
188 5 7.85398163e+00 4.14695460e-02
189 5 7.85398163e+00 4.17684044e-02
190 5 7.85398163e+00 4.30668199e-02
191 5 7.85398163e+00 4.67985121e-02
192 5 7.85398163e+00 4.47367094e-02
193 5 7.85398163e+00 4.26884812e-02
194 5 7.85398163e+00 4.39604508e-02
195 5 7.85398163e+00 4.43079009e-02
196 5 7.85398163e+00 4.46815922e-02
197 5 7.85398163e+00 4.42820793e-02
198 5 7.85398163e+00 4.36000873e-02
199 5 7.85398163e+00 4.54924495e-02
200 5 7.85398163e+00 4.23900804e-02
201 5 7.85398163e+00 4.25132860e-02
202 5 7.85398163e+00 4.23582791e-02
203 5 7.85398163e+00 4.08390960e-02
204 5 7.85398163e+00 4.23507856e-02
205 5 7.85398163e+00 4.55125350e-02
206 5 7.85398163e+00 4.01008955e-02
207 5 7.85398163e+00 4.29354874e-02
208 5 7.85398163e+00 4.35759107e-02
209 5 7.85398163e+00 4.37698571e-02
210 5 7.85398163e+00 4.01634140e-02
211 5 7.85398163e+00 4.25640377e-02
212 5 7.85398163e+00 4.32091622e-02
213 5 7.85398163e+00 4.31317220e-02
214 5 7.85398163e+00 4.34716157e-02
215 5 7.85398163e+00 4.54069481e-02
216 5 7.85398163e+00 4.40130256e-02
217 5 7.85398163e+00 4.41284131e-02
218 5 7.85398163e+00 4.66675223e-02
219 5 7.85398163e+00 4.33894653e-02
220 5 7.85398163e+00 4.48651307e-02
221 5 7.85398163e+00 4.44274355e-02
222 5 7.85398163e+00 4.36365214e-02
223 5 7.85398163e+00 4.59470162e-02
224 5 7.85398163e+00 4.02410044e-02
225 5 7.85398163e+00 4.34705927e-02
226 5 7.85398163e+00 4.32640343e-02
227 5 7.85398163e+00 4.28896485e-02
228 5 7.85398163e+00 4.29333008e-02
229 5 7.85398163e+00 4.33030051e-02
230 5 7.85398163e+00 4.30481662e-02
231 5 7.85398163e+00 4.53048194e-02
232 5 7.85398163e+00 4.23697247e-02
233 5 7.85398163e+00 4.22106023e-02
234 5 7.85398163e+00 4.36051118e-02
235 5 7.85398163e+00 4.29250145e-02
236 5 7.85398163e+00 4.30511736e-02
237 5 7.85398163e+00 4.56890086e-02
238 5 7.85398163e+00 4.37822146e-02
239 5 7.85398163e+00 4.42542799e-02
240 5 7.85398163e+00 4.29645167e-02
241 5 7.85398163e+00 4.15081794e-02
242 5 7.85398163e+00 4.27762502e-02
243 5 7.85398163e+00 4.28713164e-02
244 5 7.85398163e+00 4.01684645e-02
245 5 7.85398163e+00 4.05481903e-02
246 5 7.85398163e+00 4.33625235e-02
247 5 7.85398163e+00 4.49926086e-02
248 5 7.85398163e+00 4.16427222e-02
249 5 7.85398163e+00 4.30370468e-02
250 5 7.85398163e+00 4.37567205e-02
251 5 7.85398163e+00 4.22371479e-02
252 5 7.85398163e+00 4.36220390e-02
253 5 7.85398163e+00 4.30245810e-02
254 5 7.85398163e+00 4.38533506e-02
255 5 7.85398163e+00 4.30243518e-02
256 5 7.85398163e+00 4.45114643e-02
257 5 7.85398163e+00 4.27174391e-02
258 5 7.85398163e+00 4.25652868e-02
259 5 7.85398163e+00 4.37651194e-02
260 5 7.85398163e+00 4.47905938e-02
261 5 7.85398163e+00 4.32368303e-02
262 5 7.85398163e+00 4.34356648e-02
263 5 7.85398163e+00 4.08093487e-02
264 5 7.85398163e+00 4.17579425e-02
265 5 7.85398163e+00 4.50631586e-02
266 5 7.85398163e+00 4.07738513e-02
267 5 7.85398163e+00 4.53197745e-02
268 5 7.85398163e+00 4.13499270e-02
269 5 7.85398163e+00 4.36088348e-02
270 5 7.85398163e+00 4.06410046e-02
271 5 7.85398163e+00 4.41574829e-02
272 5 7.85398163e+00 4.23759704e-02
273 5 7.85398163e+00 4.19110470e-02
274 5 7.85398163e+00 4.34131931e-02
275 5 7.85398163e+00 4.34789350e-02
276 5 7.85398163e+00 4.40797996e-02
277 5 7.85398163e+00 4.20342246e-02
278 5 7.85398163e+00 4.70021826e-02
279 5 7.85398163e+00 4.34883409e-02
280 5 7.85398163e+00 4.47343188e-02
281 5 7.85398163e+00 4.23811540e-02
282 5 7.85398163e+00 4.48219249e-02
283 5 7.85398163e+00 4.52377144e-02
284 5 7.85398163e+00 4.17787764e-02
285 5 7.85398163e+00 4.22561027e-02
286 5 7.85398163e+00 4.17066690e-02
287 5 7.85398163e+00 4.14608348e-02
288 5 7.85398163e+00 4.55468736e-02
289 5 7.85398163e+00 4.25534508e-02
290 5 7.85398163e+00 4.40449594e-02
291 5 7.85398163e+00 4.31234102e-02
292 5 7.85398163e+00 4.30021970e-02
293 5 7.85398163e+00 4.54947798e-02
294 5 7.85398163e+00 4.48456012e-02
295 5 7.85398163e+00 4.53388475e-02
296 5 7.85398163e+00 4.42762879e-02
297 5 7.85398163e+00 4.17359706e-02
298 5 7.85398163e+00 4.35493872e-02
299 5 7.85398163e+00 4.11374147e-02
300 5 7.85398163e+00 4.69985477e-02
301 5 7.85398163e+00 4.10982508e-02
302 5 7.85398163e+00 4.10711582e-02
303 5 7.85398163e+00 4.13582972e-02
304 5 7.85398163e+00 4.30112595e-02
305 5 7.85398163e+00 3.98063644e-02
306 5 7.85398163e+00 4.16263284e-02
307 5 7.85398163e+00 4.38346964e-02
308 5 7.85398163e+00 4.25146997e-02
309 5 7.85398163e+00 4.49940588e-02
310 5 7.85398163e+00 4.33386111e-02
311 5 7.85398163e+00 3.96537179e-02
312 5 7.85398163e+00 4.42361467e-02
313 5 7.85398163e+00 4.01343469e-02
314 5 7.85398163e+00 4.31670854e-02
315 5 7.85398163e+00 4.28980972e-02
316 5 7.85398163e+00 4.28244039e-02
317 5 7.85398163e+00 4.30755903e-02
318 5 7.85398163e+00 4.11319405e-02
319 5 7.85398163e+00 4.26390013e-02
320 5 7.85398163e+00 4.54267762e-02
321 5 7.85398163e+00 4.35852098e-02
322 5 7.85398163e+00 4.50243022e-02
323 5 7.85398163e+00 4.53798644e-02
324 5 7.85398163e+00 4.39938173e-02
325 5 7.85398163e+00 4.46616062e-02
326 5 7.85398163e+00 4.27537327e-02
327 5 7.85398163e+00 4.38598699e-02
328 5 7.85398163e+00 4.27114118e-02
329 5 7.85398163e+00 4.30905520e-02
330 5 7.85398163e+00 4.34722523e-02
331 5 7.85398163e+00 4.56268215e-02
332 5 7.85398163e+00 4.48434939e-02
333 5 7.85398163e+00 4.31121462e-02
334 5 7.85398163e+00 4.39057280e-02
335 5 7.85398163e+00 4.35477296e-02
336 5 7.85398163e+00 4.16285890e-02
337 5 7.85398163e+00 4.41339369e-02
338 5 7.85398163e+00 4.22905113e-02
339 5 7.85398163e+00 4.29125995e-02
340 5 7.85398163e+00 4.39714179e-02
341 5 7.85398163e+00 4.11267475e-02
342 5 7.85398163e+00 4.17581305e-02
343 5 7.85398163e+00 4.37900745e-02
344 5 7.85398163e+00 4.02972148e-02
345 5 7.85398163e+00 4.42763843e-02
346 5 7.85398163e+00 4.14608903e-02
347 5 7.85398163e+00 4.07737464e-02
348 5 7.85398163e+00 4.00639643e-02
349 5 7.85398163e+00 4.26308814e-02
350 5 7.85398163e+00 4.48088160e-02
351 5 7.85398163e+00 4.42970271e-02
352 5 7.85398163e+00 4.13491147e-02
353 5 7.85398163e+00 4.20740161e-02
354 5 7.85398163e+00 4.51074740e-02
355 5 7.85398163e+00 4.38354258e-02
356 5 7.85398163e+00 4.50007282e-02
357 5 7.85398163e+00 4.66043777e-02
358 5 7.85398163e+00 4.22328698e-02
359 5 7.85398163e+00 4.15175228e-02
360 5 7.85398163e+00 4.60674676e-02
361 5 7.85398163e+00 4.47878905e-02
362 5 7.85398163e+00 4.38838589e-02
363 5 7.85398163e+00 4.77935966e-02
364 5 7.85398163e+00 4.36267543e-02
365 5 7.85398163e+00 4.33333110e-02
366 5 7.85398163e+00 4.42965482e-02
367 5 7.85398163e+00 4.34830784e-02
368 5 7.85398163e+00 4.07096627e-02
369 5 7.85398163e+00 4.44983142e-02
370 5 7.85398163e+00 4.37271595e-02
371 5 7.85398163e+00 4.24384669e-02
372 5 7.85398163e+00 4.54645913e-02
373 5 7.85398163e+00 4.40217218e-02
374 5 7.85398163e+00 4.23574989e-02
375 5 7.85398163e+00 4.14870967e-02
376 5 7.85398163e+00 4.31095984e-02
377 5 7.85398163e+00 4.32473542e-02
378 5 7.85398163e+00 4.45526061e-02
379 5 7.85398163e+00 4.65348963e-02
380 5 7.85398163e+00 4.39779876e-02
381 5 7.85398163e+00 4.45610765e-02
382 5 7.85398163e+00 4.33040328e-02
383 5 7.85398163e+00 4.15347387e-02
384 5 7.85398163e+00 4.50401738e-02
385 5 7.85398163e+00 4.39501877e-02
386 5 7.85398163e+00 4.11962674e-02
387 5 7.85398163e+00 4.31613761e-02
388 5 7.85398163e+00 4.27114124e-02
389 5 7.85398163e+00 4.42717398e-02
390 5 7.85398163e+00 4.41316361e-02
391 5 7.85398163e+00 4.25786544e-02
392 5 7.85398163e+00 4.18707325e-02
393 5 7.85398163e+00 4.36104650e-02
394 5 7.85398163e+00 4.38603030e-02
395 5 7.85398163e+00 4.39954503e-02
396 5 7.85398163e+00 4.10411687e-02
397 5 7.85398163e+00 4.23174993e-02
398 5 7.85398163e+00 4.24267443e-02
399 5 7.85398163e+00 4.53898164e-02
400 5 7.85398163e+00 4.35638418e-02
401 5 7.85398163e+00 4.02687748e-02
402 5 7.85398163e+00 4.38311426e-02
403 5 7.85398163e+00 4.46451774e-02
404 5 7.85398163e+00 4.03479862e-02
405 5 7.85398163e+00 4.08563068e-02
406 5 7.85398163e+00 4.18467985e-02
407 5 7.85398163e+00 4.39166980e-02
408 5 7.85398163e+00 4.54242185e-02
409 5 7.85398163e+00 4.18732931e-02
410 5 7.85398163e+00 4.32826328e-02
411 5 7.85398163e+00 4.26256754e-02
412 5 7.85398163e+00 4.37870549e-02
413 5 7.85398163e+00 4.20325764e-02
414 5 7.85398163e+00 4.36585443e-02
415 5 7.85398163e+00 4.37721405e-02
416 5 7.85398163e+00 4.38091984e-02
417 5 7.85398163e+00 4.02949526e-02
418 5 7.85398163e+00 4.29028871e-02
419 5 7.85398163e+00 4.33215110e-02
420 5 7.85398163e+00 4.53714313e-02
421 5 7.85398163e+00 4.26873052e-02
422 5 7.85398163e+00 4.44971794e-02
423 5 7.85398163e+00 4.26681581e-02
424 5 7.85398163e+00 4.44555247e-02
425 5 7.85398163e+00 4.35011843e-02
426 5 7.85398163e+00 4.19952395e-02
427 5 7.85398163e+00 4.34434108e-02
428 5 7.85398163e+00 4.26166389e-02
429 5 7.85398163e+00 4.62163435e-02
430 5 7.85398163e+00 4.62987418e-02
431 5 7.85398163e+00 4.14904239e-02
432 5 7.85398163e+00 4.38299540e-02
433 5 7.85398163e+00 3.93630548e-02
434 5 7.85398163e+00 4.27598535e-02
435 5 7.85398163e+00 4.45267390e-02
436 5 7.85398163e+00 4.48672233e-02
437 5 7.85398163e+00 4.23717442e-02
438 5 7.85398163e+00 4.57595509e-02
439 5 7.85398163e+00 4.32527574e-02
440 5 7.85398163e+00 4.17732276e-02
441 5 7.85398163e+00 4.38115521e-02
442 5 7.85398163e+00 4.01186869e-02
443 5 7.85398163e+00 4.11572782e-02
444 5 7.85398163e+00 4.33337368e-02
445 5 7.85398163e+00 4.57518900e-02
446 5 7.85398163e+00 4.39596179e-02
447 5 7.85398163e+00 4.18440745e-02
448 5 7.85398163e+00 4.47334373e-02
449 5 7.85398163e+00 4.64644895e-02
450 5 7.85398163e+00 4.51901675e-02
451 5 7.85398163e+00 4.32821144e-02
452 5 7.85398163e+00 4.41398765e-02
453 5 7.85398163e+00 4.42401382e-02
454 5 7.85398163e+00 4.35400676e-02
455 5 7.85398163e+00 4.29822604e-02
456 5 7.85398163e+00 4.58334458e-02
457 5 7.85398163e+00 4.22112694e-02
458 5 7.85398163e+00 4.57775683e-02
459 5 7.85398163e+00 4.05482843e-02
460 5 7.85398163e+00 4.15725205e-02
461 5 7.85398163e+00 4.56496049e-02
462 5 7.85398163e+00 4.10991261e-02
463 5 7.85398163e+00 4.42012411e-02
464 5 7.85398163e+00 4.23202168e-02
465 5 7.85398163e+00 4.49741444e-02
466 5 7.85398163e+00 4.23432236e-02
467 5 7.85398163e+00 4.25054716e-02
468 5 7.85398163e+00 4.40927943e-02
469 5 7.85398163e+00 4.29170832e-02
470 5 7.85398163e+00 4.23081023e-02
471 5 7.85398163e+00 4.27213441e-02
472 5 7.85398163e+00 4.39243134e-02
473 5 7.85398163e+00 4.58570683e-02
474 5 7.85398163e+00 4.33519385e-02
475 5 7.85398163e+00 4.33110245e-02
476 5 7.85398163e+00 4.45804053e-02
477 5 7.85398163e+00 4.38122257e-02
478 5 7.85398163e+00 4.73374109e-02
479 5 7.85398163e+00 4.28743519e-02
480 5 7.85398163e+00 4.43949559e-02
481 5 7.85398163e+00 4.22439600e-02
482 5 7.85398163e+00 4.23095111e-02
483 5 7.85398163e+00 4.42724944e-02
484 5 7.85398163e+00 4.13024082e-02
485 5 7.85398163e+00 4.19271531e-02
486 5 7.85398163e+00 4.33603628e-02
487 5 7.85398163e+00 4.32220408e-02
488 5 7.85398163e+00 4.16644631e-02
489 5 7.85398163e+00 4.42118195e-02
490 5 7.85398163e+00 4.59488864e-02
491 5 7.85398163e+00 4.30234789e-02
492 5 7.85398163e+00 4.28601884e-02
493 5 7.85398163e+00 4.29099230e-02
494 5 7.85398163e+00 4.27345639e-02
495 5 7.85398163e+00 4.23612033e-02
496 5 7.85398163e+00 4.23428106e-02
497 5 7.85398163e+00 4.28804663e-02
498 5 7.85398163e+00 4.15439630e-02
499 5 7.85398163e+00 4.40343634e-02
500 5 7.85398163e+00 4.20172137e-02
501 5 7.85398163e+00 4.57188848e-02
502 5 7.85398163e+00 4.38884971e-02
503 5 7.85398163e+00 4.49984471e-02
504 5 7.85398163e+00 4.33377902e-02
505 5 7.85398163e+00 4.49433648e-02
506 5 7.85398163e+00 4.46531613e-02
507 5 7.85398163e+00 4.42324790e-02
508 5 7.85398163e+00 4.38484050e-02
509 5 7.85398163e+00 4.16626065e-02
510 5 7.85398163e+00 4.26808488e-02
511 5 7.85398163e+00 4.38100916e-02
512 5 7.85398163e+00 4.37234218e-02
513 5 7.85398163e+00 4.19779746e-02
514 5 7.85398163e+00 4.46146910e-02
515 5 7.85398163e+00 4.52860208e-02
516 5 7.85398163e+00 4.13613027e-02
517 5 7.85398163e+00 4.24094298e-02
518 5 7.85398163e+00 4.62231454e-02
519 5 7.85398163e+00 4.57747782e-02
520 5 7.85398163e+00 4.50463761e-02
521 5 7.85398163e+00 4.17317197e-02
522 5 7.85398163e+00 4.15290166e-02
523 5 7.85398163e+00 4.30033693e-02
524 5 7.85398163e+00 4.31866699e-02
525 5 7.85398163e+00 4.47954184e-02
526 5 7.85398163e+00 4.58367655e-02
527 5 7.85398163e+00 4.53929436e-02
528 5 7.85398163e+00 4.37776536e-02
529 5 7.85398163e+00 4.31899173e-02
530 5 7.85398163e+00 4.45064448e-02
531 5 7.85398163e+00 4.29256521e-02
532 5 7.85398163e+00 4.06587896e-02
533 5 7.85398163e+00 4.50007548e-02
534 5 7.85398163e+00 4.33870553e-02
535 5 7.85398163e+00 4.30657177e-02
536 5 7.85398163e+00 4.27332769e-02
537 5 7.85398163e+00 4.38981848e-02
538 5 7.85398163e+00 4.21663626e-02
539 5 7.85398163e+00 3.96833937e-02
540 5 7.85398163e+00 4.19861511e-02
541 5 7.85398163e+00 4.30368776e-02
542 5 7.85398163e+00 4.60012118e-02
543 5 7.85398163e+00 4.18444825e-02
544 5 7.85398163e+00 4.19243460e-02
545 5 7.85398163e+00 4.32155976e-02
546 5 7.85398163e+00 4.41102609e-02
547 5 7.85398163e+00 4.27514707e-02
548 5 7.85398163e+00 4.03377623e-02
549 5 7.85398163e+00 4.35859239e-02
550 5 7.85398163e+00 4.49669566e-02
551 5 7.85398163e+00 4.52410818e-02
552 5 7.85398163e+00 4.35438179e-02
553 5 7.85398163e+00 4.38446972e-02
554 5 7.85398163e+00 4.37281273e-02
555 5 7.85398163e+00 4.13523123e-02
556 5 7.85398163e+00 4.38561030e-02
557 5 7.85398163e+00 4.51067479e-02
558 5 7.85398163e+00 4.26646712e-02
559 5 7.85398163e+00 4.40358389e-02
560 5 7.85398163e+00 4.25320115e-02
561 5 7.85398163e+00 4.11357219e-02
562 5 7.85398163e+00 4.25040741e-02
563 5 7.85398163e+00 4.29383203e-02
564 5 7.85398163e+00 4.19533555e-02
565 5 7.85398163e+00 4.38870692e-02
566 5 7.85398163e+00 4.58996759e-02
567 5 7.85398163e+00 4.46024331e-02
568 5 7.85398163e+00 4.29314966e-02
569 5 7.85398163e+00 4.61273750e-02
570 5 7.85398163e+00 4.31722995e-02
571 5 7.85398163e+00 4.22252501e-02
572 5 7.85398163e+00 4.25532592e-02
573 5 7.85398163e+00 4.30584348e-02
574 5 7.85398163e+00 4.45892838e-02
575 5 7.85398163e+00 4.35261001e-02
576 5 7.85398163e+00 4.14741332e-02
577 5 7.85398163e+00 4.40647276e-02
578 5 7.85398163e+00 4.46670655e-02
579 5 7.85398163e+00 4.39753397e-02
580 5 7.85398163e+00 4.37906920e-02
581 5 7.85398163e+00 4.49127841e-02
582 5 7.85398163e+00 4.47567715e-02
583 5 7.85398163e+00 4.40987375e-02
584 5 7.85398163e+00 4.22382990e-02
585 5 7.85398163e+00 4.37941375e-02
586 5 7.85398163e+00 4.47332544e-02
587 5 7.85398163e+00 4.19854819e-02
588 5 7.85398163e+00 4.16637586e-02
589 5 7.85398163e+00 4.51304747e-02
590 5 7.85398163e+00 4.29799206e-02
591 5 7.85398163e+00 4.47957389e-02
592 5 7.85398163e+00 4.38225356e-02
593 5 7.85398163e+00 4.37140924e-02
594 5 7.85398163e+00 4.40063533e-02
595 5 7.85398163e+00 4.11599570e-02
596 5 7.85398163e+00 4.45795519e-02
597 5 7.85398163e+00 4.31808285e-02
598 5 7.85398163e+00 4.37767892e-02
599 5 7.85398163e+00 4.25100891e-02
600 5 7.85398163e+00 4.47127611e-02
601 5 7.85398163e+00 4.20150549e-02
602 5 7.85398163e+00 4.33001907e-02
603 5 7.85398163e+00 4.14216679e-02
604 5 7.85398163e+00 4.26562915e-02
605 5 7.85398163e+00 3.97891291e-02
606 5 7.85398163e+00 4.46100755e-02
607 5 7.85398163e+00 4.48664955e-02
608 5 7.85398163e+00 4.54696397e-02
609 5 7.85398163e+00 4.06747074e-02
610 5 7.85398163e+00 4.25389365e-02
611 5 7.85398163e+00 4.37033684e-02
612 5 7.85398163e+00 4.36142362e-02
613 5 7.85398163e+00 4.39698025e-02
614 5 7.85398163e+00 4.43827120e-02
615 5 7.85398163e+00 4.31215553e-02
616 5 7.85398163e+00 4.54179516e-02
617 5 7.85398163e+00 4.16947134e-02
618 5 7.85398163e+00 4.46908230e-02
619 5 7.85398163e+00 4.49338043e-02
620 5 7.85398163e+00 4.48171005e-02
621 5 7.85398163e+00 4.34360551e-02
622 5 7.85398163e+00 4.19066023e-02
623 5 7.85398163e+00 4.55767523e-02
624 5 7.85398163e+00 4.15423205e-02
625 5 7.85398163e+00 4.27749770e-02
626 5 7.85398163e+00 4.14486872e-02
627 5 7.85398163e+00 4.21395959e-02
628 5 7.85398163e+00 4.32986513e-02
629 5 7.85398163e+00 4.40395789e-02
630 5 7.85398163e+00 4.41652000e-02
631 5 7.85398163e+00 4.29182719e-02
632 5 7.85398163e+00 4.11643457e-02
633 5 7.85398163e+00 4.26418492e-02
634 5 7.85398163e+00 4.18689652e-02
635 5 7.85398163e+00 4.20927037e-02
636 5 7.85398163e+00 4.23305093e-02
637 5 7.85398163e+00 4.39040549e-02
638 5 7.85398163e+00 4.10042783e-02
639 5 7.85398163e+00 4.00848530e-02
640 5 7.85398163e+00 4.55484058e-02
641 5 7.85398163e+00 4.47792122e-02
642 5 7.85398163e+00 4.26673743e-02
643 5 7.85398163e+00 4.23683454e-02
644 5 7.85398163e+00 4.28647670e-02
645 5 7.85398163e+00 4.26632107e-02
646 5 7.85398163e+00 4.35003206e-02
647 5 7.85398163e+00 4.31138978e-02
648 5 7.85398163e+00 4.11026701e-02
649 5 7.85398163e+00 4.22293790e-02
650 5 7.85398163e+00 4.39877933e-02
651 5 7.85398163e+00 4.54702771e-02
652 5 7.85398163e+00 4.57104335e-02
653 5 7.85398163e+00 4.29508134e-02
654 5 7.85398163e+00 4.24422625e-02
655 5 7.85398163e+00 4.66978613e-02
656 5 7.85398163e+00 4.42249584e-02
657 5 7.85398163e+00 4.08189937e-02
658 5 7.85398163e+00 4.30975296e-02
659 5 7.85398163e+00 4.48580942e-02
660 5 7.85398163e+00 4.26583584e-02
661 5 7.85398163e+00 4.21105253e-02
662 5 7.85398163e+00 4.54219891e-02
663 5 7.85398163e+00 4.23678010e-02
664 5 7.85398163e+00 4.32167289e-02
665 5 7.85398163e+00 4.39172799e-02
666 5 7.85398163e+00 4.67537338e-02
667 5 7.85398163e+00 4.47681749e-02
668 5 7.85398163e+00 4.37172832e-02
669 5 7.85398163e+00 4.18474992e-02
670 5 7.85398163e+00 4.32593455e-02
671 5 7.85398163e+00 4.38904064e-02
672 5 7.85398163e+00 4.40817703e-02
673 5 7.85398163e+00 4.54473648e-02
674 5 7.85398163e+00 4.31318461e-02
675 5 7.85398163e+00 4.01182738e-02
676 5 7.85398163e+00 4.47757222e-02
677 5 7.85398163e+00 4.47895325e-02
678 5 7.85398163e+00 4.37440364e-02
679 5 7.85398163e+00 4.34239894e-02
680 5 7.85398163e+00 4.38534130e-02
681 5 7.85398163e+00 4.39337661e-02
682 5 7.85398163e+00 4.25066313e-02
683 5 7.85398163e+00 4.47208752e-02
684 5 7.85398163e+00 4.31448040e-02
685 5 7.85398163e+00 4.38452928e-02
686 5 7.85398163e+00 4.20634961e-02
687 5 7.85398163e+00 4.24285787e-02
688 5 7.85398163e+00 4.43696606e-02
689 5 7.85398163e+00 4.43654122e-02
690 5 7.85398163e+00 4.30752698e-02
691 5 7.85398163e+00 4.25779476e-02
692 5 7.85398163e+00 4.38435223e-02
693 5 7.85398163e+00 4.25407308e-02
694 5 7.85398163e+00 4.15037426e-02
695 5 7.85398163e+00 4.10594370e-02
696 5 7.85398163e+00 4.36190363e-02
697 5 7.85398163e+00 4.37802527e-02
698 5 7.85398163e+00 4.35670616e-02
699 5 7.85398163e+00 4.54600180e-02
700 5 7.85398163e+00 4.33846798e-02
701 5 7.85398163e+00 4.25906375e-02
702 5 7.85398163e+00 4.44661186e-02
703 5 7.85398163e+00 4.20420257e-02
704 5 7.85398163e+00 4.42767316e-02
705 5 7.85398163e+00 4.17517843e-02
706 5 7.85398163e+00 4.24193909e-02
707 5 7.85398163e+00 4.35809454e-02
708 5 7.85398163e+00 4.23840792e-02
709 5 7.85398163e+00 4.38024362e-02
710 5 7.85398163e+00 4.22724159e-02
711 5 7.85398163e+00 4.41984976e-02
712 5 7.85398163e+00 4.20820871e-02
713 5 7.85398163e+00 4.22267451e-02
714 5 7.85398163e+00 4.24363628e-02
715 5 7.85398163e+00 4.36137828e-02
716 5 7.85398163e+00 4.34635218e-02
717 5 7.85398163e+00 4.44165499e-02
718 5 7.85398163e+00 4.38663193e-02
719 5 7.85398163e+00 4.43135718e-02
720 5 7.85398163e+00 4.38090690e-02
721 5 7.85398163e+00 4.39205414e-02
722 5 7.85398163e+00 4.48972740e-02
723 5 7.85398163e+00 4.44542844e-02
724 5 7.85398163e+00 3.89648162e-02
725 5 7.85398163e+00 4.24397462e-02
726 5 7.85398163e+00 4.00666944e-02
727 5 7.85398163e+00 4.54543290e-02
728 5 7.85398163e+00 4.38970901e-02
729 5 7.85398163e+00 4.42112866e-02
730 5 7.85398163e+00 4.12901936e-02
731 5 7.85398163e+00 4.31696740e-02
732 5 7.85398163e+00 4.19331586e-02
733 5 7.85398163e+00 4.33354855e-02
734 5 7.85398163e+00 4.57616256e-02
735 5 7.85398163e+00 4.49628530e-02
736 5 7.85398163e+00 4.26268847e-02
737 5 7.85398163e+00 4.44674532e-02
738 5 7.85398163e+00 4.33236559e-02
739 5 7.85398163e+00 4.29954366e-02
740 5 7.85398163e+00 4.33676302e-02
741 5 7.85398163e+00 4.32819268e-02
742 5 7.85398163e+00 4.29887262e-02
743 5 7.85398163e+00 4.18215391e-02
744 5 7.85398163e+00 4.01504976e-02
745 5 7.85398163e+00 4.28332982e-02
746 5 7.85398163e+00 4.19073220e-02
747 5 7.85398163e+00 4.21581099e-02
748 5 7.85398163e+00 4.43352336e-02
749 5 7.85398163e+00 4.23024676e-02
750 5 7.85398163e+00 4.37340026e-02
751 5 7.85398163e+00 4.26952935e-02
752 5 7.85398163e+00 4.06108590e-02
753 5 7.85398163e+00 4.15448940e-02
754 5 7.85398163e+00 4.35986076e-02
755 5 7.85398163e+00 4.35908263e-02
756 5 7.85398163e+00 4.09344862e-02
757 5 7.85398163e+00 4.41572377e-02
758 5 7.85398163e+00 4.33009069e-02
759 5 7.85398163e+00 4.14806774e-02
760 5 7.85398163e+00 4.32009038e-02
761 5 7.85398163e+00 4.37308343e-02
762 5 7.85398163e+00 4.04045231e-02
763 5 7.85398163e+00 4.13479820e-02
764 5 7.85398163e+00 4.39357650e-02
765 5 7.85398163e+00 4.15105621e-02
766 5 7.85398163e+00 4.42395342e-02
767 5 7.85398163e+00 4.46393164e-02
768 5 7.85398163e+00 4.66552024e-02
769 5 7.85398163e+00 4.20834245e-02
770 5 7.85398163e+00 4.43896643e-02
771 5 7.85398163e+00 4.41584942e-02
772 5 7.85398163e+00 4.41245533e-02
773 5 7.85398163e+00 4.48870746e-02
774 5 7.85398163e+00 4.46123256e-02
775 5 7.85398163e+00 4.20299961e-02
776 5 7.85398163e+00 4.27807460e-02
777 5 7.85398163e+00 4.12524413e-02
778 5 7.85398163e+00 4.26609285e-02
779 5 7.85398163e+00 4.30275081e-02
780 5 7.85398163e+00 4.27885733e-02
781 5 7.85398163e+00 4.30208804e-02
782 5 7.85398163e+00 4.34384494e-02
783 5 7.85398163e+00 4.40479966e-02
784 5 7.85398163e+00 4.55243258e-02
785 5 7.85398163e+00 4.26474979e-02
786 5 7.85398163e+00 4.07364990e-02
787 5 7.85398163e+00 4.52956032e-02
788 5 7.85398163e+00 4.44182395e-02
789 5 7.85398163e+00 4.14505501e-02
790 5 7.85398163e+00 4.33932327e-02
791 5 7.85398163e+00 4.27109265e-02
792 5 7.85398163e+00 4.08600308e-02
793 5 7.85398163e+00 4.10619941e-02
794 5 7.85398163e+00 4.30410439e-02
795 5 7.85398163e+00 4.60448804e-02
796 5 7.85398163e+00 4.65224015e-02
797 5 7.85398163e+00 4.39380026e-02
798 5 7.85398163e+00 4.46545661e-02
799 5 7.85398163e+00 4.11148237e-02
800 5 7.85398163e+00 4.18578512e-02
801 5 7.85398163e+00 4.68552319e-02
802 5 7.85398163e+00 4.25048318e-02
803 5 7.85398163e+00 4.54734734e-02
804 5 7.85398163e+00 4.29571024e-02
805 5 7.85398163e+00 4.59192266e-02
806 5 7.85398163e+00 4.56135689e-02
807 5 7.85398163e+00 4.32046341e-02
808 5 7.85398163e+00 4.31122278e-02
809 5 7.85398163e+00 4.41859211e-02
810 5 7.85398163e+00 4.32286212e-02
811 5 7.85398163e+00 4.35350947e-02
812 5 7.85398163e+00 4.41566250e-02
813 5 7.85398163e+00 4.40471540e-02
814 5 7.85398163e+00 4.19077527e-02
815 5 7.85398163e+00 4.14844350e-02
816 5 7.85398163e+00 4.02162902e-02
817 5 7.85398163e+00 4.34647593e-02
818 5 7.85398163e+00 4.34502774e-02
819 5 7.85398163e+00 4.41908533e-02
820 5 7.85398163e+00 4.34107895e-02
821 5 7.85398163e+00 4.44167092e-02
822 5 7.85398163e+00 4.48188646e-02
823 5 7.85398163e+00 4.51081018e-02
824 5 7.85398163e+00 4.09650290e-02
825 5 7.85398163e+00 4.20057694e-02
826 5 7.85398163e+00 4.28676003e-02
827 5 7.85398163e+00 4.48002756e-02
828 5 7.85398163e+00 4.41086768e-02
829 5 7.85398163e+00 4.49065948e-02
830 5 7.85398163e+00 4.48896559e-02
831 5 7.85398163e+00 4.51235013e-02
832 5 7.85398163e+00 4.38245140e-02
833 5 7.85398163e+00 4.47579824e-02
834 5 7.85398163e+00 4.27743463e-02
835 5 7.85398163e+00 4.24255979e-02
836 5 7.85398163e+00 4.20999557e-02
837 5 7.85398163e+00 4.43057247e-02
838 5 7.85398163e+00 4.40539524e-02
839 5 7.85398163e+00 4.08840834e-02
840 5 7.85398163e+00 4.51346683e-02
841 5 7.85398163e+00 4.12670760e-02
842 5 7.85398163e+00 4.22815516e-02
843 5 7.85398163e+00 4.24924057e-02
844 5 7.85398163e+00 4.37610247e-02
845 5 7.85398163e+00 4.73539674e-02
846 5 7.85398163e+00 4.28993351e-02
847 5 7.85398163e+00 4.15163141e-02
848 5 7.85398163e+00 4.37317358e-02
849 5 7.85398163e+00 4.50898540e-02
850 5 7.85398163e+00 4.47437350e-02
851 5 7.85398163e+00 4.33236428e-02
852 5 7.85398163e+00 4.26931097e-02
853 5 7.85398163e+00 4.54606194e-02
854 5 7.85398163e+00 4.42002166e-02
855 5 7.85398163e+00 4.15050279e-02
856 5 7.85398163e+00 4.55293853e-02
857 5 7.85398163e+00 4.29743789e-02
858 5 7.85398163e+00 4.28901415e-02
859 5 7.85398163e+00 4.25628544e-02
860 5 7.85398163e+00 4.20594850e-02
861 5 7.85398163e+00 4.18671426e-02
862 5 7.85398163e+00 4.31949039e-02
863 5 7.85398163e+00 4.47583042e-02
864 5 7.85398163e+00 4.36510751e-02
865 5 7.85398163e+00 4.33484353e-02
866 5 7.85398163e+00 4.62320054e-02
867 5 7.85398163e+00 4.30536071e-02
868 5 7.85398163e+00 4.32024314e-02
869 5 7.85398163e+00 4.47112491e-02
870 5 7.85398163e+00 4.32065598e-02
871 5 7.85398163e+00 4.10698542e-02
872 5 7.85398163e+00 4.34972216e-02
873 5 7.85398163e+00 4.16330218e-02
874 5 7.85398163e+00 4.54027215e-02
875 5 7.85398163e+00 4.35286924e-02
876 5 7.85398163e+00 4.56918305e-02
877 5 7.85398163e+00 4.21419148e-02
878 5 7.85398163e+00 4.36055889e-02
879 5 7.85398163e+00 4.25815626e-02
880 5 7.85398163e+00 4.30517975e-02
881 5 7.85398163e+00 4.45701545e-02
882 5 7.85398163e+00 4.19010543e-02
883 5 7.85398163e+00 4.51649516e-02
884 5 7.85398163e+00 4.31531932e-02
885 5 7.85398163e+00 4.33015770e-02
886 5 7.85398163e+00 4.22042999e-02
887 5 7.85398163e+00 4.35977145e-02
888 5 7.85398163e+00 4.46606944e-02
889 5 7.85398163e+00 4.43285758e-02
890 5 7.85398163e+00 4.28994543e-02
891 5 7.85398163e+00 4.26359973e-02
892 5 7.85398163e+00 4.30848026e-02
893 5 7.85398163e+00 4.05682676e-02
894 5 7.85398163e+00 4.45119070e-02
895 5 7.85398163e+00 4.17353052e-02
896 5 7.85398163e+00 4.39642651e-02
897 5 7.85398163e+00 4.58354070e-02
898 5 7.85398163e+00 4.35004871e-02
899 5 7.85398163e+00 4.22915178e-02
