a09m310 Wilson3 pz1 0.0888fm zmax10
config z nu=p.z RpITD
0 1 1.96349541e-01 2.46008028e-01
1 1 1.96349541e-01 2.44902794e-01
2 1 1.96349541e-01 2.44763905e-01
3 1 1.96349541e-01 2.45032129e-01
4 1 1.96349541e-01 2.45407805e-01
5 1 1.96349541e-01 2.45282265e-01
6 1 1.96349541e-01 2.44288303e-01
7 1 1.96349541e-01 2.45176759e-01
8 1 1.96349541e-01 2.45140384e-01
9 1 1.96349541e-01 2.45355757e-01
10 1 1.96349541e-01 2.45775407e-01
11 1 1.96349541e-01 2.44893356e-01
12 1 1.96349541e-01 2.45523796e-01
13 1 1.96349541e-01 2.45029948e-01
14 1 1.96349541e-01 2.44067119e-01
15 1 1.96349541e-01 2.45570226e-01
16 1 1.96349541e-01 2.43944917e-01
17 1 1.96349541e-01 2.44821531e-01
18 1 1.96349541e-01 2.45394015e-01
19 1 1.96349541e-01 2.44967069e-01
20 1 1.96349541e-01 2.45153138e-01
21 1 1.96349541e-01 2.45201487e-01
22 1 1.96349541e-01 2.44734075e-01
23 1 1.96349541e-01 2.45199072e-01
24 1 1.96349541e-01 2.44878147e-01
25 1 1.96349541e-01 2.45392764e-01
26 1 1.96349541e-01 2.44470173e-01
27 1 1.96349541e-01 2.44939436e-01
28 1 1.96349541e-01 2.46068305e-01
29 1 1.96349541e-01 2.44991274e-01
30 1 1.96349541e-01 2.44924599e-01
31 1 1.96349541e-01 2.44655550e-01
32 1 1.96349541e-01 2.45669937e-01
33 1 1.96349541e-01 2.44399017e-01
34 1 1.96349541e-01 2.44755795e-01
35 1 1.96349541e-01 2.44792100e-01
36 1 1.96349541e-01 2.44768695e-01
37 1 1.96349541e-01 2.44782016e-01
38 1 1.96349541e-01 2.45041107e-01
39 1 1.96349541e-01 2.45968898e-01
40 1 1.96349541e-01 2.46032569e-01
41 1 1.96349541e-01 2.45635771e-01
42 1 1.96349541e-01 2.45930076e-01
43 1 1.96349541e-01 2.44890097e-01
44 1 1.96349541e-01 2.46229979e-01
45 1 1.96349541e-01 2.45234832e-01
46 1 1.96349541e-01 2.46363922e-01
47 1 1.96349541e-01 2.46504705e-01
48 1 1.96349541e-01 2.45479299e-01
49 1 1.96349541e-01 2.44554123e-01
50 1 1.96349541e-01 2.46553619e-01
51 1 1.96349541e-01 2.45804055e-01
52 1 1.96349541e-01 2.45734180e-01
53 1 1.96349541e-01 2.45282454e-01
54 1 1.96349541e-01 2.44600552e-01
55 1 1.96349541e-01 2.45770762e-01
56 1 1.96349541e-01 2.45458599e-01
57 1 1.96349541e-01 2.44976802e-01
58 1 1.96349541e-01 2.44670854e-01
59 1 1.96349541e-01 2.44715851e-01
60 1 1.96349541e-01 2.45480919e-01
61 1 1.96349541e-01 2.45645737e-01
62 1 1.96349541e-01 2.44104442e-01
63 1 1.96349541e-01 2.44399776e-01
64 1 1.96349541e-01 2.45521829e-01
65 1 1.96349541e-01 2.46077979e-01
66 1 1.96349541e-01 2.45321876e-01
67 1 1.96349541e-01 2.45888797e-01
68 1 1.96349541e-01 2.45023416e-01
69 1 1.96349541e-01 2.45285556e-01
70 1 1.96349541e-01 2.46378261e-01
71 1 1.96349541e-01 2.45702015e-01
72 1 1.96349541e-01 2.45006176e-01
73 1 1.96349541e-01 2.44512140e-01
74 1 1.96349541e-01 2.44759450e-01
75 1 1.96349541e-01 2.45660289e-01
76 1 1.96349541e-01 2.45404611e-01
77 1 1.96349541e-01 2.45882026e-01
78 1 1.96349541e-01 2.46251776e-01
79 1 1.96349541e-01 2.44829838e-01
80 1 1.96349541e-01 2.44457370e-01
81 1 1.96349541e-01 2.44390526e-01
82 1 1.96349541e-01 2.44116080e-01
83 1 1.96349541e-01 2.45726435e-01
84 1 1.96349541e-01 2.45147021e-01
85 1 1.96349541e-01 2.45119304e-01
86 1 1.96349541e-01 2.44351392e-01
87 1 1.96349541e-01 2.45393380e-01
88 1 1.96349541e-01 2.45878811e-01
89 1 1.96349541e-01 2.45012379e-01
90 1 1.96349541e-01 2.45654922e-01
91 1 1.96349541e-01 2.43968166e-01
92 1 1.96349541e-01 2.46512658e-01
93 1 1.96349541e-01 2.46114765e-01
94 1 1.96349541e-01 2.45367959e-01
95 1 1.96349541e-01 2.45878780e-01
96 1 1.96349541e-01 2.46265327e-01
97 1 1.96349541e-01 2.44442671e-01
98 1 1.96349541e-01 2.43946556e-01
99 1 1.96349541e-01 2.43713374e-01
100 1 1.96349541e-01 2.44479416e-01
101 1 1.96349541e-01 2.45413397e-01
102 1 1.96349541e-01 2.44893748e-01
103 1 1.96349541e-01 2.45232820e-01
104 1 1.96349541e-01 2.44471724e-01
105 1 1.96349541e-01 2.44751119e-01
106 1 1.96349541e-01 2.44545207e-01
107 1 1.96349541e-01 2.44130721e-01
108 1 1.96349541e-01 2.46526460e-01
109 1 1.96349541e-01 2.45491178e-01
110 1 1.96349541e-01 2.44307651e-01
111 1 1.96349541e-01 2.45143295e-01
112 1 1.96349541e-01 2.45497336e-01
113 1 1.96349541e-01 2.44231648e-01
114 1 1.96349541e-01 2.45261548e-01
115 1 1.96349541e-01 2.45093365e-01
116 1 1.96349541e-01 2.45155321e-01
117 1 1.96349541e-01 2.45640234e-01
118 1 1.96349541e-01 2.44833197e-01
119 1 1.96349541e-01 2.46061404e-01
120 1 1.96349541e-01 2.44741135e-01
121 1 1.96349541e-01 2.45136859e-01
122 1 1.96349541e-01 2.45644936e-01
123 1 1.96349541e-01 2.45088683e-01
124 1 1.96349541e-01 2.45669693e-01
125 1 1.96349541e-01 2.45985100e-01
126 1 1.96349541e-01 2.44581989e-01
127 1 1.96349541e-01 2.45664842e-01
128 1 1.96349541e-01 2.45742268e-01
129 1 1.96349541e-01 2.44581519e-01
130 1 1.96349541e-01 2.44871692e-01
131 1 1.96349541e-01 2.45210486e-01
132 1 1.96349541e-01 2.45275448e-01
133 1 1.96349541e-01 2.45434756e-01
134 1 1.96349541e-01 2.44397472e-01
135 1 1.96349541e-01 2.46326812e-01
136 1 1.96349541e-01 2.44597790e-01
137 1 1.96349541e-01 2.44834999e-01
138 1 1.96349541e-01 2.46179363e-01
139 1 1.96349541e-01 2.45784947e-01
140 1 1.96349541e-01 2.45998252e-01
141 1 1.96349541e-01 2.45429051e-01
142 1 1.96349541e-01 2.45453327e-01
143 1 1.96349541e-01 2.45119211e-01
144 1 1.96349541e-01 2.46192600e-01
145 1 1.96349541e-01 2.45592616e-01
146 1 1.96349541e-01 2.45691628e-01
147 1 1.96349541e-01 2.46439051e-01
148 1 1.96349541e-01 2.44939267e-01
149 1 1.96349541e-01 2.44854538e-01
150 1 1.96349541e-01 2.45151749e-01
151 1 1.96349541e-01 2.45325709e-01
152 1 1.96349541e-01 2.46782060e-01
153 1 1.96349541e-01 2.45199090e-01
154 1 1.96349541e-01 2.44388478e-01
155 1 1.96349541e-01 2.45238852e-01
156 1 1.96349541e-01 2.45891223e-01
157 1 1.96349541e-01 2.45128256e-01
158 1 1.96349541e-01 2.45625565e-01
159 1 1.96349541e-01 2.44966629e-01
160 1 1.96349541e-01 2.44646798e-01
161 1 1.96349541e-01 2.45144647e-01
162 1 1.96349541e-01 2.46008420e-01
163 1 1.96349541e-01 2.46244830e-01
164 1 1.96349541e-01 2.45327900e-01
165 1 1.96349541e-01 2.44981454e-01
166 1 1.96349541e-01 2.44858590e-01
167 1 1.96349541e-01 2.46318682e-01
168 1 1.96349541e-01 2.45140470e-01
169 1 1.96349541e-01 2.45057274e-01
170 1 1.96349541e-01 2.44615566e-01
171 1 1.96349541e-01 2.46451333e-01
172 1 1.96349541e-01 2.45706835e-01
173 1 1.96349541e-01 2.45031587e-01
174 1 1.96349541e-01 2.46066001e-01
175 1 1.96349541e-01 2.44711692e-01
176 1 1.96349541e-01 2.45308359e-01
177 1 1.96349541e-01 2.45727444e-01
178 1 1.96349541e-01 2.45990482e-01
179 1 1.96349541e-01 2.46390082e-01
180 1 1.96349541e-01 2.44094457e-01
181 1 1.96349541e-01 2.44740031e-01
182 1 1.96349541e-01 2.45227458e-01
183 1 1.96349541e-01 2.44843950e-01
184 1 1.96349541e-01 2.44347960e-01
185 1 1.96349541e-01 2.45240722e-01
186 1 1.96349541e-01 2.44739897e-01
187 1 1.96349541e-01 2.44688364e-01
188 1 1.96349541e-01 2.44487396e-01
189 1 1.96349541e-01 2.45361726e-01
190 1 1.96349541e-01 2.44828048e-01
191 1 1.96349541e-01 2.45550236e-01
192 1 1.96349541e-01 2.45610267e-01
193 1 1.96349541e-01 2.44730035e-01
194 1 1.96349541e-01 2.44391514e-01
195 1 1.96349541e-01 2.43527852e-01
196 1 1.96349541e-01 2.45796334e-01
197 1 1.96349541e-01 2.45501196e-01
198 1 1.96349541e-01 2.45924469e-01
199 1 1.96349541e-01 2.45211088e-01
200 1 1.96349541e-01 2.45381655e-01
201 1 1.96349541e-01 2.45028881e-01
202 1 1.96349541e-01 2.45333865e-01
203 1 1.96349541e-01 2.45084367e-01
204 1 1.96349541e-01 2.45199999e-01
205 1 1.96349541e-01 2.46228564e-01
206 1 1.96349541e-01 2.45101234e-01
207 1 1.96349541e-01 2.44756426e-01
208 1 1.96349541e-01 2.44687074e-01
209 1 1.96349541e-01 2.45017109e-01
210 1 1.96349541e-01 2.45193197e-01
211 1 1.96349541e-01 2.44905155e-01
212 1 1.96349541e-01 2.44940930e-01
213 1 1.96349541e-01 2.44575279e-01
214 1 1.96349541e-01 2.45576233e-01
215 1 1.96349541e-01 2.44815804e-01
216 1 1.96349541e-01 2.45973855e-01
217 1 1.96349541e-01 2.45009515e-01
218 1 1.96349541e-01 2.46020827e-01
219 1 1.96349541e-01 2.45902854e-01
220 1 1.96349541e-01 2.46725758e-01
221 1 1.96349541e-01 2.44078632e-01
222 1 1.96349541e-01 2.46251529e-01
223 1 1.96349541e-01 2.46029102e-01
224 1 1.96349541e-01 2.44118903e-01
225 1 1.96349541e-01 2.44406550e-01
226 1 1.96349541e-01 2.45550255e-01
227 1 1.96349541e-01 2.45545897e-01
228 1 1.96349541e-01 2.44597032e-01
229 1 1.96349541e-01 2.46266291e-01
230 1 1.96349541e-01 2.44218173e-01
231 1 1.96349541e-01 2.43463278e-01
232 1 1.96349541e-01 2.45057516e-01
233 1 1.96349541e-01 2.45047366e-01
234 1 1.96349541e-01 2.44865200e-01
235 1 1.96349541e-01 2.44915117e-01
236 1 1.96349541e-01 2.45349884e-01
237 1 1.96349541e-01 2.45513042e-01
238 1 1.96349541e-01 2.43814138e-01
239 1 1.96349541e-01 2.44504187e-01
240 1 1.96349541e-01 2.45175744e-01
241 1 1.96349541e-01 2.44374466e-01
242 1 1.96349541e-01 2.45840005e-01
243 1 1.96349541e-01 2.46111493e-01
244 1 1.96349541e-01 2.44988741e-01
245 1 1.96349541e-01 2.45404223e-01
246 1 1.96349541e-01 2.44682265e-01
247 1 1.96349541e-01 2.44480503e-01
248 1 1.96349541e-01 2.44907827e-01
249 1 1.96349541e-01 2.45462292e-01
250 1 1.96349541e-01 2.45981843e-01
251 1 1.96349541e-01 2.45372022e-01
252 1 1.96349541e-01 2.44695387e-01
253 1 1.96349541e-01 2.44647547e-01
254 1 1.96349541e-01 2.46164804e-01
255 1 1.96349541e-01 2.44940615e-01
256 1 1.96349541e-01 2.44775065e-01
257 1 1.96349541e-01 2.44040828e-01
258 1 1.96349541e-01 2.45594975e-01
259 1 1.96349541e-01 2.46418071e-01
260 1 1.96349541e-01 2.45269301e-01
261 1 1.96349541e-01 2.45645671e-01
262 1 1.96349541e-01 2.44441106e-01
263 1 1.96349541e-01 2.47317272e-01
264 1 1.96349541e-01 2.46405072e-01
265 1 1.96349541e-01 2.45782931e-01
266 1 1.96349541e-01 2.44679710e-01
267 1 1.96349541e-01 2.44129832e-01
268 1 1.96349541e-01 2.45428544e-01
269 1 1.96349541e-01 2.46054740e-01
270 1 1.96349541e-01 2.44963274e-01
271 1 1.96349541e-01 2.45265789e-01
272 1 1.96349541e-01 2.45461027e-01
273 1 1.96349541e-01 2.45910209e-01
274 1 1.96349541e-01 2.44743523e-01
275 1 1.96349541e-01 2.45401891e-01
276 1 1.96349541e-01 2.46117333e-01
277 1 1.96349541e-01 2.46153854e-01
278 1 1.96349541e-01 2.44410418e-01
279 1 1.96349541e-01 2.44443603e-01
280 1 1.96349541e-01 2.45238127e-01
281 1 1.96349541e-01 2.45788661e-01
282 1 1.96349541e-01 2.45114118e-01
283 1 1.96349541e-01 2.44652003e-01
284 1 1.96349541e-01 2.45057585e-01
285 1 1.96349541e-01 2.45686389e-01
286 1 1.96349541e-01 2.47022271e-01
287 1 1.96349541e-01 2.43828950e-01
288 1 1.96349541e-01 2.45944479e-01
289 1 1.96349541e-01 2.44200262e-01
290 1 1.96349541e-01 2.46224274e-01
291 1 1.96349541e-01 2.44855348e-01
292 1 1.96349541e-01 2.46281616e-01
293 1 1.96349541e-01 2.45597050e-01
294 1 1.96349541e-01 2.46556942e-01
295 1 1.96349541e-01 2.46295553e-01
296 1 1.96349541e-01 2.45688699e-01
297 1 1.96349541e-01 2.45421515e-01
298 1 1.96349541e-01 2.46156476e-01
299 1 1.96349541e-01 2.45117865e-01
300 1 1.96349541e-01 2.44104721e-01
301 1 1.96349541e-01 2.45076093e-01
302 1 1.96349541e-01 2.45303187e-01
303 1 1.96349541e-01 2.44852119e-01
304 1 1.96349541e-01 2.44664976e-01
305 1 1.96349541e-01 2.44593858e-01
306 1 1.96349541e-01 2.44418623e-01
307 1 1.96349541e-01 2.44518240e-01
308 1 1.96349541e-01 2.44878197e-01
309 1 1.96349541e-01 2.44917044e-01
310 1 1.96349541e-01 2.45874173e-01
311 1 1.96349541e-01 2.45178805e-01
312 1 1.96349541e-01 2.46273473e-01
313 1 1.96349541e-01 2.44855626e-01
314 1 1.96349541e-01 2.45436042e-01
315 1 1.96349541e-01 2.45164092e-01
316 1 1.96349541e-01 2.45674803e-01
317 1 1.96349541e-01 2.45098489e-01
318 1 1.96349541e-01 2.44755982e-01
319 1 1.96349541e-01 2.45430268e-01
320 1 1.96349541e-01 2.44780263e-01
321 1 1.96349541e-01 2.45280654e-01
322 1 1.96349541e-01 2.45363047e-01
323 1 1.96349541e-01 2.44212768e-01
324 1 1.96349541e-01 2.45658857e-01
325 1 1.96349541e-01 2.44280803e-01
326 1 1.96349541e-01 2.46405495e-01
327 1 1.96349541e-01 2.44322126e-01
328 1 1.96349541e-01 2.44442365e-01
329 1 1.96349541e-01 2.46009323e-01
330 1 1.96349541e-01 2.45365008e-01
331 1 1.96349541e-01 2.44445500e-01
332 1 1.96349541e-01 2.44816756e-01
333 1 1.96349541e-01 2.45933493e-01
334 1 1.96349541e-01 2.45319959e-01
335 1 1.96349541e-01 2.45360124e-01
336 1 1.96349541e-01 2.44543861e-01
337 1 1.96349541e-01 2.45543956e-01
338 1 1.96349541e-01 2.45972813e-01
339 1 1.96349541e-01 2.45388165e-01
340 1 1.96349541e-01 2.45648497e-01
341 1 1.96349541e-01 2.45197409e-01
342 1 1.96349541e-01 2.45180259e-01
343 1 1.96349541e-01 2.44921445e-01
344 1 1.96349541e-01 2.44866298e-01
345 1 1.96349541e-01 2.45505920e-01
346 1 1.96349541e-01 2.45245162e-01
347 1 1.96349541e-01 2.46602733e-01
348 1 1.96349541e-01 2.45856484e-01
349 1 1.96349541e-01 2.43888672e-01
350 1 1.96349541e-01 2.45196566e-01
351 1 1.96349541e-01 2.45252998e-01
352 1 1.96349541e-01 2.44829343e-01
353 1 1.96349541e-01 2.46643666e-01
354 1 1.96349541e-01 2.45439535e-01
355 1 1.96349541e-01 2.45224346e-01
356 1 1.96349541e-01 2.44984235e-01
357 1 1.96349541e-01 2.44992845e-01
358 1 1.96349541e-01 2.45152517e-01
359 1 1.96349541e-01 2.44795927e-01
360 1 1.96349541e-01 2.45174334e-01
361 1 1.96349541e-01 2.44643561e-01
362 1 1.96349541e-01 2.45818014e-01
363 1 1.96349541e-01 2.44065123e-01
364 1 1.96349541e-01 2.45536901e-01
365 1 1.96349541e-01 2.45208489e-01
366 1 1.96349541e-01 2.44911662e-01
367 1 1.96349541e-01 2.45760168e-01
368 1 1.96349541e-01 2.44672132e-01
369 1 1.96349541e-01 2.44069989e-01
370 1 1.96349541e-01 2.44837432e-01
371 1 1.96349541e-01 2.44295089e-01
372 1 1.96349541e-01 2.44460987e-01
373 1 1.96349541e-01 2.45255674e-01
374 1 1.96349541e-01 2.45502217e-01
375 1 1.96349541e-01 2.44268360e-01
376 1 1.96349541e-01 2.44444403e-01
377 1 1.96349541e-01 2.44638710e-01
378 1 1.96349541e-01 2.45292472e-01
379 1 1.96349541e-01 2.45895014e-01
380 1 1.96349541e-01 2.46182389e-01
381 1 1.96349541e-01 2.46283504e-01
382 1 1.96349541e-01 2.45493245e-01
383 1 1.96349541e-01 2.45862924e-01
384 1 1.96349541e-01 2.44562922e-01
385 1 1.96349541e-01 2.44747375e-01
386 1 1.96349541e-01 2.45664463e-01
387 1 1.96349541e-01 2.45558171e-01
388 1 1.96349541e-01 2.44293253e-01
389 1 1.96349541e-01 2.45471945e-01
390 1 1.96349541e-01 2.45413660e-01
391 1 1.96349541e-01 2.44574001e-01
392 1 1.96349541e-01 2.46619794e-01
393 1 1.96349541e-01 2.45878745e-01
394 1 1.96349541e-01 2.45306194e-01
395 1 1.96349541e-01 2.45553852e-01
396 1 1.96349541e-01 2.45628779e-01
397 1 1.96349541e-01 2.45588666e-01
398 1 1.96349541e-01 2.46310036e-01
399 1 1.96349541e-01 2.45287971e-01
400 1 1.96349541e-01 2.45170212e-01
401 1 1.96349541e-01 2.45192724e-01
402 1 1.96349541e-01 2.45376578e-01
403 1 1.96349541e-01 2.44252878e-01
404 1 1.96349541e-01 2.45058250e-01
405 1 1.96349541e-01 2.45751268e-01
406 1 1.96349541e-01 2.45774065e-01
407 1 1.96349541e-01 2.44586859e-01
408 1 1.96349541e-01 2.44299114e-01
409 1 1.96349541e-01 2.46156901e-01
410 1 1.96349541e-01 2.44924112e-01
411 1 1.96349541e-01 2.43453802e-01
412 1 1.96349541e-01 2.45339334e-01
413 1 1.96349541e-01 2.44897749e-01
414 1 1.96349541e-01 2.46014209e-01
415 1 1.96349541e-01 2.45463813e-01
416 1 1.96349541e-01 2.44652859e-01
417 1 1.96349541e-01 2.46258493e-01
418 1 1.96349541e-01 2.44620046e-01
419 1 1.96349541e-01 2.46094285e-01
420 1 1.96349541e-01 2.46257789e-01
421 1 1.96349541e-01 2.45803363e-01
422 1 1.96349541e-01 2.45640634e-01
423 1 1.96349541e-01 2.43952347e-01
424 1 1.96349541e-01 2.44605221e-01
425 1 1.96349541e-01 2.46134895e-01
426 1 1.96349541e-01 2.44498415e-01
427 1 1.96349541e-01 2.46055590e-01
428 1 1.96349541e-01 2.45124666e-01
429 1 1.96349541e-01 2.45053271e-01
430 1 1.96349541e-01 2.45789743e-01
431 1 1.96349541e-01 2.45553160e-01
432 1 1.96349541e-01 2.45893578e-01
433 1 1.96349541e-01 2.45504529e-01
434 1 1.96349541e-01 2.45585996e-01
435 1 1.96349541e-01 2.45224330e-01
436 1 1.96349541e-01 2.45186196e-01
437 1 1.96349541e-01 2.45766834e-01
438 1 1.96349541e-01 2.46534932e-01
439 1 1.96349541e-01 2.45545679e-01
440 1 1.96349541e-01 2.45733111e-01
441 1 1.96349541e-01 2.45588959e-01
442 1 1.96349541e-01 2.44508646e-01
443 1 1.96349541e-01 2.45160948e-01
444 1 1.96349541e-01 2.45109292e-01
445 1 1.96349541e-01 2.44886499e-01
446 1 1.96349541e-01 2.46716189e-01
447 1 1.96349541e-01 2.45290466e-01
448 1 1.96349541e-01 2.45266609e-01
449 1 1.96349541e-01 2.45237029e-01
450 1 1.96349541e-01 2.44861862e-01
451 1 1.96349541e-01 2.45248548e-01
452 1 1.96349541e-01 2.45542852e-01
453 1 1.96349541e-01 2.45959923e-01
454 1 1.96349541e-01 2.45017227e-01
455 1 1.96349541e-01 2.45366424e-01
456 1 1.96349541e-01 2.45458236e-01
457 1 1.96349541e-01 2.46265539e-01
458 1 1.96349541e-01 2.46453805e-01
459 1 1.96349541e-01 2.46082347e-01
460 1 1.96349541e-01 2.45861360e-01
461 1 1.96349541e-01 2.45190631e-01
462 1 1.96349541e-01 2.45614631e-01
463 1 1.96349541e-01 2.45448496e-01
464 1 1.96349541e-01 2.44153321e-01
465 1 1.96349541e-01 2.45112482e-01
466 1 1.96349541e-01 2.44499026e-01
467 1 1.96349541e-01 2.45854816e-01
468 1 1.96349541e-01 2.45611763e-01
469 1 1.96349541e-01 2.45826242e-01
470 1 1.96349541e-01 2.44555244e-01
471 1 1.96349541e-01 2.45412980e-01
472 1 1.96349541e-01 2.44724585e-01
473 1 1.96349541e-01 2.45843299e-01
474 1 1.96349541e-01 2.45181855e-01
475 1 1.96349541e-01 2.45058211e-01
476 1 1.96349541e-01 2.44818692e-01
477 1 1.96349541e-01 2.45421123e-01
478 1 1.96349541e-01 2.44377236e-01
479 1 1.96349541e-01 2.45963638e-01
480 1 1.96349541e-01 2.45359616e-01
481 1 1.96349541e-01 2.44796414e-01
482 1 1.96349541e-01 2.43645479e-01
483 1 1.96349541e-01 2.44331175e-01
484 1 1.96349541e-01 2.44290839e-01
485 1 1.96349541e-01 2.44395738e-01
486 1 1.96349541e-01 2.45587228e-01
487 1 1.96349541e-01 2.45604753e-01
488 1 1.96349541e-01 2.45686897e-01
489 1 1.96349541e-01 2.44852834e-01
490 1 1.96349541e-01 2.45978477e-01
491 1 1.96349541e-01 2.46233022e-01
492 1 1.96349541e-01 2.45184383e-01
493 1 1.96349541e-01 2.45610587e-01
494 1 1.96349541e-01 2.45699932e-01
495 1 1.96349541e-01 2.45941205e-01
496 1 1.96349541e-01 2.45146382e-01
497 1 1.96349541e-01 2.45269976e-01
498 1 1.96349541e-01 2.44656744e-01
499 1 1.96349541e-01 2.45176102e-01
500 1 1.96349541e-01 2.45190907e-01
501 1 1.96349541e-01 2.45732549e-01
502 1 1.96349541e-01 2.45265095e-01
503 1 1.96349541e-01 2.44224501e-01
504 1 1.96349541e-01 2.45603813e-01
505 1 1.96349541e-01 2.44210061e-01
506 1 1.96349541e-01 2.44668932e-01
507 1 1.96349541e-01 2.43699167e-01
508 1 1.96349541e-01 2.46772811e-01
509 1 1.96349541e-01 2.46256273e-01
510 1 1.96349541e-01 2.45305594e-01
511 1 1.96349541e-01 2.45070417e-01
512 1 1.96349541e-01 2.44564177e-01
513 1 1.96349541e-01 2.45597714e-01
514 1 1.96349541e-01 2.45285018e-01
515 1 1.96349541e-01 2.44757229e-01
516 1 1.96349541e-01 2.45268485e-01
517 1 1.96349541e-01 2.45911941e-01
518 1 1.96349541e-01 2.44995309e-01
519 1 1.96349541e-01 2.44297610e-01
520 1 1.96349541e-01 2.46528326e-01
521 1 1.96349541e-01 2.45019068e-01
522 1 1.96349541e-01 2.44018102e-01
523 1 1.96349541e-01 2.45295072e-01
524 1 1.96349541e-01 2.45667769e-01
525 1 1.96349541e-01 2.45146929e-01
526 1 1.96349541e-01 2.46489152e-01
527 1 1.96349541e-01 2.43973838e-01
528 1 1.96349541e-01 2.45457193e-01
529 1 1.96349541e-01 2.46531933e-01
530 1 1.96349541e-01 2.44280729e-01
531 1 1.96349541e-01 2.45464410e-01
532 1 1.96349541e-01 2.43696820e-01
533 1 1.96349541e-01 2.45283042e-01
534 1 1.96349541e-01 2.45325127e-01
535 1 1.96349541e-01 2.45148360e-01
536 1 1.96349541e-01 2.46198205e-01
537 1 1.96349541e-01 2.44440630e-01
538 1 1.96349541e-01 2.45863018e-01
539 1 1.96349541e-01 2.46836077e-01
540 1 1.96349541e-01 2.44405931e-01
541 1 1.96349541e-01 2.44457409e-01
542 1 1.96349541e-01 2.45370860e-01
543 1 1.96349541e-01 2.44352680e-01
544 1 1.96349541e-01 2.46145995e-01
545 1 1.96349541e-01 2.45643572e-01
546 1 1.96349541e-01 2.44835527e-01
547 1 1.96349541e-01 2.43330202e-01
548 1 1.96349541e-01 2.45772217e-01
549 1 1.96349541e-01 2.44172317e-01
550 1 1.96349541e-01 2.45285311e-01
551 1 1.96349541e-01 2.46578740e-01
552 1 1.96349541e-01 2.46182285e-01
553 1 1.96349541e-01 2.45156771e-01
554 1 1.96349541e-01 2.45094127e-01
555 1 1.96349541e-01 2.46613603e-01
556 1 1.96349541e-01 2.45038259e-01
557 1 1.96349541e-01 2.45163108e-01
558 1 1.96349541e-01 2.45455579e-01
559 1 1.96349541e-01 2.46130591e-01
560 1 1.96349541e-01 2.45028067e-01
561 1 1.96349541e-01 2.44236235e-01
562 1 1.96349541e-01 2.44460932e-01
563 1 1.96349541e-01 2.45075832e-01
564 1 1.96349541e-01 2.45223423e-01
565 1 1.96349541e-01 2.45283825e-01
566 1 1.96349541e-01 2.46074778e-01
567 1 1.96349541e-01 2.45703156e-01
568 1 1.96349541e-01 2.45560408e-01
569 1 1.96349541e-01 2.45118554e-01
570 1 1.96349541e-01 2.45746753e-01
571 1 1.96349541e-01 2.45049272e-01
572 1 1.96349541e-01 2.44635660e-01
573 1 1.96349541e-01 2.45856828e-01
574 1 1.96349541e-01 2.45258355e-01
575 1 1.96349541e-01 2.46260271e-01
576 1 1.96349541e-01 2.45757420e-01
577 1 1.96349541e-01 2.45477124e-01
578 1 1.96349541e-01 2.45069393e-01
579 1 1.96349541e-01 2.46207231e-01
580 1 1.96349541e-01 2.45069175e-01
581 1 1.96349541e-01 2.44657931e-01
582 1 1.96349541e-01 2.45517784e-01
583 1 1.96349541e-01 2.45753942e-01
584 1 1.96349541e-01 2.45698193e-01
585 1 1.96349541e-01 2.45262977e-01
586 1 1.96349541e-01 2.45085936e-01
587 1 1.96349541e-01 2.45558882e-01
588 1 1.96349541e-01 2.45240707e-01
589 1 1.96349541e-01 2.44546542e-01
590 1 1.96349541e-01 2.45835671e-01
591 1 1.96349541e-01 2.45727634e-01
592 1 1.96349541e-01 2.45805743e-01
593 1 1.96349541e-01 2.46332746e-01
594 1 1.96349541e-01 2.46159178e-01
595 1 1.96349541e-01 2.45902202e-01
596 1 1.96349541e-01 2.45442392e-01
597 1 1.96349541e-01 2.46027891e-01
598 1 1.96349541e-01 2.45187351e-01
599 1 1.96349541e-01 2.45189251e-01
600 1 1.96349541e-01 2.45623956e-01
601 1 1.96349541e-01 2.46102748e-01
602 1 1.96349541e-01 2.45735013e-01
603 1 1.96349541e-01 2.45024399e-01
604 1 1.96349541e-01 2.44979548e-01
605 1 1.96349541e-01 2.45016178e-01
606 1 1.96349541e-01 2.45574068e-01
607 1 1.96349541e-01 2.44592006e-01
608 1 1.96349541e-01 2.44316078e-01
609 1 1.96349541e-01 2.44581706e-01
610 1 1.96349541e-01 2.45517948e-01
611 1 1.96349541e-01 2.44961297e-01
612 1 1.96349541e-01 2.44499281e-01
613 1 1.96349541e-01 2.46144662e-01
614 1 1.96349541e-01 2.45381116e-01
615 1 1.96349541e-01 2.46205896e-01
616 1 1.96349541e-01 2.44896681e-01
617 1 1.96349541e-01 2.44802372e-01
618 1 1.96349541e-01 2.45411888e-01
619 1 1.96349541e-01 2.45198080e-01
620 1 1.96349541e-01 2.45204066e-01
621 1 1.96349541e-01 2.44156782e-01
622 1 1.96349541e-01 2.45143394e-01
623 1 1.96349541e-01 2.45964975e-01
624 1 1.96349541e-01 2.45880631e-01
625 1 1.96349541e-01 2.45521260e-01
626 1 1.96349541e-01 2.44859776e-01
627 1 1.96349541e-01 2.45368574e-01
628 1 1.96349541e-01 2.46385347e-01
629 1 1.96349541e-01 2.46396507e-01
630 1 1.96349541e-01 2.44241876e-01
631 1 1.96349541e-01 2.45146858e-01
632 1 1.96349541e-01 2.44529635e-01
633 1 1.96349541e-01 2.45033298e-01
634 1 1.96349541e-01 2.46016963e-01
635 1 1.96349541e-01 2.45207022e-01
636 1 1.96349541e-01 2.43716264e-01
637 1 1.96349541e-01 2.45385754e-01
638 1 1.96349541e-01 2.45224079e-01
639 1 1.96349541e-01 2.45191870e-01
640 1 1.96349541e-01 2.44960868e-01
641 1 1.96349541e-01 2.45711499e-01
642 1 1.96349541e-01 2.46200554e-01
643 1 1.96349541e-01 2.43996685e-01
644 1 1.96349541e-01 2.45444203e-01
645 1 1.96349541e-01 2.43548302e-01
646 1 1.96349541e-01 2.44176399e-01
647 1 1.96349541e-01 2.44984779e-01
648 1 1.96349541e-01 2.45474840e-01
649 1 1.96349541e-01 2.44445028e-01
650 1 1.96349541e-01 2.44497975e-01
651 1 1.96349541e-01 2.45791095e-01
652 1 1.96349541e-01 2.44900023e-01
653 1 1.96349541e-01 2.45038571e-01
654 1 1.96349541e-01 2.43773616e-01
655 1 1.96349541e-01 2.44500209e-01
656 1 1.96349541e-01 2.44970580e-01
657 1 1.96349541e-01 2.44894158e-01
658 1 1.96349541e-01 2.45265814e-01
659 1 1.96349541e-01 2.45789498e-01
660 1 1.96349541e-01 2.46130642e-01
661 1 1.96349541e-01 2.45636882e-01
662 1 1.96349541e-01 2.44527866e-01
663 1 1.96349541e-01 2.44554961e-01
664 1 1.96349541e-01 2.45308968e-01
665 1 1.96349541e-01 2.45513572e-01
666 1 1.96349541e-01 2.45196031e-01
667 1 1.96349541e-01 2.44422451e-01
668 1 1.96349541e-01 2.44763324e-01
669 1 1.96349541e-01 2.45701814e-01
670 1 1.96349541e-01 2.45597456e-01
671 1 1.96349541e-01 2.45316541e-01
672 1 1.96349541e-01 2.46426047e-01
673 1 1.96349541e-01 2.46503486e-01
674 1 1.96349541e-01 2.44586725e-01
675 1 1.96349541e-01 2.46467621e-01
676 1 1.96349541e-01 2.45998544e-01
677 1 1.96349541e-01 2.45715514e-01
678 1 1.96349541e-01 2.44338305e-01
679 1 1.96349541e-01 2.45656216e-01
680 1 1.96349541e-01 2.45982401e-01
681 1 1.96349541e-01 2.45842023e-01
682 1 1.96349541e-01 2.45795351e-01
683 1 1.96349541e-01 2.46427317e-01
684 1 1.96349541e-01 2.43684898e-01
685 1 1.96349541e-01 2.44073889e-01
686 1 1.96349541e-01 2.44578349e-01
687 1 1.96349541e-01 2.46166816e-01
688 1 1.96349541e-01 2.45843833e-01
689 1 1.96349541e-01 2.45525890e-01
690 1 1.96349541e-01 2.45313613e-01
691 1 1.96349541e-01 2.45614537e-01
692 1 1.96349541e-01 2.46292917e-01
693 1 1.96349541e-01 2.44801266e-01
694 1 1.96349541e-01 2.45128626e-01
695 1 1.96349541e-01 2.46018400e-01
696 1 1.96349541e-01 2.45870004e-01
697 1 1.96349541e-01 2.45594375e-01
698 1 1.96349541e-01 2.44266684e-01
699 1 1.96349541e-01 2.44737840e-01
700 1 1.96349541e-01 2.45712661e-01
701 1 1.96349541e-01 2.45454788e-01
702 1 1.96349541e-01 2.44412790e-01
703 1 1.96349541e-01 2.45376744e-01
704 1 1.96349541e-01 2.45442149e-01
705 1 1.96349541e-01 2.44998297e-01
706 1 1.96349541e-01 2.46244154e-01
707 1 1.96349541e-01 2.44384509e-01
708 1 1.96349541e-01 2.44839577e-01
709 1 1.96349541e-01 2.45331102e-01
710 1 1.96349541e-01 2.44890432e-01
711 1 1.96349541e-01 2.45406767e-01
712 1 1.96349541e-01 2.45041130e-01
713 1 1.96349541e-01 2.45445906e-01
714 1 1.96349541e-01 2.45286794e-01
715 1 1.96349541e-01 2.45666926e-01
716 1 1.96349541e-01 2.45803817e-01
717 1 1.96349541e-01 2.45519839e-01
718 1 1.96349541e-01 2.45076750e-01
719 1 1.96349541e-01 2.45307950e-01
720 1 1.96349541e-01 2.45904737e-01
721 1 1.96349541e-01 2.46867591e-01
722 1 1.96349541e-01 2.44676553e-01
723 1 1.96349541e-01 2.45151480e-01
724 1 1.96349541e-01 2.43685634e-01
725 1 1.96349541e-01 2.46201821e-01
726 1 1.96349541e-01 2.45548127e-01
727 1 1.96349541e-01 2.44407365e-01
728 1 1.96349541e-01 2.45120940e-01
729 1 1.96349541e-01 2.45266055e-01
730 1 1.96349541e-01 2.45656614e-01
731 1 1.96349541e-01 2.44596091e-01
732 1 1.96349541e-01 2.46134268e-01
733 1 1.96349541e-01 2.45833102e-01
734 1 1.96349541e-01 2.44907430e-01
735 1 1.96349541e-01 2.45883608e-01
736 1 1.96349541e-01 2.44968114e-01
737 1 1.96349541e-01 2.44816360e-01
738 1 1.96349541e-01 2.44936242e-01
739 1 1.96349541e-01 2.45723130e-01
740 1 1.96349541e-01 2.45175216e-01
741 1 1.96349541e-01 2.44483594e-01
742 1 1.96349541e-01 2.45999275e-01
743 1 1.96349541e-01 2.45904658e-01
744 1 1.96349541e-01 2.45038944e-01
745 1 1.96349541e-01 2.45372983e-01
746 1 1.96349541e-01 2.46284194e-01
747 1 1.96349541e-01 2.44903268e-01
748 1 1.96349541e-01 2.46112371e-01
749 1 1.96349541e-01 2.46208184e-01
750 1 1.96349541e-01 2.44473034e-01
751 1 1.96349541e-01 2.44587636e-01
752 1 1.96349541e-01 2.45397681e-01
753 1 1.96349541e-01 2.45378303e-01
754 1 1.96349541e-01 2.44089747e-01
755 1 1.96349541e-01 2.45357778e-01
756 1 1.96349541e-01 2.45223926e-01
757 1 1.96349541e-01 2.43917454e-01
758 1 1.96349541e-01 2.45669982e-01
759 1 1.96349541e-01 2.45414366e-01
760 1 1.96349541e-01 2.43734411e-01
761 1 1.96349541e-01 2.44355730e-01
762 1 1.96349541e-01 2.46681797e-01
763 1 1.96349541e-01 2.44377165e-01
764 1 1.96349541e-01 2.45631266e-01
765 1 1.96349541e-01 2.44379780e-01
766 1 1.96349541e-01 2.44978275e-01
767 1 1.96349541e-01 2.45354373e-01
768 1 1.96349541e-01 2.45026778e-01
769 1 1.96349541e-01 2.45445912e-01
770 1 1.96349541e-01 2.44094606e-01
771 1 1.96349541e-01 2.45021247e-01
772 1 1.96349541e-01 2.45418049e-01
773 1 1.96349541e-01 2.45694110e-01
774 1 1.96349541e-01 2.44816260e-01
775 1 1.96349541e-01 2.45683802e-01
776 1 1.96349541e-01 2.45372211e-01
777 1 1.96349541e-01 2.44265250e-01
778 1 1.96349541e-01 2.45026565e-01
779 1 1.96349541e-01 2.45763945e-01
780 1 1.96349541e-01 2.44869566e-01
781 1 1.96349541e-01 2.46181110e-01
782 1 1.96349541e-01 2.44583194e-01
783 1 1.96349541e-01 2.45653772e-01
784 1 1.96349541e-01 2.44627066e-01
785 1 1.96349541e-01 2.45290997e-01
786 1 1.96349541e-01 2.45148519e-01
787 1 1.96349541e-01 2.45243572e-01
788 1 1.96349541e-01 2.45566295e-01
789 1 1.96349541e-01 2.45330987e-01
790 1 1.96349541e-01 2.45235790e-01
791 1 1.96349541e-01 2.46304835e-01
792 1 1.96349541e-01 2.45177602e-01
793 1 1.96349541e-01 2.45651653e-01
794 1 1.96349541e-01 2.45555294e-01
795 1 1.96349541e-01 2.46168799e-01
796 1 1.96349541e-01 2.44235853e-01
797 1 1.96349541e-01 2.44664602e-01
798 1 1.96349541e-01 2.45901691e-01
799 1 1.96349541e-01 2.44777787e-01
800 1 1.96349541e-01 2.44651056e-01
801 1 1.96349541e-01 2.45679727e-01
802 1 1.96349541e-01 2.44572826e-01
803 1 1.96349541e-01 2.45982318e-01
804 1 1.96349541e-01 2.44634098e-01
805 1 1.96349541e-01 2.44071423e-01
806 1 1.96349541e-01 2.46203044e-01
807 1 1.96349541e-01 2.46092993e-01
808 1 1.96349541e-01 2.45873519e-01
809 1 1.96349541e-01 2.45059044e-01
810 1 1.96349541e-01 2.45244716e-01
811 1 1.96349541e-01 2.45114796e-01
812 1 1.96349541e-01 2.44719314e-01
813 1 1.96349541e-01 2.46072552e-01
814 1 1.96349541e-01 2.44478621e-01
815 1 1.96349541e-01 2.45399757e-01
816 1 1.96349541e-01 2.45815941e-01
817 1 1.96349541e-01 2.44268191e-01
818 1 1.96349541e-01 2.44593796e-01
819 1 1.96349541e-01 2.44505596e-01
820 1 1.96349541e-01 2.44531704e-01
821 1 1.96349541e-01 2.45247703e-01
822 1 1.96349541e-01 2.45485421e-01
823 1 1.96349541e-01 2.46382724e-01
824 1 1.96349541e-01 2.44736005e-01
825 1 1.96349541e-01 2.44980237e-01
826 1 1.96349541e-01 2.46322913e-01
827 1 1.96349541e-01 2.44420654e-01
828 1 1.96349541e-01 2.44566579e-01
829 1 1.96349541e-01 2.45084592e-01
830 1 1.96349541e-01 2.44862141e-01
831 1 1.96349541e-01 2.45387002e-01
832 1 1.96349541e-01 2.45336824e-01
833 1 1.96349541e-01 2.46138901e-01
834 1 1.96349541e-01 2.45196506e-01
835 1 1.96349541e-01 2.45260440e-01
836 1 1.96349541e-01 2.46711750e-01
837 1 1.96349541e-01 2.45837821e-01
838 1 1.96349541e-01 2.45137025e-01
839 1 1.96349541e-01 2.44643162e-01
840 1 1.96349541e-01 2.44872381e-01
841 1 1.96349541e-01 2.45251649e-01
842 1 1.96349541e-01 2.45825663e-01
843 1 1.96349541e-01 2.45533004e-01
844 1 1.96349541e-01 2.45298704e-01
845 1 1.96349541e-01 2.45913326e-01
846 1 1.96349541e-01 2.44798740e-01
847 1 1.96349541e-01 2.45387237e-01
848 1 1.96349541e-01 2.44544516e-01
849 1 1.96349541e-01 2.45228702e-01
850 1 1.96349541e-01 2.45674100e-01
851 1 1.96349541e-01 2.45693603e-01
852 1 1.96349541e-01 2.45837663e-01
853 1 1.96349541e-01 2.44043524e-01
854 1 1.96349541e-01 2.45688660e-01
855 1 1.96349541e-01 2.46370049e-01
856 1 1.96349541e-01 2.45934901e-01
857 1 1.96349541e-01 2.44536626e-01
858 1 1.96349541e-01 2.46168963e-01
859 1 1.96349541e-01 2.45885934e-01
860 1 1.96349541e-01 2.45931913e-01
861 1 1.96349541e-01 2.44763896e-01
862 1 1.96349541e-01 2.45516994e-01
863 1 1.96349541e-01 2.44888732e-01
864 1 1.96349541e-01 2.43660117e-01
865 1 1.96349541e-01 2.45310959e-01
866 1 1.96349541e-01 2.45463414e-01
867 1 1.96349541e-01 2.46079041e-01
868 1 1.96349541e-01 2.45793432e-01
869 1 1.96349541e-01 2.45552807e-01
870 1 1.96349541e-01 2.43846247e-01
871 1 1.96349541e-01 2.44675956e-01
872 1 1.96349541e-01 2.45560716e-01
873 1 1.96349541e-01 2.45652869e-01
874 1 1.96349541e-01 2.45293215e-01
875 1 1.96349541e-01 2.45137081e-01
876 1 1.96349541e-01 2.45419278e-01
877 1 1.96349541e-01 2.45472865e-01
878 1 1.96349541e-01 2.43850547e-01
879 1 1.96349541e-01 2.44850198e-01
880 1 1.96349541e-01 2.45337086e-01
881 1 1.96349541e-01 2.46110161e-01
882 1 1.96349541e-01 2.46118648e-01
883 1 1.96349541e-01 2.44634873e-01
884 1 1.96349541e-01 2.44582360e-01
885 1 1.96349541e-01 2.45653998e-01
886 1 1.96349541e-01 2.45277600e-01
887 1 1.96349541e-01 2.44534010e-01
888 1 1.96349541e-01 2.46185065e-01
889 1 1.96349541e-01 2.46874050e-01
890 1 1.96349541e-01 2.44698977e-01
891 1 1.96349541e-01 2.45403910e-01
892 1 1.96349541e-01 2.43675072e-01
893 1 1.96349541e-01 2.45265333e-01
894 1 1.96349541e-01 2.45868564e-01
895 1 1.96349541e-01 2.45166076e-01
896 1 1.96349541e-01 2.45075172e-01
897 1 1.96349541e-01 2.46406189e-01
898 1 1.96349541e-01 2.45061350e-01
899 1 1.96349541e-01 2.45548955e-01
900 1 1.96349541e-01 2.44068065e-01
901 1 1.96349541e-01 2.46630256e-01
902 1 1.96349541e-01 2.45069086e-01
903 1 1.96349541e-01 2.44359896e-01
904 1 1.96349541e-01 2.44925334e-01
905 1 1.96349541e-01 2.46020303e-01
906 1 1.96349541e-01 2.46976191e-01
907 1 1.96349541e-01 2.45331653e-01
908 1 1.96349541e-01 2.45757199e-01
909 1 1.96349541e-01 2.45895589e-01
910 1 1.96349541e-01 2.44907567e-01
911 1 1.96349541e-01 2.46050999e-01
912 1 1.96349541e-01 2.45414143e-01
913 1 1.96349541e-01 2.45645713e-01
914 1 1.96349541e-01 2.45705187e-01
915 1 1.96349541e-01 2.44659086e-01
916 1 1.96349541e-01 2.45336450e-01
917 1 1.96349541e-01 2.45500947e-01
918 1 1.96349541e-01 2.45881885e-01
919 1 1.96349541e-01 2.44435272e-01
920 1 1.96349541e-01 2.45662619e-01
921 1 1.96349541e-01 2.44427261e-01
922 1 1.96349541e-01 2.45254814e-01
923 1 1.96349541e-01 2.45888514e-01
924 1 1.96349541e-01 2.45320846e-01
925 1 1.96349541e-01 2.44991383e-01
926 1 1.96349541e-01 2.45020310e-01
927 1 1.96349541e-01 2.44929412e-01
928 1 1.96349541e-01 2.44432111e-01
929 1 1.96349541e-01 2.45013968e-01
930 1 1.96349541e-01 2.46026884e-01
931 1 1.96349541e-01 2.45662734e-01
932 1 1.96349541e-01 2.44824615e-01
933 1 1.96349541e-01 2.44534999e-01
934 1 1.96349541e-01 2.44986625e-01
935 1 1.96349541e-01 2.44282720e-01
936 1 1.96349541e-01 2.43848961e-01
937 1 1.96349541e-01 2.46687396e-01
938 1 1.96349541e-01 2.46144365e-01
939 1 1.96349541e-01 2.45269455e-01
940 1 1.96349541e-01 2.44975213e-01
941 1 1.96349541e-01 2.45261081e-01
942 1 1.96349541e-01 2.44922741e-01
943 1 1.96349541e-01 2.45490482e-01
944 1 1.96349541e-01 2.46600634e-01
945 1 1.96349541e-01 2.46240510e-01
946 1 1.96349541e-01 2.45495246e-01
947 1 1.96349541e-01 2.45092203e-01
948 1 1.96349541e-01 2.45731384e-01
949 1 1.96349541e-01 2.45574749e-01
950 1 1.96349541e-01 2.44919845e-01
951 1 1.96349541e-01 2.46057884e-01
952 1 1.96349541e-01 2.44514133e-01
953 1 1.96349541e-01 2.45702217e-01
954 1 1.96349541e-01 2.44736356e-01
955 1 1.96349541e-01 2.44840965e-01
956 1 1.96349541e-01 2.45345012e-01
957 1 1.96349541e-01 2.45391182e-01
958 1 1.96349541e-01 2.45324383e-01
959 1 1.96349541e-01 2.44563489e-01
960 1 1.96349541e-01 2.45084204e-01
961 1 1.96349541e-01 2.46172877e-01
962 1 1.96349541e-01 2.44722473e-01
963 1 1.96349541e-01 2.45171283e-01
964 1 1.96349541e-01 2.43945000e-01
965 1 1.96349541e-01 2.46381240e-01
966 1 1.96349541e-01 2.45682663e-01
967 1 1.96349541e-01 2.45028598e-01
968 1 1.96349541e-01 2.44835337e-01
969 1 1.96349541e-01 2.44701030e-01
970 1 1.96349541e-01 2.46110217e-01
971 1 1.96349541e-01 2.44727236e-01
972 1 1.96349541e-01 2.45213311e-01
973 1 1.96349541e-01 2.46052662e-01
974 1 1.96349541e-01 2.44414550e-01
975 1 1.96349541e-01 2.46526145e-01
976 1 1.96349541e-01 2.45967750e-01
977 1 1.96349541e-01 2.46136086e-01
978 1 1.96349541e-01 2.44722835e-01
979 1 1.96349541e-01 2.45152258e-01
980 1 1.96349541e-01 2.45550486e-01
981 1 1.96349541e-01 2.44919313e-01
982 1 1.96349541e-01 2.45661806e-01
983 1 1.96349541e-01 2.45760148e-01
984 1 1.96349541e-01 2.45384341e-01
985 1 1.96349541e-01 2.44433528e-01
986 1 1.96349541e-01 2.44974184e-01
987 1 1.96349541e-01 2.44615327e-01
988 1 1.96349541e-01 2.44993418e-01
989 1 1.96349541e-01 2.44410923e-01
990 1 1.96349541e-01 2.45158420e-01
991 1 1.96349541e-01 2.43853372e-01
992 1 1.96349541e-01 2.45876493e-01
993 1 1.96349541e-01 2.46014348e-01
994 1 1.96349541e-01 2.45118149e-01
995 1 1.96349541e-01 2.46156458e-01
996 1 1.96349541e-01 2.45079088e-01
997 1 1.96349541e-01 2.45635870e-01
998 1 1.96349541e-01 2.45521870e-01
999 1 1.96349541e-01 2.46014638e-01
1000 1 1.96349541e-01 2.46057597e-01
1001 1 1.96349541e-01 2.46735563e-01
1002 1 1.96349541e-01 2.44902254e-01
1003 1 1.96349541e-01 2.45394405e-01
1004 1 1.96349541e-01 2.45285287e-01
1005 1 1.96349541e-01 2.44610151e-01
1006 1 1.96349541e-01 2.45228455e-01
1007 1 1.96349541e-01 2.44712597e-01
1008 1 1.96349541e-01 2.44912810e-01
1009 1 1.96349541e-01 2.44805732e-01
1010 1 1.96349541e-01 2.45261844e-01
1011 1 1.96349541e-01 2.45283934e-01
1012 1 1.96349541e-01 2.46545774e-01
1013 1 1.96349541e-01 2.44274043e-01
1014 1 1.96349541e-01 2.45306189e-01
1015 1 1.96349541e-01 2.44698055e-01
1016 1 1.96349541e-01 2.45198552e-01
1017 1 1.96349541e-01 2.42410305e-01
1018 1 1.96349541e-01 2.44817532e-01
1019 1 1.96349541e-01 2.44926502e-01
1020 1 1.96349541e-01 2.44522939e-01
1021 1 1.96349541e-01 2.45159326e-01
1022 1 1.96349541e-01 2.45400603e-01
1023 1 1.96349541e-01 2.45922460e-01
1024 1 1.96349541e-01 2.45324256e-01
1025 1 1.96349541e-01 2.44354245e-01
0 2 3.92699082e-01 4.49107496e-01
1 2 3.92699082e-01 4.47045079e-01
2 2 3.92699082e-01 4.46842531e-01
3 2 3.92699082e-01 4.47347207e-01
4 2 3.92699082e-01 4.47924162e-01
5 2 3.92699082e-01 4.47703081e-01
6 2 3.92699082e-01 4.45885595e-01
7 2 3.92699082e-01 4.47518032e-01
8 2 3.92699082e-01 4.47360907e-01
9 2 3.92699082e-01 4.47932143e-01
10 2 3.92699082e-01 4.48596896e-01
11 2 3.92699082e-01 4.47096801e-01
12 2 3.92699082e-01 4.48099897e-01
13 2 3.92699082e-01 4.47319026e-01
14 2 3.92699082e-01 4.45481140e-01
15 2 3.92699082e-01 4.48221386e-01
16 2 3.92699082e-01 4.45267945e-01
17 2 3.92699082e-01 4.46908572e-01
18 2 3.92699082e-01 4.47973806e-01
19 2 3.92699082e-01 4.47152537e-01
20 2 3.92699082e-01 4.47551739e-01
21 2 3.92699082e-01 4.47572908e-01
22 2 3.92699082e-01 4.46767074e-01
23 2 3.92699082e-01 4.47549530e-01
24 2 3.92699082e-01 4.46967339e-01
25 2 3.92699082e-01 4.47894473e-01
26 2 3.92699082e-01 4.46313083e-01
27 2 3.92699082e-01 4.47143327e-01
28 2 3.92699082e-01 4.49057884e-01
29 2 3.92699082e-01 4.47118551e-01
30 2 3.92699082e-01 4.47119171e-01
31 2 3.92699082e-01 4.46566971e-01
32 2 3.92699082e-01 4.48400717e-01
33 2 3.92699082e-01 4.46080654e-01
34 2 3.92699082e-01 4.46657880e-01
35 2 3.92699082e-01 4.46792137e-01
36 2 3.92699082e-01 4.46783520e-01
37 2 3.92699082e-01 4.46773223e-01
38 2 3.92699082e-01 4.47313645e-01
39 2 3.92699082e-01 4.48926037e-01
40 2 3.92699082e-01 4.48992820e-01
41 2 3.92699082e-01 4.48317066e-01
42 2 3.92699082e-01 4.48925500e-01
43 2 3.92699082e-01 4.46951852e-01
44 2 3.92699082e-01 4.49584517e-01
45 2 3.92699082e-01 4.47658769e-01
46 2 3.92699082e-01 4.49666422e-01
47 2 3.92699082e-01 4.50060127e-01
48 2 3.92699082e-01 4.48097290e-01
49 2 3.92699082e-01 4.46408253e-01
50 2 3.92699082e-01 4.49973585e-01
51 2 3.92699082e-01 4.48717782e-01
52 2 3.92699082e-01 4.48580062e-01
53 2 3.92699082e-01 4.47705504e-01
54 2 3.92699082e-01 4.46434826e-01
55 2 3.92699082e-01 4.48795110e-01
56 2 3.92699082e-01 4.48060544e-01
57 2 3.92699082e-01 4.47179560e-01
58 2 3.92699082e-01 4.46601793e-01
59 2 3.92699082e-01 4.46641054e-01
60 2 3.92699082e-01 4.48083317e-01
61 2 3.92699082e-01 4.48320944e-01
62 2 3.92699082e-01 4.45545185e-01
63 2 3.92699082e-01 4.46110051e-01
64 2 3.92699082e-01 4.48148385e-01
65 2 3.92699082e-01 4.49122852e-01
66 2 3.92699082e-01 4.47782330e-01
67 2 3.92699082e-01 4.48748717e-01
68 2 3.92699082e-01 4.47247001e-01
69 2 3.92699082e-01 4.47706750e-01
70 2 3.92699082e-01 4.49620117e-01
71 2 3.92699082e-01 4.48569328e-01
72 2 3.92699082e-01 4.47245180e-01
73 2 3.92699082e-01 4.46239883e-01
74 2 3.92699082e-01 4.46692475e-01
75 2 3.92699082e-01 4.48424736e-01
76 2 3.92699082e-01 4.47943867e-01
77 2 3.92699082e-01 4.48742846e-01
78 2 3.92699082e-01 4.49566581e-01
79 2 3.92699082e-01 4.46870255e-01
80 2 3.92699082e-01 4.46199711e-01
81 2 3.92699082e-01 4.46004270e-01
82 2 3.92699082e-01 4.45451471e-01
83 2 3.92699082e-01 4.48600009e-01
84 2 3.92699082e-01 4.47548943e-01
85 2 3.92699082e-01 4.47435896e-01
86 2 3.92699082e-01 4.46100044e-01
87 2 3.92699082e-01 4.48059997e-01
88 2 3.92699082e-01 4.48833378e-01
89 2 3.92699082e-01 4.47220859e-01
90 2 3.92699082e-01 4.48454785e-01
91 2 3.92699082e-01 4.45325137e-01
92 2 3.92699082e-01 4.50026372e-01
93 2 3.92699082e-01 4.49213410e-01
94 2 3.92699082e-01 4.47848112e-01
95 2 3.92699082e-01 4.48838051e-01
96 2 3.92699082e-01 4.49501489e-01
97 2 3.92699082e-01 4.46285291e-01
98 2 3.92699082e-01 4.45293253e-01
99 2 3.92699082e-01 4.44948131e-01
100 2 3.92699082e-01 4.46179844e-01
101 2 3.92699082e-01 4.47983661e-01
102 2 3.92699082e-01 4.46934231e-01
103 2 3.92699082e-01 4.47666406e-01
104 2 3.92699082e-01 4.46264617e-01
105 2 3.92699082e-01 4.46685699e-01
106 2 3.92699082e-01 4.46367663e-01
107 2 3.92699082e-01 4.45546391e-01
108 2 3.92699082e-01 4.50046554e-01
109 2 3.92699082e-01 4.48077335e-01
110 2 3.92699082e-01 4.45915604e-01
111 2 3.92699082e-01 4.47406625e-01
112 2 3.92699082e-01 4.48122274e-01
113 2 3.92699082e-01 4.45818348e-01
114 2 3.92699082e-01 4.47730228e-01
115 2 3.92699082e-01 4.47361875e-01
116 2 3.92699082e-01 4.47520132e-01
117 2 3.92699082e-01 4.48317861e-01
118 2 3.92699082e-01 4.46820665e-01
119 2 3.92699082e-01 4.49122863e-01
120 2 3.92699082e-01 4.46726352e-01
121 2 3.92699082e-01 4.47425640e-01
122 2 3.92699082e-01 4.48381112e-01
123 2 3.92699082e-01 4.47354998e-01
124 2 3.92699082e-01 4.48521801e-01
125 2 3.92699082e-01 4.49045599e-01
126 2 3.92699082e-01 4.46410401e-01
127 2 3.92699082e-01 4.48458215e-01
128 2 3.92699082e-01 4.48625843e-01
129 2 3.92699082e-01 4.46462561e-01
130 2 3.92699082e-01 4.46957845e-01
131 2 3.92699082e-01 4.47600579e-01
132 2 3.92699082e-01 4.47603351e-01
133 2 3.92699082e-01 4.47955310e-01
134 2 3.92699082e-01 4.46094858e-01
135 2 3.92699082e-01 4.49667748e-01
136 2 3.92699082e-01 4.46402953e-01
137 2 3.92699082e-01 4.46859871e-01
138 2 3.92699082e-01 4.49405947e-01
139 2 3.92699082e-01 4.48601262e-01
140 2 3.92699082e-01 4.49098917e-01
141 2 3.92699082e-01 4.47932021e-01
142 2 3.92699082e-01 4.48027239e-01
143 2 3.92699082e-01 4.47412116e-01
144 2 3.92699082e-01 4.49485305e-01
145 2 3.92699082e-01 4.48301120e-01
146 2 3.92699082e-01 4.48344692e-01
147 2 3.92699082e-01 4.49750510e-01
148 2 3.92699082e-01 4.47066778e-01
149 2 3.92699082e-01 4.46920482e-01
150 2 3.92699082e-01 4.47518956e-01
151 2 3.92699082e-01 4.47809123e-01
152 2 3.92699082e-01 4.50468272e-01
153 2 3.92699082e-01 4.47509610e-01
154 2 3.92699082e-01 4.45988133e-01
155 2 3.92699082e-01 4.47553364e-01
156 2 3.92699082e-01 4.48849569e-01
157 2 3.92699082e-01 4.47448030e-01
158 2 3.92699082e-01 4.48284099e-01
159 2 3.92699082e-01 4.47180674e-01
160 2 3.92699082e-01 4.46507832e-01
161 2 3.92699082e-01 4.47464118e-01
162 2 3.92699082e-01 4.49030999e-01
163 2 3.92699082e-01 4.49530630e-01
164 2 3.92699082e-01 4.47813892e-01
165 2 3.92699082e-01 4.47154796e-01
166 2 3.92699082e-01 4.46941330e-01
167 2 3.92699082e-01 4.49682140e-01
168 2 3.92699082e-01 4.47499956e-01
169 2 3.92699082e-01 4.47322419e-01
170 2 3.92699082e-01 4.46456612e-01
171 2 3.92699082e-01 4.49929927e-01
172 2 3.92699082e-01 4.48516855e-01
173 2 3.92699082e-01 4.47353179e-01
174 2 3.92699082e-01 4.49195027e-01
175 2 3.92699082e-01 4.46699902e-01
176 2 3.92699082e-01 4.47854642e-01
177 2 3.92699082e-01 4.48567077e-01
178 2 3.92699082e-01 4.49169556e-01
179 2 3.92699082e-01 4.49699034e-01
180 2 3.92699082e-01 4.45532030e-01
181 2 3.92699082e-01 4.46705131e-01
182 2 3.92699082e-01 4.47588437e-01
183 2 3.92699082e-01 4.46938731e-01
184 2 3.92699082e-01 4.46049921e-01
185 2 3.92699082e-01 4.47730825e-01
186 2 3.92699082e-01 4.46717479e-01
187 2 3.92699082e-01 4.46662573e-01
188 2 3.92699082e-01 4.46221698e-01
189 2 3.92699082e-01 4.47880117e-01
190 2 3.92699082e-01 4.46877843e-01
191 2 3.92699082e-01 4.48162883e-01
192 2 3.92699082e-01 4.48232556e-01
193 2 3.92699082e-01 4.46753336e-01
194 2 3.92699082e-01 4.46145923e-01
195 2 3.92699082e-01 4.44472571e-01
196 2 3.92699082e-01 4.48685733e-01
197 2 3.92699082e-01 4.48142752e-01
198 2 3.92699082e-01 4.48910472e-01
199 2 3.92699082e-01 4.47556283e-01
200 2 3.92699082e-01 4.47963948e-01
201 2 3.92699082e-01 4.47260153e-01
202 2 3.92699082e-01 4.47765712e-01
203 2 3.92699082e-01 4.47377295e-01
204 2 3.92699082e-01 4.47538313e-01
205 2 3.92699082e-01 4.49411706e-01
206 2 3.92699082e-01 4.47412286e-01
207 2 3.92699082e-01 4.46733741e-01
208 2 3.92699082e-01 4.46665135e-01
209 2 3.92699082e-01 4.47240758e-01
210 2 3.92699082e-01 4.47552199e-01
211 2 3.92699082e-01 4.47065497e-01
212 2 3.92699082e-01 4.47035394e-01
213 2 3.92699082e-01 4.46376842e-01
214 2 3.92699082e-01 4.48265527e-01
215 2 3.92699082e-01 4.46803748e-01
216 2 3.92699082e-01 4.48986670e-01
217 2 3.92699082e-01 4.47168165e-01
218 2 3.92699082e-01 4.49081693e-01
219 2 3.92699082e-01 4.48762670e-01
220 2 3.92699082e-01 4.50476405e-01
221 2 3.92699082e-01 4.45550513e-01
222 2 3.92699082e-01 4.49454756e-01
223 2 3.92699082e-01 4.49215483e-01
224 2 3.92699082e-01 4.45490536e-01
225 2 3.92699082e-01 4.46128706e-01
226 2 3.92699082e-01 4.48189105e-01
227 2 3.92699082e-01 4.48151242e-01
228 2 3.92699082e-01 4.46492960e-01
229 2 3.92699082e-01 4.49570626e-01
230 2 3.92699082e-01 4.45776432e-01
231 2 3.92699082e-01 4.44402559e-01
232 2 3.92699082e-01 4.47291154e-01
233 2 3.92699082e-01 4.47319927e-01
234 2 3.92699082e-01 4.47022709e-01
235 2 3.92699082e-01 4.47075289e-01
236 2 3.92699082e-01 4.47773808e-01
237 2 3.92699082e-01 4.48096908e-01
238 2 3.92699082e-01 4.45072450e-01
239 2 3.92699082e-01 4.46278701e-01
240 2 3.92699082e-01 4.47598819e-01
241 2 3.92699082e-01 4.46070160e-01
242 2 3.92699082e-01 4.48708194e-01
243 2 3.92699082e-01 4.49249432e-01
244 2 3.92699082e-01 4.47107482e-01
245 2 3.92699082e-01 4.47961587e-01
246 2 3.92699082e-01 4.46656403e-01
247 2 3.92699082e-01 4.46175555e-01
248 2 3.92699082e-01 4.47080481e-01
249 2 3.92699082e-01 4.48017536e-01
250 2 3.92699082e-01 4.49044707e-01
251 2 3.92699082e-01 4.47911268e-01
252 2 3.92699082e-01 4.46743390e-01
253 2 3.92699082e-01 4.46558871e-01
254 2 3.92699082e-01 4.49317921e-01
255 2 3.92699082e-01 4.47068979e-01
256 2 3.92699082e-01 4.46778430e-01
257 2 3.92699082e-01 4.45329311e-01
258 2 3.92699082e-01 4.48280331e-01
259 2 3.92699082e-01 4.49816857e-01
260 2 3.92699082e-01 4.47732586e-01
261 2 3.92699082e-01 4.48510942e-01
262 2 3.92699082e-01 4.46194676e-01
263 2 3.92699082e-01 4.51452197e-01
264 2 3.92699082e-01 4.49795380e-01
265 2 3.92699082e-01 4.48621175e-01
266 2 3.92699082e-01 4.46619542e-01
267 2 3.92699082e-01 4.45662064e-01
268 2 3.92699082e-01 4.47968990e-01
269 2 3.92699082e-01 4.49105697e-01
270 2 3.92699082e-01 4.47102428e-01
271 2 3.92699082e-01 4.47716887e-01
272 2 3.92699082e-01 4.48044557e-01
273 2 3.92699082e-01 4.48926837e-01
274 2 3.92699082e-01 4.46709014e-01
275 2 3.92699082e-01 4.48086553e-01
276 2 3.92699082e-01 4.49215489e-01
277 2 3.92699082e-01 4.49371364e-01
278 2 3.92699082e-01 4.46090018e-01
279 2 3.92699082e-01 4.46102704e-01
280 2 3.92699082e-01 4.47678138e-01
281 2 3.92699082e-01 4.48664194e-01
282 2 3.92699082e-01 4.47341849e-01
283 2 3.92699082e-01 4.46488154e-01
284 2 3.92699082e-01 4.47328207e-01
285 2 3.92699082e-01 4.48539593e-01
286 2 3.92699082e-01 4.51006745e-01
287 2 3.92699082e-01 4.45074208e-01
288 2 3.92699082e-01 4.48926834e-01
289 2 3.92699082e-01 4.45803589e-01
290 2 3.92699082e-01 4.49378906e-01
291 2 3.92699082e-01 4.46944292e-01
292 2 3.92699082e-01 4.49677180e-01
293 2 3.92699082e-01 4.48309743e-01
294 2 3.92699082e-01 4.50077348e-01
295 2 3.92699082e-01 4.49584845e-01
296 2 3.92699082e-01 4.48482124e-01
297 2 3.92699082e-01 4.47970202e-01
298 2 3.92699082e-01 4.49295607e-01
299 2 3.92699082e-01 4.47407333e-01
300 2 3.92699082e-01 4.45579717e-01
301 2 3.92699082e-01 4.47295109e-01
302 2 3.92699082e-01 4.47672274e-01
303 2 3.92699082e-01 4.46838319e-01
304 2 3.92699082e-01 4.46504632e-01
305 2 3.92699082e-01 4.46456272e-01
306 2 3.92699082e-01 4.46136274e-01
307 2 3.92699082e-01 4.46336805e-01
308 2 3.92699082e-01 4.46916258e-01
309 2 3.92699082e-01 4.47132997e-01
310 2 3.92699082e-01 4.48783164e-01
311 2 3.92699082e-01 4.47599595e-01
312 2 3.92699082e-01 4.49599748e-01
313 2 3.92699082e-01 4.46940070e-01
314 2 3.92699082e-01 4.47983056e-01
315 2 3.92699082e-01 4.47422058e-01
316 2 3.92699082e-01 4.48423598e-01
317 2 3.92699082e-01 4.47434292e-01
318 2 3.92699082e-01 4.46703717e-01
319 2 3.92699082e-01 4.47986505e-01
320 2 3.92699082e-01 4.46862392e-01
321 2 3.92699082e-01 4.47642630e-01
322 2 3.92699082e-01 4.47949905e-01
323 2 3.92699082e-01 4.45759220e-01
324 2 3.92699082e-01 4.48467417e-01
325 2 3.92699082e-01 4.45899375e-01
326 2 3.92699082e-01 4.49735767e-01
327 2 3.92699082e-01 4.45985951e-01
328 2 3.92699082e-01 4.46075480e-01
329 2 3.92699082e-01 4.49040915e-01
330 2 3.92699082e-01 4.47886590e-01
331 2 3.92699082e-01 4.46146163e-01
332 2 3.92699082e-01 4.46885934e-01
333 2 3.92699082e-01 4.48919976e-01
334 2 3.92699082e-01 4.47768872e-01
335 2 3.92699082e-01 4.47958681e-01
336 2 3.92699082e-01 4.46366934e-01
337 2 3.92699082e-01 4.48122209e-01
338 2 3.92699082e-01 4.49010027e-01
339 2 3.92699082e-01 4.47973415e-01
340 2 3.92699082e-01 4.48392594e-01
341 2 3.92699082e-01 4.47537617e-01
342 2 3.92699082e-01 4.47500000e-01
343 2 3.92699082e-01 4.47013651e-01
344 2 3.92699082e-01 4.46890582e-01
345 2 3.92699082e-01 4.48122018e-01
346 2 3.92699082e-01 4.47715444e-01
347 2 3.92699082e-01 4.50104591e-01
348 2 3.92699082e-01 4.48702484e-01
349 2 3.92699082e-01 4.45151287e-01
350 2 3.92699082e-01 4.47568840e-01
351 2 3.92699082e-01 4.47682759e-01
352 2 3.92699082e-01 4.46847472e-01
353 2 3.92699082e-01 4.50337786e-01
354 2 3.92699082e-01 4.48066261e-01
355 2 3.92699082e-01 4.47640488e-01
356 2 3.92699082e-01 4.47123896e-01
357 2 3.92699082e-01 4.47173010e-01
358 2 3.92699082e-01 4.47490722e-01
359 2 3.92699082e-01 4.46815264e-01
360 2 3.92699082e-01 4.47484582e-01
361 2 3.92699082e-01 4.46538680e-01
362 2 3.92699082e-01 4.48738847e-01
363 2 3.92699082e-01 4.45468145e-01
364 2 3.92699082e-01 4.48225051e-01
365 2 3.92699082e-01 4.47681269e-01
366 2 3.92699082e-01 4.47010218e-01
367 2 3.92699082e-01 4.48611674e-01
368 2 3.92699082e-01 4.46655907e-01
369 2 3.92699082e-01 4.45554452e-01
370 2 3.92699082e-01 4.46930874e-01
371 2 3.92699082e-01 4.45889138e-01
372 2 3.92699082e-01 4.46269098e-01
373 2 3.92699082e-01 4.47670980e-01
374 2 3.92699082e-01 4.48172425e-01
375 2 3.92699082e-01 4.45818597e-01
376 2 3.92699082e-01 4.46200992e-01
377 2 3.92699082e-01 4.46555351e-01
378 2 3.92699082e-01 4.47763769e-01
379 2 3.92699082e-01 4.48987785e-01
380 2 3.92699082e-01 4.49423258e-01
381 2 3.92699082e-01 4.49612711e-01
382 2 3.92699082e-01 4.48160904e-01
383 2 3.92699082e-01 4.48759441e-01
384 2 3.92699082e-01 4.46304665e-01
385 2 3.92699082e-01 4.46746014e-01
386 2 3.92699082e-01 4.48441037e-01
387 2 3.92699082e-01 4.48215915e-01
388 2 3.92699082e-01 4.45895569e-01
389 2 3.92699082e-01 4.48108085e-01
390 2 3.92699082e-01 4.47921931e-01
391 2 3.92699082e-01 4.46371484e-01
392 2 3.92699082e-01 4.50025769e-01
393 2 3.92699082e-01 4.48701829e-01
394 2 3.92699082e-01 4.47728414e-01
395 2 3.92699082e-01 4.48202326e-01
396 2 3.92699082e-01 4.48327191e-01
397 2 3.92699082e-01 4.48277533e-01
398 2 3.92699082e-01 4.49678669e-01
399 2 3.92699082e-01 4.47759524e-01
400 2 3.92699082e-01 4.47506477e-01
401 2 3.92699082e-01 4.47587618e-01
402 2 3.92699082e-01 4.47860095e-01
403 2 3.92699082e-01 4.45764947e-01
404 2 3.92699082e-01 4.47284761e-01
405 2 3.92699082e-01 4.48614370e-01
406 2 3.92699082e-01 4.48589007e-01
407 2 3.92699082e-01 4.46410032e-01
408 2 3.92699082e-01 4.45963401e-01
409 2 3.92699082e-01 4.49302893e-01
410 2 3.92699082e-01 4.47064861e-01
411 2 3.92699082e-01 4.44375874e-01
412 2 3.92699082e-01 4.47710317e-01
413 2 3.92699082e-01 4.46997974e-01
414 2 3.92699082e-01 4.49014854e-01
415 2 3.92699082e-01 4.48009476e-01
416 2 3.92699082e-01 4.46581736e-01
417 2 3.92699082e-01 4.49472526e-01
418 2 3.92699082e-01 4.46548418e-01
419 2 3.92699082e-01 4.49214116e-01
420 2 3.92699082e-01 4.49479705e-01
421 2 3.92699082e-01 4.48717728e-01
422 2 3.92699082e-01 4.48364906e-01
423 2 3.92699082e-01 4.45222587e-01
424 2 3.92699082e-01 4.46310798e-01
425 2 3.92699082e-01 4.49248511e-01
426 2 3.92699082e-01 4.46225150e-01
427 2 3.92699082e-01 4.49131859e-01
428 2 3.92699082e-01 4.47385995e-01
429 2 3.92699082e-01 4.47288701e-01
430 2 3.92699082e-01 4.48685795e-01
431 2 3.92699082e-01 4.48212207e-01
432 2 3.92699082e-01 4.48830077e-01
433 2 3.92699082e-01 4.48195923e-01
434 2 3.92699082e-01 4.48286587e-01
435 2 3.92699082e-01 4.47735069e-01
436 2 3.92699082e-01 4.47429160e-01
437 2 3.92699082e-01 4.48628686e-01
438 2 3.92699082e-01 4.49944654e-01
439 2 3.92699082e-01 4.48252954e-01
440 2 3.92699082e-01 4.48575370e-01
441 2 3.92699082e-01 4.48290948e-01
442 2 3.92699082e-01 4.46221880e-01
443 2 3.92699082e-01 4.47461494e-01
444 2 3.92699082e-01 4.47468345e-01
445 2 3.92699082e-01 4.46952776e-01
446 2 3.92699082e-01 4.50385309e-01
447 2 3.92699082e-01 4.47651304e-01
448 2 3.92699082e-01 4.47712943e-01
449 2 3.92699082e-01 4.47598286e-01
450 2 3.92699082e-01 4.46899984e-01
451 2 3.92699082e-01 4.47586855e-01
452 2 3.92699082e-01 4.48145386e-01
453 2 3.92699082e-01 4.48955001e-01
454 2 3.92699082e-01 4.47228011e-01
455 2 3.92699082e-01 4.47836875e-01
456 2 3.92699082e-01 4.48009538e-01
457 2 3.92699082e-01 4.49497820e-01
458 2 3.92699082e-01 4.49791560e-01
459 2 3.92699082e-01 4.49285543e-01
460 2 3.92699082e-01 4.48759653e-01
461 2 3.92699082e-01 4.47516003e-01
462 2 3.92699082e-01 4.48304597e-01
463 2 3.92699082e-01 4.48092250e-01
464 2 3.92699082e-01 4.45650277e-01
465 2 3.92699082e-01 4.47419437e-01
466 2 3.92699082e-01 4.46406999e-01
467 2 3.92699082e-01 4.48815448e-01
468 2 3.92699082e-01 4.48319315e-01
469 2 3.92699082e-01 4.48727126e-01
470 2 3.92699082e-01 4.46342496e-01
471 2 3.92699082e-01 4.48038770e-01
472 2 3.92699082e-01 4.46644721e-01
473 2 3.92699082e-01 4.48638224e-01
474 2 3.92699082e-01 4.47548763e-01
475 2 3.92699082e-01 4.47301044e-01
476 2 3.92699082e-01 4.46912485e-01
477 2 3.92699082e-01 4.47985161e-01
478 2 3.92699082e-01 4.46060654e-01
479 2 3.92699082e-01 4.48806828e-01
480 2 3.92699082e-01 4.47839134e-01
481 2 3.92699082e-01 4.46952052e-01
482 2 3.92699082e-01 4.44594928e-01
483 2 3.92699082e-01 4.46114601e-01
484 2 3.92699082e-01 4.45943446e-01
485 2 3.92699082e-01 4.46186039e-01
486 2 3.92699082e-01 4.48236064e-01
487 2 3.92699082e-01 4.48288183e-01
488 2 3.92699082e-01 4.48499153e-01
489 2 3.92699082e-01 4.46939981e-01
490 2 3.92699082e-01 4.49050630e-01
491 2 3.92699082e-01 4.49426392e-01
492 2 3.92699082e-01 4.47544356e-01
493 2 3.92699082e-01 4.48358783e-01
494 2 3.92699082e-01 4.48549530e-01
495 2 3.92699082e-01 4.48820750e-01
496 2 3.92699082e-01 4.47452662e-01
497 2 3.92699082e-01 4.47648565e-01
498 2 3.92699082e-01 4.46608461e-01
499 2 3.92699082e-01 4.47515137e-01
500 2 3.92699082e-01 4.47482131e-01
501 2 3.92699082e-01 4.48505428e-01
502 2 3.92699082e-01 4.47653773e-01
503 2 3.92699082e-01 4.45753443e-01
504 2 3.92699082e-01 4.48315555e-01
505 2 3.92699082e-01 4.45845909e-01
506 2 3.92699082e-01 4.46592207e-01
507 2 3.92699082e-01 4.44736577e-01
508 2 3.92699082e-01 4.50519185e-01
509 2 3.92699082e-01 4.49460278e-01
510 2 3.92699082e-01 4.47754511e-01
511 2 3.92699082e-01 4.47431934e-01
512 2 3.92699082e-01 4.46453150e-01
513 2 3.92699082e-01 4.48355307e-01
514 2 3.92699082e-01 4.47657283e-01
515 2 3.92699082e-01 4.46751633e-01
516 2 3.92699082e-01 4.47631175e-01
517 2 3.92699082e-01 4.48942310e-01
518 2 3.92699082e-01 4.47121982e-01
519 2 3.92699082e-01 4.45845662e-01
520 2 3.92699082e-01 4.50053854e-01
521 2 3.92699082e-01 4.47177985e-01
522 2 3.92699082e-01 4.45390002e-01
523 2 3.92699082e-01 4.47789884e-01
524 2 3.92699082e-01 4.48460338e-01
525 2 3.92699082e-01 4.47445450e-01
526 2 3.92699082e-01 4.50047015e-01
527 2 3.92699082e-01 4.45323388e-01
528 2 3.92699082e-01 4.48030975e-01
529 2 3.92699082e-01 4.50025930e-01
530 2 3.92699082e-01 4.45924139e-01
531 2 3.92699082e-01 4.47975441e-01
532 2 3.92699082e-01 4.44811763e-01
533 2 3.92699082e-01 4.47775627e-01
534 2 3.92699082e-01 4.47786953e-01
535 2 3.92699082e-01 4.47496611e-01
536 2 3.92699082e-01 4.49388401e-01
537 2 3.92699082e-01 4.46237142e-01
538 2 3.92699082e-01 4.48803595e-01
539 2 3.92699082e-01 4.50547872e-01
540 2 3.92699082e-01 4.46138721e-01
541 2 3.92699082e-01 4.46188807e-01
542 2 3.92699082e-01 4.47855345e-01
543 2 3.92699082e-01 4.45998720e-01
544 2 3.92699082e-01 4.49297461e-01
545 2 3.92699082e-01 4.48393542e-01
546 2 3.92699082e-01 4.46912620e-01
547 2 3.92699082e-01 4.44192685e-01
548 2 3.92699082e-01 4.48634062e-01
549 2 3.92699082e-01 4.45736151e-01
550 2 3.92699082e-01 4.47771540e-01
551 2 3.92699082e-01 4.50151854e-01
552 2 3.92699082e-01 4.49430632e-01
553 2 3.92699082e-01 4.47521222e-01
554 2 3.92699082e-01 4.47378369e-01
555 2 3.92699082e-01 4.50169256e-01
556 2 3.92699082e-01 4.47360462e-01
557 2 3.92699082e-01 4.47468831e-01
558 2 3.92699082e-01 4.48068996e-01
559 2 3.92699082e-01 4.49346563e-01
560 2 3.92699082e-01 4.47299971e-01
561 2 3.92699082e-01 4.45831518e-01
562 2 3.92699082e-01 4.46166796e-01
563 2 3.92699082e-01 4.47413690e-01
564 2 3.92699082e-01 4.47557108e-01
565 2 3.92699082e-01 4.47676998e-01
566 2 3.92699082e-01 4.49227498e-01
567 2 3.92699082e-01 4.48531916e-01
568 2 3.92699082e-01 4.48187887e-01
569 2 3.92699082e-01 4.47413942e-01
570 2 3.92699082e-01 4.48600102e-01
571 2 3.92699082e-01 4.47291341e-01
572 2 3.92699082e-01 4.46414158e-01
573 2 3.92699082e-01 4.48738836e-01
574 2 3.92699082e-01 4.47708929e-01
575 2 3.92699082e-01 4.49548757e-01
576 2 3.92699082e-01 4.48612270e-01
577 2 3.92699082e-01 4.48063429e-01
578 2 3.92699082e-01 4.47277221e-01
579 2 3.92699082e-01 4.49354416e-01
580 2 3.92699082e-01 4.47290701e-01
581 2 3.92699082e-01 4.46517320e-01
582 2 3.92699082e-01 4.48222929e-01
583 2 3.92699082e-01 4.48627080e-01
584 2 3.92699082e-01 4.48585548e-01
585 2 3.92699082e-01 4.47734000e-01
586 2 3.92699082e-01 4.47347750e-01
587 2 3.92699082e-01 4.48253400e-01
588 2 3.92699082e-01 4.47698516e-01
589 2 3.92699082e-01 4.46327040e-01
590 2 3.92699082e-01 4.48777780e-01
591 2 3.92699082e-01 4.48467239e-01
592 2 3.92699082e-01 4.48689836e-01
593 2 3.92699082e-01 4.49642549e-01
594 2 3.92699082e-01 4.49272154e-01
595 2 3.92699082e-01 4.48890026e-01
596 2 3.92699082e-01 4.47993082e-01
597 2 3.92699082e-01 4.49086237e-01
598 2 3.92699082e-01 4.47550224e-01
599 2 3.92699082e-01 4.47557465e-01
600 2 3.92699082e-01 4.48273428e-01
601 2 3.92699082e-01 4.49254221e-01
602 2 3.92699082e-01 4.48488135e-01
603 2 3.92699082e-01 4.47269585e-01
604 2 3.92699082e-01 4.47135371e-01
605 2 3.92699082e-01 4.47193923e-01
606 2 3.92699082e-01 4.48336972e-01
607 2 3.92699082e-01 4.46453395e-01
608 2 3.92699082e-01 4.45956739e-01
609 2 3.92699082e-01 4.46458772e-01
610 2 3.92699082e-01 4.48116720e-01
611 2 3.92699082e-01 4.47156049e-01
612 2 3.92699082e-01 4.46256737e-01
613 2 3.92699082e-01 4.49373691e-01
614 2 3.92699082e-01 4.47843675e-01
615 2 3.92699082e-01 4.49429763e-01
616 2 3.92699082e-01 4.47140289e-01
617 2 3.92699082e-01 4.47013764e-01
618 2 3.92699082e-01 4.47981047e-01
619 2 3.92699082e-01 4.47653221e-01
620 2 3.92699082e-01 4.47592418e-01
621 2 3.92699082e-01 4.45640611e-01
622 2 3.92699082e-01 4.47530110e-01
623 2 3.92699082e-01 4.48838738e-01
624 2 3.92699082e-01 4.48798601e-01
625 2 3.92699082e-01 4.48181612e-01
626 2 3.92699082e-01 4.46944220e-01
627 2 3.92699082e-01 4.47869677e-01
628 2 3.92699082e-01 4.49799643e-01
629 2 3.92699082e-01 4.49806334e-01
630 2 3.92699082e-01 4.45712404e-01
631 2 3.92699082e-01 4.47502777e-01
632 2 3.92699082e-01 4.46352631e-01
633 2 3.92699082e-01 4.47163232e-01
634 2 3.92699082e-01 4.49180282e-01
635 2 3.92699082e-01 4.47592356e-01
636 2 3.92699082e-01 4.44949012e-01
637 2 3.92699082e-01 4.47949671e-01
638 2 3.92699082e-01 4.47660683e-01
639 2 3.92699082e-01 4.47477029e-01
640 2 3.92699082e-01 4.47079287e-01
641 2 3.92699082e-01 4.48644744e-01
642 2 3.92699082e-01 4.49458610e-01
643 2 3.92699082e-01 4.45435537e-01
644 2 3.92699082e-01 4.48087622e-01
645 2 3.92699082e-01 4.44541742e-01
646 2 3.92699082e-01 4.45715162e-01
647 2 3.92699082e-01 4.47281664e-01
648 2 3.92699082e-01 4.48115110e-01
649 2 3.92699082e-01 4.46089233e-01
650 2 3.92699082e-01 4.46271298e-01
651 2 3.92699082e-01 4.48690696e-01
652 2 3.92699082e-01 4.46891294e-01
653 2 3.92699082e-01 4.47272841e-01
654 2 3.92699082e-01 4.45022888e-01
655 2 3.92699082e-01 4.46197724e-01
656 2 3.92699082e-01 4.47065424e-01
657 2 3.92699082e-01 4.46881553e-01
658 2 3.92699082e-01 4.47708647e-01
659 2 3.92699082e-01 4.48624465e-01
660 2 3.92699082e-01 4.49307782e-01
661 2 3.92699082e-01 4.48321337e-01
662 2 3.92699082e-01 4.46332392e-01
663 2 3.92699082e-01 4.46328164e-01
664 2 3.92699082e-01 4.47768921e-01
665 2 3.92699082e-01 4.48214585e-01
666 2 3.92699082e-01 4.47538523e-01
667 2 3.92699082e-01 4.46134216e-01
668 2 3.92699082e-01 4.46759098e-01
669 2 3.92699082e-01 4.48572398e-01
670 2 3.92699082e-01 4.48356750e-01
671 2 3.92699082e-01 4.47812501e-01
672 2 3.92699082e-01 4.49773832e-01
673 2 3.92699082e-01 4.50075253e-01
674 2 3.92699082e-01 4.46479200e-01
675 2 3.92699082e-01 4.49910180e-01
676 2 3.92699082e-01 4.49114167e-01
677 2 3.92699082e-01 4.48551856e-01
678 2 3.92699082e-01 4.46108849e-01
679 2 3.92699082e-01 4.48553757e-01
680 2 3.92699082e-01 4.49023729e-01
681 2 3.92699082e-01 4.48799972e-01
682 2 3.92699082e-01 4.48725505e-01
683 2 3.92699082e-01 4.49719810e-01
684 2 3.92699082e-01 4.44891109e-01
685 2 3.92699082e-01 4.45430737e-01
686 2 3.92699082e-01 4.46431706e-01
687 2 3.92699082e-01 4.49340548e-01
688 2 3.92699082e-01 4.48720821e-01
689 2 3.92699082e-01 4.48188444e-01
690 2 3.92699082e-01 4.47800315e-01
691 2 3.92699082e-01 4.48368163e-01
692 2 3.92699082e-01 4.49555841e-01
693 2 3.92699082e-01 4.46880504e-01
694 2 3.92699082e-01 4.47470837e-01
695 2 3.92699082e-01 4.49030894e-01
696 2 3.92699082e-01 4.48756158e-01
697 2 3.92699082e-01 4.48349755e-01
698 2 3.92699082e-01 4.45825344e-01
699 2 3.92699082e-01 4.46716897e-01
700 2 3.92699082e-01 4.48424811e-01
701 2 3.92699082e-01 4.47970259e-01
702 2 3.92699082e-01 4.46179028e-01
703 2 3.92699082e-01 4.47984154e-01
704 2 3.92699082e-01 4.47980878e-01
705 2 3.92699082e-01 4.47234037e-01
706 2 3.92699082e-01 4.49565131e-01
707 2 3.92699082e-01 4.46095280e-01
708 2 3.92699082e-01 4.46906021e-01
709 2 3.92699082e-01 4.47915451e-01
710 2 3.92699082e-01 4.47037681e-01
711 2 3.92699082e-01 4.47940660e-01
712 2 3.92699082e-01 4.47279718e-01
713 2 3.92699082e-01 4.48027104e-01
714 2 3.92699082e-01 4.47687320e-01
715 2 3.92699082e-01 4.48440245e-01
716 2 3.92699082e-01 4.48709900e-01
717 2 3.92699082e-01 4.48195009e-01
718 2 3.92699082e-01 4.47399682e-01
719 2 3.92699082e-01 4.47785338e-01
720 2 3.92699082e-01 4.48850552e-01
721 2 3.92699082e-01 4.50605897e-01
722 2 3.92699082e-01 4.46605848e-01
723 2 3.92699082e-01 4.47419610e-01
724 2 3.92699082e-01 4.44836368e-01
725 2 3.92699082e-01 4.49453940e-01
726 2 3.92699082e-01 4.48254467e-01
727 2 3.92699082e-01 4.46046977e-01
728 2 3.92699082e-01 4.47390110e-01
729 2 3.92699082e-01 4.47694390e-01
730 2 3.92699082e-01 4.48380010e-01
731 2 3.92699082e-01 4.46421640e-01
732 2 3.92699082e-01 4.49323310e-01
733 2 3.92699082e-01 4.48627601e-01
734 2 3.92699082e-01 4.47085774e-01
735 2 3.92699082e-01 4.48911214e-01
736 2 3.92699082e-01 4.47065488e-01
737 2 3.92699082e-01 4.46861792e-01
738 2 3.92699082e-01 4.47019336e-01
739 2 3.92699082e-01 4.48635230e-01
740 2 3.92699082e-01 4.47457306e-01
741 2 3.92699082e-01 4.46193216e-01
742 2 3.92699082e-01 4.49035975e-01
743 2 3.92699082e-01 4.48856579e-01
744 2 3.92699082e-01 4.47259162e-01
745 2 3.92699082e-01 4.47802366e-01
746 2 3.92699082e-01 4.49662814e-01
747 2 3.92699082e-01 4.46923980e-01
748 2 3.92699082e-01 4.49205519e-01
749 2 3.92699082e-01 4.49471008e-01
750 2 3.92699082e-01 4.46201139e-01
751 2 3.92699082e-01 4.46541065e-01
752 2 3.92699082e-01 4.47998281e-01
753 2 3.92699082e-01 4.47863172e-01
754 2 3.92699082e-01 4.45566528e-01
755 2 3.92699082e-01 4.47808938e-01
756 2 3.92699082e-01 4.47573789e-01
757 2 3.92699082e-01 4.45166957e-01
758 2 3.92699082e-01 4.48336796e-01
759 2 3.92699082e-01 4.48045896e-01
760 2 3.92699082e-01 4.44760306e-01
761 2 3.92699082e-01 4.46120935e-01
762 2 3.92699082e-01 4.50268582e-01
763 2 3.92699082e-01 4.46056193e-01
764 2 3.92699082e-01 4.48365099e-01
765 2 3.92699082e-01 4.46025330e-01
766 2 3.92699082e-01 4.46973687e-01
767 2 3.92699082e-01 4.47822948e-01
768 2 3.92699082e-01 4.47235163e-01
769 2 3.92699082e-01 4.47941296e-01
770 2 3.92699082e-01 4.45506906e-01
771 2 3.92699082e-01 4.47282734e-01
772 2 3.92699082e-01 4.47971531e-01
773 2 3.92699082e-01 4.48568182e-01
774 2 3.92699082e-01 4.46858729e-01
775 2 3.92699082e-01 4.48407657e-01
776 2 3.92699082e-01 4.47774664e-01
777 2 3.92699082e-01 4.45820483e-01
778 2 3.92699082e-01 4.47339754e-01
779 2 3.92699082e-01 4.48612691e-01
780 2 3.92699082e-01 4.46919934e-01
781 2 3.92699082e-01 4.49398066e-01
782 2 3.92699082e-01 4.46397351e-01
783 2 3.92699082e-01 4.48385111e-01
784 2 3.92699082e-01 4.46589393e-01
785 2 3.92699082e-01 4.47763917e-01
786 2 3.92699082e-01 4.47411416e-01
787 2 3.92699082e-01 4.47724708e-01
788 2 3.92699082e-01 4.48204629e-01
789 2 3.92699082e-01 4.47869736e-01
790 2 3.92699082e-01 4.47615689e-01
791 2 3.92699082e-01 4.49585815e-01
792 2 3.92699082e-01 4.47495233e-01
793 2 3.92699082e-01 4.48370014e-01
794 2 3.92699082e-01 4.48183131e-01
795 2 3.92699082e-01 4.49406148e-01
796 2 3.92699082e-01 4.45827365e-01
797 2 3.92699082e-01 4.46637872e-01
798 2 3.92699082e-01 4.48996047e-01
799 2 3.92699082e-01 4.46733965e-01
800 2 3.92699082e-01 4.46600584e-01
801 2 3.92699082e-01 4.48542018e-01
802 2 3.92699082e-01 4.46449573e-01
803 2 3.92699082e-01 4.49159711e-01
804 2 3.92699082e-01 4.46444055e-01
805 2 3.92699082e-01 4.45525405e-01
806 2 3.92699082e-01 4.49367790e-01
807 2 3.92699082e-01 4.49234897e-01
808 2 3.92699082e-01 4.48912260e-01
809 2 3.92699082e-01 4.47314491e-01
810 2 3.92699082e-01 4.47618305e-01
811 2 3.92699082e-01 4.47405535e-01
812 2 3.92699082e-01 4.46707730e-01
813 2 3.92699082e-01 4.49098500e-01
814 2 3.92699082e-01 4.46338652e-01
815 2 3.92699082e-01 4.47877743e-01
816 2 3.92699082e-01 4.48675598e-01
817 2 3.92699082e-01 4.45959263e-01
818 2 3.92699082e-01 4.46551066e-01
819 2 3.92699082e-01 4.46254380e-01
820 2 3.92699082e-01 4.46369225e-01
821 2 3.92699082e-01 4.47605225e-01
822 2 3.92699082e-01 4.48109124e-01
823 2 3.92699082e-01 4.49805884e-01
824 2 3.92699082e-01 4.46732445e-01
825 2 3.92699082e-01 4.47228072e-01
826 2 3.92699082e-01 4.49602243e-01
827 2 3.92699082e-01 4.46148946e-01
828 2 3.92699082e-01 4.46373407e-01
829 2 3.92699082e-01 4.47418580e-01
830 2 3.92699082e-01 4.46939350e-01
831 2 3.92699082e-01 4.47818787e-01
832 2 3.92699082e-01 4.47834967e-01
833 2 3.92699082e-01 4.49307115e-01
834 2 3.92699082e-01 4.47564842e-01
835 2 3.92699082e-01 4.47746009e-01
836 2 3.92699082e-01 4.50312045e-01
837 2 3.92699082e-01 4.48734874e-01
838 2 3.92699082e-01 4.47491973e-01
839 2 3.92699082e-01 4.46594236e-01
840 2 3.92699082e-01 4.46974796e-01
841 2 3.92699082e-01 4.47697921e-01
842 2 3.92699082e-01 4.48702717e-01
843 2 3.92699082e-01 4.48125826e-01
844 2 3.92699082e-01 4.47766234e-01
845 2 3.92699082e-01 4.48915870e-01
846 2 3.92699082e-01 4.46903014e-01
847 2 3.92699082e-01 4.47852789e-01
848 2 3.92699082e-01 4.46418473e-01
849 2 3.92699082e-01 4.47590359e-01
850 2 3.92699082e-01 4.48430299e-01
851 2 3.92699082e-01 4.48482988e-01
852 2 3.92699082e-01 4.48699469e-01
853 2 3.92699082e-01 4.45385257e-01
854 2 3.92699082e-01 4.48426438e-01
855 2 3.92699082e-01 4.49736233e-01
856 2 3.92699082e-01 4.48914185e-01
857 2 3.92699082e-01 4.46305391e-01
858 2 3.92699082e-01 4.49365012e-01
859 2 3.92699082e-01 4.48828957e-01
860 2 3.92699082e-01 4.48919831e-01
861 2 3.92699082e-01 4.46805325e-01
862 2 3.92699082e-01 4.48161309e-01
863 2 3.92699082e-01 4.46981302e-01
864 2 3.92699082e-01 4.44866660e-01
865 2 3.92699082e-01 4.47784948e-01
866 2 3.92699082e-01 4.48013350e-01
867 2 3.92699082e-01 4.49186347e-01
868 2 3.92699082e-01 4.48642683e-01
869 2 3.92699082e-01 4.48220880e-01
870 2 3.92699082e-01 4.45024150e-01
871 2 3.92699082e-01 4.46614731e-01
872 2 3.92699082e-01 4.48229866e-01
873 2 3.92699082e-01 4.48375755e-01
874 2 3.92699082e-01 4.47734517e-01
875 2 3.92699082e-01 4.47450216e-01
876 2 3.92699082e-01 4.47939341e-01
877 2 3.92699082e-01 4.48028696e-01
878 2 3.92699082e-01 4.45058956e-01
879 2 3.92699082e-01 4.46904007e-01
880 2 3.92699082e-01 4.47867071e-01
881 2 3.92699082e-01 4.49277758e-01
882 2 3.92699082e-01 4.49175300e-01
883 2 3.92699082e-01 4.46658079e-01
884 2 3.92699082e-01 4.46412842e-01
885 2 3.92699082e-01 4.48416113e-01
886 2 3.92699082e-01 4.47726151e-01
887 2 3.92699082e-01 4.46283391e-01
888 2 3.92699082e-01 4.49291123e-01
889 2 3.92699082e-01 4.50691270e-01
890 2 3.92699082e-01 4.46617560e-01
891 2 3.92699082e-01 4.47943670e-01
892 2 3.92699082e-01 4.44743711e-01
893 2 3.92699082e-01 4.47614168e-01
894 2 3.92699082e-01 4.48738626e-01
895 2 3.92699082e-01 4.47685023e-01
896 2 3.92699082e-01 4.47379462e-01
897 2 3.92699082e-01 4.49796317e-01
898 2 3.92699082e-01 4.47227852e-01
899 2 3.92699082e-01 4.48254522e-01
900 2 3.92699082e-01 4.45359421e-01
901 2 3.92699082e-01 4.50172248e-01
902 2 3.92699082e-01 4.47357255e-01
903 2 3.92699082e-01 4.46150308e-01
904 2 3.92699082e-01 4.47096414e-01
905 2 3.92699082e-01 4.49009049e-01
906 2 3.92699082e-01 4.50805185e-01
907 2 3.92699082e-01 4.47818759e-01
908 2 3.92699082e-01 4.48601494e-01
909 2 3.92699082e-01 4.48911911e-01
910 2 3.92699082e-01 4.47076982e-01
911 2 3.92699082e-01 4.49224950e-01
912 2 3.92699082e-01 4.47995799e-01
913 2 3.92699082e-01 4.48423848e-01
914 2 3.92699082e-01 4.48445414e-01
915 2 3.92699082e-01 4.46500648e-01
916 2 3.92699082e-01 4.47867308e-01
917 2 3.92699082e-01 4.48043939e-01
918 2 3.92699082e-01 4.48872313e-01
919 2 3.92699082e-01 4.46151628e-01
920 2 3.92699082e-01 4.48435463e-01
921 2 3.92699082e-01 4.46199254e-01
922 2 3.92699082e-01 4.47699226e-01
923 2 3.92699082e-01 4.48795888e-01
924 2 3.92699082e-01 4.47829996e-01
925 2 3.92699082e-01 4.47145402e-01
926 2 3.92699082e-01 4.47161823e-01
927 2 3.92699082e-01 4.47130427e-01
928 2 3.92699082e-01 4.46200244e-01
929 2 3.92699082e-01 4.47271978e-01
930 2 3.92699082e-01 4.49191144e-01
931 2 3.92699082e-01 4.48580795e-01
932 2 3.92699082e-01 4.46870832e-01
933 2 3.92699082e-01 4.46353824e-01
934 2 3.92699082e-01 4.47222882e-01
935 2 3.92699082e-01 4.46038593e-01
936 2 3.92699082e-01 4.45115362e-01
937 2 3.92699082e-01 4.50351978e-01
938 2 3.92699082e-01 4.49275196e-01
939 2 3.92699082e-01 4.47673220e-01
940 2 3.92699082e-01 4.47197419e-01
941 2 3.92699082e-01 4.47595538e-01
942 2 3.92699082e-01 4.47060953e-01
943 2 3.92699082e-01 4.48115231e-01
944 2 3.92699082e-01 4.50160402e-01
945 2 3.92699082e-01 4.49462790e-01
946 2 3.92699082e-01 4.48089019e-01
947 2 3.92699082e-01 4.47410319e-01
948 2 3.92699082e-01 4.48451192e-01
949 2 3.92699082e-01 4.48270862e-01
950 2 3.92699082e-01 4.47033285e-01
951 2 3.92699082e-01 4.49172121e-01
952 2 3.92699082e-01 4.46158894e-01
953 2 3.92699082e-01 4.48520333e-01
954 2 3.92699082e-01 4.46715808e-01
955 2 3.92699082e-01 4.46981621e-01
956 2 3.92699082e-01 4.47753399e-01
957 2 3.92699082e-01 4.48016928e-01
958 2 3.92699082e-01 4.47731292e-01
959 2 3.92699082e-01 4.46395422e-01
960 2 3.92699082e-01 4.47369145e-01
961 2 3.92699082e-01 4.49369235e-01
962 2 3.92699082e-01 4.46737273e-01
963 2 3.92699082e-01 4.47458199e-01
964 2 3.92699082e-01 4.45232260e-01
965 2 3.92699082e-01 4.49758552e-01
966 2 3.92699082e-01 4.48458845e-01
967 2 3.92699082e-01 4.47233401e-01
968 2 3.92699082e-01 4.46920739e-01
969 2 3.92699082e-01 4.46623214e-01
970 2 3.92699082e-01 4.49229831e-01
971 2 3.92699082e-01 4.46716066e-01
972 2 3.92699082e-01 4.47652308e-01
973 2 3.92699082e-01 4.49135870e-01
974 2 3.92699082e-01 4.46150438e-01
975 2 3.92699082e-01 4.50095395e-01
976 2 3.92699082e-01 4.48944838e-01
977 2 3.92699082e-01 4.49263709e-01
978 2 3.92699082e-01 4.46651286e-01
979 2 3.92699082e-01 4.47397201e-01
980 2 3.92699082e-01 4.48164361e-01
981 2 3.92699082e-01 4.47112610e-01
982 2 3.92699082e-01 4.48324240e-01
983 2 3.92699082e-01 4.48643288e-01
984 2 3.92699082e-01 4.47846960e-01
985 2 3.92699082e-01 4.46131524e-01
986 2 3.92699082e-01 4.47138783e-01
987 2 3.92699082e-01 4.46415307e-01
988 2 3.92699082e-01 4.47272596e-01
989 2 3.92699082e-01 4.46062901e-01
990 2 3.92699082e-01 4.47500147e-01
991 2 3.92699082e-01 4.45115324e-01
992 2 3.92699082e-01 4.48782815e-01
993 2 3.92699082e-01 4.49077216e-01
994 2 3.92699082e-01 4.47447055e-01
995 2 3.92699082e-01 4.49420125e-01
996 2 3.92699082e-01 4.47247847e-01
997 2 3.92699082e-01 4.48342128e-01
998 2 3.92699082e-01 4.48190910e-01
999 2 3.92699082e-01 4.49121952e-01
1000 2 3.92699082e-01 4.49124662e-01
1001 2 3.92699082e-01 4.50430828e-01
1002 2 3.92699082e-01 4.46889166e-01
1003 2 3.92699082e-01 4.47934583e-01
1004 2 3.92699082e-01 4.47731155e-01
1005 2 3.92699082e-01 4.46383154e-01
1006 2 3.92699082e-01 4.47736868e-01
1007 2 3.92699082e-01 4.46710269e-01
1008 2 3.92699082e-01 4.47025133e-01
1009 2 3.92699082e-01 4.46839156e-01
1010 2 3.92699082e-01 4.47735049e-01
1011 2 3.92699082e-01 4.47763117e-01
1012 2 3.92699082e-01 4.49977829e-01
1013 2 3.92699082e-01 4.45811789e-01
1014 2 3.92699082e-01 4.47757799e-01
1015 2 3.92699082e-01 4.46670116e-01
1016 2 3.92699082e-01 4.47633098e-01
1017 2 3.92699082e-01 4.42457787e-01
1018 2 3.92699082e-01 4.46889288e-01
1019 2 3.92699082e-01 4.47095995e-01
1020 2 3.92699082e-01 4.46378007e-01
1021 2 3.92699082e-01 4.47464020e-01
1022 2 3.92699082e-01 4.47952777e-01
1023 2 3.92699082e-01 4.48943705e-01
1024 2 3.92699082e-01 4.47787618e-01
1025 2 3.92699082e-01 4.45974489e-01
0 3 5.89048623e-01 6.36450306e-01
1 3 5.89048623e-01 6.33407167e-01
2 3 5.89048623e-01 6.33219473e-01
3 3 5.89048623e-01 6.34009981e-01
4 3 5.89048623e-01 6.34551363e-01
5 3 5.89048623e-01 6.34268314e-01
6 3 5.89048623e-01 6.31652937e-01
7 3 5.89048623e-01 6.34020521e-01
8 3 5.89048623e-01 6.33601908e-01
9 3 5.89048623e-01 6.34798353e-01
10 3 5.89048623e-01 6.35527433e-01
11 3 5.89048623e-01 6.33674347e-01
12 3 5.89048623e-01 6.34728017e-01
13 3 5.89048623e-01 6.33896568e-01
14 3 5.89048623e-01 6.31135670e-01
15 3 5.89048623e-01 6.34969346e-01
16 3 5.89048623e-01 6.30837998e-01
17 3 5.89048623e-01 6.33244391e-01
18 3 5.89048623e-01 6.34829652e-01
19 3 5.89048623e-01 6.33580753e-01
20 3 5.89048623e-01 6.34237611e-01
21 3 5.89048623e-01 6.34120097e-01
22 3 5.89048623e-01 6.33089947e-01
23 3 5.89048623e-01 6.34059399e-01
24 3 5.89048623e-01 6.33221278e-01
25 3 5.89048623e-01 6.34504096e-01
26 3 5.89048623e-01 6.32555987e-01
27 3 5.89048623e-01 6.33652324e-01
28 3 5.89048623e-01 6.35975493e-01
29 3 5.89048623e-01 6.33323447e-01
30 3 5.89048623e-01 6.33616675e-01
31 3 5.89048623e-01 6.32677308e-01
32 3 5.89048623e-01 6.35230442e-01
33 3 5.89048623e-01 6.31951088e-01
34 3 5.89048623e-01 6.32618297e-01
35 3 5.89048623e-01 6.32942783e-01
36 3 5.89048623e-01 6.33009749e-01
37 3 5.89048623e-01 6.32909003e-01
38 3 5.89048623e-01 6.33861050e-01
39 3 5.89048623e-01 6.35924606e-01
40 3 5.89048623e-01 6.35900687e-01
41 3 5.89048623e-01 6.35066418e-01
42 3 5.89048623e-01 6.36121097e-01
43 3 5.89048623e-01 6.33131001e-01
44 3 5.89048623e-01 6.37318033e-01
45 3 5.89048623e-01 6.34273776e-01
46 3 5.89048623e-01 6.37038448e-01
47 3 5.89048623e-01 6.37909863e-01
48 3 5.89048623e-01 6.34896569e-01
49 3 5.89048623e-01 6.32546576e-01
50 3 5.89048623e-01 6.37374601e-01
51 3 5.89048623e-01 6.35866586e-01
52 3 5.89048623e-01 6.35631454e-01
53 3 5.89048623e-01 6.34264567e-01
54 3 5.89048623e-01 6.32436133e-01
55 3 5.89048623e-01 6.36267917e-01
56 3 5.89048623e-01 6.34868299e-01
57 3 5.89048623e-01 6.33619779e-01
58 3 5.89048623e-01 6.32734987e-01
59 3 5.89048623e-01 6.32705242e-01
60 3 5.89048623e-01 6.34887671e-01
61 3 5.89048623e-01 6.35056802e-01
62 3 5.89048623e-01 6.31199417e-01
63 3 5.89048623e-01 6.32052081e-01
64 3 5.89048623e-01 6.34897952e-01
65 3 5.89048623e-01 6.36193294e-01
66 3 5.89048623e-01 6.34411861e-01
67 3 5.89048623e-01 6.35628619e-01
68 3 5.89048623e-01 6.33654262e-01
69 3 5.89048623e-01 6.34304018e-01
70 3 5.89048623e-01 6.36795946e-01
71 3 5.89048623e-01 6.35720190e-01
72 3 5.89048623e-01 6.33743119e-01
73 3 5.89048623e-01 6.32068097e-01
74 3 5.89048623e-01 6.32693334e-01
75 3 5.89048623e-01 6.35400529e-01
76 3 5.89048623e-01 6.34670969e-01
77 3 5.89048623e-01 6.35622256e-01
78 3 5.89048623e-01 6.37147025e-01
79 3 5.89048623e-01 6.33098163e-01
80 3 5.89048623e-01 6.32160647e-01
81 3 5.89048623e-01 6.31705051e-01
82 3 5.89048623e-01 6.30808018e-01
83 3 5.89048623e-01 6.35737971e-01
84 3 5.89048623e-01 6.34266388e-01
85 3 5.89048623e-01 6.33965395e-01
86 3 5.89048623e-01 6.32241831e-01
87 3 5.89048623e-01 6.35156552e-01
88 3 5.89048623e-01 6.35947589e-01
89 3 5.89048623e-01 6.33594306e-01
90 3 5.89048623e-01 6.35496907e-01
91 3 5.89048623e-01 6.30941591e-01
92 3 5.89048623e-01 6.37747936e-01
93 3 5.89048623e-01 6.36383682e-01
94 3 5.89048623e-01 6.34475353e-01
95 3 5.89048623e-01 6.35963409e-01
96 3 5.89048623e-01 6.36823470e-01
97 3 5.89048623e-01 6.32554223e-01
98 3 5.89048623e-01 6.30928418e-01
99 3 5.89048623e-01 6.30651806e-01
100 3 5.89048623e-01 6.31965524e-01
101 3 5.89048623e-01 6.34749059e-01
102 3 5.89048623e-01 6.33041101e-01
103 3 5.89048623e-01 6.34358155e-01
104 3 5.89048623e-01 6.32350201e-01
105 3 5.89048623e-01 6.32726062e-01
106 3 5.89048623e-01 6.32389472e-01
107 3 5.89048623e-01 6.31067609e-01
108 3 5.89048623e-01 6.37748275e-01
109 3 5.89048623e-01 6.34781339e-01
110 3 5.89048623e-01 6.31740912e-01
111 3 5.89048623e-01 6.33728180e-01
112 3 5.89048623e-01 6.34926140e-01
113 3 5.89048623e-01 6.31656638e-01
114 3 5.89048623e-01 6.34448775e-01
115 3 5.89048623e-01 6.33800142e-01
116 3 5.89048623e-01 6.34147123e-01
117 3 5.89048623e-01 6.35051660e-01
118 3 5.89048623e-01 6.32876877e-01
119 3 5.89048623e-01 6.36288983e-01
120 3 5.89048623e-01 6.32954275e-01
121 3 5.89048623e-01 6.33844047e-01
122 3 5.89048623e-01 6.35251875e-01
123 3 5.89048623e-01 6.33798856e-01
124 3 5.89048623e-01 6.35717995e-01
125 3 5.89048623e-01 6.36307612e-01
126 3 5.89048623e-01 6.32382569e-01
127 3 5.89048623e-01 6.35484225e-01
128 3 5.89048623e-01 6.35786047e-01
129 3 5.89048623e-01 6.32594238e-01
130 3 5.89048623e-01 6.33227119e-01
131 3 5.89048623e-01 6.34202686e-01
132 3 5.89048623e-01 6.33936927e-01
133 3 5.89048623e-01 6.34568269e-01
134 3 5.89048623e-01 6.31996718e-01
135 3 5.89048623e-01 6.37182245e-01
136 3 5.89048623e-01 6.32313415e-01
137 3 5.89048623e-01 6.33033786e-01
138 3 5.89048623e-01 6.36832080e-01
139 3 5.89048623e-01 6.35513823e-01
140 3 5.89048623e-01 6.36479977e-01
141 3 5.89048623e-01 6.34500923e-01
142 3 5.89048623e-01 6.34761552e-01
143 3 5.89048623e-01 6.33865079e-01
144 3 5.89048623e-01 6.37089645e-01
145 3 5.89048623e-01 6.35198244e-01
146 3 5.89048623e-01 6.34948323e-01
147 3 5.89048623e-01 6.37033870e-01
148 3 5.89048623e-01 6.33318501e-01
149 3 5.89048623e-01 6.33158050e-01
150 3 5.89048623e-01 6.34167686e-01
151 3 5.89048623e-01 6.34489206e-01
152 3 5.89048623e-01 6.38236879e-01
153 3 5.89048623e-01 6.33941230e-01
154 3 5.89048623e-01 6.31655913e-01
155 3 5.89048623e-01 6.33877788e-01
156 3 5.89048623e-01 6.35991852e-01
157 3 5.89048623e-01 6.33993208e-01
158 3 5.89048623e-01 6.34997174e-01
159 3 5.89048623e-01 6.33619691e-01
160 3 5.89048623e-01 6.32489343e-01
161 3 5.89048623e-01 6.33959202e-01
162 3 5.89048623e-01 6.36134515e-01
163 3 5.89048623e-01 6.37021863e-01
164 3 5.89048623e-01 6.34492683e-01
165 3 5.89048623e-01 6.33487358e-01
166 3 5.89048623e-01 6.33235631e-01
167 3 5.89048623e-01 6.37296219e-01
168 3 5.89048623e-01 6.34104894e-01
169 3 5.89048623e-01 6.33786856e-01
170 3 5.89048623e-01 6.32448530e-01
171 3 5.89048623e-01 6.37622116e-01
172 3 5.89048623e-01 6.35509055e-01
173 3 5.89048623e-01 6.34023773e-01
174 3 5.89048623e-01 6.36504626e-01
175 3 5.89048623e-01 6.32955231e-01
176 3 5.89048623e-01 6.34723962e-01
177 3 5.89048623e-01 6.35604765e-01
178 3 5.89048623e-01 6.36748414e-01
179 3 5.89048623e-01 6.37035906e-01
180 3 5.89048623e-01 6.31212896e-01
181 3 5.89048623e-01 6.32833944e-01
182 3 5.89048623e-01 6.34067257e-01
183 3 5.89048623e-01 6.33264381e-01
184 3 5.89048623e-01 6.32073673e-01
185 3 5.89048623e-01 6.34522504e-01
186 3 5.89048623e-01 6.32893388e-01
187 3 5.89048623e-01 6.32928761e-01
188 3 5.89048623e-01 6.32079679e-01
189 3 5.89048623e-01 6.34559356e-01
190 3 5.89048623e-01 6.33104276e-01
191 3 5.89048623e-01 6.34837733e-01
192 3 5.89048623e-01 6.34858587e-01
193 3 5.89048623e-01 6.33065304e-01
194 3 5.89048623e-01 6.32235530e-01
195 3 5.89048623e-01 6.29647815e-01
196 3 5.89048623e-01 6.35761748e-01
197 3 5.89048623e-01 6.34980363e-01
198 3 5.89048623e-01 6.36067661e-01
199 3 5.89048623e-01 6.34034007e-01
200 3 5.89048623e-01 6.34819532e-01
201 3 5.89048623e-01 6.33690038e-01
202 3 5.89048623e-01 6.34293552e-01
203 3 5.89048623e-01 6.33883912e-01
204 3 5.89048623e-01 6.33981512e-01
205 3 5.89048623e-01 6.36644270e-01
206 3 5.89048623e-01 6.33982273e-01
207 3 5.89048623e-01 6.32887853e-01
208 3 5.89048623e-01 6.32915000e-01
209 3 5.89048623e-01 6.33691968e-01
210 3 5.89048623e-01 6.34068769e-01
211 3 5.89048623e-01 6.33502412e-01
212 3 5.89048623e-01 6.33258106e-01
213 3 5.89048623e-01 6.32314746e-01
214 3 5.89048623e-01 6.35143576e-01
215 3 5.89048623e-01 6.32888062e-01
216 3 5.89048623e-01 6.36127750e-01
217 3 5.89048623e-01 6.33446254e-01
218 3 5.89048623e-01 6.36315625e-01
219 3 5.89048623e-01 6.35606109e-01
220 3 5.89048623e-01 6.38524825e-01
221 3 5.89048623e-01 6.31338275e-01
222 3 5.89048623e-01 6.36711678e-01
223 3 5.89048623e-01 6.36771408e-01
224 3 5.89048623e-01 6.30941113e-01
225 3 5.89048623e-01 6.32108337e-01
226 3 5.89048623e-01 6.34950841e-01
227 3 5.89048623e-01 6.34817031e-01
228 3 5.89048623e-01 6.32641251e-01
229 3 5.89048623e-01 6.37059346e-01
230 3 5.89048623e-01 6.31584061e-01
231 3 5.89048623e-01 6.29652525e-01
232 3 5.89048623e-01 6.33685443e-01
233 3 5.89048623e-01 6.33860144e-01
234 3 5.89048623e-01 6.33450261e-01
235 3 5.89048623e-01 6.33471266e-01
236 3 5.89048623e-01 6.34243483e-01
237 3 5.89048623e-01 6.34780817e-01
238 3 5.89048623e-01 6.30659151e-01
239 3 5.89048623e-01 6.32260433e-01
240 3 5.89048623e-01 6.34321792e-01
241 3 5.89048623e-01 6.32001903e-01
242 3 5.89048623e-01 6.35654334e-01
243 3 5.89048623e-01 6.36539835e-01
244 3 5.89048623e-01 6.33279644e-01
245 3 5.89048623e-01 6.34730413e-01
246 3 5.89048623e-01 6.32905486e-01
247 3 5.89048623e-01 6.31972191e-01
248 3 5.89048623e-01 6.33552030e-01
249 3 5.89048623e-01 6.34670551e-01
250 3 5.89048623e-01 6.36333805e-01
251 3 5.89048623e-01 6.34690865e-01
252 3 5.89048623e-01 6.33176156e-01
253 3 5.89048623e-01 6.32712694e-01
254 3 5.89048623e-01 6.36597184e-01
255 3 5.89048623e-01 6.33355945e-01
256 3 5.89048623e-01 6.32983407e-01
257 3 5.89048623e-01 6.30658426e-01
258 3 5.89048623e-01 6.35102462e-01
259 3 5.89048623e-01 6.37330567e-01
260 3 5.89048623e-01 6.34452237e-01
261 3 5.89048623e-01 6.35718789e-01
262 3 5.89048623e-01 6.32221724e-01
263 3 5.89048623e-01 6.39654599e-01
264 3 5.89048623e-01 6.37312529e-01
265 3 5.89048623e-01 6.35599506e-01
266 3 5.89048623e-01 6.32793108e-01
267 3 5.89048623e-01 6.31532949e-01
268 3 5.89048623e-01 6.34670473e-01
269 3 5.89048623e-01 6.36218197e-01
270 3 5.89048623e-01 6.33385202e-01
271 3 5.89048623e-01 6.34398791e-01
272 3 5.89048623e-01 6.34830114e-01
273 3 5.89048623e-01 6.36181621e-01
274 3 5.89048623e-01 6.32845220e-01
275 3 5.89048623e-01 6.35207878e-01
276 3 5.89048623e-01 6.36360361e-01
277 3 5.89048623e-01 6.36839869e-01
278 3 5.89048623e-01 6.31925987e-01
279 3 5.89048623e-01 6.31848949e-01
280 3 5.89048623e-01 6.34376949e-01
281 3 5.89048623e-01 6.35722868e-01
282 3 5.89048623e-01 6.33649877e-01
283 3 5.89048623e-01 6.32387997e-01
284 3 5.89048623e-01 6.33791566e-01
285 3 5.89048623e-01 6.35705578e-01
286 3 5.89048623e-01 6.39254794e-01
287 3 5.89048623e-01 6.30597685e-01
288 3 5.89048623e-01 6.36045838e-01
289 3 5.89048623e-01 6.31772580e-01
290 3 5.89048623e-01 6.36547046e-01
291 3 5.89048623e-01 6.33214887e-01
292 3 5.89048623e-01 6.37414449e-01
293 3 5.89048623e-01 6.35197673e-01
294 3 5.89048623e-01 6.37739364e-01
295 3 5.89048623e-01 6.37022305e-01
296 3 5.89048623e-01 6.35465743e-01
297 3 5.89048623e-01 6.34676068e-01
298 3 5.89048623e-01 6.36508893e-01
299 3 5.89048623e-01 6.33857768e-01
300 3 5.89048623e-01 6.31329353e-01
301 3 5.89048623e-01 6.33650367e-01
302 3 5.89048623e-01 6.34054817e-01
303 3 5.89048623e-01 6.32840356e-01
304 3 5.89048623e-01 6.32426256e-01
305 3 5.89048623e-01 6.32502401e-01
306 3 5.89048623e-01 6.32047307e-01
307 3 5.89048623e-01 6.32396694e-01
308 3 5.89048623e-01 6.33057299e-01
309 3 5.89048623e-01 6.33672712e-01
310 3 5.89048623e-01 6.35788162e-01
311 3 5.89048623e-01 6.34313648e-01
312 3 5.89048623e-01 6.37198397e-01
313 3 5.89048623e-01 6.33213925e-01
314 3 5.89048623e-01 6.34656474e-01
315 3 5.89048623e-01 6.33718928e-01
316 3 5.89048623e-01 6.35299576e-01
317 3 5.89048623e-01 6.34065633e-01
318 3 5.89048623e-01 6.32775586e-01
319 3 5.89048623e-01 6.34732561e-01
320 3 5.89048623e-01 6.33265814e-01
321 3 5.89048623e-01 6.34085662e-01
322 3 5.89048623e-01 6.34877509e-01
323 3 5.89048623e-01 6.31554553e-01
324 3 5.89048623e-01 6.35559817e-01
325 3 5.89048623e-01 6.31774287e-01
326 3 5.89048623e-01 6.37088927e-01
327 3 5.89048623e-01 6.31943820e-01
328 3 5.89048623e-01 6.31749510e-01
329 3 5.89048623e-01 6.36190979e-01
330 3 5.89048623e-01 6.34607146e-01
331 3 5.89048623e-01 6.31998932e-01
332 3 5.89048623e-01 6.33187619e-01
333 3 5.89048623e-01 6.36066875e-01
334 3 5.89048623e-01 6.34339563e-01
335 3 5.89048623e-01 6.34902626e-01
336 3 5.89048623e-01 6.32403210e-01
337 3 5.89048623e-01 6.34727609e-01
338 3 5.89048623e-01 6.36245871e-01
339 3 5.89048623e-01 6.34810938e-01
340 3 5.89048623e-01 6.35307835e-01
341 3 5.89048623e-01 6.34004100e-01
342 3 5.89048623e-01 6.33956074e-01
343 3 5.89048623e-01 6.33200474e-01
344 3 5.89048623e-01 6.32978915e-01
345 3 5.89048623e-01 6.34885343e-01
346 3 5.89048623e-01 6.34459057e-01
347 3 5.89048623e-01 6.37633861e-01
348 3 5.89048623e-01 6.35578397e-01
349 3 5.89048623e-01 6.30648834e-01
350 3 5.89048623e-01 6.34107315e-01
351 3 5.89048623e-01 6.34340264e-01
352 3 5.89048623e-01 6.32953984e-01
353 3 5.89048623e-01 6.38346050e-01
354 3 5.89048623e-01 6.35013913e-01
355 3 5.89048623e-01 6.34264474e-01
356 3 5.89048623e-01 6.33385176e-01
357 3 5.89048623e-01 6.33534769e-01
358 3 5.89048623e-01 6.34015044e-01
359 3 5.89048623e-01 6.33011582e-01
360 3 5.89048623e-01 6.33919094e-01
361 3 5.89048623e-01 6.32607515e-01
362 3 5.89048623e-01 6.35865239e-01
363 3 5.89048623e-01 6.31087727e-01
364 3 5.89048623e-01 6.35138940e-01
365 3 5.89048623e-01 6.34503661e-01
366 3 5.89048623e-01 6.33228777e-01
367 3 5.89048623e-01 6.35647415e-01
368 3 5.89048623e-01 6.32959287e-01
369 3 5.89048623e-01 6.31394913e-01
370 3 5.89048623e-01 6.33309482e-01
371 3 5.89048623e-01 6.31647304e-01
372 3 5.89048623e-01 6.32410113e-01
373 3 5.89048623e-01 6.34273532e-01
374 3 5.89048623e-01 6.35138770e-01
375 3 5.89048623e-01 6.31536564e-01
376 3 5.89048623e-01 6.32213712e-01
377 3 5.89048623e-01 6.32695684e-01
378 3 5.89048623e-01 6.34461052e-01
379 3 5.89048623e-01 6.36476902e-01
380 3 5.89048623e-01 6.36877745e-01
381 3 5.89048623e-01 6.37147487e-01
382 3 5.89048623e-01 6.35085951e-01
383 3 5.89048623e-01 6.35755590e-01
384 3 5.89048623e-01 6.32062769e-01
385 3 5.89048623e-01 6.32953881e-01
386 3 5.89048623e-01 6.35421103e-01
387 3 5.89048623e-01 6.35032397e-01
388 3 5.89048623e-01 6.31747810e-01
389 3 5.89048623e-01 6.34997673e-01
390 3 5.89048623e-01 6.34525189e-01
391 3 5.89048623e-01 6.32317421e-01
392 3 5.89048623e-01 6.37290794e-01
393 3 5.89048623e-01 6.35481188e-01
394 3 5.89048623e-01 6.34275109e-01
395 3 5.89048623e-01 6.34998510e-01
396 3 5.89048623e-01 6.35149857e-01
397 3 5.89048623e-01 6.35102551e-01
398 3 5.89048623e-01 6.37271202e-01
399 3 5.89048623e-01 6.34438315e-01
400 3 5.89048623e-01 6.34004598e-01
401 3 5.89048623e-01 6.34232766e-01
402 3 5.89048623e-01 6.34447871e-01
403 3 5.89048623e-01 6.31379053e-01
404 3 5.89048623e-01 6.33632040e-01
405 3 5.89048623e-01 6.35687813e-01
406 3 5.89048623e-01 6.35483225e-01
407 3 5.89048623e-01 6.32374594e-01
408 3 5.89048623e-01 6.31935599e-01
409 3 5.89048623e-01 6.36558948e-01
410 3 5.89048623e-01 6.33405692e-01
411 3 5.89048623e-01 6.29593360e-01
412 3 5.89048623e-01 6.34033201e-01
413 3 5.89048623e-01 6.33257039e-01
414 3 5.89048623e-01 6.36066318e-01
415 3 5.89048623e-01 6.34673671e-01
416 3 5.89048623e-01 6.32733014e-01
417 3 5.89048623e-01 6.36706605e-01
418 3 5.89048623e-01 6.32790627e-01
419 3 5.89048623e-01 6.36502405e-01
420 3 5.89048623e-01 6.36752183e-01
421 3 5.89048623e-01 6.35850110e-01
422 3 5.89048623e-01 6.35258456e-01
423 3 5.89048623e-01 6.30657346e-01
424 3 5.89048623e-01 6.31936996e-01
425 3 5.89048623e-01 6.36422545e-01
426 3 5.89048623e-01 6.32107998e-01
427 3 5.89048623e-01 6.36356298e-01
428 3 5.89048623e-01 6.33776442e-01
429 3 5.89048623e-01 6.33697930e-01
430 3 5.89048623e-01 6.35798079e-01
431 3 5.89048623e-01 6.35052671e-01
432 3 5.89048623e-01 6.35914058e-01
433 3 5.89048623e-01 6.35180474e-01
434 3 5.89048623e-01 6.35180561e-01
435 3 5.89048623e-01 6.34631662e-01
436 3 5.89048623e-01 6.33656311e-01
437 3 5.89048623e-01 6.35678119e-01
438 3 5.89048623e-01 6.37322361e-01
439 3 5.89048623e-01 6.35223161e-01
440 3 5.89048623e-01 6.35625028e-01
441 3 5.89048623e-01 6.35168019e-01
442 3 5.89048623e-01 6.32004442e-01
443 3 5.89048623e-01 6.33878999e-01
444 3 5.89048623e-01 6.34095756e-01
445 3 5.89048623e-01 6.33112952e-01
446 3 5.89048623e-01 6.38220460e-01
447 3 5.89048623e-01 6.34039664e-01
448 3 5.89048623e-01 6.34393600e-01
449 3 5.89048623e-01 6.34056985e-01
450 3 5.89048623e-01 6.33054723e-01
451 3 5.89048623e-01 6.34005304e-01
452 3 5.89048623e-01 6.34836626e-01
453 3 5.89048623e-01 6.36089935e-01
454 3 5.89048623e-01 6.33613918e-01
455 3 5.89048623e-01 6.34401802e-01
456 3 5.89048623e-01 6.34667267e-01
457 3 5.89048623e-01 6.36828638e-01
458 3 5.89048623e-01 6.37112918e-01
459 3 5.89048623e-01 6.36815339e-01
460 3 5.89048623e-01 6.35759546e-01
461 3 5.89048623e-01 6.33970186e-01
462 3 5.89048623e-01 6.35135699e-01
463 3 5.89048623e-01 6.35031115e-01
464 3 5.89048623e-01 6.31404374e-01
465 3 5.89048623e-01 6.33910654e-01
466 3 5.89048623e-01 6.32756820e-01
467 3 5.89048623e-01 6.36016857e-01
468 3 5.89048623e-01 6.35224129e-01
469 3 5.89048623e-01 6.35794162e-01
470 3 5.89048623e-01 6.32245015e-01
471 3 5.89048623e-01 6.34954359e-01
472 3 5.89048623e-01 6.32681954e-01
473 3 5.89048623e-01 6.35418020e-01
474 3 5.89048623e-01 6.34096107e-01
475 3 5.89048623e-01 6.33723757e-01
476 3 5.89048623e-01 6.33263827e-01
477 3 5.89048623e-01 6.34771155e-01
478 3 5.89048623e-01 6.31972319e-01
479 3 5.89048623e-01 6.35490646e-01
480 3 5.89048623e-01 6.34446741e-01
481 3 5.89048623e-01 6.33571211e-01
482 3 5.89048623e-01 6.29583920e-01
483 3 5.89048623e-01 6.32369993e-01
484 3 5.89048623e-01 6.31888999e-01
485 3 5.89048623e-01 6.32356333e-01
486 3 5.89048623e-01 6.34965865e-01
487 3 5.89048623e-01 6.35079199e-01
488 3 5.89048623e-01 6.35548091e-01
489 3 5.89048623e-01 6.33264604e-01
490 3 5.89048623e-01 6.36362445e-01
491 3 5.89048623e-01 6.36657011e-01
492 3 5.89048623e-01 6.34113633e-01
493 3 5.89048623e-01 6.35342210e-01
494 3 5.89048623e-01 6.35654503e-01
495 3 5.89048623e-01 6.35678346e-01
496 3 5.89048623e-01 6.33903245e-01
497 3 5.89048623e-01 6.34108748e-01
498 3 5.89048623e-01 6.32838002e-01
499 3 5.89048623e-01 6.34018721e-01
500 3 5.89048623e-01 6.33815941e-01
501 3 5.89048623e-01 6.35344874e-01
502 3 5.89048623e-01 6.34176594e-01
503 3 5.89048623e-01 6.31489957e-01
504 3 5.89048623e-01 6.35205646e-01
505 3 5.89048623e-01 6.31868600e-01
506 3 5.89048623e-01 6.32714638e-01
507 3 5.89048623e-01 6.29905444e-01
508 3 5.89048623e-01 6.38487995e-01
509 3 5.89048623e-01 6.36718083e-01
510 3 5.89048623e-01 6.34372519e-01
511 3 5.89048623e-01 6.34153503e-01
512 3 5.89048623e-01 6.32655315e-01
513 3 5.89048623e-01 6.35390397e-01
514 3 5.89048623e-01 6.34097673e-01
515 3 5.89048623e-01 6.32905911e-01
516 3 5.89048623e-01 6.34056116e-01
517 3 5.89048623e-01 6.36245264e-01
518 3 5.89048623e-01 6.33283858e-01
519 3 5.89048623e-01 6.31502068e-01
520 3 5.89048623e-01 6.37795568e-01
521 3 5.89048623e-01 6.33403880e-01
522 3 5.89048623e-01 6.30977969e-01
523 3 5.89048623e-01 6.34549116e-01
524 3 5.89048623e-01 6.35471095e-01
525 3 5.89048623e-01 6.33898774e-01
526 3 5.89048623e-01 6.37950774e-01
527 3 5.89048623e-01 6.30920001e-01
528 3 5.89048623e-01 6.34770482e-01
529 3 5.89048623e-01 6.37687860e-01
530 3 5.89048623e-01 6.31876739e-01
531 3 5.89048623e-01 6.34499638e-01
532 3 5.89048623e-01 6.30213563e-01
533 3 5.89048623e-01 6.34518739e-01
534 3 5.89048623e-01 6.34418226e-01
535 3 5.89048623e-01 6.34075700e-01
536 3 5.89048623e-01 6.36682972e-01
537 3 5.89048623e-01 6.32370903e-01
538 3 5.89048623e-01 6.35935497e-01
539 3 5.89048623e-01 6.38357589e-01
540 3 5.89048623e-01 6.32163541e-01
541 3 5.89048623e-01 6.32108810e-01
542 3 5.89048623e-01 6.34441519e-01
543 3 5.89048623e-01 6.31842338e-01
544 3 5.89048623e-01 6.36566505e-01
545 3 5.89048623e-01 6.35315537e-01
546 3 5.89048623e-01 6.33217620e-01
547 3 5.89048623e-01 6.29426847e-01
548 3 5.89048623e-01 6.35663055e-01
549 3 5.89048623e-01 6.31641117e-01
550 3 5.89048623e-01 6.34532073e-01
551 3 5.89048623e-01 6.37932389e-01
552 3 5.89048623e-01 6.36881532e-01
553 3 5.89048623e-01 6.34131044e-01
554 3 5.89048623e-01 6.33859018e-01
555 3 5.89048623e-01 6.37870459e-01
556 3 5.89048623e-01 6.34052956e-01
557 3 5.89048623e-01 6.33869747e-01
558 3 5.89048623e-01 6.34904659e-01
559 3 5.89048623e-01 6.36837852e-01
560 3 5.89048623e-01 6.33876795e-01
561 3 5.89048623e-01 6.31738687e-01
562 3 5.89048623e-01 6.32009963e-01
563 3 5.89048623e-01 6.34073049e-01
564 3 5.89048623e-01 6.33955115e-01
565 3 5.89048623e-01 6.34176818e-01
566 3 5.89048623e-01 6.36624194e-01
567 3 5.89048623e-01 6.35590373e-01
568 3 5.89048623e-01 6.34869992e-01
569 3 5.89048623e-01 6.33897390e-01
570 3 5.89048623e-01 6.35680713e-01
571 3 5.89048623e-01 6.33722656e-01
572 3 5.89048623e-01 6.32192591e-01
573 3 5.89048623e-01 6.35699096e-01
574 3 5.89048623e-01 6.34394493e-01
575 3 5.89048623e-01 6.37045114e-01
576 3 5.89048623e-01 6.35652411e-01
577 3 5.89048623e-01 6.34787038e-01
578 3 5.89048623e-01 6.33574313e-01
579 3 5.89048623e-01 6.36546064e-01
580 3 5.89048623e-01 6.33638504e-01
581 3 5.89048623e-01 6.32459953e-01
582 3 5.89048623e-01 6.35207630e-01
583 3 5.89048623e-01 6.35714753e-01
584 3 5.89048623e-01 6.35822512e-01
585 3 5.89048623e-01 6.34442101e-01
586 3 5.89048623e-01 6.33815773e-01
587 3 5.89048623e-01 6.35165032e-01
588 3 5.89048623e-01 6.34441201e-01
589 3 5.89048623e-01 6.32249398e-01
590 3 5.89048623e-01 6.35979454e-01
591 3 5.89048623e-01 6.35240666e-01
592 3 5.89048623e-01 6.35744496e-01
593 3 5.89048623e-01 6.37052899e-01
594 3 5.89048623e-01 6.36419541e-01
595 3 5.89048623e-01 6.36061722e-01
596 3 5.89048623e-01 6.34696564e-01
597 3 5.89048623e-01 6.36282313e-01
598 3 5.89048623e-01 6.34098197e-01
599 3 5.89048623e-01 6.34142364e-01
600 3 5.89048623e-01 6.34952712e-01
601 3 5.89048623e-01 6.36599093e-01
602 3 5.89048623e-01 6.35260878e-01
603 3 5.89048623e-01 6.33737119e-01
604 3 5.89048623e-01 6.33421025e-01
605 3 5.89048623e-01 6.33522087e-01
606 3 5.89048623e-01 6.35430354e-01
607 3 5.89048623e-01 6.32538664e-01
608 3 5.89048623e-01 6.31828591e-01
609 3 5.89048623e-01 6.32604084e-01
610 3 5.89048623e-01 6.34850935e-01
611 3 5.89048623e-01 6.33572535e-01
612 3 5.89048623e-01 6.32222028e-01
613 3 5.89048623e-01 6.36857904e-01
614 3 5.89048623e-01 6.34365113e-01
615 3 5.89048623e-01 6.36790304e-01
616 3 5.89048623e-01 6.33811755e-01
617 3 5.89048623e-01 6.33726992e-01
618 3 5.89048623e-01 6.34763065e-01
619 3 5.89048623e-01 6.34452299e-01
620 3 5.89048623e-01 6.34214624e-01
621 3 5.89048623e-01 6.31302029e-01
622 3 5.89048623e-01 6.34218304e-01
623 3 5.89048623e-01 6.35632517e-01
624 3 5.89048623e-01 6.35828395e-01
625 3 5.89048623e-01 6.35031659e-01
626 3 5.89048623e-01 6.33203614e-01
627 3 5.89048623e-01 6.34522029e-01
628 3 5.89048623e-01 6.37442528e-01
629 3 5.89048623e-01 6.37413194e-01
630 3 5.89048623e-01 6.31285073e-01
631 3 5.89048623e-01 6.34114574e-01
632 3 5.89048623e-01 6.32412376e-01
633 3 5.89048623e-01 6.33347702e-01
634 3 5.89048623e-01 6.36671381e-01
635 3 5.89048623e-01 6.34157790e-01
636 3 5.89048623e-01 6.30597349e-01
637 3 5.89048623e-01 6.34764839e-01
638 3 5.89048623e-01 6.34336579e-01
639 3 5.89048623e-01 6.33824036e-01
640 3 5.89048623e-01 6.33316346e-01
641 3 5.89048623e-01 6.35971185e-01
642 3 5.89048623e-01 6.36970883e-01
643 3 5.89048623e-01 6.31245508e-01
644 3 5.89048623e-01 6.35023753e-01
645 3 5.89048623e-01 6.29788133e-01
646 3 5.89048623e-01 6.31538773e-01
647 3 5.89048623e-01 6.33974984e-01
648 3 5.89048623e-01 6.35005241e-01
649 3 5.89048623e-01 6.31790671e-01
650 3 5.89048623e-01 6.32249079e-01
651 3 5.89048623e-01 6.35812605e-01
652 3 5.89048623e-01 6.32837517e-01
653 3 5.89048623e-01 6.33692319e-01
654 3 5.89048623e-01 6.30637750e-01
655 3 5.89048623e-01 6.31959708e-01
656 3 5.89048623e-01 6.33186934e-01
657 3 5.89048623e-01 6.32827078e-01
658 3 5.89048623e-01 6.34350953e-01
659 3 5.89048623e-01 6.35590136e-01
660 3 5.89048623e-01 6.36682436e-01
661 3 5.89048623e-01 6.35072349e-01
662 3 5.89048623e-01 6.32366222e-01
663 3 5.89048623e-01 6.32228074e-01
664 3 5.89048623e-01 6.34389232e-01
665 3 5.89048623e-01 6.35204366e-01
666 3 5.89048623e-01 6.34014847e-01
667 3 5.89048623e-01 6.32069885e-01
668 3 5.89048623e-01 6.32926633e-01
669 3 5.89048623e-01 6.35768431e-01
670 3 5.89048623e-01 6.35368067e-01
671 3 5.89048623e-01 6.34517986e-01
672 3 5.89048623e-01 6.37187849e-01
673 3 5.89048623e-01 6.37963978e-01
674 3 5.89048623e-01 6.32635813e-01
675 3 5.89048623e-01 6.37512130e-01
676 3 5.89048623e-01 6.36500523e-01
677 3 5.89048623e-01 6.35609105e-01
678 3 5.89048623e-01 6.32330458e-01
679 3 5.89048623e-01 6.35844549e-01
680 3 5.89048623e-01 6.36259843e-01
681 3 5.89048623e-01 6.35996379e-01
682 3 5.89048623e-01 6.35926478e-01
683 3 5.89048623e-01 6.36944865e-01
684 3 5.89048623e-01 6.30529741e-01
685 3 5.89048623e-01 6.30921106e-01
686 3 5.89048623e-01 6.32513366e-01
687 3 5.89048623e-01 6.36618078e-01
688 3 5.89048623e-01 6.35717514e-01
689 3 5.89048623e-01 6.35040242e-01
690 3 5.89048623e-01 6.34544308e-01
691 3 5.89048623e-01 6.35396034e-01
692 3 5.89048623e-01 6.36911991e-01
693 3 5.89048623e-01 6.33246075e-01
694 3 5.89048623e-01 6.34084031e-01
695 3 5.89048623e-01 6.36116804e-01
696 3 5.89048623e-01 6.35727695e-01
697 3 5.89048623e-01 6.35375159e-01
698 3 5.89048623e-01 6.31535984e-01
699 3 5.89048623e-01 6.32885221e-01
700 3 5.89048623e-01 6.35140243e-01
701 3 5.89048623e-01 6.34485655e-01
702 3 5.89048623e-01 6.32278620e-01
703 3 5.89048623e-01 6.34931419e-01
704 3 5.89048623e-01 6.34621702e-01
705 3 5.89048623e-01 6.33779340e-01
706 3 5.89048623e-01 6.37176741e-01
707 3 5.89048623e-01 6.32082613e-01
708 3 5.89048623e-01 6.33185348e-01
709 3 5.89048623e-01 6.34862963e-01
710 3 5.89048623e-01 6.33477411e-01
711 3 5.89048623e-01 6.34625063e-01
712 3 5.89048623e-01 6.33709277e-01
713 3 5.89048623e-01 6.34774943e-01
714 3 5.89048623e-01 6.34204552e-01
715 3 5.89048623e-01 6.35413947e-01
716 3 5.89048623e-01 6.35819412e-01
717 3 5.89048623e-01 6.35111027e-01
718 3 5.89048623e-01 6.34007885e-01
719 3 5.89048623e-01 6.34486369e-01
720 3 5.89048623e-01 6.35952261e-01
721 3 5.89048623e-01 6.38442342e-01
722 3 5.89048623e-01 6.32734309e-01
723 3 5.89048623e-01 6.33785003e-01
724 3 5.89048623e-01 6.30331238e-01
725 3 5.89048623e-01 6.36932523e-01
726 3 5.89048623e-01 6.35198138e-01
727 3 5.89048623e-01 6.31771933e-01
728 3 5.89048623e-01 6.33797002e-01
729 3 5.89048623e-01 6.34300654e-01
730 3 5.89048623e-01 6.35215979e-01
731 3 5.89048623e-01 6.32400772e-01
732 3 5.89048623e-01 6.36725105e-01
733 3 5.89048623e-01 6.35401646e-01
734 3 5.89048623e-01 6.33537285e-01
735 3 5.89048623e-01 6.36253311e-01
736 3 5.89048623e-01 6.33179300e-01
737 3 5.89048623e-01 6.33115509e-01
738 3 5.89048623e-01 6.33211285e-01
739 3 5.89048623e-01 6.35910674e-01
740 3 5.89048623e-01 6.33870950e-01
741 3 5.89048623e-01 6.32017030e-01
742 3 5.89048623e-01 6.36217528e-01
743 3 5.89048623e-01 6.35957147e-01
744 3 5.89048623e-01 6.33653699e-01
745 3 5.89048623e-01 6.34238853e-01
746 3 5.89048623e-01 6.37358014e-01
747 3 5.89048623e-01 6.32952542e-01
748 3 5.89048623e-01 6.36385436e-01
749 3 5.89048623e-01 6.36950416e-01
750 3 5.89048623e-01 6.32078264e-01
751 3 5.89048623e-01 6.32890974e-01
752 3 5.89048623e-01 6.34911734e-01
753 3 5.89048623e-01 6.34478307e-01
754 3 5.89048623e-01 6.31350262e-01
755 3 5.89048623e-01 6.34338428e-01
756 3 5.89048623e-01 6.34031116e-01
757 3 5.89048623e-01 6.30558852e-01
758 3 5.89048623e-01 6.34993445e-01
759 3 5.89048623e-01 6.34970814e-01
760 3 5.89048623e-01 6.29797935e-01
761 3 5.89048623e-01 6.32318712e-01
762 3 5.89048623e-01 6.37920188e-01
763 3 5.89048623e-01 6.31973222e-01
764 3 5.89048623e-01 6.35321545e-01
765 3 5.89048623e-01 6.31825401e-01
766 3 5.89048623e-01 6.32817827e-01
767 3 5.89048623e-01 6.34396879e-01
768 3 5.89048623e-01 6.33626776e-01
769 3 5.89048623e-01 6.34475449e-01
770 3 5.89048623e-01 6.31118402e-01
771 3 5.89048623e-01 6.33793497e-01
772 3 5.89048623e-01 6.34718153e-01
773 3 5.89048623e-01 6.35786217e-01
774 3 5.89048623e-01 6.33108217e-01
775 3 5.89048623e-01 6.35176283e-01
776 3 5.89048623e-01 6.34153964e-01
777 3 5.89048623e-01 6.31533573e-01
778 3 5.89048623e-01 6.33999451e-01
779 3 5.89048623e-01 6.35612662e-01
780 3 5.89048623e-01 6.33106039e-01
781 3 5.89048623e-01 6.36810450e-01
782 3 5.89048623e-01 6.32378827e-01
783 3 5.89048623e-01 6.35235191e-01
784 3 5.89048623e-01 6.32907416e-01
785 3 5.89048623e-01 6.34449001e-01
786 3 5.89048623e-01 6.33744922e-01
787 3 5.89048623e-01 6.34486967e-01
788 3 5.89048623e-01 6.34938279e-01
789 3 5.89048623e-01 6.34704264e-01
790 3 5.89048623e-01 6.34120443e-01
791 3 5.89048623e-01 6.36975253e-01
792 3 5.89048623e-01 6.33938348e-01
793 3 5.89048623e-01 6.35209105e-01
794 3 5.89048623e-01 6.34894329e-01
795 3 5.89048623e-01 6.36916637e-01
796 3 5.89048623e-01 6.31684193e-01
797 3 5.89048623e-01 6.32920713e-01
798 3 5.89048623e-01 6.36476565e-01
799 3 5.89048623e-01 6.32756284e-01
800 3 5.89048623e-01 6.32837892e-01
801 3 5.89048623e-01 6.35694951e-01
802 3 5.89048623e-01 6.32597080e-01
803 3 5.89048623e-01 6.36770149e-01
804 3 5.89048623e-01 6.32308020e-01
805 3 5.89048623e-01 6.31248553e-01
806 3 5.89048623e-01 6.36601269e-01
807 3 5.89048623e-01 6.36566428e-01
808 3 5.89048623e-01 6.36304467e-01
809 3 5.89048623e-01 6.33750763e-01
810 3 5.89048623e-01 6.34129490e-01
811 3 5.89048623e-01 6.33870371e-01
812 3 5.89048623e-01 6.32954267e-01
813 3 5.89048623e-01 6.36131771e-01
814 3 5.89048623e-01 6.32581327e-01
815 3 5.89048623e-01 6.34426527e-01
816 3 5.89048623e-01 6.35659042e-01
817 3 5.89048623e-01 6.32082522e-01
818 3 5.89048623e-01 6.32896083e-01
819 3 5.89048623e-01 6.32138907e-01
820 3 5.89048623e-01 6.32491596e-01
821 3 5.89048623e-01 6.34021832e-01
822 3 5.89048623e-01 6.34925011e-01
823 3 5.89048623e-01 6.37475558e-01
824 3 5.89048623e-01 6.32941788e-01
825 3 5.89048623e-01 6.33759575e-01
826 3 5.89048623e-01 6.36962002e-01
827 3 5.89048623e-01 6.32125725e-01
828 3 5.89048623e-01 6.32318791e-01
829 3 5.89048623e-01 6.34052501e-01
830 3 5.89048623e-01 6.33199542e-01
831 3 5.89048623e-01 6.34233785e-01
832 3 5.89048623e-01 6.34558595e-01
833 3 5.89048623e-01 6.36632731e-01
834 3 5.89048623e-01 6.34129078e-01
835 3 5.89048623e-01 6.34546980e-01
836 3 5.89048623e-01 6.37991172e-01
837 3 5.89048623e-01 6.35757280e-01
838 3 5.89048623e-01 6.34118420e-01
839 3 5.89048623e-01 6.32846941e-01
840 3 5.89048623e-01 6.33285456e-01
841 3 5.89048623e-01 6.34391975e-01
842 3 5.89048623e-01 6.35733461e-01
843 3 5.89048623e-01 6.34795737e-01
844 3 5.89048623e-01 6.34414478e-01
845 3 5.89048623e-01 6.36145919e-01
846 3 5.89048623e-01 6.33336632e-01
847 3 5.89048623e-01 6.34395645e-01
848 3 5.89048623e-01 6.32589524e-01
849 3 5.89048623e-01 6.34102829e-01
850 3 5.89048623e-01 6.35334236e-01
851 3 5.89048623e-01 6.35470380e-01
852 3 5.89048623e-01 6.35638389e-01
853 3 5.89048623e-01 6.30874336e-01
854 3 5.89048623e-01 6.35272221e-01
855 3 5.89048623e-01 6.37257483e-01
856 3 5.89048623e-01 6.36039031e-01
857 3 5.89048623e-01 6.32186897e-01
858 3 5.89048623e-01 6.36744036e-01
859 3 5.89048623e-01 6.35911262e-01
860 3 5.89048623e-01 6.36053578e-01
861 3 5.89048623e-01 6.33094212e-01
862 3 5.89048623e-01 6.34983920e-01
863 3 5.89048623e-01 6.33230403e-01
864 3 5.89048623e-01 6.30514028e-01
865 3 5.89048623e-01 6.34463005e-01
866 3 5.89048623e-01 6.34641025e-01
867 3 5.89048623e-01 6.36478532e-01
868 3 5.89048623e-01 6.35638306e-01
869 3 5.89048623e-01 6.35055354e-01
870 3 5.89048623e-01 6.30365327e-01
871 3 5.89048623e-01 6.32755221e-01
872 3 5.89048623e-01 6.35054350e-01
873 3 5.89048623e-01 6.35247347e-01
874 3 5.89048623e-01 6.34337280e-01
875 3 5.89048623e-01 6.33919992e-01
876 3 5.89048623e-01 6.34606343e-01
877 3 5.89048623e-01 6.34648151e-01
878 3 5.89048623e-01 6.30470980e-01
879 3 5.89048623e-01 6.33089883e-01
880 3 5.89048623e-01 6.34668511e-01
881 3 5.89048623e-01 6.36655312e-01
882 3 5.89048623e-01 6.36194943e-01
883 3 5.89048623e-01 6.33126242e-01
884 3 5.89048623e-01 6.32407892e-01
885 3 5.89048623e-01 6.35367376e-01
886 3 5.89048623e-01 6.34389261e-01
887 3 5.89048623e-01 6.32132301e-01
888 3 5.89048623e-01 6.36361105e-01
889 3 5.89048623e-01 6.38682280e-01
890 3 5.89048623e-01 6.32670462e-01
891 3 5.89048623e-01 6.34641762e-01
892 3 5.89048623e-01 6.30022625e-01
893 3 5.89048623e-01 6.33995834e-01
894 3 5.89048623e-01 6.35673516e-01
895 3 5.89048623e-01 6.34700970e-01
896 3 5.89048623e-01 6.33937441e-01
897 3 5.89048623e-01 6.37352952e-01
898 3 5.89048623e-01 6.33435272e-01
899 3 5.89048623e-01 6.35190978e-01
900 3 5.89048623e-01 6.30657836e-01
901 3 5.89048623e-01 6.37799691e-01
902 3 5.89048623e-01 6.33911355e-01
903 3 5.89048623e-01 6.32369266e-01
904 3 5.89048623e-01 6.33536747e-01
905 3 5.89048623e-01 6.36018835e-01
906 3 5.89048623e-01 6.38715068e-01
907 3 5.89048623e-01 6.34501465e-01
908 3 5.89048623e-01 6.35652445e-01
909 3 5.89048623e-01 6.36176803e-01
910 3 5.89048623e-01 6.33512023e-01
911 3 5.89048623e-01 6.36671455e-01
912 3 5.89048623e-01 6.34800585e-01
913 3 5.89048623e-01 6.35442359e-01
914 3 5.89048623e-01 6.35258192e-01
915 3 5.89048623e-01 6.32439449e-01
916 3 5.89048623e-01 6.34671352e-01
917 3 5.89048623e-01 6.34591042e-01
918 3 5.89048623e-01 6.36114261e-01
919 3 5.89048623e-01 6.32072344e-01
920 3 5.89048623e-01 6.35385529e-01
921 3 5.89048623e-01 6.32254691e-01
922 3 5.89048623e-01 6.34390271e-01
923 3 5.89048623e-01 6.35769342e-01
924 3 5.89048623e-01 6.34581649e-01
925 3 5.89048623e-01 6.33406768e-01
926 3 5.89048623e-01 6.33391382e-01
927 3 5.89048623e-01 6.33640877e-01
928 3 5.89048623e-01 6.32246903e-01
929 3 5.89048623e-01 6.33804558e-01
930 3 5.89048623e-01 6.36692067e-01
931 3 5.89048623e-01 6.35934213e-01
932 3 5.89048623e-01 6.33091403e-01
933 3 5.89048623e-01 6.32385471e-01
934 3 5.89048623e-01 6.33724195e-01
935 3 5.89048623e-01 6.32274822e-01
936 3 5.89048623e-01 6.30661548e-01
937 3 5.89048623e-01 6.38232696e-01
938 3 5.89048623e-01 6.36483905e-01
939 3 5.89048623e-01 6.34204807e-01
940 3 5.89048623e-01 6.33689472e-01
941 3 5.89048623e-01 6.33949619e-01
942 3 5.89048623e-01 6.33377711e-01
943 3 5.89048623e-01 6.34969285e-01
944 3 5.89048623e-01 6.37880516e-01
945 3 5.89048623e-01 6.36790653e-01
946 3 5.89048623e-01 6.34792063e-01
947 3 5.89048623e-01 6.33977032e-01
948 3 5.89048623e-01 6.35160386e-01
949 3 5.89048623e-01 6.35156337e-01
950 3 5.89048623e-01 6.33286032e-01
951 3 5.89048623e-01 6.36487646e-01
952 3 5.89048623e-01 6.31754422e-01
953 3 5.89048623e-01 6.35547553e-01
954 3 5.89048623e-01 6.32917871e-01
955 3 5.89048623e-01 6.33435727e-01
956 3 5.89048623e-01 6.34178931e-01
957 3 5.89048623e-01 6.34991414e-01
958 3 5.89048623e-01 6.34224240e-01
959 3 5.89048623e-01 6.32437076e-01
960 3 5.89048623e-01 6.33859363e-01
961 3 5.89048623e-01 6.36722530e-01
962 3 5.89048623e-01 6.33069587e-01
963 3 5.89048623e-01 6.33834211e-01
964 3 5.89048623e-01 6.30716256e-01
965 3 5.89048623e-01 6.37303462e-01
966 3 5.89048623e-01 6.35404203e-01
967 3 5.89048623e-01 6.33565936e-01
968 3 5.89048623e-01 6.33242349e-01
969 3 5.89048623e-01 6.32693124e-01
970 3 5.89048623e-01 6.36500790e-01
971 3 5.89048623e-01 6.32919044e-01
972 3 5.89048623e-01 6.34397850e-01
973 3 5.89048623e-01 6.36364596e-01
974 3 5.89048623e-01 6.32142209e-01
975 3 5.89048623e-01 6.37962055e-01
976 3 5.89048623e-01 6.35993483e-01
977 3 5.89048623e-01 6.36472285e-01
978 3 5.89048623e-01 6.32707667e-01
979 3 5.89048623e-01 6.33694430e-01
980 3 5.89048623e-01 6.34875374e-01
981 3 5.89048623e-01 6.33574359e-01
982 3 5.89048623e-01 6.34998194e-01
983 3 5.89048623e-01 6.35768132e-01
984 3 5.89048623e-01 6.34393408e-01
985 3 5.89048623e-01 6.31991140e-01
986 3 5.89048623e-01 6.33454324e-01
987 3 5.89048623e-01 6.32279198e-01
988 3 5.89048623e-01 6.33894663e-01
989 3 5.89048623e-01 6.31842153e-01
990 3 5.89048623e-01 6.34043382e-01
991 3 5.89048623e-01 6.30635724e-01
992 3 5.89048623e-01 6.35808111e-01
993 3 5.89048623e-01 6.36315138e-01
994 3 5.89048623e-01 6.34002154e-01
995 3 5.89048623e-01 6.36999304e-01
996 3 5.89048623e-01 6.33449596e-01
997 3 5.89048623e-01 6.35144620e-01
998 3 5.89048623e-01 6.35087257e-01
999 3 5.89048623e-01 6.36464626e-01
1000 3 5.89048623e-01 6.36302673e-01
1001 3 5.89048623e-01 6.38285525e-01
1002 3 5.89048623e-01 6.32832236e-01
1003 3 5.89048623e-01 6.34680056e-01
1004 3 5.89048623e-01 6.34364398e-01
1005 3 5.89048623e-01 6.32170885e-01
1006 3 5.89048623e-01 6.34672838e-01
1007 3 5.89048623e-01 6.32969064e-01
1008 3 5.89048623e-01 6.33304040e-01
1009 3 5.89048623e-01 6.33064954e-01
1010 3 5.89048623e-01 6.34496511e-01
1011 3 5.89048623e-01 6.34468559e-01
1012 3 5.89048623e-01 6.37397020e-01
1013 3 5.89048623e-01 6.31460343e-01
1014 3 5.89048623e-01 6.34372192e-01
1015 3 5.89048623e-01 6.32934390e-01
1016 3 5.89048623e-01 6.34367948e-01
1017 3 5.89048623e-01 6.26831319e-01
1018 3 5.89048623e-01 6.33223887e-01
1019 3 5.89048623e-01 6.33504114e-01
1020 3 5.89048623e-01 6.32576488e-01
1021 3 5.89048623e-01 6.33885334e-01
1022 3 5.89048623e-01 6.34707004e-01
1023 3 5.89048623e-01 6.36196897e-01
1024 3 5.89048623e-01 6.34413677e-01
1025 3 5.89048623e-01 6.31754709e-01
0 4 7.85398163e-01 8.11287990e-01
1 4 7.85398163e-01 8.07148944e-01
2 4 7.85398163e-01 8.07032180e-01
3 4 7.85398163e-01 8.08233131e-01
4 4 7.85398163e-01 8.08415268e-01
5 4 7.85398163e-01 8.08139215e-01
6 4 7.85398163e-01 8.04687114e-01
7 4 7.85398163e-01 8.07855631e-01
8 4 7.85398163e-01 8.06998096e-01
9 4 7.85398163e-01 8.09148936e-01
10 4 7.85398163e-01 8.09742122e-01
11 4 7.85398163e-01 8.07896816e-01
12 4 7.85398163e-01 8.08539278e-01
13 4 7.85398163e-01 8.07945906e-01
14 4 7.85398163e-01 8.04229562e-01
15 4 7.85398163e-01 8.08929735e-01
16 4 7.85398163e-01 8.03802891e-01
17 4 7.85398163e-01 8.06976520e-01
18 4 7.85398163e-01 8.09195929e-01
19 4 7.85398163e-01 8.07474624e-01
20 4 7.85398163e-01 8.08397970e-01
21 4 7.85398163e-01 8.08011838e-01
22 4 7.85398163e-01 8.06875320e-01
23 4 7.85398163e-01 8.07926673e-01
24 4 7.85398163e-01 8.06761602e-01
25 4 7.85398163e-01 8.08361122e-01
26 4 7.85398163e-01 8.06497080e-01
27 4 7.85398163e-01 8.07703761e-01
28 4 7.85398163e-01 8.09892182e-01
29 4 7.85398163e-01 8.06753434e-01
30 4 7.85398163e-01 8.07661735e-01
31 4 7.85398163e-01 8.06136894e-01
32 4 7.85398163e-01 8.09305299e-01
33 4 7.85398163e-01 8.05155186e-01
34 4 7.85398163e-01 8.05815606e-01
35 4 7.85398163e-01 8.06363743e-01
36 4 7.85398163e-01 8.06607787e-01
37 4 7.85398163e-01 8.06326757e-01
38 4 7.85398163e-01 8.07915947e-01
39 4 7.85398163e-01 8.10090573e-01
40 4 7.85398163e-01 8.09849698e-01
41 4 7.85398163e-01 8.09034814e-01
42 4 7.85398163e-01 8.10787506e-01
43 4 7.85398163e-01 8.06572975e-01
44 4 7.85398163e-01 8.12741361e-01
45 4 7.85398163e-01 8.08186530e-01
46 4 7.85398163e-01 8.11686770e-01
47 4 7.85398163e-01 8.13322222e-01
48 4 7.85398163e-01 8.09034824e-01
49 4 7.85398163e-01 8.06208385e-01
50 4 7.85398163e-01 8.11916595e-01
51 4 7.85398163e-01 8.10462736e-01
52 4 7.85398163e-01 8.10073363e-01
53 4 7.85398163e-01 8.08117171e-01
54 4 7.85398163e-01 8.05789003e-01
55 4 7.85398163e-01 8.11471267e-01
56 4 7.85398163e-01 8.09087786e-01
57 4 7.85398163e-01 8.07483067e-01
58 4 7.85398163e-01 8.06222295e-01
59 4 7.85398163e-01 8.06067492e-01
60 4 7.85398163e-01 8.09154663e-01
61 4 7.85398163e-01 8.09027357e-01
62 4 7.85398163e-01 8.04225590e-01
63 4 7.85398163e-01 8.05371314e-01
64 4 7.85398163e-01 8.08900596e-01
65 4 7.85398163e-01 8.10380008e-01
66 4 7.85398163e-01 8.08427317e-01
67 4 7.85398163e-01 8.09692515e-01
68 4 7.85398163e-01 8.07424873e-01
69 4 7.85398163e-01 8.08312590e-01
70 4 7.85398163e-01 8.11050686e-01
71 4 7.85398163e-01 8.10382368e-01
72 4 7.85398163e-01 8.07704795e-01
73 4 7.85398163e-01 8.05120821e-01
74 4 7.85398163e-01 8.05829587e-01
75 4 7.85398163e-01 8.09846355e-01
76 4 7.85398163e-01 8.08811545e-01
77 4 7.85398163e-01 8.09663194e-01
78 4 7.85398163e-01 8.12244758e-01
79 4 7.85398163e-01 8.06726342e-01
80 4 7.85398163e-01 8.05549525e-01
81 4 7.85398163e-01 8.04632953e-01
82 4 7.85398163e-01 8.03295775e-01
83 4 7.85398163e-01 8.10343035e-01
84 4 7.85398163e-01 8.08473994e-01
85 4 7.85398163e-01 8.07904613e-01
86 4 7.85398163e-01 8.06024758e-01
87 4 7.85398163e-01 8.09996812e-01
88 4 7.85398163e-01 8.10358103e-01
89 4 7.85398163e-01 8.07261388e-01
90 4 7.85398163e-01 8.09974798e-01
91 4 7.85398163e-01 8.03967565e-01
92 4 7.85398163e-01 8.12920694e-01
93 4 7.85398163e-01 8.10770847e-01
94 4 7.85398163e-01 8.08445750e-01
95 4 7.85398163e-01 8.10393814e-01
96 4 7.85398163e-01 8.11401290e-01
97 4 7.85398163e-01 8.06510184e-01
98 4 7.85398163e-01 8.04051818e-01
99 4 7.85398163e-01 8.04089453e-01
100 4 7.85398163e-01 8.04938303e-01
101 4 7.85398163e-01 8.08878135e-01
102 4 7.85398163e-01 8.06333858e-01
103 4 7.85398163e-01 8.08524920e-01
104 4 7.85398163e-01 8.05943844e-01
105 4 7.85398163e-01 8.06034623e-01
106 4 7.85398163e-01 8.05759510e-01
107 4 7.85398163e-01 8.03767317e-01
108 4 7.85398163e-01 8.12837092e-01
109 4 7.85398163e-01 8.08770946e-01
110 4 7.85398163e-01 8.04984664e-01
111 4 7.85398163e-01 8.07199751e-01
112 4 7.85398163e-01 8.09092766e-01
113 4 7.85398163e-01 8.04909625e-01
114 4 7.85398163e-01 8.08587875e-01
115 4 7.85398163e-01 8.07597826e-01
116 4 7.85398163e-01 8.08278223e-01
117 4 7.85398163e-01 8.08983937e-01
118 4 7.85398163e-01 8.06120065e-01
119 4 7.85398163e-01 8.10775637e-01
120 4 7.85398163e-01 8.06668384e-01
121 4 7.85398163e-01 8.07541226e-01
122 4 7.85398163e-01 8.09408315e-01
123 4 7.85398163e-01 8.07623597e-01
124 4 7.85398163e-01 8.10535300e-01
125 4 7.85398163e-01 8.10959581e-01
126 4 7.85398163e-01 8.05566323e-01
127 4 7.85398163e-01 8.09970417e-01
128 4 7.85398163e-01 8.10487235e-01
129 4 7.85398163e-01 8.06111040e-01
130 4 7.85398163e-01 8.06819002e-01
131 4 7.85398163e-01 8.08207313e-01
132 4 7.85398163e-01 8.07407676e-01
133 4 7.85398163e-01 8.08432686e-01
134 4 7.85398163e-01 8.05227331e-01
135 4 7.85398163e-01 8.12062302e-01
136 4 7.85398163e-01 8.05443663e-01
137 4 7.85398163e-01 8.06553610e-01
138 4 7.85398163e-01 8.11657877e-01
139 4 7.85398163e-01 8.09669303e-01
140 4 7.85398163e-01 8.11415179e-01
141 4 7.85398163e-01 8.08261757e-01
142 4 7.85398163e-01 8.08840633e-01
143 4 7.85398163e-01 8.07648358e-01
144 4 7.85398163e-01 8.12280875e-01
145 4 7.85398163e-01 8.09453081e-01
146 4 7.85398163e-01 8.08668075e-01
147 4 7.85398163e-01 8.11451352e-01
148 4 7.85398163e-01 8.06798871e-01
149 4 7.85398163e-01 8.06727493e-01
150 4 7.85398163e-01 8.08385886e-01
151 4 7.85398163e-01 8.08578156e-01
152 4 7.85398163e-01 8.13237315e-01
153 4 7.85398163e-01 8.07734032e-01
154 4 7.85398163e-01 8.04502840e-01
155 4 7.85398163e-01 8.07319337e-01
156 4 7.85398163e-01 8.10545347e-01
157 4 7.85398163e-01 8.07967980e-01
158 4 7.85398163e-01 8.08944306e-01
159 4 7.85398163e-01 8.07433492e-01
160 4 7.85398163e-01 8.05693523e-01
161 4 7.85398163e-01 8.07802955e-01
162 4 7.85398163e-01 8.10443805e-01
163 4 7.85398163e-01 8.11919223e-01
164 4 7.85398163e-01 8.08563674e-01
165 4 7.85398163e-01 8.07132567e-01
166 4 7.85398163e-01 8.06931116e-01
167 4 7.85398163e-01 8.12425114e-01
168 4 7.85398163e-01 8.08103496e-01
169 4 7.85398163e-01 8.07582609e-01
170 4 7.85398163e-01 8.05806731e-01
171 4 7.85398163e-01 8.12710275e-01
172 4 7.85398163e-01 8.09880782e-01
173 4 7.85398163e-01 8.08256142e-01
174 4 7.85398163e-01 8.11178291e-01
175 4 7.85398163e-01 8.06716931e-01
176 4 7.85398163e-01 8.09128687e-01
177 4 7.85398163e-01 8.10018180e-01
178 4 7.85398163e-01 8.11984405e-01
179 4 7.85398163e-01 8.11574371e-01
180 4 7.85398163e-01 8.04331433e-01
181 4 7.85398163e-01 8.06272963e-01
182 4 7.85398163e-01 8.07831805e-01
183 4 7.85398163e-01 8.07000221e-01
184 4 7.85398163e-01 8.05652882e-01
185 4 7.85398163e-01 8.08778862e-01
186 4 7.85398163e-01 8.06428176e-01
187 4 7.85398163e-01 8.06721500e-01
188 4 7.85398163e-01 8.05143185e-01
189 4 7.85398163e-01 8.08519474e-01
190 4 7.85398163e-01 8.06644779e-01
191 4 7.85398163e-01 8.08672072e-01
192 4 7.85398163e-01 8.08601470e-01
193 4 7.85398163e-01 8.06869894e-01
194 4 7.85398163e-01 8.05875320e-01
195 4 7.85398163e-01 8.02232295e-01
196 4 7.85398163e-01 8.10207272e-01
197 4 7.85398163e-01 8.09174269e-01
198 4 7.85398163e-01 8.10578941e-01
199 4 7.85398163e-01 8.07817738e-01
200 4 7.85398163e-01 8.09151424e-01
201 4 7.85398163e-01 8.07508056e-01
202 4 7.85398163e-01 8.08084435e-01
203 4 7.85398163e-01 8.07771039e-01
204 4 7.85398163e-01 8.07627938e-01
205 4 7.85398163e-01 8.11090747e-01
206 4 7.85398163e-01 8.08074817e-01
207 4 7.85398163e-01 8.06379168e-01
208 4 7.85398163e-01 8.06634365e-01
209 4 7.85398163e-01 8.07573136e-01
210 4 7.85398163e-01 8.07857054e-01
211 4 7.85398163e-01 8.07449679e-01
212 4 7.85398163e-01 8.06810680e-01
213 4 7.85398163e-01 8.05554455e-01
214 4 7.85398163e-01 8.09418067e-01
215 4 7.85398163e-01 8.06191377e-01
216 4 7.85398163e-01 8.10581271e-01
217 4 7.85398163e-01 8.07038526e-01
218 4 7.85398163e-01 8.10941477e-01
219 4 7.85398163e-01 8.09586616e-01
220 4 7.85398163e-01 8.14138198e-01
221 4 7.85398163e-01 8.04659506e-01
222 4 7.85398163e-01 8.11183542e-01
223 4 7.85398163e-01 8.11985058e-01
224 4 7.85398163e-01 8.03595707e-01
225 4 7.85398163e-01 8.05523191e-01
226 4 7.85398163e-01 8.09014659e-01
227 4 7.85398163e-01 8.08663785e-01
228 4 7.85398163e-01 8.06211973e-01
229 4 7.85398163e-01 8.11881992e-01
230 4 7.85398163e-01 8.04812503e-01
231 4 7.85398163e-01 8.02418943e-01
232 4 7.85398163e-01 8.07380103e-01
233 4 7.85398163e-01 8.07912533e-01
234 4 7.85398163e-01 8.07278114e-01
235 4 7.85398163e-01 8.07275484e-01
236 4 7.85398163e-01 8.07873382e-01
237 4 7.85398163e-01 8.08753845e-01
238 4 7.85398163e-01 8.03757416e-01
239 4 7.85398163e-01 8.05616934e-01
240 4 7.85398163e-01 8.08539615e-01
241 4 7.85398163e-01 8.05316033e-01
242 4 7.85398163e-01 8.09809644e-01
243 4 7.85398163e-01 8.11176685e-01
244 4 7.85398163e-01 8.06635073e-01
245 4 7.85398163e-01 8.08933950e-01
246 4 7.85398163e-01 8.06628166e-01
247 4 7.85398163e-01 8.05017422e-01
248 4 7.85398163e-01 8.07565377e-01
249 4 7.85398163e-01 8.08572135e-01
250 4 7.85398163e-01 8.11074375e-01
251 4 7.85398163e-01 8.08923471e-01
252 4 7.85398163e-01 8.07211950e-01
253 4 7.85398163e-01 8.06354221e-01
254 4 7.85398163e-01 8.11263812e-01
255 4 7.85398163e-01 8.06980329e-01
256 4 7.85398163e-01 8.06583972e-01
257 4 7.85398163e-01 8.03100800e-01
258 4 7.85398163e-01 8.09264314e-01
259 4 7.85398163e-01 8.12089596e-01
260 4 7.85398163e-01 8.08662306e-01
261 4 7.85398163e-01 8.10431102e-01
262 4 7.85398163e-01 8.05738039e-01
263 4 7.85398163e-01 8.15097035e-01
264 4 7.85398163e-01 8.12117765e-01
265 4 7.85398163e-01 8.09946181e-01
266 4 7.85398163e-01 8.06398323e-01
267 4 7.85398163e-01 8.04951992e-01
268 4 7.85398163e-01 8.08756985e-01
269 4 7.85398163e-01 8.10502255e-01
270 4 7.85398163e-01 8.06953691e-01
271 4 7.85398163e-01 8.08510956e-01
272 4 7.85398163e-01 8.09047295e-01
273 4 7.85398163e-01 8.10884919e-01
274 4 7.85398163e-01 8.06338194e-01
275 4 7.85398163e-01 8.10052644e-01
276 4 7.85398163e-01 8.10671805e-01
277 4 7.85398163e-01 8.11826649e-01
278 4 7.85398163e-01 8.05057158e-01
279 4 7.85398163e-01 8.04824136e-01
280 4 7.85398163e-01 8.08567069e-01
281 4 7.85398163e-01 8.10162189e-01
282 4 7.85398163e-01 8.07215525e-01
283 4 7.85398163e-01 8.05456086e-01
284 4 7.85398163e-01 8.07551092e-01
285 4 7.85398163e-01 8.10470856e-01
286 4 7.85398163e-01 8.15087386e-01
287 4 7.85398163e-01 8.03558964e-01
288 4 7.85398163e-01 8.10469390e-01
289 4 7.85398163e-01 8.05317438e-01
290 4 7.85398163e-01 8.10877129e-01
291 4 7.85398163e-01 8.06786145e-01
292 4 7.85398163e-01 8.12757724e-01
293 4 7.85398163e-01 8.09436737e-01
294 4 7.85398163e-01 8.12722077e-01
295 4 7.85398163e-01 8.11808829e-01
296 4 7.85398163e-01 8.09829127e-01
297 4 7.85398163e-01 8.08710818e-01
298 4 7.85398163e-01 8.10936519e-01
299 4 7.85398163e-01 8.07633405e-01
300 4 7.85398163e-01 8.04535491e-01
301 4 7.85398163e-01 8.07365236e-01
302 4 7.85398163e-01 8.07567023e-01
303 4 7.85398163e-01 8.05941358e-01
304 4 7.85398163e-01 8.05597019e-01
305 4 7.85398163e-01 8.05816311e-01
306 4 7.85398163e-01 8.05254836e-01
307 4 7.85398163e-01 8.05871872e-01
308 4 7.85398163e-01 8.06459338e-01
309 4 7.85398163e-01 8.07744007e-01
310 4 7.85398163e-01 8.10042291e-01
311 4 7.85398163e-01 8.08504695e-01
312 4 7.85398163e-01 8.12413933e-01
313 4 7.85398163e-01 8.06837390e-01
314 4 7.85398163e-01 8.08598363e-01
315 4 7.85398163e-01 8.07181278e-01
316 4 7.85398163e-01 8.09482226e-01
317 4 7.85398163e-01 8.08234895e-01
318 4 7.85398163e-01 8.06150003e-01
319 4 7.85398163e-01 8.08908426e-01
320 4 7.85398163e-01 8.07226742e-01
321 4 7.85398163e-01 8.07819462e-01
322 4 7.85398163e-01 8.09440823e-01
323 4 7.85398163e-01 8.04784976e-01
324 4 7.85398163e-01 8.10214773e-01
325 4 7.85398163e-01 8.05068376e-01
326 4 7.85398163e-01 8.11593049e-01
327 4 7.85398163e-01 8.05411965e-01
328 4 7.85398163e-01 8.04574827e-01
329 4 7.85398163e-01 8.10613339e-01
330 4 7.85398163e-01 8.08736210e-01
331 4 7.85398163e-01 8.05151020e-01
332 4 7.85398163e-01 8.06892199e-01
333 4 7.85398163e-01 8.10565154e-01
334 4 7.85398163e-01 8.08175176e-01
335 4 7.85398163e-01 8.09451292e-01
336 4 7.85398163e-01 8.05815113e-01
337 4 7.85398163e-01 8.08486916e-01
338 4 7.85398163e-01 8.10931107e-01
339 4 7.85398163e-01 8.09089588e-01
340 4 7.85398163e-01 8.09623606e-01
341 4 7.85398163e-01 8.07741519e-01
342 4 7.85398163e-01 8.07742624e-01
343 4 7.85398163e-01 8.06582631e-01
344 4 7.85398163e-01 8.06219276e-01
345 4 7.85398163e-01 8.08963008e-01
346 4 7.85398163e-01 8.08666832e-01
347 4 7.85398163e-01 8.12321106e-01
348 4 7.85398163e-01 8.09632700e-01
349 4 7.85398163e-01 8.03559496e-01
350 4 7.85398163e-01 8.07919219e-01
351 4 7.85398163e-01 8.08466186e-01
352 4 7.85398163e-01 8.06185498e-01
353 4 7.85398163e-01 8.13933254e-01
354 4 7.85398163e-01 8.09619156e-01
355 4 7.85398163e-01 8.08263080e-01
356 4 7.85398163e-01 8.06947040e-01
357 4 7.85398163e-01 8.07284079e-01
358 4 7.85398163e-01 8.07881754e-01
359 4 7.85398163e-01 8.06533560e-01
360 4 7.85398163e-01 8.07647112e-01
361 4 7.85398163e-01 8.05944093e-01
362 4 7.85398163e-01 8.10378355e-01
363 4 7.85398163e-01 8.04104820e-01
364 4 7.85398163e-01 8.09472421e-01
365 4 7.85398163e-01 8.08908415e-01
366 4 7.85398163e-01 8.06677983e-01
367 4 7.85398163e-01 8.10087805e-01
368 4 7.85398163e-01 8.06828242e-01
369 4 7.85398163e-01 8.04833551e-01
370 4 7.85398163e-01 8.07258325e-01
371 4 7.85398163e-01 8.04663351e-01
372 4 7.85398163e-01 8.06117513e-01
373 4 7.85398163e-01 8.08255123e-01
374 4 7.85398163e-01 8.09718123e-01
375 4 7.85398163e-01 8.04606194e-01
376 4 7.85398163e-01 8.05700303e-01
377 4 7.85398163e-01 8.06196118e-01
378 4 7.85398163e-01 8.08580587e-01
379 4 7.85398163e-01 8.11624518e-01
380 4 7.85398163e-01 8.11726720e-01
381 4 7.85398163e-01 8.12070521e-01
382 4 7.85398163e-01 8.09477388e-01
383 4 7.85398163e-01 8.10009613e-01
384 4 7.85398163e-01 8.04903305e-01
385 4 7.85398163e-01 8.06544874e-01
386 4 7.85398163e-01 8.09818679e-01
387 4 7.85398163e-01 8.09210667e-01
388 4 7.85398163e-01 8.05103334e-01
389 4 7.85398163e-01 8.09366725e-01
390 4 7.85398163e-01 8.08340171e-01
391 4 7.85398163e-01 8.05598605e-01
392 4 7.85398163e-01 8.11525283e-01
393 4 7.85398163e-01 8.09339036e-01
394 4 7.85398163e-01 8.08099747e-01
395 4 7.85398163e-01 8.09132952e-01
396 4 7.85398163e-01 8.09323429e-01
397 4 7.85398163e-01 8.09211594e-01
398 4 7.85398163e-01 8.12253470e-01
399 4 7.85398163e-01 8.08467428e-01
400 4 7.85398163e-01 8.07812416e-01
401 4 7.85398163e-01 8.08355713e-01
402 4 7.85398163e-01 8.08266811e-01
403 4 7.85398163e-01 8.04192607e-01
404 4 7.85398163e-01 8.07216117e-01
405 4 7.85398163e-01 8.10198092e-01
406 4 7.85398163e-01 8.09598579e-01
407 4 7.85398163e-01 8.05600973e-01
408 4 7.85398163e-01 8.05383637e-01
409 4 7.85398163e-01 8.11145634e-01
410 4 7.85398163e-01 8.07141081e-01
411 4 7.85398163e-01 8.02242951e-01
412 4 7.85398163e-01 8.07340826e-01
413 4 7.85398163e-01 8.06806818e-01
414 4 7.85398163e-01 8.10324419e-01
415 4 7.85398163e-01 8.08678419e-01
416 4 7.85398163e-01 8.06238537e-01
417 4 7.85398163e-01 8.11053358e-01
418 4 7.85398163e-01 8.06597256e-01
419 4 7.85398163e-01 8.11235982e-01
420 4 7.85398163e-01 8.11193480e-01
421 4 7.85398163e-01 8.10384669e-01
422 4 7.85398163e-01 8.09531127e-01
423 4 7.85398163e-01 8.03404458e-01
424 4 7.85398163e-01 8.04550443e-01
425 4 7.85398163e-01 8.10788774e-01
426 4 7.85398163e-01 8.05373249e-01
427 4 7.85398163e-01 8.10966064e-01
428 4 7.85398163e-01 8.07484165e-01
429 4 7.85398163e-01 8.07451880e-01
430 4 7.85398163e-01 8.10341457e-01
431 4 7.85398163e-01 8.09315047e-01
432 4 7.85398163e-01 8.10383823e-01
433 4 7.85398163e-01 8.09712094e-01
434 4 7.85398163e-01 8.09491842e-01
435 4 7.85398163e-01 8.09147195e-01
436 4 7.85398163e-01 8.06990344e-01
437 4 7.85398163e-01 8.10107334e-01
438 4 7.85398163e-01 8.11783238e-01
439 4 7.85398163e-01 8.09681834e-01
440 4 7.85398163e-01 8.10093187e-01
441 4 7.85398163e-01 8.09379576e-01
442 4 7.85398163e-01 8.04963467e-01
443 4 7.85398163e-01 8.07553492e-01
444 4 7.85398163e-01 8.08132300e-01
445 4 7.85398163e-01 8.06437656e-01
446 4 7.85398163e-01 8.13450808e-01
447 4 7.85398163e-01 8.07584233e-01
448 4 7.85398163e-01 8.08518422e-01
449 4 7.85398163e-01 8.07705695e-01
450 4 7.85398163e-01 8.06472344e-01
451 4 7.85398163e-01 8.07696825e-01
452 4 7.85398163e-01 8.08776147e-01
453 4 7.85398163e-01 8.10547756e-01
454 4 7.85398163e-01 8.07316696e-01
455 4 7.85398163e-01 8.08172083e-01
456 4 7.85398163e-01 8.08580591e-01
457 4 7.85398163e-01 8.11498288e-01
458 4 7.85398163e-01 8.11556558e-01
459 4 7.85398163e-01 8.11954562e-01
460 4 7.85398163e-01 8.10028743e-01
461 4 7.85398163e-01 8.07737702e-01
462 4 7.85398163e-01 8.09315033e-01
463 4 7.85398163e-01 8.09504216e-01
464 4 7.85398163e-01 8.04607792e-01
465 4 7.85398163e-01 8.07755372e-01
466 4 7.85398163e-01 8.06824781e-01
467 4 7.85398163e-01 8.10680871e-01
468 4 7.85398163e-01 8.09543129e-01
469 4 7.85398163e-01 8.10210365e-01
470 4 7.85398163e-01 8.05349785e-01
471 4 7.85398163e-01 8.09341110e-01
472 4 7.85398163e-01 8.05982321e-01
473 4 7.85398163e-01 8.09364149e-01
474 4 7.85398163e-01 8.07969195e-01
475 4 7.85398163e-01 8.07512007e-01
476 4 7.85398163e-01 8.07044140e-01
477 4 7.85398163e-01 8.09013724e-01
478 4 7.85398163e-01 8.05280960e-01
479 4 7.85398163e-01 8.09049084e-01
480 4 7.85398163e-01 8.08325402e-01
481 4 7.85398163e-01 8.08006458e-01
482 4 7.85398163e-01 8.01666247e-01
483 4 7.85398163e-01 8.06346238e-01
484 4 7.85398163e-01 8.05318457e-01
485 4 7.85398163e-01 8.06154015e-01
486 4 7.85398163e-01 8.08939271e-01
487 4 7.85398163e-01 8.09131872e-01
488 4 7.85398163e-01 8.10071616e-01
489 4 7.85398163e-01 8.07048821e-01
490 4 7.85398163e-01 8.11144092e-01
491 4 7.85398163e-01 8.11034470e-01
492 4 7.85398163e-01 8.08118375e-01
493 4 7.85398163e-01 8.09769129e-01
494 4 7.85398163e-01 8.10129583e-01
495 4 7.85398163e-01 8.09657686e-01
496 4 7.85398163e-01 8.07649063e-01
497 4 7.85398163e-01 8.07769372e-01
498 4 7.85398163e-01 8.06540057e-01
499 4 7.85398163e-01 8.07927469e-01
500 4 7.85398163e-01 8.07311231e-01
501 4 7.85398163e-01 8.09378848e-01
502 4 7.85398163e-01 8.08051011e-01
503 4 7.85398163e-01 8.04656703e-01
504 4 7.85398163e-01 8.09454758e-01
505 4 7.85398163e-01 8.05490481e-01
506 4 7.85398163e-01 8.06195890e-01
507 4 7.85398163e-01 8.02354004e-01
508 4 7.85398163e-01 8.13921838e-01
509 4 7.85398163e-01 8.11196861e-01
510 4 7.85398163e-01 8.08361604e-01
511 4 7.85398163e-01 8.08453539e-01
512 4 7.85398163e-01 8.06395842e-01
513 4 7.85398163e-01 8.09948275e-01
514 4 7.85398163e-01 8.07749954e-01
515 4 7.85398163e-01 8.06316683e-01
516 4 7.85398163e-01 8.07684346e-01
517 4 7.85398163e-01 8.11059947e-01
518 4 7.85398163e-01 8.06515200e-01
519 4 7.85398163e-01 8.04395787e-01
520 4 7.85398163e-01 8.13000435e-01
521 4 7.85398163e-01 8.06792110e-01
522 4 7.85398163e-01 8.03923403e-01
523 4 7.85398163e-01 8.08794087e-01
524 4 7.85398163e-01 8.09903284e-01
525 4 7.85398163e-01 8.07697979e-01
526 4 7.85398163e-01 8.13539671e-01
527 4 7.85398163e-01 8.03935545e-01
528 4 7.85398163e-01 8.08884278e-01
529 4 7.85398163e-01 8.12756651e-01
530 4 7.85398163e-01 8.05343989e-01
531 4 7.85398163e-01 8.08103244e-01
532 4 7.85398163e-01 8.03132988e-01
533 4 7.85398163e-01 8.08681736e-01
534 4 7.85398163e-01 8.08428148e-01
535 4 7.85398163e-01 8.08080300e-01
536 4 7.85398163e-01 8.11254237e-01
537 4 7.85398163e-01 8.06067759e-01
538 4 7.85398163e-01 8.10451804e-01
539 4 7.85398163e-01 8.13526004e-01
540 4 7.85398163e-01 8.05718566e-01
541 4 7.85398163e-01 8.05370227e-01
542 4 7.85398163e-01 8.08251718e-01
543 4 7.85398163e-01 8.05039362e-01
544 4 7.85398163e-01 8.11146432e-01
545 4 7.85398163e-01 8.09572526e-01
546 4 7.85398163e-01 8.06945692e-01
547 4 7.85398163e-01 8.02216931e-01
548 4 7.85398163e-01 8.10023595e-01
549 4 7.85398163e-01 8.05117906e-01
550 4 7.85398163e-01 8.08811987e-01
551 4 7.85398163e-01 8.13166787e-01
552 4 7.85398163e-01 8.11674657e-01
553 4 7.85398163e-01 8.08201524e-01
554 4 7.85398163e-01 8.07757709e-01
555 4 7.85398163e-01 8.12966870e-01
556 4 7.85398163e-01 8.08398537e-01
557 4 7.85398163e-01 8.07456253e-01
558 4 7.85398163e-01 8.09160318e-01
559 4 7.85398163e-01 8.11898659e-01
560 4 7.85398163e-01 8.07981632e-01
561 4 7.85398163e-01 8.05194729e-01
562 4 7.85398163e-01 8.05131072e-01
563 4 7.85398163e-01 8.08275591e-01
564 4 7.85398163e-01 8.07525199e-01
565 4 7.85398163e-01 8.07964168e-01
566 4 7.85398163e-01 8.11508260e-01
567 4 7.85398163e-01 8.10087128e-01
568 4 7.85398163e-01 8.08681129e-01
569 4 7.85398163e-01 8.07769018e-01
570 4 7.85398163e-01 8.10218709e-01
571 4 7.85398163e-01 8.07513137e-01
572 4 7.85398163e-01 8.05059070e-01
573 4 7.85398163e-01 8.09872454e-01
574 4 7.85398163e-01 8.08495856e-01
575 4 7.85398163e-01 8.11980736e-01
576 4 7.85398163e-01 8.10067061e-01
577 4 7.85398163e-01 8.08800141e-01
578 4 7.85398163e-01 8.07116091e-01
579 4 7.85398163e-01 8.10995934e-01
580 4 7.85398163e-01 8.07265839e-01
581 4 7.85398163e-01 8.05569575e-01
582 4 7.85398163e-01 8.09653838e-01
583 4 7.85398163e-01 8.10167005e-01
584 4 7.85398163e-01 8.10670294e-01
585 4 7.85398163e-01 8.08543177e-01
586 4 7.85398163e-01 8.07753473e-01
587 4 7.85398163e-01 8.09500568e-01
588 4 7.85398163e-01 8.08711048e-01
589 4 7.85398163e-01 8.05457873e-01
590 4 7.85398163e-01 8.10726728e-01
591 4 7.85398163e-01 8.09183026e-01
592 4 7.85398163e-01 8.10144648e-01
593 4 7.85398163e-01 8.11701601e-01
594 4 7.85398163e-01 8.10754226e-01
595 4 7.85398163e-01 8.10574662e-01
596 4 7.85398163e-01 8.08778985e-01
597 4 7.85398163e-01 8.10773524e-01
598 4 7.85398163e-01 8.08028571e-01
599 4 7.85398163e-01 8.08136848e-01
600 4 7.85398163e-01 8.08798451e-01
601 4 7.85398163e-01 8.11357815e-01
602 4 7.85398163e-01 8.09135322e-01
603 4 7.85398163e-01 8.07611756e-01
604 4 7.85398163e-01 8.06973836e-01
605 4 7.85398163e-01 8.07221125e-01
606 4 7.85398163e-01 8.10138526e-01
607 4 7.85398163e-01 8.06050292e-01
608 4 7.85398163e-01 8.05054302e-01
609 4 7.85398163e-01 8.06239673e-01
610 4 7.85398163e-01 8.08966724e-01
611 4 7.85398163e-01 8.07374528e-01
612 4 7.85398163e-01 8.05616248e-01
613 4 7.85398163e-01 8.11822896e-01
614 4 7.85398163e-01 8.08087870e-01
615 4 7.85398163e-01 8.11439302e-01
616 4 7.85398163e-01 8.08169088e-01
617 4 7.85398163e-01 8.08223123e-01
618 4 7.85398163e-01 8.08958597e-01
619 4 7.85398163e-01 8.08853207e-01
620 4 7.85398163e-01 8.08260302e-01
621 4 7.85398163e-01 8.04234155e-01
622 4 7.85398163e-01 8.08426009e-01
623 4 7.85398163e-01 8.09470661e-01
624 4 7.85398163e-01 8.10169541e-01
625 4 7.85398163e-01 8.09227931e-01
626 4 7.85398163e-01 8.06747989e-01
627 4 7.85398163e-01 8.08485162e-01
628 4 7.85398163e-01 8.12561040e-01
629 4 7.85398163e-01 8.12431364e-01
630 4 7.85398163e-01 8.04144427e-01
631 4 7.85398163e-01 8.08191119e-01
632 4 7.85398163e-01 8.05879562e-01
633 4 7.85398163e-01 8.06787490e-01
634 4 7.85398163e-01 8.11709198e-01
635 4 7.85398163e-01 8.08079369e-01
636 4 7.85398163e-01 8.03841759e-01
637 4 7.85398163e-01 8.09041728e-01
638 4 7.85398163e-01 8.08390272e-01
639 4 7.85398163e-01 8.07397088e-01
640 4 7.85398163e-01 8.06842662e-01
641 4 7.85398163e-01 8.10979610e-01
642 4 7.85398163e-01 8.12000379e-01
643 4 7.85398163e-01 8.04614550e-01
644 4 7.85398163e-01 8.09462816e-01
645 4 7.85398163e-01 8.02405736e-01
646 4 7.85398163e-01 8.04853549e-01
647 4 7.85398163e-01 8.08325090e-01
648 4 7.85398163e-01 8.09372733e-01
649 4 7.85398163e-01 8.04656416e-01
650 4 7.85398163e-01 8.05612306e-01
651 4 7.85398163e-01 8.10367111e-01
652 4 7.85398163e-01 8.05778908e-01
653 4 7.85398163e-01 8.07467475e-01
654 4 7.85398163e-01 8.03802149e-01
655 4 7.85398163e-01 8.04899515e-01
656 4 7.85398163e-01 8.06422663e-01
657 4 7.85398163e-01 8.05772482e-01
658 4 7.85398163e-01 8.08341336e-01
659 4 7.85398163e-01 8.09902044e-01
660 4 7.85398163e-01 8.11490962e-01
661 4 7.85398163e-01 8.09046405e-01
662 4 7.85398163e-01 8.05831344e-01
663 4 7.85398163e-01 8.05429213e-01
664 4 7.85398163e-01 8.08360891e-01
665 4 7.85398163e-01 8.09708621e-01
666 4 7.85398163e-01 8.07775048e-01
667 4 7.85398163e-01 8.05427782e-01
668 4 7.85398163e-01 8.06392949e-01
669 4 7.85398163e-01 8.10591007e-01
670 4 7.85398163e-01 8.09804707e-01
671 4 7.85398163e-01 8.08644361e-01
672 4 7.85398163e-01 8.11908444e-01
673 4 7.85398163e-01 8.13442892e-01
674 4 7.85398163e-01 8.06216461e-01
675 4 7.85398163e-01 8.12498251e-01
676 4 7.85398163e-01 8.11365780e-01
677 4 7.85398163e-01 8.10102076e-01
678 4 7.85398163e-01 8.06283899e-01
679 4 7.85398163e-01 8.10756417e-01
680 4 7.85398163e-01 8.10922199e-01
681 4 7.85398163e-01 8.10628881e-01
682 4 7.85398163e-01 8.10647567e-01
683 4 7.85398163e-01 8.11226159e-01
684 4 7.85398163e-01 8.03785193e-01
685 4 7.85398163e-01 8.03699884e-01
686 4 7.85398163e-01 8.06017432e-01
687 4 7.85398163e-01 8.11126888e-01
688 4 7.85398163e-01 8.10028024e-01
689 4 7.85398163e-01 8.09228330e-01
690 4 7.85398163e-01 8.08828333e-01
691 4 7.85398163e-01 8.10026882e-01
692 4 7.85398163e-01 8.11556530e-01
693 4 7.85398163e-01 8.07118095e-01
694 4 7.85398163e-01 8.08242329e-01
695 4 7.85398163e-01 8.10430817e-01
696 4 7.85398163e-01 8.09949912e-01
697 4 7.85398163e-01 8.09899912e-01
698 4 7.85398163e-01 8.04493765e-01
699 4 7.85398163e-01 8.06390207e-01
700 4 7.85398163e-01 8.08975631e-01
701 4 7.85398163e-01 8.08020921e-01
702 4 7.85398163e-01 8.05936184e-01
703 4 7.85398163e-01 8.09464714e-01
704 4 7.85398163e-01 8.08501695e-01
705 4 7.85398163e-01 8.07943703e-01
706 4 7.85398163e-01 8.12346778e-01
707 4 7.85398163e-01 8.05546173e-01
708 4 7.85398163e-01 8.06878377e-01
709 4 7.85398163e-01 8.09422689e-01
710 4 7.85398163e-01 8.07491837e-01
711 4 7.85398163e-01 8.08604018e-01
712 4 7.85398163e-01 8.07515882e-01
713 4 7.85398163e-01 8.08838289e-01
714 4 7.85398163e-01 8.08010107e-01
715 4 7.85398163e-01 8.09813439e-01
716 4 7.85398163e-01 8.10323971e-01
717 4 7.85398163e-01 8.09478092e-01
718 4 7.85398163e-01 8.08128217e-01
719 4 7.85398163e-01 8.08648913e-01
720 4 7.85398163e-01 8.10461504e-01
721 4 7.85398163e-01 8.13617845e-01
722 4 7.85398163e-01 8.06207418e-01
723 4 7.85398163e-01 8.07419050e-01
724 4 7.85398163e-01 8.03368540e-01
725 4 7.85398163e-01 8.11879010e-01
726 4 7.85398163e-01 8.09554131e-01
727 4 7.85398163e-01 8.04667045e-01
728 4 7.85398163e-01 8.07519723e-01
729 4 7.85398163e-01 8.08251897e-01
730 4 7.85398163e-01 8.09347015e-01
731 4 7.85398163e-01 8.05699507e-01
732 4 7.85398163e-01 8.11568200e-01
733 4 7.85398163e-01 8.09295509e-01
734 4 7.85398163e-01 8.07409530e-01
735 4 7.85398163e-01 8.11185600e-01
736 4 7.85398163e-01 8.06379086e-01
737 4 7.85398163e-01 8.06774201e-01
738 4 7.85398163e-01 8.06702555e-01
739 4 7.85398163e-01 8.10821434e-01
740 4 7.85398163e-01 8.07681064e-01
741 4 7.85398163e-01 8.05087623e-01
742 4 7.85398163e-01 8.10734246e-01
743 4 7.85398163e-01 8.10427945e-01
744 4 7.85398163e-01 8.07424875e-01
745 4 7.85398163e-01 8.07759314e-01
746 4 7.85398163e-01 8.12611882e-01
747 4 7.85398163e-01 8.06081739e-01
748 4 7.85398163e-01 8.10859459e-01
749 4 7.85398163e-01 8.11859866e-01
750 4 7.85398163e-01 8.05243155e-01
751 4 7.85398163e-01 8.06901049e-01
752 4 7.85398163e-01 8.09399321e-01
753 4 7.85398163e-01 8.08419859e-01
754 4 7.85398163e-01 8.04643346e-01
755 4 7.85398163e-01 8.08086343e-01
756 4 7.85398163e-01 8.07738009e-01
757 4 7.85398163e-01 8.03195711e-01
758 4 7.85398163e-01 8.08766941e-01
759 4 7.85398163e-01 8.09385173e-01
760 4 7.85398163e-01 8.01880200e-01
761 4 7.85398163e-01 8.06244723e-01
762 4 7.85398163e-01 8.12823243e-01
763 4 7.85398163e-01 8.05337076e-01
764 4 7.85398163e-01 8.09806339e-01
765 4 7.85398163e-01 8.04933650e-01
766 4 7.85398163e-01 8.05540914e-01
767 4 7.85398163e-01 8.08175680e-01
768 4 7.85398163e-01 8.07413809e-01
769 4 7.85398163e-01 8.08161246e-01
770 4 7.85398163e-01 8.04116815e-01
771 4 7.85398163e-01 8.07711009e-01
772 4 7.85398163e-01 8.08871653e-01
773 4 7.85398163e-01 8.10660421e-01
774 4 7.85398163e-01 8.06775656e-01
775 4 7.85398163e-01 8.09092900e-01
776 4 7.85398163e-01 8.07622744e-01
777 4 7.85398163e-01 8.04504734e-01
778 4 7.85398163e-01 8.08240447e-01
779 4 7.85398163e-01 8.09912139e-01
780 4 7.85398163e-01 8.06609925e-01
781 4 7.85398163e-01 8.11647378e-01
782 4 7.85398163e-01 8.05742850e-01
783 4 7.85398163e-01 8.09346476e-01
784 4 7.85398163e-01 8.06844202e-01
785 4 7.85398163e-01 8.08532316e-01
786 4 7.85398163e-01 8.07291142e-01
787 4 7.85398163e-01 8.08682213e-01
788 4 7.85398163e-01 8.08909738e-01
789 4 7.85398163e-01 8.09089128e-01
790 4 7.85398163e-01 8.07875341e-01
791 4 7.85398163e-01 8.11658817e-01
792 4 7.85398163e-01 8.07683668e-01
793 4 7.85398163e-01 8.09374403e-01
794 4 7.85398163e-01 8.08818245e-01
795 4 7.85398163e-01 8.12011247e-01
796 4 7.85398163e-01 8.04970770e-01
797 4 7.85398163e-01 8.06729253e-01
798 4 7.85398163e-01 8.11594854e-01
799 4 7.85398163e-01 8.05958548e-01
800 4 7.85398163e-01 8.06585696e-01
801 4 7.85398163e-01 8.10325294e-01
802 4 7.85398163e-01 8.06219090e-01
803 4 7.85398163e-01 8.12137289e-01
804 4 7.85398163e-01 8.05328257e-01
805 4 7.85398163e-01 8.04397177e-01
806 4 7.85398163e-01 8.11099655e-01
807 4 7.85398163e-01 8.11300803e-01
808 4 7.85398163e-01 8.11325833e-01
809 4 7.85398163e-01 8.07510696e-01
810 4 7.85398163e-01 8.07962109e-01
811 4 7.85398163e-01 8.07711806e-01
812 4 7.85398163e-01 8.06653758e-01
813 4 7.85398163e-01 8.10297048e-01
814 4 7.85398163e-01 8.06404625e-01
815 4 7.85398163e-01 8.08159580e-01
816 4 7.85398163e-01 8.09954029e-01
817 4 7.85398163e-01 8.05955539e-01
818 4 7.85398163e-01 8.06887516e-01
819 4 7.85398163e-01 8.05271906e-01
820 4 7.85398163e-01 8.06140837e-01
821 4 7.85398163e-01 8.07580832e-01
822 4 7.85398163e-01 8.09122019e-01
823 4 7.85398163e-01 8.12618874e-01
824 4 7.85398163e-01 8.06501363e-01
825 4 7.85398163e-01 8.07758610e-01
826 4 7.85398163e-01 8.11575717e-01
827 4 7.85398163e-01 8.05542495e-01
828 4 7.85398163e-01 8.05512449e-01
829 4 7.85398163e-01 8.08204529e-01
830 4 7.85398163e-01 8.06802530e-01
831 4 7.85398163e-01 8.07717755e-01
832 4 7.85398163e-01 8.08716749e-01
833 4 7.85398163e-01 8.11328051e-01
834 4 7.85398163e-01 8.08084554e-01
835 4 7.85398163e-01 8.08932408e-01
836 4 7.85398163e-01 8.12992269e-01
837 4 7.85398163e-01 8.10062529e-01
838 4 7.85398163e-01 8.08256551e-01
839 4 7.85398163e-01 8.06601017e-01
840 4 7.85398163e-01 8.06979786e-01
841 4 7.85398163e-01 8.08549779e-01
842 4 7.85398163e-01 8.10137664e-01
843 4 7.85398163e-01 8.08725065e-01
844 4 7.85398163e-01 8.08367636e-01
845 4 7.85398163e-01 8.10851624e-01
846 4 7.85398163e-01 8.07305626e-01
847 4 7.85398163e-01 8.08180221e-01
848 4 7.85398163e-01 8.06252609e-01
849 4 7.85398163e-01 8.07980908e-01
850 4 7.85398163e-01 8.09580392e-01
851 4 7.85398163e-01 8.09901007e-01
852 4 7.85398163e-01 8.09804980e-01
853 4 7.85398163e-01 8.03676669e-01
854 4 7.85398163e-01 8.09417560e-01
855 4 7.85398163e-01 8.12123129e-01
856 4 7.85398163e-01 8.10511697e-01
857 4 7.85398163e-01 8.05275570e-01
858 4 7.85398163e-01 8.11574896e-01
859 4 7.85398163e-01 8.10295645e-01
860 4 7.85398163e-01 8.10495168e-01
861 4 7.85398163e-01 8.06779381e-01
862 4 7.85398163e-01 8.09181375e-01
863 4 7.85398163e-01 8.06810261e-01
864 4 7.85398163e-01 8.03765087e-01
865 4 7.85398163e-01 8.08579170e-01
866 4 7.85398163e-01 8.08454841e-01
867 4 7.85398163e-01 8.11233138e-01
868 4 7.85398163e-01 8.09989503e-01
869 4 7.85398163e-01 8.09240835e-01
870 4 7.85398163e-01 8.03006306e-01
871 4 7.85398163e-01 8.06245644e-01
872 4 7.85398163e-01 8.09182445e-01
873 4 7.85398163e-01 8.09491484e-01
874 4 7.85398163e-01 8.08264955e-01
875 4 7.85398163e-01 8.07672208e-01
876 4 7.85398163e-01 8.08617961e-01
877 4 7.85398163e-01 8.08410463e-01
878 4 7.85398163e-01 8.03263632e-01
879 4 7.85398163e-01 8.06509945e-01
880 4 7.85398163e-01 8.08994329e-01
881 4 7.85398163e-01 8.11452741e-01
882 4 7.85398163e-01 8.10244843e-01
883 4 7.85398163e-01 8.07302485e-01
884 4 7.85398163e-01 8.05717086e-01
885 4 7.85398163e-01 8.09724761e-01
886 4 7.85398163e-01 8.08456491e-01
887 4 7.85398163e-01 8.05216789e-01
888 4 7.85398163e-01 8.10475509e-01
889 4 7.85398163e-01 8.14051115e-01
890 4 7.85398163e-01 8.05970099e-01
891 4 7.85398163e-01 8.08645129e-01
892 4 7.85398163e-01 8.02660052e-01
893 4 7.85398163e-01 8.07504148e-01
894 4 7.85398163e-01 8.09861643e-01
895 4 7.85398163e-01 8.09503978e-01
896 4 7.85398163e-01 8.07947687e-01
897 4 7.85398163e-01 8.12308935e-01
898 4 7.85398163e-01 8.06795567e-01
899 4 7.85398163e-01 8.09549330e-01
900 4 7.85398163e-01 8.03054026e-01
901 4 7.85398163e-01 8.12712339e-01
902 4 7.85398163e-01 8.07995789e-01
903 4 7.85398163e-01 8.06229386e-01
904 4 7.85398163e-01 8.07480003e-01
905 4 7.85398163e-01 8.10184546e-01
906 4 7.85398163e-01 8.13919035e-01
907 4 7.85398163e-01 8.08581525e-01
908 4 7.85398163e-01 8.10165002e-01
909 4 7.85398163e-01 8.10923443e-01
910 4 7.85398163e-01 8.07388756e-01
911 4 7.85398163e-01 8.11592813e-01
912 4 7.85398163e-01 8.09024591e-01
913 4 7.85398163e-01 8.09944829e-01
914 4 7.85398163e-01 8.09309695e-01
915 4 7.85398163e-01 8.05634521e-01
916 4 7.85398163e-01 8.08993329e-01
917 4 7.85398163e-01 8.08219577e-01
918 4 7.85398163e-01 8.10848151e-01
919 4 7.85398163e-01 8.05365928e-01
920 4 7.85398163e-01 8.09657258e-01
921 4 7.85398163e-01 8.05709923e-01
922 4 7.85398163e-01 8.08556915e-01
923 4 7.85398163e-01 8.09948137e-01
924 4 7.85398163e-01 8.08750200e-01
925 4 7.85398163e-01 8.06864440e-01
926 4 7.85398163e-01 8.06913410e-01
927 4 7.85398163e-01 8.07690956e-01
928 4 7.85398163e-01 8.05728199e-01
929 4 7.85398163e-01 8.07821336e-01
930 4 7.85398163e-01 8.11802966e-01
931 4 7.85398163e-01 8.10999763e-01
932 4 7.85398163e-01 8.06646774e-01
933 4 7.85398163e-01 8.05768694e-01
934 4 7.85398163e-01 8.07668962e-01
935 4 7.85398163e-01 8.06232484e-01
936 4 7.85398163e-01 8.03639083e-01
937 4 7.85398163e-01 8.13589945e-01
938 4 7.85398163e-01 8.10926053e-01
939 4 7.85398163e-01 8.08014119e-01
940 4 7.85398163e-01 8.07692420e-01
941 4 7.85398163e-01 8.07437440e-01
942 4 7.85398163e-01 8.06971584e-01
943 4 7.85398163e-01 8.09326523e-01
944 4 7.85398163e-01 8.12965001e-01
945 4 7.85398163e-01 8.11403898e-01
946 4 7.85398163e-01 8.08720346e-01
947 4 7.85398163e-01 8.07986873e-01
948 4 7.85398163e-01 8.08983466e-01
949 4 7.85398163e-01 8.09433036e-01
950 4 7.85398163e-01 8.06791517e-01
951 4 7.85398163e-01 8.11228038e-01
952 4 7.85398163e-01 8.04367175e-01
953 4 7.85398163e-01 8.10031527e-01
954 4 7.85398163e-01 8.06574203e-01
955 4 7.85398163e-01 8.07378260e-01
956 4 7.85398163e-01 8.07727593e-01
957 4 7.85398163e-01 8.09560964e-01
958 4 7.85398163e-01 8.07984631e-01
959 4 7.85398163e-01 8.05868961e-01
960 4 7.85398163e-01 8.07740222e-01
961 4 7.85398163e-01 8.11479085e-01
962 4 7.85398163e-01 8.06991024e-01
963 4 7.85398163e-01 8.07451802e-01
964 4 7.85398163e-01 8.03579604e-01
965 4 7.85398163e-01 8.12252159e-01
966 4 7.85398163e-01 8.09718420e-01
967 4 7.85398163e-01 8.07123238e-01
968 4 7.85398163e-01 8.06982979e-01
969 4 7.85398163e-01 8.06046407e-01
970 4 7.85398163e-01 8.11167617e-01
971 4 7.85398163e-01 8.06482651e-01
972 4 7.85398163e-01 8.08718845e-01
973 4 7.85398163e-01 8.10917290e-01
974 4 7.85398163e-01 8.05543083e-01
975 4 7.85398163e-01 8.13418974e-01
976 4 7.85398163e-01 8.10245555e-01
977 4 7.85398163e-01 8.10906341e-01
978 4 7.85398163e-01 8.06042047e-01
979 4 7.85398163e-01 8.07218447e-01
980 4 7.85398163e-01 8.08849210e-01
981 4 7.85398163e-01 8.07430522e-01
982 4 7.85398163e-01 8.08837418e-01
983 4 7.85398163e-01 8.10359849e-01
984 4 7.85398163e-01 8.08216656e-01
985 4 7.85398163e-01 8.05144141e-01
986 4 7.85398163e-01 8.07046261e-01
987 4 7.85398163e-01 8.05292998e-01
988 4 7.85398163e-01 8.08084861e-01
989 4 7.85398163e-01 8.04902006e-01
990 4 7.85398163e-01 8.07967908e-01
991 4 7.85398163e-01 8.03521650e-01
992 4 7.85398163e-01 8.10145642e-01
993 4 7.85398163e-01 8.10926733e-01
994 4 7.85398163e-01 8.08007234e-01
995 4 7.85398163e-01 8.12185838e-01
996 4 7.85398163e-01 8.06835061e-01
997 4 7.85398163e-01 8.09183157e-01
998 4 7.85398163e-01 8.09413475e-01
999 4 7.85398163e-01 8.11276608e-01
1000 4 7.85398163e-01 8.10790484e-01
1001 4 7.85398163e-01 8.13474314e-01
1002 4 7.85398163e-01 8.05789854e-01
1003 4 7.85398163e-01 8.08856802e-01
1004 4 7.85398163e-01 8.08386826e-01
1005 4 7.85398163e-01 8.05062965e-01
1006 4 7.85398163e-01 8.09397357e-01
1007 4 7.85398163e-01 8.06683094e-01
1008 4 7.85398163e-01 8.06918576e-01
1009 4 7.85398163e-01 8.06655691e-01
1010 4 7.85398163e-01 8.08791245e-01
1011 4 7.85398163e-01 8.08571099e-01
1012 4 7.85398163e-01 8.11911452e-01
1013 4 7.85398163e-01 8.04322000e-01
1014 4 7.85398163e-01 8.08308739e-01
1015 4 7.85398163e-01 8.06796872e-01
1016 4 7.85398163e-01 8.08619807e-01
1017 4 7.85398163e-01 7.98639407e-01
1018 4 7.85398163e-01 8.07071443e-01
1019 4 7.85398163e-01 8.07333721e-01
1020 4 7.85398163e-01 8.06419245e-01
1021 4 7.85398163e-01 8.07557940e-01
1022 4 7.85398163e-01 8.08854683e-01
1023 4 7.85398163e-01 8.10879980e-01
1024 4 7.85398163e-01 8.08390910e-01
1025 4 7.85398163e-01 8.04869579e-01
0 5 9.81747704e-01 9.73270818e-01
1 5 9.81747704e-01 9.67836227e-01
2 5 9.81747704e-01 9.67782661e-01
3 5 9.81747704e-01 9.69560636e-01
4 5 9.81747704e-01 9.69046801e-01
5 5 9.81747704e-01 9.68902793e-01
6 5 9.81747704e-01 9.64512989e-01
7 5 9.81747704e-01 9.68656826e-01
8 5 9.81747704e-01 9.67163248e-01
9 5 9.81747704e-01 9.70555885e-01
10 5 9.81747704e-01 9.70794937e-01
11 5 9.81747704e-01 9.69461508e-01
12 5 9.81747704e-01 9.69095059e-01
13 5 9.81747704e-01 9.69059791e-01
14 5 9.81747704e-01 9.64437238e-01
15 5 9.81747704e-01 9.69607936e-01
16 5 9.81747704e-01 9.63728766e-01
17 5 9.81747704e-01 9.67601303e-01
18 5 9.81747704e-01 9.70711673e-01
19 5 9.81747704e-01 9.68471102e-01
20 5 9.81747704e-01 9.69617463e-01
21 5 9.81747704e-01 9.68839335e-01
22 5 9.81747704e-01 9.67694852e-01
23 5 9.81747704e-01 9.68793262e-01
24 5 9.81747704e-01 9.67113593e-01
25 5 9.81747704e-01 9.69017904e-01
26 5 9.81747704e-01 9.67874836e-01
27 5 9.81747704e-01 9.68968794e-01
28 5 9.81747704e-01 9.70271790e-01
29 5 9.81747704e-01 9.67019076e-01
30 5 9.81747704e-01 9.68926030e-01
31 5 9.81747704e-01 9.66479660e-01
32 5 9.81747704e-01 9.70182668e-01
33 5 9.81747704e-01 9.65251321e-01
34 5 9.81747704e-01 9.65918497e-01
35 5 9.81747704e-01 9.66566203e-01
36 5 9.81747704e-01 9.67128317e-01
37 5 9.81747704e-01 9.66590612e-01
38 5 9.81747704e-01 9.69142017e-01
39 5 9.81747704e-01 9.70951124e-01
40 5 9.81747704e-01 9.70328925e-01
41 5 9.81747704e-01 9.69799721e-01
42 5 9.81747704e-01 9.72678092e-01
43 5 9.81747704e-01 9.66852620e-01
44 5 9.81747704e-01 9.75529357e-01
45 5 9.81747704e-01 9.68847165e-01
46 5 9.81747704e-01 9.73244876e-01
47 5 9.81747704e-01 9.75958549e-01
48 5 9.81747704e-01 9.70053826e-01
49 5 9.81747704e-01 9.67071785e-01
50 5 9.81747704e-01 9.73171815e-01
51 5 9.81747704e-01 9.72087129e-01
52 5 9.81747704e-01 9.71457567e-01
53 5 9.81747704e-01 9.68828161e-01
54 5 9.81747704e-01 9.66134461e-01
55 5 9.81747704e-01 9.74062219e-01
56 5 9.81747704e-01 9.70337086e-01
57 5 9.81747704e-01 9.68352171e-01
58 5 9.81747704e-01 9.66646651e-01
59 5 9.81747704e-01 9.66365377e-01
60 5 9.81747704e-01 9.70615814e-01
61 5 9.81747704e-01 9.69847200e-01
62 5 9.81747704e-01 9.64212891e-01
63 5 9.81747704e-01 9.65630543e-01
64 5 9.81747704e-01 9.69694731e-01
65 5 9.81747704e-01 9.71138463e-01
66 5 9.81747704e-01 9.69510852e-01
67 5 9.81747704e-01 9.70536073e-01
68 5 9.81747704e-01 9.68184289e-01
69 5 9.81747704e-01 9.69420620e-01
70 5 9.81747704e-01 9.72000779e-01
71 5 9.81747704e-01 9.72156459e-01
72 5 9.81747704e-01 9.68743239e-01
73 5 9.81747704e-01 9.64946648e-01
74 5 9.81747704e-01 9.65557813e-01
75 5 9.81747704e-01 9.71425468e-01
76 5 9.81747704e-01 9.70057415e-01
77 5 9.81747704e-01 9.70417136e-01
78 5 9.81747704e-01 9.74460017e-01
79 5 9.81747704e-01 9.67425537e-01
80 5 9.81747704e-01 9.66051381e-01
81 5 9.81747704e-01 9.64413361e-01
82 5 9.81747704e-01 9.62502654e-01
83 5 9.81747704e-01 9.72011891e-01
84 5 9.81747704e-01 9.69680825e-01
85 5 9.81747704e-01 9.68857153e-01
86 5 9.81747704e-01 9.67126059e-01
87 5 9.81747704e-01 9.72305146e-01
88 5 9.81747704e-01 9.71545449e-01
89 5 9.81747704e-01 9.67772555e-01
90 5 9.81747704e-01 9.71469397e-01
91 5 9.81747704e-01 9.64034597e-01
92 5 9.81747704e-01 9.75187343e-01
93 5 9.81747704e-01 9.71874606e-01
94 5 9.81747704e-01 9.69392590e-01
95 5 9.81747704e-01 9.71628066e-01
96 5 9.81747704e-01 9.72796504e-01
97 5 9.81747704e-01 9.67841514e-01
98 5 9.81747704e-01 9.64343944e-01
99 5 9.81747704e-01 9.64924428e-01
100 5 9.81747704e-01 9.64634550e-01
101 5 9.81747704e-01 9.69928318e-01
102 5 9.81747704e-01 9.66366254e-01
103 5 9.81747704e-01 9.69786643e-01
104 5 9.81747704e-01 9.66693449e-01
105 5 9.81747704e-01 9.66263509e-01
106 5 9.81747704e-01 9.66045671e-01
107 5 9.81747704e-01 9.63151682e-01
108 5 9.81747704e-01 9.74892001e-01
109 5 9.81747704e-01 9.69669040e-01
110 5 9.81747704e-01 9.65346896e-01
111 5 9.81747704e-01 9.67343599e-01
112 5 9.81747704e-01 9.70232044e-01
113 5 9.81747704e-01 9.65204819e-01
114 5 9.81747704e-01 9.69677606e-01
115 5 9.81747704e-01 9.68373880e-01
116 5 9.81747704e-01 9.69592593e-01
117 5 9.81747704e-01 9.69665829e-01
118 5 9.81747704e-01 9.66087269e-01
119 5 9.81747704e-01 9.72244478e-01
120 5 9.81747704e-01 9.67565365e-01
121 5 9.81747704e-01 9.68056186e-01
122 5 9.81747704e-01 9.70391471e-01
123 5 9.81747704e-01 9.68486318e-01
124 5 9.81747704e-01 9.72638574e-01
125 5 9.81747704e-01 9.72556897e-01
126 5 9.81747704e-01 9.65387373e-01
127 5 9.81747704e-01 9.71534966e-01
128 5 9.81747704e-01 9.72431642e-01
129 5 9.81747704e-01 9.66498784e-01
130 5 9.81747704e-01 9.67272117e-01
131 5 9.81747704e-01 9.69200230e-01
132 5 9.81747704e-01 9.67579045e-01
133 5 9.81747704e-01 9.69151306e-01
134 5 9.81747704e-01 9.65308100e-01
135 5 9.81747704e-01 9.73873063e-01
136 5 9.81747704e-01 9.65300721e-01
137 5 9.81747704e-01 9.67070435e-01
138 5 9.81747704e-01 9.73448473e-01
139 5 9.81747704e-01 9.70583136e-01
140 5 9.81747704e-01 9.73572974e-01
141 5 9.81747704e-01 9.68750542e-01
142 5 9.81747704e-01 9.69856828e-01
143 5 9.81747704e-01 9.68391681e-01
144 5 9.81747704e-01 9.74714663e-01
145 5 9.81747704e-01 9.70573617e-01
146 5 9.81747704e-01 9.69185381e-01
147 5 9.81747704e-01 9.72583227e-01
148 5 9.81747704e-01 9.67012506e-01
149 5 9.81747704e-01 9.67233333e-01
150 5 9.81747704e-01 9.69932769e-01
151 5 9.81747704e-01 9.69715967e-01
152 5 9.81747704e-01 9.74996026e-01
153 5 9.81747704e-01 9.68626897e-01
154 5 9.81747704e-01 9.64078254e-01
155 5 9.81747704e-01 9.67380520e-01
156 5 9.81747704e-01 9.72134652e-01
157 5 9.81747704e-01 9.69007765e-01
158 5 9.81747704e-01 9.69747590e-01
159 5 9.81747704e-01 9.68173328e-01
160 5 9.81747704e-01 9.65654711e-01
161 5 9.81747704e-01 9.68611897e-01
162 5 9.81747704e-01 9.71450781e-01
163 5 9.81747704e-01 9.73776885e-01
164 5 9.81747704e-01 9.69687750e-01
165 5 9.81747704e-01 9.67691747e-01
166 5 9.81747704e-01 9.67629193e-01
167 5 9.81747704e-01 9.74726866e-01
168 5 9.81747704e-01 9.68994415e-01
169 5 9.81747704e-01 9.68244642e-01
170 5 9.81747704e-01 9.66269668e-01
171 5 9.81747704e-01 9.74707275e-01
172 5 9.81747704e-01 9.71250420e-01
173 5 9.81747704e-01 9.69655825e-01
174 5 9.81747704e-01 9.72812966e-01
175 5 9.81747704e-01 9.67651261e-01
176 5 9.81747704e-01 9.70676838e-01
177 5 9.81747704e-01 9.71378777e-01
178 5 9.81747704e-01 9.74457030e-01
179 5 9.81747704e-01 9.72917343e-01
180 5 9.81747704e-01 9.64500657e-01
181 5 9.81747704e-01 9.66585073e-01
182 5 9.81747704e-01 9.68494015e-01
183 5 9.81747704e-01 9.67775220e-01
184 5 9.81747704e-01 9.66443430e-01
185 5 9.81747704e-01 9.70020596e-01
186 5 9.81747704e-01 9.66899655e-01
187 5 9.81747704e-01 9.67708299e-01
188 5 9.81747704e-01 9.64876345e-01
189 5 9.81747704e-01 9.69248700e-01
190 5 9.81747704e-01 9.67050859e-01
191 5 9.81747704e-01 9.69117101e-01
192 5 9.81747704e-01 9.68992743e-01
193 5 9.81747704e-01 9.67795772e-01
194 5 9.81747704e-01 9.66681625e-01
195 5 9.81747704e-01 9.61901077e-01
196 5 9.81747704e-01 9.71589505e-01
197 5 9.81747704e-01 9.70268885e-01
198 5 9.81747704e-01 9.71982103e-01
199 5 9.81747704e-01 9.68509549e-01
200 5 9.81747704e-01 9.70567098e-01
201 5 9.81747704e-01 9.68326967e-01
202 5 9.81747704e-01 9.68731465e-01
203 5 9.81747704e-01 9.68626672e-01
204 5 9.81747704e-01 9.67951309e-01
205 5 9.81747704e-01 9.72327707e-01
206 5 9.81747704e-01 9.69393530e-01
207 5 9.81747704e-01 9.66802456e-01
208 5 9.81747704e-01 9.67438490e-01
209 5 9.81747704e-01 9.68498365e-01
210 5 9.81747704e-01 9.68380201e-01
211 5 9.81747704e-01 9.68567985e-01
212 5 9.81747704e-01 9.67344777e-01
213 5 9.81747704e-01 9.65718898e-01
214 5 9.81747704e-01 9.70698917e-01
215 5 9.81747704e-01 9.66246195e-01
216 5 9.81747704e-01 9.71966149e-01
217 5 9.81747704e-01 9.67597502e-01
218 5 9.81747704e-01 9.72541383e-01
219 5 9.81747704e-01 9.70286468e-01
220 5 9.81747704e-01 9.76937087e-01
221 5 9.81747704e-01 9.65205561e-01
222 5 9.81747704e-01 9.72407469e-01
223 5 9.81747704e-01 9.74521708e-01
224 5 9.81747704e-01 9.63077221e-01
225 5 9.81747704e-01 9.65966681e-01
226 5 9.81747704e-01 9.70017900e-01
227 5 9.81747704e-01 9.69206371e-01
228 5 9.81747704e-01 9.66759465e-01
229 5 9.81747704e-01 9.73503321e-01
230 5 9.81747704e-01 9.65053873e-01
231 5 9.81747704e-01 9.62408647e-01
232 5 9.81747704e-01 9.67918448e-01
233 5 9.81747704e-01 9.69158557e-01
234 5 9.81747704e-01 9.68017574e-01
235 5 9.81747704e-01 9.68072501e-01
236 5 9.81747704e-01 9.68180060e-01
237 5 9.81747704e-01 9.69659457e-01
238 5 9.81747704e-01 9.63984255e-01
239 5 9.81747704e-01 9.65939642e-01
240 5 9.81747704e-01 9.69825732e-01
241 5 9.81747704e-01 9.65571870e-01
242 5 9.81747704e-01 9.70703522e-01
243 5 9.81747704e-01 9.72748683e-01
244 5 9.81747704e-01 9.66773563e-01
245 5 9.81747704e-01 9.70243350e-01
246 5 9.81747704e-01 9.67461241e-01
247 5 9.81747704e-01 9.64882458e-01
248 5 9.81747704e-01 9.68747686e-01
249 5 9.81747704e-01 9.69313156e-01
250 5 9.81747704e-01 9.72876870e-01
251 5 9.81747704e-01 9.70225032e-01
252 5 9.81747704e-01 9.68445447e-01
253 5 9.81747704e-01 9.67216746e-01
254 5 9.81747704e-01 9.73057469e-01
255 5 9.81747704e-01 9.67598231e-01
256 5 9.81747704e-01 9.67194434e-01
257 5 9.81747704e-01 9.62184587e-01
258 5 9.81747704e-01 9.70432527e-01
259 5 9.81747704e-01 9.73588613e-01
260 5 9.81747704e-01 9.70027322e-01
261 5 9.81747704e-01 9.72114969e-01
262 5 9.81747704e-01 9.66390979e-01
263 5 9.81747704e-01 9.77281975e-01
264 5 9.81747704e-01 9.73790000e-01
265 5 9.81747704e-01 9.71332859e-01
266 5 9.81747704e-01 9.67048977e-01
267 5 9.81747704e-01 9.65544412e-01
268 5 9.81747704e-01 9.69906595e-01
269 5 9.81747704e-01 9.71427052e-01
270 5 9.81747704e-01 9.67349395e-01
271 5 9.81747704e-01 9.69676050e-01
272 5 9.81747704e-01 9.70306197e-01
273 5 9.81747704e-01 9.72632006e-01
274 5 9.81747704e-01 9.66848536e-01
275 5 9.81747704e-01 9.72288447e-01
276 5 9.81747704e-01 9.71666084e-01
277 5 9.81747704e-01 9.74006754e-01
278 5 9.81747704e-01 9.65083709e-01
279 5 9.81747704e-01 9.64678505e-01
280 5 9.81747704e-01 9.69924387e-01
281 5 9.81747704e-01 9.71582895e-01
282 5 9.81747704e-01 9.67686366e-01
283 5 9.81747704e-01 9.65245374e-01
284 5 9.81747704e-01 9.68050247e-01
285 5 9.81747704e-01 9.72560728e-01
286 5 9.81747704e-01 9.78219063e-01
287 5 9.81747704e-01 9.63565372e-01
288 5 9.81747704e-01 9.71765110e-01
289 5 9.81747704e-01 9.66049734e-01
290 5 9.81747704e-01 9.71933937e-01
291 5 9.81747704e-01 9.67171731e-01
292 5 9.81747704e-01 9.75325299e-01
293 5 9.81747704e-01 9.70624242e-01
294 5 9.81747704e-01 9.74572685e-01
295 5 9.81747704e-01 9.73509492e-01
296 5 9.81747704e-01 9.71134069e-01
297 5 9.81747704e-01 9.69673019e-01
298 5 9.81747704e-01 9.72106396e-01
299 5 9.81747704e-01 9.68302342e-01
300 5 9.81747704e-01 9.64812399e-01
301 5 9.81747704e-01 9.68094391e-01
302 5 9.81747704e-01 9.67738104e-01
303 5 9.81747704e-01 9.65631566e-01
304 5 9.81747704e-01 9.65661647e-01
305 5 9.81747704e-01 9.65825751e-01
306 5 9.81747704e-01 9.65261935e-01
307 5 9.81747704e-01 9.66371660e-01
308 5 9.81747704e-01 9.66735430e-01
309 5 9.81747704e-01 9.68961870e-01
310 5 9.81747704e-01 9.71153770e-01
311 5 9.81747704e-01 9.69717583e-01
312 5 9.81747704e-01 9.75059772e-01
313 5 9.81747704e-01 9.67400888e-01
314 5 9.81747704e-01 9.69343239e-01
315 5 9.81747704e-01 9.67368474e-01
316 5 9.81747704e-01 9.70580377e-01
317 5 9.81747704e-01 9.69610929e-01
318 5 9.81747704e-01 9.66501182e-01
319 5 9.81747704e-01 9.70214539e-01
320 5 9.81747704e-01 9.68435749e-01
321 5 9.81747704e-01 9.68538826e-01
322 5 9.81747704e-01 9.71364453e-01
323 5 9.81747704e-01 9.65069892e-01
324 5 9.81747704e-01 9.72143203e-01
325 5 9.81747704e-01 9.65376657e-01
326 5 9.81747704e-01 9.72751020e-01
327 5 9.81747704e-01 9.66058690e-01
328 5 9.81747704e-01 9.64122622e-01
329 5 9.81747704e-01 9.71861167e-01
330 5 9.81747704e-01 9.69929516e-01
331 5 9.81747704e-01 9.65215000e-01
332 5 9.81747704e-01 9.67569602e-01
333 5 9.81747704e-01 9.71972761e-01
334 5 9.81747704e-01 9.68859663e-01
335 5 9.81747704e-01 9.71274484e-01
336 5 9.81747704e-01 9.66210152e-01
337 5 9.81747704e-01 9.68946667e-01
338 5 9.81747704e-01 9.72752814e-01
339 5 9.81747704e-01 9.70409267e-01
340 5 9.81747704e-01 9.71032477e-01
341 5 9.81747704e-01 9.68315214e-01
342 5 9.81747704e-01 9.68522002e-01
343 5 9.81747704e-01 9.66676005e-01
344 5 9.81747704e-01 9.66117277e-01
345 5 9.81747704e-01 9.69920574e-01
346 5 9.81747704e-01 9.69930928e-01
347 5 9.81747704e-01 9.73664285e-01
348 5 9.81747704e-01 9.70417870e-01
349 5 9.81747704e-01 9.63527056e-01
350 5 9.81747704e-01 9.68452465e-01
351 5 9.81747704e-01 9.69761603e-01
352 5 9.81747704e-01 9.65947129e-01
353 5 9.81747704e-01 9.76750653e-01
354 5 9.81747704e-01 9.71677726e-01
355 5 9.81747704e-01 9.69234138e-01
356 5 9.81747704e-01 9.67456459e-01
357 5 9.81747704e-01 9.68074944e-01
358 5 9.81747704e-01 9.68628426e-01
359 5 9.81747704e-01 9.66927074e-01
360 5 9.81747704e-01 9.68300066e-01
361 5 9.81747704e-01 9.66018839e-01
362 5 9.81747704e-01 9.71822285e-01
363 5 9.81747704e-01 9.64157020e-01
364 5 9.81747704e-01 9.70812852e-01
365 5 9.81747704e-01 9.70510907e-01
366 5 9.81747704e-01 9.66881151e-01
367 5 9.81747704e-01 9.71580983e-01
368 5 9.81747704e-01 9.67966673e-01
369 5 9.81747704e-01 9.65571697e-01
370 5 9.81747704e-01 9.68558062e-01
371 5 9.81747704e-01 9.64471315e-01
372 5 9.81747704e-01 9.67064186e-01
373 5 9.81747704e-01 9.69223616e-01
374 5 9.81747704e-01 9.71674477e-01
375 5 9.81747704e-01 9.64708705e-01
376 5 9.81747704e-01 9.66320432e-01
377 5 9.81747704e-01 9.66590200e-01
378 5 9.81747704e-01 9.69709428e-01
379 5 9.81747704e-01 9.74057672e-01
380 5 9.81747704e-01 9.73494019e-01
381 5 9.81747704e-01 9.73889443e-01
382 5 9.81747704e-01 9.70951404e-01
383 5 9.81747704e-01 9.71072410e-01
384 5 9.81747704e-01 9.64357726e-01
385 5 9.81747704e-01 9.67146883e-01
386 5 9.81747704e-01 9.71260214e-01
387 5 9.81747704e-01 9.70389266e-01
388 5 9.81747704e-01 9.65727048e-01
389 5 9.81747704e-01 9.70855146e-01
390 5 9.81747704e-01 9.68867049e-01
391 5 9.81747704e-01 9.65853998e-01
392 5 9.81747704e-01 9.72249339e-01
393 5 9.81747704e-01 9.69810808e-01
394 5 9.81747704e-01 9.68733331e-01
395 5 9.81747704e-01 9.70211070e-01
396 5 9.81747704e-01 9.70551498e-01
397 5 9.81747704e-01 9.70149054e-01
398 5 9.81747704e-01 9.74113907e-01
399 5 9.81747704e-01 9.69341965e-01
400 5 9.81747704e-01 9.68474038e-01
401 5 9.81747704e-01 9.69627216e-01
402 5 9.81747704e-01 9.68831816e-01
403 5 9.81747704e-01 9.63709333e-01
404 5 9.81747704e-01 9.67557366e-01
405 5 9.81747704e-01 9.71829120e-01
406 5 9.81747704e-01 9.70497846e-01
407 5 9.81747704e-01 9.65629447e-01
408 5 9.81747704e-01 9.65873673e-01
409 5 9.81747704e-01 9.72726069e-01
410 5 9.81747704e-01 9.67940003e-01
411 5 9.81747704e-01 9.61838754e-01
412 5 9.81747704e-01 9.67057190e-01
413 5 9.81747704e-01 9.67196663e-01
414 5 9.81747704e-01 9.71389576e-01
415 5 9.81747704e-01 9.69728243e-01
416 5 9.81747704e-01 9.66607858e-01
417 5 9.81747704e-01 9.71991109e-01
418 5 9.81747704e-01 9.67640072e-01
419 5 9.81747704e-01 9.73149189e-01
420 5 9.81747704e-01 9.72309569e-01
421 5 9.81747704e-01 9.71857699e-01
422 5 9.81747704e-01 9.70802717e-01
423 5 9.81747704e-01 9.63078030e-01
424 5 9.81747704e-01 9.63694648e-01
425 5 9.81747704e-01 9.71869733e-01
426 5 9.81747704e-01 9.65761904e-01
427 5 9.81747704e-01 9.72614071e-01
428 5 9.81747704e-01 9.68131914e-01
429 5 9.81747704e-01 9.68132652e-01
430 5 9.81747704e-01 9.71931510e-01
431 5 9.81747704e-01 9.70681217e-01
432 5 9.81747704e-01 9.71919005e-01
433 5 9.81747704e-01 9.71430487e-01
434 5 9.81747704e-01 9.70873953e-01
435 5 9.81747704e-01 9.70877138e-01
436 5 9.81747704e-01 9.67020765e-01
437 5 9.81747704e-01 9.71489494e-01
438 5 9.81747704e-01 9.72808343e-01
439 5 9.81747704e-01 9.71245441e-01
440 5 9.81747704e-01 9.71586240e-01
441 5 9.81747704e-01 9.70452003e-01
442 5 9.81747704e-01 9.64676009e-01
443 5 9.81747704e-01 9.68030582e-01
444 5 9.81747704e-01 9.69101995e-01
445 5 9.81747704e-01 9.66370102e-01
446 5 9.81747704e-01 9.75681251e-01
447 5 9.81747704e-01 9.67849218e-01
448 5 9.81747704e-01 9.69687454e-01
449 5 9.81747704e-01 9.68030457e-01
450 5 9.81747704e-01 9.66739334e-01
451 5 9.81747704e-01 9.68295692e-01
452 5 9.81747704e-01 9.69525622e-01
453 5 9.81747704e-01 9.71870174e-01
454 5 9.81747704e-01 9.67887036e-01
455 5 9.81747704e-01 9.68643304e-01
456 5 9.81747704e-01 9.69294423e-01
457 5 9.81747704e-01 9.73204810e-01
458 5 9.81747704e-01 9.72651732e-01
459 5 9.81747704e-01 9.74394027e-01
460 5 9.81747704e-01 9.71145363e-01
461 5 9.81747704e-01 9.68456418e-01
462 5 9.81747704e-01 9.70450921e-01
463 5 9.81747704e-01 9.71168686e-01
464 5 9.81747704e-01 9.64877507e-01
465 5 9.81747704e-01 9.68580301e-01
466 5 9.81747704e-01 9.68284978e-01
467 5 9.81747704e-01 9.72408100e-01
468 5 9.81747704e-01 9.70881856e-01
469 5 9.81747704e-01 9.71546070e-01
470 5 9.81747704e-01 9.65165243e-01
471 5 9.81747704e-01 9.70727203e-01
472 5 9.81747704e-01 9.66123068e-01
473 5 9.81747704e-01 9.70143177e-01
474 5 9.81747704e-01 9.68701085e-01
475 5 9.81747704e-01 9.68292561e-01
476 5 9.81747704e-01 9.67828405e-01
477 5 9.81747704e-01 9.70397738e-01
478 5 9.81747704e-01 9.65557786e-01
479 5 9.81747704e-01 9.68903724e-01
480 5 9.81747704e-01 9.69006419e-01
481 5 9.81747704e-01 9.70052743e-01
482 5 9.81747704e-01 9.60376048e-01
483 5 9.81747704e-01 9.67701170e-01
484 5 9.81747704e-01 9.65862317e-01
485 5 9.81747704e-01 9.67285971e-01
486 5 9.81747704e-01 9.69785127e-01
487 5 9.81747704e-01 9.70010219e-01
488 5 9.81747704e-01 9.71696295e-01
489 5 9.81747704e-01 9.67958045e-01
490 5 9.81747704e-01 9.73001340e-01
491 5 9.81747704e-01 9.72016806e-01
492 5 9.81747704e-01 9.69241733e-01
493 5 9.81747704e-01 9.71217023e-01
494 5 9.81747704e-01 9.71373657e-01
495 5 9.81747704e-01 9.70352039e-01
496 5 9.81747704e-01 9.68253267e-01
497 5 9.81747704e-01 9.68157225e-01
498 5 9.81747704e-01 9.67310078e-01
499 5 9.81747704e-01 9.68969382e-01
500 5 9.81747704e-01 9.67515944e-01
501 5 9.81747704e-01 9.70124638e-01
502 5 9.81747704e-01 9.68973603e-01
503 5 9.81747704e-01 9.65007769e-01
504 5 9.81747704e-01 9.70624074e-01
505 5 9.81747704e-01 9.66353004e-01
506 5 9.81747704e-01 9.66657764e-01
507 5 9.81747704e-01 9.61739502e-01
508 5 9.81747704e-01 9.76410540e-01
509 5 9.81747704e-01 9.72479953e-01
510 5 9.81747704e-01 9.69387694e-01
511 5 9.81747704e-01 9.69920330e-01
512 5 9.81747704e-01 9.67341644e-01
513 5 9.81747704e-01 9.71662722e-01
514 5 9.81747704e-01 9.68201706e-01
515 5 9.81747704e-01 9.66496708e-01
516 5 9.81747704e-01 9.68117602e-01
517 5 9.81747704e-01 9.73003263e-01
518 5 9.81747704e-01 9.66203285e-01
519 5 9.81747704e-01 9.64119306e-01
520 5 9.81747704e-01 9.75286855e-01
521 5 9.81747704e-01 9.66851702e-01
522 5 9.81747704e-01 9.63820840e-01
523 5 9.81747704e-01 9.70150025e-01
524 5 9.81747704e-01 9.71352379e-01
525 5 9.81747704e-01 9.68481034e-01
526 5 9.81747704e-01 9.76596872e-01
527 5 9.81747704e-01 9.64017858e-01
528 5 9.81747704e-01 9.70024387e-01
529 5 9.81747704e-01 9.74848020e-01
530 5 9.81747704e-01 9.65961377e-01
531 5 9.81747704e-01 9.68248355e-01
532 5 9.81747704e-01 9.63307041e-01
533 5 9.81747704e-01 9.69838515e-01
534 5 9.81747704e-01 9.69484192e-01
535 5 9.81747704e-01 9.69088236e-01
536 5 9.81747704e-01 9.72676439e-01
537 5 9.81747704e-01 9.66968591e-01
538 5 9.81747704e-01 9.71902891e-01
539 5 9.81747704e-01 9.75735799e-01
540 5 9.81747704e-01 9.66518083e-01
541 5 9.81747704e-01 9.65553130e-01
542 5 9.81747704e-01 9.68803313e-01
543 5 9.81747704e-01 9.65184369e-01
544 5 9.81747704e-01 9.72646050e-01
545 5 9.81747704e-01 9.70712291e-01
546 5 9.81747704e-01 9.67724105e-01
547 5 9.81747704e-01 9.62171823e-01
548 5 9.81747704e-01 9.71277900e-01
549 5 9.81747704e-01 9.65838838e-01
550 5 9.81747704e-01 9.70283016e-01
551 5 9.81747704e-01 9.75460525e-01
552 5 9.81747704e-01 9.73246006e-01
553 5 9.81747704e-01 9.69382139e-01
554 5 9.81747704e-01 9.68748270e-01
555 5 9.81747704e-01 9.75105896e-01
556 5 9.81747704e-01 9.70086729e-01
557 5 9.81747704e-01 9.67699169e-01
558 5 9.81747704e-01 9.70421282e-01
559 5 9.81747704e-01 9.74250239e-01
560 5 9.81747704e-01 9.69237282e-01
561 5 9.81747704e-01 9.65884176e-01
562 5 9.81747704e-01 9.65126519e-01
563 5 9.81747704e-01 9.69619687e-01
564 5 9.81747704e-01 9.67793267e-01
565 5 9.81747704e-01 9.68669063e-01
566 5 9.81747704e-01 9.73519272e-01
567 5 9.81747704e-01 9.71622144e-01
568 5 9.81747704e-01 9.69085422e-01
569 5 9.81747704e-01 9.68671481e-01
570 5 9.81747704e-01 9.71830295e-01
571 5 9.81747704e-01 9.68246912e-01
572 5 9.81747704e-01 9.64550824e-01
573 5 9.81747704e-01 9.70770956e-01
574 5 9.81747704e-01 9.69605232e-01
575 5 9.81747704e-01 9.73950666e-01
576 5 9.81747704e-01 9.71457496e-01
577 5 9.81747704e-01 9.69644788e-01
578 5 9.81747704e-01 9.67545570e-01
579 5 9.81747704e-01 9.72353277e-01
580 5 9.81747704e-01 9.67740151e-01
581 5 9.81747704e-01 9.65337173e-01
582 5 9.81747704e-01 9.71100453e-01
583 5 9.81747704e-01 9.71450820e-01
584 5 9.81747704e-01 9.72744819e-01
585 5 9.81747704e-01 9.69589356e-01
586 5 9.81747704e-01 9.68913477e-01
587 5 9.81747704e-01 9.70846694e-01
588 5 9.81747704e-01 9.70179835e-01
589 5 9.81747704e-01 9.65539748e-01
590 5 9.81747704e-01 9.72735772e-01
591 5 9.81747704e-01 9.69844806e-01
592 5 9.81747704e-01 9.71443134e-01
593 5 9.81747704e-01 9.73054569e-01
594 5 9.81747704e-01 9.71863577e-01
595 5 9.81747704e-01 9.71969656e-01
596 5 9.81747704e-01 9.69939189e-01
597 5 9.81747704e-01 9.72075732e-01
598 5 9.81747704e-01 9.68985480e-01
599 5 9.81747704e-01 9.69123221e-01
600 5 9.81747704e-01 9.69367703e-01
601 5 9.81747704e-01 9.73118794e-01
602 5 9.81747704e-01 9.69595673e-01
603 5 9.81747704e-01 9.68508227e-01
604 5 9.81747704e-01 9.67370041e-01
605 5 9.81747704e-01 9.67970484e-01
606 5 9.81747704e-01 9.72137651e-01
607 5 9.81747704e-01 9.66631163e-01
608 5 9.81747704e-01 9.65159478e-01
609 5 9.81747704e-01 9.67070683e-01
610 5 9.81747704e-01 9.70186767e-01
611 5 9.81747704e-01 9.68162168e-01
612 5 9.81747704e-01 9.66166238e-01
613 5 9.81747704e-01 9.73863924e-01
614 5 9.81747704e-01 9.68612445e-01
615 5 9.81747704e-01 9.72923995e-01
616 5 9.81747704e-01 9.69864615e-01
617 5 9.81747704e-01 9.70175478e-01
618 5 9.81747704e-01 9.70193228e-01
619 5 9.81747704e-01 9.70514820e-01
620 5 9.81747704e-01 9.69345545e-01
621 5 9.81747704e-01 9.63965508e-01
622 5 9.81747704e-01 9.69782324e-01
623 5 9.81747704e-01 9.69926377e-01
624 5 9.81747704e-01 9.71441950e-01
625 5 9.81747704e-01 9.70322260e-01
626 5 9.81747704e-01 9.67067518e-01
627 5 9.81747704e-01 9.69333286e-01
628 5 9.81747704e-01 9.74775323e-01
629 5 9.81747704e-01 9.74452613e-01
630 5 9.81747704e-01 9.63954835e-01
631 5 9.81747704e-01 9.69324280e-01
632 5 9.81747704e-01 9.66369880e-01
633 5 9.81747704e-01 9.67198985e-01
634 5 9.81747704e-01 9.73840225e-01
635 5 9.81747704e-01 9.68970679e-01
636 5 9.81747704e-01 9.64293887e-01
637 5 9.81747704e-01 9.70385785e-01
638 5 9.81747704e-01 9.69332076e-01
639 5 9.81747704e-01 9.67835499e-01
640 5 9.81747704e-01 9.67296572e-01
641 5 9.81747704e-01 9.73362276e-01
642 5 9.81747704e-01 9.74187773e-01
643 5 9.81747704e-01 9.65113454e-01
644 5 9.81747704e-01 9.70981758e-01
645 5 9.81747704e-01 9.61932924e-01
646 5 9.81747704e-01 9.65316949e-01
647 5 9.81747704e-01 9.69980065e-01
648 5 9.81747704e-01 9.70862141e-01
649 5 9.81747704e-01 9.64237493e-01
650 5 9.81747704e-01 9.66001852e-01
651 5 9.81747704e-01 9.71936830e-01
652 5 9.81747704e-01 9.65162735e-01
653 5 9.81747704e-01 9.68214204e-01
654 5 9.81747704e-01 9.64117146e-01
655 5 9.81747704e-01 9.64573658e-01
656 5 9.81747704e-01 9.66300239e-01
657 5 9.81747704e-01 9.65169126e-01
658 5 9.81747704e-01 9.69197545e-01
659 5 9.81747704e-01 9.71201846e-01
660 5 9.81747704e-01 9.73378644e-01
661 5 9.81747704e-01 9.69875129e-01
662 5 9.81747704e-01 9.66385860e-01
663 5 9.81747704e-01 9.65590034e-01
664 5 9.81747704e-01 9.69355716e-01
665 5 9.81747704e-01 9.71339608e-01
666 5 9.81747704e-01 9.68404939e-01
667 5 9.81747704e-01 9.65862031e-01
668 5 9.81747704e-01 9.66697073e-01
669 5 9.81747704e-01 9.72777732e-01
670 5 9.81747704e-01 9.71172106e-01
671 5 9.81747704e-01 9.69839908e-01
672 5 9.81747704e-01 9.73655407e-01
673 5 9.81747704e-01 9.76166023e-01
674 5 9.81747704e-01 9.66783891e-01
675 5 9.81747704e-01 9.74504041e-01
676 5 9.81747704e-01 9.73271004e-01
677 5 9.81747704e-01 9.71634059e-01
678 5 9.81747704e-01 9.67678706e-01
679 5 9.81747704e-01 9.72882338e-01
680 5 9.81747704e-01 9.72638242e-01
681 5 9.81747704e-01 9.72256585e-01
682 5 9.81747704e-01 9.72548952e-01
683 5 9.81747704e-01 9.72130768e-01
684 5 9.81747704e-01 9.64230722e-01
685 5 9.81747704e-01 9.63378021e-01
686 5 9.81747704e-01 9.66585142e-01
687 5 9.81747704e-01 9.72328364e-01
688 5 9.81747704e-01 9.71228735e-01
689 5 9.81747704e-01 9.70265683e-01
690 5 9.81747704e-01 9.70399013e-01
691 5 9.81747704e-01 9.72108681e-01
692 5 9.81747704e-01 9.73138546e-01
693 5 9.81747704e-01 9.68152425e-01
694 5 9.81747704e-01 9.69670744e-01
695 5 9.81747704e-01 9.71522835e-01
696 5 9.81747704e-01 9.71012897e-01
697 5 9.81747704e-01 9.71538294e-01
698 5 9.81747704e-01 9.64212212e-01
699 5 9.81747704e-01 9.66782421e-01
700 5 9.81747704e-01 9.69453836e-01
701 5 9.81747704e-01 9.67936558e-01
702 5 9.81747704e-01 9.66786080e-01
703 5 9.81747704e-01 9.71216762e-01
704 5 9.81747704e-01 9.69158507e-01
705 5 9.81747704e-01 9.69533099e-01
706 5 9.81747704e-01 9.74707469e-01
707 5 9.81747704e-01 9.66106796e-01
708 5 9.81747704e-01 9.67620380e-01
709 5 9.81747704e-01 9.71208713e-01
710 5 9.81747704e-01 9.68836223e-01
711 5 9.81747704e-01 9.69406088e-01
712 5 9.81747704e-01 9.68343750e-01
713 5 9.81747704e-01 9.69755090e-01
714 5 9.81747704e-01 9.68696242e-01
715 5 9.81747704e-01 9.71270953e-01
716 5 9.81747704e-01 9.71804814e-01
717 5 9.81747704e-01 9.70905294e-01
718 5 9.81747704e-01 9.69401717e-01
719 5 9.81747704e-01 9.69969504e-01
720 5 9.81747704e-01 9.72116064e-01
721 5 9.81747704e-01 9.75815930e-01
722 5 9.81747704e-01 9.66570085e-01
723 5 9.81747704e-01 9.67947616e-01
724 5 9.81747704e-01 9.63574555e-01
725 5 9.81747704e-01 9.73917785e-01
726 5 9.81747704e-01 9.70849264e-01
727 5 9.81747704e-01 9.64233630e-01
728 5 9.81747704e-01 9.68164031e-01
729 5 9.81747704e-01 9.69121032e-01
730 5 9.81747704e-01 9.70372453e-01
731 5 9.81747704e-01 9.65936516e-01
732 5 9.81747704e-01 9.73459396e-01
733 5 9.81747704e-01 9.69907931e-01
734 5 9.81747704e-01 9.68201794e-01
735 5 9.81747704e-01 9.73394168e-01
736 5 9.81747704e-01 9.66135763e-01
737 5 9.81747704e-01 9.67480616e-01
738 5 9.81747704e-01 9.67168676e-01
739 5 9.81747704e-01 9.73019926e-01
740 5 9.81747704e-01 9.68646977e-01
741 5 9.81747704e-01 9.64955302e-01
742 5 9.81747704e-01 9.72169878e-01
743 5 9.81747704e-01 9.71896641e-01
744 5 9.81747704e-01 9.68223042e-01
745 5 9.81747704e-01 9.67834073e-01
746 5 9.81747704e-01 9.75010786e-01
747 5 9.81747704e-01 9.65825689e-01
748 5 9.81747704e-01 9.72272580e-01
749 5 9.81747704e-01 9.73805759e-01
750 5 9.81747704e-01 9.65301100e-01
751 5 9.81747704e-01 9.68258711e-01
752 5 9.81747704e-01 9.71115235e-01
753 5 9.81747704e-01 9.69316435e-01
754 5 9.81747704e-01 9.65077322e-01
755 5 9.81747704e-01 9.68625594e-01
756 5 9.81747704e-01 9.68244752e-01
757 5 9.81747704e-01 9.62626985e-01
758 5 9.81747704e-01 9.69239030e-01
759 5 9.81747704e-01 9.70875733e-01
760 5 9.81747704e-01 9.60549624e-01
761 5 9.81747704e-01 9.67634012e-01
762 5 9.81747704e-01 9.74561337e-01
763 5 9.81747704e-01 9.65842248e-01
764 5 9.81747704e-01 9.71597938e-01
765 5 9.81747704e-01 9.64969209e-01
766 5 9.81747704e-01 9.64638241e-01
767 5 9.81747704e-01 9.68637654e-01
768 5 9.81747704e-01 9.68253278e-01
769 5 9.81747704e-01 9.68524411e-01
770 5 9.81747704e-01 9.64178112e-01
771 5 9.81747704e-01 9.68559664e-01
772 5 9.81747704e-01 9.70078670e-01
773 5 9.81747704e-01 9.72921057e-01
774 5 9.81747704e-01 9.67496688e-01
775 5 9.81747704e-01 9.69649532e-01
776 5 9.81747704e-01 9.67748761e-01
777 5 9.81747704e-01 9.64247762e-01
778 5 9.81747704e-01 9.69705561e-01
779 5 9.81747704e-01 9.71048814e-01
780 5 9.81747704e-01 9.67082508e-01
781 5 9.81747704e-01 9.73509474e-01
782 5 9.81747704e-01 9.66229585e-01
783 5 9.81747704e-01 9.70242958e-01
784 5 9.81747704e-01 9.68122325e-01
785 5 9.81747704e-01 9.69598633e-01
786 5 9.81747704e-01 9.67641095e-01
787 5 9.81747704e-01 9.69821530e-01
788 5 9.81747704e-01 9.69665953e-01
789 5 9.81747704e-01 9.70690081e-01
790 5 9.81747704e-01 9.68410724e-01
791 5 9.81747704e-01 9.73196419e-01
792 5 9.81747704e-01 9.68384833e-01
793 5 9.81747704e-01 9.70522344e-01
794 5 9.81747704e-01 9.69472322e-01
795 5 9.81747704e-01 9.74413298e-01
796 5 9.81747704e-01 9.65270361e-01
797 5 9.81747704e-01 9.67687150e-01
798 5 9.81747704e-01 9.73952203e-01
799 5 9.81747704e-01 9.65888676e-01
800 5 9.81747704e-01 9.67506737e-01
801 5 9.81747704e-01 9.71980189e-01
802 5 9.81747704e-01 9.66954799e-01
803 5 9.81747704e-01 9.74967084e-01
804 5 9.81747704e-01 9.65045478e-01
805 5 9.81747704e-01 9.64586917e-01
806 5 9.81747704e-01 9.72478607e-01
807 5 9.81747704e-01 9.73016576e-01
808 5 9.81747704e-01 9.73612574e-01
809 5 9.81747704e-01 9.68151927e-01
810 5 9.81747704e-01 9.68769801e-01
811 5 9.81747704e-01 9.68615041e-01
812 5 9.81747704e-01 9.67403600e-01
813 5 9.81747704e-01 9.71126489e-01
814 5 9.81747704e-01 9.67386280e-01
815 5 9.81747704e-01 9.68559090e-01
816 5 9.81747704e-01 9.71141711e-01
817 5 9.81747704e-01 9.67354944e-01
818 5 9.81747704e-01 9.68220930e-01
819 5 9.81747704e-01 9.65198958e-01
820 5 9.81747704e-01 9.67010949e-01
821 5 9.81747704e-01 9.67778105e-01
822 5 9.81747704e-01 9.70290011e-01
823 5 9.81747704e-01 9.74837631e-01
824 5 9.81747704e-01 9.66937311e-01
825 5 9.81747704e-01 9.68795875e-01
826 5 9.81747704e-01 9.73009753e-01
827 5 9.81747704e-01 9.65994213e-01
828 5 9.81747704e-01 9.65511591e-01
829 5 9.81747704e-01 9.69488654e-01
830 5 9.81747704e-01 9.67293721e-01
831 5 9.81747704e-01 9.67819180e-01
832 5 9.81747704e-01 9.69908472e-01
833 5 9.81747704e-01 9.73030014e-01
834 5 9.81747704e-01 9.69048069e-01
835 5 9.81747704e-01 9.70592341e-01
836 5 9.81747704e-01 9.74975918e-01
837 5 9.81747704e-01 9.71222159e-01
838 5 9.81747704e-01 9.69576146e-01
839 5 9.81747704e-01 9.67448992e-01
840 5 9.81747704e-01 9.67659203e-01
841 5 9.81747704e-01 9.69790412e-01
842 5 9.81747704e-01 9.71568442e-01
843 5 9.81747704e-01 9.69552759e-01
844 5 9.81747704e-01 9.69092277e-01
845 5 9.81747704e-01 9.72674343e-01
846 5 9.81747704e-01 9.68420141e-01
847 5 9.81747704e-01 9.68829550e-01
848 5 9.81747704e-01 9.67023072e-01
849 5 9.81747704e-01 9.68875219e-01
850 5 9.81747704e-01 9.70793675e-01
851 5 9.81747704e-01 9.71450541e-01
852 5 9.81747704e-01 9.70755659e-01
853 5 9.81747704e-01 9.63463178e-01
854 5 9.81747704e-01 9.70475124e-01
855 5 9.81747704e-01 9.73901594e-01
856 5 9.81747704e-01 9.71939006e-01
857 5 9.81747704e-01 9.65096489e-01
858 5 9.81747704e-01 9.73568031e-01
859 5 9.81747704e-01 9.71534281e-01
860 5 9.81747704e-01 9.71777447e-01
861 5 9.81747704e-01 9.67408408e-01
862 5 9.81747704e-01 9.70363860e-01
863 5 9.81747704e-01 9.67351549e-01
864 5 9.81747704e-01 9.64183869e-01
865 5 9.81747704e-01 9.69849627e-01
866 5 9.81747704e-01 9.68976537e-01
867 5 9.81747704e-01 9.73166251e-01
868 5 9.81747704e-01 9.71332014e-01
869 5 9.81747704e-01 9.70382576e-01
870 5 9.81747704e-01 9.62541485e-01
871 5 9.81747704e-01 9.66650363e-01
872 5 9.81747704e-01 9.70147650e-01
873 5 9.81747704e-01 9.70758080e-01
874 5 9.81747704e-01 9.69093683e-01
875 5 9.81747704e-01 9.68239725e-01
876 5 9.81747704e-01 9.69587787e-01
877 5 9.81747704e-01 9.68796906e-01
878 5 9.81747704e-01 9.63108402e-01
879 5 9.81747704e-01 9.66631366e-01
880 5 9.81747704e-01 9.70485671e-01
881 5 9.81747704e-01 9.73251988e-01
882 5 9.81747704e-01 9.70763493e-01
883 5 9.81747704e-01 9.68833774e-01
884 5 9.81747704e-01 9.65910512e-01
885 5 9.81747704e-01 9.71128320e-01
886 5 9.81747704e-01 9.69517617e-01
887 5 9.81747704e-01 9.65099715e-01
888 5 9.81747704e-01 9.71092394e-01
889 5 9.81747704e-01 9.76327240e-01
890 5 9.81747704e-01 9.66020521e-01
891 5 9.81747704e-01 9.69476902e-01
892 5 9.81747704e-01 9.62274315e-01
893 5 9.81747704e-01 9.67631847e-01
894 5 9.81747704e-01 9.70904163e-01
895 5 9.81747704e-01 9.71747688e-01
896 5 9.81747704e-01 9.69030541e-01
897 5 9.81747704e-01 9.74285387e-01
898 5 9.81747704e-01 9.66807086e-01
899 5 9.81747704e-01 9.70929138e-01
900 5 9.81747704e-01 9.62107200e-01
901 5 9.81747704e-01 9.74488404e-01
902 5 9.81747704e-01 9.69340384e-01
903 5 9.81747704e-01 9.67302031e-01
904 5 9.81747704e-01 9.68595041e-01
905 5 9.81747704e-01 9.71045202e-01
906 5 9.81747704e-01 9.75988335e-01
907 5 9.81747704e-01 9.69650011e-01
908 5 9.81747704e-01 9.71788225e-01
909 5 9.81747704e-01 9.72803414e-01
910 5 9.81747704e-01 9.68282838e-01
911 5 9.81747704e-01 9.73534305e-01
912 5 9.81747704e-01 9.70282688e-01
913 5 9.81747704e-01 9.71588380e-01
914 5 9.81747704e-01 9.70181226e-01
915 5 9.81747704e-01 9.65704073e-01
916 5 9.81747704e-01 9.70504645e-01
917 5 9.81747704e-01 9.68433272e-01
918 5 9.81747704e-01 9.72692711e-01
919 5 9.81747704e-01 9.65645684e-01
920 5 9.81747704e-01 9.70748242e-01
921 5 9.81747704e-01 9.66013823e-01
922 5 9.81747704e-01 9.69833984e-01
923 5 9.81747704e-01 9.70865188e-01
924 5 9.81747704e-01 9.69849204e-01
925 5 9.81747704e-01 9.66980920e-01
926 5 9.81747704e-01 9.67405109e-01
927 5 9.81747704e-01 9.68906662e-01
928 5 9.81747704e-01 9.66202032e-01
929 5 9.81747704e-01 9.68945543e-01
930 5 9.81747704e-01 9.74175529e-01
931 5 9.81747704e-01 9.73411663e-01
932 5 9.81747704e-01 9.67102913e-01
933 5 9.81747704e-01 9.66041949e-01
934 5 9.81747704e-01 9.68595354e-01
935 5 9.81747704e-01 9.67551842e-01
936 5 9.81747704e-01 9.63648297e-01
937 5 9.81747704e-01 9.76074356e-01
938 5 9.81747704e-01 9.72168865e-01
939 5 9.81747704e-01 9.68652308e-01
940 5 9.81747704e-01 9.68907308e-01
941 5 9.81747704e-01 9.67623729e-01
942 5 9.81747704e-01 9.67328677e-01
943 5 9.81747704e-01 9.70909402e-01
944 5 9.81747704e-01 9.74958302e-01
945 5 9.81747704e-01 9.72882463e-01
946 5 9.81747704e-01 9.69357031e-01
947 5 9.81747704e-01 9.69063750e-01
948 5 9.81747704e-01 9.69488527e-01
949 5 9.81747704e-01 9.70723076e-01
950 5 9.81747704e-01 9.67076735e-01
951 5 9.81747704e-01 9.72997450e-01
952 5 9.81747704e-01 9.63544652e-01
953 5 9.81747704e-01 9.71654459e-01
954 5 9.81747704e-01 9.67395707e-01
955 5 9.81747704e-01 9.68337209e-01
956 5 9.81747704e-01 9.67965492e-01
957 5 9.81747704e-01 9.71345188e-01
958 5 9.81747704e-01 9.68646474e-01
959 5 9.81747704e-01 9.66293790e-01
960 5 9.81747704e-01 9.68632230e-01
961 5 9.81747704e-01 9.73304433e-01
962 5 9.81747704e-01 9.68198580e-01
963 5 9.81747704e-01 9.67893433e-01
964 5 9.81747704e-01 9.63503961e-01
965 5 9.81747704e-01 9.74259500e-01
966 5 9.81747704e-01 9.70980547e-01
967 5 9.81747704e-01 9.67347579e-01
968 5 9.81747704e-01 9.67762053e-01
969 5 9.81747704e-01 9.66226582e-01
970 5 9.81747704e-01 9.72924542e-01
971 5 9.81747704e-01 9.66972814e-01
972 5 9.81747704e-01 9.70317263e-01
973 5 9.81747704e-01 9.72329279e-01
974 5 9.81747704e-01 9.65867789e-01
975 5 9.81747704e-01 9.76207746e-01
976 5 9.81747704e-01 9.71198801e-01
977 5 9.81747704e-01 9.72104311e-01
978 5 9.81747704e-01 9.66250136e-01
979 5 9.81747704e-01 9.67613023e-01
980 5 9.81747704e-01 9.69659743e-01
981 5 9.81747704e-01 9.68168111e-01
982 5 9.81747704e-01 9.69449702e-01
983 5 9.81747704e-01 9.72012524e-01
984 5 9.81747704e-01 9.69039374e-01
985 5 9.81747704e-01 9.65169154e-01
986 5 9.81747704e-01 9.67444978e-01
987 5 9.81747704e-01 9.64922640e-01
988 5 9.81747704e-01 9.69465352e-01
989 5 9.81747704e-01 9.64867616e-01
990 5 9.81747704e-01 9.68828633e-01
991 5 9.81747704e-01 9.63279299e-01
992 5 9.81747704e-01 9.71408459e-01
993 5 9.81747704e-01 9.72497641e-01
994 5 9.81747704e-01 9.69151099e-01
995 5 9.81747704e-01 9.74692730e-01
996 5 9.81747704e-01 9.67019788e-01
997 5 9.81747704e-01 9.70003247e-01
998 5 9.81747704e-01 9.70757542e-01
999 5 9.81747704e-01 9.73208026e-01
1000 5 9.81747704e-01 9.72205048e-01
1001 5 9.81747704e-01 9.75511136e-01
1002 5 9.81747704e-01 9.65258618e-01
1003 5 9.81747704e-01 9.70112460e-01
1004 5 9.81747704e-01 9.69456545e-01
1005 5 9.81747704e-01 9.64617965e-01
1006 5 9.81747704e-01 9.71723949e-01
1007 5 9.81747704e-01 9.67483338e-01
1008 5 9.81747704e-01 9.67473784e-01
1009 5 9.81747704e-01 9.67195548e-01
1010 5 9.81747704e-01 9.70273901e-01
1011 5 9.81747704e-01 9.69656308e-01
1012 5 9.81747704e-01 9.73006155e-01
1013 5 9.81747704e-01 9.63926472e-01
1014 5 9.81747704e-01 9.69120431e-01
1015 5 9.81747704e-01 9.68069355e-01
1016 5 9.81747704e-01 9.69983930e-01
1017 5 9.81747704e-01 9.57431153e-01
1018 5 9.81747704e-01 9.68150005e-01
1019 5 9.81747704e-01 9.68179750e-01
1020 5 9.81747704e-01 9.67687798e-01
1021 5 9.81747704e-01 9.68051268e-01
1022 5 9.81747704e-01 9.69964052e-01
1023 5 9.81747704e-01 9.72550833e-01
1024 5 9.81747704e-01 9.69308487e-01
1025 5 9.81747704e-01 9.64982112e-01
0 6 1.17809725e+00 1.12074721e+00
1 6 1.17809725e+00 1.11380510e+00
2 6 1.17809725e+00 1.11369539e+00
3 6 1.17809725e+00 1.11616033e+00
4 6 1.17809725e+00 1.11476180e+00
5 6 1.17809725e+00 1.11493052e+00
6 6 1.17809725e+00 1.10946401e+00
7 6 1.17809725e+00 1.11488744e+00
8 6 1.17809725e+00 1.11259449e+00
9 6 1.17809725e+00 1.11730602e+00
10 6 1.17809725e+00 1.11691544e+00
11 6 1.17809725e+00 1.11682894e+00
12 6 1.17809725e+00 1.11475589e+00
13 6 1.17809725e+00 1.11561374e+00
14 6 1.17809725e+00 1.11023533e+00
15 6 1.17809725e+00 1.11527886e+00
16 6 1.17809725e+00 1.10891201e+00
17 6 1.17809725e+00 1.11327482e+00
18 6 1.17809725e+00 1.11775608e+00
19 6 1.17809725e+00 1.11490568e+00
20 6 1.17809725e+00 1.11623749e+00
21 6 1.17809725e+00 1.11497701e+00
22 6 1.17809725e+00 1.11387296e+00
23 6 1.17809725e+00 1.11507536e+00
24 6 1.17809725e+00 1.11258049e+00
25 6 1.17809725e+00 1.11478684e+00
26 6 1.17809725e+00 1.11515339e+00
27 6 1.17809725e+00 1.11584171e+00
28 6 1.17809725e+00 1.11536621e+00
29 6 1.17809725e+00 1.11256787e+00
30 6 1.17809725e+00 1.11582755e+00
31 6 1.17809725e+00 1.11191145e+00
32 6 1.17809725e+00 1.11620319e+00
33 6 1.17809725e+00 1.11052327e+00
34 6 1.17809725e+00 1.11140981e+00
35 6 1.17809725e+00 1.11181132e+00
36 6 1.17809725e+00 1.11283674e+00
37 6 1.17809725e+00 1.11205091e+00
38 6 1.17809725e+00 1.11593914e+00
39 6 1.17809725e+00 1.11681024e+00
40 6 1.17809725e+00 1.11560159e+00
41 6 1.17809725e+00 1.11571708e+00
42 6 1.17809725e+00 1.12041472e+00
43 6 1.17809725e+00 1.11229778e+00
44 6 1.17809725e+00 1.12404218e+00
45 6 1.17809725e+00 1.11438560e+00
46 6 1.17809725e+00 1.12013172e+00
47 6 1.17809725e+00 1.12422321e+00
48 6 1.17809725e+00 1.11621759e+00
49 6 1.17809725e+00 1.11354240e+00
50 6 1.17809725e+00 1.11946952e+00
51 6 1.17809725e+00 1.11898948e+00
52 6 1.17809725e+00 1.11801986e+00
53 6 1.17809725e+00 1.11469778e+00
54 6 1.17809725e+00 1.11188862e+00
55 6 1.17809725e+00 1.12239027e+00
56 6 1.17809725e+00 1.11698889e+00
57 6 1.17809725e+00 1.11456865e+00
58 6 1.17809725e+00 1.11237443e+00
59 6 1.17809725e+00 1.11208780e+00
60 6 1.17809725e+00 1.11780351e+00
61 6 1.17809725e+00 1.11594242e+00
62 6 1.17809725e+00 1.10952002e+00
63 6 1.17809725e+00 1.11116818e+00
64 6 1.17809725e+00 1.11560850e+00
65 6 1.17809725e+00 1.11666177e+00
66 6 1.17809725e+00 1.11615892e+00
67 6 1.17809725e+00 1.11652728e+00
68 6 1.17809725e+00 1.11434526e+00
69 6 1.17809725e+00 1.11607639e+00
70 6 1.17809725e+00 1.11816042e+00
71 6 1.17809725e+00 1.11932497e+00
72 6 1.17809725e+00 1.11520846e+00
73 6 1.17809725e+00 1.10982379e+00
74 6 1.17809725e+00 1.11011351e+00
75 6 1.17809725e+00 1.11848428e+00
76 6 1.17809725e+00 1.11693552e+00
77 6 1.17809725e+00 1.11620259e+00
78 6 1.17809725e+00 1.12205455e+00
79 6 1.17809725e+00 1.11364932e+00
80 6 1.17809725e+00 1.11218476e+00
81 6 1.17809725e+00 1.10951994e+00
82 6 1.17809725e+00 1.10684356e+00
83 6 1.17809725e+00 1.11910378e+00
84 6 1.17809725e+00 1.11607177e+00
85 6 1.17809725e+00 1.11516469e+00
86 6 1.17809725e+00 1.11397515e+00
87 6 1.17809725e+00 1.12053174e+00
88 6 1.17809725e+00 1.11767867e+00
89 6 1.17809725e+00 1.11348963e+00
90 6 1.17809725e+00 1.11829963e+00
91 6 1.17809725e+00 1.10963677e+00
92 6 1.17809725e+00 1.12293037e+00
93 6 1.17809725e+00 1.11787590e+00
94 6 1.17809725e+00 1.11573011e+00
95 6 1.17809725e+00 1.11788836e+00
96 6 1.17809725e+00 1.11934688e+00
97 6 1.17809725e+00 1.11497706e+00
98 6 1.17809725e+00 1.11029588e+00
99 6 1.17809725e+00 1.11144728e+00
100 6 1.17809725e+00 1.10937147e+00
101 6 1.17809725e+00 1.11619333e+00
102 6 1.17809725e+00 1.11147651e+00
103 6 1.17809725e+00 1.11649082e+00
104 6 1.17809725e+00 1.11295073e+00
105 6 1.17809725e+00 1.11191832e+00
106 6 1.17809725e+00 1.11158582e+00
107 6 1.17809725e+00 1.10753319e+00
108 6 1.17809725e+00 1.12221438e+00
109 6 1.17809725e+00 1.11592713e+00
110 6 1.17809725e+00 1.11138806e+00
111 6 1.17809725e+00 1.11247807e+00
112 6 1.17809725e+00 1.11675534e+00
113 6 1.17809725e+00 1.11098963e+00
114 6 1.17809725e+00 1.11594472e+00
115 6 1.17809725e+00 1.11449183e+00
116 6 1.17809725e+00 1.11651906e+00
117 6 1.17809725e+00 1.11540432e+00
118 6 1.17809725e+00 1.11107607e+00
119 6 1.17809725e+00 1.11912050e+00
120 6 1.17809725e+00 1.11410836e+00
121 6 1.17809725e+00 1.11362508e+00
122 6 1.17809725e+00 1.11649148e+00
123 6 1.17809725e+00 1.11483585e+00
124 6 1.17809725e+00 1.12039310e+00
125 6 1.17809725e+00 1.11935286e+00
126 6 1.17809725e+00 1.10997752e+00
127 6 1.17809725e+00 1.11851946e+00
128 6 1.17809725e+00 1.12008037e+00
129 6 1.17809725e+00 1.11189950e+00
130 6 1.17809725e+00 1.11289528e+00
131 6 1.17809725e+00 1.11548494e+00
132 6 1.17809725e+00 1.11280035e+00
133 6 1.17809725e+00 1.11514216e+00
134 6 1.17809725e+00 1.11049146e+00
135 6 1.17809725e+00 1.12092052e+00
136 6 1.17809725e+00 1.11008737e+00
137 6 1.17809725e+00 1.11301226e+00
138 6 1.17809725e+00 1.12049269e+00
139 6 1.17809725e+00 1.11647164e+00
140 6 1.17809725e+00 1.12131841e+00
141 6 1.17809725e+00 1.11425825e+00
142 6 1.17809725e+00 1.11613946e+00
143 6 1.17809725e+00 1.11455639e+00
144 6 1.17809725e+00 1.12273638e+00
145 6 1.17809725e+00 1.11671650e+00
146 6 1.17809725e+00 1.11510241e+00
147 6 1.17809725e+00 1.11878180e+00
148 6 1.17809725e+00 1.11223375e+00
149 6 1.17809725e+00 1.11308047e+00
150 6 1.17809725e+00 1.11737009e+00
151 6 1.17809725e+00 1.11629889e+00
152 6 1.17809725e+00 1.12182191e+00
153 6 1.17809725e+00 1.11519460e+00
154 6 1.17809725e+00 1.10870122e+00
155 6 1.17809725e+00 1.11227903e+00
156 6 1.17809725e+00 1.11905887e+00
157 6 1.17809725e+00 1.11553541e+00
158 6 1.17809725e+00 1.11579924e+00
159 6 1.17809725e+00 1.11416335e+00
160 6 1.17809725e+00 1.11073000e+00
161 6 1.17809725e+00 1.11481760e+00
162 6 1.17809725e+00 1.11736314e+00
163 6 1.17809725e+00 1.12084401e+00
164 6 1.17809725e+00 1.11635100e+00
165 6 1.17809725e+00 1.11358650e+00
166 6 1.17809725e+00 1.11366553e+00
167 6 1.17809725e+00 1.12257616e+00
168 6 1.17809725e+00 1.11495641e+00
169 6 1.17809725e+00 1.11412741e+00
170 6 1.17809725e+00 1.11244718e+00
171 6 1.17809725e+00 1.12181209e+00
172 6 1.17809725e+00 1.11800627e+00
173 6 1.17809725e+00 1.11655004e+00
174 6 1.17809725e+00 1.11980553e+00
175 6 1.17809725e+00 1.11413131e+00
176 6 1.17809725e+00 1.11772875e+00
177 6 1.17809725e+00 1.11798868e+00
178 6 1.17809725e+00 1.12237926e+00
179 6 1.17809725e+00 1.11946584e+00
180 6 1.17809725e+00 1.11003640e+00
181 6 1.17809725e+00 1.11208147e+00
182 6 1.17809725e+00 1.11443853e+00
183 6 1.17809725e+00 1.11402602e+00
184 6 1.17809725e+00 1.11283435e+00
185 6 1.17809725e+00 1.11647109e+00
186 6 1.17809725e+00 1.11264128e+00
187 6 1.17809725e+00 1.11432737e+00
188 6 1.17809725e+00 1.10945813e+00
189 6 1.17809725e+00 1.11494529e+00
190 6 1.17809725e+00 1.11264457e+00
191 6 1.17809725e+00 1.11433189e+00
192 6 1.17809725e+00 1.11433795e+00
193 6 1.17809725e+00 1.11421660e+00
194 6 1.17809725e+00 1.11296724e+00
195 6 1.17809725e+00 1.10715991e+00
196 6 1.17809725e+00 1.11820013e+00
197 6 1.17809725e+00 1.11658068e+00
198 6 1.17809725e+00 1.11847871e+00
199 6 1.17809725e+00 1.11444889e+00
200 6 1.17809725e+00 1.11741939e+00
201 6 1.17809725e+00 1.11451430e+00
202 6 1.17809725e+00 1.11458901e+00
203 6 1.17809725e+00 1.11481035e+00
204 6 1.17809725e+00 1.11314903e+00
205 6 1.17809725e+00 1.11870561e+00
206 6 1.17809725e+00 1.11639300e+00
207 6 1.17809725e+00 1.11255870e+00
208 6 1.17809725e+00 1.11368171e+00
209 6 1.17809725e+00 1.11483760e+00
210 6 1.17809725e+00 1.11379252e+00
211 6 1.17809725e+00 1.11524126e+00
212 6 1.17809725e+00 1.11326411e+00
213 6 1.17809725e+00 1.11123833e+00
214 6 1.17809725e+00 1.11731567e+00
215 6 1.17809725e+00 1.11132680e+00
216 6 1.17809725e+00 1.11873595e+00
217 6 1.17809725e+00 1.11354745e+00
218 6 1.17809725e+00 1.11935496e+00
219 6 1.17809725e+00 1.11607206e+00
220 6 1.17809725e+00 1.12523209e+00
221 6 1.17809725e+00 1.11149310e+00
222 6 1.17809725e+00 1.11862667e+00
223 6 1.17809725e+00 1.12273058e+00
224 6 1.17809725e+00 1.10788848e+00
225 6 1.17809725e+00 1.11176612e+00
226 6 1.17809725e+00 1.11641941e+00
227 6 1.17809725e+00 1.11470992e+00
228 6 1.17809725e+00 1.11253798e+00
229 6 1.17809725e+00 1.12004917e+00
230 6 1.17809725e+00 1.11060382e+00
231 6 1.17809725e+00 1.10815785e+00
232 6 1.17809725e+00 1.11357958e+00
233 6 1.17809725e+00 1.11604587e+00
234 6 1.17809725e+00 1.11393548e+00
235 6 1.17809725e+00 1.11421433e+00
236 6 1.17809725e+00 1.11344208e+00
237 6 1.17809725e+00 1.11594314e+00
238 6 1.17809725e+00 1.10970818e+00
239 6 1.17809725e+00 1.11156280e+00
240 6 1.17809725e+00 1.11645661e+00
241 6 1.17809725e+00 1.11108961e+00
242 6 1.17809725e+00 1.11663308e+00
243 6 1.17809725e+00 1.11961138e+00
244 6 1.17809725e+00 1.11214409e+00
245 6 1.17809725e+00 1.11712138e+00
246 6 1.17809725e+00 1.11383894e+00
247 6 1.17809725e+00 1.10985329e+00
248 6 1.17809725e+00 1.11536851e+00
249 6 1.17809725e+00 1.11529396e+00
250 6 1.17809725e+00 1.12008088e+00
251 6 1.17809725e+00 1.11695187e+00
252 6 1.17809725e+00 1.11515803e+00
253 6 1.17809725e+00 1.11386369e+00
254 6 1.17809725e+00 1.12054266e+00
255 6 1.17809725e+00 1.11372250e+00
256 6 1.17809725e+00 1.11316164e+00
257 6 1.17809725e+00 1.10627668e+00
258 6 1.17809725e+00 1.11710257e+00
259 6 1.17809725e+00 1.12008033e+00
260 6 1.17809725e+00 1.11698102e+00
261 6 1.17809725e+00 1.11887934e+00
262 6 1.17809725e+00 1.11258699e+00
263 6 1.17809725e+00 1.12440890e+00
264 6 1.17809725e+00 1.12074279e+00
265 6 1.17809725e+00 1.11821330e+00
266 6 1.17809725e+00 1.11308755e+00
267 6 1.17809725e+00 1.11165427e+00
268 6 1.17809725e+00 1.11657864e+00
269 6 1.17809725e+00 1.11720232e+00
270 6 1.17809725e+00 1.11284294e+00
271 6 1.17809725e+00 1.11630491e+00
272 6 1.17809725e+00 1.11689515e+00
273 6 1.17809725e+00 1.11975081e+00
274 6 1.17809725e+00 1.11286756e+00
275 6 1.17809725e+00 1.12026540e+00
276 6 1.17809725e+00 1.11764524e+00
277 6 1.17809725e+00 1.12180555e+00
278 6 1.17809725e+00 1.11043882e+00
279 6 1.17809725e+00 1.10996074e+00
280 6 1.17809725e+00 1.11692314e+00
281 6 1.17809725e+00 1.11834199e+00
282 6 1.17809725e+00 1.11355155e+00
283 6 1.17809725e+00 1.11011942e+00
284 6 1.17809725e+00 1.11341850e+00
285 6 1.17809725e+00 1.12048663e+00
286 6 1.17809725e+00 1.12705811e+00
287 6 1.17809725e+00 1.10902657e+00
288 6 1.17809725e+00 1.11827633e+00
289 6 1.17809725e+00 1.11231393e+00
290 6 1.17809725e+00 1.11804921e+00
291 6 1.17809725e+00 1.11261668e+00
292 6 1.17809725e+00 1.12341183e+00
293 6 1.17809725e+00 1.11716228e+00
294 6 1.17809725e+00 1.12157591e+00
295 6 1.17809725e+00 1.12040016e+00
296 6 1.17809725e+00 1.11763378e+00
297 6 1.17809725e+00 1.11595589e+00
298 6 1.17809725e+00 1.11830830e+00
299 6 1.17809725e+00 1.11417349e+00
300 6 1.17809725e+00 1.11053566e+00
301 6 1.17809725e+00 1.11416179e+00
302 6 1.17809725e+00 1.11283056e+00
303 6 1.17809725e+00 1.11013797e+00
304 6 1.17809725e+00 1.11107621e+00
305 6 1.17809725e+00 1.11063027e+00
306 6 1.17809725e+00 1.11033024e+00
307 6 1.17809725e+00 1.11227310e+00
308 6 1.17809725e+00 1.11229425e+00
309 6 1.17809725e+00 1.11569055e+00
310 6 1.17809725e+00 1.11761472e+00
311 6 1.17809725e+00 1.11620220e+00
312 6 1.17809725e+00 1.12374475e+00
313 6 1.17809725e+00 1.11330388e+00
314 6 1.17809725e+00 1.11513853e+00
315 6 1.17809725e+00 1.11261161e+00
316 6 1.17809725e+00 1.11699699e+00
317 6 1.17809725e+00 1.11663848e+00
318 6 1.17809725e+00 1.11236741e+00
319 6 1.17809725e+00 1.11713743e+00
320 6 1.17809725e+00 1.11539476e+00
321 6 1.17809725e+00 1.11473598e+00
322 6 1.17809725e+00 1.11906938e+00
323 6 1.17809725e+00 1.11078811e+00
324 6 1.17809725e+00 1.11980856e+00
325 6 1.17809725e+00 1.11108129e+00
326 6 1.17809725e+00 1.11879604e+00
327 6 1.17809725e+00 1.11233930e+00
328 6 1.17809725e+00 1.10875295e+00
329 6 1.17809725e+00 1.11825969e+00
330 6 1.17809725e+00 1.11666242e+00
331 6 1.17809725e+00 1.11062619e+00
332 6 1.17809725e+00 1.11352975e+00
333 6 1.17809725e+00 1.11852272e+00
334 6 1.17809725e+00 1.11479576e+00
335 6 1.17809725e+00 1.11875891e+00
336 6 1.17809725e+00 1.11201699e+00
337 6 1.17809725e+00 1.11439917e+00
338 6 1.17809725e+00 1.12016387e+00
339 6 1.17809725e+00 1.11712982e+00
340 6 1.17809725e+00 1.11802279e+00
341 6 1.17809725e+00 1.11406118e+00
342 6 1.17809725e+00 1.11478314e+00
343 6 1.17809725e+00 1.11177562e+00
344 6 1.17809725e+00 1.11094840e+00
345 6 1.17809725e+00 1.11605440e+00
346 6 1.17809725e+00 1.11661176e+00
347 6 1.17809725e+00 1.11990101e+00
348 6 1.17809725e+00 1.11622905e+00
349 6 1.17809725e+00 1.10899133e+00
350 6 1.17809725e+00 1.11383069e+00
351 6 1.17809725e+00 1.11672297e+00
352 6 1.17809725e+00 1.11042643e+00
353 6 1.17809725e+00 1.12517634e+00
354 6 1.17809725e+00 1.11974474e+00
355 6 1.17809725e+00 1.11558396e+00
356 6 1.17809725e+00 1.11335811e+00
357 6 1.17809725e+00 1.11432243e+00
358 6 1.17809725e+00 1.11449854e+00
359 6 1.17809725e+00 1.11246249e+00
360 6 1.17809725e+00 1.11434008e+00
361 6 1.17809725e+00 1.11104073e+00
362 6 1.17809725e+00 1.11842880e+00
363 6 1.17809725e+00 1.10965307e+00
364 6 1.17809725e+00 1.11744946e+00
365 6 1.17809725e+00 1.11763187e+00
366 6 1.17809725e+00 1.11215230e+00
367 6 1.17809725e+00 1.11854982e+00
368 6 1.17809725e+00 1.11487798e+00
369 6 1.17809725e+00 1.11207438e+00
370 6 1.17809725e+00 1.11583239e+00
371 6 1.17809725e+00 1.10942264e+00
372 6 1.17809725e+00 1.11368830e+00
373 6 1.17809725e+00 1.11552776e+00
374 6 1.17809725e+00 1.11949538e+00
375 6 1.17809725e+00 1.11036151e+00
376 6 1.17809725e+00 1.11246743e+00
377 6 1.17809725e+00 1.11213978e+00
378 6 1.17809725e+00 1.11615136e+00
379 6 1.17809725e+00 1.12208567e+00
380 6 1.17809725e+00 1.12039357e+00
381 6 1.17809725e+00 1.12076431e+00
382 6 1.17809725e+00 1.11790530e+00
383 6 1.17809725e+00 1.11723765e+00
384 6 1.17809725e+00 1.10882319e+00
385 6 1.17809725e+00 1.11319842e+00
386 6 1.17809725e+00 1.11812081e+00
387 6 1.17809725e+00 1.11698424e+00
388 6 1.17809725e+00 1.11222637e+00
389 6 1.17809725e+00 1.11786766e+00
390 6 1.17809725e+00 1.11433923e+00
391 6 1.17809725e+00 1.11148541e+00
392 6 1.17809725e+00 1.11776780e+00
393 6 1.17809725e+00 1.11520244e+00
394 6 1.17809725e+00 1.11439555e+00
395 6 1.17809725e+00 1.11657733e+00
396 6 1.17809725e+00 1.11735778e+00
397 6 1.17809725e+00 1.11620278e+00
398 6 1.17809725e+00 1.12102657e+00
399 6 1.17809725e+00 1.11524025e+00
400 6 1.17809725e+00 1.11427424e+00
401 6 1.17809725e+00 1.11651137e+00
402 6 1.17809725e+00 1.11440306e+00
403 6 1.17809725e+00 1.10815478e+00
404 6 1.17809725e+00 1.11294255e+00
405 6 1.17809725e+00 1.11910505e+00
406 6 1.17809725e+00 1.11652980e+00
407 6 1.17809725e+00 1.11077217e+00
408 6 1.17809725e+00 1.11170045e+00
409 6 1.17809725e+00 1.11976929e+00
410 6 1.17809725e+00 1.11430554e+00
411 6 1.17809725e+00 1.10656321e+00
412 6 1.17809725e+00 1.11135555e+00
413 6 1.17809725e+00 1.11277583e+00
414 6 1.17809725e+00 1.11769871e+00
415 6 1.17809725e+00 1.11636798e+00
416 6 1.17809725e+00 1.11209223e+00
417 6 1.17809725e+00 1.11778728e+00
418 6 1.17809725e+00 1.11428550e+00
419 6 1.17809725e+00 1.12075890e+00
420 6 1.17809725e+00 1.11837914e+00
421 6 1.17809725e+00 1.11846847e+00
422 6 1.17809725e+00 1.11742965e+00
423 6 1.17809725e+00 1.10809158e+00
424 6 1.17809725e+00 1.10774208e+00
425 6 1.17809725e+00 1.11799449e+00
426 6 1.17809725e+00 1.11185162e+00
427 6 1.17809725e+00 1.11968826e+00
428 6 1.17809725e+00 1.11411777e+00
429 6 1.17809725e+00 1.11408165e+00
430 6 1.17809725e+00 1.11890466e+00
431 6 1.17809725e+00 1.11757895e+00
432 6 1.17809725e+00 1.11898233e+00
433 6 1.17809725e+00 1.11866613e+00
434 6 1.17809725e+00 1.11772319e+00
435 6 1.17809725e+00 1.11808099e+00
436 6 1.17809725e+00 1.11215128e+00
437 6 1.17809725e+00 1.11812691e+00
438 6 1.17809725e+00 1.11860462e+00
439 6 1.17809725e+00 1.11824871e+00
440 6 1.17809725e+00 1.11843551e+00
441 6 1.17809725e+00 1.11661847e+00
442 6 1.17809725e+00 1.10956070e+00
443 6 1.17809725e+00 1.11360726e+00
444 6 1.17809725e+00 1.11528529e+00
445 6 1.17809725e+00 1.11106674e+00
446 6 1.17809725e+00 1.12321747e+00
447 6 1.17809725e+00 1.11317609e+00
448 6 1.17809725e+00 1.11622642e+00
449 6 1.17809725e+00 1.11328705e+00
450 6 1.17809725e+00 1.11221975e+00
451 6 1.17809725e+00 1.11418482e+00
452 6 1.17809725e+00 1.11536378e+00
453 6 1.17809725e+00 1.11825582e+00
454 6 1.17809725e+00 1.11364787e+00
455 6 1.17809725e+00 1.11404417e+00
456 6 1.17809725e+00 1.11508819e+00
457 6 1.17809725e+00 1.12046213e+00
458 6 1.17809725e+00 1.11865978e+00
459 6 1.17809725e+00 1.12258029e+00
460 6 1.17809725e+00 1.11745588e+00
461 6 1.17809725e+00 1.11457027e+00
462 6 1.17809725e+00 1.11687164e+00
463 6 1.17809725e+00 1.11844336e+00
464 6 1.17809725e+00 1.11054579e+00
465 6 1.17809725e+00 1.11483442e+00
466 6 1.17809725e+00 1.11548968e+00
467 6 1.17809725e+00 1.11951289e+00
468 6 1.17809725e+00 1.11754077e+00
469 6 1.17809725e+00 1.11808392e+00
470 6 1.17809725e+00 1.10998885e+00
471 6 1.17809725e+00 1.11733925e+00
472 6 1.17809725e+00 1.11142970e+00
473 6 1.17809725e+00 1.11628217e+00
474 6 1.17809725e+00 1.11459201e+00
475 6 1.17809725e+00 1.11448218e+00
476 6 1.17809725e+00 1.11391843e+00
477 6 1.17809725e+00 1.11742665e+00
478 6 1.17809725e+00 1.11107240e+00
479 6 1.17809725e+00 1.11324460e+00
480 6 1.17809725e+00 1.11471920e+00
481 6 1.17809725e+00 1.11821664e+00
482 6 1.17809725e+00 1.10410420e+00
483 6 1.17809725e+00 1.11485144e+00
484 6 1.17809725e+00 1.11191061e+00
485 6 1.17809725e+00 1.11423472e+00
486 6 1.17809725e+00 1.11599975e+00
487 6 1.17809725e+00 1.11604093e+00
488 6 1.17809725e+00 1.11872782e+00
489 6 1.17809725e+00 1.11442067e+00
490 6 1.17809725e+00 1.12023784e+00
491 6 1.17809725e+00 1.11775595e+00
492 6 1.17809725e+00 1.11598596e+00
493 6 1.17809725e+00 1.11792443e+00
494 6 1.17809725e+00 1.11742112e+00
495 6 1.17809725e+00 1.11616856e+00
496 6 1.17809725e+00 1.11402905e+00
497 6 1.17809725e+00 1.11354838e+00
498 6 1.17809725e+00 1.11344937e+00
499 6 1.17809725e+00 1.11567707e+00
500 6 1.17809725e+00 1.11274549e+00
501 6 1.17809725e+00 1.11582734e+00
502 6 1.17809725e+00 1.11546979e+00
503 6 1.17809725e+00 1.11119349e+00
504 6 1.17809725e+00 1.11698750e+00
505 6 1.17809725e+00 1.11287930e+00
506 6 1.17809725e+00 1.11256655e+00
507 6 1.17809725e+00 1.10656591e+00
508 6 1.17809725e+00 1.12420909e+00
509 6 1.17809725e+00 1.11894563e+00
510 6 1.17809725e+00 1.11592836e+00
511 6 1.17809725e+00 1.11680769e+00
512 6 1.17809725e+00 1.11393215e+00
513 6 1.17809725e+00 1.11886069e+00
514 6 1.17809725e+00 1.11385818e+00
515 6 1.17809725e+00 1.11176780e+00
516 6 1.17809725e+00 1.11379326e+00
517 6 1.17809725e+00 1.12041198e+00
518 6 1.17809725e+00 1.11043627e+00
519 6 1.17809725e+00 1.10906030e+00
520 6 1.17809725e+00 1.12297387e+00
521 6 1.17809725e+00 1.11186806e+00
522 6 1.17809725e+00 1.10908799e+00
523 6 1.17809725e+00 1.11698607e+00
524 6 1.17809725e+00 1.11813340e+00
525 6 1.17809725e+00 1.11470332e+00
526 6 1.17809725e+00 1.12570138e+00
527 6 1.17809725e+00 1.10964490e+00
528 6 1.17809725e+00 1.11661547e+00
529 6 1.17809725e+00 1.12229917e+00
530 6 1.17809725e+00 1.11213911e+00
531 6 1.17809725e+00 1.11319590e+00
532 6 1.17809725e+00 1.10928476e+00
533 6 1.17809725e+00 1.11634134e+00
534 6 1.17809725e+00 1.11606959e+00
535 6 1.17809725e+00 1.11536486e+00
536 6 1.17809725e+00 1.11930799e+00
537 6 1.17809725e+00 1.11343844e+00
538 6 1.17809725e+00 1.11850789e+00
539 6 1.17809725e+00 1.12341579e+00
540 6 1.17809725e+00 1.11309447e+00
541 6 1.17809725e+00 1.11098393e+00
542 6 1.17809725e+00 1.11432803e+00
543 6 1.17809725e+00 1.11065809e+00
544 6 1.17809725e+00 1.11944589e+00
545 6 1.17809725e+00 1.11701413e+00
546 6 1.17809725e+00 1.11393939e+00
547 6 1.17809725e+00 1.10763229e+00
548 6 1.17809725e+00 1.11773956e+00
549 6 1.17809725e+00 1.11221682e+00
550 6 1.17809725e+00 1.11735490e+00
551 6 1.17809725e+00 1.12306804e+00
552 6 1.17809725e+00 1.11965435e+00
553 6 1.17809725e+00 1.11610690e+00
554 6 1.17809725e+00 1.11530537e+00
555 6 1.17809725e+00 1.12265268e+00
556 6 1.17809725e+00 1.11749375e+00
557 6 1.17809725e+00 1.11279885e+00
558 6 1.17809725e+00 1.11700889e+00
559 6 1.17809725e+00 1.12237515e+00
560 6 1.17809725e+00 1.11599706e+00
561 6 1.17809725e+00 1.11224835e+00
562 6 1.17809725e+00 1.11038606e+00
563 6 1.17809725e+00 1.11640956e+00
564 6 1.17809725e+00 1.11307386e+00
565 6 1.17809725e+00 1.11467965e+00
566 6 1.17809725e+00 1.12103892e+00
567 6 1.17809725e+00 1.11852519e+00
568 6 1.17809725e+00 1.11433409e+00
569 6 1.17809725e+00 1.11503482e+00
570 6 1.17809725e+00 1.11880575e+00
571 6 1.17809725e+00 1.11427570e+00
572 6 1.17809725e+00 1.10899338e+00
573 6 1.17809725e+00 1.11661557e+00
574 6 1.17809725e+00 1.11609711e+00
575 6 1.17809725e+00 1.12123856e+00
576 6 1.17809725e+00 1.11820449e+00
577 6 1.17809725e+00 1.11559531e+00
578 6 1.17809725e+00 1.11337924e+00
579 6 1.17809725e+00 1.11902303e+00
580 6 1.17809725e+00 1.11339718e+00
581 6 1.17809725e+00 1.11001336e+00
582 6 1.17809725e+00 1.11779780e+00
583 6 1.17809725e+00 1.11767279e+00
584 6 1.17809725e+00 1.12031395e+00
585 6 1.17809725e+00 1.11589213e+00
586 6 1.17809725e+00 1.11587848e+00
587 6 1.17809725e+00 1.11749048e+00
588 6 1.17809725e+00 1.11727318e+00
589 6 1.17809725e+00 1.11084506e+00
590 6 1.17809725e+00 1.12045828e+00
591 6 1.17809725e+00 1.11554701e+00
592 6 1.17809725e+00 1.11792182e+00
593 6 1.17809725e+00 1.11926592e+00
594 6 1.17809725e+00 1.11814987e+00
595 6 1.17809725e+00 1.11856263e+00
596 6 1.17809725e+00 1.11668744e+00
597 6 1.17809725e+00 1.11840075e+00
598 6 1.17809725e+00 1.11540213e+00
599 6 1.17809725e+00 1.11539457e+00
600 6 1.17809725e+00 1.11497942e+00
601 6 1.17809725e+00 1.12013275e+00
602 6 1.17809725e+00 1.11491132e+00
603 6 1.17809725e+00 1.11482359e+00
604 6 1.17809725e+00 1.11300505e+00
605 6 1.17809725e+00 1.11418767e+00
606 6 1.17809725e+00 1.11979256e+00
607 6 1.17809725e+00 1.11266830e+00
608 6 1.17809725e+00 1.11042095e+00
609 6 1.17809725e+00 1.11364330e+00
610 6 1.17809725e+00 1.11701955e+00
611 6 1.17809725e+00 1.11435788e+00
612 6 1.17809725e+00 1.11244812e+00
613 6 1.17809725e+00 1.12128936e+00
614 6 1.17809725e+00 1.11437411e+00
615 6 1.17809725e+00 1.11960011e+00
616 6 1.17809725e+00 1.11731937e+00
617 6 1.17809725e+00 1.11798279e+00
618 6 1.17809725e+00 1.11687836e+00
619 6 1.17809725e+00 1.11778752e+00
620 6 1.17809725e+00 1.11589125e+00
621 6 1.17809725e+00 1.10884713e+00
622 6 1.17809725e+00 1.11667131e+00
623 6 1.17809725e+00 1.11537931e+00
624 6 1.17809725e+00 1.11802705e+00
625 6 1.17809725e+00 1.11662524e+00
626 6 1.17809725e+00 1.11241716e+00
627 6 1.17809725e+00 1.11539401e+00
628 6 1.17809725e+00 1.12236519e+00
629 6 1.17809725e+00 1.12181850e+00
630 6 1.17809725e+00 1.10917589e+00
631 6 1.17809725e+00 1.11582150e+00
632 6 1.17809725e+00 1.11229497e+00
633 6 1.17809725e+00 1.11319296e+00
634 6 1.17809725e+00 1.12126758e+00
635 6 1.17809725e+00 1.11520879e+00
636 6 1.17809725e+00 1.11036173e+00
637 6 1.17809725e+00 1.11712559e+00
638 6 1.17809725e+00 1.11542428e+00
639 6 1.17809725e+00 1.11360752e+00
640 6 1.17809725e+00 1.11313125e+00
641 6 1.17809725e+00 1.12153157e+00
642 6 1.17809725e+00 1.12185808e+00
643 6 1.17809725e+00 1.11099415e+00
644 6 1.17809725e+00 1.11784405e+00
645 6 1.17809725e+00 1.10665373e+00
646 6 1.17809725e+00 1.11136908e+00
647 6 1.17809725e+00 1.11726435e+00
648 6 1.17809725e+00 1.11784216e+00
649 6 1.17809725e+00 1.10886320e+00
650 6 1.17809725e+00 1.11186812e+00
651 6 1.17809725e+00 1.11879540e+00
652 6 1.17809725e+00 1.10923368e+00
653 6 1.17809725e+00 1.11433952e+00
654 6 1.17809725e+00 1.10994439e+00
655 6 1.17809725e+00 1.10931686e+00
656 6 1.17809725e+00 1.11116389e+00
657 6 1.17809725e+00 1.10924213e+00
658 6 1.17809725e+00 1.11515078e+00
659 6 1.17809725e+00 1.11788687e+00
660 6 1.17809725e+00 1.12075953e+00
661 6 1.17809725e+00 1.11608018e+00
662 6 1.17809725e+00 1.11248888e+00
663 6 1.17809725e+00 1.11118424e+00
664 6 1.17809725e+00 1.11593516e+00
665 6 1.17809725e+00 1.11841475e+00
666 6 1.17809725e+00 1.11428751e+00
667 6 1.17809725e+00 1.11181113e+00
668 6 1.17809725e+00 1.11212984e+00
669 6 1.17809725e+00 1.12082582e+00
670 6 1.17809725e+00 1.11761357e+00
671 6 1.17809725e+00 1.11654550e+00
672 6 1.17809725e+00 1.12099704e+00
673 6 1.17809725e+00 1.12455945e+00
674 6 1.17809725e+00 1.11262876e+00
675 6 1.17809725e+00 1.12196037e+00
676 6 1.17809725e+00 1.12044747e+00
677 6 1.17809725e+00 1.11851793e+00
678 6 1.17809725e+00 1.11496035e+00
679 6 1.17809725e+00 1.12052739e+00
680 6 1.17809725e+00 1.11976340e+00
681 6 1.17809725e+00 1.11912970e+00
682 6 1.17809725e+00 1.12003295e+00
683 6 1.17809725e+00 1.11804524e+00
684 6 1.17809725e+00 1.11017242e+00
685 6 1.17809725e+00 1.10831488e+00
686 6 1.17809725e+00 1.11262724e+00
687 6 1.17809725e+00 1.11836424e+00
688 6 1.17809725e+00 1.11756316e+00
689 6 1.17809725e+00 1.11636233e+00
690 6 1.17809725e+00 1.11776897e+00
691 6 1.17809725e+00 1.12034928e+00
692 6 1.17809725e+00 1.12017545e+00
693 6 1.17809725e+00 1.11478586e+00
694 6 1.17809725e+00 1.11683132e+00
695 6 1.17809725e+00 1.11769322e+00
696 6 1.17809725e+00 1.11727031e+00
697 6 1.17809725e+00 1.11861220e+00
698 6 1.17809725e+00 1.10899314e+00
699 6 1.17809725e+00 1.11236456e+00
700 6 1.17809725e+00 1.11488370e+00
701 6 1.17809725e+00 1.11232884e+00
702 6 1.17809725e+00 1.11317549e+00
703 6 1.17809725e+00 1.11853500e+00
704 6 1.17809725e+00 1.11485656e+00
705 6 1.17809725e+00 1.11718980e+00
706 6 1.17809725e+00 1.12256809e+00
707 6 1.17809725e+00 1.11211991e+00
708 6 1.17809725e+00 1.11382312e+00
709 6 1.17809725e+00 1.11849607e+00
710 6 1.17809725e+00 1.11607439e+00
711 6 1.17809725e+00 1.11531461e+00
712 6 1.17809725e+00 1.11465992e+00
713 6 1.17809725e+00 1.11581622e+00
714 6 1.17809725e+00 1.11459308e+00
715 6 1.17809725e+00 1.11814586e+00
716 6 1.17809725e+00 1.11860164e+00
717 6 1.17809725e+00 1.11772564e+00
718 6 1.17809725e+00 1.11615746e+00
719 6 1.17809725e+00 1.11693879e+00
720 6 1.17809725e+00 1.11951647e+00
721 6 1.17809725e+00 1.12354527e+00
722 6 1.17809725e+00 1.11208294e+00
723 6 1.17809725e+00 1.11382016e+00
724 6 1.17809725e+00 1.10928910e+00
725 6 1.17809725e+00 1.12136828e+00
726 6 1.17809725e+00 1.11730238e+00
727 6 1.17809725e+00 1.10871064e+00
728 6 1.17809725e+00 1.11409806e+00
729 6 1.17809725e+00 1.11522598e+00
730 6 1.17809725e+00 1.11665215e+00
731 6 1.17809725e+00 1.11151075e+00
732 6 1.17809725e+00 1.12070412e+00
733 6 1.17809725e+00 1.11566010e+00
734 6 1.17809725e+00 1.11410115e+00
735 6 1.17809725e+00 1.12130115e+00
736 6 1.17809725e+00 1.11067413e+00
737 6 1.17809725e+00 1.11368194e+00
738 6 1.17809725e+00 1.11312220e+00
739 6 1.17809725e+00 1.12087084e+00
740 6 1.17809725e+00 1.11533108e+00
741 6 1.17809725e+00 1.10989193e+00
742 6 1.17809725e+00 1.11884915e+00
743 6 1.17809725e+00 1.11872607e+00
744 6 1.17809725e+00 1.11446485e+00
745 6 1.17809725e+00 1.11268611e+00
746 6 1.17809725e+00 1.12283024e+00
747 6 1.17809725e+00 1.11047264e+00
748 6 1.17809725e+00 1.11904279e+00
749 6 1.17809725e+00 1.12114132e+00
750 6 1.17809725e+00 1.11068940e+00
751 6 1.17809725e+00 1.11539151e+00
752 6 1.17809725e+00 1.11843533e+00
753 6 1.17809725e+00 1.11555299e+00
754 6 1.17809725e+00 1.11100669e+00
755 6 1.17809725e+00 1.11432987e+00
756 6 1.17809725e+00 1.11386141e+00
757 6 1.17809725e+00 1.10719878e+00
758 6 1.17809725e+00 1.11480161e+00
759 6 1.17809725e+00 1.11777865e+00
760 6 1.17809725e+00 1.10427577e+00
761 6 1.17809725e+00 1.11496299e+00
762 6 1.17809725e+00 1.12150285e+00
763 6 1.17809725e+00 1.11201234e+00
764 6 1.17809725e+00 1.11926713e+00
765 6 1.17809725e+00 1.11036570e+00
766 6 1.17809725e+00 1.10847225e+00
767 6 1.17809725e+00 1.11400859e+00
768 6 1.17809725e+00 1.11455139e+00
769 6 1.17809725e+00 1.11388909e+00
770 6 1.17809725e+00 1.10978652e+00
771 6 1.17809725e+00 1.11456563e+00
772 6 1.17809725e+00 1.11677569e+00
773 6 1.17809725e+00 1.12104072e+00
774 6 1.17809725e+00 1.11362320e+00
775 6 1.17809725e+00 1.11506746e+00
776 6 1.17809725e+00 1.11292169e+00
777 6 1.17809725e+00 1.10903572e+00
778 6 1.17809725e+00 1.11678987e+00
779 6 1.17809725e+00 1.11732075e+00
780 6 1.17809725e+00 1.11299071e+00
781 6 1.17809725e+00 1.12066447e+00
782 6 1.17809725e+00 1.11246218e+00
783 6 1.17809725e+00 1.11618078e+00
784 6 1.17809725e+00 1.11521954e+00
785 6 1.17809725e+00 1.11595625e+00
786 6 1.17809725e+00 1.11320089e+00
787 6 1.17809725e+00 1.11614003e+00
788 6 1.17809725e+00 1.11550095e+00
789 6 1.17809725e+00 1.11787391e+00
790 6 1.17809725e+00 1.11404199e+00
791 6 1.17809725e+00 1.11986141e+00
792 6 1.17809725e+00 1.11454443e+00
793 6 1.17809725e+00 1.11710235e+00
794 6 1.17809725e+00 1.11510695e+00
795 6 1.17809725e+00 1.12256495e+00
796 6 1.17809725e+00 1.11091217e+00
797 6 1.17809725e+00 1.11415073e+00
798 6 1.17809725e+00 1.12179923e+00
799 6 1.17809725e+00 1.11088969e+00
800 6 1.17809725e+00 1.11401862e+00
801 6 1.17809725e+00 1.11892146e+00
802 6 1.17809725e+00 1.11320638e+00
803 6 1.17809725e+00 1.12367897e+00
804 6 1.17809725e+00 1.10977372e+00
805 6 1.17809725e+00 1.11027807e+00
806 6 1.17809725e+00 1.11912763e+00
807 6 1.17809725e+00 1.11997118e+00
808 6 1.17809725e+00 1.12146394e+00
809 6 1.17809725e+00 1.11401093e+00
810 6 1.17809725e+00 1.11508370e+00
811 6 1.17809725e+00 1.11511685e+00
812 6 1.17809725e+00 1.11350844e+00
813 6 1.17809725e+00 1.11691128e+00
814 6 1.17809725e+00 1.11380996e+00
815 6 1.17809725e+00 1.11381342e+00
816 6 1.17809725e+00 1.11754248e+00
817 6 1.17809725e+00 1.11478523e+00
818 6 1.17809725e+00 1.11535079e+00
819 6 1.17809725e+00 1.11028217e+00
820 6 1.17809725e+00 1.11355093e+00
821 6 1.17809725e+00 1.11290128e+00
822 6 1.17809725e+00 1.11676075e+00
823 6 1.17809725e+00 1.12247248e+00
824 6 1.17809725e+00 1.11252126e+00
825 6 1.17809725e+00 1.11519465e+00
826 6 1.17809725e+00 1.11957288e+00
827 6 1.17809725e+00 1.11177035e+00
828 6 1.17809725e+00 1.11071887e+00
829 6 1.17809725e+00 1.11622839e+00
830 6 1.17809725e+00 1.11292153e+00
831 6 1.17809725e+00 1.11293133e+00
832 6 1.17809725e+00 1.11644065e+00
833 6 1.17809725e+00 1.12013678e+00
834 6 1.17809725e+00 1.11538326e+00
835 6 1.17809725e+00 1.11796180e+00
836 6 1.17809725e+00 1.12232753e+00
837 6 1.17809725e+00 1.11758010e+00
838 6 1.17809725e+00 1.11649821e+00
839 6 1.17809725e+00 1.11371625e+00
840 6 1.17809725e+00 1.11370074e+00
841 6 1.17809725e+00 1.11645273e+00
842 6 1.17809725e+00 1.11847123e+00
843 6 1.17809725e+00 1.11571511e+00
844 6 1.17809725e+00 1.11471847e+00
845 6 1.17809725e+00 1.11997770e+00
846 6 1.17809725e+00 1.11504275e+00
847 6 1.17809725e+00 1.11480465e+00
848 6 1.17809725e+00 1.11325813e+00
849 6 1.17809725e+00 1.11518909e+00
850 6 1.17809725e+00 1.11739169e+00
851 6 1.17809725e+00 1.11854767e+00
852 6 1.17809725e+00 1.11680199e+00
853 6 1.17809725e+00 1.10876037e+00
854 6 1.17809725e+00 1.11679781e+00
855 6 1.17809725e+00 1.12090181e+00
856 6 1.17809725e+00 1.11865028e+00
857 6 1.17809725e+00 1.10999802e+00
858 6 1.17809725e+00 1.12118468e+00
859 6 1.17809725e+00 1.11791403e+00
860 6 1.17809725e+00 1.11816327e+00
861 6 1.17809725e+00 1.11327918e+00
862 6 1.17809725e+00 1.11690520e+00
863 6 1.17809725e+00 1.11329545e+00
864 6 1.17809725e+00 1.11008501e+00
865 6 1.17809725e+00 1.11682837e+00
866 6 1.17809725e+00 1.11451539e+00
867 6 1.17809725e+00 1.12077348e+00
868 6 1.17809725e+00 1.11807054e+00
869 6 1.17809725e+00 1.11686608e+00
870 6 1.17809725e+00 1.10737179e+00
871 6 1.17809725e+00 1.11231830e+00
872 6 1.17809725e+00 1.11621766e+00
873 6 1.17809725e+00 1.11745151e+00
874 6 1.17809725e+00 1.11515015e+00
875 6 1.17809725e+00 1.11392663e+00
876 6 1.17809725e+00 1.11585604e+00
877 6 1.17809725e+00 1.11408624e+00
878 6 1.17809725e+00 1.10853960e+00
879 6 1.17809725e+00 1.11160478e+00
880 6 1.17809725e+00 1.11746594e+00
881 6 1.17809725e+00 1.12035171e+00
882 6 1.17809725e+00 1.11594080e+00
883 6 1.17809725e+00 1.11604583e+00
884 6 1.17809725e+00 1.11128122e+00
885 6 1.17809725e+00 1.11796711e+00
886 6 1.17809725e+00 1.11587954e+00
887 6 1.17809725e+00 1.11007313e+00
888 6 1.17809725e+00 1.11644555e+00
889 6 1.17809725e+00 1.12368820e+00
890 6 1.17809725e+00 1.11105314e+00
891 6 1.17809725e+00 1.11535649e+00
892 6 1.17809725e+00 1.10728659e+00
893 6 1.17809725e+00 1.11262653e+00
894 6 1.17809725e+00 1.11715283e+00
895 6 1.17809725e+00 1.11973496e+00
896 6 1.17809725e+00 1.11556327e+00
897 6 1.17809725e+00 1.12160432e+00
898 6 1.17809725e+00 1.11165124e+00
899 6 1.17809725e+00 1.11770667e+00
900 6 1.17809725e+00 1.10614644e+00
901 6 1.17809725e+00 1.12142486e+00
902 6 1.17809725e+00 1.11647251e+00
903 6 1.17809725e+00 1.11382632e+00
904 6 1.17809725e+00 1.11527976e+00
905 6 1.17809725e+00 1.11689979e+00
906 6 1.17809725e+00 1.12318057e+00
907 6 1.17809725e+00 1.11601022e+00
908 6 1.17809725e+00 1.11884602e+00
909 6 1.17809725e+00 1.12026662e+00
910 6 1.17809725e+00 1.11451617e+00
911 6 1.17809725e+00 1.12070651e+00
912 6 1.17809725e+00 1.11695897e+00
913 6 1.17809725e+00 1.11877050e+00
914 6 1.17809725e+00 1.11620133e+00
915 6 1.17809725e+00 1.11102897e+00
916 6 1.17809725e+00 1.11763999e+00
917 6 1.17809725e+00 1.11358058e+00
918 6 1.17809725e+00 1.11993571e+00
919 6 1.17809725e+00 1.11130312e+00
920 6 1.17809725e+00 1.11689408e+00
921 6 1.17809725e+00 1.11129391e+00
922 6 1.17809725e+00 1.11657454e+00
923 6 1.17809725e+00 1.11680516e+00
924 6 1.17809725e+00 1.11605383e+00
925 6 1.17809725e+00 1.11194850e+00
926 6 1.17809725e+00 1.11335027e+00
927 6 1.17809725e+00 1.11561185e+00
928 6 1.17809725e+00 1.11198430e+00
929 6 1.17809725e+00 1.11555685e+00
930 6 1.17809725e+00 1.12214697e+00
931 6 1.17809725e+00 1.12148697e+00
932 6 1.17809725e+00 1.11275756e+00
933 6 1.17809725e+00 1.11146309e+00
934 6 1.17809725e+00 1.11469418e+00
935 6 1.17809725e+00 1.11454826e+00
936 6 1.17809725e+00 1.10907509e+00
937 6 1.17809725e+00 1.12406271e+00
938 6 1.17809725e+00 1.11855626e+00
939 6 1.17809725e+00 1.11441195e+00
940 6 1.17809725e+00 1.11579952e+00
941 6 1.17809725e+00 1.11287566e+00
942 6 1.17809725e+00 1.11271390e+00
943 6 1.17809725e+00 1.11820632e+00
944 6 1.17809725e+00 1.12207212e+00
945 6 1.17809725e+00 1.11956933e+00
946 6 1.17809725e+00 1.11490452e+00
947 6 1.17809725e+00 1.11560868e+00
948 6 1.17809725e+00 1.11508054e+00
949 6 1.17809725e+00 1.11739500e+00
950 6 1.17809725e+00 1.11246983e+00
951 6 1.17809725e+00 1.12009264e+00
952 6 1.17809725e+00 1.10770499e+00
953 6 1.17809725e+00 1.11884797e+00
954 6 1.17809725e+00 1.11389357e+00
955 6 1.17809725e+00 1.11451902e+00
956 6 1.17809725e+00 1.11332650e+00
957 6 1.17809725e+00 1.11862951e+00
958 6 1.17809725e+00 1.11469109e+00
959 6 1.17809725e+00 1.11204147e+00
960 6 1.17809725e+00 1.11494874e+00
961 6 1.17809725e+00 1.12059241e+00
962 6 1.17809725e+00 1.11508649e+00
963 6 1.17809725e+00 1.11350989e+00
964 6 1.17809725e+00 1.10903337e+00
965 6 1.17809725e+00 1.12175426e+00
966 6 1.17809725e+00 1.11744955e+00
967 6 1.17809725e+00 1.11234266e+00
968 6 1.17809725e+00 1.11397436e+00
969 6 1.17809725e+00 1.11149490e+00
970 6 1.17809725e+00 1.12027258e+00
971 6 1.17809725e+00 1.11272967e+00
972 6 1.17809725e+00 1.11764268e+00
973 6 1.17809725e+00 1.11881745e+00
974 6 1.17809725e+00 1.11128608e+00
975 6 1.17809725e+00 1.12489957e+00
976 6 1.17809725e+00 1.11701946e+00
977 6 1.17809725e+00 1.11837037e+00
978 6 1.17809725e+00 1.11172486e+00
979 6 1.17809725e+00 1.11330440e+00
980 6 1.17809725e+00 1.11561603e+00
981 6 1.17809725e+00 1.11400398e+00
982 6 1.17809725e+00 1.11527081e+00
983 6 1.17809725e+00 1.11900253e+00
984 6 1.17809725e+00 1.11550843e+00
985 6 1.17809725e+00 1.11048318e+00
986 6 1.17809725e+00 1.11294275e+00
987 6 1.17809725e+00 1.10933752e+00
988 6 1.17809725e+00 1.11639750e+00
989 6 1.17809725e+00 1.11020717e+00
990 6 1.17809725e+00 1.11487453e+00
991 6 1.17809725e+00 1.10816711e+00
992 6 1.17809725e+00 1.11799072e+00
993 6 1.17809725e+00 1.11933424e+00
994 6 1.17809725e+00 1.11593566e+00
995 6 1.17809725e+00 1.12300426e+00
996 6 1.17809725e+00 1.11241250e+00
997 6 1.17809725e+00 1.11589586e+00
998 6 1.17809725e+00 1.11741832e+00
999 6 1.17809725e+00 1.12068331e+00
1000 6 1.17809725e+00 1.11894028e+00
1001 6 1.17809725e+00 1.12262366e+00
1002 6 1.17809725e+00 1.10957497e+00
1003 6 1.17809725e+00 1.11681201e+00
1004 6 1.17809725e+00 1.11604876e+00
1005 6 1.17809725e+00 1.10922286e+00
1006 6 1.17809725e+00 1.12019583e+00
1007 6 1.17809725e+00 1.11376203e+00
1008 6 1.17809725e+00 1.11334648e+00
1009 6 1.17809725e+00 1.11297437e+00
1010 6 1.17809725e+00 1.11729292e+00
1011 6 1.17809725e+00 1.11609283e+00
1012 6 1.17809725e+00 1.11892581e+00
1013 6 1.17809725e+00 1.10856842e+00
1014 6 1.17809725e+00 1.11507697e+00
1015 6 1.17809725e+00 1.11536512e+00
1016 6 1.17809725e+00 1.11675156e+00
1017 6 1.17809725e+00 1.10150356e+00
1018 6 1.17809725e+00 1.11497005e+00
1019 6 1.17809725e+00 1.11440755e+00
1020 6 1.17809725e+00 1.11494748e+00
1021 6 1.17809725e+00 1.11373712e+00
1022 6 1.17809725e+00 1.11630488e+00
1023 6 1.17809725e+00 1.11946675e+00
1024 6 1.17809725e+00 1.11545214e+00
1025 6 1.17809725e+00 1.11060507e+00
0 7 1.37444679e+00 1.24828673e+00
1 7 1.37444679e+00 1.23982808e+00
2 7 1.37444679e+00 1.23938972e+00
3 7 1.37444679e+00 1.24240801e+00
4 7 1.37444679e+00 1.24033003e+00
5 7 1.37444679e+00 1.24101877e+00
6 7 1.37444679e+00 1.23436858e+00
7 7 1.37444679e+00 1.24144602e+00
8 7 1.37444679e+00 1.23838094e+00
9 7 1.37444679e+00 1.24399722e+00
10 7 1.37444679e+00 1.24257788e+00
11 7 1.37444679e+00 1.24483054e+00
12 7 1.37444679e+00 1.24033293e+00
13 7 1.37444679e+00 1.24242110e+00
14 7 1.37444679e+00 1.23650097e+00
15 7 1.37444679e+00 1.24063247e+00
16 7 1.37444679e+00 1.23399651e+00
17 7 1.37444679e+00 1.23845318e+00
18 7 1.37444679e+00 1.24504727e+00
19 7 1.37444679e+00 1.24135702e+00
20 7 1.37444679e+00 1.24300840e+00
21 7 1.37444679e+00 1.24122625e+00
22 7 1.37444679e+00 1.24012855e+00
23 7 1.37444679e+00 1.24156328e+00
24 7 1.37444679e+00 1.23792405e+00
25 7 1.37444679e+00 1.24035807e+00
26 7 1.37444679e+00 1.24304317e+00
27 7 1.37444679e+00 1.24291572e+00
28 7 1.37444679e+00 1.23990556e+00
29 7 1.37444679e+00 1.23833531e+00
30 7 1.37444679e+00 1.24311821e+00
31 7 1.37444679e+00 1.23687382e+00
32 7 1.37444679e+00 1.24214948e+00
33 7 1.37444679e+00 1.23556403e+00
34 7 1.37444679e+00 1.23716262e+00
35 7 1.37444679e+00 1.23675886e+00
36 7 1.37444679e+00 1.23833989e+00
37 7 1.37444679e+00 1.23748982e+00
38 7 1.37444679e+00 1.24294651e+00
39 7 1.37444679e+00 1.24241621e+00
40 7 1.37444679e+00 1.24038476e+00
41 7 1.37444679e+00 1.24153404e+00
42 7 1.37444679e+00 1.24909197e+00
43 7 1.37444679e+00 1.23757102e+00
44 7 1.37444679e+00 1.25291826e+00
45 7 1.37444679e+00 1.23924317e+00
46 7 1.37444679e+00 1.24717872e+00
47 7 1.37444679e+00 1.25282207e+00
48 7 1.37444679e+00 1.24212736e+00
49 7 1.37444679e+00 1.24031648e+00
50 7 1.37444679e+00 1.24547144e+00
51 7 1.37444679e+00 1.24565879e+00
52 7 1.37444679e+00 1.24426248e+00
53 7 1.37444679e+00 1.24038690e+00
54 7 1.37444679e+00 1.23783413e+00
55 7 1.37444679e+00 1.25106253e+00
56 7 1.37444679e+00 1.24378992e+00
57 7 1.37444679e+00 1.24091834e+00
58 7 1.37444679e+00 1.23816995e+00
59 7 1.37444679e+00 1.23824671e+00
60 7 1.37444679e+00 1.24558739e+00
61 7 1.37444679e+00 1.24219690e+00
62 7 1.37444679e+00 1.23494567e+00
63 7 1.37444679e+00 1.23675298e+00
64 7 1.37444679e+00 1.24140809e+00
65 7 1.37444679e+00 1.24155245e+00
66 7 1.37444679e+00 1.24328378e+00
67 7 1.37444679e+00 1.24241988e+00
68 7 1.37444679e+00 1.24070203e+00
69 7 1.37444679e+00 1.24305035e+00
70 7 1.37444679e+00 1.24460145e+00
71 7 1.37444679e+00 1.24644925e+00
72 7 1.37444679e+00 1.24178865e+00
73 7 1.37444679e+00 1.23435733e+00
74 7 1.37444679e+00 1.23424193e+00
75 7 1.37444679e+00 1.24562163e+00
76 7 1.37444679e+00 1.24442283e+00
77 7 1.37444679e+00 1.24175534e+00
78 7 1.37444679e+00 1.24953847e+00
79 7 1.37444679e+00 1.24022309e+00
80 7 1.37444679e+00 1.23895057e+00
81 7 1.37444679e+00 1.23489088e+00
82 7 1.37444679e+00 1.23121534e+00
83 7 1.37444679e+00 1.24637490e+00
84 7 1.37444679e+00 1.24214962e+00
85 7 1.37444679e+00 1.24150341e+00
86 7 1.37444679e+00 1.24135735e+00
87 7 1.37444679e+00 1.24940741e+00
88 7 1.37444679e+00 1.24327831e+00
89 7 1.37444679e+00 1.23925531e+00
90 7 1.37444679e+00 1.24516711e+00
91 7 1.37444679e+00 1.23577061e+00
92 7 1.37444679e+00 1.25085437e+00
93 7 1.37444679e+00 1.24323671e+00
94 7 1.37444679e+00 1.24225510e+00
95 7 1.37444679e+00 1.24377038e+00
96 7 1.37444679e+00 1.24585378e+00
97 7 1.37444679e+00 1.24263918e+00
98 7 1.37444679e+00 1.23677105e+00
99 7 1.37444679e+00 1.23810869e+00
100 7 1.37444679e+00 1.23387385e+00
101 7 1.37444679e+00 1.24230807e+00
102 7 1.37444679e+00 1.23639489e+00
103 7 1.37444679e+00 1.24331696e+00
104 7 1.37444679e+00 1.23932746e+00
105 7 1.37444679e+00 1.23798740e+00
106 7 1.37444679e+00 1.23716678e+00
107 7 1.37444679e+00 1.23170272e+00
108 7 1.37444679e+00 1.24942027e+00
109 7 1.37444679e+00 1.24242216e+00
110 7 1.37444679e+00 1.23815855e+00
111 7 1.37444679e+00 1.23732504e+00
112 7 1.37444679e+00 1.24350268e+00
113 7 1.37444679e+00 1.23714495e+00
114 7 1.37444679e+00 1.24197746e+00
115 7 1.37444679e+00 1.24062695e+00
116 7 1.37444679e+00 1.24380209e+00
117 7 1.37444679e+00 1.24087561e+00
118 7 1.37444679e+00 1.23578806e+00
119 7 1.37444679e+00 1.24613028e+00
120 7 1.37444679e+00 1.24111511e+00
121 7 1.37444679e+00 1.23880780e+00
122 7 1.37444679e+00 1.24236981e+00
123 7 1.37444679e+00 1.24151384e+00
124 7 1.37444679e+00 1.24843660e+00
125 7 1.37444679e+00 1.24590157e+00
126 7 1.37444679e+00 1.23385706e+00
127 7 1.37444679e+00 1.24558947e+00
128 7 1.37444679e+00 1.24815863e+00
129 7 1.37444679e+00 1.23672777e+00
130 7 1.37444679e+00 1.23844430e+00
131 7 1.37444679e+00 1.24171143e+00
132 7 1.37444679e+00 1.23786826e+00
133 7 1.37444679e+00 1.24124748e+00
134 7 1.37444679e+00 1.23539943e+00
135 7 1.37444679e+00 1.24788520e+00
136 7 1.37444679e+00 1.23432794e+00
137 7 1.37444679e+00 1.23920635e+00
138 7 1.37444679e+00 1.24746700e+00
139 7 1.37444679e+00 1.24187686e+00
140 7 1.37444679e+00 1.24923136e+00
141 7 1.37444679e+00 1.23943827e+00
142 7 1.37444679e+00 1.24235375e+00
143 7 1.37444679e+00 1.24106708e+00
144 7 1.37444679e+00 1.25095374e+00
145 7 1.37444679e+00 1.24227597e+00
146 7 1.37444679e+00 1.24159160e+00
147 7 1.37444679e+00 1.24477754e+00
148 7 1.37444679e+00 1.23719619e+00
149 7 1.37444679e+00 1.23910570e+00
150 7 1.37444679e+00 1.24563207e+00
151 7 1.37444679e+00 1.24307456e+00
152 7 1.37444679e+00 1.24847847e+00
153 7 1.37444679e+00 1.24241850e+00
154 7 1.37444679e+00 1.23308669e+00
155 7 1.37444679e+00 1.23656052e+00
156 7 1.37444679e+00 1.24579973e+00
157 7 1.37444679e+00 1.24241892e+00
158 7 1.37444679e+00 1.24187181e+00
159 7 1.37444679e+00 1.24017762e+00
160 7 1.37444679e+00 1.23582590e+00
161 7 1.37444679e+00 1.24128971e+00
162 7 1.37444679e+00 1.24271687e+00
163 7 1.37444679e+00 1.24765773e+00
164 7 1.37444679e+00 1.24344638e+00
165 7 1.37444679e+00 1.23968945e+00
166 7 1.37444679e+00 1.23973845e+00
167 7 1.37444679e+00 1.25063214e+00
168 7 1.37444679e+00 1.24049654e+00
169 7 1.37444679e+00 1.24013578e+00
170 7 1.37444679e+00 1.23940797e+00
171 7 1.37444679e+00 1.24855010e+00
172 7 1.37444679e+00 1.24490427e+00
173 7 1.37444679e+00 1.24355935e+00
174 7 1.37444679e+00 1.24697690e+00
175 7 1.37444679e+00 1.24078815e+00
176 7 1.37444679e+00 1.24505938e+00
177 7 1.37444679e+00 1.24446587e+00
178 7 1.37444679e+00 1.25021128e+00
179 7 1.37444679e+00 1.24603994e+00
180 7 1.37444679e+00 1.23557889e+00
181 7 1.37444679e+00 1.23747316e+00
182 7 1.37444679e+00 1.24038171e+00
183 7 1.37444679e+00 1.24062012e+00
184 7 1.37444679e+00 1.23956417e+00
185 7 1.37444679e+00 1.24270466e+00
186 7 1.37444679e+00 1.23835886e+00
187 7 1.37444679e+00 1.24141912e+00
188 7 1.37444679e+00 1.23344807e+00
189 7 1.37444679e+00 1.24015036e+00
190 7 1.37444679e+00 1.23818598e+00
191 7 1.37444679e+00 1.23887820e+00
192 7 1.37444679e+00 1.23933030e+00
193 7 1.37444679e+00 1.24082740e+00
194 7 1.37444679e+00 1.23935772e+00
195 7 1.37444679e+00 1.23295608e+00
196 7 1.37444679e+00 1.24464671e+00
197 7 1.37444679e+00 1.24289261e+00
198 7 1.37444679e+00 1.24450093e+00
199 7 1.37444679e+00 1.24026363e+00
200 7 1.37444679e+00 1.24441830e+00
201 7 1.37444679e+00 1.24078798e+00
202 7 1.37444679e+00 1.24035763e+00
203 7 1.37444679e+00 1.24104203e+00
204 7 1.37444679e+00 1.23779292e+00
205 7 1.37444679e+00 1.24497221e+00
206 7 1.37444679e+00 1.24386128e+00
207 7 1.37444679e+00 1.23850861e+00
208 7 1.37444679e+00 1.24007985e+00
209 7 1.37444679e+00 1.24135360e+00
210 7 1.37444679e+00 1.23859525e+00
211 7 1.37444679e+00 1.24210158e+00
212 7 1.37444679e+00 1.23930897e+00
213 7 1.37444679e+00 1.23698213e+00
214 7 1.37444679e+00 1.24387464e+00
215 7 1.37444679e+00 1.23607868e+00
216 7 1.37444679e+00 1.24584420e+00
217 7 1.37444679e+00 1.23966322e+00
218 7 1.37444679e+00 1.24581948e+00
219 7 1.37444679e+00 1.24171246e+00
220 7 1.37444679e+00 1.25362023e+00
221 7 1.37444679e+00 1.23849777e+00
222 7 1.37444679e+00 1.24437835e+00
223 7 1.37444679e+00 1.25120886e+00
224 7 1.37444679e+00 1.23305497e+00
225 7 1.37444679e+00 1.23757729e+00
226 7 1.37444679e+00 1.24309813e+00
227 7 1.37444679e+00 1.23983911e+00
228 7 1.37444679e+00 1.23815550e+00
229 7 1.37444679e+00 1.24596216e+00
230 7 1.37444679e+00 1.23600725e+00
231 7 1.37444679e+00 1.23463656e+00
232 7 1.37444679e+00 1.23895341e+00
233 7 1.37444679e+00 1.24341973e+00
234 7 1.37444679e+00 1.23973142e+00
235 7 1.37444679e+00 1.24045183e+00
236 7 1.37444679e+00 1.23835402e+00
237 7 1.37444679e+00 1.24244812e+00
238 7 1.37444679e+00 1.23565591e+00
239 7 1.37444679e+00 1.23716371e+00
240 7 1.37444679e+00 1.24300047e+00
241 7 1.37444679e+00 1.23659035e+00
242 7 1.37444679e+00 1.24229014e+00
243 7 1.37444679e+00 1.24650152e+00
244 7 1.37444679e+00 1.23768245e+00
245 7 1.37444679e+00 1.24440126e+00
246 7 1.37444679e+00 1.24065940e+00
247 7 1.37444679e+00 1.23455193e+00
248 7 1.37444679e+00 1.24189966e+00
249 7 1.37444679e+00 1.24136656e+00
250 7 1.37444679e+00 1.24735896e+00
251 7 1.37444679e+00 1.24380988e+00
252 7 1.37444679e+00 1.24190077e+00
253 7 1.37444679e+00 1.24127242e+00
254 7 1.37444679e+00 1.24866492e+00
255 7 1.37444679e+00 1.24035904e+00
256 7 1.37444679e+00 1.23917051e+00
257 7 1.37444679e+00 1.23028980e+00
258 7 1.37444679e+00 1.24419329e+00
259 7 1.37444679e+00 1.24622432e+00
260 7 1.37444679e+00 1.24433342e+00
261 7 1.37444679e+00 1.24513157e+00
262 7 1.37444679e+00 1.23910427e+00
263 7 1.37444679e+00 1.25102563e+00
264 7 1.37444679e+00 1.24786601e+00
265 7 1.37444679e+00 1.24538651e+00
266 7 1.37444679e+00 1.23917832e+00
267 7 1.37444679e+00 1.23795061e+00
268 7 1.37444679e+00 1.24356707e+00
269 7 1.37444679e+00 1.24247110e+00
270 7 1.37444679e+00 1.23805429e+00
271 7 1.37444679e+00 1.24325269e+00
272 7 1.37444679e+00 1.24337199e+00
273 7 1.37444679e+00 1.24691839e+00
274 7 1.37444679e+00 1.23932785e+00
275 7 1.37444679e+00 1.24856517e+00
276 7 1.37444679e+00 1.24335655e+00
277 7 1.37444679e+00 1.24999380e+00
278 7 1.37444679e+00 1.23606101e+00
279 7 1.37444679e+00 1.23578786e+00
280 7 1.37444679e+00 1.24444762e+00
281 7 1.37444679e+00 1.24518569e+00
282 7 1.37444679e+00 1.23979989e+00
283 7 1.37444679e+00 1.23491810e+00
284 7 1.37444679e+00 1.23815292e+00
285 7 1.37444679e+00 1.24912795e+00
286 7 1.37444679e+00 1.25620119e+00
287 7 1.37444679e+00 1.23479974e+00
288 7 1.37444679e+00 1.24476048e+00
289 7 1.37444679e+00 1.23883253e+00
290 7 1.37444679e+00 1.24392886e+00
291 7 1.37444679e+00 1.23771149e+00
292 7 1.37444679e+00 1.25158590e+00
293 7 1.37444679e+00 1.24387711e+00
294 7 1.37444679e+00 1.24838441e+00
295 7 1.37444679e+00 1.24710271e+00
296 7 1.37444679e+00 1.24387058e+00
297 7 1.37444679e+00 1.24239132e+00
298 7 1.37444679e+00 1.24423919e+00
299 7 1.37444679e+00 1.23991831e+00
300 7 1.37444679e+00 1.23647910e+00
301 7 1.37444679e+00 1.24004827e+00
302 7 1.37444679e+00 1.23745060e+00
303 7 1.37444679e+00 1.23407638e+00
304 7 1.37444679e+00 1.23670378e+00
305 7 1.37444679e+00 1.23464106e+00
306 7 1.37444679e+00 1.23515240e+00
307 7 1.37444679e+00 1.23834098e+00
308 7 1.37444679e+00 1.23794951e+00
309 7 1.37444679e+00 1.24267526e+00
310 7 1.37444679e+00 1.24444667e+00
311 7 1.37444679e+00 1.24253406e+00
312 7 1.37444679e+00 1.25342423e+00
313 7 1.37444679e+00 1.23943862e+00
314 7 1.37444679e+00 1.24053075e+00
315 7 1.37444679e+00 1.23760422e+00
316 7 1.37444679e+00 1.24355467e+00
317 7 1.37444679e+00 1.24413327e+00
318 7 1.37444679e+00 1.23874787e+00
319 7 1.37444679e+00 1.24450527e+00
320 7 1.37444679e+00 1.24303271e+00
321 7 1.37444679e+00 1.24124310e+00
322 7 1.37444679e+00 1.24714501e+00
323 7 1.37444679e+00 1.23670332e+00
324 7 1.37444679e+00 1.24799013e+00
325 7 1.37444679e+00 1.23699759e+00
326 7 1.37444679e+00 1.24431834e+00
327 7 1.37444679e+00 1.23913234e+00
328 7 1.37444679e+00 1.23322413e+00
329 7 1.37444679e+00 1.24450463e+00
330 7 1.37444679e+00 1.24386936e+00
331 7 1.37444679e+00 1.23625483e+00
332 7 1.37444679e+00 1.23946174e+00
333 7 1.37444679e+00 1.24472431e+00
334 7 1.37444679e+00 1.24083834e+00
335 7 1.37444679e+00 1.24654575e+00
336 7 1.37444679e+00 1.23814132e+00
337 7 1.37444679e+00 1.23946889e+00
338 7 1.37444679e+00 1.24793310e+00
339 7 1.37444679e+00 1.24398392e+00
340 7 1.37444679e+00 1.24542047e+00
341 7 1.37444679e+00 1.23971176e+00
342 7 1.37444679e+00 1.24146683e+00
343 7 1.37444679e+00 1.23662177e+00
344 7 1.37444679e+00 1.23540336e+00
345 7 1.37444679e+00 1.24196928e+00
346 7 1.37444679e+00 1.24348856e+00
347 7 1.37444679e+00 1.24566907e+00
348 7 1.37444679e+00 1.24174479e+00
349 7 1.37444679e+00 1.23480598e+00
350 7 1.37444679e+00 1.23850055e+00
351 7 1.37444679e+00 1.24420760e+00
352 7 1.37444679e+00 1.23434435e+00
353 7 1.37444679e+00 1.25386602e+00
354 7 1.37444679e+00 1.24865669e+00
355 7 1.37444679e+00 1.24214576e+00
356 7 1.37444679e+00 1.23944032e+00
357 7 1.37444679e+00 1.24077366e+00
358 7 1.37444679e+00 1.24010529e+00
359 7 1.37444679e+00 1.23777759e+00
360 7 1.37444679e+00 1.24067881e+00
361 7 1.37444679e+00 1.23564952e+00
362 7 1.37444679e+00 1.24469485e+00
363 7 1.37444679e+00 1.23537852e+00
364 7 1.37444679e+00 1.24391416e+00
365 7 1.37444679e+00 1.24489834e+00
366 7 1.37444679e+00 1.23728266e+00
367 7 1.37444679e+00 1.24581448e+00
368 7 1.37444679e+00 1.24247120e+00
369 7 1.37444679e+00 1.23912467e+00
370 7 1.37444679e+00 1.24418174e+00
371 7 1.37444679e+00 1.23433605e+00
372 7 1.37444679e+00 1.24076918e+00
373 7 1.37444679e+00 1.24184347e+00
374 7 1.37444679e+00 1.24790168e+00
375 7 1.37444679e+00 1.23652439e+00
376 7 1.37444679e+00 1.23882267e+00
377 7 1.37444679e+00 1.23746416e+00
378 7 1.37444679e+00 1.24254278e+00
379 7 1.37444679e+00 1.25028256e+00
380 7 1.37444679e+00 1.24694147e+00
381 7 1.37444679e+00 1.24710912e+00
382 7 1.37444679e+00 1.24514509e+00
383 7 1.37444679e+00 1.24315572e+00
384 7 1.37444679e+00 1.23326237e+00
385 7 1.37444679e+00 1.23954070e+00
386 7 1.37444679e+00 1.24513793e+00
387 7 1.37444679e+00 1.24377231e+00
388 7 1.37444679e+00 1.23961128e+00
389 7 1.37444679e+00 1.24516016e+00
390 7 1.37444679e+00 1.23936010e+00
391 7 1.37444679e+00 1.23727520e+00
392 7 1.37444679e+00 1.24282565e+00
393 7 1.37444679e+00 1.24021784e+00
394 7 1.37444679e+00 1.23961861e+00
395 7 1.37444679e+00 1.24289761e+00
396 7 1.37444679e+00 1.24464657e+00
397 7 1.37444679e+00 1.24203756e+00
398 7 1.37444679e+00 1.24753176e+00
399 7 1.37444679e+00 1.24065881e+00
400 7 1.37444679e+00 1.23985393e+00
401 7 1.37444679e+00 1.24385322e+00
402 7 1.37444679e+00 1.23967535e+00
403 7 1.37444679e+00 1.23211100e+00
404 7 1.37444679e+00 1.23805357e+00
405 7 1.37444679e+00 1.24700268e+00
406 7 1.37444679e+00 1.24246189e+00
407 7 1.37444679e+00 1.23575878e+00
408 7 1.37444679e+00 1.23751145e+00
409 7 1.37444679e+00 1.24715818e+00
410 7 1.37444679e+00 1.24118485e+00
411 7 1.37444679e+00 1.23092340e+00
412 7 1.37444679e+00 1.23477817e+00
413 7 1.37444679e+00 1.23837257e+00
414 7 1.37444679e+00 1.24415722e+00
415 7 1.37444679e+00 1.24359257e+00
416 7 1.37444679e+00 1.23738883e+00
417 7 1.37444679e+00 1.24316966e+00
418 7 1.37444679e+00 1.24111735e+00
419 7 1.37444679e+00 1.24893562e+00
420 7 1.37444679e+00 1.24411644e+00
421 7 1.37444679e+00 1.24467212e+00
422 7 1.37444679e+00 1.24412204e+00
423 7 1.37444679e+00 1.23327756e+00
424 7 1.37444679e+00 1.23152492e+00
425 7 1.37444679e+00 1.24401619e+00
426 7 1.37444679e+00 1.23863022e+00
427 7 1.37444679e+00 1.24689380e+00
428 7 1.37444679e+00 1.24028493e+00
429 7 1.37444679e+00 1.24005290e+00
430 7 1.37444679e+00 1.24586074e+00
431 7 1.37444679e+00 1.24471518e+00
432 7 1.37444679e+00 1.24637808e+00
433 7 1.37444679e+00 1.24602318e+00
434 7 1.37444679e+00 1.24471107e+00
435 7 1.37444679e+00 1.24525583e+00
436 7 1.37444679e+00 1.23716525e+00
437 7 1.37444679e+00 1.24468156e+00
438 7 1.37444679e+00 1.24375425e+00
439 7 1.37444679e+00 1.24536939e+00
440 7 1.37444679e+00 1.24527950e+00
441 7 1.37444679e+00 1.24248388e+00
442 7 1.37444679e+00 1.23450183e+00
443 7 1.37444679e+00 1.23896952e+00
444 7 1.37444679e+00 1.24138093e+00
445 7 1.37444679e+00 1.23504287e+00
446 7 1.37444679e+00 1.25064391e+00
447 7 1.37444679e+00 1.23830342e+00
448 7 1.37444679e+00 1.24282373e+00
449 7 1.37444679e+00 1.23816781e+00
450 7 1.37444679e+00 1.23766275e+00
451 7 1.37444679e+00 1.24008829e+00
452 7 1.37444679e+00 1.24088698e+00
453 7 1.37444679e+00 1.24412012e+00
454 7 1.37444679e+00 1.23932970e+00
455 7 1.37444679e+00 1.23895861e+00
456 7 1.37444679e+00 1.24060278e+00
457 7 1.37444679e+00 1.24819319e+00
458 7 1.37444679e+00 1.24419883e+00
459 7 1.37444679e+00 1.25131593e+00
460 7 1.37444679e+00 1.24371612e+00
461 7 1.37444679e+00 1.24094542e+00
462 7 1.37444679e+00 1.24323135e+00
463 7 1.37444679e+00 1.24611507e+00
464 7 1.37444679e+00 1.23626192e+00
465 7 1.37444679e+00 1.24139661e+00
466 7 1.37444679e+00 1.24305407e+00
467 7 1.37444679e+00 1.24665444e+00
468 7 1.37444679e+00 1.24407169e+00
469 7 1.37444679e+00 1.24440762e+00
470 7 1.37444679e+00 1.23451354e+00
471 7 1.37444679e+00 1.24375776e+00
472 7 1.37444679e+00 1.23657584e+00
473 7 1.37444679e+00 1.24279753e+00
474 7 1.37444679e+00 1.24040193e+00
475 7 1.37444679e+00 1.24090662e+00
476 7 1.37444679e+00 1.23994726e+00
477 7 1.37444679e+00 1.24502387e+00
478 7 1.37444679e+00 1.23641341e+00
479 7 1.37444679e+00 1.23671703e+00
480 7 1.37444679e+00 1.23997286e+00
481 7 1.37444679e+00 1.24721500e+00
482 7 1.37444679e+00 1.22776941e+00
483 7 1.37444679e+00 1.24260091e+00
484 7 1.37444679e+00 1.23820744e+00
485 7 1.37444679e+00 1.24178197e+00
486 7 1.37444679e+00 1.24260544e+00
487 7 1.37444679e+00 1.24197526e+00
488 7 1.37444679e+00 1.24569613e+00
489 7 1.37444679e+00 1.24117800e+00
490 7 1.37444679e+00 1.24744208e+00
491 7 1.37444679e+00 1.24272252e+00
492 7 1.37444679e+00 1.24329708e+00
493 7 1.37444679e+00 1.24436087e+00
494 7 1.37444679e+00 1.24262419e+00
495 7 1.37444679e+00 1.24193371e+00
496 7 1.37444679e+00 1.23964965e+00
497 7 1.37444679e+00 1.23857704e+00
498 7 1.37444679e+00 1.23954470e+00
499 7 1.37444679e+00 1.24292501e+00
500 7 1.37444679e+00 1.23769107e+00
501 7 1.37444679e+00 1.24106872e+00
502 7 1.37444679e+00 1.24247225e+00
503 7 1.37444679e+00 1.23833442e+00
504 7 1.37444679e+00 1.24314610e+00
505 7 1.37444679e+00 1.23990570e+00
506 7 1.37444679e+00 1.23887752e+00
507 7 1.37444679e+00 1.23179733e+00
508 7 1.37444679e+00 1.25181889e+00
509 7 1.37444679e+00 1.24540760e+00
510 7 1.37444679e+00 1.24285284e+00
511 7 1.37444679e+00 1.24357038e+00
512 7 1.37444679e+00 1.24096807e+00
513 7 1.37444679e+00 1.24613797e+00
514 7 1.37444679e+00 1.23959653e+00
515 7 1.37444679e+00 1.23696495e+00
516 7 1.37444679e+00 1.23959149e+00
517 7 1.37444679e+00 1.24796060e+00
518 7 1.37444679e+00 1.23371652e+00
519 7 1.37444679e+00 1.23405098e+00
520 7 1.37444679e+00 1.25065644e+00
521 7 1.37444679e+00 1.23658201e+00
522 7 1.37444679e+00 1.23464805e+00
523 7 1.37444679e+00 1.24406666e+00
524 7 1.37444679e+00 1.24486408e+00
525 7 1.37444679e+00 1.24129059e+00
526 7 1.37444679e+00 1.25575607e+00
527 7 1.37444679e+00 1.23576018e+00
528 7 1.37444679e+00 1.24343250e+00
529 7 1.37444679e+00 1.24978500e+00
530 7 1.37444679e+00 1.23871602e+00
531 7 1.37444679e+00 1.23772199e+00
532 7 1.37444679e+00 1.23598587e+00
533 7 1.37444679e+00 1.24297085e+00
534 7 1.37444679e+00 1.24310854e+00
535 7 1.37444679e+00 1.24144884e+00
536 7 1.37444679e+00 1.24594382e+00
537 7 1.37444679e+00 1.24018199e+00
538 7 1.37444679e+00 1.24473844e+00
539 7 1.37444679e+00 1.25126108e+00
540 7 1.37444679e+00 1.24040108e+00
541 7 1.37444679e+00 1.23634906e+00
542 7 1.37444679e+00 1.23935795e+00
543 7 1.37444679e+00 1.23628598e+00
544 7 1.37444679e+00 1.24631870e+00
545 7 1.37444679e+00 1.24311328e+00
546 7 1.37444679e+00 1.24033056e+00
547 7 1.37444679e+00 1.23329281e+00
548 7 1.37444679e+00 1.24406451e+00
549 7 1.37444679e+00 1.23895862e+00
550 7 1.37444679e+00 1.24473207e+00
551 7 1.37444679e+00 1.25044161e+00
552 7 1.37444679e+00 1.24520940e+00
553 7 1.37444679e+00 1.24322266e+00
554 7 1.37444679e+00 1.24233999e+00
555 7 1.37444679e+00 1.25024441e+00
556 7 1.37444679e+00 1.24522146e+00
557 7 1.37444679e+00 1.23732822e+00
558 7 1.37444679e+00 1.24363652e+00
559 7 1.37444679e+00 1.25110795e+00
560 7 1.37444679e+00 1.24296664e+00
561 7 1.37444679e+00 1.23909571e+00
562 7 1.37444679e+00 1.23568928e+00
563 7 1.37444679e+00 1.24328406e+00
564 7 1.37444679e+00 1.23812230e+00
565 7 1.37444679e+00 1.24067967e+00
566 7 1.37444679e+00 1.24878802e+00
567 7 1.37444679e+00 1.24545647e+00
568 7 1.37444679e+00 1.23913331e+00
569 7 1.37444679e+00 1.24168062e+00
570 7 1.37444679e+00 1.24565649e+00
571 7 1.37444679e+00 1.24036833e+00
572 7 1.37444679e+00 1.23312635e+00
573 7 1.37444679e+00 1.24196373e+00
574 7 1.37444679e+00 1.24278509e+00
575 7 1.37444679e+00 1.24842782e+00
576 7 1.37444679e+00 1.24506135e+00
577 7 1.37444679e+00 1.24128429e+00
578 7 1.37444679e+00 1.23963313e+00
579 7 1.37444679e+00 1.24572378e+00
580 7 1.37444679e+00 1.23899533e+00
581 7 1.37444679e+00 1.23428816e+00
582 7 1.37444679e+00 1.24435805e+00
583 7 1.37444679e+00 1.24321982e+00
584 7 1.37444679e+00 1.24787843e+00
585 7 1.37444679e+00 1.24216366e+00
586 7 1.37444679e+00 1.24365772e+00
587 7 1.37444679e+00 1.24405467e+00
588 7 1.37444679e+00 1.24475102e+00
589 7 1.37444679e+00 1.23606489e+00
590 7 1.37444679e+00 1.24862522e+00
591 7 1.37444679e+00 1.24096330e+00
592 7 1.37444679e+00 1.24421156e+00
593 7 1.37444679e+00 1.24484717e+00
594 7 1.37444679e+00 1.24446103e+00
595 7 1.37444679e+00 1.24511936e+00
596 7 1.37444679e+00 1.24390182e+00
597 7 1.37444679e+00 1.24430269e+00
598 7 1.37444679e+00 1.24207241e+00
599 7 1.37444679e+00 1.24160476e+00
600 7 1.37444679e+00 1.24031280e+00
601 7 1.37444679e+00 1.24687362e+00
602 7 1.37444679e+00 1.23979558e+00
603 7 1.37444679e+00 1.24136552e+00
604 7 1.37444679e+00 1.23874311e+00
605 7 1.37444679e+00 1.24054608e+00
606 7 1.37444679e+00 1.24771469e+00
607 7 1.37444679e+00 1.23886022e+00
608 7 1.37444679e+00 1.23551675e+00
609 7 1.37444679e+00 1.24092311e+00
610 7 1.37444679e+00 1.24427891e+00
611 7 1.37444679e+00 1.24086677e+00
612 7 1.37444679e+00 1.23947896e+00
613 7 1.37444679e+00 1.24872162e+00
614 7 1.37444679e+00 1.24028058e+00
615 7 1.37444679e+00 1.24630558e+00
616 7 1.37444679e+00 1.24538474e+00
617 7 1.37444679e+00 1.24639984e+00
618 7 1.37444679e+00 1.24382933e+00
619 7 1.37444679e+00 1.24522730e+00
620 7 1.37444679e+00 1.24276432e+00
621 7 1.37444679e+00 1.23376303e+00
622 7 1.37444679e+00 1.24387547e+00
623 7 1.37444679e+00 1.24061262e+00
624 7 1.37444679e+00 1.24465026e+00
625 7 1.37444679e+00 1.24282528e+00
626 7 1.37444679e+00 1.23752479e+00
627 7 1.37444679e+00 1.24133391e+00
628 7 1.37444679e+00 1.24978906e+00
629 7 1.37444679e+00 1.24924346e+00
630 7 1.37444679e+00 1.23468578e+00
631 7 1.37444679e+00 1.24235668e+00
632 7 1.37444679e+00 1.23847548e+00
633 7 1.37444679e+00 1.23994062e+00
634 7 1.37444679e+00 1.24849372e+00
635 7 1.37444679e+00 1.24148715e+00
636 7 1.37444679e+00 1.23692398e+00
637 7 1.37444679e+00 1.24391376e+00
638 7 1.37444679e+00 1.24136525e+00
639 7 1.37444679e+00 1.23959413e+00
640 7 1.37444679e+00 1.23922345e+00
641 7 1.37444679e+00 1.25015689e+00
642 7 1.37444679e+00 1.24955705e+00
643 7 1.37444679e+00 1.23679419e+00
644 7 1.37444679e+00 1.24460620e+00
645 7 1.37444679e+00 1.23128022e+00
646 7 1.37444679e+00 1.23787498e+00
647 7 1.37444679e+00 1.24471117e+00
648 7 1.37444679e+00 1.24495315e+00
649 7 1.37444679e+00 1.23325818e+00
650 7 1.37444679e+00 1.23808157e+00
651 7 1.37444679e+00 1.24549703e+00
652 7 1.37444679e+00 1.23275097e+00
653 7 1.37444679e+00 1.24061622e+00
654 7 1.37444679e+00 1.23608822e+00
655 7 1.37444679e+00 1.23387217e+00
656 7 1.37444679e+00 1.23581816e+00
657 7 1.37444679e+00 1.23263730e+00
658 7 1.37444679e+00 1.24078729e+00
659 7 1.37444679e+00 1.24468895e+00
660 7 1.37444679e+00 1.24845241e+00
661 7 1.37444679e+00 1.24275593e+00
662 7 1.37444679e+00 1.23902350e+00
663 7 1.37444679e+00 1.23706875e+00
664 7 1.37444679e+00 1.24322142e+00
665 7 1.37444679e+00 1.24553975e+00
666 7 1.37444679e+00 1.24022352e+00
667 7 1.37444679e+00 1.23808117e+00
668 7 1.37444679e+00 1.23737409e+00
669 7 1.37444679e+00 1.24953656e+00
670 7 1.37444679e+00 1.24351776e+00
671 7 1.37444679e+00 1.24363793e+00
672 7 1.37444679e+00 1.24894060e+00
673 7 1.37444679e+00 1.25344861e+00
674 7 1.37444679e+00 1.23838167e+00
675 7 1.37444679e+00 1.24972153e+00
676 7 1.37444679e+00 1.24735733e+00
677 7 1.37444679e+00 1.24533982e+00
678 7 1.37444679e+00 1.24289707e+00
679 7 1.37444679e+00 1.24832389e+00
680 7 1.37444679e+00 1.24700089e+00
681 7 1.37444679e+00 1.24580575e+00
682 7 1.37444679e+00 1.24782633e+00
683 7 1.37444679e+00 1.24375888e+00
684 7 1.37444679e+00 1.23634918e+00
685 7 1.37444679e+00 1.23319746e+00
686 7 1.37444679e+00 1.23892725e+00
687 7 1.37444679e+00 1.24370424e+00
688 7 1.37444679e+00 1.24350936e+00
689 7 1.37444679e+00 1.24206694e+00
690 7 1.37444679e+00 1.24572960e+00
691 7 1.37444679e+00 1.24984105e+00
692 7 1.37444679e+00 1.24770188e+00
693 7 1.37444679e+00 1.24185366e+00
694 7 1.37444679e+00 1.24445270e+00
695 7 1.37444679e+00 1.24363702e+00
696 7 1.37444679e+00 1.24340462e+00
697 7 1.37444679e+00 1.24573997e+00
698 7 1.37444679e+00 1.23357973e+00
699 7 1.37444679e+00 1.23785288e+00
700 7 1.37444679e+00 1.24005165e+00
701 7 1.37444679e+00 1.23574504e+00
702 7 1.37444679e+00 1.23976986e+00
703 7 1.37444679e+00 1.24608438e+00
704 7 1.37444679e+00 1.24016789e+00
705 7 1.37444679e+00 1.24595823e+00
706 7 1.37444679e+00 1.25046785e+00
707 7 1.37444679e+00 1.23827742e+00
708 7 1.37444679e+00 1.24032356e+00
709 7 1.37444679e+00 1.24582384e+00
710 7 1.37444679e+00 1.24417167e+00
711 7 1.37444679e+00 1.24108022e+00
712 7 1.37444679e+00 1.24140677e+00
713 7 1.37444679e+00 1.24171781e+00
714 7 1.37444679e+00 1.24034934e+00
715 7 1.37444679e+00 1.24510779e+00
716 7 1.37444679e+00 1.24548529e+00
717 7 1.37444679e+00 1.24456248e+00
718 7 1.37444679e+00 1.24292558e+00
719 7 1.37444679e+00 1.24441355e+00
720 7 1.37444679e+00 1.24770494e+00
721 7 1.37444679e+00 1.25174950e+00
722 7 1.37444679e+00 1.23726008e+00
723 7 1.37444679e+00 1.23996747e+00
724 7 1.37444679e+00 1.23513395e+00
725 7 1.37444679e+00 1.24879980e+00
726 7 1.37444679e+00 1.24349716e+00
727 7 1.37444679e+00 1.23267832e+00
728 7 1.37444679e+00 1.24005209e+00
729 7 1.37444679e+00 1.24122245e+00
730 7 1.37444679e+00 1.24293159e+00
731 7 1.37444679e+00 1.23719514e+00
732 7 1.37444679e+00 1.24786660e+00
733 7 1.37444679e+00 1.24139880e+00
734 7 1.37444679e+00 1.23964163e+00
735 7 1.37444679e+00 1.24964309e+00
736 7 1.37444679e+00 1.23463716e+00
737 7 1.37444679e+00 1.24027867e+00
738 7 1.37444679e+00 1.23950619e+00
739 7 1.37444679e+00 1.24905883e+00
740 7 1.37444679e+00 1.24262240e+00
741 7 1.37444679e+00 1.23451275e+00
742 7 1.37444679e+00 1.24544029e+00
743 7 1.37444679e+00 1.24560270e+00
744 7 1.37444679e+00 1.24087780e+00
745 7 1.37444679e+00 1.23692555e+00
746 7 1.37444679e+00 1.25066343e+00
747 7 1.37444679e+00 1.23474532e+00
748 7 1.37444679e+00 1.24592199e+00
749 7 1.37444679e+00 1.24858066e+00
750 7 1.37444679e+00 1.23630183e+00
751 7 1.37444679e+00 1.24305389e+00
752 7 1.37444679e+00 1.24608746e+00
753 7 1.37444679e+00 1.24185780e+00
754 7 1.37444679e+00 1.23706466e+00
755 7 1.37444679e+00 1.24000277e+00
756 7 1.37444679e+00 1.23929771e+00
757 7 1.37444679e+00 1.23173035e+00
758 7 1.37444679e+00 1.24025069e+00
759 7 1.37444679e+00 1.24478270e+00
760 7 1.37444679e+00 1.22815460e+00
761 7 1.37444679e+00 1.24302164e+00
762 7 1.37444679e+00 1.24849663e+00
763 7 1.37444679e+00 1.23879610e+00
764 7 1.37444679e+00 1.24770350e+00
765 7 1.37444679e+00 1.23597208e+00
766 7 1.37444679e+00 1.23197578e+00
767 7 1.37444679e+00 1.23893238e+00
768 7 1.37444679e+00 1.24102536e+00
769 7 1.37444679e+00 1.23904668e+00
770 7 1.37444679e+00 1.23579631e+00
771 7 1.37444679e+00 1.24033528e+00
772 7 1.37444679e+00 1.24381035e+00
773 7 1.37444679e+00 1.24981497e+00
774 7 1.37444679e+00 1.23981340e+00
775 7 1.37444679e+00 1.23991761e+00
776 7 1.37444679e+00 1.23797112e+00
777 7 1.37444679e+00 1.23352794e+00
778 7 1.37444679e+00 1.24425454e+00
779 7 1.37444679e+00 1.24344213e+00
780 7 1.37444679e+00 1.23920945e+00
781 7 1.37444679e+00 1.24757816e+00
782 7 1.37444679e+00 1.23950864e+00
783 7 1.37444679e+00 1.24179498e+00
784 7 1.37444679e+00 1.24290329e+00
785 7 1.37444679e+00 1.24221870e+00
786 7 1.37444679e+00 1.23884174e+00
787 7 1.37444679e+00 1.24228581e+00
788 7 1.37444679e+00 1.24104369e+00
789 7 1.37444679e+00 1.24522339e+00
790 7 1.37444679e+00 1.23956227e+00
791 7 1.37444679e+00 1.24627103e+00
792 7 1.37444679e+00 1.24111689e+00
793 7 1.37444679e+00 1.24392789e+00
794 7 1.37444679e+00 1.24036657e+00
795 7 1.37444679e+00 1.25119652e+00
796 7 1.37444679e+00 1.23660162e+00
797 7 1.37444679e+00 1.24082446e+00
798 7 1.37444679e+00 1.24957926e+00
799 7 1.37444679e+00 1.23576914e+00
800 7 1.37444679e+00 1.24085315e+00
801 7 1.37444679e+00 1.24575995e+00
802 7 1.37444679e+00 1.23973680e+00
803 7 1.37444679e+00 1.25298898e+00
804 7 1.37444679e+00 1.23421764e+00
805 7 1.37444679e+00 1.23645390e+00
806 7 1.37444679e+00 1.24583737e+00
807 7 1.37444679e+00 1.24669311e+00
808 7 1.37444679e+00 1.24940195e+00
809 7 1.37444679e+00 1.23983500e+00
810 7 1.37444679e+00 1.24200756e+00
811 7 1.37444679e+00 1.24224057e+00
812 7 1.37444679e+00 1.23957343e+00
813 7 1.37444679e+00 1.24227249e+00
814 7 1.37444679e+00 1.24028121e+00
815 7 1.37444679e+00 1.23845827e+00
816 7 1.37444679e+00 1.24385246e+00
817 7 1.37444679e+00 1.24299386e+00
818 7 1.37444679e+00 1.24305084e+00
819 7 1.37444679e+00 1.23539965e+00
820 7 1.37444679e+00 1.24053243e+00
821 7 1.37444679e+00 1.23770626e+00
822 7 1.37444679e+00 1.24323433e+00
823 7 1.37444679e+00 1.25021413e+00
824 7 1.37444679e+00 1.23794336e+00
825 7 1.37444679e+00 1.24173721e+00
826 7 1.37444679e+00 1.24591876e+00
827 7 1.37444679e+00 1.23747918e+00
828 7 1.37444679e+00 1.23606477e+00
829 7 1.37444679e+00 1.24303720e+00
830 7 1.37444679e+00 1.23825740e+00
831 7 1.37444679e+00 1.23789530e+00
832 7 1.37444679e+00 1.24292344e+00
833 7 1.37444679e+00 1.24735928e+00
834 7 1.37444679e+00 1.24180215e+00
835 7 1.37444679e+00 1.24580921e+00
836 7 1.37444679e+00 1.24967318e+00
837 7 1.37444679e+00 1.24387651e+00
838 7 1.37444679e+00 1.24377883e+00
839 7 1.37444679e+00 1.24011845e+00
840 7 1.37444679e+00 1.23987898e+00
841 7 1.37444679e+00 1.24320335e+00
842 7 1.37444679e+00 1.24567125e+00
843 7 1.37444679e+00 1.24203790e+00
844 7 1.37444679e+00 1.23969137e+00
845 7 1.37444679e+00 1.24744487e+00
846 7 1.37444679e+00 1.24192930e+00
847 7 1.37444679e+00 1.24105020e+00
848 7 1.37444679e+00 1.23964834e+00
849 7 1.37444679e+00 1.24166595e+00
850 7 1.37444679e+00 1.24418040e+00
851 7 1.37444679e+00 1.24592399e+00
852 7 1.37444679e+00 1.24263506e+00
853 7 1.37444679e+00 1.23455500e+00
854 7 1.37444679e+00 1.24304162e+00
855 7 1.37444679e+00 1.24783336e+00
856 7 1.37444679e+00 1.24526864e+00
857 7 1.37444679e+00 1.23486657e+00
858 7 1.37444679e+00 1.24915935e+00
859 7 1.37444679e+00 1.24407403e+00
860 7 1.37444679e+00 1.24427507e+00
861 7 1.37444679e+00 1.23908342e+00
862 7 1.37444679e+00 1.24357472e+00
863 7 1.37444679e+00 1.23949272e+00
864 7 1.37444679e+00 1.23620751e+00
865 7 1.37444679e+00 1.24448626e+00
866 7 1.37444679e+00 1.23980178e+00
867 7 1.37444679e+00 1.24893307e+00
868 7 1.37444679e+00 1.24495253e+00
869 7 1.37444679e+00 1.24347484e+00
870 7 1.37444679e+00 1.23235388e+00
871 7 1.37444679e+00 1.23807152e+00
872 7 1.37444679e+00 1.24200539e+00
873 7 1.37444679e+00 1.24430785e+00
874 7 1.37444679e+00 1.24113992e+00
875 7 1.37444679e+00 1.23946648e+00
876 7 1.37444679e+00 1.24209296e+00
877 7 1.37444679e+00 1.23902514e+00
878 7 1.37444679e+00 1.23464890e+00
879 7 1.37444679e+00 1.23590989e+00
880 7 1.37444679e+00 1.24451676e+00
881 7 1.37444679e+00 1.24736257e+00
882 7 1.37444679e+00 1.24038296e+00
883 7 1.37444679e+00 1.24350078e+00
884 7 1.37444679e+00 1.23644787e+00
885 7 1.37444679e+00 1.24493292e+00
886 7 1.37444679e+00 1.24210293e+00
887 7 1.37444679e+00 1.23476736e+00
888 7 1.37444679e+00 1.24123088e+00
889 7 1.37444679e+00 1.25055808e+00
890 7 1.37444679e+00 1.23565641e+00
891 7 1.37444679e+00 1.24079603e+00
892 7 1.37444679e+00 1.23250813e+00
893 7 1.37444679e+00 1.23715462e+00
894 7 1.37444679e+00 1.24335096e+00
895 7 1.37444679e+00 1.24794013e+00
896 7 1.37444679e+00 1.24225774e+00
897 7 1.37444679e+00 1.24884314e+00
898 7 1.37444679e+00 1.23577961e+00
899 7 1.37444679e+00 1.24468756e+00
900 7 1.37444679e+00 1.22984214e+00
901 7 1.37444679e+00 1.24814220e+00
902 7 1.37444679e+00 1.24430396e+00
903 7 1.37444679e+00 1.24035896e+00
904 7 1.37444679e+00 1.24219287e+00
905 7 1.37444679e+00 1.24244196e+00
906 7 1.37444679e+00 1.25003947e+00
907 7 1.37444679e+00 1.24232371e+00
908 7 1.37444679e+00 1.24586566e+00
909 7 1.37444679e+00 1.24822415e+00
910 7 1.37444679e+00 1.24079103e+00
911 7 1.37444679e+00 1.24757882e+00
912 7 1.37444679e+00 1.24383157e+00
913 7 1.37444679e+00 1.24621970e+00
914 7 1.37444679e+00 1.24202733e+00
915 7 1.37444679e+00 1.23629573e+00
916 7 1.37444679e+00 1.24518799e+00
917 7 1.37444679e+00 1.23854803e+00
918 7 1.37444679e+00 1.24709716e+00
919 7 1.37444679e+00 1.23711320e+00
920 7 1.37444679e+00 1.24280275e+00
921 7 1.37444679e+00 1.23604478e+00
922 7 1.37444679e+00 1.24339761e+00
923 7 1.37444679e+00 1.24244727e+00
924 7 1.37444679e+00 1.24183990e+00
925 7 1.37444679e+00 1.23634494e+00
926 7 1.37444679e+00 1.23967365e+00
927 7 1.37444679e+00 1.24240586e+00
928 7 1.37444679e+00 1.23779821e+00
929 7 1.37444679e+00 1.24241268e+00
930 7 1.37444679e+00 1.25029112e+00
931 7 1.37444679e+00 1.24985089e+00
932 7 1.37444679e+00 1.23826864e+00
933 7 1.37444679e+00 1.23659721e+00
934 7 1.37444679e+00 1.24039980e+00
935 7 1.37444679e+00 1.24170873e+00
936 7 1.37444679e+00 1.23467969e+00
937 7 1.37444679e+00 1.25222999e+00
938 7 1.37444679e+00 1.24483711e+00
939 7 1.37444679e+00 1.23995398e+00
940 7 1.37444679e+00 1.24313422e+00
941 7 1.37444679e+00 1.23797752e+00
942 7 1.37444679e+00 1.23787024e+00
943 7 1.37444679e+00 1.24606511e+00
944 7 1.37444679e+00 1.24879819e+00
945 7 1.37444679e+00 1.24617191e+00
946 7 1.37444679e+00 1.23997392e+00
947 7 1.37444679e+00 1.24240624e+00
948 7 1.37444679e+00 1.24065229e+00
949 7 1.37444679e+00 1.24413775e+00
950 7 1.37444679e+00 1.23777665e+00
951 7 1.37444679e+00 1.24706759e+00
952 7 1.37444679e+00 1.23183638e+00
953 7 1.37444679e+00 1.24636904e+00
954 7 1.37444679e+00 1.24096117e+00
955 7 1.37444679e+00 1.24045870e+00
956 7 1.37444679e+00 1.23877960e+00
957 7 1.37444679e+00 1.24588746e+00
958 7 1.37444679e+00 1.24114404e+00
959 7 1.37444679e+00 1.23774094e+00
960 7 1.37444679e+00 1.24153119e+00
961 7 1.37444679e+00 1.24798737e+00
962 7 1.37444679e+00 1.24229442e+00
963 7 1.37444679e+00 1.23903908e+00
964 7 1.37444679e+00 1.23522724e+00
965 7 1.37444679e+00 1.24951889e+00
966 7 1.37444679e+00 1.24363031e+00
967 7 1.37444679e+00 1.23652304e+00
968 7 1.37444679e+00 1.24035318e+00
969 7 1.37444679e+00 1.23643575e+00
970 7 1.37444679e+00 1.24809577e+00
971 7 1.37444679e+00 1.23849917e+00
972 7 1.37444679e+00 1.24546759e+00
973 7 1.37444679e+00 1.24487670e+00
974 7 1.37444679e+00 1.23626776e+00
975 7 1.37444679e+00 1.25446808e+00
976 7 1.37444679e+00 1.24210069e+00
977 7 1.37444679e+00 1.24441488e+00
978 7 1.37444679e+00 1.23728626e+00
979 7 1.37444679e+00 1.23906010e+00
980 7 1.37444679e+00 1.24135958e+00
981 7 1.37444679e+00 1.23955627e+00
982 7 1.37444679e+00 1.24119703e+00
983 7 1.37444679e+00 1.24589252e+00
984 7 1.37444679e+00 1.24277758e+00
985 7 1.37444679e+00 1.23602260e+00
986 7 1.37444679e+00 1.23822808e+00
987 7 1.37444679e+00 1.23305503e+00
988 7 1.37444679e+00 1.24362074e+00
989 7 1.37444679e+00 1.23587417e+00
990 7 1.37444679e+00 1.24065260e+00
991 7 1.37444679e+00 1.23288080e+00
992 7 1.37444679e+00 1.24468455e+00
993 7 1.37444679e+00 1.24603032e+00
994 7 1.37444679e+00 1.24326404e+00
995 7 1.37444679e+00 1.25195469e+00
996 7 1.37444679e+00 1.23781378e+00
997 7 1.37444679e+00 1.24150598e+00
998 7 1.37444679e+00 1.24399752e+00
999 7 1.37444679e+00 1.24852021e+00
1000 7 1.37444679e+00 1.24579202e+00
1001 7 1.37444679e+00 1.24941920e+00
1002 7 1.37444679e+00 1.23363793e+00
1003 7 1.37444679e+00 1.24357151e+00
1004 7 1.37444679e+00 1.24305064e+00
1005 7 1.37444679e+00 1.23373610e+00
1006 7 1.37444679e+00 1.24959199e+00
1007 7 1.37444679e+00 1.24024206e+00
1008 7 1.37444679e+00 1.23928435e+00
1009 7 1.37444679e+00 1.23856231e+00
1010 7 1.37444679e+00 1.24440999e+00
1011 7 1.37444679e+00 1.24269822e+00
1012 7 1.37444679e+00 1.24434228e+00
1013 7 1.37444679e+00 1.23295834e+00
1014 7 1.37444679e+00 1.24073931e+00
1015 7 1.37444679e+00 1.24359770e+00
1016 7 1.37444679e+00 1.24349701e+00
1017 7 1.37444679e+00 1.22552512e+00
1018 7 1.37444679e+00 1.24240910e+00
1019 7 1.37444679e+00 1.24081215e+00
1020 7 1.37444679e+00 1.24307706e+00
1021 7 1.37444679e+00 1.23940642e+00
1022 7 1.37444679e+00 1.24244189e+00
1023 7 1.37444679e+00 1.24620737e+00
1024 7 1.37444679e+00 1.24138292e+00
1025 7 1.37444679e+00 1.23674464e+00
0 8 1.57079633e+00 1.34183474e+00
1 8 1.57079633e+00 1.33240811e+00
2 8 1.57079633e+00 1.33125471e+00
3 8 1.57079633e+00 1.33418511e+00
4 8 1.57079633e+00 1.33227417e+00
5 8 1.57079633e+00 1.33368401e+00
6 8 1.57079633e+00 1.32588103e+00
7 8 1.57079633e+00 1.33487358e+00
8 8 1.57079633e+00 1.33154226e+00
9 8 1.57079633e+00 1.33676925e+00
10 8 1.57079633e+00 1.33378500e+00
11 8 1.57079633e+00 1.33986977e+00
12 8 1.57079633e+00 1.33237907e+00
13 8 1.57079633e+00 1.33599373e+00
14 8 1.57079633e+00 1.32974412e+00
15 8 1.57079633e+00 1.33204507e+00
16 8 1.57079633e+00 1.32527759e+00
17 8 1.57079633e+00 1.32926676e+00
18 8 1.57079633e+00 1.33883972e+00
19 8 1.57079633e+00 1.33387961e+00
20 8 1.57079633e+00 1.33637904e+00
21 8 1.57079633e+00 1.33408008e+00
22 8 1.57079633e+00 1.33286736e+00
23 8 1.57079633e+00 1.33465073e+00
24 8 1.57079633e+00 1.32968834e+00
25 8 1.57079633e+00 1.33208367e+00
26 8 1.57079633e+00 1.33762482e+00
27 8 1.57079633e+00 1.33603493e+00
28 8 1.57079633e+00 1.33041019e+00
29 8 1.57079633e+00 1.33101844e+00
30 8 1.57079633e+00 1.33709887e+00
31 8 1.57079633e+00 1.32729453e+00
32 8 1.57079633e+00 1.33451606e+00
33 8 1.57079633e+00 1.32649576e+00
34 8 1.57079633e+00 1.32965343e+00
35 8 1.57079633e+00 1.32773184e+00
36 8 1.57079633e+00 1.32989289e+00
37 8 1.57079633e+00 1.32938613e+00
38 8 1.57079633e+00 1.33613474e+00
39 8 1.57079633e+00 1.33429077e+00
40 8 1.57079633e+00 1.33120100e+00
41 8 1.57079633e+00 1.33367404e+00
42 8 1.57079633e+00 1.34540491e+00
43 8 1.57079633e+00 1.32889113e+00
44 8 1.57079633e+00 1.34832817e+00
45 8 1.57079633e+00 1.32948937e+00
46 8 1.57079633e+00 1.34088250e+00
47 8 1.57079633e+00 1.34792550e+00
48 8 1.57079633e+00 1.33402965e+00
49 8 1.57079633e+00 1.33360213e+00
50 8 1.57079633e+00 1.33736000e+00
51 8 1.57079633e+00 1.33808414e+00
52 8 1.57079633e+00 1.33620822e+00
53 8 1.57079633e+00 1.33223162e+00
54 8 1.57079633e+00 1.33037462e+00
55 8 1.57079633e+00 1.34612447e+00
56 8 1.57079633e+00 1.33712536e+00
57 8 1.57079633e+00 1.33398587e+00
58 8 1.57079633e+00 1.33043035e+00
59 8 1.57079633e+00 1.33169959e+00
60 8 1.57079633e+00 1.34027195e+00
61 8 1.57079633e+00 1.33518527e+00
62 8 1.57079633e+00 1.32709680e+00
63 8 1.57079633e+00 1.32888843e+00
64 8 1.57079633e+00 1.33357110e+00
65 8 1.57079633e+00 1.33219948e+00
66 8 1.57079633e+00 1.33743522e+00
67 8 1.57079633e+00 1.33462559e+00
68 8 1.57079633e+00 1.33364011e+00
69 8 1.57079633e+00 1.33663625e+00
70 8 1.57079633e+00 1.33816136e+00
71 8 1.57079633e+00 1.33963210e+00
72 8 1.57079633e+00 1.33473542e+00
73 8 1.57079633e+00 1.32477018e+00
74 8 1.57079633e+00 1.32462057e+00
75 8 1.57079633e+00 1.33899154e+00
76 8 1.57079633e+00 1.33914761e+00
77 8 1.57079633e+00 1.33355867e+00
78 8 1.57079633e+00 1.34291783e+00
79 8 1.57079633e+00 1.33359037e+00
80 8 1.57079633e+00 1.33308661e+00
81 8 1.57079633e+00 1.32711566e+00
82 8 1.57079633e+00 1.32229033e+00
83 8 1.57079633e+00 1.34026272e+00
84 8 1.57079633e+00 1.33404710e+00
85 8 1.57079633e+00 1.33410102e+00
86 8 1.57079633e+00 1.33563825e+00
87 8 1.57079633e+00 1.34512542e+00
88 8 1.57079633e+00 1.33462140e+00
89 8 1.57079633e+00 1.33163473e+00
90 8 1.57079633e+00 1.33845161e+00
91 8 1.57079633e+00 1.32914644e+00
92 8 1.57079633e+00 1.34521160e+00
93 8 1.57079633e+00 1.33398469e+00
94 8 1.57079633e+00 1.33541726e+00
95 8 1.57079633e+00 1.33556984e+00
96 8 1.57079633e+00 1.33891756e+00
97 8 1.57079633e+00 1.33700715e+00
98 8 1.57079633e+00 1.33012973e+00
99 8 1.57079633e+00 1.33080306e+00
100 8 1.57079633e+00 1.32456465e+00
101 8 1.57079633e+00 1.33445833e+00
102 8 1.57079633e+00 1.32745771e+00
103 8 1.57079633e+00 1.33652682e+00
104 8 1.57079633e+00 1.33201034e+00
105 8 1.57079633e+00 1.33115669e+00
106 8 1.57079633e+00 1.32941775e+00
107 8 1.57079633e+00 1.32224117e+00
108 8 1.57079633e+00 1.34264744e+00
109 8 1.57079633e+00 1.33559731e+00
110 8 1.57079633e+00 1.33241766e+00
111 8 1.57079633e+00 1.32823023e+00
112 8 1.57079633e+00 1.33694762e+00
113 8 1.57079633e+00 1.33019459e+00
114 8 1.57079633e+00 1.33408654e+00
115 8 1.57079633e+00 1.33298204e+00
116 8 1.57079633e+00 1.33773554e+00
117 8 1.57079633e+00 1.33241745e+00
118 8 1.57079633e+00 1.32666197e+00
119 8 1.57079633e+00 1.33950384e+00
120 8 1.57079633e+00 1.33498587e+00
121 8 1.57079633e+00 1.32987033e+00
122 8 1.57079633e+00 1.33431249e+00
123 8 1.57079633e+00 1.33500019e+00
124 8 1.57079633e+00 1.34288747e+00
125 8 1.57079633e+00 1.33832146e+00
126 8 1.57079633e+00 1.32333188e+00
127 8 1.57079633e+00 1.33895560e+00
128 8 1.57079633e+00 1.34271451e+00
129 8 1.57079633e+00 1.32699672e+00
130 8 1.57079633e+00 1.33043618e+00
131 8 1.57079633e+00 1.33420754e+00
132 8 1.57079633e+00 1.32936775e+00
133 8 1.57079633e+00 1.33392523e+00
134 8 1.57079633e+00 1.32635884e+00
135 8 1.57079633e+00 1.34107754e+00
136 8 1.57079633e+00 1.32424745e+00
137 8 1.57079633e+00 1.33219428e+00
138 8 1.57079633e+00 1.34078962e+00
139 8 1.57079633e+00 1.33297689e+00
140 8 1.57079633e+00 1.34325102e+00
141 8 1.57079633e+00 1.33057103e+00
142 8 1.57079633e+00 1.33476754e+00
143 8 1.57079633e+00 1.33453052e+00
144 8 1.57079633e+00 1.34546304e+00
145 8 1.57079633e+00 1.33320531e+00
146 8 1.57079633e+00 1.33559622e+00
147 8 1.57079633e+00 1.33689572e+00
148 8 1.57079633e+00 1.32844752e+00
149 8 1.57079633e+00 1.33178671e+00
150 8 1.57079633e+00 1.34117236e+00
151 8 1.57079633e+00 1.33641272e+00
152 8 1.57079633e+00 1.34149083e+00
153 8 1.57079633e+00 1.33685657e+00
154 8 1.57079633e+00 1.32366005e+00
155 8 1.57079633e+00 1.32642882e+00
156 8 1.57079633e+00 1.33819492e+00
157 8 1.57079633e+00 1.33628443e+00
158 8 1.57079633e+00 1.33439448e+00
159 8 1.57079633e+00 1.33276161e+00
160 8 1.57079633e+00 1.32780817e+00
161 8 1.57079633e+00 1.33454889e+00
162 8 1.57079633e+00 1.33367106e+00
163 8 1.57079633e+00 1.34028223e+00
164 8 1.57079633e+00 1.33742466e+00
165 8 1.57079633e+00 1.33254973e+00
166 8 1.57079633e+00 1.33222331e+00
167 8 1.57079633e+00 1.34503861e+00
168 8 1.57079633e+00 1.33181932e+00
169 8 1.57079633e+00 1.33306469e+00
170 8 1.57079633e+00 1.33382751e+00
171 8 1.57079633e+00 1.34108033e+00
172 8 1.57079633e+00 1.33828409e+00
173 8 1.57079633e+00 1.33680930e+00
174 8 1.57079633e+00 1.34074981e+00
175 8 1.57079633e+00 1.33376772e+00
176 8 1.57079633e+00 1.33916815e+00
177 8 1.57079633e+00 1.33698998e+00
178 8 1.57079633e+00 1.34398935e+00
179 8 1.57079633e+00 1.33911227e+00
180 8 1.57079633e+00 1.32746441e+00
181 8 1.57079633e+00 1.32926226e+00
182 8 1.57079633e+00 1.33256137e+00
183 8 1.57079633e+00 1.33412257e+00
184 8 1.57079633e+00 1.33300477e+00
185 8 1.57079633e+00 1.33502846e+00
186 8 1.57079633e+00 1.33039925e+00
187 8 1.57079633e+00 1.33548935e+00
188 8 1.57079633e+00 1.32319044e+00
189 8 1.57079633e+00 1.33107022e+00
190 8 1.57079633e+00 1.33021511e+00
191 8 1.57079633e+00 1.32913966e+00
192 8 1.57079633e+00 1.33029695e+00
193 8 1.57079633e+00 1.33385339e+00
194 8 1.57079633e+00 1.33212718e+00
195 8 1.57079633e+00 1.32589569e+00
196 8 1.57079633e+00 1.33707585e+00
197 8 1.57079633e+00 1.33580497e+00
198 8 1.57079633e+00 1.33593817e+00
199 8 1.57079633e+00 1.33206674e+00
200 8 1.57079633e+00 1.33790868e+00
201 8 1.57079633e+00 1.33344134e+00
202 8 1.57079633e+00 1.33231552e+00
203 8 1.57079633e+00 1.33358961e+00
204 8 1.57079633e+00 1.32814917e+00
205 8 1.57079633e+00 1.33753211e+00
206 8 1.57079633e+00 1.33813558e+00
207 8 1.57079633e+00 1.33125077e+00
208 8 1.57079633e+00 1.33300282e+00
209 8 1.57079633e+00 1.33446734e+00
210 8 1.57079633e+00 1.32898829e+00
211 8 1.57079633e+00 1.33517552e+00
212 8 1.57079633e+00 1.33184915e+00
213 8 1.57079633e+00 1.32953386e+00
214 8 1.57079633e+00 1.33647450e+00
215 8 1.57079633e+00 1.32681084e+00
216 8 1.57079633e+00 1.34002575e+00
217 8 1.57079633e+00 1.33230917e+00
218 8 1.57079633e+00 1.33778656e+00
219 8 1.57079633e+00 1.33362875e+00
220 8 1.57079633e+00 1.34821642e+00
221 8 1.57079633e+00 1.33289319e+00
222 8 1.57079633e+00 1.33574107e+00
223 8 1.57079633e+00 1.34602859e+00
224 8 1.57079633e+00 1.32532250e+00
225 8 1.57079633e+00 1.32962093e+00
226 8 1.57079633e+00 1.33654325e+00
227 8 1.57079633e+00 1.33097821e+00
228 8 1.57079633e+00 1.32995502e+00
229 8 1.57079633e+00 1.33739136e+00
230 8 1.57079633e+00 1.32728048e+00
231 8 1.57079633e+00 1.32847587e+00
232 8 1.57079633e+00 1.33015596e+00
233 8 1.57079633e+00 1.33779425e+00
234 8 1.57079633e+00 1.33186643e+00
235 8 1.57079633e+00 1.33318418e+00
236 8 1.57079633e+00 1.32935807e+00
237 8 1.57079633e+00 1.33561425e+00
238 8 1.57079633e+00 1.32817533e+00
239 8 1.57079633e+00 1.32902704e+00
240 8 1.57079633e+00 1.33555540e+00
241 8 1.57079633e+00 1.32848000e+00
242 8 1.57079633e+00 1.33399541e+00
243 8 1.57079633e+00 1.33974819e+00
244 8 1.57079633e+00 1.33001433e+00
245 8 1.57079633e+00 1.33846283e+00
246 8 1.57079633e+00 1.33458448e+00
247 8 1.57079633e+00 1.32531948e+00
248 8 1.57079633e+00 1.33426978e+00
249 8 1.57079633e+00 1.33410029e+00
250 8 1.57079633e+00 1.34099384e+00
251 8 1.57079633e+00 1.33714012e+00
252 8 1.57079633e+00 1.33474664e+00
253 8 1.57079633e+00 1.33596107e+00
254 8 1.57079633e+00 1.34388119e+00
255 8 1.57079633e+00 1.33421817e+00
256 8 1.57079633e+00 1.33150986e+00
257 8 1.57079633e+00 1.32105751e+00
258 8 1.57079633e+00 1.33820407e+00
259 8 1.57079633e+00 1.33832915e+00
260 8 1.57079633e+00 1.33852781e+00
261 8 1.57079633e+00 1.33696659e+00
262 8 1.57079633e+00 1.33233281e+00
263 8 1.57079633e+00 1.34339532e+00
264 8 1.57079633e+00 1.34168123e+00
265 8 1.57079633e+00 1.33912906e+00
266 8 1.57079633e+00 1.33156896e+00
267 8 1.57079633e+00 1.33072009e+00
268 8 1.57079633e+00 1.33712718e+00
269 8 1.57079633e+00 1.33369377e+00
270 8 1.57079633e+00 1.32926797e+00
271 8 1.57079633e+00 1.33713804e+00
272 8 1.57079633e+00 1.33584096e+00
273 8 1.57079633e+00 1.34042779e+00
274 8 1.57079633e+00 1.33281022e+00
275 8 1.57079633e+00 1.34318754e+00
276 8 1.57079633e+00 1.33525106e+00
277 8 1.57079633e+00 1.34490850e+00
278 8 1.57079633e+00 1.32868442e+00
279 8 1.57079633e+00 1.32909631e+00
280 8 1.57079633e+00 1.33899374e+00
281 8 1.57079633e+00 1.33851183e+00
282 8 1.57079633e+00 1.33321834e+00
283 8 1.57079633e+00 1.32630725e+00
284 8 1.57079633e+00 1.32852569e+00
285 8 1.57079633e+00 1.34491022e+00
286 8 1.57079633e+00 1.35155480e+00
287 8 1.57079633e+00 1.32743471e+00
288 8 1.57079633e+00 1.33762790e+00
289 8 1.57079633e+00 1.33201357e+00
290 8 1.57079633e+00 1.33589875e+00
291 8 1.57079633e+00 1.32865050e+00
292 8 1.57079633e+00 1.34592517e+00
293 8 1.57079633e+00 1.33717643e+00
294 8 1.57079633e+00 1.34130161e+00
295 8 1.57079633e+00 1.33989294e+00
296 8 1.57079633e+00 1.33598053e+00
297 8 1.57079633e+00 1.33553180e+00
298 8 1.57079633e+00 1.33628946e+00
299 8 1.57079633e+00 1.33183979e+00
300 8 1.57079633e+00 1.32912144e+00
301 8 1.57079633e+00 1.33159387e+00
302 8 1.57079633e+00 1.32787091e+00
303 8 1.57079633e+00 1.32381585e+00
304 8 1.57079633e+00 1.32906984e+00
305 8 1.57079633e+00 1.32393944e+00
306 8 1.57079633e+00 1.32620866e+00
307 8 1.57079633e+00 1.33101726e+00
308 8 1.57079633e+00 1.33013401e+00
309 8 1.57079633e+00 1.33633074e+00
310 8 1.57079633e+00 1.33832802e+00
311 8 1.57079633e+00 1.33487203e+00
312 8 1.57079633e+00 1.35052832e+00
313 8 1.57079633e+00 1.33249412e+00
314 8 1.57079633e+00 1.33164477e+00
315 8 1.57079633e+00 1.32859631e+00
316 8 1.57079633e+00 1.33672227e+00
317 8 1.57079633e+00 1.33843525e+00
318 8 1.57079633e+00 1.33225702e+00
319 8 1.57079633e+00 1.33867494e+00
320 8 1.57079633e+00 1.33793855e+00
321 8 1.57079633e+00 1.33439940e+00
322 8 1.57079633e+00 1.34146637e+00
323 8 1.57079633e+00 1.32924744e+00
324 8 1.57079633e+00 1.34295810e+00
325 8 1.57079633e+00 1.32962113e+00
326 8 1.57079633e+00 1.33557627e+00
327 8 1.57079633e+00 1.33303207e+00
328 8 1.57079633e+00 1.32395595e+00
329 8 1.57079633e+00 1.33683090e+00
330 8 1.57079633e+00 1.33816761e+00
331 8 1.57079633e+00 1.32861634e+00
332 8 1.57079633e+00 1.33175867e+00
333 8 1.57079633e+00 1.33672147e+00
334 8 1.57079633e+00 1.33356606e+00
335 8 1.57079633e+00 1.34070528e+00
336 8 1.57079633e+00 1.33121119e+00
337 8 1.57079633e+00 1.33036397e+00
338 8 1.57079633e+00 1.34230233e+00
339 8 1.57079633e+00 1.33731826e+00
340 8 1.57079633e+00 1.33952535e+00
341 8 1.57079633e+00 1.33168962e+00
342 8 1.57079633e+00 1.33519491e+00
343 8 1.57079633e+00 1.32774303e+00
344 8 1.57079633e+00 1.32587902e+00
345 8 1.57079633e+00 1.33378942e+00
346 8 1.57079633e+00 1.33705451e+00
347 8 1.57079633e+00 1.33733486e+00
348 8 1.57079633e+00 1.33334092e+00
349 8 1.57079633e+00 1.32748547e+00
350 8 1.57079633e+00 1.32858272e+00
351 8 1.57079633e+00 1.33860160e+00
352 8 1.57079633e+00 1.32434132e+00
353 8 1.57079633e+00 1.34889081e+00
354 8 1.57079633e+00 1.34462304e+00
355 8 1.57079633e+00 1.33535320e+00
356 8 1.57079633e+00 1.33197264e+00
357 8 1.57079633e+00 1.33375884e+00
358 8 1.57079633e+00 1.33187764e+00
359 8 1.57079633e+00 1.32926834e+00
360 8 1.57079633e+00 1.33390975e+00
361 8 1.57079633e+00 1.32629857e+00
362 8 1.57079633e+00 1.33660466e+00
363 8 1.57079633e+00 1.32775458e+00
364 8 1.57079633e+00 1.33616504e+00
365 8 1.57079633e+00 1.33849058e+00
366 8 1.57079633e+00 1.32885920e+00
367 8 1.57079633e+00 1.33985538e+00
368 8 1.57079633e+00 1.33726905e+00
369 8 1.57079633e+00 1.33299416e+00
370 8 1.57079633e+00 1.34043543e+00
371 8 1.57079633e+00 1.32575360e+00
372 8 1.57079633e+00 1.33462074e+00
373 8 1.57079633e+00 1.33440119e+00
374 8 1.57079633e+00 1.34301902e+00
375 8 1.57079633e+00 1.32984188e+00
376 8 1.57079633e+00 1.33155658e+00
377 8 1.57079633e+00 1.32886716e+00
378 8 1.57079633e+00 1.33512477e+00
379 8 1.57079633e+00 1.34473519e+00
380 8 1.57079633e+00 1.33921630e+00
381 8 1.57079633e+00 1.33887678e+00
382 8 1.57079633e+00 1.33910932e+00
383 8 1.57079633e+00 1.33509570e+00
384 8 1.57079633e+00 1.32447375e+00
385 8 1.57079633e+00 1.33260735e+00
386 8 1.57079633e+00 1.33870211e+00
387 8 1.57079633e+00 1.33708110e+00
388 8 1.57079633e+00 1.33440998e+00
389 8 1.57079633e+00 1.33895561e+00
390 8 1.57079633e+00 1.33019941e+00
391 8 1.57079633e+00 1.32971444e+00
392 8 1.57079633e+00 1.33392915e+00
393 8 1.57079633e+00 1.33121059e+00
394 8 1.57079633e+00 1.33058964e+00
395 8 1.57079633e+00 1.33537601e+00
396 8 1.57079633e+00 1.33882231e+00
397 8 1.57079633e+00 1.33399611e+00
398 8 1.57079633e+00 1.33990245e+00
399 8 1.57079633e+00 1.33176772e+00
400 8 1.57079633e+00 1.33145362e+00
401 8 1.57079633e+00 1.33806979e+00
402 8 1.57079633e+00 1.33117525e+00
403 8 1.57079633e+00 1.32183832e+00
404 8 1.57079633e+00 1.32920354e+00
405 8 1.57079633e+00 1.34211718e+00
406 8 1.57079633e+00 1.33475885e+00
407 8 1.57079633e+00 1.32705280e+00
408 8 1.57079633e+00 1.32963040e+00
409 8 1.57079633e+00 1.34137080e+00
410 8 1.57079633e+00 1.33518433e+00
411 8 1.57079633e+00 1.32116550e+00
412 8 1.57079633e+00 1.32348388e+00
413 8 1.57079633e+00 1.33057039e+00
414 8 1.57079633e+00 1.33733477e+00
415 8 1.57079633e+00 1.33807104e+00
416 8 1.57079633e+00 1.32903662e+00
417 8 1.57079633e+00 1.33458915e+00
418 8 1.57079633e+00 1.33410949e+00
419 8 1.57079633e+00 1.34411401e+00
420 8 1.57079633e+00 1.33599024e+00
421 8 1.57079633e+00 1.33647765e+00
422 8 1.57079633e+00 1.33727341e+00
423 8 1.57079633e+00 1.32516815e+00
424 8 1.57079633e+00 1.32159709e+00
425 8 1.57079633e+00 1.33664199e+00
426 8 1.57079633e+00 1.33271517e+00
427 8 1.57079633e+00 1.34051384e+00
428 8 1.57079633e+00 1.33326225e+00
429 8 1.57079633e+00 1.33254635e+00
430 8 1.57079633e+00 1.33882847e+00
431 8 1.57079633e+00 1.33825644e+00
432 8 1.57079633e+00 1.34038083e+00
433 8 1.57079633e+00 1.33962346e+00
434 8 1.57079633e+00 1.33795232e+00
435 8 1.57079633e+00 1.33840306e+00
436 8 1.57079633e+00 1.32839180e+00
437 8 1.57079633e+00 1.33744499e+00
438 8 1.57079633e+00 1.33459536e+00
439 8 1.57079633e+00 1.33892682e+00
440 8 1.57079633e+00 1.33827874e+00
441 8 1.57079633e+00 1.33440391e+00
442 8 1.57079633e+00 1.32606097e+00
443 8 1.57079633e+00 1.33050832e+00
444 8 1.57079633e+00 1.33383165e+00
445 8 1.57079633e+00 1.32452817e+00
446 8 1.57079633e+00 1.34406395e+00
447 8 1.57079633e+00 1.32969174e+00
448 8 1.57079633e+00 1.33582402e+00
449 8 1.57079633e+00 1.32912863e+00
450 8 1.57079633e+00 1.32945387e+00
451 8 1.57079633e+00 1.33235062e+00
452 8 1.57079633e+00 1.33231121e+00
453 8 1.57079633e+00 1.33539275e+00
454 8 1.57079633e+00 1.33132110e+00
455 8 1.57079633e+00 1.32962353e+00
456 8 1.57079633e+00 1.33216136e+00
457 8 1.57079633e+00 1.34289000e+00
458 8 1.57079633e+00 1.33556867e+00
459 8 1.57079633e+00 1.34693858e+00
460 8 1.57079633e+00 1.33639463e+00
461 8 1.57079633e+00 1.33406649e+00
462 8 1.57079633e+00 1.33576352e+00
463 8 1.57079633e+00 1.34057394e+00
464 8 1.57079633e+00 1.32831590e+00
465 8 1.57079633e+00 1.33476726e+00
466 8 1.57079633e+00 1.33715204e+00
467 8 1.57079633e+00 1.34016421e+00
468 8 1.57079633e+00 1.33649715e+00
469 8 1.57079633e+00 1.33666268e+00
470 8 1.57079633e+00 1.32502731e+00
471 8 1.57079633e+00 1.33622866e+00
472 8 1.57079633e+00 1.32785917e+00
473 8 1.57079633e+00 1.33641848e+00
474 8 1.57079633e+00 1.33264608e+00
475 8 1.57079633e+00 1.33407095e+00
476 8 1.57079633e+00 1.33218801e+00
477 8 1.57079633e+00 1.33968089e+00
478 8 1.57079633e+00 1.32783947e+00
479 8 1.57079633e+00 1.32576921e+00
480 8 1.57079633e+00 1.33085584e+00
481 8 1.57079633e+00 1.34311886e+00
482 8 1.57079633e+00 1.31814024e+00
483 8 1.57079633e+00 1.33736872e+00
484 8 1.57079633e+00 1.33114485e+00
485 8 1.57079633e+00 1.33610576e+00
486 8 1.57079633e+00 1.33635703e+00
487 8 1.57079633e+00 1.33433418e+00
488 8 1.57079633e+00 1.33858947e+00
489 8 1.57079633e+00 1.33444859e+00
490 8 1.57079633e+00 1.34073685e+00
491 8 1.57079633e+00 1.33301537e+00
492 8 1.57079633e+00 1.33776643e+00
493 8 1.57079633e+00 1.33652230e+00
494 8 1.57079633e+00 1.33309069e+00
495 8 1.57079633e+00 1.33411680e+00
496 8 1.57079633e+00 1.33142333e+00
497 8 1.57079633e+00 1.32948348e+00
498 8 1.57079633e+00 1.33172987e+00
499 8 1.57079633e+00 1.33709332e+00
500 8 1.57079633e+00 1.32867985e+00
501 8 1.57079633e+00 1.33206779e+00
502 8 1.57079633e+00 1.33648921e+00
503 8 1.57079633e+00 1.33308867e+00
504 8 1.57079633e+00 1.33532994e+00
505 8 1.57079633e+00 1.33392351e+00
506 8 1.57079633e+00 1.33225507e+00
507 8 1.57079633e+00 1.32410877e+00
508 8 1.57079633e+00 1.34525553e+00
509 8 1.57079633e+00 1.33837165e+00
510 8 1.57079633e+00 1.33661864e+00
511 8 1.57079633e+00 1.33606851e+00
512 8 1.57079633e+00 1.33479711e+00
513 8 1.57079633e+00 1.33963111e+00
514 8 1.57079633e+00 1.33203397e+00
515 8 1.57079633e+00 1.32881174e+00
516 8 1.57079633e+00 1.33200655e+00
517 8 1.57079633e+00 1.34189788e+00
518 8 1.57079633e+00 1.32248491e+00
519 8 1.57079633e+00 1.32573737e+00
520 8 1.57079633e+00 1.34443067e+00
521 8 1.57079633e+00 1.32758514e+00
522 8 1.57079633e+00 1.32727882e+00
523 8 1.57079633e+00 1.33788150e+00
524 8 1.57079633e+00 1.33770196e+00
525 8 1.57079633e+00 1.33490732e+00
526 8 1.57079633e+00 1.35302542e+00
527 8 1.57079633e+00 1.32898502e+00
528 8 1.57079633e+00 1.33680829e+00
529 8 1.57079633e+00 1.34360275e+00
530 8 1.57079633e+00 1.33224619e+00
531 8 1.57079633e+00 1.32845499e+00
532 8 1.57079633e+00 1.32988295e+00
533 8 1.57079633e+00 1.33620694e+00
534 8 1.57079633e+00 1.33722670e+00
535 8 1.57079633e+00 1.33345527e+00
536 8 1.57079633e+00 1.33906611e+00
537 8 1.57079633e+00 1.33353578e+00
538 8 1.57079633e+00 1.33659962e+00
539 8 1.57079633e+00 1.34534938e+00
540 8 1.57079633e+00 1.33501965e+00
541 8 1.57079633e+00 1.32800349e+00
542 8 1.57079633e+00 1.33001634e+00
543 8 1.57079633e+00 1.32867862e+00
544 8 1.57079633e+00 1.33969890e+00
545 8 1.57079633e+00 1.33526872e+00
546 8 1.57079633e+00 1.33320886e+00
547 8 1.57079633e+00 1.32551625e+00
548 8 1.57079633e+00 1.33644504e+00
549 8 1.57079633e+00 1.33225436e+00
550 8 1.57079633e+00 1.33860398e+00
551 8 1.57079633e+00 1.34347497e+00
552 8 1.57079633e+00 1.33580505e+00
553 8 1.57079633e+00 1.33725880e+00
554 8 1.57079633e+00 1.33644020e+00
555 8 1.57079633e+00 1.34397957e+00
556 8 1.57079633e+00 1.33930316e+00
557 8 1.57079633e+00 1.32754449e+00
558 8 1.57079633e+00 1.33673491e+00
559 8 1.57079633e+00 1.34683537e+00
560 8 1.57079633e+00 1.33649400e+00
561 8 1.57079633e+00 1.33287905e+00
562 8 1.57079633e+00 1.32746338e+00
563 8 1.57079633e+00 1.33651366e+00
564 8 1.57079633e+00 1.32944004e+00
565 8 1.57079633e+00 1.33281984e+00
566 8 1.57079633e+00 1.34303276e+00
567 8 1.57079633e+00 1.33864682e+00
568 8 1.57079633e+00 1.32992352e+00
569 8 1.57079633e+00 1.33502886e+00
570 8 1.57079633e+00 1.33835080e+00
571 8 1.57079633e+00 1.33299417e+00
572 8 1.57079633e+00 1.32341602e+00
573 8 1.57079633e+00 1.33306305e+00
574 8 1.57079633e+00 1.33619965e+00
575 8 1.57079633e+00 1.34170951e+00
576 8 1.57079633e+00 1.33830105e+00
577 8 1.57079633e+00 1.33299115e+00
578 8 1.57079633e+00 1.33304171e+00
579 8 1.57079633e+00 1.33867894e+00
580 8 1.57079633e+00 1.33104212e+00
581 8 1.57079633e+00 1.32464846e+00
582 8 1.57079633e+00 1.33707367e+00
583 8 1.57079633e+00 1.33413330e+00
584 8 1.57079633e+00 1.34149232e+00
585 8 1.57079633e+00 1.33478571e+00
586 8 1.57079633e+00 1.33888418e+00
587 8 1.57079633e+00 1.33684754e+00
588 8 1.57079633e+00 1.33891752e+00
589 8 1.57079633e+00 1.32747625e+00
590 8 1.57079633e+00 1.34343456e+00
591 8 1.57079633e+00 1.33228795e+00
592 8 1.57079633e+00 1.33652329e+00
593 8 1.57079633e+00 1.33602816e+00
594 8 1.57079633e+00 1.33731740e+00
595 8 1.57079633e+00 1.33814604e+00
596 8 1.57079633e+00 1.33794833e+00
597 8 1.57079633e+00 1.33605350e+00
598 8 1.57079633e+00 1.33529534e+00
599 8 1.57079633e+00 1.33412768e+00
600 8 1.57079633e+00 1.33165145e+00
601 8 1.57079633e+00 1.33931590e+00
602 8 1.57079633e+00 1.33070532e+00
603 8 1.57079633e+00 1.33460169e+00
604 8 1.57079633e+00 1.33117126e+00
605 8 1.57079633e+00 1.33313492e+00
606 8 1.57079633e+00 1.34197440e+00
607 8 1.57079633e+00 1.33140702e+00
608 8 1.57079633e+00 1.32681725e+00
609 8 1.57079633e+00 1.33540642e+00
610 8 1.57079633e+00 1.33821361e+00
611 8 1.57079633e+00 1.33434876e+00
612 8 1.57079633e+00 1.33392139e+00
613 8 1.57079633e+00 1.34231022e+00
614 8 1.57079633e+00 1.33294555e+00
615 8 1.57079633e+00 1.33962303e+00
616 8 1.57079633e+00 1.34056637e+00
617 8 1.57079633e+00 1.34182482e+00
618 8 1.57079633e+00 1.33750127e+00
619 8 1.57079633e+00 1.33873631e+00
620 8 1.57079633e+00 1.33652233e+00
621 8 1.57079633e+00 1.32550473e+00
622 8 1.57079633e+00 1.33788270e+00
623 8 1.57079633e+00 1.33206294e+00
624 8 1.57079633e+00 1.33755982e+00
625 8 1.57079633e+00 1.33521734e+00
626 8 1.57079633e+00 1.32896963e+00
627 8 1.57079633e+00 1.33335862e+00
628 8 1.57079633e+00 1.34290857e+00
629 8 1.57079633e+00 1.34301160e+00
630 8 1.57079633e+00 1.32709586e+00
631 8 1.57079633e+00 1.33526603e+00
632 8 1.57079633e+00 1.33134195e+00
633 8 1.57079633e+00 1.33443601e+00
634 8 1.57079633e+00 1.34167400e+00
635 8 1.57079633e+00 1.33401519e+00
636 8 1.57079633e+00 1.33064459e+00
637 8 1.57079633e+00 1.33697459e+00
638 8 1.57079633e+00 1.33360609e+00
639 8 1.57079633e+00 1.33227363e+00
640 8 1.57079633e+00 1.33210609e+00
641 8 1.57079633e+00 1.34530689e+00
642 8 1.57079633e+00 1.34321666e+00
643 8 1.57079633e+00 1.32863339e+00
644 8 1.57079633e+00 1.33743491e+00
645 8 1.57079633e+00 1.32237447e+00
646 8 1.57079633e+00 1.33140406e+00
647 8 1.57079633e+00 1.33826878e+00
648 8 1.57079633e+00 1.33831547e+00
649 8 1.57079633e+00 1.32383714e+00
650 8 1.57079633e+00 1.33113745e+00
651 8 1.57079633e+00 1.33815139e+00
652 8 1.57079633e+00 1.32235119e+00
653 8 1.57079633e+00 1.33333052e+00
654 8 1.57079633e+00 1.32914854e+00
655 8 1.57079633e+00 1.32468998e+00
656 8 1.57079633e+00 1.32677934e+00
657 8 1.57079633e+00 1.32171258e+00
658 8 1.57079633e+00 1.33235726e+00
659 8 1.57079633e+00 1.33788035e+00
660 8 1.57079633e+00 1.34296473e+00
661 8 1.57079633e+00 1.33683553e+00
662 8 1.57079633e+00 1.33255748e+00
663 8 1.57079633e+00 1.32961916e+00
664 8 1.57079633e+00 1.33814831e+00
665 8 1.57079633e+00 1.33884477e+00
666 8 1.57079633e+00 1.33264886e+00
667 8 1.57079633e+00 1.33103290e+00
668 8 1.57079633e+00 1.32886323e+00
669 8 1.57079633e+00 1.34512727e+00
670 8 1.57079633e+00 1.33488632e+00
671 8 1.57079633e+00 1.33769646e+00
672 8 1.57079633e+00 1.34411816e+00
673 8 1.57079633e+00 1.34925561e+00
674 8 1.57079633e+00 1.33026923e+00
675 8 1.57079633e+00 1.34426883e+00
676 8 1.57079633e+00 1.33989770e+00
677 8 1.57079633e+00 1.33816425e+00
678 8 1.57079633e+00 1.33779912e+00
679 8 1.57079633e+00 1.34247133e+00
680 8 1.57079633e+00 1.34067284e+00
681 8 1.57079633e+00 1.33843683e+00
682 8 1.57079633e+00 1.34223106e+00
683 8 1.57079633e+00 1.33563918e+00
684 8 1.57079633e+00 1.32933393e+00
685 8 1.57079633e+00 1.32428281e+00
686 8 1.57079633e+00 1.33190917e+00
687 8 1.57079633e+00 1.33455319e+00
688 8 1.57079633e+00 1.33510645e+00
689 8 1.57079633e+00 1.33363579e+00
690 8 1.57079633e+00 1.34044858e+00
691 8 1.57079633e+00 1.34710954e+00
692 8 1.57079633e+00 1.34243748e+00
693 8 1.57079633e+00 1.33584174e+00
694 8 1.57079633e+00 1.33871185e+00
695 8 1.57079633e+00 1.33576620e+00
696 8 1.57079633e+00 1.33559821e+00
697 8 1.57079633e+00 1.33901656e+00
698 8 1.57079633e+00 1.32445620e+00
699 8 1.57079633e+00 1.32972357e+00
700 8 1.57079633e+00 1.33156855e+00
701 8 1.57079633e+00 1.32455073e+00
702 8 1.57079633e+00 1.33286760e+00
703 8 1.57079633e+00 1.34010230e+00
704 8 1.57079633e+00 1.33124656e+00
705 8 1.57079633e+00 1.34240099e+00
706 8 1.57079633e+00 1.34435841e+00
707 8 1.57079633e+00 1.33085877e+00
708 8 1.57079633e+00 1.33370189e+00
709 8 1.57079633e+00 1.33928688e+00
710 8 1.57079633e+00 1.33963126e+00
711 8 1.57079633e+00 1.33331977e+00
712 8 1.57079633e+00 1.33528049e+00
713 8 1.57079633e+00 1.33387873e+00
714 8 1.57079633e+00 1.33214096e+00
715 8 1.57079633e+00 1.33833383e+00
716 8 1.57079633e+00 1.33897320e+00
717 8 1.57079633e+00 1.33752103e+00
718 8 1.57079633e+00 1.33566087e+00
719 8 1.57079633e+00 1.33879484e+00
720 8 1.57079633e+00 1.34325914e+00
721 8 1.57079633e+00 1.34698951e+00
722 8 1.57079633e+00 1.32799883e+00
723 8 1.57079633e+00 1.33305486e+00
724 8 1.57079633e+00 1.32727374e+00
725 8 1.57079633e+00 1.34225202e+00
726 8 1.57079633e+00 1.33578964e+00
727 8 1.57079633e+00 1.32235034e+00
728 8 1.57079633e+00 1.33235033e+00
729 8 1.57079633e+00 1.33334610e+00
730 8 1.57079633e+00 1.33562573e+00
731 8 1.57079633e+00 1.32935906e+00
732 8 1.57079633e+00 1.34096102e+00
733 8 1.57079633e+00 1.33361370e+00
734 8 1.57079633e+00 1.33106584e+00
735 8 1.57079633e+00 1.34469881e+00
736 8 1.57079633e+00 1.32444266e+00
737 8 1.57079633e+00 1.33388842e+00
738 8 1.57079633e+00 1.33288223e+00
739 8 1.57079633e+00 1.34382085e+00
740 8 1.57079633e+00 1.33687873e+00
741 8 1.57079633e+00 1.32514164e+00
742 8 1.57079633e+00 1.33816258e+00
743 8 1.57079633e+00 1.33876721e+00
744 8 1.57079633e+00 1.33365824e+00
745 8 1.57079633e+00 1.32685380e+00
746 8 1.57079633e+00 1.34474274e+00
747 8 1.57079633e+00 1.32512071e+00
748 8 1.57079633e+00 1.33920028e+00
749 8 1.57079633e+00 1.34247314e+00
750 8 1.57079633e+00 1.32871146e+00
751 8 1.57079633e+00 1.33754450e+00
752 8 1.57079633e+00 1.34044286e+00
753 8 1.57079633e+00 1.33453018e+00
754 8 1.57079633e+00 1.32935668e+00
755 8 1.57079633e+00 1.33211733e+00
756 8 1.57079633e+00 1.33093298e+00
757 8 1.57079633e+00 1.32285344e+00
758 8 1.57079633e+00 1.33199834e+00
759 8 1.57079633e+00 1.33811664e+00
760 8 1.57079633e+00 1.31916662e+00
761 8 1.57079633e+00 1.33810167e+00
762 8 1.57079633e+00 1.34226454e+00
763 8 1.57079633e+00 1.33280709e+00
764 8 1.57079633e+00 1.34318618e+00
765 8 1.57079633e+00 1.32823655e+00
766 8 1.57079633e+00 1.32203390e+00
767 8 1.57079633e+00 1.32981631e+00
768 8 1.57079633e+00 1.33393071e+00
769 8 1.57079633e+00 1.33054439e+00
770 8 1.57079633e+00 1.32859283e+00
771 8 1.57079633e+00 1.33231300e+00
772 8 1.57079633e+00 1.33764875e+00
773 8 1.57079633e+00 1.34555608e+00
774 8 1.57079633e+00 1.33235676e+00
775 8 1.57079633e+00 1.33042630e+00
776 8 1.57079633e+00 1.32937639e+00
777 8 1.57079633e+00 1.32403850e+00
778 8 1.57079633e+00 1.33846300e+00
779 8 1.57079633e+00 1.33587589e+00
780 8 1.57079633e+00 1.33222882e+00
781 8 1.57079633e+00 1.34012703e+00
782 8 1.57079633e+00 1.33399528e+00
783 8 1.57079633e+00 1.33341402e+00
784 8 1.57079633e+00 1.33739319e+00
785 8 1.57079633e+00 1.33453989e+00
786 8 1.57079633e+00 1.33117624e+00
787 8 1.57079633e+00 1.33469486e+00
788 8 1.57079633e+00 1.33246990e+00
789 8 1.57079633e+00 1.33869151e+00
790 8 1.57079633e+00 1.33158186e+00
791 8 1.57079633e+00 1.33869024e+00
792 8 1.57079633e+00 1.33468646e+00
793 8 1.57079633e+00 1.33735957e+00
794 8 1.57079633e+00 1.33164661e+00
795 8 1.57079633e+00 1.34654250e+00
796 8 1.57079633e+00 1.32872825e+00
797 8 1.57079633e+00 1.33402773e+00
798 8 1.57079633e+00 1.34310893e+00
799 8 1.57079633e+00 1.32712066e+00
800 8 1.57079633e+00 1.33422953e+00
801 8 1.57079633e+00 1.33877878e+00
802 8 1.57079633e+00 1.33289452e+00
803 8 1.57079633e+00 1.34910787e+00
804 8 1.57079633e+00 1.32475564e+00
805 8 1.57079633e+00 1.32987891e+00
806 8 1.57079633e+00 1.33907278e+00
807 8 1.57079633e+00 1.33927161e+00
808 8 1.57079633e+00 1.34337444e+00
809 8 1.57079633e+00 1.33204782e+00
810 8 1.57079633e+00 1.33649584e+00
811 8 1.57079633e+00 1.33670946e+00
812 8 1.57079633e+00 1.33177299e+00
813 8 1.57079633e+00 1.33335654e+00
814 8 1.57079633e+00 1.33299686e+00
815 8 1.57079633e+00 1.32873830e+00
816 8 1.57079633e+00 1.33646473e+00
817 8 1.57079633e+00 1.33817941e+00
818 8 1.57079633e+00 1.33755943e+00
819 8 1.57079633e+00 1.32727342e+00
820 8 1.57079633e+00 1.33427897e+00
821 8 1.57079633e+00 1.32874277e+00
822 8 1.57079633e+00 1.33607879e+00
823 8 1.57079633e+00 1.34428842e+00
824 8 1.57079633e+00 1.32965201e+00
825 8 1.57079633e+00 1.33504205e+00
826 8 1.57079633e+00 1.33829121e+00
827 8 1.57079633e+00 1.32942318e+00
828 8 1.57079633e+00 1.32830152e+00
829 8 1.57079633e+00 1.33607781e+00
830 8 1.57079633e+00 1.32947945e+00
831 8 1.57079633e+00 1.32917079e+00
832 8 1.57079633e+00 1.33555469e+00
833 8 1.57079633e+00 1.34088591e+00
834 8 1.57079633e+00 1.33463204e+00
835 8 1.57079633e+00 1.34045548e+00
836 8 1.57079633e+00 1.34304990e+00
837 8 1.57079633e+00 1.33652419e+00
838 8 1.57079633e+00 1.33773269e+00
839 8 1.57079633e+00 1.33308941e+00
840 8 1.57079633e+00 1.33260095e+00
841 8 1.57079633e+00 1.33635719e+00
842 8 1.57079633e+00 1.33952888e+00
843 8 1.57079633e+00 1.33496586e+00
844 8 1.57079633e+00 1.33021133e+00
845 8 1.57079633e+00 1.34135655e+00
846 8 1.57079633e+00 1.33551934e+00
847 8 1.57079633e+00 1.33420342e+00
848 8 1.57079633e+00 1.33244872e+00
849 8 1.57079633e+00 1.33465259e+00
850 8 1.57079633e+00 1.33753126e+00
851 8 1.57079633e+00 1.33978815e+00
852 8 1.57079633e+00 1.33461061e+00
853 8 1.57079633e+00 1.32744640e+00
854 8 1.57079633e+00 1.33540174e+00
855 8 1.57079633e+00 1.34115533e+00
856 8 1.57079633e+00 1.33795496e+00
857 8 1.57079633e+00 1.32649915e+00
858 8 1.57079633e+00 1.34364890e+00
859 8 1.57079633e+00 1.33630231e+00
860 8 1.57079633e+00 1.33635496e+00
861 8 1.57079633e+00 1.33119402e+00
862 8 1.57079633e+00 1.33681111e+00
863 8 1.57079633e+00 1.33233526e+00
864 8 1.57079633e+00 1.32905047e+00
865 8 1.57079633e+00 1.33932900e+00
866 8 1.57079633e+00 1.33123397e+00
867 8 1.57079633e+00 1.34411638e+00
868 8 1.57079633e+00 1.33823012e+00
869 8 1.57079633e+00 1.33664138e+00
870 8 1.57079633e+00 1.32411606e+00
871 8 1.57079633e+00 1.33054165e+00
872 8 1.57079633e+00 1.33372000e+00
873 8 1.57079633e+00 1.33758291e+00
874 8 1.57079633e+00 1.33342911e+00
875 8 1.57079633e+00 1.33133079e+00
876 8 1.57079633e+00 1.33458380e+00
877 8 1.57079633e+00 1.33010537e+00
878 8 1.57079633e+00 1.32841254e+00
879 8 1.57079633e+00 1.32575645e+00
880 8 1.57079633e+00 1.33771836e+00
881 8 1.57079633e+00 1.34041802e+00
882 8 1.57079633e+00 1.33047038e+00
883 8 1.57079633e+00 1.33718847e+00
884 8 1.57079633e+00 1.32770457e+00
885 8 1.57079633e+00 1.33818025e+00
886 8 1.57079633e+00 1.33414556e+00
887 8 1.57079633e+00 1.32553399e+00
888 8 1.57079633e+00 1.33197005e+00
889 8 1.57079633e+00 1.34290137e+00
890 8 1.57079633e+00 1.32608983e+00
891 8 1.57079633e+00 1.33188518e+00
892 8 1.57079633e+00 1.32432204e+00
893 8 1.57079633e+00 1.32765813e+00
894 8 1.57079633e+00 1.33599827e+00
895 8 1.57079633e+00 1.34219200e+00
896 8 1.57079633e+00 1.33535899e+00
897 8 1.57079633e+00 1.34205694e+00
898 8 1.57079633e+00 1.32526230e+00
899 8 1.57079633e+00 1.33842494e+00
900 8 1.57079633e+00 1.31948928e+00
901 8 1.57079633e+00 1.34085852e+00
902 8 1.57079633e+00 1.33933261e+00
903 8 1.57079633e+00 1.33317220e+00
904 8 1.57079633e+00 1.33542050e+00
905 8 1.57079633e+00 1.33408514e+00
906 8 1.57079633e+00 1.34268904e+00
907 8 1.57079633e+00 1.33496249e+00
908 8 1.57079633e+00 1.33873930e+00
909 8 1.57079633e+00 1.34333823e+00
910 8 1.57079633e+00 1.33349280e+00
911 8 1.57079633e+00 1.34012718e+00
912 8 1.57079633e+00 1.33736784e+00
913 8 1.57079633e+00 1.34026950e+00
914 8 1.57079633e+00 1.33388398e+00
915 8 1.57079633e+00 1.32768962e+00
916 8 1.57079633e+00 1.33948827e+00
917 8 1.57079633e+00 1.33006097e+00
918 8 1.57079633e+00 1.34015829e+00
919 8 1.57079633e+00 1.32949198e+00
920 8 1.57079633e+00 1.33507691e+00
921 8 1.57079633e+00 1.32655838e+00
922 8 1.57079633e+00 1.33628573e+00
923 8 1.57079633e+00 1.33415042e+00
924 8 1.57079633e+00 1.33335527e+00
925 8 1.57079633e+00 1.32649021e+00
926 8 1.57079633e+00 1.33305764e+00
927 8 1.57079633e+00 1.33541277e+00
928 8 1.57079633e+00 1.33005707e+00
929 8 1.57079633e+00 1.33591807e+00
930 8 1.57079633e+00 1.34466338e+00
931 8 1.57079633e+00 1.34471722e+00
932 8 1.57079633e+00 1.32997686e+00
933 8 1.57079633e+00 1.32755200e+00
934 8 1.57079633e+00 1.33170861e+00
935 8 1.57079633e+00 1.33481540e+00
936 8 1.57079633e+00 1.32680432e+00
937 8 1.57079633e+00 1.34673992e+00
938 8 1.57079633e+00 1.33745431e+00
939 8 1.57079633e+00 1.33159910e+00
940 8 1.57079633e+00 1.33715654e+00
941 8 1.57079633e+00 1.32939512e+00
942 8 1.57079633e+00 1.32935296e+00
943 8 1.57079633e+00 1.34095715e+00
944 8 1.57079633e+00 1.34122762e+00
945 8 1.57079633e+00 1.33894749e+00
946 8 1.57079633e+00 1.33100028e+00
947 8 1.57079633e+00 1.33585795e+00
948 8 1.57079633e+00 1.33280907e+00
949 8 1.57079633e+00 1.33717156e+00
950 8 1.57079633e+00 1.32959522e+00
951 8 1.57079633e+00 1.33995966e+00
952 8 1.57079633e+00 1.32282091e+00
953 8 1.57079633e+00 1.34053552e+00
954 8 1.57079633e+00 1.33511947e+00
955 8 1.57079633e+00 1.33237511e+00
956 8 1.57079633e+00 1.33108897e+00
957 8 1.57079633e+00 1.33894500e+00
958 8 1.57079633e+00 1.33489063e+00
959 8 1.57079633e+00 1.32955698e+00
960 8 1.57079633e+00 1.33489976e+00
961 8 1.57079633e+00 1.34152033e+00
962 8 1.57079633e+00 1.33592823e+00
963 8 1.57079633e+00 1.33087474e+00
964 8 1.57079633e+00 1.32892914e+00
965 8 1.57079633e+00 1.34387405e+00
966 8 1.57079633e+00 1.33554806e+00
967 8 1.57079633e+00 1.32603092e+00
968 8 1.57079633e+00 1.33311050e+00
969 8 1.57079633e+00 1.32729878e+00
970 8 1.57079633e+00 1.34282655e+00
971 8 1.57079633e+00 1.33071443e+00
972 8 1.57079633e+00 1.34010498e+00
973 8 1.57079633e+00 1.33655844e+00
974 8 1.57079633e+00 1.32701651e+00
975 8 1.57079633e+00 1.35137864e+00
976 8 1.57079633e+00 1.33235566e+00
977 8 1.57079633e+00 1.33663903e+00
978 8 1.57079633e+00 1.32941031e+00
979 8 1.57079633e+00 1.33121067e+00
980 8 1.57079633e+00 1.33313067e+00
981 8 1.57079633e+00 1.33117067e+00
982 8 1.57079633e+00 1.33382088e+00
983 8 1.57079633e+00 1.33882814e+00
984 8 1.57079633e+00 1.33758518e+00
985 8 1.57079633e+00 1.32848589e+00
986 8 1.57079633e+00 1.32964418e+00
987 8 1.57079633e+00 1.32232216e+00
988 8 1.57079633e+00 1.33752535e+00
989 8 1.57079633e+00 1.32850438e+00
990 8 1.57079633e+00 1.33225094e+00
991 8 1.57079633e+00 1.32392052e+00
992 8 1.57079633e+00 1.33790487e+00
993 8 1.57079633e+00 1.33866887e+00
994 8 1.57079633e+00 1.33761224e+00
995 8 1.57079633e+00 1.34789642e+00
996 8 1.57079633e+00 1.32966086e+00
997 8 1.57079633e+00 1.33312554e+00
998 8 1.57079633e+00 1.33665565e+00
999 8 1.57079633e+00 1.34314345e+00
1000 8 1.57079633e+00 1.33919861e+00
1001 8 1.57079633e+00 1.34222883e+00
1002 8 1.57079633e+00 1.32427830e+00
1003 8 1.57079633e+00 1.33645664e+00
1004 8 1.57079633e+00 1.33695209e+00
1005 8 1.57079633e+00 1.32476646e+00
1006 8 1.57079633e+00 1.34605360e+00
1007 8 1.57079633e+00 1.33314108e+00
1008 8 1.57079633e+00 1.33160822e+00
1009 8 1.57079633e+00 1.33009325e+00
1010 8 1.57079633e+00 1.33757443e+00
1011 8 1.57079633e+00 1.33604342e+00
1012 8 1.57079633e+00 1.33568970e+00
1013 8 1.57079633e+00 1.32356731e+00
1014 8 1.57079633e+00 1.33218447e+00
1015 8 1.57079633e+00 1.33903747e+00
1016 8 1.57079633e+00 1.33629817e+00
1017 8 1.57079633e+00 1.31583114e+00
1018 8 1.57079633e+00 1.33689122e+00
1019 8 1.57079633e+00 1.33390310e+00
1020 8 1.57079633e+00 1.33837362e+00
1021 8 1.57079633e+00 1.33148648e+00
1022 8 1.57079633e+00 1.33449981e+00
1023 8 1.57079633e+00 1.33899364e+00
1024 8 1.57079633e+00 1.33321452e+00
1025 8 1.57079633e+00 1.33013668e+00
0 9 1.76714587e+00 1.37780947e+00
1 9 1.76714587e+00 1.36879639e+00
2 9 1.76714587e+00 1.36668210e+00
3 9 1.76714587e+00 1.36817378e+00
4 9 1.76714587e+00 1.36794284e+00
5 9 1.76714587e+00 1.37032496e+00
6 9 1.76714587e+00 1.36158606e+00
7 9 1.76714587e+00 1.37239665e+00
8 9 1.76714587e+00 1.37001640e+00
9 9 1.76714587e+00 1.37241652e+00
10 9 1.76714587e+00 1.36735644e+00
11 9 1.76714587e+00 1.37889934e+00
12 9 1.76714587e+00 1.36828516e+00
13 9 1.76714587e+00 1.37354967e+00
14 9 1.76714587e+00 1.36715796e+00
15 9 1.76714587e+00 1.36667951e+00
16 9 1.76714587e+00 1.35987738e+00
17 9 1.76714587e+00 1.36282684e+00
18 9 1.76714587e+00 1.37595566e+00
19 9 1.76714587e+00 1.36919184e+00
20 9 1.76714587e+00 1.37360420e+00
21 9 1.76714587e+00 1.37076501e+00
22 9 1.76714587e+00 1.36930106e+00
23 9 1.76714587e+00 1.37139052e+00
24 9 1.76714587e+00 1.36528922e+00
25 9 1.76714587e+00 1.36716977e+00
26 9 1.76714587e+00 1.37536547e+00
27 9 1.76714587e+00 1.37135271e+00
28 9 1.76714587e+00 1.36425902e+00
29 9 1.76714587e+00 1.36811418e+00
30 9 1.76714587e+00 1.37465171e+00
31 9 1.76714587e+00 1.35980203e+00
32 9 1.76714587e+00 1.37053384e+00
33 9 1.76714587e+00 1.36007739e+00
34 9 1.76714587e+00 1.36605395e+00
35 9 1.76714587e+00 1.36178554e+00
36 9 1.76714587e+00 1.36455013e+00
37 9 1.76714587e+00 1.36495830e+00
38 9 1.76714587e+00 1.37185107e+00
39 9 1.76714587e+00 1.36989225e+00
40 9 1.76714587e+00 1.36556833e+00
41 9 1.76714587e+00 1.36944234e+00
42 9 1.76714587e+00 1.38645202e+00
43 9 1.76714587e+00 1.36315464e+00
44 9 1.76714587e+00 1.38713886e+00
45 9 1.76714587e+00 1.36204353e+00
46 9 1.76714587e+00 1.37844079e+00
47 9 1.76714587e+00 1.38623389e+00
48 9 1.76714587e+00 1.36900444e+00
49 9 1.76714587e+00 1.37021778e+00
50 9 1.76714587e+00 1.37188839e+00
51 9 1.76714587e+00 1.37298061e+00
52 9 1.76714587e+00 1.37062771e+00
53 9 1.76714587e+00 1.36745253e+00
54 9 1.76714587e+00 1.36665321e+00
55 9 1.76714587e+00 1.38409349e+00
56 9 1.76714587e+00 1.37412556e+00
57 9 1.76714587e+00 1.37127072e+00
58 9 1.76714587e+00 1.36627122e+00
59 9 1.76714587e+00 1.37022341e+00
60 9 1.76714587e+00 1.37855782e+00
61 9 1.76714587e+00 1.37212017e+00
62 9 1.76714587e+00 1.36358373e+00
63 9 1.76714587e+00 1.36494640e+00
64 9 1.76714587e+00 1.36936218e+00
65 9 1.76714587e+00 1.36600519e+00
66 9 1.76714587e+00 1.37582806e+00
67 9 1.76714587e+00 1.37035551e+00
68 9 1.76714587e+00 1.37018150e+00
69 9 1.76714587e+00 1.37374599e+00
70 9 1.76714587e+00 1.37635379e+00
71 9 1.76714587e+00 1.37564833e+00
72 9 1.76714587e+00 1.37093737e+00
73 9 1.76714587e+00 1.35809734e+00
74 9 1.76714587e+00 1.35907137e+00
75 9 1.76714587e+00 1.37558454e+00
76 9 1.76714587e+00 1.37838238e+00
77 9 1.76714587e+00 1.36901908e+00
78 9 1.76714587e+00 1.37888331e+00
79 9 1.76714587e+00 1.37097689e+00
80 9 1.76714587e+00 1.37208744e+00
81 9 1.76714587e+00 1.36336870e+00
82 9 1.76714587e+00 1.35754693e+00
83 9 1.76714587e+00 1.37800417e+00
84 9 1.76714587e+00 1.36878134e+00
85 9 1.76714587e+00 1.36980854e+00
86 9 1.76714587e+00 1.37383925e+00
87 9 1.76714587e+00 1.38444545e+00
88 9 1.76714587e+00 1.36906837e+00
89 9 1.76714587e+00 1.36786660e+00
90 9 1.76714587e+00 1.37534862e+00
91 9 1.76714587e+00 1.36712513e+00
92 9 1.76714587e+00 1.38294310e+00
93 9 1.76714587e+00 1.36691237e+00
94 9 1.76714587e+00 1.37251551e+00
95 9 1.76714587e+00 1.37047421e+00
96 9 1.76714587e+00 1.37602771e+00
97 9 1.76714587e+00 1.37474565e+00
98 9 1.76714587e+00 1.36715910e+00
99 9 1.76714587e+00 1.36619073e+00
100 9 1.76714587e+00 1.35872719e+00
101 9 1.76714587e+00 1.36942788e+00
102 9 1.76714587e+00 1.36162966e+00
103 9 1.76714587e+00 1.37305426e+00
104 9 1.76714587e+00 1.36803581e+00
105 9 1.76714587e+00 1.36875518e+00
106 9 1.76714587e+00 1.36601695e+00
107 9 1.76714587e+00 1.35662109e+00
108 9 1.76714587e+00 1.37862940e+00
109 9 1.76714587e+00 1.37237682e+00
110 9 1.76714587e+00 1.37160863e+00
111 9 1.76714587e+00 1.36220968e+00
112 9 1.76714587e+00 1.37416483e+00
113 9 1.76714587e+00 1.36729303e+00
114 9 1.76714587e+00 1.36954746e+00
115 9 1.76714587e+00 1.36838934e+00
116 9 1.76714587e+00 1.37532357e+00
117 9 1.76714587e+00 1.36725011e+00
118 9 1.76714587e+00 1.36111029e+00
119 9 1.76714587e+00 1.37613617e+00
120 9 1.76714587e+00 1.37277644e+00
121 9 1.76714587e+00 1.36410600e+00
122 9 1.76714587e+00 1.36934427e+00
123 9 1.76714587e+00 1.37252449e+00
124 9 1.76714587e+00 1.38045651e+00
125 9 1.76714587e+00 1.37348577e+00
126 9 1.76714587e+00 1.35573284e+00
127 9 1.76714587e+00 1.37544223e+00
128 9 1.76714587e+00 1.38005882e+00
129 9 1.76714587e+00 1.35959532e+00
130 9 1.76714587e+00 1.36623381e+00
131 9 1.76714587e+00 1.37019700e+00
132 9 1.76714587e+00 1.36484823e+00
133 9 1.76714587e+00 1.37023248e+00
134 9 1.76714587e+00 1.36064193e+00
135 9 1.76714587e+00 1.37753271e+00
136 9 1.76714587e+00 1.35710287e+00
137 9 1.76714587e+00 1.36937970e+00
138 9 1.76714587e+00 1.37782379e+00
139 9 1.76714587e+00 1.36680409e+00
140 9 1.76714587e+00 1.37981137e+00
141 9 1.76714587e+00 1.36474352e+00
142 9 1.76714587e+00 1.37042950e+00
143 9 1.76714587e+00 1.37219732e+00
144 9 1.76714587e+00 1.38294874e+00
145 9 1.76714587e+00 1.36639894e+00
146 9 1.76714587e+00 1.37469630e+00
147 9 1.76714587e+00 1.37212507e+00
148 9 1.76714587e+00 1.36349224e+00
149 9 1.76714587e+00 1.36815156e+00
150 9 1.76714587e+00 1.38091776e+00
151 9 1.76714587e+00 1.37352475e+00
152 9 1.76714587e+00 1.37827242e+00
153 9 1.76714587e+00 1.37566233e+00
154 9 1.76714587e+00 1.35773617e+00
155 9 1.76714587e+00 1.35907485e+00
156 9 1.76714587e+00 1.37259894e+00
157 9 1.76714587e+00 1.37458255e+00
158 9 1.76714587e+00 1.37057205e+00
159 9 1.76714587e+00 1.36935226e+00
160 9 1.76714587e+00 1.36463183e+00
161 9 1.76714587e+00 1.37173475e+00
162 9 1.76714587e+00 1.36728203e+00
163 9 1.76714587e+00 1.37551586e+00
164 9 1.76714587e+00 1.37529441e+00
165 9 1.76714587e+00 1.36937836e+00
166 9 1.76714587e+00 1.36834874e+00
167 9 1.76714587e+00 1.38253579e+00
168 9 1.76714587e+00 1.36609620e+00
169 9 1.76714587e+00 1.37060589e+00
170 9 1.76714587e+00 1.37286083e+00
171 9 1.76714587e+00 1.37639068e+00
172 9 1.76714587e+00 1.37512218e+00
173 9 1.76714587e+00 1.37310084e+00
174 9 1.76714587e+00 1.37808467e+00
175 9 1.76714587e+00 1.36995894e+00
176 9 1.76714587e+00 1.37738246e+00
177 9 1.76714587e+00 1.37248768e+00
178 9 1.76714587e+00 1.38062818e+00
179 9 1.76714587e+00 1.37581019e+00
180 9 1.76714587e+00 1.36300732e+00
181 9 1.76714587e+00 1.36503912e+00
182 9 1.76714587e+00 1.36784724e+00
183 9 1.76714587e+00 1.37191484e+00
184 9 1.76714587e+00 1.37028381e+00
185 9 1.76714587e+00 1.37082476e+00
186 9 1.76714587e+00 1.36585573e+00
187 9 1.76714587e+00 1.37376253e+00
188 9 1.76714587e+00 1.35612027e+00
189 9 1.76714587e+00 1.36479068e+00
190 9 1.76714587e+00 1.36617143e+00
191 9 1.76714587e+00 1.36259896e+00
192 9 1.76714587e+00 1.36425903e+00
193 9 1.76714587e+00 1.37015259e+00
194 9 1.76714587e+00 1.36842955e+00
195 9 1.76714587e+00 1.36321235e+00
196 9 1.76714587e+00 1.37230703e+00
197 9 1.76714587e+00 1.37290186e+00
198 9 1.76714587e+00 1.36934016e+00
199 9 1.76714587e+00 1.36655563e+00
200 9 1.76714587e+00 1.37500100e+00
201 9 1.76714587e+00 1.36943060e+00
202 9 1.76714587e+00 1.36745932e+00
203 9 1.76714587e+00 1.36932488e+00
204 9 1.76714587e+00 1.36131381e+00
205 9 1.76714587e+00 1.37356559e+00
206 9 1.76714587e+00 1.37614140e+00
207 9 1.76714587e+00 1.36820057e+00
208 9 1.76714587e+00 1.36957320e+00
209 9 1.76714587e+00 1.37129718e+00
210 9 1.76714587e+00 1.36214484e+00
211 9 1.76714587e+00 1.37095841e+00
212 9 1.76714587e+00 1.36812642e+00
213 9 1.76714587e+00 1.36632929e+00
214 9 1.76714587e+00 1.37189702e+00
215 9 1.76714587e+00 1.36064631e+00
216 9 1.76714587e+00 1.37888094e+00
217 9 1.76714587e+00 1.36856117e+00
218 9 1.76714587e+00 1.37178384e+00
219 9 1.76714587e+00 1.36900716e+00
220 9 1.76714587e+00 1.38572522e+00
221 9 1.76714587e+00 1.37203344e+00
222 9 1.76714587e+00 1.36950061e+00
223 9 1.76714587e+00 1.38387505e+00
224 9 1.76714587e+00 1.36206059e+00
225 9 1.76714587e+00 1.36482364e+00
226 9 1.76714587e+00 1.37383882e+00
227 9 1.76714587e+00 1.36540613e+00
228 9 1.76714587e+00 1.36528565e+00
229 9 1.76714587e+00 1.37152953e+00
230 9 1.76714587e+00 1.36112197e+00
231 9 1.76714587e+00 1.36698772e+00
232 9 1.76714587e+00 1.36399197e+00
233 9 1.76714587e+00 1.37637803e+00
234 9 1.76714587e+00 1.36770544e+00
235 9 1.76714587e+00 1.36950126e+00
236 9 1.76714587e+00 1.36383910e+00
237 9 1.76714587e+00 1.37252255e+00
238 9 1.76714587e+00 1.36435401e+00
239 9 1.76714587e+00 1.36417925e+00
240 9 1.76714587e+00 1.37091897e+00
241 9 1.76714587e+00 1.36397715e+00
242 9 1.76714587e+00 1.36876545e+00
243 9 1.76714587e+00 1.37634610e+00
244 9 1.76714587e+00 1.36641778e+00
245 9 1.76714587e+00 1.37626388e+00
246 9 1.76714587e+00 1.37310228e+00
247 9 1.76714587e+00 1.35956090e+00
248 9 1.76714587e+00 1.36904026e+00
249 9 1.76714587e+00 1.37084365e+00
250 9 1.76714587e+00 1.37806710e+00
251 9 1.76714587e+00 1.37412302e+00
252 9 1.76714587e+00 1.37048766e+00
253 9 1.76714587e+00 1.37486336e+00
254 9 1.76714587e+00 1.38311209e+00
255 9 1.76714587e+00 1.37259431e+00
256 9 1.76714587e+00 1.36718879e+00
257 9 1.76714587e+00 1.35645083e+00
258 9 1.76714587e+00 1.37614953e+00
259 9 1.76714587e+00 1.37338831e+00
260 9 1.76714587e+00 1.37677851e+00
261 9 1.76714587e+00 1.37149744e+00
262 9 1.76714587e+00 1.36931200e+00
263 9 1.76714587e+00 1.37879501e+00
264 9 1.76714587e+00 1.37919883e+00
265 9 1.76714587e+00 1.37617020e+00
266 9 1.76714587e+00 1.36723859e+00
267 9 1.76714587e+00 1.36704429e+00
268 9 1.76714587e+00 1.37393970e+00
269 9 1.76714587e+00 1.36839025e+00
270 9 1.76714587e+00 1.36367074e+00
271 9 1.76714587e+00 1.37546807e+00
272 9 1.76714587e+00 1.37112216e+00
273 9 1.76714587e+00 1.37730822e+00
274 9 1.76714587e+00 1.37056488e+00
275 9 1.76714587e+00 1.38063131e+00
276 9 1.76714587e+00 1.37050489e+00
277 9 1.76714587e+00 1.38350084e+00
278 9 1.76714587e+00 1.36587633e+00
279 9 1.76714587e+00 1.36753835e+00
280 9 1.76714587e+00 1.37763594e+00
281 9 1.76714587e+00 1.37544989e+00
282 9 1.76714587e+00 1.37149504e+00
283 9 1.76714587e+00 1.36192429e+00
284 9 1.76714587e+00 1.36188348e+00
285 9 1.76714587e+00 1.38479580e+00
286 9 1.76714587e+00 1.38946540e+00
287 9 1.76714587e+00 1.36418864e+00
288 9 1.76714587e+00 1.37396714e+00
289 9 1.76714587e+00 1.36908534e+00
290 9 1.76714587e+00 1.37101811e+00
291 9 1.76714587e+00 1.36232863e+00
292 9 1.76714587e+00 1.38309814e+00
293 9 1.76714587e+00 1.37396582e+00
294 9 1.76714587e+00 1.37746006e+00
295 9 1.76714587e+00 1.37586523e+00
296 9 1.76714587e+00 1.37094289e+00
297 9 1.76714587e+00 1.37275631e+00
298 9 1.76714587e+00 1.37167615e+00
299 9 1.76714587e+00 1.36700545e+00
300 9 1.76714587e+00 1.36579177e+00
301 9 1.76714587e+00 1.36528126e+00
302 9 1.76714587e+00 1.36129469e+00
303 9 1.76714587e+00 1.35669017e+00
304 9 1.76714587e+00 1.36551965e+00
305 9 1.76714587e+00 1.35565521e+00
306 9 1.76714587e+00 1.36096336e+00
307 9 1.76714587e+00 1.36760464e+00
308 9 1.76714587e+00 1.36586862e+00
309 9 1.76714587e+00 1.37385893e+00
310 9 1.76714587e+00 1.37640531e+00
311 9 1.76714587e+00 1.37005327e+00
312 9 1.76714587e+00 1.39189213e+00
313 9 1.76714587e+00 1.37000410e+00
314 9 1.76714587e+00 1.36543410e+00
315 9 1.76714587e+00 1.36244151e+00
316 9 1.76714587e+00 1.37360431e+00
317 9 1.76714587e+00 1.37631581e+00
318 9 1.76714587e+00 1.37006169e+00
319 9 1.76714587e+00 1.37660078e+00
320 9 1.76714587e+00 1.37745857e+00
321 9 1.76714587e+00 1.37106578e+00
322 9 1.76714587e+00 1.37835445e+00
323 9 1.76714587e+00 1.36563105e+00
324 9 1.76714587e+00 1.38151101e+00
325 9 1.76714587e+00 1.36612054e+00
326 9 1.76714587e+00 1.36972941e+00
327 9 1.76714587e+00 1.37144899e+00
328 9 1.76714587e+00 1.35813610e+00
329 9 1.76714587e+00 1.37201396e+00
330 9 1.76714587e+00 1.37681251e+00
331 9 1.76714587e+00 1.36486090e+00
332 9 1.76714587e+00 1.36770915e+00
333 9 1.76714587e+00 1.37165196e+00
334 9 1.76714587e+00 1.37042121e+00
335 9 1.76714587e+00 1.37783707e+00
336 9 1.76714587e+00 1.36858691e+00
337 9 1.76714587e+00 1.36404310e+00
338 9 1.76714587e+00 1.38005632e+00
339 9 1.76714587e+00 1.37415138e+00
340 9 1.76714587e+00 1.37715328e+00
341 9 1.76714587e+00 1.36730265e+00
342 9 1.76714587e+00 1.37327846e+00
343 9 1.76714587e+00 1.36266852e+00
344 9 1.76714587e+00 1.35956586e+00
345 9 1.76714587e+00 1.36829145e+00
346 9 1.76714587e+00 1.37460471e+00
347 9 1.76714587e+00 1.37215487e+00
348 9 1.76714587e+00 1.36822379e+00
349 9 1.76714587e+00 1.36426345e+00
350 9 1.76714587e+00 1.36115417e+00
351 9 1.76714587e+00 1.37686434e+00
352 9 1.76714587e+00 1.35804490e+00
353 9 1.76714587e+00 1.38678650e+00
354 9 1.76714587e+00 1.38414040e+00
355 9 1.76714587e+00 1.37215179e+00
356 9 1.76714587e+00 1.36771337e+00
357 9 1.76714587e+00 1.37041982e+00
358 9 1.76714587e+00 1.36745769e+00
359 9 1.76714587e+00 1.36443647e+00
360 9 1.76714587e+00 1.37132968e+00
361 9 1.76714587e+00 1.36044941e+00
362 9 1.76714587e+00 1.37081002e+00
363 9 1.76714587e+00 1.36393199e+00
364 9 1.76714587e+00 1.37075098e+00
365 9 1.76714587e+00 1.37527147e+00
366 9 1.76714587e+00 1.36433373e+00
367 9 1.76714587e+00 1.37792856e+00
368 9 1.76714587e+00 1.37637550e+00
369 9 1.76714587e+00 1.37048137e+00
370 9 1.76714587e+00 1.38211909e+00
371 9 1.76714587e+00 1.36100057e+00
372 9 1.76714587e+00 1.37216369e+00
373 9 1.76714587e+00 1.37013614e+00
374 9 1.76714587e+00 1.38153581e+00
375 9 1.76714587e+00 1.36770029e+00
376 9 1.76714587e+00 1.36742539e+00
377 9 1.76714587e+00 1.36354983e+00
378 9 1.76714587e+00 1.37084707e+00
379 9 1.76714587e+00 1.38219660e+00
380 9 1.76714587e+00 1.37402987e+00
381 9 1.76714587e+00 1.37277682e+00
382 9 1.76714587e+00 1.37692707e+00
383 9 1.76714587e+00 1.37010562e+00
384 9 1.76714587e+00 1.35994789e+00
385 9 1.76714587e+00 1.36946545e+00
386 9 1.76714587e+00 1.37601052e+00
387 9 1.76714587e+00 1.37385975e+00
388 9 1.76714587e+00 1.37356180e+00
389 9 1.76714587e+00 1.37581658e+00
390 9 1.76714587e+00 1.36394692e+00
391 9 1.76714587e+00 1.36623613e+00
392 9 1.76714587e+00 1.36849525e+00
393 9 1.76714587e+00 1.36528065e+00
394 9 1.76714587e+00 1.36438884e+00
395 9 1.76714587e+00 1.37086064e+00
396 9 1.76714587e+00 1.37671967e+00
397 9 1.76714587e+00 1.36928482e+00
398 9 1.76714587e+00 1.37528528e+00
399 9 1.76714587e+00 1.36568443e+00
400 9 1.76714587e+00 1.36605382e+00
401 9 1.76714587e+00 1.37613365e+00
402 9 1.76714587e+00 1.36649381e+00
403 9 1.76714587e+00 1.35443082e+00
404 9 1.76714587e+00 1.36337867e+00
405 9 1.76714587e+00 1.38160002e+00
406 9 1.76714587e+00 1.37064211e+00
407 9 1.76714587e+00 1.36204547e+00
408 9 1.76714587e+00 1.36529770e+00
409 9 1.76714587e+00 1.37940435e+00
410 9 1.76714587e+00 1.37355565e+00
411 9 1.76714587e+00 1.35460936e+00
412 9 1.76714587e+00 1.35440788e+00
413 9 1.76714587e+00 1.36673246e+00
414 9 1.76714587e+00 1.37441561e+00
415 9 1.76714587e+00 1.37715779e+00
416 9 1.76714587e+00 1.36462265e+00
417 9 1.76714587e+00 1.36921549e+00
418 9 1.76714587e+00 1.36977422e+00
419 9 1.76714587e+00 1.38337937e+00
420 9 1.76714587e+00 1.37140156e+00
421 9 1.76714587e+00 1.37073212e+00
422 9 1.76714587e+00 1.37420453e+00
423 9 1.76714587e+00 1.36114474e+00
424 9 1.76714587e+00 1.35527122e+00
425 9 1.76714587e+00 1.37348852e+00
426 9 1.76714587e+00 1.37142683e+00
427 9 1.76714587e+00 1.37760303e+00
428 9 1.76714587e+00 1.37053862e+00
429 9 1.76714587e+00 1.36898810e+00
430 9 1.76714587e+00 1.37439662e+00
431 9 1.76714587e+00 1.37495399e+00
432 9 1.76714587e+00 1.37772196e+00
433 9 1.76714587e+00 1.37625462e+00
434 9 1.76714587e+00 1.37416080e+00
435 9 1.76714587e+00 1.37428744e+00
436 9 1.76714587e+00 1.36278355e+00
437 9 1.76714587e+00 1.37346592e+00
438 9 1.76714587e+00 1.36857357e+00
439 9 1.76714587e+00 1.37601748e+00
440 9 1.76714587e+00 1.37423065e+00
441 9 1.76714587e+00 1.36971684e+00
442 9 1.76714587e+00 1.36150977e+00
443 9 1.76714587e+00 1.36554268e+00
444 9 1.76714587e+00 1.36998507e+00
445 9 1.76714587e+00 1.35672903e+00
446 9 1.76714587e+00 1.38020779e+00
447 9 1.76714587e+00 1.36479986e+00
448 9 1.76714587e+00 1.37233991e+00
449 9 1.76714587e+00 1.36351246e+00
450 9 1.76714587e+00 1.36472199e+00
451 9 1.76714587e+00 1.36814062e+00
452 9 1.76714587e+00 1.36669770e+00
453 9 1.76714587e+00 1.36890094e+00
454 9 1.76714587e+00 1.36678354e+00
455 9 1.76714587e+00 1.36315656e+00
456 9 1.76714587e+00 1.36700973e+00
457 9 1.76714587e+00 1.38154634e+00
458 9 1.76714587e+00 1.36997279e+00
459 9 1.76714587e+00 1.38627027e+00
460 9 1.76714587e+00 1.37282776e+00
461 9 1.76714587e+00 1.37098144e+00
462 9 1.76714587e+00 1.37134574e+00
463 9 1.76714587e+00 1.37889134e+00
464 9 1.76714587e+00 1.36384354e+00
465 9 1.76714587e+00 1.37201983e+00
466 9 1.76714587e+00 1.37474271e+00
467 9 1.76714587e+00 1.37731002e+00
468 9 1.76714587e+00 1.37147725e+00
469 9 1.76714587e+00 1.37177898e+00
470 9 1.76714587e+00 1.35846257e+00
471 9 1.76714587e+00 1.37182044e+00
472 9 1.76714587e+00 1.36238812e+00
473 9 1.76714587e+00 1.37457161e+00
474 9 1.76714587e+00 1.36857775e+00
475 9 1.76714587e+00 1.37127634e+00
476 9 1.76714587e+00 1.36781359e+00
477 9 1.76714587e+00 1.37837335e+00
478 9 1.76714587e+00 1.36254062e+00
479 9 1.76714587e+00 1.35782847e+00
480 9 1.76714587e+00 1.36432355e+00
481 9 1.76714587e+00 1.38245715e+00
482 9 1.76714587e+00 1.35293078e+00
483 9 1.76714587e+00 1.37622082e+00
484 9 1.76714587e+00 1.36798001e+00
485 9 1.76714587e+00 1.37380798e+00
486 9 1.76714587e+00 1.37455774e+00
487 9 1.76714587e+00 1.37060310e+00
488 9 1.76714587e+00 1.37406762e+00
489 9 1.76714587e+00 1.37102106e+00
490 9 1.76714587e+00 1.37694788e+00
491 9 1.76714587e+00 1.36559695e+00
492 9 1.76714587e+00 1.37658837e+00
493 9 1.76714587e+00 1.37121325e+00
494 9 1.76714587e+00 1.36608915e+00
495 9 1.76714587e+00 1.36988771e+00
496 9 1.76714587e+00 1.36642487e+00
497 9 1.76714587e+00 1.36323304e+00
498 9 1.76714587e+00 1.36693486e+00
499 9 1.76714587e+00 1.37516084e+00
500 9 1.76714587e+00 1.36279165e+00
501 9 1.76714587e+00 1.36594339e+00
502 9 1.76714587e+00 1.37458826e+00
503 9 1.76714587e+00 1.37242446e+00
504 9 1.76714587e+00 1.37059649e+00
505 9 1.76714587e+00 1.37213285e+00
506 9 1.76714587e+00 1.37001545e+00
507 9 1.76714587e+00 1.36095286e+00
508 9 1.76714587e+00 1.38130881e+00
509 9 1.76714587e+00 1.37508569e+00
510 9 1.76714587e+00 1.37435457e+00
511 9 1.76714587e+00 1.37082055e+00
512 9 1.76714587e+00 1.37231407e+00
513 9 1.76714587e+00 1.37625994e+00
514 9 1.76714587e+00 1.36857547e+00
515 9 1.76714587e+00 1.36510011e+00
516 9 1.76714587e+00 1.36811601e+00
517 9 1.76714587e+00 1.37911542e+00
518 9 1.76714587e+00 1.35456319e+00
519 9 1.76714587e+00 1.36181251e+00
520 9 1.76714587e+00 1.38105478e+00
521 9 1.76714587e+00 1.36261065e+00
522 9 1.76714587e+00 1.36477609e+00
523 9 1.76714587e+00 1.37579917e+00
524 9 1.76714587e+00 1.37350587e+00
525 9 1.76714587e+00 1.37298928e+00
526 9 1.76714587e+00 1.39399942e+00
527 9 1.76714587e+00 1.36653247e+00
528 9 1.76714587e+00 1.37367778e+00
529 9 1.76714587e+00 1.38085870e+00
530 9 1.76714587e+00 1.37006910e+00
531 9 1.76714587e+00 1.36291808e+00
532 9 1.76714587e+00 1.36804144e+00
533 9 1.76714587e+00 1.37330039e+00
534 9 1.76714587e+00 1.37580593e+00
535 9 1.76714587e+00 1.36838386e+00
536 9 1.76714587e+00 1.37587474e+00
537 9 1.76714587e+00 1.37062062e+00
538 9 1.76714587e+00 1.37089536e+00
539 9 1.76714587e+00 1.38222591e+00
540 9 1.76714587e+00 1.37417262e+00
541 9 1.76714587e+00 1.36319773e+00
542 9 1.76714587e+00 1.36329482e+00
543 9 1.76714587e+00 1.36541228e+00
544 9 1.76714587e+00 1.37682329e+00
545 9 1.76714587e+00 1.37046890e+00
546 9 1.76714587e+00 1.36952223e+00
547 9 1.76714587e+00 1.36152322e+00
548 9 1.76714587e+00 1.37170512e+00
549 9 1.76714587e+00 1.36884578e+00
550 9 1.76714587e+00 1.37574598e+00
551 9 1.76714587e+00 1.37875767e+00
552 9 1.76714587e+00 1.36821685e+00
553 9 1.76714587e+00 1.37547650e+00
554 9 1.76714587e+00 1.37480604e+00
555 9 1.76714587e+00 1.38050602e+00
556 9 1.76714587e+00 1.37634030e+00
557 9 1.76714587e+00 1.36058462e+00
558 9 1.76714587e+00 1.37359432e+00
559 9 1.76714587e+00 1.38650956e+00
560 9 1.76714587e+00 1.37375935e+00
561 9 1.76714587e+00 1.37080647e+00
562 9 1.76714587e+00 1.36295036e+00
563 9 1.76714587e+00 1.37314774e+00
564 9 1.76714587e+00 1.36441047e+00
565 9 1.76714587e+00 1.36782585e+00
566 9 1.76714587e+00 1.38063189e+00
567 9 1.76714587e+00 1.37498028e+00
568 9 1.76714587e+00 1.36394323e+00
569 9 1.76714587e+00 1.37211145e+00
570 9 1.76714587e+00 1.37351947e+00
571 9 1.76714587e+00 1.36939789e+00
572 9 1.76714587e+00 1.35723367e+00
573 9 1.76714587e+00 1.36713066e+00
574 9 1.76714587e+00 1.37366160e+00
575 9 1.76714587e+00 1.37814240e+00
576 9 1.76714587e+00 1.37469985e+00
577 9 1.76714587e+00 1.36779763e+00
578 9 1.76714587e+00 1.37106469e+00
579 9 1.76714587e+00 1.37471612e+00
580 9 1.76714587e+00 1.36696088e+00
581 9 1.76714587e+00 1.35855070e+00
582 9 1.76714587e+00 1.37311937e+00
583 9 1.76714587e+00 1.36743470e+00
584 9 1.76714587e+00 1.37813086e+00
585 9 1.76714587e+00 1.37091024e+00
586 9 1.76714587e+00 1.37882530e+00
587 9 1.76714587e+00 1.37313091e+00
588 9 1.76714587e+00 1.37671139e+00
589 9 1.76714587e+00 1.36214944e+00
590 9 1.76714587e+00 1.38168847e+00
591 9 1.76714587e+00 1.36626127e+00
592 9 1.76714587e+00 1.37173117e+00
593 9 1.76714587e+00 1.36995413e+00
594 9 1.76714587e+00 1.37392611e+00
595 9 1.76714587e+00 1.37493838e+00
596 9 1.76714587e+00 1.37560149e+00
597 9 1.76714587e+00 1.37093871e+00
598 9 1.76714587e+00 1.37186384e+00
599 9 1.76714587e+00 1.37028065e+00
600 9 1.76714587e+00 1.36602032e+00
601 9 1.76714587e+00 1.37426764e+00
602 9 1.76714587e+00 1.36495799e+00
603 9 1.76714587e+00 1.37170267e+00
604 9 1.76714587e+00 1.36764011e+00
605 9 1.76714587e+00 1.36850721e+00
606 9 1.76714587e+00 1.37921945e+00
607 9 1.76714587e+00 1.36704656e+00
608 9 1.76714587e+00 1.36147191e+00
609 9 1.76714587e+00 1.37401149e+00
610 9 1.76714587e+00 1.37555661e+00
611 9 1.76714587e+00 1.37227803e+00
612 9 1.76714587e+00 1.37309921e+00
613 9 1.76714587e+00 1.37878357e+00
614 9 1.76714587e+00 1.36966538e+00
615 9 1.76714587e+00 1.37690908e+00
616 9 1.76714587e+00 1.37997242e+00
617 9 1.76714587e+00 1.38140719e+00
618 9 1.76714587e+00 1.37510841e+00
619 9 1.76714587e+00 1.37470060e+00
620 9 1.76714587e+00 1.37444486e+00
621 9 1.76714587e+00 1.36191465e+00
622 9 1.76714587e+00 1.37600331e+00
623 9 1.76714587e+00 1.36700783e+00
624 9 1.76714587e+00 1.37357690e+00
625 9 1.76714587e+00 1.37075322e+00
626 9 1.76714587e+00 1.36437597e+00
627 9 1.76714587e+00 1.36827685e+00
628 9 1.76714587e+00 1.37826144e+00
629 9 1.76714587e+00 1.37995749e+00
630 9 1.76714587e+00 1.36389648e+00
631 9 1.76714587e+00 1.37159332e+00
632 9 1.76714587e+00 1.36790643e+00
633 9 1.76714587e+00 1.37441771e+00
634 9 1.76714587e+00 1.37788004e+00
635 9 1.76714587e+00 1.36968965e+00
636 9 1.76714587e+00 1.36907586e+00
637 9 1.76714587e+00 1.37324416e+00
638 9 1.76714587e+00 1.36943572e+00
639 9 1.76714587e+00 1.36876539e+00
640 9 1.76714587e+00 1.36903401e+00
641 9 1.76714587e+00 1.38352580e+00
642 9 1.76714587e+00 1.37927013e+00
643 9 1.76714587e+00 1.36345760e+00
644 9 1.76714587e+00 1.37339623e+00
645 9 1.76714587e+00 1.35761198e+00
646 9 1.76714587e+00 1.36925555e+00
647 9 1.76714587e+00 1.37450424e+00
648 9 1.76714587e+00 1.37468663e+00
649 9 1.76714587e+00 1.35788787e+00
650 9 1.76714587e+00 1.36815840e+00
651 9 1.76714587e+00 1.37364411e+00
652 9 1.76714587e+00 1.35563802e+00
653 9 1.76714587e+00 1.36928816e+00
654 9 1.76714587e+00 1.36663985e+00
655 9 1.76714587e+00 1.35904982e+00
656 9 1.76714587e+00 1.36128971e+00
657 9 1.76714587e+00 1.35367902e+00
658 9 1.76714587e+00 1.36695643e+00
659 9 1.76714587e+00 1.37438292e+00
660 9 1.76714587e+00 1.38160131e+00
661 9 1.76714587e+00 1.37606712e+00
662 9 1.76714587e+00 1.37044244e+00
663 9 1.76714587e+00 1.36569088e+00
664 9 1.76714587e+00 1.37838019e+00
665 9 1.76714587e+00 1.37509222e+00
666 9 1.76714587e+00 1.36862841e+00
667 9 1.76714587e+00 1.36761324e+00
668 9 1.76714587e+00 1.36405722e+00
669 9 1.76714587e+00 1.38417067e+00
670 9 1.76714587e+00 1.36875241e+00
671 9 1.76714587e+00 1.37607300e+00
672 9 1.76714587e+00 1.38380306e+00
673 9 1.76714587e+00 1.38896086e+00
674 9 1.76714587e+00 1.36517595e+00
675 9 1.76714587e+00 1.38266754e+00
676 9 1.76714587e+00 1.37455269e+00
677 9 1.76714587e+00 1.37367782e+00
678 9 1.76714587e+00 1.37655572e+00
679 9 1.76714587e+00 1.37979517e+00
680 9 1.76714587e+00 1.37780393e+00
681 9 1.76714587e+00 1.37393939e+00
682 9 1.76714587e+00 1.38028280e+00
683 9 1.76714587e+00 1.37061852e+00
684 9 1.76714587e+00 1.36676294e+00
685 9 1.76714587e+00 1.35853368e+00
686 9 1.76714587e+00 1.36875662e+00
687 9 1.76714587e+00 1.36826458e+00
688 9 1.76714587e+00 1.36931338e+00
689 9 1.76714587e+00 1.36833327e+00
690 9 1.76714587e+00 1.37841629e+00
691 9 1.76714587e+00 1.38888812e+00
692 9 1.76714587e+00 1.38159943e+00
693 9 1.76714587e+00 1.37397669e+00
694 9 1.76714587e+00 1.37636329e+00
695 9 1.76714587e+00 1.37139437e+00
696 9 1.76714587e+00 1.37059703e+00
697 9 1.76714587e+00 1.37498341e+00
698 9 1.76714587e+00 1.35899668e+00
699 9 1.76714587e+00 1.36543692e+00
700 9 1.76714587e+00 1.36695522e+00
701 9 1.76714587e+00 1.35610952e+00
702 9 1.76714587e+00 1.36962621e+00
703 9 1.76714587e+00 1.37756195e+00
704 9 1.76714587e+00 1.36509625e+00
705 9 1.76714587e+00 1.38350515e+00
706 9 1.76714587e+00 1.38067464e+00
707 9 1.76714587e+00 1.36683365e+00
708 9 1.76714587e+00 1.37140485e+00
709 9 1.76714587e+00 1.37570727e+00
710 9 1.76714587e+00 1.37928025e+00
711 9 1.76714587e+00 1.36967221e+00
712 9 1.76714587e+00 1.37375498e+00
713 9 1.76714587e+00 1.36958246e+00
714 9 1.76714587e+00 1.36667084e+00
715 9 1.76714587e+00 1.37455003e+00
716 9 1.76714587e+00 1.37641770e+00
717 9 1.76714587e+00 1.37329598e+00
718 9 1.76714587e+00 1.37101750e+00
719 9 1.76714587e+00 1.37708191e+00
720 9 1.76714587e+00 1.38313214e+00
721 9 1.76714587e+00 1.38643470e+00
722 9 1.76714587e+00 1.36063177e+00
723 9 1.76714587e+00 1.37041550e+00
724 9 1.76714587e+00 1.36262270e+00
725 9 1.76714587e+00 1.37841097e+00
726 9 1.76714587e+00 1.37157760e+00
727 9 1.76714587e+00 1.35479853e+00
728 9 1.76714587e+00 1.36800240e+00
729 9 1.76714587e+00 1.36859336e+00
730 9 1.76714587e+00 1.37196229e+00
731 9 1.76714587e+00 1.36503718e+00
732 9 1.76714587e+00 1.37657882e+00
733 9 1.76714587e+00 1.36947481e+00
734 9 1.76714587e+00 1.36559991e+00
735 9 1.76714587e+00 1.38345223e+00
736 9 1.76714587e+00 1.35748929e+00
737 9 1.76714587e+00 1.37180950e+00
738 9 1.76714587e+00 1.37044906e+00
739 9 1.76714587e+00 1.38199438e+00
740 9 1.76714587e+00 1.37497549e+00
741 9 1.76714587e+00 1.35912172e+00
742 9 1.76714587e+00 1.37383973e+00
743 9 1.76714587e+00 1.37514790e+00
744 9 1.76714587e+00 1.36958737e+00
745 9 1.76714587e+00 1.35965060e+00
746 9 1.76714587e+00 1.38217207e+00
747 9 1.76714587e+00 1.35897275e+00
748 9 1.76714587e+00 1.37581623e+00
749 9 1.76714587e+00 1.38000026e+00
750 9 1.76714587e+00 1.36518229e+00
751 9 1.76714587e+00 1.37578979e+00
752 9 1.76714587e+00 1.37866852e+00
753 9 1.76714587e+00 1.37053310e+00
754 9 1.76714587e+00 1.36453424e+00
755 9 1.76714587e+00 1.36783830e+00
756 9 1.76714587e+00 1.36583687e+00
757 9 1.76714587e+00 1.35812088e+00
758 9 1.76714587e+00 1.36711406e+00
759 9 1.76714587e+00 1.37459911e+00
760 9 1.76714587e+00 1.35505416e+00
761 9 1.76714587e+00 1.37699105e+00
762 9 1.76714587e+00 1.38062463e+00
763 9 1.76714587e+00 1.37141280e+00
764 9 1.76714587e+00 1.38224920e+00
765 9 1.76714587e+00 1.36420977e+00
766 9 1.76714587e+00 1.35666921e+00
767 9 1.76714587e+00 1.36400192e+00
768 9 1.76714587e+00 1.37026217e+00
769 9 1.76714587e+00 1.36579982e+00
770 9 1.76714587e+00 1.36508016e+00
771 9 1.76714587e+00 1.36814906e+00
772 9 1.76714587e+00 1.37535483e+00
773 9 1.76714587e+00 1.38518847e+00
774 9 1.76714587e+00 1.36847805e+00
775 9 1.76714587e+00 1.36370228e+00
776 9 1.76714587e+00 1.36431837e+00
777 9 1.76714587e+00 1.35767461e+00
778 9 1.76714587e+00 1.37646575e+00
779 9 1.76714587e+00 1.37202837e+00
780 9 1.76714587e+00 1.36917622e+00
781 9 1.76714587e+00 1.37485130e+00
782 9 1.76714587e+00 1.37306423e+00
783 9 1.76714587e+00 1.36820269e+00
784 9 1.76714587e+00 1.37539461e+00
785 9 1.76714587e+00 1.36979239e+00
786 9 1.76714587e+00 1.36761420e+00
787 9 1.76714587e+00 1.37079920e+00
788 9 1.76714587e+00 1.36659663e+00
789 9 1.76714587e+00 1.37473090e+00
790 9 1.76714587e+00 1.36765872e+00
791 9 1.76714587e+00 1.37420971e+00
792 9 1.76714587e+00 1.37239950e+00
793 9 1.76714587e+00 1.37439081e+00
794 9 1.76714587e+00 1.36626455e+00
795 9 1.76714587e+00 1.38541762e+00
796 9 1.76714587e+00 1.36455040e+00
797 9 1.76714587e+00 1.37083039e+00
798 9 1.76714587e+00 1.37874797e+00
799 9 1.76714587e+00 1.36239110e+00
800 9 1.76714587e+00 1.37091562e+00
801 9 1.76714587e+00 1.37522581e+00
802 9 1.76714587e+00 1.36968294e+00
803 9 1.76714587e+00 1.38879240e+00
804 9 1.76714587e+00 1.35860985e+00
805 9 1.76714587e+00 1.36803145e+00
806 9 1.76714587e+00 1.37607758e+00
807 9 1.76714587e+00 1.37461868e+00
808 9 1.76714587e+00 1.37987687e+00
809 9 1.76714587e+00 1.36786926e+00
810 9 1.76714587e+00 1.37627857e+00
811 9 1.76714587e+00 1.37585146e+00
812 9 1.76714587e+00 1.36700764e+00
813 9 1.76714587e+00 1.36695796e+00
814 9 1.76714587e+00 1.36887401e+00
815 9 1.76714587e+00 1.36194169e+00
816 9 1.76714587e+00 1.37267570e+00
817 9 1.76714587e+00 1.37718726e+00
818 9 1.76714587e+00 1.37558182e+00
819 9 1.76714587e+00 1.36354418e+00
820 9 1.76714587e+00 1.37179910e+00
821 9 1.76714587e+00 1.36346919e+00
822 9 1.76714587e+00 1.37247008e+00
823 9 1.76714587e+00 1.38142849e+00
824 9 1.76714587e+00 1.36497846e+00
825 9 1.76714587e+00 1.37266098e+00
826 9 1.76714587e+00 1.37370683e+00
827 9 1.76714587e+00 1.36486485e+00
828 9 1.76714587e+00 1.36507713e+00
829 9 1.76714587e+00 1.37225765e+00
830 9 1.76714587e+00 1.36350611e+00
831 9 1.76714587e+00 1.36384722e+00
832 9 1.76714587e+00 1.37137439e+00
833 9 1.76714587e+00 1.37745187e+00
834 9 1.76714587e+00 1.37098735e+00
835 9 1.76714587e+00 1.37884232e+00
836 9 1.76714587e+00 1.37909094e+00
837 9 1.76714587e+00 1.37274157e+00
838 9 1.76714587e+00 1.37532764e+00
839 9 1.76714587e+00 1.36996610e+00
840 9 1.76714587e+00 1.36895376e+00
841 9 1.76714587e+00 1.37313638e+00
842 9 1.76714587e+00 1.37693594e+00
843 9 1.76714587e+00 1.37163172e+00
844 9 1.76714587e+00 1.36369555e+00
845 9 1.76714587e+00 1.37885140e+00
846 9 1.76714587e+00 1.37306162e+00
847 9 1.76714587e+00 1.37149915e+00
848 9 1.76714587e+00 1.36858777e+00
849 9 1.76714587e+00 1.37127197e+00
850 9 1.76714587e+00 1.37437972e+00
851 9 1.76714587e+00 1.37690481e+00
852 9 1.76714587e+00 1.36990612e+00
853 9 1.76714587e+00 1.36452213e+00
854 9 1.76714587e+00 1.37083323e+00
855 9 1.76714587e+00 1.37828307e+00
856 9 1.76714587e+00 1.37359721e+00
857 9 1.76714587e+00 1.36274439e+00
858 9 1.76714587e+00 1.38134835e+00
859 9 1.76714587e+00 1.37170862e+00
860 9 1.76714587e+00 1.37136980e+00
861 9 1.76714587e+00 1.36677896e+00
862 9 1.76714587e+00 1.37379343e+00
863 9 1.76714587e+00 1.36856265e+00
864 9 1.76714587e+00 1.36596536e+00
865 9 1.76714587e+00 1.37824202e+00
866 9 1.76714587e+00 1.36596734e+00
867 9 1.76714587e+00 1.38341210e+00
868 9 1.76714587e+00 1.37468336e+00
869 9 1.76714587e+00 1.37353927e+00
870 9 1.76714587e+00 1.36018344e+00
871 9 1.76714587e+00 1.36725336e+00
872 9 1.76714587e+00 1.36831748e+00
873 9 1.76714587e+00 1.37409506e+00
874 9 1.76714587e+00 1.36914483e+00
875 9 1.76714587e+00 1.36682329e+00
876 9 1.76714587e+00 1.37044073e+00
877 9 1.76714587e+00 1.36462204e+00
878 9 1.76714587e+00 1.36767649e+00
879 9 1.76714587e+00 1.35849486e+00
880 9 1.76714587e+00 1.37379340e+00
881 9 1.76714587e+00 1.37628359e+00
882 9 1.76714587e+00 1.36363020e+00
883 9 1.76714587e+00 1.37365472e+00
884 9 1.76714587e+00 1.36237411e+00
885 9 1.76714587e+00 1.37438985e+00
886 9 1.76714587e+00 1.36847345e+00
887 9 1.76714587e+00 1.35985573e+00
888 9 1.76714587e+00 1.36626396e+00
889 9 1.76714587e+00 1.37752299e+00
890 9 1.76714587e+00 1.35949031e+00
891 9 1.76714587e+00 1.36553451e+00
892 9 1.76714587e+00 1.35965272e+00
893 9 1.76714587e+00 1.36158671e+00
894 9 1.76714587e+00 1.37262307e+00
895 9 1.76714587e+00 1.37888040e+00
896 9 1.76714587e+00 1.37173980e+00
897 9 1.76714587e+00 1.37797959e+00
898 9 1.76714587e+00 1.35718772e+00
899 9 1.76714587e+00 1.37635816e+00
900 9 1.76714587e+00 1.35230420e+00
901 9 1.76714587e+00 1.37655687e+00
902 9 1.76714587e+00 1.37866062e+00
903 9 1.76714587e+00 1.36959881e+00
904 9 1.76714587e+00 1.37158434e+00
905 9 1.76714587e+00 1.36917225e+00
906 9 1.76714587e+00 1.37806935e+00
907 9 1.76714587e+00 1.37124169e+00
908 9 1.76714587e+00 1.37382124e+00
909 9 1.76714587e+00 1.38302955e+00
910 9 1.76714587e+00 1.36988144e+00
911 9 1.76714587e+00 1.37496129e+00
912 9 1.76714587e+00 1.37488332e+00
913 9 1.76714587e+00 1.37806909e+00
914 9 1.76714587e+00 1.36871353e+00
915 9 1.76714587e+00 1.36203400e+00
916 9 1.76714587e+00 1.37742520e+00
917 9 1.76714587e+00 1.36575722e+00
918 9 1.76714587e+00 1.37571774e+00
919 9 1.76714587e+00 1.36561153e+00
920 9 1.76714587e+00 1.37140554e+00
921 9 1.76714587e+00 1.36028450e+00
922 9 1.76714587e+00 1.37147883e+00
923 9 1.76714587e+00 1.36900665e+00
924 9 1.76714587e+00 1.36774370e+00
925 9 1.76714587e+00 1.35973203e+00
926 9 1.76714587e+00 1.37104347e+00
927 9 1.76714587e+00 1.37143220e+00
928 9 1.76714587e+00 1.36596717e+00
929 9 1.76714587e+00 1.37324435e+00
930 9 1.76714587e+00 1.38206976e+00
931 9 1.76714587e+00 1.38302003e+00
932 9 1.76714587e+00 1.36510697e+00
933 9 1.76714587e+00 1.36116991e+00
934 9 1.76714587e+00 1.36548047e+00
935 9 1.76714587e+00 1.37009520e+00
936 9 1.76714587e+00 1.36245885e+00
937 9 1.76714587e+00 1.38431844e+00
938 9 1.76714587e+00 1.37372729e+00
939 9 1.76714587e+00 1.36648809e+00
940 9 1.76714587e+00 1.37468974e+00
941 9 1.76714587e+00 1.36442405e+00
942 9 1.76714587e+00 1.36457442e+00
943 9 1.76714587e+00 1.38010895e+00
944 9 1.76714587e+00 1.37633251e+00
945 9 1.76714587e+00 1.37469825e+00
946 9 1.76714587e+00 1.36548412e+00
947 9 1.76714587e+00 1.37301902e+00
948 9 1.76714587e+00 1.36881822e+00
949 9 1.76714587e+00 1.37333812e+00
950 9 1.76714587e+00 1.36542427e+00
951 9 1.76714587e+00 1.37545277e+00
952 9 1.76714587e+00 1.35843233e+00
953 9 1.76714587e+00 1.37835847e+00
954 9 1.76714587e+00 1.37361964e+00
955 9 1.76714587e+00 1.36739848e+00
956 9 1.76714587e+00 1.36782288e+00
957 9 1.76714587e+00 1.37413361e+00
958 9 1.76714587e+00 1.37372349e+00
959 9 1.76714587e+00 1.36434455e+00
960 9 1.76714587e+00 1.37227892e+00
961 9 1.76714587e+00 1.37765004e+00
962 9 1.76714587e+00 1.37269112e+00
963 9 1.76714587e+00 1.36618362e+00
964 9 1.76714587e+00 1.36777474e+00
965 9 1.76714587e+00 1.38174263e+00
966 9 1.76714587e+00 1.37003627e+00
967 9 1.76714587e+00 1.35812994e+00
968 9 1.76714587e+00 1.36896088e+00
969 9 1.76714587e+00 1.36134199e+00
970 9 1.76714587e+00 1.38146845e+00
971 9 1.76714587e+00 1.36662199e+00
972 9 1.76714587e+00 1.37851730e+00
973 9 1.76714587e+00 1.37072093e+00
974 9 1.76714587e+00 1.36085820e+00
975 9 1.76714587e+00 1.39240871e+00
976 9 1.76714587e+00 1.36461803e+00
977 9 1.76714587e+00 1.37224504e+00
978 9 1.76714587e+00 1.36521063e+00
979 9 1.76714587e+00 1.36680988e+00
980 9 1.76714587e+00 1.36795011e+00
981 9 1.76714587e+00 1.36608039e+00
982 9 1.76714587e+00 1.37043702e+00
983 9 1.76714587e+00 1.37473381e+00
984 9 1.76714587e+00 1.37701009e+00
985 9 1.76714587e+00 1.36520469e+00
986 9 1.76714587e+00 1.36422063e+00
987 9 1.76714587e+00 1.35444397e+00
988 9 1.76714587e+00 1.37520101e+00
989 9 1.76714587e+00 1.36531079e+00
990 9 1.76714587e+00 1.36644802e+00
991 9 1.76714587e+00 1.35876386e+00
992 9 1.76714587e+00 1.37473474e+00
993 9 1.76714587e+00 1.37401676e+00
994 9 1.76714587e+00 1.37603310e+00
995 9 1.76714587e+00 1.38770868e+00
996 9 1.76714587e+00 1.36510296e+00
997 9 1.76714587e+00 1.36796247e+00
998 9 1.76714587e+00 1.37228580e+00
999 9 1.76714587e+00 1.38157018e+00
1000 9 1.76714587e+00 1.37627554e+00
1001 9 1.76714587e+00 1.37830589e+00
1002 9 1.76714587e+00 1.35936207e+00
1003 9 1.76714587e+00 1.37217208e+00
1004 9 1.76714587e+00 1.37489290e+00
1005 9 1.76714587e+00 1.35973192e+00
1006 9 1.76714587e+00 1.38613870e+00
1007 9 1.76714587e+00 1.36920101e+00
1008 9 1.76714587e+00 1.36722342e+00
1009 9 1.76714587e+00 1.36449383e+00
1010 9 1.76714587e+00 1.37328860e+00
1011 9 1.76714587e+00 1.37354499e+00
1012 9 1.76714587e+00 1.37036095e+00
1013 9 1.76714587e+00 1.35786693e+00
1014 9 1.76714587e+00 1.36613574e+00
1015 9 1.76714587e+00 1.37823306e+00
1016 9 1.76714587e+00 1.37189394e+00
1017 9 1.76714587e+00 1.34956439e+00
1018 9 1.76714587e+00 1.37537697e+00
1019 9 1.76714587e+00 1.37095927e+00
1020 9 1.76714587e+00 1.37747448e+00
1021 9 1.76714587e+00 1.36710529e+00
1022 9 1.76714587e+00 1.36938065e+00
1023 9 1.76714587e+00 1.37495404e+00
1024 9 1.76714587e+00 1.36784418e+00
1025 9 1.76714587e+00 1.36816882e+00
0 10 1.96349541e+00 1.33256865e+00
1 10 1.96349541e+00 1.32600308e+00
2 10 1.96349541e+00 1.32326888e+00
3 10 1.96349541e+00 1.32133482e+00
4 10 1.96349541e+00 1.32459789e+00
5 10 1.96349541e+00 1.32850091e+00
6 10 1.96349541e+00 1.31906618e+00
7 10 1.96349541e+00 1.33114525e+00
8 10 1.96349541e+00 1.33136032e+00
9 10 1.96349541e+00 1.32769196e+00
10 10 1.96349541e+00 1.32049278e+00
11 10 1.96349541e+00 1.33857889e+00
12 10 1.96349541e+00 1.32544573e+00
13 10 1.96349541e+00 1.33208211e+00
14 10 1.96349541e+00 1.32577393e+00
15 10 1.96349541e+00 1.32173211e+00
16 10 1.96349541e+00 1.31496644e+00
17 10 1.96349541e+00 1.31664721e+00
18 10 1.96349541e+00 1.33307601e+00
19 10 1.96349541e+00 1.32411036e+00
20 10 1.96349541e+00 1.33195782e+00
21 10 1.96349541e+00 1.32837900e+00
22 10 1.96349541e+00 1.32666193e+00
23 10 1.96349541e+00 1.32875208e+00
24 10 1.96349541e+00 1.32205711e+00
25 10 1.96349541e+00 1.32297363e+00
26 10 1.96349541e+00 1.33243361e+00
27 10 1.96349541e+00 1.32505059e+00
28 10 1.96349541e+00 1.31873905e+00
29 10 1.96349541e+00 1.32691522e+00
30 10 1.96349541e+00 1.33238003e+00
31 10 1.96349541e+00 1.31117880e+00
32 10 1.96349541e+00 1.32727077e+00
33 10 1.96349541e+00 1.31308865e+00
34 10 1.96349541e+00 1.32354178e+00
35 10 1.96349541e+00 1.31595249e+00
36 10 1.96349541e+00 1.31932005e+00
37 10 1.96349541e+00 1.32131071e+00
38 10 1.96349541e+00 1.32635653e+00
39 10 1.96349541e+00 1.32676436e+00
40 10 1.96349541e+00 1.32122198e+00
41 10 1.96349541e+00 1.32637091e+00
42 10 1.96349541e+00 1.34860374e+00
43 10 1.96349541e+00 1.31729622e+00
44 10 1.96349541e+00 1.34624537e+00
45 10 1.96349541e+00 1.31402964e+00
46 10 1.96349541e+00 1.33687275e+00
47 10 1.96349541e+00 1.34431362e+00
48 10 1.96349541e+00 1.32415076e+00
49 10 1.96349541e+00 1.32691403e+00
50 10 1.96349541e+00 1.32566959e+00
51 10 1.96349541e+00 1.32728156e+00
52 10 1.96349541e+00 1.32456368e+00
53 10 1.96349541e+00 1.32349391e+00
54 10 1.96349541e+00 1.32378188e+00
55 10 1.96349541e+00 1.34127421e+00
56 10 1.96349541e+00 1.33192235e+00
57 10 1.96349541e+00 1.33020344e+00
58 10 1.96349541e+00 1.32282376e+00
59 10 1.96349541e+00 1.33148995e+00
60 10 1.96349541e+00 1.33686860e+00
61 10 1.96349541e+00 1.32983994e+00
62 10 1.96349541e+00 1.32217416e+00
63 10 1.96349541e+00 1.32237558e+00
64 10 1.96349541e+00 1.32595214e+00
65 10 1.96349541e+00 1.32052395e+00
66 10 1.96349541e+00 1.33546371e+00
67 10 1.96349541e+00 1.32683558e+00
68 10 1.96349541e+00 1.32719093e+00
69 10 1.96349541e+00 1.33126295e+00
70 10 1.96349541e+00 1.33628006e+00
71 10 1.96349541e+00 1.33128683e+00
72 10 1.96349541e+00 1.32721079e+00
73 10 1.96349541e+00 1.31151479e+00
74 10 1.96349541e+00 1.31560344e+00
75 10 1.96349541e+00 1.33266990e+00
76 10 1.96349541e+00 1.33918409e+00
77 10 1.96349541e+00 1.32560076e+00
78 10 1.96349541e+00 1.33432354e+00
79 10 1.96349541e+00 1.32978150e+00
80 10 1.96349541e+00 1.33331700e+00
81 10 1.96349541e+00 1.32045523e+00
82 10 1.96349541e+00 1.31429638e+00
83 10 1.96349541e+00 1.33679583e+00
84 10 1.96349541e+00 1.32370343e+00
85 10 1.96349541e+00 1.32531097e+00
86 10 1.96349541e+00 1.33302442e+00
87 10 1.96349541e+00 1.34403825e+00
88 10 1.96349541e+00 1.32440487e+00
89 10 1.96349541e+00 1.32488500e+00
90 10 1.96349541e+00 1.33321822e+00
91 10 1.96349541e+00 1.32671249e+00
92 10 1.96349541e+00 1.34106661e+00
93 10 1.96349541e+00 1.31892325e+00
94 10 1.96349541e+00 1.33105370e+00
95 10 1.96349541e+00 1.32577878e+00
96 10 1.96349541e+00 1.33454172e+00
97 10 1.96349541e+00 1.33230746e+00
98 10 1.96349541e+00 1.32429977e+00
99 10 1.96349541e+00 1.32135267e+00
100 10 1.96349541e+00 1.31379816e+00
101 10 1.96349541e+00 1.32387364e+00
102 10 1.96349541e+00 1.31564632e+00
103 10 1.96349541e+00 1.32980118e+00
104 10 1.96349541e+00 1.32480761e+00
105 10 1.96349541e+00 1.32780187e+00
106 10 1.96349541e+00 1.32474093e+00
107 10 1.96349541e+00 1.31229347e+00
108 10 1.96349541e+00 1.33403512e+00
109 10 1.96349541e+00 1.32931708e+00
110 10 1.96349541e+00 1.33291268e+00
111 10 1.96349541e+00 1.31609018e+00
112 10 1.96349541e+00 1.33191773e+00
113 10 1.96349541e+00 1.32530470e+00
114 10 1.96349541e+00 1.32595947e+00
115 10 1.96349541e+00 1.32351508e+00
116 10 1.96349541e+00 1.33361146e+00
117 10 1.96349541e+00 1.32283537e+00
118 10 1.96349541e+00 1.31684052e+00
119 10 1.96349541e+00 1.33299020e+00
120 10 1.96349541e+00 1.33143830e+00
121 10 1.96349541e+00 1.31909044e+00
122 10 1.96349541e+00 1.32448598e+00
123 10 1.96349541e+00 1.33138624e+00
124 10 1.96349541e+00 1.33788159e+00
125 10 1.96349541e+00 1.32847933e+00
126 10 1.96349541e+00 1.30860447e+00
127 10 1.96349541e+00 1.33178153e+00
128 10 1.96349541e+00 1.33612757e+00
129 10 1.96349541e+00 1.31174775e+00
130 10 1.96349541e+00 1.32308708e+00
131 10 1.96349541e+00 1.32708141e+00
132 10 1.96349541e+00 1.32200333e+00
133 10 1.96349541e+00 1.32692468e+00
134 10 1.96349541e+00 1.31578570e+00
135 10 1.96349541e+00 1.33426436e+00
136 10 1.96349541e+00 1.31054792e+00
137 10 1.96349541e+00 1.32816834e+00
138 10 1.96349541e+00 1.33610296e+00
139 10 1.96349541e+00 1.32065787e+00
140 10 1.96349541e+00 1.33543992e+00
141 10 1.96349541e+00 1.31912473e+00
142 10 1.96349541e+00 1.32652027e+00
143 10 1.96349541e+00 1.33102397e+00
144 10 1.96349541e+00 1.33998689e+00
145 10 1.96349541e+00 1.31931429e+00
146 10 1.96349541e+00 1.33597162e+00
147 10 1.96349541e+00 1.32742093e+00
148 10 1.96349541e+00 1.31994930e+00
149 10 1.96349541e+00 1.32480495e+00
150 10 1.96349541e+00 1.34142633e+00
151 10 1.96349541e+00 1.33186327e+00
152 10 1.96349541e+00 1.33629441e+00
153 10 1.96349541e+00 1.33580649e+00
154 10 1.96349541e+00 1.31274472e+00
155 10 1.96349541e+00 1.31220181e+00
156 10 1.96349541e+00 1.32546837e+00
157 10 1.96349541e+00 1.33462389e+00
158 10 1.96349541e+00 1.32762258e+00
159 10 1.96349541e+00 1.32744273e+00
160 10 1.96349541e+00 1.32421881e+00
161 10 1.96349541e+00 1.32963190e+00
162 10 1.96349541e+00 1.32100966e+00
163 10 1.96349541e+00 1.33042968e+00
164 10 1.96349541e+00 1.33390292e+00
165 10 1.96349541e+00 1.32707479e+00
166 10 1.96349541e+00 1.32548267e+00
167 10 1.96349541e+00 1.33989947e+00
168 10 1.96349541e+00 1.32075495e+00
169 10 1.96349541e+00 1.33018874e+00
170 10 1.96349541e+00 1.33312416e+00
171 10 1.96349541e+00 1.33164562e+00
172 10 1.96349541e+00 1.33222089e+00
173 10 1.96349541e+00 1.32943818e+00
174 10 1.96349541e+00 1.33563635e+00
175 10 1.96349541e+00 1.32647533e+00
176 10 1.96349541e+00 1.33706059e+00
177 10 1.96349541e+00 1.32805475e+00
178 10 1.96349541e+00 1.33740439e+00
179 10 1.96349541e+00 1.33294778e+00
180 10 1.96349541e+00 1.31975340e+00
181 10 1.96349541e+00 1.32275108e+00
182 10 1.96349541e+00 1.32313214e+00
183 10 1.96349541e+00 1.33139990e+00
184 10 1.96349541e+00 1.32851257e+00
185 10 1.96349541e+00 1.32791153e+00
186 10 1.96349541e+00 1.32175286e+00
187 10 1.96349541e+00 1.33336696e+00
188 10 1.96349541e+00 1.31006740e+00
189 10 1.96349541e+00 1.31857096e+00
190 10 1.96349541e+00 1.32346737e+00
191 10 1.96349541e+00 1.31707572e+00
192 10 1.96349541e+00 1.31804465e+00
193 10 1.96349541e+00 1.32660004e+00
194 10 1.96349541e+00 1.32561621e+00
195 10 1.96349541e+00 1.32177036e+00
196 10 1.96349541e+00 1.32719848e+00
197 10 1.96349541e+00 1.33192243e+00
198 10 1.96349541e+00 1.32148028e+00
199 10 1.96349541e+00 1.32027231e+00
200 10 1.96349541e+00 1.33279361e+00
201 10 1.96349541e+00 1.32565377e+00
202 10 1.96349541e+00 1.32288052e+00
203 10 1.96349541e+00 1.32502030e+00
204 10 1.96349541e+00 1.31438709e+00
205 10 1.96349541e+00 1.33032133e+00
206 10 1.96349541e+00 1.33459851e+00
207 10 1.96349541e+00 1.32669959e+00
208 10 1.96349541e+00 1.32674983e+00
209 10 1.96349541e+00 1.32880741e+00
210 10 1.96349541e+00 1.31560896e+00
211 10 1.96349541e+00 1.32578425e+00
212 10 1.96349541e+00 1.32564820e+00
213 10 1.96349541e+00 1.32494160e+00
214 10 1.96349541e+00 1.32703572e+00
215 10 1.96349541e+00 1.31479201e+00
216 10 1.96349541e+00 1.33996752e+00
217 10 1.96349541e+00 1.32544244e+00
218 10 1.96349541e+00 1.32468207e+00
219 10 1.96349541e+00 1.32510037e+00
220 10 1.96349541e+00 1.34265000e+00
221 10 1.96349541e+00 1.33301118e+00
222 10 1.96349541e+00 1.32251073e+00
223 10 1.96349541e+00 1.34141980e+00
224 10 1.96349541e+00 1.32028809e+00
225 10 1.96349541e+00 1.32030083e+00
226 10 1.96349541e+00 1.33180320e+00
227 10 1.96349541e+00 1.32049578e+00
228 10 1.96349541e+00 1.32182670e+00
229 10 1.96349541e+00 1.32594840e+00
230 10 1.96349541e+00 1.31443372e+00
231 10 1.96349541e+00 1.32728850e+00
232 10 1.96349541e+00 1.31737008e+00
233 10 1.96349541e+00 1.33619919e+00
234 10 1.96349541e+00 1.32465853e+00
235 10 1.96349541e+00 1.32631783e+00
236 10 1.96349541e+00 1.31936122e+00
237 10 1.96349541e+00 1.33011589e+00
238 10 1.96349541e+00 1.32128720e+00
239 10 1.96349541e+00 1.31967851e+00
240 10 1.96349541e+00 1.32607985e+00
241 10 1.96349541e+00 1.32036187e+00
242 10 1.96349541e+00 1.32358780e+00
243 10 1.96349541e+00 1.33327562e+00
244 10 1.96349541e+00 1.32397850e+00
245 10 1.96349541e+00 1.33463724e+00
246 10 1.96349541e+00 1.33360138e+00
247 10 1.96349541e+00 1.31514035e+00
248 10 1.96349541e+00 1.32280053e+00
249 10 1.96349541e+00 1.32893303e+00
250 10 1.96349541e+00 1.33580464e+00
251 10 1.96349541e+00 1.33214692e+00
252 10 1.96349541e+00 1.32606334e+00
253 10 1.96349541e+00 1.33447161e+00
254 10 1.96349541e+00 1.34297516e+00
255 10 1.96349541e+00 1.33229150e+00
256 10 1.96349541e+00 1.32323574e+00
257 10 1.96349541e+00 1.31433712e+00
258 10 1.96349541e+00 1.33467963e+00
259 10 1.96349541e+00 1.32828860e+00
260 10 1.96349541e+00 1.33638197e+00
261 10 1.96349541e+00 1.32630043e+00
262 10 1.96349541e+00 1.32685767e+00
263 10 1.96349541e+00 1.33484080e+00
264 10 1.96349541e+00 1.33700583e+00
265 10 1.96349541e+00 1.33302878e+00
266 10 1.96349541e+00 1.32314847e+00
267 10 1.96349541e+00 1.32409570e+00
268 10 1.96349541e+00 1.33038875e+00
269 10 1.96349541e+00 1.32439968e+00
270 10 1.96349541e+00 1.31873422e+00
271 10 1.96349541e+00 1.33573080e+00
272 10 1.96349541e+00 1.32602053e+00
273 10 1.96349541e+00 1.33454919e+00
274 10 1.96349541e+00 1.32969792e+00
275 10 1.96349541e+00 1.33717840e+00
276 10 1.96349541e+00 1.32613839e+00
277 10 1.96349541e+00 1.34252498e+00
278 10 1.96349541e+00 1.32510906e+00
279 10 1.96349541e+00 1.32825692e+00
280 10 1.96349541e+00 1.33712923e+00
281 10 1.96349541e+00 1.33314819e+00
282 10 1.96349541e+00 1.33239179e+00
283 10 1.96349541e+00 1.31936296e+00
284 10 1.96349541e+00 1.31596139e+00
285 10 1.96349541e+00 1.34543408e+00
286 10 1.96349541e+00 1.34631457e+00
287 10 1.96349541e+00 1.32219074e+00
288 10 1.96349541e+00 1.33069314e+00
289 10 1.96349541e+00 1.32733083e+00
290 10 1.96349541e+00 1.32638211e+00
291 10 1.96349541e+00 1.31554900e+00
292 10 1.96349541e+00 1.33967093e+00
293 10 1.96349541e+00 1.33083455e+00
294 10 1.96349541e+00 1.33411779e+00
295 10 1.96349541e+00 1.33213863e+00
296 10 1.96349541e+00 1.32596040e+00
297 10 1.96349541e+00 1.33147183e+00
298 10 1.96349541e+00 1.32767218e+00
299 10 1.96349541e+00 1.32256166e+00
300 10 1.96349541e+00 1.32387779e+00
301 10 1.96349541e+00 1.31794386e+00
302 10 1.96349541e+00 1.31517510e+00
303 10 1.96349541e+00 1.31018162e+00
304 10 1.96349541e+00 1.32352352e+00
305 10 1.96349541e+00 1.30759302e+00
306 10 1.96349541e+00 1.31701698e+00
307 10 1.96349541e+00 1.32563496e+00
308 10 1.96349541e+00 1.32182022e+00
309 10 1.96349541e+00 1.33242105e+00
310 10 1.96349541e+00 1.33532864e+00
311 10 1.96349541e+00 1.32483109e+00
312 10 1.96349541e+00 1.35401090e+00
313 10 1.96349541e+00 1.32935980e+00
314 10 1.96349541e+00 1.31908763e+00
315 10 1.96349541e+00 1.31593692e+00
316 10 1.96349541e+00 1.33102696e+00
317 10 1.96349541e+00 1.33412419e+00
318 10 1.96349541e+00 1.32903289e+00
319 10 1.96349541e+00 1.33512591e+00
320 10 1.96349541e+00 1.33895761e+00
321 10 1.96349541e+00 1.32782973e+00
322 10 1.96349541e+00 1.33423896e+00
323 10 1.96349541e+00 1.32302616e+00
324 10 1.96349541e+00 1.34028701e+00
325 10 1.96349541e+00 1.32343899e+00
326 10 1.96349541e+00 1.32418376e+00
327 10 1.96349541e+00 1.33175468e+00
328 10 1.96349541e+00 1.31297025e+00
329 10 1.96349541e+00 1.32671739e+00
330 10 1.96349541e+00 1.33670260e+00
331 10 1.96349541e+00 1.32184417e+00
332 10 1.96349541e+00 1.32472579e+00
333 10 1.96349541e+00 1.32707600e+00
334 10 1.96349541e+00 1.32894849e+00
335 10 1.96349541e+00 1.33442485e+00
336 10 1.96349541e+00 1.32753440e+00
337 10 1.96349541e+00 1.31760461e+00
338 10 1.96349541e+00 1.33793792e+00
339 10 1.96349541e+00 1.33134213e+00
340 10 1.96349541e+00 1.33503635e+00
341 10 1.96349541e+00 1.32407551e+00
342 10 1.96349541e+00 1.33284002e+00
343 10 1.96349541e+00 1.31919185e+00
344 10 1.96349541e+00 1.31358304e+00
345 10 1.96349541e+00 1.32228316e+00
346 10 1.96349541e+00 1.33330734e+00
347 10 1.96349541e+00 1.32744079e+00
348 10 1.96349541e+00 1.32360051e+00
349 10 1.96349541e+00 1.32228337e+00
350 10 1.96349541e+00 1.31370725e+00
351 10 1.96349541e+00 1.33581961e+00
352 10 1.96349541e+00 1.31303221e+00
353 10 1.96349541e+00 1.34404497e+00
354 10 1.96349541e+00 1.34324907e+00
355 10 1.96349541e+00 1.32908550e+00
356 10 1.96349541e+00 1.32321998e+00
357 10 1.96349541e+00 1.32819753e+00
358 10 1.96349541e+00 1.32501408e+00
359 10 1.96349541e+00 1.32125138e+00
360 10 1.96349541e+00 1.32999904e+00
361 10 1.96349541e+00 1.31571444e+00
362 10 1.96349541e+00 1.32419032e+00
363 10 1.96349541e+00 1.32096458e+00
364 10 1.96349541e+00 1.32431049e+00
365 10 1.96349541e+00 1.33214816e+00
366 10 1.96349541e+00 1.32107860e+00
367 10 1.96349541e+00 1.33729997e+00
368 10 1.96349541e+00 1.33652429e+00
369 10 1.96349541e+00 1.32823164e+00
370 10 1.96349541e+00 1.34641823e+00
371 10 1.96349541e+00 1.31737592e+00
372 10 1.96349541e+00 1.33025470e+00
373 10 1.96349541e+00 1.32614594e+00
374 10 1.96349541e+00 1.34024262e+00
375 10 1.96349541e+00 1.32731149e+00
376 10 1.96349541e+00 1.32309951e+00
377 10 1.96349541e+00 1.31890064e+00
378 10 1.96349541e+00 1.32659353e+00
379 10 1.96349541e+00 1.33943098e+00
380 10 1.96349541e+00 1.32833644e+00
381 10 1.96349541e+00 1.32569176e+00
382 10 1.96349541e+00 1.33568231e+00
383 10 1.96349541e+00 1.32536122e+00
384 10 1.96349541e+00 1.31663949e+00
385 10 1.96349541e+00 1.32700622e+00
386 10 1.96349541e+00 1.33424484e+00
387 10 1.96349541e+00 1.33101514e+00
388 10 1.96349541e+00 1.33352463e+00
389 10 1.96349541e+00 1.33187420e+00
390 10 1.96349541e+00 1.31778270e+00
391 10 1.96349541e+00 1.32454826e+00
392 10 1.96349541e+00 1.32400049e+00
393 10 1.96349541e+00 1.31958277e+00
394 10 1.96349541e+00 1.31831736e+00
395 10 1.96349541e+00 1.32627929e+00
396 10 1.96349541e+00 1.33484354e+00
397 10 1.96349541e+00 1.32534853e+00
398 10 1.96349541e+00 1.33072334e+00
399 10 1.96349541e+00 1.31979845e+00
400 10 1.96349541e+00 1.32075658e+00
401 10 1.96349541e+00 1.33472084e+00
402 10 1.96349541e+00 1.32348879e+00
403 10 1.96349541e+00 1.30699668e+00
404 10 1.96349541e+00 1.31745574e+00
405 10 1.96349541e+00 1.34231688e+00
406 10 1.96349541e+00 1.32715666e+00
407 10 1.96349541e+00 1.31836868e+00
408 10 1.96349541e+00 1.32196226e+00
409 10 1.96349541e+00 1.33786396e+00
410 10 1.96349541e+00 1.33324189e+00
411 10 1.96349541e+00 1.30906608e+00
412 10 1.96349541e+00 1.30477033e+00
413 10 1.96349541e+00 1.32410868e+00
414 10 1.96349541e+00 1.33229066e+00
415 10 1.96349541e+00 1.33798123e+00
416 10 1.96349541e+00 1.32191750e+00
417 10 1.96349541e+00 1.32394002e+00
418 10 1.96349541e+00 1.32474102e+00
419 10 1.96349541e+00 1.34365786e+00
420 10 1.96349541e+00 1.32794476e+00
421 10 1.96349541e+00 1.32468263e+00
422 10 1.96349541e+00 1.33243513e+00
423 10 1.96349541e+00 1.31865805e+00
424 10 1.96349541e+00 1.30972472e+00
425 10 1.96349541e+00 1.33209703e+00
426 10 1.96349541e+00 1.33194423e+00
427 10 1.96349541e+00 1.33533387e+00
428 10 1.96349541e+00 1.32942717e+00
429 10 1.96349541e+00 1.32685970e+00
430 10 1.96349541e+00 1.32922895e+00
431 10 1.96349541e+00 1.33157726e+00
432 10 1.96349541e+00 1.33486670e+00
433 10 1.96349541e+00 1.33273565e+00
434 10 1.96349541e+00 1.33017692e+00
435 10 1.96349541e+00 1.32992790e+00
436 10 1.96349541e+00 1.31728293e+00
437 10 1.96349541e+00 1.32980246e+00
438 10 1.96349541e+00 1.32365344e+00
439 10 1.96349541e+00 1.33371788e+00
440 10 1.96349541e+00 1.32992816e+00
441 10 1.96349541e+00 1.32596809e+00
442 10 1.96349541e+00 1.31810487e+00
443 10 1.96349541e+00 1.32168012e+00
444 10 1.96349541e+00 1.32730655e+00
445 10 1.96349541e+00 1.30914230e+00
446 10 1.96349541e+00 1.33563857e+00
447 10 1.96349541e+00 1.32146030e+00
448 10 1.96349541e+00 1.32944064e+00
449 10 1.96349541e+00 1.31865299e+00
450 10 1.96349541e+00 1.32058945e+00
451 10 1.96349541e+00 1.32478032e+00
452 10 1.96349541e+00 1.32132151e+00
453 10 1.96349541e+00 1.32205345e+00
454 10 1.96349541e+00 1.32298759e+00
455 10 1.96349541e+00 1.31693255e+00
456 10 1.96349541e+00 1.32267999e+00
457 10 1.96349541e+00 1.34081410e+00
458 10 1.96349541e+00 1.32482321e+00
459 10 1.96349541e+00 1.34576114e+00
460 10 1.96349541e+00 1.33046654e+00
461 10 1.96349541e+00 1.32838142e+00
462 10 1.96349541e+00 1.32666089e+00
463 10 1.96349541e+00 1.33805606e+00
464 10 1.96349541e+00 1.32002670e+00
465 10 1.96349541e+00 1.32986783e+00
466 10 1.96349541e+00 1.33294722e+00
467 10 1.96349541e+00 1.33571723e+00
468 10 1.96349541e+00 1.32574629e+00
469 10 1.96349541e+00 1.32699364e+00
470 10 1.96349541e+00 1.31162693e+00
471 10 1.96349541e+00 1.32771311e+00
472 10 1.96349541e+00 1.31743036e+00
473 10 1.96349541e+00 1.33448042e+00
474 10 1.96349541e+00 1.32515874e+00
475 10 1.96349541e+00 1.32978650e+00
476 10 1.96349541e+00 1.32426783e+00
477 10 1.96349541e+00 1.33773823e+00
478 10 1.96349541e+00 1.31792221e+00
479 10 1.96349541e+00 1.31053800e+00
480 10 1.96349541e+00 1.31765152e+00
481 10 1.96349541e+00 1.34165258e+00
482 10 1.96349541e+00 1.30973346e+00
483 10 1.96349541e+00 1.33608290e+00
484 10 1.96349541e+00 1.32611102e+00
485 10 1.96349541e+00 1.33138312e+00
486 10 1.96349541e+00 1.33383513e+00
487 10 1.96349541e+00 1.32842826e+00
488 10 1.96349541e+00 1.32897110e+00
489 10 1.96349541e+00 1.32767080e+00
490 10 1.96349541e+00 1.33300995e+00
491 10 1.96349541e+00 1.31773291e+00
492 10 1.96349541e+00 1.33667936e+00
493 10 1.96349541e+00 1.32548362e+00
494 10 1.96349541e+00 1.31956265e+00
495 10 1.96349541e+00 1.32638280e+00
496 10 1.96349541e+00 1.32166856e+00
497 10 1.96349541e+00 1.31686141e+00
498 10 1.96349541e+00 1.32241598e+00
499 10 1.96349541e+00 1.33416011e+00
500 10 1.96349541e+00 1.31707509e+00
501 10 1.96349541e+00 1.32020584e+00
502 10 1.96349541e+00 1.33352976e+00
503 10 1.96349541e+00 1.33269094e+00
504 10 1.96349541e+00 1.32607279e+00
505 10 1.96349541e+00 1.33164702e+00
506 10 1.96349541e+00 1.32915787e+00
507 10 1.96349541e+00 1.31966613e+00
508 10 1.96349541e+00 1.33711480e+00
509 10 1.96349541e+00 1.33266554e+00
510 10 1.96349541e+00 1.33319753e+00
511 10 1.96349541e+00 1.32470648e+00
512 10 1.96349541e+00 1.33021506e+00
513 10 1.96349541e+00 1.33316873e+00
514 10 1.96349541e+00 1.32653466e+00
515 10 1.96349541e+00 1.32376630e+00
516 10 1.96349541e+00 1.32480932e+00
517 10 1.96349541e+00 1.33641309e+00
518 10 1.96349541e+00 1.30836968e+00
519 10 1.96349541e+00 1.32018222e+00
520 10 1.96349541e+00 1.33741983e+00
521 10 1.96349541e+00 1.31982324e+00
522 10 1.96349541e+00 1.32507773e+00
523 10 1.96349541e+00 1.33520817e+00
524 10 1.96349541e+00 1.32923386e+00
525 10 1.96349541e+00 1.33276795e+00
526 10 1.96349541e+00 1.35471682e+00
527 10 1.96349541e+00 1.32522164e+00
528 10 1.96349541e+00 1.33077440e+00
529 10 1.96349541e+00 1.33881480e+00
530 10 1.96349541e+00 1.32943820e+00
531 10 1.96349541e+00 1.31848904e+00
532 10 1.96349541e+00 1.32742703e+00
533 10 1.96349541e+00 1.33141455e+00
534 10 1.96349541e+00 1.33613068e+00
535 10 1.96349541e+00 1.32361375e+00
536 10 1.96349541e+00 1.33346595e+00
537 10 1.96349541e+00 1.32861140e+00
538 10 1.96349541e+00 1.32473905e+00
539 10 1.96349541e+00 1.33842012e+00
540 10 1.96349541e+00 1.33489235e+00
541 10 1.96349541e+00 1.31937914e+00
542 10 1.96349541e+00 1.31652518e+00
543 10 1.96349541e+00 1.32421687e+00
544 10 1.96349541e+00 1.33504220e+00
545 10 1.96349541e+00 1.32568201e+00
546 10 1.96349541e+00 1.32608245e+00
547 10 1.96349541e+00 1.31865526e+00
548 10 1.96349541e+00 1.32673507e+00
549 10 1.96349541e+00 1.32529309e+00
550 10 1.96349541e+00 1.33292063e+00
551 10 1.96349541e+00 1.33314599e+00
552 10 1.96349541e+00 1.31965255e+00
553 10 1.96349541e+00 1.33493022e+00
554 10 1.96349541e+00 1.33416226e+00
555 10 1.96349541e+00 1.33633375e+00
556 10 1.96349541e+00 1.33291597e+00
557 10 1.96349541e+00 1.31378263e+00
558 10 1.96349541e+00 1.33152028e+00
559 10 1.96349541e+00 1.34692694e+00
560 10 1.96349541e+00 1.33215339e+00
561 10 1.96349541e+00 1.33005810e+00
562 10 1.96349541e+00 1.31950953e+00
563 10 1.96349541e+00 1.33027308e+00
564 10 1.96349541e+00 1.32044693e+00
565 10 1.96349541e+00 1.32241560e+00
566 10 1.96349541e+00 1.33829210e+00
567 10 1.96349541e+00 1.33117847e+00
568 10 1.96349541e+00 1.31833077e+00
569 10 1.96349541e+00 1.32975652e+00
570 10 1.96349541e+00 1.32792971e+00
571 10 1.96349541e+00 1.32673881e+00
572 10 1.96349541e+00 1.31205383e+00
573 10 1.96349541e+00 1.32171084e+00
574 10 1.96349541e+00 1.33250821e+00
575 10 1.96349541e+00 1.33513871e+00
576 10 1.96349541e+00 1.33086066e+00
577 10 1.96349541e+00 1.32290762e+00
578 10 1.96349541e+00 1.33093395e+00
579 10 1.96349541e+00 1.33061158e+00
580 10 1.96349541e+00 1.32425956e+00
581 10 1.96349541e+00 1.31360381e+00
582 10 1.96349541e+00 1.32988038e+00
583 10 1.96349541e+00 1.32056316e+00
584 10 1.96349541e+00 1.33534532e+00
585 10 1.96349541e+00 1.32768187e+00
586 10 1.96349541e+00 1.34057592e+00
587 10 1.96349541e+00 1.33050452e+00
588 10 1.96349541e+00 1.33504297e+00
589 10 1.96349541e+00 1.31739567e+00
590 10 1.96349541e+00 1.34026399e+00
591 10 1.96349541e+00 1.31943064e+00
592 10 1.96349541e+00 1.32671856e+00
593 10 1.96349541e+00 1.32387905e+00
594 10 1.96349541e+00 1.33133818e+00
595 10 1.96349541e+00 1.33267933e+00
596 10 1.96349541e+00 1.33322648e+00
597 10 1.96349541e+00 1.32660336e+00
598 10 1.96349541e+00 1.32837588e+00
599 10 1.96349541e+00 1.32754171e+00
600 10 1.96349541e+00 1.32052339e+00
601 10 1.96349541e+00 1.32903959e+00
602 10 1.96349541e+00 1.31989386e+00
603 10 1.96349541e+00 1.32967512e+00
604 10 1.96349541e+00 1.32539791e+00
605 10 1.96349541e+00 1.32295855e+00
606 10 1.96349541e+00 1.33601649e+00
607 10 1.96349541e+00 1.32236048e+00
608 10 1.96349541e+00 1.31658733e+00
609 10 1.96349541e+00 1.33322990e+00
610 10 1.96349541e+00 1.33290091e+00
611 10 1.96349541e+00 1.33205539e+00
612 10 1.96349541e+00 1.33415065e+00
613 10 1.96349541e+00 1.33474105e+00
614 10 1.96349541e+00 1.32741475e+00
615 10 1.96349541e+00 1.33540866e+00
616 10 1.96349541e+00 1.34047538e+00
617 10 1.96349541e+00 1.34223858e+00
618 10 1.96349541e+00 1.33400281e+00
619 10 1.96349541e+00 1.32955171e+00
620 10 1.96349541e+00 1.33362758e+00
621 10 1.96349541e+00 1.32094423e+00
622 10 1.96349541e+00 1.33551920e+00
623 10 1.96349541e+00 1.32298960e+00
624 10 1.96349541e+00 1.32945789e+00
625 10 1.96349541e+00 1.32626551e+00
626 10 1.96349541e+00 1.32152089e+00
627 10 1.96349541e+00 1.32281469e+00
628 10 1.96349541e+00 1.33261922e+00
629 10 1.96349541e+00 1.33661856e+00
630 10 1.96349541e+00 1.32260595e+00
631 10 1.96349541e+00 1.32811940e+00
632 10 1.96349541e+00 1.32493448e+00
633 10 1.96349541e+00 1.33720144e+00
634 10 1.96349541e+00 1.33449180e+00
635 10 1.96349541e+00 1.32557596e+00
636 10 1.96349541e+00 1.32981929e+00
637 10 1.96349541e+00 1.32975519e+00
638 10 1.96349541e+00 1.32613529e+00
639 10 1.96349541e+00 1.32608254e+00
640 10 1.96349541e+00 1.32725157e+00
641 10 1.96349541e+00 1.34130162e+00
642 10 1.96349541e+00 1.33416935e+00
643 10 1.96349541e+00 1.31851459e+00
644 10 1.96349541e+00 1.32994408e+00
645 10 1.96349541e+00 1.31492264e+00
646 10 1.96349541e+00 1.32847964e+00
647 10 1.96349541e+00 1.33016168e+00
648 10 1.96349541e+00 1.33094738e+00
649 10 1.96349541e+00 1.31289148e+00
650 10 1.96349541e+00 1.32608307e+00
651 10 1.96349541e+00 1.32905963e+00
652 10 1.96349541e+00 1.31022363e+00
653 10 1.96349541e+00 1.32519894e+00
654 10 1.96349541e+00 1.32606662e+00
655 10 1.96349541e+00 1.31422480e+00
656 10 1.96349541e+00 1.31636095e+00
657 10 1.96349541e+00 1.30581988e+00
658 10 1.96349541e+00 1.32187000e+00
659 10 1.96349541e+00 1.33119298e+00
660 10 1.96349541e+00 1.34161713e+00
661 10 1.96349541e+00 1.33802589e+00
662 10 1.96349541e+00 1.33003902e+00
663 10 1.96349541e+00 1.32190800e+00
664 10 1.96349541e+00 1.34111702e+00
665 10 1.96349541e+00 1.33090560e+00
666 10 1.96349541e+00 1.32491690e+00
667 10 1.96349541e+00 1.32464136e+00
668 10 1.96349541e+00 1.32076666e+00
669 10 1.96349541e+00 1.34288209e+00
670 10 1.96349541e+00 1.32276492e+00
671 10 1.96349541e+00 1.33612731e+00
672 10 1.96349541e+00 1.34512502e+00
673 10 1.96349541e+00 1.34917892e+00
674 10 1.96349541e+00 1.31986669e+00
675 10 1.96349541e+00 1.34165766e+00
676 10 1.96349541e+00 1.32787985e+00
677 10 1.96349541e+00 1.32859776e+00
678 10 1.96349541e+00 1.33583338e+00
679 10 1.96349541e+00 1.33698113e+00
680 10 1.96349541e+00 1.33535002e+00
681 10 1.96349541e+00 1.32931457e+00
682 10 1.96349541e+00 1.33899773e+00
683 10 1.96349541e+00 1.32529204e+00
684 10 1.96349541e+00 1.32651683e+00
685 10 1.96349541e+00 1.31300311e+00
686 10 1.96349541e+00 1.32661691e+00
687 10 1.96349541e+00 1.32284529e+00
688 10 1.96349541e+00 1.32355253e+00
689 10 1.96349541e+00 1.32386236e+00
690 10 1.96349541e+00 1.33567459e+00
691 10 1.96349541e+00 1.35107631e+00
692 10 1.96349541e+00 1.34175721e+00
693 10 1.96349541e+00 1.33342819e+00
694 10 1.96349541e+00 1.33422347e+00
695 10 1.96349541e+00 1.32801404e+00
696 10 1.96349541e+00 1.32516964e+00
697 10 1.96349541e+00 1.32985073e+00
698 10 1.96349541e+00 1.31469659e+00
699 10 1.96349541e+00 1.32272935e+00
700 10 1.96349541e+00 1.32357164e+00
701 10 1.96349541e+00 1.30805281e+00
702 10 1.96349541e+00 1.32738909e+00
703 10 1.96349541e+00 1.33556711e+00
704 10 1.96349541e+00 1.31903242e+00
705 10 1.96349541e+00 1.34586182e+00
706 10 1.96349541e+00 1.33561397e+00
707 10 1.96349541e+00 1.32314233e+00
708 10 1.96349541e+00 1.33083758e+00
709 10 1.96349541e+00 1.33199644e+00
710 10 1.96349541e+00 1.33910523e+00
711 10 1.96349541e+00 1.32793291e+00
712 10 1.96349541e+00 1.33410766e+00
713 10 1.96349541e+00 1.32607580e+00
714 10 1.96349541e+00 1.32022659e+00
715 10 1.96349541e+00 1.33037613e+00
716 10 1.96349541e+00 1.33513937e+00
717 10 1.96349541e+00 1.32860356e+00
718 10 1.96349541e+00 1.32593008e+00
719 10 1.96349541e+00 1.33621352e+00
720 10 1.96349541e+00 1.34374479e+00
721 10 1.96349541e+00 1.34708819e+00
722 10 1.96349541e+00 1.31139603e+00
723 10 1.96349541e+00 1.32890783e+00
724 10 1.96349541e+00 1.31828014e+00
725 10 1.96349541e+00 1.33403381e+00
726 10 1.96349541e+00 1.32848507e+00
727 10 1.96349541e+00 1.30733169e+00
728 10 1.96349541e+00 1.32400241e+00
729 10 1.96349541e+00 1.32418330e+00
730 10 1.96349541e+00 1.32925726e+00
731 10 1.96349541e+00 1.32120712e+00
732 10 1.96349541e+00 1.33132204e+00
733 10 1.96349541e+00 1.32592351e+00
734 10 1.96349541e+00 1.32079806e+00
735 10 1.96349541e+00 1.34307922e+00
736 10 1.96349541e+00 1.31135947e+00
737 10 1.96349541e+00 1.33087851e+00
738 10 1.96349541e+00 1.32932147e+00
739 10 1.96349541e+00 1.34025833e+00
740 10 1.96349541e+00 1.33363628e+00
741 10 1.96349541e+00 1.31420493e+00
742 10 1.96349541e+00 1.32920733e+00
743 10 1.96349541e+00 1.33170102e+00
744 10 1.96349541e+00 1.32559727e+00
745 10 1.96349541e+00 1.31259949e+00
746 10 1.96349541e+00 1.34027080e+00
747 10 1.96349541e+00 1.31381629e+00
748 10 1.96349541e+00 1.33260406e+00
749 10 1.96349541e+00 1.33857604e+00
750 10 1.96349541e+00 1.32277424e+00
751 10 1.96349541e+00 1.33466661e+00
752 10 1.96349541e+00 1.33802148e+00
753 10 1.96349541e+00 1.32673108e+00
754 10 1.96349541e+00 1.31913181e+00
755 10 1.96349541e+00 1.32409561e+00
756 10 1.96349541e+00 1.32086915e+00
757 10 1.96349541e+00 1.31503317e+00
758 10 1.96349541e+00 1.32249160e+00
759 10 1.96349541e+00 1.33099966e+00
760 10 1.96349541e+00 1.31312706e+00
761 10 1.96349541e+00 1.33615854e+00
762 10 1.96349541e+00 1.34160845e+00
763 10 1.96349541e+00 1.33187552e+00
764 10 1.96349541e+00 1.34091678e+00
765 10 1.96349541e+00 1.32085010e+00
766 10 1.96349541e+00 1.31409989e+00
767 10 1.96349541e+00 1.31888672e+00
768 10 1.96349541e+00 1.32729574e+00
769 10 1.96349541e+00 1.32238222e+00
770 10 1.96349541e+00 1.32187843e+00
771 10 1.96349541e+00 1.32587315e+00
772 10 1.96349541e+00 1.33378087e+00
773 10 1.96349541e+00 1.34565730e+00
774 10 1.96349541e+00 1.32576676e+00
775 10 1.96349541e+00 1.31705492e+00
776 10 1.96349541e+00 1.32001872e+00
777 10 1.96349541e+00 1.31167969e+00
778 10 1.96349541e+00 1.33519136e+00
779 10 1.96349541e+00 1.32943654e+00
780 10 1.96349541e+00 1.32691025e+00
781 10 1.96349541e+00 1.32860715e+00
782 10 1.96349541e+00 1.33363904e+00
783 10 1.96349541e+00 1.32333197e+00
784 10 1.96349541e+00 1.33339790e+00
785 10 1.96349541e+00 1.32504170e+00
786 10 1.96349541e+00 1.32544129e+00
787 10 1.96349541e+00 1.32824111e+00
788 10 1.96349541e+00 1.32017853e+00
789 10 1.96349541e+00 1.32981663e+00
790 10 1.96349541e+00 1.32540403e+00
791 10 1.96349541e+00 1.33011305e+00
792 10 1.96349541e+00 1.33101658e+00
793 10 1.96349541e+00 1.33202779e+00
794 10 1.96349541e+00 1.32159911e+00
795 10 1.96349541e+00 1.34446706e+00
796 10 1.96349541e+00 1.32148396e+00
797 10 1.96349541e+00 1.32836319e+00
798 10 1.96349541e+00 1.33305536e+00
799 10 1.96349541e+00 1.31886418e+00
800 10 1.96349541e+00 1.32761704e+00
801 10 1.96349541e+00 1.33281136e+00
802 10 1.96349541e+00 1.32705736e+00
803 10 1.96349541e+00 1.34867567e+00
804 10 1.96349541e+00 1.31320575e+00
805 10 1.96349541e+00 1.32808581e+00
806 10 1.96349541e+00 1.33408825e+00
807 10 1.96349541e+00 1.33000152e+00
808 10 1.96349541e+00 1.33541235e+00
809 10 1.96349541e+00 1.32453613e+00
810 10 1.96349541e+00 1.33871703e+00
811 10 1.96349541e+00 1.33660884e+00
812 10 1.96349541e+00 1.32220722e+00
813 10 1.96349541e+00 1.31986988e+00
814 10 1.96349541e+00 1.32488058e+00
815 10 1.96349541e+00 1.31589648e+00
816 10 1.96349541e+00 1.32992266e+00
817 10 1.96349541e+00 1.33700775e+00
818 10 1.96349541e+00 1.33356090e+00
819 10 1.96349541e+00 1.32183837e+00
820 10 1.96349541e+00 1.33013625e+00
821 10 1.96349541e+00 1.31936153e+00
822 10 1.96349541e+00 1.32955808e+00
823 10 1.96349541e+00 1.33807195e+00
824 10 1.96349541e+00 1.32122992e+00
825 10 1.96349541e+00 1.33196141e+00
826 10 1.96349541e+00 1.32941317e+00
827 10 1.96349541e+00 1.32128692e+00
828 10 1.96349541e+00 1.32408462e+00
829 10 1.96349541e+00 1.32858201e+00
830 10 1.96349541e+00 1.31728998e+00
831 10 1.96349541e+00 1.31892890e+00
832 10 1.96349541e+00 1.32772823e+00
833 10 1.96349541e+00 1.33369982e+00
834 10 1.96349541e+00 1.32813311e+00
835 10 1.96349541e+00 1.33781763e+00
836 10 1.96349541e+00 1.33461650e+00
837 10 1.96349541e+00 1.32978221e+00
838 10 1.96349541e+00 1.33347407e+00
839 10 1.96349541e+00 1.32825498e+00
840 10 1.96349541e+00 1.32593160e+00
841 10 1.96349541e+00 1.33104191e+00
842 10 1.96349541e+00 1.33458879e+00
843 10 1.96349541e+00 1.32902303e+00
844 10 1.96349541e+00 1.31826312e+00
845 10 1.96349541e+00 1.33749549e+00
846 10 1.96349541e+00 1.33183716e+00
847 10 1.96349541e+00 1.32975821e+00
848 10 1.96349541e+00 1.32501318e+00
849 10 1.96349541e+00 1.32875748e+00
850 10 1.96349541e+00 1.33143277e+00
851 10 1.96349541e+00 1.33390119e+00
852 10 1.96349541e+00 1.32582101e+00
853 10 1.96349541e+00 1.32244362e+00
854 10 1.96349541e+00 1.32653051e+00
855 10 1.96349541e+00 1.33685421e+00
856 10 1.96349541e+00 1.32918629e+00
857 10 1.96349541e+00 1.32155108e+00
858 10 1.96349541e+00 1.33906010e+00
859 10 1.96349541e+00 1.32747583e+00
860 10 1.96349541e+00 1.32625708e+00
861 10 1.96349541e+00 1.32305473e+00
862 10 1.96349541e+00 1.33154045e+00
863 10 1.96349541e+00 1.32423903e+00
864 10 1.96349541e+00 1.32415604e+00
865 10 1.96349541e+00 1.33752179e+00
866 10 1.96349541e+00 1.32119969e+00
867 10 1.96349541e+00 1.34376109e+00
868 10 1.96349541e+00 1.33100739e+00
869 10 1.96349541e+00 1.33125902e+00
870 10 1.96349541e+00 1.31810406e+00
871 10 1.96349541e+00 1.32565649e+00
872 10 1.96349541e+00 1.32288797e+00
873 10 1.96349541e+00 1.33054108e+00
874 10 1.96349541e+00 1.32536344e+00
875 10 1.96349541e+00 1.32317411e+00
876 10 1.96349541e+00 1.32708416e+00
877 10 1.96349541e+00 1.31980158e+00
878 10 1.96349541e+00 1.32995969e+00
879 10 1.96349541e+00 1.31214694e+00
880 10 1.96349541e+00 1.32949259e+00
881 10 1.96349541e+00 1.33179814e+00
882 10 1.96349541e+00 1.31762454e+00
883 10 1.96349541e+00 1.32947145e+00
884 10 1.96349541e+00 1.31826414e+00
885 10 1.96349541e+00 1.33013428e+00
886 10 1.96349541e+00 1.32158695e+00
887 10 1.96349541e+00 1.31585018e+00
888 10 1.96349541e+00 1.32206318e+00
889 10 1.96349541e+00 1.33165052e+00
890 10 1.96349541e+00 1.31315249e+00
891 10 1.96349541e+00 1.31890386e+00
892 10 1.96349541e+00 1.31509155e+00
893 10 1.96349541e+00 1.31665841e+00
894 10 1.96349541e+00 1.33104682e+00
895 10 1.96349541e+00 1.33458575e+00
896 10 1.96349541e+00 1.32827710e+00
897 10 1.96349541e+00 1.33357012e+00
898 10 1.96349541e+00 1.30917584e+00
899 10 1.96349541e+00 1.33596584e+00
900 10 1.96349541e+00 1.30590136e+00
901 10 1.96349541e+00 1.33228687e+00
902 10 1.96349541e+00 1.33914690e+00
903 10 1.96349541e+00 1.32749507e+00
904 10 1.96349541e+00 1.32737591e+00
905 10 1.96349541e+00 1.32518701e+00
906 10 1.96349541e+00 1.33338527e+00
907 10 1.96349541e+00 1.32864865e+00
908 10 1.96349541e+00 1.32740076e+00
909 10 1.96349541e+00 1.34438114e+00
910 10 1.96349541e+00 1.32741916e+00
911 10 1.96349541e+00 1.32868432e+00
912 10 1.96349541e+00 1.33375898e+00
913 10 1.96349541e+00 1.33690413e+00
914 10 1.96349541e+00 1.32345556e+00
915 10 1.96349541e+00 1.31618552e+00
916 10 1.96349541e+00 1.33557931e+00
917 10 1.96349541e+00 1.32330425e+00
918 10 1.96349541e+00 1.33040492e+00
919 10 1.96349541e+00 1.32264073e+00
920 10 1.96349541e+00 1.32967397e+00
921 10 1.96349541e+00 1.31518408e+00
922 10 1.96349541e+00 1.32475719e+00
923 10 1.96349541e+00 1.32387724e+00
924 10 1.96349541e+00 1.32257361e+00
925 10 1.96349541e+00 1.31380760e+00
926 10 1.96349541e+00 1.33100059e+00
927 10 1.96349541e+00 1.32724687e+00
928 10 1.96349541e+00 1.32269706e+00
929 10 1.96349541e+00 1.33157071e+00
930 10 1.96349541e+00 1.33958963e+00
931 10 1.96349541e+00 1.34176483e+00
932 10 1.96349541e+00 1.32107051e+00
933 10 1.96349541e+00 1.31455733e+00
934 10 1.96349541e+00 1.31890062e+00
935 10 1.96349541e+00 1.32394583e+00
936 10 1.96349541e+00 1.31861846e+00
937 10 1.96349541e+00 1.34163566e+00
938 10 1.96349541e+00 1.33117689e+00
939 10 1.96349541e+00 1.32184571e+00
940 10 1.96349541e+00 1.33239125e+00
941 10 1.96349541e+00 1.32048789e+00
942 10 1.96349541e+00 1.32071126e+00
943 10 1.96349541e+00 1.34069794e+00
944 10 1.96349541e+00 1.33144751e+00
945 10 1.96349541e+00 1.32997542e+00
946 10 1.96349541e+00 1.32108430e+00
947 10 1.96349541e+00 1.33070044e+00
948 10 1.96349541e+00 1.32563652e+00
949 10 1.96349541e+00 1.32937679e+00
950 10 1.96349541e+00 1.32275405e+00
951 10 1.96349541e+00 1.33025657e+00
952 10 1.96349541e+00 1.31625125e+00
953 10 1.96349541e+00 1.33688546e+00
954 10 1.96349541e+00 1.33361374e+00
955 10 1.96349541e+00 1.32287356e+00
956 10 1.96349541e+00 1.32641088e+00
957 10 1.96349541e+00 1.32781861e+00
958 10 1.96349541e+00 1.33534560e+00
959 10 1.96349541e+00 1.31904667e+00
960 10 1.96349541e+00 1.33074781e+00
961 10 1.96349541e+00 1.33268418e+00
962 10 1.96349541e+00 1.32924939e+00
963 10 1.96349541e+00 1.32214858e+00
964 10 1.96349541e+00 1.32916829e+00
965 10 1.96349541e+00 1.33997418e+00
966 10 1.96349541e+00 1.32427763e+00
967 10 1.96349541e+00 1.31059522e+00
968 10 1.96349541e+00 1.32446608e+00
969 10 1.96349541e+00 1.31630094e+00
970 10 1.96349541e+00 1.34087657e+00
971 10 1.96349541e+00 1.32345569e+00
972 10 1.96349541e+00 1.33768841e+00
973 10 1.96349541e+00 1.32449569e+00
974 10 1.96349541e+00 1.31554826e+00
975 10 1.96349541e+00 1.35372166e+00
976 10 1.96349541e+00 1.31636321e+00
977 10 1.96349541e+00 1.32840976e+00
978 10 1.96349541e+00 1.32155237e+00
979 10 1.96349541e+00 1.32305716e+00
980 10 1.96349541e+00 1.32295004e+00
981 10 1.96349541e+00 1.32163996e+00
982 10 1.96349541e+00 1.32816785e+00
983 10 1.96349541e+00 1.33065574e+00
984 10 1.96349541e+00 1.33737365e+00
985 10 1.96349541e+00 1.32296837e+00
986 10 1.96349541e+00 1.31875440e+00
987 10 1.96349541e+00 1.30715250e+00
988 10 1.96349541e+00 1.33355052e+00
989 10 1.96349541e+00 1.32309434e+00
990 10 1.96349541e+00 1.32014778e+00
991 10 1.96349541e+00 1.31497729e+00
992 10 1.96349541e+00 1.33213255e+00
993 10 1.96349541e+00 1.32914248e+00
994 10 1.96349541e+00 1.33538164e+00
995 10 1.96349541e+00 1.34805429e+00
996 10 1.96349541e+00 1.32117364e+00
997 10 1.96349541e+00 1.32360496e+00
998 10 1.96349541e+00 1.32786898e+00
999 10 1.96349541e+00 1.34053693e+00
1000 10 1.96349541e+00 1.33393605e+00
1001 10 1.96349541e+00 1.33505832e+00
1002 10 1.96349541e+00 1.31682251e+00
1003 10 1.96349541e+00 1.32763104e+00
1004 10 1.96349541e+00 1.33392904e+00
1005 10 1.96349541e+00 1.31596981e+00
1006 10 1.96349541e+00 1.34628645e+00
1007 10 1.96349541e+00 1.32503715e+00
1008 10 1.96349541e+00 1.32282181e+00
1009 10 1.96349541e+00 1.31884975e+00
1010 10 1.96349541e+00 1.32809800e+00
1011 10 1.96349541e+00 1.33258808e+00
1012 10 1.96349541e+00 1.32598545e+00
1013 10 1.96349541e+00 1.31366854e+00
1014 10 1.96349541e+00 1.31930721e+00
1015 10 1.96349541e+00 1.33735181e+00
1016 10 1.96349541e+00 1.32717493e+00
1017 10 1.96349541e+00 1.30386459e+00
1018 10 1.96349541e+00 1.33454176e+00
1019 10 1.96349541e+00 1.32914612e+00
1020 10 1.96349541e+00 1.33652858e+00
1021 10 1.96349541e+00 1.32339704e+00
1022 10 1.96349541e+00 1.32419553e+00
1023 10 1.96349541e+00 1.33154082e+00
1024 10 1.96349541e+00 1.32239219e+00
1025 10 1.96349541e+00 1.32786797e+00
