a15m310 Wilson3 pz2 0.151fm zmax6
config z nu=p.z RpITD
0 1 7.85398163e-01 6.71880226e-02
1 1 7.85398163e-01 6.66357416e-02
2 1 7.85398163e-01 6.68301746e-02
3 1 7.85398163e-01 6.67630284e-02
4 1 7.85398163e-01 6.68493881e-02
5 1 7.85398163e-01 6.68551642e-02
6 1 7.85398163e-01 6.66702742e-02
7 1 7.85398163e-01 6.68665875e-02
8 1 7.85398163e-01 6.68077958e-02
9 1 7.85398163e-01 6.69956778e-02
10 1 7.85398163e-01 6.66503383e-02
11 1 7.85398163e-01 6.69884693e-02
12 1 7.85398163e-01 6.69327101e-02
13 1 7.85398163e-01 6.71269449e-02
14 1 7.85398163e-01 6.71833999e-02
15 1 7.85398163e-01 6.65594617e-02
16 1 7.85398163e-01 6.55755347e-02
17 1 7.85398163e-01 6.66632774e-02
18 1 7.85398163e-01 6.70115850e-02
19 1 7.85398163e-01 6.66177477e-02
20 1 7.85398163e-01 6.63814376e-02
21 1 7.85398163e-01 6.67095082e-02
22 1 7.85398163e-01 6.70018829e-02
23 1 7.85398163e-01 6.78727845e-02
24 1 7.85398163e-01 6.63547889e-02
25 1 7.85398163e-01 6.67379849e-02
26 1 7.85398163e-01 6.68492781e-02
27 1 7.85398163e-01 6.61462793e-02
28 1 7.85398163e-01 6.71284491e-02
29 1 7.85398163e-01 6.70924283e-02
30 1 7.85398163e-01 6.64023404e-02
31 1 7.85398163e-01 6.66096766e-02
32 1 7.85398163e-01 6.62094132e-02
33 1 7.85398163e-01 6.64013007e-02
34 1 7.85398163e-01 6.71395606e-02
35 1 7.85398163e-01 6.70691668e-02
36 1 7.85398163e-01 6.63687915e-02
37 1 7.85398163e-01 6.66434217e-02
38 1 7.85398163e-01 6.61753703e-02
39 1 7.85398163e-01 6.61112751e-02
40 1 7.85398163e-01 6.59440289e-02
41 1 7.85398163e-01 6.66998835e-02
42 1 7.85398163e-01 6.72207400e-02
43 1 7.85398163e-01 6.70873789e-02
44 1 7.85398163e-01 6.64590308e-02
45 1 7.85398163e-01 6.67687245e-02
46 1 7.85398163e-01 6.66403695e-02
47 1 7.85398163e-01 6.66597869e-02
48 1 7.85398163e-01 6.66369446e-02
49 1 7.85398163e-01 6.69588919e-02
50 1 7.85398163e-01 6.70501968e-02
51 1 7.85398163e-01 6.68562943e-02
52 1 7.85398163e-01 6.64555226e-02
53 1 7.85398163e-01 6.65618415e-02
54 1 7.85398163e-01 6.65138783e-02
55 1 7.85398163e-01 6.71449201e-02
56 1 7.85398163e-01 6.72657562e-02
57 1 7.85398163e-01 6.65254178e-02
58 1 7.85398163e-01 6.68702681e-02
59 1 7.85398163e-01 6.70560293e-02
60 1 7.85398163e-01 6.61878648e-02
61 1 7.85398163e-01 6.64833094e-02
62 1 7.85398163e-01 6.67807756e-02
63 1 7.85398163e-01 6.67552549e-02
64 1 7.85398163e-01 6.69001691e-02
65 1 7.85398163e-01 6.66310981e-02
66 1 7.85398163e-01 6.75444109e-02
67 1 7.85398163e-01 6.63331719e-02
68 1 7.85398163e-01 6.66869637e-02
69 1 7.85398163e-01 6.69419946e-02
70 1 7.85398163e-01 6.65035863e-02
71 1 7.85398163e-01 6.64595012e-02
72 1 7.85398163e-01 6.60787259e-02
73 1 7.85398163e-01 6.73301235e-02
74 1 7.85398163e-01 6.71145474e-02
75 1 7.85398163e-01 6.69619541e-02
76 1 7.85398163e-01 6.65585072e-02
77 1 7.85398163e-01 6.62859699e-02
78 1 7.85398163e-01 6.67963500e-02
79 1 7.85398163e-01 6.68767140e-02
80 1 7.85398163e-01 6.67836226e-02
81 1 7.85398163e-01 6.66163832e-02
82 1 7.85398163e-01 6.66819962e-02
83 1 7.85398163e-01 6.67951236e-02
84 1 7.85398163e-01 6.64791563e-02
85 1 7.85398163e-01 6.75514139e-02
86 1 7.85398163e-01 6.68761060e-02
87 1 7.85398163e-01 6.68035093e-02
88 1 7.85398163e-01 6.66071104e-02
89 1 7.85398163e-01 6.65358287e-02
90 1 7.85398163e-01 6.69331004e-02
91 1 7.85398163e-01 6.67770488e-02
92 1 7.85398163e-01 6.67184174e-02
93 1 7.85398163e-01 6.68751792e-02
94 1 7.85398163e-01 6.72867200e-02
95 1 7.85398163e-01 6.71198908e-02
96 1 7.85398163e-01 6.69484070e-02
97 1 7.85398163e-01 6.69098623e-02
98 1 7.85398163e-01 6.70004192e-02
99 1 7.85398163e-01 6.72063034e-02
100 1 7.85398163e-01 6.67335770e-02
101 1 7.85398163e-01 6.71245731e-02
102 1 7.85398163e-01 6.69562309e-02
103 1 7.85398163e-01 6.70022432e-02
104 1 7.85398163e-01 6.66932670e-02
105 1 7.85398163e-01 6.71015824e-02
106 1 7.85398163e-01 6.63366778e-02
107 1 7.85398163e-01 6.70199586e-02
108 1 7.85398163e-01 6.69227949e-02
109 1 7.85398163e-01 6.71947275e-02
110 1 7.85398163e-01 6.69402346e-02
111 1 7.85398163e-01 6.62689849e-02
112 1 7.85398163e-01 6.65454607e-02
113 1 7.85398163e-01 6.67587026e-02
114 1 7.85398163e-01 6.68520684e-02
115 1 7.85398163e-01 6.61687149e-02
116 1 7.85398163e-01 6.66863492e-02
117 1 7.85398163e-01 6.70019596e-02
118 1 7.85398163e-01 6.63892057e-02
119 1 7.85398163e-01 6.66446760e-02
120 1 7.85398163e-01 6.56089087e-02
121 1 7.85398163e-01 6.67436563e-02
122 1 7.85398163e-01 6.57778845e-02
123 1 7.85398163e-01 6.71489995e-02
124 1 7.85398163e-01 6.67477415e-02
125 1 7.85398163e-01 6.64030121e-02
126 1 7.85398163e-01 6.71472241e-02
127 1 7.85398163e-01 6.68411366e-02
128 1 7.85398163e-01 6.69908391e-02
129 1 7.85398163e-01 6.56460464e-02
130 1 7.85398163e-01 6.66271999e-02
131 1 7.85398163e-01 6.68772178e-02
132 1 7.85398163e-01 6.63835993e-02
133 1 7.85398163e-01 6.70192392e-02
134 1 7.85398163e-01 6.72913094e-02
135 1 7.85398163e-01 6.69611696e-02
136 1 7.85398163e-01 6.61541657e-02
137 1 7.85398163e-01 6.65805889e-02
138 1 7.85398163e-01 6.68346773e-02
139 1 7.85398163e-01 6.64809422e-02
140 1 7.85398163e-01 6.66632864e-02
141 1 7.85398163e-01 6.63458517e-02
142 1 7.85398163e-01 6.62976586e-02
143 1 7.85398163e-01 6.67351815e-02
144 1 7.85398163e-01 6.64689168e-02
145 1 7.85398163e-01 6.75358867e-02
146 1 7.85398163e-01 6.63803761e-02
147 1 7.85398163e-01 6.66119753e-02
148 1 7.85398163e-01 6.69435900e-02
149 1 7.85398163e-01 6.73927570e-02
150 1 7.85398163e-01 6.63130132e-02
151 1 7.85398163e-01 6.61907733e-02
152 1 7.85398163e-01 6.63226084e-02
153 1 7.85398163e-01 6.65510895e-02
154 1 7.85398163e-01 6.70989717e-02
155 1 7.85398163e-01 6.70638126e-02
156 1 7.85398163e-01 6.73277863e-02
157 1 7.85398163e-01 6.61459648e-02
158 1 7.85398163e-01 6.74655398e-02
159 1 7.85398163e-01 6.67712556e-02
160 1 7.85398163e-01 6.66441068e-02
161 1 7.85398163e-01 6.61858059e-02
162 1 7.85398163e-01 6.63707968e-02
163 1 7.85398163e-01 6.72685370e-02
164 1 7.85398163e-01 6.66030663e-02
165 1 7.85398163e-01 6.65786391e-02
166 1 7.85398163e-01 6.71706194e-02
167 1 7.85398163e-01 6.72949666e-02
168 1 7.85398163e-01 6.69333832e-02
169 1 7.85398163e-01 6.68809059e-02
170 1 7.85398163e-01 6.69983042e-02
171 1 7.85398163e-01 6.66421482e-02
172 1 7.85398163e-01 6.73289168e-02
173 1 7.85398163e-01 6.70015741e-02
174 1 7.85398163e-01 6.74825594e-02
175 1 7.85398163e-01 6.75502078e-02
176 1 7.85398163e-01 6.71004428e-02
177 1 7.85398163e-01 6.65766410e-02
178 1 7.85398163e-01 6.64692193e-02
179 1 7.85398163e-01 6.67600281e-02
180 1 7.85398163e-01 6.66206876e-02
181 1 7.85398163e-01 6.69173365e-02
182 1 7.85398163e-01 6.63936972e-02
183 1 7.85398163e-01 6.70045589e-02
184 1 7.85398163e-01 6.66549719e-02
185 1 7.85398163e-01 6.63262002e-02
186 1 7.85398163e-01 6.65819576e-02
187 1 7.85398163e-01 6.70126530e-02
188 1 7.85398163e-01 6.65589486e-02
189 1 7.85398163e-01 6.69053828e-02
190 1 7.85398163e-01 6.67098629e-02
191 1 7.85398163e-01 6.74538435e-02
192 1 7.85398163e-01 6.67598077e-02
193 1 7.85398163e-01 6.70293381e-02
194 1 7.85398163e-01 6.63771535e-02
195 1 7.85398163e-01 6.70861994e-02
196 1 7.85398163e-01 6.66394462e-02
197 1 7.85398163e-01 6.70141374e-02
198 1 7.85398163e-01 6.62282573e-02
199 1 7.85398163e-01 6.65700190e-02
200 1 7.85398163e-01 6.63963574e-02
201 1 7.85398163e-01 6.66186444e-02
202 1 7.85398163e-01 6.62824372e-02
203 1 7.85398163e-01 6.67544459e-02
204 1 7.85398163e-01 6.63647813e-02
205 1 7.85398163e-01 6.71133316e-02
206 1 7.85398163e-01 6.67686286e-02
207 1 7.85398163e-01 6.69397679e-02
208 1 7.85398163e-01 6.69060927e-02
209 1 7.85398163e-01 6.70486915e-02
210 1 7.85398163e-01 6.60722695e-02
211 1 7.85398163e-01 6.65172262e-02
212 1 7.85398163e-01 6.58938643e-02
213 1 7.85398163e-01 6.60510953e-02
214 1 7.85398163e-01 6.64703317e-02
215 1 7.85398163e-01 6.70325463e-02
216 1 7.85398163e-01 6.67785143e-02
217 1 7.85398163e-01 6.82115013e-02
218 1 7.85398163e-01 6.74203175e-02
219 1 7.85398163e-01 6.70467040e-02
220 1 7.85398163e-01 6.72337267e-02
221 1 7.85398163e-01 6.69100874e-02
222 1 7.85398163e-01 6.65037709e-02
223 1 7.85398163e-01 6.69020712e-02
224 1 7.85398163e-01 6.63658354e-02
225 1 7.85398163e-01 6.68235748e-02
226 1 7.85398163e-01 6.65446096e-02
227 1 7.85398163e-01 6.67261388e-02
228 1 7.85398163e-01 6.69880991e-02
229 1 7.85398163e-01 6.67171690e-02
230 1 7.85398163e-01 6.66223795e-02
231 1 7.85398163e-01 6.67857751e-02
232 1 7.85398163e-01 6.68841479e-02
233 1 7.85398163e-01 6.62157499e-02
234 1 7.85398163e-01 6.70999654e-02
235 1 7.85398163e-01 6.67328289e-02
236 1 7.85398163e-01 6.63824968e-02
237 1 7.85398163e-01 6.74873686e-02
238 1 7.85398163e-01 6.68901166e-02
239 1 7.85398163e-01 6.70226411e-02
240 1 7.85398163e-01 6.74980980e-02
241 1 7.85398163e-01 6.67132669e-02
242 1 7.85398163e-01 6.69043801e-02
243 1 7.85398163e-01 6.67410739e-02
244 1 7.85398163e-01 6.59098858e-02
245 1 7.85398163e-01 6.59418715e-02
246 1 7.85398163e-01 6.66587257e-02
247 1 7.85398163e-01 6.70378874e-02
248 1 7.85398163e-01 6.64277768e-02
249 1 7.85398163e-01 6.68263088e-02
250 1 7.85398163e-01 6.69939666e-02
251 1 7.85398163e-01 6.64353081e-02
252 1 7.85398163e-01 6.67667846e-02
253 1 7.85398163e-01 6.69185070e-02
254 1 7.85398163e-01 6.69158968e-02
255 1 7.85398163e-01 6.63375759e-02
256 1 7.85398163e-01 6.66095776e-02
257 1 7.85398163e-01 6.73408006e-02
258 1 7.85398163e-01 6.63611269e-02
259 1 7.85398163e-01 6.62070771e-02
260 1 7.85398163e-01 6.65532236e-02
261 1 7.85398163e-01 6.67879459e-02
262 1 7.85398163e-01 6.64506628e-02
263 1 7.85398163e-01 6.57173190e-02
264 1 7.85398163e-01 6.64134591e-02
265 1 7.85398163e-01 6.70051618e-02
266 1 7.85398163e-01 6.62888940e-02
267 1 7.85398163e-01 6.69935109e-02
268 1 7.85398163e-01 6.60495041e-02
269 1 7.85398163e-01 6.69237294e-02
270 1 7.85398163e-01 6.68915002e-02
271 1 7.85398163e-01 6.75948862e-02
272 1 7.85398163e-01 6.66814609e-02
273 1 7.85398163e-01 6.65544850e-02
274 1 7.85398163e-01 6.63220392e-02
275 1 7.85398163e-01 6.68759372e-02
276 1 7.85398163e-01 6.67676455e-02
277 1 7.85398163e-01 6.64594131e-02
278 1 7.85398163e-01 6.72722975e-02
279 1 7.85398163e-01 6.69017545e-02
280 1 7.85398163e-01 6.61349463e-02
281 1 7.85398163e-01 6.68206988e-02
282 1 7.85398163e-01 6.68894188e-02
283 1 7.85398163e-01 6.69686056e-02
284 1 7.85398163e-01 6.60918583e-02
285 1 7.85398163e-01 6.61334711e-02
286 1 7.85398163e-01 6.59764385e-02
287 1 7.85398163e-01 6.63014648e-02
288 1 7.85398163e-01 6.70638228e-02
289 1 7.85398163e-01 6.70789792e-02
290 1 7.85398163e-01 6.67437047e-02
291 1 7.85398163e-01 6.63945126e-02
292 1 7.85398163e-01 6.69637431e-02
293 1 7.85398163e-01 6.73773317e-02
294 1 7.85398163e-01 6.69731342e-02
295 1 7.85398163e-01 6.70068213e-02
296 1 7.85398163e-01 6.71085185e-02
297 1 7.85398163e-01 6.68787955e-02
298 1 7.85398163e-01 6.66357387e-02
299 1 7.85398163e-01 6.61647399e-02
300 1 7.85398163e-01 6.70737764e-02
301 1 7.85398163e-01 6.67087060e-02
302 1 7.85398163e-01 6.63791325e-02
303 1 7.85398163e-01 6.61313579e-02
304 1 7.85398163e-01 6.71273082e-02
305 1 7.85398163e-01 6.69197509e-02
306 1 7.85398163e-01 6.60187071e-02
307 1 7.85398163e-01 6.66577077e-02
308 1 7.85398163e-01 6.67830403e-02
309 1 7.85398163e-01 6.70465139e-02
310 1 7.85398163e-01 6.63971490e-02
311 1 7.85398163e-01 6.59367947e-02
312 1 7.85398163e-01 6.72215230e-02
313 1 7.85398163e-01 6.63962132e-02
314 1 7.85398163e-01 6.66408314e-02
315 1 7.85398163e-01 6.62047041e-02
316 1 7.85398163e-01 6.61342130e-02
317 1 7.85398163e-01 6.62463781e-02
318 1 7.85398163e-01 6.63682615e-02
319 1 7.85398163e-01 6.68353074e-02
320 1 7.85398163e-01 6.66792646e-02
321 1 7.85398163e-01 6.67574326e-02
322 1 7.85398163e-01 6.69198879e-02
323 1 7.85398163e-01 6.65187282e-02
324 1 7.85398163e-01 6.68342069e-02
325 1 7.85398163e-01 6.72373040e-02
326 1 7.85398163e-01 6.66406944e-02
327 1 7.85398163e-01 6.71247056e-02
328 1 7.85398163e-01 6.66249311e-02
329 1 7.85398163e-01 6.66859932e-02
330 1 7.85398163e-01 6.64045403e-02
331 1 7.85398163e-01 6.70722493e-02
332 1 7.85398163e-01 6.71798885e-02
333 1 7.85398163e-01 6.62506573e-02
334 1 7.85398163e-01 6.61944592e-02
335 1 7.85398163e-01 6.72655325e-02
336 1 7.85398163e-01 6.63233523e-02
337 1 7.85398163e-01 6.67713506e-02
338 1 7.85398163e-01 6.64271094e-02
339 1 7.85398163e-01 6.63876437e-02
340 1 7.85398163e-01 6.61458474e-02
341 1 7.85398163e-01 6.64801017e-02
342 1 7.85398163e-01 6.61869096e-02
343 1 7.85398163e-01 6.64200943e-02
344 1 7.85398163e-01 6.61600615e-02
345 1 7.85398163e-01 6.66622965e-02
346 1 7.85398163e-01 6.61808210e-02
347 1 7.85398163e-01 6.62666633e-02
348 1 7.85398163e-01 6.67720515e-02
349 1 7.85398163e-01 6.73212452e-02
350 1 7.85398163e-01 6.67101877e-02
351 1 7.85398163e-01 6.64920231e-02
352 1 7.85398163e-01 6.67819406e-02
353 1 7.85398163e-01 6.66292026e-02
354 1 7.85398163e-01 6.69672709e-02
355 1 7.85398163e-01 6.66958069e-02
356 1 7.85398163e-01 6.70197449e-02
357 1 7.85398163e-01 6.71725011e-02
358 1 7.85398163e-01 6.63479755e-02
359 1 7.85398163e-01 6.67637889e-02
360 1 7.85398163e-01 6.65891418e-02
361 1 7.85398163e-01 6.67336137e-02
362 1 7.85398163e-01 6.65001233e-02
363 1 7.85398163e-01 6.72282283e-02
364 1 7.85398163e-01 6.67974288e-02
365 1 7.85398163e-01 6.61719876e-02
366 1 7.85398163e-01 6.67623864e-02
367 1 7.85398163e-01 6.68720219e-02
368 1 7.85398163e-01 6.61075436e-02
369 1 7.85398163e-01 6.66646134e-02
370 1 7.85398163e-01 6.70091651e-02
371 1 7.85398163e-01 6.61882388e-02
372 1 7.85398163e-01 6.71812827e-02
373 1 7.85398163e-01 6.60593999e-02
374 1 7.85398163e-01 6.61229818e-02
375 1 7.85398163e-01 6.63484273e-02
376 1 7.85398163e-01 6.61841438e-02
377 1 7.85398163e-01 6.69730574e-02
378 1 7.85398163e-01 6.70684428e-02
379 1 7.85398163e-01 6.67662304e-02
380 1 7.85398163e-01 6.68264630e-02
381 1 7.85398163e-01 6.60009213e-02
382 1 7.85398163e-01 6.62555248e-02
383 1 7.85398163e-01 6.69351287e-02
384 1 7.85398163e-01 6.70913072e-02
385 1 7.85398163e-01 6.64456312e-02
386 1 7.85398163e-01 6.63772577e-02
387 1 7.85398163e-01 6.64971802e-02
388 1 7.85398163e-01 6.67600626e-02
389 1 7.85398163e-01 6.65183882e-02
390 1 7.85398163e-01 6.74041382e-02
391 1 7.85398163e-01 6.65900536e-02
392 1 7.85398163e-01 6.64279605e-02
393 1 7.85398163e-01 6.68733410e-02
394 1 7.85398163e-01 6.66704715e-02
395 1 7.85398163e-01 6.67710380e-02
396 1 7.85398163e-01 6.54965601e-02
397 1 7.85398163e-01 6.68046778e-02
398 1 7.85398163e-01 6.65259575e-02
399 1 7.85398163e-01 6.65458827e-02
400 1 7.85398163e-01 6.64573609e-02
401 1 7.85398163e-01 6.59396093e-02
402 1 7.85398163e-01 6.68508946e-02
403 1 7.85398163e-01 6.74996426e-02
404 1 7.85398163e-01 6.62623538e-02
405 1 7.85398163e-01 6.63306156e-02
406 1 7.85398163e-01 6.71212377e-02
407 1 7.85398163e-01 6.70915121e-02
408 1 7.85398163e-01 6.65925538e-02
409 1 7.85398163e-01 6.63425613e-02
410 1 7.85398163e-01 6.69497468e-02
411 1 7.85398163e-01 6.72890703e-02
412 1 7.85398163e-01 6.66448944e-02
413 1 7.85398163e-01 6.66467462e-02
414 1 7.85398163e-01 6.66334652e-02
415 1 7.85398163e-01 6.69099496e-02
416 1 7.85398163e-01 6.71041670e-02
417 1 7.85398163e-01 6.55546080e-02
418 1 7.85398163e-01 6.61404819e-02
419 1 7.85398163e-01 6.65087579e-02
420 1 7.85398163e-01 6.67376352e-02
421 1 7.85398163e-01 6.67703991e-02
422 1 7.85398163e-01 6.73291865e-02
423 1 7.85398163e-01 6.67423083e-02
424 1 7.85398163e-01 6.60897097e-02
425 1 7.85398163e-01 6.69787805e-02
426 1 7.85398163e-01 6.67966460e-02
427 1 7.85398163e-01 6.58500145e-02
428 1 7.85398163e-01 6.65754951e-02
429 1 7.85398163e-01 6.72165946e-02
430 1 7.85398163e-01 6.72891316e-02
431 1 7.85398163e-01 6.64007932e-02
432 1 7.85398163e-01 6.64021597e-02
433 1 7.85398163e-01 6.60396051e-02
434 1 7.85398163e-01 6.66041242e-02
435 1 7.85398163e-01 6.66596508e-02
436 1 7.85398163e-01 6.62765026e-02
437 1 7.85398163e-01 6.62813183e-02
438 1 7.85398163e-01 6.66838969e-02
439 1 7.85398163e-01 6.68766296e-02
440 1 7.85398163e-01 6.62531001e-02
441 1 7.85398163e-01 6.67380264e-02
442 1 7.85398163e-01 6.64711183e-02
443 1 7.85398163e-01 6.63074735e-02
444 1 7.85398163e-01 6.68568114e-02
445 1 7.85398163e-01 6.67583862e-02
446 1 7.85398163e-01 6.68497509e-02
447 1 7.85398163e-01 6.68654534e-02
448 1 7.85398163e-01 6.68154547e-02
449 1 7.85398163e-01 6.73544301e-02
450 1 7.85398163e-01 6.70311568e-02
451 1 7.85398163e-01 6.69571147e-02
452 1 7.85398163e-01 6.68794238e-02
453 1 7.85398163e-01 6.66442463e-02
454 1 7.85398163e-01 6.67142197e-02
455 1 7.85398163e-01 6.66677651e-02
456 1 7.85398163e-01 6.67974552e-02
457 1 7.85398163e-01 6.70026007e-02
458 1 7.85398163e-01 6.71898773e-02
459 1 7.85398163e-01 6.67539327e-02
460 1 7.85398163e-01 6.68464369e-02
461 1 7.85398163e-01 6.68342214e-02
462 1 7.85398163e-01 6.71125955e-02
463 1 7.85398163e-01 6.67607856e-02
464 1 7.85398163e-01 6.66463883e-02
465 1 7.85398163e-01 6.67840146e-02
466 1 7.85398163e-01 6.67978168e-02
467 1 7.85398163e-01 6.66098017e-02
468 1 7.85398163e-01 6.61212958e-02
469 1 7.85398163e-01 6.65911596e-02
470 1 7.85398163e-01 6.68205122e-02
471 1 7.85398163e-01 6.63719599e-02
472 1 7.85398163e-01 6.69097826e-02
473 1 7.85398163e-01 6.72589659e-02
474 1 7.85398163e-01 6.66921368e-02
475 1 7.85398163e-01 6.70815731e-02
476 1 7.85398163e-01 6.71179815e-02
477 1 7.85398163e-01 6.74516726e-02
478 1 7.85398163e-01 6.74297975e-02
479 1 7.85398163e-01 6.71400777e-02
480 1 7.85398163e-01 6.70699862e-02
481 1 7.85398163e-01 6.65655212e-02
482 1 7.85398163e-01 6.63769260e-02
483 1 7.85398163e-01 6.71740815e-02
484 1 7.85398163e-01 6.62011375e-02
485 1 7.85398163e-01 6.65671516e-02
486 1 7.85398163e-01 6.66510415e-02
487 1 7.85398163e-01 6.68932714e-02
488 1 7.85398163e-01 6.65542068e-02
489 1 7.85398163e-01 6.67140275e-02
490 1 7.85398163e-01 6.69008228e-02
491 1 7.85398163e-01 6.63705136e-02
492 1 7.85398163e-01 6.74862448e-02
493 1 7.85398163e-01 6.67595562e-02
494 1 7.85398163e-01 6.68214299e-02
495 1 7.85398163e-01 6.61956143e-02
496 1 7.85398163e-01 6.64584706e-02
497 1 7.85398163e-01 6.60025301e-02
498 1 7.85398163e-01 6.68330321e-02
499 1 7.85398163e-01 6.73903418e-02
500 1 7.85398163e-01 6.62356261e-02
501 1 7.85398163e-01 6.65978316e-02
502 1 7.85398163e-01 6.66328851e-02
503 1 7.85398163e-01 6.72346979e-02
504 1 7.85398163e-01 6.69827366e-02
505 1 7.85398163e-01 6.65633769e-02
506 1 7.85398163e-01 6.69102597e-02
507 1 7.85398163e-01 6.60821275e-02
508 1 7.85398163e-01 6.66861871e-02
509 1 7.85398163e-01 6.61960051e-02
510 1 7.85398163e-01 6.65019806e-02
511 1 7.85398163e-01 6.73582340e-02
512 1 7.85398163e-01 6.71458783e-02
513 1 7.85398163e-01 6.64146363e-02
514 1 7.85398163e-01 6.69848537e-02
515 1 7.85398163e-01 6.72214420e-02
516 1 7.85398163e-01 6.65069580e-02
517 1 7.85398163e-01 6.69645400e-02
518 1 7.85398163e-01 6.68578228e-02
519 1 7.85398163e-01 6.68981223e-02
520 1 7.85398163e-01 6.69064371e-02
521 1 7.85398163e-01 6.66873130e-02
522 1 7.85398163e-01 6.66069650e-02
523 1 7.85398163e-01 6.64493923e-02
524 1 7.85398163e-01 6.66942067e-02
525 1 7.85398163e-01 6.72458535e-02
526 1 7.85398163e-01 6.65976349e-02
527 1 7.85398163e-01 6.69458476e-02
528 1 7.85398163e-01 6.67703806e-02
529 1 7.85398163e-01 6.72502151e-02
530 1 7.85398163e-01 6.72233523e-02
531 1 7.85398163e-01 6.59356686e-02
532 1 7.85398163e-01 6.61534473e-02
533 1 7.85398163e-01 6.64545670e-02
534 1 7.85398163e-01 6.66393369e-02
535 1 7.85398163e-01 6.63968027e-02
536 1 7.85398163e-01 6.66397927e-02
537 1 7.85398163e-01 6.67377701e-02
538 1 7.85398163e-01 6.64787031e-02
539 1 7.85398163e-01 6.62883890e-02
540 1 7.85398163e-01 6.66033047e-02
541 1 7.85398163e-01 6.68296783e-02
542 1 7.85398163e-01 6.72964818e-02
543 1 7.85398163e-01 6.68252920e-02
544 1 7.85398163e-01 6.64588598e-02
545 1 7.85398163e-01 6.68861045e-02
546 1 7.85398163e-01 6.70383745e-02
547 1 7.85398163e-01 6.60713560e-02
548 1 7.85398163e-01 6.64779706e-02
549 1 7.85398163e-01 6.70039803e-02
550 1 7.85398163e-01 6.70319901e-02
551 1 7.85398163e-01 6.74100555e-02
552 1 7.85398163e-01 6.66747149e-02
553 1 7.85398163e-01 6.73937096e-02
554 1 7.85398163e-01 6.67244729e-02
555 1 7.85398163e-01 6.61016348e-02
556 1 7.85398163e-01 6.72793462e-02
557 1 7.85398163e-01 6.66366281e-02
558 1 7.85398163e-01 6.70820301e-02
559 1 7.85398163e-01 6.65606169e-02
560 1 7.85398163e-01 6.63162616e-02
561 1 7.85398163e-01 6.63564284e-02
562 1 7.85398163e-01 6.63060636e-02
563 1 7.85398163e-01 6.61406700e-02
564 1 7.85398163e-01 6.70190992e-02
565 1 7.85398163e-01 6.71433419e-02
566 1 7.85398163e-01 6.72599491e-02
567 1 7.85398163e-01 6.72887183e-02
568 1 7.85398163e-01 6.74930650e-02
569 1 7.85398163e-01 6.70309847e-02
570 1 7.85398163e-01 6.70712637e-02
571 1 7.85398163e-01 6.72003437e-02
572 1 7.85398163e-01 6.67379746e-02
573 1 7.85398163e-01 6.65989878e-02
574 1 7.85398163e-01 6.65857776e-02
575 1 7.85398163e-01 6.64567674e-02
576 1 7.85398163e-01 6.66920429e-02
577 1 7.85398163e-01 6.63763778e-02
578 1 7.85398163e-01 6.69563547e-02
579 1 7.85398163e-01 6.71249904e-02
580 1 7.85398163e-01 6.69794618e-02
581 1 7.85398163e-01 6.74406186e-02
582 1 7.85398163e-01 6.74314669e-02
583 1 7.85398163e-01 6.67781778e-02
584 1 7.85398163e-01 6.65310423e-02
585 1 7.85398163e-01 6.66352200e-02
586 1 7.85398163e-01 6.67518618e-02
587 1 7.85398163e-01 6.61556798e-02
588 1 7.85398163e-01 6.67122830e-02
589 1 7.85398163e-01 6.61422280e-02
590 1 7.85398163e-01 6.71353786e-02
591 1 7.85398163e-01 6.74592986e-02
592 1 7.85398163e-01 6.72389529e-02
593 1 7.85398163e-01 6.69301373e-02
594 1 7.85398163e-01 6.65963527e-02
595 1 7.85398163e-01 6.62335633e-02
596 1 7.85398163e-01 6.65222904e-02
597 1 7.85398163e-01 6.67427682e-02
598 1 7.85398163e-01 6.65809898e-02
599 1 7.85398163e-01 6.70794589e-02
600 1 7.85398163e-01 6.67712978e-02
601 1 7.85398163e-01 6.65178596e-02
602 1 7.85398163e-01 6.70872566e-02
603 1 7.85398163e-01 6.63625876e-02
604 1 7.85398163e-01 6.66902118e-02
605 1 7.85398163e-01 6.64254539e-02
606 1 7.85398163e-01 6.71624321e-02
607 1 7.85398163e-01 6.67191021e-02
608 1 7.85398163e-01 6.72603342e-02
609 1 7.85398163e-01 6.71130027e-02
610 1 7.85398163e-01 6.73257650e-02
611 1 7.85398163e-01 6.64793507e-02
612 1 7.85398163e-01 6.69298015e-02
613 1 7.85398163e-01 6.63988761e-02
614 1 7.85398163e-01 6.70640815e-02
615 1 7.85398163e-01 6.63093293e-02
616 1 7.85398163e-01 6.71185295e-02
617 1 7.85398163e-01 6.69651942e-02
618 1 7.85398163e-01 6.66045729e-02
619 1 7.85398163e-01 6.68749456e-02
620 1 7.85398163e-01 6.68939554e-02
621 1 7.85398163e-01 6.73563276e-02
622 1 7.85398163e-01 6.69895962e-02
623 1 7.85398163e-01 6.66009497e-02
624 1 7.85398163e-01 6.67867739e-02
625 1 7.85398163e-01 6.69683218e-02
626 1 7.85398163e-01 6.66926261e-02
627 1 7.85398163e-01 6.64102593e-02
628 1 7.85398163e-01 6.69865452e-02
629 1 7.85398163e-01 6.58195820e-02
630 1 7.85398163e-01 6.63852992e-02
631 1 7.85398163e-01 6.72737357e-02
632 1 7.85398163e-01 6.64485666e-02
633 1 7.85398163e-01 6.65348469e-02
634 1 7.85398163e-01 6.64668371e-02
635 1 7.85398163e-01 6.69309692e-02
636 1 7.85398163e-01 6.65840484e-02
637 1 7.85398163e-01 6.69449527e-02
638 1 7.85398163e-01 6.64485061e-02
639 1 7.85398163e-01 6.57148721e-02
640 1 7.85398163e-01 6.72580791e-02
641 1 7.85398163e-01 6.75123658e-02
642 1 7.85398163e-01 6.66211195e-02
643 1 7.85398163e-01 6.61957132e-02
644 1 7.85398163e-01 6.65022097e-02
645 1 7.85398163e-01 6.63115781e-02
646 1 7.85398163e-01 6.68842671e-02
647 1 7.85398163e-01 6.70745900e-02
648 1 7.85398163e-01 6.65022908e-02
649 1 7.85398163e-01 6.73154653e-02
650 1 7.85398163e-01 6.68541862e-02
651 1 7.85398163e-01 6.65490229e-02
652 1 7.85398163e-01 6.66843379e-02
653 1 7.85398163e-01 6.70339382e-02
654 1 7.85398163e-01 6.68182625e-02
655 1 7.85398163e-01 6.72225841e-02
656 1 7.85398163e-01 6.66914113e-02
657 1 7.85398163e-01 6.63949701e-02
658 1 7.85398163e-01 6.68870596e-02
659 1 7.85398163e-01 6.64715069e-02
660 1 7.85398163e-01 6.69959859e-02
661 1 7.85398163e-01 6.72879872e-02
662 1 7.85398163e-01 6.73952740e-02
663 1 7.85398163e-01 6.70810710e-02
664 1 7.85398163e-01 6.71299933e-02
665 1 7.85398163e-01 6.62969611e-02
666 1 7.85398163e-01 6.74424881e-02
667 1 7.85398163e-01 6.71537914e-02
668 1 7.85398163e-01 6.70919259e-02
669 1 7.85398163e-01 6.65449702e-02
670 1 7.85398163e-01 6.68328302e-02
671 1 7.85398163e-01 6.61902756e-02
672 1 7.85398163e-01 6.67350198e-02
673 1 7.85398163e-01 6.74457137e-02
674 1 7.85398163e-01 6.68813568e-02
675 1 7.85398163e-01 6.60333928e-02
676 1 7.85398163e-01 6.63832545e-02
677 1 7.85398163e-01 6.73694121e-02
678 1 7.85398163e-01 6.66904439e-02
679 1 7.85398163e-01 6.61597440e-02
680 1 7.85398163e-01 6.67504087e-02
681 1 7.85398163e-01 6.65945243e-02
682 1 7.85398163e-01 6.62953288e-02
683 1 7.85398163e-01 6.70258846e-02
684 1 7.85398163e-01 6.65874304e-02
685 1 7.85398163e-01 6.65059708e-02
686 1 7.85398163e-01 6.65693608e-02
687 1 7.85398163e-01 6.64629208e-02
688 1 7.85398163e-01 6.68928823e-02
689 1 7.85398163e-01 6.70802148e-02
690 1 7.85398163e-01 6.61179076e-02
691 1 7.85398163e-01 6.64950544e-02
692 1 7.85398163e-01 6.72745972e-02
693 1 7.85398163e-01 6.64523480e-02
694 1 7.85398163e-01 6.63452691e-02
695 1 7.85398163e-01 6.61222413e-02
696 1 7.85398163e-01 6.71219059e-02
697 1 7.85398163e-01 6.70947456e-02
698 1 7.85398163e-01 6.67264059e-02
699 1 7.85398163e-01 6.62619607e-02
700 1 7.85398163e-01 6.70467177e-02
701 1 7.85398163e-01 6.72436164e-02
702 1 7.85398163e-01 6.66958210e-02
703 1 7.85398163e-01 6.61680182e-02
704 1 7.85398163e-01 6.73483400e-02
705 1 7.85398163e-01 6.60284021e-02
706 1 7.85398163e-01 6.78283024e-02
707 1 7.85398163e-01 6.69660328e-02
708 1 7.85398163e-01 6.68001664e-02
709 1 7.85398163e-01 6.64484502e-02
710 1 7.85398163e-01 6.66301556e-02
711 1 7.85398163e-01 6.68655936e-02
712 1 7.85398163e-01 6.72683799e-02
713 1 7.85398163e-01 6.64396155e-02
714 1 7.85398163e-01 6.67537725e-02
715 1 7.85398163e-01 6.67414996e-02
716 1 7.85398163e-01 6.70067141e-02
717 1 7.85398163e-01 6.68207878e-02
718 1 7.85398163e-01 6.71880632e-02
719 1 7.85398163e-01 6.63230420e-02
720 1 7.85398163e-01 6.68183690e-02
721 1 7.85398163e-01 6.64009403e-02
722 1 7.85398163e-01 6.67261998e-02
723 1 7.85398163e-01 6.67674109e-02
724 1 7.85398163e-01 6.64754874e-02
725 1 7.85398163e-01 6.66181638e-02
726 1 7.85398163e-01 6.64936818e-02
727 1 7.85398163e-01 6.74806850e-02
728 1 7.85398163e-01 6.68263875e-02
729 1 7.85398163e-01 6.68222903e-02
730 1 7.85398163e-01 6.57089879e-02
731 1 7.85398163e-01 6.59720785e-02
732 1 7.85398163e-01 6.63915620e-02
733 1 7.85398163e-01 6.64669487e-02
734 1 7.85398163e-01 6.71730664e-02
735 1 7.85398163e-01 6.65640553e-02
736 1 7.85398163e-01 6.67563321e-02
737 1 7.85398163e-01 6.64254976e-02
738 1 7.85398163e-01 6.68947595e-02
739 1 7.85398163e-01 6.73326956e-02
740 1 7.85398163e-01 6.63642627e-02
741 1 7.85398163e-01 6.65934423e-02
742 1 7.85398163e-01 6.67516136e-02
743 1 7.85398163e-01 6.62311468e-02
744 1 7.85398163e-01 6.57317479e-02
745 1 7.85398163e-01 6.66419348e-02
746 1 7.85398163e-01 6.64773232e-02
747 1 7.85398163e-01 6.74605016e-02
748 1 7.85398163e-01 6.71046661e-02
749 1 7.85398163e-01 6.75715383e-02
750 1 7.85398163e-01 6.66757317e-02
751 1 7.85398163e-01 6.70913738e-02
752 1 7.85398163e-01 6.61781057e-02
753 1 7.85398163e-01 6.67150459e-02
754 1 7.85398163e-01 6.70037798e-02
755 1 7.85398163e-01 6.63275684e-02
756 1 7.85398163e-01 6.72470610e-02
757 1 7.85398163e-01 6.69951024e-02
758 1 7.85398163e-01 6.68383839e-02
759 1 7.85398163e-01 6.68590088e-02
760 1 7.85398163e-01 6.67103842e-02
761 1 7.85398163e-01 6.73172572e-02
762 1 7.85398163e-01 6.60598272e-02
763 1 7.85398163e-01 6.65096556e-02
764 1 7.85398163e-01 6.66027004e-02
765 1 7.85398163e-01 6.63510033e-02
766 1 7.85398163e-01 6.72090552e-02
767 1 7.85398163e-01 6.73868639e-02
768 1 7.85398163e-01 6.70459055e-02
769 1 7.85398163e-01 6.69108829e-02
770 1 7.85398163e-01 6.67669422e-02
771 1 7.85398163e-01 6.68033889e-02
772 1 7.85398163e-01 6.66013087e-02
773 1 7.85398163e-01 6.65056946e-02
774 1 7.85398163e-01 6.70252202e-02
775 1 7.85398163e-01 6.67395236e-02
776 1 7.85398163e-01 6.70898794e-02
777 1 7.85398163e-01 6.66600133e-02
778 1 7.85398163e-01 6.65564661e-02
779 1 7.85398163e-01 6.67658492e-02
780 1 7.85398163e-01 6.60382981e-02
781 1 7.85398163e-01 6.69043630e-02
782 1 7.85398163e-01 6.69472688e-02
783 1 7.85398163e-01 6.68730888e-02
784 1 7.85398163e-01 6.67900019e-02
785 1 7.85398163e-01 6.70710337e-02
786 1 7.85398163e-01 6.61767623e-02
787 1 7.85398163e-01 6.73774989e-02
788 1 7.85398163e-01 6.67390322e-02
789 1 7.85398163e-01 6.61766533e-02
790 1 7.85398163e-01 6.62399397e-02
791 1 7.85398163e-01 6.56956804e-02
792 1 7.85398163e-01 6.67026068e-02
793 1 7.85398163e-01 6.61467412e-02
794 1 7.85398163e-01 6.65927387e-02
795 1 7.85398163e-01 6.71355796e-02
796 1 7.85398163e-01 6.70128506e-02
797 1 7.85398163e-01 6.68427348e-02
798 1 7.85398163e-01 6.66389060e-02
799 1 7.85398163e-01 6.65967499e-02
800 1 7.85398163e-01 6.60599671e-02
801 1 7.85398163e-01 6.68204386e-02
802 1 7.85398163e-01 6.62927384e-02
803 1 7.85398163e-01 6.70687599e-02
804 1 7.85398163e-01 6.68705645e-02
805 1 7.85398163e-01 6.73685091e-02
806 1 7.85398163e-01 6.62531155e-02
807 1 7.85398163e-01 6.66674994e-02
808 1 7.85398163e-01 6.65765413e-02
809 1 7.85398163e-01 6.67113773e-02
810 1 7.85398163e-01 6.62926119e-02
811 1 7.85398163e-01 6.67620082e-02
812 1 7.85398163e-01 6.67504711e-02
813 1 7.85398163e-01 6.64547314e-02
814 1 7.85398163e-01 6.70062510e-02
815 1 7.85398163e-01 6.62489278e-02
816 1 7.85398163e-01 6.72015558e-02
817 1 7.85398163e-01 6.68981123e-02
818 1 7.85398163e-01 6.69019662e-02
819 1 7.85398163e-01 6.72136549e-02
820 1 7.85398163e-01 6.58993325e-02
821 1 7.85398163e-01 6.62740096e-02
822 1 7.85398163e-01 6.67648325e-02
823 1 7.85398163e-01 6.68493043e-02
824 1 7.85398163e-01 6.65200817e-02
825 1 7.85398163e-01 6.66018538e-02
826 1 7.85398163e-01 6.67103338e-02
827 1 7.85398163e-01 6.71637331e-02
828 1 7.85398163e-01 6.65776475e-02
829 1 7.85398163e-01 6.66665249e-02
830 1 7.85398163e-01 6.69312626e-02
831 1 7.85398163e-01 6.66426408e-02
832 1 7.85398163e-01 6.64878740e-02
833 1 7.85398163e-01 6.68943532e-02
834 1 7.85398163e-01 6.59385921e-02
835 1 7.85398163e-01 6.70638690e-02
836 1 7.85398163e-01 6.60580408e-02
837 1 7.85398163e-01 6.68454434e-02
838 1 7.85398163e-01 6.66347519e-02
839 1 7.85398163e-01 6.65638956e-02
840 1 7.85398163e-01 6.74182757e-02
841 1 7.85398163e-01 6.63172856e-02
842 1 7.85398163e-01 6.67282225e-02
843 1 7.85398163e-01 6.64170730e-02
844 1 7.85398163e-01 6.68341566e-02
845 1 7.85398163e-01 6.68268951e-02
846 1 7.85398163e-01 6.61743573e-02
847 1 7.85398163e-01 6.63243552e-02
848 1 7.85398163e-01 6.64497449e-02
849 1 7.85398163e-01 6.67521987e-02
850 1 7.85398163e-01 6.71908307e-02
851 1 7.85398163e-01 6.65821082e-02
852 1 7.85398163e-01 6.69541228e-02
853 1 7.85398163e-01 6.63043109e-02
854 1 7.85398163e-01 6.67917467e-02
855 1 7.85398163e-01 6.60891799e-02
856 1 7.85398163e-01 6.65117139e-02
857 1 7.85398163e-01 6.65574126e-02
858 1 7.85398163e-01 6.65484761e-02
859 1 7.85398163e-01 6.66894637e-02
860 1 7.85398163e-01 6.62384905e-02
861 1 7.85398163e-01 6.70939026e-02
862 1 7.85398163e-01 6.70969852e-02
863 1 7.85398163e-01 6.70893081e-02
864 1 7.85398163e-01 6.66322852e-02
865 1 7.85398163e-01 6.68104393e-02
866 1 7.85398163e-01 6.71097960e-02
867 1 7.85398163e-01 6.67536604e-02
868 1 7.85398163e-01 6.68540559e-02
869 1 7.85398163e-01 6.68603890e-02
870 1 7.85398163e-01 6.66148909e-02
871 1 7.85398163e-01 6.63696537e-02
872 1 7.85398163e-01 6.73985347e-02
873 1 7.85398163e-01 6.69800848e-02
874 1 7.85398163e-01 6.68545810e-02
875 1 7.85398163e-01 6.66328522e-02
876 1 7.85398163e-01 6.65108793e-02
877 1 7.85398163e-01 6.70361718e-02
878 1 7.85398163e-01 6.65254356e-02
879 1 7.85398163e-01 6.68673047e-02
880 1 7.85398163e-01 6.63634524e-02
881 1 7.85398163e-01 6.69745097e-02
882 1 7.85398163e-01 6.66037380e-02
883 1 7.85398163e-01 6.67915559e-02
884 1 7.85398163e-01 6.66388782e-02
885 1 7.85398163e-01 6.68344273e-02
886 1 7.85398163e-01 6.65649851e-02
887 1 7.85398163e-01 6.59415236e-02
888 1 7.85398163e-01 6.74571626e-02
889 1 7.85398163e-01 6.75334274e-02
890 1 7.85398163e-01 6.70822542e-02
891 1 7.85398163e-01 6.66892143e-02
892 1 7.85398163e-01 6.67471619e-02
893 1 7.85398163e-01 6.67063317e-02
894 1 7.85398163e-01 6.63078625e-02
895 1 7.85398163e-01 6.58897071e-02
896 1 7.85398163e-01 6.63342547e-02
897 1 7.85398163e-01 6.68071831e-02
898 1 7.85398163e-01 6.72548666e-02
899 1 7.85398163e-01 6.66254131e-02
0 2 1.57079633e+00 1.21286488e-01
1 2 1.57079633e+00 1.20441850e-01
2 2 1.57079633e+00 1.20692939e-01
3 2 1.57079633e+00 1.20632096e-01
4 2 1.57079633e+00 1.20682792e-01
5 2 1.57079633e+00 1.20661765e-01
6 2 1.57079633e+00 1.20314039e-01
7 2 1.57079633e+00 1.20783509e-01
8 2 1.57079633e+00 1.20598074e-01
9 2 1.57079633e+00 1.20939005e-01
10 2 1.57079633e+00 1.20410159e-01
11 2 1.57079633e+00 1.20937362e-01
12 2 1.57079633e+00 1.20808008e-01
13 2 1.57079633e+00 1.21206625e-01
14 2 1.57079633e+00 1.21231492e-01
15 2 1.57079633e+00 1.20180893e-01
16 2 1.57079633e+00 1.18291654e-01
17 2 1.57079633e+00 1.20331781e-01
18 2 1.57079633e+00 1.21000690e-01
19 2 1.57079633e+00 1.20371882e-01
20 2 1.57079633e+00 1.19847936e-01
21 2 1.57079633e+00 1.20560347e-01
22 2 1.57079633e+00 1.21017288e-01
23 2 1.57079633e+00 1.22543849e-01
24 2 1.57079633e+00 1.19741307e-01
25 2 1.57079633e+00 1.20369056e-01
26 2 1.57079633e+00 1.20579914e-01
27 2 1.57079633e+00 1.19342731e-01
28 2 1.57079633e+00 1.21143842e-01
29 2 1.57079633e+00 1.21226837e-01
30 2 1.57079633e+00 1.19802604e-01
31 2 1.57079633e+00 1.20291154e-01
32 2 1.57079633e+00 1.19399580e-01
33 2 1.57079633e+00 1.19839977e-01
34 2 1.57079633e+00 1.21208912e-01
35 2 1.57079633e+00 1.21223910e-01
36 2 1.57079633e+00 1.19872195e-01
37 2 1.57079633e+00 1.20259516e-01
38 2 1.57079633e+00 1.19378735e-01
39 2 1.57079633e+00 1.19276777e-01
40 2 1.57079633e+00 1.19054132e-01
41 2 1.57079633e+00 1.20436470e-01
42 2 1.57079633e+00 1.21352453e-01
43 2 1.57079633e+00 1.21120718e-01
44 2 1.57079633e+00 1.19863026e-01
45 2 1.57079633e+00 1.20605207e-01
46 2 1.57079633e+00 1.20268694e-01
47 2 1.57079633e+00 1.20290043e-01
48 2 1.57079633e+00 1.20276354e-01
49 2 1.57079633e+00 1.20900588e-01
50 2 1.57079633e+00 1.21029754e-01
51 2 1.57079633e+00 1.20606612e-01
52 2 1.57079633e+00 1.19981215e-01
53 2 1.57079633e+00 1.20024427e-01
54 2 1.57079633e+00 1.20009969e-01
55 2 1.57079633e+00 1.21244205e-01
56 2 1.57079633e+00 1.21411686e-01
57 2 1.57079633e+00 1.20019145e-01
58 2 1.57079633e+00 1.20763482e-01
59 2 1.57079633e+00 1.21114090e-01
60 2 1.57079633e+00 1.19364232e-01
61 2 1.57079633e+00 1.19905409e-01
62 2 1.57079633e+00 1.20524883e-01
63 2 1.57079633e+00 1.20469682e-01
64 2 1.57079633e+00 1.20742791e-01
65 2 1.57079633e+00 1.20352654e-01
66 2 1.57079633e+00 1.21930587e-01
67 2 1.57079633e+00 1.19620918e-01
68 2 1.57079633e+00 1.20339788e-01
69 2 1.57079633e+00 1.20956199e-01
70 2 1.57079633e+00 1.20028907e-01
71 2 1.57079633e+00 1.19992849e-01
72 2 1.57079633e+00 1.19287204e-01
73 2 1.57079633e+00 1.21620685e-01
74 2 1.57079633e+00 1.21258998e-01
75 2 1.57079633e+00 1.20852142e-01
76 2 1.57079633e+00 1.20173170e-01
77 2 1.57079633e+00 1.19704346e-01
78 2 1.57079633e+00 1.20673058e-01
79 2 1.57079633e+00 1.20766539e-01
80 2 1.57079633e+00 1.20572204e-01
81 2 1.57079633e+00 1.20198234e-01
82 2 1.57079633e+00 1.20330014e-01
83 2 1.57079633e+00 1.20490061e-01
84 2 1.57079633e+00 1.19896393e-01
85 2 1.57079633e+00 1.21930029e-01
86 2 1.57079633e+00 1.20850315e-01
87 2 1.57079633e+00 1.20561429e-01
88 2 1.57079633e+00 1.20229379e-01
89 2 1.57079633e+00 1.20107757e-01
90 2 1.57079633e+00 1.20902783e-01
91 2 1.57079633e+00 1.20598474e-01
92 2 1.57079633e+00 1.20558068e-01
93 2 1.57079633e+00 1.20780725e-01
94 2 1.57079633e+00 1.21472946e-01
95 2 1.57079633e+00 1.21254753e-01
96 2 1.57079633e+00 1.21029113e-01
97 2 1.57079633e+00 1.20749721e-01
98 2 1.57079633e+00 1.20983153e-01
99 2 1.57079633e+00 1.21298747e-01
100 2 1.57079633e+00 1.20339422e-01
101 2 1.57079633e+00 1.21182307e-01
102 2 1.57079633e+00 1.20990029e-01
103 2 1.57079633e+00 1.20866532e-01
104 2 1.57079633e+00 1.20379376e-01
105 2 1.57079633e+00 1.21155573e-01
106 2 1.57079633e+00 1.19697870e-01
107 2 1.57079633e+00 1.21112996e-01
108 2 1.57079633e+00 1.20860091e-01
109 2 1.57079633e+00 1.21291283e-01
110 2 1.57079633e+00 1.20810178e-01
111 2 1.57079633e+00 1.19621782e-01
112 2 1.57079633e+00 1.20157150e-01
113 2 1.57079633e+00 1.20555464e-01
114 2 1.57079633e+00 1.20676904e-01
115 2 1.57079633e+00 1.19428608e-01
116 2 1.57079633e+00 1.20401118e-01
117 2 1.57079633e+00 1.21040297e-01
118 2 1.57079633e+00 1.19845723e-01
119 2 1.57079633e+00 1.20376913e-01
120 2 1.57079633e+00 1.18358947e-01
121 2 1.57079633e+00 1.20424213e-01
122 2 1.57079633e+00 1.18574410e-01
123 2 1.57079633e+00 1.21120378e-01
124 2 1.57079633e+00 1.20481149e-01
125 2 1.57079633e+00 1.19767076e-01
126 2 1.57079633e+00 1.21260621e-01
127 2 1.57079633e+00 1.20726812e-01
128 2 1.57079633e+00 1.20961711e-01
129 2 1.57079633e+00 1.18407145e-01
130 2 1.57079633e+00 1.20295936e-01
131 2 1.57079633e+00 1.20717964e-01
132 2 1.57079633e+00 1.19870340e-01
133 2 1.57079633e+00 1.20793385e-01
134 2 1.57079633e+00 1.21456310e-01
135 2 1.57079633e+00 1.20855793e-01
136 2 1.57079633e+00 1.19427552e-01
137 2 1.57079633e+00 1.19988107e-01
138 2 1.57079633e+00 1.20628834e-01
139 2 1.57079633e+00 1.19958678e-01
140 2 1.57079633e+00 1.20339242e-01
141 2 1.57079633e+00 1.19779702e-01
142 2 1.57079633e+00 1.19556431e-01
143 2 1.57079633e+00 1.20392527e-01
144 2 1.57079633e+00 1.19938865e-01
145 2 1.57079633e+00 1.21940457e-01
146 2 1.57079633e+00 1.19820671e-01
147 2 1.57079633e+00 1.20212271e-01
148 2 1.57079633e+00 1.20839842e-01
149 2 1.57079633e+00 1.21602466e-01
150 2 1.57079633e+00 1.19574539e-01
151 2 1.57079633e+00 1.19565136e-01
152 2 1.57079633e+00 1.19727461e-01
153 2 1.57079633e+00 1.20103379e-01
154 2 1.57079633e+00 1.21166378e-01
155 2 1.57079633e+00 1.21091028e-01
156 2 1.57079633e+00 1.21634643e-01
157 2 1.57079633e+00 1.19394481e-01
158 2 1.57079633e+00 1.21859157e-01
159 2 1.57079633e+00 1.20532971e-01
160 2 1.57079633e+00 1.20143345e-01
161 2 1.57079633e+00 1.19438542e-01
162 2 1.57079633e+00 1.19830788e-01
163 2 1.57079633e+00 1.21417033e-01
164 2 1.57079633e+00 1.20273527e-01
165 2 1.57079633e+00 1.20153884e-01
166 2 1.57079633e+00 1.21266001e-01
167 2 1.57079633e+00 1.21576478e-01
168 2 1.57079633e+00 1.20824371e-01
169 2 1.57079633e+00 1.20683642e-01
170 2 1.57079633e+00 1.20965066e-01
171 2 1.57079633e+00 1.20252730e-01
172 2 1.57079633e+00 1.21560951e-01
173 2 1.57079633e+00 1.20914225e-01
174 2 1.57079633e+00 1.21797942e-01
175 2 1.57079633e+00 1.21888232e-01
176 2 1.57079633e+00 1.21219463e-01
177 2 1.57079633e+00 1.20143842e-01
178 2 1.57079633e+00 1.19995049e-01
179 2 1.57079633e+00 1.20639251e-01
180 2 1.57079633e+00 1.20248896e-01
181 2 1.57079633e+00 1.20927868e-01
182 2 1.57079633e+00 1.19911707e-01
183 2 1.57079633e+00 1.20899255e-01
184 2 1.57079633e+00 1.20295020e-01
185 2 1.57079633e+00 1.19710401e-01
186 2 1.57079633e+00 1.20161319e-01
187 2 1.57079633e+00 1.21059201e-01
188 2 1.57079633e+00 1.20117462e-01
189 2 1.57079633e+00 1.20611450e-01
190 2 1.57079633e+00 1.20421361e-01
191 2 1.57079633e+00 1.21920725e-01
192 2 1.57079633e+00 1.20528279e-01
193 2 1.57079633e+00 1.21041124e-01
194 2 1.57079633e+00 1.19640691e-01
195 2 1.57079633e+00 1.21095898e-01
196 2 1.57079633e+00 1.20304066e-01
197 2 1.57079633e+00 1.20871220e-01
198 2 1.57079633e+00 1.19576386e-01
199 2 1.57079633e+00 1.20166652e-01
200 2 1.57079633e+00 1.19901301e-01
201 2 1.57079633e+00 1.20319513e-01
202 2 1.57079633e+00 1.19587679e-01
203 2 1.57079633e+00 1.20494890e-01
204 2 1.57079633e+00 1.19813616e-01
205 2 1.57079633e+00 1.21256017e-01
206 2 1.57079633e+00 1.20421797e-01
207 2 1.57079633e+00 1.20845155e-01
208 2 1.57079633e+00 1.20746676e-01
209 2 1.57079633e+00 1.21038882e-01
210 2 1.57079633e+00 1.19056045e-01
211 2 1.57079633e+00 1.19994657e-01
212 2 1.57079633e+00 1.18931168e-01
213 2 1.57079633e+00 1.19267045e-01
214 2 1.57079633e+00 1.19883904e-01
215 2 1.57079633e+00 1.20913928e-01
216 2 1.57079633e+00 1.20636945e-01
217 2 1.57079633e+00 1.23180674e-01
218 2 1.57079633e+00 1.21791378e-01
219 2 1.57079633e+00 1.21063429e-01
220 2 1.57079633e+00 1.21395949e-01
221 2 1.57079633e+00 1.20832347e-01
222 2 1.57079633e+00 1.20001182e-01
223 2 1.57079633e+00 1.20737412e-01
224 2 1.57079633e+00 1.19771903e-01
225 2 1.57079633e+00 1.20702581e-01
226 2 1.57079633e+00 1.20098265e-01
227 2 1.57079633e+00 1.20444673e-01
228 2 1.57079633e+00 1.20887235e-01
229 2 1.57079633e+00 1.20416926e-01
230 2 1.57079633e+00 1.20167039e-01
231 2 1.57079633e+00 1.20519195e-01
232 2 1.57079633e+00 1.20811303e-01
233 2 1.57079633e+00 1.19562376e-01
234 2 1.57079633e+00 1.21163705e-01
235 2 1.57079633e+00 1.20489447e-01
236 2 1.57079633e+00 1.19859977e-01
237 2 1.57079633e+00 1.21962226e-01
238 2 1.57079633e+00 1.20739002e-01
239 2 1.57079633e+00 1.21029550e-01
240 2 1.57079633e+00 1.21839343e-01
241 2 1.57079633e+00 1.20391548e-01
242 2 1.57079633e+00 1.20755607e-01
243 2 1.57079633e+00 1.20507851e-01
244 2 1.57079633e+00 1.18849623e-01
245 2 1.57079633e+00 1.18956058e-01
246 2 1.57079633e+00 1.20355317e-01
247 2 1.57079633e+00 1.21126569e-01
248 2 1.57079633e+00 1.19786213e-01
249 2 1.57079633e+00 1.20569478e-01
250 2 1.57079633e+00 1.20965450e-01
251 2 1.57079633e+00 1.19894376e-01
252 2 1.57079633e+00 1.20461542e-01
253 2 1.57079633e+00 1.20772753e-01
254 2 1.57079633e+00 1.20762184e-01
255 2 1.57079633e+00 1.19608484e-01
256 2 1.57079633e+00 1.20308970e-01
257 2 1.57079633e+00 1.21427607e-01
258 2 1.57079633e+00 1.19824783e-01
259 2 1.57079633e+00 1.19628747e-01
260 2 1.57079633e+00 1.20099689e-01
261 2 1.57079633e+00 1.20608443e-01
262 2 1.57079633e+00 1.19850059e-01
263 2 1.57079633e+00 1.18392988e-01
264 2 1.57079633e+00 1.19831782e-01
265 2 1.57079633e+00 1.20904440e-01
266 2 1.57079633e+00 1.19566136e-01
267 2 1.57079633e+00 1.20962744e-01
268 2 1.57079633e+00 1.19114894e-01
269 2 1.57079633e+00 1.20903644e-01
270 2 1.57079633e+00 1.20658376e-01
271 2 1.57079633e+00 1.22014493e-01
272 2 1.57079633e+00 1.20310618e-01
273 2 1.57079633e+00 1.20184464e-01
274 2 1.57079633e+00 1.19662971e-01
275 2 1.57079633e+00 1.20697244e-01
276 2 1.57079633e+00 1.20509646e-01
277 2 1.57079633e+00 1.19914611e-01
278 2 1.57079633e+00 1.21502279e-01
279 2 1.57079633e+00 1.20811067e-01
280 2 1.57079633e+00 1.19469089e-01
281 2 1.57079633e+00 1.20496929e-01
282 2 1.57079633e+00 1.20797950e-01
283 2 1.57079633e+00 1.20900165e-01
284 2 1.57079633e+00 1.19177014e-01
285 2 1.57079633e+00 1.19281603e-01
286 2 1.57079633e+00 1.19092866e-01
287 2 1.57079633e+00 1.19669784e-01
288 2 1.57079633e+00 1.21201164e-01
289 2 1.57079633e+00 1.21062129e-01
290 2 1.57079633e+00 1.20594752e-01
291 2 1.57079633e+00 1.19904251e-01
292 2 1.57079633e+00 1.20777043e-01
293 2 1.57079633e+00 1.21722658e-01
294 2 1.57079633e+00 1.20849684e-01
295 2 1.57079633e+00 1.21007604e-01
296 2 1.57079633e+00 1.21097543e-01
297 2 1.57079633e+00 1.20669422e-01
298 2 1.57079633e+00 1.20247258e-01
299 2 1.57079633e+00 1.19393249e-01
300 2 1.57079633e+00 1.21205534e-01
301 2 1.57079633e+00 1.20421456e-01
302 2 1.57079633e+00 1.19737028e-01
303 2 1.57079633e+00 1.19256969e-01
304 2 1.57079633e+00 1.21178384e-01
305 2 1.57079633e+00 1.20802606e-01
306 2 1.57079633e+00 1.19084327e-01
307 2 1.57079633e+00 1.20343607e-01
308 2 1.57079633e+00 1.20567564e-01
309 2 1.57079633e+00 1.21150225e-01
310 2 1.57079633e+00 1.19756707e-01
311 2 1.57079633e+00 1.18936360e-01
312 2 1.57079633e+00 1.21415793e-01
313 2 1.57079633e+00 1.19818677e-01
314 2 1.57079633e+00 1.20380497e-01
315 2 1.57079633e+00 1.19418328e-01
316 2 1.57079633e+00 1.19406795e-01
317 2 1.57079633e+00 1.19600288e-01
318 2 1.57079633e+00 1.19628881e-01
319 2 1.57079633e+00 1.20723727e-01
320 2 1.57079633e+00 1.20333071e-01
321 2 1.57079633e+00 1.20473311e-01
322 2 1.57079633e+00 1.20803647e-01
323 2 1.57079633e+00 1.20110437e-01
324 2 1.57079633e+00 1.20708192e-01
325 2 1.57079633e+00 1.21381614e-01
326 2 1.57079633e+00 1.20285360e-01
327 2 1.57079633e+00 1.21187664e-01
328 2 1.57079633e+00 1.20279432e-01
329 2 1.57079633e+00 1.20353299e-01
330 2 1.57079633e+00 1.19799425e-01
331 2 1.57079633e+00 1.21168153e-01
332 2 1.57079633e+00 1.21275323e-01
333 2 1.57079633e+00 1.19542551e-01
334 2 1.57079633e+00 1.19459921e-01
335 2 1.57079633e+00 1.21423445e-01
336 2 1.57079633e+00 1.19698240e-01
337 2 1.57079633e+00 1.20556842e-01
338 2 1.57079633e+00 1.19840102e-01
339 2 1.57079633e+00 1.19781480e-01
340 2 1.57079633e+00 1.19454691e-01
341 2 1.57079633e+00 1.19878338e-01
342 2 1.57079633e+00 1.19482798e-01
343 2 1.57079633e+00 1.19988885e-01
344 2 1.57079633e+00 1.19420813e-01
345 2 1.57079633e+00 1.20368116e-01
346 2 1.57079633e+00 1.19435017e-01
347 2 1.57079633e+00 1.19573164e-01
348 2 1.57079633e+00 1.20481193e-01
349 2 1.57079633e+00 1.21555521e-01
350 2 1.57079633e+00 1.20395590e-01
351 2 1.57079633e+00 1.20155149e-01
352 2 1.57079633e+00 1.20694133e-01
353 2 1.57079633e+00 1.20189063e-01
354 2 1.57079633e+00 1.20916150e-01
355 2 1.57079633e+00 1.20403204e-01
356 2 1.57079633e+00 1.20946681e-01
357 2 1.57079633e+00 1.21291435e-01
358 2 1.57079633e+00 1.19799594e-01
359 2 1.57079633e+00 1.20437320e-01
360 2 1.57079633e+00 1.20369187e-01
361 2 1.57079633e+00 1.20546799e-01
362 2 1.57079633e+00 1.19955258e-01
363 2 1.57079633e+00 1.21470932e-01
364 2 1.57079633e+00 1.20560454e-01
365 2 1.57079633e+00 1.19446178e-01
366 2 1.57079633e+00 1.20660312e-01
367 2 1.57079633e+00 1.20649498e-01
368 2 1.57079633e+00 1.19184339e-01
369 2 1.57079633e+00 1.20346517e-01
370 2 1.57079633e+00 1.20937263e-01
371 2 1.57079633e+00 1.19359949e-01
372 2 1.57079633e+00 1.21210635e-01
373 2 1.57079633e+00 1.19174114e-01
374 2 1.57079633e+00 1.19229504e-01
375 2 1.57079633e+00 1.19630442e-01
376 2 1.57079633e+00 1.19410651e-01
377 2 1.57079633e+00 1.20944763e-01
378 2 1.57079633e+00 1.21035002e-01
379 2 1.57079633e+00 1.20651454e-01
380 2 1.57079633e+00 1.20682008e-01
381 2 1.57079633e+00 1.19113811e-01
382 2 1.57079633e+00 1.19533487e-01
383 2 1.57079633e+00 1.20908750e-01
384 2 1.57079633e+00 1.21117399e-01
385 2 1.57079633e+00 1.20045473e-01
386 2 1.57079633e+00 1.19771637e-01
387 2 1.57079633e+00 1.19889786e-01
388 2 1.57079633e+00 1.20530048e-01
389 2 1.57079633e+00 1.20104447e-01
390 2 1.57079633e+00 1.21671792e-01
391 2 1.57079633e+00 1.20096799e-01
392 2 1.57079633e+00 1.19911290e-01
393 2 1.57079633e+00 1.20737016e-01
394 2 1.57079633e+00 1.20339318e-01
395 2 1.57079633e+00 1.20575262e-01
396 2 1.57079633e+00 1.18109195e-01
397 2 1.57079633e+00 1.20598364e-01
398 2 1.57079633e+00 1.20079090e-01
399 2 1.57079633e+00 1.20150565e-01
400 2 1.57079633e+00 1.19958227e-01
401 2 1.57079633e+00 1.18903094e-01
402 2 1.57079633e+00 1.20694341e-01
403 2 1.57079633e+00 1.21918767e-01
404 2 1.57079633e+00 1.19564534e-01
405 2 1.57079633e+00 1.19760350e-01
406 2 1.57079633e+00 1.21088201e-01
407 2 1.57079633e+00 1.20896860e-01
408 2 1.57079633e+00 1.20161041e-01
409 2 1.57079633e+00 1.19803290e-01
410 2 1.57079633e+00 1.20802300e-01
411 2 1.57079633e+00 1.21396877e-01
412 2 1.57079633e+00 1.20379635e-01
413 2 1.57079633e+00 1.20291043e-01
414 2 1.57079633e+00 1.20287877e-01
415 2 1.57079633e+00 1.20723695e-01
416 2 1.57079633e+00 1.21103024e-01
417 2 1.57079633e+00 1.18266652e-01
418 2 1.57079633e+00 1.19479127e-01
419 2 1.57079633e+00 1.19957353e-01
420 2 1.57079633e+00 1.20546149e-01
421 2 1.57079633e+00 1.20513660e-01
422 2 1.57079633e+00 1.21584350e-01
423 2 1.57079633e+00 1.20502280e-01
424 2 1.57079633e+00 1.19200673e-01
425 2 1.57079633e+00 1.20988881e-01
426 2 1.57079633e+00 1.20593764e-01
427 2 1.57079633e+00 1.18890392e-01
428 2 1.57079633e+00 1.20162634e-01
429 2 1.57079633e+00 1.21401445e-01
430 2 1.57079633e+00 1.21457912e-01
431 2 1.57079633e+00 1.19914199e-01
432 2 1.57079633e+00 1.19829986e-01
433 2 1.57079633e+00 1.19104216e-01
434 2 1.57079633e+00 1.20116146e-01
435 2 1.57079633e+00 1.20360240e-01
436 2 1.57079633e+00 1.19493703e-01
437 2 1.57079633e+00 1.19553516e-01
438 2 1.57079633e+00 1.20488020e-01
439 2 1.57079633e+00 1.20772267e-01
440 2 1.57079633e+00 1.19645999e-01
441 2 1.57079633e+00 1.20434133e-01
442 2 1.57079633e+00 1.19966633e-01
443 2 1.57079633e+00 1.19566073e-01
444 2 1.57079633e+00 1.20691767e-01
445 2 1.57079633e+00 1.20491928e-01
446 2 1.57079633e+00 1.20669205e-01
447 2 1.57079633e+00 1.20750150e-01
448 2 1.57079633e+00 1.20640047e-01
449 2 1.57079633e+00 1.21746514e-01
450 2 1.57079633e+00 1.21037877e-01
451 2 1.57079633e+00 1.20856308e-01
452 2 1.57079633e+00 1.20687630e-01
453 2 1.57079633e+00 1.20265849e-01
454 2 1.57079633e+00 1.20494536e-01
455 2 1.57079633e+00 1.20416666e-01
456 2 1.57079633e+00 1.20554291e-01
457 2 1.57079633e+00 1.20840402e-01
458 2 1.57079633e+00 1.21412951e-01
459 2 1.57079633e+00 1.20419646e-01
460 2 1.57079633e+00 1.20709366e-01
461 2 1.57079633e+00 1.20707327e-01
462 2 1.57079633e+00 1.21262509e-01
463 2 1.57079633e+00 1.20502016e-01
464 2 1.57079633e+00 1.20245896e-01
465 2 1.57079633e+00 1.20721686e-01
466 2 1.57079633e+00 1.20545737e-01
467 2 1.57079633e+00 1.20119633e-01
468 2 1.57079633e+00 1.19283021e-01
469 2 1.57079633e+00 1.20183728e-01
470 2 1.57079633e+00 1.20680830e-01
471 2 1.57079633e+00 1.19730718e-01
472 2 1.57079633e+00 1.20794565e-01
473 2 1.57079633e+00 1.21571473e-01
474 2 1.57079633e+00 1.20412198e-01
475 2 1.57079633e+00 1.20991922e-01
476 2 1.57079633e+00 1.21203261e-01
477 2 1.57079633e+00 1.21858261e-01
478 2 1.57079633e+00 1.21826938e-01
479 2 1.57079633e+00 1.21140670e-01
480 2 1.57079633e+00 1.21133012e-01
481 2 1.57079633e+00 1.20240871e-01
482 2 1.57079633e+00 1.19840594e-01
483 2 1.57079633e+00 1.21303609e-01
484 2 1.57079633e+00 1.19453759e-01
485 2 1.57079633e+00 1.20140611e-01
486 2 1.57079633e+00 1.20274827e-01
487 2 1.57079633e+00 1.20834506e-01
488 2 1.57079633e+00 1.20107694e-01
489 2 1.57079633e+00 1.20460874e-01
490 2 1.57079633e+00 1.20798410e-01
491 2 1.57079633e+00 1.19857951e-01
492 2 1.57079633e+00 1.21854219e-01
493 2 1.57079633e+00 1.20534226e-01
494 2 1.57079633e+00 1.20571647e-01
495 2 1.57079633e+00 1.19468620e-01
496 2 1.57079633e+00 1.19916097e-01
497 2 1.57079633e+00 1.19088730e-01
498 2 1.57079633e+00 1.20652825e-01
499 2 1.57079633e+00 1.21585896e-01
500 2 1.57079633e+00 1.19493216e-01
501 2 1.57079633e+00 1.20281193e-01
502 2 1.57079633e+00 1.20252445e-01
503 2 1.57079633e+00 1.21417121e-01
504 2 1.57079633e+00 1.20949458e-01
505 2 1.57079633e+00 1.20276958e-01
506 2 1.57079633e+00 1.20821513e-01
507 2 1.57079633e+00 1.19159264e-01
508 2 1.57079633e+00 1.20422366e-01
509 2 1.57079633e+00 1.19570395e-01
510 2 1.57079633e+00 1.19979040e-01
511 2 1.57079633e+00 1.21682206e-01
512 2 1.57079633e+00 1.21255303e-01
513 2 1.57079633e+00 1.19828548e-01
514 2 1.57079633e+00 1.20899315e-01
515 2 1.57079633e+00 1.21403886e-01
516 2 1.57079633e+00 1.19942807e-01
517 2 1.57079633e+00 1.20936314e-01
518 2 1.57079633e+00 1.20581097e-01
519 2 1.57079633e+00 1.20740360e-01
520 2 1.57079633e+00 1.20851864e-01
521 2 1.57079633e+00 1.20411041e-01
522 2 1.57079633e+00 1.20197513e-01
523 2 1.57079633e+00 1.19900845e-01
524 2 1.57079633e+00 1.20356043e-01
525 2 1.57079633e+00 1.21428225e-01
526 2 1.57079633e+00 1.20194112e-01
527 2 1.57079633e+00 1.21015507e-01
528 2 1.57079633e+00 1.20517194e-01
529 2 1.57079633e+00 1.21213020e-01
530 2 1.57079633e+00 1.21522582e-01
531 2 1.57079633e+00 1.18969017e-01
532 2 1.57079633e+00 1.19459444e-01
533 2 1.57079633e+00 1.19986199e-01
534 2 1.57079633e+00 1.20245109e-01
535 2 1.57079633e+00 1.19880202e-01
536 2 1.57079633e+00 1.20179057e-01
537 2 1.57079633e+00 1.20478809e-01
538 2 1.57079633e+00 1.19998926e-01
539 2 1.57079633e+00 1.19554018e-01
540 2 1.57079633e+00 1.20216287e-01
541 2 1.57079633e+00 1.20656329e-01
542 2 1.57079633e+00 1.21549856e-01
543 2 1.57079633e+00 1.20569537e-01
544 2 1.57079633e+00 1.20058619e-01
545 2 1.57079633e+00 1.20804519e-01
546 2 1.57079633e+00 1.21063426e-01
547 2 1.57079633e+00 1.19200574e-01
548 2 1.57079633e+00 1.19995443e-01
549 2 1.57079633e+00 1.21003560e-01
550 2 1.57079633e+00 1.20947013e-01
551 2 1.57079633e+00 1.21683625e-01
552 2 1.57079633e+00 1.20390511e-01
553 2 1.57079633e+00 1.21587075e-01
554 2 1.57079633e+00 1.20557694e-01
555 2 1.57079633e+00 1.19359118e-01
556 2 1.57079633e+00 1.21578364e-01
557 2 1.57079633e+00 1.20298905e-01
558 2 1.57079633e+00 1.21166092e-01
559 2 1.57079633e+00 1.20088621e-01
560 2 1.57079633e+00 1.19629501e-01
561 2 1.57079633e+00 1.19588979e-01
562 2 1.57079633e+00 1.19532480e-01
563 2 1.57079633e+00 1.19364889e-01
564 2 1.57079633e+00 1.20881810e-01
565 2 1.57079633e+00 1.21233240e-01
566 2 1.57079633e+00 1.21431268e-01
567 2 1.57079633e+00 1.21608102e-01
568 2 1.57079633e+00 1.21818888e-01
569 2 1.57079633e+00 1.20959795e-01
570 2 1.57079633e+00 1.21125387e-01
571 2 1.57079633e+00 1.21399556e-01
572 2 1.57079633e+00 1.20425183e-01
573 2 1.57079633e+00 1.20237138e-01
574 2 1.57079633e+00 1.20152413e-01
575 2 1.57079633e+00 1.19926015e-01
576 2 1.57079633e+00 1.20403382e-01
577 2 1.57079633e+00 1.19860911e-01
578 2 1.57079633e+00 1.20924732e-01
579 2 1.57079633e+00 1.21182209e-01
580 2 1.57079633e+00 1.20831849e-01
581 2 1.57079633e+00 1.21854155e-01
582 2 1.57079633e+00 1.21814488e-01
583 2 1.57079633e+00 1.20476868e-01
584 2 1.57079633e+00 1.20051202e-01
585 2 1.57079633e+00 1.20182241e-01
586 2 1.57079633e+00 1.20539317e-01
587 2 1.57079633e+00 1.19410768e-01
588 2 1.57079633e+00 1.20447759e-01
589 2 1.57079633e+00 1.19276711e-01
590 2 1.57079633e+00 1.21319242e-01
591 2 1.57079633e+00 1.21836019e-01
592 2 1.57079633e+00 1.21428695e-01
593 2 1.57079633e+00 1.20933675e-01
594 2 1.57079633e+00 1.20267233e-01
595 2 1.57079633e+00 1.19457608e-01
596 2 1.57079633e+00 1.20088613e-01
597 2 1.57079633e+00 1.20452447e-01
598 2 1.57079633e+00 1.20243733e-01
599 2 1.57079633e+00 1.20970226e-01
600 2 1.57079633e+00 1.20708733e-01
601 2 1.57079633e+00 1.19946343e-01
602 2 1.57079633e+00 1.21135391e-01
603 2 1.57079633e+00 1.19634927e-01
604 2 1.57079633e+00 1.20399295e-01
605 2 1.57079633e+00 1.19750569e-01
606 2 1.57079633e+00 1.21204822e-01
607 2 1.57079633e+00 1.20461827e-01
608 2 1.57079633e+00 1.21360320e-01
609 2 1.57079633e+00 1.21063482e-01
610 2 1.57079633e+00 1.21558070e-01
611 2 1.57079633e+00 1.19962833e-01
612 2 1.57079633e+00 1.20773798e-01
613 2 1.57079633e+00 1.19737619e-01
614 2 1.57079633e+00 1.21076925e-01
615 2 1.57079633e+00 1.19692006e-01
616 2 1.57079633e+00 1.21162603e-01
617 2 1.57079633e+00 1.20881157e-01
618 2 1.57079633e+00 1.20181317e-01
619 2 1.57079633e+00 1.20812759e-01
620 2 1.57079633e+00 1.20850420e-01
621 2 1.57079633e+00 1.21692729e-01
622 2 1.57079633e+00 1.20886137e-01
623 2 1.57079633e+00 1.20261108e-01
624 2 1.57079633e+00 1.20517103e-01
625 2 1.57079633e+00 1.20899707e-01
626 2 1.57079633e+00 1.20404663e-01
627 2 1.57079633e+00 1.19839179e-01
628 2 1.57079633e+00 1.20952112e-01
629 2 1.57079633e+00 1.18753981e-01
630 2 1.57079633e+00 1.19822383e-01
631 2 1.57079633e+00 1.21460588e-01
632 2 1.57079633e+00 1.20043716e-01
633 2 1.57079633e+00 1.20047229e-01
634 2 1.57079633e+00 1.19834640e-01
635 2 1.57079633e+00 1.20779448e-01
636 2 1.57079633e+00 1.20109011e-01
637 2 1.57079633e+00 1.20851516e-01
638 2 1.57079633e+00 1.19907278e-01
639 2 1.57079633e+00 1.18506481e-01
640 2 1.57079633e+00 1.21423344e-01
641 2 1.57079633e+00 1.21957168e-01
642 2 1.57079633e+00 1.20277871e-01
643 2 1.57079633e+00 1.19462689e-01
644 2 1.57079633e+00 1.20056340e-01
645 2 1.57079633e+00 1.19646667e-01
646 2 1.57079633e+00 1.20695956e-01
647 2 1.57079633e+00 1.21141235e-01
648 2 1.57079633e+00 1.20130152e-01
649 2 1.57079633e+00 1.21453094e-01
650 2 1.57079633e+00 1.20804493e-01
651 2 1.57079633e+00 1.20235822e-01
652 2 1.57079633e+00 1.20327019e-01
653 2 1.57079633e+00 1.21007719e-01
654 2 1.57079633e+00 1.20569778e-01
655 2 1.57079633e+00 1.21456298e-01
656 2 1.57079633e+00 1.20402572e-01
657 2 1.57079633e+00 1.19808312e-01
658 2 1.57079633e+00 1.20755959e-01
659 2 1.57079633e+00 1.20123953e-01
660 2 1.57079633e+00 1.20924603e-01
661 2 1.57079633e+00 1.21451710e-01
662 2 1.57079633e+00 1.21738299e-01
663 2 1.57079633e+00 1.21079001e-01
664 2 1.57079633e+00 1.21181713e-01
665 2 1.57079633e+00 1.19655555e-01
666 2 1.57079633e+00 1.21890265e-01
667 2 1.57079633e+00 1.21199068e-01
668 2 1.57079633e+00 1.21212385e-01
669 2 1.57079633e+00 1.20149534e-01
670 2 1.57079633e+00 1.20528110e-01
671 2 1.57079633e+00 1.19470971e-01
672 2 1.57079633e+00 1.20551067e-01
673 2 1.57079633e+00 1.21856221e-01
674 2 1.57079633e+00 1.20788882e-01
675 2 1.57079633e+00 1.19060522e-01
676 2 1.57079633e+00 1.19849018e-01
677 2 1.57079633e+00 1.21666384e-01
678 2 1.57079633e+00 1.20487464e-01
679 2 1.57079633e+00 1.19444638e-01
680 2 1.57079633e+00 1.20426651e-01
681 2 1.57079633e+00 1.20211429e-01
682 2 1.57079633e+00 1.19541858e-01
683 2 1.57079633e+00 1.20940642e-01
684 2 1.57079633e+00 1.20117866e-01
685 2 1.57079633e+00 1.19994073e-01
686 2 1.57079633e+00 1.20156167e-01
687 2 1.57079633e+00 1.19895845e-01
688 2 1.57079633e+00 1.20803086e-01
689 2 1.57079633e+00 1.21048029e-01
690 2 1.57079633e+00 1.19286476e-01
691 2 1.57079633e+00 1.19999580e-01
692 2 1.57079633e+00 1.21523283e-01
693 2 1.57079633e+00 1.19958284e-01
694 2 1.57079633e+00 1.19624361e-01
695 2 1.57079633e+00 1.19264978e-01
696 2 1.57079633e+00 1.21165978e-01
697 2 1.57079633e+00 1.21073058e-01
698 2 1.57079633e+00 1.20481538e-01
699 2 1.57079633e+00 1.19719801e-01
700 2 1.57079633e+00 1.21054500e-01
701 2 1.57079633e+00 1.21297368e-01
702 2 1.57079633e+00 1.20418147e-01
703 2 1.57079633e+00 1.19321065e-01
704 2 1.57079633e+00 1.21660258e-01
705 2 1.57079633e+00 1.19190676e-01
706 2 1.57079633e+00 1.22283690e-01
707 2 1.57079633e+00 1.20834651e-01
708 2 1.57079633e+00 1.20499099e-01
709 2 1.57079633e+00 1.19951217e-01
710 2 1.57079633e+00 1.20183234e-01
711 2 1.57079633e+00 1.20690998e-01
712 2 1.57079633e+00 1.21397152e-01
713 2 1.57079633e+00 1.19893207e-01
714 2 1.57079633e+00 1.20431072e-01
715 2 1.57079633e+00 1.20453236e-01
716 2 1.57079633e+00 1.20901200e-01
717 2 1.57079633e+00 1.20679659e-01
718 2 1.57079633e+00 1.21284480e-01
719 2 1.57079633e+00 1.19696183e-01
720 2 1.57079633e+00 1.20723065e-01
721 2 1.57079633e+00 1.19840202e-01
722 2 1.57079633e+00 1.20543004e-01
723 2 1.57079633e+00 1.20608407e-01
724 2 1.57079633e+00 1.19858102e-01
725 2 1.57079633e+00 1.20340475e-01
726 2 1.57079633e+00 1.19925459e-01
727 2 1.57079633e+00 1.21935560e-01
728 2 1.57079633e+00 1.20673667e-01
729 2 1.57079633e+00 1.20531737e-01
730 2 1.57079633e+00 1.18575416e-01
731 2 1.57079633e+00 1.18999659e-01
732 2 1.57079633e+00 1.19871176e-01
733 2 1.57079633e+00 1.19911005e-01
734 2 1.57079633e+00 1.21308980e-01
735 2 1.57079633e+00 1.20114912e-01
736 2 1.57079633e+00 1.20448115e-01
737 2 1.57079633e+00 1.19856032e-01
738 2 1.57079633e+00 1.20757415e-01
739 2 1.57079633e+00 1.21381576e-01
740 2 1.57079633e+00 1.19760639e-01
741 2 1.57079633e+00 1.20159132e-01
742 2 1.57079633e+00 1.20379679e-01
743 2 1.57079633e+00 1.19539382e-01
744 2 1.57079633e+00 1.18521008e-01
745 2 1.57079633e+00 1.20385541e-01
746 2 1.57079633e+00 1.19941583e-01
747 2 1.57079633e+00 1.21733435e-01
748 2 1.57079633e+00 1.21214704e-01
749 2 1.57079633e+00 1.22019579e-01
750 2 1.57079633e+00 1.20354872e-01
751 2 1.57079633e+00 1.21131378e-01
752 2 1.57079633e+00 1.19363790e-01
753 2 1.57079633e+00 1.20461114e-01
754 2 1.57079633e+00 1.21085230e-01
755 2 1.57079633e+00 1.19661476e-01
756 2 1.57079633e+00 1.21362031e-01
757 2 1.57079633e+00 1.20887933e-01
758 2 1.57079633e+00 1.20621950e-01
759 2 1.57079633e+00 1.20734229e-01
760 2 1.57079633e+00 1.20485312e-01
761 2 1.57079633e+00 1.21619606e-01
762 2 1.57079633e+00 1.19209847e-01
763 2 1.57079633e+00 1.20052323e-01
764 2 1.57079633e+00 1.20252570e-01
765 2 1.57079633e+00 1.19642146e-01
766 2 1.57079633e+00 1.21327417e-01
767 2 1.57079633e+00 1.21690055e-01
768 2 1.57079633e+00 1.21070009e-01
769 2 1.57079633e+00 1.20786805e-01
770 2 1.57079633e+00 1.20632541e-01
771 2 1.57079633e+00 1.20594713e-01
772 2 1.57079633e+00 1.20222386e-01
773 2 1.57079633e+00 1.20205448e-01
774 2 1.57079633e+00 1.20898298e-01
775 2 1.57079633e+00 1.20440159e-01
776 2 1.57079633e+00 1.21169884e-01
777 2 1.57079633e+00 1.20321340e-01
778 2 1.57079633e+00 1.20085512e-01
779 2 1.57079633e+00 1.20404850e-01
780 2 1.57079633e+00 1.19124536e-01
781 2 1.57079633e+00 1.20906580e-01
782 2 1.57079633e+00 1.20870484e-01
783 2 1.57079633e+00 1.20716150e-01
784 2 1.57079633e+00 1.20503180e-01
785 2 1.57079633e+00 1.21055744e-01
786 2 1.57079633e+00 1.19465406e-01
787 2 1.57079633e+00 1.21627532e-01
788 2 1.57079633e+00 1.20473801e-01
789 2 1.57079633e+00 1.19369746e-01
790 2 1.57079633e+00 1.19668086e-01
791 2 1.57079633e+00 1.18475458e-01
792 2 1.57079633e+00 1.20284620e-01
793 2 1.57079633e+00 1.19331355e-01
794 2 1.57079633e+00 1.20226670e-01
795 2 1.57079633e+00 1.21200573e-01
796 2 1.57079633e+00 1.20998288e-01
797 2 1.57079633e+00 1.20632344e-01
798 2 1.57079633e+00 1.20299925e-01
799 2 1.57079633e+00 1.20178920e-01
800 2 1.57079633e+00 1.19352293e-01
801 2 1.57079633e+00 1.20623866e-01
802 2 1.57079633e+00 1.19623254e-01
803 2 1.57079633e+00 1.21171699e-01
804 2 1.57079633e+00 1.20802697e-01
805 2 1.57079633e+00 1.21647365e-01
806 2 1.57079633e+00 1.19580646e-01
807 2 1.57079633e+00 1.20270055e-01
808 2 1.57079633e+00 1.20151295e-01
809 2 1.57079633e+00 1.20447399e-01
810 2 1.57079633e+00 1.19704000e-01
811 2 1.57079633e+00 1.20451837e-01
812 2 1.57079633e+00 1.20423096e-01
813 2 1.57079633e+00 1.19910478e-01
814 2 1.57079633e+00 1.21089649e-01
815 2 1.57079633e+00 1.19607321e-01
816 2 1.57079633e+00 1.21293151e-01
817 2 1.57079633e+00 1.20700539e-01
818 2 1.57079633e+00 1.20791779e-01
819 2 1.57079633e+00 1.21363317e-01
820 2 1.57079633e+00 1.19021084e-01
821 2 1.57079633e+00 1.19699847e-01
822 2 1.57079633e+00 1.20491389e-01
823 2 1.57079633e+00 1.20710228e-01
824 2 1.57079633e+00 1.20142661e-01
825 2 1.57079633e+00 1.20191962e-01
826 2 1.57079633e+00 1.20444215e-01
827 2 1.57079633e+00 1.21206850e-01
828 2 1.57079633e+00 1.20192308e-01
829 2 1.57079633e+00 1.20296335e-01
830 2 1.57079633e+00 1.20793838e-01
831 2 1.57079633e+00 1.20305293e-01
832 2 1.57079633e+00 1.19989473e-01
833 2 1.57079633e+00 1.20691479e-01
834 2 1.57079633e+00 1.18917189e-01
835 2 1.57079633e+00 1.21184704e-01
836 2 1.57079633e+00 1.19245242e-01
837 2 1.57079633e+00 1.20688371e-01
838 2 1.57079633e+00 1.20442175e-01
839 2 1.57079633e+00 1.20175052e-01
840 2 1.57079633e+00 1.21716211e-01
841 2 1.57079633e+00 1.19746881e-01
842 2 1.57079633e+00 1.20402278e-01
843 2 1.57079633e+00 1.19872829e-01
844 2 1.57079633e+00 1.20738712e-01
845 2 1.57079633e+00 1.20789426e-01
846 2 1.57079633e+00 1.19455880e-01
847 2 1.57079633e+00 1.19718448e-01
848 2 1.57079633e+00 1.20071232e-01
849 2 1.57079633e+00 1.20530474e-01
850 2 1.57079633e+00 1.21286964e-01
851 2 1.57079633e+00 1.20306330e-01
852 2 1.57079633e+00 1.20851470e-01
853 2 1.57079633e+00 1.19711649e-01
854 2 1.57079633e+00 1.20534940e-01
855 2 1.57079633e+00 1.19207821e-01
856 2 1.57079633e+00 1.20117103e-01
857 2 1.57079633e+00 1.20107160e-01
858 2 1.57079633e+00 1.20154343e-01
859 2 1.57079633e+00 1.20525281e-01
860 2 1.57079633e+00 1.19534839e-01
861 2 1.57079633e+00 1.21009506e-01
862 2 1.57079633e+00 1.21084327e-01
863 2 1.57079633e+00 1.21186025e-01
864 2 1.57079633e+00 1.20287934e-01
865 2 1.57079633e+00 1.20537392e-01
866 2 1.57079633e+00 1.21158985e-01
867 2 1.57079633e+00 1.20460256e-01
868 2 1.57079633e+00 1.20602489e-01
869 2 1.57079633e+00 1.20590468e-01
870 2 1.57079633e+00 1.20258403e-01
871 2 1.57079633e+00 1.19792655e-01
872 2 1.57079633e+00 1.21640066e-01
873 2 1.57079633e+00 1.20842383e-01
874 2 1.57079633e+00 1.20718315e-01
875 2 1.57079633e+00 1.20262014e-01
876 2 1.57079633e+00 1.20129178e-01
877 2 1.57079633e+00 1.20994773e-01
878 2 1.57079633e+00 1.20114479e-01
879 2 1.57079633e+00 1.20645401e-01
880 2 1.57079633e+00 1.19751617e-01
881 2 1.57079633e+00 1.20972648e-01
882 2 1.57079633e+00 1.20107146e-01
883 2 1.57079633e+00 1.20431778e-01
884 2 1.57079633e+00 1.20224450e-01
885 2 1.57079633e+00 1.20727935e-01
886 2 1.57079633e+00 1.20097811e-01
887 2 1.57079633e+00 1.18930393e-01
888 2 1.57079633e+00 1.21834741e-01
889 2 1.57079633e+00 1.21894880e-01
890 2 1.57079633e+00 1.21035790e-01
891 2 1.57079633e+00 1.20358267e-01
892 2 1.57079633e+00 1.20473253e-01
893 2 1.57079633e+00 1.20273190e-01
894 2 1.57079633e+00 1.19600165e-01
895 2 1.57079633e+00 1.18831286e-01
896 2 1.57079633e+00 1.19792744e-01
897 2 1.57079633e+00 1.20559155e-01
898 2 1.57079633e+00 1.21373990e-01
899 2 1.57079633e+00 1.20186520e-01
0 3 2.35619449e+00 1.67420919e-01
1 3 2.35619449e+00 1.66520062e-01
2 3 2.35619449e+00 1.66637973e-01
3 3 2.35619449e+00 1.66756884e-01
4 3 2.35619449e+00 1.66556896e-01
5 3 2.35619449e+00 1.66457700e-01
6 3 2.35619449e+00 1.65962278e-01
7 3 2.35619449e+00 1.66843258e-01
8 3 2.35619449e+00 1.66418041e-01
9 3 2.35619449e+00 1.66863946e-01
10 3 2.35619449e+00 1.66345580e-01
11 3 2.35619449e+00 1.66928796e-01
12 3 2.35619449e+00 1.66709919e-01
13 3 2.35619449e+00 1.67325011e-01
14 3 2.35619449e+00 1.67138361e-01
15 3 2.35619449e+00 1.65924631e-01
16 3 2.35619449e+00 1.63045662e-01
17 3 2.35619449e+00 1.66028031e-01
18 3 2.35619449e+00 1.67014786e-01
19 3 2.35619449e+00 1.66342948e-01
20 3 2.35619449e+00 1.65476640e-01
21 3 2.35619449e+00 1.66668389e-01
22 3 2.35619449e+00 1.67100912e-01
23 3 2.35619449e+00 1.69097004e-01
24 3 2.35619449e+00 1.65154720e-01
25 3 2.35619449e+00 1.65841849e-01
26 3 2.35619449e+00 1.66124457e-01
27 3 2.35619449e+00 1.64523827e-01
28 3 2.35619449e+00 1.67086096e-01
29 3 2.35619449e+00 1.67578256e-01
30 3 2.35619449e+00 1.65180755e-01
31 3 2.35619449e+00 1.66039737e-01
32 3 2.35619449e+00 1.64489002e-01
33 3 2.35619449e+00 1.65350103e-01
34 3 2.35619449e+00 1.67274283e-01
35 3 2.35619449e+00 1.67645669e-01
36 3 2.35619449e+00 1.65545480e-01
37 3 2.35619449e+00 1.65871403e-01
38 3 2.35619449e+00 1.64643743e-01
39 3 2.35619449e+00 1.64423242e-01
40 3 2.35619449e+00 1.64284444e-01
41 3 2.35619449e+00 1.66272044e-01
42 3 2.35619449e+00 1.67469313e-01
43 3 2.35619449e+00 1.67162141e-01
44 3 2.35619449e+00 1.65191198e-01
45 3 2.35619449e+00 1.66512998e-01
46 3 2.35619449e+00 1.65955462e-01
47 3 2.35619449e+00 1.65854560e-01
48 3 2.35619449e+00 1.65909119e-01
49 3 2.35619449e+00 1.66900282e-01
50 3 2.35619449e+00 1.67014987e-01
51 3 2.35619449e+00 1.66187580e-01
52 3 2.35619449e+00 1.65635749e-01
53 3 2.35619449e+00 1.65345892e-01
54 3 2.35619449e+00 1.65525042e-01
55 3 2.35619449e+00 1.67399243e-01
56 3 2.35619449e+00 1.67415028e-01
57 3 2.35619449e+00 1.65442219e-01
58 3 2.35619449e+00 1.66766474e-01
59 3 2.35619449e+00 1.67275469e-01
60 3 2.35619449e+00 1.64424658e-01
61 3 2.35619449e+00 1.65171745e-01
62 3 2.35619449e+00 1.66246065e-01
63 3 2.35619449e+00 1.66158886e-01
64 3 2.35619449e+00 1.66598685e-01
65 3 2.35619449e+00 1.66254633e-01
66 3 2.35619449e+00 1.68224405e-01
67 3 2.35619449e+00 1.64851146e-01
68 3 2.35619449e+00 1.65968638e-01
69 3 2.35619449e+00 1.67199763e-01
70 3 2.35619449e+00 1.65579209e-01
71 3 2.35619449e+00 1.65678550e-01
72 3 2.35619449e+00 1.64657009e-01
73 3 2.35619449e+00 1.68060449e-01
74 3 2.35619449e+00 1.67527714e-01
75 3 2.35619449e+00 1.66711814e-01
76 3 2.35619449e+00 1.65928415e-01
77 3 2.35619449e+00 1.65352277e-01
78 3 2.35619449e+00 1.66756581e-01
79 3 2.35619449e+00 1.66767415e-01
80 3 2.35619449e+00 1.66419787e-01
81 3 2.35619449e+00 1.65712501e-01
82 3 2.35619449e+00 1.65955664e-01
83 3 2.35619449e+00 1.66062760e-01
84 3 2.35619449e+00 1.65212476e-01
85 3 2.35619449e+00 1.68230259e-01
86 3 2.35619449e+00 1.67052548e-01
87 3 2.35619449e+00 1.66315930e-01
88 3 2.35619449e+00 1.65893224e-01
89 3 2.35619449e+00 1.65766641e-01
90 3 2.35619449e+00 1.67065048e-01
91 3 2.35619449e+00 1.66560788e-01
92 3 2.35619449e+00 1.66586759e-01
93 3 2.35619449e+00 1.66840101e-01
94 3 2.35619449e+00 1.67639639e-01
95 3 2.35619449e+00 1.67506439e-01
96 3 2.35619449e+00 1.67400561e-01
97 3 2.35619449e+00 1.66542855e-01
98 3 2.35619449e+00 1.67057635e-01
99 3 2.35619449e+00 1.67290454e-01
100 3 2.35619449e+00 1.65717107e-01
101 3 2.35619449e+00 1.67237796e-01
102 3 2.35619449e+00 1.67269399e-01
103 3 2.35619449e+00 1.66540707e-01
104 3 2.35619449e+00 1.66075255e-01
105 3 2.35619449e+00 1.67266409e-01
106 3 2.35619449e+00 1.65011092e-01
107 3 2.35619449e+00 1.67516339e-01
108 3 2.35619449e+00 1.66910075e-01
109 3 2.35619449e+00 1.67312706e-01
110 3 2.35619449e+00 1.66623722e-01
111 3 2.35619449e+00 1.65031784e-01
112 3 2.35619449e+00 1.65893115e-01
113 3 2.35619449e+00 1.66450222e-01
114 3 2.35619449e+00 1.66534871e-01
115 3 2.35619449e+00 1.64782010e-01
116 3 2.35619449e+00 1.66213200e-01
117 3 2.35619449e+00 1.67242784e-01
118 3 2.35619449e+00 1.65403250e-01
119 3 2.35619449e+00 1.66309683e-01
120 3 2.35619449e+00 1.63142393e-01
121 3 2.35619449e+00 1.66053589e-01
122 3 2.35619449e+00 1.63252119e-01
123 3 2.35619449e+00 1.66927429e-01
124 3 2.35619449e+00 1.66209772e-01
125 3 2.35619449e+00 1.65008553e-01
126 3 2.35619449e+00 1.67451780e-01
127 3 2.35619449e+00 1.66762799e-01
128 3 2.35619449e+00 1.67014030e-01
129 3 2.35619449e+00 1.63234151e-01
130 3 2.35619449e+00 1.66057609e-01
131 3 2.35619449e+00 1.66497233e-01
132 3 2.35619449e+00 1.65525483e-01
133 3 2.35619449e+00 1.66245483e-01
134 3 2.35619449e+00 1.67522505e-01
135 3 2.35619449e+00 1.66770010e-01
136 3 2.35619449e+00 1.64776543e-01
137 3 2.35619449e+00 1.65114486e-01
138 3 2.35619449e+00 1.66469852e-01
139 3 2.35619449e+00 1.65384191e-01
140 3 2.35619449e+00 1.66128554e-01
141 3 2.35619449e+00 1.65262629e-01
142 3 2.35619449e+00 1.64714871e-01
143 3 2.35619449e+00 1.65948078e-01
144 3 2.35619449e+00 1.65287228e-01
145 3 2.35619449e+00 1.68389836e-01
146 3 2.35619449e+00 1.65341664e-01
147 3 2.35619449e+00 1.65856849e-01
148 3 2.35619449e+00 1.66744128e-01
149 3 2.35619449e+00 1.67656114e-01
150 3 2.35619449e+00 1.64662073e-01
151 3 2.35619449e+00 1.65141412e-01
152 3 2.35619449e+00 1.65217074e-01
153 3 2.35619449e+00 1.65654656e-01
154 3 2.35619449e+00 1.67243471e-01
155 3 2.35619449e+00 1.67116007e-01
156 3 2.35619449e+00 1.68040077e-01
157 3 2.35619449e+00 1.64746371e-01
158 3 2.35619449e+00 1.68301489e-01
159 3 2.35619449e+00 1.66297264e-01
160 3 2.35619449e+00 1.65384997e-01
161 3 2.35619449e+00 1.64768220e-01
162 3 2.35619449e+00 1.65406340e-01
163 3 2.35619449e+00 1.67468262e-01
164 3 2.35619449e+00 1.66086018e-01
165 3 2.35619449e+00 1.65706843e-01
166 3 2.35619449e+00 1.67376213e-01
167 3 2.35619449e+00 1.67960928e-01
168 3 2.35619449e+00 1.66739580e-01
169 3 2.35619449e+00 1.66427898e-01
170 3 2.35619449e+00 1.66960631e-01
171 3 2.35619449e+00 1.65796491e-01
172 3 2.35619449e+00 1.67824072e-01
173 3 2.35619449e+00 1.66800077e-01
174 3 2.35619449e+00 1.68023280e-01
175 3 2.35619449e+00 1.68060892e-01
176 3 2.35619449e+00 1.67455973e-01
177 3 2.35619449e+00 1.65732756e-01
178 3 2.35619449e+00 1.65623041e-01
179 3 2.35619449e+00 1.66796318e-01
180 3 2.35619449e+00 1.65917720e-01
181 3 2.35619449e+00 1.67133797e-01
182 3 2.35619449e+00 1.65631944e-01
183 3 2.35619449e+00 1.66663693e-01
184 3 2.35619449e+00 1.65950556e-01
185 3 2.35619449e+00 1.65148083e-01
186 3 2.35619449e+00 1.65743628e-01
187 3 2.35619449e+00 1.67265366e-01
188 3 2.35619449e+00 1.65680305e-01
189 3 2.35619449e+00 1.66029973e-01
190 3 2.35619449e+00 1.66133816e-01
191 3 2.35619449e+00 1.68603903e-01
192 3 2.35619449e+00 1.66395374e-01
193 3 2.35619449e+00 1.67108595e-01
194 3 2.35619449e+00 1.64758662e-01
195 3 2.35619449e+00 1.67117874e-01
196 3 2.35619449e+00 1.66037456e-01
197 3 2.35619449e+00 1.66539862e-01
198 3 2.35619449e+00 1.65017243e-01
199 3 2.35619449e+00 1.65806020e-01
200 3 2.35619449e+00 1.65550031e-01
201 3 2.35619449e+00 1.66203336e-01
202 3 2.35619449e+00 1.64881990e-01
203 3 2.35619449e+00 1.66218715e-01
204 3 2.35619449e+00 1.65345022e-01
205 3 2.35619449e+00 1.67569018e-01
206 3 2.35619449e+00 1.65921243e-01
207 3 2.35619449e+00 1.66757044e-01
208 3 2.35619449e+00 1.66543908e-01
209 3 2.35619449e+00 1.67050989e-01
210 3 2.35619449e+00 1.63778058e-01
211 3 2.35619449e+00 1.65413445e-01
212 3 2.35619449e+00 1.64083978e-01
213 3 2.35619449e+00 1.64664908e-01
214 3 2.35619449e+00 1.65190515e-01
215 3 2.35619449e+00 1.66598861e-01
216 3 2.35619449e+00 1.66713028e-01
217 3 2.35619449e+00 1.70092728e-01
218 3 2.35619449e+00 1.68279632e-01
219 3 2.35619449e+00 1.67113171e-01
220 3 2.35619449e+00 1.67606186e-01
221 3 2.35619449e+00 1.66821712e-01
222 3 2.35619449e+00 1.65439789e-01
223 3 2.35619449e+00 1.66507118e-01
224 3 2.35619449e+00 1.65268342e-01
225 3 2.35619449e+00 1.66717814e-01
226 3 2.35619449e+00 1.65710068e-01
227 3 2.35619449e+00 1.66168614e-01
228 3 2.35619449e+00 1.66744801e-01
229 3 2.35619449e+00 1.66112292e-01
230 3 2.35619449e+00 1.65542265e-01
231 3 2.35619449e+00 1.66182087e-01
232 3 2.35619449e+00 1.66929902e-01
233 3 2.35619449e+00 1.65031074e-01
234 3 2.35619449e+00 1.67323562e-01
235 3 2.35619449e+00 1.66353143e-01
236 3 2.35619449e+00 1.65480132e-01
237 3 2.35619449e+00 1.68630193e-01
238 3 2.35619449e+00 1.66617170e-01
239 3 2.35619449e+00 1.67048167e-01
240 3 2.35619449e+00 1.68097556e-01
241 3 2.35619449e+00 1.66122677e-01
242 3 2.35619449e+00 1.66569832e-01
243 3 2.35619449e+00 1.66276773e-01
244 3 2.35619449e+00 1.63653238e-01
245 3 2.35619449e+00 1.63960957e-01
246 3 2.35619449e+00 1.66115681e-01
247 3 2.35619449e+00 1.67450698e-01
248 3 2.35619449e+00 1.64986744e-01
249 3 2.35619449e+00 1.66167960e-01
250 3 2.35619449e+00 1.66943066e-01
251 3 2.35619449e+00 1.65307930e-01
252 3 2.35619449e+00 1.66027812e-01
253 3 2.35619449e+00 1.66632489e-01
254 3 2.35619449e+00 1.66590983e-01
255 3 2.35619449e+00 1.64699602e-01
256 3 2.35619449e+00 1.66124231e-01
257 3 2.35619449e+00 1.67260639e-01
258 3 2.35619449e+00 1.65382405e-01
259 3 2.35619449e+00 1.65311136e-01
260 3 2.35619449e+00 1.65677839e-01
261 3 2.35619449e+00 1.66478942e-01
262 3 2.35619449e+00 1.65139564e-01
263 3 2.35619449e+00 1.62887630e-01
264 3 2.35619449e+00 1.65218203e-01
265 3 2.35619449e+00 1.66756167e-01
266 3 2.35619449e+00 1.64763318e-01
267 3 2.35619449e+00 1.66939804e-01
268 3 2.35619449e+00 1.64082756e-01
269 3 2.35619449e+00 1.67029691e-01
270 3 2.35619449e+00 1.66236690e-01
271 3 2.35619449e+00 1.68370323e-01
272 3 2.35619449e+00 1.65932710e-01
273 3 2.35619449e+00 1.65988436e-01
274 3 2.35619449e+00 1.65005556e-01
275 3 2.35619449e+00 1.66470921e-01
276 3 2.35619449e+00 1.66324719e-01
277 3 2.35619449e+00 1.65338110e-01
278 3 2.35619449e+00 1.67788982e-01
279 3 2.35619449e+00 1.66818794e-01
280 3 2.35619449e+00 1.65049510e-01
281 3 2.35619449e+00 1.65990149e-01
282 3 2.35619449e+00 1.66842583e-01
283 3 2.35619449e+00 1.66863601e-01
284 3 2.35619449e+00 1.64105972e-01
285 3 2.35619449e+00 1.64340353e-01
286 3 2.35619449e+00 1.64278919e-01
287 3 2.35619449e+00 1.65097163e-01
288 3 2.35619449e+00 1.67569849e-01
289 3 2.35619449e+00 1.66956265e-01
290 3 2.35619449e+00 1.66682642e-01
291 3 2.35619449e+00 1.65534917e-01
292 3 2.35619449e+00 1.66400751e-01
293 3 2.35619449e+00 1.68222133e-01
294 3 2.35619449e+00 1.66642575e-01
295 3 2.35619449e+00 1.67084566e-01
296 3 2.35619449e+00 1.67009079e-01
297 3 2.35619449e+00 1.66412904e-01
298 3 2.35619449e+00 1.65859068e-01
299 3 2.35619449e+00 1.64633134e-01
300 3 2.35619449e+00 1.67512932e-01
301 3 2.35619449e+00 1.66118014e-01
302 3 2.35619449e+00 1.64951346e-01
303 3 2.35619449e+00 1.64271389e-01
304 3 2.35619449e+00 1.67195828e-01
305 3 2.35619449e+00 1.66725660e-01
306 3 2.35619449e+00 1.64058668e-01
307 3 2.35619449e+00 1.66127145e-01
308 3 2.35619449e+00 1.66375901e-01
309 3 2.35619449e+00 1.67440705e-01
310 3 2.35619449e+00 1.65041113e-01
311 3 2.35619449e+00 1.63908700e-01
312 3 2.35619449e+00 1.67757642e-01
313 3 2.35619449e+00 1.65257677e-01
314 3 2.35619449e+00 1.66228213e-01
315 3 2.35619449e+00 1.64565925e-01
316 3 2.35619449e+00 1.64833085e-01
317 3 2.35619449e+00 1.65040187e-01
318 3 2.35619449e+00 1.64571227e-01
319 3 2.35619449e+00 1.66762684e-01
320 3 2.35619449e+00 1.65964926e-01
321 3 2.35619449e+00 1.66218337e-01
322 3 2.35619449e+00 1.66758417e-01
323 3 2.35619449e+00 1.65829049e-01
324 3 2.35619449e+00 1.66698277e-01
325 3 2.35619449e+00 1.67556682e-01
326 3 2.35619449e+00 1.65977190e-01
327 3 2.35619449e+00 1.67267813e-01
328 3 2.35619449e+00 1.65996991e-01
329 3 2.35619449e+00 1.66061877e-01
330 3 2.35619449e+00 1.65128124e-01
331 3 2.35619449e+00 1.67415099e-01
332 3 2.35619449e+00 1.67428804e-01
333 3 2.35619449e+00 1.64766443e-01
334 3 2.35619449e+00 1.64817350e-01
335 3 2.35619449e+00 1.67611233e-01
336 3 2.35619449e+00 1.65082593e-01
337 3 2.35619449e+00 1.66438636e-01
338 3 2.35619449e+00 1.65343844e-01
339 3 2.35619449e+00 1.65121832e-01
340 3 2.35619449e+00 1.64941061e-01
341 3 2.35619449e+00 1.65078630e-01
342 3 2.35619449e+00 1.64868284e-01
343 3 2.35619449e+00 1.65859225e-01
344 3 2.35619449e+00 1.64811070e-01
345 3 2.35619449e+00 1.66196254e-01
346 3 2.35619449e+00 1.64681860e-01
347 3 2.35619449e+00 1.64866713e-01
348 3 2.35619449e+00 1.66157076e-01
349 3 2.35619449e+00 1.67784634e-01
350 3 2.35619449e+00 1.66050644e-01
351 3 2.35619449e+00 1.66066908e-01
352 3 2.35619449e+00 1.66855968e-01
353 3 2.35619449e+00 1.65715211e-01
354 3 2.35619449e+00 1.66935315e-01
355 3 2.35619449e+00 1.66193307e-01
356 3 2.35619449e+00 1.66863997e-01
357 3 2.35619449e+00 1.67472412e-01
358 3 2.35619449e+00 1.65351748e-01
359 3 2.35619449e+00 1.65998153e-01
360 3 2.35619449e+00 1.66540135e-01
361 3 2.35619449e+00 1.66504380e-01
362 3 2.35619449e+00 1.65357825e-01
363 3 2.35619449e+00 1.67893616e-01
364 3 2.35619449e+00 1.66262598e-01
365 3 2.35619449e+00 1.64791320e-01
366 3 2.35619449e+00 1.66890669e-01
367 3 2.35619449e+00 1.66349574e-01
368 3 2.35619449e+00 1.64092597e-01
369 3 2.35619449e+00 1.66120840e-01
370 3 2.35619449e+00 1.66792420e-01
371 3 2.35619449e+00 1.64454803e-01
372 3 2.35619449e+00 1.67123201e-01
373 3 2.35619449e+00 1.64228835e-01
374 3 2.35619449e+00 1.64139869e-01
375 3 2.35619449e+00 1.64784467e-01
376 3 2.35619449e+00 1.64685732e-01
377 3 2.35619449e+00 1.66944029e-01
378 3 2.35619449e+00 1.66947019e-01
379 3 2.35619449e+00 1.66840428e-01
380 3 2.35619449e+00 1.66648062e-01
381 3 2.35619449e+00 1.64355858e-01
382 3 2.35619449e+00 1.64840069e-01
383 3 2.35619449e+00 1.67041772e-01
384 3 2.35619449e+00 1.67230934e-01
385 3 2.35619449e+00 1.65875025e-01
386 3 2.35619449e+00 1.65130445e-01
387 3 2.35619449e+00 1.65069623e-01
388 3 2.35619449e+00 1.66372853e-01
389 3 2.35619449e+00 1.65820910e-01
390 3 2.35619449e+00 1.67866238e-01
391 3 2.35619449e+00 1.65470431e-01
392 3 2.35619449e+00 1.65465769e-01
393 3 2.35619449e+00 1.66632420e-01
394 3 2.35619449e+00 1.66080446e-01
395 3 2.35619449e+00 1.66423219e-01
396 3 2.35619449e+00 1.62651409e-01
397 3 2.35619449e+00 1.66412882e-01
398 3 2.35619449e+00 1.65687871e-01
399 3 2.35619449e+00 1.65848378e-01
400 3 2.35619449e+00 1.65539152e-01
401 3 2.35619449e+00 1.63776114e-01
402 3 2.35619449e+00 1.66652612e-01
403 3 2.35619449e+00 1.68425950e-01
404 3 2.35619449e+00 1.64903020e-01
405 3 2.35619449e+00 1.65289984e-01
406 3 2.35619449e+00 1.66948995e-01
407 3 2.35619449e+00 1.66316462e-01
408 3 2.35619449e+00 1.65678157e-01
409 3 2.35619449e+00 1.65434647e-01
410 3 2.35619449e+00 1.66611061e-01
411 3 2.35619449e+00 1.67374963e-01
412 3 2.35619449e+00 1.66368505e-01
413 3 2.35619449e+00 1.65922636e-01
414 3 2.35619449e+00 1.65978702e-01
415 3 2.35619449e+00 1.66416674e-01
416 3 2.35619449e+00 1.67054847e-01
417 3 2.35619449e+00 1.63071609e-01
418 3 2.35619449e+00 1.65068984e-01
419 3 2.35619449e+00 1.65331031e-01
420 3 2.35619449e+00 1.66525445e-01
421 3 2.35619449e+00 1.66254738e-01
422 3 2.35619449e+00 1.67873496e-01
423 3 2.35619449e+00 1.66294186e-01
424 3 2.35619449e+00 1.64296081e-01
425 3 2.35619449e+00 1.67115057e-01
426 3 2.35619449e+00 1.66452941e-01
427 3 2.35619449e+00 1.64042869e-01
428 3 2.35619449e+00 1.65802224e-01
429 3 2.35619449e+00 1.67684932e-01
430 3 2.35619449e+00 1.67589616e-01
431 3 2.35619449e+00 1.65558383e-01
432 3 2.35619449e+00 1.65272285e-01
433 3 2.35619449e+00 1.64106784e-01
434 3 2.35619449e+00 1.65530566e-01
435 3 2.35619449e+00 1.66173729e-01
436 3 2.35619449e+00 1.64529052e-01
437 3 2.35619449e+00 1.64747526e-01
438 3 2.35619449e+00 1.66518403e-01
439 3 2.35619449e+00 1.66748169e-01
440 3 2.35619449e+00 1.65152568e-01
441 3 2.35619449e+00 1.66134270e-01
442 3 2.35619449e+00 1.65534599e-01
443 3 2.35619449e+00 1.64724431e-01
444 3 2.35619449e+00 1.66518379e-01
445 3 2.35619449e+00 1.66270588e-01
446 3 2.35619449e+00 1.66481297e-01
447 3 2.35619449e+00 1.66660598e-01
448 3 2.35619449e+00 1.66543259e-01
449 3 2.35619449e+00 1.68444818e-01
450 3 2.35619449e+00 1.67138796e-01
451 3 2.35619449e+00 1.66773122e-01
452 3 2.35619449e+00 1.66486977e-01
453 3 2.35619449e+00 1.65885932e-01
454 3 2.35619449e+00 1.66423186e-01
455 3 2.35619449e+00 1.66337576e-01
456 3 2.35619449e+00 1.66344481e-01
457 3 2.35619449e+00 1.66445975e-01
458 3 2.35619449e+00 1.67883945e-01
459 3 2.35619449e+00 1.65970355e-01
460 3 2.35619449e+00 1.66635621e-01
461 3 2.35619449e+00 1.66676135e-01
462 3 2.35619449e+00 1.67492527e-01
463 3 2.35619449e+00 1.66277268e-01
464 3 2.35619449e+00 1.65759284e-01
465 3 2.35619449e+00 1.66974141e-01
466 3 2.35619449e+00 1.66305628e-01
467 3 2.35619449e+00 1.65472105e-01
468 3 2.35619449e+00 1.64440145e-01
469 3 2.35619449e+00 1.65766045e-01
470 3 2.35619449e+00 1.66703391e-01
471 3 2.35619449e+00 1.64984124e-01
472 3 2.35619449e+00 1.66720505e-01
473 3 2.35619449e+00 1.68122970e-01
474 3 2.35619449e+00 1.66234052e-01
475 3 2.35619449e+00 1.66738464e-01
476 3 2.35619449e+00 1.67327298e-01
477 3 2.35619449e+00 1.68344255e-01
478 3 2.35619449e+00 1.68450516e-01
479 3 2.35619449e+00 1.67036303e-01
480 3 2.35619449e+00 1.67298009e-01
481 3 2.35619449e+00 1.66128802e-01
482 3 2.35619449e+00 1.65382717e-01
483 3 2.35619449e+00 1.67465624e-01
484 3 2.35619449e+00 1.64695860e-01
485 3 2.35619449e+00 1.65717408e-01
486 3 2.35619449e+00 1.65884960e-01
487 3 2.35619449e+00 1.66972277e-01
488 3 2.35619449e+00 1.65642663e-01
489 3 2.35619449e+00 1.66352117e-01
490 3 2.35619449e+00 1.66743182e-01
491 3 2.35619449e+00 1.65593053e-01
492 3 2.35619449e+00 1.68127671e-01
493 3 2.35619449e+00 1.66438248e-01
494 3 2.35619449e+00 1.66256760e-01
495 3 2.35619449e+00 1.64794161e-01
496 3 2.35619449e+00 1.65400529e-01
497 3 2.35619449e+00 1.64145202e-01
498 3 2.35619449e+00 1.66505550e-01
499 3 2.35619449e+00 1.67637749e-01
500 3 2.35619449e+00 1.64749718e-01
501 3 2.35619449e+00 1.66108161e-01
502 3 2.35619449e+00 1.65839498e-01
503 3 2.35619449e+00 1.67707752e-01
504 3 2.35619449e+00 1.66991935e-01
505 3 2.35619449e+00 1.66284597e-01
506 3 2.35619449e+00 1.66832819e-01
507 3 2.35619449e+00 1.64145882e-01
508 3 2.35619449e+00 1.66276672e-01
509 3 2.35619449e+00 1.65180240e-01
510 3 2.35619449e+00 1.65379425e-01
511 3 2.35619449e+00 1.68126123e-01
512 3 2.35619449e+00 1.67401624e-01
513 3 2.35619449e+00 1.65266517e-01
514 3 2.35619449e+00 1.66832790e-01
515 3 2.35619449e+00 1.67691203e-01
516 3 2.35619449e+00 1.65224596e-01
517 3 2.35619449e+00 1.67008718e-01
518 3 2.35619449e+00 1.66229670e-01
519 3 2.35619449e+00 1.66568555e-01
520 3 2.35619449e+00 1.66999138e-01
521 3 2.35619449e+00 1.66179327e-01
522 3 2.35619449e+00 1.65763241e-01
523 3 2.35619449e+00 1.65336988e-01
524 3 2.35619449e+00 1.66002794e-01
525 3 2.35619449e+00 1.67736175e-01
526 3 2.35619449e+00 1.65785310e-01
527 3 2.35619449e+00 1.67368527e-01
528 3 2.35619449e+00 1.66278605e-01
529 3 2.35619449e+00 1.66811518e-01
530 3 2.35619449e+00 1.68202278e-01
531 3 2.35619449e+00 1.63998068e-01
532 3 2.35619449e+00 1.64922308e-01
533 3 2.35619449e+00 1.65652347e-01
534 3 2.35619449e+00 1.65803308e-01
535 3 2.35619449e+00 1.65462271e-01
536 3 2.35619449e+00 1.65611771e-01
537 3 2.35619449e+00 1.66229450e-01
538 3 2.35619449e+00 1.65570615e-01
539 3 2.35619449e+00 1.64792390e-01
540 3 2.35619449e+00 1.65797915e-01
541 3 2.35619449e+00 1.66607246e-01
542 3 2.35619449e+00 1.67959439e-01
543 3 2.35619449e+00 1.66156780e-01
544 3 2.35619449e+00 1.65877828e-01
545 3 2.35619449e+00 1.66858303e-01
546 3 2.35619449e+00 1.67202257e-01
547 3 2.35619449e+00 1.64321992e-01
548 3 2.35619449e+00 1.65518614e-01
549 3 2.35619449e+00 1.67122861e-01
550 3 2.35619449e+00 1.66763488e-01
551 3 2.35619449e+00 1.67933814e-01
552 3 2.35619449e+00 1.66209451e-01
553 3 2.35619449e+00 1.67627159e-01
554 3 2.35619449e+00 1.66567937e-01
555 3 2.35619449e+00 1.64820915e-01
556 3 2.35619449e+00 1.68015948e-01
557 3 2.35619449e+00 1.66053378e-01
558 3 2.35619449e+00 1.67384238e-01
559 3 2.35619449e+00 1.65589434e-01
560 3 2.35619449e+00 1.64880274e-01
561 3 2.35619449e+00 1.64594298e-01
562 3 2.35619449e+00 1.64549726e-01
563 3 2.35619449e+00 1.64661493e-01
564 3 2.35619449e+00 1.66632292e-01
565 3 2.35619449e+00 1.67428285e-01
566 3 2.35619449e+00 1.67549922e-01
567 3 2.35619449e+00 1.68126094e-01
568 3 2.35619449e+00 1.68069787e-01
569 3 2.35619449e+00 1.66828200e-01
570 3 2.35619449e+00 1.67225489e-01
571 3 2.35619449e+00 1.67707175e-01
572 3 2.35619449e+00 1.66040544e-01
573 3 2.35619449e+00 1.65900700e-01
574 3 2.35619449e+00 1.65702794e-01
575 3 2.35619449e+00 1.65365741e-01
576 3 2.35619449e+00 1.66188182e-01
577 3 2.35619449e+00 1.65458524e-01
578 3 2.35619449e+00 1.67004143e-01
579 3 2.35619449e+00 1.67203309e-01
580 3 2.35619449e+00 1.66488185e-01
581 3 2.35619449e+00 1.68365125e-01
582 3 2.35619449e+00 1.68298436e-01
583 3 2.35619449e+00 1.66151668e-01
584 3 2.35619449e+00 1.65554640e-01
585 3 2.35619449e+00 1.65631871e-01
586 3 2.35619449e+00 1.66446348e-01
587 3 2.35619449e+00 1.64781457e-01
588 3 2.35619449e+00 1.66227989e-01
589 3 2.35619449e+00 1.64324596e-01
590 3 2.35619449e+00 1.67745925e-01
591 3 2.35619449e+00 1.68269978e-01
592 3 2.35619449e+00 1.67697641e-01
593 3 2.35619449e+00 1.67160617e-01
594 3 2.35619449e+00 1.66044602e-01
595 3 2.35619449e+00 1.64618278e-01
596 3 2.35619449e+00 1.65765718e-01
597 3 2.35619449e+00 1.66225387e-01
598 3 2.35619449e+00 1.66053009e-01
599 3 2.35619449e+00 1.66648036e-01
600 3 2.35619449e+00 1.67048023e-01
601 3 2.35619449e+00 1.65222157e-01
602 3 2.35619449e+00 1.67234541e-01
603 3 2.35619449e+00 1.64686730e-01
604 3 2.35619449e+00 1.66169952e-01
605 3 2.35619449e+00 1.64939689e-01
606 3 2.35619449e+00 1.67209333e-01
607 3 2.35619449e+00 1.66306437e-01
608 3 2.35619449e+00 1.67388665e-01
609 3 2.35619449e+00 1.66823484e-01
610 3 2.35619449e+00 1.67825355e-01
611 3 2.35619449e+00 1.65379699e-01
612 3 2.35619449e+00 1.66546347e-01
613 3 2.35619449e+00 1.64926410e-01
614 3 2.35619449e+00 1.67129149e-01
615 3 2.35619449e+00 1.65172405e-01
616 3 2.35619449e+00 1.67119527e-01
617 3 2.35619449e+00 1.66784834e-01
618 3 2.35619449e+00 1.65724928e-01
619 3 2.35619449e+00 1.66901102e-01
620 3 2.35619449e+00 1.66986289e-01
621 3 2.35619449e+00 1.68192823e-01
622 3 2.35619449e+00 1.66748754e-01
623 3 2.35619449e+00 1.66021994e-01
624 3 2.35619449e+00 1.66183242e-01
625 3 2.35619449e+00 1.66898405e-01
626 3 2.35619449e+00 1.66246330e-01
627 3 2.35619449e+00 1.65302492e-01
628 3 2.35619449e+00 1.66967790e-01
629 3 2.35619449e+00 1.63765826e-01
630 3 2.35619449e+00 1.65379141e-01
631 3 2.35619449e+00 1.67710286e-01
632 3 2.35619449e+00 1.65854632e-01
633 3 2.35619449e+00 1.65523342e-01
634 3 2.35619449e+00 1.64962431e-01
635 3 2.35619449e+00 1.66570955e-01
636 3 2.35619449e+00 1.65583172e-01
637 3 2.35619449e+00 1.66804424e-01
638 3 2.35619449e+00 1.65343905e-01
639 3 2.35619449e+00 1.63352080e-01
640 3 2.35619449e+00 1.67623806e-01
641 3 2.35619449e+00 1.68486754e-01
642 3 2.35619449e+00 1.65987133e-01
643 3 2.35619449e+00 1.64809691e-01
644 3 2.35619449e+00 1.65726623e-01
645 3 2.35619449e+00 1.65008801e-01
646 3 2.35619449e+00 1.66445731e-01
647 3 2.35619449e+00 1.67331963e-01
648 3 2.35619449e+00 1.65959668e-01
649 3 2.35619449e+00 1.67478922e-01
650 3 2.35619449e+00 1.66960890e-01
651 3 2.35619449e+00 1.66190247e-01
652 3 2.35619449e+00 1.65982874e-01
653 3 2.35619449e+00 1.66983595e-01
654 3 2.35619449e+00 1.66263509e-01
655 3 2.35619449e+00 1.67835694e-01
656 3 2.35619449e+00 1.66197548e-01
657 3 2.35619449e+00 1.65217479e-01
658 3 2.35619449e+00 1.66648994e-01
659 3 2.35619449e+00 1.66090327e-01
660 3 2.35619449e+00 1.66807423e-01
661 3 2.35619449e+00 1.67589308e-01
662 3 2.35619449e+00 1.68171483e-01
663 3 2.35619449e+00 1.67074290e-01
664 3 2.35619449e+00 1.67200399e-01
665 3 2.35619449e+00 1.65078137e-01
666 3 2.35619449e+00 1.68571001e-01
667 3 2.35619449e+00 1.67134906e-01
668 3 2.35619449e+00 1.67561826e-01
669 3 2.35619449e+00 1.65877034e-01
670 3 2.35619449e+00 1.66125733e-01
671 3 2.35619449e+00 1.64806065e-01
672 3 2.35619449e+00 1.66510784e-01
673 3 2.35619449e+00 1.68366649e-01
674 3 2.35619449e+00 1.66810116e-01
675 3 2.35619449e+00 1.63965115e-01
676 3 2.35619449e+00 1.65451113e-01
677 3 2.35619449e+00 1.68030724e-01
678 3 2.35619449e+00 1.66448050e-01
679 3 2.35619449e+00 1.64880878e-01
680 3 2.35619449e+00 1.66058947e-01
681 3 2.35619449e+00 1.65852329e-01
682 3 2.35619449e+00 1.64685983e-01
683 3 2.35619449e+00 1.66789458e-01
684 3 2.35619449e+00 1.65565237e-01
685 3 2.35619449e+00 1.65407346e-01
686 3 2.35619449e+00 1.65787892e-01
687 3 2.35619449e+00 1.65252170e-01
688 3 2.35619449e+00 1.66755762e-01
689 3 2.35619449e+00 1.66974869e-01
690 3 2.35619449e+00 1.64487063e-01
691 3 2.35619449e+00 1.65499033e-01
692 3 2.35619449e+00 1.67807941e-01
693 3 2.35619449e+00 1.65497376e-01
694 3 2.35619449e+00 1.64795617e-01
695 3 2.35619449e+00 1.64414188e-01
696 3 2.35619449e+00 1.67223842e-01
697 3 2.35619449e+00 1.66994435e-01
698 3 2.35619449e+00 1.66334758e-01
699 3 2.35619449e+00 1.65484669e-01
700 3 2.35619449e+00 1.67131411e-01
701 3 2.35619449e+00 1.67139202e-01
702 3 2.35619449e+00 1.66299195e-01
703 3 2.35619449e+00 1.64391661e-01
704 3 2.35619449e+00 1.68059628e-01
705 3 2.35619449e+00 1.64457956e-01
706 3 2.35619449e+00 1.68323658e-01
707 3 2.35619449e+00 1.66615300e-01
708 3 2.35619449e+00 1.66096617e-01
709 3 2.35619449e+00 1.65584894e-01
710 3 2.35619449e+00 1.65631604e-01
711 3 2.35619449e+00 1.66497310e-01
712 3 2.35619449e+00 1.67369743e-01
713 3 2.35619449e+00 1.65417712e-01
714 3 2.35619449e+00 1.66027842e-01
715 3 2.35619449e+00 1.66196098e-01
716 3 2.35619449e+00 1.66717889e-01
717 3 2.35619449e+00 1.66697331e-01
718 3 2.35619449e+00 1.67304825e-01
719 3 2.35619449e+00 1.65158293e-01
720 3 2.35619449e+00 1.66835434e-01
721 3 2.35619449e+00 1.65395373e-01
722 3 2.35619449e+00 1.66537168e-01
723 3 2.35619449e+00 1.66653584e-01
724 3 2.35619449e+00 1.65058119e-01
725 3 2.35619449e+00 1.66239216e-01
726 3 2.35619449e+00 1.65120622e-01
727 3 2.35619449e+00 1.68498346e-01
728 3 2.35619449e+00 1.66676432e-01
729 3 2.35619449e+00 1.66191095e-01
730 3 2.35619449e+00 1.63496881e-01
731 3 2.35619449e+00 1.63987706e-01
732 3 2.35619449e+00 1.65472553e-01
733 3 2.35619449e+00 1.65285747e-01
734 3 2.35619449e+00 1.67541976e-01
735 3 2.35619449e+00 1.65704243e-01
736 3 2.35619449e+00 1.66011385e-01
737 3 2.35619449e+00 1.65268943e-01
738 3 2.35619449e+00 1.66630900e-01
739 3 2.35619449e+00 1.67223818e-01
740 3 2.35619449e+00 1.65176019e-01
741 3 2.35619449e+00 1.65638272e-01
742 3 2.35619449e+00 1.65826314e-01
743 3 2.35619449e+00 1.64914900e-01
744 3 2.35619449e+00 1.63245928e-01
745 3 2.35619449e+00 1.66252431e-01
746 3 2.35619449e+00 1.65388109e-01
747 3 2.35619449e+00 1.67935746e-01
748 3 2.35619449e+00 1.67480418e-01
749 3 2.35619449e+00 1.68442445e-01
750 3 2.35619449e+00 1.66111070e-01
751 3 2.35619449e+00 1.67178267e-01
752 3 2.35619449e+00 1.64447275e-01
753 3 2.35619449e+00 1.66328412e-01
754 3 2.35619449e+00 1.67375227e-01
755 3 2.35619449e+00 1.64981938e-01
756 3 2.35619449e+00 1.67377761e-01
757 3 2.35619449e+00 1.66766653e-01
758 3 2.35619449e+00 1.66363159e-01
759 3 2.35619449e+00 1.66696477e-01
760 3 2.35619449e+00 1.66392198e-01
761 3 2.35619449e+00 1.68009000e-01
762 3 2.35619449e+00 1.64380596e-01
763 3 2.35619449e+00 1.65633441e-01
764 3 2.35619449e+00 1.66038925e-01
765 3 2.35619449e+00 1.64809356e-01
766 3 2.35619449e+00 1.67481255e-01
767 3 2.35619449e+00 1.68023980e-01
768 3 2.35619449e+00 1.67204520e-01
769 3 2.35619449e+00 1.66634656e-01
770 3 2.35619449e+00 1.66650718e-01
771 3 2.35619449e+00 1.66412532e-01
772 3 2.35619449e+00 1.65937435e-01
773 3 2.35619449e+00 1.66167386e-01
774 3 2.35619449e+00 1.66666091e-01
775 3 2.35619449e+00 1.66069280e-01
776 3 2.35619449e+00 1.67301309e-01
777 3 2.35619449e+00 1.65962487e-01
778 3 2.35619449e+00 1.65554162e-01
779 3 2.35619449e+00 1.65892020e-01
780 3 2.35619449e+00 1.64147528e-01
781 3 2.35619449e+00 1.67106623e-01
782 3 2.35619449e+00 1.66910902e-01
783 3 2.35619449e+00 1.66571011e-01
784 3 2.35619449e+00 1.66181816e-01
785 3 2.35619449e+00 1.67011724e-01
786 3 2.35619449e+00 1.64844284e-01
787 3 2.35619449e+00 1.67818503e-01
788 3 2.35619449e+00 1.66260652e-01
789 3 2.35619449e+00 1.64477451e-01
790 3 2.35619449e+00 1.65375919e-01
791 3 2.35619449e+00 1.63182396e-01
792 3 2.35619449e+00 1.65692938e-01
793 3 2.35619449e+00 1.64528170e-01
794 3 2.35619449e+00 1.65891446e-01
795 3 2.35619449e+00 1.67312701e-01
796 3 2.35619449e+00 1.67070769e-01
797 3 2.35619449e+00 1.66380268e-01
798 3 2.35619449e+00 1.66050712e-01
799 3 2.35619449e+00 1.65689403e-01
800 3 2.35619449e+00 1.64937845e-01
801 3 2.35619449e+00 1.66515016e-01
802 3 2.35619449e+00 1.64956341e-01
803 3 2.35619449e+00 1.67484655e-01
804 3 2.35619449e+00 1.66884058e-01
805 3 2.35619449e+00 1.67924339e-01
806 3 2.35619449e+00 1.65036074e-01
807 3 2.35619449e+00 1.65802407e-01
808 3 2.35619449e+00 1.65728490e-01
809 3 2.35619449e+00 1.66295104e-01
810 3 2.35619449e+00 1.65301966e-01
811 3 2.35619449e+00 1.66036908e-01
812 3 2.35619449e+00 1.66009515e-01
813 3 2.35619449e+00 1.65322178e-01
814 3 2.35619449e+00 1.67407638e-01
815 3 2.35619449e+00 1.65071791e-01
816 3 2.35619449e+00 1.67300786e-01
817 3 2.35619449e+00 1.66465465e-01
818 3 2.35619449e+00 1.66663765e-01
819 3 2.35619449e+00 1.67564964e-01
820 3 2.35619449e+00 1.64418383e-01
821 3 2.35619449e+00 1.65361475e-01
822 3 2.35619449e+00 1.66232085e-01
823 3 2.35619449e+00 1.66679066e-01
824 3 2.35619449e+00 1.65884872e-01
825 3 2.35619449e+00 1.65810735e-01
826 3 2.35619449e+00 1.66229515e-01
827 3 2.35619449e+00 1.67261896e-01
828 3 2.35619449e+00 1.65841568e-01
829 3 2.35619449e+00 1.65899275e-01
830 3 2.35619449e+00 1.66617161e-01
831 3 2.35619449e+00 1.66051338e-01
832 3 2.35619449e+00 1.65472563e-01
833 3 2.35619449e+00 1.66354397e-01
834 3 2.35619449e+00 1.63834485e-01
835 3 2.35619449e+00 1.67501953e-01
836 3 2.35619449e+00 1.64529622e-01
837 3 2.35619449e+00 1.66603591e-01
838 3 2.35619449e+00 1.66595122e-01
839 3 2.35619449e+00 1.65886065e-01
840 3 2.35619449e+00 1.68011295e-01
841 3 2.35619449e+00 1.65376185e-01
842 3 2.35619449e+00 1.66024068e-01
843 3 2.35619449e+00 1.65323329e-01
844 3 2.35619449e+00 1.66792321e-01
845 3 2.35619449e+00 1.67053344e-01
846 3 2.35619449e+00 1.64921034e-01
847 3 2.35619449e+00 1.65208402e-01
848 3 2.35619449e+00 1.65914957e-01
849 3 2.35619449e+00 1.66411975e-01
850 3 2.35619449e+00 1.67431343e-01
851 3 2.35619449e+00 1.66237177e-01
852 3 2.35619449e+00 1.66664369e-01
853 3 2.35619449e+00 1.65218703e-01
854 3 2.35619449e+00 1.66253089e-01
855 3 2.35619449e+00 1.64306426e-01
856 3 2.35619449e+00 1.65956212e-01
857 3 2.35619449e+00 1.65638974e-01
858 3 2.35619449e+00 1.65828758e-01
859 3 2.35619449e+00 1.66643268e-01
860 3 2.35619449e+00 1.64906519e-01
861 3 2.35619449e+00 1.66789885e-01
862 3 2.35619449e+00 1.67040155e-01
863 3 2.35619449e+00 1.67455602e-01
864 3 2.35619449e+00 1.66040187e-01
865 3 2.35619449e+00 1.66166831e-01
866 3 2.35619449e+00 1.67243586e-01
867 3 2.35619449e+00 1.66212333e-01
868 3 2.35619449e+00 1.66249751e-01
869 3 2.35619449e+00 1.66177073e-01
870 3 2.35619449e+00 1.65989712e-01
871 3 2.35619449e+00 1.65259191e-01
872 3 2.35619449e+00 1.67789423e-01
873 3 2.35619449e+00 1.66601028e-01
874 3 2.35619449e+00 1.66676981e-01
875 3 2.35619449e+00 1.65901847e-01
876 3 2.35619449e+00 1.65931756e-01
877 3 2.35619449e+00 1.66901166e-01
878 3 2.35619449e+00 1.65832059e-01
879 3 2.35619449e+00 1.66366921e-01
880 3 2.35619449e+00 1.65127328e-01
881 3 2.35619449e+00 1.67076459e-01
882 3 2.35619449e+00 1.65476915e-01
883 3 2.35619449e+00 1.65887948e-01
884 3 2.35619449e+00 1.65745222e-01
885 3 2.35619449e+00 1.66737903e-01
886 3 2.35619449e+00 1.65525011e-01
887 3 2.35619449e+00 1.63859518e-01
888 3 2.35619449e+00 1.68265992e-01
889 3 2.35619449e+00 1.68104979e-01
890 3 2.35619449e+00 1.66874597e-01
891 3 2.35619449e+00 1.66054586e-01
892 3 2.35619449e+00 1.66230289e-01
893 3 2.35619449e+00 1.65670066e-01
894 3 2.35619449e+00 1.64805236e-01
895 3 2.35619449e+00 1.63730243e-01
896 3 2.35619449e+00 1.65468271e-01
897 3 2.35619449e+00 1.66299598e-01
898 3 2.35619449e+00 1.67358239e-01
899 3 2.35619449e+00 1.65649973e-01
0 4 3.14159265e+00 2.03886966e-01
1 4 3.14159265e+00 2.03083982e-01
2 4 3.14159265e+00 2.02874649e-01
3 4 3.14159265e+00 2.03459711e-01
4 4 3.14159265e+00 2.02730612e-01
5 4 3.14159265e+00 2.02531921e-01
6 4 3.14159265e+00 2.01852231e-01
7 4 3.14159265e+00 2.03282288e-01
8 4 3.14159265e+00 2.02452027e-01
9 4 3.14159265e+00 2.02934311e-01
10 4 3.14159265e+00 2.02663085e-01
11 4 3.14159265e+00 2.03173406e-01
12 4 3.14159265e+00 2.02963082e-01
13 4 3.14159265e+00 2.03693084e-01
14 4 3.14159265e+00 2.03041796e-01
15 4 3.14159265e+00 2.02112466e-01
16 4 3.14159265e+00 1.98041857e-01
17 4 3.14159265e+00 2.01970005e-01
18 4 3.14159265e+00 2.03254969e-01
19 4 3.14159265e+00 2.02764080e-01
20 4 3.14159265e+00 2.01603237e-01
21 4 3.14159265e+00 2.03287454e-01
22 4 3.14159265e+00 2.03368353e-01
23 4 3.14159265e+00 2.05632195e-01
24 4 3.14159265e+00 2.00868389e-01
25 4 3.14159265e+00 2.01433842e-01
26 4 3.14159265e+00 2.01640099e-01
27 4 3.14159265e+00 1.99956978e-01
28 4 3.14159265e+00 2.03097850e-01
29 4 3.14159265e+00 2.04432432e-01
30 4 3.14159265e+00 2.00736354e-01
31 4 3.14159265e+00 2.01931173e-01
32 4 3.14159265e+00 1.99679143e-01
33 4 3.14159265e+00 2.01222759e-01
34 4 3.14159265e+00 2.03511997e-01
35 4 3.14159265e+00 2.04682673e-01
36 4 3.14159265e+00 2.01652299e-01
37 4 3.14159265e+00 2.01770114e-01
38 4 3.14159265e+00 2.00357206e-01
39 4 3.14159265e+00 1.99735687e-01
40 4 3.14159265e+00 1.99869560e-01
41 4 3.14159265e+00 2.02442397e-01
42 4 3.14159265e+00 2.03858461e-01
43 4 3.14159265e+00 2.03433348e-01
44 4 3.14159265e+00 2.00695426e-01
45 4 3.14159265e+00 2.02565297e-01
46 4 3.14159265e+00 2.02050588e-01
47 4 3.14159265e+00 2.01491086e-01
48 4 3.14159265e+00 2.01749913e-01
49 4 3.14159265e+00 2.03263190e-01
50 4 3.14159265e+00 2.03276171e-01
51 4 3.14159265e+00 2.01705930e-01
52 4 3.14159265e+00 2.01697928e-01
53 4 3.14159265e+00 2.00766265e-01
54 4 3.14159265e+00 2.01433371e-01
55 4 3.14159265e+00 2.03855736e-01
56 4 3.14159265e+00 2.03277591e-01
57 4 3.14159265e+00 2.01021586e-01
58 4 3.14159265e+00 2.03081030e-01
59 4 3.14159265e+00 2.03778937e-01
60 4 3.14159265e+00 1.99542492e-01
61 4 3.14159265e+00 2.00340749e-01
62 4 3.14159265e+00 2.02209745e-01
63 4 3.14159265e+00 2.02073128e-01
64 4 3.14159265e+00 2.02716919e-01
65 4 3.14159265e+00 2.02646863e-01
66 4 3.14159265e+00 2.04541423e-01
67 4 3.14159265e+00 2.00341578e-01
68 4 3.14159265e+00 2.01849679e-01
69 4 3.14159265e+00 2.04035038e-01
70 4 3.14159265e+00 2.01401964e-01
71 4 3.14159265e+00 2.01839286e-01
72 4 3.14159265e+00 2.00484594e-01
73 4 3.14159265e+00 2.05020162e-01
74 4 3.14159265e+00 2.04130448e-01
75 4 3.14159265e+00 2.02766601e-01
76 4 3.14159265e+00 2.02114882e-01
77 4 3.14159265e+00 2.01544419e-01
78 4 3.14159265e+00 2.03341845e-01
79 4 3.14159265e+00 2.03259449e-01
80 4 3.14159265e+00 2.02608496e-01
81 4 3.14159265e+00 2.01324915e-01
82 4 3.14159265e+00 2.01688997e-01
83 4 3.14159265e+00 2.01667350e-01
84 4 3.14159265e+00 2.00646094e-01
85 4 3.14159265e+00 2.04598797e-01
86 4 3.14159265e+00 2.03768618e-01
87 4 3.14159265e+00 2.02343575e-01
88 4 3.14159265e+00 2.01889264e-01
89 4 3.14159265e+00 2.01796352e-01
90 4 3.14159265e+00 2.03763788e-01
91 4 3.14159265e+00 2.02942387e-01
92 4 3.14159265e+00 2.03042314e-01
93 4 3.14159265e+00 2.03396619e-01
94 4 3.14159265e+00 2.04020805e-01
95 4 3.14159265e+00 2.04120608e-01
96 4 3.14159265e+00 2.04324052e-01
97 4 3.14159265e+00 2.02549501e-01
98 4 3.14159265e+00 2.03462911e-01
99 4 3.14159265e+00 2.03299974e-01
100 4 3.14159265e+00 2.00896846e-01
101 4 3.14159265e+00 2.03442786e-01
102 4 3.14159265e+00 2.04123194e-01
103 4 3.14159265e+00 2.02092099e-01
104 4 3.14159265e+00 2.01964193e-01
105 4 3.14159265e+00 2.03734573e-01
106 4 3.14159265e+00 2.00376897e-01
107 4 3.14159265e+00 2.04667276e-01
108 4 3.14159265e+00 2.03311385e-01
109 4 3.14159265e+00 2.03386015e-01
110 4 3.14159265e+00 2.02548648e-01
111 4 3.14159265e+00 2.00684614e-01
112 4 3.14159265e+00 2.02075079e-01
113 4 3.14159265e+00 2.02720878e-01
114 4 3.14159265e+00 2.02726492e-01
115 4 3.14159265e+00 2.00487496e-01
116 4 3.14159265e+00 2.02425024e-01
117 4 3.14159265e+00 2.03787278e-01
118 4 3.14159265e+00 2.01389804e-01
119 4 3.14159265e+00 2.02776785e-01
120 4 3.14159265e+00 1.98298844e-01
121 4 3.14159265e+00 2.01885169e-01
122 4 3.14159265e+00 1.98051373e-01
123 4 3.14159265e+00 2.02735816e-01
124 4 3.14159265e+00 2.02138099e-01
125 4 3.14159265e+00 2.00253289e-01
126 4 3.14159265e+00 2.04025129e-01
127 4 3.14159265e+00 2.03231263e-01
128 4 3.14159265e+00 2.03460242e-01
129 4 3.14159265e+00 1.98490280e-01
130 4 3.14159265e+00 2.02122607e-01
131 4 3.14159265e+00 2.02277520e-01
132 4 3.14159265e+00 2.01714491e-01
133 4 3.14159265e+00 2.01584082e-01
134 4 3.14159265e+00 2.03661637e-01
135 4 3.14159265e+00 2.02980182e-01
136 4 3.14159265e+00 2.00374416e-01
137 4 3.14159265e+00 2.00220974e-01
138 4 3.14159265e+00 2.02646259e-01
139 4 3.14159265e+00 2.00921244e-01
140 4 3.14159265e+00 2.02413576e-01
141 4 3.14159265e+00 2.01009045e-01
142 4 3.14159265e+00 1.99912959e-01
143 4 3.14159265e+00 2.01598890e-01
144 4 3.14159265e+00 2.00630257e-01
145 4 3.14159265e+00 2.05247530e-01
146 4 3.14159265e+00 2.01184020e-01
147 4 3.14159265e+00 2.01851133e-01
148 4 3.14159265e+00 2.02951278e-01
149 4 3.14159265e+00 2.03747427e-01
150 4 3.14159265e+00 1.99770475e-01
151 4 3.14159265e+00 2.01208551e-01
152 4 3.14159265e+00 2.00988602e-01
153 4 3.14159265e+00 2.01452095e-01
154 4 3.14159265e+00 2.03434706e-01
155 4 3.14159265e+00 2.03322400e-01
156 4 3.14159265e+00 2.04755655e-01
157 4 3.14159265e+00 2.00495490e-01
158 4 3.14159265e+00 2.04991558e-01
159 4 3.14159265e+00 2.02198612e-01
160 4 3.14159265e+00 2.00430093e-01
161 4 3.14159265e+00 2.00542548e-01
162 4 3.14159265e+00 2.01404595e-01
163 4 3.14159265e+00 2.03546056e-01
164 4 3.14159265e+00 2.02285545e-01
165 4 3.14159265e+00 2.01486453e-01
166 4 3.14159265e+00 2.03817088e-01
167 4 3.14159265e+00 2.04633201e-01
168 4 3.14159265e+00 2.02950922e-01
169 4 3.14159265e+00 2.02387883e-01
170 4 3.14159265e+00 2.03188763e-01
171 4 3.14159265e+00 2.01439736e-01
172 4 3.14159265e+00 2.04426325e-01
173 4 3.14159265e+00 2.02973082e-01
174 4 3.14159265e+00 2.04354562e-01
175 4 3.14159265e+00 2.04195138e-01
176 4 3.14159265e+00 2.03975903e-01
177 4 3.14159265e+00 2.01650819e-01
178 4 3.14159265e+00 2.01697547e-01
179 4 3.14159265e+00 2.03557390e-01
180 4 3.14159265e+00 2.01888457e-01
181 4 3.14159265e+00 2.03751724e-01
182 4 3.14159265e+00 2.01846150e-01
183 4 3.14159265e+00 2.02490718e-01
184 4 3.14159265e+00 2.01875174e-01
185 4 3.14159265e+00 2.00887475e-01
186 4 3.14159265e+00 2.01573047e-01
187 4 3.14159265e+00 2.03917349e-01
188 4 3.14159265e+00 2.01470643e-01
189 4 3.14159265e+00 2.01267133e-01
190 4 3.14159265e+00 2.02051289e-01
191 4 3.14159265e+00 2.05776795e-01
192 4 3.14159265e+00 2.02662736e-01
193 4 3.14159265e+00 2.03509821e-01
194 4 3.14159265e+00 2.00047553e-01
195 4 3.14159265e+00 2.03412268e-01
196 4 3.14159265e+00 2.02109486e-01
197 4 3.14159265e+00 2.02176481e-01
198 4 3.14159265e+00 2.00738356e-01
199 4 3.14159265e+00 2.01765101e-01
200 4 3.14159265e+00 2.01654327e-01
201 4 3.14159265e+00 2.02578648e-01
202 4 3.14159265e+00 2.00452245e-01
203 4 3.14159265e+00 2.02067154e-01
204 4 3.14159265e+00 2.01269614e-01
205 4 3.14159265e+00 2.04222605e-01
206 4 3.14159265e+00 2.01493558e-01
207 4 3.14159265e+00 2.02894803e-01
208 4 3.14159265e+00 2.02541066e-01
209 4 3.14159265e+00 2.03342940e-01
210 4 3.14159265e+00 1.98352189e-01
211 4 3.14159265e+00 2.00999964e-01
212 4 3.14159265e+00 1.99668431e-01
213 4 3.14159265e+00 2.00560835e-01
214 4 3.14159265e+00 2.00589141e-01
215 4 3.14159265e+00 2.02170075e-01
216 4 3.14159265e+00 2.03296467e-01
217 4 3.14159265e+00 2.07144173e-01
218 4 3.14159265e+00 2.05134320e-01
219 4 3.14159265e+00 2.03420502e-01
220 4 3.14159265e+00 2.04134884e-01
221 4 3.14159265e+00 2.03078239e-01
222 4 3.14159265e+00 2.01004793e-01
223 4 3.14159265e+00 2.02401186e-01
224 4 3.14159265e+00 2.01221458e-01
225 4 3.14159265e+00 2.03081086e-01
226 4 3.14159265e+00 2.01691493e-01
227 4 3.14159265e+00 2.02087266e-01
228 4 3.14159265e+00 2.02769527e-01
229 4 3.14159265e+00 2.02024321e-01
230 4 3.14159265e+00 2.00913264e-01
231 4 3.14159265e+00 2.01970952e-01
232 4 3.14159265e+00 2.03530844e-01
233 4 3.14159265e+00 2.00844241e-01
234 4 3.14159265e+00 2.03870380e-01
235 4 3.14159265e+00 2.02602850e-01
236 4 3.14159265e+00 2.01509671e-01
237 4 3.14159265e+00 2.05784684e-01
238 4 3.14159265e+00 2.02793529e-01
239 4 3.14159265e+00 2.03185677e-01
240 4 3.14159265e+00 2.04426263e-01
241 4 3.14159265e+00 2.02323569e-01
242 4 3.14159265e+00 2.02486920e-01
243 4 3.14159265e+00 2.02205414e-01
244 4 3.14159265e+00 1.98509692e-01
245 4 3.14159265e+00 1.99228511e-01
246 4 3.14159265e+00 2.02179611e-01
247 4 3.14159265e+00 2.04400384e-01
248 4 3.14159265e+00 2.00230848e-01
249 4 3.14159265e+00 2.01703087e-01
250 4 3.14159265e+00 2.03095318e-01
251 4 3.14159265e+00 2.00832213e-01
252 4 3.14159265e+00 2.01616623e-01
253 4 3.14159265e+00 2.02774939e-01
254 4 3.14159265e+00 2.02690789e-01
255 4 3.14159265e+00 1.99669382e-01
256 4 3.14159265e+00 2.02222273e-01
257 4 3.14159265e+00 2.03002925e-01
258 4 3.14159265e+00 2.01221546e-01
259 4 3.14159265e+00 2.01541103e-01
260 4 3.14159265e+00 2.01580718e-01
261 4 3.14159265e+00 2.02548852e-01
262 4 3.14159265e+00 2.00497111e-01
263 4 3.14159265e+00 1.97475131e-01
264 4 3.14159265e+00 2.00755416e-01
265 4 3.14159265e+00 2.02837683e-01
266 4 3.14159265e+00 2.00081633e-01
267 4 3.14159265e+00 2.03121075e-01
268 4 3.14159265e+00 1.99136292e-01
269 4 3.14159265e+00 2.03461141e-01
270 4 3.14159265e+00 2.01737138e-01
271 4 3.14159265e+00 2.04908377e-01
272 4 3.14159265e+00 2.01836366e-01
273 4 3.14159265e+00 2.02357251e-01
274 4 3.14159265e+00 2.00635498e-01
275 4 3.14159265e+00 2.02356097e-01
276 4 3.14159265e+00 2.02635430e-01
277 4 3.14159265e+00 2.00952165e-01
278 4 3.14159265e+00 2.04344391e-01
279 4 3.14159265e+00 2.03138751e-01
280 4 3.14159265e+00 2.01168510e-01
281 4 3.14159265e+00 2.01444077e-01
282 4 3.14159265e+00 2.03370052e-01
283 4 3.14159265e+00 2.03089953e-01
284 4 3.14159265e+00 1.98999632e-01
285 4 3.14159265e+00 1.99522516e-01
286 4 3.14159265e+00 1.99706049e-01
287 4 3.14159265e+00 2.00790872e-01
288 4 3.14159265e+00 2.04544181e-01
289 4 3.14159265e+00 2.02819424e-01
290 4 3.14159265e+00 2.03343723e-01
291 4 3.14159265e+00 2.01463878e-01
292 4 3.14159265e+00 2.02017306e-01
293 4 3.14159265e+00 2.05143433e-01
294 4 3.14159265e+00 2.02553509e-01
295 4 3.14159265e+00 2.03453945e-01
296 4 3.14159265e+00 2.03093231e-01
297 4 3.14159265e+00 2.02372769e-01
298 4 3.14159265e+00 2.01711416e-01
299 4 3.14159265e+00 2.00131808e-01
300 4 3.14159265e+00 2.04181078e-01
301 4 3.14159265e+00 2.01909601e-01
302 4 3.14159265e+00 2.00162058e-01
303 4 3.14159265e+00 1.99426847e-01
304 4 3.14159265e+00 2.03326359e-01
305 4 3.14159265e+00 2.02913125e-01
306 4 3.14159265e+00 1.99060291e-01
307 4 3.14159265e+00 2.02333540e-01
308 4 3.14159265e+00 2.02394053e-01
309 4 3.14159265e+00 2.04169970e-01
310 4 3.14159265e+00 2.00425146e-01
311 4 3.14159265e+00 1.99079290e-01
312 4 3.14159265e+00 2.04627008e-01
313 4 3.14159265e+00 2.00907881e-01
314 4 3.14159265e+00 2.02376065e-01
315 4 3.14159265e+00 1.99891755e-01
316 4 3.14159265e+00 2.00650714e-01
317 4 3.14159265e+00 2.00829525e-01
318 4 3.14159265e+00 1.99215726e-01
319 4 3.14159265e+00 2.03188879e-01
320 4 3.14159265e+00 2.01858899e-01
321 4 3.14159265e+00 2.02379241e-01
322 4 3.14159265e+00 2.03143488e-01
323 4 3.14159265e+00 2.01965263e-01
324 4 3.14159265e+00 2.02986793e-01
325 4 3.14159265e+00 2.04045246e-01
326 4 3.14159265e+00 2.01965013e-01
327 4 3.14159265e+00 2.03588541e-01
328 4 3.14159265e+00 2.02013651e-01
329 4 3.14159265e+00 2.02150119e-01
330 4 3.14159265e+00 2.00629203e-01
331 4 3.14159265e+00 2.04037784e-01
332 4 3.14159265e+00 2.04060236e-01
333 4 3.14159265e+00 2.00018951e-01
334 4 3.14159265e+00 2.00669929e-01
335 4 3.14159265e+00 2.04203673e-01
336 4 3.14159265e+00 2.00721867e-01
337 4 3.14159265e+00 2.02770649e-01
338 4 3.14159265e+00 2.01306096e-01
339 4 3.14159265e+00 2.00586576e-01
340 4 3.14159265e+00 2.00929926e-01
341 4 3.14159265e+00 2.00184263e-01
342 4 3.14159265e+00 2.00558815e-01
343 4 3.14159265e+00 2.02449658e-01
344 4 3.14159265e+00 2.00609373e-01
345 4 3.14159265e+00 2.02438965e-01
346 4 3.14159265e+00 2.00052191e-01
347 4 3.14159265e+00 2.00346981e-01
348 4 3.14159265e+00 2.02050124e-01
349 4 3.14159265e+00 2.04151587e-01
350 4 3.14159265e+00 2.01887415e-01
351 4 3.14159265e+00 2.02484959e-01
352 4 3.14159265e+00 2.03487621e-01
353 4 3.14159265e+00 2.01515621e-01
354 4 3.14159265e+00 2.03276492e-01
355 4 3.14159265e+00 2.02384749e-01
356 4 3.14159265e+00 2.03091935e-01
357 4 3.14159265e+00 2.03986496e-01
358 4 3.14159265e+00 2.01189069e-01
359 4 3.14159265e+00 2.01669726e-01
360 4 3.14159265e+00 2.03561100e-01
361 4 3.14159265e+00 2.02792918e-01
362 4 3.14159265e+00 2.00928780e-01
363 4 3.14159265e+00 2.04787661e-01
364 4 3.14159265e+00 2.02062423e-01
365 4 3.14159265e+00 2.00423775e-01
366 4 3.14159265e+00 2.03900198e-01
367 4 3.14159265e+00 2.02246240e-01
368 4 3.14159265e+00 1.98967887e-01
369 4 3.14159265e+00 2.02316642e-01
370 4 3.14159265e+00 2.02757938e-01
371 4 3.14159265e+00 1.99663096e-01
372 4 3.14159265e+00 2.03154077e-01
373 4 3.14159265e+00 1.99424924e-01
374 4 3.14159265e+00 1.98952335e-01
375 4 3.14159265e+00 2.00038697e-01
376 4 3.14159265e+00 2.00327976e-01
377 4 3.14159265e+00 2.03111269e-01
378 4 3.14159265e+00 2.03023128e-01
379 4 3.14159265e+00 2.03810992e-01
380 4 3.14159265e+00 2.02954135e-01
381 4 3.14159265e+00 2.00123022e-01
382 4 3.14159265e+00 2.00473364e-01
383 4 3.14159265e+00 2.03579567e-01
384 4 3.14159265e+00 2.03785034e-01
385 4 3.14159265e+00 2.02173233e-01
386 4 3.14159265e+00 2.00627341e-01
387 4 3.14159265e+00 2.00187092e-01
388 4 3.14159265e+00 2.02547127e-01
389 4 3.14159265e+00 2.01985282e-01
390 4 3.14159265e+00 2.04099697e-01
391 4 3.14159265e+00 2.00904889e-01
392 4 3.14159265e+00 2.01326378e-01
393 4 3.14159265e+00 2.02723074e-01
394 4 3.14159265e+00 2.02192314e-01
395 4 3.14159265e+00 2.02403543e-01
396 4 3.14159265e+00 1.97275365e-01
397 4 3.14159265e+00 2.02404687e-01
398 4 3.14159265e+00 2.01570290e-01
399 4 3.14159265e+00 2.01845269e-01
400 4 3.14159265e+00 2.01446595e-01
401 4 3.14159265e+00 1.98770968e-01
402 4 3.14159265e+00 2.02989670e-01
403 4 3.14159265e+00 2.05263799e-01
404 4 3.14159265e+00 2.00562809e-01
405 4 3.14159265e+00 2.01134789e-01
406 4 3.14159265e+00 2.03000839e-01
407 4 3.14159265e+00 2.01450185e-01
408 4 3.14159265e+00 2.01365536e-01
409 4 3.14159265e+00 2.01541548e-01
410 4 3.14159265e+00 2.02670369e-01
411 4 3.14159265e+00 2.03405794e-01
412 4 3.14159265e+00 2.03099942e-01
413 4 3.14159265e+00 2.01709887e-01
414 4 3.14159265e+00 2.01908347e-01
415 4 3.14159265e+00 2.02156919e-01
416 4 3.14159265e+00 2.03149851e-01
417 4 3.14159265e+00 1.98308283e-01
418 4 3.14159265e+00 2.01264507e-01
419 4 3.14159265e+00 2.00929147e-01
420 4 3.14159265e+00 2.02976599e-01
421 4 3.14159265e+00 2.02199374e-01
422 4 3.14159265e+00 2.04398930e-01
423 4 3.14159265e+00 2.02287441e-01
424 4 3.14159265e+00 1.99690885e-01
425 4 3.14159265e+00 2.03559070e-01
426 4 3.14159265e+00 2.02636192e-01
427 4 3.14159265e+00 1.99539492e-01
428 4 3.14159265e+00 2.01801571e-01
429 4 3.14159265e+00 2.04378033e-01
430 4 3.14159265e+00 2.03902013e-01
431 4 3.14159265e+00 2.01531966e-01
432 4 3.14159265e+00 2.01042747e-01
433 4 3.14159265e+00 1.99278961e-01
434 4 3.14159265e+00 2.01114703e-01
435 4 3.14159265e+00 2.02394825e-01
436 4 3.14159265e+00 1.99543499e-01
437 4 3.14159265e+00 2.00042815e-01
438 4 3.14159265e+00 2.03015193e-01
439 4 3.14159265e+00 2.03013304e-01
440 4 3.14159265e+00 2.00953185e-01
441 4 3.14159265e+00 2.02121979e-01
442 4 3.14159265e+00 2.01447310e-01
443 4 3.14159265e+00 2.00055336e-01
444 4 3.14159265e+00 2.02525033e-01
445 4 3.14159265e+00 2.02369421e-01
446 4 3.14159265e+00 2.02535378e-01
447 4 3.14159265e+00 2.02707109e-01
448 4 3.14159265e+00 2.02839850e-01
449 4 3.14159265e+00 2.05748216e-01
450 4 3.14159265e+00 2.03719965e-01
451 4 3.14159265e+00 2.03032462e-01
452 4 3.14159265e+00 2.02582764e-01
453 4 3.14159265e+00 2.01741187e-01
454 4 3.14159265e+00 2.02769251e-01
455 4 3.14159265e+00 2.02746385e-01
456 4 3.14159265e+00 2.02536164e-01
457 4 3.14159265e+00 2.01959235e-01
458 4 3.14159265e+00 2.04883295e-01
459 4 3.14159265e+00 2.01516061e-01
460 4 3.14159265e+00 2.02800280e-01
461 4 3.14159265e+00 2.02940139e-01
462 4 3.14159265e+00 2.03850856e-01
463 4 3.14159265e+00 2.02339977e-01
464 4 3.14159265e+00 2.01330850e-01
465 4 3.14159265e+00 2.03893002e-01
466 4 3.14159265e+00 2.02364350e-01
467 4 3.14159265e+00 2.00906101e-01
468 4 3.14159265e+00 1.99883953e-01
469 4 3.14159265e+00 2.01509038e-01
470 4 3.14159265e+00 2.03166394e-01
471 4 3.14159265e+00 2.00271782e-01
472 4 3.14159265e+00 2.02925199e-01
473 4 3.14159265e+00 2.05268068e-01
474 4 3.14159265e+00 2.02446732e-01
475 4 3.14159265e+00 2.02566490e-01
476 4 3.14159265e+00 2.03705177e-01
477 4 3.14159265e+00 2.05087382e-01
478 4 3.14159265e+00 2.05778069e-01
479 4 3.14159265e+00 2.03029512e-01
480 4 3.14159265e+00 2.03827410e-01
481 4 3.14159265e+00 2.02518123e-01
482 4 3.14159265e+00 2.01198273e-01
483 4 3.14159265e+00 2.03882401e-01
484 4 3.14159265e+00 2.00196735e-01
485 4 3.14159265e+00 2.01518401e-01
486 4 3.14159265e+00 2.01725485e-01
487 4 3.14159265e+00 2.03610392e-01
488 4 3.14159265e+00 2.01385157e-01
489 4 3.14159265e+00 2.02707942e-01
490 4 3.14159265e+00 2.02962756e-01
491 4 3.14159265e+00 2.02047291e-01
492 4 3.14159265e+00 2.04370511e-01
493 4 3.14159265e+00 2.02810310e-01
494 4 3.14159265e+00 2.02057979e-01
495 4 3.14159265e+00 2.00402441e-01
496 4 3.14159265e+00 2.01211548e-01
497 4 3.14159265e+00 1.99343125e-01
498 4 3.14159265e+00 2.02629384e-01
499 4 3.14159265e+00 2.03758290e-01
500 4 3.14159265e+00 2.00263026e-01
501 4 3.14159265e+00 2.02322570e-01
502 4 3.14159265e+00 2.01635757e-01
503 4 3.14159265e+00 2.04458507e-01
504 4 3.14159265e+00 2.03341310e-01
505 4 3.14159265e+00 2.02989155e-01
506 4 3.14159265e+00 2.03260525e-01
507 4 3.14159265e+00 1.99254345e-01
508 4 3.14159265e+00 2.02521736e-01
509 4 3.14159265e+00 2.01367187e-01
510 4 3.14159265e+00 2.00844794e-01
511 4 3.14159265e+00 2.04923382e-01
512 4 3.14159265e+00 2.03753941e-01
513 4 3.14159265e+00 2.01098623e-01
514 4 3.14159265e+00 2.03130322e-01
515 4 3.14159265e+00 2.04426919e-01
516 4 3.14159265e+00 2.00516126e-01
517 4 3.14159265e+00 2.03366144e-01
518 4 3.14159265e+00 2.02125654e-01
519 4 3.14159265e+00 2.02624477e-01
520 4 3.14159265e+00 2.03698794e-01
521 4 3.14159265e+00 2.02246342e-01
522 4 3.14159265e+00 2.01487680e-01
523 4 3.14159265e+00 2.00978591e-01
524 4 3.14159265e+00 2.01927175e-01
525 4 3.14159265e+00 2.04537351e-01
526 4 3.14159265e+00 2.01563918e-01
527 4 3.14159265e+00 2.04307672e-01
528 4 3.14159265e+00 2.02306929e-01
529 4 3.14159265e+00 2.02175902e-01
530 4 3.14159265e+00 2.05754912e-01
531 4 3.14159265e+00 1.99190855e-01
532 4 3.14159265e+00 2.00761747e-01
533 4 3.14159265e+00 2.01737101e-01
534 4 3.14159265e+00 2.01561679e-01
535 4 3.14159265e+00 2.01415465e-01
536 4 3.14159265e+00 2.01200613e-01
537 4 3.14159265e+00 2.02186604e-01
538 4 3.14159265e+00 2.01507194e-01
539 4 3.14159265e+00 2.00393552e-01
540 4 3.14159265e+00 2.01476607e-01
541 4 3.14159265e+00 2.03052943e-01
542 4 3.14159265e+00 2.04852691e-01
543 4 3.14159265e+00 2.01684060e-01
544 4 3.14159265e+00 2.02182665e-01
545 4 3.14159265e+00 2.03298200e-01
546 4 3.14159265e+00 2.03742658e-01
547 4 3.14159265e+00 1.99616615e-01
548 4 3.14159265e+00 2.01198368e-01
549 4 3.14159265e+00 2.03657886e-01
550 4 3.14159265e+00 2.02716092e-01
551 4 3.14159265e+00 2.04474484e-01
552 4 3.14159265e+00 2.02391692e-01
553 4 3.14159265e+00 2.03782047e-01
554 4 3.14159265e+00 2.02986448e-01
555 4 3.14159265e+00 2.00884594e-01
556 4 3.14159265e+00 2.04783367e-01
557 4 3.14159265e+00 2.02221887e-01
558 4 3.14159265e+00 2.03995687e-01
559 4 3.14159265e+00 2.01299317e-01
560 4 3.14159265e+00 2.00249032e-01
561 4 3.14159265e+00 1.99576920e-01
562 4 3.14159265e+00 1.99491077e-01
563 4 3.14159265e+00 2.00268692e-01
564 4 3.14159265e+00 2.02516095e-01
565 4 3.14159265e+00 2.04094501e-01
566 4 3.14159265e+00 2.03748830e-01
567 4 3.14159265e+00 2.05121757e-01
568 4 3.14159265e+00 2.04402803e-01
569 4 3.14159265e+00 2.02847918e-01
570 4 3.14159265e+00 2.03552856e-01
571 4 3.14159265e+00 2.04344163e-01
572 4 3.14159265e+00 2.01718364e-01
573 4 3.14159265e+00 2.01697607e-01
574 4 3.14159265e+00 2.01499256e-01
575 4 3.14159265e+00 2.00931604e-01
576 4 3.14159265e+00 2.02259474e-01
577 4 3.14159265e+00 2.01362707e-01
578 4 3.14159265e+00 2.03466937e-01
579 4 3.14159265e+00 2.03322095e-01
580 4 3.14159265e+00 2.01983360e-01
581 4 3.14159265e+00 2.05081572e-01
582 4 3.14159265e+00 2.05143101e-01
583 4 3.14159265e+00 2.01996523e-01
584 4 3.14159265e+00 2.01320235e-01
585 4 3.14159265e+00 2.01311596e-01
586 4 3.14159265e+00 2.02751469e-01
587 4 3.14159265e+00 2.00586188e-01
588 4 3.14159265e+00 2.02242585e-01
589 4 3.14159265e+00 1.99521550e-01
590 4 3.14159265e+00 2.04716343e-01
591 4 3.14159265e+00 2.05023154e-01
592 4 3.14159265e+00 2.04313729e-01
593 4 3.14159265e+00 2.03917597e-01
594 4 3.14159265e+00 2.02091170e-01
595 4 3.14159265e+00 1.99904605e-01
596 4 3.14159265e+00 2.01909646e-01
597 4 3.14159265e+00 2.02376834e-01
598 4 3.14159265e+00 2.02250889e-01
599 4 3.14159265e+00 2.02358648e-01
600 4 3.14159265e+00 2.04223264e-01
601 4 3.14159265e+00 2.00571110e-01
602 4 3.14159265e+00 2.03638037e-01
603 4 3.14159265e+00 1.99644774e-01
604 4 3.14159265e+00 2.02216332e-01
605 4 3.14159265e+00 2.00268548e-01
606 4 3.14159265e+00 2.03456673e-01
607 4 3.14159265e+00 2.02538517e-01
608 4 3.14159265e+00 2.03640004e-01
609 4 3.14159265e+00 2.02462711e-01
610 4 3.14159265e+00 2.04330573e-01
611 4 3.14159265e+00 2.00880460e-01
612 4 3.14159265e+00 2.02462457e-01
613 4 3.14159265e+00 2.00154685e-01
614 4 3.14159265e+00 2.03458497e-01
615 4 3.14159265e+00 2.01070711e-01
616 4 3.14159265e+00 2.03109411e-01
617 4 3.14159265e+00 2.02898615e-01
618 4 3.14159265e+00 2.01480049e-01
619 4 3.14159265e+00 2.03392391e-01
620 4 3.14159265e+00 2.03617884e-01
621 4 3.14159265e+00 2.05146752e-01
622 4 3.14159265e+00 2.02879454e-01
623 4 3.14159265e+00 2.02153719e-01
624 4 3.14159265e+00 2.01925205e-01
625 4 3.14159265e+00 2.03244545e-01
626 4 3.14159265e+00 2.02584842e-01
627 4 3.14159265e+00 2.01152365e-01
628 4 3.14159265e+00 2.03204902e-01
629 4 3.14159265e+00 1.99208517e-01
630 4 3.14159265e+00 2.01428966e-01
631 4 3.14159265e+00 2.04344499e-01
632 4 3.14159265e+00 2.02147163e-01
633 4 3.14159265e+00 2.01226849e-01
634 4 3.14159265e+00 1.99965971e-01
635 4 3.14159265e+00 2.02439001e-01
636 4 3.14159265e+00 2.01345616e-01
637 4 3.14159265e+00 2.03105288e-01
638 4 3.14159265e+00 2.00881380e-01
639 4 3.14159265e+00 1.98683437e-01
640 4 3.14159265e+00 2.04158056e-01
641 4 3.14159265e+00 2.05333105e-01
642 4 3.14159265e+00 2.01939121e-01
643 4 3.14159265e+00 2.00510891e-01
644 4 3.14159265e+00 2.01873781e-01
645 4 3.14159265e+00 2.00684625e-01
646 4 3.14159265e+00 2.02347496e-01
647 4 3.14159265e+00 2.03974083e-01
648 4 3.14159265e+00 2.02241033e-01
649 4 3.14159265e+00 2.03559827e-01
650 4 3.14159265e+00 2.03654185e-01
651 4 3.14159265e+00 2.02826576e-01
652 4 3.14159265e+00 2.01922265e-01
653 4 3.14159265e+00 2.03165359e-01
654 4 3.14159265e+00 2.02193885e-01
655 4 3.14159265e+00 2.04586244e-01
656 4 3.14159265e+00 2.02365565e-01
657 4 3.14159265e+00 2.00859432e-01
658 4 3.14159265e+00 2.02721887e-01
659 4 3.14159265e+00 2.02705243e-01
660 4 3.14159265e+00 2.02878059e-01
661 4 3.14159265e+00 2.03955747e-01
662 4 3.14159265e+00 2.04959149e-01
663 4 3.14159265e+00 2.03283261e-01
664 4 3.14159265e+00 2.03395552e-01
665 4 3.14159265e+00 2.00824240e-01
666 4 3.14159265e+00 2.05768999e-01
667 4 3.14159265e+00 2.03031029e-01
668 4 3.14159265e+00 2.04495956e-01
669 4 3.14159265e+00 2.02095147e-01
670 4 3.14159265e+00 2.01965197e-01
671 4 3.14159265e+00 2.00431193e-01
672 4 3.14159265e+00 2.02775294e-01
673 4 3.14159265e+00 2.05150713e-01
674 4 3.14159265e+00 2.03176111e-01
675 4 3.14159265e+00 1.98959027e-01
676 4 3.14159265e+00 2.01498981e-01
677 4 3.14159265e+00 2.04720825e-01
678 4 3.14159265e+00 2.02770274e-01
679 4 3.14159265e+00 2.00800668e-01
680 4 3.14159265e+00 2.01970979e-01
681 4 3.14159265e+00 2.01711798e-01
682 4 3.14159265e+00 2.00015968e-01
683 4 3.14159265e+00 2.02790927e-01
684 4 3.14159265e+00 2.01186988e-01
685 4 3.14159265e+00 2.00925368e-01
686 4 3.14159265e+00 2.01669810e-01
687 4 3.14159265e+00 2.00738619e-01
688 4 3.14159265e+00 2.02902774e-01
689 4 3.14159265e+00 2.03144706e-01
690 4 3.14159265e+00 2.00054514e-01
691 4 3.14159265e+00 2.01196974e-01
692 4 3.14159265e+00 2.04310230e-01
693 4 3.14159265e+00 2.01206051e-01
694 4 3.14159265e+00 2.00095246e-01
695 4 3.14159265e+00 1.99895882e-01
696 4 3.14159265e+00 2.03589370e-01
697 4 3.14159265e+00 2.03075637e-01
698 4 3.14159265e+00 2.02532048e-01
699 4 3.14159265e+00 2.01972960e-01
700 4 3.14159265e+00 2.03587954e-01
701 4 3.14159265e+00 2.02854488e-01
702 4 3.14159265e+00 2.02700964e-01
703 4 3.14159265e+00 1.99646617e-01
704 4 3.14159265e+00 2.04738089e-01
705 4 3.14159265e+00 2.00104518e-01
706 4 3.14159265e+00 2.03952641e-01
707 4 3.14159265e+00 2.02493491e-01
708 4 3.14159265e+00 2.01835272e-01
709 4 3.14159265e+00 2.01707588e-01
710 4 3.14159265e+00 2.01213303e-01
711 4 3.14159265e+00 2.02486730e-01
712 4 3.14159265e+00 2.03253140e-01
713 4 3.14159265e+00 2.01339316e-01
714 4 3.14159265e+00 2.01754390e-01
715 4 3.14159265e+00 2.02250406e-01
716 4 3.14159265e+00 2.02594780e-01
717 4 3.14159265e+00 2.03261273e-01
718 4 3.14159265e+00 2.03363294e-01
719 4 3.14159265e+00 2.01012630e-01
720 4 3.14159265e+00 2.03452086e-01
721 4 3.14159265e+00 2.01477839e-01
722 4 3.14159265e+00 2.02949713e-01
723 4 3.14159265e+00 2.03262471e-01
724 4 3.14159265e+00 2.00188396e-01
725 4 3.14159265e+00 2.02539505e-01
726 4 3.14159265e+00 2.00133041e-01
727 4 3.14159265e+00 2.05321475e-01
728 4 3.14159265e+00 2.03186068e-01
729 4 3.14159265e+00 2.02174238e-01
730 4 3.14159265e+00 1.98711041e-01
731 4 3.14159265e+00 1.99161304e-01
732 4 3.14159265e+00 2.01427442e-01
733 4 3.14159265e+00 2.00794531e-01
734 4 3.14159265e+00 2.04165528e-01
735 4 3.14159265e+00 2.01672860e-01
736 4 3.14159265e+00 2.01535484e-01
737 4 3.14159265e+00 2.00918992e-01
738 4 3.14159265e+00 2.02724308e-01
739 4 3.14159265e+00 2.03152662e-01
740 4 3.14159265e+00 2.00895869e-01
741 4 3.14159265e+00 2.01182077e-01
742 4 3.14159265e+00 2.01277855e-01
743 4 3.14159265e+00 2.00650492e-01
744 4 3.14159265e+00 1.98034726e-01
745 4 3.14159265e+00 2.02399910e-01
746 4 3.14159265e+00 2.01078232e-01
747 4 3.14159265e+00 2.04375102e-01
748 4 3.14159265e+00 2.04267960e-01
749 4 3.14159265e+00 2.05022612e-01
750 4 3.14159265e+00 2.02227493e-01
751 4 3.14159265e+00 2.03460553e-01
752 4 3.14159265e+00 1.99701429e-01
753 4 3.14159265e+00 2.02665946e-01
754 4 3.14159265e+00 2.04160654e-01
755 4 3.14159265e+00 2.00585969e-01
756 4 3.14159265e+00 2.03476445e-01
757 4 3.14159265e+00 2.02927340e-01
758 4 3.14159265e+00 2.02307910e-01
759 4 3.14159265e+00 2.03020759e-01
760 4 3.14159265e+00 2.02704142e-01
761 4 3.14159265e+00 2.04648863e-01
762 4 3.14159265e+00 1.99789390e-01
763 4 3.14159265e+00 2.01544140e-01
764 4 3.14159265e+00 2.02339808e-01
765 4 3.14159265e+00 2.00098694e-01
766 4 3.14159265e+00 2.03964197e-01
767 4 3.14159265e+00 2.04559176e-01
768 4 3.14159265e+00 2.03796643e-01
769 4 3.14159265e+00 2.02620283e-01
770 4 3.14159265e+00 2.03022392e-01
771 4 3.14159265e+00 2.02507855e-01
772 4 3.14159265e+00 2.02025599e-01
773 4 3.14159265e+00 2.02600579e-01
774 4 3.14159265e+00 2.02646352e-01
775 4 3.14159265e+00 2.01783935e-01
776 4 3.14159265e+00 2.03651583e-01
777 4 3.14159265e+00 2.01747311e-01
778 4 3.14159265e+00 2.01148397e-01
779 4 3.14159265e+00 2.01331547e-01
780 4 3.14159265e+00 1.99241033e-01
781 4 3.14159265e+00 2.03759189e-01
782 4 3.14159265e+00 2.03434551e-01
783 4 3.14159265e+00 2.02678338e-01
784 4 3.14159265e+00 2.02133153e-01
785 4 3.14159265e+00 2.03197079e-01
786 4 3.14159265e+00 2.00524568e-01
787 4 3.14159265e+00 2.04142533e-01
788 4 3.14159265e+00 2.02322773e-01
789 4 3.14159265e+00 1.99606973e-01
790 4 3.14159265e+00 2.01688300e-01
791 4 3.14159265e+00 1.98038561e-01
792 4 3.14159265e+00 2.01139857e-01
793 4 3.14159265e+00 2.00036211e-01
794 4 3.14159265e+00 2.01727906e-01
795 4 3.14159265e+00 2.03832751e-01
796 4 3.14159265e+00 2.03493630e-01
797 4 3.14159265e+00 2.02277318e-01
798 4 3.14159265e+00 2.02201072e-01
799 4 3.14159265e+00 2.01273145e-01
800 4 3.14159265e+00 2.01173728e-01
801 4 3.14159265e+00 2.02785830e-01
802 4 3.14159265e+00 2.00500913e-01
803 4 3.14159265e+00 2.04304201e-01
804 4 3.14159265e+00 2.03318763e-01
805 4 3.14159265e+00 2.04411436e-01
806 4 3.14159265e+00 2.01005841e-01
807 4 3.14159265e+00 2.01415193e-01
808 4 3.14159265e+00 2.01535063e-01
809 4 3.14159265e+00 2.02494379e-01
810 4 3.14159265e+00 2.01401784e-01
811 4 3.14159265e+00 2.01717992e-01
812 4 3.14159265e+00 2.01756619e-01
813 4 3.14159265e+00 2.00855389e-01
814 4 3.14159265e+00 2.04192412e-01
815 4 3.14159265e+00 2.00897031e-01
816 4 3.14159265e+00 2.03399375e-01
817 4 3.14159265e+00 2.02478878e-01
818 4 3.14159265e+00 2.02651360e-01
819 4 3.14159265e+00 2.04056407e-01
820 4 3.14159265e+00 2.00463505e-01
821 4 3.14159265e+00 2.01620105e-01
822 4 3.14159265e+00 2.02261244e-01
823 4 3.14159265e+00 2.03050561e-01
824 4 3.14159265e+00 2.01971324e-01
825 4 3.14159265e+00 2.01707429e-01
826 4 3.14159265e+00 2.02241175e-01
827 4 3.14159265e+00 2.03710485e-01
828 4 3.14159265e+00 2.01666350e-01
829 4 3.14159265e+00 2.01762541e-01
830 4 3.14159265e+00 2.02627177e-01
831 4 3.14159265e+00 2.02170514e-01
832 4 3.14159265e+00 2.01124714e-01
833 4 3.14159265e+00 2.02000238e-01
834 4 3.14159265e+00 1.98899626e-01
835 4 3.14159265e+00 2.04232861e-01
836 4 3.14159265e+00 2.00119428e-01
837 4 3.14159265e+00 2.02802420e-01
838 4 3.14159265e+00 2.03437052e-01
839 4 3.14159265e+00 2.02027478e-01
840 4 3.14159265e+00 2.04474977e-01
841 4 3.14159265e+00 2.01544042e-01
842 4 3.14159265e+00 2.01793746e-01
843 4 3.14159265e+00 2.00869725e-01
844 4 3.14159265e+00 2.03257382e-01
845 4 3.14159265e+00 2.03958559e-01
846 4 3.14159265e+00 2.00895081e-01
847 4 3.14159265e+00 2.01082582e-01
848 4 3.14159265e+00 2.02220789e-01
849 4 3.14159265e+00 2.02710975e-01
850 4 3.14159265e+00 2.03974442e-01
851 4 3.14159265e+00 2.02534889e-01
852 4 3.14159265e+00 2.02474330e-01
853 4 3.14159265e+00 2.01042230e-01
854 4 3.14159265e+00 2.02209803e-01
855 4 3.14159265e+00 1.99672978e-01
856 4 3.14159265e+00 2.02493547e-01
857 4 3.14159265e+00 2.01378069e-01
858 4 3.14159265e+00 2.01827369e-01
859 4 3.14159265e+00 2.03286880e-01
860 4 3.14159265e+00 2.00661250e-01
861 4 3.14159265e+00 2.02680876e-01
862 4 3.14159265e+00 2.03263630e-01
863 4 3.14159265e+00 2.04225437e-01
864 4 3.14159265e+00 2.02156939e-01
865 4 3.14159265e+00 2.01845058e-01
866 4 3.14159265e+00 2.03614687e-01
867 4 3.14159265e+00 2.02347212e-01
868 4 3.14159265e+00 2.02069993e-01
869 4 3.14159265e+00 2.01835952e-01
870 4 3.14159265e+00 2.02067437e-01
871 4 3.14159265e+00 2.00999558e-01
872 4 3.14159265e+00 2.04118032e-01
873 4 3.14159265e+00 2.02459482e-01
874 4 3.14159265e+00 2.03079113e-01
875 4 3.14159265e+00 2.01785879e-01
876 4 3.14159265e+00 2.02211417e-01
877 4 3.14159265e+00 2.02899548e-01
878 4 3.14159265e+00 2.02028805e-01
879 4 3.14159265e+00 2.02275058e-01
880 4 3.14159265e+00 2.00706065e-01
881 4 3.14159265e+00 2.03488297e-01
882 4 3.14159265e+00 2.00946315e-01
883 4 3.14159265e+00 2.01380547e-01
884 4 3.14159265e+00 2.01472855e-01
885 4 3.14159265e+00 2.03067921e-01
886 4 3.14159265e+00 2.00935267e-01
887 4 3.14159265e+00 1.98913141e-01
888 4 3.14159265e+00 2.04868067e-01
889 4 3.14159265e+00 2.04232439e-01
890 4 3.14159265e+00 2.02769776e-01
891 4 3.14159265e+00 2.02069277e-01
892 4 3.14159265e+00 2.02255754e-01
893 4 3.14159265e+00 2.01129386e-01
894 4 3.14159265e+00 2.00123949e-01
895 4 3.14159265e+00 1.98906588e-01
896 4 3.14159265e+00 2.01778416e-01
897 4 3.14159265e+00 2.02303713e-01
898 4 3.14159265e+00 2.03312150e-01
899 4 3.14159265e+00 2.01177029e-01
0 5 3.92699082e+00 2.27492905e-01
1 5 3.92699082e+00 2.26745064e-01
2 5 3.92699082e+00 2.26140120e-01
3 5 3.92699082e+00 2.27532114e-01
4 5 3.92699082e+00 2.25974468e-01
5 5 3.92699082e+00 2.25746000e-01
6 5 3.92699082e+00 2.24730674e-01
7 5 3.92699082e+00 2.26708834e-01
8 5 3.92699082e+00 2.25348099e-01
9 5 3.92699082e+00 2.25794931e-01
10 5 3.92699082e+00 2.26028703e-01
11 5 3.92699082e+00 2.26362265e-01
12 5 3.92699082e+00 2.26512114e-01
13 5 3.92699082e+00 2.27012189e-01
14 5 3.92699082e+00 2.25697306e-01
15 5 3.92699082e+00 2.25589782e-01
16 5 3.92699082e+00 2.20014769e-01
17 5 3.92699082e+00 2.24876509e-01
18 5 3.92699082e+00 2.26437419e-01
19 5 3.92699082e+00 2.26276502e-01
20 5 3.92699082e+00 2.25058320e-01
21 5 3.92699082e+00 2.27042922e-01
22 5 3.92699082e+00 2.26300915e-01
23 5 3.92699082e+00 2.28712583e-01
24 5 3.92699082e+00 2.23772533e-01
25 5 3.92699082e+00 2.24131168e-01
26 5 3.92699082e+00 2.23961890e-01
27 5 3.92699082e+00 2.22549171e-01
28 5 3.92699082e+00 2.25766045e-01
29 5 3.92699082e+00 2.28465809e-01
30 5 3.92699082e+00 2.23170227e-01
31 5 3.92699082e+00 2.24439489e-01
32 5 3.92699082e+00 2.21733729e-01
33 5 3.92699082e+00 2.24318404e-01
34 5 3.92699082e+00 2.26566749e-01
35 5 3.92699082e+00 2.29171840e-01
36 5 3.92699082e+00 2.24898432e-01
37 5 3.92699082e+00 2.24868295e-01
38 5 3.92699082e+00 2.23413909e-01
39 5 3.92699082e+00 2.21936057e-01
40 5 3.92699082e+00 2.22654983e-01
41 5 3.92699082e+00 2.25630326e-01
42 5 3.92699082e+00 2.27498307e-01
43 5 3.92699082e+00 2.26656002e-01
44 5 3.92699082e+00 2.23205775e-01
45 5 3.92699082e+00 2.25221366e-01
46 5 3.92699082e+00 2.25429644e-01
47 5 3.92699082e+00 2.23815354e-01
48 5 3.92699082e+00 2.24555868e-01
49 5 3.92699082e+00 2.26851011e-01
50 5 3.92699082e+00 2.26640201e-01
51 5 3.92699082e+00 2.23842024e-01
52 5 3.92699082e+00 2.24965059e-01
53 5 3.92699082e+00 2.23125226e-01
54 5 3.92699082e+00 2.24724687e-01
55 5 3.92699082e+00 2.27354096e-01
56 5 3.92699082e+00 2.25466260e-01
57 5 3.92699082e+00 2.23626698e-01
58 5 3.92699082e+00 2.26337290e-01
59 5 3.92699082e+00 2.27312586e-01
60 5 3.92699082e+00 2.21479385e-01
61 5 3.92699082e+00 2.21933534e-01
62 5 3.92699082e+00 2.25295705e-01
63 5 3.92699082e+00 2.25051132e-01
64 5 3.92699082e+00 2.25812782e-01
65 5 3.92699082e+00 2.26388107e-01
66 5 3.92699082e+00 2.27476062e-01
67 5 3.92699082e+00 2.23049997e-01
68 5 3.92699082e+00 2.24822878e-01
69 5 3.92699082e+00 2.28383910e-01
70 5 3.92699082e+00 2.24288748e-01
71 5 3.92699082e+00 2.25297601e-01
72 5 3.92699082e+00 2.23569828e-01
73 5 3.92699082e+00 2.29412121e-01
74 5 3.92699082e+00 2.27675258e-01
75 5 3.92699082e+00 2.25804220e-01
76 5 3.92699082e+00 2.25557745e-01
77 5 3.92699082e+00 2.25018047e-01
78 5 3.92699082e+00 2.27249943e-01
79 5 3.92699082e+00 2.27279192e-01
80 5 3.92699082e+00 2.26027004e-01
81 5 3.92699082e+00 2.23688413e-01
82 5 3.92699082e+00 2.24101396e-01
83 5 3.92699082e+00 2.23968883e-01
84 5 3.92699082e+00 2.23029694e-01
85 5 3.92699082e+00 2.27611517e-01
86 5 3.92699082e+00 2.27730014e-01
87 5 3.92699082e+00 2.25485423e-01
88 5 3.92699082e+00 2.25015119e-01
89 5 3.92699082e+00 2.24896182e-01
90 5 3.92699082e+00 2.27803336e-01
91 5 3.92699082e+00 2.26527321e-01
92 5 3.92699082e+00 2.26617351e-01
93 5 3.92699082e+00 2.27295026e-01
94 5 3.92699082e+00 2.27374031e-01
95 5 3.92699082e+00 2.27820073e-01
96 5 3.92699082e+00 2.28431078e-01
97 5 3.92699082e+00 2.25541387e-01
98 5 3.92699082e+00 2.26919622e-01
99 5 3.92699082e+00 2.25933664e-01
100 5 3.92699082e+00 2.22462088e-01
101 5 3.92699082e+00 2.26408049e-01
102 5 3.92699082e+00 2.28343985e-01
103 5 3.92699082e+00 2.24071845e-01
104 5 3.92699082e+00 2.24716432e-01
105 5 3.92699082e+00 2.27371960e-01
106 5 3.92699082e+00 2.22339312e-01
107 5 3.92699082e+00 2.29434484e-01
108 5 3.92699082e+00 2.26802978e-01
109 5 3.92699082e+00 2.26139241e-01
110 5 3.92699082e+00 2.25280313e-01
111 5 3.92699082e+00 2.23313156e-01
112 5 3.92699082e+00 2.25633388e-01
113 5 3.92699082e+00 2.26206539e-01
114 5 3.92699082e+00 2.26086735e-01
115 5 3.92699082e+00 2.23305062e-01
116 5 3.92699082e+00 2.25891720e-01
117 5 3.92699082e+00 2.27164035e-01
118 5 3.92699082e+00 2.24726254e-01
119 5 3.92699082e+00 2.26642643e-01
120 5 3.92699082e+00 2.20870539e-01
121 5 3.92699082e+00 2.24817346e-01
122 5 3.92699082e+00 2.19790601e-01
123 5 3.92699082e+00 2.25215768e-01
124 5 3.92699082e+00 2.25021603e-01
125 5 3.92699082e+00 2.22089471e-01
126 5 3.92699082e+00 2.27885763e-01
127 5 3.92699082e+00 2.26822460e-01
128 5 3.92699082e+00 2.27124928e-01
129 5 3.92699082e+00 2.21180596e-01
130 5 3.92699082e+00 2.25280130e-01
131 5 3.92699082e+00 2.24585041e-01
132 5 3.92699082e+00 2.25398737e-01
133 5 3.92699082e+00 2.23731286e-01
134 5 3.92699082e+00 2.26657895e-01
135 5 3.92699082e+00 2.26286275e-01
136 5 3.92699082e+00 2.22896937e-01
137 5 3.92699082e+00 2.22430860e-01
138 5 3.92699082e+00 2.26046925e-01
139 5 3.92699082e+00 2.23293643e-01
140 5 3.92699082e+00 2.26092427e-01
141 5 3.92699082e+00 2.23752436e-01
142 5 3.92699082e+00 2.21785818e-01
143 5 3.92699082e+00 2.24091714e-01
144 5 3.92699082e+00 2.22670599e-01
145 5 3.92699082e+00 2.29445962e-01
146 5 3.92699082e+00 2.24140202e-01
147 5 3.92699082e+00 2.24953550e-01
148 5 3.92699082e+00 2.26331278e-01
149 5 3.92699082e+00 2.26628883e-01
150 5 3.92699082e+00 2.21789930e-01
151 5 3.92699082e+00 2.24669084e-01
152 5 3.92699082e+00 2.23703988e-01
153 5 3.92699082e+00 2.24336700e-01
154 5 3.92699082e+00 2.26304480e-01
155 5 3.92699082e+00 2.26489052e-01
156 5 3.92699082e+00 2.28444459e-01
157 5 3.92699082e+00 2.23555654e-01
158 5 3.92699082e+00 2.28621919e-01
159 5 3.92699082e+00 2.24762880e-01
160 5 3.92699082e+00 2.21891642e-01
161 5 3.92699082e+00 2.23771185e-01
162 5 3.92699082e+00 2.24666141e-01
163 5 3.92699082e+00 2.26346203e-01
164 5 3.92699082e+00 2.25583280e-01
165 5 3.92699082e+00 2.24408689e-01
166 5 3.92699082e+00 2.27599251e-01
167 5 3.92699082e+00 2.28172485e-01
168 5 3.92699082e+00 2.26237426e-01
169 5 3.92699082e+00 2.25525160e-01
170 5 3.92699082e+00 2.26409285e-01
171 5 3.92699082e+00 2.23871130e-01
172 5 3.92699082e+00 2.28210831e-01
173 5 3.92699082e+00 2.26306562e-01
174 5 3.92699082e+00 2.27528442e-01
175 5 3.92699082e+00 2.26877472e-01
176 5 3.92699082e+00 2.27349626e-01
177 5 3.92699082e+00 2.24842810e-01
178 5 3.92699082e+00 2.25161212e-01
179 5 3.92699082e+00 2.27656537e-01
180 5 3.92699082e+00 2.24944174e-01
181 5 3.92699082e+00 2.27404845e-01
182 5 3.92699082e+00 2.25293442e-01
183 5 3.92699082e+00 2.25226601e-01
184 5 3.92699082e+00 2.24872866e-01
185 5 3.92699082e+00 2.23713581e-01
186 5 3.92699082e+00 2.24408601e-01
187 5 3.92699082e+00 2.27796223e-01
188 5 3.92699082e+00 2.24250600e-01
189 5 3.92699082e+00 2.23111431e-01
190 5 3.92699082e+00 2.24994305e-01
191 5 3.92699082e+00 2.30162659e-01
192 5 3.92699082e+00 2.26170386e-01
193 5 3.92699082e+00 2.27106365e-01
194 5 3.92699082e+00 2.22453921e-01
195 5 3.92699082e+00 2.26755015e-01
196 5 3.92699082e+00 2.25296582e-01
197 5 3.92699082e+00 2.24576880e-01
198 5 3.92699082e+00 2.23442146e-01
199 5 3.92699082e+00 2.24888106e-01
200 5 3.92699082e+00 2.25105120e-01
201 5 3.92699082e+00 2.26308348e-01
202 5 3.92699082e+00 2.23203575e-01
203 5 3.92699082e+00 2.24677651e-01
204 5 3.92699082e+00 2.24508502e-01
205 5 3.92699082e+00 2.27717728e-01
206 5 3.92699082e+00 2.24030055e-01
207 5 3.92699082e+00 2.26014660e-01
208 5 3.92699082e+00 2.25597009e-01
209 5 3.92699082e+00 2.26714456e-01
210 5 3.92699082e+00 2.19478162e-01
211 5 3.92699082e+00 2.23584388e-01
212 5 3.92699082e+00 2.22603518e-01
213 5 3.92699082e+00 2.23817106e-01
214 5 3.92699082e+00 2.22854085e-01
215 5 3.92699082e+00 2.24341115e-01
216 5 3.92699082e+00 2.27155312e-01
217 5 3.92699082e+00 2.30994772e-01
218 5 3.92699082e+00 2.29054540e-01
219 5 3.92699082e+00 2.26756186e-01
220 5 3.92699082e+00 2.27730768e-01
221 5 3.92699082e+00 2.26343937e-01
222 5 3.92699082e+00 2.23478065e-01
223 5 3.92699082e+00 2.25178209e-01
224 5 3.92699082e+00 2.24570182e-01
225 5 3.92699082e+00 2.26446317e-01
226 5 3.92699082e+00 2.24844554e-01
227 5 3.92699082e+00 2.24920918e-01
228 5 3.92699082e+00 2.25664518e-01
229 5 3.92699082e+00 2.24914122e-01
230 5 3.92699082e+00 2.23120729e-01
231 5 3.92699082e+00 2.24739316e-01
232 5 3.92699082e+00 2.27316530e-01
233 5 3.92699082e+00 2.23763491e-01
234 5 3.92699082e+00 2.27609780e-01
235 5 3.92699082e+00 2.25946841e-01
236 5 3.92699082e+00 2.24725337e-01
237 5 3.92699082e+00 2.30143405e-01
238 5 3.92699082e+00 2.26130183e-01
239 5 3.92699082e+00 2.25902827e-01
240 5 3.92699082e+00 2.27497049e-01
241 5 3.92699082e+00 2.26001255e-01
242 5 3.92699082e+00 2.25136620e-01
243 5 3.92699082e+00 2.24968991e-01
244 5 3.92699082e+00 2.20288330e-01
245 5 3.92699082e+00 2.21645262e-01
246 5 3.92699082e+00 2.25334164e-01
247 5 3.92699082e+00 2.28907552e-01
248 5 3.92699082e+00 2.22405237e-01
249 5 3.92699082e+00 2.23849380e-01
250 5 3.92699082e+00 2.26114384e-01
251 5 3.92699082e+00 2.23264025e-01
252 5 3.92699082e+00 2.23988626e-01
253 5 3.92699082e+00 2.25990943e-01
254 5 3.92699082e+00 2.25965268e-01
255 5 3.92699082e+00 2.21068421e-01
256 5 3.92699082e+00 2.25296982e-01
257 5 3.92699082e+00 2.25354907e-01
258 5 3.92699082e+00 2.24056667e-01
259 5 3.92699082e+00 2.25132071e-01
260 5 3.92699082e+00 2.24713658e-01
261 5 3.92699082e+00 2.25450702e-01
262 5 3.92699082e+00 2.22677715e-01
263 5 3.92699082e+00 2.19060939e-01
264 5 3.92699082e+00 2.23177388e-01
265 5 3.92699082e+00 2.25994216e-01
266 5 3.92699082e+00 2.22329480e-01
267 5 3.92699082e+00 2.26185533e-01
268 5 3.92699082e+00 2.21067067e-01
269 5 3.92699082e+00 2.26736088e-01
270 5 3.92699082e+00 2.23829578e-01
271 5 3.92699082e+00 2.28460215e-01
272 5 3.92699082e+00 2.24861830e-01
273 5 3.92699082e+00 2.26248145e-01
274 5 3.92699082e+00 2.23459091e-01
275 5 3.92699082e+00 2.25044588e-01
276 5 3.92699082e+00 2.26492171e-01
277 5 3.92699082e+00 2.23522937e-01
278 5 3.92699082e+00 2.27952474e-01
279 5 3.92699082e+00 2.26400166e-01
280 5 3.92699082e+00 2.24605292e-01
281 5 3.92699082e+00 2.23582158e-01
282 5 3.92699082e+00 2.27267087e-01
283 5 3.92699082e+00 2.26378607e-01
284 5 3.92699082e+00 2.20601482e-01
285 5 3.92699082e+00 2.21693952e-01
286 5 3.92699082e+00 2.22058348e-01
287 5 3.92699082e+00 2.23451117e-01
288 5 3.92699082e+00 2.29082606e-01
289 5 3.92699082e+00 2.25167326e-01
290 5 3.92699082e+00 2.27413900e-01
291 5 3.92699082e+00 2.24340842e-01
292 5 3.92699082e+00 2.24400497e-01
293 5 3.92699082e+00 2.29125823e-01
294 5 3.92699082e+00 2.25328206e-01
295 5 3.92699082e+00 2.26866541e-01
296 5 3.92699082e+00 2.26228346e-01
297 5 3.92699082e+00 2.25419169e-01
298 5 3.92699082e+00 2.24579196e-01
299 5 3.92699082e+00 2.22694222e-01
300 5 3.92699082e+00 2.27815283e-01
301 5 3.92699082e+00 2.24374887e-01
302 5 3.92699082e+00 2.22148368e-01
303 5 3.92699082e+00 2.21712509e-01
304 5 3.92699082e+00 2.26190093e-01
305 5 3.92699082e+00 2.26099054e-01
306 5 3.92699082e+00 2.20727907e-01
307 5 3.92699082e+00 2.25866786e-01
308 5 3.92699082e+00 2.25323903e-01
309 5 3.92699082e+00 2.28076543e-01
310 5 3.92699082e+00 2.22575690e-01
311 5 3.92699082e+00 2.21197769e-01
312 5 3.92699082e+00 2.28962504e-01
313 5 3.92699082e+00 2.23437259e-01
314 5 3.92699082e+00 2.25471387e-01
315 5 3.92699082e+00 2.22273473e-01
316 5 3.92699082e+00 2.23532558e-01
317 5 3.92699082e+00 2.23855271e-01
318 5 3.92699082e+00 2.20189727e-01
319 5 3.92699082e+00 2.26697560e-01
320 5 3.92699082e+00 2.24888199e-01
321 5 3.92699082e+00 2.25925968e-01
322 5 3.92699082e+00 2.26831329e-01
323 5 3.92699082e+00 2.25357367e-01
324 5 3.92699082e+00 2.26236366e-01
325 5 3.92699082e+00 2.27698021e-01
326 5 3.92699082e+00 2.25089075e-01
327 5 3.92699082e+00 2.26862535e-01
328 5 3.92699082e+00 2.25115400e-01
329 5 3.92699082e+00 2.25549062e-01
330 5 3.92699082e+00 2.23191052e-01
331 5 3.92699082e+00 2.27736490e-01
332 5 3.92699082e+00 2.28238973e-01
333 5 3.92699082e+00 2.21914578e-01
334 5 3.92699082e+00 2.24139466e-01
335 5 3.92699082e+00 2.28258616e-01
336 5 3.92699082e+00 2.23515393e-01
337 5 3.92699082e+00 2.26567356e-01
338 5 3.92699082e+00 2.24663015e-01
339 5 3.92699082e+00 2.22919773e-01
340 5 3.92699082e+00 2.24344459e-01
341 5 3.92699082e+00 2.21855357e-01
342 5 3.92699082e+00 2.23311124e-01
343 5 3.92699082e+00 2.26711415e-01
344 5 3.92699082e+00 2.23480844e-01
345 5 3.92699082e+00 2.25925520e-01
346 5 3.92699082e+00 2.22179305e-01
347 5 3.92699082e+00 2.22777565e-01
348 5 3.92699082e+00 2.24908951e-01
349 5 3.92699082e+00 2.27206733e-01
350 5 3.92699082e+00 2.24724289e-01
351 5 3.92699082e+00 2.26126129e-01
352 5 3.92699082e+00 2.27212260e-01
353 5 3.92699082e+00 2.24529657e-01
354 5 3.92699082e+00 2.26634849e-01
355 5 3.92699082e+00 2.25808326e-01
356 5 3.92699082e+00 2.26526733e-01
357 5 3.92699082e+00 2.27567876e-01
358 5 3.92699082e+00 2.23979616e-01
359 5 3.92699082e+00 2.24286905e-01
360 5 3.92699082e+00 2.28357940e-01
361 5 3.92699082e+00 2.26023399e-01
362 5 3.92699082e+00 2.23416512e-01
363 5 3.92699082e+00 2.28847691e-01
364 5 3.92699082e+00 2.24641269e-01
365 5 3.92699082e+00 2.23151576e-01
366 5 3.92699082e+00 2.28672357e-01
367 5 3.92699082e+00 2.25217171e-01
368 5 3.92699082e+00 2.20440037e-01
369 5 3.92699082e+00 2.25792978e-01
370 5 3.92699082e+00 2.25600889e-01
371 5 3.92699082e+00 2.21717072e-01
372 5 3.92699082e+00 2.26129894e-01
373 5 3.92699082e+00 2.21636916e-01
374 5 3.92699082e+00 2.20379754e-01
375 5 3.92699082e+00 2.22197908e-01
376 5 3.92699082e+00 2.23200080e-01
377 5 3.92699082e+00 2.26085191e-01
378 5 3.92699082e+00 2.25993867e-01
379 5 3.92699082e+00 2.28603246e-01
380 5 3.92699082e+00 2.26198568e-01
381 5 3.92699082e+00 2.23454078e-01
382 5 3.92699082e+00 2.23299081e-01
383 5 3.92699082e+00 2.27211952e-01
384 5 3.92699082e+00 2.27655376e-01
385 5 3.92699082e+00 2.25523403e-01
386 5 3.92699082e+00 2.23030750e-01
387 5 3.92699082e+00 2.22031831e-01
388 5 3.92699082e+00 2.25779035e-01
389 5 3.92699082e+00 2.25429363e-01
390 5 3.92699082e+00 2.26923808e-01
391 5 3.92699082e+00 2.23128350e-01
392 5 3.92699082e+00 2.24233436e-01
393 5 3.92699082e+00 2.25644766e-01
394 5 3.92699082e+00 2.25512265e-01
395 5 3.92699082e+00 2.24987272e-01
396 5 3.92699082e+00 2.18737031e-01
397 5 3.92699082e+00 2.25271948e-01
398 5 3.92699082e+00 2.24430877e-01
399 5 3.92699082e+00 2.24843499e-01
400 5 3.92699082e+00 2.24397619e-01
401 5 3.92699082e+00 2.20665830e-01
402 5 3.92699082e+00 2.26424144e-01
403 5 3.92699082e+00 2.29139693e-01
404 5 3.92699082e+00 2.23414763e-01
405 5 3.92699082e+00 2.24053009e-01
406 5 3.92699082e+00 2.26225213e-01
407 5 3.92699082e+00 2.23118116e-01
408 5 3.92699082e+00 2.23990529e-01
409 5 3.92699082e+00 2.24960686e-01
410 5 3.92699082e+00 2.25869287e-01
411 5 3.92699082e+00 2.26200450e-01
412 5 3.92699082e+00 2.27672737e-01
413 5 3.92699082e+00 2.24378246e-01
414 5 3.92699082e+00 2.24868787e-01
415 5 3.92699082e+00 2.24702822e-01
416 5 3.92699082e+00 2.26052780e-01
417 5 3.92699082e+00 2.20857750e-01
418 5 3.92699082e+00 2.24992441e-01
419 5 3.92699082e+00 2.23721770e-01
420 5 3.92699082e+00 2.26652227e-01
421 5 3.92699082e+00 2.25038308e-01
422 5 3.92699082e+00 2.27793378e-01
423 5 3.92699082e+00 2.25197575e-01
424 5 3.92699082e+00 2.22253914e-01
425 5 3.92699082e+00 2.26954056e-01
426 5 3.92699082e+00 2.25959273e-01
427 5 3.92699082e+00 2.22139879e-01
428 5 3.92699082e+00 2.25092451e-01
429 5 3.92699082e+00 2.28319417e-01
430 5 3.92699082e+00 2.27212780e-01
431 5 3.92699082e+00 2.24521860e-01
432 5 3.92699082e+00 2.24069358e-01
433 5 3.92699082e+00 2.21487594e-01
434 5 3.92699082e+00 2.23705404e-01
435 5 3.92699082e+00 2.25903995e-01
436 5 3.92699082e+00 2.21332829e-01
437 5 3.92699082e+00 2.22158838e-01
438 5 3.92699082e+00 2.26680367e-01
439 5 3.92699082e+00 2.26232152e-01
440 5 3.92699082e+00 2.23698763e-01
441 5 3.92699082e+00 2.25250110e-01
442 5 3.92699082e+00 2.24519124e-01
443 5 3.92699082e+00 2.22516040e-01
444 5 3.92699082e+00 2.25386311e-01
445 5 3.92699082e+00 2.25677777e-01
446 5 3.92699082e+00 2.25751195e-01
447 5 3.92699082e+00 2.25515007e-01
448 5 3.92699082e+00 2.26488517e-01
449 5 3.92699082e+00 2.30387830e-01
450 5 3.92699082e+00 2.27786077e-01
451 5 3.92699082e+00 2.26531355e-01
452 5 3.92699082e+00 2.25875992e-01
453 5 3.92699082e+00 2.24594730e-01
454 5 3.92699082e+00 2.26288788e-01
455 5 3.92699082e+00 2.26492229e-01
456 5 3.92699082e+00 2.26167052e-01
457 5 3.92699082e+00 2.24093026e-01
458 5 3.92699082e+00 2.28978796e-01
459 5 3.92699082e+00 2.23672313e-01
460 5 3.92699082e+00 2.25791568e-01
461 5 3.92699082e+00 2.26198258e-01
462 5 3.92699082e+00 2.26805095e-01
463 5 3.92699082e+00 2.25392478e-01
464 5 3.92699082e+00 2.23605278e-01
465 5 3.92699082e+00 2.28342778e-01
466 5 3.92699082e+00 2.25592891e-01
467 5 3.92699082e+00 2.23327942e-01
468 5 3.92699082e+00 2.22532989e-01
469 5 3.92699082e+00 2.24106963e-01
470 5 3.92699082e+00 2.26843328e-01
471 5 3.92699082e+00 2.22249215e-01
472 5 3.92699082e+00 2.26191932e-01
473 5 3.92699082e+00 2.29863408e-01
474 5 3.92699082e+00 2.25890984e-01
475 5 3.92699082e+00 2.25371184e-01
476 5 3.92699082e+00 2.27081485e-01
477 5 3.92699082e+00 2.28702769e-01
478 5 3.92699082e+00 2.30867506e-01
479 5 3.92699082e+00 2.25872942e-01
480 5 3.92699082e+00 2.27489456e-01
481 5 3.92699082e+00 2.26163326e-01
482 5 3.92699082e+00 2.23927114e-01
483 5 3.92699082e+00 2.27313940e-01
484 5 3.92699082e+00 2.22828853e-01
485 5 3.92699082e+00 2.24307121e-01
486 5 3.92699082e+00 2.24576836e-01
487 5 3.92699082e+00 2.27447722e-01
488 5 3.92699082e+00 2.24076107e-01
489 5 3.92699082e+00 2.26395386e-01
490 5 3.92699082e+00 2.26217335e-01
491 5 3.92699082e+00 2.26319713e-01
492 5 3.92699082e+00 2.27205219e-01
493 5 3.92699082e+00 2.26467492e-01
494 5 3.92699082e+00 2.24630245e-01
495 5 3.92699082e+00 2.23046624e-01
496 5 3.92699082e+00 2.24210822e-01
497 5 3.92699082e+00 2.21480866e-01
498 5 3.92699082e+00 2.25841458e-01
499 5 3.92699082e+00 2.26814387e-01
500 5 3.92699082e+00 2.22864992e-01
501 5 3.92699082e+00 2.25724774e-01
502 5 3.92699082e+00 2.24498301e-01
503 5 3.92699082e+00 2.28602852e-01
504 5 3.92699082e+00 2.26658120e-01
505 5 3.92699082e+00 2.27302905e-01
506 5 3.92699082e+00 2.26984526e-01
507 5 3.92699082e+00 2.21340110e-01
508 5 3.92699082e+00 2.25912221e-01
509 5 3.92699082e+00 2.24992856e-01
510 5 3.92699082e+00 2.23043144e-01
511 5 3.92699082e+00 2.28761944e-01
512 5 3.92699082e+00 2.26900685e-01
513 5 3.92699082e+00 2.24314641e-01
514 5 3.92699082e+00 2.26727737e-01
515 5 3.92699082e+00 2.28540096e-01
516 5 3.92699082e+00 2.22591036e-01
517 5 3.92699082e+00 2.26610059e-01
518 5 3.92699082e+00 2.25227119e-01
519 5 3.92699082e+00 2.25689838e-01
520 5 3.92699082e+00 2.27854665e-01
521 5 3.92699082e+00 2.25481486e-01
522 5 3.92699082e+00 2.24152109e-01
523 5 3.92699082e+00 2.23546790e-01
524 5 3.92699082e+00 2.24955539e-01
525 5 3.92699082e+00 2.28629789e-01
526 5 3.92699082e+00 2.24265854e-01
527 5 3.92699082e+00 2.28620796e-01
528 5 3.92699082e+00 2.25367188e-01
529 5 3.92699082e+00 2.24047712e-01
530 5 3.92699082e+00 2.31133180e-01
531 5 3.92699082e+00 2.21239676e-01
532 5 3.92699082e+00 2.23651412e-01
533 5 3.92699082e+00 2.24994399e-01
534 5 3.92699082e+00 2.24406170e-01
535 5 3.92699082e+00 2.24566449e-01
536 5 3.92699082e+00 2.23753727e-01
537 5 3.92699082e+00 2.25088010e-01
538 5 3.92699082e+00 2.24784599e-01
539 5 3.92699082e+00 2.23380593e-01
540 5 3.92699082e+00 2.23921243e-01
541 5 3.92699082e+00 2.26877038e-01
542 5 3.92699082e+00 2.28966708e-01
543 5 3.92699082e+00 2.23850084e-01
544 5 3.92699082e+00 2.25804696e-01
545 5 3.92699082e+00 2.26825762e-01
546 5 3.92699082e+00 2.27438865e-01
547 5 3.92699082e+00 2.21824562e-01
548 5 3.92699082e+00 2.23755968e-01
549 5 3.92699082e+00 2.27346171e-01
550 5 3.92699082e+00 2.25641527e-01
551 5 3.92699082e+00 2.28155751e-01
552 5 3.92699082e+00 2.25760510e-01
553 5 3.92699082e+00 2.26978016e-01
554 5 3.92699082e+00 2.26538203e-01
555 5 3.92699082e+00 2.24527040e-01
556 5 3.92699082e+00 2.28501615e-01
557 5 3.92699082e+00 2.25696647e-01
558 5 3.92699082e+00 2.27727515e-01
559 5 3.92699082e+00 2.23943321e-01
560 5 3.92699082e+00 2.22468338e-01
561 5 3.92699082e+00 2.21376447e-01
562 5 3.92699082e+00 2.21072985e-01
563 5 3.92699082e+00 2.22977187e-01
564 5 3.92699082e+00 2.25355424e-01
565 5 3.92699082e+00 2.28188204e-01
566 5 3.92699082e+00 2.26639143e-01
567 5 3.92699082e+00 2.29410404e-01
568 5 3.92699082e+00 2.27480971e-01
569 5 3.92699082e+00 2.25791206e-01
570 5 3.92699082e+00 2.26781960e-01
571 5 3.92699082e+00 2.28030144e-01
572 5 3.92699082e+00 2.24115304e-01
573 5 3.92699082e+00 2.24185564e-01
574 5 3.92699082e+00 2.24429253e-01
575 5 3.92699082e+00 2.23370894e-01
576 5 3.92699082e+00 2.25313371e-01
577 5 3.92699082e+00 2.24296022e-01
578 5 3.92699082e+00 2.27131731e-01
579 5 3.92699082e+00 2.26112225e-01
580 5 3.92699082e+00 2.23750539e-01
581 5 3.92699082e+00 2.28500773e-01
582 5 3.92699082e+00 2.29033652e-01
583 5 3.92699082e+00 2.24680383e-01
584 5 3.92699082e+00 2.24220439e-01
585 5 3.92699082e+00 2.24226921e-01
586 5 3.92699082e+00 2.26204967e-01
587 5 3.92699082e+00 2.23690406e-01
588 5 3.92699082e+00 2.25195456e-01
589 5 3.92699082e+00 2.21720142e-01
590 5 3.92699082e+00 2.28945459e-01
591 5 3.92699082e+00 2.28821921e-01
592 5 3.92699082e+00 2.28084908e-01
593 5 3.92699082e+00 2.27966488e-01
594 5 3.92699082e+00 2.25057295e-01
595 5 3.92699082e+00 2.22066981e-01
596 5 3.92699082e+00 2.25474528e-01
597 5 3.92699082e+00 2.25715382e-01
598 5 3.92699082e+00 2.25607915e-01
599 5 3.92699082e+00 2.25023966e-01
600 5 3.92699082e+00 2.29061723e-01
601 5 3.92699082e+00 2.22791493e-01
602 5 3.92699082e+00 2.27122222e-01
603 5 3.92699082e+00 2.21158321e-01
604 5 3.92699082e+00 2.25208384e-01
605 5 3.92699082e+00 2.22615752e-01
606 5 3.92699082e+00 2.26811255e-01
607 5 3.92699082e+00 2.25995490e-01
608 5 3.92699082e+00 2.27011426e-01
609 5 3.92699082e+00 2.24563094e-01
610 5 3.92699082e+00 2.27674996e-01
611 5 3.92699082e+00 2.23111019e-01
612 5 3.92699082e+00 2.25296685e-01
613 5 3.92699082e+00 2.22290048e-01
614 5 3.92699082e+00 2.26799510e-01
615 5 3.92699082e+00 2.24281947e-01
616 5 3.92699082e+00 2.25872262e-01
617 5 3.92699082e+00 2.26060535e-01
618 5 3.92699082e+00 2.24301902e-01
619 5 3.92699082e+00 2.27080857e-01
620 5 3.92699082e+00 2.27607047e-01
621 5 3.92699082e+00 2.29309366e-01
622 5 3.92699082e+00 2.26179987e-01
623 5 3.92699082e+00 2.25447073e-01
624 5 3.92699082e+00 2.24294367e-01
625 5 3.92699082e+00 2.26691175e-01
626 5 3.92699082e+00 2.26329360e-01
627 5 3.92699082e+00 2.24281013e-01
628 5 3.92699082e+00 2.26231741e-01
629 5 3.92699082e+00 2.22069274e-01
630 5 3.92699082e+00 2.24927942e-01
631 5 3.92699082e+00 2.28179429e-01
632 5 3.92699082e+00 2.25614109e-01
633 5 3.92699082e+00 2.24047979e-01
634 5 3.92699082e+00 2.21687999e-01
635 5 3.92699082e+00 2.24984819e-01
636 5 3.92699082e+00 2.24398050e-01
637 5 3.92699082e+00 2.26603538e-01
638 5 3.92699082e+00 2.23124986e-01
639 5 3.92699082e+00 2.21580284e-01
640 5 3.92699082e+00 2.27906733e-01
641 5 3.92699082e+00 2.29214698e-01
642 5 3.92699082e+00 2.24830809e-01
643 5 3.92699082e+00 2.23359956e-01
644 5 3.92699082e+00 2.25452844e-01
645 5 3.92699082e+00 2.23599015e-01
646 5 3.92699082e+00 2.25169366e-01
647 5 3.92699082e+00 2.27910673e-01
648 5 3.92699082e+00 2.25659490e-01
649 5 3.92699082e+00 2.26273648e-01
650 5 3.92699082e+00 2.27798643e-01
651 5 3.92699082e+00 2.27048456e-01
652 5 3.92699082e+00 2.24956748e-01
653 5 3.92699082e+00 2.26253886e-01
654 5 3.92699082e+00 2.25234512e-01
655 5 3.92699082e+00 2.28364963e-01
656 5 3.92699082e+00 2.25801292e-01
657 5 3.92699082e+00 2.23528159e-01
658 5 3.92699082e+00 2.25605677e-01
659 5 3.92699082e+00 2.26700004e-01
660 5 3.92699082e+00 2.25999814e-01
661 5 3.92699082e+00 2.27268826e-01
662 5 3.92699082e+00 2.28875879e-01
663 5 3.92699082e+00 2.26449430e-01
664 5 3.92699082e+00 2.26578572e-01
665 5 3.92699082e+00 2.23617615e-01
666 5 3.92699082e+00 2.30122353e-01
667 5 3.92699082e+00 2.25399627e-01
668 5 3.92699082e+00 2.28835955e-01
669 5 3.92699082e+00 2.25771073e-01
670 5 3.92699082e+00 2.25013741e-01
671 5 3.92699082e+00 2.23142584e-01
672 5 3.92699082e+00 2.25941658e-01
673 5 3.92699082e+00 2.28795300e-01
674 5 3.92699082e+00 2.26573585e-01
675 5 3.92699082e+00 2.20891652e-01
676 5 3.92699082e+00 2.24906920e-01
677 5 3.92699082e+00 2.28410838e-01
678 5 3.92699082e+00 2.26157990e-01
679 5 3.92699082e+00 2.24125604e-01
680 5 3.92699082e+00 2.25198377e-01
681 5 3.92699082e+00 2.24536316e-01
682 5 3.92699082e+00 2.22441886e-01
683 5 3.92699082e+00 2.25649032e-01
684 5 3.92699082e+00 2.23831697e-01
685 5 3.92699082e+00 2.23321704e-01
686 5 3.92699082e+00 2.24468998e-01
687 5 3.92699082e+00 2.23240828e-01
688 5 3.92699082e+00 2.25895760e-01
689 5 3.92699082e+00 2.26481504e-01
690 5 3.92699082e+00 2.22911746e-01
691 5 3.92699082e+00 2.23865943e-01
692 5 3.92699082e+00 2.27702471e-01
693 5 3.92699082e+00 2.23633647e-01
694 5 3.92699082e+00 2.22360592e-01
695 5 3.92699082e+00 2.22671743e-01
696 5 3.92699082e+00 2.27089852e-01
697 5 3.92699082e+00 2.26091461e-01
698 5 3.92699082e+00 2.25769716e-01
699 5 3.92699082e+00 2.26098442e-01
700 5 3.92699082e+00 2.27281439e-01
701 5 3.92699082e+00 2.24993860e-01
702 5 3.92699082e+00 2.26549924e-01
703 5 3.92699082e+00 2.21966264e-01
704 5 3.92699082e+00 2.28289927e-01
705 5 3.92699082e+00 2.22931034e-01
706 5 3.92699082e+00 2.25736746e-01
707 5 3.92699082e+00 2.25200701e-01
708 5 3.92699082e+00 2.24569655e-01
709 5 3.92699082e+00 2.25270384e-01
710 5 3.92699082e+00 2.23787414e-01
711 5 3.92699082e+00 2.25407350e-01
712 5 3.92699082e+00 2.25645770e-01
713 5 3.92699082e+00 2.24536796e-01
714 5 3.92699082e+00 2.24371192e-01
715 5 3.92699082e+00 2.25371390e-01
716 5 3.92699082e+00 2.25143671e-01
717 5 3.92699082e+00 2.27301426e-01
718 5 3.92699082e+00 2.26100065e-01
719 5 3.92699082e+00 2.24057890e-01
720 5 3.92699082e+00 2.27347143e-01
721 5 3.92699082e+00 2.25066027e-01
722 5 3.92699082e+00 2.26482809e-01
723 5 3.92699082e+00 2.27363501e-01
724 5 3.92699082e+00 2.21879157e-01
725 5 3.92699082e+00 2.25859682e-01
726 5 3.92699082e+00 2.21682415e-01
727 5 3.92699082e+00 2.28914736e-01
728 5 3.92699082e+00 2.27082804e-01
729 5 3.92699082e+00 2.25509895e-01
730 5 3.92699082e+00 2.21065361e-01
731 5 3.92699082e+00 2.21402289e-01
732 5 3.92699082e+00 2.24461517e-01
733 5 3.92699082e+00 2.23276135e-01
734 5 3.92699082e+00 2.27935928e-01
735 5 3.92699082e+00 2.24954038e-01
736 5 3.92699082e+00 2.23650979e-01
737 5 3.92699082e+00 2.23707781e-01
738 5 3.92699082e+00 2.25758457e-01
739 5 3.92699082e+00 2.26082766e-01
740 5 3.92699082e+00 2.23811652e-01
741 5 3.92699082e+00 2.23500508e-01
742 5 3.92699082e+00 2.23539607e-01
743 5 3.92699082e+00 2.23633831e-01
744 5 3.92699082e+00 2.19568994e-01
745 5 3.92699082e+00 2.25483299e-01
746 5 3.92699082e+00 2.23869428e-01
747 5 3.92699082e+00 2.27953478e-01
748 5 3.92699082e+00 2.28462170e-01
749 5 3.92699082e+00 2.28423392e-01
750 5 3.92699082e+00 2.25474197e-01
751 5 3.92699082e+00 2.26712175e-01
752 5 3.92699082e+00 2.22184684e-01
753 5 3.92699082e+00 2.26434746e-01
754 5 3.92699082e+00 2.28168010e-01
755 5 3.92699082e+00 2.23393558e-01
756 5 3.92699082e+00 2.26333190e-01
757 5 3.92699082e+00 2.26235271e-01
758 5 3.92699082e+00 2.25355744e-01
759 5 3.92699082e+00 2.26539492e-01
760 5 3.92699082e+00 2.26222293e-01
761 5 3.92699082e+00 2.28183761e-01
762 5 3.92699082e+00 2.22242426e-01
763 5 3.92699082e+00 2.24682943e-01
764 5 3.92699082e+00 2.26201503e-01
765 5 3.92699082e+00 2.22411960e-01
766 5 3.92699082e+00 2.27580506e-01
767 5 3.92699082e+00 2.27906304e-01
768 5 3.92699082e+00 2.27692006e-01
769 5 3.92699082e+00 2.25462172e-01
770 5 3.92699082e+00 2.26477364e-01
771 5 3.92699082e+00 2.25667110e-01
772 5 3.92699082e+00 2.25215945e-01
773 5 3.92699082e+00 2.26227792e-01
774 5 3.92699082e+00 2.25737849e-01
775 5 3.92699082e+00 2.24282125e-01
776 5 3.92699082e+00 2.26836947e-01
777 5 3.92699082e+00 2.24359729e-01
778 5 3.92699082e+00 2.23715578e-01
779 5 3.92699082e+00 2.23367357e-01
780 5 3.92699082e+00 2.21147797e-01
781 5 3.92699082e+00 2.27655887e-01
782 5 3.92699082e+00 2.27356935e-01
783 5 3.92699082e+00 2.25844520e-01
784 5 3.92699082e+00 2.25295990e-01
785 5 3.92699082e+00 2.26508017e-01
786 5 3.92699082e+00 2.23224018e-01
787 5 3.92699082e+00 2.27323039e-01
788 5 3.92699082e+00 2.25526118e-01
789 5 3.92699082e+00 2.21410257e-01
790 5 3.92699082e+00 2.25344334e-01
791 5 3.92699082e+00 2.19998160e-01
792 5 3.92699082e+00 2.23443698e-01
793 5 3.92699082e+00 2.22724684e-01
794 5 3.92699082e+00 2.24348354e-01
795 5 3.92699082e+00 2.27757406e-01
796 5 3.92699082e+00 2.27019175e-01
797 5 3.92699082e+00 2.25106015e-01
798 5 3.92699082e+00 2.25571705e-01
799 5 3.92699082e+00 2.23691071e-01
800 5 3.92699082e+00 2.24956103e-01
801 5 3.92699082e+00 2.26283633e-01
802 5 3.92699082e+00 2.23031363e-01
803 5 3.92699082e+00 2.28326672e-01
804 5 3.92699082e+00 2.26787339e-01
805 5 3.92699082e+00 2.27798037e-01
806 5 3.92699082e+00 2.24520919e-01
807 5 3.92699082e+00 2.23789962e-01
808 5 3.92699082e+00 2.24371081e-01
809 5 3.92699082e+00 2.25716825e-01
810 5 3.92699082e+00 2.24770259e-01
811 5 3.92699082e+00 2.24314058e-01
812 5 3.92699082e+00 2.24548189e-01
813 5 3.92699082e+00 2.23148804e-01
814 5 3.92699082e+00 2.28012263e-01
815 5 3.92699082e+00 2.23860275e-01
816 5 3.92699082e+00 2.26302121e-01
817 5 3.92699082e+00 2.25551449e-01
818 5 3.92699082e+00 2.25434001e-01
819 5 3.92699082e+00 2.27513638e-01
820 5 3.92699082e+00 2.24104621e-01
821 5 3.92699082e+00 2.25290105e-01
822 5 3.92699082e+00 2.25379424e-01
823 5 3.92699082e+00 2.26607013e-01
824 5 3.92699082e+00 2.25104448e-01
825 5 3.92699082e+00 2.24589764e-01
826 5 3.92699082e+00 2.25103086e-01
827 5 3.92699082e+00 2.27510155e-01
828 5 3.92699082e+00 2.24308574e-01
829 5 3.92699082e+00 2.24783772e-01
830 5 3.92699082e+00 2.25554683e-01
831 5 3.92699082e+00 2.25494950e-01
832 5 3.92699082e+00 2.23720851e-01
833 5 3.92699082e+00 2.24321837e-01
834 5 3.92699082e+00 2.20894473e-01
835 5 3.92699082e+00 2.27958307e-01
836 5 3.92699082e+00 2.22678571e-01
837 5 3.92699082e+00 2.25959475e-01
838 5 3.92699082e+00 2.27688559e-01
839 5 3.92699082e+00 2.25543652e-01
840 5 3.92699082e+00 2.27789228e-01
841 5 3.92699082e+00 2.25066942e-01
842 5 3.92699082e+00 2.24462807e-01
843 5 3.92699082e+00 2.23056866e-01
844 5 3.92699082e+00 2.26877383e-01
845 5 3.92699082e+00 2.28290168e-01
846 5 3.92699082e+00 2.24133562e-01
847 5 3.92699082e+00 2.24137074e-01
848 5 3.92699082e+00 2.25686801e-01
849 5 3.92699082e+00 2.26271318e-01
850 5 3.92699082e+00 2.27853029e-01
851 5 3.92699082e+00 2.25795526e-01
852 5 3.92699082e+00 2.24913564e-01
853 5 3.92699082e+00 2.23952399e-01
854 5 3.92699082e+00 2.25277583e-01
855 5 3.92699082e+00 2.22266042e-01
856 5 3.92699082e+00 2.26745214e-01
857 5 3.92699082e+00 2.24180328e-01
858 5 3.92699082e+00 2.24976460e-01
859 5 3.92699082e+00 2.27119148e-01
860 5 3.92699082e+00 2.23667822e-01
861 5 3.92699082e+00 2.25510635e-01
862 5 3.92699082e+00 2.26669576e-01
863 5 3.92699082e+00 2.28441334e-01
864 5 3.92699082e+00 2.25371277e-01
865 5 3.92699082e+00 2.24231435e-01
866 5 3.92699082e+00 2.26981958e-01
867 5 3.92699082e+00 2.25755220e-01
868 5 3.92699082e+00 2.24953765e-01
869 5 3.92699082e+00 2.24355219e-01
870 5 3.92699082e+00 2.25309404e-01
871 5 3.92699082e+00 2.23871600e-01
872 5 3.92699082e+00 2.27536771e-01
873 5 3.92699082e+00 2.25122000e-01
874 5 3.92699082e+00 2.26902402e-01
875 5 3.92699082e+00 2.24684192e-01
876 5 3.92699082e+00 2.25823754e-01
877 5 3.92699082e+00 2.25632743e-01
878 5 3.92699082e+00 2.25595980e-01
879 5 3.92699082e+00 2.25159187e-01
880 5 3.92699082e+00 2.23253625e-01
881 5 3.92699082e+00 2.26791227e-01
882 5 3.92699082e+00 2.23427269e-01
883 5 3.92699082e+00 2.23840155e-01
884 5 3.92699082e+00 2.24344754e-01
885 5 3.92699082e+00 2.26412671e-01
886 5 3.92699082e+00 2.22912258e-01
887 5 3.92699082e+00 2.20814434e-01
888 5 3.92699082e+00 2.28105593e-01
889 5 3.92699082e+00 2.26840406e-01
890 5 3.92699082e+00 2.25396070e-01
891 5 3.92699082e+00 2.25227523e-01
892 5 3.92699082e+00 2.25245308e-01
893 5 3.92699082e+00 2.23450788e-01
894 5 3.92699082e+00 2.22443773e-01
895 5 3.92699082e+00 2.21377636e-01
896 5 3.92699082e+00 2.25716810e-01
897 5 3.92699082e+00 2.25456594e-01
898 5 3.92699082e+00 2.25844388e-01
899 5 3.92699082e+00 2.23441007e-01
0 6 4.71238898e+00 2.34902950e-01
1 6 4.71238898e+00 2.33942924e-01
2 6 4.71238898e+00 2.33108150e-01
3 6 4.71238898e+00 2.35574876e-01
4 6 4.71238898e+00 2.32893688e-01
5 6 4.71238898e+00 2.32870358e-01
6 6 4.71238898e+00 2.31117091e-01
7 6 4.71238898e+00 2.33380262e-01
8 6 4.71238898e+00 2.31652113e-01
9 6 4.71238898e+00 2.31952916e-01
10 6 4.71238898e+00 2.32967018e-01
11 6 4.71238898e+00 2.33066343e-01
12 6 4.71238898e+00 2.34213541e-01
13 6 4.71238898e+00 2.33913001e-01
14 6 4.71238898e+00 2.31960995e-01
15 6 4.71238898e+00 2.33028311e-01
16 6 4.71238898e+00 2.25555544e-01
17 6 4.71238898e+00 2.31303500e-01
18 6 4.71238898e+00 2.33198976e-01
19 6 4.71238898e+00 2.33348439e-01
20 6 4.71238898e+00 2.32421108e-01
21 6 4.71238898e+00 2.34343832e-01
22 6 4.71238898e+00 2.32199951e-01
23 6 4.71238898e+00 2.34773284e-01
24 6 4.71238898e+00 2.30718280e-01
25 6 4.71238898e+00 2.30979468e-01
26 6 4.71238898e+00 2.30137570e-01
27 6 4.71238898e+00 2.29075859e-01
28 6 4.71238898e+00 2.31543028e-01
29 6 4.71238898e+00 2.36121205e-01
30 6 4.71238898e+00 2.29012963e-01
31 6 4.71238898e+00 2.29944692e-01
32 6 4.71238898e+00 2.27358523e-01
33 6 4.71238898e+00 2.31359987e-01
34 6 4.71238898e+00 2.32943720e-01
35 6 4.71238898e+00 2.37767819e-01
36 6 4.71238898e+00 2.31656539e-01
37 6 4.71238898e+00 2.32070958e-01
38 6 4.71238898e+00 2.30418120e-01
39 6 4.71238898e+00 2.27635973e-01
40 6 4.71238898e+00 2.29642134e-01
41 6 4.71238898e+00 2.32329688e-01
42 6 4.71238898e+00 2.35510491e-01
43 6 4.71238898e+00 2.33346545e-01
44 6 4.71238898e+00 2.29442118e-01
45 6 4.71238898e+00 2.30739220e-01
46 6 4.71238898e+00 2.32746647e-01
47 6 4.71238898e+00 2.29278175e-01
48 6 4.71238898e+00 2.30954787e-01
49 6 4.71238898e+00 2.34419462e-01
50 6 4.71238898e+00 2.33853501e-01
51 6 4.71238898e+00 2.29318385e-01
52 6 4.71238898e+00 2.32168211e-01
53 6 4.71238898e+00 2.29176726e-01
54 6 4.71238898e+00 2.32159937e-01
55 6 4.71238898e+00 2.34540910e-01
56 6 4.71238898e+00 2.30390259e-01
57 6 4.71238898e+00 2.30177902e-01
58 6 4.71238898e+00 2.33028707e-01
59 6 4.71238898e+00 2.34301801e-01
60 6 4.71238898e+00 2.26952374e-01
61 6 4.71238898e+00 2.26409766e-01
62 6 4.71238898e+00 2.32354408e-01
63 6 4.71238898e+00 2.31883537e-01
64 6 4.71238898e+00 2.32411383e-01
65 6 4.71238898e+00 2.34227516e-01
66 6 4.71238898e+00 2.33684219e-01
67 6 4.71238898e+00 2.29938696e-01
68 6 4.71238898e+00 2.31571509e-01
69 6 4.71238898e+00 2.37044410e-01
70 6 4.71238898e+00 2.30865180e-01
71 6 4.71238898e+00 2.32732474e-01
72 6 4.71238898e+00 2.30555239e-01
73 6 4.71238898e+00 2.37996115e-01
74 6 4.71238898e+00 2.34515811e-01
75 6 4.71238898e+00 2.32564221e-01
76 6 4.71238898e+00 2.33019309e-01
77 6 4.71238898e+00 2.32161460e-01
78 6 4.71238898e+00 2.35256082e-01
79 6 4.71238898e+00 2.35792883e-01
80 6 4.71238898e+00 2.33470807e-01
81 6 4.71238898e+00 2.29241885e-01
82 6 4.71238898e+00 2.29719856e-01
83 6 4.71238898e+00 2.29528538e-01
84 6 4.71238898e+00 2.29211505e-01
85 6 4.71238898e+00 2.33709749e-01
86 6 4.71238898e+00 2.35473950e-01
87 6 4.71238898e+00 2.32512836e-01
88 6 4.71238898e+00 2.31819162e-01
89 6 4.71238898e+00 2.31428604e-01
90 6 4.71238898e+00 2.35740387e-01
91 6 4.71238898e+00 2.33946070e-01
92 6 4.71238898e+00 2.33842969e-01
93 6 4.71238898e+00 2.35138166e-01
94 6 4.71238898e+00 2.34301030e-01
95 6 4.71238898e+00 2.35101807e-01
96 6 4.71238898e+00 2.36022941e-01
97 6 4.71238898e+00 2.32155420e-01
98 6 4.71238898e+00 2.33999175e-01
99 6 4.71238898e+00 2.31746981e-01
100 6 4.71238898e+00 2.27156484e-01
101 6 4.71238898e+00 2.32699267e-01
102 6 4.71238898e+00 2.36512469e-01
103 6 4.71238898e+00 2.28976021e-01
104 6 4.71238898e+00 2.30903316e-01
105 6 4.71238898e+00 2.34817119e-01
106 6 4.71238898e+00 2.27300672e-01
107 6 4.71238898e+00 2.38346722e-01
108 6 4.71238898e+00 2.34051477e-01
109 6 4.71238898e+00 2.32194768e-01
110 6 4.71238898e+00 2.31490605e-01
111 6 4.71238898e+00 2.29606428e-01
112 6 4.71238898e+00 2.33450166e-01
113 6 4.71238898e+00 2.33658265e-01
114 6 4.71238898e+00 2.33249990e-01
115 6 4.71238898e+00 2.29874414e-01
116 6 4.71238898e+00 2.33396942e-01
117 6 4.71238898e+00 2.33520857e-01
118 6 4.71238898e+00 2.32155756e-01
119 6 4.71238898e+00 2.34590631e-01
120 6 4.71238898e+00 2.27737881e-01
121 6 4.71238898e+00 2.31826963e-01
122 6 4.71238898e+00 2.25233140e-01
123 6 4.71238898e+00 2.31002388e-01
124 6 4.71238898e+00 2.31553150e-01
125 6 4.71238898e+00 2.26921057e-01
126 6 4.71238898e+00 2.35941347e-01
127 6 4.71238898e+00 2.33882658e-01
128 6 4.71238898e+00 2.34728014e-01
129 6 4.71238898e+00 2.28198792e-01
130 6 4.71238898e+00 2.32433516e-01
131 6 4.71238898e+00 2.29984160e-01
132 6 4.71238898e+00 2.33447890e-01
133 6 4.71238898e+00 2.29649396e-01
134 6 4.71238898e+00 2.33309604e-01
135 6 4.71238898e+00 2.33315023e-01
136 6 4.71238898e+00 2.28781146e-01
137 6 4.71238898e+00 2.29184166e-01
138 6 4.71238898e+00 2.33597166e-01
139 6 4.71238898e+00 2.29228077e-01
140 6 4.71238898e+00 2.33744145e-01
141 6 4.71238898e+00 2.30009481e-01
142 6 4.71238898e+00 2.26935036e-01
143 6 4.71238898e+00 2.30120017e-01
144 6 4.71238898e+00 2.28197448e-01
145 6 4.71238898e+00 2.37785501e-01
146 6 4.71238898e+00 2.30962941e-01
147 6 4.71238898e+00 2.31523855e-01
148 6 4.71238898e+00 2.33545729e-01
149 6 4.71238898e+00 2.33063842e-01
150 6 4.71238898e+00 2.27699599e-01
151 6 4.71238898e+00 2.32413382e-01
152 6 4.71238898e+00 2.29897714e-01
153 6 4.71238898e+00 2.31134512e-01
154 6 4.71238898e+00 2.32343178e-01
155 6 4.71238898e+00 2.33535851e-01
156 6 4.71238898e+00 2.35672361e-01
157 6 4.71238898e+00 2.30897115e-01
158 6 4.71238898e+00 2.35880177e-01
159 6 4.71238898e+00 2.30279928e-01
160 6 4.71238898e+00 2.26433712e-01
161 6 4.71238898e+00 2.31366945e-01
162 6 4.71238898e+00 2.31843775e-01
163 6 4.71238898e+00 2.32714149e-01
164 6 4.71238898e+00 2.32625975e-01
165 6 4.71238898e+00 2.31407719e-01
166 6 4.71238898e+00 2.35807888e-01
167 6 4.71238898e+00 2.34890342e-01
168 6 4.71238898e+00 2.33193435e-01
169 6 4.71238898e+00 2.32900135e-01
170 6 4.71238898e+00 2.33365515e-01
171 6 4.71238898e+00 2.29715564e-01
172 6 4.71238898e+00 2.35888740e-01
173 6 4.71238898e+00 2.33473846e-01
174 6 4.71238898e+00 2.34210805e-01
175 6 4.71238898e+00 2.32504834e-01
176 6 4.71238898e+00 2.33993653e-01
177 6 4.71238898e+00 2.32286956e-01
178 6 4.71238898e+00 2.32814244e-01
179 6 4.71238898e+00 2.35478164e-01
180 6 4.71238898e+00 2.31775059e-01
181 6 4.71238898e+00 2.34517187e-01
182 6 4.71238898e+00 2.32462023e-01
183 6 4.71238898e+00 2.31737744e-01
184 6 4.71238898e+00 2.31682052e-01
185 6 4.71238898e+00 2.30301494e-01
186 6 4.71238898e+00 2.30883429e-01
187 6 4.71238898e+00 2.35552607e-01
188 6 4.71238898e+00 2.30668210e-01
189 6 4.71238898e+00 2.28509167e-01
190 6 4.71238898e+00 2.31797806e-01
191 6 4.71238898e+00 2.38336453e-01
192 6 4.71238898e+00 2.33711493e-01
193 6 4.71238898e+00 2.34700994e-01
194 6 4.71238898e+00 2.28844220e-01
195 6 4.71238898e+00 2.33813241e-01
196 6 4.71238898e+00 2.32129736e-01
197 6 4.71238898e+00 2.30594634e-01
198 6 4.71238898e+00 2.29779265e-01
199 6 4.71238898e+00 2.31961756e-01
200 6 4.71238898e+00 2.32671091e-01
201 6 4.71238898e+00 2.34188169e-01
202 6 4.71238898e+00 2.29961987e-01
203 6 4.71238898e+00 2.30600350e-01
204 6 4.71238898e+00 2.31940774e-01
205 6 4.71238898e+00 2.34321745e-01
206 6 4.71238898e+00 2.30502978e-01
207 6 4.71238898e+00 2.32711751e-01
208 6 4.71238898e+00 2.32595493e-01
209 6 4.71238898e+00 2.33839822e-01
210 6 4.71238898e+00 2.23786513e-01
211 6 4.71238898e+00 2.29993295e-01
212 6 4.71238898e+00 2.29655578e-01
213 6 4.71238898e+00 2.31194949e-01
214 6 4.71238898e+00 2.28764852e-01
215 6 4.71238898e+00 2.29942647e-01
216 6 4.71238898e+00 2.34894845e-01
217 6 4.71238898e+00 2.38231951e-01
218 6 4.71238898e+00 2.36573491e-01
219 6 4.71238898e+00 2.33860392e-01
220 6 4.71238898e+00 2.34893938e-01
221 6 4.71238898e+00 2.33353502e-01
222 6 4.71238898e+00 2.29673322e-01
223 6 4.71238898e+00 2.31535695e-01
224 6 4.71238898e+00 2.32066913e-01
225 6 4.71238898e+00 2.33341940e-01
226 6 4.71238898e+00 2.31646367e-01
227 6 4.71238898e+00 2.31345946e-01
228 6 4.71238898e+00 2.31970701e-01
229 6 4.71238898e+00 2.31415964e-01
230 6 4.71238898e+00 2.29114673e-01
231 6 4.71238898e+00 2.31449296e-01
232 6 4.71238898e+00 2.34762811e-01
233 6 4.71238898e+00 2.30502925e-01
234 6 4.71238898e+00 2.35183341e-01
235 6 4.71238898e+00 2.32777722e-01
236 6 4.71238898e+00 2.31711672e-01
237 6 4.71238898e+00 2.38135123e-01
238 6 4.71238898e+00 2.33455244e-01
239 6 4.71238898e+00 2.31401644e-01
240 6 4.71238898e+00 2.33956853e-01
241 6 4.71238898e+00 2.33892431e-01
242 6 4.71238898e+00 2.31097442e-01
243 6 4.71238898e+00 2.31218136e-01
244 6 4.71238898e+00 2.25903996e-01
245 6 4.71238898e+00 2.27960459e-01
246 6 4.71238898e+00 2.32305502e-01
247 6 4.71238898e+00 2.37807906e-01
248 6 4.71238898e+00 2.28455085e-01
249 6 4.71238898e+00 2.29433552e-01
250 6 4.71238898e+00 2.32585416e-01
251 6 4.71238898e+00 2.29470728e-01
252 6 4.71238898e+00 2.29902868e-01
253 6 4.71238898e+00 2.32941010e-01
254 6 4.71238898e+00 2.33208503e-01
255 6 4.71238898e+00 2.25401407e-01
256 6 4.71238898e+00 2.32060594e-01
257 6 4.71238898e+00 2.30923947e-01
258 6 4.71238898e+00 2.30617503e-01
259 6 4.71238898e+00 2.32760607e-01
260 6 4.71238898e+00 2.31885189e-01
261 6 4.71238898e+00 2.31753064e-01
262 6 4.71238898e+00 2.28377640e-01
263 6 4.71238898e+00 2.24440976e-01
264 6 4.71238898e+00 2.29261031e-01
265 6 4.71238898e+00 2.33002974e-01
266 6 4.71238898e+00 2.28331400e-01
267 6 4.71238898e+00 2.32667354e-01
268 6 4.71238898e+00 2.26661208e-01
269 6 4.71238898e+00 2.33239295e-01
270 6 4.71238898e+00 2.29179463e-01
271 6 4.71238898e+00 2.35912887e-01
272 6 4.71238898e+00 2.31726036e-01
273 6 4.71238898e+00 2.34375995e-01
274 6 4.71238898e+00 2.30366788e-01
275 6 4.71238898e+00 2.31279992e-01
276 6 4.71238898e+00 2.34845111e-01
277 6 4.71238898e+00 2.29672305e-01
278 6 4.71238898e+00 2.35403507e-01
279 6 4.71238898e+00 2.32956021e-01
280 6 4.71238898e+00 2.31900864e-01
281 6 4.71238898e+00 2.29144676e-01
282 6 4.71238898e+00 2.35196439e-01
283 6 4.71238898e+00 2.33581938e-01
284 6 4.71238898e+00 2.25713403e-01
285 6 4.71238898e+00 2.27726686e-01
286 6 4.71238898e+00 2.27968585e-01
287 6 4.71238898e+00 2.29655431e-01
288 6 4.71238898e+00 2.38050293e-01
289 6 4.71238898e+00 2.30455603e-01
290 6 4.71238898e+00 2.35545954e-01
291 6 4.71238898e+00 2.30759092e-01
292 6 4.71238898e+00 2.30251956e-01
293 6 4.71238898e+00 2.36460927e-01
294 6 4.71238898e+00 2.31601807e-01
295 6 4.71238898e+00 2.33998131e-01
296 6 4.71238898e+00 2.33296650e-01
297 6 4.71238898e+00 2.32388555e-01
298 6 4.71238898e+00 2.31105119e-01
299 6 4.71238898e+00 2.28934709e-01
300 6 4.71238898e+00 2.34906845e-01
301 6 4.71238898e+00 2.29998523e-01
302 6 4.71238898e+00 2.27786229e-01
303 6 4.71238898e+00 2.28181456e-01
304 6 4.71238898e+00 2.32332761e-01
305 6 4.71238898e+00 2.32897899e-01
306 6 4.71238898e+00 2.25608786e-01
307 6 4.71238898e+00 2.33542525e-01
308 6 4.71238898e+00 2.31851433e-01
309 6 4.71238898e+00 2.35790073e-01
310 6 4.71238898e+00 2.28025864e-01
311 6 4.71238898e+00 2.26776846e-01
312 6 4.71238898e+00 2.37510273e-01
313 6 4.71238898e+00 2.29317150e-01
314 6 4.71238898e+00 2.32032004e-01
315 6 4.71238898e+00 2.28590566e-01
316 6 4.71238898e+00 2.29862475e-01
317 6 4.71238898e+00 2.31028503e-01
318 6 4.71238898e+00 2.24247379e-01
319 6 4.71238898e+00 2.33827162e-01
320 6 4.71238898e+00 2.31805126e-01
321 6 4.71238898e+00 2.33618920e-01
322 6 4.71238898e+00 2.34417486e-01
323 6 4.71238898e+00 2.32742822e-01
324 6 4.71238898e+00 2.33084332e-01
325 6 4.71238898e+00 2.35325036e-01
326 6 4.71238898e+00 2.32249182e-01
327 6 4.71238898e+00 2.33620785e-01
328 6 4.71238898e+00 2.31991494e-01
329 6 4.71238898e+00 2.33094376e-01
330 6 4.71238898e+00 2.29810320e-01
331 6 4.71238898e+00 2.35113903e-01
332 6 4.71238898e+00 2.36909187e-01
333 6 4.71238898e+00 2.27010060e-01
334 6 4.71238898e+00 2.32288746e-01
335 6 4.71238898e+00 2.36807216e-01
336 6 4.71238898e+00 2.30379608e-01
337 6 4.71238898e+00 2.34818928e-01
338 6 4.71238898e+00 2.32237401e-01
339 6 4.71238898e+00 2.28853254e-01
340 6 4.71238898e+00 2.32084538e-01
341 6 4.71238898e+00 2.26789512e-01
342 6 4.71238898e+00 2.29888452e-01
343 6 4.71238898e+00 2.35392148e-01
344 6 4.71238898e+00 2.29774148e-01
345 6 4.71238898e+00 2.33317535e-01
346 6 4.71238898e+00 2.27565193e-01
347 6 4.71238898e+00 2.28836570e-01
348 6 4.71238898e+00 2.31257973e-01
349 6 4.71238898e+00 2.33302843e-01
350 6 4.71238898e+00 2.31440434e-01
351 6 4.71238898e+00 2.33562246e-01
352 6 4.71238898e+00 2.34460728e-01
353 6 4.71238898e+00 2.31653573e-01
354 6 4.71238898e+00 2.33435804e-01
355 6 4.71238898e+00 2.32975239e-01
356 6 4.71238898e+00 2.33946627e-01
357 6 4.71238898e+00 2.34694654e-01
358 6 4.71238898e+00 2.30286070e-01
359 6 4.71238898e+00 2.30609325e-01
360 6 4.71238898e+00 2.37471795e-01
361 6 4.71238898e+00 2.32609855e-01
362 6 4.71238898e+00 2.29538597e-01
363 6 4.71238898e+00 2.36475176e-01
364 6 4.71238898e+00 2.30606044e-01
365 6 4.71238898e+00 2.29805377e-01
366 6 4.71238898e+00 2.37962555e-01
367 6 4.71238898e+00 2.32044836e-01
368 6 4.71238898e+00 2.24895913e-01
369 6 4.71238898e+00 2.33249779e-01
370 6 4.71238898e+00 2.32099019e-01
371 6 4.71238898e+00 2.27263970e-01
372 6 4.71238898e+00 2.32740764e-01
373 6 4.71238898e+00 2.27839460e-01
374 6 4.71238898e+00 2.25181167e-01
375 6 4.71238898e+00 2.27912994e-01
376 6 4.71238898e+00 2.29991961e-01
377 6 4.71238898e+00 2.32543017e-01
378 6 4.71238898e+00 2.32455061e-01
379 6 4.71238898e+00 2.38053788e-01
380 6 4.71238898e+00 2.32625038e-01
381 6 4.71238898e+00 2.31294705e-01
382 6 4.71238898e+00 2.30125172e-01
383 6 4.71238898e+00 2.34418607e-01
384 6 4.71238898e+00 2.35510366e-01
385 6 4.71238898e+00 2.32182624e-01
386 6 4.71238898e+00 2.29119566e-01
387 6 4.71238898e+00 2.27365456e-01
388 6 4.71238898e+00 2.32584866e-01
389 6 4.71238898e+00 2.32703289e-01
390 6 4.71238898e+00 2.32754600e-01
391 6 4.71238898e+00 2.28729532e-01
392 6 4.71238898e+00 2.30720785e-01
393 6 4.71238898e+00 2.31904703e-01
394 6 4.71238898e+00 2.32776767e-01
395 6 4.71238898e+00 2.30502616e-01
396 6 4.71238898e+00 2.23852944e-01
397 6 4.71238898e+00 2.31697279e-01
398 6 4.71238898e+00 2.30856668e-01
399 6 4.71238898e+00 2.31489848e-01
400 6 4.71238898e+00 2.30888375e-01
401 6 4.71238898e+00 2.26118932e-01
402 6 4.71238898e+00 2.33489093e-01
403 6 4.71238898e+00 2.36635546e-01
404 6 4.71238898e+00 2.30245188e-01
405 6 4.71238898e+00 2.30714763e-01
406 6 4.71238898e+00 2.33593257e-01
407 6 4.71238898e+00 2.28377220e-01
408 6 4.71238898e+00 2.30185666e-01
409 6 4.71238898e+00 2.32381291e-01
410 6 4.71238898e+00 2.33029829e-01
411 6 4.71238898e+00 2.32456678e-01
412 6 4.71238898e+00 2.37011588e-01
413 6 4.71238898e+00 2.30690979e-01
414 6 4.71238898e+00 2.31658174e-01
415 6 4.71238898e+00 2.30815026e-01
416 6 4.71238898e+00 2.32287817e-01
417 6 4.71238898e+00 2.27319429e-01
418 6 4.71238898e+00 2.32965098e-01
419 6 4.71238898e+00 2.30673478e-01
420 6 4.71238898e+00 2.34038943e-01
421 6 4.71238898e+00 2.31292062e-01
422 6 4.71238898e+00 2.34456913e-01
423 6 4.71238898e+00 2.31693368e-01
424 6 4.71238898e+00 2.28612571e-01
425 6 4.71238898e+00 2.33731217e-01
426 6 4.71238898e+00 2.33137471e-01
427 6 4.71238898e+00 2.28487774e-01
428 6 4.71238898e+00 2.32556762e-01
429 6 4.71238898e+00 2.36210552e-01
430 6 4.71238898e+00 2.34417034e-01
431 6 4.71238898e+00 2.31095722e-01
432 6 4.71238898e+00 2.31155848e-01
433 6 4.71238898e+00 2.27550434e-01
434 6 4.71238898e+00 2.29977662e-01
435 6 4.71238898e+00 2.33531572e-01
436 6 4.71238898e+00 2.26719426e-01
437 6 4.71238898e+00 2.27789666e-01
438 6 4.71238898e+00 2.34074427e-01
439 6 4.71238898e+00 2.32842390e-01
440 6 4.71238898e+00 2.29873411e-01
441 6 4.71238898e+00 2.32292531e-01
442 6 4.71238898e+00 2.31473666e-01
443 6 4.71238898e+00 2.29137909e-01
444 6 4.71238898e+00 2.31651055e-01
445 6 4.71238898e+00 2.33089975e-01
446 6 4.71238898e+00 2.33200302e-01
447 6 4.71238898e+00 2.31760582e-01
448 6 4.71238898e+00 2.34446981e-01
449 6 4.71238898e+00 2.38974617e-01
450 6 4.71238898e+00 2.36278140e-01
451 6 4.71238898e+00 2.34034422e-01
452 6 4.71238898e+00 2.33243853e-01
453 6 4.71238898e+00 2.31080236e-01
454 6 4.71238898e+00 2.33534058e-01
455 6 4.71238898e+00 2.34229267e-01
456 6 4.71238898e+00 2.34342386e-01
457 6 4.71238898e+00 2.29436020e-01
458 6 4.71238898e+00 2.36227643e-01
459 6 4.71238898e+00 2.29056468e-01
460 6 4.71238898e+00 2.31975473e-01
461 6 4.71238898e+00 2.33125165e-01
462 6 4.71238898e+00 2.32803894e-01
463 6 4.71238898e+00 2.31890889e-01
464 6 4.71238898e+00 2.29091669e-01
465 6 4.71238898e+00 2.36988617e-01
466 6 4.71238898e+00 2.32878148e-01
467 6 4.71238898e+00 2.29659306e-01
468 6 4.71238898e+00 2.29251867e-01
469 6 4.71238898e+00 2.30220226e-01
470 6 4.71238898e+00 2.34411582e-01
471 6 4.71238898e+00 2.27471380e-01
472 6 4.71238898e+00 2.33241442e-01
473 6 4.71238898e+00 2.38591812e-01
474 6 4.71238898e+00 2.33301613e-01
475 6 4.71238898e+00 2.32062744e-01
476 6 4.71238898e+00 2.34099360e-01
477 6 4.71238898e+00 2.35606040e-01
478 6 4.71238898e+00 2.40581025e-01
479 6 4.71238898e+00 2.32194728e-01
480 6 4.71238898e+00 2.34943600e-01
481 6 4.71238898e+00 2.33656300e-01
482 6 4.71238898e+00 2.29989750e-01
483 6 4.71238898e+00 2.34540682e-01
484 6 4.71238898e+00 2.29311045e-01
485 6 4.71238898e+00 2.30727356e-01
486 6 4.71238898e+00 2.31108170e-01
487 6 4.71238898e+00 2.34802302e-01
488 6 4.71238898e+00 2.30318179e-01
489 6 4.71238898e+00 2.34216158e-01
490 6 4.71238898e+00 2.33191768e-01
491 6 4.71238898e+00 2.35391003e-01
492 6 4.71238898e+00 2.33380583e-01
493 6 4.71238898e+00 2.34008151e-01
494 6 4.71238898e+00 2.30536308e-01
495 6 4.71238898e+00 2.29344606e-01
496 6 4.71238898e+00 2.31215473e-01
497 6 4.71238898e+00 2.27359031e-01
498 6 4.71238898e+00 2.33007952e-01
499 6 4.71238898e+00 2.33835190e-01
500 6 4.71238898e+00 2.29326871e-01
501 6 4.71238898e+00 2.33063962e-01
502 6 4.71238898e+00 2.31259663e-01
503 6 4.71238898e+00 2.37000425e-01
504 6 4.71238898e+00 2.33389781e-01
505 6 4.71238898e+00 2.35924661e-01
506 6 4.71238898e+00 2.34788651e-01
507 6 4.71238898e+00 2.27349302e-01
508 6 4.71238898e+00 2.32968833e-01
509 6 4.71238898e+00 2.32746437e-01
510 6 4.71238898e+00 2.28539681e-01
511 6 4.71238898e+00 2.36163219e-01
512 6 4.71238898e+00 2.33249541e-01
513 6 4.71238898e+00 2.31814024e-01
514 6 4.71238898e+00 2.34456646e-01
515 6 4.71238898e+00 2.36813178e-01
516 6 4.71238898e+00 2.28227804e-01
517 6 4.71238898e+00 2.33171400e-01
518 6 4.71238898e+00 2.32476404e-01
519 6 4.71238898e+00 2.32490873e-01
520 6 4.71238898e+00 2.36245057e-01
521 6 4.71238898e+00 2.32754041e-01
522 6 4.71238898e+00 2.30505832e-01
523 6 4.71238898e+00 2.29561457e-01
524 6 4.71238898e+00 2.31729296e-01
525 6 4.71238898e+00 2.36453696e-01
526 6 4.71238898e+00 2.30543528e-01
527 6 4.71238898e+00 2.36909318e-01
528 6 4.71238898e+00 2.32091575e-01
529 6 4.71238898e+00 2.29218944e-01
530 6 4.71238898e+00 2.41022627e-01
531 6 4.71238898e+00 2.26686464e-01
532 6 4.71238898e+00 2.30097162e-01
533 6 4.71238898e+00 2.31920966e-01
534 6 4.71238898e+00 2.31200522e-01
535 6 4.71238898e+00 2.31634234e-01
536 6 4.71238898e+00 2.29991824e-01
537 6 4.71238898e+00 2.31602084e-01
538 6 4.71238898e+00 2.32370894e-01
539 6 4.71238898e+00 2.30682368e-01
540 6 4.71238898e+00 2.29776423e-01
541 6 4.71238898e+00 2.34722656e-01
542 6 4.71238898e+00 2.36708206e-01
543 6 4.71238898e+00 2.29387139e-01
544 6 4.71238898e+00 2.33505584e-01
545 6 4.71238898e+00 2.33997074e-01
546 6 4.71238898e+00 2.34774213e-01
547 6 4.71238898e+00 2.27643337e-01
548 6 4.71238898e+00 2.29881489e-01
549 6 4.71238898e+00 2.34693450e-01
550 6 4.71238898e+00 2.32428585e-01
551 6 4.71238898e+00 2.35717797e-01
552 6 4.71238898e+00 2.33075049e-01
553 6 4.71238898e+00 2.34157224e-01
554 6 4.71238898e+00 2.33822943e-01
555 6 4.71238898e+00 2.32587889e-01
556 6 4.71238898e+00 2.35612200e-01
557 6 4.71238898e+00 2.33281718e-01
558 6 4.71238898e+00 2.35174444e-01
559 6 4.71238898e+00 2.30015067e-01
560 6 4.71238898e+00 2.28232014e-01
561 6 4.71238898e+00 2.26766008e-01
562 6 4.71238898e+00 2.26051601e-01
563 6 4.71238898e+00 2.29505368e-01
564 6 4.71238898e+00 2.31921026e-01
565 6 4.71238898e+00 2.36583494e-01
566 6 4.71238898e+00 2.32748897e-01
567 6 4.71238898e+00 2.37790076e-01
568 6 4.71238898e+00 2.33918669e-01
569 6 4.71238898e+00 2.32424308e-01
570 6 4.71238898e+00 2.33483476e-01
571 6 4.71238898e+00 2.35380059e-01
572 6 4.71238898e+00 2.29822176e-01
573 6 4.71238898e+00 2.29828395e-01
574 6 4.71238898e+00 2.31412854e-01
575 6 4.71238898e+00 2.29531349e-01
576 6 4.71238898e+00 2.31956670e-01
577 6 4.71238898e+00 2.30975168e-01
578 6 4.71238898e+00 2.34673826e-01
579 6 4.71238898e+00 2.31947883e-01
580 6 4.71238898e+00 2.28031060e-01
581 6 4.71238898e+00 2.34998022e-01
582 6 4.71238898e+00 2.36465244e-01
583 6 4.71238898e+00 2.30823892e-01
584 6 4.71238898e+00 2.31034914e-01
585 6 4.71238898e+00 2.31354585e-01
586 6 4.71238898e+00 2.33425241e-01
587 6 4.71238898e+00 2.30760738e-01
588 6 4.71238898e+00 2.31720396e-01
589 6 4.71238898e+00 2.27698241e-01
590 6 4.71238898e+00 2.36959309e-01
591 6 4.71238898e+00 2.36159007e-01
592 6 4.71238898e+00 2.35726473e-01
593 6 4.71238898e+00 2.35879878e-01
594 6 4.71238898e+00 2.31562790e-01
595 6 4.71238898e+00 2.27947813e-01
596 6 4.71238898e+00 2.33304245e-01
597 6 4.71238898e+00 2.32894128e-01
598 6 4.71238898e+00 2.32831643e-01
599 6 4.71238898e+00 2.31462314e-01
600 6 4.71238898e+00 2.38047326e-01
601 6 4.71238898e+00 2.28611967e-01
602 6 4.71238898e+00 2.34340930e-01
603 6 4.71238898e+00 2.25695642e-01
604 6 4.71238898e+00 2.31695434e-01
605 6 4.71238898e+00 2.28782766e-01
606 6 4.71238898e+00 2.34081222e-01
607 6 4.71238898e+00 2.33456143e-01
608 6 4.71238898e+00 2.34339314e-01
609 6 4.71238898e+00 2.29702152e-01
610 6 4.71238898e+00 2.34271266e-01
611 6 4.71238898e+00 2.28593200e-01
612 6 4.71238898e+00 2.31814919e-01
613 6 4.71238898e+00 2.28285115e-01
614 6 4.71238898e+00 2.33756975e-01
615 6 4.71238898e+00 2.31546085e-01
616 6 4.71238898e+00 2.32320733e-01
617 6 4.71238898e+00 2.33140539e-01
618 6 4.71238898e+00 2.31052850e-01
619 6 4.71238898e+00 2.34703770e-01
620 6 4.71238898e+00 2.35732822e-01
621 6 4.71238898e+00 2.37255483e-01
622 6 4.71238898e+00 2.33464444e-01
623 6 4.71238898e+00 2.32580166e-01
624 6 4.71238898e+00 2.29629019e-01
625 6 4.71238898e+00 2.33834782e-01
626 6 4.71238898e+00 2.34187491e-01
627 6 4.71238898e+00 2.31303279e-01
628 6 4.71238898e+00 2.32393704e-01
629 6 4.71238898e+00 2.29265363e-01
630 6 4.71238898e+00 2.32654915e-01
631 6 4.71238898e+00 2.35826024e-01
632 6 4.71238898e+00 2.32610516e-01
633 6 4.71238898e+00 2.30834524e-01
634 6 4.71238898e+00 2.27200497e-01
635 6 4.71238898e+00 2.30708455e-01
636 6 4.71238898e+00 2.31632650e-01
637 6 4.71238898e+00 2.34016299e-01
638 6 4.71238898e+00 2.28603987e-01
639 6 4.71238898e+00 2.28939586e-01
640 6 4.71238898e+00 2.35721238e-01
641 6 4.71238898e+00 2.36762680e-01
642 6 4.71238898e+00 2.31316306e-01
643 6 4.71238898e+00 2.30053243e-01
644 6 4.71238898e+00 2.33328334e-01
645 6 4.71238898e+00 2.30787634e-01
646 6 4.71238898e+00 2.31646493e-01
647 6 4.71238898e+00 2.35802484e-01
648 6 4.71238898e+00 2.32764235e-01
649 6 4.71238898e+00 2.32003299e-01
650 6 4.71238898e+00 2.36259682e-01
651 6 4.71238898e+00 2.35414012e-01
652 6 4.71238898e+00 2.31822036e-01
653 6 4.71238898e+00 2.32841583e-01
654 6 4.71238898e+00 2.32083487e-01
655 6 4.71238898e+00 2.35640927e-01
656 6 4.71238898e+00 2.33377294e-01
657 6 4.71238898e+00 2.29909439e-01
658 6 4.71238898e+00 2.31903123e-01
659 6 4.71238898e+00 2.34532175e-01
660 6 4.71238898e+00 2.33082631e-01
661 6 4.71238898e+00 2.34029482e-01
662 6 4.71238898e+00 2.36652914e-01
663 6 4.71238898e+00 2.33312835e-01
664 6 4.71238898e+00 2.33604616e-01
665 6 4.71238898e+00 2.29961962e-01
666 6 4.71238898e+00 2.37973002e-01
667 6 4.71238898e+00 2.30672038e-01
668 6 4.71238898e+00 2.37219710e-01
669 6 4.71238898e+00 2.33668700e-01
670 6 4.71238898e+00 2.32118521e-01
671 6 4.71238898e+00 2.29603133e-01
672 6 4.71238898e+00 2.32477365e-01
673 6 4.71238898e+00 2.35739131e-01
674 6 4.71238898e+00 2.33520858e-01
675 6 4.71238898e+00 2.26609818e-01
676 6 4.71238898e+00 2.32599850e-01
677 6 4.71238898e+00 2.35526067e-01
678 6 4.71238898e+00 2.33314489e-01
679 6 4.71238898e+00 2.31755648e-01
680 6 4.71238898e+00 2.32887449e-01
681 6 4.71238898e+00 2.31008127e-01
682 6 4.71238898e+00 2.28802675e-01
683 6 4.71238898e+00 2.31826653e-01
684 6 4.71238898e+00 2.30266569e-01
685 6 4.71238898e+00 2.29334416e-01
686 6 4.71238898e+00 2.30708642e-01
687 6 4.71238898e+00 2.29736579e-01
688 6 4.71238898e+00 2.32307250e-01
689 6 4.71238898e+00 2.33957349e-01
690 6 4.71238898e+00 2.29873095e-01
691 6 4.71238898e+00 2.30268951e-01
692 6 4.71238898e+00 2.34614705e-01
693 6 4.71238898e+00 2.29112380e-01
694 6 4.71238898e+00 2.28352493e-01
695 6 4.71238898e+00 2.29621465e-01
696 6 4.71238898e+00 2.34368560e-01
697 6 4.71238898e+00 2.32802958e-01
698 6 4.71238898e+00 2.32433628e-01
699 6 4.71238898e+00 2.34439964e-01
700 6 4.71238898e+00 2.34919517e-01
701 6 4.71238898e+00 2.30035752e-01
702 6 4.71238898e+00 2.34712841e-01
703 6 4.71238898e+00 2.28093607e-01
704 6 4.71238898e+00 2.35125325e-01
705 6 4.71238898e+00 2.29583104e-01
706 6 4.71238898e+00 2.30447372e-01
707 6 4.71238898e+00 2.31444170e-01
708 6 4.71238898e+00 2.31209699e-01
709 6 4.71238898e+00 2.33142411e-01
710 6 4.71238898e+00 2.30184248e-01
711 6 4.71238898e+00 2.31974743e-01
712 6 4.71238898e+00 2.31196233e-01
713 6 4.71238898e+00 2.31767227e-01
714 6 4.71238898e+00 2.30551024e-01
715 6 4.71238898e+00 2.32007166e-01
716 6 4.71238898e+00 2.30935255e-01
717 6 4.71238898e+00 2.35588980e-01
718 6 4.71238898e+00 2.32157267e-01
719 6 4.71238898e+00 2.30887629e-01
720 6 4.71238898e+00 2.35077643e-01
721 6 4.71238898e+00 2.32874326e-01
722 6 4.71238898e+00 2.33723031e-01
723 6 4.71238898e+00 2.35762640e-01
724 6 4.71238898e+00 2.26684566e-01
725 6 4.71238898e+00 2.32570326e-01
726 6 4.71238898e+00 2.26685076e-01
727 6 4.71238898e+00 2.35614538e-01
728 6 4.71238898e+00 2.35123352e-01
729 6 4.71238898e+00 2.33197746e-01
730 6 4.71238898e+00 2.27414893e-01
731 6 4.71238898e+00 2.27705998e-01
732 6 4.71238898e+00 2.31207078e-01
733 6 4.71238898e+00 2.29635781e-01
734 6 4.71238898e+00 2.35378394e-01
735 6 4.71238898e+00 2.32417421e-01
736 6 4.71238898e+00 2.29006607e-01
737 6 4.71238898e+00 2.30489361e-01
738 6 4.71238898e+00 2.32370098e-01
739 6 4.71238898e+00 2.32812766e-01
740 6 4.71238898e+00 2.30798419e-01
741 6 4.71238898e+00 2.29292237e-01
742 6 4.71238898e+00 2.29418721e-01
743 6 4.71238898e+00 2.30642000e-01
744 6 4.71238898e+00 2.24491983e-01
745 6 4.71238898e+00 2.32148544e-01
746 6 4.71238898e+00 2.30616788e-01
747 6 4.71238898e+00 2.35526984e-01
748 6 4.71238898e+00 2.36684701e-01
749 6 4.71238898e+00 2.35128842e-01
750 6 4.71238898e+00 2.32452850e-01
751 6 4.71238898e+00 2.33517667e-01
752 6 4.71238898e+00 2.29139495e-01
753 6 4.71238898e+00 2.34469334e-01
754 6 4.71238898e+00 2.35808580e-01
755 6 4.71238898e+00 2.30254215e-01
756 6 4.71238898e+00 2.32448929e-01
757 6 4.71238898e+00 2.33511276e-01
758 6 4.71238898e+00 2.32433644e-01
759 6 4.71238898e+00 2.33958533e-01
760 6 4.71238898e+00 2.33617657e-01
761 6 4.71238898e+00 2.35181453e-01
762 6 4.71238898e+00 2.28491385e-01
763 6 4.71238898e+00 2.31889740e-01
764 6 4.71238898e+00 2.34672512e-01
765 6 4.71238898e+00 2.28704953e-01
766 6 4.71238898e+00 2.34997084e-01
767 6 4.71238898e+00 2.34544890e-01
768 6 4.71238898e+00 2.35447724e-01
769 6 4.71238898e+00 2.31873396e-01
770 6 4.71238898e+00 2.33732983e-01
771 6 4.71238898e+00 2.32588990e-01
772 6 4.71238898e+00 2.32021345e-01
773 6 4.71238898e+00 2.33775043e-01
774 6 4.71238898e+00 2.32673197e-01
775 6 4.71238898e+00 2.30176378e-01
776 6 4.71238898e+00 2.33343260e-01
777 6 4.71238898e+00 2.30386724e-01
778 6 4.71238898e+00 2.30191213e-01
779 6 4.71238898e+00 2.28722264e-01
780 6 4.71238898e+00 2.26750810e-01
781 6 4.71238898e+00 2.35488459e-01
782 6 4.71238898e+00 2.35462308e-01
783 6 4.71238898e+00 2.32799186e-01
784 6 4.71238898e+00 2.32588113e-01
785 6 4.71238898e+00 2.33884384e-01
786 6 4.71238898e+00 2.29521653e-01
787 6 4.71238898e+00 2.34079425e-01
788 6 4.71238898e+00 2.32841156e-01
789 6 4.71238898e+00 2.26533363e-01
790 6 4.71238898e+00 2.32849831e-01
791 6 4.71238898e+00 2.26154921e-01
792 6 4.71238898e+00 2.29454698e-01
793 6 4.71238898e+00 2.29244571e-01
794 6 4.71238898e+00 2.30327839e-01
795 6 4.71238898e+00 2.36104717e-01
796 6 4.71238898e+00 2.34175526e-01
797 6 4.71238898e+00 2.31745423e-01
798 6 4.71238898e+00 2.32734236e-01
799 6 4.71238898e+00 2.29796734e-01
800 6 4.71238898e+00 2.33051004e-01
801 6 4.71238898e+00 2.33862723e-01
802 6 4.71238898e+00 2.29319144e-01
803 6 4.71238898e+00 2.35986682e-01
804 6 4.71238898e+00 2.33934832e-01
805 6 4.71238898e+00 2.34592465e-01
806 6 4.71238898e+00 2.32597901e-01
807 6 4.71238898e+00 2.29630587e-01
808 6 4.71238898e+00 2.30978693e-01
809 6 4.71238898e+00 2.32416422e-01
810 6 4.71238898e+00 2.31908787e-01
811 6 4.71238898e+00 2.30640738e-01
812 6 4.71238898e+00 2.31328962e-01
813 6 4.71238898e+00 2.28685206e-01
814 6 4.71238898e+00 2.35112867e-01
815 6 4.71238898e+00 2.30599904e-01
816 6 4.71238898e+00 2.32656017e-01
817 6 4.71238898e+00 2.32371117e-01
818 6 4.71238898e+00 2.31729593e-01
819 6 4.71238898e+00 2.34408505e-01
820 6 4.71238898e+00 2.32159439e-01
821 6 4.71238898e+00 2.32782225e-01
822 6 4.71238898e+00 2.32182974e-01
823 6 4.71238898e+00 2.33901334e-01
824 6 4.71238898e+00 2.31854304e-01
825 6 4.71238898e+00 2.30990815e-01
826 6 4.71238898e+00 2.31273330e-01
827 6 4.71238898e+00 2.35441998e-01
828 6 4.71238898e+00 2.30428347e-01
829 6 4.71238898e+00 2.31794576e-01
830 6 4.71238898e+00 2.31867256e-01
831 6 4.71238898e+00 2.32796075e-01
832 6 4.71238898e+00 2.30027822e-01
833 6 4.71238898e+00 2.30140808e-01
834 6 4.71238898e+00 2.26505293e-01
835 6 4.71238898e+00 2.34983917e-01
836 6 4.71238898e+00 2.28664894e-01
837 6 4.71238898e+00 2.32590432e-01
838 6 4.71238898e+00 2.35770712e-01
839 6 4.71238898e+00 2.33278719e-01
840 6 4.71238898e+00 2.34593297e-01
841 6 4.71238898e+00 2.32513811e-01
842 6 4.71238898e+00 2.30737022e-01
843 6 4.71238898e+00 2.28354523e-01
844 6 4.71238898e+00 2.34285880e-01
845 6 4.71238898e+00 2.36546411e-01
846 6 4.71238898e+00 2.31061195e-01
847 6 4.71238898e+00 2.30993528e-01
848 6 4.71238898e+00 2.32882539e-01
849 6 4.71238898e+00 2.33817025e-01
850 6 4.71238898e+00 2.35924683e-01
851 6 4.71238898e+00 2.32588404e-01
852 6 4.71238898e+00 2.30645327e-01
853 6 4.71238898e+00 2.30709982e-01
854 6 4.71238898e+00 2.32342832e-01
855 6 4.71238898e+00 2.29049118e-01
856 6 4.71238898e+00 2.35484440e-01
857 6 4.71238898e+00 2.31001909e-01
858 6 4.71238898e+00 2.32058995e-01
859 6 4.71238898e+00 2.34661126e-01
860 6 4.71238898e+00 2.30670470e-01
861 6 4.71238898e+00 2.32054282e-01
862 6 4.71238898e+00 2.34277530e-01
863 6 4.71238898e+00 2.37179883e-01
864 6 4.71238898e+00 2.32230858e-01
865 6 4.71238898e+00 2.29935976e-01
866 6 4.71238898e+00 2.33900498e-01
867 6 4.71238898e+00 2.33162800e-01
868 6 4.71238898e+00 2.31750712e-01
869 6 4.71238898e+00 2.30450775e-01
870 6 4.71238898e+00 2.32506239e-01
871 6 4.71238898e+00 2.30750040e-01
872 6 4.71238898e+00 2.34912919e-01
873 6 4.71238898e+00 2.31180957e-01
874 6 4.71238898e+00 2.35094026e-01
875 6 4.71238898e+00 2.31246704e-01
876 6 4.71238898e+00 2.33568988e-01
877 6 4.71238898e+00 2.31656117e-01
878 6 4.71238898e+00 2.33194453e-01
879 6 4.71238898e+00 2.31707636e-01
880 6 4.71238898e+00 2.29499797e-01
881 6 4.71238898e+00 2.33319699e-01
882 6 4.71238898e+00 2.29856825e-01
883 6 4.71238898e+00 2.30307271e-01
884 6 4.71238898e+00 2.31341515e-01
885 6 4.71238898e+00 2.33354486e-01
886 6 4.71238898e+00 2.27946989e-01
887 6 4.71238898e+00 2.26175877e-01
888 6 4.71238898e+00 2.34263675e-01
889 6 4.71238898e+00 2.32511264e-01
890 6 4.71238898e+00 2.31357258e-01
891 6 4.71238898e+00 2.32193871e-01
892 6 4.71238898e+00 2.31668260e-01
893 6 4.71238898e+00 2.29318262e-01
894 6 4.71238898e+00 2.28785278e-01
895 6 4.71238898e+00 2.28178500e-01
896 6 4.71238898e+00 2.34061958e-01
897 6 4.71238898e+00 2.32600639e-01
898 6 4.71238898e+00 2.31446517e-01
899 6 4.71238898e+00 2.29023328e-01
