a12m310 Wilson3 pz4 0.1207fm zmax5
config z nu=p.z RpITD
0 1 1.04719755e+00 1.91368939e-02
1 1 1.04719755e+00 1.89529089e-02
2 1 1.04719755e+00 1.94402172e-02
3 1 1.04719755e+00 1.90793206e-02
4 1 1.04719755e+00 1.94033786e-02
5 1 1.04719755e+00 1.91514377e-02
6 1 1.04719755e+00 1.92442102e-02
7 1 1.04719755e+00 1.91213176e-02
8 1 1.04719755e+00 1.89137678e-02
9 1 1.04719755e+00 1.91200950e-02
10 1 1.04719755e+00 1.88198840e-02
11 1 1.04719755e+00 1.88168653e-02
12 1 1.04719755e+00 1.94184300e-02
13 1 1.04719755e+00 1.95455385e-02
14 1 1.04719755e+00 1.94072006e-02
15 1 1.04719755e+00 1.92824250e-02
16 1 1.04719755e+00 1.92286585e-02
17 1 1.04719755e+00 1.90751022e-02
18 1 1.04719755e+00 1.92276546e-02
19 1 1.04719755e+00 1.91857239e-02
20 1 1.04719755e+00 1.92642909e-02
21 1 1.04719755e+00 1.92788995e-02
22 1 1.04719755e+00 1.91441022e-02
23 1 1.04719755e+00 1.89732991e-02
24 1 1.04719755e+00 1.90242381e-02
25 1 1.04719755e+00 1.91395906e-02
26 1 1.04719755e+00 1.89375701e-02
27 1 1.04719755e+00 1.88265563e-02
28 1 1.04719755e+00 1.93908269e-02
29 1 1.04719755e+00 1.91157189e-02
30 1 1.04719755e+00 1.87417326e-02
31 1 1.04719755e+00 1.89516283e-02
32 1 1.04719755e+00 1.91596451e-02
33 1 1.04719755e+00 1.90815082e-02
34 1 1.04719755e+00 1.89286447e-02
35 1 1.04719755e+00 1.92447854e-02
36 1 1.04719755e+00 1.91339220e-02
37 1 1.04719755e+00 1.90675869e-02
38 1 1.04719755e+00 1.94435110e-02
39 1 1.04719755e+00 1.92462189e-02
40 1 1.04719755e+00 1.92924571e-02
41 1 1.04719755e+00 1.91699894e-02
42 1 1.04719755e+00 1.91684783e-02
43 1 1.04719755e+00 1.93011727e-02
44 1 1.04719755e+00 1.89944173e-02
45 1 1.04719755e+00 1.90568679e-02
46 1 1.04719755e+00 1.89469499e-02
47 1 1.04719755e+00 1.91122601e-02
48 1 1.04719755e+00 1.91527391e-02
49 1 1.04719755e+00 1.84323049e-02
50 1 1.04719755e+00 1.94167965e-02
51 1 1.04719755e+00 1.91518763e-02
52 1 1.04719755e+00 1.90800016e-02
53 1 1.04719755e+00 1.95852447e-02
54 1 1.04719755e+00 1.94392619e-02
55 1 1.04719755e+00 1.92914464e-02
56 1 1.04719755e+00 1.92755435e-02
57 1 1.04719755e+00 1.91006946e-02
58 1 1.04719755e+00 1.90610312e-02
59 1 1.04719755e+00 1.90450241e-02
60 1 1.04719755e+00 1.90295205e-02
61 1 1.04719755e+00 1.89853067e-02
62 1 1.04719755e+00 1.94248389e-02
63 1 1.04719755e+00 1.90938725e-02
64 1 1.04719755e+00 1.93171144e-02
65 1 1.04719755e+00 1.91311474e-02
66 1 1.04719755e+00 1.88751385e-02
67 1 1.04719755e+00 1.92191553e-02
68 1 1.04719755e+00 1.93657355e-02
69 1 1.04719755e+00 1.88564975e-02
70 1 1.04719755e+00 1.89369082e-02
71 1 1.04719755e+00 1.92799185e-02
72 1 1.04719755e+00 1.92943007e-02
73 1 1.04719755e+00 1.90607961e-02
74 1 1.04719755e+00 1.88227161e-02
75 1 1.04719755e+00 1.87369782e-02
76 1 1.04719755e+00 1.89216939e-02
77 1 1.04719755e+00 1.89450314e-02
78 1 1.04719755e+00 1.94192824e-02
79 1 1.04719755e+00 1.94137534e-02
80 1 1.04719755e+00 1.91306726e-02
81 1 1.04719755e+00 1.90760988e-02
82 1 1.04719755e+00 1.89617514e-02
83 1 1.04719755e+00 1.90530018e-02
84 1 1.04719755e+00 1.91132571e-02
85 1 1.04719755e+00 1.93651597e-02
86 1 1.04719755e+00 1.89075369e-02
87 1 1.04719755e+00 1.88116577e-02
88 1 1.04719755e+00 1.88195443e-02
89 1 1.04719755e+00 1.88528675e-02
90 1 1.04719755e+00 1.89581591e-02
91 1 1.04719755e+00 1.91903007e-02
92 1 1.04719755e+00 1.89328786e-02
93 1 1.04719755e+00 1.91587451e-02
94 1 1.04719755e+00 1.91225433e-02
95 1 1.04719755e+00 1.91170952e-02
96 1 1.04719755e+00 1.91712562e-02
97 1 1.04719755e+00 1.92872501e-02
98 1 1.04719755e+00 1.93742650e-02
99 1 1.04719755e+00 1.92145397e-02
100 1 1.04719755e+00 1.88088463e-02
101 1 1.04719755e+00 1.90620796e-02
102 1 1.04719755e+00 1.89655272e-02
103 1 1.04719755e+00 1.88400280e-02
104 1 1.04719755e+00 1.91514429e-02
105 1 1.04719755e+00 1.89775078e-02
106 1 1.04719755e+00 1.93246034e-02
107 1 1.04719755e+00 1.91767181e-02
108 1 1.04719755e+00 1.91906452e-02
109 1 1.04719755e+00 1.93158527e-02
110 1 1.04719755e+00 1.85951642e-02
111 1 1.04719755e+00 1.93629270e-02
112 1 1.04719755e+00 1.90636951e-02
113 1 1.04719755e+00 1.92282166e-02
114 1 1.04719755e+00 1.92160696e-02
115 1 1.04719755e+00 1.90280540e-02
116 1 1.04719755e+00 1.91725519e-02
117 1 1.04719755e+00 1.94211642e-02
118 1 1.04719755e+00 1.91447803e-02
119 1 1.04719755e+00 1.90947557e-02
120 1 1.04719755e+00 1.90922270e-02
121 1 1.04719755e+00 1.89173058e-02
122 1 1.04719755e+00 1.87462732e-02
123 1 1.04719755e+00 1.88940818e-02
124 1 1.04719755e+00 1.91823179e-02
125 1 1.04719755e+00 1.95389853e-02
126 1 1.04719755e+00 1.94398697e-02
127 1 1.04719755e+00 1.95424486e-02
128 1 1.04719755e+00 1.88235163e-02
129 1 1.04719755e+00 1.92971780e-02
130 1 1.04719755e+00 1.95602501e-02
131 1 1.04719755e+00 1.85273115e-02
132 1 1.04719755e+00 1.94830968e-02
133 1 1.04719755e+00 1.91139107e-02
134 1 1.04719755e+00 1.92689406e-02
135 1 1.04719755e+00 1.89995779e-02
136 1 1.04719755e+00 1.87724280e-02
137 1 1.04719755e+00 1.92476396e-02
138 1 1.04719755e+00 1.88662629e-02
139 1 1.04719755e+00 1.90367581e-02
140 1 1.04719755e+00 1.90893267e-02
141 1 1.04719755e+00 1.94076766e-02
142 1 1.04719755e+00 1.91493696e-02
143 1 1.04719755e+00 1.92831186e-02
144 1 1.04719755e+00 1.91622927e-02
145 1 1.04719755e+00 1.89200035e-02
146 1 1.04719755e+00 1.89349779e-02
147 1 1.04719755e+00 1.90127397e-02
148 1 1.04719755e+00 1.92109650e-02
149 1 1.04719755e+00 1.91495126e-02
150 1 1.04719755e+00 1.91470227e-02
151 1 1.04719755e+00 1.86261877e-02
152 1 1.04719755e+00 1.89195070e-02
153 1 1.04719755e+00 1.95982630e-02
154 1 1.04719755e+00 1.92182526e-02
155 1 1.04719755e+00 1.90225182e-02
156 1 1.04719755e+00 1.91419549e-02
157 1 1.04719755e+00 1.91803641e-02
158 1 1.04719755e+00 1.90216777e-02
159 1 1.04719755e+00 1.93305193e-02
160 1 1.04719755e+00 1.92443441e-02
161 1 1.04719755e+00 1.91020755e-02
162 1 1.04719755e+00 1.90795092e-02
163 1 1.04719755e+00 1.88930538e-02
164 1 1.04719755e+00 1.92785644e-02
165 1 1.04719755e+00 1.95598896e-02
166 1 1.04719755e+00 1.91379679e-02
167 1 1.04719755e+00 1.90505708e-02
168 1 1.04719755e+00 1.88094154e-02
169 1 1.04719755e+00 1.88819203e-02
170 1 1.04719755e+00 1.92119816e-02
171 1 1.04719755e+00 1.88392816e-02
172 1 1.04719755e+00 1.92969144e-02
173 1 1.04719755e+00 1.89275527e-02
174 1 1.04719755e+00 1.91951762e-02
175 1 1.04719755e+00 1.92280262e-02
176 1 1.04719755e+00 1.93774662e-02
177 1 1.04719755e+00 1.93960449e-02
178 1 1.04719755e+00 1.91622394e-02
179 1 1.04719755e+00 1.90620403e-02
180 1 1.04719755e+00 1.89089280e-02
181 1 1.04719755e+00 1.90455851e-02
182 1 1.04719755e+00 1.88232673e-02
183 1 1.04719755e+00 1.90517011e-02
184 1 1.04719755e+00 1.90306224e-02
185 1 1.04719755e+00 1.87117946e-02
186 1 1.04719755e+00 1.86579381e-02
187 1 1.04719755e+00 1.88164813e-02
188 1 1.04719755e+00 1.88905379e-02
189 1 1.04719755e+00 1.93829247e-02
190 1 1.04719755e+00 1.90674194e-02
191 1 1.04719755e+00 1.91738183e-02
192 1 1.04719755e+00 1.94969028e-02
193 1 1.04719755e+00 1.93012324e-02
194 1 1.04719755e+00 1.90577369e-02
195 1 1.04719755e+00 1.92079947e-02
196 1 1.04719755e+00 1.93404622e-02
197 1 1.04719755e+00 1.92840987e-02
198 1 1.04719755e+00 1.87881098e-02
199 1 1.04719755e+00 1.90294113e-02
200 1 1.04719755e+00 1.88765094e-02
201 1 1.04719755e+00 1.91528153e-02
202 1 1.04719755e+00 1.94060545e-02
203 1 1.04719755e+00 1.90755351e-02
204 1 1.04719755e+00 1.90753220e-02
205 1 1.04719755e+00 1.92678103e-02
206 1 1.04719755e+00 1.90305954e-02
207 1 1.04719755e+00 1.88468795e-02
208 1 1.04719755e+00 1.92107343e-02
209 1 1.04719755e+00 1.86693153e-02
210 1 1.04719755e+00 1.88229427e-02
211 1 1.04719755e+00 1.91538965e-02
212 1 1.04719755e+00 1.91531670e-02
213 1 1.04719755e+00 1.89489513e-02
214 1 1.04719755e+00 1.92160360e-02
215 1 1.04719755e+00 1.88958833e-02
216 1 1.04719755e+00 1.90139349e-02
217 1 1.04719755e+00 1.93704603e-02
218 1 1.04719755e+00 1.91092050e-02
219 1 1.04719755e+00 1.95478062e-02
220 1 1.04719755e+00 1.94222703e-02
221 1 1.04719755e+00 1.94458134e-02
222 1 1.04719755e+00 1.90893142e-02
223 1 1.04719755e+00 1.93050318e-02
224 1 1.04719755e+00 1.90781497e-02
225 1 1.04719755e+00 1.89047234e-02
226 1 1.04719755e+00 1.91630966e-02
227 1 1.04719755e+00 1.90077094e-02
228 1 1.04719755e+00 1.91446387e-02
229 1 1.04719755e+00 1.86106228e-02
230 1 1.04719755e+00 1.94385534e-02
231 1 1.04719755e+00 1.88427138e-02
232 1 1.04719755e+00 1.84188657e-02
233 1 1.04719755e+00 1.88873980e-02
234 1 1.04719755e+00 1.91680991e-02
235 1 1.04719755e+00 1.87975600e-02
236 1 1.04719755e+00 1.91941547e-02
237 1 1.04719755e+00 1.93782652e-02
238 1 1.04719755e+00 1.92169322e-02
239 1 1.04719755e+00 1.91180811e-02
240 1 1.04719755e+00 1.91281787e-02
241 1 1.04719755e+00 1.91536856e-02
242 1 1.04719755e+00 1.89215486e-02
243 1 1.04719755e+00 1.93622926e-02
244 1 1.04719755e+00 1.90577502e-02
245 1 1.04719755e+00 1.92693699e-02
246 1 1.04719755e+00 1.91868543e-02
247 1 1.04719755e+00 1.90053473e-02
248 1 1.04719755e+00 1.90615951e-02
249 1 1.04719755e+00 1.89705853e-02
250 1 1.04719755e+00 1.90045511e-02
251 1 1.04719755e+00 1.90480467e-02
252 1 1.04719755e+00 1.95227061e-02
253 1 1.04719755e+00 1.92238307e-02
254 1 1.04719755e+00 1.89858871e-02
255 1 1.04719755e+00 1.92466703e-02
256 1 1.04719755e+00 1.91242401e-02
257 1 1.04719755e+00 1.87354394e-02
258 1 1.04719755e+00 1.88234571e-02
259 1 1.04719755e+00 1.91913482e-02
260 1 1.04719755e+00 1.91949105e-02
261 1 1.04719755e+00 1.92868017e-02
262 1 1.04719755e+00 1.87239928e-02
263 1 1.04719755e+00 1.90847561e-02
264 1 1.04719755e+00 1.93369112e-02
265 1 1.04719755e+00 1.94437210e-02
266 1 1.04719755e+00 1.89247001e-02
267 1 1.04719755e+00 1.91935841e-02
268 1 1.04719755e+00 1.93180264e-02
269 1 1.04719755e+00 1.88116773e-02
270 1 1.04719755e+00 1.90654178e-02
271 1 1.04719755e+00 1.92105134e-02
272 1 1.04719755e+00 1.91319063e-02
273 1 1.04719755e+00 1.87680280e-02
274 1 1.04719755e+00 1.87215899e-02
275 1 1.04719755e+00 1.88382634e-02
276 1 1.04719755e+00 1.91085770e-02
277 1 1.04719755e+00 1.92677005e-02
278 1 1.04719755e+00 1.92167072e-02
279 1 1.04719755e+00 1.90673053e-02
280 1 1.04719755e+00 1.91673830e-02
281 1 1.04719755e+00 1.91730632e-02
282 1 1.04719755e+00 1.92439492e-02
283 1 1.04719755e+00 1.92078231e-02
284 1 1.04719755e+00 1.90157365e-02
285 1 1.04719755e+00 1.90166348e-02
286 1 1.04719755e+00 1.93580045e-02
287 1 1.04719755e+00 1.90692642e-02
288 1 1.04719755e+00 1.91099793e-02
289 1 1.04719755e+00 1.85694390e-02
290 1 1.04719755e+00 1.91207182e-02
291 1 1.04719755e+00 1.91613813e-02
292 1 1.04719755e+00 1.89914510e-02
293 1 1.04719755e+00 1.90543664e-02
294 1 1.04719755e+00 1.91751073e-02
295 1 1.04719755e+00 1.92012096e-02
296 1 1.04719755e+00 1.90828313e-02
297 1 1.04719755e+00 1.95218518e-02
298 1 1.04719755e+00 1.90503500e-02
299 1 1.04719755e+00 1.93805369e-02
300 1 1.04719755e+00 1.88120031e-02
301 1 1.04719755e+00 1.94376851e-02
302 1 1.04719755e+00 1.89196046e-02
303 1 1.04719755e+00 1.91700162e-02
304 1 1.04719755e+00 1.96102969e-02
305 1 1.04719755e+00 1.89774704e-02
306 1 1.04719755e+00 1.92721280e-02
307 1 1.04719755e+00 1.91907634e-02
308 1 1.04719755e+00 1.92444120e-02
309 1 1.04719755e+00 1.93328553e-02
310 1 1.04719755e+00 1.90937569e-02
311 1 1.04719755e+00 1.91376757e-02
312 1 1.04719755e+00 1.93380274e-02
313 1 1.04719755e+00 1.91919954e-02
314 1 1.04719755e+00 1.90752128e-02
315 1 1.04719755e+00 1.87509257e-02
316 1 1.04719755e+00 1.90360072e-02
317 1 1.04719755e+00 1.91960612e-02
318 1 1.04719755e+00 1.92020792e-02
319 1 1.04719755e+00 1.93596861e-02
320 1 1.04719755e+00 1.86890654e-02
321 1 1.04719755e+00 1.89692602e-02
322 1 1.04719755e+00 1.89726854e-02
323 1 1.04719755e+00 1.90857415e-02
324 1 1.04719755e+00 1.93323406e-02
325 1 1.04719755e+00 1.91915340e-02
326 1 1.04719755e+00 1.89351231e-02
327 1 1.04719755e+00 1.88338796e-02
328 1 1.04719755e+00 1.89727488e-02
329 1 1.04719755e+00 1.87726155e-02
330 1 1.04719755e+00 1.90835937e-02
331 1 1.04719755e+00 1.87615073e-02
332 1 1.04719755e+00 1.93943377e-02
333 1 1.04719755e+00 1.92560095e-02
334 1 1.04719755e+00 1.90577585e-02
335 1 1.04719755e+00 1.90855864e-02
336 1 1.04719755e+00 1.92000754e-02
337 1 1.04719755e+00 1.91314252e-02
338 1 1.04719755e+00 1.89034260e-02
339 1 1.04719755e+00 1.92882608e-02
340 1 1.04719755e+00 1.90542821e-02
341 1 1.04719755e+00 1.92145494e-02
342 1 1.04719755e+00 1.94472775e-02
343 1 1.04719755e+00 1.93415116e-02
344 1 1.04719755e+00 1.96361134e-02
345 1 1.04719755e+00 1.89275031e-02
346 1 1.04719755e+00 1.91123278e-02
347 1 1.04719755e+00 1.86346290e-02
348 1 1.04719755e+00 1.91904806e-02
349 1 1.04719755e+00 1.89793985e-02
350 1 1.04719755e+00 1.94674693e-02
351 1 1.04719755e+00 1.94284869e-02
352 1 1.04719755e+00 1.86655143e-02
353 1 1.04719755e+00 1.91567783e-02
354 1 1.04719755e+00 1.92467561e-02
355 1 1.04719755e+00 1.95652169e-02
356 1 1.04719755e+00 1.87611598e-02
357 1 1.04719755e+00 1.88886424e-02
358 1 1.04719755e+00 1.91773314e-02
359 1 1.04719755e+00 1.89234392e-02
360 1 1.04719755e+00 1.91775615e-02
361 1 1.04719755e+00 1.89062424e-02
362 1 1.04719755e+00 1.89474254e-02
363 1 1.04719755e+00 1.91263397e-02
364 1 1.04719755e+00 1.88931370e-02
365 1 1.04719755e+00 1.91228321e-02
366 1 1.04719755e+00 1.91072831e-02
367 1 1.04719755e+00 1.90679760e-02
368 1 1.04719755e+00 1.89366215e-02
369 1 1.04719755e+00 1.91201410e-02
370 1 1.04719755e+00 1.88867122e-02
371 1 1.04719755e+00 1.89678559e-02
372 1 1.04719755e+00 1.89979691e-02
373 1 1.04719755e+00 1.91571146e-02
374 1 1.04719755e+00 1.89526783e-02
375 1 1.04719755e+00 1.89928933e-02
376 1 1.04719755e+00 1.92335901e-02
377 1 1.04719755e+00 1.91705313e-02
378 1 1.04719755e+00 1.91570363e-02
379 1 1.04719755e+00 1.93189497e-02
380 1 1.04719755e+00 1.91495635e-02
381 1 1.04719755e+00 1.92645437e-02
382 1 1.04719755e+00 1.90580415e-02
383 1 1.04719755e+00 1.91865234e-02
384 1 1.04719755e+00 1.91850010e-02
385 1 1.04719755e+00 1.92453915e-02
386 1 1.04719755e+00 1.90318924e-02
387 1 1.04719755e+00 1.94050724e-02
388 1 1.04719755e+00 1.92970302e-02
389 1 1.04719755e+00 1.88091150e-02
390 1 1.04719755e+00 1.93318319e-02
391 1 1.04719755e+00 1.86877281e-02
392 1 1.04719755e+00 1.96155980e-02
393 1 1.04719755e+00 1.89863843e-02
394 1 1.04719755e+00 1.94202431e-02
395 1 1.04719755e+00 1.90953999e-02
396 1 1.04719755e+00 1.90306622e-02
397 1 1.04719755e+00 1.92164810e-02
398 1 1.04719755e+00 1.94987019e-02
399 1 1.04719755e+00 1.91861878e-02
400 1 1.04719755e+00 1.92786378e-02
401 1 1.04719755e+00 1.94390690e-02
402 1 1.04719755e+00 1.91109392e-02
403 1 1.04719755e+00 1.92994833e-02
404 1 1.04719755e+00 1.93967786e-02
405 1 1.04719755e+00 1.89796658e-02
406 1 1.04719755e+00 1.88103886e-02
407 1 1.04719755e+00 1.93076586e-02
408 1 1.04719755e+00 1.94943079e-02
409 1 1.04719755e+00 1.92432751e-02
410 1 1.04719755e+00 1.89284859e-02
411 1 1.04719755e+00 1.89309949e-02
412 1 1.04719755e+00 1.91995971e-02
413 1 1.04719755e+00 1.93446989e-02
414 1 1.04719755e+00 1.89661749e-02
415 1 1.04719755e+00 1.89613525e-02
416 1 1.04719755e+00 1.94489114e-02
417 1 1.04719755e+00 1.91974148e-02
418 1 1.04719755e+00 1.92202581e-02
419 1 1.04719755e+00 1.92411911e-02
420 1 1.04719755e+00 1.89776854e-02
421 1 1.04719755e+00 1.91819591e-02
422 1 1.04719755e+00 1.88807333e-02
423 1 1.04719755e+00 1.90014538e-02
424 1 1.04719755e+00 1.85540592e-02
425 1 1.04719755e+00 1.93762034e-02
426 1 1.04719755e+00 1.93463611e-02
427 1 1.04719755e+00 1.90557838e-02
428 1 1.04719755e+00 1.93795695e-02
429 1 1.04719755e+00 1.92375602e-02
430 1 1.04719755e+00 1.90823219e-02
431 1 1.04719755e+00 1.92665350e-02
432 1 1.04719755e+00 1.91675294e-02
433 1 1.04719755e+00 1.92471360e-02
434 1 1.04719755e+00 1.90905596e-02
435 1 1.04719755e+00 1.92213651e-02
436 1 1.04719755e+00 1.92396350e-02
437 1 1.04719755e+00 1.90765440e-02
438 1 1.04719755e+00 1.92643996e-02
439 1 1.04719755e+00 1.91847550e-02
440 1 1.04719755e+00 1.91239378e-02
441 1 1.04719755e+00 1.91022723e-02
442 1 1.04719755e+00 1.92147839e-02
443 1 1.04719755e+00 1.90456450e-02
444 1 1.04719755e+00 1.89527858e-02
445 1 1.04719755e+00 1.85348751e-02
446 1 1.04719755e+00 1.88786085e-02
447 1 1.04719755e+00 1.90057775e-02
448 1 1.04719755e+00 1.93048747e-02
449 1 1.04719755e+00 1.90185873e-02
450 1 1.04719755e+00 1.93642701e-02
451 1 1.04719755e+00 1.91018944e-02
452 1 1.04719755e+00 1.94601331e-02
453 1 1.04719755e+00 1.94633032e-02
454 1 1.04719755e+00 1.89966864e-02
455 1 1.04719755e+00 1.89893849e-02
456 1 1.04719755e+00 1.91843165e-02
457 1 1.04719755e+00 1.91634365e-02
458 1 1.04719755e+00 1.94184934e-02
459 1 1.04719755e+00 1.93056156e-02
460 1 1.04719755e+00 1.92068231e-02
461 1 1.04719755e+00 1.92306111e-02
462 1 1.04719755e+00 1.91510542e-02
463 1 1.04719755e+00 1.90273174e-02
464 1 1.04719755e+00 1.94851467e-02
465 1 1.04719755e+00 1.92402496e-02
466 1 1.04719755e+00 1.92467782e-02
467 1 1.04719755e+00 1.89271727e-02
468 1 1.04719755e+00 1.89752431e-02
469 1 1.04719755e+00 1.86399281e-02
470 1 1.04719755e+00 1.91124400e-02
471 1 1.04719755e+00 1.90937289e-02
472 1 1.04719755e+00 1.90650030e-02
473 1 1.04719755e+00 1.92307854e-02
474 1 1.04719755e+00 1.93509982e-02
475 1 1.04719755e+00 1.91551381e-02
476 1 1.04719755e+00 1.89034650e-02
477 1 1.04719755e+00 1.89164248e-02
478 1 1.04719755e+00 1.92886794e-02
479 1 1.04719755e+00 1.90184596e-02
480 1 1.04719755e+00 1.88573003e-02
481 1 1.04719755e+00 1.91169713e-02
482 1 1.04719755e+00 1.91388816e-02
483 1 1.04719755e+00 1.91724105e-02
484 1 1.04719755e+00 1.92324992e-02
485 1 1.04719755e+00 1.91955311e-02
486 1 1.04719755e+00 1.92127745e-02
487 1 1.04719755e+00 1.91726102e-02
488 1 1.04719755e+00 1.90033360e-02
489 1 1.04719755e+00 1.93375169e-02
490 1 1.04719755e+00 1.89041077e-02
491 1 1.04719755e+00 1.88869879e-02
492 1 1.04719755e+00 1.93055761e-02
493 1 1.04719755e+00 1.94101398e-02
494 1 1.04719755e+00 1.89584764e-02
495 1 1.04719755e+00 1.89552056e-02
496 1 1.04719755e+00 1.90066898e-02
497 1 1.04719755e+00 1.91451908e-02
498 1 1.04719755e+00 1.91906776e-02
499 1 1.04719755e+00 1.92067147e-02
500 1 1.04719755e+00 1.90455095e-02
501 1 1.04719755e+00 1.90779156e-02
502 1 1.04719755e+00 1.91139874e-02
503 1 1.04719755e+00 1.92114229e-02
504 1 1.04719755e+00 1.90768487e-02
505 1 1.04719755e+00 1.90500683e-02
506 1 1.04719755e+00 1.88748119e-02
507 1 1.04719755e+00 1.88186683e-02
508 1 1.04719755e+00 1.89585256e-02
509 1 1.04719755e+00 1.94669172e-02
510 1 1.04719755e+00 1.91743336e-02
511 1 1.04719755e+00 1.87686171e-02
512 1 1.04719755e+00 1.92803716e-02
513 1 1.04719755e+00 1.93796115e-02
514 1 1.04719755e+00 1.89597262e-02
515 1 1.04719755e+00 1.93394919e-02
516 1 1.04719755e+00 1.89809939e-02
517 1 1.04719755e+00 1.88369466e-02
518 1 1.04719755e+00 1.91419640e-02
519 1 1.04719755e+00 1.88245328e-02
520 1 1.04719755e+00 1.90535794e-02
521 1 1.04719755e+00 1.86408318e-02
522 1 1.04719755e+00 1.93555034e-02
523 1 1.04719755e+00 1.89313322e-02
524 1 1.04719755e+00 1.90007966e-02
525 1 1.04719755e+00 1.89419953e-02
526 1 1.04719755e+00 1.89394476e-02
527 1 1.04719755e+00 1.92894094e-02
528 1 1.04719755e+00 1.90286173e-02
529 1 1.04719755e+00 1.90405585e-02
530 1 1.04719755e+00 1.87843601e-02
531 1 1.04719755e+00 1.91776914e-02
532 1 1.04719755e+00 1.90766580e-02
533 1 1.04719755e+00 1.91749896e-02
534 1 1.04719755e+00 1.92998390e-02
535 1 1.04719755e+00 1.92269716e-02
536 1 1.04719755e+00 1.93004408e-02
537 1 1.04719755e+00 1.93522801e-02
538 1 1.04719755e+00 1.88169094e-02
539 1 1.04719755e+00 1.94827530e-02
540 1 1.04719755e+00 1.92536695e-02
541 1 1.04719755e+00 1.92156921e-02
542 1 1.04719755e+00 1.89737806e-02
543 1 1.04719755e+00 1.91567805e-02
544 1 1.04719755e+00 1.90969466e-02
545 1 1.04719755e+00 1.90203172e-02
546 1 1.04719755e+00 1.94225780e-02
547 1 1.04719755e+00 1.95252166e-02
548 1 1.04719755e+00 1.91459187e-02
549 1 1.04719755e+00 1.89022599e-02
550 1 1.04719755e+00 1.89867034e-02
551 1 1.04719755e+00 1.91785819e-02
552 1 1.04719755e+00 1.90785539e-02
553 1 1.04719755e+00 1.95370163e-02
554 1 1.04719755e+00 1.89686605e-02
555 1 1.04719755e+00 1.91138330e-02
556 1 1.04719755e+00 1.92202219e-02
557 1 1.04719755e+00 1.93893066e-02
558 1 1.04719755e+00 1.92138289e-02
559 1 1.04719755e+00 1.94656894e-02
560 1 1.04719755e+00 1.93438244e-02
561 1 1.04719755e+00 1.86324213e-02
562 1 1.04719755e+00 1.93596051e-02
563 1 1.04719755e+00 1.92989461e-02
564 1 1.04719755e+00 1.91742089e-02
565 1 1.04719755e+00 1.90977013e-02
566 1 1.04719755e+00 1.88571858e-02
567 1 1.04719755e+00 1.92499776e-02
568 1 1.04719755e+00 1.91871093e-02
569 1 1.04719755e+00 1.91081628e-02
570 1 1.04719755e+00 1.91154478e-02
571 1 1.04719755e+00 1.91046572e-02
572 1 1.04719755e+00 1.91751114e-02
573 1 1.04719755e+00 1.88342363e-02
574 1 1.04719755e+00 1.92156278e-02
575 1 1.04719755e+00 1.92854206e-02
576 1 1.04719755e+00 1.91475078e-02
577 1 1.04719755e+00 1.90281700e-02
578 1 1.04719755e+00 1.94029459e-02
579 1 1.04719755e+00 1.90216528e-02
580 1 1.04719755e+00 1.89859661e-02
581 1 1.04719755e+00 1.90190343e-02
582 1 1.04719755e+00 1.92951479e-02
583 1 1.04719755e+00 1.91204307e-02
584 1 1.04719755e+00 1.89012358e-02
585 1 1.04719755e+00 1.90563899e-02
586 1 1.04719755e+00 1.92169099e-02
587 1 1.04719755e+00 1.92449702e-02
588 1 1.04719755e+00 1.91500600e-02
589 1 1.04719755e+00 1.91090742e-02
590 1 1.04719755e+00 1.92057677e-02
591 1 1.04719755e+00 1.89798882e-02
592 1 1.04719755e+00 1.90371293e-02
593 1 1.04719755e+00 1.89476428e-02
594 1 1.04719755e+00 1.92183907e-02
595 1 1.04719755e+00 1.89268182e-02
596 1 1.04719755e+00 1.93074006e-02
597 1 1.04719755e+00 1.90727235e-02
598 1 1.04719755e+00 1.93659237e-02
599 1 1.04719755e+00 1.93329431e-02
600 1 1.04719755e+00 1.92220880e-02
601 1 1.04719755e+00 1.93365412e-02
602 1 1.04719755e+00 1.90664531e-02
603 1 1.04719755e+00 1.90924131e-02
604 1 1.04719755e+00 1.92818667e-02
605 1 1.04719755e+00 1.93404948e-02
606 1 1.04719755e+00 1.88667310e-02
607 1 1.04719755e+00 1.88056119e-02
608 1 1.04719755e+00 1.91004665e-02
609 1 1.04719755e+00 1.87218696e-02
610 1 1.04719755e+00 1.88157055e-02
611 1 1.04719755e+00 1.89081437e-02
612 1 1.04719755e+00 1.91651245e-02
613 1 1.04719755e+00 1.93438756e-02
614 1 1.04719755e+00 1.93298012e-02
615 1 1.04719755e+00 1.91618350e-02
616 1 1.04719755e+00 1.93917278e-02
617 1 1.04719755e+00 1.93790934e-02
618 1 1.04719755e+00 1.89888931e-02
619 1 1.04719755e+00 1.90771665e-02
620 1 1.04719755e+00 1.92312843e-02
621 1 1.04719755e+00 1.91218260e-02
622 1 1.04719755e+00 1.94010128e-02
623 1 1.04719755e+00 1.93205633e-02
624 1 1.04719755e+00 1.93048861e-02
625 1 1.04719755e+00 1.91860780e-02
626 1 1.04719755e+00 1.92439234e-02
627 1 1.04719755e+00 1.92002025e-02
628 1 1.04719755e+00 1.90336705e-02
629 1 1.04719755e+00 1.87274321e-02
630 1 1.04719755e+00 1.93767530e-02
631 1 1.04719755e+00 1.89539160e-02
632 1 1.04719755e+00 1.89405964e-02
633 1 1.04719755e+00 1.89580661e-02
634 1 1.04719755e+00 1.95563845e-02
635 1 1.04719755e+00 1.87948211e-02
636 1 1.04719755e+00 1.91988749e-02
637 1 1.04719755e+00 1.88317940e-02
638 1 1.04719755e+00 1.90274760e-02
639 1 1.04719755e+00 1.91010869e-02
640 1 1.04719755e+00 1.89191024e-02
641 1 1.04719755e+00 1.90761679e-02
642 1 1.04719755e+00 1.90264465e-02
643 1 1.04719755e+00 1.92066825e-02
644 1 1.04719755e+00 1.92873335e-02
645 1 1.04719755e+00 1.88174525e-02
646 1 1.04719755e+00 1.88929867e-02
647 1 1.04719755e+00 1.89163752e-02
648 1 1.04719755e+00 1.90277333e-02
649 1 1.04719755e+00 1.87692955e-02
650 1 1.04719755e+00 1.91881818e-02
651 1 1.04719755e+00 1.91729109e-02
652 1 1.04719755e+00 1.88411218e-02
653 1 1.04719755e+00 1.92997800e-02
654 1 1.04719755e+00 1.91961370e-02
655 1 1.04719755e+00 1.91498832e-02
656 1 1.04719755e+00 1.90491694e-02
657 1 1.04719755e+00 1.91534560e-02
658 1 1.04719755e+00 1.93353014e-02
659 1 1.04719755e+00 1.90432834e-02
660 1 1.04719755e+00 1.90275790e-02
661 1 1.04719755e+00 1.92716935e-02
662 1 1.04719755e+00 1.94376362e-02
663 1 1.04719755e+00 1.91512026e-02
664 1 1.04719755e+00 1.94043599e-02
665 1 1.04719755e+00 1.87044042e-02
666 1 1.04719755e+00 1.91317518e-02
667 1 1.04719755e+00 1.89355457e-02
668 1 1.04719755e+00 1.91430871e-02
669 1 1.04719755e+00 1.91640179e-02
670 1 1.04719755e+00 1.89671476e-02
671 1 1.04719755e+00 1.92608448e-02
672 1 1.04719755e+00 1.91064589e-02
673 1 1.04719755e+00 1.94606167e-02
674 1 1.04719755e+00 1.90718545e-02
675 1 1.04719755e+00 1.90491414e-02
676 1 1.04719755e+00 1.87004625e-02
677 1 1.04719755e+00 1.91485653e-02
678 1 1.04719755e+00 1.93532719e-02
679 1 1.04719755e+00 1.91347861e-02
680 1 1.04719755e+00 1.94288454e-02
681 1 1.04719755e+00 1.90978039e-02
682 1 1.04719755e+00 1.91773363e-02
683 1 1.04719755e+00 1.88312287e-02
684 1 1.04719755e+00 1.93836910e-02
685 1 1.04719755e+00 1.90769900e-02
686 1 1.04719755e+00 1.93168580e-02
687 1 1.04719755e+00 1.92478651e-02
688 1 1.04719755e+00 1.91030061e-02
689 1 1.04719755e+00 1.91139845e-02
690 1 1.04719755e+00 1.92153860e-02
691 1 1.04719755e+00 1.88340660e-02
692 1 1.04719755e+00 1.89038503e-02
693 1 1.04719755e+00 1.90753916e-02
694 1 1.04719755e+00 1.87723657e-02
695 1 1.04719755e+00 1.90332870e-02
696 1 1.04719755e+00 1.91989297e-02
697 1 1.04719755e+00 1.91316372e-02
698 1 1.04719755e+00 1.91698721e-02
699 1 1.04719755e+00 1.89529346e-02
700 1 1.04719755e+00 1.88034901e-02
701 1 1.04719755e+00 1.92090138e-02
702 1 1.04719755e+00 1.89190490e-02
703 1 1.04719755e+00 1.96065196e-02
704 1 1.04719755e+00 1.91414521e-02
705 1 1.04719755e+00 1.92583788e-02
706 1 1.04719755e+00 1.89043085e-02
707 1 1.04719755e+00 1.86420413e-02
708 1 1.04719755e+00 1.89989385e-02
709 1 1.04719755e+00 1.93593535e-02
710 1 1.04719755e+00 1.93947446e-02
711 1 1.04719755e+00 1.94109288e-02
712 1 1.04719755e+00 1.93800020e-02
713 1 1.04719755e+00 1.87223154e-02
714 1 1.04719755e+00 1.87051930e-02
715 1 1.04719755e+00 1.90211342e-02
716 1 1.04719755e+00 1.89969807e-02
717 1 1.04719755e+00 1.85972191e-02
718 1 1.04719755e+00 1.87628998e-02
719 1 1.04719755e+00 1.89223184e-02
720 1 1.04719755e+00 1.90530889e-02
721 1 1.04719755e+00 1.93049677e-02
722 1 1.04719755e+00 1.89202895e-02
723 1 1.04719755e+00 1.90593844e-02
724 1 1.04719755e+00 1.92386805e-02
725 1 1.04719755e+00 1.87400396e-02
726 1 1.04719755e+00 1.91843833e-02
727 1 1.04719755e+00 1.92377679e-02
728 1 1.04719755e+00 1.90692287e-02
729 1 1.04719755e+00 1.93144962e-02
730 1 1.04719755e+00 1.88739172e-02
731 1 1.04719755e+00 1.92071740e-02
732 1 1.04719755e+00 1.92236135e-02
733 1 1.04719755e+00 1.89591937e-02
734 1 1.04719755e+00 1.91261434e-02
735 1 1.04719755e+00 1.91931369e-02
736 1 1.04719755e+00 1.90133189e-02
737 1 1.04719755e+00 1.92690908e-02
738 1 1.04719755e+00 1.91646734e-02
739 1 1.04719755e+00 1.89288812e-02
740 1 1.04719755e+00 1.93526637e-02
741 1 1.04719755e+00 1.91117728e-02
742 1 1.04719755e+00 1.88418827e-02
743 1 1.04719755e+00 1.93829085e-02
744 1 1.04719755e+00 1.91837610e-02
745 1 1.04719755e+00 1.88942101e-02
746 1 1.04719755e+00 1.90707634e-02
747 1 1.04719755e+00 1.93900980e-02
748 1 1.04719755e+00 1.91996592e-02
749 1 1.04719755e+00 1.92556090e-02
750 1 1.04719755e+00 1.91437851e-02
751 1 1.04719755e+00 1.96319347e-02
752 1 1.04719755e+00 1.96649787e-02
753 1 1.04719755e+00 1.91581503e-02
754 1 1.04719755e+00 1.92970134e-02
755 1 1.04719755e+00 1.88545338e-02
756 1 1.04719755e+00 1.94017501e-02
757 1 1.04719755e+00 1.88103650e-02
758 1 1.04719755e+00 1.91131226e-02
759 1 1.04719755e+00 1.90874586e-02
760 1 1.04719755e+00 1.88075696e-02
761 1 1.04719755e+00 1.90145366e-02
762 1 1.04719755e+00 1.89897377e-02
763 1 1.04719755e+00 1.90615117e-02
764 1 1.04719755e+00 1.92624830e-02
765 1 1.04719755e+00 1.93732436e-02
766 1 1.04719755e+00 1.89149425e-02
767 1 1.04719755e+00 1.88993316e-02
768 1 1.04719755e+00 1.90732489e-02
769 1 1.04719755e+00 1.92819490e-02
770 1 1.04719755e+00 1.90062799e-02
771 1 1.04719755e+00 1.92246173e-02
772 1 1.04719755e+00 1.90343913e-02
773 1 1.04719755e+00 1.90122840e-02
774 1 1.04719755e+00 1.90866672e-02
775 1 1.04719755e+00 1.93275439e-02
776 1 1.04719755e+00 1.90790732e-02
777 1 1.04719755e+00 1.88972775e-02
778 1 1.04719755e+00 1.90527694e-02
779 1 1.04719755e+00 1.94936532e-02
780 1 1.04719755e+00 1.90046779e-02
781 1 1.04719755e+00 1.91006524e-02
782 1 1.04719755e+00 1.93339609e-02
783 1 1.04719755e+00 1.90030784e-02
784 1 1.04719755e+00 1.88494572e-02
785 1 1.04719755e+00 1.89445173e-02
786 1 1.04719755e+00 1.91535387e-02
787 1 1.04719755e+00 1.89601138e-02
788 1 1.04719755e+00 1.91251512e-02
789 1 1.04719755e+00 1.90571250e-02
790 1 1.04719755e+00 1.93684985e-02
791 1 1.04719755e+00 1.91414595e-02
792 1 1.04719755e+00 1.90773470e-02
793 1 1.04719755e+00 1.88479982e-02
794 1 1.04719755e+00 1.90164270e-02
795 1 1.04719755e+00 1.91236302e-02
796 1 1.04719755e+00 1.89041593e-02
797 1 1.04719755e+00 1.88692003e-02
798 1 1.04719755e+00 1.88332908e-02
799 1 1.04719755e+00 1.87097862e-02
800 1 1.04719755e+00 1.96075240e-02
801 1 1.04719755e+00 1.94094648e-02
802 1 1.04719755e+00 1.90344912e-02
803 1 1.04719755e+00 1.91980281e-02
804 1 1.04719755e+00 1.93128034e-02
805 1 1.04719755e+00 1.92183831e-02
806 1 1.04719755e+00 1.93524311e-02
807 1 1.04719755e+00 1.91650026e-02
808 1 1.04719755e+00 1.91099609e-02
809 1 1.04719755e+00 1.91984429e-02
810 1 1.04719755e+00 1.95838460e-02
811 1 1.04719755e+00 1.90259127e-02
812 1 1.04719755e+00 1.91785640e-02
813 1 1.04719755e+00 1.93271169e-02
814 1 1.04719755e+00 1.93078015e-02
815 1 1.04719755e+00 1.92981770e-02
816 1 1.04719755e+00 1.90938279e-02
817 1 1.04719755e+00 1.95006816e-02
818 1 1.04719755e+00 1.91129882e-02
819 1 1.04719755e+00 1.93066648e-02
820 1 1.04719755e+00 1.95591908e-02
821 1 1.04719755e+00 1.87790656e-02
822 1 1.04719755e+00 1.91384010e-02
823 1 1.04719755e+00 1.90349678e-02
824 1 1.04719755e+00 1.90057122e-02
825 1 1.04719755e+00 1.91268760e-02
826 1 1.04719755e+00 1.90272433e-02
827 1 1.04719755e+00 1.91247944e-02
828 1 1.04719755e+00 1.94846524e-02
829 1 1.04719755e+00 1.88328825e-02
830 1 1.04719755e+00 1.90703722e-02
831 1 1.04719755e+00 1.88138344e-02
832 1 1.04719755e+00 1.91881664e-02
833 1 1.04719755e+00 1.94090265e-02
834 1 1.04719755e+00 1.91586379e-02
835 1 1.04719755e+00 1.90013260e-02
836 1 1.04719755e+00 1.88973328e-02
837 1 1.04719755e+00 1.93149059e-02
838 1 1.04719755e+00 1.94510701e-02
839 1 1.04719755e+00 1.91212433e-02
840 1 1.04719755e+00 1.93444936e-02
841 1 1.04719755e+00 1.88628697e-02
842 1 1.04719755e+00 1.87744954e-02
843 1 1.04719755e+00 1.93065142e-02
844 1 1.04719755e+00 1.90494896e-02
845 1 1.04719755e+00 1.89648578e-02
846 1 1.04719755e+00 1.90338047e-02
847 1 1.04719755e+00 1.89704072e-02
848 1 1.04719755e+00 1.89243180e-02
849 1 1.04719755e+00 1.88393494e-02
850 1 1.04719755e+00 1.88240758e-02
851 1 1.04719755e+00 1.88738613e-02
852 1 1.04719755e+00 1.89432480e-02
853 1 1.04719755e+00 1.92312439e-02
854 1 1.04719755e+00 1.90223736e-02
855 1 1.04719755e+00 1.93088787e-02
856 1 1.04719755e+00 1.92997857e-02
857 1 1.04719755e+00 1.95324766e-02
858 1 1.04719755e+00 1.94926367e-02
859 1 1.04719755e+00 1.95855093e-02
860 1 1.04719755e+00 1.90632851e-02
861 1 1.04719755e+00 1.89698342e-02
862 1 1.04719755e+00 1.90767916e-02
863 1 1.04719755e+00 1.92359298e-02
864 1 1.04719755e+00 1.90627552e-02
865 1 1.04719755e+00 1.89341554e-02
866 1 1.04719755e+00 1.90749548e-02
867 1 1.04719755e+00 1.88579310e-02
868 1 1.04719755e+00 1.90939490e-02
869 1 1.04719755e+00 1.88806093e-02
870 1 1.04719755e+00 1.88580747e-02
871 1 1.04719755e+00 1.90589419e-02
872 1 1.04719755e+00 1.90730878e-02
873 1 1.04719755e+00 1.91162081e-02
874 1 1.04719755e+00 1.90600124e-02
875 1 1.04719755e+00 1.93975578e-02
876 1 1.04719755e+00 1.94405415e-02
877 1 1.04719755e+00 1.90378359e-02
878 1 1.04719755e+00 1.92855509e-02
879 1 1.04719755e+00 1.87875019e-02
880 1 1.04719755e+00 1.94039921e-02
881 1 1.04719755e+00 1.92434260e-02
882 1 1.04719755e+00 1.90438810e-02
883 1 1.04719755e+00 1.90753109e-02
884 1 1.04719755e+00 1.88554610e-02
885 1 1.04719755e+00 1.89916202e-02
886 1 1.04719755e+00 1.90750527e-02
887 1 1.04719755e+00 1.96175139e-02
888 1 1.04719755e+00 1.86211756e-02
889 1 1.04719755e+00 1.91094585e-02
890 1 1.04719755e+00 1.91677802e-02
891 1 1.04719755e+00 1.92639704e-02
892 1 1.04719755e+00 1.89352625e-02
893 1 1.04719755e+00 1.92094444e-02
894 1 1.04719755e+00 1.89946726e-02
895 1 1.04719755e+00 1.88375110e-02
896 1 1.04719755e+00 1.88634197e-02
897 1 1.04719755e+00 1.91499870e-02
898 1 1.04719755e+00 1.87308424e-02
899 1 1.04719755e+00 1.90245195e-02
900 1 1.04719755e+00 1.91378220e-02
901 1 1.04719755e+00 1.94090551e-02
902 1 1.04719755e+00 1.92717706e-02
903 1 1.04719755e+00 1.91673475e-02
904 1 1.04719755e+00 1.97128951e-02
905 1 1.04719755e+00 1.91024526e-02
906 1 1.04719755e+00 1.91847953e-02
907 1 1.04719755e+00 1.86984394e-02
908 1 1.04719755e+00 1.92719429e-02
909 1 1.04719755e+00 1.92118746e-02
910 1 1.04719755e+00 1.90679215e-02
911 1 1.04719755e+00 1.89232464e-02
912 1 1.04719755e+00 1.94571349e-02
913 1 1.04719755e+00 1.92046180e-02
914 1 1.04719755e+00 1.90111474e-02
915 1 1.04719755e+00 1.93086439e-02
916 1 1.04719755e+00 1.89116580e-02
917 1 1.04719755e+00 1.90149634e-02
918 1 1.04719755e+00 1.91923207e-02
919 1 1.04719755e+00 1.91036513e-02
920 1 1.04719755e+00 1.91219530e-02
921 1 1.04719755e+00 1.90915575e-02
922 1 1.04719755e+00 1.91093712e-02
923 1 1.04719755e+00 1.86707262e-02
924 1 1.04719755e+00 1.91048227e-02
925 1 1.04719755e+00 1.93832690e-02
926 1 1.04719755e+00 1.91681876e-02
927 1 1.04719755e+00 1.93986463e-02
928 1 1.04719755e+00 1.92145536e-02
929 1 1.04719755e+00 1.92993714e-02
930 1 1.04719755e+00 1.91129600e-02
931 1 1.04719755e+00 1.90017248e-02
932 1 1.04719755e+00 1.94433407e-02
933 1 1.04719755e+00 1.90570119e-02
934 1 1.04719755e+00 1.91468008e-02
935 1 1.04719755e+00 1.93879734e-02
936 1 1.04719755e+00 1.90677891e-02
937 1 1.04719755e+00 1.91773936e-02
938 1 1.04719755e+00 1.90849470e-02
939 1 1.04719755e+00 1.92318383e-02
940 1 1.04719755e+00 1.95510841e-02
941 1 1.04719755e+00 1.92571813e-02
942 1 1.04719755e+00 1.95594103e-02
943 1 1.04719755e+00 1.90122208e-02
944 1 1.04719755e+00 1.87335319e-02
945 1 1.04719755e+00 1.91920474e-02
946 1 1.04719755e+00 1.92917775e-02
947 1 1.04719755e+00 1.93108757e-02
948 1 1.04719755e+00 1.92032751e-02
949 1 1.04719755e+00 1.88901816e-02
950 1 1.04719755e+00 1.89811244e-02
951 1 1.04719755e+00 1.89960912e-02
952 1 1.04719755e+00 1.92147797e-02
953 1 1.04719755e+00 1.95554037e-02
954 1 1.04719755e+00 1.92644808e-02
955 1 1.04719755e+00 1.92948304e-02
956 1 1.04719755e+00 1.92826973e-02
957 1 1.04719755e+00 1.92929095e-02
958 1 1.04719755e+00 1.95966537e-02
959 1 1.04719755e+00 1.90977927e-02
960 1 1.04719755e+00 1.88761326e-02
961 1 1.04719755e+00 1.91342531e-02
962 1 1.04719755e+00 1.91067659e-02
963 1 1.04719755e+00 1.92290211e-02
964 1 1.04719755e+00 1.93275020e-02
965 1 1.04719755e+00 1.91733354e-02
966 1 1.04719755e+00 1.88977243e-02
967 1 1.04719755e+00 1.89724403e-02
968 1 1.04719755e+00 1.95329765e-02
969 1 1.04719755e+00 1.91581687e-02
970 1 1.04719755e+00 1.90782047e-02
971 1 1.04719755e+00 1.91848305e-02
972 1 1.04719755e+00 1.89354897e-02
973 1 1.04719755e+00 1.91986675e-02
974 1 1.04719755e+00 1.94038639e-02
975 1 1.04719755e+00 1.90624360e-02
976 1 1.04719755e+00 1.88982371e-02
977 1 1.04719755e+00 1.94407146e-02
978 1 1.04719755e+00 1.92626317e-02
979 1 1.04719755e+00 1.92081943e-02
980 1 1.04719755e+00 1.88680934e-02
981 1 1.04719755e+00 1.89904990e-02
982 1 1.04719755e+00 1.92349431e-02
983 1 1.04719755e+00 1.93483163e-02
984 1 1.04719755e+00 1.91488916e-02
985 1 1.04719755e+00 1.92540164e-02
986 1 1.04719755e+00 1.94439725e-02
987 1 1.04719755e+00 1.92446352e-02
988 1 1.04719755e+00 1.94241800e-02
989 1 1.04719755e+00 1.92491129e-02
990 1 1.04719755e+00 1.88911767e-02
991 1 1.04719755e+00 1.88773436e-02
992 1 1.04719755e+00 1.91363641e-02
993 1 1.04719755e+00 1.91024455e-02
994 1 1.04719755e+00 1.86499919e-02
995 1 1.04719755e+00 1.93290577e-02
996 1 1.04719755e+00 1.91476938e-02
997 1 1.04719755e+00 1.90109874e-02
998 1 1.04719755e+00 1.92579515e-02
999 1 1.04719755e+00 1.89790867e-02
1000 1 1.04719755e+00 1.89812656e-02
1001 1 1.04719755e+00 1.89133934e-02
1002 1 1.04719755e+00 1.91781070e-02
1003 1 1.04719755e+00 1.91037571e-02
1004 1 1.04719755e+00 1.92494418e-02
1005 1 1.04719755e+00 1.91759485e-02
1006 1 1.04719755e+00 1.91400481e-02
1007 1 1.04719755e+00 1.90482735e-02
1008 1 1.04719755e+00 1.89003475e-02
1009 1 1.04719755e+00 1.85148053e-02
1010 1 1.04719755e+00 1.89388315e-02
1011 1 1.04719755e+00 1.91968227e-02
1012 1 1.04719755e+00 1.88549208e-02
0 2 2.09439510e+00 3.28576781e-02
1 2 2.09439510e+00 3.25136945e-02
2 2 2.09439510e+00 3.33957644e-02
3 2 2.09439510e+00 3.27479202e-02
4 2 2.09439510e+00 3.33488814e-02
5 2 2.09439510e+00 3.28553857e-02
6 2 2.09439510e+00 3.30576795e-02
7 2 2.09439510e+00 3.28743015e-02
8 2 2.09439510e+00 3.24202434e-02
9 2 2.09439510e+00 3.27437767e-02
10 2 2.09439510e+00 3.21854723e-02
11 2 2.09439510e+00 3.22543608e-02
12 2 2.09439510e+00 3.33454428e-02
13 2 2.09439510e+00 3.35783511e-02
14 2 2.09439510e+00 3.34084899e-02
15 2 2.09439510e+00 3.31179140e-02
16 2 2.09439510e+00 3.30089374e-02
17 2 2.09439510e+00 3.27594668e-02
18 2 2.09439510e+00 3.29931947e-02
19 2 2.09439510e+00 3.29273931e-02
20 2 2.09439510e+00 3.31176699e-02
21 2 2.09439510e+00 3.31131315e-02
22 2 2.09439510e+00 3.28452047e-02
23 2 2.09439510e+00 3.25577409e-02
24 2 2.09439510e+00 3.26266882e-02
25 2 2.09439510e+00 3.28947068e-02
26 2 2.09439510e+00 3.24976325e-02
27 2 2.09439510e+00 3.22369699e-02
28 2 2.09439510e+00 3.33042110e-02
29 2 2.09439510e+00 3.28069243e-02
30 2 2.09439510e+00 3.21277777e-02
31 2 2.09439510e+00 3.24820726e-02
32 2 2.09439510e+00 3.29391213e-02
33 2 2.09439510e+00 3.27630960e-02
34 2 2.09439510e+00 3.25224515e-02
35 2 2.09439510e+00 3.30600558e-02
36 2 2.09439510e+00 3.28174195e-02
37 2 2.09439510e+00 3.26523115e-02
38 2 2.09439510e+00 3.34182880e-02
39 2 2.09439510e+00 3.30831430e-02
40 2 2.09439510e+00 3.30423101e-02
41 2 2.09439510e+00 3.29033001e-02
42 2 2.09439510e+00 3.28915212e-02
43 2 2.09439510e+00 3.31178163e-02
44 2 2.09439510e+00 3.25991379e-02
45 2 2.09439510e+00 3.26692655e-02
46 2 2.09439510e+00 3.24656960e-02
47 2 2.09439510e+00 3.27838697e-02
48 2 2.09439510e+00 3.29568064e-02
49 2 2.09439510e+00 3.15801951e-02
50 2 2.09439510e+00 3.33422918e-02
51 2 2.09439510e+00 3.28601679e-02
52 2 2.09439510e+00 3.27573848e-02
53 2 2.09439510e+00 3.36773358e-02
54 2 2.09439510e+00 3.33686584e-02
55 2 2.09439510e+00 3.31032347e-02
56 2 2.09439510e+00 3.30545998e-02
57 2 2.09439510e+00 3.27813154e-02
58 2 2.09439510e+00 3.27024656e-02
59 2 2.09439510e+00 3.27014905e-02
60 2 2.09439510e+00 3.26516703e-02
61 2 2.09439510e+00 3.25341717e-02
62 2 2.09439510e+00 3.34114532e-02
63 2 2.09439510e+00 3.27929514e-02
64 2 2.09439510e+00 3.30942150e-02
65 2 2.09439510e+00 3.28449246e-02
66 2 2.09439510e+00 3.23622119e-02
67 2 2.09439510e+00 3.29748598e-02
68 2 2.09439510e+00 3.32589823e-02
69 2 2.09439510e+00 3.23652666e-02
70 2 2.09439510e+00 3.24837473e-02
71 2 2.09439510e+00 3.31016297e-02
72 2 2.09439510e+00 3.31376904e-02
73 2 2.09439510e+00 3.27906438e-02
74 2 2.09439510e+00 3.22671936e-02
75 2 2.09439510e+00 3.20768176e-02
76 2 2.09439510e+00 3.24699843e-02
77 2 2.09439510e+00 3.24302468e-02
78 2 2.09439510e+00 3.33411257e-02
79 2 2.09439510e+00 3.33508034e-02
80 2 2.09439510e+00 3.28551338e-02
81 2 2.09439510e+00 3.27214139e-02
82 2 2.09439510e+00 3.25584823e-02
83 2 2.09439510e+00 3.26721262e-02
84 2 2.09439510e+00 3.27948100e-02
85 2 2.09439510e+00 3.32558061e-02
86 2 2.09439510e+00 3.23799914e-02
87 2 2.09439510e+00 3.22263600e-02
88 2 2.09439510e+00 3.22535149e-02
89 2 2.09439510e+00 3.23301268e-02
90 2 2.09439510e+00 3.25845434e-02
91 2 2.09439510e+00 3.29404917e-02
92 2 2.09439510e+00 3.24159354e-02
93 2 2.09439510e+00 3.28687037e-02
94 2 2.09439510e+00 3.28190244e-02
95 2 2.09439510e+00 3.27167951e-02
96 2 2.09439510e+00 3.29142413e-02
97 2 2.09439510e+00 3.30769643e-02
98 2 2.09439510e+00 3.32760503e-02
99 2 2.09439510e+00 3.30811636e-02
100 2 2.09439510e+00 3.22322164e-02
101 2 2.09439510e+00 3.27008859e-02
102 2 2.09439510e+00 3.25179820e-02
103 2 2.09439510e+00 3.22898192e-02
104 2 2.09439510e+00 3.29134696e-02
105 2 2.09439510e+00 3.25145770e-02
106 2 2.09439510e+00 3.31933044e-02
107 2 2.09439510e+00 3.29483863e-02
108 2 2.09439510e+00 3.29443679e-02
109 2 2.09439510e+00 3.32149736e-02
110 2 2.09439510e+00 3.18473888e-02
111 2 2.09439510e+00 3.32337613e-02
112 2 2.09439510e+00 3.27214225e-02
113 2 2.09439510e+00 3.29548759e-02
114 2 2.09439510e+00 3.30168254e-02
115 2 2.09439510e+00 3.26679297e-02
116 2 2.09439510e+00 3.29479322e-02
117 2 2.09439510e+00 3.33420436e-02
118 2 2.09439510e+00 3.28771320e-02
119 2 2.09439510e+00 3.27729609e-02
120 2 2.09439510e+00 3.27077211e-02
121 2 2.09439510e+00 3.23892954e-02
122 2 2.09439510e+00 3.21154792e-02
123 2 2.09439510e+00 3.24394217e-02
124 2 2.09439510e+00 3.29540651e-02
125 2 2.09439510e+00 3.35602266e-02
126 2 2.09439510e+00 3.34112704e-02
127 2 2.09439510e+00 3.34951795e-02
128 2 2.09439510e+00 3.22670253e-02
129 2 2.09439510e+00 3.31039101e-02
130 2 2.09439510e+00 3.36744262e-02
131 2 2.09439510e+00 3.16718702e-02
132 2 2.09439510e+00 3.34924520e-02
133 2 2.09439510e+00 3.27691767e-02
134 2 2.09439510e+00 3.31188364e-02
135 2 2.09439510e+00 3.25123890e-02
136 2 2.09439510e+00 3.21959920e-02
137 2 2.09439510e+00 3.30497672e-02
138 2 2.09439510e+00 3.23686601e-02
139 2 2.09439510e+00 3.26878137e-02
140 2 2.09439510e+00 3.27906581e-02
141 2 2.09439510e+00 3.32951734e-02
142 2 2.09439510e+00 3.28618673e-02
143 2 2.09439510e+00 3.30863750e-02
144 2 2.09439510e+00 3.29380006e-02
145 2 2.09439510e+00 3.23883192e-02
146 2 2.09439510e+00 3.25224352e-02
147 2 2.09439510e+00 3.26273183e-02
148 2 2.09439510e+00 3.29737022e-02
149 2 2.09439510e+00 3.28319387e-02
150 2 2.09439510e+00 3.29031476e-02
151 2 2.09439510e+00 3.19655079e-02
152 2 2.09439510e+00 3.24437353e-02
153 2 2.09439510e+00 3.36917322e-02
154 2 2.09439510e+00 3.30286396e-02
155 2 2.09439510e+00 3.26287078e-02
156 2 2.09439510e+00 3.28806458e-02
157 2 2.09439510e+00 3.28902369e-02
158 2 2.09439510e+00 3.26350101e-02
159 2 2.09439510e+00 3.31857561e-02
160 2 2.09439510e+00 3.30246832e-02
161 2 2.09439510e+00 3.28149774e-02
162 2 2.09439510e+00 3.27403457e-02
163 2 2.09439510e+00 3.23648044e-02
164 2 2.09439510e+00 3.31143632e-02
165 2 2.09439510e+00 3.36426515e-02
166 2 2.09439510e+00 3.28137594e-02
167 2 2.09439510e+00 3.27087444e-02
168 2 2.09439510e+00 3.22072142e-02
169 2 2.09439510e+00 3.23776277e-02
170 2 2.09439510e+00 3.29844143e-02
171 2 2.09439510e+00 3.23323508e-02
172 2 2.09439510e+00 3.31340291e-02
173 2 2.09439510e+00 3.24623463e-02
174 2 2.09439510e+00 3.29749103e-02
175 2 2.09439510e+00 3.30500695e-02
176 2 2.09439510e+00 3.33193551e-02
177 2 2.09439510e+00 3.33083766e-02
178 2 2.09439510e+00 3.29114176e-02
179 2 2.09439510e+00 3.27159934e-02
180 2 2.09439510e+00 3.24538107e-02
181 2 2.09439510e+00 3.27274639e-02
182 2 2.09439510e+00 3.23157530e-02
183 2 2.09439510e+00 3.27034974e-02
184 2 2.09439510e+00 3.26807782e-02
185 2 2.09439510e+00 3.20641983e-02
186 2 2.09439510e+00 3.19733446e-02
187 2 2.09439510e+00 3.23074241e-02
188 2 2.09439510e+00 3.23701865e-02
189 2 2.09439510e+00 3.32998948e-02
190 2 2.09439510e+00 3.27240319e-02
191 2 2.09439510e+00 3.28867968e-02
192 2 2.09439510e+00 3.35470061e-02
193 2 2.09439510e+00 3.31167135e-02
194 2 2.09439510e+00 3.26819464e-02
195 2 2.09439510e+00 3.29833016e-02
196 2 2.09439510e+00 3.32209548e-02
197 2 2.09439510e+00 3.31424737e-02
198 2 2.09439510e+00 3.22057415e-02
199 2 2.09439510e+00 3.26721885e-02
200 2 2.09439510e+00 3.23462818e-02
201 2 2.09439510e+00 3.28840184e-02
202 2 2.09439510e+00 3.33188235e-02
203 2 2.09439510e+00 3.27384601e-02
204 2 2.09439510e+00 3.27791341e-02
205 2 2.09439510e+00 3.31173219e-02
206 2 2.09439510e+00 3.26422358e-02
207 2 2.09439510e+00 3.23749164e-02
208 2 2.09439510e+00 3.29413859e-02
209 2 2.09439510e+00 3.19565299e-02
210 2 2.09439510e+00 3.22537435e-02
211 2 2.09439510e+00 3.28884008e-02
212 2 2.09439510e+00 3.28771867e-02
213 2 2.09439510e+00 3.24134729e-02
214 2 2.09439510e+00 3.29614307e-02
215 2 2.09439510e+00 3.24121782e-02
216 2 2.09439510e+00 3.25468752e-02
217 2 2.09439510e+00 3.32516790e-02
218 2 2.09439510e+00 3.27862828e-02
219 2 2.09439510e+00 3.35990909e-02
220 2 2.09439510e+00 3.33585015e-02
221 2 2.09439510e+00 3.34142782e-02
222 2 2.09439510e+00 3.27533843e-02
223 2 2.09439510e+00 3.31373095e-02
224 2 2.09439510e+00 3.27363748e-02
225 2 2.09439510e+00 3.24392543e-02
226 2 2.09439510e+00 3.28686678e-02
227 2 2.09439510e+00 3.25604295e-02
228 2 2.09439510e+00 3.28687807e-02
229 2 2.09439510e+00 3.19366283e-02
230 2 2.09439510e+00 3.34055461e-02
231 2 2.09439510e+00 3.23525703e-02
232 2 2.09439510e+00 3.14949113e-02
233 2 2.09439510e+00 3.23408085e-02
234 2 2.09439510e+00 3.28899568e-02
235 2 2.09439510e+00 3.22602563e-02
236 2 2.09439510e+00 3.29534021e-02
237 2 2.09439510e+00 3.33038616e-02
238 2 2.09439510e+00 3.30240460e-02
239 2 2.09439510e+00 3.28695009e-02
240 2 2.09439510e+00 3.28033862e-02
241 2 2.09439510e+00 3.28654905e-02
242 2 2.09439510e+00 3.24438964e-02
243 2 2.09439510e+00 3.33457053e-02
244 2 2.09439510e+00 3.26763886e-02
245 2 2.09439510e+00 3.31673936e-02
246 2 2.09439510e+00 3.29830807e-02
247 2 2.09439510e+00 3.26687822e-02
248 2 2.09439510e+00 3.27191076e-02
249 2 2.09439510e+00 3.25730435e-02
250 2 2.09439510e+00 3.25519932e-02
251 2 2.09439510e+00 3.26078129e-02
252 2 2.09439510e+00 3.35344006e-02
253 2 2.09439510e+00 3.29731894e-02
254 2 2.09439510e+00 3.25493897e-02
255 2 2.09439510e+00 3.30370072e-02
256 2 2.09439510e+00 3.28212665e-02
257 2 2.09439510e+00 3.21011008e-02
258 2 2.09439510e+00 3.22977103e-02
259 2 2.09439510e+00 3.29742860e-02
260 2 2.09439510e+00 3.29429530e-02
261 2 2.09439510e+00 3.31199477e-02
262 2 2.09439510e+00 3.20993875e-02
263 2 2.09439510e+00 3.27846769e-02
264 2 2.09439510e+00 3.31804657e-02
265 2 2.09439510e+00 3.33873456e-02
266 2 2.09439510e+00 3.24486561e-02
267 2 2.09439510e+00 3.29477405e-02
268 2 2.09439510e+00 3.31849358e-02
269 2 2.09439510e+00 3.22437074e-02
270 2 2.09439510e+00 3.27360189e-02
271 2 2.09439510e+00 3.30464598e-02
272 2 2.09439510e+00 3.28285314e-02
273 2 2.09439510e+00 3.22245832e-02
274 2 2.09439510e+00 3.21227415e-02
275 2 2.09439510e+00 3.23221084e-02
276 2 2.09439510e+00 3.28037419e-02
277 2 2.09439510e+00 3.30872323e-02
278 2 2.09439510e+00 3.29998882e-02
279 2 2.09439510e+00 3.27509180e-02
280 2 2.09439510e+00 3.29272668e-02
281 2 2.09439510e+00 3.28964598e-02
282 2 2.09439510e+00 3.30317335e-02
283 2 2.09439510e+00 3.29299086e-02
284 2 2.09439510e+00 3.26343302e-02
285 2 2.09439510e+00 3.25957497e-02
286 2 2.09439510e+00 3.32545309e-02
287 2 2.09439510e+00 3.27189655e-02
288 2 2.09439510e+00 3.28028643e-02
289 2 2.09439510e+00 3.18216485e-02
290 2 2.09439510e+00 3.28684943e-02
291 2 2.09439510e+00 3.28864690e-02
292 2 2.09439510e+00 3.25286933e-02
293 2 2.09439510e+00 3.27007902e-02
294 2 2.09439510e+00 3.29307409e-02
295 2 2.09439510e+00 3.30254473e-02
296 2 2.09439510e+00 3.27573830e-02
297 2 2.09439510e+00 3.35761984e-02
298 2 2.09439510e+00 3.27717210e-02
299 2 2.09439510e+00 3.33067265e-02
300 2 2.09439510e+00 3.22561480e-02
301 2 2.09439510e+00 3.33786328e-02
302 2 2.09439510e+00 3.24659950e-02
303 2 2.09439510e+00 3.29130729e-02
304 2 2.09439510e+00 3.37376011e-02
305 2 2.09439510e+00 3.25496918e-02
306 2 2.09439510e+00 3.30646544e-02
307 2 2.09439510e+00 3.29664193e-02
308 2 2.09439510e+00 3.30602165e-02
309 2 2.09439510e+00 3.31947792e-02
310 2 2.09439510e+00 3.27781842e-02
311 2 2.09439510e+00 3.29041622e-02
312 2 2.09439510e+00 3.32624942e-02
313 2 2.09439510e+00 3.29487654e-02
314 2 2.09439510e+00 3.26769566e-02
315 2 2.09439510e+00 3.21454935e-02
316 2 2.09439510e+00 3.26608603e-02
317 2 2.09439510e+00 3.29627509e-02
318 2 2.09439510e+00 3.29071008e-02
319 2 2.09439510e+00 3.32563482e-02
320 2 2.09439510e+00 3.20024047e-02
321 2 2.09439510e+00 3.25355882e-02
322 2 2.09439510e+00 3.25830145e-02
323 2 2.09439510e+00 3.28189416e-02
324 2 2.09439510e+00 3.32085003e-02
325 2 2.09439510e+00 3.29597208e-02
326 2 2.09439510e+00 3.24652248e-02
327 2 2.09439510e+00 3.23075714e-02
328 2 2.09439510e+00 3.25346058e-02
329 2 2.09439510e+00 3.22281925e-02
330 2 2.09439510e+00 3.27666185e-02
331 2 2.09439510e+00 3.21957818e-02
332 2 2.09439510e+00 3.33184529e-02
333 2 2.09439510e+00 3.30165060e-02
334 2 2.09439510e+00 3.27042562e-02
335 2 2.09439510e+00 3.27528043e-02
336 2 2.09439510e+00 3.29797142e-02
337 2 2.09439510e+00 3.28452046e-02
338 2 2.09439510e+00 3.23630340e-02
339 2 2.09439510e+00 3.31091661e-02
340 2 2.09439510e+00 3.27076115e-02
341 2 2.09439510e+00 3.30322254e-02
342 2 2.09439510e+00 3.34509823e-02
343 2 2.09439510e+00 3.32520911e-02
344 2 2.09439510e+00 3.37598963e-02
345 2 2.09439510e+00 3.24417315e-02
346 2 2.09439510e+00 3.27692523e-02
347 2 2.09439510e+00 3.19114225e-02
348 2 2.09439510e+00 3.29620575e-02
349 2 2.09439510e+00 3.25655996e-02
350 2 2.09439510e+00 3.34555943e-02
351 2 2.09439510e+00 3.33857941e-02
352 2 2.09439510e+00 3.19793864e-02
353 2 2.09439510e+00 3.28502792e-02
354 2 2.09439510e+00 3.30289524e-02
355 2 2.09439510e+00 3.36558853e-02
356 2 2.09439510e+00 3.22131820e-02
357 2 2.09439510e+00 3.24488541e-02
358 2 2.09439510e+00 3.29307575e-02
359 2 2.09439510e+00 3.24414083e-02
360 2 2.09439510e+00 3.28910723e-02
361 2 2.09439510e+00 3.24620943e-02
362 2 2.09439510e+00 3.25216012e-02
363 2 2.09439510e+00 3.27629993e-02
364 2 2.09439510e+00 3.24445098e-02
365 2 2.09439510e+00 3.28176622e-02
366 2 2.09439510e+00 3.28249693e-02
367 2 2.09439510e+00 3.27267107e-02
368 2 2.09439510e+00 3.24845555e-02
369 2 2.09439510e+00 3.28756724e-02
370 2 2.09439510e+00 3.24242434e-02
371 2 2.09439510e+00 3.25070997e-02
372 2 2.09439510e+00 3.26523836e-02
373 2 2.09439510e+00 3.29239832e-02
374 2 2.09439510e+00 3.24739878e-02
375 2 2.09439510e+00 3.25826088e-02
376 2 2.09439510e+00 3.30629445e-02
377 2 2.09439510e+00 3.29532807e-02
378 2 2.09439510e+00 3.29698709e-02
379 2 2.09439510e+00 3.31119049e-02
380 2 2.09439510e+00 3.28909081e-02
381 2 2.09439510e+00 3.31134076e-02
382 2 2.09439510e+00 3.27333988e-02
383 2 2.09439510e+00 3.29534896e-02
384 2 2.09439510e+00 3.29380929e-02
385 2 2.09439510e+00 3.30662376e-02
386 2 2.09439510e+00 3.26414404e-02
387 2 2.09439510e+00 3.33357676e-02
388 2 2.09439510e+00 3.31459702e-02
389 2 2.09439510e+00 3.22949077e-02
390 2 2.09439510e+00 3.31938885e-02
391 2 2.09439510e+00 3.20353404e-02
392 2 2.09439510e+00 3.37046540e-02
393 2 2.09439510e+00 3.25586739e-02
394 2 2.09439510e+00 3.33678643e-02
395 2 2.09439510e+00 3.27743957e-02
396 2 2.09439510e+00 3.26561405e-02
397 2 2.09439510e+00 3.30365896e-02
398 2 2.09439510e+00 3.35027782e-02
399 2 2.09439510e+00 3.28897634e-02
400 2 2.09439510e+00 3.30742180e-02
401 2 2.09439510e+00 3.33805399e-02
402 2 2.09439510e+00 3.28763964e-02
403 2 2.09439510e+00 3.31473775e-02
404 2 2.09439510e+00 3.33560829e-02
405 2 2.09439510e+00 3.25759127e-02
406 2 2.09439510e+00 3.22352987e-02
407 2 2.09439510e+00 3.31424815e-02
408 2 2.09439510e+00 3.34526414e-02
409 2 2.09439510e+00 3.30040249e-02
410 2 2.09439510e+00 3.24467217e-02
411 2 2.09439510e+00 3.24812509e-02
412 2 2.09439510e+00 3.29898851e-02
413 2 2.09439510e+00 3.32814716e-02
414 2 2.09439510e+00 3.25485905e-02
415 2 2.09439510e+00 3.25453348e-02
416 2 2.09439510e+00 3.34121081e-02
417 2 2.09439510e+00 3.29297335e-02
418 2 2.09439510e+00 3.30041238e-02
419 2 2.09439510e+00 3.30779195e-02
420 2 2.09439510e+00 3.25589044e-02
421 2 2.09439510e+00 3.29810179e-02
422 2 2.09439510e+00 3.23530639e-02
423 2 2.09439510e+00 3.26196668e-02
424 2 2.09439510e+00 3.18040250e-02
425 2 2.09439510e+00 3.32809706e-02
426 2 2.09439510e+00 3.31924751e-02
427 2 2.09439510e+00 3.26862089e-02
428 2 2.09439510e+00 3.32210792e-02
429 2 2.09439510e+00 3.30678653e-02
430 2 2.09439510e+00 3.27150732e-02
431 2 2.09439510e+00 3.31131637e-02
432 2 2.09439510e+00 3.28815381e-02
433 2 2.09439510e+00 3.30840272e-02
434 2 2.09439510e+00 3.26870651e-02
435 2 2.09439510e+00 3.30002724e-02
436 2 2.09439510e+00 3.29909785e-02
437 2 2.09439510e+00 3.26827724e-02
438 2 2.09439510e+00 3.30534323e-02
439 2 2.09439510e+00 3.29169945e-02
440 2 2.09439510e+00 3.28078079e-02
441 2 2.09439510e+00 3.27441648e-02
442 2 2.09439510e+00 3.30571128e-02
443 2 2.09439510e+00 3.26666254e-02
444 2 2.09439510e+00 3.25280423e-02
445 2 2.09439510e+00 3.17873511e-02
446 2 2.09439510e+00 3.23747451e-02
447 2 2.09439510e+00 3.26377074e-02
448 2 2.09439510e+00 3.31805091e-02
449 2 2.09439510e+00 3.26619690e-02
450 2 2.09439510e+00 3.33052661e-02
451 2 2.09439510e+00 3.27694294e-02
452 2 2.09439510e+00 3.34234739e-02
453 2 2.09439510e+00 3.34841928e-02
454 2 2.09439510e+00 3.26291475e-02
455 2 2.09439510e+00 3.26048298e-02
456 2 2.09439510e+00 3.29138527e-02
457 2 2.09439510e+00 3.28860579e-02
458 2 2.09439510e+00 3.33621125e-02
459 2 2.09439510e+00 3.31529817e-02
460 2 2.09439510e+00 3.29648825e-02
461 2 2.09439510e+00 3.30426239e-02
462 2 2.09439510e+00 3.28721958e-02
463 2 2.09439510e+00 3.27284910e-02
464 2 2.09439510e+00 3.34880953e-02
465 2 2.09439510e+00 3.30304031e-02
466 2 2.09439510e+00 3.29798748e-02
467 2 2.09439510e+00 3.24595454e-02
468 2 2.09439510e+00 3.25548985e-02
469 2 2.09439510e+00 3.19106304e-02
470 2 2.09439510e+00 3.27672049e-02
471 2 2.09439510e+00 3.27497166e-02
472 2 2.09439510e+00 3.27346518e-02
473 2 2.09439510e+00 3.30352890e-02
474 2 2.09439510e+00 3.32147273e-02
475 2 2.09439510e+00 3.28415400e-02
476 2 2.09439510e+00 3.24030649e-02
477 2 2.09439510e+00 3.24669346e-02
478 2 2.09439510e+00 3.31147735e-02
479 2 2.09439510e+00 3.26116080e-02
480 2 2.09439510e+00 3.22389357e-02
481 2 2.09439510e+00 3.27740499e-02
482 2 2.09439510e+00 3.27958244e-02
483 2 2.09439510e+00 3.29187150e-02
484 2 2.09439510e+00 3.30190439e-02
485 2 2.09439510e+00 3.29495557e-02
486 2 2.09439510e+00 3.30115972e-02
487 2 2.09439510e+00 3.29350029e-02
488 2 2.09439510e+00 3.26347979e-02
489 2 2.09439510e+00 3.32119662e-02
490 2 2.09439510e+00 3.24819303e-02
491 2 2.09439510e+00 3.24267078e-02
492 2 2.09439510e+00 3.31364354e-02
493 2 2.09439510e+00 3.33328248e-02
494 2 2.09439510e+00 3.25265269e-02
495 2 2.09439510e+00 3.25669179e-02
496 2 2.09439510e+00 3.25752186e-02
497 2 2.09439510e+00 3.28862157e-02
498 2 2.09439510e+00 3.29459917e-02
499 2 2.09439510e+00 3.29750981e-02
500 2 2.09439510e+00 3.26291019e-02
501 2 2.09439510e+00 3.27384667e-02
502 2 2.09439510e+00 3.28041134e-02
503 2 2.09439510e+00 3.29808263e-02
504 2 2.09439510e+00 3.27173933e-02
505 2 2.09439510e+00 3.26383988e-02
506 2 2.09439510e+00 3.23887426e-02
507 2 2.09439510e+00 3.22950588e-02
508 2 2.09439510e+00 3.25407670e-02
509 2 2.09439510e+00 3.34346222e-02
510 2 2.09439510e+00 3.29642977e-02
511 2 2.09439510e+00 3.21585941e-02
512 2 2.09439510e+00 3.30604738e-02
513 2 2.09439510e+00 3.32432770e-02
514 2 2.09439510e+00 3.25463900e-02
515 2 2.09439510e+00 3.32543193e-02
516 2 2.09439510e+00 3.25971326e-02
517 2 2.09439510e+00 3.22770170e-02
518 2 2.09439510e+00 3.28042030e-02
519 2 2.09439510e+00 3.22930979e-02
520 2 2.09439510e+00 3.27101995e-02
521 2 2.09439510e+00 3.19505316e-02
522 2 2.09439510e+00 3.33188352e-02
523 2 2.09439510e+00 3.24136944e-02
524 2 2.09439510e+00 3.25990036e-02
525 2 2.09439510e+00 3.25175628e-02
526 2 2.09439510e+00 3.24517419e-02
527 2 2.09439510e+00 3.31100245e-02
528 2 2.09439510e+00 3.26803036e-02
529 2 2.09439510e+00 3.26545001e-02
530 2 2.09439510e+00 3.22151390e-02
531 2 2.09439510e+00 3.28866395e-02
532 2 2.09439510e+00 3.27775146e-02
533 2 2.09439510e+00 3.29048926e-02
534 2 2.09439510e+00 3.31146626e-02
535 2 2.09439510e+00 3.30654916e-02
536 2 2.09439510e+00 3.31242496e-02
537 2 2.09439510e+00 3.32787731e-02
538 2 2.09439510e+00 3.23177072e-02
539 2 2.09439510e+00 3.34437549e-02
540 2 2.09439510e+00 3.30057516e-02
541 2 2.09439510e+00 3.30080376e-02
542 2 2.09439510e+00 3.26367430e-02
543 2 2.09439510e+00 3.28724511e-02
544 2 2.09439510e+00 3.27932372e-02
545 2 2.09439510e+00 3.26235045e-02
546 2 2.09439510e+00 3.33630633e-02
547 2 2.09439510e+00 3.35712822e-02
548 2 2.09439510e+00 3.28162872e-02
549 2 2.09439510e+00 3.23899954e-02
550 2 2.09439510e+00 3.26377109e-02
551 2 2.09439510e+00 3.29162937e-02
552 2 2.09439510e+00 3.27396575e-02
553 2 2.09439510e+00 3.35361630e-02
554 2 2.09439510e+00 3.25739562e-02
555 2 2.09439510e+00 3.28077576e-02
556 2 2.09439510e+00 3.30261040e-02
557 2 2.09439510e+00 3.32677356e-02
558 2 2.09439510e+00 3.29709992e-02
559 2 2.09439510e+00 3.34298313e-02
560 2 2.09439510e+00 3.32310680e-02
561 2 2.09439510e+00 3.19745422e-02
562 2 2.09439510e+00 3.32524953e-02
563 2 2.09439510e+00 3.31078693e-02
564 2 2.09439510e+00 3.30157307e-02
565 2 2.09439510e+00 3.27758389e-02
566 2 2.09439510e+00 3.23858802e-02
567 2 2.09439510e+00 3.31061336e-02
568 2 2.09439510e+00 3.29426950e-02
569 2 2.09439510e+00 3.28605556e-02
570 2 2.09439510e+00 3.28002168e-02
571 2 2.09439510e+00 3.28028617e-02
572 2 2.09439510e+00 3.29211994e-02
573 2 2.09439510e+00 3.22982469e-02
574 2 2.09439510e+00 3.29514789e-02
575 2 2.09439510e+00 3.31003431e-02
576 2 2.09439510e+00 3.28962876e-02
577 2 2.09439510e+00 3.26486882e-02
578 2 2.09439510e+00 3.33328745e-02
579 2 2.09439510e+00 3.26966775e-02
580 2 2.09439510e+00 3.25375706e-02
581 2 2.09439510e+00 3.25416411e-02
582 2 2.09439510e+00 3.31363153e-02
583 2 2.09439510e+00 3.28734250e-02
584 2 2.09439510e+00 3.24089792e-02
585 2 2.09439510e+00 3.27157874e-02
586 2 2.09439510e+00 3.29489675e-02
587 2 2.09439510e+00 3.30845157e-02
588 2 2.09439510e+00 3.28695731e-02
589 2 2.09439510e+00 3.28022390e-02
590 2 2.09439510e+00 3.29502984e-02
591 2 2.09439510e+00 3.25314345e-02
592 2 2.09439510e+00 3.26627081e-02
593 2 2.09439510e+00 3.24922476e-02
594 2 2.09439510e+00 3.29465957e-02
595 2 2.09439510e+00 3.24143484e-02
596 2 2.09439510e+00 3.31740358e-02
597 2 2.09439510e+00 3.27270077e-02
598 2 2.09439510e+00 3.32780277e-02
599 2 2.09439510e+00 3.31861369e-02
600 2 2.09439510e+00 3.29860036e-02
601 2 2.09439510e+00 3.32112735e-02
602 2 2.09439510e+00 3.27084239e-02
603 2 2.09439510e+00 3.27584824e-02
604 2 2.09439510e+00 3.31105772e-02
605 2 2.09439510e+00 3.31737092e-02
606 2 2.09439510e+00 3.24021329e-02
607 2 2.09439510e+00 3.22460084e-02
608 2 2.09439510e+00 3.27830205e-02
609 2 2.09439510e+00 3.20665261e-02
610 2 2.09439510e+00 3.22420970e-02
611 2 2.09439510e+00 3.24179147e-02
612 2 2.09439510e+00 3.29360778e-02
613 2 2.09439510e+00 3.31758510e-02
614 2 2.09439510e+00 3.32291762e-02
615 2 2.09439510e+00 3.28118633e-02
616 2 2.09439510e+00 3.33277682e-02
617 2 2.09439510e+00 3.33426060e-02
618 2 2.09439510e+00 3.25727609e-02
619 2 2.09439510e+00 3.27449760e-02
620 2 2.09439510e+00 3.30408548e-02
621 2 2.09439510e+00 3.27813078e-02
622 2 2.09439510e+00 3.33179319e-02
623 2 2.09439510e+00 3.31627497e-02
624 2 2.09439510e+00 3.31967037e-02
625 2 2.09439510e+00 3.29605348e-02
626 2 2.09439510e+00 3.29976081e-02
627 2 2.09439510e+00 3.29383405e-02
628 2 2.09439510e+00 3.26553477e-02
629 2 2.09439510e+00 3.21077158e-02
630 2 2.09439510e+00 3.32167088e-02
631 2 2.09439510e+00 3.25130273e-02
632 2 2.09439510e+00 3.25035502e-02
633 2 2.09439510e+00 3.25537431e-02
634 2 2.09439510e+00 3.36336496e-02
635 2 2.09439510e+00 3.22181380e-02
636 2 2.09439510e+00 3.29818707e-02
637 2 2.09439510e+00 3.22593470e-02
638 2 2.09439510e+00 3.26703650e-02
639 2 2.09439510e+00 3.27490892e-02
640 2 2.09439510e+00 3.24101795e-02
641 2 2.09439510e+00 3.27461263e-02
642 2 2.09439510e+00 3.25857110e-02
643 2 2.09439510e+00 3.29480469e-02
644 2 2.09439510e+00 3.32086190e-02
645 2 2.09439510e+00 3.22409110e-02
646 2 2.09439510e+00 3.23226335e-02
647 2 2.09439510e+00 3.23627443e-02
648 2 2.09439510e+00 3.26357451e-02
649 2 2.09439510e+00 3.20853039e-02
650 2 2.09439510e+00 3.29117603e-02
651 2 2.09439510e+00 3.28689964e-02
652 2 2.09439510e+00 3.22716871e-02
653 2 2.09439510e+00 3.31055316e-02
654 2 2.09439510e+00 3.29705343e-02
655 2 2.09439510e+00 3.28579343e-02
656 2 2.09439510e+00 3.27150655e-02
657 2 2.09439510e+00 3.28715675e-02
658 2 2.09439510e+00 3.32431807e-02
659 2 2.09439510e+00 3.26822991e-02
660 2 2.09439510e+00 3.26226930e-02
661 2 2.09439510e+00 3.30224752e-02
662 2 2.09439510e+00 3.34067165e-02
663 2 2.09439510e+00 3.29192185e-02
664 2 2.09439510e+00 3.33471668e-02
665 2 2.09439510e+00 3.20623543e-02
666 2 2.09439510e+00 3.28444006e-02
667 2 2.09439510e+00 3.24899788e-02
668 2 2.09439510e+00 3.28654483e-02
669 2 2.09439510e+00 3.29252634e-02
670 2 2.09439510e+00 3.25592520e-02
671 2 2.09439510e+00 3.30806831e-02
672 2 2.09439510e+00 3.28242535e-02
673 2 2.09439510e+00 3.34832728e-02
674 2 2.09439510e+00 3.26466590e-02
675 2 2.09439510e+00 3.26473076e-02
676 2 2.09439510e+00 3.20951837e-02
677 2 2.09439510e+00 3.28815323e-02
678 2 2.09439510e+00 3.32508311e-02
679 2 2.09439510e+00 3.28367935e-02
680 2 2.09439510e+00 3.33518774e-02
681 2 2.09439510e+00 3.27522524e-02
682 2 2.09439510e+00 3.28986692e-02
683 2 2.09439510e+00 3.22082220e-02
684 2 2.09439510e+00 3.33099147e-02
685 2 2.09439510e+00 3.27211457e-02
686 2 2.09439510e+00 3.32057816e-02
687 2 2.09439510e+00 3.30264097e-02
688 2 2.09439510e+00 3.27468462e-02
689 2 2.09439510e+00 3.28023280e-02
690 2 2.09439510e+00 3.29914546e-02
691 2 2.09439510e+00 3.22819433e-02
692 2 2.09439510e+00 3.24238421e-02
693 2 2.09439510e+00 3.27761208e-02
694 2 2.09439510e+00 3.22016586e-02
695 2 2.09439510e+00 3.26509563e-02
696 2 2.09439510e+00 3.29285314e-02
697 2 2.09439510e+00 3.27575276e-02
698 2 2.09439510e+00 3.29264476e-02
699 2 2.09439510e+00 3.24998318e-02
700 2 2.09439510e+00 3.22285516e-02
701 2 2.09439510e+00 3.29583528e-02
702 2 2.09439510e+00 3.24246249e-02
703 2 2.09439510e+00 3.37569862e-02
704 2 2.09439510e+00 3.28780703e-02
705 2 2.09439510e+00 3.30812114e-02
706 2 2.09439510e+00 3.24316525e-02
707 2 2.09439510e+00 3.19508649e-02
708 2 2.09439510e+00 3.26160293e-02
709 2 2.09439510e+00 3.32596760e-02
710 2 2.09439510e+00 3.32918224e-02
711 2 2.09439510e+00 3.33744682e-02
712 2 2.09439510e+00 3.33021036e-02
713 2 2.09439510e+00 3.21405273e-02
714 2 2.09439510e+00 3.20513418e-02
715 2 2.09439510e+00 3.26555490e-02
716 2 2.09439510e+00 3.25589637e-02
717 2 2.09439510e+00 3.18416351e-02
718 2 2.09439510e+00 3.21301834e-02
719 2 2.09439510e+00 3.24048501e-02
720 2 2.09439510e+00 3.26594405e-02
721 2 2.09439510e+00 3.31147009e-02
722 2 2.09439510e+00 3.24379204e-02
723 2 2.09439510e+00 3.26991946e-02
724 2 2.09439510e+00 3.29973823e-02
725 2 2.09439510e+00 3.21451128e-02
726 2 2.09439510e+00 3.29642583e-02
727 2 2.09439510e+00 3.30226524e-02
728 2 2.09439510e+00 3.27254819e-02
729 2 2.09439510e+00 3.31998487e-02
730 2 2.09439510e+00 3.23417783e-02
731 2 2.09439510e+00 3.29544300e-02
732 2 2.09439510e+00 3.30264554e-02
733 2 2.09439510e+00 3.25240898e-02
734 2 2.09439510e+00 3.28960518e-02
735 2 2.09439510e+00 3.29483866e-02
736 2 2.09439510e+00 3.25902563e-02
737 2 2.09439510e+00 3.30415387e-02
738 2 2.09439510e+00 3.28838233e-02
739 2 2.09439510e+00 3.24581034e-02
740 2 2.09439510e+00 3.32636587e-02
741 2 2.09439510e+00 3.27926741e-02
742 2 2.09439510e+00 3.23037437e-02
743 2 2.09439510e+00 3.32847838e-02
744 2 2.09439510e+00 3.29329868e-02
745 2 2.09439510e+00 3.24274619e-02
746 2 2.09439510e+00 3.27427485e-02
747 2 2.09439510e+00 3.33357706e-02
748 2 2.09439510e+00 3.29535263e-02
749 2 2.09439510e+00 3.30545760e-02
750 2 2.09439510e+00 3.28555211e-02
751 2 2.09439510e+00 3.37871184e-02
752 2 2.09439510e+00 3.38420653e-02
753 2 2.09439510e+00 3.29455326e-02
754 2 2.09439510e+00 3.31927185e-02
755 2 2.09439510e+00 3.23686762e-02
756 2 2.09439510e+00 3.33239102e-02
757 2 2.09439510e+00 3.22568289e-02
758 2 2.09439510e+00 3.28639857e-02
759 2 2.09439510e+00 3.27469368e-02
760 2 2.09439510e+00 3.22979645e-02
761 2 2.09439510e+00 3.26476568e-02
762 2 2.09439510e+00 3.26035360e-02
763 2 2.09439510e+00 3.27524069e-02
764 2 2.09439510e+00 3.31162718e-02
765 2 2.09439510e+00 3.32632921e-02
766 2 2.09439510e+00 3.24766396e-02
767 2 2.09439510e+00 3.23551600e-02
768 2 2.09439510e+00 3.27045893e-02
769 2 2.09439510e+00 3.31124464e-02
770 2 2.09439510e+00 3.25577854e-02
771 2 2.09439510e+00 3.30024395e-02
772 2 2.09439510e+00 3.26999662e-02
773 2 2.09439510e+00 3.25848218e-02
774 2 2.09439510e+00 3.27426898e-02
775 2 2.09439510e+00 3.31738845e-02
776 2 2.09439510e+00 3.27006271e-02
777 2 2.09439510e+00 3.24305000e-02
778 2 2.09439510e+00 3.27092695e-02
779 2 2.09439510e+00 3.34528563e-02
780 2 2.09439510e+00 3.25456329e-02
781 2 2.09439510e+00 3.27919343e-02
782 2 2.09439510e+00 3.32198350e-02
783 2 2.09439510e+00 3.25644834e-02
784 2 2.09439510e+00 3.23460943e-02
785 2 2.09439510e+00 3.24971890e-02
786 2 2.09439510e+00 3.28383176e-02
787 2 2.09439510e+00 3.25056075e-02
788 2 2.09439510e+00 3.28158501e-02
789 2 2.09439510e+00 3.26714440e-02
790 2 2.09439510e+00 3.32533295e-02
791 2 2.09439510e+00 3.28336281e-02
792 2 2.09439510e+00 3.27090049e-02
793 2 2.09439510e+00 3.23192710e-02
794 2 2.09439510e+00 3.26598864e-02
795 2 2.09439510e+00 3.27615816e-02
796 2 2.09439510e+00 3.24469753e-02
797 2 2.09439510e+00 3.23852551e-02
798 2 2.09439510e+00 3.22925816e-02
799 2 2.09439510e+00 3.20516050e-02
800 2 2.09439510e+00 3.37131483e-02
801 2 2.09439510e+00 3.33338500e-02
802 2 2.09439510e+00 3.26369374e-02
803 2 2.09439510e+00 3.29979168e-02
804 2 2.09439510e+00 3.31766287e-02
805 2 2.09439510e+00 3.30594361e-02
806 2 2.09439510e+00 3.32085254e-02
807 2 2.09439510e+00 3.28820246e-02
808 2 2.09439510e+00 3.28114163e-02
809 2 2.09439510e+00 3.29805759e-02
810 2 2.09439510e+00 3.37098945e-02
811 2 2.09439510e+00 3.26827907e-02
812 2 2.09439510e+00 3.29040309e-02
813 2 2.09439510e+00 3.31895900e-02
814 2 2.09439510e+00 3.31515199e-02
815 2 2.09439510e+00 3.31712890e-02
816 2 2.09439510e+00 3.27471118e-02
817 2 2.09439510e+00 3.34875056e-02
818 2 2.09439510e+00 3.28059080e-02
819 2 2.09439510e+00 3.31441665e-02
820 2 2.09439510e+00 3.36421058e-02
821 2 2.09439510e+00 3.21305684e-02
822 2 2.09439510e+00 3.28769320e-02
823 2 2.09439510e+00 3.26451039e-02
824 2 2.09439510e+00 3.26413729e-02
825 2 2.09439510e+00 3.28193229e-02
826 2 2.09439510e+00 3.26818999e-02
827 2 2.09439510e+00 3.27955349e-02
828 2 2.09439510e+00 3.35232771e-02
829 2 2.09439510e+00 3.23227271e-02
830 2 2.09439510e+00 3.26975168e-02
831 2 2.09439510e+00 3.22946364e-02
832 2 2.09439510e+00 3.29339329e-02
833 2 2.09439510e+00 3.33669049e-02
834 2 2.09439510e+00 3.29230816e-02
835 2 2.09439510e+00 3.25884919e-02
836 2 2.09439510e+00 3.24363290e-02
837 2 2.09439510e+00 3.31502989e-02
838 2 2.09439510e+00 3.34137024e-02
839 2 2.09439510e+00 3.28015541e-02
840 2 2.09439510e+00 3.32635592e-02
841 2 2.09439510e+00 3.23618037e-02
842 2 2.09439510e+00 3.22143123e-02
843 2 2.09439510e+00 3.31353196e-02
844 2 2.09439510e+00 3.27384558e-02
845 2 2.09439510e+00 3.25543104e-02
846 2 2.09439510e+00 3.25783482e-02
847 2 2.09439510e+00 3.25071471e-02
848 2 2.09439510e+00 3.24657811e-02
849 2 2.09439510e+00 3.22843346e-02
850 2 2.09439510e+00 3.22757150e-02
851 2 2.09439510e+00 3.23886529e-02
852 2 2.09439510e+00 3.24916622e-02
853 2 2.09439510e+00 3.30498030e-02
854 2 2.09439510e+00 3.25984689e-02
855 2 2.09439510e+00 3.31673024e-02
856 2 2.09439510e+00 3.31570041e-02
857 2 2.09439510e+00 3.35995686e-02
858 2 2.09439510e+00 3.35379066e-02
859 2 2.09439510e+00 3.36303624e-02
860 2 2.09439510e+00 3.26988008e-02
861 2 2.09439510e+00 3.24798078e-02
862 2 2.09439510e+00 3.27479321e-02
863 2 2.09439510e+00 3.30698754e-02
864 2 2.09439510e+00 3.26986617e-02
865 2 2.09439510e+00 3.25006830e-02
866 2 2.09439510e+00 3.28192326e-02
867 2 2.09439510e+00 3.23645419e-02
868 2 2.09439510e+00 3.27216552e-02
869 2 2.09439510e+00 3.23356559e-02
870 2 2.09439510e+00 3.23181274e-02
871 2 2.09439510e+00 3.27595639e-02
872 2 2.09439510e+00 3.27090349e-02
873 2 2.09439510e+00 3.27873997e-02
874 2 2.09439510e+00 3.27405703e-02
875 2 2.09439510e+00 3.33252500e-02
876 2 2.09439510e+00 3.33521154e-02
877 2 2.09439510e+00 3.26598334e-02
878 2 2.09439510e+00 3.30566406e-02
879 2 2.09439510e+00 3.22057224e-02
880 2 2.09439510e+00 3.33655062e-02
881 2 2.09439510e+00 3.30001746e-02
882 2 2.09439510e+00 3.26649509e-02
883 2 2.09439510e+00 3.27108531e-02
884 2 2.09439510e+00 3.23164445e-02
885 2 2.09439510e+00 3.26218599e-02
886 2 2.09439510e+00 3.26765493e-02
887 2 2.09439510e+00 3.37174097e-02
888 2 2.09439510e+00 3.18664319e-02
889 2 2.09439510e+00 3.27745851e-02
890 2 2.09439510e+00 3.29146888e-02
891 2 2.09439510e+00 3.31279920e-02
892 2 2.09439510e+00 3.24839223e-02
893 2 2.09439510e+00 3.29816737e-02
894 2 2.09439510e+00 3.25665449e-02
895 2 2.09439510e+00 3.22790842e-02
896 2 2.09439510e+00 3.23382005e-02
897 2 2.09439510e+00 3.28015250e-02
898 2 2.09439510e+00 3.21187374e-02
899 2 2.09439510e+00 3.26561497e-02
900 2 2.09439510e+00 3.29265223e-02
901 2 2.09439510e+00 3.33078181e-02
902 2 2.09439510e+00 3.31063206e-02
903 2 2.09439510e+00 3.28737816e-02
904 2 2.09439510e+00 3.38945541e-02
905 2 2.09439510e+00 3.27314673e-02
906 2 2.09439510e+00 3.29097537e-02
907 2 2.09439510e+00 3.20275433e-02
908 2 2.09439510e+00 3.30967996e-02
909 2 2.09439510e+00 3.30168621e-02
910 2 2.09439510e+00 3.26967341e-02
911 2 2.09439510e+00 3.24174841e-02
912 2 2.09439510e+00 3.34141626e-02
913 2 2.09439510e+00 3.29230871e-02
914 2 2.09439510e+00 3.26486384e-02
915 2 2.09439510e+00 3.31513750e-02
916 2 2.09439510e+00 3.24087300e-02
917 2 2.09439510e+00 3.26281793e-02
918 2 2.09439510e+00 3.29622982e-02
919 2 2.09439510e+00 3.27586064e-02
920 2 2.09439510e+00 3.28186491e-02
921 2 2.09439510e+00 3.26946051e-02
922 2 2.09439510e+00 3.28104713e-02
923 2 2.09439510e+00 3.19662063e-02
924 2 2.09439510e+00 3.27766823e-02
925 2 2.09439510e+00 3.33732530e-02
926 2 2.09439510e+00 3.28909939e-02
927 2 2.09439510e+00 3.33389976e-02
928 2 2.09439510e+00 3.30523700e-02
929 2 2.09439510e+00 3.31311544e-02
930 2 2.09439510e+00 3.27831606e-02
931 2 2.09439510e+00 3.25572407e-02
932 2 2.09439510e+00 3.34744851e-02
933 2 2.09439510e+00 3.26385689e-02
934 2 2.09439510e+00 3.28217668e-02
935 2 2.09439510e+00 3.33276402e-02
936 2 2.09439510e+00 3.27468965e-02
937 2 2.09439510e+00 3.29055194e-02
938 2 2.09439510e+00 3.27004246e-02
939 2 2.09439510e+00 3.29971765e-02
940 2 2.09439510e+00 3.36885720e-02
941 2 2.09439510e+00 3.30243701e-02
942 2 2.09439510e+00 3.36051244e-02
943 2 2.09439510e+00 3.26503000e-02
944 2 2.09439510e+00 3.21360578e-02
945 2 2.09439510e+00 3.29612478e-02
946 2 2.09439510e+00 3.31076214e-02
947 2 2.09439510e+00 3.31883632e-02
948 2 2.09439510e+00 3.29529018e-02
949 2 2.09439510e+00 3.23759923e-02
950 2 2.09439510e+00 3.25416292e-02
951 2 2.09439510e+00 3.25551323e-02
952 2 2.09439510e+00 3.29459670e-02
953 2 2.09439510e+00 3.35793171e-02
954 2 2.09439510e+00 3.30347394e-02
955 2 2.09439510e+00 3.30720112e-02
956 2 2.09439510e+00 3.31238260e-02
957 2 2.09439510e+00 3.31497363e-02
958 2 2.09439510e+00 3.36575684e-02
959 2 2.09439510e+00 3.28275606e-02
960 2 2.09439510e+00 3.23558011e-02
961 2 2.09439510e+00 3.28394251e-02
962 2 2.09439510e+00 3.27620228e-02
963 2 2.09439510e+00 3.29989017e-02
964 2 2.09439510e+00 3.31853147e-02
965 2 2.09439510e+00 3.28871693e-02
966 2 2.09439510e+00 3.23886526e-02
967 2 2.09439510e+00 3.25287849e-02
968 2 2.09439510e+00 3.35601325e-02
969 2 2.09439510e+00 3.28393816e-02
970 2 2.09439510e+00 3.27873149e-02
971 2 2.09439510e+00 3.29268551e-02
972 2 2.09439510e+00 3.25353682e-02
973 2 2.09439510e+00 3.29321449e-02
974 2 2.09439510e+00 3.32909645e-02
975 2 2.09439510e+00 3.27665341e-02
976 2 2.09439510e+00 3.23806252e-02
977 2 2.09439510e+00 3.33910596e-02
978 2 2.09439510e+00 3.30756978e-02
979 2 2.09439510e+00 3.29727425e-02
980 2 2.09439510e+00 3.23383524e-02
981 2 2.09439510e+00 3.26225094e-02
982 2 2.09439510e+00 3.30512242e-02
983 2 2.09439510e+00 3.32411105e-02
984 2 2.09439510e+00 3.29045245e-02
985 2 2.09439510e+00 3.30726189e-02
986 2 2.09439510e+00 3.34047413e-02
987 2 2.09439510e+00 3.30418948e-02
988 2 2.09439510e+00 3.33177503e-02
989 2 2.09439510e+00 3.30761070e-02
990 2 2.09439510e+00 3.23923299e-02
991 2 2.09439510e+00 3.23416208e-02
992 2 2.09439510e+00 3.27964411e-02
993 2 2.09439510e+00 3.27806293e-02
994 2 2.09439510e+00 3.19921857e-02
995 2 2.09439510e+00 3.31701273e-02
996 2 2.09439510e+00 3.28624957e-02
997 2 2.09439510e+00 3.26191424e-02
998 2 2.09439510e+00 3.30630149e-02
999 2 2.09439510e+00 3.25538736e-02
1000 2 2.09439510e+00 3.25387903e-02
1001 2 2.09439510e+00 3.24355630e-02
1002 2 2.09439510e+00 3.29001929e-02
1003 2 2.09439510e+00 3.27888486e-02
1004 2 2.09439510e+00 3.30557252e-02
1005 2 2.09439510e+00 3.28987851e-02
1006 2 2.09439510e+00 3.28844360e-02
1007 2 2.09439510e+00 3.26615927e-02
1008 2 2.09439510e+00 3.24409827e-02
1009 2 2.09439510e+00 3.17720418e-02
1010 2 2.09439510e+00 3.25187414e-02
1011 2 2.09439510e+00 3.29552564e-02
1012 2 2.09439510e+00 3.23182404e-02
0 3 3.14159265e+00 4.12560632e-02
1 3 3.14159265e+00 4.07546412e-02
2 3 3.14159265e+00 4.19792698e-02
3 3 3.14159265e+00 4.11001886e-02
4 3 3.14159265e+00 4.19498168e-02
5 3 3.14159265e+00 4.11857349e-02
6 3 3.14159265e+00 4.15743870e-02
7 3 3.14159265e+00 4.14141445e-02
8 3 3.14159265e+00 4.05674350e-02
9 3 3.14159265e+00 4.09217994e-02
10 3 3.14159265e+00 4.01185623e-02
11 3 3.14159265e+00 4.03804755e-02
12 3 3.14159265e+00 4.19046014e-02
13 3 3.14159265e+00 4.22368035e-02
14 3 3.14159265e+00 4.21798929e-02
15 3 3.14159265e+00 4.16103795e-02
16 3 3.14159265e+00 4.14430534e-02
17 3 3.14159265e+00 4.11644708e-02
18 3 3.14159265e+00 4.13859038e-02
19 3 3.14159265e+00 4.13330847e-02
20 3 3.14159265e+00 4.16892902e-02
21 3 3.14159265e+00 4.16124826e-02
22 3 3.14159265e+00 4.11661810e-02
23 3 3.14159265e+00 4.08514295e-02
24 3 3.14159265e+00 4.08843753e-02
25 3 3.14159265e+00 4.13831194e-02
26 3 3.14159265e+00 4.07870916e-02
27 3 3.14159265e+00 4.02536099e-02
28 3 3.14159265e+00 4.18605100e-02
29 3 3.14159265e+00 4.11534787e-02
30 3 3.14159265e+00 4.02129841e-02
31 3 3.14159265e+00 4.06528744e-02
32 3 3.14159265e+00 4.14495703e-02
33 3 3.14159265e+00 4.11289678e-02
34 3 3.14159265e+00 4.09109811e-02
35 3 3.14159265e+00 4.15607318e-02
36 3 3.14159265e+00 4.11128868e-02
37 3 3.14159265e+00 4.07837720e-02
38 3 3.14159265e+00 4.20773076e-02
39 3 3.14159265e+00 4.16395168e-02
40 3 3.14159265e+00 4.12931787e-02
41 3 3.14159265e+00 4.12960199e-02
42 3 3.14159265e+00 4.12676372e-02
43 3 3.14159265e+00 4.15609438e-02
44 3 3.14159265e+00 4.09297979e-02
45 3 3.14159265e+00 4.09225560e-02
46 3 3.14159265e+00 4.06112150e-02
47 3 3.14159265e+00 4.10713115e-02
48 3 3.14159265e+00 4.15685612e-02
49 3 3.14159265e+00 3.94938110e-02
50 3 3.14159265e+00 4.18696010e-02
51 3 3.14159265e+00 4.12204249e-02
52 3 3.14159265e+00 4.11355676e-02
53 3 3.14159265e+00 4.24288603e-02
54 3 3.14159265e+00 4.19104339e-02
55 3 3.14159265e+00 4.15345854e-02
56 3 3.14159265e+00 4.13979658e-02
57 3 3.14159265e+00 4.11376863e-02
58 3 3.14159265e+00 4.10104957e-02
59 3 3.14159265e+00 4.10544788e-02
60 3 3.14159265e+00 4.09271824e-02
61 3 3.14159265e+00 4.06957470e-02
62 3 3.14159265e+00 4.21147489e-02
63 3 3.14159265e+00 4.12031756e-02
64 3 3.14159265e+00 4.14028503e-02
65 3 3.14159265e+00 4.12407233e-02
66 3 3.14159265e+00 4.05376035e-02
67 3 3.14159265e+00 4.13734684e-02
68 3 3.14159265e+00 4.18071615e-02
69 3 3.14159265e+00 4.05912126e-02
70 3 3.14159265e+00 4.06986956e-02
71 3 3.14159265e+00 4.15774509e-02
72 3 3.14159265e+00 4.16517329e-02
73 3 3.14159265e+00 4.13411219e-02
74 3 3.14159265e+00 4.03856827e-02
75 3 3.14159265e+00 4.00551953e-02
76 3 3.14159265e+00 4.07231577e-02
77 3 3.14159265e+00 4.05013758e-02
78 3 3.14159265e+00 4.18774605e-02
79 3 3.14159265e+00 4.19620745e-02
80 3 3.14159265e+00 4.12681665e-02
81 3 3.14159265e+00 4.10096971e-02
82 3 3.14159265e+00 4.08914876e-02
83 3 3.14159265e+00 4.09172107e-02
84 3 3.14159265e+00 4.11150809e-02
85 3 3.14159265e+00 4.17832393e-02
86 3 3.14159265e+00 4.04535104e-02
87 3 3.14159265e+00 4.03007494e-02
88 3 3.14159265e+00 4.03632981e-02
89 3 3.14159265e+00 4.05207793e-02
90 3 3.14159265e+00 4.10045652e-02
91 3 3.14159265e+00 4.13566483e-02
92 3 3.14159265e+00 4.05099555e-02
93 3 3.14159265e+00 4.12348137e-02
94 3 3.14159265e+00 4.12072420e-02
95 3 3.14159265e+00 4.07998083e-02
96 3 3.14159265e+00 4.13318513e-02
97 3 3.14159265e+00 4.14625098e-02
98 3 3.14159265e+00 4.18139236e-02
99 3 3.14159265e+00 4.17679096e-02
100 3 3.14159265e+00 4.03283914e-02
101 3 3.14159265e+00 4.10257486e-02
102 3 3.14159265e+00 4.07404278e-02
103 3 3.14159265e+00 4.04179660e-02
104 3 3.14159265e+00 4.14112773e-02
105 3 3.14159265e+00 4.06698551e-02
106 3 3.14159265e+00 4.17265294e-02
107 3 3.14159265e+00 4.14387509e-02
108 3 3.14159265e+00 4.13702827e-02
109 3 3.14159265e+00 4.18526477e-02
110 3 3.14159265e+00 3.97991886e-02
111 3 3.14159265e+00 4.17083807e-02
112 3 3.14159265e+00 4.10538553e-02
113 3 3.14159265e+00 4.12143707e-02
114 3 3.14159265e+00 4.15191666e-02
115 3 3.14159265e+00 4.10349453e-02
116 3 3.14159265e+00 4.14553443e-02
117 3 3.14159265e+00 4.18727845e-02
118 3 3.14159265e+00 4.13084669e-02
119 3 3.14159265e+00 4.11238779e-02
120 3 3.14159265e+00 4.08989627e-02
121 3 3.14159265e+00 4.04425728e-02
122 3 3.14159265e+00 4.01416165e-02
123 3 3.14159265e+00 4.07239084e-02
124 3 3.14159265e+00 4.14106568e-02
125 3 3.14159265e+00 4.22027824e-02
126 3 3.14159265e+00 4.20350319e-02
127 3 3.14159265e+00 4.19067104e-02
128 3 3.14159265e+00 4.03762686e-02
129 3 3.14159265e+00 4.15164814e-02
130 3 3.14159265e+00 4.25177234e-02
131 3 3.14159265e+00 3.94454410e-02
132 3 3.14159265e+00 4.22030371e-02
133 3 3.14159265e+00 4.10275041e-02
134 3 3.14159265e+00 4.16753315e-02
135 3 3.14159265e+00 4.05672722e-02
136 3 3.14159265e+00 4.03632158e-02
137 3 3.14159265e+00 4.15194393e-02
138 3 3.14159265e+00 4.06006492e-02
139 3 3.14159265e+00 4.10526200e-02
140 3 3.14159265e+00 4.12070978e-02
141 3 3.14159265e+00 4.17552709e-02
142 3 3.14159265e+00 4.12180344e-02
143 3 3.14159265e+00 4.15088958e-02
144 3 3.14159265e+00 4.14631452e-02
145 3 3.14159265e+00 4.04359096e-02
146 3 3.14159265e+00 4.08675789e-02
147 3 3.14159265e+00 4.09271130e-02
148 3 3.14159265e+00 4.13668423e-02
149 3 3.14159265e+00 4.10988484e-02
150 3 3.14159265e+00 4.13923890e-02
151 3 3.14159265e+00 4.01241491e-02
152 3 3.14159265e+00 4.06797159e-02
153 3 3.14159265e+00 4.24278170e-02
154 3 3.14159265e+00 4.15664454e-02
155 3 3.14159265e+00 4.08737631e-02
156 3 3.14159265e+00 4.13501752e-02
157 3 3.14159265e+00 4.12012485e-02
158 3 3.14159265e+00 4.09361323e-02
159 3 3.14159265e+00 4.16888938e-02
160 3 3.14159265e+00 4.14299127e-02
161 3 3.14159265e+00 4.12769172e-02
162 3 3.14159265e+00 4.10825139e-02
163 3 3.14159265e+00 4.04661144e-02
164 3 3.14159265e+00 4.16268895e-02
165 3 3.14159265e+00 4.24127315e-02
166 3 3.14159265e+00 4.10770374e-02
167 3 3.14159265e+00 4.10690105e-02
168 3 3.14159265e+00 4.02298225e-02
169 3 3.14159265e+00 4.05494796e-02
170 3 3.14159265e+00 4.14075937e-02
171 3 3.14159265e+00 4.05575565e-02
172 3 3.14159265e+00 4.16143487e-02
173 3 3.14159265e+00 4.06946157e-02
174 3 3.14159265e+00 4.14476574e-02
175 3 3.14159265e+00 4.15799213e-02
176 3 3.14159265e+00 4.19639511e-02
177 3 3.14159265e+00 4.18463320e-02
178 3 3.14159265e+00 4.13427545e-02
179 3 3.14159265e+00 4.10713213e-02
180 3 3.14159265e+00 4.07369286e-02
181 3 3.14159265e+00 4.11745356e-02
182 3 3.14159265e+00 4.05868687e-02
183 3 3.14159265e+00 4.10472337e-02
184 3 3.14159265e+00 4.10580673e-02
185 3 3.14159265e+00 4.00997994e-02
186 3 3.14159265e+00 4.00052518e-02
187 3 3.14159265e+00 4.05878312e-02
188 3 3.14159265e+00 4.05159590e-02
189 3 3.14159265e+00 4.18746251e-02
190 3 3.14159265e+00 4.10589552e-02
191 3 3.14159265e+00 4.12076134e-02
192 3 3.14159265e+00 4.23245815e-02
193 3 3.14159265e+00 4.15472526e-02
194 3 3.14159265e+00 4.09542906e-02
195 3 3.14159265e+00 4.14257838e-02
196 3 3.14159265e+00 4.17595843e-02
197 3 3.14159265e+00 4.16911320e-02
198 3 3.14159265e+00 4.03065441e-02
199 3 3.14159265e+00 4.10323575e-02
200 3 3.14159265e+00 4.04406935e-02
201 3 3.14159265e+00 4.13059592e-02
202 3 3.14159265e+00 4.18366402e-02
203 3 3.14159265e+00 4.10820742e-02
204 3 3.14159265e+00 4.12243527e-02
205 3 3.14159265e+00 4.16735253e-02
206 3 3.14159265e+00 4.09327875e-02
207 3 3.14159265e+00 4.06995665e-02
208 3 3.14159265e+00 4.12504994e-02
209 3 3.14159265e+00 3.98760349e-02
210 3 3.14159265e+00 4.03287520e-02
211 3 3.14159265e+00 4.13085845e-02
212 3 3.14159265e+00 4.12706451e-02
213 3 3.14159265e+00 4.03706891e-02
214 3 3.14159265e+00 4.13207672e-02
215 3 3.14159265e+00 4.06230450e-02
216 3 3.14159265e+00 4.06123753e-02
217 3 3.14159265e+00 4.17348826e-02
218 3 3.14159265e+00 4.11096363e-02
219 3 3.14159265e+00 4.23134816e-02
220 3 3.14159265e+00 4.19452237e-02
221 3 3.14159265e+00 4.20171454e-02
222 3 3.14159265e+00 4.10932323e-02
223 3 3.14159265e+00 4.16006991e-02
224 3 3.14159265e+00 4.10681018e-02
225 3 3.14159265e+00 4.06742066e-02
226 3 3.14159265e+00 4.12019444e-02
227 3 3.14159265e+00 4.07198898e-02
228 3 3.14159265e+00 4.12664436e-02
229 3 3.14159265e+00 4.00654140e-02
230 3 3.14159265e+00 4.20208457e-02
231 3 3.14159265e+00 4.06254370e-02
232 3 3.14159265e+00 3.92422810e-02
233 3 3.14159265e+00 4.04241403e-02
234 3 3.14159265e+00 4.12553976e-02
235 3 3.14159265e+00 4.04885544e-02
236 3 3.14159265e+00 4.13786876e-02
237 3 3.14159265e+00 4.19162003e-02
238 3 3.14159265e+00 4.15465026e-02
239 3 3.14159265e+00 4.13795328e-02
240 3 3.14159265e+00 4.11131946e-02
241 3 3.14159265e+00 4.12172097e-02
242 3 3.14159265e+00 4.06304531e-02
243 3 3.14159265e+00 4.21227990e-02
244 3 3.14159265e+00 4.09254780e-02
245 3 3.14159265e+00 4.18765287e-02
246 3 3.14159265e+00 4.15160608e-02
247 3 3.14159265e+00 4.11223355e-02
248 3 3.14159265e+00 4.10466157e-02
249 3 3.14159265e+00 4.09296561e-02
250 3 3.14159265e+00 4.06941679e-02
251 3 3.14159265e+00 4.06917123e-02
252 3 3.14159265e+00 4.21477490e-02
253 3 3.14159265e+00 4.13451863e-02
254 3 3.14159265e+00 4.07930266e-02
255 3 3.14159265e+00 4.14872344e-02
256 3 3.14159265e+00 4.11947002e-02
257 3 3.14159265e+00 4.01550354e-02
258 3 3.14159265e+00 4.05288868e-02
259 3 3.14159265e+00 4.14939289e-02
260 3 3.14159265e+00 4.13272937e-02
261 3 3.14159265e+00 4.16184127e-02
262 3 3.14159265e+00 4.01848321e-02
263 3 3.14159265e+00 4.12016562e-02
264 3 3.14159265e+00 4.16150609e-02
265 3 3.14159265e+00 4.19548496e-02
266 3 3.14159265e+00 4.06275116e-02
267 3 3.14159265e+00 4.13517225e-02
268 3 3.14159265e+00 4.17397153e-02
269 3 3.14159265e+00 4.03521113e-02
270 3 3.14159265e+00 4.11254666e-02
271 3 3.14159265e+00 4.16733032e-02
272 3 3.14159265e+00 4.11851931e-02
273 3 3.14159265e+00 4.04714205e-02
274 3 3.14159265e+00 4.02870525e-02
275 3 3.14159265e+00 4.05419242e-02
276 3 3.14159265e+00 4.12204333e-02
277 3 3.14159265e+00 4.15691072e-02
278 3 3.14159265e+00 4.14438355e-02
279 3 3.14159265e+00 4.11975775e-02
280 3 3.14159265e+00 4.13859599e-02
281 3 3.14159265e+00 4.12578464e-02
282 3 3.14159265e+00 4.14577696e-02
283 3 3.14159265e+00 4.12247724e-02
284 3 3.14159265e+00 4.09486576e-02
285 3 3.14159265e+00 4.07960470e-02
286 3 3.14159265e+00 4.18281799e-02
287 3 3.14159265e+00 4.10453709e-02
288 3 3.14159265e+00 4.11735143e-02
289 3 3.14159265e+00 3.98172268e-02
290 3 3.14159265e+00 4.13781809e-02
291 3 3.14159265e+00 4.12692052e-02
292 3 3.14159265e+00 4.06441183e-02
293 3 3.14159265e+00 4.10414548e-02
294 3 3.14159265e+00 4.13692160e-02
295 3 3.14159265e+00 4.16022487e-02
296 3 3.14159265e+00 4.11235838e-02
297 3 3.14159265e+00 4.23151888e-02
298 3 3.14159265e+00 4.13114033e-02
299 3 3.14159265e+00 4.18988404e-02
300 3 3.14159265e+00 4.03920843e-02
301 3 3.14159265e+00 4.19360429e-02
302 3 3.14159265e+00 4.07406080e-02
303 3 3.14159265e+00 4.13326257e-02
304 3 3.14159265e+00 4.25595437e-02
305 3 3.14159265e+00 4.07907817e-02
306 3 3.14159265e+00 4.14688658e-02
307 3 3.14159265e+00 4.14677608e-02
308 3 3.14159265e+00 4.15744931e-02
309 3 3.14159265e+00 4.16891066e-02
310 3 3.14159265e+00 4.11730444e-02
311 3 3.14159265e+00 4.14556360e-02
312 3 3.14159265e+00 4.19406993e-02
313 3 3.14159265e+00 4.13783086e-02
314 3 3.14159265e+00 4.08578911e-02
315 3 3.14159265e+00 4.02481696e-02
316 3 3.14159265e+00 4.09552427e-02
317 3 3.14159265e+00 4.14132067e-02
318 3 3.14159265e+00 4.11833951e-02
319 3 3.14159265e+00 4.17998239e-02
320 3 3.14159265e+00 3.99523794e-02
321 3 3.14159265e+00 4.07784990e-02
322 3 3.14159265e+00 4.09279616e-02
323 3 3.14159265e+00 4.13271075e-02
324 3 3.14159265e+00 4.17559301e-02
325 3 3.14159265e+00 4.14114476e-02
326 3 3.14159265e+00 4.06479390e-02
327 3 3.14159265e+00 4.05227493e-02
328 3 3.14159265e+00 4.07391859e-02
329 3 3.14159265e+00 4.04550778e-02
330 3 3.14159265e+00 4.11462122e-02
331 3 3.14159265e+00 4.03514532e-02
332 3 3.14159265e+00 4.19058639e-02
333 3 3.14159265e+00 4.13691682e-02
334 3 3.14159265e+00 4.10182859e-02
335 3 3.14159265e+00 4.11135655e-02
336 3 3.14159265e+00 4.14375123e-02
337 3 3.14159265e+00 4.12335331e-02
338 3 3.14159265e+00 4.04050930e-02
339 3 3.14159265e+00 4.15587818e-02
340 3 3.14159265e+00 4.10580905e-02
341 3 3.14159265e+00 4.15994113e-02
342 3 3.14159265e+00 4.21827963e-02
343 3 3.14159265e+00 4.18984777e-02
344 3 3.14159265e+00 4.25136305e-02
345 3 3.14159265e+00 4.06291780e-02
346 3 3.14159265e+00 4.10550389e-02
347 3 3.14159265e+00 3.98456907e-02
348 3 3.14159265e+00 4.14379518e-02
349 3 3.14159265e+00 4.08438240e-02
350 3 3.14159265e+00 4.20775001e-02
351 3 3.14159265e+00 4.20454098e-02
352 3 3.14159265e+00 3.99900316e-02
353 3 3.14159265e+00 4.11705651e-02
354 3 3.14159265e+00 4.14346052e-02
355 3 3.14159265e+00 4.24269637e-02
356 3 3.14159265e+00 4.04816664e-02
357 3 3.14159265e+00 4.07808435e-02
358 3 3.14159265e+00 4.13754407e-02
359 3 3.14159265e+00 4.06276084e-02
360 3 3.14159265e+00 4.12199500e-02
361 3 3.14159265e+00 4.08078205e-02
362 3 3.14159265e+00 4.08032405e-02
363 3 3.14159265e+00 4.09596685e-02
364 3 3.14159265e+00 4.07716843e-02
365 3 3.14159265e+00 4.11809039e-02
366 3 3.14159265e+00 4.12721048e-02
367 3 3.14159265e+00 4.10882349e-02
368 3 3.14159265e+00 4.07360919e-02
369 3 3.14159265e+00 4.14026351e-02
370 3 3.14159265e+00 4.07343348e-02
371 3 3.14159265e+00 4.06693808e-02
372 3 3.14159265e+00 4.10657602e-02
373 3 3.14159265e+00 4.14237908e-02
374 3 3.14159265e+00 4.06098525e-02
375 3 3.14159265e+00 4.08569545e-02
376 3 3.14159265e+00 4.16094219e-02
377 3 3.14159265e+00 4.15015618e-02
378 3 3.14159265e+00 4.16114363e-02
379 3 3.14159265e+00 4.14550941e-02
380 3 3.14159265e+00 4.13238940e-02
381 3 3.14159265e+00 4.16649224e-02
382 3 3.14159265e+00 4.11244055e-02
383 3 3.14159265e+00 4.14093026e-02
384 3 3.14159265e+00 4.13821225e-02
385 3 3.14159265e+00 4.15969074e-02
386 3 3.14159265e+00 4.08866363e-02
387 3 3.14159265e+00 4.19284584e-02
388 3 3.14159265e+00 4.16381388e-02
389 3 3.14159265e+00 4.05242887e-02
390 3 3.14159265e+00 4.17002707e-02
391 3 3.14159265e+00 4.01115680e-02
392 3 3.14159265e+00 4.24051206e-02
393 3 3.14159265e+00 4.07914981e-02
394 3 3.14159265e+00 4.19347469e-02
395 3 3.14159265e+00 4.11454304e-02
396 3 3.14159265e+00 4.09453836e-02
397 3 3.14159265e+00 4.16072509e-02
398 3 3.14159265e+00 4.21533488e-02
399 3 3.14159265e+00 4.11858959e-02
400 3 3.14159265e+00 4.14593515e-02
401 3 3.14159265e+00 4.19361111e-02
402 3 3.14159265e+00 4.14675510e-02
403 3 3.14159265e+00 4.16629646e-02
404 3 3.14159265e+00 4.20073034e-02
405 3 3.14159265e+00 4.09258030e-02
406 3 3.14159265e+00 4.03119448e-02
407 3 3.14159265e+00 4.15997726e-02
408 3 3.14159265e+00 4.19890798e-02
409 3 3.14159265e+00 4.13613939e-02
410 3 3.14159265e+00 4.06144365e-02
411 3 3.14159265e+00 4.07359675e-02
412 3 3.14159265e+00 4.14948222e-02
413 3 3.14159265e+00 4.20046308e-02
414 3 3.14159265e+00 4.08469038e-02
415 3 3.14159265e+00 4.08197434e-02
416 3 3.14159265e+00 4.20206944e-02
417 3 3.14159265e+00 4.12949856e-02
418 3 3.14159265e+00 4.14719745e-02
419 3 3.14159265e+00 4.16351076e-02
420 3 3.14159265e+00 4.08054065e-02
421 3 3.14159265e+00 4.15592971e-02
422 3 3.14159265e+00 4.04612954e-02
423 3 3.14159265e+00 4.09340140e-02
424 3 3.14159265e+00 3.98138311e-02
425 3 3.14159265e+00 4.18300394e-02
426 3 3.14159265e+00 4.16200423e-02
427 3 3.14159265e+00 4.09867344e-02
428 3 3.14159265e+00 4.15851290e-02
429 3 3.14159265e+00 4.16329617e-02
430 3 3.14159265e+00 4.09676508e-02
431 3 3.14159265e+00 4.16600323e-02
432 3 3.14159265e+00 4.12326415e-02
433 3 3.14159265e+00 4.16395670e-02
434 3 3.14159265e+00 4.08590953e-02
435 3 3.14159265e+00 4.14441591e-02
436 3 3.14159265e+00 4.13421909e-02
437 3 3.14159265e+00 4.08688579e-02
438 3 3.14159265e+00 4.14790375e-02
439 3 3.14159265e+00 4.12836203e-02
440 3 3.14159265e+00 4.11111489e-02
441 3 3.14159265e+00 4.09915428e-02
442 3 3.14159265e+00 4.16684768e-02
443 3 3.14159265e+00 4.09373446e-02
444 3 3.14159265e+00 4.08368271e-02
445 3 3.14159265e+00 3.98330006e-02
446 3 3.14159265e+00 4.05616157e-02
447 3 3.14159265e+00 4.10162641e-02
448 3 3.14159265e+00 4.17772110e-02
449 3 3.14159265e+00 4.10527890e-02
450 3 3.14159265e+00 4.19690575e-02
451 3 3.14159265e+00 4.10916355e-02
452 3 3.14159265e+00 4.20005344e-02
453 3 3.14159265e+00 4.22264366e-02
454 3 3.14159265e+00 4.10347796e-02
455 3 3.14159265e+00 4.09546650e-02
456 3 3.14159265e+00 4.12641601e-02
457 3 3.14159265e+00 4.12744610e-02
458 3 3.14159265e+00 4.19668647e-02
459 3 3.14159265e+00 4.16665160e-02
460 3 3.14159265e+00 4.13637852e-02
461 3 3.14159265e+00 4.15684608e-02
462 3 3.14159265e+00 4.12670867e-02
463 3 3.14159265e+00 4.12344979e-02
464 3 3.14159265e+00 4.21429506e-02
465 3 3.14159265e+00 4.14675092e-02
466 3 3.14159265e+00 4.12480740e-02
467 3 3.14159265e+00 4.06607107e-02
468 3 3.14159265e+00 4.08322462e-02
469 3 3.14159265e+00 3.98555814e-02
470 3 3.14159265e+00 4.10212337e-02
471 3 3.14159265e+00 4.10618680e-02
472 3 3.14159265e+00 4.11122869e-02
473 3 3.14159265e+00 4.15188762e-02
474 3 3.14159265e+00 4.16777629e-02
475 3 3.14159265e+00 4.11354123e-02
476 3 3.14159265e+00 4.05627441e-02
477 3 3.14159265e+00 4.07584702e-02
478 3 3.14159265e+00 4.15736119e-02
479 3 3.14159265e+00 4.08302783e-02
480 3 3.14159265e+00 4.01383352e-02
481 3 3.14159265e+00 4.10417257e-02
482 3 3.14159265e+00 4.10138399e-02
483 3 3.14159265e+00 4.13404295e-02
484 3 3.14159265e+00 4.14572797e-02
485 3 3.14159265e+00 4.13433414e-02
486 3 3.14159265e+00 4.15518286e-02
487 3 3.14159265e+00 4.13976130e-02
488 3 3.14159265e+00 4.09964961e-02
489 3 3.14159265e+00 4.17376856e-02
490 3 3.14159265e+00 4.08535986e-02
491 3 3.14159265e+00 4.07329987e-02
492 3 3.14159265e+00 4.16265763e-02
493 3 3.14159265e+00 4.18954345e-02
494 3 3.14159265e+00 4.07981452e-02
495 3 3.14159265e+00 4.09603917e-02
496 3 3.14159265e+00 4.07628873e-02
497 3 3.14159265e+00 4.13524806e-02
498 3 3.14159265e+00 4.13615480e-02
499 3 3.14159265e+00 4.14144792e-02
500 3 3.14159265e+00 4.07952803e-02
501 3 3.14159265e+00 4.10775679e-02
502 3 3.14159265e+00 4.11745554e-02
503 3 3.14159265e+00 4.14205547e-02
504 3 3.14159265e+00 4.10019167e-02
505 3 3.14159265e+00 4.08042392e-02
506 3 3.14159265e+00 4.06219067e-02
507 3 3.14159265e+00 4.05229713e-02
508 3 3.14159265e+00 4.08295424e-02
509 3 3.14159265e+00 4.20400982e-02
510 3 3.14159265e+00 4.14990518e-02
511 3 3.14159265e+00 4.02423285e-02
512 3 3.14159265e+00 4.14158232e-02
513 3 3.14159265e+00 4.16686268e-02
514 3 3.14159265e+00 4.08425609e-02
515 3 3.14159265e+00 4.18718140e-02
516 3 3.14159265e+00 4.09314759e-02
517 3 3.14159265e+00 4.03740573e-02
518 3 3.14159265e+00 4.10174532e-02
519 3 3.14159265e+00 4.04741795e-02
520 3 3.14159265e+00 4.10819059e-02
521 3 3.14159265e+00 3.99753968e-02
522 3 3.14159265e+00 4.20591881e-02
523 3 3.14159265e+00 4.04623080e-02
524 3 3.14159265e+00 4.08621281e-02
525 3 3.14159265e+00 4.08367801e-02
526 3 3.14159265e+00 4.05862839e-02
527 3 3.14159265e+00 4.15604954e-02
528 3 3.14159265e+00 4.10785321e-02
529 3 3.14159265e+00 4.09151100e-02
530 3 3.14159265e+00 4.03461723e-02
531 3 3.14159265e+00 4.11694069e-02
532 3 3.14159265e+00 4.11997117e-02
533 3 3.14159265e+00 4.12524528e-02
534 3 3.14159265e+00 4.15213320e-02
535 3 3.14159265e+00 4.16602416e-02
536 3 3.14159265e+00 4.15815071e-02
537 3 3.14159265e+00 4.19458024e-02
538 3 3.14159265e+00 4.06079461e-02
539 3 3.14159265e+00 4.19892900e-02
540 3 3.14159265e+00 4.13282845e-02
541 3 3.14159265e+00 4.14973183e-02
542 3 3.14159265e+00 4.11426108e-02
543 3 3.14159265e+00 4.12314164e-02
544 3 3.14159265e+00 4.12022037e-02
545 3 3.14159265e+00 4.08871398e-02
546 3 3.14159265e+00 4.19611969e-02
547 3 3.14159265e+00 4.23024747e-02
548 3 3.14159265e+00 4.10519403e-02
549 3 3.14159265e+00 4.05192699e-02
550 3 3.14159265e+00 4.11002127e-02
551 3 3.14159265e+00 4.13103156e-02
552 3 3.14159265e+00 4.10833321e-02
553 3 3.14159265e+00 4.21227723e-02
554 3 3.14159265e+00 4.09119000e-02
555 3 3.14159265e+00 4.11839774e-02
556 3 3.14159265e+00 4.15241715e-02
557 3 3.14159265e+00 4.17403142e-02
558 3 3.14159265e+00 4.13507822e-02
559 3 3.14159265e+00 4.19830709e-02
560 3 3.14159265e+00 4.17917883e-02
561 3 3.14159265e+00 4.01116669e-02
562 3 3.14159265e+00 4.18364759e-02
563 3 3.14159265e+00 4.15164253e-02
564 3 3.14159265e+00 4.16929587e-02
565 3 3.14159265e+00 4.11322714e-02
566 3 3.14159265e+00 4.06690635e-02
567 3 3.14159265e+00 4.17009112e-02
568 3 3.14159265e+00 4.13650998e-02
569 3 3.14159265e+00 4.13972566e-02
570 3 3.14159265e+00 4.11341546e-02
571 3 3.14159265e+00 4.11767225e-02
572 3 3.14159265e+00 4.13388907e-02
573 3 3.14159265e+00 4.04788045e-02
574 3 3.14159265e+00 4.12892578e-02
575 3 3.14159265e+00 4.15302662e-02
576 3 3.14159265e+00 4.13772186e-02
577 3 3.14159265e+00 4.09400469e-02
578 3 3.14159265e+00 4.19068937e-02
579 3 3.14159265e+00 4.11484971e-02
580 3 3.14159265e+00 4.07280770e-02
581 3 3.14159265e+00 4.05990633e-02
582 3 3.14159265e+00 4.16298510e-02
583 3 3.14159265e+00 4.13824039e-02
584 3 3.14159265e+00 4.05741619e-02
585 3 3.14159265e+00 4.10754542e-02
586 3 3.14159265e+00 4.12841352e-02
587 3 3.14159265e+00 4.16582511e-02
588 3 3.14159265e+00 4.12758653e-02
589 3 3.14159265e+00 4.11825217e-02
590 3 3.14159265e+00 4.13036734e-02
591 3 3.14159265e+00 4.07197422e-02
592 3 3.14159265e+00 4.09583067e-02
593 3 3.14159265e+00 4.07276653e-02
594 3 3.14159265e+00 4.12482649e-02
595 3 3.14159265e+00 4.05068972e-02
596 3 3.14159265e+00 4.17181456e-02
597 3 3.14159265e+00 4.10508983e-02
598 3 3.14159265e+00 4.18471504e-02
599 3 3.14159265e+00 4.16476996e-02
600 3 3.14159265e+00 4.13998804e-02
601 3 3.14159265e+00 4.17490134e-02
602 3 3.14159265e+00 4.10059131e-02
603 3 3.14159265e+00 4.10904602e-02
604 3 3.14159265e+00 4.15869250e-02
605 3 3.14159265e+00 4.15922410e-02
606 3 3.14159265e+00 4.07338347e-02
607 3 3.14159265e+00 4.03859575e-02
608 3 3.14159265e+00 4.11287384e-02
609 3 3.14159265e+00 4.00559918e-02
610 3 3.14159265e+00 4.03221435e-02
611 3 3.14159265e+00 4.05980689e-02
612 3 3.14159265e+00 4.14597573e-02
613 3 3.14159265e+00 4.15739720e-02
614 3 3.14159265e+00 4.18351438e-02
615 3 3.14159265e+00 4.09969463e-02
616 3 3.14159265e+00 4.19560895e-02
617 3 3.14159265e+00 4.20476124e-02
618 3 3.14159265e+00 4.08277693e-02
619 3 3.14159265e+00 4.10857968e-02
620 3 3.14159265e+00 4.15592522e-02
621 3 3.14159265e+00 4.10192891e-02
622 3 3.14159265e+00 4.18696670e-02
623 3 3.14159265e+00 4.16435968e-02
624 3 3.14159265e+00 4.18176790e-02
625 3 3.14159265e+00 4.14433894e-02
626 3 3.14159265e+00 4.13209726e-02
627 3 3.14159265e+00 4.12822309e-02
628 3 3.14159265e+00 4.09581812e-02
629 3 3.14159265e+00 4.02142815e-02
630 3 3.14159265e+00 4.15903614e-02
631 3 3.14159265e+00 4.07462673e-02
632 3 3.14159265e+00 4.07819092e-02
633 3 3.14159265e+00 4.08953666e-02
634 3 3.14159265e+00 4.23892821e-02
635 3 3.14159265e+00 4.03138594e-02
636 3 3.14159265e+00 4.14698625e-02
637 3 3.14159265e+00 4.03181583e-02
638 3 3.14159265e+00 4.10134204e-02
639 3 3.14159265e+00 4.10227322e-02
640 3 3.14159265e+00 4.05161711e-02
641 3 3.14159265e+00 4.11150577e-02
642 3 3.14159265e+00 4.07195653e-02
643 3 3.14159265e+00 4.13266606e-02
644 3 3.14159265e+00 4.19334739e-02
645 3 3.14159265e+00 4.03198530e-02
646 3 3.14159265e+00 4.02768513e-02
647 3 3.14159265e+00 4.03629690e-02
648 3 3.14159265e+00 4.08898535e-02
649 3 3.14159265e+00 3.99542587e-02
650 3 3.14159265e+00 4.12695207e-02
651 3 3.14159265e+00 4.11429119e-02
652 3 3.14159265e+00 4.03380556e-02
653 3 3.14159265e+00 4.15051861e-02
654 3 3.14159265e+00 4.14350141e-02
655 3 3.14159265e+00 4.11919582e-02
656 3 3.14159265e+00 4.11060924e-02
657 3 3.14159265e+00 4.12729646e-02
658 3 3.14159265e+00 4.18769110e-02
659 3 3.14159265e+00 4.10154281e-02
660 3 3.14159265e+00 4.08600437e-02
661 3 3.14159265e+00 4.13320016e-02
662 3 3.14159265e+00 4.20421320e-02
663 3 3.14159265e+00 4.14533695e-02
664 3 3.14159265e+00 4.19708033e-02
665 3 3.14159265e+00 4.01511945e-02
666 3 3.14159265e+00 4.12407896e-02
667 3 3.14159265e+00 4.07442301e-02
668 3 3.14159265e+00 4.12587721e-02
669 3 3.14159265e+00 4.13851485e-02
670 3 3.14159265e+00 4.08983336e-02
671 3 3.14159265e+00 4.15773920e-02
672 3 3.14159265e+00 4.12561260e-02
673 3 3.14159265e+00 4.22286755e-02
674 3 3.14159265e+00 4.07607014e-02
675 3 3.14159265e+00 4.08850403e-02
676 3 3.14159265e+00 4.02801907e-02
677 3 3.14159265e+00 4.13034824e-02
678 3 3.14159265e+00 4.18313919e-02
679 3 3.14159265e+00 4.12012144e-02
680 3 3.14159265e+00 4.19061067e-02
681 3 3.14159265e+00 4.10501451e-02
682 3 3.14159265e+00 4.12553780e-02
683 3 3.14159265e+00 4.01485234e-02
684 3 3.14159265e+00 4.19044332e-02
685 3 3.14159265e+00 4.10153486e-02
686 3 3.14159265e+00 4.18000052e-02
687 3 3.14159265e+00 4.14344674e-02
688 3 3.14159265e+00 4.09837490e-02
689 3 3.14159265e+00 4.11435366e-02
690 3 3.14159265e+00 4.14394550e-02
691 3 3.14159265e+00 4.04130346e-02
692 3 3.14159265e+00 4.06324529e-02
693 3 3.14159265e+00 4.12045674e-02
694 3 3.14159265e+00 4.03488351e-02
695 3 3.14159265e+00 4.09318167e-02
696 3 3.14159265e+00 4.12594411e-02
697 3 3.14159265e+00 4.09289487e-02
698 3 3.14159265e+00 4.13748825e-02
699 3 3.14159265e+00 4.07092203e-02
700 3 3.14159265e+00 4.03296162e-02
701 3 3.14159265e+00 4.13266060e-02
702 3 3.14159265e+00 4.05557896e-02
703 3 3.14159265e+00 4.26467815e-02
704 3 3.14159265e+00 4.13306126e-02
705 3 3.14159265e+00 4.15870003e-02
706 3 3.14159265e+00 4.06684458e-02
707 3 3.14159265e+00 3.99914789e-02
708 3 3.14159265e+00 4.09585605e-02
709 3 3.14159265e+00 4.18164627e-02
710 3 3.14159265e+00 4.17887703e-02
711 3 3.14159265e+00 4.20377846e-02
712 3 3.14159265e+00 4.18930256e-02
713 3 3.14159265e+00 4.03502380e-02
714 3 3.14159265e+00 4.00925511e-02
715 3 3.14159265e+00 4.09975607e-02
716 3 3.14159265e+00 4.07668925e-02
717 3 3.14159265e+00 3.97843578e-02
718 3 3.14159265e+00 4.01431060e-02
719 3 3.14159265e+00 4.04918083e-02
720 3 3.14159265e+00 4.08973802e-02
721 3 3.14159265e+00 4.15053462e-02
722 3 3.14159265e+00 4.06456240e-02
723 3 3.14159265e+00 4.10144227e-02
724 3 3.14159265e+00 4.13558450e-02
725 3 3.14159265e+00 4.03066093e-02
726 3 3.14159265e+00 4.14815861e-02
727 3 3.14159265e+00 4.14503516e-02
728 3 3.14159265e+00 4.10421444e-02
729 3 3.14159265e+00 4.18114636e-02
730 3 3.14159265e+00 4.04782423e-02
731 3 3.14159265e+00 4.13244822e-02
732 3 3.14159265e+00 4.15211497e-02
733 3 3.14159265e+00 4.08008142e-02
734 3 3.14159265e+00 4.14578824e-02
735 3 3.14159265e+00 4.13855363e-02
736 3 3.14159265e+00 4.07907918e-02
737 3 3.14159265e+00 4.13973513e-02
738 3 3.14159265e+00 4.12489797e-02
739 3 3.14159265e+00 4.06478876e-02
740 3 3.14159265e+00 4.18395812e-02
741 3 3.14159265e+00 4.10927640e-02
742 3 3.14159265e+00 4.04370390e-02
743 3 3.14159265e+00 4.18020256e-02
744 3 3.14159265e+00 4.13457598e-02
745 3 3.14159265e+00 4.06975265e-02
746 3 3.14159265e+00 4.11272315e-02
747 3 3.14159265e+00 4.19743580e-02
748 3 3.14159265e+00 4.13712323e-02
749 3 3.14159265e+00 4.14956514e-02
750 3 3.14159265e+00 4.12338158e-02
751 3 3.14159265e+00 4.26435464e-02
752 3 3.14159265e+00 4.27128903e-02
753 3 3.14159265e+00 4.15057624e-02
754 3 3.14159265e+00 4.18332075e-02
755 3 3.14159265e+00 4.06489450e-02
756 3 3.14159265e+00 4.18675733e-02
757 3 3.14159265e+00 4.04142564e-02
758 3 3.14159265e+00 4.14034557e-02
759 3 3.14159265e+00 4.10597640e-02
760 3 3.14159265e+00 4.05854242e-02
761 3 3.14159265e+00 4.10379031e-02
762 3 3.14159265e+00 4.09297467e-02
763 3 3.14159265e+00 4.12392687e-02
764 3 3.14159265e+00 4.17148237e-02
765 3 3.14159265e+00 4.17860941e-02
766 3 3.14159265e+00 4.07818589e-02
767 3 3.14159265e+00 4.03909969e-02
768 3 3.14159265e+00 4.09771123e-02
769 3 3.14159265e+00 4.16176683e-02
770 3 3.14159265e+00 4.06884823e-02
771 3 3.14159265e+00 4.14361692e-02
772 3 3.14159265e+00 4.11028480e-02
773 3 3.14159265e+00 4.07865073e-02
774 3 3.14159265e+00 4.10514158e-02
775 3 3.14159265e+00 4.16503477e-02
776 3 3.14159265e+00 4.09123050e-02
777 3 3.14159265e+00 4.06978024e-02
778 3 3.14159265e+00 4.10638095e-02
779 3 3.14159265e+00 4.19799040e-02
780 3 3.14159265e+00 4.06653679e-02
781 3 3.14159265e+00 4.11678249e-02
782 3 3.14159265e+00 4.17859284e-02
783 3 3.14159265e+00 4.07550915e-02
784 3 3.14159265e+00 4.05734819e-02
785 3 3.14159265e+00 4.07486675e-02
786 3 3.14159265e+00 4.11219374e-02
787 3 3.14159265e+00 4.06960999e-02
788 3 3.14159265e+00 4.11634252e-02
789 3 3.14159265e+00 4.09201188e-02
790 3 3.14159265e+00 4.17673153e-02
791 3 3.14159265e+00 4.11654872e-02
792 3 3.14159265e+00 4.09683643e-02
793 3 3.14159265e+00 4.04909734e-02
794 3 3.14159265e+00 4.10230064e-02
795 3 3.14159265e+00 4.09759896e-02
796 3 3.14159265e+00 4.07384925e-02
797 3 3.14159265e+00 4.06574038e-02
798 3 3.14159265e+00 4.04543966e-02
799 3 3.14159265e+00 4.00694802e-02
800 3 3.14159265e+00 4.24633764e-02
801 3 3.14159265e+00 4.18922824e-02
802 3 3.14159265e+00 4.08871212e-02
803 3 3.14159265e+00 4.15456690e-02
804 3 3.14159265e+00 4.17081279e-02
805 3 3.14159265e+00 4.16862251e-02
806 3 3.14159265e+00 4.16557637e-02
807 3 3.14159265e+00 4.12364369e-02
808 3 3.14159265e+00 4.11907175e-02
809 3 3.14159265e+00 4.14689470e-02
810 3 3.14159265e+00 4.25333160e-02
811 3 3.14159265e+00 4.10851064e-02
812 3 3.14159265e+00 4.12386075e-02
813 3 3.14159265e+00 4.17005578e-02
814 3 3.14159265e+00 4.16355028e-02
815 3 3.14159265e+00 4.17542768e-02
816 3 3.14159265e+00 4.10458924e-02
817 3 3.14159265e+00 4.20699503e-02
818 3 3.14159265e+00 4.11740608e-02
819 3 3.14159265e+00 4.16428216e-02
820 3 3.14159265e+00 4.23926753e-02
821 3 3.14159265e+00 4.00760639e-02
822 3 3.14159265e+00 4.13222635e-02
823 3 3.14159265e+00 4.09052257e-02
824 3 3.14159265e+00 4.10417436e-02
825 3 3.14159265e+00 4.11627620e-02
826 3 3.14159265e+00 4.11005277e-02
827 3 3.14159265e+00 4.10845543e-02
828 3 3.14159265e+00 4.22717472e-02
829 3 3.14159265e+00 4.05422936e-02
830 3 3.14159265e+00 4.09723004e-02
831 3 3.14159265e+00 4.05093406e-02
832 3 3.14159265e+00 4.13243637e-02
833 3 3.14159265e+00 4.20128770e-02
834 3 3.14159265e+00 4.14205127e-02
835 3 3.14159265e+00 4.08399761e-02
836 3 3.14159265e+00 4.07211986e-02
837 3 3.14159265e+00 4.16006682e-02
838 3 3.14159265e+00 4.19888466e-02
839 3 3.14159265e+00 4.11023707e-02
840 3 3.14159265e+00 4.19025143e-02
841 3 3.14159265e+00 4.05691890e-02
842 3 3.14159265e+00 4.04311952e-02
843 3 3.14159265e+00 4.15999100e-02
844 3 3.14159265e+00 4.11813962e-02
845 3 3.14159265e+00 4.08636579e-02
846 3 3.14159265e+00 4.06559240e-02
847 3 3.14159265e+00 4.06574612e-02
848 3 3.14159265e+00 4.06836430e-02
849 3 3.14159265e+00 4.03951461e-02
850 3 3.14159265e+00 4.03939562e-02
851 3 3.14159265e+00 4.06372348e-02
852 3 3.14159265e+00 4.07346402e-02
853 3 3.14159265e+00 4.15770023e-02
854 3 3.14159265e+00 4.07732301e-02
855 3 3.14159265e+00 4.16894036e-02
856 3 3.14159265e+00 4.16995094e-02
857 3 3.14159265e+00 4.23446698e-02
858 3 3.14159265e+00 4.23175337e-02
859 3 3.14159265e+00 4.22401949e-02
860 3 3.14159265e+00 4.09604626e-02
861 3 3.14159265e+00 4.05540970e-02
862 3 3.14159265e+00 4.11034150e-02
863 3 3.14159265e+00 4.16452227e-02
864 3 3.14159265e+00 4.09766267e-02
865 3 3.14159265e+00 4.07807162e-02
866 3 3.14159265e+00 4.13895713e-02
867 3 3.14159265e+00 4.06110185e-02
868 3 3.14159265e+00 4.09781692e-02
869 3 3.14159265e+00 4.03968862e-02
870 3 3.14159265e+00 4.04445052e-02
871 3 3.14159265e+00 4.12056580e-02
872 3 3.14159265e+00 4.09750259e-02
873 3 3.14159265e+00 4.11048384e-02
874 3 3.14159265e+00 4.11450645e-02
875 3 3.14159265e+00 4.19025803e-02
876 3 3.14159265e+00 4.18020288e-02
877 3 3.14159265e+00 4.09580602e-02
878 3 3.14159265e+00 4.13740752e-02
879 3 3.14159265e+00 4.03481585e-02
880 3 3.14159265e+00 4.20351213e-02
881 3 3.14159265e+00 4.13476001e-02
882 3 3.14159265e+00 4.09469459e-02
883 3 3.14159265e+00 4.09755878e-02
884 3 3.14159265e+00 4.04504648e-02
885 3 3.14159265e+00 4.09991006e-02
886 3 3.14159265e+00 4.08849578e-02
887 3 3.14159265e+00 4.24268876e-02
888 3 3.14159265e+00 3.97467444e-02
889 3 3.14159265e+00 4.10964000e-02
890 3 3.14159265e+00 4.13491368e-02
891 3 3.14159265e+00 4.17357930e-02
892 3 3.14159265e+00 4.07391875e-02
893 3 3.14159265e+00 4.14311393e-02
894 3 3.14159265e+00 4.07902468e-02
895 3 3.14159265e+00 4.03784782e-02
896 3 3.14159265e+00 4.04885517e-02
897 3 3.14159265e+00 4.10066842e-02
898 3 3.14159265e+00 4.02202871e-02
899 3 3.14159265e+00 4.09604043e-02
900 3 3.14159265e+00 4.15146730e-02
901 3 3.14159265e+00 4.17791028e-02
902 3 3.14159265e+00 4.16166789e-02
903 3 3.14159265e+00 4.12083406e-02
904 3 3.14159265e+00 4.27180887e-02
905 3 3.14159265e+00 4.09320400e-02
906 3 3.14159265e+00 4.12642506e-02
907 3 3.14159265e+00 4.00512134e-02
908 3 3.14159265e+00 4.15908708e-02
909 3 3.14159265e+00 4.15368645e-02
910 3 3.14159265e+00 4.09633396e-02
911 3 3.14159265e+00 4.05182413e-02
912 3 3.14159265e+00 4.19677093e-02
913 3 3.14159265e+00 4.12328692e-02
914 3 3.14159265e+00 4.10433060e-02
915 3 3.14159265e+00 4.16354822e-02
916 3 3.14159265e+00 4.05471467e-02
917 3 3.14159265e+00 4.09401403e-02
918 3 3.14159265e+00 4.14361894e-02
919 3 3.14159265e+00 4.10478817e-02
920 3 3.14159265e+00 4.11814251e-02
921 3 3.14159265e+00 4.08638696e-02
922 3 3.14159265e+00 4.12164841e-02
923 3 3.14159265e+00 3.99094128e-02
924 3 3.14159265e+00 4.10850916e-02
925 3 3.14159265e+00 4.21587845e-02
926 3 3.14159265e+00 4.12638346e-02
927 3 3.14159265e+00 4.19514606e-02
928 3 3.14159265e+00 4.16355695e-02
929 3 3.14159265e+00 4.15680416e-02
930 3 3.14159265e+00 4.10909845e-02
931 3 3.14159265e+00 4.07024663e-02
932 3 3.14159265e+00 4.22652405e-02
933 3 3.14159265e+00 4.07760610e-02
934 3 3.14159265e+00 4.11119394e-02
935 3 3.14159265e+00 4.19166658e-02
936 3 3.14159265e+00 4.11316834e-02
937 3 3.14159265e+00 4.12717503e-02
938 3 3.14159265e+00 4.08891221e-02
939 3 3.14159265e+00 4.13818777e-02
940 3 3.14159265e+00 4.25877770e-02
941 3 3.14159265e+00 4.14117055e-02
942 3 3.14159265e+00 4.22673334e-02
943 3 3.14159265e+00 4.10194335e-02
944 3 3.14159265e+00 4.02882738e-02
945 3 3.14159265e+00 4.14071570e-02
946 3 3.14159265e+00 4.15384476e-02
947 3 3.14159265e+00 4.17843474e-02
948 3 3.14159265e+00 4.13415964e-02
949 3 3.14159265e+00 4.05297119e-02
950 3 3.14159265e+00 4.07591426e-02
951 3 3.14159265e+00 4.07402668e-02
952 3 3.14159265e+00 4.12697743e-02
953 3 3.14159265e+00 4.21853419e-02
954 3 3.14159265e+00 4.13900856e-02
955 3 3.14159265e+00 4.13967553e-02
956 3 3.14159265e+00 4.16561578e-02
957 3 3.14159265e+00 4.16989188e-02
958 3 3.14159265e+00 4.23066958e-02
959 3 3.14159265e+00 4.13256585e-02
960 3 3.14159265e+00 4.05278950e-02
961 3 3.14159265e+00 4.11925194e-02
962 3 3.14159265e+00 4.10397333e-02
963 3 3.14159265e+00 4.13934789e-02
964 3 3.14159265e+00 4.16613192e-02
965 3 3.14159265e+00 4.12266292e-02
966 3 3.14159265e+00 4.05367824e-02
967 3 3.14159265e+00 4.07541559e-02
968 3 3.14159265e+00 4.22067081e-02
969 3 3.14159265e+00 4.11079773e-02
970 3 3.14159265e+00 4.12759931e-02
971 3 3.14159265e+00 4.13243568e-02
972 3 3.14159265e+00 4.09209281e-02
973 3 3.14159265e+00 4.12831833e-02
974 3 3.14159265e+00 4.17534469e-02
975 3 3.14159265e+00 4.12405711e-02
976 3 3.14159265e+00 4.04969971e-02
977 3 3.14159265e+00 4.19674252e-02
978 3 3.14159265e+00 4.15496597e-02
979 3 3.14159265e+00 4.13746858e-02
980 3 3.14159265e+00 4.04509725e-02
981 3 3.14159265e+00 4.09992219e-02
982 3 3.14159265e+00 4.15661027e-02
983 3 3.14159265e+00 4.17899603e-02
984 3 3.14159265e+00 4.13929390e-02
985 3 3.14159265e+00 4.15790801e-02
986 3 3.14159265e+00 4.20014264e-02
987 3 3.14159265e+00 4.15040892e-02
988 3 3.14159265e+00 4.17727847e-02
989 3 3.14159265e+00 4.16151896e-02
990 3 3.14159265e+00 4.05602305e-02
991 3 3.14159265e+00 4.04421226e-02
992 3 3.14159265e+00 4.10465510e-02
993 3 3.14159265e+00 4.11314735e-02
994 3 3.14159265e+00 4.01087460e-02
995 3 3.14159265e+00 4.16281741e-02
996 3 3.14159265e+00 4.12343916e-02
997 3 3.14159265e+00 4.08819540e-02
998 3 3.14159265e+00 4.15292345e-02
999 3 3.14159265e+00 4.08239526e-02
1000 3 3.14159265e+00 4.07391333e-02
1001 3 3.14159265e+00 4.06563934e-02
1002 3 3.14159265e+00 4.12547260e-02
1003 3 3.14159265e+00 4.11410408e-02
1004 3 3.14159265e+00 4.15236111e-02
1005 3 3.14159265e+00 4.12248017e-02
1006 3 3.14159265e+00 4.13327359e-02
1007 3 3.14159265e+00 4.09281749e-02
1008 3 3.14159265e+00 4.07207853e-02
1009 3 3.14159265e+00 3.98447139e-02
1010 3 3.14159265e+00 4.08568767e-02
1011 3 3.14159265e+00 4.13551891e-02
1012 3 3.14159265e+00 4.04774983e-02
0 4 4.18879020e+00 4.27108742e-02
1 4 4.18879020e+00 4.20793323e-02
2 4 4.18879020e+00 4.35971384e-02
3 4 4.18879020e+00 4.25184698e-02
4 4 4.18879020e+00 4.35892534e-02
5 4 4.18879020e+00 4.25090048e-02
6 4 4.18879020e+00 4.32548776e-02
7 4 4.18879020e+00 4.32238236e-02
8 4 4.18879020e+00 4.17650211e-02
9 4 4.18879020e+00 4.20519230e-02
10 4 4.18879020e+00 4.10032877e-02
11 4 4.18879020e+00 4.15869878e-02
12 4 4.18879020e+00 4.35343612e-02
13 4 4.18879020e+00 4.39131208e-02
14 4 4.18879020e+00 4.41601806e-02
15 4 4.18879020e+00 4.31693172e-02
16 4 4.18879020e+00 4.29416330e-02
17 4 4.18879020e+00 4.27000893e-02
18 4 4.18879020e+00 4.27988656e-02
19 4 4.18879020e+00 4.28216253e-02
20 4 4.18879020e+00 4.33807592e-02
21 4 4.18879020e+00 4.31517698e-02
22 4 4.18879020e+00 4.24700826e-02
23 4 4.18879020e+00 4.22903930e-02
24 4 4.18879020e+00 4.22025707e-02
25 4 4.18879020e+00 4.30025259e-02
26 4 4.18879020e+00 4.22551750e-02
27 4 4.18879020e+00 4.12364877e-02
28 4 4.18879020e+00 4.34411013e-02
29 4 4.18879020e+00 4.25599829e-02
30 4 4.18879020e+00 4.13806078e-02
31 4 4.18879020e+00 4.18462045e-02
32 4 4.18879020e+00 4.30940146e-02
33 4 4.18879020e+00 4.25607684e-02
34 4 4.18879020e+00 4.25247526e-02
35 4 4.18879020e+00 4.31532209e-02
36 4 4.18879020e+00 4.23944449e-02
37 4 4.18879020e+00 4.17947180e-02
38 4 4.18879020e+00 4.38568575e-02
39 4 4.18879020e+00 4.33428991e-02
40 4 4.18879020e+00 4.24275987e-02
41 4 4.18879020e+00 4.27325632e-02
42 4 4.18879020e+00 4.26962322e-02
43 4 4.18879020e+00 4.30560211e-02
44 4 4.18879020e+00 4.24556921e-02
45 4 4.18879020e+00 4.22312591e-02
46 4 4.18879020e+00 4.17515662e-02
47 4 4.18879020e+00 4.23274473e-02
48 4 4.18879020e+00 4.33962550e-02
49 4 4.18879020e+00 4.05959047e-02
50 4 4.18879020e+00 4.33669315e-02
51 4 4.18879020e+00 4.26549480e-02
52 4 4.18879020e+00 4.26333583e-02
53 4 4.18879020e+00 4.42502002e-02
54 4 4.18879020e+00 4.34862985e-02
55 4 4.18879020e+00 4.29915872e-02
56 4 4.18879020e+00 4.26768392e-02
57 4 4.18879020e+00 4.25693871e-02
58 4 4.18879020e+00 4.23609618e-02
59 4 4.18879020e+00 4.25171984e-02
60 4 4.18879020e+00 4.22208001e-02
61 4 4.18879020e+00 4.18646732e-02
62 4 4.18879020e+00 4.39537682e-02
63 4 4.18879020e+00 4.27414171e-02
64 4 4.18879020e+00 4.26348290e-02
65 4 4.18879020e+00 4.27214176e-02
66 4 4.18879020e+00 4.18179716e-02
67 4 4.18879020e+00 4.28286577e-02
68 4 4.18879020e+00 4.34456993e-02
69 4 4.18879020e+00 4.19100756e-02
70 4 4.18879020e+00 4.19619056e-02
71 4 4.18879020e+00 4.31244491e-02
72 4 4.18879020e+00 4.32527224e-02
73 4 4.18879020e+00 4.31508629e-02
74 4 4.18879020e+00 4.15633184e-02
75 4 4.18879020e+00 4.10957296e-02
76 4 4.18879020e+00 4.21044539e-02
77 4 4.18879020e+00 4.15421984e-02
78 4 4.18879020e+00 4.34348026e-02
79 4 4.18879020e+00 4.36725504e-02
80 4 4.18879020e+00 4.27252125e-02
81 4 4.18879020e+00 4.23318522e-02
82 4 4.18879020e+00 4.23673953e-02
83 4 4.18879020e+00 4.21628006e-02
84 4 4.18879020e+00 4.24502743e-02
85 4 4.18879020e+00 4.33262670e-02
86 4 4.18879020e+00 4.15180731e-02
87 4 4.18879020e+00 4.14393095e-02
88 4 4.18879020e+00 4.15760821e-02
89 4 4.18879020e+00 4.18680772e-02
90 4 4.18879020e+00 4.26567806e-02
91 4 4.18879020e+00 4.28509547e-02
92 4 4.18879020e+00 4.16379980e-02
93 4 4.18879020e+00 4.27134845e-02
94 4 4.18879020e+00 4.27480032e-02
95 4 4.18879020e+00 4.16795899e-02
96 4 4.18879020e+00 4.28367096e-02
97 4 4.18879020e+00 4.28681056e-02
98 4 4.18879020e+00 4.33724397e-02
99 4 4.18879020e+00 4.37155829e-02
100 4 4.18879020e+00 4.15168614e-02
101 4 4.18879020e+00 4.24843228e-02
102 4 4.18879020e+00 4.20566937e-02
103 4 4.18879020e+00 4.16490104e-02
104 4 4.18879020e+00 4.30648479e-02
105 4 4.18879020e+00 4.18499092e-02
106 4 4.18879020e+00 4.33483276e-02
107 4 4.18879020e+00 4.30837944e-02
108 4 4.18879020e+00 4.28740139e-02
109 4 4.18879020e+00 4.36714440e-02
110 4 4.18879020e+00 4.08658575e-02
111 4 4.18879020e+00 4.31770644e-02
112 4 4.18879020e+00 4.24564781e-02
113 4 4.18879020e+00 4.23506900e-02
114 4 4.18879020e+00 4.31179290e-02
115 4 4.18879020e+00 4.25751208e-02
116 4 4.18879020e+00 4.31202919e-02
117 4 4.18879020e+00 4.34038522e-02
118 4 4.18879020e+00 4.28618611e-02
119 4 4.18879020e+00 4.25532656e-02
120 4 4.18879020e+00 4.20201038e-02
121 4 4.18879020e+00 4.14374601e-02
122 4 4.18879020e+00 4.12039847e-02
123 4 4.18879020e+00 4.21269715e-02
124 4 4.18879020e+00 4.29325969e-02
125 4 4.18879020e+00 4.39064500e-02
126 4 4.18879020e+00 4.37054224e-02
127 4 4.18879020e+00 4.30956605e-02
128 4 4.18879020e+00 4.15288621e-02
129 4 4.18879020e+00 4.29310868e-02
130 4 4.18879020e+00 4.45061062e-02
131 4 4.18879020e+00 4.02603414e-02
132 4 4.18879020e+00 4.40786815e-02
133 4 4.18879020e+00 4.22809615e-02
134 4 4.18879020e+00 4.33409570e-02
135 4 4.18879020e+00 4.15342463e-02
136 4 4.18879020e+00 4.16950387e-02
137 4 4.18879020e+00 4.30647528e-02
138 4 4.18879020e+00 4.19940088e-02
139 4 4.18879020e+00 4.25287443e-02
140 4 4.18879020e+00 4.27270727e-02
141 4 4.18879020e+00 4.31897817e-02
142 4 4.18879020e+00 4.25964704e-02
143 4 4.18879020e+00 4.29324204e-02
144 4 4.18879020e+00 4.31739991e-02
145 4 4.18879020e+00 4.14668543e-02
146 4 4.18879020e+00 4.23828334e-02
147 4 4.18879020e+00 4.23065272e-02
148 4 4.18879020e+00 4.27623882e-02
149 4 4.18879020e+00 4.23006947e-02
150 4 4.18879020e+00 4.30501454e-02
151 4 4.18879020e+00 4.15658808e-02
152 4 4.18879020e+00 4.20789885e-02
153 4 4.18879020e+00 4.42176416e-02
154 4 4.18879020e+00 4.32511817e-02
155 4 4.18879020e+00 4.21328604e-02
156 4 4.18879020e+00 4.30128872e-02
157 4 4.18879020e+00 4.25037683e-02
158 4 4.18879020e+00 4.23193820e-02
159 4 4.18879020e+00 4.32611655e-02
160 4 4.18879020e+00 4.28412042e-02
161 4 4.18879020e+00 4.29038768e-02
162 4 4.18879020e+00 4.25263485e-02
163 4 4.18879020e+00 4.15873840e-02
164 4 4.18879020e+00 4.32235045e-02
165 4 4.18879020e+00 4.42994517e-02
166 4 4.18879020e+00 4.22721117e-02
167 4 4.18879020e+00 4.25485937e-02
168 4 4.18879020e+00 4.12491421e-02
169 4 4.18879020e+00 4.17771207e-02
170 4 4.18879020e+00 4.28877103e-02
171 4 4.18879020e+00 4.19275146e-02
172 4 4.18879020e+00 4.31295266e-02
173 4 4.18879020e+00 4.20589138e-02
174 4 4.18879020e+00 4.30067933e-02
175 4 4.18879020e+00 4.31994335e-02
176 4 4.18879020e+00 4.37012678e-02
177 4 4.18879020e+00 4.33901944e-02
178 4 4.18879020e+00 4.28313203e-02
179 4 4.18879020e+00 4.25883742e-02
180 4 4.18879020e+00 4.22165418e-02
181 4 4.18879020e+00 4.28067169e-02
182 4 4.18879020e+00 4.20708695e-02
183 4 4.18879020e+00 4.24562736e-02
184 4 4.18879020e+00 4.25849803e-02
185 4 4.18879020e+00 4.11982979e-02
186 4 4.18879020e+00 4.11791406e-02
187 4 4.18879020e+00 4.21180110e-02
188 4 4.18879020e+00 4.17713317e-02
189 4 4.18879020e+00 4.35053142e-02
190 4 4.18879020e+00 4.24810850e-02
191 4 4.18879020e+00 4.24958633e-02
192 4 4.18879020e+00 4.42774398e-02
193 4 4.18879020e+00 4.29686609e-02
194 4 4.18879020e+00 4.22940625e-02
195 4 4.18879020e+00 4.29437500e-02
196 4 4.18879020e+00 4.33681033e-02
197 4 4.18879020e+00 4.33359758e-02
198 4 4.18879020e+00 4.14942474e-02
199 4 4.18879020e+00 4.25216388e-02
200 4 4.18879020e+00 4.15200980e-02
201 4 4.18879020e+00 4.28616769e-02
202 4 4.18879020e+00 4.33459775e-02
203 4 4.18879020e+00 4.25034160e-02
204 4 4.18879020e+00 4.28108312e-02
205 4 4.18879020e+00 4.33403853e-02
206 4 4.18879020e+00 4.23322807e-02
207 4 4.18879020e+00 4.22617878e-02
208 4 4.18879020e+00 4.25445626e-02
209 4 4.18879020e+00 4.08098999e-02
210 4 4.18879020e+00 4.13974789e-02
211 4 4.18879020e+00 4.28277754e-02
212 4 4.18879020e+00 4.27223223e-02
213 4 4.18879020e+00 4.11292754e-02
214 4 4.18879020e+00 4.26837250e-02
215 4 4.18879020e+00 4.19369682e-02
216 4 4.18879020e+00 4.15354203e-02
217 4 4.18879020e+00 4.32044338e-02
218 4 4.18879020e+00 4.24436779e-02
219 4 4.18879020e+00 4.41298908e-02
220 4 4.18879020e+00 4.35839791e-02
221 4 4.18879020e+00 4.36282186e-02
222 4 4.18879020e+00 4.25376455e-02
223 4 4.18879020e+00 4.31111412e-02
224 4 4.18879020e+00 4.24633843e-02
225 4 4.18879020e+00 4.19820825e-02
226 4 4.18879020e+00 4.25585642e-02
227 4 4.18879020e+00 4.18945841e-02
228 4 4.18879020e+00 4.27015021e-02
229 4 4.18879020e+00 4.14458674e-02
230 4 4.18879020e+00 4.36563326e-02
231 4 4.18879020e+00 4.20887107e-02
232 4 4.18879020e+00 4.01054998e-02
233 4 4.18879020e+00 4.15583879e-02
234 4 4.18879020e+00 4.26608966e-02
235 4 4.18879020e+00 4.19242404e-02
236 4 4.18879020e+00 4.28749283e-02
237 4 4.18879020e+00 4.36486765e-02
238 4 4.18879020e+00 4.32086591e-02
239 4 4.18879020e+00 4.30679114e-02
240 4 4.18879020e+00 4.24679395e-02
241 4 4.18879020e+00 4.25910127e-02
242 4 4.18879020e+00 4.18630455e-02
243 4 4.18879020e+00 4.41228040e-02
244 4 4.18879020e+00 4.21748237e-02
245 4 4.18879020e+00 4.38719592e-02
246 4 4.18879020e+00 4.32214760e-02
247 4 4.18879020e+00 4.28176036e-02
248 4 4.18879020e+00 4.24172995e-02
249 4 4.18879020e+00 4.24806825e-02
250 4 4.18879020e+00 4.18247639e-02
251 4 4.18879020e+00 4.16421712e-02
252 4 4.18879020e+00 4.37257818e-02
253 4 4.18879020e+00 4.27615984e-02
254 4 4.18879020e+00 4.21270485e-02
255 4 4.18879020e+00 4.30072744e-02
256 4 4.18879020e+00 4.26669783e-02
257 4 4.18879020e+00 4.13208893e-02
258 4 4.18879020e+00 4.19675350e-02
259 4 4.18879020e+00 4.32025381e-02
260 4 4.18879020e+00 4.27388390e-02
261 4 4.18879020e+00 4.32172062e-02
262 4 4.18879020e+00 4.13668528e-02
263 4 4.18879020e+00 4.26990499e-02
264 4 4.18879020e+00 4.30091661e-02
265 4 4.18879020e+00 4.35713163e-02
266 4 4.18879020e+00 4.18516250e-02
267 4 4.18879020e+00 4.27854096e-02
268 4 4.18879020e+00 4.34458940e-02
269 4 4.18879020e+00 4.15555544e-02
270 4 4.18879020e+00 4.26787539e-02
271 4 4.18879020e+00 4.35473379e-02
272 4 4.18879020e+00 4.26267902e-02
273 4 4.18879020e+00 4.19420350e-02
274 4 4.18879020e+00 4.16446745e-02
275 4 4.18879020e+00 4.19243796e-02
276 4 4.18879020e+00 4.28519649e-02
277 4 4.18879020e+00 4.31352828e-02
278 4 4.18879020e+00 4.29243924e-02
279 4 4.18879020e+00 4.28440999e-02
280 4 4.18879020e+00 4.29229443e-02
281 4 4.18879020e+00 4.26521146e-02
282 4 4.18879020e+00 4.29195950e-02
283 4 4.18879020e+00 4.24782262e-02
284 4 4.18879020e+00 4.23427991e-02
285 4 4.18879020e+00 4.19974351e-02
286 4 4.18879020e+00 4.35293038e-02
287 4 4.18879020e+00 4.24756051e-02
288 4 4.18879020e+00 4.26164806e-02
289 4 4.18879020e+00 4.10046765e-02
290 4 4.18879020e+00 4.30738103e-02
291 4 4.18879020e+00 4.27079931e-02
292 4 4.18879020e+00 4.16909860e-02
293 4 4.18879020e+00 4.24861248e-02
294 4 4.18879020e+00 4.28885568e-02
295 4 4.18879020e+00 4.33307082e-02
296 4 4.18879020e+00 4.25992826e-02
297 4 4.18879020e+00 4.41135280e-02
298 4 4.18879020e+00 4.30998127e-02
299 4 4.18879020e+00 4.35417552e-02
300 4 4.18879020e+00 4.16275868e-02
301 4 4.18879020e+00 4.34950006e-02
302 4 4.18879020e+00 4.21850702e-02
303 4 4.18879020e+00 4.28622258e-02
304 4 4.18879020e+00 4.45411826e-02
305 4 4.18879020e+00 4.21273244e-02
306 4 4.18879020e+00 4.28956770e-02
307 4 4.18879020e+00 4.31534932e-02
308 4 4.18879020e+00 4.32006324e-02
309 4 4.18879020e+00 4.32078613e-02
310 4 4.18879020e+00 4.27111062e-02
311 4 4.18879020e+00 4.32557074e-02
312 4 4.18879020e+00 4.38192861e-02
313 4 4.18879020e+00 4.28841305e-02
314 4 4.18879020e+00 4.19834814e-02
315 4 4.18879020e+00 4.14531032e-02
316 4 4.18879020e+00 4.23164002e-02
317 4 4.18879020e+00 4.29770977e-02
318 4 4.18879020e+00 4.24268525e-02
319 4 4.18879020e+00 4.34017257e-02
320 4 4.18879020e+00 4.09272094e-02
321 4 4.18879020e+00 4.20890325e-02
322 4 4.18879020e+00 4.24063346e-02
323 4 4.18879020e+00 4.30412054e-02
324 4 4.18879020e+00 4.33948372e-02
325 4 4.18879020e+00 4.29492717e-02
326 4 4.18879020e+00 4.18887739e-02
327 4 4.18879020e+00 4.19495755e-02
328 4 4.18879020e+00 4.19574513e-02
329 4 4.18879020e+00 4.18720762e-02
330 4 4.18879020e+00 4.26096471e-02
331 4 4.18879020e+00 4.15544318e-02
332 4 4.18879020e+00 4.35670709e-02
333 4 4.18879020e+00 4.27082210e-02
334 4 4.18879020e+00 4.23859015e-02
335 4 4.18879020e+00 4.26156957e-02
336 4 4.18879020e+00 4.29524305e-02
337 4 4.18879020e+00 4.26543942e-02
338 4 4.18879020e+00 4.14090825e-02
339 4 4.18879020e+00 4.30229937e-02
340 4 4.18879020e+00 4.25223314e-02
341 4 4.18879020e+00 4.33522449e-02
342 4 4.18879020e+00 4.41068173e-02
343 4 4.18879020e+00 4.37628658e-02
344 4 4.18879020e+00 4.42764815e-02
345 4 4.18879020e+00 4.18844630e-02
346 4 4.18879020e+00 4.24015218e-02
347 4 4.18879020e+00 4.07921212e-02
348 4 4.18879020e+00 4.30235808e-02
349 4 4.18879020e+00 4.22084110e-02
350 4 4.18879020e+00 4.37038849e-02
351 4 4.18879020e+00 4.38732520e-02
352 4 4.18879020e+00 4.11200492e-02
353 4 4.18879020e+00 4.25312388e-02
354 4 4.18879020e+00 4.28265561e-02
355 4 4.18879020e+00 4.42828730e-02
356 4 4.18879020e+00 4.20559483e-02
357 4 4.18879020e+00 4.23095377e-02
358 4 4.18879020e+00 4.29439519e-02
359 4 4.18879020e+00 4.18998454e-02
360 4 4.18879020e+00 4.25319083e-02
361 4 4.18879020e+00 4.24347798e-02
362 4 4.18879020e+00 4.21727699e-02
363 4 4.18879020e+00 4.20897953e-02
364 4 4.18879020e+00 4.23295409e-02
365 4 4.18879020e+00 4.26034067e-02
366 4 4.18879020e+00 4.28765083e-02
367 4 4.18879020e+00 4.25928169e-02
368 4 4.18879020e+00 4.21068550e-02
369 4 4.18879020e+00 4.31425512e-02
370 4 4.18879020e+00 4.22684738e-02
371 4 4.18879020e+00 4.18137711e-02
372 4 4.18879020e+00 4.26125547e-02
373 4 4.18879020e+00 4.30769607e-02
374 4 4.18879020e+00 4.17560449e-02
375 4 4.18879020e+00 4.22497419e-02
376 4 4.18879020e+00 4.32652323e-02
377 4 4.18879020e+00 4.32554593e-02
378 4 4.18879020e+00 4.35259752e-02
379 4 4.18879020e+00 4.27463884e-02
380 4 4.18879020e+00 4.28594867e-02
381 4 4.18879020e+00 4.33072988e-02
382 4 4.18879020e+00 4.26369932e-02
383 4 4.18879020e+00 4.29675634e-02
384 4 4.18879020e+00 4.29671804e-02
385 4 4.18879020e+00 4.32707397e-02
386 4 4.18879020e+00 4.21389482e-02
387 4 4.18879020e+00 4.36125739e-02
388 4 4.18879020e+00 4.31360760e-02
389 4 4.18879020e+00 4.18638277e-02
390 4 4.18879020e+00 4.32651292e-02
391 4 4.18879020e+00 4.13448849e-02
392 4 4.18879020e+00 4.41323163e-02
393 4 4.18879020e+00 4.20773282e-02
394 4 4.18879020e+00 4.34503451e-02
395 4 4.18879020e+00 4.26165340e-02
396 4 4.18879020e+00 4.22800141e-02
397 4 4.18879020e+00 4.33895108e-02
398 4 4.18879020e+00 4.38663768e-02
399 4 4.18879020e+00 4.24923958e-02
400 4 4.18879020e+00 4.27811230e-02
401 4 4.18879020e+00 4.34889298e-02
402 4 4.18879020e+00 4.33532365e-02
403 4 4.18879020e+00 4.32623563e-02
404 4 4.18879020e+00 4.37334302e-02
405 4 4.18879020e+00 4.24958470e-02
406 4 4.18879020e+00 4.13968941e-02
407 4 4.18879020e+00 4.30702704e-02
408 4 4.18879020e+00 4.35170004e-02
409 4 4.18879020e+00 4.27096945e-02
410 4 4.18879020e+00 4.18024105e-02
411 4 4.18879020e+00 4.21060465e-02
412 4 4.18879020e+00 4.31511732e-02
413 4 4.18879020e+00 4.40164650e-02
414 4 4.18879020e+00 4.22876784e-02
415 4 4.18879020e+00 4.21599403e-02
416 4 4.18879020e+00 4.36950882e-02
417 4 4.18879020e+00 4.27222157e-02
418 4 4.18879020e+00 4.30420388e-02
419 4 4.18879020e+00 4.33192312e-02
420 4 4.18879020e+00 4.20927061e-02
421 4 4.18879020e+00 4.33771737e-02
422 4 4.18879020e+00 4.15909663e-02
423 4 4.18879020e+00 4.23463897e-02
424 4 4.18879020e+00 4.10168255e-02
425 4 4.18879020e+00 4.34395591e-02
426 4 4.18879020e+00 4.29900324e-02
427 4 4.18879020e+00 4.23701381e-02
428 4 4.18879020e+00 4.28263136e-02
429 4 4.18879020e+00 4.33561223e-02
430 4 4.18879020e+00 4.22227369e-02
431 4 4.18879020e+00 4.32960686e-02
432 4 4.18879020e+00 4.26202872e-02
433 4 4.18879020e+00 4.33162510e-02
434 4 4.18879020e+00 4.20383804e-02
435 4 4.18879020e+00 4.29485370e-02
436 4 4.18879020e+00 4.27083775e-02
437 4 4.18879020e+00 4.20202094e-02
438 4 4.18879020e+00 4.29650555e-02
439 4 4.18879020e+00 4.26903549e-02
440 4 4.18879020e+00 4.23958614e-02
441 4 4.18879020e+00 4.22319424e-02
442 4 4.18879020e+00 4.34587793e-02
443 4 4.18879020e+00 4.22147890e-02
444 4 4.18879020e+00 4.22970207e-02
445 4 4.18879020e+00 4.11032830e-02
446 4 4.18879020e+00 4.18472929e-02
447 4 4.18879020e+00 4.25755807e-02
448 4 4.18879020e+00 4.35427733e-02
449 4 4.18879020e+00 4.26360239e-02
450 4 4.18879020e+00 4.37691952e-02
451 4 4.18879020e+00 4.24784431e-02
452 4 4.18879020e+00 4.35663801e-02
453 4 4.18879020e+00 4.41363807e-02
454 4 4.18879020e+00 4.26832183e-02
455 4 4.18879020e+00 4.24468496e-02
456 4 4.18879020e+00 4.26056878e-02
457 4 4.18879020e+00 4.27631301e-02
458 4 4.18879020e+00 4.36686821e-02
459 4 4.18879020e+00 4.32543513e-02
460 4 4.18879020e+00 4.27950939e-02
461 4 4.18879020e+00 4.32368440e-02
462 4 4.18879020e+00 4.27397954e-02
463 4 4.18879020e+00 4.29839169e-02
464 4 4.18879020e+00 4.38464949e-02
465 4 4.18879020e+00 4.29425779e-02
466 4 4.18879020e+00 4.23965487e-02
467 4 4.18879020e+00 4.19357358e-02
468 4 4.18879020e+00 4.22064409e-02
469 4 4.18879020e+00 4.08778389e-02
470 4 4.18879020e+00 4.22430557e-02
471 4 4.18879020e+00 4.24717671e-02
472 4 4.18879020e+00 4.26275935e-02
473 4 4.18879020e+00 4.30790848e-02
474 4 4.18879020e+00 4.30930736e-02
475 4 4.18879020e+00 4.24294324e-02
476 4 4.18879020e+00 4.17640545e-02
477 4 4.18879020e+00 4.22586295e-02
478 4 4.18879020e+00 4.30720794e-02
479 4 4.18879020e+00 4.20180331e-02
480 4 4.18879020e+00 4.08907179e-02
481 4 4.18879020e+00 4.23011837e-02
482 4 4.18879020e+00 4.21483938e-02
483 4 4.18879020e+00 4.28379646e-02
484 4 4.18879020e+00 4.29392030e-02
485 4 4.18879020e+00 4.27384189e-02
486 4 4.18879020e+00 4.33104612e-02
487 4 4.18879020e+00 4.29815814e-02
488 4 4.18879020e+00 4.24944672e-02
489 4 4.18879020e+00 4.32851467e-02
490 4 4.18879020e+00 4.24467671e-02
491 4 4.18879020e+00 4.22550433e-02
492 4 4.18879020e+00 4.32637557e-02
493 4 4.18879020e+00 4.34953887e-02
494 4 4.18879020e+00 4.21911680e-02
495 4 4.18879020e+00 4.25915756e-02
496 4 4.18879020e+00 4.19658280e-02
497 4 4.18879020e+00 4.29836476e-02
498 4 4.18879020e+00 4.28223919e-02
499 4 4.18879020e+00 4.29349518e-02
500 4 4.18879020e+00 4.19166590e-02
501 4 4.18879020e+00 4.25130692e-02
502 4 4.18879020e+00 4.26708123e-02
503 4 4.18879020e+00 4.29521083e-02
504 4 4.18879020e+00 4.23446190e-02
505 4 4.18879020e+00 4.19070757e-02
506 4 4.18879020e+00 4.19779537e-02
507 4 4.18879020e+00 4.19378343e-02
508 4 4.18879020e+00 4.21971668e-02
509 4 4.18879020e+00 4.37120740e-02
510 4 4.18879020e+00 4.31990479e-02
511 4 4.18879020e+00 4.14759278e-02
512 4 4.18879020e+00 4.27431486e-02
513 4 4.18879020e+00 4.30123006e-02
514 4 4.18879020e+00 4.22287186e-02
515 4 4.18879020e+00 4.35697355e-02
516 4 4.18879020e+00 4.23712387e-02
517 4 4.18879020e+00 4.15437826e-02
518 4 4.18879020e+00 4.21439465e-02
519 4 4.18879020e+00 4.17784530e-02
520 4 4.18879020e+00 4.26025349e-02
521 4 4.18879020e+00 4.10946212e-02
522 4 4.18879020e+00 4.40086605e-02
523 4 4.18879020e+00 4.14235734e-02
524 4 4.18879020e+00 4.21650570e-02
525 4 4.18879020e+00 4.23421923e-02
526 4 4.18879020e+00 4.17403481e-02
527 4 4.18879020e+00 4.30038159e-02
528 4 4.18879020e+00 4.26641865e-02
529 4 4.18879020e+00 4.22207427e-02
530 4 4.18879020e+00 4.15371319e-02
531 4 4.18879020e+00 4.23492782e-02
532 4 4.18879020e+00 4.27188262e-02
533 4 4.18879020e+00 4.25740146e-02
534 4 4.18879020e+00 4.28896085e-02
535 4 4.18879020e+00 4.34364020e-02
536 4 4.18879020e+00 4.30954743e-02
537 4 4.18879020e+00 4.37918984e-02
538 4 4.18879020e+00 4.21112324e-02
539 4 4.18879020e+00 4.35123011e-02
540 4 4.18879020e+00 4.26056582e-02
541 4 4.18879020e+00 4.31027636e-02
542 4 4.18879020e+00 4.29678020e-02
543 4 4.18879020e+00 4.26165380e-02
544 4 4.18879020e+00 4.27592356e-02
545 4 4.18879020e+00 4.22127523e-02
546 4 4.18879020e+00 4.36371223e-02
547 4 4.18879020e+00 4.41529781e-02
548 4 4.18879020e+00 4.22035425e-02
549 4 4.18879020e+00 4.16752015e-02
550 4 4.18879020e+00 4.28376185e-02
551 4 4.18879020e+00 4.27510879e-02
552 4 4.18879020e+00 4.25512110e-02
553 4 4.18879020e+00 4.37012211e-02
554 4 4.18879020e+00 4.23821781e-02
555 4 4.18879020e+00 4.26640810e-02
556 4 4.18879020e+00 4.30885433e-02
557 4 4.18879020e+00 4.32032748e-02
558 4 4.18879020e+00 4.27085681e-02
559 4 4.18879020e+00 4.34957334e-02
560 4 4.18879020e+00 4.34513740e-02
561 4 4.18879020e+00 4.14627029e-02
562 4 4.18879020e+00 4.35644128e-02
563 4 4.18879020e+00 4.29073376e-02
564 4 4.18879020e+00 4.36470102e-02
565 4 4.18879020e+00 4.25706492e-02
566 4 4.18879020e+00 4.20777505e-02
567 4 4.18879020e+00 4.34196849e-02
568 4 4.18879020e+00 4.28511343e-02
569 4 4.18879020e+00 4.31175033e-02
570 4 4.18879020e+00 4.24604659e-02
571 4 4.18879020e+00 4.26059036e-02
572 4 4.18879020e+00 4.28193403e-02
573 4 4.18879020e+00 4.18199014e-02
574 4 4.18879020e+00 4.26135678e-02
575 4 4.18879020e+00 4.29469079e-02
576 4 4.18879020e+00 4.30352009e-02
577 4 4.18879020e+00 4.23022638e-02
578 4 4.18879020e+00 4.35438489e-02
579 4 4.18879020e+00 4.27935037e-02
580 4 4.18879020e+00 4.19931155e-02
581 4 4.18879020e+00 4.15891875e-02
582 4 4.18879020e+00 4.31606018e-02
583 4 4.18879020e+00 4.30832846e-02
584 4 4.18879020e+00 4.17716747e-02
585 4 4.18879020e+00 4.25260800e-02
586 4 4.18879020e+00 4.26533546e-02
587 4 4.18879020e+00 4.34024494e-02
588 4 4.18879020e+00 4.27979307e-02
589 4 4.18879020e+00 4.26598482e-02
590 4 4.18879020e+00 4.26452903e-02
591 4 4.18879020e+00 4.19301721e-02
592 4 4.18879020e+00 4.23369712e-02
593 4 4.18879020e+00 4.21383192e-02
594 4 4.18879020e+00 4.25269012e-02
595 4 4.18879020e+00 4.16060209e-02
596 4 4.18879020e+00 4.33308726e-02
597 4 4.18879020e+00 4.24506510e-02
598 4 4.18879020e+00 4.34412564e-02
599 4 4.18879020e+00 4.30719501e-02
600 4 4.18879020e+00 4.28740892e-02
601 4 4.18879020e+00 4.33778848e-02
602 4 4.18879020e+00 4.23637537e-02
603 4 4.18879020e+00 4.25027651e-02
604 4 4.18879020e+00 4.30925203e-02
605 4 4.18879020e+00 4.29990998e-02
606 4 4.18879020e+00 4.23051818e-02
607 4 4.18879020e+00 4.16321122e-02
608 4 4.18879020e+00 4.25256421e-02
609 4 4.18879020e+00 4.10426192e-02
610 4 4.18879020e+00 4.14543288e-02
611 4 4.18879020e+00 4.18762677e-02
612 4 4.18879020e+00 4.32044415e-02
613 4 4.18879020e+00 4.28910776e-02
614 4 4.18879020e+00 4.35723448e-02
615 4 4.18879020e+00 4.20943508e-02
616 4 4.18879020e+00 4.37026270e-02
617 4 4.18879020e+00 4.39118401e-02
618 4 4.18879020e+00 4.21390170e-02
619 4 4.18879020e+00 4.24772576e-02
620 4 4.18879020e+00 4.32091818e-02
621 4 4.18879020e+00 4.21619840e-02
622 4 4.18879020e+00 4.34484091e-02
623 4 4.18879020e+00 4.31862263e-02
624 4 4.18879020e+00 4.35881368e-02
625 4 4.18879020e+00 4.30555790e-02
626 4 4.18879020e+00 4.25624520e-02
627 4 4.18879020e+00 4.25911771e-02
628 4 4.18879020e+00 4.23806396e-02
629 4 4.18879020e+00 4.14742149e-02
630 4 4.18879020e+00 4.28903340e-02
631 4 4.18879020e+00 4.20485172e-02
632 4 4.18879020e+00 4.22100105e-02
633 4 4.18879020e+00 4.24048114e-02
634 4 4.18879020e+00 4.42299511e-02
635 4 4.18879020e+00 4.14683170e-02
636 4 4.18879020e+00 4.30730561e-02
637 4 4.18879020e+00 4.13689813e-02
638 4 4.18879020e+00 4.24275584e-02
639 4 4.18879020e+00 4.23349064e-02
640 4 4.18879020e+00 4.16290200e-02
641 4 4.18879020e+00 4.26160801e-02
642 4 4.18879020e+00 4.18052522e-02
643 4 4.18879020e+00 4.27708902e-02
644 4 4.18879020e+00 4.38949870e-02
645 4 4.18879020e+00 4.14399452e-02
646 4 4.18879020e+00 4.10744337e-02
647 4 4.18879020e+00 4.12650527e-02
648 4 4.18879020e+00 4.21627277e-02
649 4 4.18879020e+00 4.07644951e-02
650 4 4.18879020e+00 4.26888759e-02
651 4 4.18879020e+00 4.23572865e-02
652 4 4.18879020e+00 4.14010382e-02
653 4 4.18879020e+00 4.29102106e-02
654 4 4.18879020e+00 4.29893183e-02
655 4 4.18879020e+00 4.25121014e-02
656 4 4.18879020e+00 4.26436204e-02
657 4 4.18879020e+00 4.28299395e-02
658 4 4.18879020e+00 4.36781953e-02
659 4 4.18879020e+00 4.24627557e-02
660 4 4.18879020e+00 4.21576908e-02
661 4 4.18879020e+00 4.26179520e-02
662 4 4.18879020e+00 4.37672232e-02
663 4 4.18879020e+00 4.32247926e-02
664 4 4.18879020e+00 4.36555893e-02
665 4 4.18879020e+00 4.14026374e-02
666 4 4.18879020e+00 4.27319747e-02
667 4 4.18879020e+00 4.20962406e-02
668 4 4.18879020e+00 4.26938716e-02
669 4 4.18879020e+00 4.29248920e-02
670 4 4.18879020e+00 4.24706409e-02
671 4 4.18879020e+00 4.31505551e-02
672 4 4.18879020e+00 4.27943729e-02
673 4 4.18879020e+00 4.41064738e-02
674 4 4.18879020e+00 4.18047174e-02
675 4 4.18879020e+00 4.21945807e-02
676 4 4.18879020e+00 4.16853185e-02
677 4 4.18879020e+00 4.28261863e-02
678 4 4.18879020e+00 4.35315192e-02
679 4 4.18879020e+00 4.26476439e-02
680 4 4.18879020e+00 4.35533916e-02
681 4 4.18879020e+00 4.24002960e-02
682 4 4.18879020e+00 4.26347633e-02
683 4 4.18879020e+00 4.10394507e-02
684 4 4.18879020e+00 4.35886723e-02
685 4 4.18879020e+00 4.23947924e-02
686 4 4.18879020e+00 4.34897139e-02
687 4 4.18879020e+00 4.28795914e-02
688 4 4.18879020e+00 4.21727972e-02
689 4 4.18879020e+00 4.25106694e-02
690 4 4.18879020e+00 4.29834488e-02
691 4 4.18879020e+00 4.16602962e-02
692 4 4.18879020e+00 4.19262535e-02
693 4 4.18879020e+00 4.27754670e-02
694 4 4.18879020e+00 4.16061023e-02
695 4 4.18879020e+00 4.22781927e-02
696 4 4.18879020e+00 4.25581066e-02
697 4 4.18879020e+00 4.20379170e-02
698 4 4.18879020e+00 4.29054906e-02
699 4 4.18879020e+00 4.19566313e-02
700 4 4.18879020e+00 4.15269332e-02
701 4 4.18879020e+00 4.26927266e-02
702 4 4.18879020e+00 4.16632653e-02
703 4 4.18879020e+00 4.47567638e-02
704 4 4.18879020e+00 4.29225985e-02
705 4 4.18879020e+00 4.31913969e-02
706 4 4.18879020e+00 4.20548393e-02
707 4 4.18879020e+00 4.11870711e-02
708 4 4.18879020e+00 4.24726849e-02
709 4 4.18879020e+00 4.34311934e-02
710 4 4.18879020e+00 4.32699309e-02
711 4 4.18879020e+00 4.38049839e-02
712 4 4.18879020e+00 4.35422594e-02
713 4 4.18879020e+00 4.17706753e-02
714 4 4.18879020e+00 4.12537652e-02
715 4 4.18879020e+00 4.24613534e-02
716 4 4.18879020e+00 4.20408677e-02
717 4 4.18879020e+00 4.08598775e-02
718 4 4.18879020e+00 4.11784309e-02
719 4 4.18879020e+00 4.15831742e-02
720 4 4.18879020e+00 4.21562338e-02
721 4 4.18879020e+00 4.28466800e-02
722 4 4.18879020e+00 4.19620807e-02
723 4 4.18879020e+00 4.24398112e-02
724 4 4.18879020e+00 4.27263508e-02
725 4 4.18879020e+00 4.16707303e-02
726 4 4.18879020e+00 4.31812816e-02
727 4 4.18879020e+00 4.28940834e-02
728 4 4.18879020e+00 4.23824121e-02
729 4 4.18879020e+00 4.36254049e-02
730 4 4.18879020e+00 4.16836112e-02
731 4 4.18879020e+00 4.27017088e-02
732 4 4.18879020e+00 4.30901898e-02
733 4 4.18879020e+00 4.22140763e-02
734 4 4.18879020e+00 4.32671109e-02
735 4 4.18879020e+00 4.29614716e-02
736 4 4.18879020e+00 4.19920469e-02
737 4 4.18879020e+00 4.27151130e-02
738 4 4.18879020e+00 4.26673579e-02
739 4 4.18879020e+00 4.18691873e-02
740 4 4.18879020e+00 4.34426174e-02
741 4 4.18879020e+00 4.23698262e-02
742 4 4.18879020e+00 4.15975025e-02
743 4 4.18879020e+00 4.33009521e-02
744 4 4.18879020e+00 4.28198262e-02
745 4 4.18879020e+00 4.20910321e-02
746 4 4.18879020e+00 4.26622020e-02
747 4 4.18879020e+00 4.37233105e-02
748 4 4.18879020e+00 4.28669909e-02
749 4 4.18879020e+00 4.29550693e-02
750 4 4.18879020e+00 4.26799524e-02
751 4 4.18879020e+00 4.46211469e-02
752 4 4.18879020e+00 4.47114801e-02
753 4 4.18879020e+00 4.32737789e-02
754 4 4.18879020e+00 4.36325793e-02
755 4 4.18879020e+00 4.21475593e-02
756 4 4.18879020e+00 4.34090771e-02
757 4 4.18879020e+00 4.17169734e-02
758 4 4.18879020e+00 4.31993863e-02
759 4 4.18879020e+00 4.24338785e-02
760 4 4.18879020e+00 4.21310810e-02
761 4 4.18879020e+00 4.26453911e-02
762 4 4.18879020e+00 4.23778884e-02
763 4 4.18879020e+00 4.30579476e-02
764 4 4.18879020e+00 4.35191635e-02
765 4 4.18879020e+00 4.33561464e-02
766 4 4.18879020e+00 4.22637932e-02
767 4 4.18879020e+00 4.13536010e-02
768 4 4.18879020e+00 4.23178503e-02
769 4 4.18879020e+00 4.32297876e-02
770 4 4.18879020e+00 4.17374272e-02
771 4 4.18879020e+00 4.29190126e-02
772 4 4.18879020e+00 4.26582059e-02
773 4 4.18879020e+00 4.20136520e-02
774 4 4.18879020e+00 4.24147869e-02
775 4 4.18879020e+00 4.32005438e-02
776 4 4.18879020e+00 4.20638019e-02
777 4 4.18879020e+00 4.21287238e-02
778 4 4.18879020e+00 4.25314578e-02
779 4 4.18879020e+00 4.34383882e-02
780 4 4.18879020e+00 4.17788544e-02
781 4 4.18879020e+00 4.26005645e-02
782 4 4.18879020e+00 4.34390837e-02
783 4 4.18879020e+00 4.19756520e-02
784 4 4.18879020e+00 4.19503055e-02
785 4 4.18879020e+00 4.21300132e-02
786 4 4.18879020e+00 4.23848470e-02
787 4 4.18879020e+00 4.19230376e-02
788 4 4.18879020e+00 4.25775686e-02
789 4 4.18879020e+00 4.21931367e-02
790 4 4.18879020e+00 4.33328390e-02
791 4 4.18879020e+00 4.25520139e-02
792 4 4.18879020e+00 4.22390258e-02
793 4 4.18879020e+00 4.17669886e-02
794 4 4.18879020e+00 4.25008879e-02
795 4 4.18879020e+00 4.21744377e-02
796 4 4.18879020e+00 4.22310409e-02
797 4 4.18879020e+00 4.21242596e-02
798 4 4.18879020e+00 4.17373071e-02
799 4 4.18879020e+00 4.11525128e-02
800 4 4.18879020e+00 4.42780964e-02
801 4 4.18879020e+00 4.35145610e-02
802 4 4.18879020e+00 4.21985760e-02
803 4 4.18879020e+00 4.32978402e-02
804 4 4.18879020e+00 4.33279677e-02
805 4 4.18879020e+00 4.35662964e-02
806 4 4.18879020e+00 4.30686300e-02
807 4 4.18879020e+00 4.26308585e-02
808 4 4.18879020e+00 4.26111453e-02
809 4 4.18879020e+00 4.30850142e-02
810 4 4.18879020e+00 4.44265446e-02
811 4 4.18879020e+00 4.26437417e-02
812 4 4.18879020e+00 4.25139537e-02
813 4 4.18879020e+00 4.32826440e-02
814 4 4.18879020e+00 4.31304653e-02
815 4 4.18879020e+00 4.34872835e-02
816 4 4.18879020e+00 4.24179958e-02
817 4 4.18879020e+00 4.36206686e-02
818 4 4.18879020e+00 4.26193087e-02
819 4 4.18879020e+00 4.32537170e-02
820 4 4.18879020e+00 4.42117135e-02
821 4 4.18879020e+00 4.10212756e-02
822 4 4.18879020e+00 4.28692100e-02
823 4 4.18879020e+00 4.22179219e-02
824 4 4.18879020e+00 4.26614788e-02
825 4 4.18879020e+00 4.25562182e-02
826 4 4.18879020e+00 4.27672022e-02
827 4 4.18879020e+00 4.24060683e-02
828 4 4.18879020e+00 4.41534116e-02
829 4 4.18879020e+00 4.18819604e-02
830 4 4.18879020e+00 4.23239936e-02
831 4 4.18879020e+00 4.18438036e-02
832 4 4.18879020e+00 4.27621121e-02
833 4 4.18879020e+00 4.37499941e-02
834 4 4.18879020e+00 4.30429703e-02
835 4 4.18879020e+00 4.21432050e-02
836 4 4.18879020e+00 4.21892162e-02
837 4 4.18879020e+00 4.30511452e-02
838 4 4.18879020e+00 4.35409426e-02
839 4 4.18879020e+00 4.23983242e-02
840 4 4.18879020e+00 4.36844565e-02
841 4 4.18879020e+00 4.18968297e-02
842 4 4.18879020e+00 4.19158537e-02
843 4 4.18879020e+00 4.31336583e-02
844 4 4.18879020e+00 4.27711431e-02
845 4 4.18879020e+00 4.22908328e-02
846 4 4.18879020e+00 4.16298445e-02
847 4 4.18879020e+00 4.18021897e-02
848 4 4.18879020e+00 4.19249415e-02
849 4 4.18879020e+00 4.15892264e-02
850 4 4.18879020e+00 4.15610358e-02
851 4 4.18879020e+00 4.20458289e-02
852 4 4.18879020e+00 4.21071010e-02
853 4 4.18879020e+00 4.32210337e-02
854 4 4.18879020e+00 4.19136911e-02
855 4 4.18879020e+00 4.32675025e-02
856 4 4.18879020e+00 4.33362401e-02
857 4 4.18879020e+00 4.41600286e-02
858 4 4.18879020e+00 4.43055940e-02
859 4 4.18879020e+00 4.37953639e-02
860 4 4.18879020e+00 4.21917551e-02
861 4 4.18879020e+00 4.15280654e-02
862 4 4.18879020e+00 4.25467934e-02
863 4 4.18879020e+00 4.34019363e-02
864 4 4.18879020e+00 4.22894692e-02
865 4 4.18879020e+00 4.21682916e-02
866 4 4.18879020e+00 4.32419446e-02
867 4 4.18879020e+00 4.19983481e-02
868 4 4.18879020e+00 4.22933931e-02
869 4 4.18879020e+00 4.14443482e-02
870 4 4.18879020e+00 4.16739578e-02
871 4 4.18879020e+00 4.27799122e-02
872 4 4.18879020e+00 4.22425804e-02
873 4 4.18879020e+00 4.24609381e-02
874 4 4.18879020e+00 4.26685539e-02
875 4 4.18879020e+00 4.35269790e-02
876 4 4.18879020e+00 4.31106629e-02
877 4 4.18879020e+00 4.23579794e-02
878 4 4.18879020e+00 4.26177460e-02
879 4 4.18879020e+00 4.16680544e-02
880 4 4.18879020e+00 4.38392066e-02
881 4 4.18879020e+00 4.26564210e-02
882 4 4.18879020e+00 4.22978566e-02
883 4 4.18879020e+00 4.22408249e-02
884 4 4.18879020e+00 4.16623257e-02
885 4 4.18879020e+00 4.25447876e-02
886 4 4.18879020e+00 4.20780960e-02
887 4 4.18879020e+00 4.41271175e-02
888 4 4.18879020e+00 4.06162859e-02
889 4 4.18879020e+00 4.24788114e-02
890 4 4.18879020e+00 4.28785494e-02
891 4 4.18879020e+00 4.35376200e-02
892 4 4.18879020e+00 4.21559188e-02
893 4 4.18879020e+00 4.29899471e-02
894 4 4.18879020e+00 4.20563523e-02
895 4 4.18879020e+00 4.15340975e-02
896 4 4.18879020e+00 4.17132012e-02
897 4 4.18879020e+00 4.21689818e-02
898 4 4.18879020e+00 4.13970624e-02
899 4 4.18879020e+00 4.22665469e-02
900 4 4.18879020e+00 4.33185980e-02
901 4 4.18879020e+00 4.31878938e-02
902 4 4.18879020e+00 4.32024766e-02
903 4 4.18879020e+00 4.25953556e-02
904 4 4.18879020e+00 4.45934253e-02
905 4 4.18879020e+00 4.20606922e-02
906 4 4.18879020e+00 4.26550923e-02
907 4 4.18879020e+00 4.12109811e-02
908 4 4.18879020e+00 4.31917418e-02
909 4 4.18879020e+00 4.31875862e-02
910 4 4.18879020e+00 4.22800041e-02
911 4 4.18879020e+00 4.16043201e-02
912 4 4.18879020e+00 4.34744324e-02
913 4 4.18879020e+00 4.25394642e-02
914 4 4.18879020e+00 4.26736855e-02
915 4 4.18879020e+00 4.31602889e-02
916 4 4.18879020e+00 4.17232858e-02
917 4 4.18879020e+00 4.23721241e-02
918 4 4.18879020e+00 4.30435744e-02
919 4 4.18879020e+00 4.23797288e-02
920 4 4.18879020e+00 4.26052793e-02
921 4 4.18879020e+00 4.20016416e-02
922 4 4.18879020e+00 4.27490536e-02
923 4 4.18879020e+00 4.08797148e-02
924 4 4.18879020e+00 4.23922337e-02
925 4 4.18879020e+00 4.42293823e-02
926 4 4.18879020e+00 4.26864872e-02
927 4 4.18879020e+00 4.36497584e-02
928 4 4.18879020e+00 4.33274213e-02
929 4 4.18879020e+00 4.29390639e-02
930 4 4.18879020e+00 4.24354955e-02
931 4 4.18879020e+00 4.17924690e-02
932 4 4.18879020e+00 4.42486093e-02
933 4 4.18879020e+00 4.18112185e-02
934 4 4.18879020e+00 4.24528096e-02
935 4 4.18879020e+00 4.35054776e-02
936 4 4.18879020e+00 4.26084429e-02
937 4 4.18879020e+00 4.26530691e-02
938 4 4.18879020e+00 4.19920043e-02
939 4 4.18879020e+00 4.27630422e-02
940 4 4.18879020e+00 4.46458068e-02
941 4 4.18879020e+00 4.28500539e-02
942 4 4.18879020e+00 4.39580011e-02
943 4 4.18879020e+00 4.25457547e-02
944 4 4.18879020e+00 4.15980708e-02
945 4 4.18879020e+00 4.28981463e-02
946 4 4.18879020e+00 4.29648182e-02
947 4 4.18879020e+00 4.35517118e-02
948 4 4.18879020e+00 4.27640937e-02
949 4 4.18879020e+00 4.17611852e-02
950 4 4.18879020e+00 4.20506415e-02
951 4 4.18879020e+00 4.19532957e-02
952 4 4.18879020e+00 4.25750101e-02
953 4 4.18879020e+00 4.37947186e-02
954 4 4.18879020e+00 4.27170227e-02
955 4 4.18879020e+00 4.26352878e-02
956 4 4.18879020e+00 4.33443782e-02
957 4 4.18879020e+00 4.33378253e-02
958 4 4.18879020e+00 4.39172955e-02
959 4 4.18879020e+00 4.30449199e-02
960 4 4.18879020e+00 4.18073277e-02
961 4 4.18879020e+00 4.25676829e-02
962 4 4.18879020e+00 4.23609682e-02
963 4 4.18879020e+00 4.27899572e-02
964 4 4.18879020e+00 4.31030389e-02
965 4 4.18879020e+00 4.25844836e-02
966 4 4.18879020e+00 4.17493335e-02
967 4 4.18879020e+00 4.20604319e-02
968 4 4.18879020e+00 4.38596818e-02
969 4 4.18879020e+00 4.23571529e-02
970 4 4.18879020e+00 4.29931942e-02
971 4 4.18879020e+00 4.27725923e-02
972 4 4.18879020e+00 4.25462850e-02
973 4 4.18879020e+00 4.26485448e-02
974 4 4.18879020e+00 4.31826200e-02
975 4 4.18879020e+00 4.29284643e-02
976 4 4.18879020e+00 4.16248179e-02
977 4 4.18879020e+00 4.35575532e-02
978 4 4.18879020e+00 4.30638634e-02
979 4 4.18879020e+00 4.27653099e-02
980 4 4.18879020e+00 4.15539214e-02
981 4 4.18879020e+00 4.25515454e-02
982 4 4.18879020e+00 4.31838641e-02
983 4 4.18879020e+00 4.33730440e-02
984 4 4.18879020e+00 4.30353646e-02
985 4 4.18879020e+00 4.31996666e-02
986 4 4.18879020e+00 4.36236839e-02
987 4 4.18879020e+00 4.30524249e-02
988 4 4.18879020e+00 4.31716617e-02
989 4 4.18879020e+00 4.33104203e-02
990 4 4.18879020e+00 4.17820602e-02
991 4 4.18879020e+00 4.15795609e-02
992 4 4.18879020e+00 4.22875117e-02
993 4 4.18879020e+00 4.25652220e-02
994 4 4.18879020e+00 4.14180279e-02
995 4 4.18879020e+00 4.31046167e-02
996 4 4.18879020e+00 4.26690260e-02
997 4 4.18879020e+00 4.21473136e-02
998 4 4.18879020e+00 4.30663085e-02
999 4 4.18879020e+00 4.22395276e-02
1000 4 4.18879020e+00 4.19786889e-02
1001 4 4.18879020e+00 4.20016535e-02
1002 4 4.18879020e+00 4.26543588e-02
1003 4 4.18879020e+00 4.25422724e-02
1004 4 4.18879020e+00 4.30207840e-02
1005 4 4.18879020e+00 4.25031380e-02
1006 4 4.18879020e+00 4.29041518e-02
1007 4 4.18879020e+00 4.22991358e-02
1008 4 4.18879020e+00 4.21723071e-02
1009 4 4.18879020e+00 4.11430665e-02
1010 4 4.18879020e+00 4.23930477e-02
1011 4 4.18879020e+00 4.27803311e-02
1012 4 4.18879020e+00 4.17879986e-02
0 5 5.23598776e+00 3.59108570e-02
1 5 5.23598776e+00 3.52237942e-02
2 5 5.23598776e+00 3.70288679e-02
3 5 5.23598776e+00 3.56765827e-02
4 5 5.23598776e+00 3.69821229e-02
5 5 5.23598776e+00 3.55232440e-02
6 5 5.23598776e+00 3.69368823e-02
7 5 5.23598776e+00 3.71533378e-02
8 5 5.23598776e+00 3.47989064e-02
9 5 5.23598776e+00 3.49215729e-02
10 5 5.23598776e+00 3.35901008e-02
11 5 5.23598776e+00 3.45838448e-02
12 5 5.23598776e+00 3.70782771e-02
13 5 5.23598776e+00 3.73286915e-02
14 5 5.23598776e+00 3.80894712e-02
15 5 5.23598776e+00 3.65541413e-02
16 5 5.23598776e+00 3.62834543e-02
17 5 5.23598776e+00 3.60781888e-02
18 5 5.23598776e+00 3.59823927e-02
19 5 5.23598776e+00 3.61761941e-02
20 5 5.23598776e+00 3.69148394e-02
21 5 5.23598776e+00 3.64144664e-02
22 5 5.23598776e+00 3.54635066e-02
23 5 5.23598776e+00 3.56587287e-02
24 5 5.23598776e+00 3.53357195e-02
25 5 5.23598776e+00 3.64734050e-02
26 5 5.23598776e+00 3.56850983e-02
27 5 5.23598776e+00 3.39337412e-02
28 5 5.23598776e+00 3.67426703e-02
29 5 5.23598776e+00 3.57925250e-02
30 5 5.23598776e+00 3.43507987e-02
31 5 5.23598776e+00 3.47724241e-02
32 5 5.23598776e+00 3.65979673e-02
33 5 5.23598776e+00 3.57957348e-02
34 5 5.23598776e+00 3.60793384e-02
35 5 5.23598776e+00 3.65710752e-02
36 5 5.23598776e+00 3.53827512e-02
37 5 5.23598776e+00 3.43473262e-02
38 5 5.23598776e+00 3.75469764e-02
39 5 5.23598776e+00 3.69880839e-02
40 5 5.23598776e+00 3.52227242e-02
41 5 5.23598776e+00 3.59157922e-02
42 5 5.23598776e+00 3.59092615e-02
43 5 5.23598776e+00 3.63806788e-02
44 5 5.23598776e+00 3.60078987e-02
45 5 5.23598776e+00 3.53757011e-02
46 5 5.23598776e+00 3.45890195e-02
47 5 5.23598776e+00 3.52291885e-02
48 5 5.23598776e+00 3.70961035e-02
49 5 5.23598776e+00 3.36433249e-02
50 5 5.23598776e+00 3.65328636e-02
51 5 5.23598776e+00 3.59376096e-02
52 5 5.23598776e+00 3.60121390e-02
53 5 5.23598776e+00 3.78762374e-02
54 5 5.23598776e+00 3.68676834e-02
55 5 5.23598776e+00 3.62214226e-02
56 5 5.23598776e+00 3.56198625e-02
57 5 5.23598776e+00 3.58017419e-02
58 5 5.23598776e+00 3.54354087e-02
59 5 5.23598776e+00 3.58626748e-02
60 5 5.23598776e+00 3.51968284e-02
61 5 5.23598776e+00 3.47950945e-02
62 5 5.23598776e+00 3.76799979e-02
63 5 5.23598776e+00 3.61598902e-02
64 5 5.23598776e+00 3.55570579e-02
65 5 5.23598776e+00 3.60181506e-02
66 5 5.23598776e+00 3.49686281e-02
67 5 5.23598776e+00 3.60920138e-02
68 5 5.23598776e+00 3.69735619e-02
69 5 5.23598776e+00 3.50335042e-02
70 5 5.23598776e+00 3.49860530e-02
71 5 5.23598776e+00 3.65089252e-02
72 5 5.23598776e+00 3.67189271e-02
73 5 5.23598776e+00 3.69469366e-02
74 5 5.23598776e+00 3.45354782e-02
75 5 5.23598776e+00 3.40069150e-02
76 5 5.23598776e+00 3.53796588e-02
77 5 5.23598776e+00 3.43143396e-02
78 5 5.23598776e+00 3.67761816e-02
79 5 5.23598776e+00 3.72164969e-02
80 5 5.23598776e+00 3.58783499e-02
81 5 5.23598776e+00 3.54158132e-02
82 5 5.23598776e+00 3.57167433e-02
83 5 5.23598776e+00 3.51057458e-02
84 5 5.23598776e+00 3.55327499e-02
85 5 5.23598776e+00 3.65707754e-02
86 5 5.23598776e+00 3.43646182e-02
87 5 5.23598776e+00 3.44164402e-02
88 5 5.23598776e+00 3.46917290e-02
89 5 5.23598776e+00 3.51762108e-02
90 5 5.23598776e+00 3.63045128e-02
91 5 5.23598776e+00 3.61833951e-02
92 5 5.23598776e+00 3.45987490e-02
93 5 5.23598776e+00 3.61528407e-02
94 5 5.23598776e+00 3.62727855e-02
95 5 5.23598776e+00 3.40514371e-02
96 5 5.23598776e+00 3.62090616e-02
97 5 5.23598776e+00 3.60989821e-02
98 5 5.23598776e+00 3.66638574e-02
99 5 5.23598776e+00 3.76479938e-02
100 5 5.23598776e+00 3.45735463e-02
101 5 5.23598776e+00 3.58866784e-02
102 5 5.23598776e+00 3.52354019e-02
103 5 5.23598776e+00 3.47619882e-02
104 5 5.23598776e+00 3.66190771e-02
105 5 5.23598776e+00 3.48346349e-02
106 5 5.23598776e+00 3.68569109e-02
107 5 5.23598776e+00 3.66679470e-02
108 5 5.23598776e+00 3.62003585e-02
109 5 5.23598776e+00 3.74390408e-02
110 5 5.23598776e+00 3.38091109e-02
111 5 5.23598776e+00 3.63778477e-02
112 5 5.23598776e+00 3.56586798e-02
113 5 5.23598776e+00 3.50810546e-02
114 5 5.23598776e+00 3.65226068e-02
115 5 5.23598776e+00 3.60965425e-02
116 5 5.23598776e+00 3.66843321e-02
117 5 5.23598776e+00 3.66507116e-02
118 5 5.23598776e+00 3.63143559e-02
119 5 5.23598776e+00 3.58265978e-02
120 5 5.23598776e+00 3.47396593e-02
121 5 5.23598776e+00 3.40942028e-02
122 5 5.23598776e+00 3.40415099e-02
123 5 5.23598776e+00 3.53267614e-02
124 5 5.23598776e+00 3.62202285e-02
125 5 5.23598776e+00 3.74873302e-02
126 5 5.23598776e+00 3.71543930e-02
127 5 5.23598776e+00 3.57330318e-02
128 5 5.23598776e+00 3.44611222e-02
129 5 5.23598776e+00 3.60872908e-02
130 5 5.23598776e+00 3.83496340e-02
131 5 5.23598776e+00 3.28973085e-02
132 5 5.23598776e+00 3.79120505e-02
133 5 5.23598776e+00 3.53079396e-02
134 5 5.23598776e+00 3.68087032e-02
135 5 5.23598776e+00 3.41422600e-02
136 5 5.23598776e+00 3.48976980e-02
137 5 5.23598776e+00 3.64039908e-02
138 5 5.23598776e+00 3.53108219e-02
139 5 5.23598776e+00 3.58308811e-02
140 5 5.23598776e+00 3.60470929e-02
141 5 5.23598776e+00 3.63630433e-02
142 5 5.23598776e+00 3.57274215e-02
143 5 5.23598776e+00 3.60445655e-02
144 5 5.23598776e+00 3.68306242e-02
145 5 5.23598776e+00 3.42831700e-02
146 5 5.23598776e+00 3.57889267e-02
147 5 5.23598776e+00 3.54909185e-02
148 5 5.23598776e+00 3.58735007e-02
149 5 5.23598776e+00 3.51251894e-02
150 5 5.23598776e+00 3.66598300e-02
151 5 5.23598776e+00 3.50732898e-02
152 5 5.23598776e+00 3.54406109e-02
153 5 5.23598776e+00 3.78179280e-02
154 5 5.23598776e+00 3.68066770e-02
155 5 5.23598776e+00 3.51200739e-02
156 5 5.23598776e+00 3.66797446e-02
157 5 5.23598776e+00 3.55552741e-02
158 5 5.23598776e+00 3.54972964e-02
159 5 5.23598776e+00 3.66677455e-02
160 5 5.23598776e+00 3.59797360e-02
161 5 5.23598776e+00 3.64207571e-02
162 5 5.23598776e+00 3.58316056e-02
163 5 5.23598776e+00 3.44829905e-02
164 5 5.23598776e+00 3.66416972e-02
165 5 5.23598776e+00 3.80723772e-02
166 5 5.23598776e+00 3.50799380e-02
167 5 5.23598776e+00 3.59215914e-02
168 5 5.23598776e+00 3.39889883e-02
169 5 5.23598776e+00 3.47716420e-02
170 5 5.23598776e+00 3.62069922e-02
171 5 5.23598776e+00 3.51757811e-02
172 5 5.23598776e+00 3.64141544e-02
173 5 5.23598776e+00 3.53382703e-02
174 5 5.23598776e+00 3.63475958e-02
175 5 5.23598776e+00 3.65924569e-02
176 5 5.23598776e+00 3.72363720e-02
177 5 5.23598776e+00 3.66492472e-02
178 5 5.23598776e+00 3.60694105e-02
179 5 5.23598776e+00 3.60970891e-02
180 5 5.23598776e+00 3.57254332e-02
181 5 5.23598776e+00 3.63477794e-02
182 5 5.23598776e+00 3.55438558e-02
183 5 5.23598776e+00 3.56000829e-02
184 5 5.23598776e+00 3.60041122e-02
185 5 5.23598776e+00 3.40662505e-02
186 5 5.23598776e+00 3.42580257e-02
187 5 5.23598776e+00 3.56769869e-02
188 5 5.23598776e+00 3.49432588e-02
189 5 5.23598776e+00 3.69002653e-02
190 5 5.23598776e+00 3.57471077e-02
191 5 5.23598776e+00 3.54301860e-02
192 5 5.23598776e+00 3.81808145e-02
193 5 5.23598776e+00 3.60783925e-02
194 5 5.23598776e+00 3.54685998e-02
195 5 5.23598776e+00 3.63019216e-02
196 5 5.23598776e+00 3.68096056e-02
197 5 5.23598776e+00 3.68291676e-02
198 5 5.23598776e+00 3.45382603e-02
199 5 5.23598776e+00 3.58635447e-02
200 5 5.23598776e+00 3.42972228e-02
201 5 5.23598776e+00 3.63474650e-02
202 5 5.23598776e+00 3.66073872e-02
203 5 5.23598776e+00 3.57160853e-02
204 5 5.23598776e+00 3.62290064e-02
205 5 5.23598776e+00 3.68306490e-02
206 5 5.23598776e+00 3.56249141e-02
207 5 5.23598776e+00 3.58208977e-02
208 5 5.23598776e+00 3.55969073e-02
209 5 5.23598776e+00 3.34859298e-02
210 5 5.23598776e+00 3.41367915e-02
211 5 5.23598776e+00 3.61881017e-02
212 5 5.23598776e+00 3.59538364e-02
213 5 5.23598776e+00 3.33847334e-02
214 5 5.23598776e+00 3.57784883e-02
215 5 5.23598776e+00 3.51275009e-02
216 5 5.23598776e+00 3.39949867e-02
217 5 5.23598776e+00 3.64202714e-02
218 5 5.23598776e+00 3.54635102e-02
219 5 5.23598776e+00 3.78282148e-02
220 5 5.23598776e+00 3.69832610e-02
221 5 5.23598776e+00 3.69516466e-02
222 5 5.23598776e+00 3.58723797e-02
223 5 5.23598776e+00 3.64450541e-02
224 5 5.23598776e+00 3.56183224e-02
225 5 5.23598776e+00 3.50439508e-02
226 5 5.23598776e+00 3.56782876e-02
227 5 5.23598776e+00 3.48812516e-02
228 5 5.23598776e+00 3.58546629e-02
229 5 5.23598776e+00 3.48679160e-02
230 5 5.23598776e+00 3.70163342e-02
231 5 5.23598776e+00 3.55071004e-02
232 5 5.23598776e+00 3.29546192e-02
233 5 5.23598776e+00 3.45135163e-02
234 5 5.23598776e+00 3.58280311e-02
235 5 5.23598776e+00 3.53530132e-02
236 5 5.23598776e+00 3.62126682e-02
237 5 5.23598776e+00 3.72933347e-02
238 5 5.23598776e+00 3.67648457e-02
239 5 5.23598776e+00 3.66782356e-02
240 5 5.23598776e+00 3.56291824e-02
241 5 5.23598776e+00 3.57095240e-02
242 5 5.23598776e+00 3.48635092e-02
243 5 5.23598776e+00 3.80646490e-02
244 5 5.23598776e+00 3.50960416e-02
245 5 5.23598776e+00 3.79486392e-02
246 5 5.23598776e+00 3.68685920e-02
247 5 5.23598776e+00 3.65379880e-02
248 5 5.23598776e+00 3.55442899e-02
249 5 5.23598776e+00 3.59827369e-02
250 5 5.23598776e+00 3.47093077e-02
251 5 5.23598776e+00 3.41692126e-02
252 5 5.23598776e+00 3.69484897e-02
253 5 5.23598776e+00 3.60198698e-02
254 5 5.23598776e+00 3.52912540e-02
255 5 5.23598776e+00 3.63174542e-02
256 5 5.23598776e+00 3.60181938e-02
257 5 5.23598776e+00 3.43976290e-02
258 5 5.23598776e+00 3.53957678e-02
259 5 5.23598776e+00 3.68581710e-02
260 5 5.23598776e+00 3.58988740e-02
261 5 5.23598776e+00 3.67393257e-02
262 5 5.23598776e+00 3.43395469e-02
263 5 5.23598776e+00 3.59156976e-02
264 5 5.23598776e+00 3.60692158e-02
265 5 5.23598776e+00 3.70504177e-02
266 5 5.23598776e+00 3.48734296e-02
267 5 5.23598776e+00 3.59549547e-02
268 5 5.23598776e+00 3.71507768e-02
269 5 5.23598776e+00 3.46290701e-02
270 5 5.23598776e+00 3.61950051e-02
271 5 5.23598776e+00 3.74368731e-02
272 5 5.23598776e+00 3.59355392e-02
273 5 5.23598776e+00 3.53892666e-02
274 5 5.23598776e+00 3.49494038e-02
275 5 5.23598776e+00 3.52223297e-02
276 5 5.23598776e+00 3.65822214e-02
277 5 5.23598776e+00 3.65808589e-02
278 5 5.23598776e+00 3.61275641e-02
279 5 5.23598776e+00 3.64135489e-02
280 5 5.23598776e+00 3.62130524e-02
281 5 5.23598776e+00 3.58122462e-02
282 5 5.23598776e+00 3.61550862e-02
283 5 5.23598776e+00 3.54518319e-02
284 5 5.23598776e+00 3.55033400e-02
285 5 5.23598776e+00 3.49348820e-02
286 5 5.23598776e+00 3.71524884e-02
287 5 5.23598776e+00 3.58127267e-02
288 5 5.23598776e+00 3.58571311e-02
289 5 5.23598776e+00 3.42002641e-02
290 5 5.23598776e+00 3.66766281e-02
291 5 5.23598776e+00 3.59298757e-02
292 5 5.23598776e+00 3.43721234e-02
293 5 5.23598776e+00 3.57623524e-02
294 5 5.23598776e+00 3.62232641e-02
295 5 5.23598776e+00 3.68968962e-02
296 5 5.23598776e+00 3.59738542e-02
297 5 5.23598776e+00 3.76332478e-02
298 5 5.23598776e+00 3.68535206e-02
299 5 5.23598776e+00 3.69306822e-02
300 5 5.23598776e+00 3.47146778e-02
301 5 5.23598776e+00 3.67740959e-02
302 5 5.23598776e+00 3.55631961e-02
303 5 5.23598776e+00 3.63364184e-02
304 5 5.23598776e+00 3.85112321e-02
305 5 5.23598776e+00 3.53626948e-02
306 5 5.23598776e+00 3.61408497e-02
307 5 5.23598776e+00 3.68324935e-02
308 5 5.23598776e+00 3.66845523e-02
309 5 5.23598776e+00 3.64732097e-02
310 5 5.23598776e+00 3.61600495e-02
311 5 5.23598776e+00 3.70853047e-02
312 5 5.23598776e+00 3.76591740e-02
313 5 5.23598776e+00 3.61962404e-02
314 5 5.23598776e+00 3.47665934e-02
315 5 5.23598776e+00 3.44666377e-02
316 5 5.23598776e+00 3.54797737e-02
317 5 5.23598776e+00 3.64501953e-02
318 5 5.23598776e+00 3.54185381e-02
319 5 5.23598776e+00 3.68473746e-02
320 5 5.23598776e+00 3.36958980e-02
321 5 5.23598776e+00 3.51979279e-02
322 5 5.23598776e+00 3.57202017e-02
323 5 5.23598776e+00 3.67306645e-02
324 5 5.23598776e+00 3.69067980e-02
325 5 5.23598776e+00 3.63153354e-02
326 5 5.23598776e+00 3.49400112e-02
327 5 5.23598776e+00 3.54272412e-02
328 5 5.23598776e+00 3.49084490e-02
329 5 5.23598776e+00 3.52095882e-02
330 5 5.23598776e+00 3.58594103e-02
331 5 5.23598776e+00 3.44058648e-02
332 5 5.23598776e+00 3.70321565e-02
333 5 5.23598776e+00 3.57641618e-02
334 5 5.23598776e+00 3.55233003e-02
335 5 5.23598776e+00 3.60610742e-02
336 5 5.23598776e+00 3.62272115e-02
337 5 5.23598776e+00 3.57412469e-02
338 5 5.23598776e+00 3.41312476e-02
339 5 5.23598776e+00 3.62083000e-02
340 5 5.23598776e+00 3.58752753e-02
341 5 5.23598776e+00 3.70324559e-02
342 5 5.23598776e+00 3.80431880e-02
343 5 5.23598776e+00 3.76916375e-02
344 5 5.23598776e+00 3.77662530e-02
345 5 5.23598776e+00 3.49196071e-02
346 5 5.23598776e+00 3.56494034e-02
347 5 5.23598776e+00 3.34293109e-02
348 5 5.23598776e+00 3.64216067e-02
349 5 5.23598776e+00 3.53644228e-02
350 5 5.23598776e+00 3.70377962e-02
351 5 5.23598776e+00 3.76749210e-02
352 5 5.23598776e+00 3.41517530e-02
353 5 5.23598776e+00 3.57036068e-02
354 5 5.23598776e+00 3.58712703e-02
355 5 5.23598776e+00 3.79568494e-02
356 5 5.23598776e+00 3.57651247e-02
357 5 5.23598776e+00 3.57788245e-02
358 5 5.23598776e+00 3.64004479e-02
359 5 5.23598776e+00 3.50211026e-02
360 5 5.23598776e+00 3.55242319e-02
361 5 5.23598776e+00 3.61721147e-02
362 5 5.23598776e+00 3.53076287e-02
363 5 5.23598776e+00 3.48984875e-02
364 5 5.23598776e+00 3.59077732e-02
365 5 5.23598776e+00 3.57959063e-02
366 5 5.23598776e+00 3.64217952e-02
367 5 5.23598776e+00 3.60388636e-02
368 5 5.23598776e+00 3.53430993e-02
369 5 5.23598776e+00 3.68608417e-02
370 5 5.23598776e+00 3.58198811e-02
371 5 5.23598776e+00 3.46236610e-02
372 5 5.23598776e+00 3.59310616e-02
373 5 5.23598776e+00 3.66211714e-02
374 5 5.23598776e+00 3.47010425e-02
375 5 5.23598776e+00 3.55638757e-02
376 5 5.23598776e+00 3.67184229e-02
377 5 5.23598776e+00 3.69489272e-02
378 5 5.23598776e+00 3.74437073e-02
379 5 5.23598776e+00 3.57604295e-02
380 5 5.23598776e+00 3.62637419e-02
381 5 5.23598776e+00 3.67378191e-02
382 5 5.23598776e+00 3.59957943e-02
383 5 5.23598776e+00 3.63835286e-02
384 5 5.23598776e+00 3.64903031e-02
385 5 5.23598776e+00 3.68691432e-02
386 5 5.23598776e+00 3.50974788e-02
387 5 5.23598776e+00 3.71769130e-02
388 5 5.23598776e+00 3.63287337e-02
389 5 5.23598776e+00 3.50003869e-02
390 5 5.23598776e+00 3.66557211e-02
391 5 5.23598776e+00 3.45079973e-02
392 5 5.23598776e+00 3.76467512e-02
393 5 5.23598776e+00 3.51468049e-02
394 5 5.23598776e+00 3.65458946e-02
395 5 5.23598776e+00 3.59175313e-02
396 5 5.23598776e+00 3.54142275e-02
397 5 5.23598776e+00 3.71892702e-02
398 5 5.23598776e+00 3.74146581e-02
399 5 5.23598776e+00 3.56160650e-02
400 5 5.23598776e+00 3.57114641e-02
401 5 5.23598776e+00 3.67792729e-02
402 5 5.23598776e+00 3.73159586e-02
403 5 5.23598776e+00 3.67134299e-02
404 5 5.23598776e+00 3.72112301e-02
405 5 5.23598776e+00 3.60602172e-02
406 5 5.23598776e+00 3.41739402e-02
407 5 5.23598776e+00 3.62955245e-02
408 5 5.23598776e+00 3.68073588e-02
409 5 5.23598776e+00 3.57953564e-02
410 5 5.23598776e+00 3.46849115e-02
411 5 5.23598776e+00 3.53477131e-02
412 5 5.23598776e+00 3.67418280e-02
413 5 5.23598776e+00 3.81623111e-02
414 5 5.23598776e+00 3.56234468e-02
415 5 5.23598776e+00 3.52807439e-02
416 5 5.23598776e+00 3.72125427e-02
417 5 5.23598776e+00 3.60245857e-02
418 5 5.23598776e+00 3.64671208e-02
419 5 5.23598776e+00 3.68636256e-02
420 5 5.23598776e+00 3.51448606e-02
421 5 5.23598776e+00 3.72045384e-02
422 5 5.23598776e+00 3.44791311e-02
423 5 5.23598776e+00 3.56165886e-02
424 5 5.23598776e+00 3.41902582e-02
425 5 5.23598776e+00 3.68929169e-02
426 5 5.23598776e+00 3.59934208e-02
427 5 5.23598776e+00 3.55923705e-02
428 5 5.23598776e+00 3.56935938e-02
429 5 5.23598776e+00 3.69807269e-02
430 5 5.23598776e+00 3.52067238e-02
431 5 5.23598776e+00 3.66988368e-02
432 5 5.23598776e+00 3.57841573e-02
433 5 5.23598776e+00 3.68196945e-02
434 5 5.23598776e+00 3.50451756e-02
435 5 5.23598776e+00 3.62396792e-02
436 5 5.23598776e+00 3.58872175e-02
437 5 5.23598776e+00 3.49124774e-02
438 5 5.23598776e+00 3.62853083e-02
439 5 5.23598776e+00 3.58947714e-02
440 5 5.23598776e+00 3.53678242e-02
441 5 5.23598776e+00 3.52048822e-02
442 5 5.23598776e+00 3.71220318e-02
443 5 5.23598776e+00 3.51534528e-02
444 5 5.23598776e+00 3.56371819e-02
445 5 5.23598776e+00 3.43201158e-02
446 5 5.23598776e+00 3.49629005e-02
447 5 5.23598776e+00 3.60646977e-02
448 5 5.23598776e+00 3.72338262e-02
449 5 5.23598776e+00 3.61838010e-02
450 5 5.23598776e+00 3.74685550e-02
451 5 5.23598776e+00 3.57068390e-02
452 5 5.23598776e+00 3.68239129e-02
453 5 5.23598776e+00 3.80060547e-02
454 5 5.23598776e+00 3.63944308e-02
455 5 5.23598776e+00 3.57923080e-02
456 5 5.23598776e+00 3.56447398e-02
457 5 5.23598776e+00 3.61372144e-02
458 5 5.23598776e+00 3.72480083e-02
459 5 5.23598776e+00 3.66706588e-02
460 5 5.23598776e+00 3.59941795e-02
461 5 5.23598776e+00 3.67988022e-02
462 5 5.23598776e+00 3.60240221e-02
463 5 5.23598776e+00 3.67421683e-02
464 5 5.23598776e+00 3.73115996e-02
465 5 5.23598776e+00 3.61674239e-02
466 5 5.23598776e+00 3.51360167e-02
467 5 5.23598776e+00 3.50268485e-02
468 5 5.23598776e+00 3.53882642e-02
469 5 5.23598776e+00 3.37264790e-02
470 5 5.23598776e+00 3.51478959e-02
471 5 5.23598776e+00 3.57857637e-02
472 5 5.23598776e+00 3.60859178e-02
473 5 5.23598776e+00 3.64473275e-02
474 5 5.23598776e+00 3.61395258e-02
475 5 5.23598776e+00 3.54744275e-02
476 5 5.23598776e+00 3.47363197e-02
477 5 5.23598776e+00 3.57885193e-02
478 5 5.23598776e+00 3.63977789e-02
479 5 5.23598776e+00 3.48360009e-02
480 5 5.23598776e+00 3.31909772e-02
481 5 5.23598776e+00 3.52765564e-02
482 5 5.23598776e+00 3.48907434e-02
483 5 5.23598776e+00 3.61395751e-02
484 5 5.23598776e+00 3.61882200e-02
485 5 5.23598776e+00 3.57842915e-02
486 5 5.23598776e+00 3.70978065e-02
487 5 5.23598776e+00 3.64642687e-02
488 5 5.23598776e+00 3.58526673e-02
489 5 5.23598776e+00 3.65384772e-02
490 5 5.23598776e+00 3.60093686e-02
491 5 5.23598776e+00 3.57753074e-02
492 5 5.23598776e+00 3.69564092e-02
493 5 5.23598776e+00 3.68495146e-02
494 5 5.23598776e+00 3.54638036e-02
495 5 5.23598776e+00 3.62509827e-02
496 5 5.23598776e+00 3.49644414e-02
497 5 5.23598776e+00 3.65394366e-02
498 5 5.23598776e+00 3.60255376e-02
499 5 5.23598776e+00 3.62832017e-02
500 5 5.23598776e+00 3.47365289e-02
501 5 5.23598776e+00 3.58241669e-02
502 5 5.23598776e+00 3.61246935e-02
503 5 5.23598776e+00 3.63378637e-02
504 5 5.23598776e+00 3.55156244e-02
505 5 5.23598776e+00 3.46768612e-02
506 5 5.23598776e+00 3.52021504e-02
507 5 5.23598776e+00 3.52925486e-02
508 5 5.23598776e+00 3.53100982e-02
509 5 5.23598776e+00 3.72261744e-02
510 5 5.23598776e+00 3.68467991e-02
511 5 5.23598776e+00 3.47311820e-02
512 5 5.23598776e+00 3.58283463e-02
513 5 5.23598776e+00 3.59753533e-02
514 5 5.23598776e+00 3.53893877e-02
515 5 5.23598776e+00 3.70276607e-02
516 5 5.23598776e+00 3.56185891e-02
517 5 5.23598776e+00 3.45809471e-02
518 5 5.23598776e+00 3.49093502e-02
519 5 5.23598776e+00 3.49766175e-02
520 5 5.23598776e+00 3.60415999e-02
521 5 5.23598776e+00 3.39974141e-02
522 5 5.23598776e+00 3.78930383e-02
523 5 5.23598776e+00 3.39989893e-02
524 5 5.23598776e+00 3.52095507e-02
525 5 5.23598776e+00 3.57873067e-02
526 5 5.23598776e+00 3.46826689e-02
527 5 5.23598776e+00 3.61013172e-02
528 5 5.23598776e+00 3.61990599e-02
529 5 5.23598776e+00 3.53483653e-02
530 5 5.23598776e+00 3.44418402e-02
531 5 5.23598776e+00 3.50630162e-02
532 5 5.23598776e+00 3.60291063e-02
533 5 5.23598776e+00 3.55560859e-02
534 5 5.23598776e+00 3.59287433e-02
535 5 5.23598776e+00 3.71199552e-02
536 5 5.23598776e+00 3.64719101e-02
537 5 5.23598776e+00 3.75653416e-02
538 5 5.23598776e+00 3.55665066e-02
539 5 5.23598776e+00 3.67871358e-02
540 5 5.23598776e+00 3.55868384e-02
541 5 5.23598776e+00 3.65936572e-02
542 5 5.23598776e+00 3.69267666e-02
543 5 5.23598776e+00 3.57562987e-02
544 5 5.23598776e+00 3.62627959e-02
545 5 5.23598776e+00 3.53489478e-02
546 5 5.23598776e+00 3.71561766e-02
547 5 5.23598776e+00 3.78742074e-02
548 5 5.23598776e+00 3.49835424e-02
549 5 5.23598776e+00 3.45905230e-02
550 5 5.23598776e+00 3.66423274e-02
551 5 5.23598776e+00 3.59462627e-02
552 5 5.23598776e+00 3.59468862e-02
553 5 5.23598776e+00 3.70168965e-02
554 5 5.23598776e+00 3.57154414e-02
555 5 5.23598776e+00 3.60179160e-02
556 5 5.23598776e+00 3.63993039e-02
557 5 5.23598776e+00 3.64032641e-02
558 5 5.23598776e+00 3.57151896e-02
559 5 5.23598776e+00 3.66869114e-02
560 5 5.23598776e+00 3.69865489e-02
561 5 5.23598776e+00 3.47409665e-02
562 5 5.23598776e+00 3.72292109e-02
563 5 5.23598776e+00 3.59998522e-02
564 5 5.23598776e+00 3.76020620e-02
565 5 5.23598776e+00 3.58220772e-02
566 5 5.23598776e+00 3.52584047e-02
567 5 5.23598776e+00 3.69411222e-02
568 5 5.23598776e+00 3.61278236e-02
569 5 5.23598776e+00 3.66933511e-02
570 5 5.23598776e+00 3.54153259e-02
571 5 5.23598776e+00 3.58247204e-02
572 5 5.23598776e+00 3.60723108e-02
573 5 5.23598776e+00 3.51460002e-02
574 5 5.23598776e+00 3.56521310e-02
575 5 5.23598776e+00 3.60708372e-02
576 5 5.23598776e+00 3.66585242e-02
577 5 5.23598776e+00 3.54964877e-02
578 5 5.23598776e+00 3.70269470e-02
579 5 5.23598776e+00 3.63537199e-02
580 5 5.23598776e+00 3.51580553e-02
581 5 5.23598776e+00 3.43119565e-02
582 5 5.23598776e+00 3.64356766e-02
583 5 5.23598776e+00 3.67636479e-02
584 5 5.23598776e+00 3.47304126e-02
585 5 5.23598776e+00 3.57733107e-02
586 5 5.23598776e+00 3.58873982e-02
587 5 5.23598776e+00 3.70848471e-02
588 5 5.23598776e+00 3.62010242e-02
589 5 5.23598776e+00 3.59825242e-02
590 5 5.23598776e+00 3.56764862e-02
591 5 5.23598776e+00 3.48774953e-02
592 5 5.23598776e+00 3.55779001e-02
593 5 5.23598776e+00 3.56254504e-02
594 5 5.23598776e+00 3.55847122e-02
595 5 5.23598776e+00 3.44969416e-02
596 5 5.23598776e+00 3.67352511e-02
597 5 5.23598776e+00 3.56565839e-02
598 5 5.23598776e+00 3.67550267e-02
599 5 5.23598776e+00 3.61345597e-02
600 5 5.23598776e+00 3.61346894e-02
601 5 5.23598776e+00 3.68842318e-02
602 5 5.23598776e+00 3.55414550e-02
603 5 5.23598776e+00 3.57682240e-02
604 5 5.23598776e+00 3.63387804e-02
605 5 5.23598776e+00 3.61716036e-02
606 5 5.23598776e+00 3.58764954e-02
607 5 5.23598776e+00 3.47362932e-02
608 5 5.23598776e+00 3.57122769e-02
609 5 5.23598776e+00 3.37253143e-02
610 5 5.23598776e+00 3.43892034e-02
611 5 5.23598776e+00 3.50459939e-02
612 5 5.23598776e+00 3.69880296e-02
613 5 5.23598776e+00 3.58072238e-02
614 5 5.23598776e+00 3.71914991e-02
615 5 5.23598776e+00 3.48602034e-02
616 5 5.23598776e+00 3.73023326e-02
617 5 5.23598776e+00 3.76479019e-02
618 5 5.23598776e+00 3.52291117e-02
619 5 5.23598776e+00 3.56345660e-02
620 5 5.23598776e+00 3.67703200e-02
621 5 5.23598776e+00 3.48467716e-02
622 5 5.23598776e+00 3.67714546e-02
623 5 5.23598776e+00 3.65769348e-02
624 5 5.23598776e+00 3.72567896e-02
625 5 5.23598776e+00 3.65514234e-02
626 5 5.23598776e+00 3.54186024e-02
627 5 5.23598776e+00 3.55799279e-02
628 5 5.23598776e+00 3.57456900e-02
629 5 5.23598776e+00 3.46633010e-02
630 5 5.23598776e+00 3.58949654e-02
631 5 5.23598776e+00 3.51757270e-02
632 5 5.23598776e+00 3.55761868e-02
633 5 5.23598776e+00 3.58385228e-02
634 5 5.23598776e+00 3.78673671e-02
635 5 5.23598776e+00 3.44025802e-02
636 5 5.23598776e+00 3.65273632e-02
637 5 5.23598776e+00 3.41228303e-02
638 5 5.23598776e+00 3.55909469e-02
639 5 5.23598776e+00 3.54681927e-02
640 5 5.23598776e+00 3.45342666e-02
641 5 5.23598776e+00 3.60452848e-02
642 5 5.23598776e+00 3.45816780e-02
643 5 5.23598776e+00 3.60708025e-02
644 5 5.23598776e+00 3.78207375e-02
645 5 5.23598776e+00 3.43291925e-02
646 5 5.23598776e+00 3.33807908e-02
647 5 5.23598776e+00 3.37405423e-02
648 5 5.23598776e+00 3.51466744e-02
649 5 5.23598776e+00 3.32972818e-02
650 5 5.23598776e+00 3.59618958e-02
651 5 5.23598776e+00 3.52418330e-02
652 5 5.23598776e+00 3.41574252e-02
653 5 5.23598776e+00 3.61192539e-02
654 5 5.23598776e+00 3.63395110e-02
655 5 5.23598776e+00 3.54964560e-02
656 5 5.23598776e+00 3.60799280e-02
657 5 5.23598776e+00 3.63915584e-02
658 5 5.23598776e+00 3.73992010e-02
659 5 5.23598776e+00 3.57634039e-02
660 5 5.23598776e+00 3.53197131e-02
661 5 5.23598776e+00 3.56938493e-02
662 5 5.23598776e+00 3.73503013e-02
663 5 5.23598776e+00 3.70446018e-02
664 5 5.23598776e+00 3.70464670e-02
665 5 5.23598776e+00 3.45985103e-02
666 5 5.23598776e+00 3.60609425e-02
667 5 5.23598776e+00 3.52735811e-02
668 5 5.23598776e+00 3.58614800e-02
669 5 5.23598776e+00 3.62336040e-02
670 5 5.23598776e+00 3.61333876e-02
671 5 5.23598776e+00 3.65183927e-02
672 5 5.23598776e+00 3.61737438e-02
673 5 5.23598776e+00 3.78307701e-02
674 5 5.23598776e+00 3.45539478e-02
675 5 5.23598776e+00 3.53855942e-02
676 5 5.23598776e+00 3.50708905e-02
677 5 5.23598776e+00 3.62123387e-02
678 5 5.23598776e+00 3.71431771e-02
679 5 5.23598776e+00 3.59424863e-02
680 5 5.23598776e+00 3.71251899e-02
681 5 5.23598776e+00 3.55695873e-02
682 5 5.23598776e+00 3.57388920e-02
683 5 5.23598776e+00 3.36607872e-02
684 5 5.23598776e+00 3.71466911e-02
685 5 5.23598776e+00 3.56838163e-02
686 5 5.23598776e+00 3.69834242e-02
687 5 5.23598776e+00 3.61098349e-02
688 5 5.23598776e+00 3.50199383e-02
689 5 5.23598776e+00 3.55986187e-02
690 5 5.23598776e+00 3.64135454e-02
691 5 5.23598776e+00 3.48322643e-02
692 5 5.23598776e+00 3.50345578e-02
693 5 5.23598776e+00 3.62367668e-02
694 5 5.23598776e+00 3.46820789e-02
695 5 5.23598776e+00 3.54363643e-02
696 5 5.23598776e+00 3.55389819e-02
697 5 5.23598776e+00 3.48459858e-02
698 5 5.23598776e+00 3.62216995e-02
699 5 5.23598776e+00 3.49324210e-02
700 5 5.23598776e+00 3.45982342e-02
701 5 5.23598776e+00 3.57721858e-02
702 5 5.23598776e+00 3.44110512e-02
703 5 5.23598776e+00 3.89100484e-02
704 5 5.23598776e+00 3.64139989e-02
705 5 5.23598776e+00 3.66579137e-02
706 5 5.23598776e+00 3.53887001e-02
707 5 5.23598776e+00 3.42970267e-02
708 5 5.23598776e+00 3.59597200e-02
709 5 5.23598776e+00 3.68608229e-02
710 5 5.23598776e+00 3.64682283e-02
711 5 5.23598776e+00 3.73739165e-02
712 5 5.23598776e+00 3.69448948e-02
713 5 5.23598776e+00 3.51250991e-02
714 5 5.23598776e+00 3.43325319e-02
715 5 5.23598776e+00 3.57997844e-02
716 5 5.23598776e+00 3.51505033e-02
717 5 5.23598776e+00 3.38535905e-02
718 5 5.23598776e+00 3.39478031e-02
719 5 5.23598776e+00 3.44680485e-02
720 5 5.23598776e+00 3.51482525e-02
721 5 5.23598776e+00 3.58702655e-02
722 5 5.23598776e+00 3.51566024e-02
723 5 5.23598776e+00 3.57740514e-02
724 5 5.23598776e+00 3.58802556e-02
725 5 5.23598776e+00 3.50537658e-02
726 5 5.23598776e+00 3.68349138e-02
727 5 5.23598776e+00 3.60525107e-02
728 5 5.23598776e+00 3.54435458e-02
729 5 5.23598776e+00 3.74625121e-02
730 5 5.23598776e+00 3.46674424e-02
731 5 5.23598776e+00 3.58177214e-02
732 5 5.23598776e+00 3.64242118e-02
733 5 5.23598776e+00 3.55132828e-02
734 5 5.23598776e+00 3.70894845e-02
735 5 5.23598776e+00 3.64983231e-02
736 5 5.23598776e+00 3.49023128e-02
737 5 5.23598776e+00 3.57135308e-02
738 5 5.23598776e+00 3.59142992e-02
739 5 5.23598776e+00 3.48364902e-02
740 5 5.23598776e+00 3.67425289e-02
741 5 5.23598776e+00 3.53380248e-02
742 5 5.23598776e+00 3.44325847e-02
743 5 5.23598776e+00 3.64795344e-02
744 5 5.23598776e+00 3.60955968e-02
745 5 5.23598776e+00 3.53039428e-02
746 5 5.23598776e+00 3.61197899e-02
747 5 5.23598776e+00 3.73279014e-02
748 5 5.23598776e+00 3.61843858e-02
749 5 5.23598776e+00 3.61074975e-02
750 5 5.23598776e+00 3.59260310e-02
751 5 5.23598776e+00 3.84392047e-02
752 5 5.23598776e+00 3.85796489e-02
753 5 5.23598776e+00 3.69869698e-02
754 5 5.23598776e+00 3.73070237e-02
755 5 5.23598776e+00 3.56709744e-02
756 5 5.23598776e+00 3.66693844e-02
757 5 5.23598776e+00 3.49816253e-02
758 5 5.23598776e+00 3.70678564e-02
759 5 5.23598776e+00 3.56546876e-02
760 5 5.23598776e+00 3.57298718e-02
761 5 5.23598776e+00 3.62569779e-02
762 5 5.23598776e+00 3.56989673e-02
763 5 5.23598776e+00 3.71415243e-02
764 5 5.23598776e+00 3.73407234e-02
765 5 5.23598776e+00 3.67279551e-02
766 5 5.23598776e+00 3.56965500e-02
767 5 5.23598776e+00 3.39566083e-02
768 5 5.23598776e+00 3.55222364e-02
769 5 5.23598776e+00 3.67162681e-02
770 5 5.23598776e+00 3.43845165e-02
771 5 5.23598776e+00 3.61654857e-02
772 5 5.23598776e+00 3.61006171e-02
773 5 5.23598776e+00 3.49963160e-02
774 5 5.23598776e+00 3.55906382e-02
775 5 5.23598776e+00 3.66596189e-02
776 5 5.23598776e+00 3.48362072e-02
777 5 5.23598776e+00 3.54862948e-02
778 5 5.23598776e+00 3.59000151e-02
779 5 5.23598776e+00 3.65265928e-02
780 5 5.23598776e+00 3.47351328e-02
781 5 5.23598776e+00 3.57554541e-02
782 5 5.23598776e+00 3.68906655e-02
783 5 5.23598776e+00 3.49827084e-02
784 5 5.23598776e+00 3.52367683e-02
785 5 5.23598776e+00 3.54416654e-02
786 5 5.23598776e+00 3.53753732e-02
787 5 5.23598776e+00 3.49213467e-02
788 5 5.23598776e+00 3.58266653e-02
789 5 5.23598776e+00 3.52236971e-02
790 5 5.23598776e+00 3.67359202e-02
791 5 5.23598776e+00 3.57625628e-02
792 5 5.23598776e+00 3.52534940e-02
793 5 5.23598776e+00 3.48909928e-02
794 5 5.23598776e+00 3.58191130e-02
795 5 5.23598776e+00 3.51701245e-02
796 5 5.23598776e+00 3.57278958e-02
797 5 5.23598776e+00 3.55337410e-02
798 5 5.23598776e+00 3.49053247e-02
799 5 5.23598776e+00 3.40261846e-02
800 5 5.23598776e+00 3.79242257e-02
801 5 5.23598776e+00 3.70025087e-02
802 5 5.23598776e+00 3.53334523e-02
803 5 5.23598776e+00 3.70641973e-02
804 5 5.23598776e+00 3.68078251e-02
805 5 5.23598776e+00 3.75042795e-02
806 5 5.23598776e+00 3.61628359e-02
807 5 5.23598776e+00 3.58376918e-02
808 5 5.23598776e+00 3.57450175e-02
809 5 5.23598776e+00 3.65748538e-02
810 5 5.23598776e+00 3.80396316e-02
811 5 5.23598776e+00 3.60747924e-02
812 5 5.23598776e+00 3.53741443e-02
813 5 5.23598776e+00 3.67059391e-02
814 5 5.23598776e+00 3.63098627e-02
815 5 5.23598776e+00 3.71465083e-02
816 5 5.23598776e+00 3.56474705e-02
817 5 5.23598776e+00 3.68519111e-02
818 5 5.23598776e+00 3.58922931e-02
819 5 5.23598776e+00 3.67940955e-02
820 5 5.23598776e+00 3.78481436e-02
821 5 5.23598776e+00 3.37752010e-02
822 5 5.23598776e+00 3.62427971e-02
823 5 5.23598776e+00 3.53444534e-02
824 5 5.23598776e+00 3.62675867e-02
825 5 5.23598776e+00 3.57327463e-02
826 5 5.23598776e+00 3.65227133e-02
827 5 5.23598776e+00 3.55509028e-02
828 5 5.23598776e+00 3.79349452e-02
829 5 5.23598776e+00 3.50531405e-02
830 5 5.23598776e+00 3.55553224e-02
831 5 5.23598776e+00 3.50178285e-02
832 5 5.23598776e+00 3.60206827e-02
833 5 5.23598776e+00 3.73141981e-02
834 5 5.23598776e+00 3.64949859e-02
835 5 5.23598776e+00 3.52186387e-02
836 5 5.23598776e+00 3.56240617e-02
837 5 5.23598776e+00 3.62228060e-02
838 5 5.23598776e+00 3.67727235e-02
839 5 5.23598776e+00 3.54021483e-02
840 5 5.23598776e+00 3.73470534e-02
841 5 5.23598776e+00 3.51121187e-02
842 5 5.23598776e+00 3.55358125e-02
843 5 5.23598776e+00 3.65365384e-02
844 5 5.23598776e+00 3.61852655e-02
845 5 5.23598776e+00 3.55368806e-02
846 5 5.23598776e+00 3.42515885e-02
847 5 5.23598776e+00 3.46712826e-02
848 5 5.23598776e+00 3.48323866e-02
849 5 5.23598776e+00 3.46687794e-02
850 5 5.23598776e+00 3.45338012e-02
851 5 5.23598776e+00 3.53898742e-02
852 5 5.23598776e+00 3.54090387e-02
853 5 5.23598776e+00 3.67040780e-02
854 5 5.23598776e+00 3.47459383e-02
855 5 5.23598776e+00 3.66165892e-02
856 5 5.23598776e+00 3.68003217e-02
857 5 5.23598776e+00 3.77474711e-02
858 5 5.23598776e+00 3.83374016e-02
859 5 5.23598776e+00 3.70366570e-02
860 5 5.23598776e+00 3.50620988e-02
861 5 5.23598776e+00 3.40833020e-02
862 5 5.23598776e+00 3.57981489e-02
863 5 5.23598776e+00 3.71307479e-02
864 5 5.23598776e+00 3.53845115e-02
865 5 5.23598776e+00 3.53888275e-02
866 5 5.23598776e+00 3.71322409e-02
867 5 5.23598776e+00 3.52538719e-02
868 5 5.23598776e+00 3.54671253e-02
869 5 5.23598776e+00 3.42244666e-02
870 5 5.23598776e+00 3.48251795e-02
871 5 5.23598776e+00 3.61858851e-02
872 5 5.23598776e+00 3.52289363e-02
873 5 5.23598776e+00 3.55683881e-02
874 5 5.23598776e+00 3.60174512e-02
875 5 5.23598776e+00 3.69288241e-02
876 5 5.23598776e+00 3.59140338e-02
877 5 5.23598776e+00 3.56405351e-02
878 5 5.23598776e+00 3.55521886e-02
879 5 5.23598776e+00 3.49905364e-02
880 5 5.23598776e+00 3.75403809e-02
881 5 5.23598776e+00 3.56338770e-02
882 5 5.23598776e+00 3.55026260e-02
883 5 5.23598776e+00 3.52046706e-02
884 5 5.23598776e+00 3.46905592e-02
885 5 5.23598776e+00 3.60022155e-02
886 5 5.23598776e+00 3.49733390e-02
887 5 5.23598776e+00 3.75268112e-02
888 5 5.23598776e+00 3.31401492e-02
889 5 5.23598776e+00 3.56716866e-02
890 5 5.23598776e+00 3.62324723e-02
891 5 5.23598776e+00 3.73456149e-02
892 5 5.23598776e+00 3.55959600e-02
893 5 5.23598776e+00 3.64553617e-02
894 5 5.23598776e+00 3.50983282e-02
895 5 5.23598776e+00 3.45117083e-02
896 5 5.23598776e+00 3.47392678e-02
897 5 5.23598776e+00 3.51022554e-02
898 5 5.23598776e+00 3.43126865e-02
899 5 5.23598776e+00 3.51534230e-02
900 5 5.23598776e+00 3.70274455e-02
901 5 5.23598776e+00 3.62394057e-02
902 5 5.23598776e+00 3.65918326e-02
903 5 5.23598776e+00 3.58402313e-02
904 5 5.23598776e+00 3.82388925e-02
905 5 5.23598776e+00 3.48349973e-02
906 5 5.23598776e+00 3.58498638e-02
907 5 5.23598776e+00 3.43061904e-02
908 5 5.23598776e+00 3.67117332e-02
909 5 5.23598776e+00 3.67186527e-02
910 5 5.23598776e+00 3.54541081e-02
911 5 5.23598776e+00 3.44390543e-02
912 5 5.23598776e+00 3.66105167e-02
913 5 5.23598776e+00 3.56027693e-02
914 5 5.23598776e+00 3.63845354e-02
915 5 5.23598776e+00 3.64554890e-02
916 5 5.23598776e+00 3.46756832e-02
917 5 5.23598776e+00 3.56812415e-02
918 5 5.23598776e+00 3.65587077e-02
919 5 5.23598776e+00 3.55240429e-02
920 5 5.23598776e+00 3.58179349e-02
921 5 5.23598776e+00 3.48829524e-02
922 5 5.23598776e+00 3.61480867e-02
923 5 5.23598776e+00 3.36109489e-02
924 5 5.23598776e+00 3.53939889e-02
925 5 5.23598776e+00 3.84293476e-02
926 5 5.23598776e+00 3.58985151e-02
927 5 5.23598776e+00 3.71965414e-02
928 5 5.23598776e+00 3.67665337e-02
929 5 5.23598776e+00 3.59027560e-02
930 5 5.23598776e+00 3.55581668e-02
931 5 5.23598776e+00 3.45369688e-02
932 5 5.23598776e+00 3.81704196e-02
933 5 5.23598776e+00 3.44518570e-02
934 5 5.23598776e+00 3.56664959e-02
935 5 5.23598776e+00 3.67360899e-02
936 5 5.23598776e+00 3.58842745e-02
937 5 5.23598776e+00 3.57281099e-02
938 5 5.23598776e+00 3.46687407e-02
939 5 5.23598776e+00 3.58488577e-02
940 5 5.23598776e+00 3.85534321e-02
941 5 5.23598776e+00 3.61443094e-02
942 5 5.23598776e+00 3.74558258e-02
943 5 5.23598776e+00 3.59949343e-02
944 5 5.23598776e+00 3.47805710e-02
945 5 5.23598776e+00 3.60911079e-02
946 5 5.23598776e+00 3.61067626e-02
947 5 5.23598776e+00 3.72731776e-02
948 5 5.23598776e+00 3.59471794e-02
949 5 5.23598776e+00 3.48361709e-02
950 5 5.23598776e+00 3.52007796e-02
951 5 5.23598776e+00 3.49549682e-02
952 5 5.23598776e+00 3.56115412e-02
953 5 5.23598776e+00 3.72155759e-02
954 5 5.23598776e+00 3.57584701e-02
955 5 5.23598776e+00 3.55121622e-02
956 5 5.23598776e+00 3.70205668e-02
957 5 5.23598776e+00 3.67692759e-02
958 5 5.23598776e+00 3.71741373e-02
959 5 5.23598776e+00 3.67729556e-02
960 5 5.23598776e+00 3.49337592e-02
961 5 5.23598776e+00 3.56522148e-02
962 5 5.23598776e+00 3.55305274e-02
963 5 5.23598776e+00 3.58914073e-02
964 5 5.23598776e+00 3.61601679e-02
965 5 5.23598776e+00 3.56762598e-02
966 5 5.23598776e+00 3.48011064e-02
967 5 5.23598776e+00 3.51917238e-02
968 5 5.23598776e+00 3.72391290e-02
969 5 5.23598776e+00 3.53271156e-02
970 5 5.23598776e+00 3.67008807e-02
971 5 5.23598776e+00 3.59874550e-02
972 5 5.23598776e+00 3.62014107e-02
973 5 5.23598776e+00 3.57895677e-02
974 5 5.23598776e+00 3.63290550e-02
975 5 5.23598776e+00 3.65923639e-02
976 5 5.23598776e+00 3.44913780e-02
977 5 5.23598776e+00 3.68893156e-02
978 5 5.23598776e+00 3.62913791e-02
979 5 5.23598776e+00 3.58131288e-02
980 5 5.23598776e+00 3.43158711e-02
981 5 5.23598776e+00 3.60455565e-02
982 5 5.23598776e+00 3.66438637e-02
983 5 5.23598776e+00 3.66757723e-02
984 5 5.23598776e+00 3.65822358e-02
985 5 5.23598776e+00 3.67134698e-02
986 5 5.23598776e+00 3.69888232e-02
987 5 5.23598776e+00 3.64631665e-02
988 5 5.23598776e+00 3.62275558e-02
989 5 5.23598776e+00 3.69817486e-02
990 5 5.23598776e+00 3.47837097e-02
991 5 5.23598776e+00 3.45020215e-02
992 5 5.23598776e+00 3.52881317e-02
993 5 5.23598776e+00 3.58489664e-02
994 5 5.23598776e+00 3.46430051e-02
995 5 5.23598776e+00 3.63535875e-02
996 5 5.23598776e+00 3.59134729e-02
997 5 5.23598776e+00 3.50527643e-02
998 5 5.23598776e+00 3.64360826e-02
999 5 5.23598776e+00 3.56063109e-02
1000 5 5.23598776e+00 3.50042821e-02
1001 5 5.23598776e+00 3.52420678e-02
1002 5 5.23598776e+00 3.58884524e-02
1003 5 5.23598776e+00 3.56903339e-02
1004 5 5.23598776e+00 3.61895344e-02
1005 5 5.23598776e+00 3.54151303e-02
1006 5 5.23598776e+00 3.63602196e-02
1007 5 5.23598776e+00 3.56302702e-02
1008 5 5.23598776e+00 3.55588851e-02
1009 5 5.23598776e+00 3.43865286e-02
1010 5 5.23598776e+00 3.58840942e-02
1011 5 5.23598776e+00 3.59467786e-02
1012 5 5.23598776e+00 3.50903336e-02
