a12m310 Wilson3 pz1 0.1207fm zmax9
config z nu=p.z RpITD
0 1 2.61799388e-01 2.08081277e-01
1 1 2.61799388e-01 2.07928863e-01
2 1 2.61799388e-01 2.08024202e-01
3 1 2.61799388e-01 2.07070174e-01
4 1 2.61799388e-01 2.07740350e-01
5 1 2.61799388e-01 2.07540496e-01
6 1 2.61799388e-01 2.07627017e-01
7 1 2.61799388e-01 2.07872264e-01
8 1 2.61799388e-01 2.07611222e-01
9 1 2.61799388e-01 2.08149686e-01
10 1 2.61799388e-01 2.07083692e-01
11 1 2.61799388e-01 2.07612194e-01
12 1 2.61799388e-01 2.08370521e-01
13 1 2.61799388e-01 2.08586587e-01
14 1 2.61799388e-01 2.08618816e-01
15 1 2.61799388e-01 2.08311793e-01
16 1 2.61799388e-01 2.08149268e-01
17 1 2.61799388e-01 2.07016082e-01
18 1 2.61799388e-01 2.07414043e-01
19 1 2.61799388e-01 2.07795194e-01
20 1 2.61799388e-01 2.07139603e-01
21 1 2.61799388e-01 2.07679500e-01
22 1 2.61799388e-01 2.07346402e-01
23 1 2.61799388e-01 2.07406094e-01
24 1 2.61799388e-01 2.07603658e-01
25 1 2.61799388e-01 2.06978687e-01
26 1 2.61799388e-01 2.07639238e-01
27 1 2.61799388e-01 2.07303722e-01
28 1 2.61799388e-01 2.08279629e-01
29 1 2.61799388e-01 2.06050055e-01
30 1 2.61799388e-01 2.06874029e-01
31 1 2.61799388e-01 2.07525225e-01
32 1 2.61799388e-01 2.07848216e-01
33 1 2.61799388e-01 2.07089524e-01
34 1 2.61799388e-01 2.06824900e-01
35 1 2.61799388e-01 2.07908905e-01
36 1 2.61799388e-01 2.08041304e-01
37 1 2.61799388e-01 2.07848441e-01
38 1 2.61799388e-01 2.08356507e-01
39 1 2.61799388e-01 2.07660645e-01
40 1 2.61799388e-01 2.08070319e-01
41 1 2.61799388e-01 2.07595433e-01
42 1 2.61799388e-01 2.07284163e-01
43 1 2.61799388e-01 2.07609100e-01
44 1 2.61799388e-01 2.08378666e-01
45 1 2.61799388e-01 2.07798778e-01
46 1 2.61799388e-01 2.07939968e-01
47 1 2.61799388e-01 2.07717578e-01
48 1 2.61799388e-01 2.07715253e-01
49 1 2.61799388e-01 2.07305265e-01
50 1 2.61799388e-01 2.08018694e-01
51 1 2.61799388e-01 2.07473767e-01
52 1 2.61799388e-01 2.07449950e-01
53 1 2.61799388e-01 2.07610648e-01
54 1 2.61799388e-01 2.07783185e-01
55 1 2.61799388e-01 2.07220663e-01
56 1 2.61799388e-01 2.07975404e-01
57 1 2.61799388e-01 2.07570256e-01
58 1 2.61799388e-01 2.07426193e-01
59 1 2.61799388e-01 2.07820185e-01
60 1 2.61799388e-01 2.08209209e-01
61 1 2.61799388e-01 2.07232416e-01
62 1 2.61799388e-01 2.07599059e-01
63 1 2.61799388e-01 2.06676292e-01
64 1 2.61799388e-01 2.08125199e-01
65 1 2.61799388e-01 2.08522792e-01
66 1 2.61799388e-01 2.07582400e-01
67 1 2.61799388e-01 2.08197590e-01
68 1 2.61799388e-01 2.07667542e-01
69 1 2.61799388e-01 2.06819004e-01
70 1 2.61799388e-01 2.07847709e-01
71 1 2.61799388e-01 2.06866244e-01
72 1 2.61799388e-01 2.07634881e-01
73 1 2.61799388e-01 2.07874266e-01
74 1 2.61799388e-01 2.06447320e-01
75 1 2.61799388e-01 2.06524135e-01
76 1 2.61799388e-01 2.07202146e-01
77 1 2.61799388e-01 2.08652153e-01
78 1 2.61799388e-01 2.07432694e-01
79 1 2.61799388e-01 2.08073287e-01
80 1 2.61799388e-01 2.07465245e-01
81 1 2.61799388e-01 2.07712569e-01
82 1 2.61799388e-01 2.08403903e-01
83 1 2.61799388e-01 2.07346374e-01
84 1 2.61799388e-01 2.07964969e-01
85 1 2.61799388e-01 2.08468785e-01
86 1 2.61799388e-01 2.06907248e-01
87 1 2.61799388e-01 2.07703192e-01
88 1 2.61799388e-01 2.06879833e-01
89 1 2.61799388e-01 2.07451534e-01
90 1 2.61799388e-01 2.07530354e-01
91 1 2.61799388e-01 2.08409701e-01
92 1 2.61799388e-01 2.07499128e-01
93 1 2.61799388e-01 2.07976423e-01
94 1 2.61799388e-01 2.07244743e-01
95 1 2.61799388e-01 2.07411974e-01
96 1 2.61799388e-01 2.08024170e-01
97 1 2.61799388e-01 2.07928418e-01
98 1 2.61799388e-01 2.07262800e-01
99 1 2.61799388e-01 2.08113246e-01
100 1 2.61799388e-01 2.06963593e-01
101 1 2.61799388e-01 2.07303110e-01
102 1 2.61799388e-01 2.08241513e-01
103 1 2.61799388e-01 2.07471494e-01
104 1 2.61799388e-01 2.07770673e-01
105 1 2.61799388e-01 2.07333390e-01
106 1 2.61799388e-01 2.08431471e-01
107 1 2.61799388e-01 2.08478664e-01
108 1 2.61799388e-01 2.06864675e-01
109 1 2.61799388e-01 2.07257699e-01
110 1 2.61799388e-01 2.06530636e-01
111 1 2.61799388e-01 2.07691355e-01
112 1 2.61799388e-01 2.07555564e-01
113 1 2.61799388e-01 2.07288864e-01
114 1 2.61799388e-01 2.08262598e-01
115 1 2.61799388e-01 2.08241620e-01
116 1 2.61799388e-01 2.08047573e-01
117 1 2.61799388e-01 2.08009181e-01
118 1 2.61799388e-01 2.07713277e-01
119 1 2.61799388e-01 2.07314202e-01
120 1 2.61799388e-01 2.07960639e-01
121 1 2.61799388e-01 2.07376648e-01
122 1 2.61799388e-01 2.07318028e-01
123 1 2.61799388e-01 2.06922664e-01
124 1 2.61799388e-01 2.07975648e-01
125 1 2.61799388e-01 2.07239138e-01
126 1 2.61799388e-01 2.08456508e-01
127 1 2.61799388e-01 2.08360434e-01
128 1 2.61799388e-01 2.07377363e-01
129 1 2.61799388e-01 2.08187527e-01
130 1 2.61799388e-01 2.07779598e-01
131 1 2.61799388e-01 2.07064012e-01
132 1 2.61799388e-01 2.07681261e-01
133 1 2.61799388e-01 2.07603958e-01
134 1 2.61799388e-01 2.08371389e-01
135 1 2.61799388e-01 2.08168025e-01
136 1 2.61799388e-01 2.07453515e-01
137 1 2.61799388e-01 2.07282612e-01
138 1 2.61799388e-01 2.07183087e-01
139 1 2.61799388e-01 2.07105896e-01
140 1 2.61799388e-01 2.07099137e-01
141 1 2.61799388e-01 2.08364987e-01
142 1 2.61799388e-01 2.07397073e-01
143 1 2.61799388e-01 2.08595805e-01
144 1 2.61799388e-01 2.06923578e-01
145 1 2.61799388e-01 2.07053971e-01
146 1 2.61799388e-01 2.07542173e-01
147 1 2.61799388e-01 2.07164970e-01
148 1 2.61799388e-01 2.07820610e-01
149 1 2.61799388e-01 2.07756760e-01
150 1 2.61799388e-01 2.07624417e-01
151 1 2.61799388e-01 2.07225840e-01
152 1 2.61799388e-01 2.06991345e-01
153 1 2.61799388e-01 2.07907519e-01
154 1 2.61799388e-01 2.07424602e-01
155 1 2.61799388e-01 2.07579081e-01
156 1 2.61799388e-01 2.07856667e-01
157 1 2.61799388e-01 2.08055967e-01
158 1 2.61799388e-01 2.07776293e-01
159 1 2.61799388e-01 2.07786626e-01
160 1 2.61799388e-01 2.07186480e-01
161 1 2.61799388e-01 2.08010172e-01
162 1 2.61799388e-01 2.07965147e-01
163 1 2.61799388e-01 2.08469911e-01
164 1 2.61799388e-01 2.07804786e-01
165 1 2.61799388e-01 2.07340802e-01
166 1 2.61799388e-01 2.07695601e-01
167 1 2.61799388e-01 2.07542285e-01
168 1 2.61799388e-01 2.08066824e-01
169 1 2.61799388e-01 2.07901921e-01
170 1 2.61799388e-01 2.07895473e-01
171 1 2.61799388e-01 2.08356624e-01
172 1 2.61799388e-01 2.08327410e-01
173 1 2.61799388e-01 2.07703704e-01
174 1 2.61799388e-01 2.08048843e-01
175 1 2.61799388e-01 2.07649381e-01
176 1 2.61799388e-01 2.07903310e-01
177 1 2.61799388e-01 2.07984205e-01
178 1 2.61799388e-01 2.07214339e-01
179 1 2.61799388e-01 2.07375376e-01
180 1 2.61799388e-01 2.07530556e-01
181 1 2.61799388e-01 2.07653149e-01
182 1 2.61799388e-01 2.06501915e-01
183 1 2.61799388e-01 2.08280702e-01
184 1 2.61799388e-01 2.07447691e-01
185 1 2.61799388e-01 2.07504919e-01
186 1 2.61799388e-01 2.06912424e-01
187 1 2.61799388e-01 2.08133637e-01
188 1 2.61799388e-01 2.07337543e-01
189 1 2.61799388e-01 2.07328665e-01
190 1 2.61799388e-01 2.08588562e-01
191 1 2.61799388e-01 2.07778848e-01
192 1 2.61799388e-01 2.08646364e-01
193 1 2.61799388e-01 2.07505091e-01
194 1 2.61799388e-01 2.07341741e-01
195 1 2.61799388e-01 2.07350764e-01
196 1 2.61799388e-01 2.07348211e-01
197 1 2.61799388e-01 2.07347278e-01
198 1 2.61799388e-01 2.07112032e-01
199 1 2.61799388e-01 2.08162862e-01
200 1 2.61799388e-01 2.07846096e-01
201 1 2.61799388e-01 2.08532316e-01
202 1 2.61799388e-01 2.07443356e-01
203 1 2.61799388e-01 2.07511287e-01
204 1 2.61799388e-01 2.07475028e-01
205 1 2.61799388e-01 2.08064780e-01
206 1 2.61799388e-01 2.07739376e-01
207 1 2.61799388e-01 2.06474872e-01
208 1 2.61799388e-01 2.07503285e-01
209 1 2.61799388e-01 2.06506290e-01
210 1 2.61799388e-01 2.06857831e-01
211 1 2.61799388e-01 2.07828125e-01
212 1 2.61799388e-01 2.08103925e-01
213 1 2.61799388e-01 2.07730231e-01
214 1 2.61799388e-01 2.08520345e-01
215 1 2.61799388e-01 2.08376801e-01
216 1 2.61799388e-01 2.07314289e-01
217 1 2.61799388e-01 2.08375465e-01
218 1 2.61799388e-01 2.07922517e-01
219 1 2.61799388e-01 2.07931731e-01
220 1 2.61799388e-01 2.07984257e-01
221 1 2.61799388e-01 2.07474506e-01
222 1 2.61799388e-01 2.08567767e-01
223 1 2.61799388e-01 2.07677707e-01
224 1 2.61799388e-01 2.07608958e-01
225 1 2.61799388e-01 2.07814703e-01
226 1 2.61799388e-01 2.07258615e-01
227 1 2.61799388e-01 2.07346463e-01
228 1 2.61799388e-01 2.07742352e-01
229 1 2.61799388e-01 2.07051790e-01
230 1 2.61799388e-01 2.07198850e-01
231 1 2.61799388e-01 2.07605886e-01
232 1 2.61799388e-01 2.07573320e-01
233 1 2.61799388e-01 2.07621333e-01
234 1 2.61799388e-01 2.07403180e-01
235 1 2.61799388e-01 2.07196250e-01
236 1 2.61799388e-01 2.08352706e-01
237 1 2.61799388e-01 2.07078449e-01
238 1 2.61799388e-01 2.07655138e-01
239 1 2.61799388e-01 2.08439681e-01
240 1 2.61799388e-01 2.07676155e-01
241 1 2.61799388e-01 2.07730578e-01
242 1 2.61799388e-01 2.07718746e-01
243 1 2.61799388e-01 2.08115671e-01
244 1 2.61799388e-01 2.06966835e-01
245 1 2.61799388e-01 2.08564177e-01
246 1 2.61799388e-01 2.08059405e-01
247 1 2.61799388e-01 2.06053116e-01
248 1 2.61799388e-01 2.07984162e-01
249 1 2.61799388e-01 2.08012448e-01
250 1 2.61799388e-01 2.07629601e-01
251 1 2.61799388e-01 2.06354149e-01
252 1 2.61799388e-01 2.08431724e-01
253 1 2.61799388e-01 2.07893253e-01
254 1 2.61799388e-01 2.07630322e-01
255 1 2.61799388e-01 2.08088337e-01
256 1 2.61799388e-01 2.06999204e-01
257 1 2.61799388e-01 2.07162437e-01
258 1 2.61799388e-01 2.06383976e-01
259 1 2.61799388e-01 2.07561161e-01
260 1 2.61799388e-01 2.07925844e-01
261 1 2.61799388e-01 2.08075275e-01
262 1 2.61799388e-01 2.07768628e-01
263 1 2.61799388e-01 2.07640391e-01
264 1 2.61799388e-01 2.07415696e-01
265 1 2.61799388e-01 2.07504183e-01
266 1 2.61799388e-01 2.08401110e-01
267 1 2.61799388e-01 2.07483116e-01
268 1 2.61799388e-01 2.07762337e-01
269 1 2.61799388e-01 2.07299897e-01
270 1 2.61799388e-01 2.07469143e-01
271 1 2.61799388e-01 2.08106922e-01
272 1 2.61799388e-01 2.06240910e-01
273 1 2.61799388e-01 2.07243073e-01
274 1 2.61799388e-01 2.07759713e-01
275 1 2.61799388e-01 2.06882916e-01
276 1 2.61799388e-01 2.07392495e-01
277 1 2.61799388e-01 2.07181468e-01
278 1 2.61799388e-01 2.07853678e-01
279 1 2.61799388e-01 2.07492443e-01
280 1 2.61799388e-01 2.08190203e-01
281 1 2.61799388e-01 2.07069700e-01
282 1 2.61799388e-01 2.07635318e-01
283 1 2.61799388e-01 2.08395630e-01
284 1 2.61799388e-01 2.09514334e-01
285 1 2.61799388e-01 2.07978031e-01
286 1 2.61799388e-01 2.07699475e-01
287 1 2.61799388e-01 2.08010017e-01
288 1 2.61799388e-01 2.07396124e-01
289 1 2.61799388e-01 2.07132812e-01
290 1 2.61799388e-01 2.07002842e-01
291 1 2.61799388e-01 2.07632618e-01
292 1 2.61799388e-01 2.07949610e-01
293 1 2.61799388e-01 2.07290698e-01
294 1 2.61799388e-01 2.08274463e-01
295 1 2.61799388e-01 2.08436564e-01
296 1 2.61799388e-01 2.07399121e-01
297 1 2.61799388e-01 2.08135060e-01
298 1 2.61799388e-01 2.07714689e-01
299 1 2.61799388e-01 2.07525882e-01
300 1 2.61799388e-01 2.08431076e-01
301 1 2.61799388e-01 2.07390606e-01
302 1 2.61799388e-01 2.07938053e-01
303 1 2.61799388e-01 2.08107721e-01
304 1 2.61799388e-01 2.08168813e-01
305 1 2.61799388e-01 2.07759842e-01
306 1 2.61799388e-01 2.07270381e-01
307 1 2.61799388e-01 2.07406164e-01
308 1 2.61799388e-01 2.06767009e-01
309 1 2.61799388e-01 2.06832974e-01
310 1 2.61799388e-01 2.08352373e-01
311 1 2.61799388e-01 2.08112695e-01
312 1 2.61799388e-01 2.08078766e-01
313 1 2.61799388e-01 2.07052113e-01
314 1 2.61799388e-01 2.07003027e-01
315 1 2.61799388e-01 2.07075630e-01
316 1 2.61799388e-01 2.07539715e-01
317 1 2.61799388e-01 2.07585466e-01
318 1 2.61799388e-01 2.07757772e-01
319 1 2.61799388e-01 2.07551559e-01
320 1 2.61799388e-01 2.07558617e-01
321 1 2.61799388e-01 2.07579062e-01
322 1 2.61799388e-01 2.07514789e-01
323 1 2.61799388e-01 2.06824020e-01
324 1 2.61799388e-01 2.07291676e-01
325 1 2.61799388e-01 2.07946016e-01
326 1 2.61799388e-01 2.07598776e-01
327 1 2.61799388e-01 2.06586790e-01
328 1 2.61799388e-01 2.07265857e-01
329 1 2.61799388e-01 2.07686123e-01
330 1 2.61799388e-01 2.08229735e-01
331 1 2.61799388e-01 2.06534023e-01
332 1 2.61799388e-01 2.07382163e-01
333 1 2.61799388e-01 2.07709235e-01
334 1 2.61799388e-01 2.07408258e-01
335 1 2.61799388e-01 2.07638018e-01
336 1 2.61799388e-01 2.07723158e-01
337 1 2.61799388e-01 2.07430772e-01
338 1 2.61799388e-01 2.08481991e-01
339 1 2.61799388e-01 2.07841388e-01
340 1 2.61799388e-01 2.08211322e-01
341 1 2.61799388e-01 2.07545323e-01
342 1 2.61799388e-01 2.08530660e-01
343 1 2.61799388e-01 2.08366438e-01
344 1 2.61799388e-01 2.08151870e-01
345 1 2.61799388e-01 2.07807638e-01
346 1 2.61799388e-01 2.07332295e-01
347 1 2.61799388e-01 2.07066824e-01
348 1 2.61799388e-01 2.07877859e-01
349 1 2.61799388e-01 2.07283338e-01
350 1 2.61799388e-01 2.07782882e-01
351 1 2.61799388e-01 2.07747229e-01
352 1 2.61799388e-01 2.06920675e-01
353 1 2.61799388e-01 2.07468897e-01
354 1 2.61799388e-01 2.07246724e-01
355 1 2.61799388e-01 2.08879772e-01
356 1 2.61799388e-01 2.07580581e-01
357 1 2.61799388e-01 2.07290304e-01
358 1 2.61799388e-01 2.08006120e-01
359 1 2.61799388e-01 2.07008913e-01
360 1 2.61799388e-01 2.08869444e-01
361 1 2.61799388e-01 2.08263805e-01
362 1 2.61799388e-01 2.07793580e-01
363 1 2.61799388e-01 2.07162855e-01
364 1 2.61799388e-01 2.07947621e-01
365 1 2.61799388e-01 2.07776986e-01
366 1 2.61799388e-01 2.08329274e-01
367 1 2.61799388e-01 2.08138594e-01
368 1 2.61799388e-01 2.07792721e-01
369 1 2.61799388e-01 2.06575047e-01
370 1 2.61799388e-01 2.07200198e-01
371 1 2.61799388e-01 2.07406005e-01
372 1 2.61799388e-01 2.08118385e-01
373 1 2.61799388e-01 2.07384183e-01
374 1 2.61799388e-01 2.07394172e-01
375 1 2.61799388e-01 2.07534145e-01
376 1 2.61799388e-01 2.07244390e-01
377 1 2.61799388e-01 2.07982054e-01
378 1 2.61799388e-01 2.08169258e-01
379 1 2.61799388e-01 2.07545118e-01
380 1 2.61799388e-01 2.06710110e-01
381 1 2.61799388e-01 2.07674541e-01
382 1 2.61799388e-01 2.07336373e-01
383 1 2.61799388e-01 2.07747795e-01
384 1 2.61799388e-01 2.07324267e-01
385 1 2.61799388e-01 2.07467740e-01
386 1 2.61799388e-01 2.07571857e-01
387 1 2.61799388e-01 2.07307593e-01
388 1 2.61799388e-01 2.07621130e-01
389 1 2.61799388e-01 2.08215397e-01
390 1 2.61799388e-01 2.07000969e-01
391 1 2.61799388e-01 2.06612716e-01
392 1 2.61799388e-01 2.08272962e-01
393 1 2.61799388e-01 2.08165415e-01
394 1 2.61799388e-01 2.08277221e-01
395 1 2.61799388e-01 2.07905424e-01
396 1 2.61799388e-01 2.08622636e-01
397 1 2.61799388e-01 2.08128412e-01
398 1 2.61799388e-01 2.08967937e-01
399 1 2.61799388e-01 2.06825151e-01
400 1 2.61799388e-01 2.07099056e-01
401 1 2.61799388e-01 2.08591592e-01
402 1 2.61799388e-01 2.07398394e-01
403 1 2.61799388e-01 2.08667230e-01
404 1 2.61799388e-01 2.07826425e-01
405 1 2.61799388e-01 2.07520720e-01
406 1 2.61799388e-01 2.06742392e-01
407 1 2.61799388e-01 2.07969917e-01
408 1 2.61799388e-01 2.06557305e-01
409 1 2.61799388e-01 2.08122911e-01
410 1 2.61799388e-01 2.08101785e-01
411 1 2.61799388e-01 2.08257330e-01
412 1 2.61799388e-01 2.08275954e-01
413 1 2.61799388e-01 2.08021465e-01
414 1 2.61799388e-01 2.07480192e-01
415 1 2.61799388e-01 2.07401305e-01
416 1 2.61799388e-01 2.06979791e-01
417 1 2.61799388e-01 2.07939998e-01
418 1 2.61799388e-01 2.07499499e-01
419 1 2.61799388e-01 2.08416489e-01
420 1 2.61799388e-01 2.07979780e-01
421 1 2.61799388e-01 2.07416531e-01
422 1 2.61799388e-01 2.06874258e-01
423 1 2.61799388e-01 2.07661608e-01
424 1 2.61799388e-01 2.06700078e-01
425 1 2.61799388e-01 2.08353993e-01
426 1 2.61799388e-01 2.07365304e-01
427 1 2.61799388e-01 2.07792754e-01
428 1 2.61799388e-01 2.08273312e-01
429 1 2.61799388e-01 2.08056839e-01
430 1 2.61799388e-01 2.08136621e-01
431 1 2.61799388e-01 2.07398832e-01
432 1 2.61799388e-01 2.07549108e-01
433 1 2.61799388e-01 2.07986430e-01
434 1 2.61799388e-01 2.08244536e-01
435 1 2.61799388e-01 2.07379414e-01
436 1 2.61799388e-01 2.07419071e-01
437 1 2.61799388e-01 2.07309506e-01
438 1 2.61799388e-01 2.08370992e-01
439 1 2.61799388e-01 2.07493110e-01
440 1 2.61799388e-01 2.07350081e-01
441 1 2.61799388e-01 2.05917534e-01
442 1 2.61799388e-01 2.07761302e-01
443 1 2.61799388e-01 2.07462044e-01
444 1 2.61799388e-01 2.07902943e-01
445 1 2.61799388e-01 2.07995181e-01
446 1 2.61799388e-01 2.07883031e-01
447 1 2.61799388e-01 2.07399394e-01
448 1 2.61799388e-01 2.08219162e-01
449 1 2.61799388e-01 2.08445901e-01
450 1 2.61799388e-01 2.07443389e-01
451 1 2.61799388e-01 2.08455299e-01
452 1 2.61799388e-01 2.09019828e-01
453 1 2.61799388e-01 2.07559182e-01
454 1 2.61799388e-01 2.07939788e-01
455 1 2.61799388e-01 2.07277196e-01
456 1 2.61799388e-01 2.06797231e-01
457 1 2.61799388e-01 2.07767891e-01
458 1 2.61799388e-01 2.07383739e-01
459 1 2.61799388e-01 2.07650087e-01
460 1 2.61799388e-01 2.07628295e-01
461 1 2.61799388e-01 2.08085148e-01
462 1 2.61799388e-01 2.07567562e-01
463 1 2.61799388e-01 2.07913519e-01
464 1 2.61799388e-01 2.08524906e-01
465 1 2.61799388e-01 2.08283131e-01
466 1 2.61799388e-01 2.07701569e-01
467 1 2.61799388e-01 2.07809244e-01
468 1 2.61799388e-01 2.07976007e-01
469 1 2.61799388e-01 2.07573740e-01
470 1 2.61799388e-01 2.08209021e-01
471 1 2.61799388e-01 2.06957525e-01
472 1 2.61799388e-01 2.07056058e-01
473 1 2.61799388e-01 2.07849295e-01
474 1 2.61799388e-01 2.07541371e-01
475 1 2.61799388e-01 2.07602300e-01
476 1 2.61799388e-01 2.07576086e-01
477 1 2.61799388e-01 2.05800267e-01
478 1 2.61799388e-01 2.08298129e-01
479 1 2.61799388e-01 2.07557966e-01
480 1 2.61799388e-01 2.07852438e-01
481 1 2.61799388e-01 2.07691879e-01
482 1 2.61799388e-01 2.07444361e-01
483 1 2.61799388e-01 2.08272211e-01
484 1 2.61799388e-01 2.07738693e-01
485 1 2.61799388e-01 2.07916922e-01
486 1 2.61799388e-01 2.07918971e-01
487 1 2.61799388e-01 2.07992087e-01
488 1 2.61799388e-01 2.07250147e-01
489 1 2.61799388e-01 2.07353569e-01
490 1 2.61799388e-01 2.07260217e-01
491 1 2.61799388e-01 2.07150708e-01
492 1 2.61799388e-01 2.07904084e-01
493 1 2.61799388e-01 2.07868769e-01
494 1 2.61799388e-01 2.08272306e-01
495 1 2.61799388e-01 2.08556848e-01
496 1 2.61799388e-01 2.08093982e-01
497 1 2.61799388e-01 2.07502365e-01
498 1 2.61799388e-01 2.07900971e-01
499 1 2.61799388e-01 2.06342972e-01
500 1 2.61799388e-01 2.06907668e-01
501 1 2.61799388e-01 2.07818797e-01
502 1 2.61799388e-01 2.07976763e-01
503 1 2.61799388e-01 2.07758967e-01
504 1 2.61799388e-01 2.06660963e-01
505 1 2.61799388e-01 2.07875152e-01
506 1 2.61799388e-01 2.08064017e-01
507 1 2.61799388e-01 2.07017501e-01
508 1 2.61799388e-01 2.07843485e-01
509 1 2.61799388e-01 2.07879575e-01
510 1 2.61799388e-01 2.08424622e-01
511 1 2.61799388e-01 2.07830054e-01
512 1 2.61799388e-01 2.07281723e-01
513 1 2.61799388e-01 2.08371340e-01
514 1 2.61799388e-01 2.07216806e-01
515 1 2.61799388e-01 2.07569066e-01
516 1 2.61799388e-01 2.07170797e-01
517 1 2.61799388e-01 2.08276120e-01
518 1 2.61799388e-01 2.07039139e-01
519 1 2.61799388e-01 2.07380289e-01
520 1 2.61799388e-01 2.06459237e-01
521 1 2.61799388e-01 2.06154805e-01
522 1 2.61799388e-01 2.07811097e-01
523 1 2.61799388e-01 2.07483540e-01
524 1 2.61799388e-01 2.07119871e-01
525 1 2.61799388e-01 2.07934121e-01
526 1 2.61799388e-01 2.07780792e-01
527 1 2.61799388e-01 2.07392968e-01
528 1 2.61799388e-01 2.08206487e-01
529 1 2.61799388e-01 2.08081162e-01
530 1 2.61799388e-01 2.07882837e-01
531 1 2.61799388e-01 2.07748398e-01
532 1 2.61799388e-01 2.08381161e-01
533 1 2.61799388e-01 2.08153143e-01
534 1 2.61799388e-01 2.08694521e-01
535 1 2.61799388e-01 2.07284242e-01
536 1 2.61799388e-01 2.08894917e-01
537 1 2.61799388e-01 2.08368401e-01
538 1 2.61799388e-01 2.07765355e-01
539 1 2.61799388e-01 2.08330113e-01
540 1 2.61799388e-01 2.07682715e-01
541 1 2.61799388e-01 2.07753105e-01
542 1 2.61799388e-01 2.08061867e-01
543 1 2.61799388e-01 2.07699696e-01
544 1 2.61799388e-01 2.07429848e-01
545 1 2.61799388e-01 2.07423527e-01
546 1 2.61799388e-01 2.08136967e-01
547 1 2.61799388e-01 2.08231335e-01
548 1 2.61799388e-01 2.07867901e-01
549 1 2.61799388e-01 2.07746021e-01
550 1 2.61799388e-01 2.07373257e-01
551 1 2.61799388e-01 2.07305096e-01
552 1 2.61799388e-01 2.07662806e-01
553 1 2.61799388e-01 2.06804843e-01
554 1 2.61799388e-01 2.07862716e-01
555 1 2.61799388e-01 2.07411826e-01
556 1 2.61799388e-01 2.06887710e-01
557 1 2.61799388e-01 2.07512702e-01
558 1 2.61799388e-01 2.07016481e-01
559 1 2.61799388e-01 2.06891171e-01
560 1 2.61799388e-01 2.08989919e-01
561 1 2.61799388e-01 2.07566462e-01
562 1 2.61799388e-01 2.08186560e-01
563 1 2.61799388e-01 2.07623610e-01
564 1 2.61799388e-01 2.08150751e-01
565 1 2.61799388e-01 2.08224361e-01
566 1 2.61799388e-01 2.07667681e-01
567 1 2.61799388e-01 2.08029071e-01
568 1 2.61799388e-01 2.07685179e-01
569 1 2.61799388e-01 2.07916570e-01
570 1 2.61799388e-01 2.08588487e-01
571 1 2.61799388e-01 2.07529352e-01
572 1 2.61799388e-01 2.07012859e-01
573 1 2.61799388e-01 2.06376586e-01
574 1 2.61799388e-01 2.06538046e-01
575 1 2.61799388e-01 2.08331994e-01
576 1 2.61799388e-01 2.07653933e-01
577 1 2.61799388e-01 2.07549061e-01
578 1 2.61799388e-01 2.07453095e-01
579 1 2.61799388e-01 2.07759016e-01
580 1 2.61799388e-01 2.06663245e-01
581 1 2.61799388e-01 2.07950529e-01
582 1 2.61799388e-01 2.07368841e-01
583 1 2.61799388e-01 2.07802007e-01
584 1 2.61799388e-01 2.07218149e-01
585 1 2.61799388e-01 2.07893621e-01
586 1 2.61799388e-01 2.07389025e-01
587 1 2.61799388e-01 2.07272240e-01
588 1 2.61799388e-01 2.06699132e-01
589 1 2.61799388e-01 2.07751144e-01
590 1 2.61799388e-01 2.07019638e-01
591 1 2.61799388e-01 2.08058915e-01
592 1 2.61799388e-01 2.07903479e-01
593 1 2.61799388e-01 2.08011335e-01
594 1 2.61799388e-01 2.08193370e-01
595 1 2.61799388e-01 2.08360246e-01
596 1 2.61799388e-01 2.08407769e-01
597 1 2.61799388e-01 2.08255218e-01
598 1 2.61799388e-01 2.07871607e-01
599 1 2.61799388e-01 2.07819580e-01
600 1 2.61799388e-01 2.08223387e-01
601 1 2.61799388e-01 2.08699751e-01
602 1 2.61799388e-01 2.06536345e-01
603 1 2.61799388e-01 2.07076068e-01
604 1 2.61799388e-01 2.07911845e-01
605 1 2.61799388e-01 2.07481688e-01
606 1 2.61799388e-01 2.07644927e-01
607 1 2.61799388e-01 2.07443133e-01
608 1 2.61799388e-01 2.07906753e-01
609 1 2.61799388e-01 2.06497335e-01
610 1 2.61799388e-01 2.07661291e-01
611 1 2.61799388e-01 2.07909741e-01
612 1 2.61799388e-01 2.08204640e-01
613 1 2.61799388e-01 2.07790639e-01
614 1 2.61799388e-01 2.08039841e-01
615 1 2.61799388e-01 2.07378195e-01
616 1 2.61799388e-01 2.07911343e-01
617 1 2.61799388e-01 2.08085824e-01
618 1 2.61799388e-01 2.07273048e-01
619 1 2.61799388e-01 2.07969352e-01
620 1 2.61799388e-01 2.07899196e-01
621 1 2.61799388e-01 2.07887127e-01
622 1 2.61799388e-01 2.07548987e-01
623 1 2.61799388e-01 2.07745536e-01
624 1 2.61799388e-01 2.07818710e-01
625 1 2.61799388e-01 2.07737749e-01
626 1 2.61799388e-01 2.07450504e-01
627 1 2.61799388e-01 2.08693544e-01
628 1 2.61799388e-01 2.07134292e-01
629 1 2.61799388e-01 2.06772697e-01
630 1 2.61799388e-01 2.06379873e-01
631 1 2.61799388e-01 2.07836684e-01
632 1 2.61799388e-01 2.08047589e-01
633 1 2.61799388e-01 2.06464791e-01
634 1 2.61799388e-01 2.08413828e-01
635 1 2.61799388e-01 2.07211297e-01
636 1 2.61799388e-01 2.07649390e-01
637 1 2.61799388e-01 2.06102151e-01
638 1 2.61799388e-01 2.08122171e-01
639 1 2.61799388e-01 2.06820244e-01
640 1 2.61799388e-01 2.07651642e-01
641 1 2.61799388e-01 2.08088716e-01
642 1 2.61799388e-01 2.07519555e-01
643 1 2.61799388e-01 2.08419633e-01
644 1 2.61799388e-01 2.08577631e-01
645 1 2.61799388e-01 2.08051646e-01
646 1 2.61799388e-01 2.07060139e-01
647 1 2.61799388e-01 2.07531275e-01
648 1 2.61799388e-01 2.07656933e-01
649 1 2.61799388e-01 2.07455220e-01
650 1 2.61799388e-01 2.07275912e-01
651 1 2.61799388e-01 2.07388633e-01
652 1 2.61799388e-01 2.07798637e-01
653 1 2.61799388e-01 2.08228933e-01
654 1 2.61799388e-01 2.06728575e-01
655 1 2.61799388e-01 2.08025602e-01
656 1 2.61799388e-01 2.07047941e-01
657 1 2.61799388e-01 2.08155255e-01
658 1 2.61799388e-01 2.08415342e-01
659 1 2.61799388e-01 2.07649541e-01
660 1 2.61799388e-01 2.07159795e-01
661 1 2.61799388e-01 2.07757223e-01
662 1 2.61799388e-01 2.07668803e-01
663 1 2.61799388e-01 2.07713117e-01
664 1 2.61799388e-01 2.08202223e-01
665 1 2.61799388e-01 2.07397650e-01
666 1 2.61799388e-01 2.07721323e-01
667 1 2.61799388e-01 2.07446781e-01
668 1 2.61799388e-01 2.08031287e-01
669 1 2.61799388e-01 2.07190600e-01
670 1 2.61799388e-01 2.07735015e-01
671 1 2.61799388e-01 2.07878774e-01
672 1 2.61799388e-01 2.07673244e-01
673 1 2.61799388e-01 2.08651444e-01
674 1 2.61799388e-01 2.07367098e-01
675 1 2.61799388e-01 2.06972126e-01
676 1 2.61799388e-01 2.06999103e-01
677 1 2.61799388e-01 2.08398183e-01
678 1 2.61799388e-01 2.07859011e-01
679 1 2.61799388e-01 2.07019429e-01
680 1 2.61799388e-01 2.08170196e-01
681 1 2.61799388e-01 2.07181128e-01
682 1 2.61799388e-01 2.07309374e-01
683 1 2.61799388e-01 2.06976079e-01
684 1 2.61799388e-01 2.07590633e-01
685 1 2.61799388e-01 2.07075335e-01
686 1 2.61799388e-01 2.07629837e-01
687 1 2.61799388e-01 2.07905315e-01
688 1 2.61799388e-01 2.06696101e-01
689 1 2.61799388e-01 2.07758072e-01
690 1 2.61799388e-01 2.07316956e-01
691 1 2.61799388e-01 2.07687735e-01
692 1 2.61799388e-01 2.08545412e-01
693 1 2.61799388e-01 2.07461782e-01
694 1 2.61799388e-01 2.07486381e-01
695 1 2.61799388e-01 2.07380759e-01
696 1 2.61799388e-01 2.07615210e-01
697 1 2.61799388e-01 2.07652433e-01
698 1 2.61799388e-01 2.07976669e-01
699 1 2.61799388e-01 2.08167220e-01
700 1 2.61799388e-01 2.08662480e-01
701 1 2.61799388e-01 2.08871274e-01
702 1 2.61799388e-01 2.06996080e-01
703 1 2.61799388e-01 2.08120660e-01
704 1 2.61799388e-01 2.07045342e-01
705 1 2.61799388e-01 2.07947383e-01
706 1 2.61799388e-01 2.08222480e-01
707 1 2.61799388e-01 2.07027311e-01
708 1 2.61799388e-01 2.07760683e-01
709 1 2.61799388e-01 2.07338637e-01
710 1 2.61799388e-01 2.07389508e-01
711 1 2.61799388e-01 2.08014989e-01
712 1 2.61799388e-01 2.08545068e-01
713 1 2.61799388e-01 2.08064970e-01
714 1 2.61799388e-01 2.07393322e-01
715 1 2.61799388e-01 2.07890832e-01
716 1 2.61799388e-01 2.07596790e-01
717 1 2.61799388e-01 2.07003015e-01
718 1 2.61799388e-01 2.07147246e-01
719 1 2.61799388e-01 2.06633444e-01
720 1 2.61799388e-01 2.07439563e-01
721 1 2.61799388e-01 2.08661081e-01
722 1 2.61799388e-01 2.07782240e-01
723 1 2.61799388e-01 2.07163522e-01
724 1 2.61799388e-01 2.07849160e-01
725 1 2.61799388e-01 2.06893367e-01
726 1 2.61799388e-01 2.08051972e-01
727 1 2.61799388e-01 2.07617203e-01
728 1 2.61799388e-01 2.07618508e-01
729 1 2.61799388e-01 2.07572275e-01
730 1 2.61799388e-01 2.07030627e-01
731 1 2.61799388e-01 2.07955996e-01
732 1 2.61799388e-01 2.07315321e-01
733 1 2.61799388e-01 2.08621948e-01
734 1 2.61799388e-01 2.07532696e-01
735 1 2.61799388e-01 2.07644910e-01
736 1 2.61799388e-01 2.07467788e-01
737 1 2.61799388e-01 2.07602971e-01
738 1 2.61799388e-01 2.07986307e-01
739 1 2.61799388e-01 2.07372748e-01
740 1 2.61799388e-01 2.07214338e-01
741 1 2.61799388e-01 2.07886002e-01
742 1 2.61799388e-01 2.07180444e-01
743 1 2.61799388e-01 2.07763309e-01
744 1 2.61799388e-01 2.07990006e-01
745 1 2.61799388e-01 2.07742820e-01
746 1 2.61799388e-01 2.07021247e-01
747 1 2.61799388e-01 2.07705328e-01
748 1 2.61799388e-01 2.07944518e-01
749 1 2.61799388e-01 2.08186854e-01
750 1 2.61799388e-01 2.07353026e-01
751 1 2.61799388e-01 2.07896320e-01
752 1 2.61799388e-01 2.07783765e-01
753 1 2.61799388e-01 2.08123739e-01
754 1 2.61799388e-01 2.07200881e-01
755 1 2.61799388e-01 2.06876185e-01
756 1 2.61799388e-01 2.08015046e-01
757 1 2.61799388e-01 2.07098386e-01
758 1 2.61799388e-01 2.06973355e-01
759 1 2.61799388e-01 2.07730863e-01
760 1 2.61799388e-01 2.07087033e-01
761 1 2.61799388e-01 2.07518749e-01
762 1 2.61799388e-01 2.08346992e-01
763 1 2.61799388e-01 2.08060132e-01
764 1 2.61799388e-01 2.08077784e-01
765 1 2.61799388e-01 2.07999929e-01
766 1 2.61799388e-01 2.07313831e-01
767 1 2.61799388e-01 2.07782555e-01
768 1 2.61799388e-01 2.07538042e-01
769 1 2.61799388e-01 2.07978851e-01
770 1 2.61799388e-01 2.08173517e-01
771 1 2.61799388e-01 2.08938283e-01
772 1 2.61799388e-01 2.07736139e-01
773 1 2.61799388e-01 2.07608894e-01
774 1 2.61799388e-01 2.07420607e-01
775 1 2.61799388e-01 2.07522433e-01
776 1 2.61799388e-01 2.08165264e-01
777 1 2.61799388e-01 2.08019902e-01
778 1 2.61799388e-01 2.07928108e-01
779 1 2.61799388e-01 2.08565111e-01
780 1 2.61799388e-01 2.08155063e-01
781 1 2.61799388e-01 2.08151954e-01
782 1 2.61799388e-01 2.07729280e-01
783 1 2.61799388e-01 2.06730386e-01
784 1 2.61799388e-01 2.07593427e-01
785 1 2.61799388e-01 2.07503759e-01
786 1 2.61799388e-01 2.07673344e-01
787 1 2.61799388e-01 2.06781901e-01
788 1 2.61799388e-01 2.07086554e-01
789 1 2.61799388e-01 2.06907207e-01
790 1 2.61799388e-01 2.07037180e-01
791 1 2.61799388e-01 2.07541744e-01
792 1 2.61799388e-01 2.07483185e-01
793 1 2.61799388e-01 2.06950954e-01
794 1 2.61799388e-01 2.07584362e-01
795 1 2.61799388e-01 2.08147630e-01
796 1 2.61799388e-01 2.07126587e-01
797 1 2.61799388e-01 2.06792907e-01
798 1 2.61799388e-01 2.07525411e-01
799 1 2.61799388e-01 2.08140648e-01
800 1 2.61799388e-01 2.08308831e-01
801 1 2.61799388e-01 2.07471901e-01
802 1 2.61799388e-01 2.08685174e-01
803 1 2.61799388e-01 2.08285755e-01
804 1 2.61799388e-01 2.08258369e-01
805 1 2.61799388e-01 2.07619551e-01
806 1 2.61799388e-01 2.08647490e-01
807 1 2.61799388e-01 2.07565491e-01
808 1 2.61799388e-01 2.07886189e-01
809 1 2.61799388e-01 2.07550442e-01
810 1 2.61799388e-01 2.07193310e-01
811 1 2.61799388e-01 2.07214842e-01
812 1 2.61799388e-01 2.06368317e-01
813 1 2.61799388e-01 2.08837920e-01
814 1 2.61799388e-01 2.07665159e-01
815 1 2.61799388e-01 2.07877636e-01
816 1 2.61799388e-01 2.07424740e-01
817 1 2.61799388e-01 2.08194827e-01
818 1 2.61799388e-01 2.06936457e-01
819 1 2.61799388e-01 2.07636809e-01
820 1 2.61799388e-01 2.07909716e-01
821 1 2.61799388e-01 2.07516599e-01
822 1 2.61799388e-01 2.07536134e-01
823 1 2.61799388e-01 2.07684503e-01
824 1 2.61799388e-01 2.07803038e-01
825 1 2.61799388e-01 2.07196832e-01
826 1 2.61799388e-01 2.07484752e-01
827 1 2.61799388e-01 2.07623306e-01
828 1 2.61799388e-01 2.07478391e-01
829 1 2.61799388e-01 2.07190831e-01
830 1 2.61799388e-01 2.07291326e-01
831 1 2.61799388e-01 2.07737483e-01
832 1 2.61799388e-01 2.08628892e-01
833 1 2.61799388e-01 2.07789774e-01
834 1 2.61799388e-01 2.07204626e-01
835 1 2.61799388e-01 2.08643179e-01
836 1 2.61799388e-01 2.07510668e-01
837 1 2.61799388e-01 2.09128358e-01
838 1 2.61799388e-01 2.08151022e-01
839 1 2.61799388e-01 2.07921296e-01
840 1 2.61799388e-01 2.07378727e-01
841 1 2.61799388e-01 2.07520036e-01
842 1 2.61799388e-01 2.07599399e-01
843 1 2.61799388e-01 2.08196431e-01
844 1 2.61799388e-01 2.08459451e-01
845 1 2.61799388e-01 2.07589821e-01
846 1 2.61799388e-01 2.07350493e-01
847 1 2.61799388e-01 2.08438207e-01
848 1 2.61799388e-01 2.07550798e-01
849 1 2.61799388e-01 2.07664091e-01
850 1 2.61799388e-01 2.06926187e-01
851 1 2.61799388e-01 2.07074676e-01
852 1 2.61799388e-01 2.08396165e-01
853 1 2.61799388e-01 2.07614692e-01
854 1 2.61799388e-01 2.07069437e-01
855 1 2.61799388e-01 2.07630451e-01
856 1 2.61799388e-01 2.07747493e-01
857 1 2.61799388e-01 2.08144698e-01
858 1 2.61799388e-01 2.08191873e-01
859 1 2.61799388e-01 2.08281964e-01
860 1 2.61799388e-01 2.07534607e-01
861 1 2.61799388e-01 2.06872374e-01
862 1 2.61799388e-01 2.08387049e-01
863 1 2.61799388e-01 2.07952014e-01
864 1 2.61799388e-01 2.07246469e-01
865 1 2.61799388e-01 2.07365369e-01
866 1 2.61799388e-01 2.08334895e-01
867 1 2.61799388e-01 2.07451197e-01
868 1 2.61799388e-01 2.07519784e-01
869 1 2.61799388e-01 2.08341012e-01
870 1 2.61799388e-01 2.07342005e-01
871 1 2.61799388e-01 2.06648108e-01
872 1 2.61799388e-01 2.07966286e-01
873 1 2.61799388e-01 2.07573200e-01
874 1 2.61799388e-01 2.07903619e-01
875 1 2.61799388e-01 2.07834409e-01
876 1 2.61799388e-01 2.07745809e-01
877 1 2.61799388e-01 2.08302849e-01
878 1 2.61799388e-01 2.07084205e-01
879 1 2.61799388e-01 2.07697548e-01
880 1 2.61799388e-01 2.08127863e-01
881 1 2.61799388e-01 2.07623313e-01
882 1 2.61799388e-01 2.07320331e-01
883 1 2.61799388e-01 2.07476238e-01
884 1 2.61799388e-01 2.07112630e-01
885 1 2.61799388e-01 2.07014140e-01
886 1 2.61799388e-01 2.06676993e-01
887 1 2.61799388e-01 2.08521770e-01
888 1 2.61799388e-01 2.07059090e-01
889 1 2.61799388e-01 2.08439799e-01
890 1 2.61799388e-01 2.08010688e-01
891 1 2.61799388e-01 2.08188505e-01
892 1 2.61799388e-01 2.07743532e-01
893 1 2.61799388e-01 2.07409157e-01
894 1 2.61799388e-01 2.07736935e-01
895 1 2.61799388e-01 2.08239350e-01
896 1 2.61799388e-01 2.07247071e-01
897 1 2.61799388e-01 2.07893621e-01
898 1 2.61799388e-01 2.08173061e-01
899 1 2.61799388e-01 2.07882890e-01
900 1 2.61799388e-01 2.07459644e-01
901 1 2.61799388e-01 2.07215303e-01
902 1 2.61799388e-01 2.08005321e-01
903 1 2.61799388e-01 2.08502192e-01
904 1 2.61799388e-01 2.07700604e-01
905 1 2.61799388e-01 2.07686608e-01
906 1 2.61799388e-01 2.08097837e-01
907 1 2.61799388e-01 2.08172499e-01
908 1 2.61799388e-01 2.07237183e-01
909 1 2.61799388e-01 2.07782416e-01
910 1 2.61799388e-01 2.08093052e-01
911 1 2.61799388e-01 2.08823471e-01
912 1 2.61799388e-01 2.07608089e-01
913 1 2.61799388e-01 2.07849194e-01
914 1 2.61799388e-01 2.07951640e-01
915 1 2.61799388e-01 2.08426388e-01
916 1 2.61799388e-01 2.07742710e-01
917 1 2.61799388e-01 2.07781101e-01
918 1 2.61799388e-01 2.07481147e-01
919 1 2.61799388e-01 2.07220292e-01
920 1 2.61799388e-01 2.07942255e-01
921 1 2.61799388e-01 2.07105944e-01
922 1 2.61799388e-01 2.07697567e-01
923 1 2.61799388e-01 2.07392374e-01
924 1 2.61799388e-01 2.07612658e-01
925 1 2.61799388e-01 2.06997861e-01
926 1 2.61799388e-01 2.07477164e-01
927 1 2.61799388e-01 2.07165149e-01
928 1 2.61799388e-01 2.07508490e-01
929 1 2.61799388e-01 2.08158207e-01
930 1 2.61799388e-01 2.07623352e-01
931 1 2.61799388e-01 2.07017197e-01
932 1 2.61799388e-01 2.07927472e-01
933 1 2.61799388e-01 2.07468649e-01
934 1 2.61799388e-01 2.07668613e-01
935 1 2.61799388e-01 2.08183635e-01
936 1 2.61799388e-01 2.07610400e-01
937 1 2.61799388e-01 2.08543232e-01
938 1 2.61799388e-01 2.07913834e-01
939 1 2.61799388e-01 2.07430289e-01
940 1 2.61799388e-01 2.07343125e-01
941 1 2.61799388e-01 2.08571185e-01
942 1 2.61799388e-01 2.08657416e-01
943 1 2.61799388e-01 2.07991750e-01
944 1 2.61799388e-01 2.07668388e-01
945 1 2.61799388e-01 2.06944187e-01
946 1 2.61799388e-01 2.08059818e-01
947 1 2.61799388e-01 2.07606344e-01
948 1 2.61799388e-01 2.07832179e-01
949 1 2.61799388e-01 2.07456947e-01
950 1 2.61799388e-01 2.07468169e-01
951 1 2.61799388e-01 2.08102563e-01
952 1 2.61799388e-01 2.07926154e-01
953 1 2.61799388e-01 2.08329661e-01
954 1 2.61799388e-01 2.07541503e-01
955 1 2.61799388e-01 2.08531574e-01
956 1 2.61799388e-01 2.08118243e-01
957 1 2.61799388e-01 2.07692211e-01
958 1 2.61799388e-01 2.07460436e-01
959 1 2.61799388e-01 2.07499176e-01
960 1 2.61799388e-01 2.07071127e-01
961 1 2.61799388e-01 2.07625000e-01
962 1 2.61799388e-01 2.08092396e-01
963 1 2.61799388e-01 2.07572031e-01
964 1 2.61799388e-01 2.07810354e-01
965 1 2.61799388e-01 2.08533735e-01
966 1 2.61799388e-01 2.08335583e-01
967 1 2.61799388e-01 2.07644444e-01
968 1 2.61799388e-01 2.08319448e-01
969 1 2.61799388e-01 2.07696181e-01
970 1 2.61799388e-01 2.07153957e-01
971 1 2.61799388e-01 2.07318082e-01
972 1 2.61799388e-01 2.07587708e-01
973 1 2.61799388e-01 2.07357982e-01
974 1 2.61799388e-01 2.07890954e-01
975 1 2.61799388e-01 2.08048743e-01
976 1 2.61799388e-01 2.08238061e-01
977 1 2.61799388e-01 2.08158749e-01
978 1 2.61799388e-01 2.07185972e-01
979 1 2.61799388e-01 2.07359252e-01
980 1 2.61799388e-01 2.06829651e-01
981 1 2.61799388e-01 2.07273084e-01
982 1 2.61799388e-01 2.07862047e-01
983 1 2.61799388e-01 2.07490614e-01
984 1 2.61799388e-01 2.07826992e-01
985 1 2.61799388e-01 2.07825921e-01
986 1 2.61799388e-01 2.07991571e-01
987 1 2.61799388e-01 2.08289788e-01
988 1 2.61799388e-01 2.07540643e-01
989 1 2.61799388e-01 2.08365087e-01
990 1 2.61799388e-01 2.06992147e-01
991 1 2.61799388e-01 2.07776783e-01
992 1 2.61799388e-01 2.07078384e-01
993 1 2.61799388e-01 2.08398752e-01
994 1 2.61799388e-01 2.07963003e-01
995 1 2.61799388e-01 2.07543901e-01
996 1 2.61799388e-01 2.07930986e-01
997 1 2.61799388e-01 2.07576600e-01
998 1 2.61799388e-01 2.08371228e-01
999 1 2.61799388e-01 2.08384255e-01
1000 1 2.61799388e-01 2.07898538e-01
1001 1 2.61799388e-01 2.07121300e-01
1002 1 2.61799388e-01 2.07058463e-01
1003 1 2.61799388e-01 2.08412089e-01
1004 1 2.61799388e-01 2.09108090e-01
1005 1 2.61799388e-01 2.07632161e-01
1006 1 2.61799388e-01 2.07673516e-01
1007 1 2.61799388e-01 2.07731326e-01
1008 1 2.61799388e-01 2.06522123e-01
1009 1 2.61799388e-01 2.08329482e-01
1010 1 2.61799388e-01 2.07537901e-01
1011 1 2.61799388e-01 2.08708651e-01
1012 1 2.61799388e-01 2.08041494e-01
0 2 5.23598776e-01 3.80005064e-01
1 2 5.23598776e-01 3.79731797e-01
2 2 5.23598776e-01 3.79907189e-01
3 2 5.23598776e-01 3.78061969e-01
4 2 5.23598776e-01 3.79294275e-01
5 2 5.23598776e-01 3.78943102e-01
6 2 5.23598776e-01 3.79211490e-01
7 2 5.23598776e-01 3.79663891e-01
8 2 5.23598776e-01 3.79089412e-01
9 2 5.23598776e-01 3.80048239e-01
10 2 5.23598776e-01 3.78176884e-01
11 2 5.23598776e-01 3.79020532e-01
12 2 5.23598776e-01 3.80547786e-01
13 2 5.23598776e-01 3.80866745e-01
14 2 5.23598776e-01 3.81028521e-01
15 2 5.23598776e-01 3.80476993e-01
16 2 5.23598776e-01 3.80204344e-01
17 2 5.23598776e-01 3.78098213e-01
18 2 5.23598776e-01 3.78807457e-01
19 2 5.23598776e-01 3.79461609e-01
20 2 5.23598776e-01 3.78227561e-01
21 2 5.23598776e-01 3.79300073e-01
22 2 5.23598776e-01 3.78713255e-01
23 2 5.23598776e-01 3.78709019e-01
24 2 5.23598776e-01 3.79140224e-01
25 2 5.23598776e-01 3.77961892e-01
26 2 5.23598776e-01 3.79177133e-01
27 2 5.23598776e-01 3.78464530e-01
28 2 5.23598776e-01 3.80209614e-01
29 2 5.23598776e-01 3.76282787e-01
30 2 5.23598776e-01 3.77570980e-01
31 2 5.23598776e-01 3.78989795e-01
32 2 5.23598776e-01 3.79665547e-01
33 2 5.23598776e-01 3.78113043e-01
34 2 5.23598776e-01 3.77715908e-01
35 2 5.23598776e-01 3.79628483e-01
36 2 5.23598776e-01 3.79842325e-01
37 2 5.23598776e-01 3.79487177e-01
38 2 5.23598776e-01 3.80524026e-01
39 2 5.23598776e-01 3.79238852e-01
40 2 5.23598776e-01 3.80033517e-01
41 2 5.23598776e-01 3.79048283e-01
42 2 5.23598776e-01 3.78541359e-01
43 2 5.23598776e-01 3.79090898e-01
44 2 5.23598776e-01 3.80534744e-01
45 2 5.23598776e-01 3.79512872e-01
46 2 5.23598776e-01 3.79780635e-01
47 2 5.23598776e-01 3.79266437e-01
48 2 5.23598776e-01 3.79459345e-01
49 2 5.23598776e-01 3.78534416e-01
50 2 5.23598776e-01 3.79860120e-01
51 2 5.23598776e-01 3.78916769e-01
52 2 5.23598776e-01 3.78873045e-01
53 2 5.23598776e-01 3.79041982e-01
54 2 5.23598776e-01 3.79529821e-01
55 2 5.23598776e-01 3.78242538e-01
56 2 5.23598776e-01 3.79825153e-01
57 2 5.23598776e-01 3.78942650e-01
58 2 5.23598776e-01 3.78811424e-01
59 2 5.23598776e-01 3.79515714e-01
60 2 5.23598776e-01 3.80184000e-01
61 2 5.23598776e-01 3.78342453e-01
62 2 5.23598776e-01 3.79171966e-01
63 2 5.23598776e-01 3.77364755e-01
64 2 5.23598776e-01 3.79959542e-01
65 2 5.23598776e-01 3.80704473e-01
66 2 5.23598776e-01 3.78929294e-01
67 2 5.23598776e-01 3.80209542e-01
68 2 5.23598776e-01 3.79131345e-01
69 2 5.23598776e-01 3.77700860e-01
70 2 5.23598776e-01 3.79619643e-01
71 2 5.23598776e-01 3.77683552e-01
72 2 5.23598776e-01 3.79187578e-01
73 2 5.23598776e-01 3.79750029e-01
74 2 5.23598776e-01 3.76954172e-01
75 2 5.23598776e-01 3.77165335e-01
76 2 5.23598776e-01 3.78371228e-01
77 2 5.23598776e-01 3.81007394e-01
78 2 5.23598776e-01 3.78760121e-01
79 2 5.23598776e-01 3.79898980e-01
80 2 5.23598776e-01 3.78882601e-01
81 2 5.23598776e-01 3.79387338e-01
82 2 5.23598776e-01 3.80590932e-01
83 2 5.23598776e-01 3.78495639e-01
84 2 5.23598776e-01 3.79765958e-01
85 2 5.23598776e-01 3.80707081e-01
86 2 5.23598776e-01 3.77658482e-01
87 2 5.23598776e-01 3.79061535e-01
88 2 5.23598776e-01 3.77822976e-01
89 2 5.23598776e-01 3.78913515e-01
90 2 5.23598776e-01 3.79014988e-01
91 2 5.23598776e-01 3.80469273e-01
92 2 5.23598776e-01 3.78865143e-01
93 2 5.23598776e-01 3.79803633e-01
94 2 5.23598776e-01 3.78396470e-01
95 2 5.23598776e-01 3.78691944e-01
96 2 5.23598776e-01 3.79993651e-01
97 2 5.23598776e-01 3.79755692e-01
98 2 5.23598776e-01 3.78482494e-01
99 2 5.23598776e-01 3.79872199e-01
100 2 5.23598776e-01 3.77959612e-01
101 2 5.23598776e-01 3.78574065e-01
102 2 5.23598776e-01 3.80282409e-01
103 2 5.23598776e-01 3.78788666e-01
104 2 5.23598776e-01 3.79423236e-01
105 2 5.23598776e-01 3.78510440e-01
106 2 5.23598776e-01 3.80570854e-01
107 2 5.23598776e-01 3.80803956e-01
108 2 5.23598776e-01 3.77692317e-01
109 2 5.23598776e-01 3.78546395e-01
110 2 5.23598776e-01 3.77082494e-01
111 2 5.23598776e-01 3.79213099e-01
112 2 5.23598776e-01 3.78930068e-01
113 2 5.23598776e-01 3.78425734e-01
114 2 5.23598776e-01 3.80380005e-01
115 2 5.23598776e-01 3.80290110e-01
116 2 5.23598776e-01 3.79966357e-01
117 2 5.23598776e-01 3.79869434e-01
118 2 5.23598776e-01 3.79301965e-01
119 2 5.23598776e-01 3.78646824e-01
120 2 5.23598776e-01 3.79771378e-01
121 2 5.23598776e-01 3.78569538e-01
122 2 5.23598776e-01 3.78642301e-01
123 2 5.23598776e-01 3.77909219e-01
124 2 5.23598776e-01 3.79974835e-01
125 2 5.23598776e-01 3.78429070e-01
126 2 5.23598776e-01 3.80648538e-01
127 2 5.23598776e-01 3.80498352e-01
128 2 5.23598776e-01 3.78762116e-01
129 2 5.23598776e-01 3.80136110e-01
130 2 5.23598776e-01 3.79394104e-01
131 2 5.23598776e-01 3.78110080e-01
132 2 5.23598776e-01 3.79192636e-01
133 2 5.23598776e-01 3.79143507e-01
134 2 5.23598776e-01 3.80533649e-01
135 2 5.23598776e-01 3.80063637e-01
136 2 5.23598776e-01 3.78808356e-01
137 2 5.23598776e-01 3.78553886e-01
138 2 5.23598776e-01 3.78239784e-01
139 2 5.23598776e-01 3.78361879e-01
140 2 5.23598776e-01 3.78132810e-01
141 2 5.23598776e-01 3.80473183e-01
142 2 5.23598776e-01 3.78668591e-01
143 2 5.23598776e-01 3.80983864e-01
144 2 5.23598776e-01 3.77938152e-01
145 2 5.23598776e-01 3.78007389e-01
146 2 5.23598776e-01 3.79011060e-01
147 2 5.23598776e-01 3.78308013e-01
148 2 5.23598776e-01 3.79570012e-01
149 2 5.23598776e-01 3.79376519e-01
150 2 5.23598776e-01 3.79196380e-01
151 2 5.23598776e-01 3.78533663e-01
152 2 5.23598776e-01 3.77997425e-01
153 2 5.23598776e-01 3.79674981e-01
154 2 5.23598776e-01 3.78866464e-01
155 2 5.23598776e-01 3.79128698e-01
156 2 5.23598776e-01 3.79540366e-01
157 2 5.23598776e-01 3.79926582e-01
158 2 5.23598776e-01 3.79268906e-01
159 2 5.23598776e-01 3.79339365e-01
160 2 5.23598776e-01 3.78328461e-01
161 2 5.23598776e-01 3.79862135e-01
162 2 5.23598776e-01 3.79711207e-01
163 2 5.23598776e-01 3.80730616e-01
164 2 5.23598776e-01 3.79475204e-01
165 2 5.23598776e-01 3.78601811e-01
166 2 5.23598776e-01 3.79319560e-01
167 2 5.23598776e-01 3.79036740e-01
168 2 5.23598776e-01 3.79949282e-01
169 2 5.23598776e-01 3.79705288e-01
170 2 5.23598776e-01 3.79561113e-01
171 2 5.23598776e-01 3.80505719e-01
172 2 5.23598776e-01 3.80460785e-01
173 2 5.23598776e-01 3.79258829e-01
174 2 5.23598776e-01 3.79858198e-01
175 2 5.23598776e-01 3.79196274e-01
176 2 5.23598776e-01 3.79717570e-01
177 2 5.23598776e-01 3.79747282e-01
178 2 5.23598776e-01 3.78316601e-01
179 2 5.23598776e-01 3.78802668e-01
180 2 5.23598776e-01 3.78959346e-01
181 2 5.23598776e-01 3.79107886e-01
182 2 5.23598776e-01 3.77002426e-01
183 2 5.23598776e-01 3.80315253e-01
184 2 5.23598776e-01 3.78809273e-01
185 2 5.23598776e-01 3.78882224e-01
186 2 5.23598776e-01 3.77715427e-01
187 2 5.23598776e-01 3.80121147e-01
188 2 5.23598776e-01 3.78684579e-01
189 2 5.23598776e-01 3.78576230e-01
190 2 5.23598776e-01 3.80966967e-01
191 2 5.23598776e-01 3.79484498e-01
192 2 5.23598776e-01 3.80978756e-01
193 2 5.23598776e-01 3.79011333e-01
194 2 5.23598776e-01 3.78544553e-01
195 2 5.23598776e-01 3.78692028e-01
196 2 5.23598776e-01 3.78570240e-01
197 2 5.23598776e-01 3.78739929e-01
198 2 5.23598776e-01 3.78311164e-01
199 2 5.23598776e-01 3.80132933e-01
200 2 5.23598776e-01 3.79456951e-01
201 2 5.23598776e-01 3.80967096e-01
202 2 5.23598776e-01 3.78773406e-01
203 2 5.23598776e-01 3.78894300e-01
204 2 5.23598776e-01 3.78893834e-01
205 2 5.23598776e-01 3.80018156e-01
206 2 5.23598776e-01 3.79359809e-01
207 2 5.23598776e-01 3.77112779e-01
208 2 5.23598776e-01 3.78848155e-01
209 2 5.23598776e-01 3.77038853e-01
210 2 5.23598776e-01 3.77649882e-01
211 2 5.23598776e-01 3.79556163e-01
212 2 5.23598776e-01 3.79999396e-01
213 2 5.23598776e-01 3.79333756e-01
214 2 5.23598776e-01 3.80873246e-01
215 2 5.23598776e-01 3.80495389e-01
216 2 5.23598776e-01 3.78568727e-01
217 2 5.23598776e-01 3.80541026e-01
218 2 5.23598776e-01 3.79528649e-01
219 2 5.23598776e-01 3.79642541e-01
220 2 5.23598776e-01 3.79844342e-01
221 2 5.23598776e-01 3.78805793e-01
222 2 5.23598776e-01 3.80896369e-01
223 2 5.23598776e-01 3.79138154e-01
224 2 5.23598776e-01 3.79060398e-01
225 2 5.23598776e-01 3.79471759e-01
226 2 5.23598776e-01 3.78465071e-01
227 2 5.23598776e-01 3.78677196e-01
228 2 5.23598776e-01 3.79383297e-01
229 2 5.23598776e-01 3.78077187e-01
230 2 5.23598776e-01 3.78391875e-01
231 2 5.23598776e-01 3.79090712e-01
232 2 5.23598776e-01 3.78974086e-01
233 2 5.23598776e-01 3.79129863e-01
234 2 5.23598776e-01 3.78964300e-01
235 2 5.23598776e-01 3.78340788e-01
236 2 5.23598776e-01 3.80573807e-01
237 2 5.23598776e-01 3.78204610e-01
238 2 5.23598776e-01 3.79219136e-01
239 2 5.23598776e-01 3.80784607e-01
240 2 5.23598776e-01 3.79108245e-01
241 2 5.23598776e-01 3.79338690e-01
242 2 5.23598776e-01 3.79387424e-01
243 2 5.23598776e-01 3.80204941e-01
244 2 5.23598776e-01 3.77864566e-01
245 2 5.23598776e-01 3.80821652e-01
246 2 5.23598776e-01 3.80035367e-01
247 2 5.23598776e-01 3.76257257e-01
248 2 5.23598776e-01 3.79759848e-01
249 2 5.23598776e-01 3.79871987e-01
250 2 5.23598776e-01 3.79146799e-01
251 2 5.23598776e-01 3.76558175e-01
252 2 5.23598776e-01 3.80608386e-01
253 2 5.23598776e-01 3.79612543e-01
254 2 5.23598776e-01 3.79076551e-01
255 2 5.23598776e-01 3.79973140e-01
256 2 5.23598776e-01 3.78027781e-01
257 2 5.23598776e-01 3.78383965e-01
258 2 5.23598776e-01 3.76802366e-01
259 2 5.23598776e-01 3.79040180e-01
260 2 5.23598776e-01 3.79679423e-01
261 2 5.23598776e-01 3.80079193e-01
262 2 5.23598776e-01 3.79367425e-01
263 2 5.23598776e-01 3.79144645e-01
264 2 5.23598776e-01 3.78718224e-01
265 2 5.23598776e-01 3.78893913e-01
266 2 5.23598776e-01 3.80531979e-01
267 2 5.23598776e-01 3.78688770e-01
268 2 5.23598776e-01 3.79361034e-01
269 2 5.23598776e-01 3.78425394e-01
270 2 5.23598776e-01 3.78752750e-01
271 2 5.23598776e-01 3.80142730e-01
272 2 5.23598776e-01 3.76580702e-01
273 2 5.23598776e-01 3.78489151e-01
274 2 5.23598776e-01 3.79464332e-01
275 2 5.23598776e-01 3.77726703e-01
276 2 5.23598776e-01 3.78609834e-01
277 2 5.23598776e-01 3.78274535e-01
278 2 5.23598776e-01 3.79582730e-01
279 2 5.23598776e-01 3.78875498e-01
280 2 5.23598776e-01 3.80157504e-01
281 2 5.23598776e-01 3.78131453e-01
282 2 5.23598776e-01 3.79038794e-01
283 2 5.23598776e-01 3.80557866e-01
284 2 5.23598776e-01 3.82602443e-01
285 2 5.23598776e-01 3.79864423e-01
286 2 5.23598776e-01 3.79265305e-01
287 2 5.23598776e-01 3.79837505e-01
288 2 5.23598776e-01 3.78770382e-01
289 2 5.23598776e-01 3.78269633e-01
290 2 5.23598776e-01 3.77849066e-01
291 2 5.23598776e-01 3.79213666e-01
292 2 5.23598776e-01 3.79696564e-01
293 2 5.23598776e-01 3.78547614e-01
294 2 5.23598776e-01 3.80390852e-01
295 2 5.23598776e-01 3.80556377e-01
296 2 5.23598776e-01 3.78785021e-01
297 2 5.23598776e-01 3.80104463e-01
298 2 5.23598776e-01 3.79316641e-01
299 2 5.23598776e-01 3.78994361e-01
300 2 5.23598776e-01 3.80661706e-01
301 2 5.23598776e-01 3.78724305e-01
302 2 5.23598776e-01 3.79656079e-01
303 2 5.23598776e-01 3.80107019e-01
304 2 5.23598776e-01 3.80171779e-01
305 2 5.23598776e-01 3.79299180e-01
306 2 5.23598776e-01 3.78444152e-01
307 2 5.23598776e-01 3.78582879e-01
308 2 5.23598776e-01 3.77480899e-01
309 2 5.23598776e-01 3.77706094e-01
310 2 5.23598776e-01 3.80604460e-01
311 2 5.23598776e-01 3.80140478e-01
312 2 5.23598776e-01 3.79971717e-01
313 2 5.23598776e-01 3.78115697e-01
314 2 5.23598776e-01 3.77872355e-01
315 2 5.23598776e-01 3.78037771e-01
316 2 5.23598776e-01 3.79022733e-01
317 2 5.23598776e-01 3.79146738e-01
318 2 5.23598776e-01 3.79309433e-01
319 2 5.23598776e-01 3.78980892e-01
320 2 5.23598776e-01 3.79002558e-01
321 2 5.23598776e-01 3.78896806e-01
322 2 5.23598776e-01 3.78945341e-01
323 2 5.23598776e-01 3.77479553e-01
324 2 5.23598776e-01 3.78497309e-01
325 2 5.23598776e-01 3.79757107e-01
326 2 5.23598776e-01 3.79064384e-01
327 2 5.23598776e-01 3.77172513e-01
328 2 5.23598776e-01 3.78434022e-01
329 2 5.23598776e-01 3.79313147e-01
330 2 5.23598776e-01 3.80239650e-01
331 2 5.23598776e-01 3.77247550e-01
332 2 5.23598776e-01 3.78712738e-01
333 2 5.23598776e-01 3.79152439e-01
334 2 5.23598776e-01 3.78631672e-01
335 2 5.23598776e-01 3.79038800e-01
336 2 5.23598776e-01 3.79362118e-01
337 2 5.23598776e-01 3.78871655e-01
338 2 5.23598776e-01 3.80772072e-01
339 2 5.23598776e-01 3.79661191e-01
340 2 5.23598776e-01 3.80309593e-01
341 2 5.23598776e-01 3.79076943e-01
342 2 5.23598776e-01 3.80854951e-01
343 2 5.23598776e-01 3.80459987e-01
344 2 5.23598776e-01 3.80029599e-01
345 2 5.23598776e-01 3.79527965e-01
346 2 5.23598776e-01 3.78688000e-01
347 2 5.23598776e-01 3.78091097e-01
348 2 5.23598776e-01 3.79649876e-01
349 2 5.23598776e-01 3.78385899e-01
350 2 5.23598776e-01 3.79450064e-01
351 2 5.23598776e-01 3.79355576e-01
352 2 5.23598776e-01 3.77914835e-01
353 2 5.23598776e-01 3.78866238e-01
354 2 5.23598776e-01 3.78414598e-01
355 2 5.23598776e-01 3.81517957e-01
356 2 5.23598776e-01 3.79133432e-01
357 2 5.23598776e-01 3.78539020e-01
358 2 5.23598776e-01 3.79860854e-01
359 2 5.23598776e-01 3.77985508e-01
360 2 5.23598776e-01 3.81357152e-01
361 2 5.23598776e-01 3.80359316e-01
362 2 5.23598776e-01 3.79467633e-01
363 2 5.23598776e-01 3.78154823e-01
364 2 5.23598776e-01 3.79657278e-01
365 2 5.23598776e-01 3.79441512e-01
366 2 5.23598776e-01 3.80617317e-01
367 2 5.23598776e-01 3.79983210e-01
368 2 5.23598776e-01 3.79443437e-01
369 2 5.23598776e-01 3.77280458e-01
370 2 5.23598776e-01 3.78352812e-01
371 2 5.23598776e-01 3.78775767e-01
372 2 5.23598776e-01 3.80049562e-01
373 2 5.23598776e-01 3.78810460e-01
374 2 5.23598776e-01 3.78750850e-01
375 2 5.23598776e-01 3.78998663e-01
376 2 5.23598776e-01 3.78426981e-01
377 2 5.23598776e-01 3.79840865e-01
378 2 5.23598776e-01 3.80143762e-01
379 2 5.23598776e-01 3.78929537e-01
380 2 5.23598776e-01 3.77449812e-01
381 2 5.23598776e-01 3.79254301e-01
382 2 5.23598776e-01 3.78668872e-01
383 2 5.23598776e-01 3.79300468e-01
384 2 5.23598776e-01 3.78627326e-01
385 2 5.23598776e-01 3.78962113e-01
386 2 5.23598776e-01 3.78959128e-01
387 2 5.23598776e-01 3.78552555e-01
388 2 5.23598776e-01 3.79183405e-01
389 2 5.23598776e-01 3.80256851e-01
390 2 5.23598776e-01 3.77851170e-01
391 2 5.23598776e-01 3.77263976e-01
392 2 5.23598776e-01 3.80376174e-01
393 2 5.23598776e-01 3.80117992e-01
394 2 5.23598776e-01 3.80408355e-01
395 2 5.23598776e-01 3.79633253e-01
396 2 5.23598776e-01 3.81069766e-01
397 2 5.23598776e-01 3.80161718e-01
398 2 5.23598776e-01 3.81683592e-01
399 2 5.23598776e-01 3.77697819e-01
400 2 5.23598776e-01 3.78223127e-01
401 2 5.23598776e-01 3.80864619e-01
402 2 5.23598776e-01 3.78683322e-01
403 2 5.23598776e-01 3.81150491e-01
404 2 5.23598776e-01 3.79473725e-01
405 2 5.23598776e-01 3.78842019e-01
406 2 5.23598776e-01 3.77413126e-01
407 2 5.23598776e-01 3.79878971e-01
408 2 5.23598776e-01 3.77020151e-01
409 2 5.23598776e-01 3.80135717e-01
410 2 5.23598776e-01 3.80051915e-01
411 2 5.23598776e-01 3.80303260e-01
412 2 5.23598776e-01 3.80311958e-01
413 2 5.23598776e-01 3.79980728e-01
414 2 5.23598776e-01 3.78857765e-01
415 2 5.23598776e-01 3.78833593e-01
416 2 5.23598776e-01 3.77962103e-01
417 2 5.23598776e-01 3.79598437e-01
418 2 5.23598776e-01 3.78901370e-01
419 2 5.23598776e-01 3.80607286e-01
420 2 5.23598776e-01 3.79766340e-01
421 2 5.23598776e-01 3.78697743e-01
422 2 5.23598776e-01 3.77795832e-01
423 2 5.23598776e-01 3.79163951e-01
424 2 5.23598776e-01 3.77466875e-01
425 2 5.23598776e-01 3.80461993e-01
426 2 5.23598776e-01 3.78587135e-01
427 2 5.23598776e-01 3.79321621e-01
428 2 5.23598776e-01 3.80331686e-01
429 2 5.23598776e-01 3.79996781e-01
430 2 5.23598776e-01 3.80068130e-01
431 2 5.23598776e-01 3.78763348e-01
432 2 5.23598776e-01 3.78917674e-01
433 2 5.23598776e-01 3.79931133e-01
434 2 5.23598776e-01 3.80263484e-01
435 2 5.23598776e-01 3.78746988e-01
436 2 5.23598776e-01 3.78847008e-01
437 2 5.23598776e-01 3.78612292e-01
438 2 5.23598776e-01 3.80465879e-01
439 2 5.23598776e-01 3.78801403e-01
440 2 5.23598776e-01 3.78592472e-01
441 2 5.23598776e-01 3.75802513e-01
442 2 5.23598776e-01 3.79530149e-01
443 2 5.23598776e-01 3.78875282e-01
444 2 5.23598776e-01 3.79624672e-01
445 2 5.23598776e-01 3.79830069e-01
446 2 5.23598776e-01 3.79654621e-01
447 2 5.23598776e-01 3.78758094e-01
448 2 5.23598776e-01 3.80254150e-01
449 2 5.23598776e-01 3.80735212e-01
450 2 5.23598776e-01 3.78815739e-01
451 2 5.23598776e-01 3.80675116e-01
452 2 5.23598776e-01 3.81757749e-01
453 2 5.23598776e-01 3.78991957e-01
454 2 5.23598776e-01 3.79696897e-01
455 2 5.23598776e-01 3.78445180e-01
456 2 5.23598776e-01 3.77572854e-01
457 2 5.23598776e-01 3.79269767e-01
458 2 5.23598776e-01 3.78671069e-01
459 2 5.23598776e-01 3.79137810e-01
460 2 5.23598776e-01 3.79232864e-01
461 2 5.23598776e-01 3.79961366e-01
462 2 5.23598776e-01 3.79110101e-01
463 2 5.23598776e-01 3.79878272e-01
464 2 5.23598776e-01 3.80758734e-01
465 2 5.23598776e-01 3.80338775e-01
466 2 5.23598776e-01 3.79233872e-01
467 2 5.23598776e-01 3.79357683e-01
468 2 5.23598776e-01 3.79694296e-01
469 2 5.23598776e-01 3.78990417e-01
470 2 5.23598776e-01 3.80178139e-01
471 2 5.23598776e-01 3.77853307e-01
472 2 5.23598776e-01 3.78140858e-01
473 2 5.23598776e-01 3.79618143e-01
474 2 5.23598776e-01 3.79130189e-01
475 2 5.23598776e-01 3.79057938e-01
476 2 5.23598776e-01 3.79001005e-01
477 2 5.23598776e-01 3.75844635e-01
478 2 5.23598776e-01 3.80342878e-01
479 2 5.23598776e-01 3.79002193e-01
480 2 5.23598776e-01 3.79484665e-01
481 2 5.23598776e-01 3.79327275e-01
482 2 5.23598776e-01 3.78676385e-01
483 2 5.23598776e-01 3.80386321e-01
484 2 5.23598776e-01 3.79325331e-01
485 2 5.23598776e-01 3.79672554e-01
486 2 5.23598776e-01 3.79643179e-01
487 2 5.23598776e-01 3.79845168e-01
488 2 5.23598776e-01 3.78349314e-01
489 2 5.23598776e-01 3.78639979e-01
490 2 5.23598776e-01 3.78420945e-01
491 2 5.23598776e-01 3.78202487e-01
492 2 5.23598776e-01 3.79612222e-01
493 2 5.23598776e-01 3.79483910e-01
494 2 5.23598776e-01 3.80266194e-01
495 2 5.23598776e-01 3.80967136e-01
496 2 5.23598776e-01 3.79871942e-01
497 2 5.23598776e-01 3.78934221e-01
498 2 5.23598776e-01 3.79607413e-01
499 2 5.23598776e-01 3.76680495e-01
500 2 5.23598776e-01 3.77914802e-01
501 2 5.23598776e-01 3.79391089e-01
502 2 5.23598776e-01 3.79856787e-01
503 2 5.23598776e-01 3.79317802e-01
504 2 5.23598776e-01 3.77231700e-01
505 2 5.23598776e-01 3.79512357e-01
506 2 5.23598776e-01 3.79941212e-01
507 2 5.23598776e-01 3.78032103e-01
508 2 5.23598776e-01 3.79588190e-01
509 2 5.23598776e-01 3.79522167e-01
510 2 5.23598776e-01 3.80553042e-01
511 2 5.23598776e-01 3.79528707e-01
512 2 5.23598776e-01 3.78489349e-01
513 2 5.23598776e-01 3.80557323e-01
514 2 5.23598776e-01 3.78429775e-01
515 2 5.23598776e-01 3.79100288e-01
516 2 5.23598776e-01 3.78395656e-01
517 2 5.23598776e-01 3.80255389e-01
518 2 5.23598776e-01 3.78052940e-01
519 2 5.23598776e-01 3.78586779e-01
520 2 5.23598776e-01 3.76998026e-01
521 2 5.23598776e-01 3.76414938e-01
522 2 5.23598776e-01 3.79511655e-01
523 2 5.23598776e-01 3.78784974e-01
524 2 5.23598776e-01 3.78259397e-01
525 2 5.23598776e-01 3.79726547e-01
526 2 5.23598776e-01 3.79329573e-01
527 2 5.23598776e-01 3.78697687e-01
528 2 5.23598776e-01 3.80144478e-01
529 2 5.23598776e-01 3.80019332e-01
530 2 5.23598776e-01 3.79610242e-01
531 2 5.23598776e-01 3.79332120e-01
532 2 5.23598776e-01 3.80478545e-01
533 2 5.23598776e-01 3.80208144e-01
534 2 5.23598776e-01 3.81143484e-01
535 2 5.23598776e-01 3.78605181e-01
536 2 5.23598776e-01 3.81614767e-01
537 2 5.23598776e-01 3.80583208e-01
538 2 5.23598776e-01 3.79504752e-01
539 2 5.23598776e-01 3.80402263e-01
540 2 5.23598776e-01 3.79244820e-01
541 2 5.23598776e-01 3.79415068e-01
542 2 5.23598776e-01 3.80004261e-01
543 2 5.23598776e-01 3.79189958e-01
544 2 5.23598776e-01 3.78802271e-01
545 2 5.23598776e-01 3.78720092e-01
546 2 5.23598776e-01 3.80139815e-01
547 2 5.23598776e-01 3.80309821e-01
548 2 5.23598776e-01 3.79603112e-01
549 2 5.23598776e-01 3.79273608e-01
550 2 5.23598776e-01 3.78588149e-01
551 2 5.23598776e-01 3.78600155e-01
552 2 5.23598776e-01 3.79233277e-01
553 2 5.23598776e-01 3.77711420e-01
554 2 5.23598776e-01 3.79445507e-01
555 2 5.23598776e-01 3.78770442e-01
556 2 5.23598776e-01 3.77732062e-01
557 2 5.23598776e-01 3.78981059e-01
558 2 5.23598776e-01 3.78090865e-01
559 2 5.23598776e-01 3.77809547e-01
560 2 5.23598776e-01 3.81631059e-01
561 2 5.23598776e-01 3.79098772e-01
562 2 5.23598776e-01 3.80218302e-01
563 2 5.23598776e-01 3.79191768e-01
564 2 5.23598776e-01 3.80261143e-01
565 2 5.23598776e-01 3.80202128e-01
566 2 5.23598776e-01 3.79262971e-01
567 2 5.23598776e-01 3.79855349e-01
568 2 5.23598776e-01 3.79367466e-01
569 2 5.23598776e-01 3.79647359e-01
570 2 5.23598776e-01 3.80892996e-01
571 2 5.23598776e-01 3.78893338e-01
572 2 5.23598776e-01 3.77978738e-01
573 2 5.23598776e-01 3.76827342e-01
574 2 5.23598776e-01 3.77004347e-01
575 2 5.23598776e-01 3.80425569e-01
576 2 5.23598776e-01 3.79205722e-01
577 2 5.23598776e-01 3.79026310e-01
578 2 5.23598776e-01 3.78777864e-01
579 2 5.23598776e-01 3.79365657e-01
580 2 5.23598776e-01 3.77401006e-01
581 2 5.23598776e-01 3.79728431e-01
582 2 5.23598776e-01 3.78737935e-01
583 2 5.23598776e-01 3.79503170e-01
584 2 5.23598776e-01 3.78359743e-01
585 2 5.23598776e-01 3.79670757e-01
586 2 5.23598776e-01 3.78692839e-01
587 2 5.23598776e-01 3.78582769e-01
588 2 5.23598776e-01 3.77342889e-01
589 2 5.23598776e-01 3.79423648e-01
590 2 5.23598776e-01 3.77975023e-01
591 2 5.23598776e-01 3.79940867e-01
592 2 5.23598776e-01 3.79708582e-01
593 2 5.23598776e-01 3.79843843e-01
594 2 5.23598776e-01 3.80100204e-01
595 2 5.23598776e-01 3.80561048e-01
596 2 5.23598776e-01 3.80662776e-01
597 2 5.23598776e-01 3.80442668e-01
598 2 5.23598776e-01 3.79547974e-01
599 2 5.23598776e-01 3.79491064e-01
600 2 5.23598776e-01 3.80208947e-01
601 2 5.23598776e-01 3.81072170e-01
602 2 5.23598776e-01 3.77159145e-01
603 2 5.23598776e-01 3.78206903e-01
604 2 5.23598776e-01 3.79631314e-01
605 2 5.23598776e-01 3.78864906e-01
606 2 5.23598776e-01 3.79238811e-01
607 2 5.23598776e-01 3.78872604e-01
608 2 5.23598776e-01 3.79674828e-01
609 2 5.23598776e-01 3.77057891e-01
610 2 5.23598776e-01 3.79283628e-01
611 2 5.23598776e-01 3.79603092e-01
612 2 5.23598776e-01 3.80143132e-01
613 2 5.23598776e-01 3.79367816e-01
614 2 5.23598776e-01 3.79922430e-01
615 2 5.23598776e-01 3.78478883e-01
616 2 5.23598776e-01 3.79668700e-01
617 2 5.23598776e-01 3.79978580e-01
618 2 5.23598776e-01 3.78544900e-01
619 2 5.23598776e-01 3.79825208e-01
620 2 5.23598776e-01 3.79646458e-01
621 2 5.23598776e-01 3.79617529e-01
622 2 5.23598776e-01 3.78994343e-01
623 2 5.23598776e-01 3.79407165e-01
624 2 5.23598776e-01 3.79514078e-01
625 2 5.23598776e-01 3.79271389e-01
626 2 5.23598776e-01 3.78779030e-01
627 2 5.23598776e-01 3.81014112e-01
628 2 5.23598776e-01 3.78238036e-01
629 2 5.23598776e-01 3.77458491e-01
630 2 5.23598776e-01 3.76776196e-01
631 2 5.23598776e-01 3.79561074e-01
632 2 5.23598776e-01 3.80022079e-01
633 2 5.23598776e-01 3.76998427e-01
634 2 5.23598776e-01 3.80517248e-01
635 2 5.23598776e-01 3.78477335e-01
636 2 5.23598776e-01 3.79100292e-01
637 2 5.23598776e-01 3.76283356e-01
638 2 5.23598776e-01 3.80093940e-01
639 2 5.23598776e-01 3.77627476e-01
640 2 5.23598776e-01 3.79130548e-01
641 2 5.23598776e-01 3.79842586e-01
642 2 5.23598776e-01 3.78912676e-01
643 2 5.23598776e-01 3.80426357e-01
644 2 5.23598776e-01 3.81061563e-01
645 2 5.23598776e-01 3.79921366e-01
646 2 5.23598776e-01 3.77942875e-01
647 2 5.23598776e-01 3.78956760e-01
648 2 5.23598776e-01 3.79204909e-01
649 2 5.23598776e-01 3.78713031e-01
650 2 5.23598776e-01 3.78472263e-01
651 2 5.23598776e-01 3.78631982e-01
652 2 5.23598776e-01 3.79476496e-01
653 2 5.23598776e-01 3.80277650e-01
654 2 5.23598776e-01 3.77482205e-01
655 2 5.23598776e-01 3.79815845e-01
656 2 5.23598776e-01 3.78130301e-01
657 2 5.23598776e-01 3.80072149e-01
658 2 5.23598776e-01 3.80645193e-01
659 2 5.23598776e-01 3.79136565e-01
660 2 5.23598776e-01 3.78269970e-01
661 2 5.23598776e-01 3.79384071e-01
662 2 5.23598776e-01 3.79139903e-01
663 2 5.23598776e-01 3.79330232e-01
664 2 5.23598776e-01 3.80294317e-01
665 2 5.23598776e-01 3.78734539e-01
666 2 5.23598776e-01 3.79265790e-01
667 2 5.23598776e-01 3.78804949e-01
668 2 5.23598776e-01 3.79919720e-01
669 2 5.23598776e-01 3.78407174e-01
670 2 5.23598776e-01 3.79445554e-01
671 2 5.23598776e-01 3.79536344e-01
672 2 5.23598776e-01 3.79258986e-01
673 2 5.23598776e-01 3.81025263e-01
674 2 5.23598776e-01 3.78538200e-01
675 2 5.23598776e-01 3.77879765e-01
676 2 5.23598776e-01 3.78080673e-01
677 2 5.23598776e-01 3.80671491e-01
678 2 5.23598776e-01 3.79550339e-01
679 2 5.23598776e-01 3.77947330e-01
680 2 5.23598776e-01 3.80079254e-01
681 2 5.23598776e-01 3.78261699e-01
682 2 5.23598776e-01 3.78635302e-01
683 2 5.23598776e-01 3.77914942e-01
684 2 5.23598776e-01 3.79109475e-01
685 2 5.23598776e-01 3.78101363e-01
686 2 5.23598776e-01 3.79171082e-01
687 2 5.23598776e-01 3.79685838e-01
688 2 5.23598776e-01 3.77361436e-01
689 2 5.23598776e-01 3.79377363e-01
690 2 5.23598776e-01 3.78629647e-01
691 2 5.23598776e-01 3.79348187e-01
692 2 5.23598776e-01 3.80720345e-01
693 2 5.23598776e-01 3.78903335e-01
694 2 5.23598776e-01 3.78876252e-01
695 2 5.23598776e-01 3.78538885e-01
696 2 5.23598776e-01 3.79177690e-01
697 2 5.23598776e-01 3.79243888e-01
698 2 5.23598776e-01 3.79811934e-01
699 2 5.23598776e-01 3.80112923e-01
700 2 5.23598776e-01 3.81105081e-01
701 2 5.23598776e-01 3.81302082e-01
702 2 5.23598776e-01 3.77987296e-01
703 2 5.23598776e-01 3.80070850e-01
704 2 5.23598776e-01 3.77961789e-01
705 2 5.23598776e-01 3.79615340e-01
706 2 5.23598776e-01 3.80302665e-01
707 2 5.23598776e-01 3.78052263e-01
708 2 5.23598776e-01 3.79499943e-01
709 2 5.23598776e-01 3.78708760e-01
710 2 5.23598776e-01 3.78724933e-01
711 2 5.23598776e-01 3.79811100e-01
712 2 5.23598776e-01 3.80833479e-01
713 2 5.23598776e-01 3.79880658e-01
714 2 5.23598776e-01 3.78603883e-01
715 2 5.23598776e-01 3.79651853e-01
716 2 5.23598776e-01 3.79083253e-01
717 2 5.23598776e-01 3.77953247e-01
718 2 5.23598776e-01 3.78103157e-01
719 2 5.23598776e-01 3.77295620e-01
720 2 5.23598776e-01 3.78818453e-01
721 2 5.23598776e-01 3.80847750e-01
722 2 5.23598776e-01 3.79411896e-01
723 2 5.23598776e-01 3.78253316e-01
724 2 5.23598776e-01 3.79344861e-01
725 2 5.23598776e-01 3.77682323e-01
726 2 5.23598776e-01 3.79850015e-01
727 2 5.23598776e-01 3.79037185e-01
728 2 5.23598776e-01 3.79164204e-01
729 2 5.23598776e-01 3.79101610e-01
730 2 5.23598776e-01 3.77980338e-01
731 2 5.23598776e-01 3.79706644e-01
732 2 5.23598776e-01 3.78473714e-01
733 2 5.23598776e-01 3.80987743e-01
734 2 5.23598776e-01 3.79054643e-01
735 2 5.23598776e-01 3.79253523e-01
736 2 5.23598776e-01 3.78770620e-01
737 2 5.23598776e-01 3.79112884e-01
738 2 5.23598776e-01 3.79842529e-01
739 2 5.23598776e-01 3.78619403e-01
740 2 5.23598776e-01 3.78473912e-01
741 2 5.23598776e-01 3.79661685e-01
742 2 5.23598776e-01 3.78389797e-01
743 2 5.23598776e-01 3.79367475e-01
744 2 5.23598776e-01 3.79756852e-01
745 2 5.23598776e-01 3.79389833e-01
746 2 5.23598776e-01 3.77922482e-01
747 2 5.23598776e-01 3.79353667e-01
748 2 5.23598776e-01 3.79753319e-01
749 2 5.23598776e-01 3.80122067e-01
750 2 5.23598776e-01 3.78619196e-01
751 2 5.23598776e-01 3.79749577e-01
752 2 5.23598776e-01 3.79554540e-01
753 2 5.23598776e-01 3.80037997e-01
754 2 5.23598776e-01 3.78491747e-01
755 2 5.23598776e-01 3.77703598e-01
756 2 5.23598776e-01 3.79875260e-01
757 2 5.23598776e-01 3.78170300e-01
758 2 5.23598776e-01 3.78007955e-01
759 2 5.23598776e-01 3.79234643e-01
760 2 5.23598776e-01 3.78159439e-01
761 2 5.23598776e-01 3.78926170e-01
762 2 5.23598776e-01 3.80530458e-01
763 2 5.23598776e-01 3.80021920e-01
764 2 5.23598776e-01 3.80050228e-01
765 2 5.23598776e-01 3.79863607e-01
766 2 5.23598776e-01 3.78608264e-01
767 2 5.23598776e-01 3.79377632e-01
768 2 5.23598776e-01 3.79078361e-01
769 2 5.23598776e-01 3.79795172e-01
770 2 5.23598776e-01 3.80081077e-01
771 2 5.23598776e-01 3.81456460e-01
772 2 5.23598776e-01 3.79339102e-01
773 2 5.23598776e-01 3.79050019e-01
774 2 5.23598776e-01 3.78766636e-01
775 2 5.23598776e-01 3.78982901e-01
776 2 5.23598776e-01 3.80155608e-01
777 2 5.23598776e-01 3.79941687e-01
778 2 5.23598776e-01 3.79798877e-01
779 2 5.23598776e-01 3.80798667e-01
780 2 5.23598776e-01 3.80149318e-01
781 2 5.23598776e-01 3.80192733e-01
782 2 5.23598776e-01 3.79356656e-01
783 2 5.23598776e-01 3.77345119e-01
784 2 5.23598776e-01 3.79120507e-01
785 2 5.23598776e-01 3.78741433e-01
786 2 5.23598776e-01 3.79251929e-01
787 2 5.23598776e-01 3.77536350e-01
788 2 5.23598776e-01 3.78054798e-01
789 2 5.23598776e-01 3.77744626e-01
790 2 5.23598776e-01 3.77947036e-01
791 2 5.23598776e-01 3.79171700e-01
792 2 5.23598776e-01 3.79082815e-01
793 2 5.23598776e-01 3.77873601e-01
794 2 5.23598776e-01 3.79064875e-01
795 2 5.23598776e-01 3.80097419e-01
796 2 5.23598776e-01 3.78284256e-01
797 2 5.23598776e-01 3.77671233e-01
798 2 5.23598776e-01 3.78953418e-01
799 2 5.23598776e-01 3.80057790e-01
800 2 5.23598776e-01 3.80493125e-01
801 2 5.23598776e-01 3.78932748e-01
802 2 5.23598776e-01 3.81034693e-01
803 2 5.23598776e-01 3.80428623e-01
804 2 5.23598776e-01 3.80374232e-01
805 2 5.23598776e-01 3.79245896e-01
806 2 5.23598776e-01 3.80989339e-01
807 2 5.23598776e-01 3.79128439e-01
808 2 5.23598776e-01 3.79616095e-01
809 2 5.23598776e-01 3.79097580e-01
810 2 5.23598776e-01 3.78308920e-01
811 2 5.23598776e-01 3.78419285e-01
812 2 5.23598776e-01 3.76849635e-01
813 2 5.23598776e-01 3.81256175e-01
814 2 5.23598776e-01 3.79177516e-01
815 2 5.23598776e-01 3.79685599e-01
816 2 5.23598776e-01 3.78832951e-01
817 2 5.23598776e-01 3.80182518e-01
818 2 5.23598776e-01 3.77727298e-01
819 2 5.23598776e-01 3.79215294e-01
820 2 5.23598776e-01 3.79682338e-01
821 2 5.23598776e-01 3.78864872e-01
822 2 5.23598776e-01 3.79023951e-01
823 2 5.23598776e-01 3.79142584e-01
824 2 5.23598776e-01 3.79421976e-01
825 2 5.23598776e-01 3.78201437e-01
826 2 5.23598776e-01 3.78902884e-01
827 2 5.23598776e-01 3.79021169e-01
828 2 5.23598776e-01 3.78952357e-01
829 2 5.23598776e-01 3.78396114e-01
830 2 5.23598776e-01 3.78597117e-01
831 2 5.23598776e-01 3.79431333e-01
832 2 5.23598776e-01 3.80874096e-01
833 2 5.23598776e-01 3.79490576e-01
834 2 5.23598776e-01 3.78464249e-01
835 2 5.23598776e-01 3.80940473e-01
836 2 5.23598776e-01 3.78950136e-01
837 2 5.23598776e-01 3.81875261e-01
838 2 5.23598776e-01 3.80094680e-01
839 2 5.23598776e-01 3.79605702e-01
840 2 5.23598776e-01 3.78701769e-01
841 2 5.23598776e-01 3.78894737e-01
842 2 5.23598776e-01 3.79111657e-01
843 2 5.23598776e-01 3.80140940e-01
844 2 5.23598776e-01 3.80741560e-01
845 2 5.23598776e-01 3.78994249e-01
846 2 5.23598776e-01 3.78474760e-01
847 2 5.23598776e-01 3.80704146e-01
848 2 5.23598776e-01 3.79113876e-01
849 2 5.23598776e-01 3.79161488e-01
850 2 5.23598776e-01 3.77891801e-01
851 2 5.23598776e-01 3.78166405e-01
852 2 5.23598776e-01 3.80666721e-01
853 2 5.23598776e-01 3.79147556e-01
854 2 5.23598776e-01 3.78058824e-01
855 2 5.23598776e-01 3.79094662e-01
856 2 5.23598776e-01 3.79347547e-01
857 2 5.23598776e-01 3.80009160e-01
858 2 5.23598776e-01 3.80214310e-01
859 2 5.23598776e-01 3.80413892e-01
860 2 5.23598776e-01 3.78960327e-01
861 2 5.23598776e-01 3.77779988e-01
862 2 5.23598776e-01 3.80487770e-01
863 2 5.23598776e-01 3.79863898e-01
864 2 5.23598776e-01 3.78389276e-01
865 2 5.23598776e-01 3.78500116e-01
866 2 5.23598776e-01 3.80450798e-01
867 2 5.23598776e-01 3.78927958e-01
868 2 5.23598776e-01 3.78910619e-01
869 2 5.23598776e-01 3.80483139e-01
870 2 5.23598776e-01 3.78664616e-01
871 2 5.23598776e-01 3.77431982e-01
872 2 5.23598776e-01 3.79720140e-01
873 2 5.23598776e-01 3.79026939e-01
874 2 5.23598776e-01 3.79718406e-01
875 2 5.23598776e-01 3.79543793e-01
876 2 5.23598776e-01 3.79341117e-01
877 2 5.23598776e-01 3.80366045e-01
878 2 5.23598776e-01 3.78087096e-01
879 2 5.23598776e-01 3.79247983e-01
880 2 5.23598776e-01 3.80167316e-01
881 2 5.23598776e-01 3.79168310e-01
882 2 5.23598776e-01 3.78446733e-01
883 2 5.23598776e-01 3.78940152e-01
884 2 5.23598776e-01 3.78244744e-01
885 2 5.23598776e-01 3.78129066e-01
886 2 5.23598776e-01 3.77419762e-01
887 2 5.23598776e-01 3.80849113e-01
888 2 5.23598776e-01 3.78204659e-01
889 2 5.23598776e-01 3.80624091e-01
890 2 5.23598776e-01 3.79903470e-01
891 2 5.23598776e-01 3.80162237e-01
892 2 5.23598776e-01 3.79300514e-01
893 2 5.23598776e-01 3.78775950e-01
894 2 5.23598776e-01 3.79426064e-01
895 2 5.23598776e-01 3.80309687e-01
896 2 5.23598776e-01 3.78384174e-01
897 2 5.23598776e-01 3.79580683e-01
898 2 5.23598776e-01 3.80241690e-01
899 2 5.23598776e-01 3.79669323e-01
900 2 5.23598776e-01 3.78951591e-01
901 2 5.23598776e-01 3.78349672e-01
902 2 5.23598776e-01 3.79741008e-01
903 2 5.23598776e-01 3.80669026e-01
904 2 5.23598776e-01 3.79103529e-01
905 2 5.23598776e-01 3.79106180e-01
906 2 5.23598776e-01 3.79956154e-01
907 2 5.23598776e-01 3.80082216e-01
908 2 5.23598776e-01 3.78386124e-01
909 2 5.23598776e-01 3.79445036e-01
910 2 5.23598776e-01 3.79908376e-01
911 2 5.23598776e-01 3.81389069e-01
912 2 5.23598776e-01 3.79030927e-01
913 2 5.23598776e-01 3.79494162e-01
914 2 5.23598776e-01 3.79656263e-01
915 2 5.23598776e-01 3.80627134e-01
916 2 5.23598776e-01 3.79329082e-01
917 2 5.23598776e-01 3.79431706e-01
918 2 5.23598776e-01 3.78890825e-01
919 2 5.23598776e-01 3.78395999e-01
920 2 5.23598776e-01 3.79731674e-01
921 2 5.23598776e-01 3.78167247e-01
922 2 5.23598776e-01 3.79220821e-01
923 2 5.23598776e-01 3.78453730e-01
924 2 5.23598776e-01 3.79064162e-01
925 2 5.23598776e-01 3.77957418e-01
926 2 5.23598776e-01 3.78879487e-01
927 2 5.23598776e-01 3.78309635e-01
928 2 5.23598776e-01 3.78780561e-01
929 2 5.23598776e-01 3.80100406e-01
930 2 5.23598776e-01 3.79118365e-01
931 2 5.23598776e-01 3.77981557e-01
932 2 5.23598776e-01 3.79709349e-01
933 2 5.23598776e-01 3.78917701e-01
934 2 5.23598776e-01 3.79206581e-01
935 2 5.23598776e-01 3.80173327e-01
936 2 5.23598776e-01 3.79056623e-01
937 2 5.23598776e-01 3.80813247e-01
938 2 5.23598776e-01 3.79497356e-01
939 2 5.23598776e-01 3.78824541e-01
940 2 5.23598776e-01 3.78690916e-01
941 2 5.23598776e-01 3.80760827e-01
942 2 5.23598776e-01 3.81001984e-01
943 2 5.23598776e-01 3.79877741e-01
944 2 5.23598776e-01 3.79214539e-01
945 2 5.23598776e-01 3.77859391e-01
946 2 5.23598776e-01 3.79925833e-01
947 2 5.23598776e-01 3.79008414e-01
948 2 5.23598776e-01 3.79426099e-01
949 2 5.23598776e-01 3.78810034e-01
950 2 5.23598776e-01 3.78937613e-01
951 2 5.23598776e-01 3.80034142e-01
952 2 5.23598776e-01 3.79652525e-01
953 2 5.23598776e-01 3.80321245e-01
954 2 5.23598776e-01 3.78929011e-01
955 2 5.23598776e-01 3.80564609e-01
956 2 5.23598776e-01 3.80085439e-01
957 2 5.23598776e-01 3.79177352e-01
958 2 5.23598776e-01 3.78779352e-01
959 2 5.23598776e-01 3.78950044e-01
960 2 5.23598776e-01 3.78070288e-01
961 2 5.23598776e-01 3.79105611e-01
962 2 5.23598776e-01 3.79947741e-01
963 2 5.23598776e-01 3.79074580e-01
964 2 5.23598776e-01 3.79553550e-01
965 2 5.23598776e-01 3.80834315e-01
966 2 5.23598776e-01 3.80414407e-01
967 2 5.23598776e-01 3.79209827e-01
968 2 5.23598776e-01 3.80492623e-01
969 2 5.23598776e-01 3.79274341e-01
970 2 5.23598776e-01 3.78296305e-01
971 2 5.23598776e-01 3.78608025e-01
972 2 5.23598776e-01 3.79021133e-01
973 2 5.23598776e-01 3.78615790e-01
974 2 5.23598776e-01 3.79655018e-01
975 2 5.23598776e-01 3.79964090e-01
976 2 5.23598776e-01 3.80204530e-01
977 2 5.23598776e-01 3.80133499e-01
978 2 5.23598776e-01 3.78236980e-01
979 2 5.23598776e-01 3.78667918e-01
980 2 5.23598776e-01 3.77683681e-01
981 2 5.23598776e-01 3.78441408e-01
982 2 5.23598776e-01 3.79577276e-01
983 2 5.23598776e-01 3.78907870e-01
984 2 5.23598776e-01 3.79477875e-01
985 2 5.23598776e-01 3.79427118e-01
986 2 5.23598776e-01 3.79768537e-01
987 2 5.23598776e-01 3.80286183e-01
988 2 5.23598776e-01 3.78988776e-01
989 2 5.23598776e-01 3.80417881e-01
990 2 5.23598776e-01 3.77947482e-01
991 2 5.23598776e-01 3.79340377e-01
992 2 5.23598776e-01 3.78015616e-01
993 2 5.23598776e-01 3.80455804e-01
994 2 5.23598776e-01 3.79708999e-01
995 2 5.23598776e-01 3.78839115e-01
996 2 5.23598776e-01 3.79643370e-01
997 2 5.23598776e-01 3.79083380e-01
998 2 5.23598776e-01 3.80500992e-01
999 2 5.23598776e-01 3.80421907e-01
1000 2 5.23598776e-01 3.79637860e-01
1001 2 5.23598776e-01 3.78164478e-01
1002 2 5.23598776e-01 3.77976298e-01
1003 2 5.23598776e-01 3.80541367e-01
1004 2 5.23598776e-01 3.81906694e-01
1005 2 5.23598776e-01 3.79117046e-01
1006 2 5.23598776e-01 3.79308206e-01
1007 2 5.23598776e-01 3.79295204e-01
1008 2 5.23598776e-01 3.77037911e-01
1009 2 5.23598776e-01 3.80454500e-01
1010 2 5.23598776e-01 3.78994578e-01
1011 2 5.23598776e-01 3.81120490e-01
1012 2 5.23598776e-01 3.79865596e-01
0 3 7.85398163e-01 5.35616127e-01
1 3 7.85398163e-01 5.35290791e-01
2 3 7.85398163e-01 5.35518671e-01
3 3 7.85398163e-01 5.32636666e-01
4 3 7.85398163e-01 5.34393426e-01
5 3 7.85398163e-01 5.33929853e-01
6 3 7.85398163e-01 5.34571348e-01
7 3 7.85398163e-01 5.35275463e-01
8 3 7.85398163e-01 5.34084042e-01
9 3 7.85398163e-01 5.35515506e-01
10 3 7.85398163e-01 5.32998584e-01
11 3 7.85398163e-01 5.33951103e-01
12 3 7.85398163e-01 5.36439431e-01
13 3 7.85398163e-01 5.36686880e-01
14 3 7.85398163e-01 5.37130970e-01
15 3 7.85398163e-01 5.36339024e-01
16 3 7.85398163e-01 5.36059570e-01
17 3 7.85398163e-01 5.33022748e-01
18 3 7.85398163e-01 5.33948224e-01
19 3 7.85398163e-01 5.34810038e-01
20 3 7.85398163e-01 5.32966304e-01
21 3 7.85398163e-01 5.34651281e-01
22 3 7.85398163e-01 5.33847186e-01
23 3 7.85398163e-01 5.33644012e-01
24 3 7.85398163e-01 5.34405431e-01
25 3 7.85398163e-01 5.32702961e-01
26 3 7.85398163e-01 5.34378200e-01
27 3 7.85398163e-01 5.33175156e-01
28 3 7.85398163e-01 5.35555003e-01
29 3 7.85398163e-01 5.30394359e-01
30 3 7.85398163e-01 5.31632728e-01
31 3 7.85398163e-01 5.34269537e-01
32 3 7.85398163e-01 5.35320094e-01
33 3 7.85398163e-01 5.32739433e-01
34 3 7.85398163e-01 5.32393905e-01
35 3 7.85398163e-01 5.34967644e-01
36 3 7.85398163e-01 5.35170002e-01
37 3 7.85398163e-01 5.34691722e-01
38 3 7.85398163e-01 5.36387499e-01
39 3 7.85398163e-01 5.34523439e-01
40 3 7.85398163e-01 5.35717238e-01
41 3 7.85398163e-01 5.34065166e-01
42 3 7.85398163e-01 5.33509903e-01
43 3 7.85398163e-01 5.34234371e-01
44 3 7.85398163e-01 5.36297799e-01
45 3 7.85398163e-01 5.34967414e-01
46 3 7.85398163e-01 5.35353243e-01
47 3 7.85398163e-01 5.34354400e-01
48 3 7.85398163e-01 5.35123755e-01
49 3 7.85398163e-01 5.33430093e-01
50 3 7.85398163e-01 5.35330401e-01
51 3 7.85398163e-01 5.34151401e-01
52 3 7.85398163e-01 5.34083771e-01
53 3 7.85398163e-01 5.34016144e-01
54 3 7.85398163e-01 5.35146612e-01
55 3 7.85398163e-01 5.32713567e-01
56 3 7.85398163e-01 5.35381779e-01
57 3 7.85398163e-01 5.33795990e-01
58 3 7.85398163e-01 5.33938619e-01
59 3 7.85398163e-01 5.34939745e-01
60 3 7.85398163e-01 5.35738531e-01
61 3 7.85398163e-01 5.33036850e-01
62 3 7.85398163e-01 5.34484787e-01
63 3 7.85398163e-01 5.31767644e-01
64 3 7.85398163e-01 5.35268782e-01
65 3 7.85398163e-01 5.36381091e-01
66 3 7.85398163e-01 5.33731039e-01
67 3 7.85398163e-01 5.35901943e-01
68 3 7.85398163e-01 5.34111415e-01
69 3 7.85398163e-01 5.32287619e-01
70 3 7.85398163e-01 5.35148136e-01
71 3 7.85398163e-01 5.32100054e-01
72 3 7.85398163e-01 5.34411668e-01
73 3 7.85398163e-01 5.35545189e-01
74 3 7.85398163e-01 5.31146976e-01
75 3 7.85398163e-01 5.31622522e-01
76 3 7.85398163e-01 5.33290653e-01
77 3 7.85398163e-01 5.36897837e-01
78 3 7.85398163e-01 5.33734633e-01
79 3 7.85398163e-01 5.35305691e-01
80 3 7.85398163e-01 5.34048091e-01
81 3 7.85398163e-01 5.34860652e-01
82 3 7.85398163e-01 5.36426776e-01
83 3 7.85398163e-01 5.33085148e-01
84 3 7.85398163e-01 5.35253379e-01
85 3 7.85398163e-01 5.36595534e-01
86 3 7.85398163e-01 5.31831114e-01
87 3 7.85398163e-01 5.33726879e-01
88 3 7.85398163e-01 5.32619769e-01
89 3 7.85398163e-01 5.34197221e-01
90 3 7.85398163e-01 5.34252719e-01
91 3 7.85398163e-01 5.35918661e-01
92 3 7.85398163e-01 5.33797457e-01
93 3 7.85398163e-01 5.35322130e-01
94 3 7.85398163e-01 5.33217008e-01
95 3 7.85398163e-01 5.33550855e-01
96 3 7.85398163e-01 5.35770109e-01
97 3 7.85398163e-01 5.35356935e-01
98 3 7.85398163e-01 5.33398339e-01
99 3 7.85398163e-01 5.34964185e-01
100 3 7.85398163e-01 5.32692781e-01
101 3 7.85398163e-01 5.33636838e-01
102 3 7.85398163e-01 5.35965648e-01
103 3 7.85398163e-01 5.33681310e-01
104 3 7.85398163e-01 5.34833860e-01
105 3 7.85398163e-01 5.33209229e-01
106 3 7.85398163e-01 5.36251378e-01
107 3 7.85398163e-01 5.36883894e-01
108 3 7.85398163e-01 5.32139450e-01
109 3 7.85398163e-01 5.33723872e-01
110 3 7.85398163e-01 5.31234647e-01
111 3 7.85398163e-01 5.34251641e-01
112 3 7.85398163e-01 5.33813520e-01
113 3 7.85398163e-01 5.33102151e-01
114 3 7.85398163e-01 5.36232659e-01
115 3 7.85398163e-01 5.36000787e-01
116 3 7.85398163e-01 5.35607882e-01
117 3 7.85398163e-01 5.35430785e-01
118 3 7.85398163e-01 5.34570646e-01
119 3 7.85398163e-01 5.33785557e-01
120 3 7.85398163e-01 5.35270953e-01
121 3 7.85398163e-01 5.33267605e-01
122 3 7.85398163e-01 5.33749071e-01
123 3 7.85398163e-01 5.32693174e-01
124 3 7.85398163e-01 5.35875267e-01
125 3 7.85398163e-01 5.33320796e-01
126 3 7.85398163e-01 5.36409672e-01
127 3 7.85398163e-01 5.36274165e-01
128 3 7.85398163e-01 5.33939008e-01
129 3 7.85398163e-01 5.35642449e-01
130 3 7.85398163e-01 5.34619022e-01
131 3 7.85398163e-01 5.32850229e-01
132 3 7.85398163e-01 5.34318446e-01
133 3 7.85398163e-01 5.34447663e-01
134 3 7.85398163e-01 5.36418704e-01
135 3 7.85398163e-01 5.35477165e-01
136 3 7.85398163e-01 5.33819020e-01
137 3 7.85398163e-01 5.33591085e-01
138 3 7.85398163e-01 5.32836440e-01
139 3 7.85398163e-01 5.33638688e-01
140 3 7.85398163e-01 5.32809235e-01
141 3 7.85398163e-01 5.36191670e-01
142 3 7.85398163e-01 5.33517884e-01
143 3 7.85398163e-01 5.37060382e-01
144 3 7.85398163e-01 5.32825577e-01
145 3 7.85398163e-01 5.32506485e-01
146 3 7.85398163e-01 5.34124300e-01
147 3 7.85398163e-01 5.33221219e-01
148 3 7.85398163e-01 5.35096966e-01
149 3 7.85398163e-01 5.34640129e-01
150 3 7.85398163e-01 5.34567759e-01
151 3 7.85398163e-01 5.33804284e-01
152 3 7.85398163e-01 5.32686778e-01
153 3 7.85398163e-01 5.35104052e-01
154 3 7.85398163e-01 5.34163406e-01
155 3 7.85398163e-01 5.34409079e-01
156 3 7.85398163e-01 5.34892509e-01
157 3 7.85398163e-01 5.35387285e-01
158 3 7.85398163e-01 5.34205500e-01
159 3 7.85398163e-01 5.34366070e-01
160 3 7.85398163e-01 5.33057396e-01
161 3 7.85398163e-01 5.35444792e-01
162 3 7.85398163e-01 5.35058566e-01
163 3 7.85398163e-01 5.36680510e-01
164 3 7.85398163e-01 5.34782396e-01
165 3 7.85398163e-01 5.33531037e-01
166 3 7.85398163e-01 5.34656722e-01
167 3 7.85398163e-01 5.34274223e-01
168 3 7.85398163e-01 5.35488960e-01
169 3 7.85398163e-01 5.35250903e-01
170 3 7.85398163e-01 5.34741123e-01
171 3 7.85398163e-01 5.36340404e-01
172 3 7.85398163e-01 5.36239368e-01
173 3 7.85398163e-01 5.34414396e-01
174 3 7.85398163e-01 5.35195720e-01
175 3 7.85398163e-01 5.34383500e-01
176 3 7.85398163e-01 5.35343431e-01
177 3 7.85398163e-01 5.35067838e-01
178 3 7.85398163e-01 5.32926429e-01
179 3 7.85398163e-01 5.34130482e-01
180 3 7.85398163e-01 5.34046865e-01
181 3 7.85398163e-01 5.34083450e-01
182 3 7.85398163e-01 5.31098360e-01
183 3 7.85398163e-01 5.35926427e-01
184 3 7.85398163e-01 5.33836183e-01
185 3 7.85398163e-01 5.33912996e-01
186 3 7.85398163e-01 5.32024051e-01
187 3 7.85398163e-01 5.35816400e-01
188 3 7.85398163e-01 5.33834960e-01
189 3 7.85398163e-01 5.33459662e-01
190 3 7.85398163e-01 5.37076613e-01
191 3 7.85398163e-01 5.34934740e-01
192 3 7.85398163e-01 5.36798138e-01
193 3 7.85398163e-01 5.34337727e-01
194 3 7.85398163e-01 5.33254174e-01
195 3 7.85398163e-01 5.33726636e-01
196 3 7.85398163e-01 5.33386889e-01
197 3 7.85398163e-01 5.33963714e-01
198 3 7.85398163e-01 5.33368549e-01
199 3 7.85398163e-01 5.35730336e-01
200 3 7.85398163e-01 5.34545650e-01
201 3 7.85398163e-01 5.37355911e-01
202 3 7.85398163e-01 5.33716866e-01
203 3 7.85398163e-01 5.33904445e-01
204 3 7.85398163e-01 5.34005139e-01
205 3 7.85398163e-01 5.35689223e-01
206 3 7.85398163e-01 5.34633344e-01
207 3 7.85398163e-01 5.31660224e-01
208 3 7.85398163e-01 5.33733015e-01
209 3 7.85398163e-01 5.31199311e-01
210 3 7.85398163e-01 5.31991259e-01
211 3 7.85398163e-01 5.35021285e-01
212 3 7.85398163e-01 5.35485405e-01
213 3 7.85398163e-01 5.34569774e-01
214 3 7.85398163e-01 5.37011940e-01
215 3 7.85398163e-01 5.36178836e-01
216 3 7.85398163e-01 5.33469223e-01
217 3 7.85398163e-01 5.36382643e-01
218 3 7.85398163e-01 5.34490827e-01
219 3 7.85398163e-01 5.34889911e-01
220 3 7.85398163e-01 5.35412364e-01
221 3 7.85398163e-01 5.33672750e-01
222 3 7.85398163e-01 5.36861642e-01
223 3 7.85398163e-01 5.34110946e-01
224 3 7.85398163e-01 5.34085590e-01
225 3 7.85398163e-01 5.34764288e-01
226 3 7.85398163e-01 5.33367972e-01
227 3 7.85398163e-01 5.33759100e-01
228 3 7.85398163e-01 5.34746752e-01
229 3 7.85398163e-01 5.32781685e-01
230 3 7.85398163e-01 5.33289044e-01
231 3 7.85398163e-01 5.34190005e-01
232 3 7.85398163e-01 5.33869105e-01
233 3 7.85398163e-01 5.34316221e-01
234 3 7.85398163e-01 5.34599329e-01
235 3 7.85398163e-01 5.33190114e-01
236 3 7.85398163e-01 5.36607664e-01
237 3 7.85398163e-01 5.33144763e-01
238 3 7.85398163e-01 5.34503981e-01
239 3 7.85398163e-01 5.36988667e-01
240 3 7.85398163e-01 5.34019338e-01
241 3 7.85398163e-01 5.34627958e-01
242 3 7.85398163e-01 5.34834085e-01
243 3 7.85398163e-01 5.36214602e-01
244 3 7.85398163e-01 5.32331163e-01
245 3 7.85398163e-01 5.36599321e-01
246 3 7.85398163e-01 5.35724755e-01
247 3 7.85398163e-01 5.30196214e-01
248 3 7.85398163e-01 5.35070185e-01
249 3 7.85398163e-01 5.35470748e-01
250 3 7.85398163e-01 5.34329112e-01
251 3 7.85398163e-01 5.30072481e-01
252 3 7.85398163e-01 5.36375974e-01
253 3 7.85398163e-01 5.34959043e-01
254 3 7.85398163e-01 5.34036379e-01
255 3 7.85398163e-01 5.35473785e-01
256 3 7.85398163e-01 5.32774867e-01
257 3 7.85398163e-01 5.33486908e-01
258 3 7.85398163e-01 5.30927330e-01
259 3 7.85398163e-01 5.34268900e-01
260 3 7.85398163e-01 5.35031908e-01
261 3 7.85398163e-01 5.35970171e-01
262 3 7.85398163e-01 5.34547916e-01
263 3 7.85398163e-01 5.34251443e-01
264 3 7.85398163e-01 5.33611331e-01
265 3 7.85398163e-01 5.33855370e-01
266 3 7.85398163e-01 5.36177489e-01
267 3 7.85398163e-01 5.33244812e-01
268 3 7.85398163e-01 5.34578302e-01
269 3 7.85398163e-01 5.33086900e-01
270 3 7.85398163e-01 5.33486576e-01
271 3 7.85398163e-01 5.36011084e-01
272 3 7.85398163e-01 5.30703622e-01
273 3 7.85398163e-01 5.33528788e-01
274 3 7.85398163e-01 5.34951786e-01
275 3 7.85398163e-01 5.32215664e-01
276 3 7.85398163e-01 5.33322183e-01
277 3 7.85398163e-01 5.33016004e-01
278 3 7.85398163e-01 5.34978407e-01
279 3 7.85398163e-01 5.33922879e-01
280 3 7.85398163e-01 5.35697923e-01
281 3 7.85398163e-01 5.32919376e-01
282 3 7.85398163e-01 5.33870007e-01
283 3 7.85398163e-01 5.36367049e-01
284 3 7.85398163e-01 5.39232536e-01
285 3 7.85398163e-01 5.35531093e-01
286 3 7.85398163e-01 5.34441012e-01
287 3 7.85398163e-01 5.35324680e-01
288 3 7.85398163e-01 5.33939537e-01
289 3 7.85398163e-01 5.33207845e-01
290 3 7.85398163e-01 5.32151552e-01
291 3 7.85398163e-01 5.34502950e-01
292 3 7.85398163e-01 5.35030087e-01
293 3 7.85398163e-01 5.33565019e-01
294 3 7.85398163e-01 5.36174243e-01
295 3 7.85398163e-01 5.36149959e-01
296 3 7.85398163e-01 5.33942001e-01
297 3 7.85398163e-01 5.35789402e-01
298 3 7.85398163e-01 5.34586946e-01
299 3 7.85398163e-01 5.34167128e-01
300 3 7.85398163e-01 5.36564562e-01
301 3 7.85398163e-01 5.33761916e-01
302 3 7.85398163e-01 5.34876098e-01
303 3 7.85398163e-01 5.35883999e-01
304 3 7.85398163e-01 5.35895263e-01
305 3 7.85398163e-01 5.34353151e-01
306 3 7.85398163e-01 5.33197196e-01
307 3 7.85398163e-01 5.33185773e-01
308 3 7.85398163e-01 5.31748521e-01
309 3 7.85398163e-01 5.32277813e-01
310 3 7.85398163e-01 5.36681954e-01
311 3 7.85398163e-01 5.36013319e-01
312 3 7.85398163e-01 5.35529742e-01
313 3 7.85398163e-01 5.32933890e-01
314 3 7.85398163e-01 5.32183721e-01
315 3 7.85398163e-01 5.32526568e-01
316 3 7.85398163e-01 5.34210239e-01
317 3 7.85398163e-01 5.34529653e-01
318 3 7.85398163e-01 5.34412427e-01
319 3 7.85398163e-01 5.34049772e-01
320 3 7.85398163e-01 5.34111622e-01
321 3 7.85398163e-01 5.33627157e-01
322 3 7.85398163e-01 5.33982852e-01
323 3 7.85398163e-01 5.31539972e-01
324 3 7.85398163e-01 5.33296112e-01
325 3 7.85398163e-01 5.35262675e-01
326 3 7.85398163e-01 5.34157514e-01
327 3 7.85398163e-01 5.31384541e-01
328 3 7.85398163e-01 5.33179687e-01
329 3 7.85398163e-01 5.34705868e-01
330 3 7.85398163e-01 5.35872845e-01
331 3 7.85398163e-01 5.31803819e-01
332 3 7.85398163e-01 5.33712233e-01
333 3 7.85398163e-01 5.34025886e-01
334 3 7.85398163e-01 5.33316412e-01
335 3 7.85398163e-01 5.33882125e-01
336 3 7.85398163e-01 5.34666171e-01
337 3 7.85398163e-01 5.34145714e-01
338 3 7.85398163e-01 5.36731447e-01
339 3 7.85398163e-01 5.35318652e-01
340 3 7.85398163e-01 5.36163753e-01
341 3 7.85398163e-01 5.34387902e-01
342 3 7.85398163e-01 5.36896466e-01
343 3 7.85398163e-01 5.36154354e-01
344 3 7.85398163e-01 5.35374976e-01
345 3 7.85398163e-01 5.34965531e-01
346 3 7.85398163e-01 5.33901758e-01
347 3 7.85398163e-01 5.32802275e-01
348 3 7.85398163e-01 5.35142109e-01
349 3 7.85398163e-01 5.32937617e-01
350 3 7.85398163e-01 5.34809956e-01
351 3 7.85398163e-01 5.34589007e-01
352 3 7.85398163e-01 5.32743328e-01
353 3 7.85398163e-01 5.34009541e-01
354 3 7.85398163e-01 5.33282490e-01
355 3 7.85398163e-01 5.37828046e-01
356 3 7.85398163e-01 5.34531553e-01
357 3 7.85398163e-01 5.33497262e-01
358 3 7.85398163e-01 5.35418552e-01
359 3 7.85398163e-01 5.32617391e-01
360 3 7.85398163e-01 5.37310050e-01
361 3 7.85398163e-01 5.36186188e-01
362 3 7.85398163e-01 5.34840203e-01
363 3 7.85398163e-01 5.32578833e-01
364 3 7.85398163e-01 5.34816550e-01
365 3 7.85398163e-01 5.34835504e-01
366 3 7.85398163e-01 5.36902636e-01
367 3 7.85398163e-01 5.35283662e-01
368 3 7.85398163e-01 5.34703643e-01
369 3 7.85398163e-01 5.31826836e-01
370 3 7.85398163e-01 5.33167934e-01
371 3 7.85398163e-01 5.33911694e-01
372 3 7.85398163e-01 5.35657881e-01
373 3 7.85398163e-01 5.34075387e-01
374 3 7.85398163e-01 5.33806132e-01
375 3 7.85398163e-01 5.34182737e-01
376 3 7.85398163e-01 5.33299281e-01
377 3 7.85398163e-01 5.35434181e-01
378 3 7.85398163e-01 5.35779036e-01
379 3 7.85398163e-01 5.33861773e-01
380 3 7.85398163e-01 5.31952366e-01
381 3 7.85398163e-01 5.34494728e-01
382 3 7.85398163e-01 5.33745001e-01
383 3 7.85398163e-01 5.34425444e-01
384 3 7.85398163e-01 5.33726744e-01
385 3 7.85398163e-01 5.34353307e-01
386 3 7.85398163e-01 5.33859092e-01
387 3 7.85398163e-01 5.33476427e-01
388 3 7.85398163e-01 5.34476139e-01
389 3 7.85398163e-01 5.35958526e-01
390 3 7.85398163e-01 5.32160797e-01
391 3 7.85398163e-01 5.31663882e-01
392 3 7.85398163e-01 5.36200655e-01
393 3 7.85398163e-01 5.35752385e-01
394 3 7.85398163e-01 5.36285251e-01
395 3 7.85398163e-01 5.34994592e-01
396 3 7.85398163e-01 5.37299435e-01
397 3 7.85398163e-01 5.36010605e-01
398 3 7.85398163e-01 5.38140107e-01
399 3 7.85398163e-01 5.32319375e-01
400 3 7.85398163e-01 5.33101719e-01
401 3 7.85398163e-01 5.36630833e-01
402 3 7.85398163e-01 5.33594013e-01
403 3 7.85398163e-01 5.37405936e-01
404 3 7.85398163e-01 5.34713113e-01
405 3 7.85398163e-01 5.33663707e-01
406 3 7.85398163e-01 5.31621431e-01
407 3 7.85398163e-01 5.35619413e-01
408 3 7.85398163e-01 5.30914274e-01
409 3 7.85398163e-01 5.35959137e-01
410 3 7.85398163e-01 5.35697377e-01
411 3 7.85398163e-01 5.35997579e-01
412 3 7.85398163e-01 5.35919887e-01
413 3 7.85398163e-01 5.35826840e-01
414 3 7.85398163e-01 5.33864373e-01
415 3 7.85398163e-01 5.34050103e-01
416 3 7.85398163e-01 5.32691215e-01
417 3 7.85398163e-01 5.34701505e-01
418 3 7.85398163e-01 5.33939440e-01
419 3 7.85398163e-01 5.36457187e-01
420 3 7.85398163e-01 5.35106860e-01
421 3 7.85398163e-01 5.33592562e-01
422 3 7.85398163e-01 5.32437547e-01
423 3 7.85398163e-01 5.34270416e-01
424 3 7.85398163e-01 5.32060441e-01
425 3 7.85398163e-01 5.36184538e-01
426 3 7.85398163e-01 5.33341596e-01
427 3 7.85398163e-01 5.34277965e-01
428 3 7.85398163e-01 5.35999307e-01
429 3 7.85398163e-01 5.35676882e-01
430 3 7.85398163e-01 5.35624653e-01
431 3 7.85398163e-01 5.33868912e-01
432 3 7.85398163e-01 5.33827975e-01
433 3 7.85398163e-01 5.35760208e-01
434 3 7.85398163e-01 5.35910956e-01
435 3 7.85398163e-01 5.33903318e-01
436 3 7.85398163e-01 5.34144473e-01
437 3 7.85398163e-01 5.33736604e-01
438 3 7.85398163e-01 5.36087653e-01
439 3 7.85398163e-01 5.33571260e-01
440 3 7.85398163e-01 5.33447895e-01
441 3 7.85398163e-01 5.29124896e-01
442 3 7.85398163e-01 5.35140343e-01
443 3 7.85398163e-01 5.34012347e-01
444 3 7.85398163e-01 5.34953355e-01
445 3 7.85398163e-01 5.35339283e-01
446 3 7.85398163e-01 5.35152414e-01
447 3 7.85398163e-01 5.33856455e-01
448 3 7.85398163e-01 5.35976184e-01
449 3 7.85398163e-01 5.36827311e-01
450 3 7.85398163e-01 5.33900573e-01
451 3 7.85398163e-01 5.36541161e-01
452 3 7.85398163e-01 5.38196308e-01
453 3 7.85398163e-01 5.34053758e-01
454 3 7.85398163e-01 5.35118571e-01
455 3 7.85398163e-01 5.33173748e-01
456 3 7.85398163e-01 5.31957504e-01
457 3 7.85398163e-01 5.34258737e-01
458 3 7.85398163e-01 5.33566765e-01
459 3 7.85398163e-01 5.34171733e-01
460 3 7.85398163e-01 5.34613748e-01
461 3 7.85398163e-01 5.35429776e-01
462 3 7.85398163e-01 5.34441377e-01
463 3 7.85398163e-01 5.35808297e-01
464 3 7.85398163e-01 5.36494427e-01
465 3 7.85398163e-01 5.35999446e-01
466 3 7.85398163e-01 5.34359819e-01
467 3 7.85398163e-01 5.34350489e-01
468 3 7.85398163e-01 5.34892494e-01
469 3 7.85398163e-01 5.33981740e-01
470 3 7.85398163e-01 5.35748731e-01
471 3 7.85398163e-01 5.32306746e-01
472 3 7.85398163e-01 5.33001279e-01
473 3 7.85398163e-01 5.35180949e-01
474 3 7.85398163e-01 5.34620444e-01
475 3 7.85398163e-01 5.34046609e-01
476 3 7.85398163e-01 5.33945898e-01
477 3 7.85398163e-01 5.29742956e-01
478 3 7.85398163e-01 5.35873853e-01
479 3 7.85398163e-01 5.34084057e-01
480 3 7.85398163e-01 5.34621533e-01
481 3 7.85398163e-01 5.34732417e-01
482 3 7.85398163e-01 5.33320207e-01
483 3 7.85398163e-01 5.36236186e-01
484 3 7.85398163e-01 5.34501404e-01
485 3 7.85398163e-01 5.35094068e-01
486 3 7.85398163e-01 5.34949457e-01
487 3 7.85398163e-01 5.35442024e-01
488 3 7.85398163e-01 5.32975874e-01
489 3 7.85398163e-01 5.33617917e-01
490 3 7.85398163e-01 5.33125134e-01
491 3 7.85398163e-01 5.32880724e-01
492 3 7.85398163e-01 5.34883878e-01
493 3 7.85398163e-01 5.34628848e-01
494 3 7.85398163e-01 5.35755234e-01
495 3 7.85398163e-01 5.37264094e-01
496 3 7.85398163e-01 5.35097617e-01
497 3 7.85398163e-01 5.34056857e-01
498 3 7.85398163e-01 5.34836128e-01
499 3 7.85398163e-01 5.30561684e-01
500 3 7.85398163e-01 5.32764410e-01
501 3 7.85398163e-01 5.34478654e-01
502 3 7.85398163e-01 5.35500428e-01
503 3 7.85398163e-01 5.34423820e-01
504 3 7.85398163e-01 5.31303833e-01
505 3 7.85398163e-01 5.34640208e-01
506 3 7.85398163e-01 5.35411529e-01
507 3 7.85398163e-01 5.32771168e-01
508 3 7.85398163e-01 5.35022406e-01
509 3 7.85398163e-01 5.34669318e-01
510 3 7.85398163e-01 5.36252407e-01
511 3 7.85398163e-01 5.34956962e-01
512 3 7.85398163e-01 5.33332170e-01
513 3 7.85398163e-01 5.36433143e-01
514 3 7.85398163e-01 5.33405223e-01
515 3 7.85398163e-01 5.34424289e-01
516 3 7.85398163e-01 5.33427691e-01
517 3 7.85398163e-01 5.35715647e-01
518 3 7.85398163e-01 5.32776688e-01
519 3 7.85398163e-01 5.33263060e-01
520 3 7.85398163e-01 5.31256980e-01
521 3 7.85398163e-01 5.30375838e-01
522 3 7.85398163e-01 5.34866207e-01
523 3 7.85398163e-01 5.33604644e-01
524 3 7.85398163e-01 5.33148461e-01
525 3 7.85398163e-01 5.35209414e-01
526 3 7.85398163e-01 5.34388009e-01
527 3 7.85398163e-01 5.33663697e-01
528 3 7.85398163e-01 5.35608397e-01
529 3 7.85398163e-01 5.35607973e-01
530 3 7.85398163e-01 5.34903098e-01
531 3 7.85398163e-01 5.34492264e-01
532 3 7.85398163e-01 5.36057405e-01
533 3 7.85398163e-01 5.36033501e-01
534 3 7.85398163e-01 5.37243979e-01
535 3 7.85398163e-01 5.33755672e-01
536 3 7.85398163e-01 5.38152717e-01
537 3 7.85398163e-01 5.36603825e-01
538 3 7.85398163e-01 5.35059715e-01
539 3 7.85398163e-01 5.36048800e-01
540 3 7.85398163e-01 5.34519660e-01
541 3 7.85398163e-01 5.34834247e-01
542 3 7.85398163e-01 5.35664676e-01
543 3 7.85398163e-01 5.34149647e-01
544 3 7.85398163e-01 5.33856961e-01
545 3 7.85398163e-01 5.33665156e-01
546 3 7.85398163e-01 5.35891729e-01
547 3 7.85398163e-01 5.36172976e-01
548 3 7.85398163e-01 5.35047696e-01
549 3 7.85398163e-01 5.34362781e-01
550 3 7.85398163e-01 5.33365230e-01
551 3 7.85398163e-01 5.33673536e-01
552 3 7.85398163e-01 5.34553782e-01
553 3 7.85398163e-01 5.32431953e-01
554 3 7.85398163e-01 5.34420787e-01
555 3 7.85398163e-01 5.33862047e-01
556 3 7.85398163e-01 5.32161771e-01
557 3 7.85398163e-01 5.34233382e-01
558 3 7.85398163e-01 5.33010024e-01
559 3 7.85398163e-01 5.32419247e-01
560 3 7.85398163e-01 5.37829169e-01
561 3 7.85398163e-01 5.34367587e-01
562 3 7.85398163e-01 5.35955225e-01
563 3 7.85398163e-01 5.34514214e-01
564 3 7.85398163e-01 5.36251048e-01
565 3 7.85398163e-01 5.35753628e-01
566 3 7.85398163e-01 5.34572074e-01
567 3 7.85398163e-01 5.35231776e-01
568 3 7.85398163e-01 5.34897380e-01
569 3 7.85398163e-01 5.35000116e-01
570 3 7.85398163e-01 5.36764091e-01
571 3 7.85398163e-01 5.33810285e-01
572 3 7.85398163e-01 5.32558266e-01
573 3 7.85398163e-01 5.31022234e-01
574 3 7.85398163e-01 5.30980011e-01
575 3 7.85398163e-01 5.36093756e-01
576 3 7.85398163e-01 5.34443936e-01
577 3 7.85398163e-01 5.34216850e-01
578 3 7.85398163e-01 5.33662030e-01
579 3 7.85398163e-01 5.34622663e-01
580 3 7.85398163e-01 5.31901389e-01
581 3 7.85398163e-01 5.35090665e-01
582 3 7.85398163e-01 5.33915644e-01
583 3 7.85398163e-01 5.34951434e-01
584 3 7.85398163e-01 5.33109410e-01
585 3 7.85398163e-01 5.35198578e-01
586 3 7.85398163e-01 5.33656155e-01
587 3 7.85398163e-01 5.33753385e-01
588 3 7.85398163e-01 5.31534321e-01
589 3 7.85398163e-01 5.34846304e-01
590 3 7.85398163e-01 5.32563773e-01
591 3 7.85398163e-01 5.35510303e-01
592 3 7.85398163e-01 5.35267950e-01
593 3 7.85398163e-01 5.35350475e-01
594 3 7.85398163e-01 5.35462079e-01
595 3 7.85398163e-01 5.36465198e-01
596 3 7.85398163e-01 5.36701475e-01
597 3 7.85398163e-01 5.36528606e-01
598 3 7.85398163e-01 5.34801133e-01
599 3 7.85398163e-01 5.34822839e-01
600 3 7.85398163e-01 5.35778490e-01
601 3 7.85398163e-01 5.36943505e-01
602 3 7.85398163e-01 5.31570663e-01
603 3 7.85398163e-01 5.33160561e-01
604 3 7.85398163e-01 5.34928168e-01
605 3 7.85398163e-01 5.33901576e-01
606 3 7.85398163e-01 5.34591788e-01
607 3 7.85398163e-01 5.34096060e-01
608 3 7.85398163e-01 5.35124528e-01
609 3 7.85398163e-01 5.31272465e-01
610 3 7.85398163e-01 5.34690227e-01
611 3 7.85398163e-01 5.34810710e-01
612 3 7.85398163e-01 5.35641042e-01
613 3 7.85398163e-01 5.34411509e-01
614 3 7.85398163e-01 5.35428632e-01
615 3 7.85398163e-01 5.32862278e-01
616 3 7.85398163e-01 5.35098099e-01
617 3 7.85398163e-01 5.35497581e-01
618 3 7.85398163e-01 5.33582270e-01
619 3 7.85398163e-01 5.35406429e-01
620 3 7.85398163e-01 5.35018266e-01
621 3 7.85398163e-01 5.35005277e-01
622 3 7.85398163e-01 5.34068727e-01
623 3 7.85398163e-01 5.34805211e-01
624 3 7.85398163e-01 5.34874591e-01
625 3 7.85398163e-01 5.34308735e-01
626 3 7.85398163e-01 5.33720281e-01
627 3 7.85398163e-01 5.36821367e-01
628 3 7.85398163e-01 5.33037839e-01
629 3 7.85398163e-01 5.31663560e-01
630 3 7.85398163e-01 5.30861180e-01
631 3 7.85398163e-01 5.35021361e-01
632 3 7.85398163e-01 5.35820664e-01
633 3 7.85398163e-01 5.31215420e-01
634 3 7.85398163e-01 5.36130239e-01
635 3 7.85398163e-01 5.33579246e-01
636 3 7.85398163e-01 5.34008251e-01
637 3 7.85398163e-01 5.30079120e-01
638 3 7.85398163e-01 5.35748387e-01
639 3 7.85398163e-01 5.32058508e-01
640 3 7.85398163e-01 5.34202315e-01
641 3 7.85398163e-01 5.34994516e-01
642 3 7.85398163e-01 5.33905729e-01
643 3 7.85398163e-01 5.35788434e-01
644 3 7.85398163e-01 5.37469556e-01
645 3 7.85398163e-01 5.35433192e-01
646 3 7.85398163e-01 5.32185399e-01
647 3 7.85398163e-01 5.34011949e-01
648 3 7.85398163e-01 5.34422478e-01
649 3 7.85398163e-01 5.33448879e-01
650 3 7.85398163e-01 5.33306009e-01
651 3 7.85398163e-01 5.33446222e-01
652 3 7.85398163e-01 5.34830379e-01
653 3 7.85398163e-01 5.36020624e-01
654 3 7.85398163e-01 5.31932215e-01
655 3 7.85398163e-01 5.35204879e-01
656 3 7.85398163e-01 5.33032772e-01
657 3 7.85398163e-01 5.35525899e-01
658 3 7.85398163e-01 5.36591937e-01
659 3 7.85398163e-01 5.34200941e-01
660 3 7.85398163e-01 5.33063368e-01
661 3 7.85398163e-01 5.34729331e-01
662 3 7.85398163e-01 5.34100684e-01
663 3 7.85398163e-01 5.34670345e-01
664 3 7.85398163e-01 5.36190686e-01
665 3 7.85398163e-01 5.33725300e-01
666 3 7.85398163e-01 5.34394150e-01
667 3 7.85398163e-01 5.33794159e-01
668 3 7.85398163e-01 5.35507214e-01
669 3 7.85398163e-01 5.33419221e-01
670 3 7.85398163e-01 5.35069054e-01
671 3 7.85398163e-01 5.34718971e-01
672 3 7.85398163e-01 5.34554544e-01
673 3 7.85398163e-01 5.36985839e-01
674 3 7.85398163e-01 5.33155610e-01
675 3 7.85398163e-01 5.32369838e-01
676 3 7.85398163e-01 5.33077418e-01
677 3 7.85398163e-01 5.36742274e-01
678 3 7.85398163e-01 5.34871320e-01
679 3 7.85398163e-01 5.32447122e-01
680 3 7.85398163e-01 5.35553113e-01
681 3 7.85398163e-01 5.32908143e-01
682 3 7.85398163e-01 5.33758586e-01
683 3 7.85398163e-01 5.32533418e-01
684 3 7.85398163e-01 5.34374258e-01
685 3 7.85398163e-01 5.32811062e-01
686 3 7.85398163e-01 5.34437919e-01
687 3 7.85398163e-01 5.35132749e-01
688 3 7.85398163e-01 5.31620528e-01
689 3 7.85398163e-01 5.34629507e-01
690 3 7.85398163e-01 5.33736817e-01
691 3 7.85398163e-01 5.34837410e-01
692 3 7.85398163e-01 5.36312113e-01
693 3 7.85398163e-01 5.34130857e-01
694 3 7.85398163e-01 5.33935286e-01
695 3 7.85398163e-01 5.33143747e-01
696 3 7.85398163e-01 5.34493630e-01
697 3 7.85398163e-01 5.34612339e-01
698 3 7.85398163e-01 5.35316963e-01
699 3 7.85398163e-01 5.35618435e-01
700 3 7.85398163e-01 5.37247478e-01
701 3 7.85398163e-01 5.37102147e-01
702 3 7.85398163e-01 5.32679370e-01
703 3 7.85398163e-01 5.35668371e-01
704 3 7.85398163e-01 5.32391934e-01
705 3 7.85398163e-01 5.34731310e-01
706 3 7.85398163e-01 5.36143042e-01
707 3 7.85398163e-01 5.32827463e-01
708 3 7.85398163e-01 5.35099409e-01
709 3 7.85398163e-01 5.33908175e-01
710 3 7.85398163e-01 5.33732722e-01
711 3 7.85398163e-01 5.35178351e-01
712 3 7.85398163e-01 5.36746656e-01
713 3 7.85398163e-01 5.35209203e-01
714 3 7.85398163e-01 5.33275954e-01
715 3 7.85398163e-01 5.35102154e-01
716 3 7.85398163e-01 5.34275642e-01
717 3 7.85398163e-01 5.32569820e-01
718 3 7.85398163e-01 5.32498637e-01
719 3 7.85398163e-01 5.31623900e-01
720 3 7.85398163e-01 5.33904251e-01
721 3 7.85398163e-01 5.36280567e-01
722 3 7.85398163e-01 5.34704099e-01
723 3 7.85398163e-01 5.32993894e-01
724 3 7.85398163e-01 5.34172058e-01
725 3 7.85398163e-01 5.32016060e-01
726 3 7.85398163e-01 5.35227041e-01
727 3 7.85398163e-01 5.34007696e-01
728 3 7.85398163e-01 5.34431049e-01
729 3 7.85398163e-01 5.34419334e-01
730 3 7.85398163e-01 5.32536193e-01
731 3 7.85398163e-01 5.35075680e-01
732 3 7.85398163e-01 5.33140001e-01
733 3 7.85398163e-01 5.36992573e-01
734 3 7.85398163e-01 5.34377309e-01
735 3 7.85398163e-01 5.34685043e-01
736 3 7.85398163e-01 5.33592103e-01
737 3 7.85398163e-01 5.34304613e-01
738 3 7.85398163e-01 5.35469392e-01
739 3 7.85398163e-01 5.33475777e-01
740 3 7.85398163e-01 5.33577753e-01
741 3 7.85398163e-01 5.35127584e-01
742 3 7.85398163e-01 5.33410405e-01
743 3 7.85398163e-01 5.34579687e-01
744 3 7.85398163e-01 5.35040133e-01
745 3 7.85398163e-01 5.34747913e-01
746 3 7.85398163e-01 5.32326191e-01
747 3 7.85398163e-01 5.34742678e-01
748 3 7.85398163e-01 5.35248242e-01
749 3 7.85398163e-01 5.35555571e-01
750 3 7.85398163e-01 5.33524346e-01
751 3 7.85398163e-01 5.35480226e-01
752 3 7.85398163e-01 5.35200628e-01
753 3 7.85398163e-01 5.35534269e-01
754 3 7.85398163e-01 5.33678021e-01
755 3 7.85398163e-01 5.32181361e-01
756 3 7.85398163e-01 5.35352969e-01
757 3 7.85398163e-01 5.32882005e-01
758 3 7.85398163e-01 5.32848770e-01
759 3 7.85398163e-01 5.34195576e-01
760 3 7.85398163e-01 5.32914643e-01
761 3 7.85398163e-01 5.33983992e-01
762 3 7.85398163e-01 5.36393465e-01
763 3 7.85398163e-01 5.35784393e-01
764 3 7.85398163e-01 5.35825118e-01
765 3 7.85398163e-01 5.35458821e-01
766 3 7.85398163e-01 5.33622849e-01
767 3 7.85398163e-01 5.34514021e-01
768 3 7.85398163e-01 5.34460944e-01
769 3 7.85398163e-01 5.35323342e-01
770 3 7.85398163e-01 5.35539149e-01
771 3 7.85398163e-01 5.37416747e-01
772 3 7.85398163e-01 5.34571893e-01
773 3 7.85398163e-01 5.34070505e-01
774 3 7.85398163e-01 5.33744648e-01
775 3 7.85398163e-01 5.34172565e-01
776 3 7.85398163e-01 5.35825621e-01
777 3 7.85398163e-01 5.35616611e-01
778 3 7.85398163e-01 5.35468024e-01
779 3 7.85398163e-01 5.36529028e-01
780 3 7.85398163e-01 5.35793365e-01
781 3 7.85398163e-01 5.35995720e-01
782 3 7.85398163e-01 5.34730801e-01
783 3 7.85398163e-01 5.31460807e-01
784 3 7.85398163e-01 5.34431971e-01
785 3 7.85398163e-01 5.33371291e-01
786 3 7.85398163e-01 5.34520630e-01
787 3 7.85398163e-01 5.31945820e-01
788 3 7.85398163e-01 5.32582355e-01
789 3 7.85398163e-01 5.32203465e-01
790 3 7.85398163e-01 5.32389926e-01
791 3 7.85398163e-01 5.34805651e-01
792 3 7.85398163e-01 5.34704597e-01
793 3 7.85398163e-01 5.32425562e-01
794 3 7.85398163e-01 5.34193256e-01
795 3 7.85398163e-01 5.35693304e-01
796 3 7.85398163e-01 5.33270472e-01
797 3 7.85398163e-01 5.32395386e-01
798 3 7.85398163e-01 5.34078666e-01
799 3 7.85398163e-01 5.35616831e-01
800 3 7.85398163e-01 5.36439470e-01
801 3 7.85398163e-01 5.34186387e-01
802 3 7.85398163e-01 5.36899137e-01
803 3 7.85398163e-01 5.36367265e-01
804 3 7.85398163e-01 5.36199605e-01
805 3 7.85398163e-01 5.34705653e-01
806 3 7.85398163e-01 5.36863696e-01
807 3 7.85398163e-01 5.34526367e-01
808 3 7.85398163e-01 5.34962397e-01
809 3 7.85398163e-01 5.34494768e-01
810 3 7.85398163e-01 5.32988542e-01
811 3 7.85398163e-01 5.33358175e-01
812 3 7.85398163e-01 5.31128600e-01
813 3 7.85398163e-01 5.37077793e-01
814 3 7.85398163e-01 5.34274503e-01
815 3 7.85398163e-01 5.35230388e-01
816 3 7.85398163e-01 5.33999697e-01
817 3 7.85398163e-01 5.35795003e-01
818 3 7.85398163e-01 5.31971807e-01
819 3 7.85398163e-01 5.34543854e-01
820 3 7.85398163e-01 5.35078874e-01
821 3 7.85398163e-01 5.33744121e-01
822 3 7.85398163e-01 5.34273359e-01
823 3 7.85398163e-01 5.34073295e-01
824 3 7.85398163e-01 5.34633226e-01
825 3 7.85398163e-01 5.32695191e-01
826 3 7.85398163e-01 5.34067176e-01
827 3 7.85398163e-01 5.33891223e-01
828 3 7.85398163e-01 5.34264882e-01
829 3 7.85398163e-01 5.33338134e-01
830 3 7.85398163e-01 5.33767970e-01
831 3 7.85398163e-01 5.34853660e-01
832 3 7.85398163e-01 5.36498897e-01
833 3 7.85398163e-01 5.34905162e-01
834 3 7.85398163e-01 5.33576975e-01
835 3 7.85398163e-01 5.36665491e-01
836 3 7.85398163e-01 5.34069578e-01
837 3 7.85398163e-01 5.38158691e-01
838 3 7.85398163e-01 5.35578248e-01
839 3 7.85398163e-01 5.34796979e-01
840 3 7.85398163e-01 5.33698822e-01
841 3 7.85398163e-01 5.33830458e-01
842 3 7.85398163e-01 5.34263834e-01
843 3 7.85398163e-01 5.35619047e-01
844 3 7.85398163e-01 5.36786978e-01
845 3 7.85398163e-01 5.33930610e-01
846 3 7.85398163e-01 5.33005324e-01
847 3 7.85398163e-01 5.36665729e-01
848 3 7.85398163e-01 5.34521955e-01
849 3 7.85398163e-01 5.34241987e-01
850 3 7.85398163e-01 5.32578401e-01
851 3 7.85398163e-01 5.33024960e-01
852 3 7.85398163e-01 5.36766452e-01
853 3 7.85398163e-01 5.34372389e-01
854 3 7.85398163e-01 5.32613193e-01
855 3 7.85398163e-01 5.34144922e-01
856 3 7.85398163e-01 5.34557027e-01
857 3 7.85398163e-01 5.35343848e-01
858 3 7.85398163e-01 5.35932952e-01
859 3 7.85398163e-01 5.36297797e-01
860 3 7.85398163e-01 5.34027525e-01
861 3 7.85398163e-01 5.32440949e-01
862 3 7.85398163e-01 5.36111009e-01
863 3 7.85398163e-01 5.35634624e-01
864 3 7.85398163e-01 5.33156670e-01
865 3 7.85398163e-01 5.33054235e-01
866 3 7.85398163e-01 5.36210396e-01
867 3 7.85398163e-01 5.34219515e-01
868 3 7.85398163e-01 5.33934029e-01
869 3 7.85398163e-01 5.36327489e-01
870 3 7.85398163e-01 5.33757870e-01
871 3 7.85398163e-01 5.32075359e-01
872 3 7.85398163e-01 5.35028172e-01
873 3 7.85398163e-01 5.34120951e-01
874 3 7.85398163e-01 5.35299966e-01
875 3 7.85398163e-01 5.34951969e-01
876 3 7.85398163e-01 5.34487251e-01
877 3 7.85398163e-01 5.35974943e-01
878 3 7.85398163e-01 5.32650561e-01
879 3 7.85398163e-01 5.34389364e-01
880 3 7.85398163e-01 5.36014113e-01
881 3 7.85398163e-01 5.34383378e-01
882 3 7.85398163e-01 5.32983381e-01
883 3 7.85398163e-01 5.34201534e-01
884 3 7.85398163e-01 5.33142408e-01
885 3 7.85398163e-01 5.33165337e-01
886 3 7.85398163e-01 5.31890635e-01
887 3 7.85398163e-01 5.36882569e-01
888 3 7.85398163e-01 5.33246764e-01
889 3 7.85398163e-01 5.36385423e-01
890 3 7.85398163e-01 5.35585454e-01
891 3 7.85398163e-01 5.35744059e-01
892 3 7.85398163e-01 5.34466829e-01
893 3 7.85398163e-01 5.33836858e-01
894 3 7.85398163e-01 5.34880472e-01
895 3 7.85398163e-01 5.36122245e-01
896 3 7.85398163e-01 5.33069569e-01
897 3 7.85398163e-01 5.34809729e-01
898 3 7.85398163e-01 5.36091991e-01
899 3 7.85398163e-01 5.35133450e-01
900 3 7.85398163e-01 5.34312853e-01
901 3 7.85398163e-01 5.33074163e-01
902 3 7.85398163e-01 5.34976736e-01
903 3 7.85398163e-01 5.36291067e-01
904 3 7.85398163e-01 5.33875405e-01
905 3 7.85398163e-01 5.33917960e-01
906 3 7.85398163e-01 5.35429974e-01
907 3 7.85398163e-01 5.35533209e-01
908 3 7.85398163e-01 5.33213475e-01
909 3 7.85398163e-01 5.34786140e-01
910 3 7.85398163e-01 5.35196421e-01
911 3 7.85398163e-01 5.37606379e-01
912 3 7.85398163e-01 5.33985627e-01
913 3 7.85398163e-01 5.34720419e-01
914 3 7.85398163e-01 5.34863909e-01
915 3 7.85398163e-01 5.36459573e-01
916 3 7.85398163e-01 5.34545261e-01
917 3 7.85398163e-01 5.34750147e-01
918 3 7.85398163e-01 5.34025090e-01
919 3 7.85398163e-01 5.33283063e-01
920 3 7.85398163e-01 5.35237866e-01
921 3 7.85398163e-01 5.32885338e-01
922 3 7.85398163e-01 5.34297691e-01
923 3 7.85398163e-01 5.32738562e-01
924 3 7.85398163e-01 5.34095155e-01
925 3 7.85398163e-01 5.32607270e-01
926 3 7.85398163e-01 5.34006542e-01
927 3 7.85398163e-01 5.33190768e-01
928 3 7.85398163e-01 5.33444577e-01
929 3 7.85398163e-01 5.35630328e-01
930 3 7.85398163e-01 5.34248719e-01
931 3 7.85398163e-01 5.32538144e-01
932 3 7.85398163e-01 5.35120613e-01
933 3 7.85398163e-01 5.34147410e-01
934 3 7.85398163e-01 5.34435455e-01
935 3 7.85398163e-01 5.35815957e-01
936 3 7.85398163e-01 5.34076946e-01
937 3 7.85398163e-01 5.36694012e-01
938 3 7.85398163e-01 5.34390733e-01
939 3 7.85398163e-01 5.33991759e-01
940 3 7.85398163e-01 5.33801748e-01
941 3 7.85398163e-01 5.36359469e-01
942 3 7.85398163e-01 5.36873945e-01
943 3 7.85398163e-01 5.35481752e-01
944 3 7.85398163e-01 5.34453100e-01
945 3 7.85398163e-01 5.32412900e-01
946 3 7.85398163e-01 5.35436537e-01
947 3 7.85398163e-01 5.33924573e-01
948 3 7.85398163e-01 5.34506925e-01
949 3 7.85398163e-01 5.33779034e-01
950 3 7.85398163e-01 5.34241419e-01
951 3 7.85398163e-01 5.35578200e-01
952 3 7.85398163e-01 5.34951112e-01
953 3 7.85398163e-01 5.35789188e-01
954 3 7.85398163e-01 5.33910761e-01
955 3 7.85398163e-01 5.35795800e-01
956 3 7.85398163e-01 5.35720112e-01
957 3 7.85398163e-01 5.34231741e-01
958 3 7.85398163e-01 5.33671394e-01
959 3 7.85398163e-01 5.34126131e-01
960 3 7.85398163e-01 5.32729313e-01
961 3 7.85398163e-01 5.34169139e-01
962 3 7.85398163e-01 5.35355785e-01
963 3 7.85398163e-01 5.34287797e-01
964 3 7.85398163e-01 5.35025931e-01
965 3 7.85398163e-01 5.36747247e-01
966 3 7.85398163e-01 5.36090626e-01
967 3 7.85398163e-01 5.34540599e-01
968 3 7.85398163e-01 5.36396845e-01
969 3 7.85398163e-01 5.34517143e-01
970 3 7.85398163e-01 5.33138850e-01
971 3 7.85398163e-01 5.33653673e-01
972 3 7.85398163e-01 5.34007069e-01
973 3 7.85398163e-01 5.33508410e-01
974 3 7.85398163e-01 5.35131197e-01
975 3 7.85398163e-01 5.35641049e-01
976 3 7.85398163e-01 5.35655210e-01
977 3 7.85398163e-01 5.35763061e-01
978 3 7.85398163e-01 5.32841679e-01
979 3 7.85398163e-01 5.33625123e-01
980 3 7.85398163e-01 5.32286787e-01
981 3 7.85398163e-01 5.33237875e-01
982 3 7.85398163e-01 5.34956565e-01
983 3 7.85398163e-01 5.33972219e-01
984 3 7.85398163e-01 5.34765599e-01
985 3 7.85398163e-01 5.34536548e-01
986 3 7.85398163e-01 5.35106298e-01
987 3 7.85398163e-01 5.35736034e-01
988 3 7.85398163e-01 5.34152766e-01
989 3 7.85398163e-01 5.35911919e-01
990 3 7.85398163e-01 5.32549039e-01
991 3 7.85398163e-01 5.34417647e-01
992 3 7.85398163e-01 5.32450545e-01
993 3 7.85398163e-01 5.35952937e-01
994 3 7.85398163e-01 5.35071941e-01
995 3 7.85398163e-01 5.33540095e-01
996 3 7.85398163e-01 5.34914963e-01
997 3 7.85398163e-01 5.34323102e-01
998 3 7.85398163e-01 5.36239117e-01
999 3 7.85398163e-01 5.35833533e-01
1000 3 7.85398163e-01 5.35058231e-01
1001 3 7.85398163e-01 5.32845271e-01
1002 3 7.85398163e-01 5.32378308e-01
1003 3 7.85398163e-01 5.36188465e-01
1004 3 7.85398163e-01 5.38339391e-01
1005 3 7.85398163e-01 5.34203648e-01
1006 3 7.85398163e-01 5.34719021e-01
1007 3 7.85398163e-01 5.34415036e-01
1008 3 7.85398163e-01 5.31143711e-01
1009 3 7.85398163e-01 5.36228932e-01
1010 3 7.85398163e-01 5.34173839e-01
1011 3 7.85398163e-01 5.37112988e-01
1012 3 7.85398163e-01 5.35251128e-01
0 4 1.04719755e+00 6.71609677e-01
1 4 1.04719755e+00 6.71449847e-01
2 4 1.04719755e+00 6.71675460e-01
3 4 1.04719755e+00 6.67458751e-01
4 4 1.04719755e+00 6.69717004e-01
5 4 1.04719755e+00 6.69161399e-01
6 4 1.04719755e+00 6.70491850e-01
7 4 1.04719755e+00 6.71610585e-01
8 4 1.04719755e+00 6.69121916e-01
9 4 1.04719755e+00 6.71347972e-01
10 4 1.04719755e+00 6.68281092e-01
11 4 1.04719755e+00 6.69124027e-01
12 4 1.04719755e+00 6.72851337e-01
13 4 1.04719755e+00 6.72747353e-01
14 4 1.04719755e+00 6.73629183e-01
15 4 1.04719755e+00 6.72566316e-01
16 4 1.04719755e+00 6.72502615e-01
17 4 1.04719755e+00 6.68565969e-01
18 4 1.04719755e+00 6.69530746e-01
19 4 1.04719755e+00 6.70551307e-01
20 4 1.04719755e+00 6.68066633e-01
21 4 1.04719755e+00 6.70444791e-01
22 4 1.04719755e+00 6.69477693e-01
23 4 1.04719755e+00 6.68952052e-01
24 4 1.04719755e+00 6.70142347e-01
25 4 1.04719755e+00 6.67993056e-01
26 4 1.04719755e+00 6.69950793e-01
27 4 1.04719755e+00 6.68126772e-01
28 4 1.04719755e+00 6.70965616e-01
29 4 1.04719755e+00 6.65294637e-01
30 4 1.04719755e+00 6.65689540e-01
31 4 1.04719755e+00 6.70267171e-01
32 4 1.04719755e+00 6.71646261e-01
33 4 1.04719755e+00 6.67710870e-01
34 4 1.04719755e+00 6.67608428e-01
35 4 1.04719755e+00 6.70738679e-01
36 4 1.04719755e+00 6.70730980e-01
37 4 1.04719755e+00 6.70181683e-01
38 4 1.04719755e+00 6.72684439e-01
39 4 1.04719755e+00 6.70236668e-01
40 4 1.04719755e+00 6.71846169e-01
41 4 1.04719755e+00 6.69285955e-01
42 4 1.04719755e+00 6.68868163e-01
43 4 1.04719755e+00 6.69854395e-01
44 4 1.04719755e+00 6.72370034e-01
45 4 1.04719755e+00 6.70870959e-01
46 4 1.04719755e+00 6.71332229e-01
47 4 1.04719755e+00 6.69589620e-01
48 4 1.04719755e+00 6.71508625e-01
49 4 1.04719755e+00 6.68708929e-01
50 4 1.04719755e+00 6.71174243e-01
51 4 1.04719755e+00 6.69986919e-01
52 4 1.04719755e+00 6.69889820e-01
53 4 1.04719755e+00 6.69250810e-01
54 4 1.04719755e+00 6.71490170e-01
55 4 1.04719755e+00 6.67309621e-01
56 4 1.04719755e+00 6.71385659e-01
57 4 1.04719755e+00 6.68758108e-01
58 4 1.04719755e+00 6.69546274e-01
59 4 1.04719755e+00 6.70970328e-01
60 4 1.04719755e+00 6.71628090e-01
61 4 1.04719755e+00 6.68109612e-01
62 4 1.04719755e+00 6.70269815e-01
63 4 1.04719755e+00 6.66699127e-01
64 4 1.04719755e+00 6.70700555e-01
65 4 1.04719755e+00 6.72297266e-01
66 4 1.04719755e+00 6.68718676e-01
67 4 1.04719755e+00 6.72014359e-01
68 4 1.04719755e+00 6.69305462e-01
69 4 1.04719755e+00 6.67257084e-01
70 4 1.04719755e+00 6.71165141e-01
71 4 1.04719755e+00 6.66839454e-01
72 4 1.04719755e+00 6.69958949e-01
73 4 1.04719755e+00 6.72078768e-01
74 4 1.04719755e+00 6.65706705e-01
75 4 1.04719755e+00 6.66701897e-01
76 4 1.04719755e+00 6.68792148e-01
77 4 1.04719755e+00 6.72933906e-01
78 4 1.04719755e+00 6.69105722e-01
79 4 1.04719755e+00 6.71066570e-01
80 4 1.04719755e+00 6.69715297e-01
81 4 1.04719755e+00 6.70933355e-01
82 4 1.04719755e+00 6.72599726e-01
83 4 1.04719755e+00 6.67756601e-01
84 4 1.04719755e+00 6.71227482e-01
85 4 1.04719755e+00 6.72885208e-01
86 4 1.04719755e+00 6.66110081e-01
87 4 1.04719755e+00 6.68311253e-01
88 4 1.04719755e+00 6.68199448e-01
89 4 1.04719755e+00 6.70085210e-01
90 4 1.04719755e+00 6.70015506e-01
91 4 1.04719755e+00 6.71366873e-01
92 4 1.04719755e+00 6.68958740e-01
93 4 1.04719755e+00 6.71314638e-01
94 4 1.04719755e+00 6.68488383e-01
95 4 1.04719755e+00 6.68714002e-01
96 4 1.04719755e+00 6.72101763e-01
97 4 1.04719755e+00 6.71589348e-01
98 4 1.04719755e+00 6.68733142e-01
99 4 1.04719755e+00 6.70012022e-01
100 4 1.04719755e+00 6.67867067e-01
101 4 1.04719755e+00 6.69397966e-01
102 4 1.04719755e+00 6.72083204e-01
103 4 1.04719755e+00 6.68879757e-01
104 4 1.04719755e+00 6.70879800e-01
105 4 1.04719755e+00 6.68118950e-01
106 4 1.04719755e+00 6.72173647e-01
107 4 1.04719755e+00 6.73449965e-01
108 4 1.04719755e+00 6.66936750e-01
109 4 1.04719755e+00 6.69670835e-01
110 4 1.04719755e+00 6.65631587e-01
111 4 1.04719755e+00 6.69367006e-01
112 4 1.04719755e+00 6.68894679e-01
113 4 1.04719755e+00 6.68065306e-01
114 4 1.04719755e+00 6.72544129e-01
115 4 1.04719755e+00 6.72076576e-01
116 4 1.04719755e+00 6.71761988e-01
117 4 1.04719755e+00 6.71448368e-01
118 4 1.04719755e+00 6.70284693e-01
119 4 1.04719755e+00 6.69491958e-01
120 4 1.04719755e+00 6.71263587e-01
121 4 1.04719755e+00 6.68223828e-01
122 4 1.04719755e+00 6.69389683e-01
123 4 1.04719755e+00 6.68013033e-01
124 4 1.04719755e+00 6.72393148e-01
125 4 1.04719755e+00 6.68711264e-01
126 4 1.04719755e+00 6.72425900e-01
127 4 1.04719755e+00 6.72423430e-01
128 4 1.04719755e+00 6.69626414e-01
129 4 1.04719755e+00 6.71384074e-01
130 4 1.04719755e+00 6.70176894e-01
131 4 1.04719755e+00 6.68044374e-01
132 4 1.04719755e+00 6.69851994e-01
133 4 1.04719755e+00 6.70325267e-01
134 4 1.04719755e+00 6.72888613e-01
135 4 1.04719755e+00 6.71141799e-01
136 4 1.04719755e+00 6.69243055e-01
137 4 1.04719755e+00 6.69192303e-01
138 4 1.04719755e+00 6.67679739e-01
139 4 1.04719755e+00 6.69787167e-01
140 4 1.04719755e+00 6.67891800e-01
141 4 1.04719755e+00 6.72310433e-01
142 4 1.04719755e+00 6.68581019e-01
143 4 1.04719755e+00 6.73450139e-01
144 4 1.04719755e+00 6.68456312e-01
145 4 1.04719755e+00 6.67258140e-01
146 4 1.04719755e+00 6.69510577e-01
147 4 1.04719755e+00 6.68779094e-01
148 4 1.04719755e+00 6.71199591e-01
149 4 1.04719755e+00 6.70277032e-01
150 4 1.04719755e+00 6.70576424e-01
151 4 1.04719755e+00 6.69958783e-01
152 4 1.04719755e+00 6.67724661e-01
153 4 1.04719755e+00 6.70901449e-01
154 4 1.04719755e+00 6.70158185e-01
155 4 1.04719755e+00 6.70045731e-01
156 4 1.04719755e+00 6.70732594e-01
157 4 1.04719755e+00 6.71109878e-01
158 4 1.04719755e+00 6.69329820e-01
159 4 1.04719755e+00 6.69512078e-01
160 4 1.04719755e+00 6.67969015e-01
161 4 1.04719755e+00 6.71576252e-01
162 4 1.04719755e+00 6.70835160e-01
163 4 1.04719755e+00 6.73095490e-01
164 4 1.04719755e+00 6.70396069e-01
165 4 1.04719755e+00 6.68871037e-01
166 4 1.04719755e+00 6.70403879e-01
167 4 1.04719755e+00 6.70013961e-01
168 4 1.04719755e+00 6.71409257e-01
169 4 1.04719755e+00 6.71292542e-01
170 4 1.04719755e+00 6.70130773e-01
171 4 1.04719755e+00 6.72611989e-01
172 4 1.04719755e+00 6.72324353e-01
173 4 1.04719755e+00 6.69853402e-01
174 4 1.04719755e+00 6.70730953e-01
175 4 1.04719755e+00 6.69864141e-01
176 4 1.04719755e+00 6.71594747e-01
177 4 1.04719755e+00 6.70633706e-01
178 4 1.04719755e+00 6.67639237e-01
179 4 1.04719755e+00 6.70149471e-01
180 4 1.04719755e+00 6.69524056e-01
181 4 1.04719755e+00 6.69248020e-01
182 4 1.04719755e+00 6.65560315e-01
183 4 1.04719755e+00 6.71814851e-01
184 4 1.04719755e+00 6.69255693e-01
185 4 1.04719755e+00 6.69319481e-01
186 4 1.04719755e+00 6.66517356e-01
187 4 1.04719755e+00 6.71959345e-01
188 4 1.04719755e+00 6.69534608e-01
189 4 1.04719755e+00 6.68693242e-01
190 4 1.04719755e+00 6.73711819e-01
191 4 1.04719755e+00 6.70855233e-01
192 4 1.04719755e+00 6.72656667e-01
193 4 1.04719755e+00 6.70254155e-01
194 4 1.04719755e+00 6.68071477e-01
195 4 1.04719755e+00 6.69046174e-01
196 4 1.04719755e+00 6.68541143e-01
197 4 1.04719755e+00 6.69751049e-01
198 4 1.04719755e+00 6.69029097e-01
199 4 1.04719755e+00 6.71644035e-01
200 4 1.04719755e+00 6.69732898e-01
201 4 1.04719755e+00 6.74626051e-01
202 4 1.04719755e+00 6.69051744e-01
203 4 1.04719755e+00 6.69300804e-01
204 4 1.04719755e+00 6.69454842e-01
205 4 1.04719755e+00 6.71730170e-01
206 4 1.04719755e+00 6.70256973e-01
207 4 1.04719755e+00 6.66934521e-01
208 4 1.04719755e+00 6.68880567e-01
209 4 1.04719755e+00 6.65719150e-01
210 4 1.04719755e+00 6.66498674e-01
211 4 1.04719755e+00 6.70980042e-01
212 4 1.04719755e+00 6.71258607e-01
213 4 1.04719755e+00 6.70199494e-01
214 4 1.04719755e+00 6.73722564e-01
215 4 1.04719755e+00 6.72165375e-01
216 4 1.04719755e+00 6.68692462e-01
217 4 1.04719755e+00 6.72661335e-01
218 4 1.04719755e+00 6.69431686e-01
219 4 1.04719755e+00 6.70370427e-01
220 4 1.04719755e+00 6.71385218e-01
221 4 1.04719755e+00 6.68651546e-01
222 4 1.04719755e+00 6.73172094e-01
223 4 1.04719755e+00 6.69311745e-01
224 4 1.04719755e+00 6.69326448e-01
225 4 1.04719755e+00 6.70406080e-01
226 4 1.04719755e+00 6.68769345e-01
227 4 1.04719755e+00 6.69363493e-01
228 4 1.04719755e+00 6.70583509e-01
229 4 1.04719755e+00 6.67880652e-01
230 4 1.04719755e+00 6.68526987e-01
231 4 1.04719755e+00 6.69585318e-01
232 4 1.04719755e+00 6.68896488e-01
233 4 1.04719755e+00 6.69911191e-01
234 4 1.04719755e+00 6.71173380e-01
235 4 1.04719755e+00 6.68511169e-01
236 4 1.04719755e+00 6.73254743e-01
237 4 1.04719755e+00 6.68600977e-01
238 4 1.04719755e+00 6.70292639e-01
239 4 1.04719755e+00 6.73779657e-01
240 4 1.04719755e+00 6.69135603e-01
241 4 1.04719755e+00 6.70376163e-01
242 4 1.04719755e+00 6.70775332e-01
243 4 1.04719755e+00 6.72957857e-01
244 4 1.04719755e+00 6.67042715e-01
245 4 1.04719755e+00 6.72585326e-01
246 4 1.04719755e+00 6.71748217e-01
247 4 1.04719755e+00 6.64557030e-01
248 4 1.04719755e+00 6.70572506e-01
249 4 1.04719755e+00 6.71670303e-01
250 4 1.04719755e+00 6.69880626e-01
251 4 1.04719755e+00 6.63503391e-01
252 4 1.04719755e+00 6.72448722e-01
253 4 1.04719755e+00 6.70670610e-01
254 4 1.04719755e+00 6.69143792e-01
255 4 1.04719755e+00 6.71308779e-01
256 4 1.04719755e+00 6.67923917e-01
257 4 1.04719755e+00 6.69346294e-01
258 4 1.04719755e+00 6.65653171e-01
259 4 1.04719755e+00 6.70084675e-01
260 4 1.04719755e+00 6.70658748e-01
261 4 1.04719755e+00 6.72723024e-01
262 4 1.04719755e+00 6.69982701e-01
263 4 1.04719755e+00 6.69604057e-01
264 4 1.04719755e+00 6.68697502e-01
265 4 1.04719755e+00 6.68989700e-01
266 4 1.04719755e+00 6.71971642e-01
267 4 1.04719755e+00 6.67772519e-01
268 4 1.04719755e+00 6.70216292e-01
269 4 1.04719755e+00 6.68037108e-01
270 4 1.04719755e+00 6.68257221e-01
271 4 1.04719755e+00 6.72516167e-01
272 4 1.04719755e+00 6.65479188e-01
273 4 1.04719755e+00 6.69138673e-01
274 4 1.04719755e+00 6.70992105e-01
275 4 1.04719755e+00 6.67119070e-01
276 4 1.04719755e+00 6.68173559e-01
277 4 1.04719755e+00 6.68270316e-01
278 4 1.04719755e+00 6.70705214e-01
279 4 1.04719755e+00 6.69349595e-01
280 4 1.04719755e+00 6.71410866e-01
281 4 1.04719755e+00 6.68205138e-01
282 4 1.04719755e+00 6.68717991e-01
283 4 1.04719755e+00 6.72553421e-01
284 4 1.04719755e+00 6.76083327e-01
285 4 1.04719755e+00 6.71734062e-01
286 4 1.04719755e+00 6.69934814e-01
287 4 1.04719755e+00 6.71233368e-01
288 4 1.04719755e+00 6.69710300e-01
289 4 1.04719755e+00 6.68808864e-01
290 4 1.04719755e+00 6.66644302e-01
291 4 1.04719755e+00 6.70164967e-01
292 4 1.04719755e+00 6.70660002e-01
293 4 1.04719755e+00 6.69130540e-01
294 4 1.04719755e+00 6.72293395e-01
295 4 1.04719755e+00 6.71916889e-01
296 4 1.04719755e+00 6.69643384e-01
297 4 1.04719755e+00 6.71931123e-01
298 4 1.04719755e+00 6.70194045e-01
299 4 1.04719755e+00 6.69730912e-01
300 4 1.04719755e+00 6.72820149e-01
301 4 1.04719755e+00 6.69265866e-01
302 4 1.04719755e+00 6.70271367e-01
303 4 1.04719755e+00 6.72234571e-01
304 4 1.04719755e+00 6.72129562e-01
305 4 1.04719755e+00 6.69643519e-01
306 4 1.04719755e+00 6.68164527e-01
307 4 1.04719755e+00 6.67829864e-01
308 4 1.04719755e+00 6.66217178e-01
309 4 1.04719755e+00 6.67247263e-01
310 4 1.04719755e+00 6.73324432e-01
311 4 1.04719755e+00 6.72559167e-01
312 4 1.04719755e+00 6.71508960e-01
313 4 1.04719755e+00 6.68264064e-01
314 4 1.04719755e+00 6.66538410e-01
315 4 1.04719755e+00 6.67246099e-01
316 4 1.04719755e+00 6.69825180e-01
317 4 1.04719755e+00 6.70497499e-01
318 4 1.04719755e+00 6.69776069e-01
319 4 1.04719755e+00 6.69509267e-01
320 4 1.04719755e+00 6.69549137e-01
321 4 1.04719755e+00 6.68430343e-01
322 4 1.04719755e+00 6.69160747e-01
323 4 1.04719755e+00 6.65668980e-01
324 4 1.04719755e+00 6.68320344e-01
325 4 1.04719755e+00 6.71175179e-01
326 4 1.04719755e+00 6.69608048e-01
327 4 1.04719755e+00 6.65935302e-01
328 4 1.04719755e+00 6.68180690e-01
329 4 1.04719755e+00 6.70642971e-01
330 4 1.04719755e+00 6.71857748e-01
331 4 1.04719755e+00 6.66844560e-01
332 4 1.04719755e+00 6.69072623e-01
333 4 1.04719755e+00 6.69016992e-01
334 4 1.04719755e+00 6.68101958e-01
335 4 1.04719755e+00 6.68860224e-01
336 4 1.04719755e+00 6.70284395e-01
337 4 1.04719755e+00 6.70034276e-01
338 4 1.04719755e+00 6.73131546e-01
339 4 1.04719755e+00 6.71576727e-01
340 4 1.04719755e+00 6.72476654e-01
341 4 1.04719755e+00 6.70194727e-01
342 4 1.04719755e+00 6.73456818e-01
343 4 1.04719755e+00 6.72259950e-01
344 4 1.04719755e+00 6.70811471e-01
345 4 1.04719755e+00 6.70814831e-01
346 4 1.04719755e+00 6.69814124e-01
347 4 1.04719755e+00 6.67976144e-01
348 4 1.04719755e+00 6.71086124e-01
349 4 1.04719755e+00 6.67563371e-01
350 4 1.04719755e+00 6.70626036e-01
351 4 1.04719755e+00 6.70074087e-01
352 4 1.04719755e+00 6.68217136e-01
353 4 1.04719755e+00 6.69715127e-01
354 4 1.04719755e+00 6.68696406e-01
355 4 1.04719755e+00 6.74469323e-01
356 4 1.04719755e+00 6.70661592e-01
357 4 1.04719755e+00 6.68915306e-01
358 4 1.04719755e+00 6.71459783e-01
359 4 1.04719755e+00 6.67651012e-01
360 4 1.04719755e+00 6.73399333e-01
361 4 1.04719755e+00 6.72561102e-01
362 4 1.04719755e+00 6.70671876e-01
363 4 1.04719755e+00 6.67086721e-01
364 4 1.04719755e+00 6.69993146e-01
365 4 1.04719755e+00 6.70765112e-01
366 4 1.04719755e+00 6.74069457e-01
367 4 1.04719755e+00 6.70741205e-01
368 4 1.04719755e+00 6.70293200e-01
369 4 1.04719755e+00 6.67048361e-01
370 4 1.04719755e+00 6.68362697e-01
371 4 1.04719755e+00 6.69623068e-01
372 4 1.04719755e+00 6.71782904e-01
373 4 1.04719755e+00 6.69951030e-01
374 4 1.04719755e+00 6.69218334e-01
375 4 1.04719755e+00 6.69845046e-01
376 4 1.04719755e+00 6.68676725e-01
377 4 1.04719755e+00 6.71527736e-01
378 4 1.04719755e+00 6.71837103e-01
379 4 1.04719755e+00 6.69023560e-01
380 4 1.04719755e+00 6.67081803e-01
381 4 1.04719755e+00 6.70005928e-01
382 4 1.04719755e+00 6.69312668e-01
383 4 1.04719755e+00 6.69829178e-01
384 4 1.04719755e+00 6.69498816e-01
385 4 1.04719755e+00 6.70506011e-01
386 4 1.04719755e+00 6.68933318e-01
387 4 1.04719755e+00 6.68825817e-01
388 4 1.04719755e+00 6.70163163e-01
389 4 1.04719755e+00 6.72024208e-01
390 4 1.04719755e+00 6.66593686e-01
391 4 1.04719755e+00 6.66641161e-01
392 4 1.04719755e+00 6.72546784e-01
393 4 1.04719755e+00 6.71928155e-01
394 4 1.04719755e+00 6.72672504e-01
395 4 1.04719755e+00 6.70699182e-01
396 4 1.04719755e+00 6.74082453e-01
397 4 1.04719755e+00 6.72483765e-01
398 4 1.04719755e+00 6.75117621e-01
399 4 1.04719755e+00 6.67435221e-01
400 4 1.04719755e+00 6.68452988e-01
401 4 1.04719755e+00 6.72549642e-01
402 4 1.04719755e+00 6.68849484e-01
403 4 1.04719755e+00 6.74212338e-01
404 4 1.04719755e+00 6.70293938e-01
405 4 1.04719755e+00 6.68660337e-01
406 4 1.04719755e+00 6.66049398e-01
407 4 1.04719755e+00 6.72026090e-01
408 4 1.04719755e+00 6.64816903e-01
409 4 1.04719755e+00 6.72436759e-01
410 4 1.04719755e+00 6.71785987e-01
411 4 1.04719755e+00 6.72148610e-01
412 4 1.04719755e+00 6.71735833e-01
413 4 1.04719755e+00 6.72473022e-01
414 4 1.04719755e+00 6.69228801e-01
415 4 1.04719755e+00 6.69701069e-01
416 4 1.04719755e+00 6.68009503e-01
417 4 1.04719755e+00 6.69931242e-01
418 4 1.04719755e+00 6.69260411e-01
419 4 1.04719755e+00 6.72759651e-01
420 4 1.04719755e+00 6.70582689e-01
421 4 1.04719755e+00 6.68878362e-01
422 4 1.04719755e+00 6.67446160e-01
423 4 1.04719755e+00 6.69711063e-01
424 4 1.04719755e+00 6.67364895e-01
425 4 1.04719755e+00 6.72269029e-01
426 4 1.04719755e+00 6.68258472e-01
427 4 1.04719755e+00 6.69359654e-01
428 4 1.04719755e+00 6.71986439e-01
429 4 1.04719755e+00 6.71785026e-01
430 4 1.04719755e+00 6.71517818e-01
431 4 1.04719755e+00 6.69467970e-01
432 4 1.04719755e+00 6.68972320e-01
433 4 1.04719755e+00 6.72310076e-01
434 4 1.04719755e+00 6.71934211e-01
435 4 1.04719755e+00 6.69635555e-01
436 4 1.04719755e+00 6.70160744e-01
437 4 1.04719755e+00 6.69554669e-01
438 4 1.04719755e+00 6.71851720e-01
439 4 1.04719755e+00 6.68426486e-01
440 4 1.04719755e+00 6.68616273e-01
441 4 1.04719755e+00 6.62577527e-01
442 4 1.04719755e+00 6.71304728e-01
443 4 1.04719755e+00 6.69587991e-01
444 4 1.04719755e+00 6.70630439e-01
445 4 1.04719755e+00 6.71277305e-01
446 4 1.04719755e+00 6.71170933e-01
447 4 1.04719755e+00 6.69442741e-01
448 4 1.04719755e+00 6.72163039e-01
449 4 1.04719755e+00 6.73582446e-01
450 4 1.04719755e+00 6.69513207e-01
451 4 1.04719755e+00 6.72796010e-01
452 4 1.04719755e+00 6.75076034e-01
453 4 1.04719755e+00 6.69501570e-01
454 4 1.04719755e+00 6.71010557e-01
455 4 1.04719755e+00 6.68098650e-01
456 4 1.04719755e+00 6.66667561e-01
457 4 1.04719755e+00 6.69501448e-01
458 4 1.04719755e+00 6.68743684e-01
459 4 1.04719755e+00 6.69394766e-01
460 4 1.04719755e+00 6.70427043e-01
461 4 1.04719755e+00 6.71183677e-01
462 4 1.04719755e+00 6.70280039e-01
463 4 1.04719755e+00 6.72503956e-01
464 4 1.04719755e+00 6.72356920e-01
465 4 1.04719755e+00 6.71968215e-01
466 4 1.04719755e+00 6.69766666e-01
467 4 1.04719755e+00 6.69472457e-01
468 4 1.04719755e+00 6.70208685e-01
469 4 1.04719755e+00 6.69248045e-01
470 4 1.04719755e+00 6.71692729e-01
471 4 1.04719755e+00 6.66918079e-01
472 4 1.04719755e+00 6.68380715e-01
473 4 1.04719755e+00 6.71359949e-01
474 4 1.04719755e+00 6.70790739e-01
475 4 1.04719755e+00 6.69129573e-01
476 4 1.04719755e+00 6.68984569e-01
477 4 1.04719755e+00 6.64296272e-01
478 4 1.04719755e+00 6.71501400e-01
479 4 1.04719755e+00 6.69493461e-01
480 4 1.04719755e+00 6.69853288e-01
481 4 1.04719755e+00 6.70655130e-01
482 4 1.04719755e+00 6.67995391e-01
483 4 1.04719755e+00 6.72577432e-01
484 4 1.04719755e+00 6.69927669e-01
485 4 1.04719755e+00 6.70946763e-01
486 4 1.04719755e+00 6.70578032e-01
487 4 1.04719755e+00 6.71640290e-01
488 4 1.04719755e+00 6.67868200e-01
489 4 1.04719755e+00 6.69045180e-01
490 4 1.04719755e+00 6.68017414e-01
491 4 1.04719755e+00 6.67989632e-01
492 4 1.04719755e+00 6.70425155e-01
493 4 1.04719755e+00 6.70112948e-01
494 4 1.04719755e+00 6.71393299e-01
495 4 1.04719755e+00 6.74382490e-01
496 4 1.04719755e+00 6.70516570e-01
497 4 1.04719755e+00 6.69613782e-01
498 4 1.04719755e+00 6.70162667e-01
499 4 1.04719755e+00 6.64605662e-01
500 4 1.04719755e+00 6.68174484e-01
501 4 1.04719755e+00 6.69826645e-01
502 4 1.04719755e+00 6.71678510e-01
503 4 1.04719755e+00 6.69797904e-01
504 4 1.04719755e+00 6.65566842e-01
505 4 1.04719755e+00 6.69920032e-01
506 4 1.04719755e+00 6.71171794e-01
507 4 1.04719755e+00 6.68015511e-01
508 4 1.04719755e+00 6.70785733e-01
509 4 1.04719755e+00 6.70006822e-01
510 4 1.04719755e+00 6.72297188e-01
511 4 1.04719755e+00 6.70962645e-01
512 4 1.04719755e+00 6.68495032e-01
513 4 1.04719755e+00 6.72729687e-01
514 4 1.04719755e+00 6.68888356e-01
515 4 1.04719755e+00 6.70347742e-01
516 4 1.04719755e+00 6.68975914e-01
517 4 1.04719755e+00 6.71370597e-01
518 4 1.04719755e+00 6.68011598e-01
519 4 1.04719755e+00 6.68020438e-01
520 4 1.04719755e+00 6.65955288e-01
521 4 1.04719755e+00 6.64745650e-01
522 4 1.04719755e+00 6.70553780e-01
523 4 1.04719755e+00 6.68636261e-01
524 4 1.04719755e+00 6.68512167e-01
525 4 1.04719755e+00 6.71175658e-01
526 4 1.04719755e+00 6.69659108e-01
527 4 1.04719755e+00 6.69033920e-01
528 4 1.04719755e+00 6.71298515e-01
529 4 1.04719755e+00 6.71451588e-01
530 4 1.04719755e+00 6.70324091e-01
531 4 1.04719755e+00 6.69910889e-01
532 4 1.04719755e+00 6.71724842e-01
533 4 1.04719755e+00 6.72373635e-01
534 4 1.04719755e+00 6.73662862e-01
535 4 1.04719755e+00 6.69492928e-01
536 4 1.04719755e+00 6.75268383e-01
537 4 1.04719755e+00 6.73286526e-01
538 4 1.04719755e+00 6.71179469e-01
539 4 1.04719755e+00 6.72030035e-01
540 4 1.04719755e+00 6.70341164e-01
541 4 1.04719755e+00 6.70799788e-01
542 4 1.04719755e+00 6.71759323e-01
543 4 1.04719755e+00 6.69200254e-01
544 4 1.04719755e+00 6.69307320e-01
545 4 1.04719755e+00 6.69082975e-01
546 4 1.04719755e+00 6.72169597e-01
547 4 1.04719755e+00 6.72643677e-01
548 4 1.04719755e+00 6.70999859e-01
549 4 1.04719755e+00 6.69792795e-01
550 4 1.04719755e+00 6.68467740e-01
551 4 1.04719755e+00 6.69333771e-01
552 4 1.04719755e+00 6.70447355e-01
553 4 1.04719755e+00 6.67651782e-01
554 4 1.04719755e+00 6.69368736e-01
555 4 1.04719755e+00 6.69462938e-01
556 4 1.04719755e+00 6.66836501e-01
557 4 1.04719755e+00 6.70101023e-01
558 4 1.04719755e+00 6.68625016e-01
559 4 1.04719755e+00 6.67451164e-01
560 4 1.04719755e+00 6.74315670e-01
561 4 1.04719755e+00 6.70050008e-01
562 4 1.04719755e+00 6.72113103e-01
563 4 1.04719755e+00 6.70357161e-01
564 4 1.04719755e+00 6.72857099e-01
565 4 1.04719755e+00 6.71654765e-01
566 4 1.04719755e+00 6.70256855e-01
567 4 1.04719755e+00 6.70721009e-01
568 4 1.04719755e+00 6.71051119e-01
569 4 1.04719755e+00 6.70716271e-01
570 4 1.04719755e+00 6.72818972e-01
571 4 1.04719755e+00 6.69003066e-01
572 4 1.04719755e+00 6.67422259e-01
573 4 1.04719755e+00 6.65744954e-01
574 4 1.04719755e+00 6.65130108e-01
575 4 1.04719755e+00 6.72031186e-01
576 4 1.04719755e+00 6.70104579e-01
577 4 1.04719755e+00 6.69843930e-01
578 4 1.04719755e+00 6.68719384e-01
579 4 1.04719755e+00 6.70318277e-01
580 4 1.04719755e+00 6.66913127e-01
581 4 1.04719755e+00 6.70701530e-01
582 4 1.04719755e+00 6.69697660e-01
583 4 1.04719755e+00 6.70966483e-01
584 4 1.04719755e+00 6.68166534e-01
585 4 1.04719755e+00 6.71269855e-01
586 4 1.04719755e+00 6.69051589e-01
587 4 1.04719755e+00 6.69591124e-01
588 4 1.04719755e+00 6.65932354e-01
589 4 1.04719755e+00 6.70795524e-01
590 4 1.04719755e+00 6.67579265e-01
591 4 1.04719755e+00 6.71570093e-01
592 4 1.04719755e+00 6.71385400e-01
593 4 1.04719755e+00 6.71405619e-01
594 4 1.04719755e+00 6.70922684e-01
595 4 1.04719755e+00 6.72765927e-01
596 4 1.04719755e+00 6.73348930e-01
597 4 1.04719755e+00 6.73323841e-01
598 4 1.04719755e+00 6.70356131e-01
599 4 1.04719755e+00 6.70557551e-01
600 4 1.04719755e+00 6.71674624e-01
601 4 1.04719755e+00 6.72944144e-01
602 4 1.04719755e+00 6.66580428e-01
603 4 1.04719755e+00 6.68775124e-01
604 4 1.04719755e+00 6.70514171e-01
605 4 1.04719755e+00 6.69321730e-01
606 4 1.04719755e+00 6.70414987e-01
607 4 1.04719755e+00 6.69885883e-01
608 4 1.04719755e+00 6.71033178e-01
609 4 1.04719755e+00 6.65764387e-01
610 4 1.04719755e+00 6.70638048e-01
611 4 1.04719755e+00 6.70219493e-01
612 4 1.04719755e+00 6.71458590e-01
613 4 1.04719755e+00 6.69506704e-01
614 4 1.04719755e+00 6.71222880e-01
615 4 1.04719755e+00 6.67035645e-01
616 4 1.04719755e+00 6.70959716e-01
617 4 1.04719755e+00 6.71356323e-01
618 4 1.04719755e+00 6.69132554e-01
619 4 1.04719755e+00 6.71414956e-01
620 4 1.04719755e+00 6.70694465e-01
621 4 1.04719755e+00 6.70793626e-01
622 4 1.04719755e+00 6.69405364e-01
623 4 1.04719755e+00 6.70624397e-01
624 4 1.04719755e+00 6.70631183e-01
625 4 1.04719755e+00 6.69541761e-01
626 4 1.04719755e+00 6.69038786e-01
627 4 1.04719755e+00 6.72906665e-01
628 4 1.04719755e+00 6.68255166e-01
629 4 1.04719755e+00 6.66029698e-01
630 4 1.04719755e+00 6.65584604e-01
631 4 1.04719755e+00 6.70984911e-01
632 4 1.04719755e+00 6.72240733e-01
633 4 1.04719755e+00 6.65748988e-01
634 4 1.04719755e+00 6.72004285e-01
635 4 1.04719755e+00 6.69271245e-01
636 4 1.04719755e+00 6.68899676e-01
637 4 1.04719755e+00 6.64146504e-01
638 4 1.04719755e+00 6.71779241e-01
639 4 1.04719755e+00 6.66780578e-01
640 4 1.04719755e+00 6.69647097e-01
641 4 1.04719755e+00 6.70241418e-01
642 4 1.04719755e+00 6.69176505e-01
643 4 1.04719755e+00 6.71231702e-01
644 4 1.04719755e+00 6.74653523e-01
645 4 1.04719755e+00 6.71312394e-01
646 4 1.04719755e+00 6.66353642e-01
647 4 1.04719755e+00 6.69361465e-01
648 4 1.04719755e+00 6.70041154e-01
649 4 1.04719755e+00 6.68323138e-01
650 4 1.04719755e+00 6.68511479e-01
651 4 1.04719755e+00 6.68583093e-01
652 4 1.04719755e+00 6.70539329e-01
653 4 1.04719755e+00 6.72248603e-01
654 4 1.04719755e+00 6.66759652e-01
655 4 1.04719755e+00 6.70992243e-01
656 4 1.04719755e+00 6.68607751e-01
657 4 1.04719755e+00 6.71192890e-01
658 4 1.04719755e+00 6.73002365e-01
659 4 1.04719755e+00 6.69525787e-01
660 4 1.04719755e+00 6.68276894e-01
661 4 1.04719755e+00 6.70609125e-01
662 4 1.04719755e+00 6.69223455e-01
663 4 1.04719755e+00 6.70505288e-01
664 4 1.04719755e+00 6.72665876e-01
665 4 1.04719755e+00 6.68992222e-01
666 4 1.04719755e+00 6.69871044e-01
667 4 1.04719755e+00 6.69089563e-01
668 4 1.04719755e+00 6.71557230e-01
669 4 1.04719755e+00 6.68916026e-01
670 4 1.04719755e+00 6.71554824e-01
671 4 1.04719755e+00 6.70090207e-01
672 4 1.04719755e+00 6.70311959e-01
673 4 1.04719755e+00 6.73215003e-01
674 4 1.04719755e+00 6.67871445e-01
675 4 1.04719755e+00 6.67139719e-01
676 4 1.04719755e+00 6.68845125e-01
677 4 1.04719755e+00 6.73342974e-01
678 4 1.04719755e+00 6.70562883e-01
679 4 1.04719755e+00 6.67241633e-01
680 4 1.04719755e+00 6.71324122e-01
681 4 1.04719755e+00 6.67832888e-01
682 4 1.04719755e+00 6.69453312e-01
683 4 1.04719755e+00 6.67569334e-01
684 4 1.04719755e+00 6.70176479e-01
685 4 1.04719755e+00 6.68012876e-01
686 4 1.04719755e+00 6.70211891e-01
687 4 1.04719755e+00 6.70931633e-01
688 4 1.04719755e+00 6.66198422e-01
689 4 1.04719755e+00 6.70210796e-01
690 4 1.04719755e+00 6.69396588e-01
691 4 1.04719755e+00 6.70942041e-01
692 4 1.04719755e+00 6.71948850e-01
693 4 1.04719755e+00 6.69878284e-01
694 4 1.04719755e+00 6.69394021e-01
695 4 1.04719755e+00 6.67913639e-01
696 4 1.04719755e+00 6.70317322e-01
697 4 1.04719755e+00 6.70589839e-01
698 4 1.04719755e+00 6.71182771e-01
699 4 1.04719755e+00 6.71327618e-01
700 4 1.04719755e+00 6.73855413e-01
701 4 1.04719755e+00 6.72873485e-01
702 4 1.04719755e+00 6.67808579e-01
703 4 1.04719755e+00 6.71663362e-01
704 4 1.04719755e+00 6.67073239e-01
705 4 1.04719755e+00 6.69990859e-01
706 4 1.04719755e+00 6.72551211e-01
707 4 1.04719755e+00 6.68114915e-01
708 4 1.04719755e+00 6.71384295e-01
709 4 1.04719755e+00 6.69625283e-01
710 4 1.04719755e+00 6.69121097e-01
711 4 1.04719755e+00 6.70842794e-01
712 4 1.04719755e+00 6.73005034e-01
713 4 1.04719755e+00 6.70749141e-01
714 4 1.04719755e+00 6.68046187e-01
715 4 1.04719755e+00 6.70973259e-01
716 4 1.04719755e+00 6.69979415e-01
717 4 1.04719755e+00 6.67658907e-01
718 4 1.04719755e+00 6.67019311e-01
719 4 1.04719755e+00 6.66286410e-01
720 4 1.04719755e+00 6.69393233e-01
721 4 1.04719755e+00 6.71546848e-01
722 4 1.04719755e+00 6.70406696e-01
723 4 1.04719755e+00 6.68187077e-01
724 4 1.04719755e+00 6.69008760e-01
725 4 1.04719755e+00 6.66595376e-01
726 4 1.04719755e+00 6.71039126e-01
727 4 1.04719755e+00 6.69287493e-01
728 4 1.04719755e+00 6.70185955e-01
729 4 1.04719755e+00 6.70293822e-01
730 4 1.04719755e+00 6.67411022e-01
731 4 1.04719755e+00 6.70905813e-01
732 4 1.04719755e+00 6.67991740e-01
733 4 1.04719755e+00 6.73346521e-01
734 4 1.04719755e+00 6.70262355e-01
735 4 1.04719755e+00 6.70773053e-01
736 4 1.04719755e+00 6.68625678e-01
737 4 1.04719755e+00 6.69884182e-01
738 4 1.04719755e+00 6.71703228e-01
739 4 1.04719755e+00 6.68662716e-01
740 4 1.04719755e+00 6.69324701e-01
741 4 1.04719755e+00 6.70955742e-01
742 4 1.04719755e+00 6.68991699e-01
743 4 1.04719755e+00 6.70112200e-01
744 4 1.04719755e+00 6.70489655e-01
745 4 1.04719755e+00 6.70584700e-01
746 4 1.04719755e+00 6.66913921e-01
747 4 1.04719755e+00 6.70556940e-01
748 4 1.04719755e+00 6.71114967e-01
749 4 1.04719755e+00 6.71082178e-01
750 4 1.04719755e+00 6.68804420e-01
751 4 1.04719755e+00 6.71919212e-01
752 4 1.04719755e+00 6.71592724e-01
753 4 1.04719755e+00 6.71279913e-01
754 4 1.04719755e+00 6.69496082e-01
755 4 1.04719755e+00 6.67103865e-01
756 4 1.04719755e+00 6.71154165e-01
757 4 1.04719755e+00 6.67895747e-01
758 4 1.04719755e+00 6.68262565e-01
759 4 1.04719755e+00 6.69255292e-01
760 4 1.04719755e+00 6.68055544e-01
761 4 1.04719755e+00 6.69422337e-01
762 4 1.04719755e+00 6.72660510e-01
763 4 1.04719755e+00 6.72225789e-01
764 4 1.04719755e+00 6.72267024e-01
765 4 1.04719755e+00 6.71624250e-01
766 4 1.04719755e+00 6.69039528e-01
767 4 1.04719755e+00 6.69830612e-01
768 4 1.04719755e+00 6.70512836e-01
769 4 1.04719755e+00 6.71389674e-01
770 4 1.04719755e+00 6.71322250e-01
771 4 1.04719755e+00 6.73562630e-01
772 4 1.04719755e+00 6.70126509e-01
773 4 1.04719755e+00 6.69356599e-01
774 4 1.04719755e+00 6.69008977e-01
775 4 1.04719755e+00 6.69867616e-01
776 4 1.04719755e+00 6.71934445e-01
777 4 1.04719755e+00 6.71780215e-01
778 4 1.04719755e+00 6.71673628e-01
779 4 1.04719755e+00 6.72429340e-01
780 4 1.04719755e+00 6.71746985e-01
781 4 1.04719755e+00 6.72284091e-01
782 4 1.04719755e+00 6.70631403e-01
783 4 1.04719755e+00 6.65821656e-01
784 4 1.04719755e+00 6.70419001e-01
785 4 1.04719755e+00 6.68035767e-01
786 4 1.04719755e+00 6.70198313e-01
787 4 1.04719755e+00 6.66763813e-01
788 4 1.04719755e+00 6.67422285e-01
789 4 1.04719755e+00 6.67128755e-01
790 4 1.04719755e+00 6.67104243e-01
791 4 1.04719755e+00 6.71347616e-01
792 4 1.04719755e+00 6.71198954e-01
793 4 1.04719755e+00 6.67285984e-01
794 4 1.04719755e+00 6.69689179e-01
795 4 1.04719755e+00 6.71707763e-01
796 4 1.04719755e+00 6.68917282e-01
797 4 1.04719755e+00 6.67782257e-01
798 4 1.04719755e+00 6.69687077e-01
799 4 1.04719755e+00 6.71644023e-01
800 4 1.04719755e+00 6.72892175e-01
801 4 1.04719755e+00 6.69990551e-01
802 4 1.04719755e+00 6.72939944e-01
803 4 1.04719755e+00 6.72915209e-01
804 4 1.04719755e+00 6.72440271e-01
805 4 1.04719755e+00 6.70721200e-01
806 4 1.04719755e+00 6.72903624e-01
807 4 1.04719755e+00 6.70532430e-01
808 4 1.04719755e+00 6.70609690e-01
809 4 1.04719755e+00 6.70568610e-01
810 4 1.04719755e+00 6.67828307e-01
811 4 1.04719755e+00 6.68760273e-01
812 4 1.04719755e+00 6.66024402e-01
813 4 1.04719755e+00 6.72972638e-01
814 4 1.04719755e+00 6.69632949e-01
815 4 1.04719755e+00 6.71189272e-01
816 4 1.04719755e+00 6.69703447e-01
817 4 1.04719755e+00 6.71727790e-01
818 4 1.04719755e+00 6.66332012e-01
819 4 1.04719755e+00 6.70407546e-01
820 4 1.04719755e+00 6.70749121e-01
821 4 1.04719755e+00 6.68844449e-01
822 4 1.04719755e+00 6.70082897e-01
823 4 1.04719755e+00 6.69127893e-01
824 4 1.04719755e+00 6.70138512e-01
825 4 1.04719755e+00 6.67440145e-01
826 4 1.04719755e+00 6.69807811e-01
827 4 1.04719755e+00 6.68982016e-01
828 4 1.04719755e+00 6.70320104e-01
829 4 1.04719755e+00 6.68698192e-01
830 4 1.04719755e+00 6.69645930e-01
831 4 1.04719755e+00 6.70652666e-01
832 4 1.04719755e+00 6.72112595e-01
833 4 1.04719755e+00 6.70661803e-01
834 4 1.04719755e+00 6.69356801e-01
835 4 1.04719755e+00 6.72416422e-01
836 4 1.04719755e+00 6.69552502e-01
837 4 1.04719755e+00 6.74758334e-01
838 4 1.04719755e+00 6.71249124e-01
839 4 1.04719755e+00 6.70150046e-01
840 4 1.04719755e+00 6.69063120e-01
841 4 1.04719755e+00 6.68986841e-01
842 4 1.04719755e+00 6.69696480e-01
843 4 1.04719755e+00 6.71286878e-01
844 4 1.04719755e+00 6.73414554e-01
845 4 1.04719755e+00 6.69095124e-01
846 4 1.04719755e+00 6.67548439e-01
847 4 1.04719755e+00 6.72973202e-01
848 4 1.04719755e+00 6.70494771e-01
849 4 1.04719755e+00 6.69613249e-01
850 4 1.04719755e+00 6.67675495e-01
851 4 1.04719755e+00 6.68436541e-01
852 4 1.04719755e+00 6.73539093e-01
853 4 1.04719755e+00 6.69959430e-01
854 4 1.04719755e+00 6.67397262e-01
855 4 1.04719755e+00 6.69454313e-01
856 4 1.04719755e+00 6.70088800e-01
857 4 1.04719755e+00 6.70788739e-01
858 4 1.04719755e+00 6.72111294e-01
859 4 1.04719755e+00 6.72726282e-01
860 4 1.04719755e+00 6.69451796e-01
861 4 1.04719755e+00 6.67647754e-01
862 4 1.04719755e+00 6.72009721e-01
863 4 1.04719755e+00 6.72083402e-01
864 4 1.04719755e+00 6.68351567e-01
865 4 1.04719755e+00 6.67682759e-01
866 4 1.04719755e+00 6.72346833e-01
867 4 1.04719755e+00 6.70057471e-01
868 4 1.04719755e+00 6.69350190e-01
869 4 1.04719755e+00 6.72652468e-01
870 4 1.04719755e+00 6.69390723e-01
871 4 1.04719755e+00 6.67340251e-01
872 4 1.04719755e+00 6.70541106e-01
873 4 1.04719755e+00 6.69562404e-01
874 4 1.04719755e+00 6.71439141e-01
875 4 1.04719755e+00 6.70811969e-01
876 4 1.04719755e+00 6.69752437e-01
877 4 1.04719755e+00 6.71742361e-01
878 4 1.04719755e+00 6.67431152e-01
879 4 1.04719755e+00 6.69829357e-01
880 4 1.04719755e+00 6.72448550e-01
881 4 1.04719755e+00 6.69875332e-01
882 4 1.04719755e+00 6.67491413e-01
883 4 1.04719755e+00 6.69990725e-01
884 4 1.04719755e+00 6.68552247e-01
885 4 1.04719755e+00 6.68949585e-01
886 4 1.04719755e+00 6.66786832e-01
887 4 1.04719755e+00 6.73344568e-01
888 4 1.04719755e+00 6.69040400e-01
889 4 1.04719755e+00 6.72331302e-01
890 4 1.04719755e+00 6.71887276e-01
891 4 1.04719755e+00 6.71670124e-01
892 4 1.04719755e+00 6.70095721e-01
893 4 1.04719755e+00 6.69261705e-01
894 4 1.04719755e+00 6.70759501e-01
895 4 1.04719755e+00 6.72497493e-01
896 4 1.04719755e+00 6.68040708e-01
897 4 1.04719755e+00 6.70258623e-01
898 4 1.04719755e+00 6.72438412e-01
899 4 1.04719755e+00 6.70898998e-01
900 4 1.04719755e+00 6.70304132e-01
901 4 1.04719755e+00 6.68046473e-01
902 4 1.04719755e+00 6.70398390e-01
903 4 1.04719755e+00 6.72005057e-01
904 4 1.04719755e+00 6.68692183e-01
905 4 1.04719755e+00 6.68789212e-01
906 4 1.04719755e+00 6.71338441e-01
907 4 1.04719755e+00 6.71248258e-01
908 4 1.04719755e+00 6.68552343e-01
909 4 1.04719755e+00 6.70505223e-01
910 4 1.04719755e+00 6.70644594e-01
911 4 1.04719755e+00 6.74178902e-01
912 4 1.04719755e+00 6.69156369e-01
913 4 1.04719755e+00 6.70289923e-01
914 4 1.04719755e+00 6.70271916e-01
915 4 1.04719755e+00 6.72610877e-01
916 4 1.04719755e+00 6.70099491e-01
917 4 1.04719755e+00 6.70484265e-01
918 4 1.04719755e+00 6.69645041e-01
919 4 1.04719755e+00 6.68652830e-01
920 4 1.04719755e+00 6.71291029e-01
921 4 1.04719755e+00 6.67990410e-01
922 4 1.04719755e+00 6.69586910e-01
923 4 1.04719755e+00 6.66796865e-01
924 4 1.04719755e+00 6.69399356e-01
925 4 1.04719755e+00 6.67736836e-01
926 4 1.04719755e+00 6.69678915e-01
927 4 1.04719755e+00 6.68575797e-01
928 4 1.04719755e+00 6.68114329e-01
929 4 1.04719755e+00 6.71416902e-01
930 4 1.04719755e+00 6.69742283e-01
931 4 1.04719755e+00 6.67320403e-01
932 4 1.04719755e+00 6.70829740e-01
933 4 1.04719755e+00 6.69866702e-01
934 4 1.04719755e+00 6.70158254e-01
935 4 1.04719755e+00 6.71884376e-01
936 4 1.04719755e+00 6.69381998e-01
937 4 1.04719755e+00 6.72961269e-01
938 4 1.04719755e+00 6.69138772e-01
939 4 1.04719755e+00 6.69748826e-01
940 4 1.04719755e+00 6.69329940e-01
941 4 1.04719755e+00 6.71976485e-01
942 4 1.04719755e+00 6.72984049e-01
943 4 1.04719755e+00 6.71476064e-01
944 4 1.04719755e+00 6.70202144e-01
945 4 1.04719755e+00 6.67348519e-01
946 4 1.04719755e+00 6.71327221e-01
947 4 1.04719755e+00 6.69064908e-01
948 4 1.04719755e+00 6.69777767e-01
949 4 1.04719755e+00 6.69062709e-01
950 4 1.04719755e+00 6.70151139e-01
951 4 1.04719755e+00 6.71338485e-01
952 4 1.04719755e+00 6.70493529e-01
953 4 1.04719755e+00 6.71509834e-01
954 4 1.04719755e+00 6.69275054e-01
955 4 1.04719755e+00 6.70813862e-01
956 4 1.04719755e+00 6.71737873e-01
957 4 1.04719755e+00 6.69669121e-01
958 4 1.04719755e+00 6.68835668e-01
959 4 1.04719755e+00 6.69778599e-01
960 4 1.04719755e+00 6.67885024e-01
961 4 1.04719755e+00 6.69473169e-01
962 4 1.04719755e+00 6.71017169e-01
963 4 1.04719755e+00 6.69984304e-01
964 4 1.04719755e+00 6.70974117e-01
965 4 1.04719755e+00 6.72948933e-01
966 4 1.04719755e+00 6.72115255e-01
967 4 1.04719755e+00 6.70457801e-01
968 4 1.04719755e+00 6.72760987e-01
969 4 1.04719755e+00 6.70127404e-01
970 4 1.04719755e+00 6.68394439e-01
971 4 1.04719755e+00 6.69252906e-01
972 4 1.04719755e+00 6.69190435e-01
973 4 1.04719755e+00 6.68799462e-01
974 4 1.04719755e+00 6.71103548e-01
975 4 1.04719755e+00 6.71861511e-01
976 4 1.04719755e+00 6.71232807e-01
977 4 1.04719755e+00 6.71827089e-01
978 4 1.04719755e+00 6.67698892e-01
979 4 1.04719755e+00 6.68840762e-01
980 4 1.04719755e+00 6.67445551e-01
981 4 1.04719755e+00 6.68432466e-01
982 4 1.04719755e+00 6.70735812e-01
983 4 1.04719755e+00 6.69350938e-01
984 4 1.04719755e+00 6.70495921e-01
985 4 1.04719755e+00 6.69845939e-01
986 4 1.04719755e+00 6.70625999e-01
987 4 1.04719755e+00 6.71222675e-01
988 4 1.04719755e+00 6.69855241e-01
989 4 1.04719755e+00 6.71506561e-01
990 4 1.04719755e+00 6.67579416e-01
991 4 1.04719755e+00 6.69678073e-01
992 4 1.04719755e+00 6.67068509e-01
993 4 1.04719755e+00 6.71561229e-01
994 4 1.04719755e+00 6.70841418e-01
995 4 1.04719755e+00 6.68266186e-01
996 4 1.04719755e+00 6.70422028e-01
997 4 1.04719755e+00 6.70120065e-01
998 4 1.04719755e+00 6.72294416e-01
999 4 1.04719755e+00 6.71164073e-01
1000 4 1.04719755e+00 6.70949412e-01
1001 4 1.04719755e+00 6.67913439e-01
1002 4 1.04719755e+00 6.66923019e-01
1003 4 1.04719755e+00 6.72068013e-01
1004 4 1.04719755e+00 6.75094166e-01
1005 4 1.04719755e+00 6.69583084e-01
1006 4 1.04719755e+00 6.70706104e-01
1007 4 1.04719755e+00 6.69827152e-01
1008 4 1.04719755e+00 6.65482180e-01
1009 4 1.04719755e+00 6.72353491e-01
1010 4 1.04719755e+00 6.69856720e-01
1011 4 1.04719755e+00 6.73402971e-01
1012 4 1.04719755e+00 6.70865271e-01
0 5 1.30899694e+00 7.80181275e-01
1 5 1.30899694e+00 7.80606976e-01
2 5 1.30899694e+00 7.80780512e-01
3 5 1.30899694e+00 7.74768852e-01
4 5 1.30899694e+00 7.77495100e-01
5 5 1.30899694e+00 7.76876898e-01
6 5 1.30899694e+00 7.79297318e-01
7 5 1.30899694e+00 7.81225957e-01
8 5 1.30899694e+00 7.76233122e-01
9 5 1.30899694e+00 7.79942072e-01
10 5 1.30899694e+00 7.76343190e-01
11 5 1.30899694e+00 7.76895222e-01
12 5 1.30899694e+00 7.82122537e-01
13 5 1.30899694e+00 7.81277080e-01
14 5 1.30899694e+00 7.82671674e-01
15 5 1.30899694e+00 7.81330382e-01
16 5 1.30899694e+00 7.81908439e-01
17 5 1.30899694e+00 7.77044022e-01
18 5 1.30899694e+00 7.77750692e-01
19 5 1.30899694e+00 7.78933661e-01
20 5 1.30899694e+00 7.75838601e-01
21 5 1.30899694e+00 7.78931261e-01
22 5 1.30899694e+00 7.77904825e-01
23 5 1.30899694e+00 7.77005445e-01
24 5 1.30899694e+00 7.78657977e-01
25 5 1.30899694e+00 7.76239837e-01
26 5 1.30899694e+00 7.78156134e-01
27 5 1.30899694e+00 7.75605260e-01
28 5 1.30899694e+00 7.78626794e-01
29 5 1.30899694e+00 7.73609650e-01
30 5 1.30899694e+00 7.72035546e-01
31 5 1.30899694e+00 7.79485381e-01
32 5 1.30899694e+00 7.81053882e-01
33 5 1.30899694e+00 7.75474939e-01
34 5 1.30899694e+00 7.75647154e-01
35 5 1.30899694e+00 7.79441413e-01
36 5 1.30899694e+00 7.78846608e-01
37 5 1.30899694e+00 7.78222384e-01
38 5 1.30899694e+00 7.81700415e-01
39 5 1.30899694e+00 7.78711190e-01
40 5 1.30899694e+00 7.80714712e-01
41 5 1.30899694e+00 7.76938807e-01
42 5 1.30899694e+00 7.76797414e-01
43 5 1.30899694e+00 7.78364331e-01
44 5 1.30899694e+00 7.81044431e-01
45 5 1.30899694e+00 7.79439224e-01
46 5 1.30899694e+00 7.79892392e-01
47 5 1.30899694e+00 7.77134429e-01
48 5 1.30899694e+00 7.80908896e-01
49 5 1.30899694e+00 7.76632451e-01
50 5 1.30899694e+00 7.79691539e-01
51 5 1.30899694e+00 7.78824459e-01
52 5 1.30899694e+00 7.78656671e-01
53 5 1.30899694e+00 7.77068776e-01
54 5 1.30899694e+00 7.80970124e-01
55 5 1.30899694e+00 7.74267844e-01
56 5 1.30899694e+00 7.80135794e-01
57 5 1.30899694e+00 7.76062004e-01
58 5 1.30899694e+00 7.77973218e-01
59 5 1.30899694e+00 7.80133881e-01
60 5 1.30899694e+00 7.80252600e-01
61 5 1.30899694e+00 7.76025424e-01
62 5 1.30899694e+00 7.78927158e-01
63 5 1.30899694e+00 7.74593147e-01
64 5 1.30899694e+00 7.78460815e-01
65 5 1.30899694e+00 7.80823828e-01
66 5 1.30899694e+00 7.76303852e-01
67 5 1.30899694e+00 7.80833229e-01
68 5 1.30899694e+00 7.77027452e-01
69 5 1.30899694e+00 7.74894181e-01
70 5 1.30899694e+00 7.79877760e-01
71 5 1.30899694e+00 7.74272628e-01
72 5 1.30899694e+00 7.77995732e-01
73 5 1.30899694e+00 7.81705707e-01
74 5 1.30899694e+00 7.72871756e-01
75 5 1.30899694e+00 7.74871199e-01
76 5 1.30899694e+00 7.77341471e-01
77 5 1.30899694e+00 7.81298721e-01
78 5 1.30899694e+00 7.77243994e-01
79 5 1.30899694e+00 7.79537101e-01
80 5 1.30899694e+00 7.78222318e-01
81 5 1.30899694e+00 7.79984062e-01
82 5 1.30899694e+00 7.81291048e-01
83 5 1.30899694e+00 7.74769455e-01
84 5 1.30899694e+00 7.80057352e-01
85 5 1.30899694e+00 7.81873733e-01
86 5 1.30899694e+00 7.72933518e-01
87 5 1.30899694e+00 7.75044343e-01
88 5 1.30899694e+00 7.77168179e-01
89 5 1.30899694e+00 7.78893847e-01
90 5 1.30899694e+00 7.78662907e-01
91 5 1.30899694e+00 7.79047902e-01
92 5 1.30899694e+00 7.76573772e-01
93 5 1.30899694e+00 7.80175386e-01
94 5 1.30899694e+00 7.76541614e-01
95 5 1.30899694e+00 7.76551069e-01
96 5 1.30899694e+00 7.81253640e-01
97 5 1.30899694e+00 7.80972825e-01
98 5 1.30899694e+00 7.76847698e-01
99 5 1.30899694e+00 7.77270185e-01
100 5 1.30899694e+00 7.75769393e-01
101 5 1.30899694e+00 7.78496101e-01
102 5 1.30899694e+00 7.81123718e-01
103 5 1.30899694e+00 7.76740253e-01
104 5 1.30899694e+00 7.80036416e-01
105 5 1.30899694e+00 7.75515991e-01
106 5 1.30899694e+00 7.80584494e-01
107 5 1.30899694e+00 7.82738468e-01
108 5 1.30899694e+00 7.74452094e-01
109 5 1.30899694e+00 7.78858009e-01
110 5 1.30899694e+00 7.72535760e-01
111 5 1.30899694e+00 7.76606553e-01
112 5 1.30899694e+00 7.76498963e-01
113 5 1.30899694e+00 7.75750183e-01
114 5 1.30899694e+00 7.81597603e-01
115 5 1.30899694e+00 7.80718884e-01
116 5 1.30899694e+00 7.80833483e-01
117 5 1.30899694e+00 7.80234635e-01
118 5 1.30899694e+00 7.78812932e-01
119 5 1.30899694e+00 7.78077208e-01
120 5 1.30899694e+00 7.80156792e-01
121 5 1.30899694e+00 7.75888319e-01
122 5 1.30899694e+00 7.77865928e-01
123 5 1.30899694e+00 7.76121645e-01
124 5 1.30899694e+00 7.81732570e-01
125 5 1.30899694e+00 7.77052425e-01
126 5 1.30899694e+00 7.80922940e-01
127 5 1.30899694e+00 7.81293196e-01
128 5 1.30899694e+00 7.78050871e-01
129 5 1.30899694e+00 7.79537404e-01
130 5 1.30899694e+00 7.78361611e-01
131 5 1.30899694e+00 7.76024139e-01
132 5 1.30899694e+00 7.78244677e-01
133 5 1.30899694e+00 7.79203604e-01
134 5 1.30899694e+00 7.82337754e-01
135 5 1.30899694e+00 7.79438981e-01
136 5 1.30899694e+00 7.77438275e-01
137 5 1.30899694e+00 7.77727994e-01
138 5 1.30899694e+00 7.75112433e-01
139 5 1.30899694e+00 7.79189915e-01
140 5 1.30899694e+00 7.75839861e-01
141 5 1.30899694e+00 7.81205050e-01
142 5 1.30899694e+00 7.76042109e-01
143 5 1.30899694e+00 7.82194693e-01
144 5 1.30899694e+00 7.77352812e-01
145 5 1.30899694e+00 7.74632435e-01
146 5 1.30899694e+00 7.77313368e-01
147 5 1.30899694e+00 7.77518109e-01
148 5 1.30899694e+00 7.80248979e-01
149 5 1.30899694e+00 7.78582352e-01
150 5 1.30899694e+00 7.79673273e-01
151 5 1.30899694e+00 7.79519817e-01
152 5 1.30899694e+00 7.75386680e-01
153 5 1.30899694e+00 7.79347719e-01
154 5 1.30899694e+00 7.79264225e-01
155 5 1.30899694e+00 7.78142784e-01
156 5 1.30899694e+00 7.79477994e-01
157 5 1.30899694e+00 7.79342689e-01
158 5 1.30899694e+00 7.77043626e-01
159 5 1.30899694e+00 7.77031837e-01
160 5 1.30899694e+00 7.75250248e-01
161 5 1.30899694e+00 7.80677133e-01
162 5 1.30899694e+00 7.79509920e-01
163 5 1.30899694e+00 7.82338159e-01
164 5 1.30899694e+00 7.78523612e-01
165 5 1.30899694e+00 7.76949749e-01
166 5 1.30899694e+00 7.78771383e-01
167 5 1.30899694e+00 7.78640140e-01
168 5 1.30899694e+00 7.80007818e-01
169 5 1.30899694e+00 7.80154934e-01
170 5 1.30899694e+00 7.78037207e-01
171 5 1.30899694e+00 7.81569292e-01
172 5 1.30899694e+00 7.80889596e-01
173 5 1.30899694e+00 7.77867337e-01
174 5 1.30899694e+00 7.78726441e-01
175 5 1.30899694e+00 7.77810097e-01
176 5 1.30899694e+00 7.80847307e-01
177 5 1.30899694e+00 7.78686269e-01
178 5 1.30899694e+00 7.74623043e-01
179 5 1.30899694e+00 7.79077094e-01
180 5 1.30899694e+00 7.77710143e-01
181 5 1.30899694e+00 7.76804845e-01
182 5 1.30899694e+00 7.72883357e-01
183 5 1.30899694e+00 7.80259031e-01
184 5 1.30899694e+00 7.77361281e-01
185 5 1.30899694e+00 7.77401637e-01
186 5 1.30899694e+00 7.73537789e-01
187 5 1.30899694e+00 7.80818068e-01
188 5 1.30899694e+00 7.78063514e-01
189 5 1.30899694e+00 7.76571993e-01
190 5 1.30899694e+00 7.83216033e-01
191 5 1.30899694e+00 7.79488921e-01
192 5 1.30899694e+00 7.80606263e-01
193 5 1.30899694e+00 7.79070162e-01
194 5 1.30899694e+00 7.75151432e-01
195 5 1.30899694e+00 7.76728700e-01
196 5 1.30899694e+00 7.76384424e-01
197 5 1.30899694e+00 7.78371402e-01
198 5 1.30899694e+00 7.77565733e-01
199 5 1.30899694e+00 7.80104581e-01
200 5 1.30899694e+00 7.77176782e-01
201 5 1.30899694e+00 7.85257529e-01
202 5 1.30899694e+00 7.77251201e-01
203 5 1.30899694e+00 7.77461444e-01
204 5 1.30899694e+00 7.77350858e-01
205 5 1.30899694e+00 7.80240290e-01
206 5 1.30899694e+00 7.78479884e-01
207 5 1.30899694e+00 7.75323437e-01
208 5 1.30899694e+00 7.76636668e-01
209 5 1.30899694e+00 7.72898442e-01
210 5 1.30899694e+00 7.73360312e-01
211 5 1.30899694e+00 7.79740882e-01
212 5 1.30899694e+00 7.79600420e-01
213 5 1.30899694e+00 7.78698864e-01
214 5 1.30899694e+00 7.83320640e-01
215 5 1.30899694e+00 7.80883706e-01
216 5 1.30899694e+00 7.76483096e-01
217 5 1.30899694e+00 7.81677272e-01
218 5 1.30899694e+00 7.76601237e-01
219 5 1.30899694e+00 7.78399392e-01
220 5 1.30899694e+00 7.79959487e-01
221 5 1.30899694e+00 7.75824143e-01
222 5 1.30899694e+00 7.82048551e-01
223 5 1.30899694e+00 7.77035410e-01
224 5 1.30899694e+00 7.76937982e-01
225 5 1.30899694e+00 7.78666148e-01
226 5 1.30899694e+00 7.77131038e-01
227 5 1.30899694e+00 7.77860876e-01
228 5 1.30899694e+00 7.79201725e-01
229 5 1.30899694e+00 7.75705104e-01
230 5 1.30899694e+00 7.76252693e-01
231 5 1.30899694e+00 7.77515071e-01
232 5 1.30899694e+00 7.76313128e-01
233 5 1.30899694e+00 7.78146432e-01
234 5 1.30899694e+00 7.81069439e-01
235 5 1.30899694e+00 7.76717091e-01
236 5 1.30899694e+00 7.82850341e-01
237 5 1.30899694e+00 7.76776319e-01
238 5 1.30899694e+00 7.78949529e-01
239 5 1.30899694e+00 7.83292431e-01
240 5 1.30899694e+00 7.76795739e-01
241 5 1.30899694e+00 7.78971071e-01
242 5 1.30899694e+00 7.79425750e-01
243 5 1.30899694e+00 7.82736611e-01
244 5 1.30899694e+00 7.74241509e-01
245 5 1.30899694e+00 7.81102003e-01
246 5 1.30899694e+00 7.80199915e-01
247 5 1.30899694e+00 7.71604725e-01
248 5 1.30899694e+00 7.78494047e-01
249 5 1.30899694e+00 7.80943733e-01
250 5 1.30899694e+00 7.78042872e-01
251 5 1.30899694e+00 7.69147926e-01
252 5 1.30899694e+00 7.81107180e-01
253 5 1.30899694e+00 7.79074764e-01
254 5 1.30899694e+00 7.76633885e-01
255 5 1.30899694e+00 7.79686503e-01
256 5 1.30899694e+00 7.75722170e-01
257 5 1.30899694e+00 7.78537982e-01
258 5 1.30899694e+00 7.73609497e-01
259 5 1.30899694e+00 7.78870711e-01
260 5 1.30899694e+00 7.78751864e-01
261 5 1.30899694e+00 7.83047933e-01
262 5 1.30899694e+00 7.77915194e-01
263 5 1.30899694e+00 7.77321654e-01
264 5 1.30899694e+00 7.76100501e-01
265 5 1.30899694e+00 7.76417198e-01
266 5 1.30899694e+00 7.80108796e-01
267 5 1.30899694e+00 7.74513151e-01
268 5 1.30899694e+00 7.78766897e-01
269 5 1.30899694e+00 7.75707348e-01
270 5 1.30899694e+00 7.75211810e-01
271 5 1.30899694e+00 7.81985338e-01
272 5 1.30899694e+00 7.73419444e-01
273 5 1.30899694e+00 7.77631470e-01
274 5 1.30899694e+00 7.79931997e-01
275 5 1.30899694e+00 7.74859636e-01
276 5 1.30899694e+00 7.75416881e-01
277 5 1.30899694e+00 7.76638689e-01
278 5 1.30899694e+00 7.78914451e-01
279 5 1.30899694e+00 7.77417277e-01
280 5 1.30899694e+00 7.79358190e-01
281 5 1.30899694e+00 7.76353148e-01
282 5 1.30899694e+00 7.75745240e-01
283 5 1.30899694e+00 7.81416106e-01
284 5 1.30899694e+00 7.85341664e-01
285 5 1.30899694e+00 7.80733966e-01
286 5 1.30899694e+00 7.78041197e-01
287 5 1.30899694e+00 7.79903855e-01
288 5 1.30899694e+00 7.78444413e-01
289 5 1.30899694e+00 7.77513434e-01
290 5 1.30899694e+00 7.73751432e-01
291 5 1.30899694e+00 7.78384885e-01
292 5 1.30899694e+00 7.78882095e-01
293 5 1.30899694e+00 7.77548235e-01
294 5 1.30899694e+00 7.80910354e-01
295 5 1.30899694e+00 7.80181489e-01
296 5 1.30899694e+00 7.78288849e-01
297 5 1.30899694e+00 7.80765149e-01
298 5 1.30899694e+00 7.78373438e-01
299 5 1.30899694e+00 7.77923261e-01
300 5 1.30899694e+00 7.81566085e-01
301 5 1.30899694e+00 7.77573520e-01
302 5 1.30899694e+00 7.78153809e-01
303 5 1.30899694e+00 7.81570257e-01
304 5 1.30899694e+00 7.81234440e-01
305 5 1.30899694e+00 7.77527200e-01
306 5 1.30899694e+00 7.75571770e-01
307 5 1.30899694e+00 7.74720125e-01
308 5 1.30899694e+00 7.73150701e-01
309 5 1.30899694e+00 7.74912393e-01
310 5 1.30899694e+00 7.82732537e-01
311 5 1.30899694e+00 7.82163626e-01
312 5 1.30899694e+00 7.80239589e-01
313 5 1.30899694e+00 7.76371201e-01
314 5 1.30899694e+00 7.73155226e-01
315 5 1.30899694e+00 7.74566180e-01
316 5 1.30899694e+00 7.78185988e-01
317 5 1.30899694e+00 7.79314981e-01
318 5 1.30899694e+00 7.77676307e-01
319 5 1.30899694e+00 7.77786056e-01
320 5 1.30899694e+00 7.77500780e-01
321 5 1.30899694e+00 7.75614139e-01
322 5 1.30899694e+00 7.76405978e-01
323 5 1.30899694e+00 7.72240131e-01
324 5 1.30899694e+00 7.75779411e-01
325 5 1.30899694e+00 7.79806186e-01
326 5 1.30899694e+00 7.77720988e-01
327 5 1.30899694e+00 7.73180881e-01
328 5 1.30899694e+00 7.75756270e-01
329 5 1.30899694e+00 7.79448406e-01
330 5 1.30899694e+00 7.80530176e-01
331 5 1.30899694e+00 7.74521464e-01
332 5 1.30899694e+00 7.77056396e-01
333 5 1.30899694e+00 7.76469985e-01
334 5 1.30899694e+00 7.75265765e-01
335 5 1.30899694e+00 7.76323047e-01
336 5 1.30899694e+00 7.78392212e-01
337 5 1.30899694e+00 7.78825961e-01
338 5 1.30899694e+00 7.82408469e-01
339 5 1.30899694e+00 7.80714790e-01
340 5 1.30899694e+00 7.81437468e-01
341 5 1.30899694e+00 7.78710260e-01
342 5 1.30899694e+00 7.82936864e-01
343 5 1.30899694e+00 7.81193119e-01
344 5 1.30899694e+00 7.78594202e-01
345 5 1.30899694e+00 7.79307468e-01
346 5 1.30899694e+00 7.78864758e-01
347 5 1.30899694e+00 7.76056092e-01
348 5 1.30899694e+00 7.79727550e-01
349 5 1.30899694e+00 7.74505346e-01
350 5 1.30899694e+00 7.79245033e-01
351 5 1.30899694e+00 7.77908458e-01
352 5 1.30899694e+00 7.76718657e-01
353 5 1.30899694e+00 7.78333706e-01
354 5 1.30899694e+00 7.77199381e-01
355 5 1.30899694e+00 7.83574364e-01
356 5 1.30899694e+00 7.80013623e-01
357 5 1.30899694e+00 7.77150771e-01
358 5 1.30899694e+00 7.80332769e-01
359 5 1.30899694e+00 7.75504984e-01
360 5 1.30899694e+00 7.81930826e-01
361 5 1.30899694e+00 7.81891478e-01
362 5 1.30899694e+00 7.79323307e-01
363 5 1.30899694e+00 7.74000492e-01
364 5 1.30899694e+00 7.77309357e-01
365 5 1.30899694e+00 7.79612043e-01
366 5 1.30899694e+00 7.84513557e-01
367 5 1.30899694e+00 7.78716307e-01
368 5 1.30899694e+00 7.78544748e-01
369 5 1.30899694e+00 7.75434352e-01
370 5 1.30899694e+00 7.76238919e-01
371 5 1.30899694e+00 7.78321602e-01
372 5 1.30899694e+00 7.80946140e-01
373 5 1.30899694e+00 7.78815919e-01
374 5 1.30899694e+00 7.77146009e-01
375 5 1.30899694e+00 7.78258422e-01
376 5 1.30899694e+00 7.77074342e-01
377 5 1.30899694e+00 7.80428999e-01
378 5 1.30899694e+00 7.80652684e-01
379 5 1.30899694e+00 7.76676813e-01
380 5 1.30899694e+00 7.75351559e-01
381 5 1.30899694e+00 7.77859949e-01
382 5 1.30899694e+00 7.77703874e-01
383 5 1.30899694e+00 7.77793294e-01
384 5 1.30899694e+00 7.78453662e-01
385 5 1.30899694e+00 7.79851920e-01
386 5 1.30899694e+00 7.76451892e-01
387 5 1.30899694e+00 7.76923502e-01
388 5 1.30899694e+00 7.78385679e-01
389 5 1.30899694e+00 7.80691214e-01
390 5 1.30899694e+00 7.73461214e-01
391 5 1.30899694e+00 7.74673641e-01
392 5 1.30899694e+00 7.81753726e-01
393 5 1.30899694e+00 7.81147201e-01
394 5 1.30899694e+00 7.81845909e-01
395 5 1.30899694e+00 7.79024908e-01
396 5 1.30899694e+00 7.83693805e-01
397 5 1.30899694e+00 7.81901152e-01
398 5 1.30899694e+00 7.84929329e-01
399 5 1.30899694e+00 7.75364370e-01
400 5 1.30899694e+00 7.76536273e-01
401 5 1.30899694e+00 7.80836713e-01
402 5 1.30899694e+00 7.76737484e-01
403 5 1.30899694e+00 7.83936826e-01
404 5 1.30899694e+00 7.78626526e-01
405 5 1.30899694e+00 7.76064720e-01
406 5 1.30899694e+00 7.73023736e-01
407 5 1.30899694e+00 7.81506601e-01
408 5 1.30899694e+00 7.70894392e-01
409 5 1.30899694e+00 7.81993459e-01
410 5 1.30899694e+00 7.80607495e-01
411 5 1.30899694e+00 7.81217168e-01
412 5 1.30899694e+00 7.79877397e-01
413 5 1.30899694e+00 7.82439813e-01
414 5 1.30899694e+00 7.77323334e-01
415 5 1.30899694e+00 7.77984778e-01
416 5 1.30899694e+00 7.76398576e-01
417 5 1.30899694e+00 7.77573716e-01
418 5 1.30899694e+00 7.77076198e-01
419 5 1.30899694e+00 7.81904375e-01
420 5 1.30899694e+00 7.78258910e-01
421 5 1.30899694e+00 7.76958843e-01
422 5 1.30899694e+00 7.74962611e-01
423 5 1.30899694e+00 7.77796855e-01
424 5 1.30899694e+00 7.75910560e-01
425 5 1.30899694e+00 7.81044659e-01
426 5 1.30899694e+00 7.75521709e-01
427 5 1.30899694e+00 7.76982689e-01
428 5 1.30899694e+00 7.80601029e-01
429 5 1.30899694e+00 7.80474516e-01
430 5 1.30899694e+00 7.79995403e-01
431 5 1.30899694e+00 7.77866864e-01
432 5 1.30899694e+00 7.76610454e-01
433 5 1.30899694e+00 7.81931052e-01
434 5 1.30899694e+00 7.80606402e-01
435 5 1.30899694e+00 7.78267974e-01
436 5 1.30899694e+00 7.79296434e-01
437 5 1.30899694e+00 7.78583491e-01
438 5 1.30899694e+00 7.79885561e-01
439 5 1.30899694e+00 7.75651602e-01
440 5 1.30899694e+00 7.76376478e-01
441 5 1.30899694e+00 7.68523085e-01
442 5 1.30899694e+00 7.80283658e-01
443 5 1.30899694e+00 7.77835043e-01
444 5 1.30899694e+00 7.79075852e-01
445 5 1.30899694e+00 7.79964269e-01
446 5 1.30899694e+00 7.80073418e-01
447 5 1.30899694e+00 7.77813776e-01
448 5 1.30899694e+00 7.81183544e-01
449 5 1.30899694e+00 7.83394932e-01
450 5 1.30899694e+00 7.78178527e-01
451 5 1.30899694e+00 7.81742747e-01
452 5 1.30899694e+00 7.84620119e-01
453 5 1.30899694e+00 7.77732797e-01
454 5 1.30899694e+00 7.79770562e-01
455 5 1.30899694e+00 7.75407299e-01
456 5 1.30899694e+00 7.74073198e-01
457 5 1.30899694e+00 7.77439149e-01
458 5 1.30899694e+00 7.76463409e-01
459 5 1.30899694e+00 7.77043648e-01
460 5 1.30899694e+00 7.78773172e-01
461 5 1.30899694e+00 7.79446255e-01
462 5 1.30899694e+00 7.78832539e-01
463 5 1.30899694e+00 7.82298867e-01
464 5 1.30899694e+00 7.80532002e-01
465 5 1.30899694e+00 7.80466456e-01
466 5 1.30899694e+00 7.77634952e-01
467 5 1.30899694e+00 7.77042693e-01
468 5 1.30899694e+00 7.77845277e-01
469 5 1.30899694e+00 7.77089192e-01
470 5 1.30899694e+00 7.80409207e-01
471 5 1.30899694e+00 7.73823343e-01
472 5 1.30899694e+00 7.76613999e-01
473 5 1.30899694e+00 7.80602282e-01
474 5 1.30899694e+00 7.80005853e-01
475 5 1.30899694e+00 7.76417011e-01
476 5 1.30899694e+00 7.76223370e-01
477 5 1.30899694e+00 7.71997170e-01
478 5 1.30899694e+00 7.79452317e-01
479 5 1.30899694e+00 7.77442076e-01
480 5 1.30899694e+00 7.77292487e-01
481 5 1.30899694e+00 7.79399768e-01
482 5 1.30899694e+00 7.74990084e-01
483 5 1.30899694e+00 7.81744415e-01
484 5 1.30899694e+00 7.77761736e-01
485 5 1.30899694e+00 7.79534802e-01
486 5 1.30899694e+00 7.78859289e-01
487 5 1.30899694e+00 7.80916494e-01
488 5 1.30899694e+00 7.75450310e-01
489 5 1.30899694e+00 7.77303853e-01
490 5 1.30899694e+00 7.75384425e-01
491 5 1.30899694e+00 7.75969603e-01
492 5 1.30899694e+00 7.78575790e-01
493 5 1.30899694e+00 7.78439427e-01
494 5 1.30899694e+00 7.79390854e-01
495 5 1.30899694e+00 7.84804086e-01
496 5 1.30899694e+00 7.78544638e-01
497 5 1.30899694e+00 7.77953062e-01
498 5 1.30899694e+00 7.77709080e-01
499 5 1.30899694e+00 7.70991897e-01
500 5 1.30899694e+00 7.76418012e-01
501 5 1.30899694e+00 7.77751664e-01
502 5 1.30899694e+00 7.80764911e-01
503 5 1.30899694e+00 7.77779049e-01
504 5 1.30899694e+00 7.72385000e-01
505 5 1.30899694e+00 7.77650992e-01
506 5 1.30899694e+00 7.79538802e-01
507 5 1.30899694e+00 7.76211030e-01
508 5 1.30899694e+00 7.78978393e-01
509 5 1.30899694e+00 7.77810752e-01
510 5 1.30899694e+00 7.81123956e-01
511 5 1.30899694e+00 7.80063773e-01
512 5 1.30899694e+00 7.76236094e-01
513 5 1.30899694e+00 7.81716821e-01
514 5 1.30899694e+00 7.77185251e-01
515 5 1.30899694e+00 7.79270840e-01
516 5 1.30899694e+00 7.77287862e-01
517 5 1.30899694e+00 7.79569998e-01
518 5 1.30899694e+00 7.76217976e-01
519 5 1.30899694e+00 7.75058375e-01
520 5 1.30899694e+00 7.73432232e-01
521 5 1.30899694e+00 7.71838605e-01
522 5 1.30899694e+00 7.78850458e-01
523 5 1.30899694e+00 7.76175292e-01
524 5 1.30899694e+00 7.76617142e-01
525 5 1.30899694e+00 7.79985466e-01
526 5 1.30899694e+00 7.77466679e-01
527 5 1.30899694e+00 7.77116198e-01
528 5 1.30899694e+00 7.79449949e-01
529 5 1.30899694e+00 7.79634665e-01
530 5 1.30899694e+00 7.77922644e-01
531 5 1.30899694e+00 7.77820464e-01
532 5 1.30899694e+00 7.79694325e-01
533 5 1.30899694e+00 7.81495993e-01
534 5 1.30899694e+00 7.82548730e-01
535 5 1.30899694e+00 7.78140293e-01
536 5 1.30899694e+00 7.85209955e-01
537 5 1.30899694e+00 7.83070771e-01
538 5 1.30899694e+00 7.80154081e-01
539 5 1.30899694e+00 7.80755322e-01
540 5 1.30899694e+00 7.79150659e-01
541 5 1.30899694e+00 7.79597433e-01
542 5 1.30899694e+00 7.80596644e-01
543 5 1.30899694e+00 7.76572616e-01
544 5 1.30899694e+00 7.77434010e-01
545 5 1.30899694e+00 7.77424573e-01
546 5 1.30899694e+00 7.81308605e-01
547 5 1.30899694e+00 7.82061604e-01
548 5 1.30899694e+00 7.79833086e-01
549 5 1.30899694e+00 7.77982234e-01
550 5 1.30899694e+00 7.76398981e-01
551 5 1.30899694e+00 7.77977046e-01
552 5 1.30899694e+00 7.79305072e-01
553 5 1.30899694e+00 7.75602787e-01
554 5 1.30899694e+00 7.76427173e-01
555 5 1.30899694e+00 7.77897149e-01
556 5 1.30899694e+00 7.73968634e-01
557 5 1.30899694e+00 7.79011835e-01
558 5 1.30899694e+00 7.77408323e-01
559 5 1.30899694e+00 7.75306624e-01
560 5 1.30899694e+00 7.83366626e-01
561 5 1.30899694e+00 7.78294899e-01
562 5 1.30899694e+00 7.80925858e-01
563 5 1.30899694e+00 7.79049674e-01
564 5 1.30899694e+00 7.82313828e-01
565 5 1.30899694e+00 7.80323421e-01
566 5 1.30899694e+00 7.78450098e-01
567 5 1.30899694e+00 7.78360534e-01
568 5 1.30899694e+00 7.80111212e-01
569 5 1.30899694e+00 7.79108954e-01
570 5 1.30899694e+00 7.81170746e-01
571 5 1.30899694e+00 7.76896620e-01
572 5 1.30899694e+00 7.74824533e-01
573 5 1.30899694e+00 7.73440065e-01
574 5 1.30899694e+00 7.71764782e-01
575 5 1.30899694e+00 7.80576159e-01
576 5 1.30899694e+00 7.78459413e-01
577 5 1.30899694e+00 7.78173856e-01
578 5 1.30899694e+00 7.76070778e-01
579 5 1.30899694e+00 7.78856932e-01
580 5 1.30899694e+00 7.74812436e-01
581 5 1.30899694e+00 7.78750050e-01
582 5 1.30899694e+00 7.78423903e-01
583 5 1.30899694e+00 7.79935583e-01
584 5 1.30899694e+00 7.75857766e-01
585 5 1.30899694e+00 7.80237958e-01
586 5 1.30899694e+00 7.77288845e-01
587 5 1.30899694e+00 7.78479982e-01
588 5 1.30899694e+00 7.72782771e-01
589 5 1.30899694e+00 7.79635441e-01
590 5 1.30899694e+00 7.75421954e-01
591 5 1.30899694e+00 7.80500863e-01
592 5 1.30899694e+00 7.80402695e-01
593 5 1.30899694e+00 7.80628839e-01
594 5 1.30899694e+00 7.78696612e-01
595 5 1.30899694e+00 7.81694122e-01
596 5 1.30899694e+00 7.83051276e-01
597 5 1.30899694e+00 7.83109196e-01
598 5 1.30899694e+00 7.78596943e-01
599 5 1.30899694e+00 7.78998448e-01
600 5 1.30899694e+00 7.80243469e-01
601 5 1.30899694e+00 7.81216097e-01
602 5 1.30899694e+00 7.74618799e-01
603 5 1.30899694e+00 7.77528157e-01
604 5 1.30899694e+00 7.78737779e-01
605 5 1.30899694e+00 7.77440038e-01
606 5 1.30899694e+00 7.78900320e-01
607 5 1.30899694e+00 7.78595665e-01
608 5 1.30899694e+00 7.79797287e-01
609 5 1.30899694e+00 7.72747473e-01
610 5 1.30899694e+00 7.79363045e-01
611 5 1.30899694e+00 7.78157936e-01
612 5 1.30899694e+00 7.79945901e-01
613 5 1.30899694e+00 7.76828528e-01
614 5 1.30899694e+00 7.79557935e-01
615 5 1.30899694e+00 7.73079711e-01
616 5 1.30899694e+00 7.79582247e-01
617 5 1.30899694e+00 7.79837219e-01
618 5 1.30899694e+00 7.77502639e-01
619 5 1.30899694e+00 7.80047015e-01
620 5 1.30899694e+00 7.78915504e-01
621 5 1.30899694e+00 7.79292256e-01
622 5 1.30899694e+00 7.77145529e-01
623 5 1.30899694e+00 7.79008750e-01
624 5 1.30899694e+00 7.79116465e-01
625 5 1.30899694e+00 7.77310852e-01
626 5 1.30899694e+00 7.77172612e-01
627 5 1.30899694e+00 7.81689346e-01
628 5 1.30899694e+00 7.76160952e-01
629 5 1.30899694e+00 7.72792797e-01
630 5 1.30899694e+00 7.73718368e-01
631 5 1.30899694e+00 7.79773517e-01
632 5 1.30899694e+00 7.81609210e-01
633 5 1.30899694e+00 7.72747058e-01
634 5 1.30899694e+00 7.80541946e-01
635 5 1.30899694e+00 7.77863231e-01
636 5 1.30899694e+00 7.75825698e-01
637 5 1.30899694e+00 7.70784465e-01
638 5 1.30899694e+00 7.80386050e-01
639 5 1.30899694e+00 7.74067208e-01
640 5 1.30899694e+00 7.77920524e-01
641 5 1.30899694e+00 7.77975310e-01
642 5 1.30899694e+00 7.76961519e-01
643 5 1.30899694e+00 7.79170143e-01
644 5 1.30899694e+00 7.84976327e-01
645 5 1.30899694e+00 7.79835066e-01
646 5 1.30899694e+00 7.72663497e-01
647 5 1.30899694e+00 7.77207378e-01
648 5 1.30899694e+00 7.78355198e-01
649 5 1.30899694e+00 7.75599181e-01
650 5 1.30899694e+00 7.76434554e-01
651 5 1.30899694e+00 7.76438245e-01
652 5 1.30899694e+00 7.78796981e-01
653 5 1.30899694e+00 7.81373611e-01
654 5 1.30899694e+00 7.74189923e-01
655 5 1.30899694e+00 7.79610668e-01
656 5 1.30899694e+00 7.77296473e-01
657 5 1.30899694e+00 7.79343583e-01
658 5 1.30899694e+00 7.82173465e-01
659 5 1.30899694e+00 7.77306476e-01
660 5 1.30899694e+00 7.76215350e-01
661 5 1.30899694e+00 7.79418375e-01
662 5 1.30899694e+00 7.76827154e-01
663 5 1.30899694e+00 7.79164519e-01
664 5 1.30899694e+00 7.81990757e-01
665 5 1.30899694e+00 7.76709718e-01
666 5 1.30899694e+00 7.78064018e-01
667 5 1.30899694e+00 7.76976313e-01
668 5 1.30899694e+00 7.80421913e-01
669 5 1.30899694e+00 7.77101607e-01
670 5 1.30899694e+00 7.81474367e-01
671 5 1.30899694e+00 7.77856133e-01
672 5 1.30899694e+00 7.78827701e-01
673 5 1.30899694e+00 7.81948117e-01
674 5 1.30899694e+00 7.74977048e-01
675 5 1.30899694e+00 7.74549062e-01
676 5 1.30899694e+00 7.77849499e-01
677 5 1.30899694e+00 7.82664076e-01
678 5 1.30899694e+00 7.78944880e-01
679 5 1.30899694e+00 7.74629453e-01
680 5 1.30899694e+00 7.79645811e-01
681 5 1.30899694e+00 7.75406169e-01
682 5 1.30899694e+00 7.78048191e-01
683 5 1.30899694e+00 7.75365970e-01
684 5 1.30899694e+00 7.78859506e-01
685 5 1.30899694e+00 7.76148978e-01
686 5 1.30899694e+00 7.78948341e-01
687 5 1.30899694e+00 7.79259600e-01
688 5 1.30899694e+00 7.73462809e-01
689 5 1.30899694e+00 7.78380766e-01
690 5 1.30899694e+00 7.77895853e-01
691 5 1.30899694e+00 7.79955306e-01
692 5 1.30899694e+00 7.79792997e-01
693 5 1.30899694e+00 7.78437911e-01
694 5 1.30899694e+00 7.77525218e-01
695 5 1.30899694e+00 7.75226867e-01
696 5 1.30899694e+00 7.78984972e-01
697 5 1.30899694e+00 7.79604486e-01
698 5 1.30899694e+00 7.79574397e-01
699 5 1.30899694e+00 7.79415136e-01
700 5 1.30899694e+00 7.83234516e-01
701 5 1.30899694e+00 7.80720326e-01
702 5 1.30899694e+00 7.75679702e-01
703 5 1.30899694e+00 7.80390433e-01
704 5 1.30899694e+00 7.74411432e-01
705 5 1.30899694e+00 7.77768619e-01
706 5 1.30899694e+00 7.81895132e-01
707 5 1.30899694e+00 7.76277971e-01
708 5 1.30899694e+00 7.80776485e-01
709 5 1.30899694e+00 7.78056866e-01
710 5 1.30899694e+00 7.77191674e-01
711 5 1.30899694e+00 7.79113447e-01
712 5 1.30899694e+00 7.81844859e-01
713 5 1.30899694e+00 7.78838602e-01
714 5 1.30899694e+00 7.75181423e-01
715 5 1.30899694e+00 7.79555031e-01
716 5 1.30899694e+00 7.78581266e-01
717 5 1.30899694e+00 7.75694507e-01
718 5 1.30899694e+00 7.73978704e-01
719 5 1.30899694e+00 7.73501228e-01
720 5 1.30899694e+00 7.77481836e-01
721 5 1.30899694e+00 7.78868726e-01
722 5 1.30899694e+00 7.78830672e-01
723 5 1.30899694e+00 7.76322970e-01
724 5 1.30899694e+00 7.76166091e-01
725 5 1.30899694e+00 7.73730536e-01
726 5 1.30899694e+00 7.79854410e-01
727 5 1.30899694e+00 7.77244780e-01
728 5 1.30899694e+00 7.78754069e-01
729 5 1.30899694e+00 7.79038494e-01
730 5 1.30899694e+00 7.74893545e-01
731 5 1.30899694e+00 7.79737008e-01
732 5 1.30899694e+00 7.75325618e-01
733 5 1.30899694e+00 7.82226352e-01
734 5 1.30899694e+00 7.78984695e-01
735 5 1.30899694e+00 7.79895827e-01
736 5 1.30899694e+00 7.76244890e-01
737 5 1.30899694e+00 7.78124105e-01
738 5 1.30899694e+00 7.80916732e-01
739 5 1.30899694e+00 7.76465770e-01
740 5 1.30899694e+00 7.78085244e-01
741 5 1.30899694e+00 7.79346705e-01
742 5 1.30899694e+00 7.77409782e-01
743 5 1.30899694e+00 7.78252621e-01
744 5 1.30899694e+00 7.78344398e-01
745 5 1.30899694e+00 7.79274073e-01
746 5 1.30899694e+00 7.74031381e-01
747 5 1.30899694e+00 7.79033657e-01
748 5 1.30899694e+00 7.79521371e-01
749 5 1.30899694e+00 7.78867796e-01
750 5 1.30899694e+00 7.76824960e-01
751 5 1.30899694e+00 7.81417489e-01
752 5 1.30899694e+00 7.81245558e-01
753 5 1.30899694e+00 7.79427146e-01
754 5 1.30899694e+00 7.78161870e-01
755 5 1.30899694e+00 7.74993055e-01
756 5 1.30899694e+00 7.79620262e-01
757 5 1.30899694e+00 7.75508932e-01
758 5 1.30899694e+00 7.76551888e-01
759 5 1.30899694e+00 7.76710566e-01
760 5 1.30899694e+00 7.75953331e-01
761 5 1.30899694e+00 7.77547213e-01
762 5 1.30899694e+00 7.81642249e-01
763 5 1.30899694e+00 7.81827400e-01
764 5 1.30899694e+00 7.81855754e-01
765 5 1.30899694e+00 7.80811344e-01
766 5 1.30899694e+00 7.77104594e-01
767 5 1.30899694e+00 7.77526367e-01
768 5 1.30899694e+00 7.79676118e-01
769 5 1.30899694e+00 7.80410220e-01
770 5 1.30899694e+00 7.79855652e-01
771 5 1.30899694e+00 7.82291897e-01
772 5 1.30899694e+00 7.78236191e-01
773 5 1.30899694e+00 7.77123092e-01
774 5 1.30899694e+00 7.76788843e-01
775 5 1.30899694e+00 7.78432512e-01
776 5 1.30899694e+00 7.80830605e-01
777 5 1.30899694e+00 7.80692905e-01
778 5 1.30899694e+00 7.80703905e-01
779 5 1.30899694e+00 7.80729753e-01
780 5 1.30899694e+00 7.80235243e-01
781 5 1.30899694e+00 7.81325664e-01
782 5 1.30899694e+00 7.79318105e-01
783 5 1.30899694e+00 7.72882359e-01
784 5 1.30899694e+00 7.79672385e-01
785 5 1.30899694e+00 7.75006769e-01
786 5 1.30899694e+00 7.78523505e-01
787 5 1.30899694e+00 7.74370591e-01
788 5 1.30899694e+00 7.74967441e-01
789 5 1.30899694e+00 7.75086839e-01
790 5 1.30899694e+00 7.74439142e-01
791 5 1.30899694e+00 7.81270939e-01
792 5 1.30899694e+00 7.80835726e-01
793 5 1.30899694e+00 7.74749148e-01
794 5 1.30899694e+00 7.77879588e-01
795 5 1.30899694e+00 7.80515537e-01
796 5 1.30899694e+00 7.77651247e-01
797 5 1.30899694e+00 7.76200784e-01
798 5 1.30899694e+00 7.78139257e-01
799 5 1.30899694e+00 7.80605646e-01
800 5 1.30899694e+00 7.82135424e-01
801 5 1.30899694e+00 7.78631106e-01
802 5 1.30899694e+00 7.81301011e-01
803 5 1.30899694e+00 7.82452454e-01
804 5 1.30899694e+00 7.81333639e-01
805 5 1.30899694e+00 7.79507650e-01
806 5 1.30899694e+00 7.81233514e-01
807 5 1.30899694e+00 7.79464563e-01
808 5 1.30899694e+00 7.78806104e-01
809 5 1.30899694e+00 7.79698903e-01
810 5 1.30899694e+00 7.74981134e-01
811 5 1.30899694e+00 7.76924378e-01
812 5 1.30899694e+00 7.74047437e-01
813 5 1.30899694e+00 7.81144063e-01
814 5 1.30899694e+00 7.77454238e-01
815 5 1.30899694e+00 7.79715160e-01
816 5 1.30899694e+00 7.78345385e-01
817 5 1.30899694e+00 7.80200954e-01
818 5 1.30899694e+00 7.73175311e-01
819 5 1.30899694e+00 7.79224196e-01
820 5 1.30899694e+00 7.78904131e-01
821 5 1.30899694e+00 7.76449624e-01
822 5 1.30899694e+00 7.78862342e-01
823 5 1.30899694e+00 7.76585997e-01
824 5 1.30899694e+00 7.78124977e-01
825 5 1.30899694e+00 7.74867991e-01
826 5 1.30899694e+00 7.78559890e-01
827 5 1.30899694e+00 7.76757394e-01
828 5 1.30899694e+00 7.79720153e-01
829 5 1.30899694e+00 7.76708192e-01
830 5 1.30899694e+00 7.78659329e-01
831 5 1.30899694e+00 7.78983715e-01
832 5 1.30899694e+00 7.79917128e-01
833 5 1.30899694e+00 7.78884710e-01
834 5 1.30899694e+00 7.78224467e-01
835 5 1.30899694e+00 7.80362332e-01
836 5 1.30899694e+00 7.77643989e-01
837 5 1.30899694e+00 7.84094148e-01
838 5 1.30899694e+00 7.79311437e-01
839 5 1.30899694e+00 7.77887780e-01
840 5 1.30899694e+00 7.77059154e-01
841 5 1.30899694e+00 7.76563793e-01
842 5 1.30899694e+00 7.77608803e-01
843 5 1.30899694e+00 7.79395777e-01
844 5 1.30899694e+00 7.83027406e-01
845 5 1.30899694e+00 7.76791838e-01
846 5 1.30899694e+00 7.74306023e-01
847 5 1.30899694e+00 7.81769513e-01
848 5 1.30899694e+00 7.79194836e-01
849 5 1.30899694e+00 7.77580953e-01
850 5 1.30899694e+00 7.75477903e-01
851 5 1.30899694e+00 7.76836225e-01
852 5 1.30899694e+00 7.83414364e-01
853 5 1.30899694e+00 7.78071590e-01
854 5 1.30899694e+00 7.74736581e-01
855 5 1.30899694e+00 7.77218296e-01
856 5 1.30899694e+00 7.78264596e-01
857 5 1.30899694e+00 7.78543282e-01
858 5 1.30899694e+00 7.81055463e-01
859 5 1.30899694e+00 7.82051804e-01
860 5 1.30899694e+00 7.77488592e-01
861 5 1.30899694e+00 7.75872260e-01
862 5 1.30899694e+00 7.80618602e-01
863 5 1.30899694e+00 7.81580001e-01
864 5 1.30899694e+00 7.76492198e-01
865 5 1.30899694e+00 7.74717317e-01
866 5 1.30899694e+00 7.81095013e-01
867 5 1.30899694e+00 7.78732749e-01
868 5 1.30899694e+00 7.77549641e-01
869 5 1.30899694e+00 7.81732392e-01
870 5 1.30899694e+00 7.77866120e-01
871 5 1.30899694e+00 7.75582106e-01
872 5 1.30899694e+00 7.78447992e-01
873 5 1.30899694e+00 7.77602410e-01
874 5 1.30899694e+00 7.80453492e-01
875 5 1.30899694e+00 7.79405203e-01
876 5 1.30899694e+00 7.77226172e-01
877 5 1.30899694e+00 7.79794856e-01
878 5 1.30899694e+00 7.74672802e-01
879 5 1.30899694e+00 7.77915724e-01
880 5 1.30899694e+00 7.81765831e-01
881 5 1.30899694e+00 7.77727652e-01
882 5 1.30899694e+00 7.74130449e-01
883 5 1.30899694e+00 7.78518159e-01
884 5 1.30899694e+00 7.76835940e-01
885 5 1.30899694e+00 7.77825008e-01
886 5 1.30899694e+00 7.74354747e-01
887 5 1.30899694e+00 7.82463646e-01
888 5 1.30899694e+00 7.77976680e-01
889 5 1.30899694e+00 7.80558513e-01
890 5 1.30899694e+00 7.81200062e-01
891 5 1.30899694e+00 7.80256612e-01
892 5 1.30899694e+00 7.78773447e-01
893 5 1.30899694e+00 7.77264561e-01
894 5 1.30899694e+00 7.79161369e-01
895 5 1.30899694e+00 7.81849542e-01
896 5 1.30899694e+00 7.75697439e-01
897 5 1.30899694e+00 7.78222655e-01
898 5 1.30899694e+00 7.81490057e-01
899 5 1.30899694e+00 7.79032115e-01
900 5 1.30899694e+00 7.79190769e-01
901 5 1.30899694e+00 7.75472031e-01
902 5 1.30899694e+00 7.78234741e-01
903 5 1.30899694e+00 7.80001281e-01
904 5 1.30899694e+00 7.75884277e-01
905 5 1.30899694e+00 7.76065351e-01
906 5 1.30899694e+00 7.80105473e-01
907 5 1.30899694e+00 7.79488659e-01
908 5 1.30899694e+00 7.76894121e-01
909 5 1.30899694e+00 7.78783317e-01
910 5 1.30899694e+00 7.78635138e-01
911 5 1.30899694e+00 7.83333749e-01
912 5 1.30899694e+00 7.76838256e-01
913 5 1.30899694e+00 7.78568764e-01
914 5 1.30899694e+00 7.78158299e-01
915 5 1.30899694e+00 7.81276154e-01
916 5 1.30899694e+00 7.78186998e-01
917 5 1.30899694e+00 7.78974538e-01
918 5 1.30899694e+00 7.78050404e-01
919 5 1.30899694e+00 7.76877355e-01
920 5 1.30899694e+00 7.80303874e-01
921 5 1.30899694e+00 7.75837558e-01
922 5 1.30899694e+00 7.77315254e-01
923 5 1.30899694e+00 7.72824219e-01
924 5 1.30899694e+00 7.77237728e-01
925 5 1.30899694e+00 7.75805736e-01
926 5 1.30899694e+00 7.78348501e-01
927 5 1.30899694e+00 7.76819668e-01
928 5 1.30899694e+00 7.74994551e-01
929 5 1.30899694e+00 7.79663393e-01
930 5 1.30899694e+00 7.77915990e-01
931 5 1.30899694e+00 7.74566065e-01
932 5 1.30899694e+00 7.79053932e-01
933 5 1.30899694e+00 7.78310738e-01
934 5 1.30899694e+00 7.78798078e-01
935 5 1.30899694e+00 7.80757657e-01
936 5 1.30899694e+00 7.77287281e-01
937 5 1.30899694e+00 7.81988908e-01
938 5 1.30899694e+00 7.75889243e-01
939 5 1.30899694e+00 7.78456370e-01
940 5 1.30899694e+00 7.77395959e-01
941 5 1.30899694e+00 7.79759676e-01
942 5 1.30899694e+00 7.81649571e-01
943 5 1.30899694e+00 7.80059124e-01
944 5 1.30899694e+00 7.78915340e-01
945 5 1.30899694e+00 7.75049461e-01
946 5 1.30899694e+00 7.79851253e-01
947 5 1.30899694e+00 7.76747722e-01
948 5 1.30899694e+00 7.77570534e-01
949 5 1.30899694e+00 7.76913068e-01
950 5 1.30899694e+00 7.78961928e-01
951 5 1.30899694e+00 7.79403184e-01
952 5 1.30899694e+00 7.78474079e-01
953 5 1.30899694e+00 7.79898242e-01
954 5 1.30899694e+00 7.77442709e-01
955 5 1.30899694e+00 7.77876779e-01
956 5 1.30899694e+00 7.80410947e-01
957 5 1.30899694e+00 7.77939900e-01
958 5 1.30899694e+00 7.76570610e-01
959 5 1.30899694e+00 7.78211810e-01
960 5 1.30899694e+00 7.76076623e-01
961 5 1.30899694e+00 7.77261726e-01
962 5 1.30899694e+00 7.79234166e-01
963 5 1.30899694e+00 7.78469948e-01
964 5 1.30899694e+00 7.79770025e-01
965 5 1.30899694e+00 7.81683856e-01
966 5 1.30899694e+00 7.80886084e-01
967 5 1.30899694e+00 7.79386102e-01
968 5 1.30899694e+00 7.81869301e-01
969 5 1.30899694e+00 7.78305751e-01
970 5 1.30899694e+00 7.76334563e-01
971 5 1.30899694e+00 7.77858426e-01
972 5 1.30899694e+00 7.76808850e-01
973 5 1.30899694e+00 7.76945819e-01
974 5 1.30899694e+00 7.79924890e-01
975 5 1.30899694e+00 7.80910257e-01
976 5 1.30899694e+00 7.79123479e-01
977 5 1.30899694e+00 7.80708501e-01
978 5 1.30899694e+00 7.75024720e-01
979 5 1.30899694e+00 7.76423737e-01
980 5 1.30899694e+00 7.75602797e-01
981 5 1.30899694e+00 7.76391039e-01
982 5 1.30899694e+00 7.79227961e-01
983 5 1.30899694e+00 7.77269721e-01
984 5 1.30899694e+00 7.79104206e-01
985 5 1.30899694e+00 7.77645197e-01
986 5 1.30899694e+00 7.78357312e-01
987 5 1.30899694e+00 7.78850656e-01
988 5 1.30899694e+00 7.78484303e-01
989 5 1.30899694e+00 7.79528135e-01
990 5 1.30899694e+00 7.75520000e-01
991 5 1.30899694e+00 7.77362351e-01
992 5 1.30899694e+00 7.74192016e-01
993 5 1.30899694e+00 7.79633843e-01
994 5 1.30899694e+00 7.79335884e-01
995 5 1.30899694e+00 7.75211175e-01
996 5 1.30899694e+00 7.78378193e-01
997 5 1.30899694e+00 7.78906158e-01
998 5 1.30899694e+00 7.80922293e-01
999 5 1.30899694e+00 7.78469587e-01
1000 5 1.30899694e+00 7.79714830e-01
1001 5 1.30899694e+00 7.75743652e-01
1002 5 1.30899694e+00 7.73874986e-01
1003 5 1.30899694e+00 7.80546299e-01
1004 5 1.30899694e+00 7.84353370e-01
1005 5 1.30899694e+00 7.77527224e-01
1006 5 1.30899694e+00 7.79675620e-01
1007 5 1.30899694e+00 7.78024496e-01
1008 5 1.30899694e+00 7.72244066e-01
1009 5 1.30899694e+00 7.81046245e-01
1010 5 1.30899694e+00 7.78351330e-01
1011 5 1.30899694e+00 7.82292103e-01
1012 5 1.30899694e+00 7.78930196e-01
0 6 1.57079633e+00 8.55583416e-01
1 6 1.57079633e+00 8.57053397e-01
2 6 1.57079633e+00 8.57247726e-01
3 6 1.57079633e+00 8.48886884e-01
4 6 1.57079633e+00 8.51928169e-01
5 6 1.57079633e+00 8.51412395e-01
6 6 1.57079633e+00 8.55257814e-01
7 6 1.57079633e+00 8.58781152e-01
8 6 1.57079633e+00 8.49518577e-01
9 6 1.57079633e+00 8.55727603e-01
10 6 1.57079633e+00 8.51584543e-01
11 6 1.57079633e+00 8.51774777e-01
12 6 1.57079633e+00 8.58528697e-01
13 6 1.57079633e+00 8.56461564e-01
14 6 1.57079633e+00 8.58307590e-01
15 6 1.57079633e+00 8.56885171e-01
16 6 1.57079633e+00 8.58755518e-01
17 6 1.57079633e+00 8.52756397e-01
18 6 1.57079633e+00 8.52806985e-01
19 6 1.57079633e+00 8.54263338e-01
20 6 1.57079633e+00 8.50675491e-01
21 6 1.57079633e+00 8.54366110e-01
22 6 1.57079633e+00 8.53447742e-01
23 6 1.57079633e+00 8.52268068e-01
24 6 1.57079633e+00 8.54325762e-01
25 6 1.57079633e+00 8.51935976e-01
26 6 1.57079633e+00 8.53323574e-01
27 6 1.57079633e+00 8.49997779e-01
28 6 1.57079633e+00 8.52768089e-01
29 6 1.57079633e+00 8.50108015e-01
30 6 1.57079633e+00 8.45104078e-01
31 6 1.57079633e+00 8.56408902e-01
32 6 1.57079633e+00 8.57936704e-01
33 6 1.57079633e+00 8.50678977e-01
34 6 1.57079633e+00 8.50748219e-01
35 6 1.57079633e+00 8.55714921e-01
36 6 1.57079633e+00 8.53888103e-01
37 6 1.57079633e+00 8.53065351e-01
38 6 1.57079633e+00 8.57766649e-01
39 6 1.57079633e+00 8.54453017e-01
40 6 1.57079633e+00 8.56661560e-01
41 6 1.57079633e+00 8.51349768e-01
42 6 1.57079633e+00 8.51518678e-01
43 6 1.57079633e+00 8.54125825e-01
44 6 1.57079633e+00 8.56733146e-01
45 6 1.57079633e+00 8.54892541e-01
46 6 1.57079633e+00 8.55228281e-01
47 6 1.57079633e+00 8.51215287e-01
48 6 1.57079633e+00 8.57534097e-01
49 6 1.57079633e+00 8.51526179e-01
50 6 1.57079633e+00 8.55180401e-01
51 6 1.57079633e+00 8.55191462e-01
52 6 1.57079633e+00 8.54749084e-01
53 6 1.57079633e+00 8.51850910e-01
54 6 1.57079633e+00 8.58015135e-01
55 6 1.57079633e+00 8.47795844e-01
56 6 1.57079633e+00 8.56011342e-01
57 6 1.57079633e+00 8.50059912e-01
58 6 1.57079633e+00 8.53741419e-01
59 6 1.57079633e+00 8.57048081e-01
60 6 1.57079633e+00 8.56152584e-01
61 6 1.57079633e+00 8.51381780e-01
62 6 1.57079633e+00 8.55001649e-01
63 6 1.57079633e+00 8.49799236e-01
64 6 1.57079633e+00 8.52801344e-01
65 6 1.57079633e+00 8.56453519e-01
66 6 1.57079633e+00 8.51014161e-01
67 6 1.57079633e+00 8.56738132e-01
68 6 1.57079633e+00 8.51696040e-01
69 6 1.57079633e+00 8.49541716e-01
70 6 1.57079633e+00 8.55378450e-01
71 6 1.57079633e+00 8.48906699e-01
72 6 1.57079633e+00 8.52763091e-01
73 6 1.57079633e+00 8.58805533e-01
74 6 1.57079633e+00 8.46852226e-01
75 6 1.57079633e+00 8.50718063e-01
76 6 1.57079633e+00 8.53534717e-01
77 6 1.57079633e+00 8.56404723e-01
78 6 1.57079633e+00 8.52618897e-01
79 6 1.57079633e+00 8.55133567e-01
80 6 1.57079633e+00 8.53968403e-01
81 6 1.57079633e+00 8.56411344e-01
82 6 1.57079633e+00 8.56673864e-01
83 6 1.57079633e+00 8.48454478e-01
84 6 1.57079633e+00 8.56097528e-01
85 6 1.57079633e+00 8.57926213e-01
86 6 1.57079633e+00 8.47031574e-01
87 6 1.57079633e+00 8.48230619e-01
88 6 1.57079633e+00 8.54179079e-01
89 6 1.57079633e+00 8.54895218e-01
90 6 1.57079633e+00 8.54605870e-01
91 6 1.57079633e+00 8.53412734e-01
92 6 1.57079633e+00 8.50922365e-01
93 6 1.57079633e+00 8.56392861e-01
94 6 1.57079633e+00 8.51698267e-01
95 6 1.57079633e+00 8.51567132e-01
96 6 1.57079633e+00 8.57450193e-01
97 6 1.57079633e+00 8.58169262e-01
98 6 1.57079633e+00 8.52247383e-01
99 6 1.57079633e+00 8.51138335e-01
100 6 1.57079633e+00 8.50788941e-01
101 6 1.57079633e+00 8.55780101e-01
102 6 1.57079633e+00 8.57810391e-01
103 6 1.57079633e+00 8.51769290e-01
104 6 1.57079633e+00 8.56744015e-01
105 6 1.57079633e+00 8.49702338e-01
106 6 1.57079633e+00 8.55797970e-01
107 6 1.57079633e+00 8.58972048e-01
108 6 1.57079633e+00 8.49093922e-01
109 6 1.57079633e+00 8.55763080e-01
110 6 1.57079633e+00 8.46270533e-01
111 6 1.57079633e+00 8.50009239e-01
112 6 1.57079633e+00 8.51098965e-01
113 6 1.57079633e+00 8.50770498e-01
114 6 1.57079633e+00 8.57824766e-01
115 6 1.57079633e+00 8.56171438e-01
116 6 1.57079633e+00 8.57325031e-01
117 6 1.57079633e+00 8.56195544e-01
118 6 1.57079633e+00 8.54634629e-01
119 6 1.57079633e+00 8.53877126e-01
120 6 1.57079633e+00 8.56457844e-01
121 6 1.57079633e+00 8.50890907e-01
122 6 1.57079633e+00 8.53524061e-01
123 6 1.57079633e+00 8.51179535e-01
124 6 1.57079633e+00 8.58097791e-01
125 6 1.57079633e+00 8.52905632e-01
126 6 1.57079633e+00 8.56175708e-01
127 6 1.57079633e+00 8.57363381e-01
128 6 1.57079633e+00 8.53401205e-01
129 6 1.57079633e+00 8.54279999e-01
130 6 1.57079633e+00 8.53561785e-01
131 6 1.57079633e+00 8.51091354e-01
132 6 1.57079633e+00 8.54081962e-01
133 6 1.57079633e+00 8.55628224e-01
134 6 1.57079633e+00 8.59013347e-01
135 6 1.57079633e+00 8.54949600e-01
136 6 1.57079633e+00 8.52852293e-01
137 6 1.57079633e+00 8.53517233e-01
138 6 1.57079633e+00 8.49562674e-01
139 6 1.57079633e+00 8.56189670e-01
140 6 1.57079633e+00 8.51351822e-01
141 6 1.57079633e+00 8.57319280e-01
142 6 1.57079633e+00 8.50161466e-01
143 6 1.57079633e+00 8.57272077e-01
144 6 1.57079633e+00 8.54118883e-01
145 6 1.57079633e+00 8.49110426e-01
146 6 1.57079633e+00 8.51665708e-01
147 6 1.57079633e+00 8.54065937e-01
148 6 1.57079633e+00 8.56662114e-01
149 6 1.57079633e+00 8.53846306e-01
150 6 1.57079633e+00 8.56357344e-01
151 6 1.57079633e+00 8.57069203e-01
152 6 1.57079633e+00 8.50092860e-01
153 6 1.57079633e+00 8.54836022e-01
154 6 1.57079633e+00 8.55884743e-01
155 6 1.57079633e+00 8.52793376e-01
156 6 1.57079633e+00 8.55545333e-01
157 6 1.57079633e+00 8.54470568e-01
158 6 1.57079633e+00 8.51841790e-01
159 6 1.57079633e+00 8.51331545e-01
160 6 1.57079633e+00 8.49235233e-01
161 6 1.57079633e+00 8.57278468e-01
162 6 1.57079633e+00 8.55625448e-01
163 6 1.57079633e+00 8.58854129e-01
164 6 1.57079633e+00 8.53387068e-01
165 6 1.57079633e+00 8.52176243e-01
166 6 1.57079633e+00 8.53917645e-01
167 6 1.57079633e+00 8.54652224e-01
168 6 1.57079633e+00 8.55697026e-01
169 6 1.57079633e+00 8.56193165e-01
170 6 1.57079633e+00 8.52925680e-01
171 6 1.57079633e+00 8.57399485e-01
172 6 1.57079633e+00 8.56148969e-01
173 6 1.57079633e+00 8.52873876e-01
174 6 1.57079633e+00 8.53593944e-01
175 6 1.57079633e+00 8.52446445e-01
176 6 1.57079633e+00 8.57452035e-01
177 6 1.57079633e+00 8.53518773e-01
178 6 1.57079633e+00 8.48113399e-01
179 6 1.57079633e+00 8.54929540e-01
180 6 1.57079633e+00 8.52948537e-01
181 6 1.57079633e+00 8.50925324e-01
182 6 1.57079633e+00 8.47771022e-01
183 6 1.57079633e+00 8.55596973e-01
184 6 1.57079633e+00 8.52456328e-01
185 6 1.57079633e+00 8.52562866e-01
186 6 1.57079633e+00 8.47576584e-01
187 6 1.57079633e+00 8.56657591e-01
188 6 1.57079633e+00 8.53716460e-01
189 6 1.57079633e+00 8.51454963e-01
190 6 1.57079633e+00 8.59974037e-01
191 6 1.57079633e+00 8.54993666e-01
192 6 1.57079633e+00 8.54816004e-01
193 6 1.57079633e+00 8.55126588e-01
194 6 1.57079633e+00 8.48774745e-01
195 6 1.57079633e+00 8.50888247e-01
196 6 1.57079633e+00 8.51315797e-01
197 6 1.57079633e+00 8.54142506e-01
198 6 1.57079633e+00 8.53253644e-01
199 6 1.57079633e+00 8.55434281e-01
200 6 1.57079633e+00 8.51073004e-01
201 6 1.57079633e+00 8.63712816e-01
202 6 1.57079633e+00 8.52959139e-01
203 6 1.57079633e+00 8.52829312e-01
204 6 1.57079633e+00 8.51718943e-01
205 6 1.57079633e+00 8.55261919e-01
206 6 1.57079633e+00 8.53609796e-01
207 6 1.57079633e+00 8.51198384e-01
208 6 1.57079633e+00 8.51431692e-01
209 6 1.57079633e+00 8.46964137e-01
210 6 1.57079633e+00 8.46827546e-01
211 6 1.57079633e+00 8.55649781e-01
212 6 1.57079633e+00 8.54842999e-01
213 6 1.57079633e+00 8.54762308e-01
214 6 1.57079633e+00 8.60161430e-01
215 6 1.57079633e+00 8.56995179e-01
216 6 1.57079633e+00 8.51125797e-01
217 6 1.57079633e+00 8.57696051e-01
218 6 1.57079633e+00 8.50351818e-01
219 6 1.57079633e+00 8.53423264e-01
220 6 1.57079633e+00 8.55275546e-01
221 6 1.57079633e+00 8.49360134e-01
222 6 1.57079633e+00 8.57711948e-01
223 6 1.57079633e+00 8.51584091e-01
224 6 1.57079633e+00 8.51109636e-01
225 6 1.57079633e+00 8.53870096e-01
226 6 1.57079633e+00 8.53038167e-01
227 6 1.57079633e+00 8.53705970e-01
228 6 1.57079633e+00 8.55015688e-01
229 6 1.57079633e+00 8.50723500e-01
230 6 1.57079633e+00 8.50627067e-01
231 6 1.57079633e+00 8.52308531e-01
232 6 1.57079633e+00 8.50534892e-01
233 6 1.57079633e+00 8.53213830e-01
234 6 1.57079633e+00 8.58646537e-01
235 6 1.57079633e+00 8.52392767e-01
236 6 1.57079633e+00 8.59671202e-01
237 6 1.57079633e+00 8.51848748e-01
238 6 1.57079633e+00 8.54920767e-01
239 6 1.57079633e+00 8.59613425e-01
240 6 1.57079633e+00 8.51467655e-01
241 6 1.57079633e+00 8.54890889e-01
242 6 1.57079633e+00 8.55003098e-01
243 6 1.57079633e+00 8.59774012e-01
244 6 1.57079633e+00 8.48158005e-01
245 6 1.57079633e+00 8.56683940e-01
246 6 1.57079633e+00 8.55188497e-01
247 6 1.57079633e+00 8.45626213e-01
248 6 1.57079633e+00 8.53045507e-01
249 6 1.57079633e+00 8.57802480e-01
250 6 1.57079633e+00 8.53089511e-01
251 6 1.57079633e+00 8.41422378e-01
252 6 1.57079633e+00 8.56714197e-01
253 6 1.57079633e+00 8.54619414e-01
254 6 1.57079633e+00 8.50806693e-01
255 6 1.57079633e+00 8.54705352e-01
256 6 1.57079633e+00 8.50463527e-01
257 6 1.57079633e+00 8.55905250e-01
258 6 1.57079633e+00 8.49583674e-01
259 6 1.57079633e+00 8.54889330e-01
260 6 1.57079633e+00 8.53472605e-01
261 6 1.57079633e+00 8.61867513e-01
262 6 1.57079633e+00 8.52659509e-01
263 6 1.57079633e+00 8.51498003e-01
264 6 1.57079633e+00 8.49988719e-01
265 6 1.57079633e+00 8.50280518e-01
266 6 1.57079633e+00 8.54860587e-01
267 6 1.57079633e+00 8.47759284e-01
268 6 1.57079633e+00 8.54870129e-01
269 6 1.57079633e+00 8.50686523e-01
270 6 1.57079633e+00 8.48573298e-01
271 6 1.57079633e+00 8.58683741e-01
272 6 1.57079633e+00 8.49070981e-01
273 6 1.57079633e+00 8.53272268e-01
274 6 1.57079633e+00 8.56204090e-01
275 6 1.57079633e+00 8.50025626e-01
276 6 1.57079633e+00 8.49448547e-01
277 6 1.57079633e+00 8.52918082e-01
278 6 1.57079633e+00 8.53745684e-01
279 6 1.57079633e+00 8.52460247e-01
280 6 1.57079633e+00 8.53545490e-01
281 6 1.57079633e+00 8.51812702e-01
282 6 1.57079633e+00 8.49223747e-01
283 6 1.57079633e+00 8.57334225e-01
284 6 1.57079633e+00 8.61214778e-01
285 6 1.57079633e+00 8.56767338e-01
286 6 1.57079633e+00 8.53018978e-01
287 6 1.57079633e+00 8.55777258e-01
288 6 1.57079633e+00 8.54511097e-01
289 6 1.57079633e+00 8.53725931e-01
290 6 1.57079633e+00 8.48014258e-01
291 6 1.57079633e+00 8.53375155e-01
292 6 1.57079633e+00 8.54111366e-01
293 6 1.57079633e+00 8.53099005e-01
294 6 1.57079633e+00 8.56197371e-01
295 6 1.57079633e+00 8.55421943e-01
296 6 1.57079633e+00 8.54455853e-01
297 6 1.57079633e+00 8.56520789e-01
298 6 1.57079633e+00 8.53516797e-01
299 6 1.57079633e+00 8.53009232e-01
300 6 1.57079633e+00 8.56909791e-01
301 6 1.57079633e+00 8.53031919e-01
302 6 1.57079633e+00 8.52978033e-01
303 6 1.57079633e+00 8.58448257e-01
304 6 1.57079633e+00 8.57646163e-01
305 6 1.57079633e+00 8.52463085e-01
306 6 1.57079633e+00 8.49769986e-01
307 6 1.57079633e+00 8.48115215e-01
308 6 1.57079633e+00 8.46935407e-01
309 6 1.57079633e+00 8.49647795e-01
310 6 1.57079633e+00 8.59103409e-01
311 6 1.57079633e+00 8.59220389e-01
312 6 1.57079633e+00 8.56124844e-01
313 6 1.57079633e+00 8.51440226e-01
314 6 1.57079633e+00 8.46374307e-01
315 6 1.57079633e+00 8.48957047e-01
316 6 1.57079633e+00 8.53644126e-01
317 6 1.57079633e+00 8.55221337e-01
318 6 1.57079633e+00 8.52444315e-01
319 6 1.57079633e+00 8.53512742e-01
320 6 1.57079633e+00 8.52238097e-01
321 6 1.57079633e+00 8.49657435e-01
322 6 1.57079633e+00 8.49517524e-01
323 6 1.57079633e+00 8.45895780e-01
324 6 1.57079633e+00 8.49974136e-01
325 6 1.57079633e+00 8.55603800e-01
326 6 1.57079633e+00 8.52820493e-01
327 6 1.57079633e+00 8.47556020e-01
328 6 1.57079633e+00 8.50282866e-01
329 6 1.57079633e+00 8.55449528e-01
330 6 1.57079633e+00 8.56396097e-01
331 6 1.57079633e+00 8.48989411e-01
332 6 1.57079633e+00 8.51987358e-01
333 6 1.57079633e+00 8.50804979e-01
334 6 1.57079633e+00 8.49265401e-01
335 6 1.57079633e+00 8.50797728e-01
336 6 1.57079633e+00 8.53253394e-01
337 6 1.57079633e+00 8.54780212e-01
338 6 1.57079633e+00 8.59151310e-01
339 6 1.57079633e+00 8.56962658e-01
340 6 1.57079633e+00 8.57244946e-01
341 6 1.57079633e+00 8.54153637e-01
342 6 1.57079633e+00 8.59835137e-01
343 6 1.57079633e+00 8.57457479e-01
344 6 1.57079633e+00 8.53190660e-01
345 6 1.57079633e+00 8.54738107e-01
346 6 1.57079633e+00 8.55547953e-01
347 6 1.57079633e+00 8.51684983e-01
348 6 1.57079633e+00 8.55325279e-01
349 6 1.57079633e+00 8.48115730e-01
350 6 1.57079633e+00 8.55074457e-01
351 6 1.57079633e+00 8.52167940e-01
352 6 1.57079633e+00 8.52656467e-01
353 6 1.57079633e+00 8.54182943e-01
354 6 1.57079633e+00 8.53497945e-01
355 6 1.57079633e+00 8.59257002e-01
356 6 1.57079633e+00 8.57082344e-01
357 6 1.57079633e+00 8.52652076e-01
358 6 1.57079633e+00 8.56446073e-01
359 6 1.57079633e+00 8.50720719e-01
360 6 1.57079633e+00 8.57395763e-01
361 6 1.57079633e+00 8.58671885e-01
362 6 1.57079633e+00 8.55225227e-01
363 6 1.57079633e+00 8.47843737e-01
364 6 1.57079633e+00 8.50972271e-01
365 6 1.57079633e+00 8.55810677e-01
366 6 1.57079633e+00 8.62626416e-01
367 6 1.57079633e+00 8.53709593e-01
368 6 1.57079633e+00 8.53863943e-01
369 6 1.57079633e+00 8.51516175e-01
370 6 1.57079633e+00 8.51188151e-01
371 6 1.57079633e+00 8.54508126e-01
372 6 1.57079633e+00 8.57816299e-01
373 6 1.57079633e+00 8.55155535e-01
374 6 1.57079633e+00 8.51758189e-01
375 6 1.57079633e+00 8.53592058e-01
376 6 1.57079633e+00 8.53204480e-01
377 6 1.57079633e+00 8.56440566e-01
378 6 1.57079633e+00 8.56555178e-01
379 6 1.57079633e+00 8.51090912e-01
380 6 1.57079633e+00 8.51340365e-01
381 6 1.57079633e+00 8.52116978e-01
382 6 1.57079633e+00 8.53279337e-01
383 6 1.57079633e+00 8.52672877e-01
384 6 1.57079633e+00 8.55170659e-01
385 6 1.57079633e+00 8.56843273e-01
386 6 1.57079633e+00 8.50736047e-01
387 6 1.57079633e+00 8.52129121e-01
388 6 1.57079633e+00 8.53246968e-01
389 6 1.57079633e+00 8.56275589e-01
390 6 1.57079633e+00 8.47216302e-01
391 6 1.57079633e+00 8.50297460e-01
392 6 1.57079633e+00 8.58113250e-01
393 6 1.57079633e+00 8.58065575e-01
394 6 1.57079633e+00 8.58012762e-01
395 6 1.57079633e+00 8.54363691e-01
396 6 1.57079633e+00 8.60444592e-01
397 6 1.57079633e+00 8.58492454e-01
398 6 1.57079633e+00 8.62009490e-01
399 6 1.57079633e+00 8.50423897e-01
400 6 1.57079633e+00 8.51645300e-01
401 6 1.57079633e+00 8.55838712e-01
402 6 1.57079633e+00 8.51540994e-01
403 6 1.57079633e+00 8.61156278e-01
404 6 1.57079633e+00 8.54340603e-01
405 6 1.57079633e+00 8.50189645e-01
406 6 1.57079633e+00 8.47014545e-01
407 6 1.57079633e+00 8.58564633e-01
408 6 1.57079633e+00 8.43371296e-01
409 6 1.57079633e+00 8.59069639e-01
410 6 1.57079633e+00 8.56460258e-01
411 6 1.57079633e+00 8.57818596e-01
412 6 1.57079633e+00 8.54392520e-01
413 6 1.57079633e+00 8.60323517e-01
414 6 1.57079633e+00 8.52675530e-01
415 6 1.57079633e+00 8.53214546e-01
416 6 1.57079633e+00 8.52398260e-01
417 6 1.57079633e+00 8.51908736e-01
418 6 1.57079633e+00 8.51767032e-01
419 6 1.57079633e+00 8.58369463e-01
420 6 1.57079633e+00 8.52192913e-01
421 6 1.57079633e+00 8.52271742e-01
422 6 1.57079633e+00 8.49036479e-01
423 6 1.57079633e+00 8.52929826e-01
424 6 1.57079633e+00 8.52272811e-01
425 6 1.57079633e+00 8.56892040e-01
426 6 1.57079633e+00 8.49357955e-01
427 6 1.57079633e+00 8.51799299e-01
428 6 1.57079633e+00 8.56306000e-01
429 6 1.57079633e+00 8.55892791e-01
430 6 1.57079633e+00 8.55365037e-01
431 6 1.57079633e+00 8.53351164e-01
432 6 1.57079633e+00 8.51054837e-01
433 6 1.57079633e+00 8.58881779e-01
434 6 1.57079633e+00 8.56142338e-01
435 6 1.57079633e+00 8.54077625e-01
436 6 1.57079633e+00 8.55918436e-01
437 6 1.57079633e+00 8.55413683e-01
438 6 1.57079633e+00 8.54369144e-01
439 6 1.57079633e+00 8.49723929e-01
440 6 1.57079633e+00 8.51075762e-01
441 6 1.57079633e+00 8.41342450e-01
442 6 1.57079633e+00 8.56415165e-01
443 6 1.57079633e+00 8.52937465e-01
444 6 1.57079633e+00 8.54920998e-01
445 6 1.57079633e+00 8.55723183e-01
446 6 1.57079633e+00 8.56256254e-01
447 6 1.57079633e+00 8.53270524e-01
448 6 1.57079633e+00 8.57512389e-01
449 6 1.57079633e+00 8.60674391e-01
450 6 1.57079633e+00 8.54634869e-01
451 6 1.57079633e+00 8.57736074e-01
452 6 1.57079633e+00 8.61043717e-01
453 6 1.57079633e+00 8.53262289e-01
454 6 1.57079633e+00 8.55842349e-01
455 6 1.57079633e+00 8.49325607e-01
456 6 1.57079633e+00 8.48616699e-01
457 6 1.57079633e+00 8.52626471e-01
458 6 1.57079633e+00 8.51141463e-01
459 6 1.57079633e+00 8.51486494e-01
460 6 1.57079633e+00 8.53717250e-01
461 6 1.57079633e+00 8.54417393e-01
462 6 1.57079633e+00 8.54234213e-01
463 6 1.57079633e+00 8.59612568e-01
464 6 1.57079633e+00 8.55293203e-01
465 6 1.57079633e+00 8.55712830e-01
466 6 1.57079633e+00 8.52050420e-01
467 6 1.57079633e+00 8.51494605e-01
468 6 1.57079633e+00 8.52088260e-01
469 6 1.57079633e+00 8.51854699e-01
470 6 1.57079633e+00 8.56414161e-01
471 6 1.57079633e+00 8.47240596e-01
472 6 1.57079633e+00 8.52071570e-01
473 6 1.57079633e+00 8.57493677e-01
474 6 1.57079633e+00 8.56763972e-01
475 6 1.57079633e+00 8.50231595e-01
476 6 1.57079633e+00 8.49839134e-01
477 6 1.57079633e+00 8.47470143e-01
478 6 1.57079633e+00 8.54158720e-01
479 6 1.57079633e+00 8.52133025e-01
480 6 1.57079633e+00 8.51075505e-01
481 6 1.57079633e+00 8.55293635e-01
482 6 1.57079633e+00 8.48884670e-01
483 6 1.57079633e+00 8.58187520e-01
484 6 1.57079633e+00 8.52147818e-01
485 6 1.57079633e+00 8.55132319e-01
486 6 1.57079633e+00 8.54108326e-01
487 6 1.57079633e+00 8.57879332e-01
488 6 1.57079633e+00 8.50300751e-01
489 6 1.57079633e+00 8.52958195e-01
490 6 1.57079633e+00 8.49643875e-01
491 6 1.57079633e+00 8.51313872e-01
492 6 1.57079633e+00 8.53861918e-01
493 6 1.57079633e+00 8.54312167e-01
494 6 1.57079633e+00 8.54034823e-01
495 6 1.57079633e+00 8.63007767e-01
496 6 1.57079633e+00 8.53757926e-01
497 6 1.57079633e+00 8.53519360e-01
498 6 1.57079633e+00 8.51725889e-01
499 6 1.57079633e+00 8.43938002e-01
500 6 1.57079633e+00 8.51865044e-01
501 6 1.57079633e+00 8.52552150e-01
502 6 1.57079633e+00 8.57261538e-01
503 6 1.57079633e+00 8.52821760e-01
504 6 1.57079633e+00 8.46284908e-01
505 6 1.57079633e+00 8.52296368e-01
506 6 1.57079633e+00 8.55014388e-01
507 6 1.57079633e+00 8.51902552e-01
508 6 1.57079633e+00 8.53595772e-01
509 6 1.57079633e+00 8.52433003e-01
510 6 1.57079633e+00 8.57371512e-01
511 6 1.57079633e+00 8.56977714e-01
512 6 1.57079633e+00 8.50909473e-01
513 6 1.57079633e+00 8.57698024e-01
514 6 1.57079633e+00 8.52568580e-01
515 6 1.57079633e+00 8.55620731e-01
516 6 1.57079633e+00 8.52632807e-01
517 6 1.57079633e+00 8.54750506e-01
518 6 1.57079633e+00 8.52106241e-01
519 6 1.57079633e+00 8.48696612e-01
520 6 1.57079633e+00 8.48192571e-01
521 6 1.57079633e+00 8.46044586e-01
522 6 1.57079633e+00 8.54195772e-01
523 6 1.57079633e+00 8.50598483e-01
524 6 1.57079633e+00 8.51735517e-01
525 6 1.57079633e+00 8.56021338e-01
526 6 1.57079633e+00 8.52271197e-01
527 6 1.57079633e+00 8.52263645e-01
528 6 1.57079633e+00 8.54341465e-01
529 6 1.57079633e+00 8.54297538e-01
530 6 1.57079633e+00 8.51806535e-01
531 6 1.57079633e+00 8.52456376e-01
532 6 1.57079633e+00 8.54365296e-01
533 6 1.57079633e+00 8.57714864e-01
534 6 1.57079633e+00 8.58068635e-01
535 6 1.57079633e+00 8.54118060e-01
536 6 1.57079633e+00 8.62246615e-01
537 6 1.57079633e+00 8.60485640e-01
538 6 1.57079633e+00 8.56335092e-01
539 6 1.57079633e+00 8.56812398e-01
540 6 1.57079633e+00 8.55434252e-01
541 6 1.57079633e+00 8.55466232e-01
542 6 1.57079633e+00 8.56619421e-01
543 6 1.57079633e+00 8.50658746e-01
544 6 1.57079633e+00 8.52522883e-01
545 6 1.57079633e+00 8.53155906e-01
546 6 1.57079633e+00 8.57689269e-01
547 6 1.57079633e+00 8.58801025e-01
548 6 1.57079633e+00 8.55941125e-01
549 6 1.57079633e+00 8.53461363e-01
550 6 1.57079633e+00 8.51934490e-01
551 6 1.57079633e+00 8.54018213e-01
552 6 1.57079633e+00 8.55497564e-01
553 6 1.57079633e+00 8.50612275e-01
554 6 1.57079633e+00 8.49835475e-01
555 6 1.57079633e+00 8.53423647e-01
556 6 1.57079633e+00 8.47747838e-01
557 6 1.57079633e+00 8.55429458e-01
558 6 1.57079633e+00 8.53881796e-01
559 6 1.57079633e+00 8.50594112e-01
560 6 1.57079633e+00 8.59318198e-01
561 6 1.57079633e+00 8.53215495e-01
562 6 1.57079633e+00 8.56629495e-01
563 6 1.57079633e+00 8.55002132e-01
564 6 1.57079633e+00 8.58871544e-01
565 6 1.57079633e+00 8.56274338e-01
566 6 1.57079633e+00 8.53260091e-01
567 6 1.57079633e+00 8.52195800e-01
568 6 1.57079633e+00 8.56312764e-01
569 6 1.57079633e+00 8.54573846e-01
570 6 1.57079633e+00 8.55975499e-01
571 6 1.57079633e+00 8.52174018e-01
572 6 1.57079633e+00 8.49073968e-01
573 6 1.57079633e+00 8.48666713e-01
574 6 1.57079633e+00 8.45347522e-01
575 6 1.57079633e+00 8.56296295e-01
576 6 1.57079633e+00 8.53709909e-01
577 6 1.57079633e+00 8.53481537e-01
578 6 1.57079633e+00 8.49811034e-01
579 6 1.57079633e+00 8.54700167e-01
580 6 1.57079633e+00 8.50103017e-01
581 6 1.57079633e+00 8.53381299e-01
582 6 1.57079633e+00 8.54399031e-01
583 6 1.57079633e+00 8.56211066e-01
584 6 1.57079633e+00 8.50661706e-01
585 6 1.57079633e+00 8.56492117e-01
586 6 1.57079633e+00 8.52890079e-01
587 6 1.57079633e+00 8.54820584e-01
588 6 1.57079633e+00 8.46404009e-01
589 6 1.57079633e+00 8.55804891e-01
590 6 1.57079633e+00 8.50449914e-01
591 6 1.57079633e+00 8.56683680e-01
592 6 1.57079633e+00 8.56550705e-01
593 6 1.57079633e+00 8.57852063e-01
594 6 1.57079633e+00 8.53070872e-01
595 6 1.57079633e+00 8.57546243e-01
596 6 1.57079633e+00 8.60321248e-01
597 6 1.57079633e+00 8.60073385e-01
598 6 1.57079633e+00 8.54143479e-01
599 6 1.57079633e+00 8.54471934e-01
600 6 1.57079633e+00 8.55918768e-01
601 6 1.57079633e+00 8.55962382e-01
602 6 1.57079633e+00 8.50157197e-01
603 6 1.57079633e+00 8.53941373e-01
604 6 1.57079633e+00 8.54055871e-01
605 6 1.57079633e+00 8.52595871e-01
606 6 1.57079633e+00 8.54166319e-01
607 6 1.57079633e+00 8.54595445e-01
608 6 1.57079633e+00 8.55942836e-01
609 6 1.57079633e+00 8.46547523e-01
610 6 1.57079633e+00 8.54987554e-01
611 6 1.57079633e+00 8.53119378e-01
612 6 1.57079633e+00 8.55498975e-01
613 6 1.57079633e+00 8.50750682e-01
614 6 1.57079633e+00 8.54828655e-01
615 6 1.57079633e+00 8.45189570e-01
616 6 1.57079633e+00 8.55301288e-01
617 6 1.57079633e+00 8.55299984e-01
618 6 1.57079633e+00 8.53040437e-01
619 6 1.57079633e+00 8.55486712e-01
620 6 1.57079633e+00 8.54031584e-01
621 6 1.57079633e+00 8.54855121e-01
622 6 1.57079633e+00 8.51501471e-01
623 6 1.57079633e+00 8.54000234e-01
624 6 1.57079633e+00 8.54823346e-01
625 6 1.57079633e+00 8.52153756e-01
626 6 1.57079633e+00 8.52719801e-01
627 6 1.57079633e+00 8.57700322e-01
628 6 1.57079633e+00 8.51028069e-01
629 6 1.57079633e+00 8.46287634e-01
630 6 1.57079633e+00 8.50173675e-01
631 6 1.57079633e+00 8.55749079e-01
632 6 1.57079633e+00 8.58245481e-01
633 6 1.57079633e+00 8.46406194e-01
634 6 1.57079633e+00 8.56274088e-01
635 6 1.57079633e+00 8.53708190e-01
636 6 1.57079633e+00 8.49010720e-01
637 6 1.57079633e+00 8.44399973e-01
638 6 1.57079633e+00 8.55761769e-01
639 6 1.57079633e+00 8.48312384e-01
640 6 1.57079633e+00 8.53653128e-01
641 6 1.57079633e+00 8.52820764e-01
642 6 1.57079633e+00 8.51593081e-01
643 6 1.57079633e+00 8.54166602e-01
644 6 1.57079633e+00 8.62789725e-01
645 6 1.57079633e+00 8.55284505e-01
646 6 1.57079633e+00 8.45562177e-01
647 6 1.57079633e+00 8.51781239e-01
648 6 1.57079633e+00 8.53723888e-01
649 6 1.57079633e+00 8.49599640e-01
650 6 1.57079633e+00 8.51485248e-01
651 6 1.57079633e+00 8.51538538e-01
652 6 1.57079633e+00 8.53831517e-01
653 6 1.57079633e+00 8.57924322e-01
654 6 1.57079633e+00 8.48448526e-01
655 6 1.57079633e+00 8.55566172e-01
656 6 1.57079633e+00 8.53478021e-01
657 6 1.57079633e+00 8.54354045e-01
658 6 1.57079633e+00 8.58443964e-01
659 6 1.57079633e+00 8.51712062e-01
660 6 1.57079633e+00 8.51222197e-01
661 6 1.57079633e+00 8.55563005e-01
662 6 1.57079633e+00 8.51343504e-01
663 6 1.57079633e+00 8.55017964e-01
664 6 1.57079633e+00 8.58401740e-01
665 6 1.57079633e+00 8.51180849e-01
666 6 1.57079633e+00 8.53474060e-01
667 6 1.57079633e+00 8.51932660e-01
668 6 1.57079633e+00 8.56488050e-01
669 6 1.57079633e+00 8.52138354e-01
670 6 1.57079633e+00 8.59449791e-01
671 6 1.57079633e+00 8.52238157e-01
672 6 1.57079633e+00 8.54367289e-01
673 6 1.57079633e+00 8.57530120e-01
674 6 1.57079633e+00 8.48871136e-01
675 6 1.57079633e+00 8.49134507e-01
676 6 1.57079633e+00 8.54577366e-01
677 6 1.57079633e+00 8.58885733e-01
678 6 1.57079633e+00 8.54397295e-01
679 6 1.57079633e+00 8.48936825e-01
680 6 1.57079633e+00 8.54755649e-01
681 6 1.57079633e+00 8.50139983e-01
682 6 1.57079633e+00 8.53821346e-01
683 6 1.57079633e+00 8.50406730e-01
684 6 1.57079633e+00 8.54793424e-01
685 6 1.57079633e+00 8.51711793e-01
686 6 1.57079633e+00 8.55345178e-01
687 6 1.57079633e+00 8.54273856e-01
688 6 1.57079633e+00 8.47858073e-01
689 6 1.57079633e+00 8.53483306e-01
690 6 1.57079633e+00 8.53503918e-01
691 6 1.57079633e+00 8.56124786e-01
692 6 1.57079633e+00 8.54060086e-01
693 6 1.57079633e+00 8.54153793e-01
694 6 1.57079633e+00 8.52629509e-01
695 6 1.57079633e+00 8.49561590e-01
696 6 1.57079633e+00 8.54945322e-01
697 6 1.57079633e+00 8.56102541e-01
698 6 1.57079633e+00 8.54562368e-01
699 6 1.57079633e+00 8.54114285e-01
700 6 1.57079633e+00 8.59679148e-01
701 6 1.57079633e+00 8.54744472e-01
702 6 1.57079633e+00 8.50633450e-01
703 6 1.57079633e+00 8.56157369e-01
704 6 1.57079633e+00 8.48922301e-01
705 6 1.57079633e+00 8.52607858e-01
706 6 1.57079633e+00 8.58548783e-01
707 6 1.57079633e+00 8.51821238e-01
708 6 1.57079633e+00 8.57821872e-01
709 6 1.57079633e+00 8.53526798e-01
710 6 1.57079633e+00 8.52286693e-01
711 6 1.57079633e+00 8.54381731e-01
712 6 1.57079633e+00 8.57547570e-01
713 6 1.57079633e+00 8.54030126e-01
714 6 1.57079633e+00 8.49101872e-01
715 6 1.57079633e+00 8.55171340e-01
716 6 1.57079633e+00 8.54479314e-01
717 6 1.57079633e+00 8.51256423e-01
718 6 1.57079633e+00 8.47771712e-01
719 6 1.57079633e+00 8.47527861e-01
720 6 1.57079633e+00 8.52356000e-01
721 6 1.57079633e+00 8.52615300e-01
722 6 1.57079633e+00 8.54325865e-01
723 6 1.57079633e+00 8.52053830e-01
724 6 1.57079633e+00 8.50047002e-01
725 6 1.57079633e+00 8.47764596e-01
726 6 1.57079633e+00 8.56363808e-01
727 6 1.57079633e+00 8.52338859e-01
728 6 1.57079633e+00 8.54508104e-01
729 6 1.57079633e+00 8.55061741e-01
730 6 1.57079633e+00 8.49306738e-01
731 6 1.57079633e+00 8.56272068e-01
732 6 1.57079633e+00 8.49544159e-01
733 6 1.57079633e+00 8.57723015e-01
734 6 1.57079633e+00 8.54788132e-01
735 6 1.57079633e+00 8.56379638e-01
736 6 1.57079633e+00 8.51034766e-01
737 6 1.57079633e+00 8.53361338e-01
738 6 1.57079633e+00 8.57446420e-01
739 6 1.57079633e+00 8.51180341e-01
740 6 1.57079633e+00 8.54231672e-01
741 6 1.57079633e+00 8.54554661e-01
742 6 1.57079633e+00 8.52926129e-01
743 6 1.57079633e+00 8.53386809e-01
744 6 1.57079633e+00 8.52986888e-01
745 6 1.57079633e+00 8.55262139e-01
746 6 1.57079633e+00 8.48157379e-01
747 6 1.57079633e+00 8.54478339e-01
748 6 1.57079633e+00 8.54663156e-01
749 6 1.57079633e+00 8.53206822e-01
750 6 1.57079633e+00 8.52033196e-01
751 6 1.57079633e+00 8.58282611e-01
752 6 1.57079633e+00 8.58797702e-01
753 6 1.57079633e+00 8.54048806e-01
754 6 1.57079633e+00 8.53854359e-01
755 6 1.57079633e+00 8.50586421e-01
756 6 1.57079633e+00 8.55175205e-01
757 6 1.57079633e+00 8.50196224e-01
758 6 1.57079633e+00 8.52007447e-01
759 6 1.57079633e+00 8.51066835e-01
760 6 1.57079633e+00 8.51197565e-01
761 6 1.57079633e+00 8.52666145e-01
762 6 1.57079633e+00 8.57746421e-01
763 6 1.57079633e+00 8.59075733e-01
764 6 1.57079633e+00 8.59183280e-01
765 6 1.57079633e+00 8.57529805e-01
766 6 1.57079633e+00 8.52150933e-01
767 6 1.57079633e+00 8.51862094e-01
768 6 1.57079633e+00 8.56536706e-01
769 6 1.57079633e+00 8.56866274e-01
770 6 1.57079633e+00 8.55661583e-01
771 6 1.57079633e+00 8.58135756e-01
772 6 1.57079633e+00 8.53160701e-01
773 6 1.57079633e+00 8.51607855e-01
774 6 1.57079633e+00 8.51476172e-01
775 6 1.57079633e+00 8.54248654e-01
776 6 1.57079633e+00 8.56947287e-01
777 6 1.57079633e+00 8.56652126e-01
778 6 1.57079633e+00 8.56882073e-01
779 6 1.57079633e+00 8.55789127e-01
780 6 1.57079633e+00 8.55611610e-01
781 6 1.57079633e+00 8.57385873e-01
782 6 1.57079633e+00 8.54936780e-01
783 6 1.57079633e+00 8.47329203e-01
784 6 1.57079633e+00 8.57002308e-01
785 6 1.57079633e+00 8.48727136e-01
786 6 1.57079633e+00 8.53683697e-01
787 6 1.57079633e+00 8.49284451e-01
788 6 1.57079633e+00 8.49667768e-01
789 6 1.57079633e+00 8.50799936e-01
790 6 1.57079633e+00 8.48730897e-01
791 6 1.57079633e+00 8.58976424e-01
792 6 1.57079633e+00 8.57576773e-01
793 6 1.57079633e+00 8.49273426e-01
794 6 1.57079633e+00 8.53228794e-01
795 6 1.57079633e+00 8.56531294e-01
796 6 1.57079633e+00 8.53936663e-01
797 6 1.57079633e+00 8.51963529e-01
798 6 1.57079633e+00 8.53808054e-01
799 6 1.57079633e+00 8.57048277e-01
800 6 1.57079633e+00 8.58528472e-01
801 6 1.57079633e+00 8.54375906e-01
802 6 1.57079633e+00 8.56062644e-01
803 6 1.57079633e+00 8.59446200e-01
804 6 1.57079633e+00 8.57112956e-01
805 6 1.57079633e+00 8.55228398e-01
806 6 1.57079633e+00 8.55976212e-01
807 6 1.57079633e+00 8.55706005e-01
808 6 1.57079633e+00 8.53934740e-01
809 6 1.57079633e+00 8.56212782e-01
810 6 1.57079633e+00 8.48656094e-01
811 6 1.57079633e+00 8.52214770e-01
812 6 1.57079633e+00 8.49854383e-01
813 6 1.57079633e+00 8.55759132e-01
814 6 1.57079633e+00 8.51898070e-01
815 6 1.57079633e+00 8.54920508e-01
816 6 1.57079633e+00 8.54451993e-01
817 6 1.57079633e+00 8.55429263e-01
818 6 1.57079633e+00 8.47138749e-01
819 6 1.57079633e+00 8.55570928e-01
820 6 1.57079633e+00 8.53825895e-01
821 6 1.57079633e+00 8.50908436e-01
822 6 1.57079633e+00 8.55090809e-01
823 6 1.57079633e+00 8.50946712e-01
824 6 1.57079633e+00 8.52716025e-01
825 6 1.57079633e+00 8.49512866e-01
826 6 1.57079633e+00 8.54819294e-01
827 6 1.57079633e+00 8.51888134e-01
828 6 1.57079633e+00 8.57267103e-01
829 6 1.57079633e+00 8.51616041e-01
830 6 1.57079633e+00 8.55354877e-01
831 6 1.57079633e+00 8.53990730e-01
832 6 1.57079633e+00 8.54286565e-01
833 6 1.57079633e+00 8.53784120e-01
834 6 1.57079633e+00 8.54642366e-01
835 6 1.57079633e+00 8.54809814e-01
836 6 1.57079633e+00 8.52632665e-01
837 6 1.57079633e+00 8.60750414e-01
838 6 1.57079633e+00 8.54041000e-01
839 6 1.57079633e+00 8.52307859e-01
840 6 1.57079633e+00 8.51950709e-01
841 6 1.57079633e+00 8.50811312e-01
842 6 1.57079633e+00 8.52246514e-01
843 6 1.57079633e+00 8.54368166e-01
844 6 1.57079633e+00 8.60152965e-01
845 6 1.57079633e+00 8.51383121e-01
846 6 1.57079633e+00 8.47545593e-01
847 6 1.57079633e+00 8.57250109e-01
848 6 1.57079633e+00 8.54710676e-01
849 6 1.57079633e+00 8.52555213e-01
850 6 1.57079633e+00 8.50380494e-01
851 6 1.57079633e+00 8.52819701e-01
852 6 1.57079633e+00 8.60908800e-01
853 6 1.57079633e+00 8.52830383e-01
854 6 1.57079633e+00 8.49139199e-01
855 6 1.57079633e+00 8.51621738e-01
856 6 1.57079633e+00 8.53549503e-01
857 6 1.57079633e+00 8.52922042e-01
858 6 1.57079633e+00 8.57074783e-01
859 6 1.57079633e+00 8.58661807e-01
860 6 1.57079633e+00 8.52411860e-01
861 6 1.57079633e+00 8.51779005e-01
862 6 1.57079633e+00 8.56528506e-01
863 6 1.57079633e+00 8.58535827e-01
864 6 1.57079633e+00 8.52265771e-01
865 6 1.57079633e+00 8.48745108e-01
866 6 1.57079633e+00 8.56677005e-01
867 6 1.57079633e+00 8.54613034e-01
868 6 1.57079633e+00 8.53057002e-01
869 6 1.57079633e+00 8.57776330e-01
870 6 1.57079633e+00 8.53441894e-01
871 6 1.57079633e+00 8.51244840e-01
872 6 1.57079633e+00 8.53029169e-01
873 6 1.57079633e+00 8.52546059e-01
874 6 1.57079633e+00 8.56650117e-01
875 6 1.57079633e+00 8.54928525e-01
876 6 1.57079633e+00 8.51078968e-01
877 6 1.57079633e+00 8.54321808e-01
878 6 1.57079633e+00 8.48679430e-01
879 6 1.57079633e+00 8.53155167e-01
880 6 1.57079633e+00 8.58265859e-01
881 6 1.57079633e+00 8.52007140e-01
882 6 1.57079633e+00 8.47215745e-01
883 6 1.57079633e+00 8.53923580e-01
884 6 1.57079633e+00 8.52475750e-01
885 6 1.57079633e+00 8.54067454e-01
886 6 1.57079633e+00 8.48810444e-01
887 6 1.57079633e+00 8.58407117e-01
888 6 1.57079633e+00 8.54435294e-01
889 6 1.57079633e+00 8.55252527e-01
890 6 1.57079633e+00 8.57934469e-01
891 6 1.57079633e+00 8.55879114e-01
892 6 1.57079633e+00 8.55304401e-01
893 6 1.57079633e+00 8.52134589e-01
894 6 1.57079633e+00 8.54089240e-01
895 6 1.57079633e+00 8.58682889e-01
896 6 1.57079633e+00 8.50515566e-01
897 6 1.57079633e+00 8.53158206e-01
898 6 1.57079633e+00 8.57480729e-01
899 6 1.57079633e+00 8.53522834e-01
900 6 1.57079633e+00 8.55190697e-01
901 6 1.57079633e+00 8.49530679e-01
902 6 1.57079633e+00 8.52750573e-01
903 6 1.57079633e+00 8.54551632e-01
904 6 1.57079633e+00 8.49922535e-01
905 6 1.57079633e+00 8.50269229e-01
906 6 1.57079633e+00 8.56216466e-01
907 6 1.57079633e+00 8.54469915e-01
908 6 1.57079633e+00 8.52786477e-01
909 6 1.57079633e+00 8.53786990e-01
910 6 1.57079633e+00 8.53882047e-01
911 6 1.57079633e+00 8.59356295e-01
912 6 1.57079633e+00 8.51373225e-01
913 6 1.57079633e+00 8.53965037e-01
914 6 1.57079633e+00 8.52839939e-01
915 6 1.57079633e+00 8.56694542e-01
916 6 1.57079633e+00 8.52940218e-01
917 6 1.57079633e+00 8.54641699e-01
918 6 1.57079633e+00 8.53492064e-01
919 6 1.57079633e+00 8.52346126e-01
920 6 1.57079633e+00 8.56674767e-01
921 6 1.57079633e+00 8.50923089e-01
922 6 1.57079633e+00 8.51767193e-01
923 6 1.57079633e+00 8.45177126e-01
924 6 1.57079633e+00 8.51952290e-01
925 6 1.57079633e+00 8.51406358e-01
926 6 1.57079633e+00 8.54493114e-01
927 6 1.57079633e+00 8.52351850e-01
928 6 1.57079633e+00 8.48373579e-01
929 6 1.57079633e+00 8.54632206e-01
930 6 1.57079633e+00 8.53157353e-01
931 6 1.57079633e+00 8.48635143e-01
932 6 1.57079633e+00 8.54067198e-01
933 6 1.57079633e+00 8.53759946e-01
934 6 1.57079633e+00 8.54921255e-01
935 6 1.57079633e+00 8.56850612e-01
936 6 1.57079633e+00 8.52200776e-01
937 6 1.57079633e+00 8.58241036e-01
938 6 1.57079633e+00 8.48954351e-01
939 6 1.57079633e+00 8.54448684e-01
940 6 1.57079633e+00 8.52126843e-01
941 6 1.57079633e+00 8.54008041e-01
942 6 1.57079633e+00 8.57345105e-01
943 6 1.57079633e+00 8.55504147e-01
944 6 1.57079633e+00 8.55173542e-01
945 6 1.57079633e+00 8.49976842e-01
946 6 1.57079633e+00 8.55271042e-01
947 6 1.57079633e+00 8.51364361e-01
948 6 1.57079633e+00 8.52340893e-01
949 6 1.57079633e+00 8.51598964e-01
950 6 1.57079633e+00 8.54963121e-01
951 6 1.57079633e+00 8.53836510e-01
952 6 1.57079633e+00 8.53122403e-01
953 6 1.57079633e+00 8.55442206e-01
954 6 1.57079633e+00 8.52887663e-01
955 6 1.57079633e+00 8.51547437e-01
956 6 1.57079633e+00 8.56067113e-01
957 6 1.57079633e+00 8.53525419e-01
958 6 1.57079633e+00 8.51230000e-01
959 6 1.57079633e+00 8.53748271e-01
960 6 1.57079633e+00 8.51969475e-01
961 6 1.57079633e+00 8.51961723e-01
962 6 1.57079633e+00 8.54378024e-01
963 6 1.57079633e+00 8.53977197e-01
964 6 1.57079633e+00 8.55925264e-01
965 6 1.57079633e+00 8.57315499e-01
966 6 1.57079633e+00 8.56996421e-01
967 6 1.57079633e+00 8.55787934e-01
968 6 1.57079633e+00 8.58121637e-01
969 6 1.57079633e+00 8.53200067e-01
970 6 1.57079633e+00 8.51273909e-01
971 6 1.57079633e+00 8.54066298e-01
972 6 1.57079633e+00 8.51233217e-01
973 6 1.57079633e+00 8.52624452e-01
974 6 1.57079633e+00 8.56002490e-01
975 6 1.57079633e+00 8.57071738e-01
976 6 1.57079633e+00 8.53587578e-01
977 6 1.57079633e+00 8.56901580e-01
978 6 1.57079633e+00 8.48961090e-01
979 6 1.57079633e+00 8.50487050e-01
980 6 1.57079633e+00 8.51247944e-01
981 6 1.57079633e+00 8.51458695e-01
982 6 1.57079633e+00 8.54836159e-01
983 6 1.57079633e+00 8.52015050e-01
984 6 1.57079633e+00 8.54990463e-01
985 6 1.57079633e+00 8.52339207e-01
986 6 1.57079633e+00 8.52262160e-01
987 6 1.57079633e+00 8.52843010e-01
988 6 1.57079633e+00 8.54341082e-01
989 6 1.57079633e+00 8.54525786e-01
990 6 1.57079633e+00 8.50997476e-01
991 6 1.57079633e+00 8.51750623e-01
992 6 1.57079633e+00 8.48263561e-01
993 6 1.57079633e+00 8.54816307e-01
994 6 1.57079633e+00 8.54765457e-01
995 6 1.57079633e+00 8.48622298e-01
996 6 1.57079633e+00 8.53059681e-01
997 6 1.57079633e+00 8.55134779e-01
998 6 1.57079633e+00 8.56418657e-01
999 6 1.57079633e+00 8.51835426e-01
1000 6 1.57079633e+00 8.55864294e-01
1001 6 1.57079633e+00 8.50779247e-01
1002 6 1.57079633e+00 8.47509143e-01
1003 6 1.57079633e+00 8.56151155e-01
1004 6 1.57079633e+00 8.60348158e-01
1005 6 1.57079633e+00 8.52335321e-01
1006 6 1.57079633e+00 8.56112155e-01
1007 6 1.57079633e+00 8.53877833e-01
1008 6 1.57079633e+00 8.45593364e-01
1009 6 1.57079633e+00 8.56579089e-01
1010 6 1.57079633e+00 8.53859110e-01
1011 6 1.57079633e+00 8.58245688e-01
1012 6 1.57079633e+00 8.53709248e-01
0 7 1.83259571e+00 8.99426001e-01
1 7 1.83259571e+00 9.02061718e-01
2 7 1.83259571e+00 9.02689960e-01
3 7 1.83259571e+00 8.91531083e-01
4 7 1.83259571e+00 8.94302017e-01
5 7 1.83259571e+00 8.94469522e-01
6 7 1.83259571e+00 8.99740302e-01
7 7 1.83259571e+00 9.06257289e-01
8 7 1.83259571e+00 8.90518384e-01
9 7 1.83259571e+00 9.00350389e-01
10 7 1.83259571e+00 8.95753075e-01
11 7 1.83259571e+00 8.95720304e-01
12 7 1.83259571e+00 9.03522974e-01
13 7 1.83259571e+00 8.99698179e-01
14 7 1.83259571e+00 9.01848968e-01
15 7 1.83259571e+00 9.01025138e-01
16 7 1.83259571e+00 9.04831733e-01
17 7 1.83259571e+00 8.97286833e-01
18 7 1.83259571e+00 8.96228559e-01
19 7 1.83259571e+00 8.98252112e-01
20 7 1.83259571e+00 8.94402556e-01
21 7 1.83259571e+00 8.98211852e-01
22 7 1.83259571e+00 8.97636434e-01
23 7 1.83259571e+00 8.96477410e-01
24 7 1.83259571e+00 8.98894382e-01
25 7 1.83259571e+00 8.96879017e-01
26 7 1.83259571e+00 8.97262829e-01
27 7 1.83259571e+00 8.93127809e-01
28 7 1.83259571e+00 8.95020222e-01
29 7 1.83259571e+00 8.96864658e-01
30 7 1.83259571e+00 8.86739160e-01
31 7 1.83259571e+00 9.02677137e-01
32 7 1.83259571e+00 9.03827751e-01
33 7 1.83259571e+00 8.95397081e-01
34 7 1.83259571e+00 8.94300079e-01
35 7 1.83259571e+00 9.01482760e-01
36 7 1.83259571e+00 8.97462175e-01
37 7 1.83259571e+00 8.96102933e-01
38 7 1.83259571e+00 9.02510314e-01
39 7 1.83259571e+00 8.99419189e-01
40 7 1.83259571e+00 9.01282988e-01
41 7 1.83259571e+00 8.94206783e-01
42 7 1.83259571e+00 8.94599768e-01
43 7 1.83259571e+00 8.98583251e-01
44 7 1.83259571e+00 9.01303416e-01
45 7 1.83259571e+00 8.98791223e-01
46 7 1.83259571e+00 8.98850343e-01
47 7 1.83259571e+00 8.93400718e-01
48 7 1.83259571e+00 9.02694627e-01
49 7 1.83259571e+00 8.95158938e-01
50 7 1.83259571e+00 8.99179529e-01
51 7 1.83259571e+00 9.01000570e-01
52 7 1.83259571e+00 8.99791449e-01
53 7 1.83259571e+00 8.95275675e-01
54 7 1.83259571e+00 9.04291510e-01
55 7 1.83259571e+00 8.89328174e-01
56 7 1.83259571e+00 9.00758055e-01
57 7 1.83259571e+00 8.92596664e-01
58 7 1.83259571e+00 8.98914661e-01
59 7 1.83259571e+00 9.03585578e-01
60 7 1.83259571e+00 9.01258694e-01
61 7 1.83259571e+00 8.96130353e-01
62 7 1.83259571e+00 9.00284327e-01
63 7 1.83259571e+00 8.93592626e-01
64 7 1.83259571e+00 8.95305195e-01
65 7 1.83259571e+00 9.01015052e-01
66 7 1.83259571e+00 8.94623427e-01
67 7 1.83259571e+00 9.01556379e-01
68 7 1.83259571e+00 8.95101774e-01
69 7 1.83259571e+00 8.92759312e-01
70 7 1.83259571e+00 8.98843172e-01
71 7 1.83259571e+00 8.92614358e-01
72 7 1.83259571e+00 8.95970731e-01
73 7 1.83259571e+00 9.05054227e-01
74 7 1.83259571e+00 8.89022378e-01
75 7 1.83259571e+00 8.96067818e-01
76 7 1.83259571e+00 8.99404838e-01
77 7 1.83259571e+00 9.00256138e-01
78 7 1.83259571e+00 8.97055204e-01
79 7 1.83259571e+00 8.99554754e-01
80 7 1.83259571e+00 8.98660681e-01
81 7 1.83259571e+00 9.01842051e-01
82 7 1.83259571e+00 9.00182653e-01
83 7 1.83259571e+00 8.90459338e-01
84 7 1.83259571e+00 9.00852596e-01
85 7 1.83259571e+00 9.02808190e-01
86 7 1.83259571e+00 8.90658399e-01
87 7 1.83259571e+00 8.89474057e-01
88 7 1.83259571e+00 9.00993201e-01
89 7 1.83259571e+00 8.99543775e-01
90 7 1.83259571e+00 8.99557858e-01
91 7 1.83259571e+00 8.96424118e-01
92 7 1.83259571e+00 8.93652857e-01
93 7 1.83259571e+00 9.01766531e-01
94 7 1.83259571e+00 8.95520061e-01
95 7 1.83259571e+00 8.95675537e-01
96 7 1.83259571e+00 9.02113818e-01
97 7 1.83259571e+00 9.05171033e-01
98 7 1.83259571e+00 8.96823485e-01
99 7 1.83259571e+00 8.93435618e-01
100 7 1.83259571e+00 8.94741756e-01
101 7 1.83259571e+00 9.03426443e-01
102 7 1.83259571e+00 9.04320552e-01
103 7 1.83259571e+00 8.95947086e-01
104 7 1.83259571e+00 9.02566122e-01
105 7 1.83259571e+00 8.92225218e-01
106 7 1.83259571e+00 8.99487679e-01
107 7 1.83259571e+00 9.03656463e-01
108 7 1.83259571e+00 8.92408823e-01
109 7 1.83259571e+00 9.02031327e-01
110 7 1.83259571e+00 8.88397760e-01
111 7 1.83259571e+00 8.90928042e-01
112 7 1.83259571e+00 8.94614670e-01
113 7 1.83259571e+00 8.95161958e-01
114 7 1.83259571e+00 9.03148743e-01
115 7 1.83259571e+00 9.00127741e-01
116 7 1.83259571e+00 9.02994367e-01
117 7 1.83259571e+00 9.01147961e-01
118 7 1.83259571e+00 8.99565398e-01
119 7 1.83259571e+00 8.98486665e-01
120 7 1.83259571e+00 9.02119085e-01
121 7 1.83259571e+00 8.95356405e-01
122 7 1.83259571e+00 8.98068754e-01
123 7 1.83259571e+00 8.94476836e-01
124 7 1.83259571e+00 9.03021850e-01
125 7 1.83259571e+00 8.98162912e-01
126 7 1.83259571e+00 8.99795741e-01
127 7 1.83259571e+00 9.02467441e-01
128 7 1.83259571e+00 8.97155698e-01
129 7 1.83259571e+00 8.97146728e-01
130 7 1.83259571e+00 8.97600281e-01
131 7 1.83259571e+00 8.94792096e-01
132 7 1.83259571e+00 8.99324644e-01
133 7 1.83259571e+00 9.01494901e-01
134 7 1.83259571e+00 9.04054179e-01
135 7 1.83259571e+00 8.99738950e-01
136 7 1.83259571e+00 8.97256038e-01
137 7 1.83259571e+00 8.98004549e-01
138 7 1.83259571e+00 8.92820868e-01
139 7 1.83259571e+00 9.02311697e-01
140 7 1.83259571e+00 8.96639933e-01
141 7 1.83259571e+00 9.02399181e-01
142 7 1.83259571e+00 8.92629388e-01
143 7 1.83259571e+00 8.99944337e-01
144 7 1.83259571e+00 9.00596196e-01
145 7 1.83259571e+00 8.92465517e-01
146 7 1.83259571e+00 8.93957595e-01
147 7 1.83259571e+00 9.00305555e-01
148 7 1.83259571e+00 9.02152860e-01
149 7 1.83259571e+00 8.97573185e-01
150 7 1.83259571e+00 9.02317962e-01
151 7 1.83259571e+00 9.04466477e-01
152 7 1.83259571e+00 8.93673326e-01
153 7 1.83259571e+00 8.99150936e-01
154 7 1.83259571e+00 9.01637123e-01
155 7 1.83259571e+00 8.95401885e-01
156 7 1.83259571e+00 9.00474054e-01
157 7 1.83259571e+00 8.98287761e-01
158 7 1.83259571e+00 8.95500151e-01
159 7 1.83259571e+00 8.94265855e-01
160 7 1.83259571e+00 8.91668145e-01
161 7 1.83259571e+00 9.03226910e-01
162 7 1.83259571e+00 9.00995961e-01
163 7 1.83259571e+00 9.04381223e-01
164 7 1.83259571e+00 8.96509025e-01
165 7 1.83259571e+00 8.96359137e-01
166 7 1.83259571e+00 8.97171095e-01
167 7 1.83259571e+00 8.99818588e-01
168 7 1.83259571e+00 9.00205256e-01
169 7 1.83259571e+00 9.01025847e-01
170 7 1.83259571e+00 8.96748843e-01
171 7 1.83259571e+00 9.01475213e-01
172 7 1.83259571e+00 8.99690399e-01
173 7 1.83259571e+00 8.96627946e-01
174 7 1.83259571e+00 8.97228486e-01
175 7 1.83259571e+00 8.95504893e-01
176 7 1.83259571e+00 9.02824999e-01
177 7 1.83259571e+00 8.96753758e-01
178 7 1.83259571e+00 8.89704299e-01
179 7 1.83259571e+00 8.98790289e-01
180 7 1.83259571e+00 8.96706024e-01
181 7 1.83259571e+00 8.93004824e-01
182 7 1.83259571e+00 8.92382471e-01
183 7 1.83259571e+00 8.99439307e-01
184 7 1.83259571e+00 8.96065235e-01
185 7 1.83259571e+00 8.96626925e-01
186 7 1.83259571e+00 8.90526436e-01
187 7 1.83259571e+00 9.00978718e-01
188 7 1.83259571e+00 8.98056787e-01
189 7 1.83259571e+00 8.95057672e-01
190 7 1.83259571e+00 9.05699799e-01
191 7 1.83259571e+00 8.98622076e-01
192 7 1.83259571e+00 8.97007526e-01
193 7 1.83259571e+00 9.00060651e-01
194 7 1.83259571e+00 8.90784771e-01
195 7 1.83259571e+00 8.93054569e-01
196 7 1.83259571e+00 8.94991456e-01
197 7 1.83259571e+00 8.98743656e-01
198 7 1.83259571e+00 8.97628280e-01
199 7 1.83259571e+00 8.99419239e-01
200 7 1.83259571e+00 8.92960795e-01
201 7 1.83259571e+00 9.11569996e-01
202 7 1.83259571e+00 8.98178574e-01
203 7 1.83259571e+00 8.97145690e-01
204 7 1.83259571e+00 8.93774088e-01
205 7 1.83259571e+00 8.98073557e-01
206 7 1.83259571e+00 8.97255967e-01
207 7 1.83259571e+00 8.96102655e-01
208 7 1.83259571e+00 8.94997262e-01
209 7 1.83259571e+00 8.89248253e-01
210 7 1.83259571e+00 8.88466257e-01
211 7 1.83259571e+00 9.00385286e-01
212 7 1.83259571e+00 8.98552023e-01
213 7 1.83259571e+00 9.00453976e-01
214 7 1.83259571e+00 9.05888121e-01
215 7 1.83259571e+00 9.02610436e-01
216 7 1.83259571e+00 8.94248479e-01
217 7 1.83259571e+00 9.02139326e-01
218 7 1.83259571e+00 8.92388220e-01
219 7 1.83259571e+00 8.97275795e-01
220 7 1.83259571e+00 8.98631224e-01
221 7 1.83259571e+00 8.90950047e-01
222 7 1.83259571e+00 9.01620075e-01
223 7 1.83259571e+00 8.94485046e-01
224 7 1.83259571e+00 8.93395187e-01
225 7 1.83259571e+00 8.97703609e-01
226 7 1.83259571e+00 8.98388113e-01
227 7 1.83259571e+00 8.98749797e-01
228 7 1.83259571e+00 8.99901366e-01
229 7 1.83259571e+00 8.94833477e-01
230 7 1.83259571e+00 8.93135774e-01
231 7 1.83259571e+00 8.95665307e-01
232 7 1.83259571e+00 8.93443418e-01
233 7 1.83259571e+00 8.96536210e-01
234 7 1.83259571e+00 9.05579114e-01
235 7 1.83259571e+00 8.97509400e-01
236 7 1.83259571e+00 9.05031467e-01
237 7 1.83259571e+00 8.95213102e-01
238 7 1.83259571e+00 8.99983562e-01
239 7 1.83259571e+00 9.04214062e-01
240 7 1.83259571e+00 8.95124777e-01
241 7 1.83259571e+00 8.99952846e-01
242 7 1.83259571e+00 8.99045782e-01
243 7 1.83259571e+00 9.05409289e-01
244 7 1.83259571e+00 8.90319785e-01
245 7 1.83259571e+00 9.01343466e-01
246 7 1.83259571e+00 8.98164580e-01
247 7 1.83259571e+00 8.88237975e-01
248 7 1.83259571e+00 8.95670833e-01
249 7 1.83259571e+00 9.04032604e-01
250 7 1.83259571e+00 8.96623646e-01
251 7 1.83259571e+00 8.82016112e-01
252 7 1.83259571e+00 9.01028410e-01
253 7 1.83259571e+00 8.99211648e-01
254 7 1.83259571e+00 8.93209159e-01
255 7 1.83259571e+00 8.97513668e-01
256 7 1.83259571e+00 8.93744741e-01
257 7 1.83259571e+00 9.03823615e-01
258 7 1.83259571e+00 8.95703530e-01
259 7 1.83259571e+00 8.99421913e-01
260 7 1.83259571e+00 8.96189427e-01
261 7 1.83259571e+00 9.11418743e-01
262 7 1.83259571e+00 8.95907239e-01
263 7 1.83259571e+00 8.93571909e-01
264 7 1.83259571e+00 8.91929491e-01
265 7 1.83259571e+00 8.92070178e-01
266 7 1.83259571e+00 8.97915091e-01
267 7 1.83259571e+00 8.89107871e-01
268 7 1.83259571e+00 9.00472116e-01
269 7 1.83259571e+00 8.94885425e-01
270 7 1.83259571e+00 8.89982084e-01
271 7 1.83259571e+00 9.04024861e-01
272 7 1.83259571e+00 8.94267289e-01
273 7 1.83259571e+00 8.97488916e-01
274 7 1.83259571e+00 9.01608594e-01
275 7 1.83259571e+00 8.94691475e-01
276 7 1.83259571e+00 8.92145655e-01
277 7 1.83259571e+00 8.99287319e-01
278 7 1.83259571e+00 8.96750824e-01
279 7 1.83259571e+00 8.96285996e-01
280 7 1.83259571e+00 8.95205924e-01
281 7 1.83259571e+00 8.96434999e-01
282 7 1.83259571e+00 8.90872193e-01
283 7 1.83259571e+00 9.02043935e-01
284 7 1.83259571e+00 9.05258820e-01
285 7 1.83259571e+00 9.01333078e-01
286 7 1.83259571e+00 8.96160142e-01
287 7 1.83259571e+00 9.00691906e-01
288 7 1.83259571e+00 8.99583248e-01
289 7 1.83259571e+00 8.99006043e-01
290 7 1.83259571e+00 8.91303982e-01
291 7 1.83259571e+00 8.96718352e-01
292 7 1.83259571e+00 8.98204871e-01
293 7 1.83259571e+00 8.97352324e-01
294 7 1.83259571e+00 8.99670656e-01
295 7 1.83259571e+00 8.99558544e-01
296 7 1.83259571e+00 9.00220697e-01
297 7 1.83259571e+00 9.00711171e-01
298 7 1.83259571e+00 8.97531305e-01
299 7 1.83259571e+00 8.96548629e-01
300 7 1.83259571e+00 9.00267902e-01
301 7 1.83259571e+00 8.97218474e-01
302 7 1.83259571e+00 8.96577892e-01
303 7 1.83259571e+00 9.04785540e-01
304 7 1.83259571e+00 9.03151264e-01
305 7 1.83259571e+00 8.96245760e-01
306 7 1.83259571e+00 8.92480972e-01
307 7 1.83259571e+00 8.89496506e-01
308 7 1.83259571e+00 8.89387901e-01
309 7 1.83259571e+00 8.93178558e-01
310 7 1.83259571e+00 9.03982861e-01
311 7 1.83259571e+00 9.05316981e-01
312 7 1.83259571e+00 9.00956293e-01
313 7 1.83259571e+00 8.94862352e-01
314 7 1.83259571e+00 8.87951627e-01
315 7 1.83259571e+00 8.92099379e-01
316 7 1.83259571e+00 8.97734905e-01
317 7 1.83259571e+00 8.99728864e-01
318 7 1.83259571e+00 8.95745916e-01
319 7 1.83259571e+00 8.98759299e-01
320 7 1.83259571e+00 8.95469714e-01
321 7 1.83259571e+00 8.92493642e-01
322 7 1.83259571e+00 8.89537408e-01
323 7 1.83259571e+00 8.88830845e-01
324 7 1.83259571e+00 8.92596693e-01
325 7 1.83259571e+00 9.00387228e-01
326 7 1.83259571e+00 8.96455475e-01
327 7 1.83259571e+00 8.90689609e-01
328 7 1.83259571e+00 8.93319439e-01
329 7 1.83259571e+00 9.00252009e-01
330 7 1.83259571e+00 9.01484580e-01
331 7 1.83259571e+00 8.91711638e-01
332 7 1.83259571e+00 8.95544646e-01
333 7 1.83259571e+00 8.93612165e-01
334 7 1.83259571e+00 8.92062099e-01
335 7 1.83259571e+00 8.94290779e-01
336 7 1.83259571e+00 8.96648038e-01
337 7 1.83259571e+00 8.99445169e-01
338 7 1.83259571e+00 9.05238041e-01
339 7 1.83259571e+00 9.01710063e-01
340 7 1.83259571e+00 9.01455716e-01
341 7 1.83259571e+00 8.98110881e-01
342 7 1.83259571e+00 9.06041462e-01
343 7 1.83259571e+00 9.02932114e-01
344 7 1.83259571e+00 8.96486716e-01
345 7 1.83259571e+00 8.98762690e-01
346 7 1.83259571e+00 9.01640152e-01
347 7 1.83259571e+00 8.96995373e-01
348 7 1.83259571e+00 8.99420075e-01
349 7 1.83259571e+00 8.90102450e-01
350 7 1.83259571e+00 8.99836517e-01
351 7 1.83259571e+00 8.94252683e-01
352 7 1.83259571e+00 8.97741121e-01
353 7 1.83259571e+00 8.98887834e-01
354 7 1.83259571e+00 8.99591376e-01
355 7 1.83259571e+00 9.02951309e-01
356 7 1.83259571e+00 9.03471736e-01
357 7 1.83259571e+00 8.97204916e-01
358 7 1.83259571e+00 9.01510539e-01
359 7 1.83259571e+00 8.95149750e-01
360 7 1.83259571e+00 9.01670373e-01
361 7 1.83259571e+00 9.04660562e-01
362 7 1.83259571e+00 9.00046236e-01
363 7 1.83259571e+00 8.90669601e-01
364 7 1.83259571e+00 8.92578420e-01
365 7 1.83259571e+00 9.01104919e-01
366 7 1.83259571e+00 9.10094827e-01
367 7 1.83259571e+00 8.97597574e-01
368 7 1.83259571e+00 8.97935069e-01
369 7 1.83259571e+00 8.96967032e-01
370 7 1.83259571e+00 8.94976110e-01
371 7 1.83259571e+00 9.00069061e-01
372 7 1.83259571e+00 9.04326808e-01
373 7 1.83259571e+00 9.00831577e-01
374 7 1.83259571e+00 8.94587883e-01
375 7 1.83259571e+00 8.97099663e-01
376 7 1.83259571e+00 8.99216246e-01
377 7 1.83259571e+00 9.01102955e-01
378 7 1.83259571e+00 9.00988166e-01
379 7 1.83259571e+00 8.93709536e-01
380 7 1.83259571e+00 8.96867335e-01
381 7 1.83259571e+00 8.94201104e-01
382 7 1.83259571e+00 8.97700941e-01
383 7 1.83259571e+00 8.96119599e-01
384 7 1.83259571e+00 9.01522122e-01
385 7 1.83259571e+00 9.03229287e-01
386 7 1.83259571e+00 8.93367974e-01
387 7 1.83259571e+00 8.96013529e-01
388 7 1.83259571e+00 8.96153430e-01
389 7 1.83259571e+00 9.00586142e-01
390 7 1.83259571e+00 8.89773511e-01
391 7 1.83259571e+00 8.95274782e-01
392 7 1.83259571e+00 9.03068372e-01
393 7 1.83259571e+00 9.04793145e-01
394 7 1.83259571e+00 9.02487028e-01
395 7 1.83259571e+00 8.98485865e-01
396 7 1.83259571e+00 9.06044342e-01
397 7 1.83259571e+00 9.03586510e-01
398 7 1.83259571e+00 9.08321653e-01
399 7 1.83259571e+00 8.94218365e-01
400 7 1.83259571e+00 8.95394937e-01
401 7 1.83259571e+00 8.99422507e-01
402 7 1.83259571e+00 8.94759620e-01
403 7 1.83259571e+00 9.08111847e-01
404 7 1.83259571e+00 8.99604778e-01
405 7 1.83259571e+00 8.92794218e-01
406 7 1.83259571e+00 8.89903391e-01
407 7 1.83259571e+00 9.05146036e-01
408 7 1.83259571e+00 8.83801806e-01
409 7 1.83259571e+00 9.05281946e-01
410 7 1.83259571e+00 9.00845596e-01
411 7 1.83259571e+00 9.03924386e-01
412 7 1.83259571e+00 8.96518772e-01
413 7 1.83259571e+00 9.07972490e-01
414 7 1.83259571e+00 8.97159009e-01
415 7 1.83259571e+00 8.97124288e-01
416 7 1.83259571e+00 8.97804623e-01
417 7 1.83259571e+00 8.94350178e-01
418 7 1.83259571e+00 8.95296946e-01
419 7 1.83259571e+00 9.03967176e-01
420 7 1.83259571e+00 8.93735754e-01
421 7 1.83259571e+00 8.96495212e-01
422 7 1.83259571e+00 8.90871753e-01
423 7 1.83259571e+00 8.96926580e-01
424 7 1.83259571e+00 8.98188237e-01
425 7 1.83259571e+00 9.01443705e-01
426 7 1.83259571e+00 8.91357359e-01
427 7 1.83259571e+00 8.95909769e-01
428 7 1.83259571e+00 9.01035867e-01
429 7 1.83259571e+00 8.99623924e-01
430 7 1.83259571e+00 8.99355716e-01
431 7 1.83259571e+00 8.97388591e-01
432 7 1.83259571e+00 8.93973202e-01
433 7 1.83259571e+00 9.04524665e-01
434 7 1.83259571e+00 8.99961826e-01
435 7 1.83259571e+00 8.98554127e-01
436 7 1.83259571e+00 9.01604320e-01
437 7 1.83259571e+00 9.01854764e-01
438 7 1.83259571e+00 8.96913815e-01
439 7 1.83259571e+00 8.92564913e-01
440 7 1.83259571e+00 8.94375521e-01
441 7 1.83259571e+00 8.82553919e-01
442 7 1.83259571e+00 9.01430040e-01
443 7 1.83259571e+00 8.96233168e-01
444 7 1.83259571e+00 9.00248828e-01
445 7 1.83259571e+00 9.00042059e-01
446 7 1.83259571e+00 9.01441850e-01
447 7 1.83259571e+00 8.97362158e-01
448 7 1.83259571e+00 9.03047982e-01
449 7 1.83259571e+00 9.07194844e-01
450 7 1.83259571e+00 9.01003867e-01
451 7 1.83259571e+00 9.02433971e-01
452 7 1.83259571e+00 9.05905867e-01
453 7 1.83259571e+00 8.97968440e-01
454 7 1.83259571e+00 9.00977380e-01
455 7 1.83259571e+00 8.91428558e-01
456 7 1.83259571e+00 8.91910405e-01
457 7 1.83259571e+00 8.96810988e-01
458 7 1.83259571e+00 8.94734173e-01
459 7 1.83259571e+00 8.94500251e-01
460 7 1.83259571e+00 8.96626277e-01
461 7 1.83259571e+00 8.97558528e-01
462 7 1.83259571e+00 8.97846017e-01
463 7 1.83259571e+00 9.06287675e-01
464 7 1.83259571e+00 8.98245828e-01
465 7 1.83259571e+00 8.99239405e-01
466 7 1.83259571e+00 8.94279374e-01
467 7 1.83259571e+00 8.94563133e-01
468 7 1.83259571e+00 8.94631485e-01
469 7 1.83259571e+00 8.95129628e-01
470 7 1.83259571e+00 9.01560147e-01
471 7 1.83259571e+00 8.88836469e-01
472 7 1.83259571e+00 8.96358599e-01
473 7 1.83259571e+00 9.03949242e-01
474 7 1.83259571e+00 9.02982579e-01
475 7 1.83259571e+00 8.92549563e-01
476 7 1.83259571e+00 8.91439157e-01
477 7 1.83259571e+00 8.92596603e-01
478 7 1.83259571e+00 8.97603895e-01
479 7 1.83259571e+00 8.95049220e-01
480 7 1.83259571e+00 8.92731709e-01
481 7 1.83259571e+00 8.99895740e-01
482 7 1.83259571e+00 8.91953381e-01
483 7 1.83259571e+00 9.03719618e-01
484 7 1.83259571e+00 8.94503118e-01
485 7 1.83259571e+00 8.99228151e-01
486 7 1.83259571e+00 8.97758566e-01
487 7 1.83259571e+00 9.04598921e-01
488 7 1.83259571e+00 8.94371664e-01
489 7 1.83259571e+00 8.98147960e-01
490 7 1.83259571e+00 8.92504089e-01
491 7 1.83259571e+00 8.95759349e-01
492 7 1.83259571e+00 8.98290730e-01
493 7 1.83259571e+00 8.99925033e-01
494 7 1.83259571e+00 8.96967655e-01
495 7 1.83259571e+00 9.10729387e-01
496 7 1.83259571e+00 8.98092651e-01
497 7 1.83259571e+00 8.98077789e-01
498 7 1.83259571e+00 8.93953705e-01
499 7 1.83259571e+00 8.85047481e-01
500 7 1.83259571e+00 8.96329823e-01
501 7 1.83259571e+00 8.95756566e-01
502 7 1.83259571e+00 9.03109939e-01
503 7 1.83259571e+00 8.96768371e-01
504 7 1.83259571e+00 8.89177714e-01
505 7 1.83259571e+00 8.95723456e-01
506 7 1.83259571e+00 8.99584797e-01
507 7 1.83259571e+00 8.96864092e-01
508 7 1.83259571e+00 8.95680453e-01
509 7 1.83259571e+00 8.95552617e-01
510 7 1.83259571e+00 9.03157447e-01
511 7 1.83259571e+00 9.03861194e-01
512 7 1.83259571e+00 8.94314495e-01
513 7 1.83259571e+00 9.02298672e-01
514 7 1.83259571e+00 8.96384036e-01
515 7 1.83259571e+00 9.00977236e-01
516 7 1.83259571e+00 8.96512990e-01
517 7 1.83259571e+00 8.98590194e-01
518 7 1.83259571e+00 8.98032376e-01
519 7 1.83259571e+00 8.90709599e-01
520 7 1.83259571e+00 8.92256115e-01
521 7 1.83259571e+00 8.89073672e-01
522 7 1.83259571e+00 8.98557393e-01
523 7 1.83259571e+00 8.93616559e-01
524 7 1.83259571e+00 8.95472700e-01
525 7 1.83259571e+00 9.00984938e-01
526 7 1.83259571e+00 8.95925493e-01
527 7 1.83259571e+00 8.96137127e-01
528 7 1.83259571e+00 8.97548128e-01
529 7 1.83259571e+00 8.97062610e-01
530 7 1.83259571e+00 8.93581369e-01
531 7 1.83259571e+00 8.95341705e-01
532 7 1.83259571e+00 8.97633159e-01
533 7 1.83259571e+00 9.02708128e-01
534 7 1.83259571e+00 9.01792245e-01
535 7 1.83259571e+00 8.99254810e-01
536 7 1.83259571e+00 9.08007225e-01
537 7 1.83259571e+00 9.07402392e-01
538 7 1.83259571e+00 9.01389844e-01
539 7 1.83259571e+00 9.02221926e-01
540 7 1.83259571e+00 9.00856198e-01
541 7 1.83259571e+00 8.99919117e-01
542 7 1.83259571e+00 9.01667832e-01
543 7 1.83259571e+00 8.93317716e-01
544 7 1.83259571e+00 8.96002892e-01
545 7 1.83259571e+00 8.97932992e-01
546 7 1.83259571e+00 9.02939947e-01
547 7 1.83259571e+00 9.04668630e-01
548 7 1.83259571e+00 9.00940084e-01
549 7 1.83259571e+00 8.98141872e-01
550 7 1.83259571e+00 8.97328292e-01
551 7 1.83259571e+00 8.99095866e-01
552 7 1.83259571e+00 9.00574782e-01
553 7 1.83259571e+00 8.94501500e-01
554 7 1.83259571e+00 8.91260145e-01
555 7 1.83259571e+00 8.97380099e-01
556 7 1.83259571e+00 8.89571534e-01
557 7 1.83259571e+00 9.01045698e-01
558 7 1.83259571e+00 8.99841357e-01
559 7 1.83259571e+00 8.95432502e-01
560 7 1.83259571e+00 9.03859937e-01
561 7 1.83259571e+00 8.96258624e-01
562 7 1.83259571e+00 9.00729749e-01
563 7 1.83259571e+00 9.00005929e-01
564 7 1.83259571e+00 9.04089603e-01
565 7 1.83259571e+00 9.01231021e-01
566 7 1.83259571e+00 8.96192787e-01
567 7 1.83259571e+00 8.93690311e-01
568 7 1.83259571e+00 9.01140989e-01
569 7 1.83259571e+00 8.98837153e-01
570 7 1.83259571e+00 8.98800488e-01
571 7 1.83259571e+00 8.96993253e-01
572 7 1.83259571e+00 8.91854367e-01
573 7 1.83259571e+00 8.93307975e-01
574 7 1.83259571e+00 8.87781639e-01
575 7 1.83259571e+00 9.01266097e-01
576 7 1.83259571e+00 8.97166598e-01
577 7 1.83259571e+00 8.97255138e-01
578 7 1.83259571e+00 8.91269848e-01
579 7 1.83259571e+00 8.99554959e-01
580 7 1.83259571e+00 8.94689350e-01
581 7 1.83259571e+00 8.95858893e-01
582 7 1.83259571e+00 8.99141901e-01
583 7 1.83259571e+00 9.01321823e-01
584 7 1.83259571e+00 8.94532011e-01
585 7 1.83259571e+00 9.01745165e-01
586 7 1.83259571e+00 8.97622862e-01
587 7 1.83259571e+00 9.00150767e-01
588 7 1.83259571e+00 8.88447579e-01
589 7 1.83259571e+00 9.01036649e-01
590 7 1.83259571e+00 8.94088348e-01
591 7 1.83259571e+00 9.01636759e-01
592 7 1.83259571e+00 9.01050116e-01
593 7 1.83259571e+00 9.05165045e-01
594 7 1.83259571e+00 8.95746524e-01
595 7 1.83259571e+00 9.01978294e-01
596 7 1.83259571e+00 9.06777696e-01
597 7 1.83259571e+00 9.05570967e-01
598 7 1.83259571e+00 8.99135208e-01
599 7 1.83259571e+00 8.98571440e-01
600 7 1.83259571e+00 9.00439271e-01
601 7 1.83259571e+00 8.98815706e-01
602 7 1.83259571e+00 8.94830322e-01
603 7 1.83259571e+00 8.99697607e-01
604 7 1.83259571e+00 8.98188495e-01
605 7 1.83259571e+00 8.96350449e-01
606 7 1.83259571e+00 8.97514165e-01
607 7 1.83259571e+00 8.99394290e-01
608 7 1.83259571e+00 9.01357422e-01
609 7 1.83259571e+00 8.88887769e-01
610 7 1.83259571e+00 8.98722805e-01
611 7 1.83259571e+00 8.97036252e-01
612 7 1.83259571e+00 8.99765014e-01
613 7 1.83259571e+00 8.93253058e-01
614 7 1.83259571e+00 8.98836262e-01
615 7 1.83259571e+00 8.85063742e-01
616 7 1.83259571e+00 8.99653415e-01
617 7 1.83259571e+00 8.99464216e-01
618 7 1.83259571e+00 8.97411700e-01
619 7 1.83259571e+00 8.99188944e-01
620 7 1.83259571e+00 8.97853404e-01
621 7 1.83259571e+00 8.99129126e-01
622 7 1.83259571e+00 8.94171120e-01
623 7 1.83259571e+00 8.96758264e-01
624 7 1.83259571e+00 8.99792820e-01
625 7 1.83259571e+00 8.96158566e-01
626 7 1.83259571e+00 8.97676215e-01
627 7 1.83259571e+00 9.02801432e-01
628 7 1.83259571e+00 8.94399301e-01
629 7 1.83259571e+00 8.88276197e-01
630 7 1.83259571e+00 8.96912473e-01
631 7 1.83259571e+00 9.00502729e-01
632 7 1.83259571e+00 9.03718091e-01
633 7 1.83259571e+00 8.88402791e-01
634 7 1.83259571e+00 9.00982666e-01
635 7 1.83259571e+00 8.98463902e-01
636 7 1.83259571e+00 8.90321684e-01
637 7 1.83259571e+00 8.86692119e-01
638 7 1.83259571e+00 8.99406649e-01
639 7 1.83259571e+00 8.91359545e-01
640 7 1.83259571e+00 8.98906491e-01
641 7 1.83259571e+00 8.96866751e-01
642 7 1.83259571e+00 8.94857199e-01
643 7 1.83259571e+00 8.98047989e-01
644 7 1.83259571e+00 9.09649016e-01
645 7 1.83259571e+00 8.99171165e-01
646 7 1.83259571e+00 8.87151504e-01
647 7 1.83259571e+00 8.94617196e-01
648 7 1.83259571e+00 8.97914188e-01
649 7 1.83259571e+00 8.91891633e-01
650 7 1.83259571e+00 8.95323638e-01
651 7 1.83259571e+00 8.95828144e-01
652 7 1.83259571e+00 8.97246721e-01
653 7 1.83259571e+00 9.03727033e-01
654 7 1.83259571e+00 8.91072462e-01
655 7 1.83259571e+00 9.00665576e-01
656 7 1.83259571e+00 8.98572631e-01
657 7 1.83259571e+00 8.97909446e-01
658 7 1.83259571e+00 9.03414965e-01
659 7 1.83259571e+00 8.94135315e-01
660 7 1.83259571e+00 8.94973250e-01
661 7 1.83259571e+00 9.00738746e-01
662 7 1.83259571e+00 8.94529289e-01
663 7 1.83259571e+00 8.99769819e-01
664 7 1.83259571e+00 9.03379876e-01
665 7 1.83259571e+00 8.94149733e-01
666 7 1.83259571e+00 8.98049054e-01
667 7 1.83259571e+00 8.95971644e-01
668 7 1.83259571e+00 9.01342022e-01
669 7 1.83259571e+00 8.95445379e-01
670 7 1.83259571e+00 9.07326462e-01
671 7 1.83259571e+00 8.94722046e-01
672 7 1.83259571e+00 8.98321585e-01
673 7 1.83259571e+00 9.01695163e-01
674 7 1.83259571e+00 8.91289263e-01
675 7 1.83259571e+00 8.92847609e-01
676 7 1.83259571e+00 9.00625572e-01
677 7 1.83259571e+00 9.03570618e-01
678 7 1.83259571e+00 8.98646568e-01
679 7 1.83259571e+00 8.91867852e-01
680 7 1.83259571e+00 8.98169543e-01
681 7 1.83259571e+00 8.93930481e-01
682 7 1.83259571e+00 8.98179311e-01
683 7 1.83259571e+00 8.94644400e-01
684 7 1.83259571e+00 8.99660590e-01
685 7 1.83259571e+00 8.96436016e-01
686 7 1.83259571e+00 9.01577137e-01
687 7 1.83259571e+00 8.97446112e-01
688 7 1.83259571e+00 8.91112714e-01
689 7 1.83259571e+00 8.97324497e-01
690 7 1.83259571e+00 8.97789574e-01
691 7 1.83259571e+00 9.00884652e-01
692 7 1.83259571e+00 8.96255808e-01
693 7 1.83259571e+00 8.98660160e-01
694 7 1.83259571e+00 8.96404702e-01
695 7 1.83259571e+00 8.92674202e-01
696 7 1.83259571e+00 9.00104738e-01
697 7 1.83259571e+00 9.01717791e-01
698 7 1.83259571e+00 8.97388445e-01
699 7 1.83259571e+00 8.97062246e-01
700 7 1.83259571e+00 9.04647438e-01
701 7 1.83259571e+00 8.96299496e-01
702 7 1.83259571e+00 8.94372705e-01
703 7 1.83259571e+00 9.00341790e-01
704 7 1.83259571e+00 8.92449579e-01
705 7 1.83259571e+00 8.96453410e-01
706 7 1.83259571e+00 9.04159044e-01
707 7 1.83259571e+00 8.96744987e-01
708 7 1.83259571e+00 9.04451556e-01
709 7 1.83259571e+00 8.97927401e-01
710 7 1.83259571e+00 8.96002362e-01
711 7 1.83259571e+00 8.98356602e-01
712 7 1.83259571e+00 9.01708979e-01
713 7 1.83259571e+00 8.98458578e-01
714 7 1.83259571e+00 8.91641964e-01
715 7 1.83259571e+00 8.99417929e-01
716 7 1.83259571e+00 8.99282336e-01
717 7 1.83259571e+00 8.96157129e-01
718 7 1.83259571e+00 8.90112371e-01
719 7 1.83259571e+00 8.90011155e-01
720 7 1.83259571e+00 8.95468556e-01
721 7 1.83259571e+00 8.94587375e-01
722 7 1.83259571e+00 8.98594499e-01
723 7 1.83259571e+00 8.97409108e-01
724 7 1.83259571e+00 8.92372684e-01
725 7 1.83259571e+00 8.90258846e-01
726 7 1.83259571e+00 9.02400938e-01
727 7 1.83259571e+00 8.96428314e-01
728 7 1.83259571e+00 8.99139420e-01
729 7 1.83259571e+00 9.00257211e-01
730 7 1.83259571e+00 8.92259448e-01
731 7 1.83259571e+00 9.02516615e-01
732 7 1.83259571e+00 8.92371036e-01
733 7 1.83259571e+00 9.01145387e-01
734 7 1.83259571e+00 8.99165917e-01
735 7 1.83259571e+00 9.01662959e-01
736 7 1.83259571e+00 8.95024702e-01
737 7 1.83259571e+00 8.97252097e-01
738 7 1.83259571e+00 9.02849862e-01
739 7 1.83259571e+00 8.94372159e-01
740 7 1.83259571e+00 8.99410208e-01
741 7 1.83259571e+00 8.98232463e-01
742 7 1.83259571e+00 8.97094936e-01
743 7 1.83259571e+00 8.97304256e-01
744 7 1.83259571e+00 8.96285583e-01
745 7 1.83259571e+00 9.00243178e-01
746 7 1.83259571e+00 8.91073644e-01
747 7 1.83259571e+00 8.98484173e-01
748 7 1.83259571e+00 8.98160756e-01
749 7 1.83259571e+00 8.95764034e-01
750 7 1.83259571e+00 8.96160876e-01
751 7 1.83259571e+00 9.03993938e-01
752 7 1.83259571e+00 9.06167060e-01
753 7 1.83259571e+00 8.96415212e-01
754 7 1.83259571e+00 8.98106272e-01
755 7 1.83259571e+00 8.95989683e-01
756 7 1.83259571e+00 8.99421580e-01
757 7 1.83259571e+00 8.93933039e-01
758 7 1.83259571e+00 8.96183556e-01
759 7 1.83259571e+00 8.94275406e-01
760 7 1.83259571e+00 8.95843184e-01
761 7 1.83259571e+00 8.96320787e-01
762 7 1.83259571e+00 9.02736628e-01
763 7 1.83259571e+00 9.05587533e-01
764 7 1.83259571e+00 9.06265207e-01
765 7 1.83259571e+00 9.03539834e-01
766 7 1.83259571e+00 8.95838425e-01
767 7 1.83259571e+00 8.94406594e-01
768 7 1.83259571e+00 9.03097302e-01
769 7 1.83259571e+00 9.02558366e-01
770 7 1.83259571e+00 9.00460018e-01
771 7 1.83259571e+00 9.02885156e-01
772 7 1.83259571e+00 8.96483043e-01
773 7 1.83259571e+00 8.94440147e-01
774 7 1.83259571e+00 8.95042782e-01
775 7 1.83259571e+00 8.98937937e-01
776 7 1.83259571e+00 9.02074162e-01
777 7 1.83259571e+00 9.01293083e-01
778 7 1.83259571e+00 9.01838721e-01
779 7 1.83259571e+00 8.99425979e-01
780 7 1.83259571e+00 8.99699402e-01
781 7 1.83259571e+00 9.01911682e-01
782 7 1.83259571e+00 8.98863529e-01
783 7 1.83259571e+00 8.91418171e-01
784 7 1.83259571e+00 9.04713241e-01
785 7 1.83259571e+00 8.91136523e-01
786 7 1.83259571e+00 8.97087224e-01
787 7 1.83259571e+00 8.93448279e-01
788 7 1.83259571e+00 8.93194500e-01
789 7 1.83259571e+00 8.96305351e-01
790 7 1.83259571e+00 8.91527838e-01
791 7 1.83259571e+00 9.05851747e-01
792 7 1.83259571e+00 9.02200344e-01
793 7 1.83259571e+00 8.92750300e-01
794 7 1.83259571e+00 8.97632987e-01
795 7 1.83259571e+00 9.01364330e-01
796 7 1.83259571e+00 8.99484768e-01
797 7 1.83259571e+00 8.96562778e-01
798 7 1.83259571e+00 8.98360883e-01
799 7 1.83259571e+00 9.02755898e-01
800 7 1.83259571e+00 9.03741030e-01
801 7 1.83259571e+00 8.98764564e-01
802 7 1.83259571e+00 8.98475683e-01
803 7 1.83259571e+00 9.05803965e-01
804 7 1.83259571e+00 9.01225005e-01
805 7 1.83259571e+00 8.99210923e-01
806 7 1.83259571e+00 8.98550772e-01
807 7 1.83259571e+00 9.01010530e-01
808 7 1.83259571e+00 8.97904113e-01
809 7 1.83259571e+00 9.01541707e-01
810 7 1.83259571e+00 8.90396642e-01
811 7 1.83259571e+00 8.96409834e-01
812 7 1.83259571e+00 8.95377417e-01
813 7 1.83259571e+00 8.98119469e-01
814 7 1.83259571e+00 8.94294008e-01
815 7 1.83259571e+00 8.98162664e-01
816 7 1.83259571e+00 8.99890886e-01
817 7 1.83259571e+00 8.98848270e-01
818 7 1.83259571e+00 8.90442130e-01
819 7 1.83259571e+00 9.01423063e-01
820 7 1.83259571e+00 8.97092065e-01
821 7 1.83259571e+00 8.93890487e-01
822 7 1.83259571e+00 9.00513084e-01
823 7 1.83259571e+00 8.94255322e-01
824 7 1.83259571e+00 8.95302541e-01
825 7 1.83259571e+00 8.93256622e-01
826 7 1.83259571e+00 9.00393574e-01
827 7 1.83259571e+00 8.96454909e-01
828 7 1.83259571e+00 9.05186186e-01
829 7 1.83259571e+00 8.94887797e-01
830 7 1.83259571e+00 9.01693259e-01
831 7 1.83259571e+00 8.97014523e-01
832 7 1.83259571e+00 8.97128076e-01
833 7 1.83259571e+00 8.97001718e-01
834 7 1.83259571e+00 9.00308251e-01
835 7 1.83259571e+00 8.97522951e-01
836 7 1.83259571e+00 8.96080113e-01
837 7 1.83259571e+00 9.06696216e-01
838 7 1.83259571e+00 8.97089731e-01
839 7 1.83259571e+00 8.95008644e-01
840 7 1.83259571e+00 8.95215459e-01
841 7 1.83259571e+00 8.93389846e-01
842 7 1.83259571e+00 8.95090994e-01
843 7 1.83259571e+00 8.98092240e-01
844 7 1.83259571e+00 9.06762809e-01
845 7 1.83259571e+00 8.94487900e-01
846 7 1.83259571e+00 8.88894188e-01
847 7 1.83259571e+00 9.00953223e-01
848 7 1.83259571e+00 8.98401060e-01
849 7 1.83259571e+00 8.96307341e-01
850 7 1.83259571e+00 8.94147256e-01
851 7 1.83259571e+00 8.98386599e-01
852 7 1.83259571e+00 9.07932225e-01
853 7 1.83259571e+00 8.95615945e-01
854 7 1.83259571e+00 8.92511059e-01
855 7 1.83259571e+00 8.94004210e-01
856 7 1.83259571e+00 8.97877991e-01
857 7 1.83259571e+00 8.95714319e-01
858 7 1.83259571e+00 9.01745297e-01
859 7 1.83259571e+00 9.04242201e-01
860 7 1.83259571e+00 8.95818547e-01
861 7 1.83259571e+00 8.97474701e-01
862 7 1.83259571e+00 9.01568660e-01
863 7 1.83259571e+00 9.04648378e-01
864 7 1.83259571e+00 8.97685564e-01
865 7 1.83259571e+00 8.91920492e-01
866 7 1.83259571e+00 9.00575629e-01
867 7 1.83259571e+00 8.99440181e-01
868 7 1.83259571e+00 8.97742823e-01
869 7 1.83259571e+00 9.02153614e-01
870 7 1.83259571e+00 8.97553151e-01
871 7 1.83259571e+00 8.96057047e-01
872 7 1.83259571e+00 8.95981851e-01
873 7 1.83259571e+00 8.96105944e-01
874 7 1.83259571e+00 9.01561398e-01
875 7 1.83259571e+00 8.98593289e-01
876 7 1.83259571e+00 8.92963103e-01
877 7 1.83259571e+00 8.96906882e-01
878 7 1.83259571e+00 8.91110851e-01
879 7 1.83259571e+00 8.97466285e-01
880 7 1.83259571e+00 9.03570481e-01
881 7 1.83259571e+00 8.94121495e-01
882 7 1.83259571e+00 8.88574434e-01
883 7 1.83259571e+00 8.97593707e-01
884 7 1.83259571e+00 8.97361050e-01
885 7 1.83259571e+00 8.99157403e-01
886 7 1.83259571e+00 8.91549828e-01
887 7 1.83259571e+00 9.02498268e-01
888 7 1.83259571e+00 9.00086107e-01
889 7 1.83259571e+00 8.98091210e-01
890 7 1.83259571e+00 9.03753177e-01
891 7 1.83259571e+00 9.00281760e-01
892 7 1.83259571e+00 9.01846844e-01
893 7 1.83259571e+00 8.95498104e-01
894 7 1.83259571e+00 8.96777736e-01
895 7 1.83259571e+00 9.04821013e-01
896 7 1.83259571e+00 8.94247373e-01
897 7 1.83259571e+00 8.96934607e-01
898 7 1.83259571e+00 9.02018514e-01
899 7 1.83259571e+00 8.95654913e-01
900 7 1.83259571e+00 8.99742284e-01
901 7 1.83259571e+00 8.91590370e-01
902 7 1.83259571e+00 8.95600597e-01
903 7 1.83259571e+00 8.97288645e-01
904 7 1.83259571e+00 8.92654666e-01
905 7 1.83259571e+00 8.93370487e-01
906 7 1.83259571e+00 9.01469627e-01
907 7 1.83259571e+00 8.97508634e-01
908 7 1.83259571e+00 8.97992111e-01
909 7 1.83259571e+00 8.97004276e-01
910 7 1.83259571e+00 8.98801627e-01
911 7 1.83259571e+00 9.03883938e-01
912 7 1.83259571e+00 8.94318893e-01
913 7 1.83259571e+00 8.98096395e-01
914 7 1.83259571e+00 8.95930186e-01
915 7 1.83259571e+00 9.00526872e-01
916 7 1.83259571e+00 8.95747191e-01
917 7 1.83259571e+00 8.99213529e-01
918 7 1.83259571e+00 8.97375675e-01
919 7 1.83259571e+00 8.96596533e-01
920 7 1.83259571e+00 9.01923697e-01
921 7 1.83259571e+00 8.95236731e-01
922 7 1.83259571e+00 8.94554716e-01
923 7 1.83259571e+00 8.85660984e-01
924 7 1.83259571e+00 8.95287544e-01
925 7 1.83259571e+00 8.96387380e-01
926 7 1.83259571e+00 8.99740774e-01
927 7 1.83259571e+00 8.96965218e-01
928 7 1.83259571e+00 8.89877307e-01
929 7 1.83259571e+00 8.97968756e-01
930 7 1.83259571e+00 8.97139066e-01
931 7 1.83259571e+00 8.91328306e-01
932 7 1.83259571e+00 8.97462336e-01
933 7 1.83259571e+00 8.97863406e-01
934 7 1.83259571e+00 9.00545289e-01
935 7 1.83259571e+00 9.01757125e-01
936 7 1.83259571e+00 8.95942731e-01
937 7 1.83259571e+00 9.03456643e-01
938 7 1.83259571e+00 8.90182526e-01
939 7 1.83259571e+00 8.99309760e-01
940 7 1.83259571e+00 8.95010770e-01
941 7 1.83259571e+00 8.96629324e-01
942 7 1.83259571e+00 9.01977553e-01
943 7 1.83259571e+00 8.99486466e-01
944 7 1.83259571e+00 9.00907703e-01
945 7 1.83259571e+00 8.93858110e-01
946 7 1.83259571e+00 8.99198288e-01
947 7 1.83259571e+00 8.94611226e-01
948 7 1.83259571e+00 8.95934338e-01
949 7 1.83259571e+00 8.94677611e-01
950 7 1.83259571e+00 8.99703203e-01
951 7 1.83259571e+00 8.95932222e-01
952 7 1.83259571e+00 8.96053368e-01
953 7 1.83259571e+00 8.99907605e-01
954 7 1.83259571e+00 8.97282279e-01
955 7 1.83259571e+00 8.94123427e-01
956 7 1.83259571e+00 9.00349825e-01
957 7 1.83259571e+00 8.98131528e-01
958 7 1.83259571e+00 8.94469051e-01
959 7 1.83259571e+00 8.97950487e-01
960 7 1.83259571e+00 8.97501320e-01
961 7 1.83259571e+00 8.95522374e-01
962 7 1.83259571e+00 8.98104935e-01
963 7 1.83259571e+00 8.97992996e-01
964 7 1.83259571e+00 9.01389949e-01
965 7 1.83259571e+00 9.01591742e-01
966 7 1.83259571e+00 9.02427901e-01
967 7 1.83259571e+00 9.01328472e-01
968 7 1.83259571e+00 9.03405619e-01
969 7 1.83259571e+00 8.96151213e-01
970 7 1.83259571e+00 8.94863585e-01
971 7 1.83259571e+00 8.99845957e-01
972 7 1.83259571e+00 8.94300045e-01
973 7 1.83259571e+00 8.97985840e-01
974 7 1.83259571e+00 9.01086006e-01
975 7 1.83259571e+00 9.01971097e-01
976 7 1.83259571e+00 8.96374087e-01
977 7 1.83259571e+00 9.02316191e-01
978 7 1.83259571e+00 8.90897561e-01
979 7 1.83259571e+00 8.92518096e-01
980 7 1.83259571e+00 8.96112258e-01
981 7 1.83259571e+00 8.95140671e-01
982 7 1.83259571e+00 8.99288151e-01
983 7 1.83259571e+00 8.95222684e-01
984 7 1.83259571e+00 8.99575849e-01
985 7 1.83259571e+00 8.95839158e-01
986 7 1.83259571e+00 8.93729319e-01
987 7 1.83259571e+00 8.94959014e-01
988 7 1.83259571e+00 8.98820918e-01
989 7 1.83259571e+00 8.98427355e-01
990 7 1.83259571e+00 8.95915393e-01
991 7 1.83259571e+00 8.94415324e-01
992 7 1.83259571e+00 8.91092031e-01
993 7 1.83259571e+00 8.99318083e-01
994 7 1.83259571e+00 8.98421877e-01
995 7 1.83259571e+00 8.90116414e-01
996 7 1.83259571e+00 8.96180888e-01
997 7 1.83259571e+00 9.00431518e-01
998 7 1.83259571e+00 9.00363629e-01
999 7 1.83259571e+00 8.92694757e-01
1000 7 1.83259571e+00 9.01245333e-01
1001 7 1.83259571e+00 8.94694499e-01
1002 7 1.83259571e+00 8.89257106e-01
1003 7 1.83259571e+00 9.00758311e-01
1004 7 1.83259571e+00 9.04657596e-01
1005 7 1.83259571e+00 8.95553407e-01
1006 7 1.83259571e+00 9.01762840e-01
1007 7 1.83259571e+00 8.99867946e-01
1008 7 1.83259571e+00 8.86863472e-01
1009 7 1.83259571e+00 9.00614084e-01
1010 7 1.83259571e+00 8.97594534e-01
1011 7 1.83259571e+00 9.03277483e-01
1012 7 1.83259571e+00 8.96711515e-01
0 8 2.09439510e+00 9.22586019e-01
1 8 2.09439510e+00 9.25899189e-01
2 8 2.09439510e+00 9.27905907e-01
3 8 2.09439510e+00 9.14017205e-01
4 8 2.09439510e+00 9.14873237e-01
5 8 2.09439510e+00 9.17169488e-01
6 8 2.09439510e+00 9.23122157e-01
7 8 2.09439510e+00 9.34987843e-01
8 8 2.09439510e+00 9.10412668e-01
9 8 2.09439510e+00 9.24528835e-01
10 8 2.09439510e+00 9.19942217e-01
11 8 2.09439510e+00 9.20215271e-01
12 8 2.09439510e+00 9.27852610e-01
13 8 2.09439510e+00 9.21758253e-01
14 8 2.09439510e+00 9.24197786e-01
15 8 2.09439510e+00 9.25360795e-01
16 8 2.09439510e+00 9.31156757e-01
17 8 2.09439510e+00 9.21722494e-01
18 8 2.09439510e+00 9.18990445e-01
19 8 2.09439510e+00 9.22113420e-01
20 8 2.09439510e+00 9.18493451e-01
21 8 2.09439510e+00 9.21109948e-01
22 8 2.09439510e+00 9.21232737e-01
23 8 2.09439510e+00 9.20553059e-01
24 8 2.09439510e+00 9.23561712e-01
25 8 2.09439510e+00 9.22149062e-01
26 8 2.09439510e+00 9.21501841e-01
27 8 2.09439510e+00 9.16349425e-01
28 8 2.09439510e+00 9.16586572e-01
29 8 2.09439510e+00 9.25156086e-01
30 8 2.09439510e+00 9.08301511e-01
31 8 2.09439510e+00 9.29157757e-01
32 8 2.09439510e+00 9.29328211e-01
33 8 2.09439510e+00 9.21050268e-01
34 8 2.09439510e+00 9.16861183e-01
35 8 2.09439510e+00 9.27859849e-01
36 8 2.09439510e+00 9.20548806e-01
37 8 2.09439510e+00 9.17749710e-01
38 8 2.09439510e+00 9.26861578e-01
39 8 2.09439510e+00 9.24902368e-01
40 8 2.09439510e+00 9.25448706e-01
41 8 2.09439510e+00 9.16528289e-01
42 8 2.09439510e+00 9.16959403e-01
43 8 2.09439510e+00 9.22301042e-01
44 8 2.09439510e+00 9.26138760e-01
45 8 2.09439510e+00 9.22173340e-01
46 8 2.09439510e+00 9.21687654e-01
47 8 2.09439510e+00 9.14647688e-01
48 8 2.09439510e+00 9.26824965e-01
49 8 2.09439510e+00 9.18947187e-01
50 8 2.09439510e+00 9.22579951e-01
51 8 2.09439510e+00 9.27440044e-01
52 8 2.09439510e+00 9.24767333e-01
53 8 2.09439510e+00 9.18365454e-01
54 8 2.09439510e+00 9.30604122e-01
55 8 2.09439510e+00 9.09714658e-01
56 8 2.09439510e+00 9.25439218e-01
57 8 2.09439510e+00 9.15180804e-01
58 8 2.09439510e+00 9.25109741e-01
59 8 2.09439510e+00 9.30808339e-01
60 8 2.09439510e+00 9.26878645e-01
61 8 2.09439510e+00 9.21577944e-01
62 8 2.09439510e+00 9.25719473e-01
63 8 2.09439510e+00 9.16058805e-01
64 8 2.09439510e+00 9.16979300e-01
65 8 2.09439510e+00 9.25777339e-01
66 8 2.09439510e+00 9.18155585e-01
67 8 2.09439510e+00 9.26643538e-01
68 8 2.09439510e+00 9.18518339e-01
69 8 2.09439510e+00 9.15315047e-01
70 8 2.09439510e+00 9.20691116e-01
71 8 2.09439510e+00 9.16592065e-01
72 8 2.09439510e+00 9.18934657e-01
73 8 2.09439510e+00 9.31447433e-01
74 8 2.09439510e+00 9.09954498e-01
75 8 2.09439510e+00 9.21679545e-01
76 8 2.09439510e+00 9.26433037e-01
77 8 2.09439510e+00 9.24483515e-01
78 8 2.09439510e+00 9.21767224e-01
79 8 2.09439510e+00 9.23806343e-01
80 8 2.09439510e+00 9.23337339e-01
81 8 2.09439510e+00 9.27133320e-01
82 8 2.09439510e+00 9.22570414e-01
83 8 2.09439510e+00 9.11861658e-01
84 8 2.09439510e+00 9.25019850e-01
85 8 2.09439510e+00 9.27782138e-01
86 8 2.09439510e+00 9.15447761e-01
87 8 2.09439510e+00 9.09689164e-01
88 8 2.09439510e+00 9.28288159e-01
89 8 2.09439510e+00 9.23638601e-01
90 8 2.09439510e+00 9.24671366e-01
91 8 2.09439510e+00 9.19510209e-01
92 8 2.09439510e+00 9.15909789e-01
93 8 2.09439510e+00 9.27336048e-01
94 8 2.09439510e+00 9.18871177e-01
95 8 2.09439510e+00 9.20282535e-01
96 8 2.09439510e+00 9.25985221e-01
97 8 2.09439510e+00 9.33230392e-01
98 8 2.09439510e+00 9.21784793e-01
99 8 2.09439510e+00 9.15418557e-01
100 8 2.09439510e+00 9.18943614e-01
101 8 2.09439510e+00 9.32561258e-01
102 8 2.09439510e+00 9.32167966e-01
103 8 2.09439510e+00 9.20841049e-01
104 8 2.09439510e+00 9.28208699e-01
105 8 2.09439510e+00 9.14021320e-01
106 8 2.09439510e+00 9.22767323e-01
107 8 2.09439510e+00 9.27730813e-01
108 8 2.09439510e+00 9.14965540e-01
109 8 2.09439510e+00 9.28347002e-01
110 8 2.09439510e+00 9.09731948e-01
111 8 2.09439510e+00 9.10184130e-01
112 8 2.09439510e+00 9.18467942e-01
113 8 2.09439510e+00 9.20317807e-01
114 8 2.09439510e+00 9.29024944e-01
115 8 2.09439510e+00 9.23898091e-01
116 8 2.09439510e+00 9.28694871e-01
117 8 2.09439510e+00 9.26313667e-01
118 8 2.09439510e+00 9.24756356e-01
119 8 2.09439510e+00 9.22777471e-01
120 8 2.09439510e+00 9.28761418e-01
121 8 2.09439510e+00 9.21107512e-01
122 8 2.09439510e+00 9.22648086e-01
123 8 2.09439510e+00 9.16570929e-01
124 8 2.09439510e+00 9.27506879e-01
125 8 2.09439510e+00 9.24131133e-01
126 8 2.09439510e+00 9.22785818e-01
127 8 2.09439510e+00 9.27662099e-01
128 8 2.09439510e+00 9.20368653e-01
129 8 2.09439510e+00 9.19255585e-01
130 8 2.09439510e+00 9.21869767e-01
131 8 2.09439510e+00 9.18214717e-01
132 8 2.09439510e+00 9.25352556e-01
133 8 2.09439510e+00 9.27910071e-01
134 8 2.09439510e+00 9.27402516e-01
135 8 2.09439510e+00 9.25217737e-01
136 8 2.09439510e+00 9.21688168e-01
137 8 2.09439510e+00 9.21831861e-01
138 8 2.09439510e+00 9.16179346e-01
139 8 2.09439510e+00 9.28347894e-01
140 8 2.09439510e+00 9.23292510e-01
141 8 2.09439510e+00 9.27365884e-01
142 8 2.09439510e+00 9.14659014e-01
143 8 2.09439510e+00 9.21003024e-01
144 8 2.09439510e+00 9.27734195e-01
145 8 2.09439510e+00 9.15751055e-01
146 8 2.09439510e+00 9.14911311e-01
147 8 2.09439510e+00 9.27282454e-01
148 8 2.09439510e+00 9.27780907e-01
149 8 2.09439510e+00 9.20538553e-01
150 8 2.09439510e+00 9.28317111e-01
151 8 2.09439510e+00 9.32730835e-01
152 8 2.09439510e+00 9.17315291e-01
153 8 2.09439510e+00 9.23449453e-01
154 8 2.09439510e+00 9.27449577e-01
155 8 2.09439510e+00 9.16837134e-01
156 8 2.09439510e+00 9.24848127e-01
157 8 2.09439510e+00 9.21886948e-01
158 8 2.09439510e+00 9.19057099e-01
159 8 2.09439510e+00 9.17139421e-01
160 8 2.09439510e+00 9.13656797e-01
161 8 2.09439510e+00 9.29482321e-01
162 8 2.09439510e+00 9.26666086e-01
163 8 2.09439510e+00 9.29885525e-01
164 8 2.09439510e+00 9.18807728e-01
165 8 2.09439510e+00 9.20829709e-01
166 8 2.09439510e+00 9.19109955e-01
167 8 2.09439510e+00 9.25100221e-01
168 8 2.09439510e+00 9.24482705e-01
169 8 2.09439510e+00 9.25581778e-01
170 8 2.09439510e+00 9.20979813e-01
171 8 2.09439510e+00 9.24448278e-01
172 8 2.09439510e+00 9.22584578e-01
173 8 2.09439510e+00 9.20093345e-01
174 8 2.09439510e+00 9.21092549e-01
175 8 2.09439510e+00 9.18485311e-01
176 8 2.09439510e+00 9.27343695e-01
177 8 2.09439510e+00 9.19337584e-01
178 8 2.09439510e+00 9.10453971e-01
179 8 2.09439510e+00 9.20950730e-01
180 8 2.09439510e+00 9.19390213e-01
181 8 2.09439510e+00 9.13766506e-01
182 8 2.09439510e+00 9.18360032e-01
183 8 2.09439510e+00 9.22679945e-01
184 8 2.09439510e+00 9.19012562e-01
185 8 2.09439510e+00 9.20920500e-01
186 8 2.09439510e+00 9.13737774e-01
187 8 2.09439510e+00 9.24590574e-01
188 8 2.09439510e+00 9.21949775e-01
189 8 2.09439510e+00 9.18544128e-01
190 8 2.09439510e+00 9.31529838e-01
191 8 2.09439510e+00 9.20775635e-01
192 8 2.09439510e+00 9.18602573e-01
193 8 2.09439510e+00 9.24837998e-01
194 8 2.09439510e+00 9.12859497e-01
195 8 2.09439510e+00 9.14329006e-01
196 8 2.09439510e+00 9.18405376e-01
197 8 2.09439510e+00 9.23234437e-01
198 8 2.09439510e+00 9.21519211e-01
199 8 2.09439510e+00 9.23455035e-01
200 8 2.09439510e+00 9.13810779e-01
201 8 2.09439510e+00 9.39357053e-01
202 8 2.09439510e+00 9.24253383e-01
203 8 2.09439510e+00 9.21565593e-01
204 8 2.09439510e+00 9.14066022e-01
205 8 2.09439510e+00 9.19283035e-01
206 8 2.09439510e+00 9.20403824e-01
207 8 2.09439510e+00 9.20793036e-01
208 8 2.09439510e+00 9.18467110e-01
209 8 2.09439510e+00 9.10202435e-01
210 8 2.09439510e+00 9.09179223e-01
211 8 2.09439510e+00 9.25138126e-01
212 8 2.09439510e+00 9.21492075e-01
213 8 2.09439510e+00 9.27058852e-01
214 8 2.09439510e+00 9.31344735e-01
215 8 2.09439510e+00 9.29164546e-01
216 8 2.09439510e+00 9.17053971e-01
217 8 2.09439510e+00 9.25615025e-01
218 8 2.09439510e+00 9.13894264e-01
219 8 2.09439510e+00 9.21166504e-01
220 8 2.09439510e+00 9.20509227e-01
221 8 2.09439510e+00 9.12035347e-01
222 8 2.09439510e+00 9.24474225e-01
223 8 2.09439510e+00 9.16559999e-01
224 8 2.09439510e+00 9.14830853e-01
225 8 2.09439510e+00 9.21386391e-01
226 8 2.09439510e+00 9.24284988e-01
227 8 2.09439510e+00 9.24313208e-01
228 8 2.09439510e+00 9.25277272e-01
229 8 2.09439510e+00 9.19348832e-01
230 8 2.09439510e+00 9.14707171e-01
231 8 2.09439510e+00 9.18617935e-01
232 8 2.09439510e+00 9.16488607e-01
233 8 2.09439510e+00 9.18880141e-01
234 8 2.09439510e+00 9.32972677e-01
235 8 2.09439510e+00 9.23313954e-01
236 8 2.09439510e+00 9.29199138e-01
237 8 2.09439510e+00 9.17501894e-01
238 8 2.09439510e+00 9.25165509e-01
239 8 2.09439510e+00 9.28205981e-01
240 8 2.09439510e+00 9.19398449e-01
241 8 2.09439510e+00 9.25325077e-01
242 8 2.09439510e+00 9.22498909e-01
243 8 2.09439510e+00 9.30117664e-01
244 8 2.09439510e+00 9.11706436e-01
245 8 2.09439510e+00 9.26507552e-01
246 8 2.09439510e+00 9.20050743e-01
247 8 2.09439510e+00 9.10648869e-01
248 8 2.09439510e+00 9.17223360e-01
249 8 2.09439510e+00 9.30752470e-01
250 8 2.09439510e+00 9.19667080e-01
251 8 2.09439510e+00 9.01808335e-01
252 8 2.09439510e+00 9.25266736e-01
253 8 2.09439510e+00 9.24310422e-01
254 8 2.09439510e+00 9.14599574e-01
255 8 2.09439510e+00 9.18298917e-01
256 8 2.09439510e+00 9.16501576e-01
257 8 2.09439510e+00 9.33982657e-01
258 8 2.09439510e+00 9.23399241e-01
259 8 2.09439510e+00 9.22861076e-01
260 8 2.09439510e+00 9.17436155e-01
261 8 2.09439510e+00 9.42952854e-01
262 8 2.09439510e+00 9.18855905e-01
263 8 2.09439510e+00 9.14593691e-01
264 8 2.09439510e+00 9.13021283e-01
265 8 2.09439510e+00 9.12848275e-01
266 8 2.09439510e+00 9.20585759e-01
267 8 2.09439510e+00 9.09719716e-01
268 8 2.09439510e+00 9.26714979e-01
269 8 2.09439510e+00 9.19453944e-01
270 8 2.09439510e+00 9.10684213e-01
271 8 2.09439510e+00 9.28645091e-01
272 8 2.09439510e+00 9.20249195e-01
273 8 2.09439510e+00 9.20902748e-01
274 8 2.09439510e+00 9.27348365e-01
275 8 2.09439510e+00 9.20409745e-01
276 8 2.09439510e+00 9.14921096e-01
277 8 2.09439510e+00 9.27188831e-01
278 8 2.09439510e+00 9.19244079e-01
279 8 2.09439510e+00 9.20352432e-01
280 8 2.09439510e+00 9.14933162e-01
281 8 2.09439510e+00 9.21508176e-01
282 8 2.09439510e+00 9.11986487e-01
283 8 2.09439510e+00 9.26721885e-01
284 8 2.09439510e+00 9.28581369e-01
285 8 2.09439510e+00 9.25306067e-01
286 8 2.09439510e+00 9.17742676e-01
287 8 2.09439510e+00 9.25884920e-01
288 8 2.09439510e+00 9.24811352e-01
289 8 2.09439510e+00 9.24114692e-01
290 8 2.09439510e+00 9.14937798e-01
291 8 2.09439510e+00 9.19550111e-01
292 8 2.09439510e+00 9.22489689e-01
293 8 2.09439510e+00 9.21291506e-01
294 8 2.09439510e+00 9.22300697e-01
295 8 2.09439510e+00 9.23966126e-01
296 8 2.09439510e+00 9.27218375e-01
297 8 2.09439510e+00 9.24160226e-01
298 8 2.09439510e+00 9.21804644e-01
299 8 2.09439510e+00 9.19526760e-01
300 8 2.09439510e+00 9.22454067e-01
301 8 2.09439510e+00 9.20964266e-01
302 8 2.09439510e+00 9.20089680e-01
303 8 2.09439510e+00 9.31693213e-01
304 8 2.09439510e+00 9.28919169e-01
305 8 2.09439510e+00 9.20030277e-01
306 8 2.09439510e+00 9.14708246e-01
307 8 2.09439510e+00 9.09558022e-01
308 8 2.09439510e+00 9.11854299e-01
309 8 2.09439510e+00 9.16650533e-01
310 8 2.09439510e+00 9.28369237e-01
311 8 2.09439510e+00 9.31188749e-01
312 8 2.09439510e+00 9.26005629e-01
313 8 2.09439510e+00 9.17391252e-01
314 8 2.09439510e+00 9.09188556e-01
315 8 2.09439510e+00 9.14725942e-01
316 8 2.09439510e+00 9.21169798e-01
317 8 2.09439510e+00 9.23751368e-01
318 8 2.09439510e+00 9.18629787e-01
319 8 2.09439510e+00 9.24917605e-01
320 8 2.09439510e+00 9.18456548e-01
321 8 2.09439510e+00 9.15489806e-01
322 8 2.09439510e+00 9.07009424e-01
323 8 2.09439510e+00 9.12710239e-01
324 8 2.09439510e+00 9.14849546e-01
325 8 2.09439510e+00 9.25394533e-01
326 8 2.09439510e+00 9.19371990e-01
327 8 2.09439510e+00 9.13336543e-01
328 8 2.09439510e+00 9.15600560e-01
329 8 2.09439510e+00 9.24933329e-01
330 8 2.09439510e+00 9.27399284e-01
331 8 2.09439510e+00 9.13617402e-01
332 8 2.09439510e+00 9.18851396e-01
333 8 2.09439510e+00 9.15532626e-01
334 8 2.09439510e+00 9.15176651e-01
335 8 2.09439510e+00 9.18355260e-01
336 8 2.09439510e+00 9.19987479e-01
337 8 2.09439510e+00 9.23814199e-01
338 8 2.09439510e+00 9.31650366e-01
339 8 2.09439510e+00 9.25553110e-01
340 8 2.09439510e+00 9.25135168e-01
341 8 2.09439510e+00 9.21687584e-01
342 8 2.09439510e+00 9.32982969e-01
343 8 2.09439510e+00 9.28965503e-01
344 8 2.09439510e+00 9.19595579e-01
345 8 2.09439510e+00 9.22438504e-01
346 8 2.09439510e+00 9.28129674e-01
347 8 2.09439510e+00 9.23598090e-01
348 8 2.09439510e+00 9.22796756e-01
349 8 2.09439510e+00 9.11495176e-01
350 8 2.09439510e+00 9.24607942e-01
351 8 2.09439510e+00 9.15128475e-01
352 8 2.09439510e+00 9.23071594e-01
353 8 2.09439510e+00 9.23607598e-01
354 8 2.09439510e+00 9.26536354e-01
355 8 2.09439510e+00 9.25509147e-01
356 8 2.09439510e+00 9.29801270e-01
357 8 2.09439510e+00 9.21934307e-01
358 8 2.09439510e+00 9.26491327e-01
359 8 2.09439510e+00 9.19901202e-01
360 8 2.09439510e+00 9.25946652e-01
361 8 2.09439510e+00 9.30726823e-01
362 8 2.09439510e+00 9.24560649e-01
363 8 2.09439510e+00 9.14077657e-01
364 8 2.09439510e+00 9.13247350e-01
365 8 2.09439510e+00 9.26587261e-01
366 8 2.09439510e+00 9.38044766e-01
367 8 2.09439510e+00 9.21623725e-01
368 8 2.09439510e+00 9.21673360e-01
369 8 2.09439510e+00 9.22482251e-01
370 8 2.09439510e+00 9.18716696e-01
371 8 2.09439510e+00 9.26308030e-01
372 8 2.09439510e+00 9.31502113e-01
373 8 2.09439510e+00 9.27133989e-01
374 8 2.09439510e+00 9.16665004e-01
375 8 2.09439510e+00 9.19273578e-01
376 8 2.09439510e+00 9.26649730e-01
377 8 2.09439510e+00 9.25164669e-01
378 8 2.09439510e+00 9.24459995e-01
379 8 2.09439510e+00 9.15145164e-01
380 8 2.09439510e+00 9.22849141e-01
381 8 2.09439510e+00 9.15026675e-01
382 8 2.09439510e+00 9.22034707e-01
383 8 2.09439510e+00 9.19013439e-01
384 8 2.09439510e+00 9.28681934e-01
385 8 2.09439510e+00 9.30155174e-01
386 8 2.09439510e+00 9.15263863e-01
387 8 2.09439510e+00 9.19235042e-01
388 8 2.09439510e+00 9.18022432e-01
389 8 2.09439510e+00 9.25179769e-01
390 8 2.09439510e+00 9.12652509e-01
391 8 2.09439510e+00 9.20652191e-01
392 8 2.09439510e+00 9.27255485e-01
393 8 2.09439510e+00 9.32852721e-01
394 8 2.09439510e+00 9.25638861e-01
395 8 2.09439510e+00 9.22473203e-01
396 8 2.09439510e+00 9.31645789e-01
397 8 2.09439510e+00 9.27703663e-01
398 8 2.09439510e+00 9.35406226e-01
399 8 2.09439510e+00 9.17865280e-01
400 8 2.09439510e+00 9.18707926e-01
401 8 2.09439510e+00 9.23021369e-01
402 8 2.09439510e+00 9.17180875e-01
403 8 2.09439510e+00 9.36842818e-01
404 8 2.09439510e+00 9.26136942e-01
405 8 2.09439510e+00 9.15281298e-01
406 8 2.09439510e+00 9.12946954e-01
407 8 2.09439510e+00 9.32698125e-01
408 8 2.09439510e+00 9.03081548e-01
409 8 2.09439510e+00 9.31402703e-01
410 8 2.09439510e+00 9.24481360e-01
411 8 2.09439510e+00 9.30730634e-01
412 8 2.09439510e+00 9.16920164e-01
413 8 2.09439510e+00 9.36244492e-01
414 8 2.09439510e+00 9.21848265e-01
415 8 2.09439510e+00 9.20864128e-01
416 8 2.09439510e+00 9.23713125e-01
417 8 2.09439510e+00 9.15479676e-01
418 8 2.09439510e+00 9.19389542e-01
419 8 2.09439510e+00 9.29822869e-01
420 8 2.09439510e+00 9.13671361e-01
421 8 2.09439510e+00 9.20704878e-01
422 8 2.09439510e+00 9.10962928e-01
423 8 2.09439510e+00 9.21063698e-01
424 8 2.09439510e+00 9.24421326e-01
425 8 2.09439510e+00 9.25600921e-01
426 8 2.09439510e+00 9.12764246e-01
427 8 2.09439510e+00 9.20756476e-01
428 8 2.09439510e+00 9.26198052e-01
429 8 2.09439510e+00 9.22948634e-01
430 8 2.09439510e+00 9.23243100e-01
431 8 2.09439510e+00 9.20654711e-01
432 8 2.09439510e+00 9.16511320e-01
433 8 2.09439510e+00 9.29466475e-01
434 8 2.09439510e+00 9.22908124e-01
435 8 2.09439510e+00 9.22545207e-01
436 8 2.09439510e+00 9.27268181e-01
437 8 2.09439510e+00 9.28857466e-01
438 8 2.09439510e+00 9.18750574e-01
439 8 2.09439510e+00 9.15467475e-01
440 8 2.09439510e+00 9.17322541e-01
441 8 2.09439510e+00 9.02814132e-01
442 8 2.09439510e+00 9.26585504e-01
443 8 2.09439510e+00 9.18211085e-01
444 8 2.09439510e+00 9.26544756e-01
445 8 2.09439510e+00 9.23553400e-01
446 8 2.09439510e+00 9.26776884e-01
447 8 2.09439510e+00 9.20969766e-01
448 8 2.09439510e+00 9.29214846e-01
449 8 2.09439510e+00 9.34298473e-01
450 8 2.09439510e+00 9.28591038e-01
451 8 2.09439510e+00 9.26883391e-01
452 8 2.09439510e+00 9.30283633e-01
453 8 2.09439510e+00 9.23212844e-01
454 8 2.09439510e+00 9.26347789e-01
455 8 2.09439510e+00 9.12767848e-01
456 8 2.09439510e+00 9.14589362e-01
457 8 2.09439510e+00 9.20704847e-01
458 8 2.09439510e+00 9.18850057e-01
459 8 2.09439510e+00 9.17310486e-01
460 8 2.09439510e+00 9.18237426e-01
461 8 2.09439510e+00 9.19775296e-01
462 8 2.09439510e+00 9.20508070e-01
463 8 2.09439510e+00 9.33609971e-01
464 8 2.09439510e+00 9.20289514e-01
465 8 2.09439510e+00 9.22074539e-01
466 8 2.09439510e+00 9.15059934e-01
467 8 2.09439510e+00 9.17351284e-01
468 8 2.09439510e+00 9.16685545e-01
469 8 2.09439510e+00 9.17705948e-01
470 8 2.09439510e+00 9.26934301e-01
471 8 2.09439510e+00 9.09818630e-01
472 8 2.09439510e+00 9.20315269e-01
473 8 2.09439510e+00 9.31119185e-01
474 8 2.09439510e+00 9.30025689e-01
475 8 2.09439510e+00 9.15049978e-01
476 8 2.09439510e+00 9.12214911e-01
477 8 2.09439510e+00 9.18313076e-01
478 8 2.09439510e+00 9.21327548e-01
479 8 2.09439510e+00 9.17062876e-01
480 8 2.09439510e+00 9.13506631e-01
481 8 2.09439510e+00 9.24021100e-01
482 8 2.09439510e+00 9.16222204e-01
483 8 2.09439510e+00 9.29357724e-01
484 8 2.09439510e+00 9.15651260e-01
485 8 2.09439510e+00 9.22578062e-01
486 8 2.09439510e+00 9.20382083e-01
487 8 2.09439510e+00 9.32651560e-01
488 8 2.09439510e+00 9.18993193e-01
489 8 2.09439510e+00 9.24682641e-01
490 8 2.09439510e+00 9.14833860e-01
491 8 2.09439510e+00 9.20318601e-01
492 8 2.09439510e+00 9.23349232e-01
493 8 2.09439510e+00 9.26947974e-01
494 8 2.09439510e+00 9.19210156e-01
495 8 2.09439510e+00 9.38976408e-01
496 8 2.09439510e+00 9.22730428e-01
497 8 2.09439510e+00 9.22599582e-01
498 8 2.09439510e+00 9.15757419e-01
499 8 2.09439510e+00 9.05489867e-01
500 8 2.09439510e+00 9.21110267e-01
501 8 2.09439510e+00 9.18319752e-01
502 8 2.09439510e+00 9.29837859e-01
503 8 2.09439510e+00 9.20899789e-01
504 8 2.09439510e+00 9.12212536e-01
505 8 2.09439510e+00 9.19181230e-01
506 8 2.09439510e+00 9.24658366e-01
507 8 2.09439510e+00 9.22019184e-01
508 8 2.09439510e+00 9.15318339e-01
509 8 2.09439510e+00 9.18216805e-01
510 8 2.09439510e+00 9.29932401e-01
511 8 2.09439510e+00 9.32181007e-01
512 8 2.09439510e+00 9.17862689e-01
513 8 2.09439510e+00 9.26622704e-01
514 8 2.09439510e+00 9.18995277e-01
515 8 2.09439510e+00 9.25927181e-01
516 8 2.09439510e+00 9.19595464e-01
517 8 2.09439510e+00 9.21933379e-01
518 8 2.09439510e+00 9.26026160e-01
519 8 2.09439510e+00 9.12484380e-01
520 8 2.09439510e+00 9.17202324e-01
521 8 2.09439510e+00 9.12006208e-01
522 8 2.09439510e+00 9.23582180e-01
523 8 2.09439510e+00 9.16295851e-01
524 8 2.09439510e+00 9.18955228e-01
525 8 2.09439510e+00 9.26050059e-01
526 8 2.09439510e+00 9.19628172e-01
527 8 2.09439510e+00 9.19759567e-01
528 8 2.09439510e+00 9.19929019e-01
529 8 2.09439510e+00 9.19248370e-01
530 8 2.09439510e+00 9.14667673e-01
531 8 2.09439510e+00 9.17442903e-01
532 8 2.09439510e+00 9.20949773e-01
533 8 2.09439510e+00 9.27620241e-01
534 8 2.09439510e+00 9.24979816e-01
535 8 2.09439510e+00 9.24796629e-01
536 8 2.09439510e+00 9.33540625e-01
537 8 2.09439510e+00 9.35020785e-01
538 8 2.09439510e+00 9.26226497e-01
539 8 2.09439510e+00 9.28385522e-01
540 8 2.09439510e+00 9.26113601e-01
541 8 2.09439510e+00 9.23817161e-01
542 8 2.09439510e+00 9.26918155e-01
543 8 2.09439510e+00 9.15897830e-01
544 8 2.09439510e+00 9.18378955e-01
545 8 2.09439510e+00 9.22690020e-01
546 8 2.09439510e+00 9.27872076e-01
547 8 2.09439510e+00 9.31152504e-01
548 8 2.09439510e+00 9.25714751e-01
549 8 2.09439510e+00 9.23404900e-01
550 8 2.09439510e+00 9.24156163e-01
551 8 2.09439510e+00 9.24156168e-01
552 8 2.09439510e+00 9.25271094e-01
553 8 2.09439510e+00 9.18787380e-01
554 8 2.09439510e+00 9.11871699e-01
555 8 2.09439510e+00 9.20174121e-01
556 8 2.09439510e+00 9.10118404e-01
557 8 2.09439510e+00 9.26740583e-01
558 8 2.09439510e+00 9.26336992e-01
559 8 2.09439510e+00 9.21520442e-01
560 8 2.09439510e+00 9.28137064e-01
561 8 2.09439510e+00 9.18441375e-01
562 8 2.09439510e+00 9.24001171e-01
563 8 2.09439510e+00 9.25243708e-01
564 8 2.09439510e+00 9.28866396e-01
565 8 2.09439510e+00 9.25953464e-01
566 8 2.09439510e+00 9.18463787e-01
567 8 2.09439510e+00 9.14062607e-01
568 8 2.09439510e+00 9.25506525e-01
569 8 2.09439510e+00 9.22868008e-01
570 8 2.09439510e+00 9.20766696e-01
571 8 2.09439510e+00 9.22787204e-01
572 8 2.09439510e+00 9.14366335e-01
573 8 2.09439510e+00 9.18496762e-01
574 8 2.09439510e+00 9.10421246e-01
575 8 2.09439510e+00 9.26988208e-01
576 8 2.09439510e+00 9.19327627e-01
577 8 2.09439510e+00 9.20173118e-01
578 8 2.09439510e+00 9.11160979e-01
579 8 2.09439510e+00 9.24342210e-01
580 8 2.09439510e+00 9.19864885e-01
581 8 2.09439510e+00 9.16615935e-01
582 8 2.09439510e+00 9.23574490e-01
583 8 2.09439510e+00 9.26117074e-01
584 8 2.09439510e+00 9.18968136e-01
585 8 2.09439510e+00 9.27050709e-01
586 8 2.09439510e+00 9.22250387e-01
587 8 2.09439510e+00 9.24932445e-01
588 8 2.09439510e+00 9.09939050e-01
589 8 2.09439510e+00 9.26338125e-01
590 8 2.09439510e+00 9.16842743e-01
591 8 2.09439510e+00 9.26001402e-01
592 8 2.09439510e+00 9.24094478e-01
593 8 2.09439510e+00 9.33590294e-01
594 8 2.09439510e+00 9.18023178e-01
595 8 2.09439510e+00 9.26020627e-01
596 8 2.09439510e+00 9.32978083e-01
597 8 2.09439510e+00 9.30280282e-01
598 8 2.09439510e+00 9.25192295e-01
599 8 2.09439510e+00 9.22260806e-01
600 8 2.09439510e+00 9.24778844e-01
601 8 2.09439510e+00 9.21019261e-01
602 8 2.09439510e+00 9.19276435e-01
603 8 2.09439510e+00 9.25568311e-01
604 8 2.09439510e+00 9.22012223e-01
605 8 2.09439510e+00 9.19523744e-01
606 8 2.09439510e+00 9.19555319e-01
607 8 2.09439510e+00 9.23564642e-01
608 8 2.09439510e+00 9.27206628e-01
609 8 2.09439510e+00 9.10948806e-01
610 8 2.09439510e+00 9.20891343e-01
611 8 2.09439510e+00 9.21275779e-01
612 8 2.09439510e+00 9.23647422e-01
613 8 2.09439510e+00 9.15985812e-01
614 8 2.09439510e+00 9.22702430e-01
615 8 2.09439510e+00 9.04216346e-01
616 8 2.09439510e+00 9.23386130e-01
617 8 2.09439510e+00 9.23467341e-01
618 8 2.09439510e+00 9.21656886e-01
619 8 2.09439510e+00 9.21972889e-01
620 8 2.09439510e+00 9.21752583e-01
621 8 2.09439510e+00 9.23062034e-01
622 8 2.09439510e+00 9.16499970e-01
623 8 2.09439510e+00 9.17603027e-01
624 8 2.09439510e+00 9.25778112e-01
625 8 2.09439510e+00 9.20961456e-01
626 8 2.09439510e+00 9.23482380e-01
627 8 2.09439510e+00 9.28233970e-01
628 8 2.09439510e+00 9.17176564e-01
629 8 2.09439510e+00 9.10052410e-01
630 8 2.09439510e+00 9.24583029e-01
631 8 2.09439510e+00 9.24724354e-01
632 8 2.09439510e+00 9.28825602e-01
633 8 2.09439510e+00 9.10076299e-01
634 8 2.09439510e+00 9.25517725e-01
635 8 2.09439510e+00 9.23168790e-01
636 8 2.09439510e+00 9.11419285e-01
637 8 2.09439510e+00 9.08510606e-01
638 8 2.09439510e+00 9.22271985e-01
639 8 2.09439510e+00 9.14594175e-01
640 8 2.09439510e+00 9.25134185e-01
641 8 2.09439510e+00 9.21566508e-01
642 8 2.09439510e+00 9.18121929e-01
643 8 2.09439510e+00 9.21789896e-01
644 8 2.09439510e+00 9.36272743e-01
645 8 2.09439510e+00 9.22259512e-01
646 8 2.09439510e+00 9.09348912e-01
647 8 2.09439510e+00 9.16646653e-01
648 8 2.09439510e+00 9.22360251e-01
649 8 2.09439510e+00 9.13305351e-01
650 8 2.09439510e+00 9.18808947e-01
651 8 2.09439510e+00 9.20712052e-01
652 8 2.09439510e+00 9.20187001e-01
653 8 2.09439510e+00 9.29754574e-01
654 8 2.09439510e+00 9.13039791e-01
655 8 2.09439510e+00 9.26074573e-01
656 8 2.09439510e+00 9.23011835e-01
657 8 2.09439510e+00 9.20936751e-01
658 8 2.09439510e+00 9.28028755e-01
659 8 2.09439510e+00 9.15253024e-01
660 8 2.09439510e+00 9.18631266e-01
661 8 2.09439510e+00 9.26082458e-01
662 8 2.09439510e+00 9.17493126e-01
663 8 2.09439510e+00 9.24475846e-01
664 8 2.09439510e+00 9.27727153e-01
665 8 2.09439510e+00 9.16752547e-01
666 8 2.09439510e+00 9.23211076e-01
667 8 2.09439510e+00 9.20635858e-01
668 8 2.09439510e+00 9.25698100e-01
669 8 2.09439510e+00 9.17976448e-01
670 8 2.09439510e+00 9.36077566e-01
671 8 2.09439510e+00 9.16037400e-01
672 8 2.09439510e+00 9.21153222e-01
673 8 2.09439510e+00 9.25554186e-01
674 8 2.09439510e+00 9.13347794e-01
675 8 2.09439510e+00 9.17008694e-01
676 8 2.09439510e+00 9.26586364e-01
677 8 2.09439510e+00 9.27840601e-01
678 8 2.09439510e+00 9.22859961e-01
679 8 2.09439510e+00 9.14791612e-01
680 8 2.09439510e+00 9.20755194e-01
681 8 2.09439510e+00 9.18019602e-01
682 8 2.09439510e+00 9.21748785e-01
683 8 2.09439510e+00 9.19516358e-01
684 8 2.09439510e+00 9.24504301e-01
685 8 2.09439510e+00 9.21338828e-01
686 8 2.09439510e+00 9.29091333e-01
687 8 2.09439510e+00 9.19671215e-01
688 8 2.09439510e+00 9.14250613e-01
689 8 2.09439510e+00 9.21428718e-01
690 8 2.09439510e+00 9.21807761e-01
691 8 2.09439510e+00 9.24839448e-01
692 8 2.09439510e+00 9.17139038e-01
693 8 2.09439510e+00 9.22909291e-01
694 8 2.09439510e+00 9.20216222e-01
695 8 2.09439510e+00 9.15586043e-01
696 8 2.09439510e+00 9.25912519e-01
697 8 2.09439510e+00 9.27100508e-01
698 8 2.09439510e+00 9.18661280e-01
699 8 2.09439510e+00 9.19493599e-01
700 8 2.09439510e+00 9.28777298e-01
701 8 2.09439510e+00 9.16085448e-01
702 8 2.09439510e+00 9.18116863e-01
703 8 2.09439510e+00 9.23305772e-01
704 8 2.09439510e+00 9.16208949e-01
705 8 2.09439510e+00 9.20560105e-01
706 8 2.09439510e+00 9.29777392e-01
707 8 2.09439510e+00 9.22649628e-01
708 8 2.09439510e+00 9.31897995e-01
709 8 2.09439510e+00 9.22739526e-01
710 8 2.09439510e+00 9.19299482e-01
711 8 2.09439510e+00 9.22039842e-01
712 8 2.09439510e+00 9.25208599e-01
713 8 2.09439510e+00 9.23895107e-01
714 8 2.09439510e+00 9.14070945e-01
715 8 2.09439510e+00 9.23215156e-01
716 8 2.09439510e+00 9.23844793e-01
717 8 2.09439510e+00 9.21289777e-01
718 8 2.09439510e+00 9.12024279e-01
719 8 2.09439510e+00 9.12166866e-01
720 8 2.09439510e+00 9.17632350e-01
721 8 2.09439510e+00 9.16103748e-01
722 8 2.09439510e+00 9.22772409e-01
723 8 2.09439510e+00 9.23710983e-01
724 8 2.09439510e+00 9.14151527e-01
725 8 2.09439510e+00 9.12049227e-01
726 8 2.09439510e+00 9.28660674e-01
727 8 2.09439510e+00 9.20814226e-01
728 8 2.09439510e+00 9.23671735e-01
729 8 2.09439510e+00 9.26100729e-01
730 8 2.09439510e+00 9.14622632e-01
731 8 2.09439510e+00 9.29610100e-01
732 8 2.09439510e+00 9.14715834e-01
733 8 2.09439510e+00 9.23256352e-01
734 8 2.09439510e+00 9.22941311e-01
735 8 2.09439510e+00 9.26309191e-01
736 8 2.09439510e+00 9.19550534e-01
737 8 2.09439510e+00 9.20778029e-01
738 8 2.09439510e+00 9.28023593e-01
739 8 2.09439510e+00 9.16947097e-01
740 8 2.09439510e+00 9.24645041e-01
741 8 2.09439510e+00 9.21566695e-01
742 8 2.09439510e+00 9.20905373e-01
743 8 2.09439510e+00 9.21251905e-01
744 8 2.09439510e+00 9.19692363e-01
745 8 2.09439510e+00 9.25132834e-01
746 8 2.09439510e+00 9.13772874e-01
747 8 2.09439510e+00 9.21879653e-01
748 8 2.09439510e+00 9.21192179e-01
749 8 2.09439510e+00 9.17438949e-01
750 8 2.09439510e+00 9.20234898e-01
751 8 2.09439510e+00 9.29192058e-01
752 8 2.09439510e+00 9.34362111e-01
753 8 2.09439510e+00 9.17161389e-01
754 8 2.09439510e+00 9.22058380e-01
755 8 2.09439510e+00 9.22507088e-01
756 8 2.09439510e+00 9.23001821e-01
757 8 2.09439510e+00 9.18220196e-01
758 8 2.09439510e+00 9.19895428e-01
759 8 2.09439510e+00 9.17601216e-01
760 8 2.09439510e+00 9.21348622e-01
761 8 2.09439510e+00 9.19427279e-01
762 8 2.09439510e+00 9.27775073e-01
763 8 2.09439510e+00 9.32022732e-01
764 8 2.09439510e+00 9.34647947e-01
765 8 2.09439510e+00 9.29792012e-01
766 8 2.09439510e+00 9.19103197e-01
767 8 2.09439510e+00 9.16096379e-01
768 8 2.09439510e+00 9.30690850e-01
769 8 2.09439510e+00 9.28532058e-01
770 8 2.09439510e+00 9.24956321e-01
771 8 2.09439510e+00 9.27357319e-01
772 8 2.09439510e+00 9.19239718e-01
773 8 2.09439510e+00 9.16821448e-01
774 8 2.09439510e+00 9.19134061e-01
775 8 2.09439510e+00 9.23429068e-01
776 8 2.09439510e+00 9.27406930e-01
777 8 2.09439510e+00 9.25679093e-01
778 8 2.09439510e+00 9.26608902e-01
779 8 2.09439510e+00 9.22895672e-01
780 8 2.09439510e+00 9.23906844e-01
781 8 2.09439510e+00 9.25518637e-01
782 8 2.09439510e+00 9.22042233e-01
783 8 2.09439510e+00 9.17004748e-01
784 8 2.09439510e+00 9.34593529e-01
785 8 2.09439510e+00 9.13685715e-01
786 8 2.09439510e+00 9.19478059e-01
787 8 2.09439510e+00 9.18303183e-01
788 8 2.09439510e+00 9.16401355e-01
789 8 2.09439510e+00 9.22898274e-01
790 8 2.09439510e+00 9.13767021e-01
791 8 2.09439510e+00 9.32153879e-01
792 8 2.09439510e+00 9.24521149e-01
793 8 2.09439510e+00 9.16326210e-01
794 8 2.09439510e+00 9.22377988e-01
795 8 2.09439510e+00 9.25727203e-01
796 8 2.09439510e+00 9.25221256e-01
797 8 2.09439510e+00 9.20834156e-01
798 8 2.09439510e+00 9.22911795e-01
799 8 2.09439510e+00 9.28635575e-01
800 8 2.09439510e+00 9.28578347e-01
801 8 2.09439510e+00 9.22816347e-01
802 8 2.09439510e+00 9.19099494e-01
803 8 2.09439510e+00 9.32916256e-01
804 8 2.09439510e+00 9.24418023e-01
805 8 2.09439510e+00 9.21943189e-01
806 8 2.09439510e+00 9.19781267e-01
807 8 2.09439510e+00 9.26508256e-01
808 8 2.09439510e+00 9.22180294e-01
809 8 2.09439510e+00 9.26208845e-01
810 8 2.09439510e+00 9.11257638e-01
811 8 2.09439510e+00 9.20870312e-01
812 8 2.09439510e+00 9.21554720e-01
813 8 2.09439510e+00 9.18641415e-01
814 8 2.09439510e+00 9.15243879e-01
815 8 2.09439510e+00 9.20053565e-01
816 8 2.09439510e+00 9.25742316e-01
817 8 2.09439510e+00 9.21192354e-01
818 8 2.09439510e+00 9.14815749e-01
819 8 2.09439510e+00 9.28008688e-01
820 8 2.09439510e+00 9.19616741e-01
821 8 2.09439510e+00 9.16389400e-01
822 8 2.09439510e+00 9.26033739e-01
823 8 2.09439510e+00 9.18061043e-01
824 8 2.09439510e+00 9.16770028e-01
825 8 2.09439510e+00 9.17464134e-01
826 8 2.09439510e+00 9.26402598e-01
827 8 2.09439510e+00 9.21899537e-01
828 8 2.09439510e+00 9.34996552e-01
829 8 2.09439510e+00 9.17160163e-01
830 8 2.09439510e+00 9.28963816e-01
831 8 2.09439510e+00 9.18573399e-01
832 8 2.09439510e+00 9.19964013e-01
833 8 2.09439510e+00 9.19577392e-01
834 8 2.09439510e+00 9.26084795e-01
835 8 2.09439510e+00 9.19791568e-01
836 8 2.09439510e+00 9.18783456e-01
837 8 2.09439510e+00 9.33200417e-01
838 8 2.09439510e+00 9.19616378e-01
839 8 2.09439510e+00 9.16864479e-01
840 8 2.09439510e+00 9.17615145e-01
841 8 2.09439510e+00 9.15550290e-01
842 8 2.09439510e+00 9.16900263e-01
843 8 2.09439510e+00 9.21953562e-01
844 8 2.09439510e+00 9.34264210e-01
845 8 2.09439510e+00 9.17054830e-01
846 8 2.09439510e+00 9.09533492e-01
847 8 2.09439510e+00 9.23834394e-01
848 8 2.09439510e+00 9.21063335e-01
849 8 2.09439510e+00 9.19958297e-01
850 8 2.09439510e+00 9.17973811e-01
851 8 2.09439510e+00 9.24859531e-01
852 8 2.09439510e+00 9.35879593e-01
853 8 2.09439510e+00 9.17303140e-01
854 8 2.09439510e+00 9.16091699e-01
855 8 2.09439510e+00 9.14799091e-01
856 8 2.09439510e+00 9.22807361e-01
857 8 2.09439510e+00 9.18271884e-01
858 8 2.09439510e+00 9.26073796e-01
859 8 2.09439510e+00 9.29818373e-01
860 8 2.09439510e+00 9.18752841e-01
861 8 2.09439510e+00 9.24428832e-01
862 8 2.09439510e+00 9.26570648e-01
863 8 2.09439510e+00 9.30842633e-01
864 8 2.09439510e+00 9.24016617e-01
865 8 2.09439510e+00 9.15913399e-01
866 8 2.09439510e+00 9.23650953e-01
867 8 2.09439510e+00 9.24317986e-01
868 8 2.09439510e+00 9.22734617e-01
869 8 2.09439510e+00 9.25397642e-01
870 8 2.09439510e+00 9.20936532e-01
871 8 2.09439510e+00 9.20960068e-01
872 8 2.09439510e+00 9.18433798e-01
873 8 2.09439510e+00 9.19610882e-01
874 8 2.09439510e+00 9.25887494e-01
875 8 2.09439510e+00 9.20564170e-01
876 8 2.09439510e+00 9.14277570e-01
877 8 2.09439510e+00 9.18568663e-01
878 8 2.09439510e+00 9.13145565e-01
879 8 2.09439510e+00 9.22199435e-01
880 8 2.09439510e+00 9.28695488e-01
881 8 2.09439510e+00 9.15075402e-01
882 8 2.09439510e+00 9.09631749e-01
883 8 2.09439510e+00 9.20318785e-01
884 8 2.09439510e+00 9.22869728e-01
885 8 2.09439510e+00 9.23877356e-01
886 8 2.09439510e+00 9.13199579e-01
887 8 2.09439510e+00 9.25301905e-01
888 8 2.09439510e+00 9.25992722e-01
889 8 2.09439510e+00 9.20400256e-01
890 8 2.09439510e+00 9.29580461e-01
891 8 2.09439510e+00 9.24784358e-01
892 8 2.09439510e+00 9.29703390e-01
893 8 2.09439510e+00 9.18243952e-01
894 8 2.09439510e+00 9.17903126e-01
895 8 2.09439510e+00 9.31354920e-01
896 8 2.09439510e+00 9.18017859e-01
897 8 2.09439510e+00 9.20801454e-01
898 8 2.09439510e+00 9.26223836e-01
899 8 2.09439510e+00 9.16358998e-01
900 8 2.09439510e+00 9.23640694e-01
901 8 2.09439510e+00 9.12300726e-01
902 8 2.09439510e+00 9.17993642e-01
903 8 2.09439510e+00 9.19140159e-01
904 8 2.09439510e+00 9.15317680e-01
905 8 2.09439510e+00 9.16852181e-01
906 8 2.09439510e+00 9.27019774e-01
907 8 2.09439510e+00 9.19005424e-01
908 8 2.09439510e+00 9.23523416e-01
909 8 2.09439510e+00 9.19447243e-01
910 8 2.09439510e+00 9.25499357e-01
911 8 2.09439510e+00 9.27896974e-01
912 8 2.09439510e+00 9.16401144e-01
913 8 2.09439510e+00 9.21704159e-01
914 8 2.09439510e+00 9.18496976e-01
915 8 2.09439510e+00 9.24058287e-01
916 8 2.09439510e+00 9.17491791e-01
917 8 2.09439510e+00 9.23688426e-01
918 8 2.09439510e+00 9.20348439e-01
919 8 2.09439510e+00 9.20217703e-01
920 8 2.09439510e+00 9.26651541e-01
921 8 2.09439510e+00 9.20389726e-01
922 8 2.09439510e+00 9.16692872e-01
923 8 2.09439510e+00 9.05541935e-01
924 8 2.09439510e+00 9.18407860e-01
925 8 2.09439510e+00 9.21621653e-01
926 8 2.09439510e+00 9.24878333e-01
927 8 2.09439510e+00 9.21836935e-01
928 8 2.09439510e+00 9.10462326e-01
929 8 2.09439510e+00 9.20760042e-01
930 8 2.09439510e+00 9.20783699e-01
931 8 2.09439510e+00 9.14026156e-01
932 8 2.09439510e+00 9.20174861e-01
933 8 2.09439510e+00 9.21787931e-01
934 8 2.09439510e+00 9.27138347e-01
935 8 2.09439510e+00 9.26162430e-01
936 8 2.09439510e+00 9.19920215e-01
937 8 2.09439510e+00 9.28525904e-01
938 8 2.09439510e+00 9.11177348e-01
939 8 2.09439510e+00 9.24086786e-01
940 8 2.09439510e+00 9.16992912e-01
941 8 2.09439510e+00 9.19334969e-01
942 8 2.09439510e+00 9.26819948e-01
943 8 2.09439510e+00 9.23165762e-01
944 8 2.09439510e+00 9.27222894e-01
945 8 2.09439510e+00 9.17710464e-01
946 8 2.09439510e+00 9.22849342e-01
947 8 2.09439510e+00 9.17490032e-01
948 8 2.09439510e+00 9.19705626e-01
949 8 2.09439510e+00 9.17124072e-01
950 8 2.09439510e+00 9.24092137e-01
951 8 2.09439510e+00 9.16294454e-01
952 8 2.09439510e+00 9.18448673e-01
953 8 2.09439510e+00 9.24342750e-01
954 8 2.09439510e+00 9.21493853e-01
955 8 2.09439510e+00 9.17763658e-01
956 8 2.09439510e+00 9.24239354e-01
957 8 2.09439510e+00 9.22728361e-01
958 8 2.09439510e+00 9.17307968e-01
959 8 2.09439510e+00 9.21631536e-01
960 8 2.09439510e+00 9.23804738e-01
961 8 2.09439510e+00 9.19373012e-01
962 8 2.09439510e+00 9.21319465e-01
963 8 2.09439510e+00 9.21626081e-01
964 8 2.09439510e+00 9.27700293e-01
965 8 2.09439510e+00 9.25679097e-01
966 8 2.09439510e+00 9.28341536e-01
967 8 2.09439510e+00 9.26786092e-01
968 8 2.09439510e+00 9.29186454e-01
969 8 2.09439510e+00 9.17819815e-01
970 8 2.09439510e+00 9.18221387e-01
971 8 2.09439510e+00 9.26483824e-01
972 8 2.09439510e+00 9.17384748e-01
973 8 2.09439510e+00 9.24573889e-01
974 8 2.09439510e+00 9.26332341e-01
975 8 2.09439510e+00 9.26731496e-01
976 8 2.09439510e+00 9.19025108e-01
977 8 2.09439510e+00 9.28292501e-01
978 8 2.09439510e+00 9.11656713e-01
979 8 2.09439510e+00 9.13563068e-01
980 8 2.09439510e+00 9.21192401e-01
981 8 2.09439510e+00 9.18192877e-01
982 8 2.09439510e+00 9.23543082e-01
983 8 2.09439510e+00 9.17913838e-01
984 8 2.09439510e+00 9.23243854e-01
985 8 2.09439510e+00 9.19780918e-01
986 8 2.09439510e+00 9.13942800e-01
987 8 2.09439510e+00 9.16652222e-01
988 8 2.09439510e+00 9.22603703e-01
989 8 2.09439510e+00 9.22216074e-01
990 8 2.09439510e+00 9.21361211e-01
991 8 2.09439510e+00 9.16287772e-01
992 8 2.09439510e+00 9.13782546e-01
993 8 2.09439510e+00 9.24809298e-01
994 8 2.09439510e+00 9.20801296e-01
995 8 2.09439510e+00 9.10916058e-01
996 8 2.09439510e+00 9.19116647e-01
997 8 2.09439510e+00 9.25545670e-01
998 8 2.09439510e+00 9.23672516e-01
999 8 2.09439510e+00 9.11922605e-01
1000 8 2.09439510e+00 9.27004905e-01
1001 8 2.09439510e+00 9.18310306e-01
1002 8 2.09439510e+00 9.09753247e-01
1003 8 2.09439510e+00 9.25567103e-01
1004 8 2.09439510e+00 9.28233796e-01
1005 8 2.09439510e+00 9.18086524e-01
1006 8 2.09439510e+00 9.27551121e-01
1007 8 2.09439510e+00 9.27732940e-01
1008 8 2.09439510e+00 9.06558548e-01
1009 8 2.09439510e+00 9.24278034e-01
1010 8 2.09439510e+00 9.19781614e-01
1011 8 2.09439510e+00 9.29024412e-01
1012 8 2.09439510e+00 9.18683099e-01
0 9 2.35619449e+00 9.38738376e-01
1 9 2.35619449e+00 9.41755745e-01
2 9 2.35619449e+00 9.46491860e-01
3 9 2.35619449e+00 9.31156805e-01
4 9 2.35619449e+00 9.26594403e-01
5 9 2.35619449e+00 9.33771827e-01
6 9 2.35619449e+00 9.38539865e-01
7 9 2.35619449e+00 9.59315376e-01
8 9 2.35619449e+00 9.23902467e-01
9 9 2.35619449e+00 9.41432319e-01
10 9 2.35619449e+00 9.38209054e-01
11 9 2.35619449e+00 9.39926874e-01
12 9 2.35619449e+00 9.45379884e-01
13 9 2.35619449e+00 9.36797240e-01
14 9 2.35619449e+00 9.39830477e-01
15 9 2.35619449e+00 9.45086592e-01
16 9 2.35619449e+00 9.51700151e-01
17 9 2.35619449e+00 9.40533185e-01
18 9 2.35619449e+00 9.35282305e-01
19 9 2.35619449e+00 9.40090829e-01
20 9 2.35619449e+00 9.37792469e-01
21 9 2.35619449e+00 9.36703320e-01
22 9 2.35619449e+00 9.37999256e-01
23 9 2.35619449e+00 9.38167685e-01
24 9 2.35619449e+00 9.42623467e-01
25 9 2.35619449e+00 9.41784480e-01
26 9 2.35619449e+00 9.40978121e-01
27 9 2.35619449e+00 9.34213165e-01
28 9 2.35619449e+00 9.31937102e-01
29 9 2.35619449e+00 9.48961324e-01
30 9 2.35619449e+00 9.24539969e-01
31 9 2.35619449e+00 9.49675014e-01
32 9 2.35619449e+00 9.47742114e-01
33 9 2.35619449e+00 9.41791361e-01
34 9 2.35619449e+00 9.31971723e-01
35 9 2.35619449e+00 9.48822587e-01
36 9 2.35619449e+00 9.37464339e-01
37 9 2.35619449e+00 9.31167470e-01
38 9 2.35619449e+00 9.44646799e-01
39 9 2.35619449e+00 9.44840460e-01
40 9 2.35619449e+00 9.42945792e-01
41 9 2.35619449e+00 9.32321240e-01
42 9 2.35619449e+00 9.32644568e-01
43 9 2.35619449e+00 9.38862498e-01
44 9 2.35619449e+00 9.45603595e-01
45 9 2.35619449e+00 9.39271160e-01
46 9 2.35619449e+00 9.37889280e-01
47 9 2.35619449e+00 9.29080679e-01
48 9 2.35619449e+00 9.43412515e-01
49 9 2.35619449e+00 9.37689251e-01
50 9 2.35619449e+00 9.39479849e-01
51 9 2.35619449e+00 9.48496278e-01
52 9 2.35619449e+00 9.43750692e-01
53 9 2.35619449e+00 9.35051816e-01
54 9 2.35619449e+00 9.50400102e-01
55 9 2.35619449e+00 9.23247648e-01
56 9 2.35619449e+00 9.43820863e-01
57 9 2.35619449e+00 9.32644229e-01
58 9 2.35619449e+00 9.46872203e-01
59 9 2.35619449e+00 9.52505623e-01
60 9 2.35619449e+00 9.47211417e-01
61 9 2.35619449e+00 9.42001163e-01
62 9 2.35619449e+00 9.45251845e-01
63 9 2.35619449e+00 9.29908583e-01
64 9 2.35619449e+00 9.31941384e-01
65 9 2.35619449e+00 9.45272606e-01
66 9 2.35619449e+00 9.35830822e-01
67 9 2.35619449e+00 9.46409255e-01
68 9 2.35619449e+00 9.36572102e-01
69 9 2.35619449e+00 9.31092776e-01
70 9 2.35619449e+00 9.34751713e-01
71 9 2.35619449e+00 9.34941823e-01
72 9 2.35619449e+00 9.36256287e-01
73 9 2.35619449e+00 9.52000653e-01
74 9 2.35619449e+00 9.23207622e-01
75 9 2.35619449e+00 9.40514378e-01
76 9 2.35619449e+00 9.48888119e-01
77 9 2.35619449e+00 9.43772468e-01
78 9 2.35619449e+00 9.41127874e-01
79 9 2.35619449e+00 9.41959767e-01
80 9 2.35619449e+00 9.41963831e-01
81 9 2.35619449e+00 9.45974463e-01
82 9 2.35619449e+00 9.37656612e-01
83 9 2.35619449e+00 9.27027651e-01
84 9 2.35619449e+00 9.42439575e-01
85 9 2.35619449e+00 9.47229871e-01
86 9 2.35619449e+00 9.35814734e-01
87 9 2.35619449e+00 9.22789137e-01
88 9 2.35619449e+00 9.49224397e-01
89 9 2.35619449e+00 9.41375335e-01
90 9 2.35619449e+00 9.44344476e-01
91 9 2.35619449e+00 9.37062508e-01
92 9 2.35619449e+00 9.32138044e-01
93 9 2.35619449e+00 9.46981135e-01
94 9 2.35619449e+00 9.35605205e-01
95 9 2.35619449e+00 9.39962096e-01
96 9 2.35619449e+00 9.42948266e-01
97 9 2.35619449e+00 9.56483086e-01
98 9 2.35619449e+00 9.40992486e-01
99 9 2.35619449e+00 9.31317189e-01
100 9 2.35619449e+00 9.37762042e-01
101 9 2.35619449e+00 9.56175817e-01
102 9 2.35619449e+00 9.55635946e-01
103 9 2.35619449e+00 9.41163953e-01
104 9 2.35619449e+00 9.47355004e-01
105 9 2.35619449e+00 9.29400321e-01
106 9 2.35619449e+00 9.39973265e-01
107 9 2.35619449e+00 9.45429335e-01
108 9 2.35619449e+00 9.30140178e-01
109 9 2.35619449e+00 9.47762665e-01
110 9 2.35619449e+00 9.24210961e-01
111 9 2.35619449e+00 9.21862111e-01
112 9 2.35619449e+00 9.37030596e-01
113 9 2.35619449e+00 9.40406577e-01
114 9 2.35619449e+00 9.49932724e-01
115 9 2.35619449e+00 9.41876224e-01
116 9 2.35619449e+00 9.47882831e-01
117 9 2.35619449e+00 9.45685356e-01
118 9 2.35619449e+00 9.44398815e-01
119 9 2.35619449e+00 9.40672223e-01
120 9 2.35619449e+00 9.51326299e-01
121 9 2.35619449e+00 9.43361620e-01
122 9 2.35619449e+00 9.41435138e-01
123 9 2.35619449e+00 9.31046345e-01
124 9 2.35619449e+00 9.45816881e-01
125 9 2.35619449e+00 9.45258991e-01
126 9 2.35619449e+00 9.39112625e-01
127 9 2.35619449e+00 9.46633231e-01
128 9 2.35619449e+00 9.37638260e-01
129 9 2.35619449e+00 9.35172671e-01
130 9 2.35619449e+00 9.41022366e-01
131 9 2.35619449e+00 9.36068513e-01
132 9 2.35619449e+00 9.46716038e-01
133 9 2.35619449e+00 9.48468724e-01
134 9 2.35619449e+00 9.41722579e-01
135 9 2.35619449e+00 9.45433767e-01
136 9 2.35619449e+00 9.40032166e-01
137 9 2.35619449e+00 9.38737838e-01
138 9 2.35619449e+00 9.34200891e-01
139 9 2.35619449e+00 9.48221911e-01
140 9 2.35619449e+00 9.45402256e-01
141 9 2.35619449e+00 9.45687300e-01
142 9 2.35619449e+00 9.30560111e-01
143 9 2.35619449e+00 9.34776023e-01
144 9 2.35619449e+00 9.49137897e-01
145 9 2.35619449e+00 9.32978201e-01
146 9 2.35619449e+00 9.28392463e-01
147 9 2.35619449e+00 9.48750788e-01
148 9 2.35619449e+00 9.47586350e-01
149 9 2.35619449e+00 9.36682836e-01
150 9 2.35619449e+00 9.47693134e-01
151 9 2.35619449e+00 9.55418119e-01
152 9 2.35619449e+00 9.35116689e-01
153 9 2.35619449e+00 9.41811075e-01
154 9 2.35619449e+00 9.47403970e-01
155 9 2.35619449e+00 9.31362551e-01
156 9 2.35619449e+00 9.41993736e-01
157 9 2.35619449e+00 9.39174809e-01
158 9 2.35619449e+00 9.36409635e-01
159 9 2.35619449e+00 9.34259654e-01
160 9 2.35619449e+00 9.29354703e-01
161 9 2.35619449e+00 9.49584023e-01
162 9 2.35619449e+00 9.46459852e-01
163 9 2.35619449e+00 9.49163651e-01
164 9 2.35619449e+00 9.34309358e-01
165 9 2.35619449e+00 9.40175745e-01
166 9 2.35619449e+00 9.33423364e-01
167 9 2.35619449e+00 9.44376372e-01
168 9 2.35619449e+00 9.42256235e-01
169 9 2.35619449e+00 9.43913628e-01
170 9 2.35619449e+00 9.40102108e-01
171 9 2.35619449e+00 9.40097505e-01
172 9 2.35619449e+00 9.39016294e-01
173 9 2.35619449e+00 9.37022582e-01
174 9 2.35619449e+00 9.39871658e-01
175 9 2.35619449e+00 9.36250065e-01
176 9 2.35619449e+00 9.44079146e-01
177 9 2.35619449e+00 9.35098707e-01
178 9 2.35619449e+00 9.24693590e-01
179 9 2.35619449e+00 9.34976999e-01
180 9 2.35619449e+00 9.34078144e-01
181 9 2.35619449e+00 9.27125984e-01
182 9 2.35619449e+00 9.40430047e-01
183 9 2.35619449e+00 9.39236066e-01
184 9 2.35619449e+00 9.35288272e-01
185 9 2.35619449e+00 9.39770577e-01
186 9 2.35619449e+00 9.31629027e-01
187 9 2.35619449e+00 9.41447466e-01
188 9 2.35619449e+00 9.39345912e-01
189 9 2.35619449e+00 9.36196600e-01
190 9 2.35619449e+00 9.51652624e-01
191 9 2.35619449e+00 9.34896972e-01
192 9 2.35619449e+00 9.34426935e-01
193 9 2.35619449e+00 9.43511840e-01
194 9 2.35619449e+00 9.30241208e-01
195 9 2.35619449e+00 9.29127225e-01
196 9 2.35619449e+00 9.35730577e-01
197 9 2.35619449e+00 9.41595809e-01
198 9 2.35619449e+00 9.38852766e-01
199 9 2.35619449e+00 9.42245441e-01
200 9 2.35619449e+00 9.27794342e-01
201 9 2.35619449e+00 9.60136552e-01
202 9 2.35619449e+00 9.45507878e-01
203 9 2.35619449e+00 9.40416983e-01
204 9 2.35619449e+00 9.26464255e-01
205 9 2.35619449e+00 9.32689807e-01
206 9 2.35619449e+00 9.37392978e-01
207 9 2.35619449e+00 9.39155085e-01
208 9 2.35619449e+00 9.36240332e-01
209 9 2.35619449e+00 9.23236333e-01
210 9 2.35619449e+00 9.22913806e-01
211 9 2.35619449e+00 9.44465341e-01
212 9 2.35619449e+00 9.37307378e-01
213 9 2.35619449e+00 9.48384237e-01
214 9 2.35619449e+00 9.49972647e-01
215 9 2.35619449e+00 9.50777919e-01
216 9 2.35619449e+00 9.34220850e-01
217 9 2.35619449e+00 9.41751647e-01
218 9 2.35619449e+00 9.29392058e-01
219 9 2.35619449e+00 9.39262610e-01
220 9 2.35619449e+00 9.34390700e-01
221 9 2.35619449e+00 9.27522344e-01
222 9 2.35619449e+00 9.40000732e-01
223 9 2.35619449e+00 9.31781255e-01
224 9 2.35619449e+00 9.29638987e-01
225 9 2.35619449e+00 9.39585039e-01
226 9 2.35619449e+00 9.44490592e-01
227 9 2.35619449e+00 9.44760867e-01
228 9 2.35619449e+00 9.45625384e-01
229 9 2.35619449e+00 9.38537481e-01
230 9 2.35619449e+00 9.29466577e-01
231 9 2.35619449e+00 9.35182645e-01
232 9 2.35619449e+00 9.34369238e-01
233 9 2.35619449e+00 9.34208115e-01
234 9 2.35619449e+00 9.54967825e-01
235 9 2.35619449e+00 9.43773967e-01
236 9 2.35619449e+00 9.45274100e-01
237 9 2.35619449e+00 9.32318017e-01
238 9 2.35619449e+00 9.44253156e-01
239 9 2.35619449e+00 9.46178250e-01
240 9 2.35619449e+00 9.39148203e-01
241 9 2.35619449e+00 9.45164920e-01
242 9 2.35619449e+00 9.39426881e-01
243 9 2.35619449e+00 9.47382041e-01
244 9 2.35619449e+00 9.26567758e-01
245 9 2.35619449e+00 9.46592619e-01
246 9 2.35619449e+00 9.35217747e-01
247 9 2.35619449e+00 9.27726935e-01
248 9 2.35619449e+00 9.31978785e-01
249 9 2.35619449e+00 9.51997089e-01
250 9 2.35619449e+00 9.36389441e-01
251 9 2.35619449e+00 9.14553513e-01
252 9 2.35619449e+00 9.43739559e-01
253 9 2.35619449e+00 9.44570018e-01
254 9 2.35619449e+00 9.28702525e-01
255 9 2.35619449e+00 9.30091556e-01
256 9 2.35619449e+00 9.32697038e-01
257 9 2.35619449e+00 9.60455127e-01
258 9 2.35619449e+00 9.46970565e-01
259 9 2.35619449e+00 9.38731836e-01
260 9 2.35619449e+00 9.30582265e-01
261 9 2.35619449e+00 9.69979455e-01
262 9 2.35619449e+00 9.35987122e-01
263 9 2.35619449e+00 9.29132550e-01
264 9 2.35619449e+00 9.27584055e-01
265 9 2.35619449e+00 9.27268016e-01
266 9 2.35619449e+00 9.37651598e-01
267 9 2.35619449e+00 9.24356695e-01
268 9 2.35619449e+00 9.47605282e-01
269 9 2.35619449e+00 9.38394973e-01
270 9 2.35619449e+00 9.25299103e-01
271 9 2.35619449e+00 9.46114592e-01
272 9 2.35619449e+00 9.41220670e-01
273 9 2.35619449e+00 9.37122856e-01
274 9 2.35619449e+00 9.47627866e-01
275 9 2.35619449e+00 9.41602537e-01
276 9 2.35619449e+00 9.32194803e-01
277 9 2.35619449e+00 9.50730072e-01
278 9 2.35619449e+00 9.36264054e-01
279 9 2.35619449e+00 9.39360446e-01
280 9 2.35619449e+00 9.26545796e-01
281 9 2.35619449e+00 9.41316632e-01
282 9 2.35619449e+00 9.27144330e-01
283 9 2.35619449e+00 9.45830333e-01
284 9 2.35619449e+00 9.45631712e-01
285 9 2.35619449e+00 9.42644905e-01
286 9 2.35619449e+00 9.31003763e-01
287 9 2.35619449e+00 9.45404283e-01
288 9 2.35619449e+00 9.44552741e-01
289 9 2.35619449e+00 9.42664372e-01
290 9 2.35619449e+00 9.33496877e-01
291 9 2.35619449e+00 9.36320004e-01
292 9 2.35619449e+00 9.41339998e-01
293 9 2.35619449e+00 9.39098532e-01
294 9 2.35619449e+00 9.38276389e-01
295 9 2.35619449e+00 9.43088846e-01
296 9 2.35619449e+00 9.50220725e-01
297 9 2.35619449e+00 9.40635599e-01
298 9 2.35619449e+00 9.40513745e-01
299 9 2.35619449e+00 9.36163320e-01
300 9 2.35619449e+00 9.37435069e-01
301 9 2.35619449e+00 9.38056028e-01
302 9 2.35619449e+00 9.37407384e-01
303 9 2.35619449e+00 9.52839385e-01
304 9 2.35619449e+00 9.49070318e-01
305 9 2.35619449e+00 9.37912003e-01
306 9 2.35619449e+00 9.30304200e-01
307 9 2.35619449e+00 9.22109823e-01
308 9 2.35619449e+00 9.28849545e-01
309 9 2.35619449e+00 9.34339549e-01
310 9 2.35619449e+00 9.46418280e-01
311 9 2.35619449e+00 9.50368850e-01
312 9 2.35619449e+00 9.45700535e-01
313 9 2.35619449e+00 9.32992810e-01
314 9 2.35619449e+00 9.24754134e-01
315 9 2.35619449e+00 9.30143638e-01
316 9 2.35619449e+00 9.37624525e-01
317 9 2.35619449e+00 9.41437056e-01
318 9 2.35619449e+00 9.35216900e-01
319 9 2.35619449e+00 9.46145271e-01
320 9 2.35619449e+00 9.35824389e-01
321 9 2.35619449e+00 9.33035353e-01
322 9 2.35619449e+00 9.16063924e-01
323 9 2.35619449e+00 9.31989623e-01
324 9 2.35619449e+00 9.31347753e-01
325 9 2.35619449e+00 9.44952754e-01
326 9 2.35619449e+00 9.35145765e-01
327 9 2.35619449e+00 9.29188222e-01
328 9 2.35619449e+00 9.30857817e-01
329 9 2.35619449e+00 9.43984142e-01
330 9 2.35619449e+00 9.48756372e-01
331 9 2.35619449e+00 9.28997494e-01
332 9 2.35619449e+00 9.36218182e-01
333 9 2.35619449e+00 9.30077817e-01
334 9 2.35619449e+00 9.33239651e-01
335 9 2.35619449e+00 9.37749052e-01
336 9 2.35619449e+00 9.37817454e-01
337 9 2.35619449e+00 9.42160523e-01
338 9 2.35619449e+00 9.51813979e-01
339 9 2.35619449e+00 9.42186515e-01
340 9 2.35619449e+00 9.42570152e-01
341 9 2.35619449e+00 9.39217649e-01
342 9 2.35619449e+00 9.55385240e-01
343 9 2.35619449e+00 9.50051904e-01
344 9 2.35619449e+00 9.36382886e-01
345 9 2.35619449e+00 9.39938261e-01
346 9 2.35619449e+00 9.48648821e-01
347 9 2.35619449e+00 9.46019545e-01
348 9 2.35619449e+00 9.39048568e-01
349 9 2.35619449e+00 9.26220990e-01
350 9 2.35619449e+00 9.43605078e-01
351 9 2.35619449e+00 9.29263168e-01
352 9 2.35619449e+00 9.42804814e-01
353 9 2.35619449e+00 9.42796985e-01
354 9 2.35619449e+00 9.47906512e-01
355 9 2.35619449e+00 9.40854457e-01
356 9 2.35619449e+00 9.49468122e-01
357 9 2.35619449e+00 9.40931931e-01
358 9 2.35619449e+00 9.45143199e-01
359 9 2.35619449e+00 9.38895119e-01
360 9 2.35619449e+00 9.44371399e-01
361 9 2.35619449e+00 9.50326324e-01
362 9 2.35619449e+00 9.42240739e-01
363 9 2.35619449e+00 9.32595829e-01
364 9 2.35619449e+00 9.27538426e-01
365 9 2.35619449e+00 9.46298385e-01
366 9 2.35619449e+00 9.60715340e-01
367 9 2.35619449e+00 9.39997236e-01
368 9 2.35619449e+00 9.38789255e-01
369 9 2.35619449e+00 9.41372552e-01
370 9 2.35619449e+00 9.36439762e-01
371 9 2.35619449e+00 9.47420046e-01
372 9 2.35619449e+00 9.52904891e-01
373 9 2.35619449e+00 9.48385761e-01
374 9 2.35619449e+00 9.32303010e-01
375 9 2.35619449e+00 9.33979350e-01
376 9 2.35619449e+00 9.49940477e-01
377 9 2.35619449e+00 9.42191734e-01
378 9 2.35619449e+00 9.40429446e-01
379 9 2.35619449e+00 9.29024320e-01
380 9 2.35619449e+00 9.42634692e-01
381 9 2.35619449e+00 9.28672042e-01
382 9 2.35619449e+00 9.40523589e-01
383 9 2.35619449e+00 9.35192718e-01
384 9 2.35619449e+00 9.50674260e-01
385 9 2.35619449e+00 9.51923697e-01
386 9 2.35619449e+00 9.30540998e-01
387 9 2.35619449e+00 9.35230667e-01
388 9 2.35619449e+00 9.33216193e-01
389 9 2.35619449e+00 9.45157908e-01
390 9 2.35619449e+00 9.30674585e-01
391 9 2.35619449e+00 9.40624978e-01
392 9 2.35619449e+00 9.44337601e-01
393 9 2.35619449e+00 9.56468404e-01
394 9 2.35619449e+00 9.40615557e-01
395 9 2.35619449e+00 9.40324364e-01
396 9 2.35619449e+00 9.51350150e-01
397 9 2.35619449e+00 9.44455408e-01
398 9 2.35619449e+00 9.57756986e-01
399 9 2.35619449e+00 9.35871356e-01
400 9 2.35619449e+00 9.35368024e-01
401 9 2.35619449e+00 9.41060975e-01
402 9 2.35619449e+00 9.32699139e-01
403 9 2.35619449e+00 9.62589277e-01
404 9 2.35619449e+00 9.48646572e-01
405 9 2.35619449e+00 9.32504064e-01
406 9 2.35619449e+00 9.30276249e-01
407 9 2.35619449e+00 9.55644044e-01
408 9 2.35619449e+00 9.15227780e-01
409 9 2.35619449e+00 9.51037657e-01
410 9 2.35619449e+00 9.41052645e-01
411 9 2.35619449e+00 9.52059296e-01
412 9 2.35619449e+00 9.29848627e-01
413 9 2.35619449e+00 9.58208423e-01
414 9 2.35619449e+00 9.40604261e-01
415 9 2.35619449e+00 9.38564302e-01
416 9 2.35619449e+00 9.44334793e-01
417 9 2.35619449e+00 9.28966961e-01
418 9 2.35619449e+00 9.39163946e-01
419 9 2.35619449e+00 9.49952389e-01
420 9 2.35619449e+00 9.26160492e-01
421 9 2.35619449e+00 9.39354657e-01
422 9 2.35619449e+00 9.23005361e-01
423 9 2.35619449e+00 9.39602489e-01
424 9 2.35619449e+00 9.44324413e-01
425 9 2.35619449e+00 9.43320940e-01
426 9 2.35619449e+00 9.28610151e-01
427 9 2.35619449e+00 9.40582687e-01
428 9 2.35619449e+00 9.46212942e-01
429 9 2.35619449e+00 9.40561405e-01
430 9 2.35619449e+00 9.41447310e-01
431 9 2.35619449e+00 9.36819143e-01
432 9 2.35619449e+00 9.33125495e-01
433 9 2.35619449e+00 9.47557520e-01
434 9 2.35619449e+00 9.39129966e-01
435 9 2.35619449e+00 9.40031327e-01
436 9 2.35619449e+00 9.47045363e-01
437 9 2.35619449e+00 9.50141423e-01
438 9 2.35619449e+00 9.34480039e-01
439 9 2.35619449e+00 9.32579389e-01
440 9 2.35619449e+00 9.34239362e-01
441 9 2.35619449e+00 9.15823301e-01
442 9 2.35619449e+00 9.46362010e-01
443 9 2.35619449e+00 9.32258460e-01
444 9 2.35619449e+00 9.48232972e-01
445 9 2.35619449e+00 9.39805692e-01
446 9 2.35619449e+00 9.46531125e-01
447 9 2.35619449e+00 9.38051240e-01
448 9 2.35619449e+00 9.50566118e-01
449 9 2.35619449e+00 9.56585470e-01
450 9 2.35619449e+00 9.51215468e-01
451 9 2.35619449e+00 9.45309099e-01
452 9 2.35619449e+00 9.48411256e-01
453 9 2.35619449e+00 9.43775142e-01
454 9 2.35619449e+00 9.46274470e-01
455 9 2.35619449e+00 9.27553771e-01
456 9 2.35619449e+00 9.29953043e-01
457 9 2.35619449e+00 9.37593193e-01
458 9 2.35619449e+00 9.38346911e-01
459 9 2.35619449e+00 9.34223265e-01
460 9 2.35619449e+00 9.32294472e-01
461 9 2.35619449e+00 9.35234856e-01
462 9 2.35619449e+00 9.36487563e-01
463 9 2.35619449e+00 9.55865829e-01
464 9 2.35619449e+00 9.35340614e-01
465 9 2.35619449e+00 9.38564065e-01
466 9 2.35619449e+00 9.28811405e-01
467 9 2.35619449e+00 9.34238556e-01
468 9 2.35619449e+00 9.32624630e-01
469 9 2.35619449e+00 9.33239228e-01
470 9 2.35619449e+00 9.46239746e-01
471 9 2.35619449e+00 9.24669127e-01
472 9 2.35619449e+00 9.37652997e-01
473 9 2.35619449e+00 9.52935914e-01
474 9 2.35619449e+00 9.52282188e-01
475 9 2.35619449e+00 9.32460251e-01
476 9 2.35619449e+00 9.26693814e-01
477 9 2.35619449e+00 9.38066250e-01
478 9 2.35619449e+00 9.39786231e-01
479 9 2.35619449e+00 9.32123404e-01
480 9 2.35619449e+00 9.28396088e-01
481 9 2.35619449e+00 9.41490328e-01
482 9 2.35619449e+00 9.36859903e-01
483 9 2.35619449e+00 9.48766637e-01
484 9 2.35619449e+00 9.29764047e-01
485 9 2.35619449e+00 9.38938718e-01
486 9 2.35619449e+00 9.35572061e-01
487 9 2.35619449e+00 9.56509657e-01
488 9 2.35619449e+00 9.38425001e-01
489 9 2.35619449e+00 9.47511314e-01
490 9 2.35619449e+00 9.30241567e-01
491 9 2.35619449e+00 9.39019818e-01
492 9 2.35619449e+00 9.43638003e-01
493 9 2.35619449e+00 9.49948077e-01
494 9 2.35619449e+00 9.34842366e-01
495 9 2.35619449e+00 9.61614768e-01
496 9 2.35619449e+00 9.41613148e-01
497 9 2.35619449e+00 9.40860155e-01
498 9 2.35619449e+00 9.31932739e-01
499 9 2.35619449e+00 9.19780937e-01
500 9 2.35619449e+00 9.40543967e-01
501 9 2.35619449e+00 9.34657289e-01
502 9 2.35619449e+00 9.52309480e-01
503 9 2.35619449e+00 9.39618758e-01
504 9 2.35619449e+00 9.29080956e-01
505 9 2.35619449e+00 9.36859480e-01
506 9 2.35619449e+00 9.44567837e-01
507 9 2.35619449e+00 9.41153841e-01
508 9 2.35619449e+00 9.25557327e-01
509 9 2.35619449e+00 9.34584831e-01
510 9 2.35619449e+00 9.51663445e-01
511 9 2.35619449e+00 9.56209812e-01
512 9 2.35619449e+00 9.36399920e-01
513 9 2.35619449e+00 9.45069562e-01
514 9 2.35619449e+00 9.33687034e-01
515 9 2.35619449e+00 9.43595648e-01
516 9 2.35619449e+00 9.35294358e-01
517 9 2.35619449e+00 9.38486424e-01
518 9 2.35619449e+00 9.50969382e-01
519 9 2.35619449e+00 9.28856891e-01
520 9 2.35619449e+00 9.37602662e-01
521 9 2.35619449e+00 9.29073502e-01
522 9 2.35619449e+00 9.44174782e-01
523 9 2.35619449e+00 9.32719940e-01
524 9 2.35619449e+00 9.36586960e-01
525 9 2.35619449e+00 9.45627411e-01
526 9 2.35619449e+00 9.37521319e-01
527 9 2.35619449e+00 9.37400161e-01
528 9 2.35619449e+00 9.35424735e-01
529 9 2.35619449e+00 9.35637148e-01
530 9 2.35619449e+00 9.30191419e-01
531 9 2.35619449e+00 9.33009047e-01
532 9 2.35619449e+00 9.38893607e-01
533 9 2.35619449e+00 9.46730703e-01
534 9 2.35619449e+00 9.42566204e-01
535 9 2.35619449e+00 9.44896705e-01
536 9 2.35619449e+00 9.52846166e-01
537 9 2.35619449e+00 9.57462394e-01
538 9 2.35619449e+00 9.44552621e-01
539 9 2.35619449e+00 9.49579213e-01
540 9 2.35619449e+00 9.44517417e-01
541 9 2.35619449e+00 9.41025228e-01
542 9 2.35619449e+00 9.46432934e-01
543 9 2.35619449e+00 9.32750643e-01
544 9 2.35619449e+00 9.33121255e-01
545 9 2.35619449e+00 9.41556048e-01
546 9 2.35619449e+00 9.46161612e-01
547 9 2.35619449e+00 9.53179488e-01
548 9 2.35619449e+00 9.44223888e-01
549 9 2.35619449e+00 9.43769772e-01
550 9 2.35619449e+00 9.46774218e-01
551 9 2.35619449e+00 9.43364624e-01
552 9 2.35619449e+00 9.43111867e-01
553 9 2.35619449e+00 9.38344112e-01
554 9 2.35619449e+00 9.25985594e-01
555 9 2.35619449e+00 9.35230476e-01
556 9 2.35619449e+00 9.23263943e-01
557 9 2.35619449e+00 9.46252341e-01
558 9 2.35619449e+00 9.47256288e-01
559 9 2.35619449e+00 9.43710141e-01
560 9 2.35619449e+00 9.46421171e-01
561 9 2.35619449e+00 9.34249762e-01
562 9 2.35619449e+00 9.40070529e-01
563 9 2.35619449e+00 9.44884633e-01
564 9 2.35619449e+00 9.46948882e-01
565 9 2.35619449e+00 9.43859492e-01
566 9 2.35619449e+00 9.34850156e-01
567 9 2.35619449e+00 9.28195882e-01
568 9 2.35619449e+00 9.43534213e-01
569 9 2.35619449e+00 9.40551898e-01
570 9 2.35619449e+00 9.36194611e-01
571 9 2.35619449e+00 9.43604978e-01
572 9 2.35619449e+00 9.31075000e-01
573 9 2.35619449e+00 9.38148663e-01
574 9 2.35619449e+00 9.27526626e-01
575 9 2.35619449e+00 9.47827298e-01
576 9 2.35619449e+00 9.33739166e-01
577 9 2.35619449e+00 9.35817163e-01
578 9 2.35619449e+00 9.23631874e-01
579 9 2.35619449e+00 9.42867506e-01
580 9 2.35619449e+00 9.39847010e-01
581 9 2.35619449e+00 9.29352662e-01
582 9 2.35619449e+00 9.41885549e-01
583 9 2.35619449e+00 9.44617580e-01
584 9 2.35619449e+00 9.38657015e-01
585 9 2.35619449e+00 9.46297338e-01
586 9 2.35619449e+00 9.40007556e-01
587 9 2.35619449e+00 9.41981837e-01
588 9 2.35619449e+00 9.25064377e-01
589 9 2.35619449e+00 9.45683153e-01
590 9 2.35619449e+00 9.32255683e-01
591 9 2.35619449e+00 9.43356235e-01
592 9 2.35619449e+00 9.38736804e-01
593 9 2.35619449e+00 9.56436937e-01
594 9 2.35619449e+00 9.34595815e-01
595 9 2.35619449e+00 9.43645300e-01
596 9 2.35619449e+00 9.52172103e-01
597 9 2.35619449e+00 9.48092579e-01
598 9 2.35619449e+00 9.46915011e-01
599 9 2.35619449e+00 9.39682544e-01
600 9 2.35619449e+00 9.42690448e-01
601 9 2.35619449e+00 9.37250496e-01
602 9 2.35619449e+00 9.36600675e-01
603 9 2.35619449e+00 9.45126624e-01
604 9 2.35619449e+00 9.39202969e-01
605 9 2.35619449e+00 9.36059068e-01
606 9 2.35619449e+00 9.34213245e-01
607 9 2.35619449e+00 9.40656307e-01
608 9 2.35619449e+00 9.47356251e-01
609 9 2.35619449e+00 9.27213368e-01
610 9 2.35619449e+00 9.34803788e-01
611 9 2.35619449e+00 9.40213119e-01
612 9 2.35619449e+00 9.41020580e-01
613 9 2.35619449e+00 9.33745831e-01
614 9 2.35619449e+00 9.40414981e-01
615 9 2.35619449e+00 9.17997437e-01
616 9 2.35619449e+00 9.40255251e-01
617 9 2.35619449e+00 9.41461438e-01
618 9 2.35619449e+00 9.39857044e-01
619 9 2.35619449e+00 9.37853070e-01
620 9 2.35619449e+00 9.40388214e-01
621 9 2.35619449e+00 9.40511304e-01
622 9 2.35619449e+00 9.33068438e-01
623 9 2.35619449e+00 9.29828946e-01
624 9 2.35619449e+00 9.47912625e-01
625 9 2.35619449e+00 9.41168157e-01
626 9 2.35619449e+00 9.44685172e-01
627 9 2.35619449e+00 9.48431465e-01
628 9 2.35619449e+00 9.33325919e-01
629 9 2.35619449e+00 9.26135726e-01
630 9 2.35619449e+00 9.45988550e-01
631 9 2.35619449e+00 9.41780196e-01
632 9 2.35619449e+00 9.47209597e-01
633 9 2.35619449e+00 9.26006757e-01
634 9 2.35619449e+00 9.43354723e-01
635 9 2.35619449e+00 9.41944568e-01
636 9 2.35619449e+00 9.27383775e-01
637 9 2.35619449e+00 9.23451177e-01
638 9 2.35619449e+00 9.38411132e-01
639 9 2.35619449e+00 9.32543548e-01
640 9 2.35619449e+00 9.46629293e-01
641 9 2.35619449e+00 9.41187718e-01
642 9 2.35619449e+00 9.35958484e-01
643 9 2.35619449e+00 9.39156325e-01
644 9 2.35619449e+00 9.56156728e-01
645 9 2.35619449e+00 9.38251731e-01
646 9 2.35619449e+00 9.27439913e-01
647 9 2.35619449e+00 9.31868101e-01
648 9 2.35619449e+00 9.42067276e-01
649 9 2.35619449e+00 9.27738095e-01
650 9 2.35619449e+00 9.35607377e-01
651 9 2.35619449e+00 9.40580372e-01
652 9 2.35619449e+00 9.37159145e-01
653 9 2.35619449e+00 9.49574930e-01
654 9 2.35619449e+00 9.28589457e-01
655 9 2.35619449e+00 9.45846341e-01
656 9 2.35619449e+00 9.40071563e-01
657 9 2.35619449e+00 9.37225778e-01
658 9 2.35619449e+00 9.46486272e-01
659 9 2.35619449e+00 9.28870672e-01
660 9 2.35619449e+00 9.36593879e-01
661 9 2.35619449e+00 9.45940182e-01
662 9 2.35619449e+00 9.34468734e-01
663 9 2.35619449e+00 9.43101001e-01
664 9 2.35619449e+00 9.45164581e-01
665 9 2.35619449e+00 9.33020301e-01
666 9 2.35619449e+00 9.43374504e-01
667 9 2.35619449e+00 9.40416021e-01
668 9 2.35619449e+00 9.42987075e-01
669 9 2.35619449e+00 9.34161161e-01
670 9 2.35619449e+00 9.59428660e-01
671 9 2.35619449e+00 9.29705242e-01
672 9 2.35619449e+00 9.36220975e-01
673 9 2.35619449e+00 9.43180794e-01
674 9 2.35619449e+00 9.29184474e-01
675 9 2.35619449e+00 9.35771762e-01
676 9 2.35619449e+00 9.45733804e-01
677 9 2.35619449e+00 9.46043445e-01
678 9 2.35619449e+00 9.41398614e-01
679 9 2.35619449e+00 9.32830598e-01
680 9 2.35619449e+00 9.36458684e-01
681 9 2.35619449e+00 9.36541536e-01
682 9 2.35619449e+00 9.38306199e-01
683 9 2.35619449e+00 9.39419705e-01
684 9 2.35619449e+00 9.43305470e-01
685 9 2.35619449e+00 9.40469071e-01
686 9 2.35619449e+00 9.51969881e-01
687 9 2.35619449e+00 9.34982639e-01
688 9 2.35619449e+00 9.31260017e-01
689 9 2.35619449e+00 9.40856915e-01
690 9 2.35619449e+00 9.39891562e-01
691 9 2.35619449e+00 9.41501065e-01
692 9 2.35619449e+00 9.30453365e-01
693 9 2.35619449e+00 9.40924311e-01
694 9 2.35619449e+00 9.39054311e-01
695 9 2.35619449e+00 9.32227935e-01
696 9 2.35619449e+00 9.46946881e-01
697 9 2.35619449e+00 9.45194842e-01
698 9 2.35619449e+00 9.32363017e-01
699 9 2.35619449e+00 9.36032907e-01
700 9 2.35619449e+00 9.45641199e-01
701 9 2.35619449e+00 9.28163858e-01
702 9 2.35619449e+00 9.36305016e-01
703 9 2.35619449e+00 9.38206428e-01
704 9 2.35619449e+00 9.34512356e-01
705 9 2.35619449e+00 9.39001925e-01
706 9 2.35619449e+00 9.49592562e-01
707 9 2.35619449e+00 9.44409680e-01
708 9 2.35619449e+00 9.54178999e-01
709 9 2.35619449e+00 9.42468527e-01
710 9 2.35619449e+00 9.36385037e-01
711 9 2.35619449e+00 9.39424169e-01
712 9 2.35619449e+00 9.41845757e-01
713 9 2.35619449e+00 9.45129466e-01
714 9 2.35619449e+00 9.30703836e-01
715 9 2.35619449e+00 9.40579915e-01
716 9 2.35619449e+00 9.42032604e-01
717 9 2.35619449e+00 9.40156751e-01
718 9 2.35619449e+00 9.27396268e-01
719 9 2.35619449e+00 9.28627216e-01
720 9 2.35619449e+00 9.32757248e-01
721 9 2.35619449e+00 9.31642100e-01
722 9 2.35619449e+00 9.41075962e-01
723 9 2.35619449e+00 9.45026948e-01
724 9 2.35619449e+00 9.29220075e-01
725 9 2.35619449e+00 9.27026771e-01
726 9 2.35619449e+00 9.48180240e-01
727 9 2.35619449e+00 9.39854329e-01
728 9 2.35619449e+00 9.42009803e-01
729 9 2.35619449e+00 9.47237084e-01
730 9 2.35619449e+00 9.30268259e-01
731 9 2.35619449e+00 9.51286744e-01
732 9 2.35619449e+00 9.30122561e-01
733 9 2.35619449e+00 9.38255629e-01
734 9 2.35619449e+00 9.40069110e-01
735 9 2.35619449e+00 9.43882702e-01
736 9 2.35619449e+00 9.38625851e-01
737 9 2.35619449e+00 9.37928134e-01
738 9 2.35619449e+00 9.46927465e-01
739 9 2.35619449e+00 9.32797587e-01
740 9 2.35619449e+00 9.43901192e-01
741 9 2.35619449e+00 9.38900398e-01
742 9 2.35619449e+00 9.38596635e-01
743 9 2.35619449e+00 9.39591700e-01
744 9 2.35619449e+00 9.37908676e-01
745 9 2.35619449e+00 9.43796104e-01
746 9 2.35619449e+00 9.30079857e-01
747 9 2.35619449e+00 9.38497418e-01
748 9 2.35619449e+00 9.38110192e-01
749 9 2.35619449e+00 9.31878266e-01
750 9 2.35619449e+00 9.38374716e-01
751 9 2.35619449e+00 9.47358684e-01
752 9 2.35619449e+00 9.56927353e-01
753 9 2.35619449e+00 9.30240261e-01
754 9 2.35619449e+00 9.40230742e-01
755 9 2.35619449e+00 9.44134451e-01
756 9 2.35619449e+00 9.39286703e-01
757 9 2.35619449e+00 9.37540241e-01
758 9 2.35619449e+00 9.36778228e-01
759 9 2.35619449e+00 9.35100596e-01
760 9 2.35619449e+00 9.42107441e-01
761 9 2.35619449e+00 9.36248118e-01
762 9 2.35619449e+00 9.47181553e-01
763 9 2.35619449e+00 9.51795344e-01
764 9 2.35619449e+00 9.59050458e-01
765 9 2.35619449e+00 9.50061989e-01
766 9 2.35619449e+00 9.35692773e-01
767 9 2.35619449e+00 9.30927056e-01
768 9 2.35619449e+00 9.53293716e-01
769 9 2.35619449e+00 9.48532779e-01
770 9 2.35619449e+00 9.42396308e-01
771 9 2.35619449e+00 9.44807715e-01
772 9 2.35619449e+00 9.35611866e-01
773 9 2.35619449e+00 9.33226814e-01
774 9 2.35619449e+00 9.38488760e-01
775 9 2.35619449e+00 9.41704911e-01
776 9 2.35619449e+00 9.47159765e-01
777 9 2.35619449e+00 9.44005991e-01
778 9 2.35619449e+00 9.45467601e-01
779 9 2.35619449e+00 9.40192053e-01
780 9 2.35619449e+00 9.42887344e-01
781 9 2.35619449e+00 9.41760546e-01
782 9 2.35619449e+00 9.38997738e-01
783 9 2.35619449e+00 9.38919845e-01
784 9 2.35619449e+00 9.61260117e-01
785 9 2.35619449e+00 9.30781742e-01
786 9 2.35619449e+00 9.34766912e-01
787 9 2.35619449e+00 9.38351861e-01
788 9 2.35619449e+00 9.33046535e-01
789 9 2.35619449e+00 9.44639730e-01
790 9 2.35619449e+00 9.29641953e-01
791 9 2.35619449e+00 9.50785193e-01
792 9 2.35619449e+00 9.37750577e-01
793 9 2.35619449e+00 9.33652589e-01
794 9 2.35619449e+00 9.41633091e-01
795 9 2.35619449e+00 9.43052461e-01
796 9 2.35619449e+00 9.44882760e-01
797 9 2.35619449e+00 9.38784318e-01
798 9 2.35619449e+00 9.41790319e-01
799 9 2.35619449e+00 9.48320697e-01
800 9 2.35619449e+00 9.46333535e-01
801 9 2.35619449e+00 9.41015968e-01
802 9 2.35619449e+00 9.31761716e-01
803 9 2.35619449e+00 9.55100133e-01
804 9 2.35619449e+00 9.40703284e-01
805 9 2.35619449e+00 9.36868389e-01
806 9 2.35619449e+00 9.33690176e-01
807 9 2.35619449e+00 9.46242609e-01
808 9 2.35619449e+00 9.41204043e-01
809 9 2.35619449e+00 9.43512855e-01
810 9 2.35619449e+00 9.25891530e-01
811 9 2.35619449e+00 9.40183230e-01
812 9 2.35619449e+00 9.41624252e-01
813 9 2.35619449e+00 9.30598594e-01
814 9 2.35619449e+00 9.28599662e-01
815 9 2.35619449e+00 9.34094888e-01
816 9 2.35619449e+00 9.45832228e-01
817 9 2.35619449e+00 9.36301165e-01
818 9 2.35619449e+00 9.34824696e-01
819 9 2.35619449e+00 9.49054339e-01
820 9 2.35619449e+00 9.35523796e-01
821 9 2.35619449e+00 9.32345989e-01
822 9 2.35619449e+00 9.45231449e-01
823 9 2.35619449e+00 9.36819984e-01
824 9 2.35619449e+00 9.31354359e-01
825 9 2.35619449e+00 9.36849681e-01
826 9 2.35619449e+00 9.46765837e-01
827 9 2.35619449e+00 9.42525388e-01
828 9 2.35619449e+00 9.60788785e-01
829 9 2.35619449e+00 9.31939128e-01
830 9 2.35619449e+00 9.51106363e-01
831 9 2.35619449e+00 9.32179007e-01
832 9 2.35619449e+00 9.37502567e-01
833 9 2.35619449e+00 9.35440826e-01
834 9 2.35619449e+00 9.45521557e-01
835 9 2.35619449e+00 9.36147168e-01
836 9 2.35619449e+00 9.34334593e-01
837 9 2.35619449e+00 9.54386934e-01
838 9 2.35619449e+00 9.36038472e-01
839 9 2.35619449e+00 9.31742756e-01
840 9 2.35619449e+00 9.32909875e-01
841 9 2.35619449e+00 9.31965728e-01
842 9 2.35619449e+00 9.31685334e-01
843 9 2.35619449e+00 9.40448166e-01
844 9 2.35619449e+00 9.56968584e-01
845 9 2.35619449e+00 9.33220879e-01
846 9 2.35619449e+00 9.24048521e-01
847 9 2.35619449e+00 9.39987023e-01
848 9 2.35619449e+00 9.36756584e-01
849 9 2.35619449e+00 9.37534484e-01
850 9 2.35619449e+00 9.36283707e-01
851 9 2.35619449e+00 9.46346874e-01
852 9 2.35619449e+00 9.59191985e-01
853 9 2.35619449e+00 9.32273372e-01
854 9 2.35619449e+00 9.33979435e-01
855 9 2.35619449e+00 9.27330061e-01
856 9 2.35619449e+00 9.43309576e-01
857 9 2.35619449e+00 9.35122709e-01
858 9 2.35619449e+00 9.44425931e-01
859 9 2.35619449e+00 9.49491474e-01
860 9 2.35619449e+00 9.35435887e-01
861 9 2.35619449e+00 9.46950387e-01
862 9 2.35619449e+00 9.44830102e-01
863 9 2.35619449e+00 9.50834409e-01
864 9 2.35619449e+00 9.45195950e-01
865 9 2.35619449e+00 9.35153029e-01
866 9 2.35619449e+00 9.40120983e-01
867 9 2.35619449e+00 9.43191649e-01
868 9 2.35619449e+00 9.42001248e-01
869 9 2.35619449e+00 9.41001440e-01
870 9 2.35619449e+00 9.37562603e-01
871 9 2.35619449e+00 9.39759005e-01
872 9 2.35619449e+00 9.34589396e-01
873 9 2.35619449e+00 9.37830045e-01
874 9 2.35619449e+00 9.43162020e-01
875 9 2.35619449e+00 9.33860598e-01
876 9 2.35619449e+00 9.30038233e-01
877 9 2.35619449e+00 9.33404895e-01
878 9 2.35619449e+00 9.29180940e-01
879 9 2.35619449e+00 9.41763061e-01
880 9 2.35619449e+00 9.47660630e-01
881 9 2.35619449e+00 9.29456491e-01
882 9 2.35619449e+00 9.25039904e-01
883 9 2.35619449e+00 9.36096419e-01
884 9 2.35619449e+00 9.43501598e-01
885 9 2.35619449e+00 9.42007536e-01
886 9 2.35619449e+00 9.27368837e-01
887 9 2.35619449e+00 9.40509022e-01
888 9 2.35619449e+00 9.46402222e-01
889 9 2.35619449e+00 9.36870966e-01
890 9 2.35619449e+00 9.49146335e-01
891 9 2.35619449e+00 9.44187960e-01
892 9 2.35619449e+00 9.52722716e-01
893 9 2.35619449e+00 9.34176316e-01
894 9 2.35619449e+00 9.31542740e-01
895 9 2.35619449e+00 9.52103516e-01
896 9 2.35619449e+00 9.36166869e-01
897 9 2.35619449e+00 9.38938090e-01
898 9 2.35619449e+00 9.44549776e-01
899 9 2.35619449e+00 9.30295221e-01
900 9 2.35619449e+00 9.40766976e-01
901 9 2.35619449e+00 9.25478332e-01
902 9 2.35619449e+00 9.34367912e-01
903 9 2.35619449e+00 9.33962442e-01
904 9 2.35619449e+00 9.32154197e-01
905 9 2.35619449e+00 9.35301991e-01
906 9 2.35619449e+00 9.46955782e-01
907 9 2.35619449e+00 9.32205489e-01
908 9 2.35619449e+00 9.43485725e-01
909 9 2.35619449e+00 9.35556599e-01
910 9 2.35619449e+00 9.49087816e-01
911 9 2.35619449e+00 9.45308414e-01
912 9 2.35619449e+00 9.31193589e-01
913 9 2.35619449e+00 9.38238765e-01
914 9 2.35619449e+00 9.34971598e-01
915 9 2.35619449e+00 9.41956209e-01
916 9 2.35619449e+00 9.32532927e-01
917 9 2.35619449e+00 9.41928639e-01
918 9 2.35619449e+00 9.36188369e-01
919 9 2.35619449e+00 9.36586871e-01
920 9 2.35619449e+00 9.44393726e-01
921 9 2.35619449e+00 9.41275185e-01
922 9 2.35619449e+00 9.32327343e-01
923 9 2.35619449e+00 9.19114553e-01
924 9 2.35619449e+00 9.35392558e-01
925 9 2.35619449e+00 9.40548669e-01
926 9 2.35619449e+00 9.43633572e-01
927 9 2.35619449e+00 9.41200159e-01
928 9 2.35619449e+00 9.24095374e-01
929 9 2.35619449e+00 9.37119848e-01
930 9 2.35619449e+00 9.37975784e-01
931 9 2.35619449e+00 9.31357404e-01
932 9 2.35619449e+00 9.36196742e-01
933 9 2.35619449e+00 9.40040334e-01
934 9 2.35619449e+00 9.49053404e-01
935 9 2.35619449e+00 9.43432519e-01
936 9 2.35619449e+00 9.38840079e-01
937 9 2.35619449e+00 9.47076717e-01
938 9 2.35619449e+00 9.27101288e-01
939 9 2.35619449e+00 9.43227223e-01
940 9 2.35619449e+00 9.32189732e-01
941 9 2.35619449e+00 9.37372258e-01
942 9 2.35619449e+00 9.45954297e-01
943 9 2.35619449e+00 9.40867642e-01
944 9 2.35619449e+00 9.47597081e-01
945 9 2.35619449e+00 9.35633841e-01
946 9 2.35619449e+00 9.41092263e-01
947 9 2.35619449e+00 9.33874249e-01
948 9 2.35619449e+00 9.38349656e-01
949 9 2.35619449e+00 9.33155070e-01
950 9 2.35619449e+00 9.42135135e-01
951 9 2.35619449e+00 9.28687583e-01
952 9 2.35619449e+00 9.34971561e-01
953 9 2.35619449e+00 9.42693335e-01
954 9 2.35619449e+00 9.39470130e-01
955 9 2.35619449e+00 9.37903368e-01
956 9 2.35619449e+00 9.41721014e-01
957 9 2.35619449e+00 9.41251807e-01
958 9 2.35619449e+00 9.33802789e-01
959 9 2.35619449e+00 9.38632240e-01
960 9 2.35619449e+00 9.44904482e-01
961 9 2.35619449e+00 9.37945170e-01
962 9 2.35619449e+00 9.37837559e-01
963 9 2.35619449e+00 9.39725896e-01
964 9 2.35619449e+00 9.49759984e-01
965 9 2.35619449e+00 9.43887296e-01
966 9 2.35619449e+00 9.48505500e-01
967 9 2.35619449e+00 9.45620229e-01
968 9 2.35619449e+00 9.50069560e-01
969 9 2.35619449e+00 9.32175742e-01
970 9 2.35619449e+00 9.35891451e-01
971 9 2.35619449e+00 9.48127355e-01
972 9 2.35619449e+00 9.34957977e-01
973 9 2.35619449e+00 9.46689791e-01
974 9 2.35619449e+00 9.45945192e-01
975 9 2.35619449e+00 9.45718341e-01
976 9 2.35619449e+00 9.36717180e-01
977 9 2.35619449e+00 9.49038368e-01
978 9 2.35619449e+00 9.25479821e-01
979 9 2.35619449e+00 9.27829778e-01
980 9 2.35619449e+00 9.40551949e-01
981 9 2.35619449e+00 9.34546811e-01
982 9 2.35619449e+00 9.41338761e-01
983 9 2.35619449e+00 9.34051595e-01
984 9 2.35619449e+00 9.39222900e-01
985 9 2.35619449e+00 9.39175278e-01
986 9 2.35619449e+00 9.27674005e-01
987 9 2.35619449e+00 9.32629664e-01
988 9 2.35619449e+00 9.39662554e-01
989 9 2.35619449e+00 9.39227558e-01
990 9 2.35619449e+00 9.41307782e-01
991 9 2.35619449e+00 9.31475393e-01
992 9 2.35619449e+00 9.30322708e-01
993 9 2.35619449e+00 9.45921418e-01
994 9 2.35619449e+00 9.35519791e-01
995 9 2.35619449e+00 9.25852726e-01
996 9 2.35619449e+00 9.36726973e-01
997 9 2.35619449e+00 9.44006150e-01
998 9 2.35619449e+00 9.40437493e-01
999 9 2.35619449e+00 9.23661634e-01
1000 9 2.35619449e+00 9.47104524e-01
1001 9 2.35619449e+00 9.35295672e-01
1002 9 2.35619449e+00 9.22850444e-01
1003 9 2.35619449e+00 9.44850597e-01
1004 9 2.35619449e+00 9.45166153e-01
1005 9 2.35619449e+00 9.34032810e-01
1006 9 2.35619449e+00 9.47157973e-01
1007 9 2.35619449e+00 9.51514720e-01
1008 9 2.35619449e+00 9.18217708e-01
1009 9 2.35619449e+00 9.41730810e-01
1010 9 2.35619449e+00 9.33494866e-01
1011 9 2.35619449e+00 9.50224173e-01
1012 9 2.35619449e+00 9.33534670e-01
