a09m310 Wilson3 pz3 0.0888fm zmax8
config z nu=p.z RpITD
0 1 5.89048623e-01 6.00485902e-02
1 1 5.89048623e-01 5.98402179e-02
2 1 5.89048623e-01 5.97837936e-02
3 1 5.89048623e-01 5.97987001e-02
4 1 5.89048623e-01 5.99463116e-02
5 1 5.89048623e-01 5.97359549e-02
6 1 5.89048623e-01 5.95958859e-02
7 1 5.89048623e-01 6.00279135e-02
8 1 5.89048623e-01 5.99725753e-02
9 1 5.89048623e-01 5.96452390e-02
10 1 5.89048623e-01 5.98420016e-02
11 1 5.89048623e-01 5.95181036e-02
12 1 5.89048623e-01 6.00886193e-02
13 1 5.89048623e-01 5.98714635e-02
14 1 5.89048623e-01 5.97864593e-02
15 1 5.89048623e-01 5.96698937e-02
16 1 5.89048623e-01 5.93170461e-02
17 1 5.89048623e-01 5.96777135e-02
18 1 5.89048623e-01 5.95866559e-02
19 1 5.89048623e-01 5.97463983e-02
20 1 5.89048623e-01 5.96415069e-02
21 1 5.89048623e-01 5.97032887e-02
22 1 5.89048623e-01 5.97606485e-02
23 1 5.89048623e-01 5.96685814e-02
24 1 5.89048623e-01 5.94992771e-02
25 1 5.89048623e-01 5.96568092e-02
26 1 5.89048623e-01 5.97863610e-02
27 1 5.89048623e-01 5.98463585e-02
28 1 5.89048623e-01 6.00262323e-02
29 1 5.89048623e-01 5.96198717e-02
30 1 5.89048623e-01 5.98447275e-02
31 1 5.89048623e-01 6.01295791e-02
32 1 5.89048623e-01 5.96387218e-02
33 1 5.89048623e-01 6.00476454e-02
34 1 5.89048623e-01 5.95542818e-02
35 1 5.89048623e-01 5.96000660e-02
36 1 5.89048623e-01 5.99324596e-02
37 1 5.89048623e-01 5.98153732e-02
38 1 5.89048623e-01 5.98181342e-02
39 1 5.89048623e-01 5.99777339e-02
40 1 5.89048623e-01 5.98834913e-02
41 1 5.89048623e-01 6.00945787e-02
42 1 5.89048623e-01 5.98006360e-02
43 1 5.89048623e-01 5.97273884e-02
44 1 5.89048623e-01 6.00738112e-02
45 1 5.89048623e-01 5.96911566e-02
46 1 5.89048623e-01 5.98301700e-02
47 1 5.89048623e-01 6.01911121e-02
48 1 5.89048623e-01 5.99891111e-02
49 1 5.89048623e-01 6.00886140e-02
50 1 5.89048623e-01 6.00849404e-02
51 1 5.89048623e-01 5.98111245e-02
52 1 5.89048623e-01 5.97864658e-02
53 1 5.89048623e-01 5.96426991e-02
54 1 5.89048623e-01 6.00142963e-02
55 1 5.89048623e-01 5.96346687e-02
56 1 5.89048623e-01 5.98139209e-02
57 1 5.89048623e-01 5.95412158e-02
58 1 5.89048623e-01 5.99401297e-02
59 1 5.89048623e-01 5.96720916e-02
60 1 5.89048623e-01 5.97646163e-02
61 1 5.89048623e-01 5.99873665e-02
62 1 5.89048623e-01 5.95179548e-02
63 1 5.89048623e-01 5.94143234e-02
64 1 5.89048623e-01 5.96986162e-02
65 1 5.89048623e-01 6.00404778e-02
66 1 5.89048623e-01 5.96031095e-02
67 1 5.89048623e-01 5.98175194e-02
68 1 5.89048623e-01 5.94580091e-02
69 1 5.89048623e-01 5.98527919e-02
70 1 5.89048623e-01 5.98518832e-02
71 1 5.89048623e-01 5.95915556e-02
72 1 5.89048623e-01 5.95714633e-02
73 1 5.89048623e-01 5.97559946e-02
74 1 5.89048623e-01 5.97935465e-02
75 1 5.89048623e-01 5.98794843e-02
76 1 5.89048623e-01 5.93894570e-02
77 1 5.89048623e-01 6.01940128e-02
78 1 5.89048623e-01 6.00073446e-02
79 1 5.89048623e-01 5.97558513e-02
80 1 5.89048623e-01 5.97817135e-02
81 1 5.89048623e-01 5.99412928e-02
82 1 5.89048623e-01 5.96985075e-02
83 1 5.89048623e-01 5.96426868e-02
84 1 5.89048623e-01 5.97457322e-02
85 1 5.89048623e-01 5.97648046e-02
86 1 5.89048623e-01 5.96385104e-02
87 1 5.89048623e-01 5.98041322e-02
88 1 5.89048623e-01 5.99674476e-02
89 1 5.89048623e-01 5.99972455e-02
90 1 5.89048623e-01 6.01884875e-02
91 1 5.89048623e-01 6.00693718e-02
92 1 5.89048623e-01 5.98606837e-02
93 1 5.89048623e-01 5.97555731e-02
94 1 5.89048623e-01 5.98497694e-02
95 1 5.89048623e-01 5.97727132e-02
96 1 5.89048623e-01 5.98441620e-02
97 1 5.89048623e-01 5.97947682e-02
98 1 5.89048623e-01 5.93242531e-02
99 1 5.89048623e-01 5.93682938e-02
100 1 5.89048623e-01 6.00457924e-02
101 1 5.89048623e-01 5.98354953e-02
102 1 5.89048623e-01 5.95638571e-02
103 1 5.89048623e-01 6.00410622e-02
104 1 5.89048623e-01 5.97121275e-02
105 1 5.89048623e-01 5.92514576e-02
106 1 5.89048623e-01 5.98946265e-02
107 1 5.89048623e-01 5.96891436e-02
108 1 5.89048623e-01 5.97776448e-02
109 1 5.89048623e-01 5.96451392e-02
110 1 5.89048623e-01 6.01211172e-02
111 1 5.89048623e-01 6.01370748e-02
112 1 5.89048623e-01 5.97724231e-02
113 1 5.89048623e-01 5.97323194e-02
114 1 5.89048623e-01 5.97378041e-02
115 1 5.89048623e-01 6.00733243e-02
116 1 5.89048623e-01 5.96412980e-02
117 1 5.89048623e-01 5.96618051e-02
118 1 5.89048623e-01 6.00966979e-02
119 1 5.89048623e-01 5.96215914e-02
120 1 5.89048623e-01 5.95168989e-02
121 1 5.89048623e-01 5.97482785e-02
122 1 5.89048623e-01 5.96834642e-02
123 1 5.89048623e-01 5.96033946e-02
124 1 5.89048623e-01 6.00102477e-02
125 1 5.89048623e-01 5.98604313e-02
126 1 5.89048623e-01 5.95704988e-02
127 1 5.89048623e-01 5.99479484e-02
128 1 5.89048623e-01 5.98159058e-02
129 1 5.89048623e-01 5.96345969e-02
130 1 5.89048623e-01 5.98680133e-02
131 1 5.89048623e-01 5.97216138e-02
132 1 5.89048623e-01 5.97830788e-02
133 1 5.89048623e-01 5.99225087e-02
134 1 5.89048623e-01 5.94697275e-02
135 1 5.89048623e-01 6.00366105e-02
136 1 5.89048623e-01 5.99058481e-02
137 1 5.89048623e-01 5.95931984e-02
138 1 5.89048623e-01 5.99439975e-02
139 1 5.89048623e-01 5.98997406e-02
140 1 5.89048623e-01 5.98742651e-02
141 1 5.89048623e-01 6.01307137e-02
142 1 5.89048623e-01 5.96239908e-02
143 1 5.89048623e-01 5.98107718e-02
144 1 5.89048623e-01 5.98927207e-02
145 1 5.89048623e-01 5.97897019e-02
146 1 5.89048623e-01 5.97148741e-02
147 1 5.89048623e-01 5.96413129e-02
148 1 5.89048623e-01 5.97608400e-02
149 1 5.89048623e-01 6.00893208e-02
150 1 5.89048623e-01 5.96928067e-02
151 1 5.89048623e-01 5.98542866e-02
152 1 5.89048623e-01 6.01119091e-02
153 1 5.89048623e-01 5.98485771e-02
154 1 5.89048623e-01 5.96438293e-02
155 1 5.89048623e-01 5.95909502e-02
156 1 5.89048623e-01 5.98456927e-02
157 1 5.89048623e-01 6.02813948e-02
158 1 5.89048623e-01 5.98555249e-02
159 1 5.89048623e-01 5.99515775e-02
160 1 5.89048623e-01 5.99520426e-02
161 1 5.89048623e-01 5.94485789e-02
162 1 5.89048623e-01 5.95601718e-02
163 1 5.89048623e-01 6.01237241e-02
164 1 5.89048623e-01 5.97558614e-02
165 1 5.89048623e-01 5.96704087e-02
166 1 5.89048623e-01 5.95794019e-02
167 1 5.89048623e-01 5.97460727e-02
168 1 5.89048623e-01 5.98297462e-02
169 1 5.89048623e-01 6.02958763e-02
170 1 5.89048623e-01 5.97950473e-02
171 1 5.89048623e-01 5.98227634e-02
172 1 5.89048623e-01 5.96011182e-02
173 1 5.89048623e-01 5.99477086e-02
174 1 5.89048623e-01 5.97140473e-02
175 1 5.89048623e-01 5.96653059e-02
176 1 5.89048623e-01 5.99619047e-02
177 1 5.89048623e-01 6.00180039e-02
178 1 5.89048623e-01 5.98698343e-02
179 1 5.89048623e-01 6.02485496e-02
180 1 5.89048623e-01 5.98044050e-02
181 1 5.89048623e-01 5.98612203e-02
182 1 5.89048623e-01 5.98887681e-02
183 1 5.89048623e-01 5.95784533e-02
184 1 5.89048623e-01 5.97327173e-02
185 1 5.89048623e-01 6.00834967e-02
186 1 5.89048623e-01 5.96835375e-02
187 1 5.89048623e-01 6.01351878e-02
188 1 5.89048623e-01 5.97746671e-02
189 1 5.89048623e-01 5.99893074e-02
190 1 5.89048623e-01 6.00604426e-02
191 1 5.89048623e-01 5.99219149e-02
192 1 5.89048623e-01 5.95743004e-02
193 1 5.89048623e-01 5.96975180e-02
194 1 5.89048623e-01 5.99127612e-02
195 1 5.89048623e-01 5.98256494e-02
196 1 5.89048623e-01 5.97080636e-02
197 1 5.89048623e-01 5.98905757e-02
198 1 5.89048623e-01 6.00377121e-02
199 1 5.89048623e-01 5.97275355e-02
200 1 5.89048623e-01 5.98247550e-02
201 1 5.89048623e-01 5.96661744e-02
202 1 5.89048623e-01 5.97191804e-02
203 1 5.89048623e-01 5.97236230e-02
204 1 5.89048623e-01 5.97961387e-02
205 1 5.89048623e-01 5.98047993e-02
206 1 5.89048623e-01 5.98106042e-02
207 1 5.89048623e-01 5.99321243e-02
208 1 5.89048623e-01 5.96948021e-02
209 1 5.89048623e-01 6.00477214e-02
210 1 5.89048623e-01 5.97657701e-02
211 1 5.89048623e-01 5.98515042e-02
212 1 5.89048623e-01 5.99117737e-02
213 1 5.89048623e-01 5.96067377e-02
214 1 5.89048623e-01 5.99003996e-02
215 1 5.89048623e-01 5.98773735e-02
216 1 5.89048623e-01 6.01083228e-02
217 1 5.89048623e-01 6.00863012e-02
218 1 5.89048623e-01 6.00356917e-02
219 1 5.89048623e-01 5.99131736e-02
220 1 5.89048623e-01 5.99326517e-02
221 1 5.89048623e-01 5.94677588e-02
222 1 5.89048623e-01 6.03581003e-02
223 1 5.89048623e-01 5.96983587e-02
224 1 5.89048623e-01 5.94854206e-02
225 1 5.89048623e-01 5.97569288e-02
226 1 5.89048623e-01 5.97407106e-02
227 1 5.89048623e-01 5.96936955e-02
228 1 5.89048623e-01 5.97767565e-02
229 1 5.89048623e-01 5.98539700e-02
230 1 5.89048623e-01 5.97427935e-02
231 1 5.89048623e-01 5.96587884e-02
232 1 5.89048623e-01 5.96576340e-02
233 1 5.89048623e-01 5.96827116e-02
234 1 5.89048623e-01 5.98446286e-02
235 1 5.89048623e-01 6.00116849e-02
236 1 5.89048623e-01 5.99181616e-02
237 1 5.89048623e-01 5.98643846e-02
238 1 5.89048623e-01 5.96563843e-02
239 1 5.89048623e-01 5.93818416e-02
240 1 5.89048623e-01 5.96175237e-02
241 1 5.89048623e-01 5.99648485e-02
242 1 5.89048623e-01 5.98004159e-02
243 1 5.89048623e-01 6.01312275e-02
244 1 5.89048623e-01 5.97015859e-02
245 1 5.89048623e-01 5.98453175e-02
246 1 5.89048623e-01 5.96574921e-02
247 1 5.89048623e-01 5.98975004e-02
248 1 5.89048623e-01 6.02263236e-02
249 1 5.89048623e-01 6.01815349e-02
250 1 5.89048623e-01 5.99263995e-02
251 1 5.89048623e-01 6.00005327e-02
252 1 5.89048623e-01 5.98646073e-02
253 1 5.89048623e-01 5.97793949e-02
254 1 5.89048623e-01 6.00634592e-02
255 1 5.89048623e-01 6.03177846e-02
256 1 5.89048623e-01 5.99089169e-02
257 1 5.89048623e-01 5.96307585e-02
258 1 5.89048623e-01 5.96247619e-02
259 1 5.89048623e-01 5.97799551e-02
260 1 5.89048623e-01 5.97340191e-02
261 1 5.89048623e-01 6.01359595e-02
262 1 5.89048623e-01 5.97004181e-02
263 1 5.89048623e-01 6.03649017e-02
264 1 5.89048623e-01 6.00041709e-02
265 1 5.89048623e-01 5.99984615e-02
266 1 5.89048623e-01 5.98681047e-02
267 1 5.89048623e-01 5.95476353e-02
268 1 5.89048623e-01 5.94020834e-02
269 1 5.89048623e-01 5.96994541e-02
270 1 5.89048623e-01 5.96497375e-02
271 1 5.89048623e-01 5.96639865e-02
272 1 5.89048623e-01 5.98261563e-02
273 1 5.89048623e-01 5.97502467e-02
274 1 5.89048623e-01 5.96741600e-02
275 1 5.89048623e-01 6.00067972e-02
276 1 5.89048623e-01 5.99267201e-02
277 1 5.89048623e-01 6.01732076e-02
278 1 5.89048623e-01 5.95760775e-02
279 1 5.89048623e-01 5.99495220e-02
280 1 5.89048623e-01 5.97942160e-02
281 1 5.89048623e-01 5.98212979e-02
282 1 5.89048623e-01 5.95800692e-02
283 1 5.89048623e-01 5.99924135e-02
284 1 5.89048623e-01 5.96170908e-02
285 1 5.89048623e-01 5.97404635e-02
286 1 5.89048623e-01 6.01378040e-02
287 1 5.89048623e-01 5.94923597e-02
288 1 5.89048623e-01 6.01470037e-02
289 1 5.89048623e-01 5.99715957e-02
290 1 5.89048623e-01 6.00119129e-02
291 1 5.89048623e-01 5.98377532e-02
292 1 5.89048623e-01 6.03033544e-02
293 1 5.89048623e-01 5.97693921e-02
294 1 5.89048623e-01 5.99240295e-02
295 1 5.89048623e-01 5.96548217e-02
296 1 5.89048623e-01 6.01901972e-02
297 1 5.89048623e-01 6.01548649e-02
298 1 5.89048623e-01 5.99619501e-02
299 1 5.89048623e-01 5.96703657e-02
300 1 5.89048623e-01 5.95565318e-02
301 1 5.89048623e-01 5.93855781e-02
302 1 5.89048623e-01 5.96614302e-02
303 1 5.89048623e-01 5.97197356e-02
304 1 5.89048623e-01 6.01168802e-02
305 1 5.89048623e-01 5.99065353e-02
306 1 5.89048623e-01 6.00510270e-02
307 1 5.89048623e-01 5.97611777e-02
308 1 5.89048623e-01 5.99672969e-02
309 1 5.89048623e-01 5.99542928e-02
310 1 5.89048623e-01 6.02973306e-02
311 1 5.89048623e-01 5.95135717e-02
312 1 5.89048623e-01 5.96597290e-02
313 1 5.89048623e-01 5.95546139e-02
314 1 5.89048623e-01 5.96995246e-02
315 1 5.89048623e-01 5.94680288e-02
316 1 5.89048623e-01 6.00587660e-02
317 1 5.89048623e-01 5.96366547e-02
318 1 5.89048623e-01 5.97991690e-02
319 1 5.89048623e-01 6.00196259e-02
320 1 5.89048623e-01 5.95206066e-02
321 1 5.89048623e-01 5.98276919e-02
322 1 5.89048623e-01 5.98899232e-02
323 1 5.89048623e-01 5.98875720e-02
324 1 5.89048623e-01 6.00370028e-02
325 1 5.89048623e-01 5.97662956e-02
326 1 5.89048623e-01 5.99957182e-02
327 1 5.89048623e-01 5.97720400e-02
328 1 5.89048623e-01 6.00151749e-02
329 1 5.89048623e-01 5.96365118e-02
330 1 5.89048623e-01 5.96189491e-02
331 1 5.89048623e-01 5.99014612e-02
332 1 5.89048623e-01 5.97379929e-02
333 1 5.89048623e-01 5.98685092e-02
334 1 5.89048623e-01 5.96894585e-02
335 1 5.89048623e-01 6.00302161e-02
336 1 5.89048623e-01 6.00383387e-02
337 1 5.89048623e-01 6.00177837e-02
338 1 5.89048623e-01 5.99128673e-02
339 1 5.89048623e-01 6.01743882e-02
340 1 5.89048623e-01 5.97322135e-02
341 1 5.89048623e-01 5.96166374e-02
342 1 5.89048623e-01 6.00860438e-02
343 1 5.89048623e-01 5.97322647e-02
344 1 5.89048623e-01 5.95252092e-02
345 1 5.89048623e-01 5.97515092e-02
346 1 5.89048623e-01 5.94252559e-02
347 1 5.89048623e-01 6.00274902e-02
348 1 5.89048623e-01 5.98745912e-02
349 1 5.89048623e-01 5.96183932e-02
350 1 5.89048623e-01 5.98134410e-02
351 1 5.89048623e-01 5.99591124e-02
352 1 5.89048623e-01 5.98324582e-02
353 1 5.89048623e-01 5.98026278e-02
354 1 5.89048623e-01 5.95756205e-02
355 1 5.89048623e-01 5.99823841e-02
356 1 5.89048623e-01 5.99967154e-02
357 1 5.89048623e-01 5.98971159e-02
358 1 5.89048623e-01 5.95854757e-02
359 1 5.89048623e-01 5.98092277e-02
360 1 5.89048623e-01 5.98062364e-02
361 1 5.89048623e-01 5.98598283e-02
362 1 5.89048623e-01 6.00754464e-02
363 1 5.89048623e-01 5.95823525e-02
364 1 5.89048623e-01 5.98892937e-02
365 1 5.89048623e-01 5.99319409e-02
366 1 5.89048623e-01 5.95533196e-02
367 1 5.89048623e-01 5.96177121e-02
368 1 5.89048623e-01 5.94281164e-02
369 1 5.89048623e-01 5.94789319e-02
370 1 5.89048623e-01 5.94518201e-02
371 1 5.89048623e-01 5.99441474e-02
372 1 5.89048623e-01 5.97926867e-02
373 1 5.89048623e-01 5.99369450e-02
374 1 5.89048623e-01 5.97791308e-02
375 1 5.89048623e-01 5.96179932e-02
376 1 5.89048623e-01 5.96908181e-02
377 1 5.89048623e-01 5.99410102e-02
378 1 5.89048623e-01 5.98952347e-02
379 1 5.89048623e-01 5.95514013e-02
380 1 5.89048623e-01 5.97070664e-02
381 1 5.89048623e-01 5.99956868e-02
382 1 5.89048623e-01 6.00184894e-02
383 1 5.89048623e-01 5.94895669e-02
384 1 5.89048623e-01 5.98394277e-02
385 1 5.89048623e-01 5.99312396e-02
386 1 5.89048623e-01 6.00906677e-02
387 1 5.89048623e-01 6.00948553e-02
388 1 5.89048623e-01 5.99932088e-02
389 1 5.89048623e-01 5.93916403e-02
390 1 5.89048623e-01 5.96049509e-02
391 1 5.89048623e-01 5.98021397e-02
392 1 5.89048623e-01 6.00587551e-02
393 1 5.89048623e-01 5.97496561e-02
394 1 5.89048623e-01 5.98230134e-02
395 1 5.89048623e-01 5.96115997e-02
396 1 5.89048623e-01 5.98270306e-02
397 1 5.89048623e-01 6.00242058e-02
398 1 5.89048623e-01 5.97944867e-02
399 1 5.89048623e-01 5.96859338e-02
400 1 5.89048623e-01 5.99440058e-02
401 1 5.89048623e-01 6.00560092e-02
402 1 5.89048623e-01 5.95744618e-02
403 1 5.89048623e-01 5.95309760e-02
404 1 5.89048623e-01 6.00915226e-02
405 1 5.89048623e-01 5.98566500e-02
406 1 5.89048623e-01 5.99060038e-02
407 1 5.89048623e-01 5.98843657e-02
408 1 5.89048623e-01 5.96018693e-02
409 1 5.89048623e-01 6.03167871e-02
410 1 5.89048623e-01 5.95630337e-02
411 1 5.89048623e-01 5.97918159e-02
412 1 5.89048623e-01 5.96149805e-02
413 1 5.89048623e-01 6.00193497e-02
414 1 5.89048623e-01 6.00475035e-02
415 1 5.89048623e-01 6.03318940e-02
416 1 5.89048623e-01 5.94894428e-02
417 1 5.89048623e-01 5.99488636e-02
418 1 5.89048623e-01 6.00627530e-02
419 1 5.89048623e-01 5.96150438e-02
420 1 5.89048623e-01 6.00288977e-02
421 1 5.89048623e-01 5.95322683e-02
422 1 5.89048623e-01 5.97853081e-02
423 1 5.89048623e-01 6.00154562e-02
424 1 5.89048623e-01 5.98156853e-02
425 1 5.89048623e-01 5.97122511e-02
426 1 5.89048623e-01 5.93574661e-02
427 1 5.89048623e-01 5.98552122e-02
428 1 5.89048623e-01 5.97991030e-02
429 1 5.89048623e-01 5.97842749e-02
430 1 5.89048623e-01 5.96979770e-02
431 1 5.89048623e-01 5.97480291e-02
432 1 5.89048623e-01 5.99049039e-02
433 1 5.89048623e-01 5.99837860e-02
434 1 5.89048623e-01 5.97572113e-02
435 1 5.89048623e-01 6.01448372e-02
436 1 5.89048623e-01 6.00463013e-02
437 1 5.89048623e-01 6.01223922e-02
438 1 5.89048623e-01 6.01941919e-02
439 1 5.89048623e-01 5.96557299e-02
440 1 5.89048623e-01 5.97122491e-02
441 1 5.89048623e-01 5.96666373e-02
442 1 5.89048623e-01 5.97886761e-02
443 1 5.89048623e-01 5.97969482e-02
444 1 5.89048623e-01 5.98717945e-02
445 1 5.89048623e-01 5.95297113e-02
446 1 5.89048623e-01 5.98441678e-02
447 1 5.89048623e-01 5.99424663e-02
448 1 5.89048623e-01 5.96701720e-02
449 1 5.89048623e-01 5.99612319e-02
450 1 5.89048623e-01 5.95284662e-02
451 1 5.89048623e-01 5.97284418e-02
452 1 5.89048623e-01 5.98231520e-02
453 1 5.89048623e-01 5.96899128e-02
454 1 5.89048623e-01 5.96859896e-02
455 1 5.89048623e-01 5.96660078e-02
456 1 5.89048623e-01 5.96698170e-02
457 1 5.89048623e-01 5.95934370e-02
458 1 5.89048623e-01 5.98870840e-02
459 1 5.89048623e-01 6.01995108e-02
460 1 5.89048623e-01 5.97081834e-02
461 1 5.89048623e-01 6.02303764e-02
462 1 5.89048623e-01 5.94383883e-02
463 1 5.89048623e-01 5.99548371e-02
464 1 5.89048623e-01 6.01986632e-02
465 1 5.89048623e-01 5.99618830e-02
466 1 5.89048623e-01 5.98686082e-02
467 1 5.89048623e-01 5.96559752e-02
468 1 5.89048623e-01 5.96351439e-02
469 1 5.89048623e-01 5.95696537e-02
470 1 5.89048623e-01 5.94351950e-02
471 1 5.89048623e-01 5.98991531e-02
472 1 5.89048623e-01 5.96883274e-02
473 1 5.89048623e-01 6.00708164e-02
474 1 5.89048623e-01 5.95574701e-02
475 1 5.89048623e-01 6.00485715e-02
476 1 5.89048623e-01 5.99579113e-02
477 1 5.89048623e-01 5.98700199e-02
478 1 5.89048623e-01 5.97985296e-02
479 1 5.89048623e-01 5.96242297e-02
480 1 5.89048623e-01 5.96786909e-02
481 1 5.89048623e-01 5.97743516e-02
482 1 5.89048623e-01 5.97882358e-02
483 1 5.89048623e-01 5.98375313e-02
484 1 5.89048623e-01 6.00768621e-02
485 1 5.89048623e-01 5.96988485e-02
486 1 5.89048623e-01 6.00233996e-02
487 1 5.89048623e-01 5.99716933e-02
488 1 5.89048623e-01 5.97968932e-02
489 1 5.89048623e-01 5.97710496e-02
490 1 5.89048623e-01 5.97388666e-02
491 1 5.89048623e-01 5.97403313e-02
492 1 5.89048623e-01 6.00338114e-02
493 1 5.89048623e-01 6.00808524e-02
494 1 5.89048623e-01 5.98772547e-02
495 1 5.89048623e-01 6.00286524e-02
496 1 5.89048623e-01 5.96850223e-02
497 1 5.89048623e-01 5.99781752e-02
498 1 5.89048623e-01 5.98525797e-02
499 1 5.89048623e-01 5.97545703e-02
500 1 5.89048623e-01 6.01035924e-02
501 1 5.89048623e-01 5.99088436e-02
502 1 5.89048623e-01 5.98524233e-02
503 1 5.89048623e-01 5.98604795e-02
504 1 5.89048623e-01 5.98750700e-02
505 1 5.89048623e-01 5.95553006e-02
506 1 5.89048623e-01 5.96824003e-02
507 1 5.89048623e-01 5.97715729e-02
508 1 5.89048623e-01 5.97671385e-02
509 1 5.89048623e-01 5.99011247e-02
510 1 5.89048623e-01 5.98992099e-02
511 1 5.89048623e-01 5.95065272e-02
512 1 5.89048623e-01 5.98431658e-02
513 1 5.89048623e-01 5.98730591e-02
514 1 5.89048623e-01 5.98344848e-02
515 1 5.89048623e-01 6.00717214e-02
516 1 5.89048623e-01 5.98664531e-02
517 1 5.89048623e-01 5.98096293e-02
518 1 5.89048623e-01 5.98689956e-02
519 1 5.89048623e-01 6.00514347e-02
520 1 5.89048623e-01 5.98280501e-02
521 1 5.89048623e-01 5.97117123e-02
522 1 5.89048623e-01 5.99208336e-02
523 1 5.89048623e-01 5.94680188e-02
524 1 5.89048623e-01 5.94596318e-02
525 1 5.89048623e-01 5.97316527e-02
526 1 5.89048623e-01 6.03838758e-02
527 1 5.89048623e-01 5.98390326e-02
528 1 5.89048623e-01 5.97025463e-02
529 1 5.89048623e-01 5.98337042e-02
530 1 5.89048623e-01 5.97157763e-02
531 1 5.89048623e-01 5.96580119e-02
532 1 5.89048623e-01 5.98246539e-02
533 1 5.89048623e-01 5.97093501e-02
534 1 5.89048623e-01 5.96087589e-02
535 1 5.89048623e-01 5.95967888e-02
536 1 5.89048623e-01 6.01292925e-02
537 1 5.89048623e-01 5.97695257e-02
538 1 5.89048623e-01 5.98887835e-02
539 1 5.89048623e-01 5.96478727e-02
540 1 5.89048623e-01 5.99646799e-02
541 1 5.89048623e-01 5.99104758e-02
542 1 5.89048623e-01 5.97110204e-02
543 1 5.89048623e-01 5.95682148e-02
544 1 5.89048623e-01 5.94435213e-02
545 1 5.89048623e-01 6.00522445e-02
546 1 5.89048623e-01 5.97137974e-02
547 1 5.89048623e-01 5.96408963e-02
548 1 5.89048623e-01 5.97026423e-02
549 1 5.89048623e-01 5.98244277e-02
550 1 5.89048623e-01 5.96576988e-02
551 1 5.89048623e-01 6.01432785e-02
552 1 5.89048623e-01 5.99307163e-02
553 1 5.89048623e-01 5.96240221e-02
554 1 5.89048623e-01 5.93541380e-02
555 1 5.89048623e-01 5.99332128e-02
556 1 5.89048623e-01 5.97338343e-02
557 1 5.89048623e-01 5.98946812e-02
558 1 5.89048623e-01 5.99701601e-02
559 1 5.89048623e-01 5.98460831e-02
560 1 5.89048623e-01 5.99321525e-02
561 1 5.89048623e-01 5.95311972e-02
562 1 5.89048623e-01 5.96877516e-02
563 1 5.89048623e-01 5.97973275e-02
564 1 5.89048623e-01 6.00334441e-02
565 1 5.89048623e-01 5.96697345e-02
566 1 5.89048623e-01 6.02912980e-02
567 1 5.89048623e-01 5.96069822e-02
568 1 5.89048623e-01 6.00962086e-02
569 1 5.89048623e-01 5.98777847e-02
570 1 5.89048623e-01 5.97098977e-02
571 1 5.89048623e-01 5.99453678e-02
572 1 5.89048623e-01 5.98644250e-02
573 1 5.89048623e-01 6.01011344e-02
574 1 5.89048623e-01 6.00359331e-02
575 1 5.89048623e-01 5.97551310e-02
576 1 5.89048623e-01 5.96788270e-02
577 1 5.89048623e-01 5.97313112e-02
578 1 5.89048623e-01 5.96785727e-02
579 1 5.89048623e-01 5.97513959e-02
580 1 5.89048623e-01 5.95082402e-02
581 1 5.89048623e-01 5.95283717e-02
582 1 5.89048623e-01 6.00477541e-02
583 1 5.89048623e-01 5.99183402e-02
584 1 5.89048623e-01 5.95322300e-02
585 1 5.89048623e-01 5.96340103e-02
586 1 5.89048623e-01 5.96595669e-02
587 1 5.89048623e-01 6.01361456e-02
588 1 5.89048623e-01 5.98993213e-02
589 1 5.89048623e-01 5.96137188e-02
590 1 5.89048623e-01 5.99266611e-02
591 1 5.89048623e-01 5.97689529e-02
592 1 5.89048623e-01 5.96674144e-02
593 1 5.89048623e-01 6.03133084e-02
594 1 5.89048623e-01 5.99913895e-02
595 1 5.89048623e-01 5.97823437e-02
596 1 5.89048623e-01 5.99588018e-02
597 1 5.89048623e-01 5.98063811e-02
598 1 5.89048623e-01 5.97386573e-02
599 1 5.89048623e-01 5.98924348e-02
600 1 5.89048623e-01 5.96527723e-02
601 1 5.89048623e-01 5.99433415e-02
602 1 5.89048623e-01 6.00998198e-02
603 1 5.89048623e-01 5.99421482e-02
604 1 5.89048623e-01 5.97839813e-02
605 1 5.89048623e-01 5.99688126e-02
606 1 5.89048623e-01 5.99162790e-02
607 1 5.89048623e-01 5.95786079e-02
608 1 5.89048623e-01 5.96518770e-02
609 1 5.89048623e-01 5.99870756e-02
610 1 5.89048623e-01 6.00175232e-02
611 1 5.89048623e-01 5.98078689e-02
612 1 5.89048623e-01 5.96257278e-02
613 1 5.89048623e-01 5.99516124e-02
614 1 5.89048623e-01 5.97194463e-02
615 1 5.89048623e-01 5.97134768e-02
616 1 5.89048623e-01 5.95481783e-02
617 1 5.89048623e-01 5.96992627e-02
618 1 5.89048623e-01 5.99258008e-02
619 1 5.89048623e-01 5.99137385e-02
620 1 5.89048623e-01 6.01077294e-02
621 1 5.89048623e-01 5.97296610e-02
622 1 5.89048623e-01 5.97474125e-02
623 1 5.89048623e-01 5.98182349e-02
624 1 5.89048623e-01 5.97196758e-02
625 1 5.89048623e-01 5.98335897e-02
626 1 5.89048623e-01 5.96880051e-02
627 1 5.89048623e-01 6.01545398e-02
628 1 5.89048623e-01 6.03000012e-02
629 1 5.89048623e-01 6.01242515e-02
630 1 5.89048623e-01 5.99006195e-02
631 1 5.89048623e-01 5.97864152e-02
632 1 5.89048623e-01 5.97083023e-02
633 1 5.89048623e-01 5.95450097e-02
634 1 5.89048623e-01 5.96456129e-02
635 1 5.89048623e-01 5.97908337e-02
636 1 5.89048623e-01 5.97447397e-02
637 1 5.89048623e-01 5.97364615e-02
638 1 5.89048623e-01 5.95068968e-02
639 1 5.89048623e-01 5.99775595e-02
640 1 5.89048623e-01 5.97671526e-02
641 1 5.89048623e-01 5.97434083e-02
642 1 5.89048623e-01 6.02635797e-02
643 1 5.89048623e-01 5.97783905e-02
644 1 5.89048623e-01 5.98290278e-02
645 1 5.89048623e-01 5.96702513e-02
646 1 5.89048623e-01 5.98009630e-02
647 1 5.89048623e-01 5.99026052e-02
648 1 5.89048623e-01 6.00396689e-02
649 1 5.89048623e-01 6.00475649e-02
650 1 5.89048623e-01 6.02569058e-02
651 1 5.89048623e-01 5.97865031e-02
652 1 5.89048623e-01 5.99040283e-02
653 1 5.89048623e-01 6.02102665e-02
654 1 5.89048623e-01 5.99573105e-02
655 1 5.89048623e-01 6.00838002e-02
656 1 5.89048623e-01 5.99429767e-02
657 1 5.89048623e-01 5.96875774e-02
658 1 5.89048623e-01 5.95529996e-02
659 1 5.89048623e-01 5.99150634e-02
660 1 5.89048623e-01 5.98209636e-02
661 1 5.89048623e-01 5.98921663e-02
662 1 5.89048623e-01 5.97396556e-02
663 1 5.89048623e-01 5.97994666e-02
664 1 5.89048623e-01 5.99115087e-02
665 1 5.89048623e-01 5.99164375e-02
666 1 5.89048623e-01 5.95849648e-02
667 1 5.89048623e-01 6.00060460e-02
668 1 5.89048623e-01 5.97470699e-02
669 1 5.89048623e-01 5.98909546e-02
670 1 5.89048623e-01 5.99224189e-02
671 1 5.89048623e-01 6.00463743e-02
672 1 5.89048623e-01 5.98546068e-02
673 1 5.89048623e-01 6.01825353e-02
674 1 5.89048623e-01 5.93769237e-02
675 1 5.89048623e-01 5.96633881e-02
676 1 5.89048623e-01 5.99932771e-02
677 1 5.89048623e-01 6.00357401e-02
678 1 5.89048623e-01 5.97974923e-02
679 1 5.89048623e-01 6.01897943e-02
680 1 5.89048623e-01 6.01665140e-02
681 1 5.89048623e-01 6.00353930e-02
682 1 5.89048623e-01 5.99798485e-02
683 1 5.89048623e-01 5.98907498e-02
684 1 5.89048623e-01 5.98612517e-02
685 1 5.89048623e-01 5.95654679e-02
686 1 5.89048623e-01 6.00508449e-02
687 1 5.89048623e-01 5.97916068e-02
688 1 5.89048623e-01 5.97317031e-02
689 1 5.89048623e-01 5.92818099e-02
690 1 5.89048623e-01 5.98689055e-02
691 1 5.89048623e-01 5.92753138e-02
692 1 5.89048623e-01 5.98924809e-02
693 1 5.89048623e-01 5.99653405e-02
694 1 5.89048623e-01 5.99350706e-02
695 1 5.89048623e-01 6.00889729e-02
696 1 5.89048623e-01 6.00558425e-02
697 1 5.89048623e-01 5.97038742e-02
698 1 5.89048623e-01 5.96116445e-02
699 1 5.89048623e-01 5.98927750e-02
700 1 5.89048623e-01 5.97111685e-02
701 1 5.89048623e-01 5.98816451e-02
702 1 5.89048623e-01 5.95569943e-02
703 1 5.89048623e-01 6.00426014e-02
704 1 5.89048623e-01 5.97629638e-02
705 1 5.89048623e-01 6.00023839e-02
706 1 5.89048623e-01 5.99754062e-02
707 1 5.89048623e-01 5.98562205e-02
708 1 5.89048623e-01 5.98992542e-02
709 1 5.89048623e-01 5.97174558e-02
710 1 5.89048623e-01 5.96717232e-02
711 1 5.89048623e-01 5.97861802e-02
712 1 5.89048623e-01 6.00611827e-02
713 1 5.89048623e-01 6.01810047e-02
714 1 5.89048623e-01 5.95421996e-02
715 1 5.89048623e-01 5.97410693e-02
716 1 5.89048623e-01 5.99313755e-02
717 1 5.89048623e-01 5.99454812e-02
718 1 5.89048623e-01 5.98360282e-02
719 1 5.89048623e-01 5.98676382e-02
720 1 5.89048623e-01 5.99695153e-02
721 1 5.89048623e-01 5.98548241e-02
722 1 5.89048623e-01 5.99671187e-02
723 1 5.89048623e-01 5.97054827e-02
724 1 5.89048623e-01 5.95415018e-02
725 1 5.89048623e-01 5.97812033e-02
726 1 5.89048623e-01 5.98913390e-02
727 1 5.89048623e-01 5.95323738e-02
728 1 5.89048623e-01 5.98802907e-02
729 1 5.89048623e-01 5.97730598e-02
730 1 5.89048623e-01 5.98801552e-02
731 1 5.89048623e-01 5.95148144e-02
732 1 5.89048623e-01 6.00875243e-02
733 1 5.89048623e-01 6.03499227e-02
734 1 5.89048623e-01 5.94406853e-02
735 1 5.89048623e-01 5.98576537e-02
736 1 5.89048623e-01 5.99764149e-02
737 1 5.89048623e-01 5.98838505e-02
738 1 5.89048623e-01 5.96715131e-02
739 1 5.89048623e-01 5.95178047e-02
740 1 5.89048623e-01 5.96596184e-02
741 1 5.89048623e-01 5.97016265e-02
742 1 5.89048623e-01 5.99049300e-02
743 1 5.89048623e-01 5.98117054e-02
744 1 5.89048623e-01 5.96900260e-02
745 1 5.89048623e-01 5.97028392e-02
746 1 5.89048623e-01 5.96800951e-02
747 1 5.89048623e-01 5.98584813e-02
748 1 5.89048623e-01 5.99531042e-02
749 1 5.89048623e-01 6.00285126e-02
750 1 5.89048623e-01 5.98580218e-02
751 1 5.89048623e-01 6.00647786e-02
752 1 5.89048623e-01 5.98868933e-02
753 1 5.89048623e-01 5.97342045e-02
754 1 5.89048623e-01 5.97680646e-02
755 1 5.89048623e-01 5.99887384e-02
756 1 5.89048623e-01 5.95280514e-02
757 1 5.89048623e-01 5.95655117e-02
758 1 5.89048623e-01 5.99104075e-02
759 1 5.89048623e-01 5.97992258e-02
760 1 5.89048623e-01 5.95508705e-02
761 1 5.89048623e-01 5.96041470e-02
762 1 5.89048623e-01 6.00773609e-02
763 1 5.89048623e-01 5.99633144e-02
764 1 5.89048623e-01 5.98141761e-02
765 1 5.89048623e-01 5.96800236e-02
766 1 5.89048623e-01 6.00168006e-02
767 1 5.89048623e-01 5.91877334e-02
768 1 5.89048623e-01 5.98730154e-02
769 1 5.89048623e-01 5.98822120e-02
770 1 5.89048623e-01 5.97249235e-02
771 1 5.89048623e-01 5.98749518e-02
772 1 5.89048623e-01 6.00316542e-02
773 1 5.89048623e-01 5.97371930e-02
774 1 5.89048623e-01 5.96988901e-02
775 1 5.89048623e-01 5.97642888e-02
776 1 5.89048623e-01 5.96564088e-02
777 1 5.89048623e-01 5.98212950e-02
778 1 5.89048623e-01 5.94571640e-02
779 1 5.89048623e-01 5.96972952e-02
780 1 5.89048623e-01 5.99701753e-02
781 1 5.89048623e-01 5.98635439e-02
782 1 5.89048623e-01 5.96086469e-02
783 1 5.89048623e-01 5.97908370e-02
784 1 5.89048623e-01 5.93698684e-02
785 1 5.89048623e-01 5.96676450e-02
786 1 5.89048623e-01 5.98401530e-02
787 1 5.89048623e-01 5.96001251e-02
788 1 5.89048623e-01 5.96111771e-02
789 1 5.89048623e-01 5.97197675e-02
790 1 5.89048623e-01 5.98215574e-02
791 1 5.89048623e-01 5.99443540e-02
792 1 5.89048623e-01 6.00152812e-02
793 1 5.89048623e-01 5.95719947e-02
794 1 5.89048623e-01 6.01379760e-02
795 1 5.89048623e-01 6.01585312e-02
796 1 5.89048623e-01 5.97581384e-02
797 1 5.89048623e-01 5.98936977e-02
798 1 5.89048623e-01 5.97134316e-02
799 1 5.89048623e-01 5.98712139e-02
800 1 5.89048623e-01 5.96352506e-02
801 1 5.89048623e-01 5.96821416e-02
802 1 5.89048623e-01 5.96493175e-02
803 1 5.89048623e-01 5.98689091e-02
804 1 5.89048623e-01 5.96800132e-02
805 1 5.89048623e-01 5.96516299e-02
806 1 5.89048623e-01 6.00601762e-02
807 1 5.89048623e-01 5.98836074e-02
808 1 5.89048623e-01 5.97696724e-02
809 1 5.89048623e-01 6.00644954e-02
810 1 5.89048623e-01 5.97505151e-02
811 1 5.89048623e-01 5.98339837e-02
812 1 5.89048623e-01 5.95485407e-02
813 1 5.89048623e-01 5.97981079e-02
814 1 5.89048623e-01 5.95603521e-02
815 1 5.89048623e-01 5.99832571e-02
816 1 5.89048623e-01 6.00335932e-02
817 1 5.89048623e-01 6.01225248e-02
818 1 5.89048623e-01 5.97251292e-02
819 1 5.89048623e-01 5.96937668e-02
820 1 5.89048623e-01 6.00122231e-02
821 1 5.89048623e-01 5.97873769e-02
822 1 5.89048623e-01 6.00497137e-02
823 1 5.89048623e-01 6.01833502e-02
824 1 5.89048623e-01 5.98387759e-02
825 1 5.89048623e-01 5.98373392e-02
826 1 5.89048623e-01 5.98816331e-02
827 1 5.89048623e-01 5.95059734e-02
828 1 5.89048623e-01 5.98548362e-02
829 1 5.89048623e-01 6.01039373e-02
830 1 5.89048623e-01 5.94951559e-02
831 1 5.89048623e-01 6.01408029e-02
832 1 5.89048623e-01 5.99656352e-02
833 1 5.89048623e-01 5.96366246e-02
834 1 5.89048623e-01 5.99668384e-02
835 1 5.89048623e-01 5.98875292e-02
836 1 5.89048623e-01 6.00617813e-02
837 1 5.89048623e-01 5.98296497e-02
838 1 5.89048623e-01 5.96711331e-02
839 1 5.89048623e-01 5.99458056e-02
840 1 5.89048623e-01 5.99126936e-02
841 1 5.89048623e-01 5.97413546e-02
842 1 5.89048623e-01 5.98027584e-02
843 1 5.89048623e-01 5.98702641e-02
844 1 5.89048623e-01 5.97633823e-02
845 1 5.89048623e-01 6.00358587e-02
846 1 5.89048623e-01 5.96307846e-02
847 1 5.89048623e-01 5.97031774e-02
848 1 5.89048623e-01 6.01020801e-02
849 1 5.89048623e-01 6.00962065e-02
850 1 5.89048623e-01 5.97243973e-02
851 1 5.89048623e-01 5.97788246e-02
852 1 5.89048623e-01 5.98893939e-02
853 1 5.89048623e-01 5.94199874e-02
854 1 5.89048623e-01 5.98729033e-02
855 1 5.89048623e-01 5.97830876e-02
856 1 5.89048623e-01 5.96693322e-02
857 1 5.89048623e-01 5.98834617e-02
858 1 5.89048623e-01 6.01129984e-02
859 1 5.89048623e-01 5.99380616e-02
860 1 5.89048623e-01 5.99790758e-02
861 1 5.89048623e-01 5.97895457e-02
862 1 5.89048623e-01 6.01017621e-02
863 1 5.89048623e-01 5.95673263e-02
864 1 5.89048623e-01 5.98983552e-02
865 1 5.89048623e-01 6.00241699e-02
866 1 5.89048623e-01 5.99680718e-02
867 1 5.89048623e-01 5.98794103e-02
868 1 5.89048623e-01 6.00197963e-02
869 1 5.89048623e-01 5.97567461e-02
870 1 5.89048623e-01 6.01045895e-02
871 1 5.89048623e-01 6.00204653e-02
872 1 5.89048623e-01 6.02477711e-02
873 1 5.89048623e-01 5.98100277e-02
874 1 5.89048623e-01 5.94507961e-02
875 1 5.89048623e-01 5.96762959e-02
876 1 5.89048623e-01 5.97604930e-02
877 1 5.89048623e-01 5.97174657e-02
878 1 5.89048623e-01 5.95532711e-02
879 1 5.89048623e-01 5.97543492e-02
880 1 5.89048623e-01 5.95002641e-02
881 1 5.89048623e-01 5.97093804e-02
882 1 5.89048623e-01 5.98830761e-02
883 1 5.89048623e-01 5.96412838e-02
884 1 5.89048623e-01 6.00308002e-02
885 1 5.89048623e-01 6.03713820e-02
886 1 5.89048623e-01 5.99439490e-02
887 1 5.89048623e-01 5.97806603e-02
888 1 5.89048623e-01 6.00847461e-02
889 1 5.89048623e-01 6.00257427e-02
890 1 5.89048623e-01 5.98086580e-02
891 1 5.89048623e-01 5.96420146e-02
892 1 5.89048623e-01 5.95865413e-02
893 1 5.89048623e-01 5.95151533e-02
894 1 5.89048623e-01 6.00853248e-02
895 1 5.89048623e-01 5.99340125e-02
896 1 5.89048623e-01 5.98614563e-02
897 1 5.89048623e-01 6.01080519e-02
898 1 5.89048623e-01 6.00051585e-02
899 1 5.89048623e-01 5.95835280e-02
900 1 5.89048623e-01 5.98642646e-02
901 1 5.89048623e-01 5.98491228e-02
902 1 5.89048623e-01 5.99361596e-02
903 1 5.89048623e-01 6.00061279e-02
904 1 5.89048623e-01 5.99235024e-02
905 1 5.89048623e-01 5.96438995e-02
906 1 5.89048623e-01 5.99800598e-02
907 1 5.89048623e-01 5.97859708e-02
908 1 5.89048623e-01 5.99309892e-02
909 1 5.89048623e-01 5.98803860e-02
910 1 5.89048623e-01 5.99751337e-02
911 1 5.89048623e-01 5.99250179e-02
912 1 5.89048623e-01 5.98452977e-02
913 1 5.89048623e-01 6.01498488e-02
914 1 5.89048623e-01 5.98605399e-02
915 1 5.89048623e-01 5.94967364e-02
916 1 5.89048623e-01 5.97558917e-02
917 1 5.89048623e-01 6.02760164e-02
918 1 5.89048623e-01 6.00757591e-02
919 1 5.89048623e-01 6.00522196e-02
920 1 5.89048623e-01 5.97388705e-02
921 1 5.89048623e-01 5.98911691e-02
922 1 5.89048623e-01 5.99241131e-02
923 1 5.89048623e-01 6.00572163e-02
924 1 5.89048623e-01 5.98757497e-02
925 1 5.89048623e-01 5.98293730e-02
926 1 5.89048623e-01 5.94962801e-02
927 1 5.89048623e-01 5.97285201e-02
928 1 5.89048623e-01 5.98845335e-02
929 1 5.89048623e-01 5.99197915e-02
930 1 5.89048623e-01 5.94679429e-02
931 1 5.89048623e-01 5.97104351e-02
932 1 5.89048623e-01 5.98035413e-02
933 1 5.89048623e-01 5.99267979e-02
934 1 5.89048623e-01 5.98553083e-02
935 1 5.89048623e-01 5.97608996e-02
936 1 5.89048623e-01 5.96498182e-02
937 1 5.89048623e-01 5.94550309e-02
938 1 5.89048623e-01 5.97274069e-02
939 1 5.89048623e-01 6.01736043e-02
940 1 5.89048623e-01 5.95605519e-02
941 1 5.89048623e-01 5.98120016e-02
942 1 5.89048623e-01 6.00928325e-02
943 1 5.89048623e-01 5.99007804e-02
944 1 5.89048623e-01 5.98508061e-02
945 1 5.89048623e-01 5.98208826e-02
946 1 5.89048623e-01 6.02367109e-02
947 1 5.89048623e-01 5.95713736e-02
948 1 5.89048623e-01 5.98271593e-02
949 1 5.89048623e-01 5.96526261e-02
950 1 5.89048623e-01 5.94061847e-02
951 1 5.89048623e-01 5.98452742e-02
952 1 5.89048623e-01 5.93938642e-02
953 1 5.89048623e-01 5.98185893e-02
954 1 5.89048623e-01 5.99242884e-02
955 1 5.89048623e-01 5.97058065e-02
956 1 5.89048623e-01 5.99883254e-02
957 1 5.89048623e-01 6.01065312e-02
958 1 5.89048623e-01 5.94398078e-02
959 1 5.89048623e-01 5.94316072e-02
960 1 5.89048623e-01 5.98883864e-02
961 1 5.89048623e-01 5.99707619e-02
962 1 5.89048623e-01 5.99306965e-02
963 1 5.89048623e-01 5.99346931e-02
964 1 5.89048623e-01 5.97742460e-02
965 1 5.89048623e-01 5.98627683e-02
966 1 5.89048623e-01 5.95246260e-02
967 1 5.89048623e-01 6.01095242e-02
968 1 5.89048623e-01 5.95186580e-02
969 1 5.89048623e-01 5.95834579e-02
970 1 5.89048623e-01 5.96377377e-02
971 1 5.89048623e-01 5.98558261e-02
972 1 5.89048623e-01 5.95346915e-02
973 1 5.89048623e-01 5.98171511e-02
974 1 5.89048623e-01 5.98908268e-02
975 1 5.89048623e-01 6.00943834e-02
976 1 5.89048623e-01 5.94155450e-02
977 1 5.89048623e-01 6.01586573e-02
978 1 5.89048623e-01 5.95947635e-02
979 1 5.89048623e-01 5.93375406e-02
980 1 5.89048623e-01 5.98187443e-02
981 1 5.89048623e-01 5.97651745e-02
982 1 5.89048623e-01 5.97446659e-02
983 1 5.89048623e-01 6.00528045e-02
984 1 5.89048623e-01 5.98577685e-02
985 1 5.89048623e-01 5.99826230e-02
986 1 5.89048623e-01 6.02128424e-02
987 1 5.89048623e-01 5.96164225e-02
988 1 5.89048623e-01 5.95663963e-02
989 1 5.89048623e-01 5.98268005e-02
990 1 5.89048623e-01 5.99002331e-02
991 1 5.89048623e-01 5.97922515e-02
992 1 5.89048623e-01 6.00026757e-02
993 1 5.89048623e-01 5.96314102e-02
994 1 5.89048623e-01 5.96792175e-02
995 1 5.89048623e-01 6.02405192e-02
996 1 5.89048623e-01 5.99451083e-02
997 1 5.89048623e-01 5.95957509e-02
998 1 5.89048623e-01 5.98614039e-02
999 1 5.89048623e-01 5.98582067e-02
1000 1 5.89048623e-01 5.98792909e-02
1001 1 5.89048623e-01 6.05557869e-02
1002 1 5.89048623e-01 5.95052222e-02
1003 1 5.89048623e-01 5.96113983e-02
1004 1 5.89048623e-01 5.98798604e-02
1005 1 5.89048623e-01 5.95810456e-02
1006 1 5.89048623e-01 5.97326414e-02
1007 1 5.89048623e-01 5.95619985e-02
1008 1 5.89048623e-01 5.99625538e-02
1009 1 5.89048623e-01 5.95731986e-02
1010 1 5.89048623e-01 5.97149305e-02
1011 1 5.89048623e-01 5.96644270e-02
1012 1 5.89048623e-01 5.96658462e-02
1013 1 5.89048623e-01 5.96845375e-02
1014 1 5.89048623e-01 5.98712058e-02
1015 1 5.89048623e-01 5.95239470e-02
1016 1 5.89048623e-01 5.99628371e-02
1017 1 5.89048623e-01 5.92199796e-02
1018 1 5.89048623e-01 5.98257777e-02
1019 1 5.89048623e-01 5.97484065e-02
1020 1 5.89048623e-01 5.97305711e-02
1021 1 5.89048623e-01 5.98538178e-02
1022 1 5.89048623e-01 5.98355069e-02
1023 1 5.89048623e-01 5.98326057e-02
1024 1 5.89048623e-01 5.95713543e-02
1025 1 5.89048623e-01 5.95918516e-02
0 2 1.17809725e+00 1.08152566e-01
1 2 1.17809725e+00 1.07737486e-01
2 2 1.17809725e+00 1.07695573e-01
3 2 1.17809725e+00 1.07715006e-01
4 2 1.17809725e+00 1.07942992e-01
5 2 1.17809725e+00 1.07530364e-01
6 2 1.17809725e+00 1.07322905e-01
7 2 1.17809725e+00 1.08104110e-01
8 2 1.17809725e+00 1.07997572e-01
9 2 1.17809725e+00 1.07417299e-01
10 2 1.17809725e+00 1.07764603e-01
11 2 1.17809725e+00 1.07198375e-01
12 2 1.17809725e+00 1.08171284e-01
13 2 1.17809725e+00 1.07886365e-01
14 2 1.17809725e+00 1.07671048e-01
15 2 1.17809725e+00 1.07432281e-01
16 2 1.17809725e+00 1.06818819e-01
17 2 1.17809725e+00 1.07455853e-01
18 2 1.17809725e+00 1.07282451e-01
19 2 1.17809725e+00 1.07589115e-01
20 2 1.17809725e+00 1.07406544e-01
21 2 1.17809725e+00 1.07493484e-01
22 2 1.17809725e+00 1.07618720e-01
23 2 1.17809725e+00 1.07444879e-01
24 2 1.17809725e+00 1.07161997e-01
25 2 1.17809725e+00 1.07428901e-01
26 2 1.17809725e+00 1.07623992e-01
27 2 1.17809725e+00 1.07799159e-01
28 2 1.17809725e+00 1.08095843e-01
29 2 1.17809725e+00 1.07368524e-01
30 2 1.17809725e+00 1.07778012e-01
31 2 1.17809725e+00 1.08267236e-01
32 2 1.17809725e+00 1.07360870e-01
33 2 1.17809725e+00 1.08127277e-01
34 2 1.17809725e+00 1.07210140e-01
35 2 1.17809725e+00 1.07299618e-01
36 2 1.17809725e+00 1.07902513e-01
37 2 1.17809725e+00 1.07702542e-01
38 2 1.17809725e+00 1.07684007e-01
39 2 1.17809725e+00 1.07977022e-01
40 2 1.17809725e+00 1.07800966e-01
41 2 1.17809725e+00 1.08193404e-01
42 2 1.17809725e+00 1.07704240e-01
43 2 1.17809725e+00 1.07491999e-01
44 2 1.17809725e+00 1.08197047e-01
45 2 1.17809725e+00 1.07490486e-01
46 2 1.17809725e+00 1.07744691e-01
47 2 1.17809725e+00 1.08418077e-01
48 2 1.17809725e+00 1.08061302e-01
49 2 1.17809725e+00 1.08194671e-01
50 2 1.17809725e+00 1.08166519e-01
51 2 1.17809725e+00 1.07726691e-01
52 2 1.17809725e+00 1.07694959e-01
53 2 1.17809725e+00 1.07451896e-01
54 2 1.17809725e+00 1.08086498e-01
55 2 1.17809725e+00 1.07403829e-01
56 2 1.17809725e+00 1.07693952e-01
57 2 1.17809725e+00 1.07213612e-01
58 2 1.17809725e+00 1.07921850e-01
59 2 1.17809725e+00 1.07438310e-01
60 2 1.17809725e+00 1.07619018e-01
61 2 1.17809725e+00 1.08011635e-01
62 2 1.17809725e+00 1.07161092e-01
63 2 1.17809725e+00 1.06973450e-01
64 2 1.17809725e+00 1.07506260e-01
65 2 1.17809725e+00 1.08130585e-01
66 2 1.17809725e+00 1.07319778e-01
67 2 1.17809725e+00 1.07679815e-01
68 2 1.17809725e+00 1.07038299e-01
69 2 1.17809725e+00 1.07771757e-01
70 2 1.17809725e+00 1.07748908e-01
71 2 1.17809725e+00 1.07272828e-01
72 2 1.17809725e+00 1.07260354e-01
73 2 1.17809725e+00 1.07604652e-01
74 2 1.17809725e+00 1.07678447e-01
75 2 1.17809725e+00 1.07807909e-01
76 2 1.17809725e+00 1.06892757e-01
77 2 1.17809725e+00 1.08356602e-01
78 2 1.17809725e+00 1.08006821e-01
79 2 1.17809725e+00 1.07606455e-01
80 2 1.17809725e+00 1.07634197e-01
81 2 1.17809725e+00 1.07946388e-01
82 2 1.17809725e+00 1.07452900e-01
83 2 1.17809725e+00 1.07402068e-01
84 2 1.17809725e+00 1.07602276e-01
85 2 1.17809725e+00 1.07612434e-01
86 2 1.17809725e+00 1.07389576e-01
87 2 1.17809725e+00 1.07719998e-01
88 2 1.17809725e+00 1.08000756e-01
89 2 1.17809725e+00 1.08024619e-01
90 2 1.17809725e+00 1.08377812e-01
91 2 1.17809725e+00 1.08141015e-01
92 2 1.17809725e+00 1.07783751e-01
93 2 1.17809725e+00 1.07612650e-01
94 2 1.17809725e+00 1.07774692e-01
95 2 1.17809725e+00 1.07622126e-01
96 2 1.17809725e+00 1.07742998e-01
97 2 1.17809725e+00 1.07672099e-01
98 2 1.17809725e+00 1.06825944e-01
99 2 1.17809725e+00 1.06925300e-01
100 2 1.17809725e+00 1.08090674e-01
101 2 1.17809725e+00 1.07738224e-01
102 2 1.17809725e+00 1.07259776e-01
103 2 1.17809725e+00 1.08138706e-01
104 2 1.17809725e+00 1.07520393e-01
105 2 1.17809725e+00 1.06640750e-01
106 2 1.17809725e+00 1.07819536e-01
107 2 1.17809725e+00 1.07481825e-01
108 2 1.17809725e+00 1.07671670e-01
109 2 1.17809725e+00 1.07372391e-01
110 2 1.17809725e+00 1.08273158e-01
111 2 1.17809725e+00 1.08281716e-01
112 2 1.17809725e+00 1.07641274e-01
113 2 1.17809725e+00 1.07571266e-01
114 2 1.17809725e+00 1.07597016e-01
115 2 1.17809725e+00 1.08201493e-01
116 2 1.17809725e+00 1.07414706e-01
117 2 1.17809725e+00 1.07397624e-01
118 2 1.17809725e+00 1.08226448e-01
119 2 1.17809725e+00 1.07328964e-01
120 2 1.17809725e+00 1.07179142e-01
121 2 1.17809725e+00 1.07621288e-01
122 2 1.17809725e+00 1.07462255e-01
123 2 1.17809725e+00 1.07319755e-01
124 2 1.17809725e+00 1.08080308e-01
125 2 1.17809725e+00 1.07758225e-01
126 2 1.17809725e+00 1.07275470e-01
127 2 1.17809725e+00 1.07981657e-01
128 2 1.17809725e+00 1.07719161e-01
129 2 1.17809725e+00 1.07404216e-01
130 2 1.17809725e+00 1.07843646e-01
131 2 1.17809725e+00 1.07558559e-01
132 2 1.17809725e+00 1.07622469e-01
133 2 1.17809725e+00 1.07898336e-01
134 2 1.17809725e+00 1.07054106e-01
135 2 1.17809725e+00 1.08120079e-01
136 2 1.17809725e+00 1.07847213e-01
137 2 1.17809725e+00 1.07310677e-01
138 2 1.17809725e+00 1.07951337e-01
139 2 1.17809725e+00 1.07846135e-01
140 2 1.17809725e+00 1.07826492e-01
141 2 1.17809725e+00 1.08250279e-01
142 2 1.17809725e+00 1.07374503e-01
143 2 1.17809725e+00 1.07691791e-01
144 2 1.17809725e+00 1.07879120e-01
145 2 1.17809725e+00 1.07647831e-01
146 2 1.17809725e+00 1.07539263e-01
147 2 1.17809725e+00 1.07363548e-01
148 2 1.17809725e+00 1.07612457e-01
149 2 1.17809725e+00 1.08214476e-01
150 2 1.17809725e+00 1.07494086e-01
151 2 1.17809725e+00 1.07783079e-01
152 2 1.17809725e+00 1.08260833e-01
153 2 1.17809725e+00 1.07737948e-01
154 2 1.17809725e+00 1.07385907e-01
155 2 1.17809725e+00 1.07304678e-01
156 2 1.17809725e+00 1.07763963e-01
157 2 1.17809725e+00 1.08584854e-01
158 2 1.17809725e+00 1.07766931e-01
159 2 1.17809725e+00 1.08009182e-01
160 2 1.17809725e+00 1.07913907e-01
161 2 1.17809725e+00 1.07067851e-01
162 2 1.17809725e+00 1.07240665e-01
163 2 1.17809725e+00 1.08299532e-01
164 2 1.17809725e+00 1.07592534e-01
165 2 1.17809725e+00 1.07423208e-01
166 2 1.17809725e+00 1.07248937e-01
167 2 1.17809725e+00 1.07586271e-01
168 2 1.17809725e+00 1.07744527e-01
169 2 1.17809725e+00 1.08592569e-01
170 2 1.17809725e+00 1.07673741e-01
171 2 1.17809725e+00 1.07725610e-01
172 2 1.17809725e+00 1.07335471e-01
173 2 1.17809725e+00 1.07985735e-01
174 2 1.17809725e+00 1.07514641e-01
175 2 1.17809725e+00 1.07416151e-01
176 2 1.17809725e+00 1.07995894e-01
177 2 1.17809725e+00 1.08084126e-01
178 2 1.17809725e+00 1.07831475e-01
179 2 1.17809725e+00 1.08455255e-01
180 2 1.17809725e+00 1.07671171e-01
181 2 1.17809725e+00 1.07775421e-01
182 2 1.17809725e+00 1.07805962e-01
183 2 1.17809725e+00 1.07291868e-01
184 2 1.17809725e+00 1.07558584e-01
185 2 1.17809725e+00 1.08209784e-01
186 2 1.17809725e+00 1.07481257e-01
187 2 1.17809725e+00 1.08292385e-01
188 2 1.17809725e+00 1.07611350e-01
189 2 1.17809725e+00 1.08032750e-01
190 2 1.17809725e+00 1.08174683e-01
191 2 1.17809725e+00 1.07875188e-01
192 2 1.17809725e+00 1.07259639e-01
193 2 1.17809725e+00 1.07492704e-01
194 2 1.17809725e+00 1.07882716e-01
195 2 1.17809725e+00 1.07721845e-01
196 2 1.17809725e+00 1.07484080e-01
197 2 1.17809725e+00 1.07823514e-01
198 2 1.17809725e+00 1.08133556e-01
199 2 1.17809725e+00 1.07548363e-01
200 2 1.17809725e+00 1.07723193e-01
201 2 1.17809725e+00 1.07402741e-01
202 2 1.17809725e+00 1.07496917e-01
203 2 1.17809725e+00 1.07532809e-01
204 2 1.17809725e+00 1.07675602e-01
205 2 1.17809725e+00 1.07676696e-01
206 2 1.17809725e+00 1.07704970e-01
207 2 1.17809725e+00 1.07884544e-01
208 2 1.17809725e+00 1.07513905e-01
209 2 1.17809725e+00 1.08148754e-01
210 2 1.17809725e+00 1.07607148e-01
211 2 1.17809725e+00 1.07765494e-01
212 2 1.17809725e+00 1.07898963e-01
213 2 1.17809725e+00 1.07328369e-01
214 2 1.17809725e+00 1.07852710e-01
215 2 1.17809725e+00 1.07783221e-01
216 2 1.17809725e+00 1.08232883e-01
217 2 1.17809725e+00 1.08164213e-01
218 2 1.17809725e+00 1.08109758e-01
219 2 1.17809725e+00 1.07860085e-01
220 2 1.17809725e+00 1.07951098e-01
221 2 1.17809725e+00 1.07066079e-01
222 2 1.17809725e+00 1.08719756e-01
223 2 1.17809725e+00 1.07511440e-01
224 2 1.17809725e+00 1.07103205e-01
225 2 1.17809725e+00 1.07628293e-01
226 2 1.17809725e+00 1.07543671e-01
227 2 1.17809725e+00 1.07500554e-01
228 2 1.17809725e+00 1.07636149e-01
229 2 1.17809725e+00 1.07818372e-01
230 2 1.17809725e+00 1.07559862e-01
231 2 1.17809725e+00 1.07418058e-01
232 2 1.17809725e+00 1.07418075e-01
233 2 1.17809725e+00 1.07483137e-01
234 2 1.17809725e+00 1.07752272e-01
235 2 1.17809725e+00 1.08088127e-01
236 2 1.17809725e+00 1.07904782e-01
237 2 1.17809725e+00 1.07760485e-01
238 2 1.17809725e+00 1.07429660e-01
239 2 1.17809725e+00 1.06918096e-01
240 2 1.17809725e+00 1.07353429e-01
241 2 1.17809725e+00 1.07964865e-01
242 2 1.17809725e+00 1.07638515e-01
243 2 1.17809725e+00 1.08290914e-01
244 2 1.17809725e+00 1.07486404e-01
245 2 1.17809725e+00 1.07773512e-01
246 2 1.17809725e+00 1.07406527e-01
247 2 1.17809725e+00 1.07852932e-01
248 2 1.17809725e+00 1.08475504e-01
249 2 1.17809725e+00 1.08342444e-01
250 2 1.17809725e+00 1.07900754e-01
251 2 1.17809725e+00 1.08078406e-01
252 2 1.17809725e+00 1.07830591e-01
253 2 1.17809725e+00 1.07611486e-01
254 2 1.17809725e+00 1.08136512e-01
255 2 1.17809725e+00 1.08621194e-01
256 2 1.17809725e+00 1.07863470e-01
257 2 1.17809725e+00 1.07335448e-01
258 2 1.17809725e+00 1.07320314e-01
259 2 1.17809725e+00 1.07643599e-01
260 2 1.17809725e+00 1.07563729e-01
261 2 1.17809725e+00 1.08328044e-01
262 2 1.17809725e+00 1.07502178e-01
263 2 1.17809725e+00 1.08734661e-01
264 2 1.17809725e+00 1.08108688e-01
265 2 1.17809725e+00 1.08063076e-01
266 2 1.17809725e+00 1.07773997e-01
267 2 1.17809725e+00 1.07222606e-01
268 2 1.17809725e+00 1.06970643e-01
269 2 1.17809725e+00 1.07481115e-01
270 2 1.17809725e+00 1.07426237e-01
271 2 1.17809725e+00 1.07438410e-01
272 2 1.17809725e+00 1.07718773e-01
273 2 1.17809725e+00 1.07553635e-01
274 2 1.17809725e+00 1.07447465e-01
275 2 1.17809725e+00 1.08067394e-01
276 2 1.17809725e+00 1.07894802e-01
277 2 1.17809725e+00 1.08365191e-01
278 2 1.17809725e+00 1.07244903e-01
279 2 1.17809725e+00 1.07939073e-01
280 2 1.17809725e+00 1.07671716e-01
281 2 1.17809725e+00 1.07710421e-01
282 2 1.17809725e+00 1.07235867e-01
283 2 1.17809725e+00 1.07981327e-01
284 2 1.17809725e+00 1.07347415e-01
285 2 1.17809725e+00 1.07586350e-01
286 2 1.17809725e+00 1.08311424e-01
287 2 1.17809725e+00 1.07106752e-01
288 2 1.17809725e+00 1.08313506e-01
289 2 1.17809725e+00 1.07990481e-01
290 2 1.17809725e+00 1.08078972e-01
291 2 1.17809725e+00 1.07747226e-01
292 2 1.17809725e+00 1.08643392e-01
293 2 1.17809725e+00 1.07625722e-01
294 2 1.17809725e+00 1.07900852e-01
295 2 1.17809725e+00 1.07383351e-01
296 2 1.17809725e+00 1.08396198e-01
297 2 1.17809725e+00 1.08337013e-01
298 2 1.17809725e+00 1.07973270e-01
299 2 1.17809725e+00 1.07449471e-01
300 2 1.17809725e+00 1.07239690e-01
301 2 1.17809725e+00 1.06896280e-01
302 2 1.17809725e+00 1.07387288e-01
303 2 1.17809725e+00 1.07506803e-01
304 2 1.17809725e+00 1.08259662e-01
305 2 1.17809725e+00 1.07877997e-01
306 2 1.17809725e+00 1.08143824e-01
307 2 1.17809725e+00 1.07579106e-01
308 2 1.17809725e+00 1.07934300e-01
309 2 1.17809725e+00 1.07965635e-01
310 2 1.17809725e+00 1.08580964e-01
311 2 1.17809725e+00 1.07204678e-01
312 2 1.17809725e+00 1.07462718e-01
313 2 1.17809725e+00 1.07213860e-01
314 2 1.17809725e+00 1.07507688e-01
315 2 1.17809725e+00 1.07046230e-01
316 2 1.17809725e+00 1.08154717e-01
317 2 1.17809725e+00 1.07367142e-01
318 2 1.17809725e+00 1.07654654e-01
319 2 1.17809725e+00 1.08085520e-01
320 2 1.17809725e+00 1.07165288e-01
321 2 1.17809725e+00 1.07713880e-01
322 2 1.17809725e+00 1.07862977e-01
323 2 1.17809725e+00 1.07846956e-01
324 2 1.17809725e+00 1.08128262e-01
325 2 1.17809725e+00 1.07609767e-01
326 2 1.17809725e+00 1.08021939e-01
327 2 1.17809725e+00 1.07666800e-01
328 2 1.17809725e+00 1.08043938e-01
329 2 1.17809725e+00 1.07331184e-01
330 2 1.17809725e+00 1.07351678e-01
331 2 1.17809725e+00 1.07854370e-01
332 2 1.17809725e+00 1.07562272e-01
333 2 1.17809725e+00 1.07817782e-01
334 2 1.17809725e+00 1.07455732e-01
335 2 1.17809725e+00 1.08117119e-01
336 2 1.17809725e+00 1.08118526e-01
337 2 1.17809725e+00 1.08077698e-01
338 2 1.17809725e+00 1.07876214e-01
339 2 1.17809725e+00 1.08387822e-01
340 2 1.17809725e+00 1.07583416e-01
341 2 1.17809725e+00 1.07334081e-01
342 2 1.17809725e+00 1.08193021e-01
343 2 1.17809725e+00 1.07536886e-01
344 2 1.17809725e+00 1.07157698e-01
345 2 1.17809725e+00 1.07612569e-01
346 2 1.17809725e+00 1.06984907e-01
347 2 1.17809725e+00 1.08081689e-01
348 2 1.17809725e+00 1.07797539e-01
349 2 1.17809725e+00 1.07327054e-01
350 2 1.17809725e+00 1.07680343e-01
351 2 1.17809725e+00 1.07974841e-01
352 2 1.17809725e+00 1.07708028e-01
353 2 1.17809725e+00 1.07723001e-01
354 2 1.17809725e+00 1.07285778e-01
355 2 1.17809725e+00 1.08043438e-01
356 2 1.17809725e+00 1.08010730e-01
357 2 1.17809725e+00 1.07844743e-01
358 2 1.17809725e+00 1.07307320e-01
359 2 1.17809725e+00 1.07713613e-01
360 2 1.17809725e+00 1.07688214e-01
361 2 1.17809725e+00 1.07773727e-01
362 2 1.17809725e+00 1.08207931e-01
363 2 1.17809725e+00 1.07281225e-01
364 2 1.17809725e+00 1.07858693e-01
365 2 1.17809725e+00 1.07941064e-01
366 2 1.17809725e+00 1.07230514e-01
367 2 1.17809725e+00 1.07323504e-01
368 2 1.17809725e+00 1.07001826e-01
369 2 1.17809725e+00 1.07076176e-01
370 2 1.17809725e+00 1.07064802e-01
371 2 1.17809725e+00 1.07894045e-01
372 2 1.17809725e+00 1.07658845e-01
373 2 1.17809725e+00 1.07925850e-01
374 2 1.17809725e+00 1.07681474e-01
375 2 1.17809725e+00 1.07337908e-01
376 2 1.17809725e+00 1.07469293e-01
377 2 1.17809725e+00 1.07936384e-01
378 2 1.17809725e+00 1.07830644e-01
379 2 1.17809725e+00 1.07238373e-01
380 2 1.17809725e+00 1.07529201e-01
381 2 1.17809725e+00 1.08060721e-01
382 2 1.17809725e+00 1.08082484e-01
383 2 1.17809725e+00 1.07066137e-01
384 2 1.17809725e+00 1.07696225e-01
385 2 1.17809725e+00 1.07914928e-01
386 2 1.17809725e+00 1.08216118e-01
387 2 1.17809725e+00 1.08242282e-01
388 2 1.17809725e+00 1.08062502e-01
389 2 1.17809725e+00 1.06945080e-01
390 2 1.17809725e+00 1.07308015e-01
391 2 1.17809725e+00 1.07669933e-01
392 2 1.17809725e+00 1.08112001e-01
393 2 1.17809725e+00 1.07558708e-01
394 2 1.17809725e+00 1.07693976e-01
395 2 1.17809725e+00 1.07326646e-01
396 2 1.17809725e+00 1.07718968e-01
397 2 1.17809725e+00 1.08139458e-01
398 2 1.17809725e+00 1.07655278e-01
399 2 1.17809725e+00 1.07483221e-01
400 2 1.17809725e+00 1.07953742e-01
401 2 1.17809725e+00 1.08157162e-01
402 2 1.17809725e+00 1.07267614e-01
403 2 1.17809725e+00 1.07131452e-01
404 2 1.17809725e+00 1.08211807e-01
405 2 1.17809725e+00 1.07799004e-01
406 2 1.17809725e+00 1.07868111e-01
407 2 1.17809725e+00 1.07827450e-01
408 2 1.17809725e+00 1.07350643e-01
409 2 1.17809725e+00 1.08611027e-01
410 2 1.17809725e+00 1.07238645e-01
411 2 1.17809725e+00 1.07645895e-01
412 2 1.17809725e+00 1.07313734e-01
413 2 1.17809725e+00 1.08059411e-01
414 2 1.17809725e+00 1.08139261e-01
415 2 1.17809725e+00 1.08619733e-01
416 2 1.17809725e+00 1.07158994e-01
417 2 1.17809725e+00 1.07932197e-01
418 2 1.17809725e+00 1.08200968e-01
419 2 1.17809725e+00 1.07337712e-01
420 2 1.17809725e+00 1.08077314e-01
421 2 1.17809725e+00 1.07194964e-01
422 2 1.17809725e+00 1.07628871e-01
423 2 1.17809725e+00 1.08075881e-01
424 2 1.17809725e+00 1.07672005e-01
425 2 1.17809725e+00 1.07503273e-01
426 2 1.17809725e+00 1.06852454e-01
427 2 1.17809725e+00 1.07740152e-01
428 2 1.17809725e+00 1.07722170e-01
429 2 1.17809725e+00 1.07636861e-01
430 2 1.17809725e+00 1.07518885e-01
431 2 1.17809725e+00 1.07567142e-01
432 2 1.17809725e+00 1.07864862e-01
433 2 1.17809725e+00 1.08029560e-01
434 2 1.17809725e+00 1.07600850e-01
435 2 1.17809725e+00 1.08321575e-01
436 2 1.17809725e+00 1.08120614e-01
437 2 1.17809725e+00 1.08294631e-01
438 2 1.17809725e+00 1.08391828e-01
439 2 1.17809725e+00 1.07430623e-01
440 2 1.17809725e+00 1.07490040e-01
441 2 1.17809725e+00 1.07428250e-01
442 2 1.17809725e+00 1.07614740e-01
443 2 1.17809725e+00 1.07680126e-01
444 2 1.17809725e+00 1.07828860e-01
445 2 1.17809725e+00 1.07151262e-01
446 2 1.17809725e+00 1.07780595e-01
447 2 1.17809725e+00 1.07940334e-01
448 2 1.17809725e+00 1.07439959e-01
449 2 1.17809725e+00 1.07967936e-01
450 2 1.17809725e+00 1.07184754e-01
451 2 1.17809725e+00 1.07516725e-01
452 2 1.17809725e+00 1.07694440e-01
453 2 1.17809725e+00 1.07469077e-01
454 2 1.17809725e+00 1.07458554e-01
455 2 1.17809725e+00 1.07409325e-01
456 2 1.17809725e+00 1.07452522e-01
457 2 1.17809725e+00 1.07298080e-01
458 2 1.17809725e+00 1.07822771e-01
459 2 1.17809725e+00 1.08396759e-01
460 2 1.17809725e+00 1.07510477e-01
461 2 1.17809725e+00 1.08450041e-01
462 2 1.17809725e+00 1.07007996e-01
463 2 1.17809725e+00 1.07986640e-01
464 2 1.17809725e+00 1.08358313e-01
465 2 1.17809725e+00 1.07970496e-01
466 2 1.17809725e+00 1.07811642e-01
467 2 1.17809725e+00 1.07398897e-01
468 2 1.17809725e+00 1.07379393e-01
469 2 1.17809725e+00 1.07265619e-01
470 2 1.17809725e+00 1.06998858e-01
471 2 1.17809725e+00 1.07846220e-01
472 2 1.17809725e+00 1.07492903e-01
473 2 1.17809725e+00 1.08165649e-01
474 2 1.17809725e+00 1.07253022e-01
475 2 1.17809725e+00 1.08132612e-01
476 2 1.17809725e+00 1.07974281e-01
477 2 1.17809725e+00 1.07793461e-01
478 2 1.17809725e+00 1.07624136e-01
479 2 1.17809725e+00 1.07296875e-01
480 2 1.17809725e+00 1.07505400e-01
481 2 1.17809725e+00 1.07679555e-01
482 2 1.17809725e+00 1.07624643e-01
483 2 1.17809725e+00 1.07754254e-01
484 2 1.17809725e+00 1.08224582e-01
485 2 1.17809725e+00 1.07527098e-01
486 2 1.17809725e+00 1.08089456e-01
487 2 1.17809725e+00 1.07981454e-01
488 2 1.17809725e+00 1.07694325e-01
489 2 1.17809725e+00 1.07657680e-01
490 2 1.17809725e+00 1.07591737e-01
491 2 1.17809725e+00 1.07577927e-01
492 2 1.17809725e+00 1.08101740e-01
493 2 1.17809725e+00 1.08192796e-01
494 2 1.17809725e+00 1.07842573e-01
495 2 1.17809725e+00 1.08056253e-01
496 2 1.17809725e+00 1.07446639e-01
497 2 1.17809725e+00 1.07995361e-01
498 2 1.17809725e+00 1.07767387e-01
499 2 1.17809725e+00 1.07632317e-01
500 2 1.17809725e+00 1.08243019e-01
501 2 1.17809725e+00 1.07883420e-01
502 2 1.17809725e+00 1.07734299e-01
503 2 1.17809725e+00 1.07798546e-01
504 2 1.17809725e+00 1.07828254e-01
505 2 1.17809725e+00 1.07261552e-01
506 2 1.17809725e+00 1.07451308e-01
507 2 1.17809725e+00 1.07633154e-01
508 2 1.17809725e+00 1.07603584e-01
509 2 1.17809725e+00 1.07849104e-01
510 2 1.17809725e+00 1.07821396e-01
511 2 1.17809725e+00 1.07166636e-01
512 2 1.17809725e+00 1.07768109e-01
513 2 1.17809725e+00 1.07815069e-01
514 2 1.17809725e+00 1.07713106e-01
515 2 1.17809725e+00 1.08169983e-01
516 2 1.17809725e+00 1.07780887e-01
517 2 1.17809725e+00 1.07688948e-01
518 2 1.17809725e+00 1.07779182e-01
519 2 1.17809725e+00 1.08111166e-01
520 2 1.17809725e+00 1.07725246e-01
521 2 1.17809725e+00 1.07512997e-01
522 2 1.17809725e+00 1.07908249e-01
523 2 1.17809725e+00 1.07048361e-01
524 2 1.17809725e+00 1.07074770e-01
525 2 1.17809725e+00 1.07568138e-01
526 2 1.17809725e+00 1.08754138e-01
527 2 1.17809725e+00 1.07756170e-01
528 2 1.17809725e+00 1.07508155e-01
529 2 1.17809725e+00 1.07728781e-01
530 2 1.17809725e+00 1.07517055e-01
531 2 1.17809725e+00 1.07401537e-01
532 2 1.17809725e+00 1.07758652e-01
533 2 1.17809725e+00 1.07538862e-01
534 2 1.17809725e+00 1.07330905e-01
535 2 1.17809725e+00 1.07264654e-01
536 2 1.17809725e+00 1.08333599e-01
537 2 1.17809725e+00 1.07601825e-01
538 2 1.17809725e+00 1.07852839e-01
539 2 1.17809725e+00 1.07405627e-01
540 2 1.17809725e+00 1.08039178e-01
541 2 1.17809725e+00 1.07887702e-01
542 2 1.17809725e+00 1.07507600e-01
543 2 1.17809725e+00 1.07233500e-01
544 2 1.17809725e+00 1.07030355e-01
545 2 1.17809725e+00 1.08145320e-01
546 2 1.17809725e+00 1.07550751e-01
547 2 1.17809725e+00 1.07398090e-01
548 2 1.17809725e+00 1.07508365e-01
549 2 1.17809725e+00 1.07768208e-01
550 2 1.17809725e+00 1.07431677e-01
551 2 1.17809725e+00 1.08348621e-01
552 2 1.17809725e+00 1.07924415e-01
553 2 1.17809725e+00 1.07365038e-01
554 2 1.17809725e+00 1.06860638e-01
555 2 1.17809725e+00 1.07933697e-01
556 2 1.17809725e+00 1.07580731e-01
557 2 1.17809725e+00 1.07835874e-01
558 2 1.17809725e+00 1.07981463e-01
559 2 1.17809725e+00 1.07784252e-01
560 2 1.17809725e+00 1.07928606e-01
561 2 1.17809725e+00 1.07171780e-01
562 2 1.17809725e+00 1.07461790e-01
563 2 1.17809725e+00 1.07680659e-01
564 2 1.17809725e+00 1.08053955e-01
565 2 1.17809725e+00 1.07420537e-01
566 2 1.17809725e+00 1.08595119e-01
567 2 1.17809725e+00 1.07344653e-01
568 2 1.17809725e+00 1.08207564e-01
569 2 1.17809725e+00 1.07827874e-01
570 2 1.17809725e+00 1.07505823e-01
571 2 1.17809725e+00 1.07957446e-01
572 2 1.17809725e+00 1.07722565e-01
573 2 1.17809725e+00 1.08207623e-01
574 2 1.17809725e+00 1.08120112e-01
575 2 1.17809725e+00 1.07602974e-01
576 2 1.17809725e+00 1.07429702e-01
577 2 1.17809725e+00 1.07545262e-01
578 2 1.17809725e+00 1.07436695e-01
579 2 1.17809725e+00 1.07566580e-01
580 2 1.17809725e+00 1.07138074e-01
581 2 1.17809725e+00 1.07121022e-01
582 2 1.17809725e+00 1.08148463e-01
583 2 1.17809725e+00 1.07913135e-01
584 2 1.17809725e+00 1.07192575e-01
585 2 1.17809725e+00 1.07402002e-01
586 2 1.17809725e+00 1.07419168e-01
587 2 1.17809725e+00 1.08282094e-01
588 2 1.17809725e+00 1.07875380e-01
589 2 1.17809725e+00 1.07296828e-01
590 2 1.17809725e+00 1.07919341e-01
591 2 1.17809725e+00 1.07576920e-01
592 2 1.17809725e+00 1.07443076e-01
593 2 1.17809725e+00 1.08614616e-01
594 2 1.17809725e+00 1.07979994e-01
595 2 1.17809725e+00 1.07638347e-01
596 2 1.17809725e+00 1.07966085e-01
597 2 1.17809725e+00 1.07718003e-01
598 2 1.17809725e+00 1.07578462e-01
599 2 1.17809725e+00 1.07862592e-01
600 2 1.17809725e+00 1.07386799e-01
601 2 1.17809725e+00 1.07919602e-01
602 2 1.17809725e+00 1.08196449e-01
603 2 1.17809725e+00 1.07936809e-01
604 2 1.17809725e+00 1.07671031e-01
605 2 1.17809725e+00 1.07996450e-01
606 2 1.17809725e+00 1.07930890e-01
607 2 1.17809725e+00 1.07245452e-01
608 2 1.17809725e+00 1.07382013e-01
609 2 1.17809725e+00 1.08019723e-01
610 2 1.17809725e+00 1.08071600e-01
611 2 1.17809725e+00 1.07689710e-01
612 2 1.17809725e+00 1.07363982e-01
613 2 1.17809725e+00 1.08004783e-01
614 2 1.17809725e+00 1.07515372e-01
615 2 1.17809725e+00 1.07530710e-01
616 2 1.17809725e+00 1.07239964e-01
617 2 1.17809725e+00 1.07528171e-01
618 2 1.17809725e+00 1.07909852e-01
619 2 1.17809725e+00 1.07894323e-01
620 2 1.17809725e+00 1.08247914e-01
621 2 1.17809725e+00 1.07536851e-01
622 2 1.17809725e+00 1.07581446e-01
623 2 1.17809725e+00 1.07674953e-01
624 2 1.17809725e+00 1.07522114e-01
625 2 1.17809725e+00 1.07746918e-01
626 2 1.17809725e+00 1.07498792e-01
627 2 1.17809725e+00 1.08342019e-01
628 2 1.17809725e+00 1.08606849e-01
629 2 1.17809725e+00 1.08295144e-01
630 2 1.17809725e+00 1.07849971e-01
631 2 1.17809725e+00 1.07640599e-01
632 2 1.17809725e+00 1.07506200e-01
633 2 1.17809725e+00 1.07186158e-01
634 2 1.17809725e+00 1.07410526e-01
635 2 1.17809725e+00 1.07653419e-01
636 2 1.17809725e+00 1.07613493e-01
637 2 1.17809725e+00 1.07577683e-01
638 2 1.17809725e+00 1.07171364e-01
639 2 1.17809725e+00 1.08019451e-01
640 2 1.17809725e+00 1.07611722e-01
641 2 1.17809725e+00 1.07604205e-01
642 2 1.17809725e+00 1.08519523e-01
643 2 1.17809725e+00 1.07669719e-01
644 2 1.17809725e+00 1.07765083e-01
645 2 1.17809725e+00 1.07447116e-01
646 2 1.17809725e+00 1.07697659e-01
647 2 1.17809725e+00 1.07898238e-01
648 2 1.17809725e+00 1.08117755e-01
649 2 1.17809725e+00 1.08120699e-01
650 2 1.17809725e+00 1.08527454e-01
651 2 1.17809725e+00 1.07659777e-01
652 2 1.17809725e+00 1.07833738e-01
653 2 1.17809725e+00 1.08428045e-01
654 2 1.17809725e+00 1.08000124e-01
655 2 1.17809725e+00 1.08189692e-01
656 2 1.17809725e+00 1.07911928e-01
657 2 1.17809725e+00 1.07431689e-01
658 2 1.17809725e+00 1.07230294e-01
659 2 1.17809725e+00 1.07856452e-01
660 2 1.17809725e+00 1.07700645e-01
661 2 1.17809725e+00 1.07808060e-01
662 2 1.17809725e+00 1.07565651e-01
663 2 1.17809725e+00 1.07677844e-01
664 2 1.17809725e+00 1.07900134e-01
665 2 1.17809725e+00 1.07906838e-01
666 2 1.17809725e+00 1.07286051e-01
667 2 1.17809725e+00 1.08065723e-01
668 2 1.17809725e+00 1.07588387e-01
669 2 1.17809725e+00 1.07869890e-01
670 2 1.17809725e+00 1.07885563e-01
671 2 1.17809725e+00 1.08119800e-01
672 2 1.17809725e+00 1.07782296e-01
673 2 1.17809725e+00 1.08388255e-01
674 2 1.17809725e+00 1.06928337e-01
675 2 1.17809725e+00 1.07435290e-01
676 2 1.17809725e+00 1.08052705e-01
677 2 1.17809725e+00 1.08130381e-01
678 2 1.17809725e+00 1.07687609e-01
679 2 1.17809725e+00 1.08433091e-01
680 2 1.17809725e+00 1.08379364e-01
681 2 1.17809725e+00 1.08118015e-01
682 2 1.17809725e+00 1.08004386e-01
683 2 1.17809725e+00 1.07823633e-01
684 2 1.17809725e+00 1.07800314e-01
685 2 1.17809725e+00 1.07238670e-01
686 2 1.17809725e+00 1.08115297e-01
687 2 1.17809725e+00 1.07669221e-01
688 2 1.17809725e+00 1.07541139e-01
689 2 1.17809725e+00 1.06733422e-01
690 2 1.17809725e+00 1.07807858e-01
691 2 1.17809725e+00 1.06707988e-01
692 2 1.17809725e+00 1.07832987e-01
693 2 1.17809725e+00 1.07998051e-01
694 2 1.17809725e+00 1.07952730e-01
695 2 1.17809725e+00 1.08183028e-01
696 2 1.17809725e+00 1.08144530e-01
697 2 1.17809725e+00 1.07506323e-01
698 2 1.17809725e+00 1.07306990e-01
699 2 1.17809725e+00 1.07792628e-01
700 2 1.17809725e+00 1.07468465e-01
701 2 1.17809725e+00 1.07802837e-01
702 2 1.17809725e+00 1.07249815e-01
703 2 1.17809725e+00 1.08149767e-01
704 2 1.17809725e+00 1.07566500e-01
705 2 1.17809725e+00 1.08035389e-01
706 2 1.17809725e+00 1.08010297e-01
707 2 1.17809725e+00 1.07796645e-01
708 2 1.17809725e+00 1.07855693e-01
709 2 1.17809725e+00 1.07544776e-01
710 2 1.17809725e+00 1.07468337e-01
711 2 1.17809725e+00 1.07653705e-01
712 2 1.17809725e+00 1.08160372e-01
713 2 1.17809725e+00 1.08359948e-01
714 2 1.17809725e+00 1.07180667e-01
715 2 1.17809725e+00 1.07587302e-01
716 2 1.17809725e+00 1.07957542e-01
717 2 1.17809725e+00 1.07966276e-01
718 2 1.17809725e+00 1.07744410e-01
719 2 1.17809725e+00 1.07792512e-01
720 2 1.17809725e+00 1.07976775e-01
721 2 1.17809725e+00 1.07777159e-01
722 2 1.17809725e+00 1.07959996e-01
723 2 1.17809725e+00 1.07491677e-01
724 2 1.17809725e+00 1.07220286e-01
725 2 1.17809725e+00 1.07636675e-01
726 2 1.17809725e+00 1.07881759e-01
727 2 1.17809725e+00 1.07151009e-01
728 2 1.17809725e+00 1.07846441e-01
729 2 1.17809725e+00 1.07639888e-01
730 2 1.17809725e+00 1.07847523e-01
731 2 1.17809725e+00 1.07126043e-01
732 2 1.17809725e+00 1.08204383e-01
733 2 1.17809725e+00 1.08718495e-01
734 2 1.17809725e+00 1.07032083e-01
735 2 1.17809725e+00 1.07804481e-01
736 2 1.17809725e+00 1.07972895e-01
737 2 1.17809725e+00 1.07831940e-01
738 2 1.17809725e+00 1.07442449e-01
739 2 1.17809725e+00 1.07178580e-01
740 2 1.17809725e+00 1.07445468e-01
741 2 1.17809725e+00 1.07503170e-01
742 2 1.17809725e+00 1.07863525e-01
743 2 1.17809725e+00 1.07705161e-01
744 2 1.17809725e+00 1.07456997e-01
745 2 1.17809725e+00 1.07482619e-01
746 2 1.17809725e+00 1.07466591e-01
747 2 1.17809725e+00 1.07773969e-01
748 2 1.17809725e+00 1.07969346e-01
749 2 1.17809725e+00 1.08111190e-01
750 2 1.17809725e+00 1.07749664e-01
751 2 1.17809725e+00 1.08181058e-01
752 2 1.17809725e+00 1.07832909e-01
753 2 1.17809725e+00 1.07532488e-01
754 2 1.17809725e+00 1.07605193e-01
755 2 1.17809725e+00 1.08009358e-01
756 2 1.17809725e+00 1.07156644e-01
757 2 1.17809725e+00 1.07274730e-01
758 2 1.17809725e+00 1.07867786e-01
759 2 1.17809725e+00 1.07722893e-01
760 2 1.17809725e+00 1.07181141e-01
761 2 1.17809725e+00 1.07344345e-01
762 2 1.17809725e+00 1.08167104e-01
763 2 1.17809725e+00 1.07983321e-01
764 2 1.17809725e+00 1.07713526e-01
765 2 1.17809725e+00 1.07468494e-01
766 2 1.17809725e+00 1.08049837e-01
767 2 1.17809725e+00 1.06573277e-01
768 2 1.17809725e+00 1.07791483e-01
769 2 1.17809725e+00 1.07795184e-01
770 2 1.17809725e+00 1.07515581e-01
771 2 1.17809725e+00 1.07793196e-01
772 2 1.17809725e+00 1.08119141e-01
773 2 1.17809725e+00 1.07647967e-01
774 2 1.17809725e+00 1.07508697e-01
775 2 1.17809725e+00 1.07618174e-01
776 2 1.17809725e+00 1.07351701e-01
777 2 1.17809725e+00 1.07737507e-01
778 2 1.17809725e+00 1.07087916e-01
779 2 1.17809725e+00 1.07464823e-01
780 2 1.17809725e+00 1.07947539e-01
781 2 1.17809725e+00 1.07778306e-01
782 2 1.17809725e+00 1.07316485e-01
783 2 1.17809725e+00 1.07679234e-01
784 2 1.17809725e+00 1.06903663e-01
785 2 1.17809725e+00 1.07464135e-01
786 2 1.17809725e+00 1.07743326e-01
787 2 1.17809725e+00 1.07337424e-01
788 2 1.17809725e+00 1.07284464e-01
789 2 1.17809725e+00 1.07534304e-01
790 2 1.17809725e+00 1.07689713e-01
791 2 1.17809725e+00 1.07949852e-01
792 2 1.17809725e+00 1.08102696e-01
793 2 1.17809725e+00 1.07225208e-01
794 2 1.17809725e+00 1.08287281e-01
795 2 1.17809725e+00 1.08356677e-01
796 2 1.17809725e+00 1.07615154e-01
797 2 1.17809725e+00 1.07842696e-01
798 2 1.17809725e+00 1.07501084e-01
799 2 1.17809725e+00 1.07809556e-01
800 2 1.17809725e+00 1.07381600e-01
801 2 1.17809725e+00 1.07478134e-01
802 2 1.17809725e+00 1.07407430e-01
803 2 1.17809725e+00 1.07830144e-01
804 2 1.17809725e+00 1.07441744e-01
805 2 1.17809725e+00 1.07413209e-01
806 2 1.17809725e+00 1.08136587e-01
807 2 1.17809725e+00 1.07835221e-01
808 2 1.17809725e+00 1.07646092e-01
809 2 1.17809725e+00 1.08163970e-01
810 2 1.17809725e+00 1.07601840e-01
811 2 1.17809725e+00 1.07747905e-01
812 2 1.17809725e+00 1.07179889e-01
813 2 1.17809725e+00 1.07684668e-01
814 2 1.17809725e+00 1.07298960e-01
815 2 1.17809725e+00 1.08011088e-01
816 2 1.17809725e+00 1.08115566e-01
817 2 1.17809725e+00 1.08270979e-01
818 2 1.17809725e+00 1.07553719e-01
819 2 1.17809725e+00 1.07477645e-01
820 2 1.17809725e+00 1.08104866e-01
821 2 1.17809725e+00 1.07642308e-01
822 2 1.17809725e+00 1.08144977e-01
823 2 1.17809725e+00 1.08385834e-01
824 2 1.17809725e+00 1.07782536e-01
825 2 1.17809725e+00 1.07743477e-01
826 2 1.17809725e+00 1.07835456e-01
827 2 1.17809725e+00 1.07156740e-01
828 2 1.17809725e+00 1.07780260e-01
829 2 1.17809725e+00 1.08281575e-01
830 2 1.17809725e+00 1.07112386e-01
831 2 1.17809725e+00 1.08304087e-01
832 2 1.17809725e+00 1.07960722e-01
833 2 1.17809725e+00 1.07383757e-01
834 2 1.17809725e+00 1.07958585e-01
835 2 1.17809725e+00 1.07854692e-01
836 2 1.17809725e+00 1.08130740e-01
837 2 1.17809725e+00 1.07744519e-01
838 2 1.17809725e+00 1.07443851e-01
839 2 1.17809725e+00 1.07972735e-01
840 2 1.17809725e+00 1.07870011e-01
841 2 1.17809725e+00 1.07579293e-01
842 2 1.17809725e+00 1.07682367e-01
843 2 1.17809725e+00 1.07785956e-01
844 2 1.17809725e+00 1.07590554e-01
845 2 1.17809725e+00 1.08148634e-01
846 2 1.17809725e+00 1.07411725e-01
847 2 1.17809725e+00 1.07464746e-01
848 2 1.17809725e+00 1.08208281e-01
849 2 1.17809725e+00 1.08218503e-01
850 2 1.17809725e+00 1.07518714e-01
851 2 1.17809725e+00 1.07675796e-01
852 2 1.17809725e+00 1.07822220e-01
853 2 1.17809725e+00 1.06943988e-01
854 2 1.17809725e+00 1.07861943e-01
855 2 1.17809725e+00 1.07636553e-01
856 2 1.17809725e+00 1.07409169e-01
857 2 1.17809725e+00 1.07811471e-01
858 2 1.17809725e+00 1.08288976e-01
859 2 1.17809725e+00 1.07945043e-01
860 2 1.17809725e+00 1.08038142e-01
861 2 1.17809725e+00 1.07652658e-01
862 2 1.17809725e+00 1.08253113e-01
863 2 1.17809725e+00 1.07218433e-01
864 2 1.17809725e+00 1.07905333e-01
865 2 1.17809725e+00 1.08120189e-01
866 2 1.17809725e+00 1.07973518e-01
867 2 1.17809725e+00 1.07813415e-01
868 2 1.17809725e+00 1.08083398e-01
869 2 1.17809725e+00 1.07639569e-01
870 2 1.17809725e+00 1.08197583e-01
871 2 1.17809725e+00 1.08109132e-01
872 2 1.17809725e+00 1.08512901e-01
873 2 1.17809725e+00 1.07673372e-01
874 2 1.17809725e+00 1.07027617e-01
875 2 1.17809725e+00 1.07462742e-01
876 2 1.17809725e+00 1.07604972e-01
877 2 1.17809725e+00 1.07507431e-01
878 2 1.17809725e+00 1.07226386e-01
879 2 1.17809725e+00 1.07578303e-01
880 2 1.17809725e+00 1.07104462e-01
881 2 1.17809725e+00 1.07514996e-01
882 2 1.17809725e+00 1.07802816e-01
883 2 1.17809725e+00 1.07383831e-01
884 2 1.17809725e+00 1.08061109e-01
885 2 1.17809725e+00 1.08732117e-01
886 2 1.17809725e+00 1.07967190e-01
887 2 1.17809725e+00 1.07653232e-01
888 2 1.17809725e+00 1.08180059e-01
889 2 1.17809725e+00 1.08111939e-01
890 2 1.17809725e+00 1.07666274e-01
891 2 1.17809725e+00 1.07344217e-01
892 2 1.17809725e+00 1.07266001e-01
893 2 1.17809725e+00 1.07113361e-01
894 2 1.17809725e+00 1.08198940e-01
895 2 1.17809725e+00 1.07995197e-01
896 2 1.17809725e+00 1.07796025e-01
897 2 1.17809725e+00 1.08256932e-01
898 2 1.17809725e+00 1.08055811e-01
899 2 1.17809725e+00 1.07291842e-01
900 2 1.17809725e+00 1.07768303e-01
901 2 1.17809725e+00 1.07739380e-01
902 2 1.17809725e+00 1.07968640e-01
903 2 1.17809725e+00 1.08068497e-01
904 2 1.17809725e+00 1.07920559e-01
905 2 1.17809725e+00 1.07377582e-01
906 2 1.17809725e+00 1.07989031e-01
907 2 1.17809725e+00 1.07627610e-01
908 2 1.17809725e+00 1.07918263e-01
909 2 1.17809725e+00 1.07841959e-01
910 2 1.17809725e+00 1.08009495e-01
911 2 1.17809725e+00 1.07933345e-01
912 2 1.17809725e+00 1.07751345e-01
913 2 1.17809725e+00 1.08346699e-01
914 2 1.17809725e+00 1.07764649e-01
915 2 1.17809725e+00 1.07120020e-01
916 2 1.17809725e+00 1.07577982e-01
917 2 1.17809725e+00 1.08524367e-01
918 2 1.17809725e+00 1.08189433e-01
919 2 1.17809725e+00 1.08144985e-01
920 2 1.17809725e+00 1.07550998e-01
921 2 1.17809725e+00 1.07840741e-01
922 2 1.17809725e+00 1.07915685e-01
923 2 1.17809725e+00 1.08134583e-01
924 2 1.17809725e+00 1.07821656e-01
925 2 1.17809725e+00 1.07755271e-01
926 2 1.17809725e+00 1.07105057e-01
927 2 1.17809725e+00 1.07548613e-01
928 2 1.17809725e+00 1.07845687e-01
929 2 1.17809725e+00 1.07955037e-01
930 2 1.17809725e+00 1.07115806e-01
931 2 1.17809725e+00 1.07520218e-01
932 2 1.17809725e+00 1.07675678e-01
933 2 1.17809725e+00 1.07893238e-01
934 2 1.17809725e+00 1.07767733e-01
935 2 1.17809725e+00 1.07623138e-01
936 2 1.17809725e+00 1.07404890e-01
937 2 1.17809725e+00 1.07095130e-01
938 2 1.17809725e+00 1.07552898e-01
939 2 1.17809725e+00 1.08357629e-01
940 2 1.17809725e+00 1.07230336e-01
941 2 1.17809725e+00 1.07632567e-01
942 2 1.17809725e+00 1.08193026e-01
943 2 1.17809725e+00 1.07859468e-01
944 2 1.17809725e+00 1.07771660e-01
945 2 1.17809725e+00 1.07707520e-01
946 2 1.17809725e+00 1.08452217e-01
947 2 1.17809725e+00 1.07253198e-01
948 2 1.17809725e+00 1.07709834e-01
949 2 1.17809725e+00 1.07420242e-01
950 2 1.17809725e+00 1.06980728e-01
951 2 1.17809725e+00 1.07804508e-01
952 2 1.17809725e+00 1.06874828e-01
953 2 1.17809725e+00 1.07711484e-01
954 2 1.17809725e+00 1.07912254e-01
955 2 1.17809725e+00 1.07538986e-01
956 2 1.17809725e+00 1.08008895e-01
957 2 1.17809725e+00 1.08274679e-01
958 2 1.17809725e+00 1.07033216e-01
959 2 1.17809725e+00 1.07004953e-01
960 2 1.17809725e+00 1.07849528e-01
961 2 1.17809725e+00 1.07998331e-01
962 2 1.17809725e+00 1.07937495e-01
963 2 1.17809725e+00 1.07903235e-01
964 2 1.17809725e+00 1.07612911e-01
965 2 1.17809725e+00 1.07762101e-01
966 2 1.17809725e+00 1.07163870e-01
967 2 1.17809725e+00 1.08277714e-01
968 2 1.17809725e+00 1.07165123e-01
969 2 1.17809725e+00 1.07252111e-01
970 2 1.17809725e+00 1.07353715e-01
971 2 1.17809725e+00 1.07762313e-01
972 2 1.17809725e+00 1.07241234e-01
973 2 1.17809725e+00 1.07678160e-01
974 2 1.17809725e+00 1.07825764e-01
975 2 1.17809725e+00 1.08230932e-01
976 2 1.17809725e+00 1.06977047e-01
977 2 1.17809725e+00 1.08308549e-01
978 2 1.17809725e+00 1.07282345e-01
979 2 1.17809725e+00 1.06792378e-01
980 2 1.17809725e+00 1.07711395e-01
981 2 1.17809725e+00 1.07613068e-01
982 2 1.17809725e+00 1.07537873e-01
983 2 1.17809725e+00 1.08177494e-01
984 2 1.17809725e+00 1.07723107e-01
985 2 1.17809725e+00 1.08006442e-01
986 2 1.17809725e+00 1.08441193e-01
987 2 1.17809725e+00 1.07310871e-01
988 2 1.17809725e+00 1.07256530e-01
989 2 1.17809725e+00 1.07715579e-01
990 2 1.17809725e+00 1.07855474e-01
991 2 1.17809725e+00 1.07647816e-01
992 2 1.17809725e+00 1.08031854e-01
993 2 1.17809725e+00 1.07364423e-01
994 2 1.17809725e+00 1.07462655e-01
995 2 1.17809725e+00 1.08505619e-01
996 2 1.17809725e+00 1.07932708e-01
997 2 1.17809725e+00 1.07282737e-01
998 2 1.17809725e+00 1.07792471e-01
999 2 1.17809725e+00 1.07826717e-01
1000 2 1.17809725e+00 1.07846140e-01
1001 2 1.17809725e+00 1.09075792e-01
1002 2 1.17809725e+00 1.07083252e-01
1003 2 1.17809725e+00 1.07332172e-01
1004 2 1.17809725e+00 1.07821936e-01
1005 2 1.17809725e+00 1.07231953e-01
1006 2 1.17809725e+00 1.07579494e-01
1007 2 1.17809725e+00 1.07290235e-01
1008 2 1.17809725e+00 1.07998294e-01
1009 2 1.17809725e+00 1.07268973e-01
1010 2 1.17809725e+00 1.07554149e-01
1011 2 1.17809725e+00 1.07471400e-01
1012 2 1.17809725e+00 1.07399710e-01
1013 2 1.17809725e+00 1.07420795e-01
1014 2 1.17809725e+00 1.07796116e-01
1015 2 1.17809725e+00 1.07148331e-01
1016 2 1.17809725e+00 1.08021038e-01
1017 2 1.17809725e+00 1.06603941e-01
1018 2 1.17809725e+00 1.07750766e-01
1019 2 1.17809725e+00 1.07578941e-01
1020 2 1.17809725e+00 1.07548740e-01
1021 2 1.17809725e+00 1.07722383e-01
1022 2 1.17809725e+00 1.07734210e-01
1023 2 1.17809725e+00 1.07715292e-01
1024 2 1.17809725e+00 1.07281046e-01
1025 2 1.17809725e+00 1.07305687e-01
0 3 1.76714587e+00 1.49623071e-01
1 3 1.76714587e+00 1.48948003e-01
2 3 1.76714587e+00 1.49025296e-01
3 3 1.76714587e+00 1.49034903e-01
4 3 1.76714587e+00 1.49257028e-01
5 3 1.76714587e+00 1.48613158e-01
6 3 1.76714587e+00 1.48420488e-01
7 3 1.76714587e+00 1.49512247e-01
8 3 1.76714587e+00 1.49360685e-01
9 3 1.76714587e+00 1.48577600e-01
10 3 1.76714587e+00 1.49038970e-01
11 3 1.76714587e+00 1.48306671e-01
12 3 1.76714587e+00 1.49527501e-01
13 3 1.76714587e+00 1.49376996e-01
14 3 1.76714587e+00 1.48931393e-01
15 3 1.76714587e+00 1.48527007e-01
16 3 1.76714587e+00 1.47734608e-01
17 3 1.76714587e+00 1.48578958e-01
18 3 1.76714587e+00 1.48322958e-01
19 3 1.76714587e+00 1.48796462e-01
20 3 1.76714587e+00 1.48551445e-01
21 3 1.76714587e+00 1.48616338e-01
22 3 1.76714587e+00 1.48838217e-01
23 3 1.76714587e+00 1.48586673e-01
24 3 1.76714587e+00 1.48247073e-01
25 3 1.76714587e+00 1.48573706e-01
26 3 1.76714587e+00 1.48745776e-01
27 3 1.76714587e+00 1.49148775e-01
28 3 1.76714587e+00 1.49487058e-01
29 3 1.76714587e+00 1.48508819e-01
30 3 1.76714587e+00 1.49079205e-01
31 3 1.76714587e+00 1.49688103e-01
32 3 1.76714587e+00 1.48388409e-01
33 3 1.76714587e+00 1.49525483e-01
34 3 1.76714587e+00 1.48205599e-01
35 3 1.76714587e+00 1.48324298e-01
36 3 1.76714587e+00 1.49178875e-01
37 3 1.76714587e+00 1.48917849e-01
38 3 1.76714587e+00 1.48837737e-01
39 3 1.76714587e+00 1.49249017e-01
40 3 1.76714587e+00 1.48986556e-01
41 3 1.76714587e+00 1.49572050e-01
42 3 1.76714587e+00 1.48989990e-01
43 3 1.76714587e+00 1.48519236e-01
44 3 1.76714587e+00 1.49683364e-01
45 3 1.76714587e+00 1.48646297e-01
46 3 1.76714587e+00 1.49008556e-01
47 3 1.76714587e+00 1.50008521e-01
48 3 1.76714587e+00 1.49522075e-01
49 3 1.76714587e+00 1.49614137e-01
50 3 1.76714587e+00 1.49516571e-01
51 3 1.76714587e+00 1.49041418e-01
52 3 1.76714587e+00 1.49012953e-01
53 3 1.76714587e+00 1.48714256e-01
54 3 1.76714587e+00 1.49523094e-01
55 3 1.76714587e+00 1.48569070e-01
56 3 1.76714587e+00 1.48894761e-01
57 3 1.76714587e+00 1.48262570e-01
58 3 1.76714587e+00 1.49198891e-01
59 3 1.76714587e+00 1.48548787e-01
60 3 1.76714587e+00 1.48822814e-01
61 3 1.76714587e+00 1.49348302e-01
62 3 1.76714587e+00 1.48163225e-01
63 3 1.76714587e+00 1.47892650e-01
64 3 1.76714587e+00 1.48677449e-01
65 3 1.76714587e+00 1.49562708e-01
66 3 1.76714587e+00 1.48392516e-01
67 3 1.76714587e+00 1.48828230e-01
68 3 1.76714587e+00 1.47959011e-01
69 3 1.76714587e+00 1.49031813e-01
70 3 1.76714587e+00 1.48939524e-01
71 3 1.76714587e+00 1.48265163e-01
72 3 1.76714587e+00 1.48302799e-01
73 3 1.76714587e+00 1.48811182e-01
74 3 1.76714587e+00 1.48928769e-01
75 3 1.76714587e+00 1.49056408e-01
76 3 1.76714587e+00 1.47710816e-01
77 3 1.76714587e+00 1.49773425e-01
78 3 1.76714587e+00 1.49242655e-01
79 3 1.76714587e+00 1.48822658e-01
80 3 1.76714587e+00 1.48813966e-01
81 3 1.76714587e+00 1.49305495e-01
82 3 1.76714587e+00 1.48490808e-01
83 3 1.76714587e+00 1.48532657e-01
84 3 1.76714587e+00 1.48848351e-01
85 3 1.76714587e+00 1.48794910e-01
86 3 1.76714587e+00 1.48504634e-01
87 3 1.76714587e+00 1.49038971e-01
88 3 1.76714587e+00 1.49384259e-01
89 3 1.76714587e+00 1.49348073e-01
90 3 1.76714587e+00 1.49868389e-01
91 3 1.76714587e+00 1.49484448e-01
92 3 1.76714587e+00 1.49032279e-01
93 3 1.76714587e+00 1.48852028e-01
94 3 1.76714587e+00 1.49049691e-01
95 3 1.76714587e+00 1.48794914e-01
96 3 1.76714587e+00 1.48951841e-01
97 3 1.76714587e+00 1.48896407e-01
98 3 1.76714587e+00 1.47735056e-01
99 3 1.76714587e+00 1.47926383e-01
100 3 1.76714587e+00 1.49396009e-01
101 3 1.76714587e+00 1.48970433e-01
102 3 1.76714587e+00 1.48335333e-01
103 3 1.76714587e+00 1.49597897e-01
104 3 1.76714587e+00 1.48673180e-01
105 3 1.76714587e+00 1.47348436e-01
106 3 1.76714587e+00 1.49024854e-01
107 3 1.76714587e+00 1.48618309e-01
108 3 1.76714587e+00 1.48966757e-01
109 3 1.76714587e+00 1.48403289e-01
110 3 1.76714587e+00 1.49774067e-01
111 3 1.76714587e+00 1.49727413e-01
112 3 1.76714587e+00 1.48871359e-01
113 3 1.76714587e+00 1.48785324e-01
114 3 1.76714587e+00 1.48857615e-01
115 3 1.76714587e+00 1.49699400e-01
116 3 1.76714587e+00 1.48590121e-01
117 3 1.76714587e+00 1.48435257e-01
118 3 1.76714587e+00 1.49686192e-01
119 3 1.76714587e+00 1.48346412e-01
120 3 1.76714587e+00 1.48235615e-01
121 3 1.76714587e+00 1.48901159e-01
122 3 1.76714587e+00 1.48583172e-01
123 3 1.76714587e+00 1.48389374e-01
124 3 1.76714587e+00 1.49519199e-01
125 3 1.76714587e+00 1.48930197e-01
126 3 1.76714587e+00 1.48361145e-01
127 3 1.76714587e+00 1.49411475e-01
128 3 1.76714587e+00 1.48978353e-01
129 3 1.76714587e+00 1.48573691e-01
130 3 1.76714587e+00 1.49223752e-01
131 3 1.76714587e+00 1.48789089e-01
132 3 1.76714587e+00 1.48764644e-01
133 3 1.76714587e+00 1.49197662e-01
134 3 1.76714587e+00 1.47958505e-01
135 3 1.76714587e+00 1.49544220e-01
136 3 1.76714587e+00 1.49074236e-01
137 3 1.76714587e+00 1.48392643e-01
138 3 1.76714587e+00 1.49307019e-01
139 3 1.76714587e+00 1.49108561e-01
140 3 1.76714587e+00 1.49137220e-01
141 3 1.76714587e+00 1.49624434e-01
142 3 1.76714587e+00 1.48510903e-01
143 3 1.76714587e+00 1.48908619e-01
144 3 1.76714587e+00 1.49255540e-01
145 3 1.76714587e+00 1.48823571e-01
146 3 1.76714587e+00 1.48741888e-01
147 3 1.76714587e+00 1.48400166e-01
148 3 1.76714587e+00 1.48808568e-01
149 3 1.76714587e+00 1.49684412e-01
150 3 1.76714587e+00 1.48673632e-01
151 3 1.76714587e+00 1.49049302e-01
152 3 1.76714587e+00 1.49743393e-01
153 3 1.76714587e+00 1.48924314e-01
154 3 1.76714587e+00 1.48464506e-01
155 3 1.76714587e+00 1.48394495e-01
156 3 1.76714587e+00 1.49029987e-01
157 3 1.76714587e+00 1.50251348e-01
158 3 1.76714587e+00 1.48995957e-01
159 3 1.76714587e+00 1.49495049e-01
160 3 1.76714587e+00 1.49124475e-01
161 3 1.76714587e+00 1.48104820e-01
162 3 1.76714587e+00 1.48265909e-01
163 3 1.76714587e+00 1.49839911e-01
164 3 1.76714587e+00 1.48751760e-01
165 3 1.76714587e+00 1.48489825e-01
166 3 1.76714587e+00 1.48239188e-01
167 3 1.76714587e+00 1.48776138e-01
168 3 1.76714587e+00 1.49018694e-01
169 3 1.76714587e+00 1.50207276e-01
170 3 1.76714587e+00 1.48901728e-01
171 3 1.76714587e+00 1.48976522e-01
172 3 1.76714587e+00 1.48450523e-01
173 3 1.76714587e+00 1.49420401e-01
174 3 1.76714587e+00 1.48645906e-01
175 3 1.76714587e+00 1.48490526e-01
176 3 1.76714587e+00 1.49391190e-01
177 3 1.76714587e+00 1.49494541e-01
178 3 1.76714587e+00 1.49165891e-01
179 3 1.76714587e+00 1.49898007e-01
180 3 1.76714587e+00 1.48856139e-01
181 3 1.76714587e+00 1.48992200e-01
182 3 1.76714587e+00 1.48994795e-01
183 3 1.76714587e+00 1.48391330e-01
184 3 1.76714587e+00 1.48741408e-01
185 3 1.76714587e+00 1.49680571e-01
186 3 1.76714587e+00 1.48650050e-01
187 3 1.76714587e+00 1.49782929e-01
188 3 1.76714587e+00 1.48743831e-01
189 3 1.76714587e+00 1.49405778e-01
190 3 1.76714587e+00 1.49645478e-01
191 3 1.76714587e+00 1.49115434e-01
192 3 1.76714587e+00 1.48288720e-01
193 3 1.76714587e+00 1.48645114e-01
194 3 1.76714587e+00 1.49184734e-01
195 3 1.76714587e+00 1.48955670e-01
196 3 1.76714587e+00 1.48552115e-01
197 3 1.76714587e+00 1.49045874e-01
198 3 1.76714587e+00 1.49592394e-01
199 3 1.76714587e+00 1.48720757e-01
200 3 1.76714587e+00 1.48959660e-01
201 3 1.76714587e+00 1.48432461e-01
202 3 1.76714587e+00 1.48566536e-01
203 3 1.76714587e+00 1.48669236e-01
204 3 1.76714587e+00 1.48893984e-01
205 3 1.76714587e+00 1.48870155e-01
206 3 1.76714587e+00 1.48952030e-01
207 3 1.76714587e+00 1.49118162e-01
208 3 1.76714587e+00 1.48729263e-01
209 3 1.76714587e+00 1.49615405e-01
210 3 1.76714587e+00 1.48763547e-01
211 3 1.76714587e+00 1.49008179e-01
212 3 1.76714587e+00 1.49262801e-01
213 3 1.76714587e+00 1.48408907e-01
214 3 1.76714587e+00 1.49128033e-01
215 3 1.76714587e+00 1.48955677e-01
216 3 1.76714587e+00 1.49658446e-01
217 3 1.76714587e+00 1.49494918e-01
218 3 1.76714587e+00 1.49517837e-01
219 3 1.76714587e+00 1.49105435e-01
220 3 1.76714587e+00 1.49353770e-01
221 3 1.76714587e+00 1.48023350e-01
222 3 1.76714587e+00 1.50426705e-01
223 3 1.76714587e+00 1.48712194e-01
224 3 1.76714587e+00 1.48089807e-01
225 3 1.76714587e+00 1.48890299e-01
226 3 1.76714587e+00 1.48650810e-01
227 3 1.76714587e+00 1.48690826e-01
228 3 1.76714587e+00 1.48818990e-01
229 3 1.76714587e+00 1.49192724e-01
230 3 1.76714587e+00 1.48697203e-01
231 3 1.76714587e+00 1.48523609e-01
232 3 1.76714587e+00 1.48525841e-01
233 3 1.76714587e+00 1.48666243e-01
234 3 1.76714587e+00 1.48985261e-01
235 3 1.76714587e+00 1.49537979e-01
236 3 1.76714587e+00 1.49241436e-01
237 3 1.76714587e+00 1.48937529e-01
238 3 1.76714587e+00 1.48576687e-01
239 3 1.76714587e+00 1.47832114e-01
240 3 1.76714587e+00 1.48447567e-01
241 3 1.76714587e+00 1.49269173e-01
242 3 1.76714587e+00 1.48740524e-01
243 3 1.76714587e+00 1.49773646e-01
244 3 1.76714587e+00 1.48586670e-01
245 3 1.76714587e+00 1.49054828e-01
246 3 1.76714587e+00 1.48494599e-01
247 3 1.76714587e+00 1.49144126e-01
248 3 1.76714587e+00 1.50069188e-01
249 3 1.76714587e+00 1.49759947e-01
250 3 1.76714587e+00 1.49200930e-01
251 3 1.76714587e+00 1.49549564e-01
252 3 1.76714587e+00 1.49203081e-01
253 3 1.76714587e+00 1.48730987e-01
254 3 1.76714587e+00 1.49494442e-01
255 3 1.76714587e+00 1.50225643e-01
256 3 1.76714587e+00 1.49122300e-01
257 3 1.76714587e+00 1.48341691e-01
258 3 1.76714587e+00 1.48308001e-01
259 3 1.76714587e+00 1.48842609e-01
260 3 1.76714587e+00 1.48746751e-01
261 3 1.76714587e+00 1.49888685e-01
262 3 1.76714587e+00 1.48660575e-01
263 3 1.76714587e+00 1.50448976e-01
264 3 1.76714587e+00 1.49640496e-01
265 3 1.76714587e+00 1.49494268e-01
266 3 1.76714587e+00 1.48966047e-01
267 3 1.76714587e+00 1.48259784e-01
268 3 1.76714587e+00 1.47951794e-01
269 3 1.76714587e+00 1.48584154e-01
270 3 1.76714587e+00 1.48597790e-01
271 3 1.76714587e+00 1.48581734e-01
272 3 1.76714587e+00 1.48949102e-01
273 3 1.76714587e+00 1.48645586e-01
274 3 1.76714587e+00 1.48564967e-01
275 3 1.76714587e+00 1.49474455e-01
276 3 1.76714587e+00 1.49158515e-01
277 3 1.76714587e+00 1.49876687e-01
278 3 1.76714587e+00 1.48221356e-01
279 3 1.76714587e+00 1.49239381e-01
280 3 1.76714587e+00 1.48895077e-01
281 3 1.76714587e+00 1.48924333e-01
282 3 1.76714587e+00 1.48183497e-01
283 3 1.76714587e+00 1.49210139e-01
284 3 1.76714587e+00 1.48435474e-01
285 3 1.76714587e+00 1.48813980e-01
286 3 1.76714587e+00 1.49837060e-01
287 3 1.76714587e+00 1.48058659e-01
288 3 1.76714587e+00 1.49809426e-01
289 3 1.76714587e+00 1.49340801e-01
290 3 1.76714587e+00 1.49498547e-01
291 3 1.76714587e+00 1.48995531e-01
292 3 1.76714587e+00 1.50363858e-01
293 3 1.76714587e+00 1.48830283e-01
294 3 1.76714587e+00 1.49197609e-01
295 3 1.76714587e+00 1.48414218e-01
296 3 1.76714587e+00 1.49921128e-01
297 3 1.76714587e+00 1.49848386e-01
298 3 1.76714587e+00 1.49314964e-01
299 3 1.76714587e+00 1.48588854e-01
300 3 1.76714587e+00 1.48282600e-01
301 3 1.76714587e+00 1.47733412e-01
302 3 1.76714587e+00 1.48380929e-01
303 3 1.76714587e+00 1.48592571e-01
304 3 1.76714587e+00 1.49725325e-01
305 3 1.76714587e+00 1.49189695e-01
306 3 1.76714587e+00 1.49559911e-01
307 3 1.76714587e+00 1.48685677e-01
308 3 1.76714587e+00 1.49138410e-01
309 3 1.76714587e+00 1.49317813e-01
310 3 1.76714587e+00 1.50159503e-01
311 3 1.76714587e+00 1.48342557e-01
312 3 1.76714587e+00 1.48698396e-01
313 3 1.76714587e+00 1.48196002e-01
314 3 1.76714587e+00 1.48686946e-01
315 3 1.76714587e+00 1.47935852e-01
316 3 1.76714587e+00 1.49575263e-01
317 3 1.76714587e+00 1.48429580e-01
318 3 1.76714587e+00 1.48811327e-01
319 3 1.76714587e+00 1.49493301e-01
320 3 1.76714587e+00 1.48170023e-01
321 3 1.76714587e+00 1.48915248e-01
322 3 1.76714587e+00 1.49217534e-01
323 3 1.76714587e+00 1.49153731e-01
324 3 1.76714587e+00 1.49579087e-01
325 3 1.76714587e+00 1.48782898e-01
326 3 1.76714587e+00 1.49340188e-01
327 3 1.76714587e+00 1.48993978e-01
328 3 1.76714587e+00 1.49352231e-01
329 3 1.76714587e+00 1.48287892e-01
330 3 1.76714587e+00 1.48443344e-01
331 3 1.76714587e+00 1.49121953e-01
332 3 1.76714587e+00 1.48729406e-01
333 3 1.76714587e+00 1.49130629e-01
334 3 1.76714587e+00 1.48518014e-01
335 3 1.76714587e+00 1.49553402e-01
336 3 1.76714587e+00 1.49525897e-01
337 3 1.76714587e+00 1.49459964e-01
338 3 1.76714587e+00 1.49159426e-01
339 3 1.76714587e+00 1.49959351e-01
340 3 1.76714587e+00 1.48836838e-01
341 3 1.76714587e+00 1.48392250e-01
342 3 1.76714587e+00 1.49610004e-01
343 3 1.76714587e+00 1.48659842e-01
344 3 1.76714587e+00 1.48107707e-01
345 3 1.76714587e+00 1.48857052e-01
346 3 1.76714587e+00 1.47878353e-01
347 3 1.76714587e+00 1.49442035e-01
348 3 1.76714587e+00 1.49029589e-01
349 3 1.76714587e+00 1.48346557e-01
350 3 1.76714587e+00 1.48830516e-01
351 3 1.76714587e+00 1.49330938e-01
352 3 1.76714587e+00 1.48858424e-01
353 3 1.76714587e+00 1.49049821e-01
354 3 1.76714587e+00 1.48392034e-01
355 3 1.76714587e+00 1.49488888e-01
356 3 1.76714587e+00 1.49312899e-01
357 3 1.76714587e+00 1.49120148e-01
358 3 1.76714587e+00 1.48417253e-01
359 3 1.76714587e+00 1.48987654e-01
360 3 1.76714587e+00 1.48916475e-01
361 3 1.76714587e+00 1.48987590e-01
362 3 1.76714587e+00 1.49707712e-01
363 3 1.76714587e+00 1.48332511e-01
364 3 1.76714587e+00 1.49188951e-01
365 3 1.76714587e+00 1.49317976e-01
366 3 1.76714587e+00 1.48263611e-01
367 3 1.76714587e+00 1.48353902e-01
368 3 1.76714587e+00 1.47941193e-01
369 3 1.76714587e+00 1.48016068e-01
370 3 1.76714587e+00 1.48092512e-01
371 3 1.76714587e+00 1.49100640e-01
372 3 1.76714587e+00 1.48859329e-01
373 3 1.76714587e+00 1.49243298e-01
374 3 1.76714587e+00 1.49011775e-01
375 3 1.76714587e+00 1.48407957e-01
376 3 1.76714587e+00 1.48585728e-01
377 3 1.76714587e+00 1.49258223e-01
378 3 1.76714587e+00 1.49068687e-01
379 3 1.76714587e+00 1.48303169e-01
380 3 1.76714587e+00 1.48727532e-01
381 3 1.76714587e+00 1.49487170e-01
382 3 1.76714587e+00 1.49481859e-01
383 3 1.76714587e+00 1.47928961e-01
384 3 1.76714587e+00 1.48792323e-01
385 3 1.76714587e+00 1.49222527e-01
386 3 1.76714587e+00 1.49682611e-01
387 3 1.76714587e+00 1.49762724e-01
388 3 1.76714587e+00 1.49520062e-01
389 3 1.76714587e+00 1.47888697e-01
390 3 1.76714587e+00 1.48334199e-01
391 3 1.76714587e+00 1.48866280e-01
392 3 1.76714587e+00 1.49427252e-01
393 3 1.76714587e+00 1.48665672e-01
394 3 1.76714587e+00 1.48854909e-01
395 3 1.76714587e+00 1.48377372e-01
396 3 1.76714587e+00 1.48947450e-01
397 3 1.76714587e+00 1.49673049e-01
398 3 1.76714587e+00 1.48832762e-01
399 3 1.76714587e+00 1.48653356e-01
400 3 1.76714587e+00 1.49312613e-01
401 3 1.76714587e+00 1.49604928e-01
402 3 1.76714587e+00 1.48312923e-01
403 3 1.76714587e+00 1.47988788e-01
404 3 1.76714587e+00 1.49650987e-01
405 3 1.76714587e+00 1.49110074e-01
406 3 1.76714587e+00 1.49168153e-01
407 3 1.76714587e+00 1.49092873e-01
408 3 1.76714587e+00 1.48517171e-01
409 3 1.76714587e+00 1.50194813e-01
410 3 1.76714587e+00 1.48253899e-01
411 3 1.76714587e+00 1.48798145e-01
412 3 1.76714587e+00 1.48309036e-01
413 3 1.76714587e+00 1.49397985e-01
414 3 1.76714587e+00 1.49573496e-01
415 3 1.76714587e+00 1.50162224e-01
416 3 1.76714587e+00 1.48267387e-01
417 3 1.76714587e+00 1.49205517e-01
418 3 1.76714587e+00 1.49739623e-01
419 3 1.76714587e+00 1.48401293e-01
420 3 1.76714587e+00 1.49406412e-01
421 3 1.76714587e+00 1.48221559e-01
422 3 1.76714587e+00 1.48774096e-01
423 3 1.76714587e+00 1.49474556e-01
424 3 1.76714587e+00 1.48813198e-01
425 3 1.76714587e+00 1.48612094e-01
426 3 1.76714587e+00 1.47694539e-01
427 3 1.76714587e+00 1.48902744e-01
428 3 1.76714587e+00 1.49067443e-01
429 3 1.76714587e+00 1.48809180e-01
430 3 1.76714587e+00 1.48728816e-01
431 3 1.76714587e+00 1.48707163e-01
432 3 1.76714587e+00 1.49159029e-01
433 3 1.76714587e+00 1.49432601e-01
434 3 1.76714587e+00 1.48791831e-01
435 3 1.76714587e+00 1.49833628e-01
436 3 1.76714587e+00 1.49504649e-01
437 3 1.76714587e+00 1.49838016e-01
438 3 1.76714587e+00 1.49894305e-01
439 3 1.76714587e+00 1.48578459e-01
440 3 1.76714587e+00 1.48565418e-01
441 3 1.76714587e+00 1.48529079e-01
442 3 1.76714587e+00 1.48712700e-01
443 3 1.76714587e+00 1.48920823e-01
444 3 1.76714587e+00 1.49148582e-01
445 3 1.76714587e+00 1.48064846e-01
446 3 1.76714587e+00 1.49090449e-01
447 3 1.76714587e+00 1.49270674e-01
448 3 1.76714587e+00 1.48559514e-01
449 3 1.76714587e+00 1.49291891e-01
450 3 1.76714587e+00 1.48210938e-01
451 3 1.76714587e+00 1.48607540e-01
452 3 1.76714587e+00 1.48861032e-01
453 3 1.76714587e+00 1.48589395e-01
454 3 1.76714587e+00 1.48549614e-01
455 3 1.76714587e+00 1.48469121e-01
456 3 1.76714587e+00 1.48599042e-01
457 3 1.76714587e+00 1.48351853e-01
458 3 1.76714587e+00 1.49069355e-01
459 3 1.76714587e+00 1.49891488e-01
460 3 1.76714587e+00 1.48640408e-01
461 3 1.76714587e+00 1.49960313e-01
462 3 1.76714587e+00 1.47925854e-01
463 3 1.76714587e+00 1.49399028e-01
464 3 1.76714587e+00 1.49747189e-01
465 3 1.76714587e+00 1.49293487e-01
466 3 1.76714587e+00 1.49093318e-01
467 3 1.76714587e+00 1.48464398e-01
468 3 1.76714587e+00 1.48486921e-01
469 3 1.76714587e+00 1.48327807e-01
470 3 1.76714587e+00 1.47890687e-01
471 3 1.76714587e+00 1.49103060e-01
472 3 1.76714587e+00 1.48673833e-01
473 3 1.76714587e+00 1.49576385e-01
474 3 1.76714587e+00 1.48337414e-01
475 3 1.76714587e+00 1.49537756e-01
476 3 1.76714587e+00 1.49333947e-01
477 3 1.76714587e+00 1.49025350e-01
478 3 1.76714587e+00 1.48697502e-01
479 3 1.76714587e+00 1.48216540e-01
480 3 1.76714587e+00 1.48777849e-01
481 3 1.76714587e+00 1.49027109e-01
482 3 1.76714587e+00 1.48739895e-01
483 3 1.76714587e+00 1.49029255e-01
484 3 1.76714587e+00 1.49759923e-01
485 3 1.76714587e+00 1.48756716e-01
486 3 1.76714587e+00 1.49487953e-01
487 3 1.76714587e+00 1.49297903e-01
488 3 1.76714587e+00 1.48972332e-01
489 3 1.76714587e+00 1.48945875e-01
490 3 1.76714587e+00 1.48840884e-01
491 3 1.76714587e+00 1.48775577e-01
492 3 1.76714587e+00 1.49492298e-01
493 3 1.76714587e+00 1.49637161e-01
494 3 1.76714587e+00 1.49184944e-01
495 3 1.76714587e+00 1.49343493e-01
496 3 1.76714587e+00 1.48526054e-01
497 3 1.76714587e+00 1.49331051e-01
498 3 1.76714587e+00 1.49003965e-01
499 3 1.76714587e+00 1.48910402e-01
500 3 1.76714587e+00 1.49714405e-01
501 3 1.76714587e+00 1.49205553e-01
502 3 1.76714587e+00 1.48900354e-01
503 3 1.76714587e+00 1.49092126e-01
504 3 1.76714587e+00 1.49148069e-01
505 3 1.76714587e+00 1.48382739e-01
506 3 1.76714587e+00 1.48530465e-01
507 3 1.76714587e+00 1.48854797e-01
508 3 1.76714587e+00 1.48755313e-01
509 3 1.76714587e+00 1.49114340e-01
510 3 1.76714587e+00 1.49006150e-01
511 3 1.76714587e+00 1.48227008e-01
512 3 1.76714587e+00 1.49055743e-01
513 3 1.76714587e+00 1.49100488e-01
514 3 1.76714587e+00 1.48882095e-01
515 3 1.76714587e+00 1.49561365e-01
516 3 1.76714587e+00 1.49001204e-01
517 3 1.76714587e+00 1.48899665e-01
518 3 1.76714587e+00 1.48970451e-01
519 3 1.76714587e+00 1.49451977e-01
520 3 1.76714587e+00 1.48953657e-01
521 3 1.76714587e+00 1.48654751e-01
522 3 1.76714587e+00 1.49250618e-01
523 3 1.76714587e+00 1.47953705e-01
524 3 1.76714587e+00 1.48077341e-01
525 3 1.76714587e+00 1.48775642e-01
526 3 1.76714587e+00 1.50450887e-01
527 3 1.76714587e+00 1.49019130e-01
528 3 1.76714587e+00 1.48676505e-01
529 3 1.76714587e+00 1.48949231e-01
530 3 1.76714587e+00 1.48656340e-01
531 3 1.76714587e+00 1.48450613e-01
532 3 1.76714587e+00 1.49104945e-01
533 3 1.76714587e+00 1.48753410e-01
534 3 1.76714587e+00 1.48401065e-01
535 3 1.76714587e+00 1.48234992e-01
536 3 1.76714587e+00 1.49951855e-01
537 3 1.76714587e+00 1.48751491e-01
538 3 1.76714587e+00 1.49172102e-01
539 3 1.76714587e+00 1.48524272e-01
540 3 1.76714587e+00 1.49559788e-01
541 3 1.76714587e+00 1.49202891e-01
542 3 1.76714587e+00 1.48629766e-01
543 3 1.76714587e+00 1.48213527e-01
544 3 1.76714587e+00 1.47987549e-01
545 3 1.76714587e+00 1.49561400e-01
546 3 1.76714587e+00 1.48783827e-01
547 3 1.76714587e+00 1.48522399e-01
548 3 1.76714587e+00 1.48678263e-01
549 3 1.76714587e+00 1.49134312e-01
550 3 1.76714587e+00 1.48576962e-01
551 3 1.76714587e+00 1.49950930e-01
552 3 1.76714587e+00 1.49261729e-01
553 3 1.76714587e+00 1.48476677e-01
554 3 1.76714587e+00 1.47737420e-01
555 3 1.76714587e+00 1.49298777e-01
556 3 1.76714587e+00 1.48813848e-01
557 3 1.76714587e+00 1.49088287e-01
558 3 1.76714587e+00 1.49307764e-01
559 3 1.76714587e+00 1.49119683e-01
560 3 1.76714587e+00 1.49271563e-01
561 3 1.76714587e+00 1.48148877e-01
562 3 1.76714587e+00 1.48563898e-01
563 3 1.76714587e+00 1.48927642e-01
564 3 1.76714587e+00 1.49309518e-01
565 3 1.76714587e+00 1.48480397e-01
566 3 1.76714587e+00 1.50256728e-01
567 3 1.76714587e+00 1.48467479e-01
568 3 1.76714587e+00 1.49621928e-01
569 3 1.76714587e+00 1.49132207e-01
570 3 1.76714587e+00 1.48637703e-01
571 3 1.76714587e+00 1.49326608e-01
572 3 1.76714587e+00 1.48783073e-01
573 3 1.76714587e+00 1.49595695e-01
574 3 1.76714587e+00 1.49543888e-01
575 3 1.76714587e+00 1.48809367e-01
576 3 1.76714587e+00 1.48484811e-01
577 3 1.76714587e+00 1.48689076e-01
578 3 1.76714587e+00 1.48509205e-01
579 3 1.76714587e+00 1.48695319e-01
580 3 1.76714587e+00 1.48117292e-01
581 3 1.76714587e+00 1.47957085e-01
582 3 1.76714587e+00 1.49604829e-01
583 3 1.76714587e+00 1.49273639e-01
584 3 1.76714587e+00 1.48225589e-01
585 3 1.76714587e+00 1.48561226e-01
586 3 1.76714587e+00 1.48528837e-01
587 3 1.76714587e+00 1.49721450e-01
588 3 1.76714587e+00 1.49217217e-01
589 3 1.76714587e+00 1.48259709e-01
590 3 1.76714587e+00 1.49264472e-01
591 3 1.76714587e+00 1.48650673e-01
592 3 1.76714587e+00 1.48582836e-01
593 3 1.76714587e+00 1.50221134e-01
594 3 1.76714587e+00 1.49212108e-01
595 3 1.76714587e+00 1.48826592e-01
596 3 1.76714587e+00 1.49302529e-01
597 3 1.76714587e+00 1.49014178e-01
598 3 1.76714587e+00 1.48781063e-01
599 3 1.76714587e+00 1.49212255e-01
600 3 1.76714587e+00 1.48429642e-01
601 3 1.76714587e+00 1.49203692e-01
602 3 1.76714587e+00 1.49558515e-01
603 3 1.76714587e+00 1.49262827e-01
604 3 1.76714587e+00 1.48942053e-01
605 3 1.76714587e+00 1.49378638e-01
606 3 1.76714587e+00 1.49355710e-01
607 3 1.76714587e+00 1.48220170e-01
608 3 1.76714587e+00 1.48410783e-01
609 3 1.76714587e+00 1.49375900e-01
610 3 1.76714587e+00 1.49452747e-01
611 3 1.76714587e+00 1.48900712e-01
612 3 1.76714587e+00 1.48476287e-01
613 3 1.76714587e+00 1.49476865e-01
614 3 1.76714587e+00 1.48625361e-01
615 3 1.76714587e+00 1.48711160e-01
616 3 1.76714587e+00 1.48319470e-01
617 3 1.76714587e+00 1.48766262e-01
618 3 1.76714587e+00 1.49232772e-01
619 3 1.76714587e+00 1.49221942e-01
620 3 1.76714587e+00 1.49727094e-01
621 3 1.76714587e+00 1.48670399e-01
622 3 1.76714587e+00 1.48756990e-01
623 3 1.76714587e+00 1.48804500e-01
624 3 1.76714587e+00 1.48650073e-01
625 3 1.76714587e+00 1.49018688e-01
626 3 1.76714587e+00 1.48701414e-01
627 3 1.76714587e+00 1.49874366e-01
628 3 1.76714587e+00 1.50247336e-01
629 3 1.76714587e+00 1.49825152e-01
630 3 1.76714587e+00 1.49130667e-01
631 3 1.76714587e+00 1.48819713e-01
632 3 1.76714587e+00 1.48639250e-01
633 3 1.76714587e+00 1.48144247e-01
634 3 1.76714587e+00 1.48543734e-01
635 3 1.76714587e+00 1.48842343e-01
636 3 1.76714587e+00 1.48879104e-01
637 3 1.76714587e+00 1.48786349e-01
638 3 1.76714587e+00 1.48231459e-01
639 3 1.76714587e+00 1.49427889e-01
640 3 1.76714587e+00 1.48796067e-01
641 3 1.76714587e+00 1.48857828e-01
642 3 1.76714587e+00 1.50073185e-01
643 3 1.76714587e+00 1.48961723e-01
644 3 1.76714587e+00 1.49104029e-01
645 3 1.76714587e+00 1.48579232e-01
646 3 1.76714587e+00 1.48962504e-01
647 3 1.76714587e+00 1.49286596e-01
648 3 1.76714587e+00 1.49515838e-01
649 3 1.76714587e+00 1.49497605e-01
650 3 1.76714587e+00 1.50140098e-01
651 3 1.76714587e+00 1.48882645e-01
652 3 1.76714587e+00 1.49036590e-01
653 3 1.76714587e+00 1.49967412e-01
654 3 1.76714587e+00 1.49428041e-01
655 3 1.76714587e+00 1.49604877e-01
656 3 1.76714587e+00 1.49160135e-01
657 3 1.76714587e+00 1.48451874e-01
658 3 1.76714587e+00 1.48262272e-01
659 3 1.76714587e+00 1.49073367e-01
660 3 1.76714587e+00 1.48890433e-01
661 3 1.76714587e+00 1.48986605e-01
662 3 1.76714587e+00 1.48741815e-01
663 3 1.76714587e+00 1.48894281e-01
664 3 1.76714587e+00 1.49246835e-01
665 3 1.76714587e+00 1.49256759e-01
666 3 1.76714587e+00 1.48338847e-01
667 3 1.76714587e+00 1.49477607e-01
668 3 1.76714587e+00 1.48785812e-01
669 3 1.76714587e+00 1.49239994e-01
670 3 1.76714587e+00 1.49147665e-01
671 3 1.76714587e+00 1.49497026e-01
672 3 1.76714587e+00 1.49060653e-01
673 3 1.76714587e+00 1.49929174e-01
674 3 1.76714587e+00 1.47882217e-01
675 3 1.76714587e+00 1.48568950e-01
676 3 1.76714587e+00 1.49481597e-01
677 3 1.76714587e+00 1.49583401e-01
678 3 1.76714587e+00 1.48941766e-01
679 3 1.76714587e+00 1.50048564e-01
680 3 1.76714587e+00 1.49961299e-01
681 3 1.76714587e+00 1.49549130e-01
682 3 1.76714587e+00 1.49357670e-01
683 3 1.76714587e+00 1.49058342e-01
684 3 1.76714587e+00 1.49094607e-01
685 3 1.76714587e+00 1.48238458e-01
686 3 1.76714587e+00 1.49468160e-01
687 3 1.76714587e+00 1.48887611e-01
688 3 1.76714587e+00 1.48676770e-01
689 3 1.76714587e+00 1.47566833e-01
690 3 1.76714587e+00 1.49101646e-01
691 3 1.76714587e+00 1.47504505e-01
692 3 1.76714587e+00 1.49080461e-01
693 3 1.76714587e+00 1.49398225e-01
694 3 1.76714587e+00 1.49352822e-01
695 3 1.76714587e+00 1.49556463e-01
696 3 1.76714587e+00 1.49556985e-01
697 3 1.76714587e+00 1.48655812e-01
698 3 1.76714587e+00 1.48303928e-01
699 3 1.76714587e+00 1.48933312e-01
700 3 1.76714587e+00 1.48486705e-01
701 3 1.76714587e+00 1.49005932e-01
702 3 1.76714587e+00 1.48328245e-01
703 3 1.76714587e+00 1.49627932e-01
704 3 1.76714587e+00 1.48641852e-01
705 3 1.76714587e+00 1.49392642e-01
706 3 1.76714587e+00 1.49403294e-01
707 3 1.76714587e+00 1.49096382e-01
708 3 1.76714587e+00 1.49147905e-01
709 3 1.76714587e+00 1.48749991e-01
710 3 1.76714587e+00 1.48660730e-01
711 3 1.76714587e+00 1.48863707e-01
712 3 1.76714587e+00 1.49595934e-01
713 3 1.76714587e+00 1.49820150e-01
714 3 1.76714587e+00 1.48121531e-01
715 3 1.76714587e+00 1.48823614e-01
716 3 1.76714587e+00 1.49385372e-01
717 3 1.76714587e+00 1.49350725e-01
718 3 1.76714587e+00 1.48987708e-01
719 3 1.76714587e+00 1.49043653e-01
720 3 1.76714587e+00 1.49287757e-01
721 3 1.76714587e+00 1.49032549e-01
722 3 1.76714587e+00 1.49234074e-01
723 3 1.76714587e+00 1.48592040e-01
724 3 1.76714587e+00 1.48280768e-01
725 3 1.76714587e+00 1.48817767e-01
726 3 1.76714587e+00 1.49263000e-01
727 3 1.76714587e+00 1.48053580e-01
728 3 1.76714587e+00 1.49185822e-01
729 3 1.76714587e+00 1.48861412e-01
730 3 1.76714587e+00 1.49192757e-01
731 3 1.76714587e+00 1.48042785e-01
732 3 1.76714587e+00 1.49650032e-01
733 3 1.76714587e+00 1.50469936e-01
734 3 1.76714587e+00 1.48001705e-01
735 3 1.76714587e+00 1.49141262e-01
736 3 1.76714587e+00 1.49246354e-01
737 3 1.76714587e+00 1.49123723e-01
738 3 1.76714587e+00 1.48566903e-01
739 3 1.76714587e+00 1.48223736e-01
740 3 1.76714587e+00 1.48641680e-01
741 3 1.76714587e+00 1.48667763e-01
742 3 1.76714587e+00 1.49137039e-01
743 3 1.76714587e+00 1.48945594e-01
744 3 1.76714587e+00 1.48536874e-01
745 3 1.76714587e+00 1.48570813e-01
746 3 1.76714587e+00 1.48603974e-01
747 3 1.76714587e+00 1.49001994e-01
748 3 1.76714587e+00 1.49336349e-01
749 3 1.76714587e+00 1.49543265e-01
750 3 1.76714587e+00 1.48906787e-01
751 3 1.76714587e+00 1.49654856e-01
752 3 1.76714587e+00 1.49117991e-01
753 3 1.76714587e+00 1.48637247e-01
754 3 1.76714587e+00 1.48759930e-01
755 3 1.76714587e+00 1.49324254e-01
756 3 1.76714587e+00 1.48095531e-01
757 3 1.76714587e+00 1.48376141e-01
758 3 1.76714587e+00 1.49137349e-01
759 3 1.76714587e+00 1.49060944e-01
760 3 1.76714587e+00 1.48094379e-01
761 3 1.76714587e+00 1.48479645e-01
762 3 1.76714587e+00 1.49541100e-01
763 3 1.76714587e+00 1.49344438e-01
764 3 1.76714587e+00 1.48975521e-01
765 3 1.76714587e+00 1.48626136e-01
766 3 1.76714587e+00 1.49361394e-01
767 3 1.76714587e+00 1.47361221e-01
768 3 1.76714587e+00 1.49012970e-01
769 3 1.76714587e+00 1.48992819e-01
770 3 1.76714587e+00 1.48610127e-01
771 3 1.76714587e+00 1.48992733e-01
772 3 1.76714587e+00 1.49562046e-01
773 3 1.76714587e+00 1.49067009e-01
774 3 1.76714587e+00 1.48694942e-01
775 3 1.76714587e+00 1.48825752e-01
776 3 1.76714587e+00 1.48282663e-01
777 3 1.76714587e+00 1.49032111e-01
778 3 1.76714587e+00 1.48134595e-01
779 3 1.76714587e+00 1.48527261e-01
780 3 1.76714587e+00 1.49183858e-01
781 3 1.76714587e+00 1.49001561e-01
782 3 1.76714587e+00 1.48363207e-01
783 3 1.76714587e+00 1.48938382e-01
784 3 1.76714587e+00 1.47825432e-01
785 3 1.76714587e+00 1.48651203e-01
786 3 1.76714587e+00 1.48970457e-01
787 3 1.76714587e+00 1.48466268e-01
788 3 1.76714587e+00 1.48228544e-01
789 3 1.76714587e+00 1.48700145e-01
790 3 1.76714587e+00 1.48829440e-01
791 3 1.76714587e+00 1.49302697e-01
792 3 1.76714587e+00 1.49577547e-01
793 3 1.76714587e+00 1.48178363e-01
794 3 1.76714587e+00 1.49739940e-01
795 3 1.76714587e+00 1.49926061e-01
796 3 1.76714587e+00 1.48842597e-01
797 3 1.76714587e+00 1.49115303e-01
798 3 1.76714587e+00 1.48607001e-01
799 3 1.76714587e+00 1.49074927e-01
800 3 1.76714587e+00 1.48476187e-01
801 3 1.76714587e+00 1.48649703e-01
802 3 1.76714587e+00 1.48523832e-01
803 3 1.76714587e+00 1.49171622e-01
804 3 1.76714587e+00 1.48538052e-01
805 3 1.76714587e+00 1.48532922e-01
806 3 1.76714587e+00 1.49514578e-01
807 3 1.76714587e+00 1.49139527e-01
808 3 1.76714587e+00 1.48911359e-01
809 3 1.76714587e+00 1.49581897e-01
810 3 1.76714587e+00 1.48827661e-01
811 3 1.76714587e+00 1.49006226e-01
812 3 1.76714587e+00 1.48101038e-01
813 3 1.76714587e+00 1.48930159e-01
814 3 1.76714587e+00 1.48489035e-01
815 3 1.76714587e+00 1.49368532e-01
816 3 1.76714587e+00 1.49543141e-01
817 3 1.76714587e+00 1.49754858e-01
818 3 1.76714587e+00 1.48750665e-01
819 3 1.76714587e+00 1.48591702e-01
820 3 1.76714587e+00 1.49594920e-01
821 3 1.76714587e+00 1.48810357e-01
822 3 1.76714587e+00 1.49575981e-01
823 3 1.76714587e+00 1.49919556e-01
824 3 1.76714587e+00 1.49130381e-01
825 3 1.76714587e+00 1.48975982e-01
826 3 1.76714587e+00 1.49133845e-01
827 3 1.76714587e+00 1.48202073e-01
828 3 1.76714587e+00 1.49034261e-01
829 3 1.76714587e+00 1.49862405e-01
830 3 1.76714587e+00 1.48077860e-01
831 3 1.76714587e+00 1.49791175e-01
832 3 1.76714587e+00 1.49258721e-01
833 3 1.76714587e+00 1.48482996e-01
834 3 1.76714587e+00 1.49235691e-01
835 3 1.76714587e+00 1.49191876e-01
836 3 1.76714587e+00 1.49496245e-01
837 3 1.76714587e+00 1.49007023e-01
838 3 1.76714587e+00 1.48572865e-01
839 3 1.76714587e+00 1.49392267e-01
840 3 1.76714587e+00 1.49138975e-01
841 3 1.76714587e+00 1.48778763e-01
842 3 1.76714587e+00 1.48913206e-01
843 3 1.76714587e+00 1.49012980e-01
844 3 1.76714587e+00 1.48722166e-01
845 3 1.76714587e+00 1.49666380e-01
846 3 1.76714587e+00 1.48620405e-01
847 3 1.76714587e+00 1.48506455e-01
848 3 1.76714587e+00 1.49597131e-01
849 3 1.76714587e+00 1.49667908e-01
850 3 1.76714587e+00 1.48629453e-01
851 3 1.76714587e+00 1.48972995e-01
852 3 1.76714587e+00 1.49052240e-01
853 3 1.76714587e+00 1.47763780e-01
854 3 1.76714587e+00 1.49286010e-01
855 3 1.76714587e+00 1.48812524e-01
856 3 1.76714587e+00 1.48451175e-01
857 3 1.76714587e+00 1.49027430e-01
858 3 1.76714587e+00 1.49859215e-01
859 3 1.76714587e+00 1.49300428e-01
860 3 1.76714587e+00 1.49484295e-01
861 3 1.76714587e+00 1.48844358e-01
862 3 1.76714587e+00 1.49758574e-01
863 3 1.76714587e+00 1.48153311e-01
864 3 1.76714587e+00 1.49323872e-01
865 3 1.76714587e+00 1.49592263e-01
866 3 1.76714587e+00 1.49282623e-01
867 3 1.76714587e+00 1.49080051e-01
868 3 1.76714587e+00 1.49491341e-01
869 3 1.76714587e+00 1.48935562e-01
870 3 1.76714587e+00 1.49545175e-01
871 3 1.76714587e+00 1.49576761e-01
872 3 1.76714587e+00 1.50124206e-01
873 3 1.76714587e+00 1.48840823e-01
874 3 1.76714587e+00 1.47942624e-01
875 3 1.76714587e+00 1.48615947e-01
876 3 1.76714587e+00 1.48805931e-01
877 3 1.76714587e+00 1.48599234e-01
878 3 1.76714587e+00 1.48263250e-01
879 3 1.76714587e+00 1.48729053e-01
880 3 1.76714587e+00 1.48042543e-01
881 3 1.76714587e+00 1.48661179e-01
882 3 1.76714587e+00 1.49012712e-01
883 3 1.76714587e+00 1.48472413e-01
884 3 1.76714587e+00 1.49334585e-01
885 3 1.76714587e+00 1.50414301e-01
886 3 1.76714587e+00 1.49376451e-01
887 3 1.76714587e+00 1.48885550e-01
888 3 1.76714587e+00 1.49561090e-01
889 3 1.76714587e+00 1.49562727e-01
890 3 1.76714587e+00 1.48804706e-01
891 3 1.76714587e+00 1.48314670e-01
892 3 1.76714587e+00 1.48261906e-01
893 3 1.76714587e+00 1.47981954e-01
894 3 1.76714587e+00 1.49638616e-01
895 3 1.76714587e+00 1.49511529e-01
896 3 1.76714587e+00 1.49079951e-01
897 3 1.76714587e+00 1.49757562e-01
898 3 1.76714587e+00 1.49441780e-01
899 3 1.76714587e+00 1.48361915e-01
900 3 1.76714587e+00 1.48959588e-01
901 3 1.76714587e+00 1.48917779e-01
902 3 1.76714587e+00 1.49406368e-01
903 3 1.76714587e+00 1.49483613e-01
904 3 1.76714587e+00 1.49285096e-01
905 3 1.76714587e+00 1.48434919e-01
906 3 1.76714587e+00 1.49292302e-01
907 3 1.76714587e+00 1.48766220e-01
908 3 1.76714587e+00 1.49249774e-01
909 3 1.76714587e+00 1.49159247e-01
910 3 1.76714587e+00 1.49384432e-01
911 3 1.76714587e+00 1.49316915e-01
912 3 1.76714587e+00 1.48979343e-01
913 3 1.76714587e+00 1.49926940e-01
914 3 1.76714587e+00 1.48962417e-01
915 3 1.76714587e+00 1.48092858e-01
916 3 1.76714587e+00 1.48710604e-01
917 3 1.76714587e+00 1.50031142e-01
918 3 1.76714587e+00 1.49642549e-01
919 3 1.76714587e+00 1.49574902e-01
920 3 1.76714587e+00 1.48678179e-01
921 3 1.76714587e+00 1.49113342e-01
922 3 1.76714587e+00 1.49257300e-01
923 3 1.76714587e+00 1.49505972e-01
924 3 1.76714587e+00 1.49119044e-01
925 3 1.76714587e+00 1.49059362e-01
926 3 1.76714587e+00 1.48051308e-01
927 3 1.76714587e+00 1.48719616e-01
928 3 1.76714587e+00 1.49168032e-01
929 3 1.76714587e+00 1.49423563e-01
930 3 1.76714587e+00 1.48205669e-01
931 3 1.76714587e+00 1.48680501e-01
932 3 1.76714587e+00 1.48872642e-01
933 3 1.76714587e+00 1.49151320e-01
934 3 1.76714587e+00 1.48991008e-01
935 3 1.76714587e+00 1.48861252e-01
936 3 1.76714587e+00 1.48515548e-01
937 3 1.76714587e+00 1.48183507e-01
938 3 1.76714587e+00 1.48738309e-01
939 3 1.76714587e+00 1.49836861e-01
940 3 1.76714587e+00 1.48235955e-01
941 3 1.76714587e+00 1.48667801e-01
942 3 1.76714587e+00 1.49572053e-01
943 3 1.76714587e+00 1.49164127e-01
944 3 1.76714587e+00 1.49043056e-01
945 3 1.76714587e+00 1.48910071e-01
946 3 1.76714587e+00 1.49934296e-01
947 3 1.76714587e+00 1.48276941e-01
948 3 1.76714587e+00 1.48897557e-01
949 3 1.76714587e+00 1.48560742e-01
950 3 1.76714587e+00 1.47951493e-01
951 3 1.76714587e+00 1.49177829e-01
952 3 1.76714587e+00 1.47610554e-01
953 3 1.76714587e+00 1.48931842e-01
954 3 1.76714587e+00 1.49237763e-01
955 3 1.76714587e+00 1.48775373e-01
956 3 1.76714587e+00 1.49339311e-01
957 3 1.76714587e+00 1.49827452e-01
958 3 1.76714587e+00 1.48016248e-01
959 3 1.76714587e+00 1.47946335e-01
960 3 1.76714587e+00 1.49166956e-01
961 3 1.76714587e+00 1.49363603e-01
962 3 1.76714587e+00 1.49316127e-01
963 3 1.76714587e+00 1.49171176e-01
964 3 1.76714587e+00 1.48771786e-01
965 3 1.76714587e+00 1.48951568e-01
966 3 1.76714587e+00 1.48138288e-01
967 3 1.76714587e+00 1.49815520e-01
968 3 1.76714587e+00 1.48161254e-01
969 3 1.76714587e+00 1.48212376e-01
970 3 1.76714587e+00 1.48381471e-01
971 3 1.76714587e+00 1.48973188e-01
972 3 1.76714587e+00 1.48403671e-01
973 3 1.76714587e+00 1.48817183e-01
974 3 1.76714587e+00 1.49061165e-01
975 3 1.76714587e+00 1.49716086e-01
976 3 1.76714587e+00 1.47903150e-01
977 3 1.76714587e+00 1.49721866e-01
978 3 1.76714587e+00 1.48283957e-01
979 3 1.76714587e+00 1.47553279e-01
980 3 1.76714587e+00 1.48945295e-01
981 3 1.76714587e+00 1.48796574e-01
982 3 1.76714587e+00 1.48608014e-01
983 3 1.76714587e+00 1.49695862e-01
984 3 1.76714587e+00 1.48817046e-01
985 3 1.76714587e+00 1.49353173e-01
986 3 1.76714587e+00 1.49983020e-01
987 3 1.76714587e+00 1.48297570e-01
988 3 1.76714587e+00 1.48308899e-01
989 3 1.76714587e+00 1.48923139e-01
990 3 1.76714587e+00 1.49141785e-01
991 3 1.76714587e+00 1.48816130e-01
992 3 1.76714587e+00 1.49359705e-01
993 3 1.76714587e+00 1.48430347e-01
994 3 1.76714587e+00 1.48594445e-01
995 3 1.76714587e+00 1.50119746e-01
996 3 1.76714587e+00 1.49247890e-01
997 3 1.76714587e+00 1.48286316e-01
998 3 1.76714587e+00 1.49063592e-01
999 3 1.76714587e+00 1.49213595e-01
1000 3 1.76714587e+00 1.49183957e-01
1001 3 1.76714587e+00 1.50913123e-01
1002 3 1.76714587e+00 1.47920373e-01
1003 3 1.76714587e+00 1.48405410e-01
1004 3 1.76714587e+00 1.49104573e-01
1005 3 1.76714587e+00 1.48160073e-01
1006 3 1.76714587e+00 1.48822883e-01
1007 3 1.76714587e+00 1.48473583e-01
1008 3 1.76714587e+00 1.49406476e-01
1009 3 1.76714587e+00 1.48329684e-01
1010 3 1.76714587e+00 1.48803035e-01
1011 3 1.76714587e+00 1.48682062e-01
1012 3 1.76714587e+00 1.48420330e-01
1013 3 1.76714587e+00 1.48411773e-01
1014 3 1.76714587e+00 1.49039084e-01
1015 3 1.76714587e+00 1.48095380e-01
1016 3 1.76714587e+00 1.49481538e-01
1017 3 1.76714587e+00 1.47339848e-01
1018 3 1.76714587e+00 1.49061482e-01
1019 3 1.76714587e+00 1.48743516e-01
1020 3 1.76714587e+00 1.48725971e-01
1021 3 1.76714587e+00 1.48828600e-01
1022 3 1.76714587e+00 1.48954328e-01
1023 3 1.76714587e+00 1.48901682e-01
1024 3 1.76714587e+00 1.48381704e-01
1025 3 1.76714587e+00 1.48392380e-01
0 4 2.35619449e+00 1.83790453e-01
1 4 2.35619449e+00 1.82763811e-01
2 4 2.35619449e+00 1.83093337e-01
3 4 2.35619449e+00 1.83071031e-01
4 4 2.35619449e+00 1.83163638e-01
5 4 2.35619449e+00 1.82267789e-01
6 4 2.35619449e+00 1.82178303e-01
7 4 2.35619449e+00 1.83547475e-01
8 4 2.35619449e+00 1.83374035e-01
9 4 2.35619449e+00 1.82440313e-01
10 4 2.35619449e+00 1.82966350e-01
11 4 2.35619449e+00 1.82189699e-01
12 4 2.35619449e+00 1.83471672e-01
13 4 2.35619449e+00 1.83703917e-01
14 4 2.35619449e+00 1.82890189e-01
15 4 2.35619449e+00 1.82239483e-01
16 4 2.35619449e+00 1.81379076e-01
17 4 2.35619449e+00 1.82335761e-01
18 4 2.35619449e+00 1.82011130e-01
19 4 2.35619449e+00 1.82683596e-01
20 4 2.35619449e+00 1.82389187e-01
21 4 2.35619449e+00 1.82375169e-01
22 4 2.35619449e+00 1.82719051e-01
23 4 2.35619449e+00 1.82416734e-01
24 4 2.35619449e+00 1.82080836e-01
25 4 2.35619449e+00 1.82407943e-01
26 4 2.35619449e+00 1.82432066e-01
27 4 2.35619449e+00 1.83216231e-01
28 4 2.35619449e+00 1.83491160e-01
29 4 2.35619449e+00 1.82371656e-01
30 4 2.35619449e+00 1.83063496e-01
31 4 2.35619449e+00 1.83657239e-01
32 4 2.35619449e+00 1.81998395e-01
33 4 2.35619449e+00 1.83546781e-01
34 4 2.35619449e+00 1.81872028e-01
35 4 2.35619449e+00 1.81956581e-01
36 4 2.35619449e+00 1.83062211e-01
37 4 2.35619449e+00 1.82753502e-01
38 4 2.35619449e+00 1.82556166e-01
39 4 2.35619449e+00 1.83058255e-01
40 4 2.35619449e+00 1.82699047e-01
41 4 2.35619449e+00 1.83520123e-01
42 4 2.35619449e+00 1.82978733e-01
43 4 2.35619449e+00 1.82097225e-01
44 4 2.35619449e+00 1.83867059e-01
45 4 2.35619449e+00 1.82442591e-01
46 4 2.35619449e+00 1.82911740e-01
47 4 2.35619449e+00 1.84297368e-01
48 4 2.35619449e+00 1.83681256e-01
49 4 2.35619449e+00 1.83666995e-01
50 4 2.35619449e+00 1.83433537e-01
51 4 2.35619449e+00 1.83077665e-01
52 4 2.35619449e+00 1.83059600e-01
53 4 2.35619449e+00 1.82762666e-01
54 4 2.35619449e+00 1.83665725e-01
55 4 2.35619449e+00 1.82441184e-01
56 4 2.35619449e+00 1.82707693e-01
57 4 2.35619449e+00 1.82014619e-01
58 4 2.35619449e+00 1.83038074e-01
59 4 2.35619449e+00 1.82327718e-01
60 4 2.35619449e+00 1.82681882e-01
61 4 2.35619449e+00 1.83300929e-01
62 4 2.35619449e+00 1.81828309e-01
63 4 2.35619449e+00 1.81464331e-01
64 4 2.35619449e+00 1.82510356e-01
65 4 2.35619449e+00 1.83629965e-01
66 4 2.35619449e+00 1.82131926e-01
67 4 2.35619449e+00 1.82548766e-01
68 4 2.35619449e+00 1.81522913e-01
69 4 2.35619449e+00 1.82957406e-01
70 4 2.35619449e+00 1.82718537e-01
71 4 2.35619449e+00 1.81869240e-01
72 4 2.35619449e+00 1.81993882e-01
73 4 2.35619449e+00 1.82694478e-01
74 4 2.35619449e+00 1.82853476e-01
75 4 2.35619449e+00 1.82949729e-01
76 4 2.35619449e+00 1.81144624e-01
77 4 2.35619449e+00 1.83754245e-01
78 4 2.35619449e+00 1.82978650e-01
79 4 2.35619449e+00 1.82726027e-01
80 4 2.35619449e+00 1.82630157e-01
81 4 2.35619449e+00 1.83344588e-01
82 4 2.35619449e+00 1.82097584e-01
83 4 2.35619449e+00 1.82346758e-01
84 4 2.35619449e+00 1.82805195e-01
85 4 2.35619449e+00 1.82602855e-01
86 4 2.35619449e+00 1.82298096e-01
87 4 2.35619449e+00 1.83094304e-01
88 4 2.35619449e+00 1.83409944e-01
89 4 2.35619449e+00 1.83248590e-01
90 4 2.35619449e+00 1.83968213e-01
91 4 2.35619449e+00 1.83390793e-01
92 4 2.35619449e+00 1.82901003e-01
93 4 2.35619449e+00 1.82814083e-01
94 4 2.35619449e+00 1.82989475e-01
95 4 2.35619449e+00 1.82570347e-01
96 4 2.35619449e+00 1.82761943e-01
97 4 2.35619449e+00 1.82780835e-01
98 4 2.35619449e+00 1.81379991e-01
99 4 2.35619449e+00 1.81723333e-01
100 4 2.35619449e+00 1.83240518e-01
101 4 2.35619449e+00 1.82837385e-01
102 4 2.35619449e+00 1.82105976e-01
103 4 2.35619449e+00 1.83741114e-01
104 4 2.35619449e+00 1.82458054e-01
105 4 2.35619449e+00 1.80675343e-01
106 4 2.35619449e+00 1.82803159e-01
107 4 2.35619449e+00 1.82374944e-01
108 4 2.35619449e+00 1.82980176e-01
109 4 2.35619449e+00 1.82016917e-01
110 4 2.35619449e+00 1.83963473e-01
111 4 2.35619449e+00 1.83782073e-01
112 4 2.35619449e+00 1.82765987e-01
113 4 2.35619449e+00 1.82699467e-01
114 4 2.35619449e+00 1.82838481e-01
115 4 2.35619449e+00 1.83902497e-01
116 4 2.35619449e+00 1.82500953e-01
117 4 2.35619449e+00 1.82067924e-01
118 4 2.35619449e+00 1.83779847e-01
119 4 2.35619449e+00 1.81967758e-01
120 4 2.35619449e+00 1.82015351e-01
121 4 2.35619449e+00 1.82912850e-01
122 4 2.35619449e+00 1.82355827e-01
123 4 2.35619449e+00 1.82112874e-01
124 4 2.35619449e+00 1.83660738e-01
125 4 2.35619449e+00 1.82645648e-01
126 4 2.35619449e+00 1.82130352e-01
127 4 2.35619449e+00 1.83579594e-01
128 4 2.35619449e+00 1.82904305e-01
129 4 2.35619449e+00 1.82443529e-01
130 4 2.35619449e+00 1.83327735e-01
131 4 2.35619449e+00 1.82749553e-01
132 4 2.35619449e+00 1.82510486e-01
133 4 2.35619449e+00 1.83120643e-01
134 4 2.35619449e+00 1.81455124e-01
135 4 2.35619449e+00 1.83615819e-01
136 4 2.35619449e+00 1.82869629e-01
137 4 2.35619449e+00 1.82136371e-01
138 4 2.35619449e+00 1.83322822e-01
139 4 2.35619449e+00 1.82986864e-01
140 4 2.35619449e+00 1.83115657e-01
141 4 2.35619449e+00 1.83521444e-01
142 4 2.35619449e+00 1.82351169e-01
143 4 2.35619449e+00 1.82770055e-01
144 4 2.35619449e+00 1.83348091e-01
145 4 2.35619449e+00 1.82597312e-01
146 4 2.35619449e+00 1.82647706e-01
147 4 2.35619449e+00 1.82059150e-01
148 4 2.35619449e+00 1.82633469e-01
149 4 2.35619449e+00 1.83831379e-01
150 4 2.35619449e+00 1.82565225e-01
151 4 2.35619449e+00 1.82945695e-01
152 4 2.35619449e+00 1.83853093e-01
153 4 2.35619449e+00 1.82727973e-01
154 4 2.35619449e+00 1.82177053e-01
155 4 2.35619449e+00 1.82176958e-01
156 4 2.35619449e+00 1.82966996e-01
157 4 2.35619449e+00 1.84619675e-01
158 4 2.35619449e+00 1.82847888e-01
159 4 2.35619449e+00 1.83754642e-01
160 4 2.35619449e+00 1.82848010e-01
161 4 2.35619449e+00 1.81889214e-01
162 4 2.35619449e+00 1.81917033e-01
163 4 2.35619449e+00 1.84046551e-01
164 4 2.35619449e+00 1.82514143e-01
165 4 2.35619449e+00 1.82155345e-01
166 4 2.35619449e+00 1.81860653e-01
167 4 2.35619449e+00 1.82612588e-01
168 4 2.35619449e+00 1.82958073e-01
169 4 2.35619449e+00 1.84439005e-01
170 4 2.35619449e+00 1.82793313e-01
171 4 2.35619449e+00 1.82879642e-01
172 4 2.35619449e+00 1.82235547e-01
173 4 2.35619449e+00 1.83581740e-01
174 4 2.35619449e+00 1.82404462e-01
175 4 2.35619449e+00 1.82183086e-01
176 4 2.35619449e+00 1.83453876e-01
177 4 2.35619449e+00 1.83567590e-01
178 4 2.35619449e+00 1.83178083e-01
179 4 2.35619449e+00 1.83855447e-01
180 4 2.35619449e+00 1.82652662e-01
181 4 2.35619449e+00 1.82792674e-01
182 4 2.35619449e+00 1.82739099e-01
183 4 2.35619449e+00 1.82194688e-01
184 4 2.35619449e+00 1.82595363e-01
185 4 2.35619449e+00 1.83809460e-01
186 4 2.35619449e+00 1.82493900e-01
187 4 2.35619449e+00 1.83934722e-01
188 4 2.35619449e+00 1.82442554e-01
189 4 2.35619449e+00 1.83400954e-01
190 4 2.35619449e+00 1.83778266e-01
191 4 2.35619449e+00 1.82922926e-01
192 4 2.35619449e+00 1.81962797e-01
193 4 2.35619449e+00 1.82480492e-01
194 4 2.35619449e+00 1.83130404e-01
195 4 2.35619449e+00 1.82838855e-01
196 4 2.35619449e+00 1.82180092e-01
197 4 2.35619449e+00 1.82825519e-01
198 4 2.35619449e+00 1.83732610e-01
199 4 2.35619449e+00 1.82546914e-01
200 4 2.35619449e+00 1.82835357e-01
201 4 2.35619449e+00 1.82036578e-01
202 4 2.35619449e+00 1.82225929e-01
203 4 2.35619449e+00 1.82415640e-01
204 4 2.35619449e+00 1.82732726e-01
205 4 2.35619449e+00 1.82683152e-01
206 4 2.35619449e+00 1.82868435e-01
207 4 2.35619449e+00 1.82942064e-01
208 4 2.35619449e+00 1.82666901e-01
209 4 2.35619449e+00 1.83772639e-01
210 4 2.35619449e+00 1.82502958e-01
211 4 2.35619449e+00 1.82887002e-01
212 4 2.35619449e+00 1.83346607e-01
213 4 2.35619449e+00 1.82156944e-01
214 4 2.35619449e+00 1.83035946e-01
215 4 2.35619449e+00 1.82663119e-01
216 4 2.35619449e+00 1.83674077e-01
217 4 2.35619449e+00 1.83350320e-01
218 4 2.35619449e+00 1.83576534e-01
219 4 2.35619449e+00 1.82966946e-01
220 4 2.35619449e+00 1.83460760e-01
221 4 2.35619449e+00 1.81660953e-01
222 4 2.35619449e+00 1.84805906e-01
223 4 2.35619449e+00 1.82635532e-01
224 4 2.35619449e+00 1.81764240e-01
225 4 2.35619449e+00 1.82855791e-01
226 4 2.35619449e+00 1.82356254e-01
227 4 2.35619449e+00 1.82597027e-01
228 4 2.35619449e+00 1.82591742e-01
229 4 2.35619449e+00 1.83295769e-01
230 4 2.35619449e+00 1.82457269e-01
231 4 2.35619449e+00 1.82279690e-01
232 4 2.35619449e+00 1.82279972e-01
233 4 2.35619449e+00 1.82539988e-01
234 4 2.35619449e+00 1.82855010e-01
235 4 2.35619449e+00 1.83691866e-01
236 4 2.35619449e+00 1.83242268e-01
237 4 2.35619449e+00 1.82698985e-01
238 4 2.35619449e+00 1.82409891e-01
239 4 2.35619449e+00 1.81425044e-01
240 4 2.35619449e+00 1.82190034e-01
241 4 2.35619449e+00 1.83175477e-01
242 4 2.35619449e+00 1.82371414e-01
243 4 2.35619449e+00 1.83873596e-01
244 4 2.35619449e+00 1.82276127e-01
245 4 2.35619449e+00 1.82980427e-01
246 4 2.35619449e+00 1.82241042e-01
247 4 2.35619449e+00 1.83089451e-01
248 4 2.35619449e+00 1.84333161e-01
249 4 2.35619449e+00 1.83721115e-01
250 4 2.35619449e+00 1.83147471e-01
251 4 2.35619449e+00 1.83750950e-01
252 4 2.35619449e+00 1.83319311e-01
253 4 2.35619449e+00 1.82417630e-01
254 4 2.35619449e+00 1.83431813e-01
255 4 2.35619449e+00 1.84435540e-01
256 4 2.35619449e+00 1.82972488e-01
257 4 2.35619449e+00 1.81946048e-01
258 4 2.35619449e+00 1.81901707e-01
259 4 2.35619449e+00 1.82655960e-01
260 4 2.35619449e+00 1.82594047e-01
261 4 2.35619449e+00 1.84109134e-01
262 4 2.35619449e+00 1.82470851e-01
263 4 2.35619449e+00 1.84815906e-01
264 4 2.35619449e+00 1.83942334e-01
265 4 2.35619449e+00 1.83600177e-01
266 4 2.35619449e+00 1.82732198e-01
267 4 2.35619449e+00 1.81960822e-01
268 4 2.35619449e+00 1.81684598e-01
269 4 2.35619449e+00 1.82285639e-01
270 4 2.35619449e+00 1.82496293e-01
271 4 2.35619449e+00 1.82405051e-01
272 4 2.35619449e+00 1.82830219e-01
273 4 2.35619449e+00 1.82325417e-01
274 4 2.35619449e+00 1.82330149e-01
275 4 2.35619449e+00 1.83544840e-01
276 4 2.35619449e+00 1.82990831e-01
277 4 2.35619449e+00 1.84011883e-01
278 4 2.35619449e+00 1.81779050e-01
279 4 2.35619449e+00 1.83148122e-01
280 4 2.35619449e+00 1.82770171e-01
281 4 2.35619449e+00 1.82759373e-01
282 4 2.35619449e+00 1.81728535e-01
283 4 2.35619449e+00 1.82948091e-01
284 4 2.35619449e+00 1.82187280e-01
285 4 2.35619449e+00 1.82751691e-01
286 4 2.35619449e+00 1.84042977e-01
287 4 2.35619449e+00 1.81630652e-01
288 4 2.35619449e+00 1.83956774e-01
289 4 2.35619449e+00 1.83322147e-01
290 4 2.35619449e+00 1.83580449e-01
291 4 2.35619449e+00 1.82895261e-01
292 4 2.35619449e+00 1.84784951e-01
293 4 2.35619449e+00 1.82685801e-01
294 4 2.35619449e+00 1.83109027e-01
295 4 2.35619449e+00 1.82036653e-01
296 4 2.35619449e+00 1.84060882e-01
297 4 2.35619449e+00 1.83989065e-01
298 4 2.35619449e+00 1.83288587e-01
299 4 2.35619449e+00 1.82377405e-01
300 4 2.35619449e+00 1.81967229e-01
301 4 2.35619449e+00 1.81192238e-01
302 4 2.35619449e+00 1.81904562e-01
303 4 2.35619449e+00 1.82265552e-01
304 4 2.35619449e+00 1.83818175e-01
305 4 2.35619449e+00 1.83143461e-01
306 4 2.35619449e+00 1.83576704e-01
307 4 2.35619449e+00 1.82355207e-01
308 4 2.35619449e+00 1.82847775e-01
309 4 2.35619449e+00 1.83322832e-01
310 4 2.35619449e+00 1.84333179e-01
311 4 2.35619449e+00 1.82254206e-01
312 4 2.35619449e+00 1.82732588e-01
313 4 2.35619449e+00 1.81788552e-01
314 4 2.35619449e+00 1.82553911e-01
315 4 2.35619449e+00 1.81414484e-01
316 4 2.35619449e+00 1.83617448e-01
317 4 2.35619449e+00 1.82128880e-01
318 4 2.35619449e+00 1.82562551e-01
319 4 2.35619449e+00 1.83559700e-01
320 4 2.35619449e+00 1.81856313e-01
321 4 2.35619449e+00 1.82732249e-01
322 4 2.35619449e+00 1.83292423e-01
323 4 2.35619449e+00 1.83112706e-01
324 4 2.35619449e+00 1.83714335e-01
325 4 2.35619449e+00 1.82582736e-01
326 4 2.35619449e+00 1.83222843e-01
327 4 2.35619449e+00 1.83138193e-01
328 4 2.35619449e+00 1.83224106e-01
329 4 2.35619449e+00 1.81762702e-01
330 4 2.35619449e+00 1.82201721e-01
331 4 2.35619449e+00 1.83000534e-01
332 4 2.35619449e+00 1.82548409e-01
333 4 2.35619449e+00 1.83126223e-01
334 4 2.35619449e+00 1.82133457e-01
335 4 2.35619449e+00 1.83639818e-01
336 4 2.35619449e+00 1.83551213e-01
337 4 2.35619449e+00 1.83454474e-01
338 4 2.35619449e+00 1.83064148e-01
339 4 2.35619449e+00 1.84211335e-01
340 4 2.35619449e+00 1.82832241e-01
341 4 2.35619449e+00 1.82106611e-01
342 4 2.35619449e+00 1.83645643e-01
343 4 2.35619449e+00 1.82407447e-01
344 4 2.35619449e+00 1.81647074e-01
345 4 2.35619449e+00 1.82803718e-01
346 4 2.35619449e+00 1.81374170e-01
347 4 2.35619449e+00 1.83408621e-01
348 4 2.35619449e+00 1.82871994e-01
349 4 2.35619449e+00 1.81948775e-01
350 4 2.35619449e+00 1.82516207e-01
351 4 2.35619449e+00 1.83339081e-01
352 4 2.35619449e+00 1.82543336e-01
353 4 2.35619449e+00 1.83107334e-01
354 4 2.35619449e+00 1.82237590e-01
355 4 2.35619449e+00 1.83641657e-01
356 4 2.35619449e+00 1.83211324e-01
357 4 2.35619449e+00 1.83041661e-01
358 4 2.35619449e+00 1.82230080e-01
359 4 2.35619449e+00 1.82933072e-01
360 4 2.35619449e+00 1.82821249e-01
361 4 2.35619449e+00 1.82769562e-01
362 4 2.35619449e+00 1.83884274e-01
363 4 2.35619449e+00 1.82035957e-01
364 4 2.35619449e+00 1.83184223e-01
365 4 2.35619449e+00 1.83375651e-01
366 4 2.35619449e+00 1.81952439e-01
367 4 2.35619449e+00 1.82018654e-01
368 4 2.35619449e+00 1.81541550e-01
369 4 2.35619449e+00 1.81611379e-01
370 4 2.35619449e+00 1.81883106e-01
371 4 2.35619449e+00 1.82868053e-01
372 4 2.35619449e+00 1.82698494e-01
373 4 2.35619449e+00 1.83186089e-01
374 4 2.35619449e+00 1.83131313e-01
375 4 2.35619449e+00 1.82158001e-01
376 4 2.35619449e+00 1.82358872e-01
377 4 2.35619449e+00 1.83196395e-01
378 4 2.35619449e+00 1.82910596e-01
379 4 2.35619449e+00 1.82049200e-01
380 4 2.35619449e+00 1.82603591e-01
381 4 2.35619449e+00 1.83571415e-01
382 4 2.35619449e+00 1.83525182e-01
383 4 2.35619449e+00 1.81366659e-01
384 4 2.35619449e+00 1.82395983e-01
385 4 2.35619449e+00 1.83152645e-01
386 4 2.35619449e+00 1.83814153e-01
387 4 2.35619449e+00 1.83987318e-01
388 4 2.35619449e+00 1.83705580e-01
389 4 2.35619449e+00 1.81533063e-01
390 4 2.35619449e+00 1.81959852e-01
391 4 2.35619449e+00 1.82719632e-01
392 4 2.35619449e+00 1.83301061e-01
393 4 2.35619449e+00 1.82373000e-01
394 4 2.35619449e+00 1.82583991e-01
395 4 2.35619449e+00 1.82056341e-01
396 4 2.35619449e+00 1.82847754e-01
397 4 2.35619449e+00 1.83963232e-01
398 4 2.35619449e+00 1.82611266e-01
399 4 2.35619449e+00 1.82514933e-01
400 4 2.35619449e+00 1.83320197e-01
401 4 2.35619449e+00 1.83720006e-01
402 4 2.35619449e+00 1.82011153e-01
403 4 2.35619449e+00 1.81355210e-01
404 4 2.35619449e+00 1.83714336e-01
405 4 2.35619449e+00 1.83103103e-01
406 4 2.35619449e+00 1.83135998e-01
407 4 2.35619449e+00 1.82971616e-01
408 4 2.35619449e+00 1.82426125e-01
409 4 2.35619449e+00 1.84371870e-01
410 4 2.35619449e+00 1.81900224e-01
411 4 2.35619449e+00 1.82507135e-01
412 4 2.35619449e+00 1.81867874e-01
413 4 2.35619449e+00 1.83334136e-01
414 4 2.35619449e+00 1.83671448e-01
415 4 2.35619449e+00 1.84252569e-01
416 4 2.35619449e+00 1.82134004e-01
417 4 2.35619449e+00 1.83051489e-01
418 4 2.35619449e+00 1.84011215e-01
419 4 2.35619449e+00 1.82095314e-01
420 4 2.35619449e+00 1.83283139e-01
421 4 2.35619449e+00 1.81902882e-01
422 4 2.35619449e+00 1.82511062e-01
423 4 2.35619449e+00 1.83523341e-01
424 4 2.35619449e+00 1.82532673e-01
425 4 2.35619449e+00 1.82319552e-01
426 4 2.35619449e+00 1.81202784e-01
427 4 2.35619449e+00 1.82644866e-01
428 4 2.35619449e+00 1.83169686e-01
429 4 2.35619449e+00 1.82590230e-01
430 4 2.35619449e+00 1.82631947e-01
431 4 2.35619449e+00 1.82474698e-01
432 4 2.35619449e+00 1.83117978e-01
433 4 2.35619449e+00 1.83502305e-01
434 4 2.35619449e+00 1.82648758e-01
435 4 2.35619449e+00 1.83981857e-01
436 4 2.35619449e+00 1.83500739e-01
437 4 2.35619449e+00 1.84078115e-01
438 4 2.35619449e+00 1.84007353e-01
439 4 2.35619449e+00 1.82393247e-01
440 4 2.35619449e+00 1.82231109e-01
441 4 2.35619449e+00 1.82275007e-01
442 4 2.35619449e+00 1.82381006e-01
443 4 2.35619449e+00 1.82833599e-01
444 4 2.35619449e+00 1.83126281e-01
445 4 2.35619449e+00 1.81542885e-01
446 4 2.35619449e+00 1.83087009e-01
447 4 2.35619449e+00 1.83229384e-01
448 4 2.35619449e+00 1.82333294e-01
449 4 2.35619449e+00 1.83226523e-01
450 4 2.35619449e+00 1.81926990e-01
451 4 2.35619449e+00 1.82304430e-01
452 4 2.35619449e+00 1.82615158e-01
453 4 2.35619449e+00 1.82370434e-01
454 4 2.35619449e+00 1.82234647e-01
455 4 2.35619449e+00 1.82158571e-01
456 4 2.35619449e+00 1.82402350e-01
457 4 2.35619449e+00 1.82069528e-01
458 4 2.35619449e+00 1.82930397e-01
459 4 2.35619449e+00 1.83987919e-01
460 4 2.35619449e+00 1.82363110e-01
461 4 2.35619449e+00 1.84067125e-01
462 4 2.35619449e+00 1.81492699e-01
463 4 2.35619449e+00 1.83520766e-01
464 4 2.35619449e+00 1.83637172e-01
465 4 2.35619449e+00 1.83223198e-01
466 4 2.35619449e+00 1.82996138e-01
467 4 2.35619449e+00 1.82141075e-01
468 4 2.35619449e+00 1.82271609e-01
469 4 2.35619449e+00 1.82057577e-01
470 4 2.35619449e+00 1.81372156e-01
471 4 2.35619449e+00 1.82970262e-01
472 4 2.35619449e+00 1.82527902e-01
473 4 2.35619449e+00 1.83612030e-01
474 4 2.35619449e+00 1.82131828e-01
475 4 2.35619449e+00 1.83559879e-01
476 4 2.35619449e+00 1.83346060e-01
477 4 2.35619449e+00 1.82858201e-01
478 4 2.35619449e+00 1.82288091e-01
479 4 2.35619449e+00 1.81649116e-01
480 4 2.35619449e+00 1.82846494e-01
481 4 2.35619449e+00 1.83190077e-01
482 4 2.35619449e+00 1.82400707e-01
483 4 2.35619449e+00 1.82989496e-01
484 4 2.35619449e+00 1.83995671e-01
485 4 2.35619449e+00 1.82711804e-01
486 4 2.35619449e+00 1.83532881e-01
487 4 2.35619449e+00 1.83218836e-01
488 4 2.35619449e+00 1.82951036e-01
489 4 2.35619449e+00 1.82969255e-01
490 4 2.35619449e+00 1.82822893e-01
491 4 2.35619449e+00 1.82645642e-01
492 4 2.35619449e+00 1.83520135e-01
493 4 2.35619449e+00 1.83720793e-01
494 4 2.35619449e+00 1.83204397e-01
495 4 2.35619449e+00 1.83162501e-01
496 4 2.35619449e+00 1.82239081e-01
497 4 2.35619449e+00 1.83300135e-01
498 4 2.35619449e+00 1.82857738e-01
499 4 2.35619449e+00 1.82914763e-01
500 4 2.35619449e+00 1.83812807e-01
501 4 2.35619449e+00 1.83181169e-01
502 4 2.35619449e+00 1.82675681e-01
503 4 2.35619449e+00 1.83062888e-01
504 4 2.35619449e+00 1.83164931e-01
505 4 2.35619449e+00 1.82257019e-01
506 4 2.35619449e+00 1.82188747e-01
507 4 2.35619449e+00 1.82762110e-01
508 4 2.35619449e+00 1.82515963e-01
509 4 2.35619449e+00 1.83009619e-01
510 4 2.35619449e+00 1.82727123e-01
511 4 2.35619449e+00 1.81995951e-01
512 4 2.35619449e+00 1.83028064e-01
513 4 2.35619449e+00 1.83038688e-01
514 4 2.35619449e+00 1.82638673e-01
515 4 2.35619449e+00 1.83500329e-01
516 4 2.35619449e+00 1.82832244e-01
517 4 2.35619449e+00 1.82752196e-01
518 4 2.35619449e+00 1.82708236e-01
519 4 2.35619449e+00 1.83369820e-01
520 4 2.35619449e+00 1.82811107e-01
521 4 2.35619449e+00 1.82443006e-01
522 4 2.35619449e+00 1.83273925e-01
523 4 2.35619449e+00 1.81483127e-01
524 4 2.35619449e+00 1.81766431e-01
525 4 2.35619449e+00 1.82668700e-01
526 4 2.35619449e+00 1.84801421e-01
527 4 2.35619449e+00 1.82932038e-01
528 4 2.35619449e+00 1.82519200e-01
529 4 2.35619449e+00 1.82805329e-01
530 4 2.35619449e+00 1.82450152e-01
531 4 2.35619449e+00 1.82066299e-01
532 4 2.35619449e+00 1.83221168e-01
533 4 2.35619449e+00 1.82657809e-01
534 4 2.35619449e+00 1.82105783e-01
535 4 2.35619449e+00 1.81828205e-01
536 4 2.35619449e+00 1.84324680e-01
537 4 2.35619449e+00 1.82538353e-01
538 4 2.35619449e+00 1.83153561e-01
539 4 2.35619449e+00 1.82318081e-01
540 4 2.35619449e+00 1.83890716e-01
541 4 2.35619449e+00 1.83145493e-01
542 4 2.35619449e+00 1.82364900e-01
543 4 2.35619449e+00 1.81783867e-01
544 4 2.35619449e+00 1.81627528e-01
545 4 2.35619449e+00 1.83571904e-01
546 4 2.35619449e+00 1.82729103e-01
547 4 2.35619449e+00 1.82316198e-01
548 4 2.35619449e+00 1.82531174e-01
549 4 2.35619449e+00 1.83269306e-01
550 4 2.35619449e+00 1.82397641e-01
551 4 2.35619449e+00 1.84294094e-01
552 4 2.35619449e+00 1.83238274e-01
553 4 2.35619449e+00 1.82273544e-01
554 4 2.35619449e+00 1.81306080e-01
555 4 2.35619449e+00 1.83365526e-01
556 4 2.35619449e+00 1.82748716e-01
557 4 2.35619449e+00 1.82949692e-01
558 4 2.35619449e+00 1.83244156e-01
559 4 2.35619449e+00 1.83229428e-01
560 4 2.35619449e+00 1.83257008e-01
561 4 2.35619449e+00 1.81772800e-01
562 4 2.35619449e+00 1.82293701e-01
563 4 2.35619449e+00 1.82867151e-01
564 4 2.35619449e+00 1.83068804e-01
565 4 2.35619449e+00 1.82129410e-01
566 4 2.35619449e+00 1.84626363e-01
567 4 2.35619449e+00 1.82284337e-01
568 4 2.35619449e+00 1.83640201e-01
569 4 2.35619449e+00 1.83121817e-01
570 4 2.35619449e+00 1.82401345e-01
571 4 2.35619449e+00 1.83369969e-01
572 4 2.35619449e+00 1.82296863e-01
573 4 2.35619449e+00 1.83552293e-01
574 4 2.35619449e+00 1.83600393e-01
575 4 2.35619449e+00 1.82677321e-01
576 4 2.35619449e+00 1.82141237e-01
577 4 2.35619449e+00 1.82456806e-01
578 4 2.35619449e+00 1.82196121e-01
579 4 2.35619449e+00 1.82454453e-01
580 4 2.35619449e+00 1.81747993e-01
581 4 2.35619449e+00 1.81286464e-01
582 4 2.35619449e+00 1.83729251e-01
583 4 2.35619449e+00 1.83305483e-01
584 4 2.35619449e+00 1.81957382e-01
585 4 2.35619449e+00 1.82428815e-01
586 4 2.35619449e+00 1.82304241e-01
587 4 2.35619449e+00 1.83745671e-01
588 4 2.35619449e+00 1.83252817e-01
589 4 2.35619449e+00 1.81774662e-01
590 4 2.35619449e+00 1.83278823e-01
591 4 2.35619449e+00 1.82272224e-01
592 4 2.35619449e+00 1.82397453e-01
593 4 2.35619449e+00 1.84427486e-01
594 4 2.35619449e+00 1.82969481e-01
595 4 2.35619449e+00 1.82660369e-01
596 4 2.35619449e+00 1.83283861e-01
597 4 2.35619449e+00 1.83004197e-01
598 4 2.35619449e+00 1.82652451e-01
599 4 2.35619449e+00 1.83281478e-01
600 4 2.35619449e+00 1.82063861e-01
601 4 2.35619449e+00 1.83123174e-01
602 4 2.35619449e+00 1.83468623e-01
603 4 2.35619449e+00 1.83236525e-01
604 4 2.35619449e+00 1.82924049e-01
605 4 2.35619449e+00 1.83449348e-01
606 4 2.35619449e+00 1.83538249e-01
607 4 2.35619449e+00 1.81792420e-01
608 4 2.35619449e+00 1.82004430e-01
609 4 2.35619449e+00 1.83355054e-01
610 4 2.35619449e+00 1.83483464e-01
611 4 2.35619449e+00 1.82738169e-01
612 4 2.35619449e+00 1.82298840e-01
613 4 2.35619449e+00 1.83710092e-01
614 4 2.35619449e+00 1.82337764e-01
615 4 2.35619449e+00 1.82564037e-01
616 4 2.35619449e+00 1.82086284e-01
617 4 2.35619449e+00 1.82745113e-01
618 4 2.35619449e+00 1.83207739e-01
619 4 2.35619449e+00 1.83203885e-01
620 4 2.35619449e+00 1.83857219e-01
621 4 2.35619449e+00 1.82434686e-01
622 4 2.35619449e+00 1.82570544e-01
623 4 2.35619449e+00 1.82486478e-01
624 4 2.35619449e+00 1.82401248e-01
625 4 2.35619449e+00 1.82976158e-01
626 4 2.35619449e+00 1.82614360e-01
627 4 2.35619449e+00 1.84078434e-01
628 4 2.35619449e+00 1.84536974e-01
629 4 2.35619449e+00 1.84025623e-01
630 4 2.35619449e+00 1.83073049e-01
631 4 2.35619449e+00 1.82635101e-01
632 4 2.35619449e+00 1.82400821e-01
633 4 2.35619449e+00 1.81724400e-01
634 4 2.35619449e+00 1.82345389e-01
635 4 2.35619449e+00 1.82671137e-01
636 4 2.35619449e+00 1.82847305e-01
637 4 2.35619449e+00 1.82667908e-01
638 4 2.35619449e+00 1.81984252e-01
639 4 2.35619449e+00 1.83540043e-01
640 4 2.35619449e+00 1.82642448e-01
641 4 2.35619449e+00 1.82823259e-01
642 4 2.35619449e+00 1.84210353e-01
643 4 2.35619449e+00 1.82980623e-01
644 4 2.35619449e+00 1.83190376e-01
645 4 2.35619449e+00 1.82356903e-01
646 4 2.35619449e+00 1.82906852e-01
647 4 2.35619449e+00 1.83398400e-01
648 4 2.35619449e+00 1.83528147e-01
649 4 2.35619449e+00 1.83461135e-01
650 4 2.35619449e+00 1.84421483e-01
651 4 2.35619449e+00 1.82754252e-01
652 4 2.35619449e+00 1.82791686e-01
653 4 2.35619449e+00 1.84151254e-01
654 4 2.35619449e+00 1.83556218e-01
655 4 2.35619449e+00 1.83630518e-01
656 4 2.35619449e+00 1.82978532e-01
657 4 2.35619449e+00 1.82023091e-01
658 4 2.35619449e+00 1.81943062e-01
659 4 2.35619449e+00 1.82851167e-01
660 4 2.35619449e+00 1.82678454e-01
661 4 2.35619449e+00 1.82703546e-01
662 4 2.35619449e+00 1.82586719e-01
663 4 2.35619449e+00 1.82745776e-01
664 4 2.35619449e+00 1.83259213e-01
665 4 2.35619449e+00 1.83276498e-01
666 4 2.35619449e+00 1.82043784e-01
667 4 2.35619449e+00 1.83570737e-01
668 4 2.35619449e+00 1.82654211e-01
669 4 2.35619449e+00 1.83354129e-01
670 4 2.35619449e+00 1.82992793e-01
671 4 2.35619449e+00 1.83477005e-01
672 4 2.35619449e+00 1.83013171e-01
673 4 2.35619449e+00 1.84117945e-01
674 4 2.35619449e+00 1.81543251e-01
675 4 2.35619449e+00 1.82369768e-01
676 4 2.35619449e+00 1.83609577e-01
677 4 2.35619449e+00 1.83702015e-01
678 4 2.35619449e+00 1.82874093e-01
679 4 2.35619449e+00 1.84330329e-01
680 4 2.35619449e+00 1.84234559e-01
681 4 2.35619449e+00 1.83652790e-01
682 4 2.35619449e+00 1.83358763e-01
683 4 2.35619449e+00 1.82908887e-01
684 4 2.35619449e+00 1.83056990e-01
685 4 2.35619449e+00 1.81837215e-01
686 4 2.35619449e+00 1.83401577e-01
687 4 2.35619449e+00 1.82727507e-01
688 4 2.35619449e+00 1.82431791e-01
689 4 2.35619449e+00 1.81093459e-01
690 4 2.35619449e+00 1.83091686e-01
691 4 2.35619449e+00 1.80988845e-01
692 4 2.35619449e+00 1.82928013e-01
693 4 2.35619449e+00 1.83498776e-01
694 4 2.35619449e+00 1.83468959e-01
695 4 2.35619449e+00 1.83498504e-01
696 4 2.35619449e+00 1.83599083e-01
697 4 2.35619449e+00 1.82449920e-01
698 4 2.35619449e+00 1.81879715e-01
699 4 2.35619449e+00 1.82591667e-01
700 4 2.35619449e+00 1.82034234e-01
701 4 2.35619449e+00 1.82767534e-01
702 4 2.35619449e+00 1.82117032e-01
703 4 2.35619449e+00 1.83791045e-01
704 4 2.35619449e+00 1.82281741e-01
705 4 2.35619449e+00 1.83408392e-01
706 4 2.35619449e+00 1.83478438e-01
707 4 2.35619449e+00 1.83058003e-01
708 4 2.35619449e+00 1.83098620e-01
709 4 2.35619449e+00 1.82649905e-01
710 4 2.35619449e+00 1.82574169e-01
711 4 2.35619449e+00 1.82709566e-01
712 4 2.35619449e+00 1.83691535e-01
713 4 2.35619449e+00 1.83849140e-01
714 4 2.35619449e+00 1.81634083e-01
715 4 2.35619449e+00 1.82808132e-01
716 4 2.35619449e+00 1.83541963e-01
717 4 2.35619449e+00 1.83407883e-01
718 4 2.35619449e+00 1.82866398e-01
719 4 2.35619449e+00 1.82943345e-01
720 4 2.35619449e+00 1.83195253e-01
721 4 2.35619449e+00 1.82930135e-01
722 4 2.35619449e+00 1.83058655e-01
723 4 2.35619449e+00 1.82287672e-01
724 4 2.35619449e+00 1.82030399e-01
725 4 2.35619449e+00 1.82612942e-01
726 4 2.35619449e+00 1.83342928e-01
727 4 2.35619449e+00 1.81494863e-01
728 4 2.35619449e+00 1.83215183e-01
729 4 2.35619449e+00 1.82739477e-01
730 4 2.35619449e+00 1.83242541e-01
731 4 2.35619449e+00 1.81552906e-01
732 4 2.35619449e+00 1.83740809e-01
733 4 2.35619449e+00 1.84968583e-01
734 4 2.35619449e+00 1.81645158e-01
735 4 2.35619449e+00 1.83222497e-01
736 4 2.35619449e+00 1.83077673e-01
737 4 2.35619449e+00 1.83080744e-01
738 4 2.35619449e+00 1.82353836e-01
739 4 2.35619449e+00 1.81958780e-01
740 4 2.35619449e+00 1.82612820e-01
741 4 2.35619449e+00 1.82520530e-01
742 4 2.35619449e+00 1.83009635e-01
743 4 2.35619449e+00 1.82834580e-01
744 4 2.35619449e+00 1.82231017e-01
745 4 2.35619449e+00 1.82243328e-01
746 4 2.35619449e+00 1.82371009e-01
747 4 2.35619449e+00 1.82831456e-01
748 4 2.35619449e+00 1.83375912e-01
749 4 2.35619449e+00 1.83636174e-01
750 4 2.35619449e+00 1.82598551e-01
751 4 2.35619449e+00 1.83807280e-01
752 4 2.35619449e+00 1.83073296e-01
753 4 2.35619449e+00 1.82354514e-01
754 4 2.35619449e+00 1.82530990e-01
755 4 2.35619449e+00 1.83216911e-01
756 4 2.35619449e+00 1.81616957e-01
757 4 2.35619449e+00 1.82174994e-01
758 4 2.35619449e+00 1.83014129e-01
759 4 2.35619449e+00 1.83131831e-01
760 4 2.35619449e+00 1.81575377e-01
761 4 2.35619449e+00 1.82331877e-01
762 4 2.35619449e+00 1.83498654e-01
763 4 2.35619449e+00 1.83363329e-01
764 4 2.35619449e+00 1.82931439e-01
765 4 2.35619449e+00 1.82474626e-01
766 4 2.35619449e+00 1.83229812e-01
767 4 2.35619449e+00 1.80859433e-01
768 4 2.35619449e+00 1.82833440e-01
769 4 2.35619449e+00 1.82771273e-01
770 4 2.35619449e+00 1.82314145e-01
771 4 2.35619449e+00 1.82730897e-01
772 4 2.35619449e+00 1.83676402e-01
773 4 2.35619449e+00 1.83392764e-01
774 4 2.35619449e+00 1.82577197e-01
775 4 2.35619449e+00 1.82697460e-01
776 4 2.35619449e+00 1.81708861e-01
777 4 2.35619449e+00 1.83034769e-01
778 4 2.35619449e+00 1.81900599e-01
779 4 2.35619449e+00 1.82156233e-01
780 4 2.35619449e+00 1.82971079e-01
781 4 2.35619449e+00 1.82819483e-01
782 4 2.35619449e+00 1.82063263e-01
783 4 2.35619449e+00 1.82879015e-01
784 4 2.35619449e+00 1.81452883e-01
785 4 2.35619449e+00 1.82535201e-01
786 4 2.35619449e+00 1.82820424e-01
787 4 2.35619449e+00 1.82303465e-01
788 4 2.35619449e+00 1.81715921e-01
789 4 2.35619449e+00 1.82522227e-01
790 4 2.35619449e+00 1.82496165e-01
791 4 2.35619449e+00 1.83315370e-01
792 4 2.35619449e+00 1.83793569e-01
793 4 2.35619449e+00 1.81735988e-01
794 4 2.35619449e+00 1.83805533e-01
795 4 2.35619449e+00 1.84215751e-01
796 4 2.35619449e+00 1.82761737e-01
797 4 2.35619449e+00 1.83012852e-01
798 4 2.35619449e+00 1.82325057e-01
799 4 2.35619449e+00 1.82951512e-01
800 4 2.35619449e+00 1.82200062e-01
801 4 2.35619449e+00 1.82507841e-01
802 4 2.35619449e+00 1.82315120e-01
803 4 2.35619449e+00 1.83210958e-01
804 4 2.35619449e+00 1.82296797e-01
805 4 2.35619449e+00 1.82317206e-01
806 4 2.35619449e+00 1.83501670e-01
807 4 2.35619449e+00 1.83125446e-01
808 4 2.35619449e+00 1.82891345e-01
809 4 2.35619449e+00 1.83603964e-01
810 4 2.35619449e+00 1.82751977e-01
811 4 2.35619449e+00 1.82917081e-01
812 4 2.35619449e+00 1.81588840e-01
813 4 2.35619449e+00 1.82845716e-01
814 4 2.35619449e+00 1.82440467e-01
815 4 2.35619449e+00 1.83366630e-01
816 4 2.35619449e+00 1.83627895e-01
817 4 2.35619449e+00 1.83904875e-01
818 4 2.35619449e+00 1.82632684e-01
819 4 2.35619449e+00 1.82324139e-01
820 4 2.35619449e+00 1.83815250e-01
821 4 2.35619449e+00 1.82585703e-01
822 4 2.35619449e+00 1.83640557e-01
823 4 2.35619449e+00 1.84099315e-01
824 4 2.35619449e+00 1.83212533e-01
825 4 2.35619449e+00 1.82824323e-01
826 4 2.35619449e+00 1.83071771e-01
827 4 2.35619449e+00 1.81976024e-01
828 4 2.35619449e+00 1.82899251e-01
829 4 2.35619449e+00 1.84177839e-01
830 4 2.35619449e+00 1.81688647e-01
831 4 2.35619449e+00 1.83911625e-01
832 4 2.35619449e+00 1.83163814e-01
833 4 2.35619449e+00 1.82232442e-01
834 4 2.35619449e+00 1.83069628e-01
835 4 2.35619449e+00 1.83225929e-01
836 4 2.35619449e+00 1.83494716e-01
837 4 2.35619449e+00 1.82907604e-01
838 4 2.35619449e+00 1.82373813e-01
839 4 2.35619449e+00 1.83553739e-01
840 4 2.35619449e+00 1.83022483e-01
841 4 2.35619449e+00 1.82650964e-01
842 4 2.35619449e+00 1.82818150e-01
843 4 2.35619449e+00 1.82878301e-01
844 4 2.35619449e+00 1.82436599e-01
845 4 2.35619449e+00 1.83944787e-01
846 4 2.35619449e+00 1.82582470e-01
847 4 2.35619449e+00 1.82112961e-01
848 4 2.35619449e+00 1.83561772e-01
849 4 2.35619449e+00 1.83762788e-01
850 4 2.35619449e+00 1.82373509e-01
851 4 2.35619449e+00 1.82988346e-01
852 4 2.35619449e+00 1.82871813e-01
853 4 2.35619449e+00 1.81167376e-01
854 4 2.35619449e+00 1.83506919e-01
855 4 2.35619449e+00 1.82611666e-01
856 4 2.35619449e+00 1.82088577e-01
857 4 2.35619449e+00 1.82798359e-01
858 4 2.35619449e+00 1.84165954e-01
859 4 2.35619449e+00 1.83293323e-01
860 4 2.35619449e+00 1.83641571e-01
861 4 2.35619449e+00 1.82653714e-01
862 4 2.35619449e+00 1.83919361e-01
863 4 2.35619449e+00 1.81633814e-01
864 4 2.35619449e+00 1.83472922e-01
865 4 2.35619449e+00 1.83762194e-01
866 4 2.35619449e+00 1.83182472e-01
867 4 2.35619449e+00 1.83002802e-01
868 4 2.35619449e+00 1.83583425e-01
869 4 2.35619449e+00 1.82971600e-01
870 4 2.35619449e+00 1.83429167e-01
871 4 2.35619449e+00 1.83759195e-01
872 4 2.35619449e+00 1.84409563e-01
873 4 2.35619449e+00 1.82604204e-01
874 4 2.35619449e+00 1.81489689e-01
875 4 2.35619449e+00 1.82450468e-01
876 4 2.35619449e+00 1.82700905e-01
877 4 2.35619449e+00 1.82262519e-01
878 4 2.35619449e+00 1.81992868e-01
879 4 2.35619449e+00 1.82518694e-01
880 4 2.35619449e+00 1.81646408e-01
881 4 2.35619449e+00 1.82434207e-01
882 4 2.35619449e+00 1.82811799e-01
883 4 2.35619449e+00 1.82216688e-01
884 4 2.35619449e+00 1.83105238e-01
885 4 2.35619449e+00 1.84719355e-01
886 4 2.35619449e+00 1.83510360e-01
887 4 2.35619449e+00 1.82789186e-01
888 4 2.35619449e+00 1.83512532e-01
889 4 2.35619449e+00 1.83699872e-01
890 4 2.35619449e+00 1.82483671e-01
891 4 2.35619449e+00 1.81827525e-01
892 4 2.35619449e+00 1.81865761e-01
893 4 2.35619449e+00 1.81369493e-01
894 4 2.35619449e+00 1.83721823e-01
895 4 2.35619449e+00 1.83827615e-01
896 4 2.35619449e+00 1.83028385e-01
897 4 2.35619449e+00 1.83922297e-01
898 4 2.35619449e+00 1.83472338e-01
899 4 2.35619449e+00 1.82083355e-01
900 4 2.35619449e+00 1.82729822e-01
901 4 2.35619449e+00 1.82675487e-01
902 4 2.35619449e+00 1.83575684e-01
903 4 2.35619449e+00 1.83566997e-01
904 4 2.35619449e+00 1.83343601e-01
905 4 2.35619449e+00 1.82108344e-01
906 4 2.35619449e+00 1.83161639e-01
907 4 2.35619449e+00 1.82493268e-01
908 4 2.35619449e+00 1.83248991e-01
909 4 2.35619449e+00 1.83136594e-01
910 4 2.35619449e+00 1.83389169e-01
911 4 2.35619449e+00 1.83388156e-01
912 4 2.35619449e+00 1.82835816e-01
913 4 2.35619449e+00 1.84236797e-01
914 4 2.35619449e+00 1.82740707e-01
915 4 2.35619449e+00 1.81699813e-01
916 4 2.35619449e+00 1.82450319e-01
917 4 2.35619449e+00 1.84059584e-01
918 4 2.35619449e+00 1.83739451e-01
919 4 2.35619449e+00 1.83656373e-01
920 4 2.35619449e+00 1.82405959e-01
921 4 2.35619449e+00 1.83000787e-01
922 4 2.35619449e+00 1.83259795e-01
923 4 2.35619449e+00 1.83448654e-01
924 4 2.35619449e+00 1.83085645e-01
925 4 2.35619449e+00 1.83043611e-01
926 4 2.35619449e+00 1.81641210e-01
927 4 2.35619449e+00 1.82563810e-01
928 4 2.35619449e+00 1.83175182e-01
929 4 2.35619449e+00 1.83661741e-01
930 4 2.35619449e+00 1.82066010e-01
931 4 2.35619449e+00 1.82489549e-01
932 4 2.35619449e+00 1.82695614e-01
933 4 2.35619449e+00 1.82966236e-01
934 4 2.35619449e+00 1.82810388e-01
935 4 2.35619449e+00 1.82804297e-01
936 4 2.35619449e+00 1.82297844e-01
937 4 2.35619449e+00 1.82059463e-01
938 4 2.35619449e+00 1.82598448e-01
939 4 2.35619449e+00 1.83882970e-01
940 4 2.35619449e+00 1.81876445e-01
941 4 2.35619449e+00 1.82167580e-01
942 4 2.35619449e+00 1.83514191e-01
943 4 2.35619449e+00 1.83155826e-01
944 4 2.35619449e+00 1.82989496e-01
945 4 2.35619449e+00 1.82718900e-01
946 4 2.35619449e+00 1.83971648e-01
947 4 2.35619449e+00 1.81947701e-01
948 4 2.35619449e+00 1.82684599e-01
949 4 2.35619449e+00 1.82389612e-01
950 4 2.35619449e+00 1.81610613e-01
951 4 2.35619449e+00 1.83295721e-01
952 4 2.35619449e+00 1.80855179e-01
953 4 2.35619449e+00 1.82774450e-01
954 4 2.35619449e+00 1.83200034e-01
955 4 2.35619449e+00 1.82732956e-01
956 4 2.35619449e+00 1.83292067e-01
957 4 2.35619449e+00 1.84084986e-01
958 4 2.35619449e+00 1.81707231e-01
959 4 2.35619449e+00 1.81563827e-01
960 4 2.35619449e+00 1.83162359e-01
961 4 2.35619449e+00 1.83376027e-01
962 4 2.35619449e+00 1.83394224e-01
963 4 2.35619449e+00 1.83049648e-01
964 4 2.35619449e+00 1.82574602e-01
965 4 2.35619449e+00 1.82731660e-01
966 4 2.35619449e+00 1.81732598e-01
967 4 2.35619449e+00 1.84015793e-01
968 4 2.35619449e+00 1.81791733e-01
969 4 2.35619449e+00 1.81725002e-01
970 4 2.35619449e+00 1.82028118e-01
971 4 2.35619449e+00 1.82779173e-01
972 4 2.35619449e+00 1.82396413e-01
973 4 2.35619449e+00 1.82505158e-01
974 4 2.35619449e+00 1.82884461e-01
975 4 2.35619449e+00 1.83872307e-01
976 4 2.35619449e+00 1.81488749e-01
977 4 2.35619449e+00 1.83658227e-01
978 4 2.35619449e+00 1.81876321e-01
979 4 2.35619449e+00 1.80923977e-01
980 4 2.35619449e+00 1.82834332e-01
981 4 2.35619449e+00 1.82610527e-01
982 4 2.35619449e+00 1.82244289e-01
983 4 2.35619449e+00 1.83944153e-01
984 4 2.35619449e+00 1.82403483e-01
985 4 2.35619449e+00 1.83333945e-01
986 4 2.35619449e+00 1.84111866e-01
987 4 2.35619449e+00 1.81846073e-01
988 4 2.35619449e+00 1.82018404e-01
989 4 2.35619449e+00 1.82754985e-01
990 4 2.35619449e+00 1.83070534e-01
991 4 2.35619449e+00 1.82594234e-01
992 4 2.35619449e+00 1.83283665e-01
993 4 2.35619449e+00 1.82110642e-01
994 4 2.35619449e+00 1.82386841e-01
995 4 2.35619449e+00 1.84401204e-01
996 4 2.35619449e+00 1.83224618e-01
997 4 2.35619449e+00 1.81897617e-01
998 4 2.35619449e+00 1.82978894e-01
999 4 2.35619449e+00 1.83367807e-01
1000 4 2.35619449e+00 1.83198715e-01
1001 4 2.35619449e+00 1.85367452e-01
1002 4 2.35619449e+00 1.81281417e-01
1003 4 2.35619449e+00 1.82138464e-01
1004 4 2.35619449e+00 1.83054023e-01
1005 4 2.35619449e+00 1.81652116e-01
1006 4 2.35619449e+00 1.82801087e-01
1007 4 2.35619449e+00 1.82485882e-01
1008 4 2.35619449e+00 1.83514467e-01
1009 4 2.35619449e+00 1.82066615e-01
1010 4 2.35619449e+00 1.82805779e-01
1011 4 2.35619449e+00 1.82594389e-01
1012 4 2.35619449e+00 1.82005323e-01
1013 4 2.35619449e+00 1.81907600e-01
1014 4 2.35619449e+00 1.82902503e-01
1015 4 2.35619449e+00 1.81677157e-01
1016 4 2.35619449e+00 1.83656651e-01
1017 4 2.35619449e+00 1.80714725e-01
1018 4 2.35619449e+00 1.83082279e-01
1019 4 2.35619449e+00 1.82539090e-01
1020 4 2.35619449e+00 1.82612293e-01
1021 4 2.35619449e+00 1.82433980e-01
1022 4 2.35619449e+00 1.82788812e-01
1023 4 2.35619449e+00 1.82690617e-01
1024 4 2.35619449e+00 1.82186430e-01
1025 4 2.35619449e+00 1.82168632e-01
0 5 2.94524311e+00 2.09195342e-01
1 5 2.94524311e+00 2.07707864e-01
2 5 2.94524311e+00 2.08437896e-01
3 5 2.94524311e+00 2.08343962e-01
4 5 2.94524311e+00 2.08151711e-01
5 5 2.94524311e+00 2.07025108e-01
6 5 2.94524311e+00 2.07108619e-01
7 5 2.94524311e+00 2.08738946e-01
8 5 2.94524311e+00 2.08589860e-01
9 5 2.94524311e+00 2.07547115e-01
10 5 2.94524311e+00 2.08063852e-01
11 5 2.94524311e+00 2.07442496e-01
12 5 2.94524311e+00 2.08577099e-01
13 5 2.94524311e+00 2.09442753e-01
14 5 2.94524311e+00 2.08105275e-01
15 5 2.94524311e+00 2.07087312e-01
16 5 2.94524311e+00 2.06287207e-01
17 5 2.94524311e+00 2.07233946e-01
18 5 2.94524311e+00 2.06892469e-01
19 5 2.94524311e+00 2.07792149e-01
20 5 2.94524311e+00 2.07472652e-01
21 5 2.94524311e+00 2.07319899e-01
22 5 2.94524311e+00 2.07793383e-01
23 5 2.94524311e+00 2.07504727e-01
24 5 2.94524311e+00 2.07215484e-01
25 5 2.94524311e+00 2.07487298e-01
26 5 2.94524311e+00 2.07206696e-01
27 5 2.94524311e+00 2.08559677e-01
28 5 2.94524311e+00 2.08636499e-01
29 5 2.94524311e+00 2.07531362e-01
30 5 2.94524311e+00 2.08278910e-01
31 5 2.94524311e+00 2.08648241e-01
32 5 2.94524311e+00 2.06712728e-01
33 5 2.94524311e+00 2.08727550e-01
34 5 2.94524311e+00 2.06803102e-01
35 5 2.94524311e+00 2.06711054e-01
36 5 2.94524311e+00 2.08092124e-01
37 5 2.94524311e+00 2.07731950e-01
38 5 2.94524311e+00 2.07360857e-01
39 5 2.94524311e+00 2.07902586e-01
40 5 2.94524311e+00 2.07429923e-01
41 5 2.94524311e+00 2.08564422e-01
42 5 2.94524311e+00 2.08230887e-01
43 5 2.94524311e+00 2.06770067e-01
44 5 2.94524311e+00 2.09315876e-01
45 5 2.94524311e+00 2.07377784e-01
46 5 2.94524311e+00 2.07962173e-01
47 5 2.94524311e+00 2.09856769e-01
48 5 2.94524311e+00 2.09056583e-01
49 5 2.94524311e+00 2.08908793e-01
50 5 2.94524311e+00 2.08469298e-01
51 5 2.94524311e+00 2.08365970e-01
52 5 2.94524311e+00 2.08371575e-01
53 5 2.94524311e+00 2.08142118e-01
54 5 2.94524311e+00 2.09103398e-01
55 5 2.94524311e+00 2.07548771e-01
56 5 2.94524311e+00 2.07650915e-01
57 5 2.94524311e+00 2.07052701e-01
58 5 2.94524311e+00 2.07934293e-01
59 5 2.94524311e+00 2.07366092e-01
60 5 2.94524311e+00 2.07743163e-01
61 5 2.94524311e+00 2.08406719e-01
62 5 2.94524311e+00 2.06699648e-01
63 5 2.94524311e+00 2.06231214e-01
64 5 2.94524311e+00 2.07534528e-01
65 5 2.94524311e+00 2.08838660e-01
66 5 2.94524311e+00 2.07091307e-01
67 5 2.94524311e+00 2.07365550e-01
68 5 2.94524311e+00 2.06285791e-01
69 5 2.94524311e+00 2.08124601e-01
70 5 2.94524311e+00 2.07637378e-01
71 5 2.94524311e+00 2.06647501e-01
72 5 2.94524311e+00 2.06869796e-01
73 5 2.94524311e+00 2.07809512e-01
74 5 2.94524311e+00 2.07989305e-01
75 5 2.94524311e+00 2.08065394e-01
76 5 2.94524311e+00 2.05765349e-01
77 5 2.94524311e+00 2.08872065e-01
78 5 2.94524311e+00 2.07713351e-01
79 5 2.94524311e+00 2.07874807e-01
80 5 2.94524311e+00 2.07648093e-01
81 5 2.94524311e+00 2.08634551e-01
82 5 2.94524311e+00 2.06806188e-01
83 5 2.94524311e+00 2.07398300e-01
84 5 2.94524311e+00 2.08022875e-01
85 5 2.94524311e+00 2.07550794e-01
86 5 2.94524311e+00 2.07325770e-01
87 5 2.94524311e+00 2.08446477e-01
88 5 2.94524311e+00 2.08578713e-01
89 5 2.94524311e+00 2.08243306e-01
90 5 2.94524311e+00 2.09220186e-01
91 5 2.94524311e+00 2.08400520e-01
92 5 2.94524311e+00 2.07913947e-01
93 5 2.94524311e+00 2.08084831e-01
94 5 2.94524311e+00 2.08149451e-01
95 5 2.94524311e+00 2.07453546e-01
96 5 2.94524311e+00 2.07695827e-01
97 5 2.94524311e+00 2.07877229e-01
98 5 2.94524311e+00 2.06346382e-01
99 5 2.94524311e+00 2.06906267e-01
100 5 2.94524311e+00 2.08131680e-01
101 5 2.94524311e+00 2.07887243e-01
102 5 2.94524311e+00 2.07130135e-01
103 5 2.94524311e+00 2.09119553e-01
104 5 2.94524311e+00 2.07375705e-01
105 5 2.94524311e+00 2.05208813e-01
106 5 2.94524311e+00 2.07689948e-01
107 5 2.94524311e+00 2.07253138e-01
108 5 2.94524311e+00 2.08247926e-01
109 5 2.94524311e+00 2.06746742e-01
110 5 2.94524311e+00 2.09419093e-01
111 5 2.94524311e+00 2.08997374e-01
112 5 2.94524311e+00 2.07867733e-01
113 5 2.94524311e+00 2.07889752e-01
114 5 2.94524311e+00 2.08075884e-01
115 5 2.94524311e+00 2.09377683e-01
116 5 2.94524311e+00 2.07728449e-01
117 5 2.94524311e+00 2.06838125e-01
118 5 2.94524311e+00 2.09031603e-01
119 5 2.94524311e+00 2.06739677e-01
120 5 2.94524311e+00 2.07091300e-01
121 5 2.94524311e+00 2.08199070e-01
122 5 2.94524311e+00 2.07333681e-01
123 5 2.94524311e+00 2.07029494e-01
124 5 2.94524311e+00 2.09071092e-01
125 5 2.94524311e+00 2.07414753e-01
126 5 2.94524311e+00 2.07111782e-01
127 5 2.94524311e+00 2.09056678e-01
128 5 2.94524311e+00 2.08043058e-01
129 5 2.94524311e+00 2.07514196e-01
130 5 2.94524311e+00 2.08694561e-01
131 5 2.94524311e+00 2.08021361e-01
132 5 2.94524311e+00 2.07416635e-01
133 5 2.94524311e+00 2.08204628e-01
134 5 2.94524311e+00 2.06049608e-01
135 5 2.94524311e+00 2.08864972e-01
136 5 2.94524311e+00 2.07763124e-01
137 5 2.94524311e+00 2.07075219e-01
138 5 2.94524311e+00 2.08543362e-01
139 5 2.94524311e+00 2.08014449e-01
140 5 2.94524311e+00 2.08287722e-01
141 5 2.94524311e+00 2.08443949e-01
142 5 2.94524311e+00 2.07444481e-01
143 5 2.94524311e+00 2.07828298e-01
144 5 2.94524311e+00 2.08704471e-01
145 5 2.94524311e+00 2.07465576e-01
146 5 2.94524311e+00 2.07828045e-01
147 5 2.94524311e+00 2.06908457e-01
148 5 2.94524311e+00 2.07579025e-01
149 5 2.94524311e+00 2.09228610e-01
150 5 2.94524311e+00 2.07753056e-01
151 5 2.94524311e+00 2.07984743e-01
152 5 2.94524311e+00 2.09102171e-01
153 5 2.94524311e+00 2.07748700e-01
154 5 2.94524311e+00 2.07061127e-01
155 5 2.94524311e+00 2.07195491e-01
156 5 2.94524311e+00 2.08135839e-01
157 5 2.94524311e+00 2.10246769e-01
158 5 2.94524311e+00 2.07860947e-01
159 5 2.94524311e+00 2.09360641e-01
160 5 2.94524311e+00 2.07588752e-01
161 5 2.94524311e+00 2.07006807e-01
162 5 2.94524311e+00 2.06709222e-01
163 5 2.94524311e+00 2.09422037e-01
164 5 2.94524311e+00 2.07399216e-01
165 5 2.94524311e+00 2.06942835e-01
166 5 2.94524311e+00 2.06673150e-01
167 5 2.94524311e+00 2.07615984e-01
168 5 2.94524311e+00 2.08100357e-01
169 5 2.94524311e+00 2.09806520e-01
170 5 2.94524311e+00 2.07907821e-01
171 5 2.94524311e+00 2.07966859e-01
172 5 2.94524311e+00 2.07193573e-01
173 5 2.94524311e+00 2.09023949e-01
174 5 2.94524311e+00 2.07331488e-01
175 5 2.94524311e+00 2.07016082e-01
176 5 2.94524311e+00 2.08710222e-01
177 5 2.94524311e+00 2.08859091e-01
178 5 2.94524311e+00 2.08391622e-01
179 5 2.94524311e+00 2.08847808e-01
180 5 2.94524311e+00 2.07574340e-01
181 5 2.94524311e+00 2.07691758e-01
182 5 2.94524311e+00 2.07575133e-01
183 5 2.94524311e+00 2.07266090e-01
184 5 2.94524311e+00 2.07668182e-01
185 5 2.94524311e+00 2.09144818e-01
186 5 2.94524311e+00 2.07547332e-01
187 5 2.94524311e+00 2.09312817e-01
188 5 2.94524311e+00 2.07211302e-01
189 5 2.94524311e+00 2.08532943e-01
190 5 2.94524311e+00 2.09091527e-01
191 5 2.94524311e+00 2.07803243e-01
192 5 2.94524311e+00 2.06830709e-01
193 5 2.94524311e+00 2.07584350e-01
194 5 2.94524311e+00 2.08259426e-01
195 5 2.94524311e+00 2.07922206e-01
196 5 2.94524311e+00 2.06872847e-01
197 5 2.94524311e+00 2.07663695e-01
198 5 2.94524311e+00 2.09094640e-01
199 5 2.94524311e+00 2.07552853e-01
200 5 2.94524311e+00 2.07882493e-01
201 5 2.94524311e+00 2.06736677e-01
202 5 2.94524311e+00 2.07023421e-01
203 5 2.94524311e+00 2.07283488e-01
204 5 2.94524311e+00 2.07693588e-01
205 5 2.94524311e+00 2.07648367e-01
206 5 2.94524311e+00 2.08012856e-01
207 5 2.94524311e+00 2.07925517e-01
208 5 2.94524311e+00 2.07884195e-01
209 5 2.94524311e+00 2.09173606e-01
210 5 2.94524311e+00 2.07308928e-01
211 5 2.94524311e+00 2.07945221e-01
212 5 2.94524311e+00 2.08720939e-01
213 5 2.94524311e+00 2.07120009e-01
214 5 2.94524311e+00 2.08123503e-01
215 5 2.94524311e+00 2.07404715e-01
216 5 2.94524311e+00 2.08799176e-01
217 5 2.94524311e+00 2.08232288e-01
218 5 2.94524311e+00 2.08818297e-01
219 5 2.94524311e+00 2.08022031e-01
220 5 2.94524311e+00 2.08810000e-01
221 5 2.94524311e+00 2.06568058e-01
222 5 2.94524311e+00 2.10402669e-01
223 5 2.94524311e+00 2.07869166e-01
224 5 2.94524311e+00 2.06699304e-01
225 5 2.94524311e+00 2.08056286e-01
226 5 2.94524311e+00 2.07206892e-01
227 5 2.94524311e+00 2.07799913e-01
228 5 2.94524311e+00 2.07424589e-01
229 5 2.94524311e+00 2.08641246e-01
230 5 2.94524311e+00 2.07392677e-01
231 5 2.94524311e+00 2.07236092e-01
232 5 2.94524311e+00 2.07218765e-01
233 5 2.94524311e+00 2.07629191e-01
234 5 2.94524311e+00 2.07931320e-01
235 5 2.94524311e+00 2.09108960e-01
236 5 2.94524311e+00 2.08460079e-01
237 5 2.94524311e+00 2.07611661e-01
238 5 2.94524311e+00 2.07477096e-01
239 5 2.94524311e+00 2.06229182e-01
240 5 2.94524311e+00 2.07101993e-01
241 5 2.94524311e+00 2.08220838e-01
242 5 2.94524311e+00 2.07041998e-01
243 5 2.94524311e+00 2.09109762e-01
244 5 2.94524311e+00 2.07064085e-01
245 5 2.94524311e+00 2.08060333e-01
246 5 2.94524311e+00 2.07224188e-01
247 5 2.94524311e+00 2.08246209e-01
248 5 2.94524311e+00 2.09819054e-01
249 5 2.94524311e+00 2.08767551e-01
250 5 2.94524311e+00 2.08313196e-01
251 5 2.94524311e+00 2.09246443e-01
252 5 2.94524311e+00 2.08735710e-01
253 5 2.94524311e+00 2.07197061e-01
254 5 2.94524311e+00 2.08484414e-01
255 5 2.94524311e+00 2.09784054e-01
256 5 2.94524311e+00 2.07932213e-01
257 5 2.94524311e+00 2.06696384e-01
258 5 2.94524311e+00 2.06702240e-01
259 5 2.94524311e+00 2.07584574e-01
260 5 2.94524311e+00 2.07664255e-01
261 5 2.94524311e+00 2.09471457e-01
262 5 2.94524311e+00 2.07449134e-01
263 5 2.94524311e+00 2.10343881e-01
264 5 2.94524311e+00 2.09583234e-01
265 5 2.94524311e+00 2.08897273e-01
266 5 2.94524311e+00 2.07602009e-01
267 5 2.94524311e+00 2.06868607e-01
268 5 2.94524311e+00 2.06757470e-01
269 5 2.94524311e+00 2.07080094e-01
270 5 2.94524311e+00 2.07699828e-01
271 5 2.94524311e+00 2.07458628e-01
272 5 2.94524311e+00 2.07901420e-01
273 5 2.94524311e+00 2.07157406e-01
274 5 2.94524311e+00 2.07302787e-01
275 5 2.94524311e+00 2.08827808e-01
276 5 2.94524311e+00 2.07894250e-01
277 5 2.94524311e+00 2.09309416e-01
278 5 2.94524311e+00 2.06435005e-01
279 5 2.94524311e+00 2.08192688e-01
280 5 2.94524311e+00 2.07840939e-01
281 5 2.94524311e+00 2.07751604e-01
282 5 2.94524311e+00 2.06454784e-01
283 5 2.94524311e+00 2.07705949e-01
284 5 2.94524311e+00 2.07152172e-01
285 5 2.94524311e+00 2.07964522e-01
286 5 2.94524311e+00 2.09482961e-01
287 5 2.94524311e+00 2.06341980e-01
288 5 2.94524311e+00 2.09324884e-01
289 5 2.94524311e+00 2.08454718e-01
290 5 2.94524311e+00 2.08851149e-01
291 5 2.94524311e+00 2.08010003e-01
292 5 2.94524311e+00 2.10427325e-01
293 5 2.94524311e+00 2.07727994e-01
294 5 2.94524311e+00 2.08169770e-01
295 5 2.94524311e+00 2.06799332e-01
296 5 2.94524311e+00 2.09330281e-01
297 5 2.94524311e+00 2.09286045e-01
298 5 2.94524311e+00 2.08427427e-01
299 5 2.94524311e+00 2.07312478e-01
300 5 2.94524311e+00 2.06792715e-01
301 5 2.94524311e+00 2.05805758e-01
302 5 2.94524311e+00 2.06460555e-01
303 5 2.94524311e+00 2.07054905e-01
304 5 2.94524311e+00 2.09073674e-01
305 5 2.94524311e+00 2.08275556e-01
306 5 2.94524311e+00 2.08673516e-01
307 5 2.94524311e+00 2.07096143e-01
308 5 2.94524311e+00 2.07572192e-01
309 5 2.94524311e+00 2.08533042e-01
310 5 2.94524311e+00 2.09646461e-01
311 5 2.94524311e+00 2.07480302e-01
312 5 2.94524311e+00 2.08184826e-01
313 5 2.94524311e+00 2.06518716e-01
314 5 2.94524311e+00 2.07661813e-01
315 5 2.94524311e+00 2.06006853e-01
316 5 2.94524311e+00 2.08797660e-01
317 5 2.94524311e+00 2.07031966e-01
318 5 2.94524311e+00 2.07456084e-01
319 5 2.94524311e+00 2.08835701e-01
320 5 2.94524311e+00 2.06804813e-01
321 5 2.94524311e+00 2.07705577e-01
322 5 2.94524311e+00 2.08659872e-01
323 5 2.94524311e+00 2.08257004e-01
324 5 2.94524311e+00 2.09092117e-01
325 5 2.94524311e+00 2.07537346e-01
326 5 2.94524311e+00 2.08166169e-01
327 5 2.94524311e+00 2.08761390e-01
328 5 2.94524311e+00 2.08170587e-01
329 5 2.94524311e+00 2.06253379e-01
330 5 2.94524311e+00 2.07180340e-01
331 5 2.94524311e+00 2.08028893e-01
332 5 2.94524311e+00 2.07561210e-01
333 5 2.94524311e+00 2.08359301e-01
334 5 2.94524311e+00 2.06797117e-01
335 5 2.94524311e+00 2.08888595e-01
336 5 2.94524311e+00 2.08716102e-01
337 5 2.94524311e+00 2.08574497e-01
338 5 2.94524311e+00 2.08119345e-01
339 5 2.94524311e+00 2.09692355e-01
340 5 2.94524311e+00 2.08155769e-01
341 5 2.94524311e+00 2.07045421e-01
342 5 2.94524311e+00 2.08843444e-01
343 5 2.94524311e+00 2.07340862e-01
344 5 2.94524311e+00 2.06283528e-01
345 5 2.94524311e+00 2.08007548e-01
346 5 2.94524311e+00 2.05973828e-01
347 5 2.94524311e+00 2.08513087e-01
348 5 2.94524311e+00 2.07863624e-01
349 5 2.94524311e+00 2.06634559e-01
350 5 2.94524311e+00 2.07205444e-01
351 5 2.94524311e+00 2.08537965e-01
352 5 2.94524311e+00 2.07256875e-01
353 5 2.94524311e+00 2.08457089e-01
354 5 2.94524311e+00 2.07416056e-01
355 5 2.94524311e+00 2.09048579e-01
356 5 2.94524311e+00 2.08260298e-01
357 5 2.94524311e+00 2.08156901e-01
358 5 2.94524311e+00 2.07295616e-01
359 5 2.94524311e+00 2.08081900e-01
360 5 2.94524311e+00 2.07994571e-01
361 5 2.94524311e+00 2.07619025e-01
362 5 2.94524311e+00 2.09253897e-01
363 5 2.94524311e+00 2.06929282e-01
364 5 2.94524311e+00 2.08374933e-01
365 5 2.94524311e+00 2.08644238e-01
366 5 2.94524311e+00 2.06839971e-01
367 5 2.94524311e+00 2.06876358e-01
368 5 2.94524311e+00 2.06341936e-01
369 5 2.94524311e+00 2.06426400e-01
370 5 2.94524311e+00 2.07047215e-01
371 5 2.94524311e+00 2.07777748e-01
372 5 2.94524311e+00 2.07721350e-01
373 5 2.94524311e+00 2.08268121e-01
374 5 2.94524311e+00 2.08633451e-01
375 5 2.94524311e+00 2.07184607e-01
376 5 2.94524311e+00 2.07360219e-01
377 5 2.94524311e+00 2.08258463e-01
378 5 2.94524311e+00 2.07896009e-01
379 5 2.94524311e+00 2.07017727e-01
380 5 2.94524311e+00 2.07684127e-01
381 5 2.94524311e+00 2.08810661e-01
382 5 2.94524311e+00 2.08761629e-01
383 5 2.94524311e+00 2.05932033e-01
384 5 2.94524311e+00 2.07023355e-01
385 5 2.94524311e+00 2.08239136e-01
386 5 2.94524311e+00 2.09165763e-01
387 5 2.94524311e+00 2.09466519e-01
388 5 2.94524311e+00 2.09196327e-01
389 5 2.94524311e+00 2.06432686e-01
390 5 2.94524311e+00 2.06695204e-01
391 5 2.94524311e+00 2.07807063e-01
392 5 2.94524311e+00 2.08276599e-01
393 5 2.94524311e+00 2.07248998e-01
394 5 2.94524311e+00 2.07386881e-01
395 5 2.94524311e+00 2.06892690e-01
396 5 2.94524311e+00 2.08020995e-01
397 5 2.94524311e+00 2.09557417e-01
398 5 2.94524311e+00 2.07492134e-01
399 5 2.94524311e+00 2.07623310e-01
400 5 2.94524311e+00 2.08497512e-01
401 5 2.94524311e+00 2.09051925e-01
402 5 2.94524311e+00 2.06906146e-01
403 5 2.94524311e+00 2.05704693e-01
404 5 2.94524311e+00 2.08950058e-01
405 5 2.94524311e+00 2.08313956e-01
406 5 2.94524311e+00 2.08357398e-01
407 5 2.94524311e+00 2.07976444e-01
408 5 2.94524311e+00 2.07634201e-01
409 5 2.94524311e+00 2.09673134e-01
410 5 2.94524311e+00 2.06719094e-01
411 5 2.94524311e+00 2.07249085e-01
412 5 2.94524311e+00 2.06489608e-01
413 5 2.94524311e+00 2.08399086e-01
414 5 2.94524311e+00 2.08992459e-01
415 5 2.94524311e+00 2.09422766e-01
416 5 2.94524311e+00 2.07304295e-01
417 5 2.94524311e+00 2.07994879e-01
418 5 2.94524311e+00 2.09562532e-01
419 5 2.94524311e+00 2.06947581e-01
420 5 2.94524311e+00 2.08189260e-01
421 5 2.94524311e+00 2.06742100e-01
422 5 2.94524311e+00 2.07374307e-01
423 5 2.94524311e+00 2.08764245e-01
424 5 2.94524311e+00 2.07374147e-01
425 5 2.94524311e+00 2.07143423e-01
426 5 2.94524311e+00 2.05975159e-01
427 5 2.94524311e+00 2.07522663e-01
428 5 2.94524311e+00 2.08577393e-01
429 5 2.94524311e+00 2.07494888e-01
430 5 2.94524311e+00 2.07748346e-01
431 5 2.94524311e+00 2.07420478e-01
432 5 2.94524311e+00 2.08324554e-01
433 5 2.94524311e+00 2.08757456e-01
434 5 2.94524311e+00 2.07738538e-01
435 5 2.94524311e+00 2.09281562e-01
436 5 2.94524311e+00 2.08650256e-01
437 5 2.94524311e+00 2.09559616e-01
438 5 2.94524311e+00 2.09268184e-01
439 5 2.94524311e+00 2.07375163e-01
440 5 2.94524311e+00 2.07032346e-01
441 5 2.94524311e+00 2.07222035e-01
442 5 2.94524311e+00 2.07192960e-01
443 5 2.94524311e+00 2.07965533e-01
444 5 2.94524311e+00 2.08273875e-01
445 5 2.94524311e+00 2.06105770e-01
446 5 2.94524311e+00 2.08302609e-01
447 5 2.94524311e+00 2.08333461e-01
448 5 2.94524311e+00 2.07294810e-01
449 5 2.94524311e+00 2.08295843e-01
450 5 2.94524311e+00 2.06902330e-01
451 5 2.94524311e+00 2.07153751e-01
452 5 2.94524311e+00 2.07489858e-01
453 5 2.94524311e+00 2.07392084e-01
454 5 2.94524311e+00 2.07020227e-01
455 5 2.94524311e+00 2.07059845e-01
456 5 2.94524311e+00 2.07374668e-01
457 5 2.94524311e+00 2.07024582e-01
458 5 2.94524311e+00 2.07951616e-01
459 5 2.94524311e+00 2.09230421e-01
460 5 2.94524311e+00 2.07161269e-01
461 5 2.94524311e+00 2.09306239e-01
462 5 2.94524311e+00 2.06259533e-01
463 5 2.94524311e+00 2.08909067e-01
464 5 2.94524311e+00 2.08532885e-01
465 5 2.94524311e+00 2.08295756e-01
466 5 2.94524311e+00 2.08013846e-01
467 5 2.94524311e+00 2.06958142e-01
468 5 2.94524311e+00 2.07289253e-01
469 5 2.94524311e+00 2.06985813e-01
470 5 2.94524311e+00 2.05939033e-01
471 5 2.94524311e+00 2.07993405e-01
472 5 2.94524311e+00 2.07560641e-01
473 5 2.94524311e+00 2.08814222e-01
474 5 2.94524311e+00 2.07188053e-01
475 5 2.94524311e+00 2.08719266e-01
476 5 2.94524311e+00 2.08547467e-01
477 5 2.94524311e+00 2.07829893e-01
478 5 2.94524311e+00 2.06911279e-01
479 5 2.94524311e+00 2.06110002e-01
480 5 2.94524311e+00 2.08287396e-01
481 5 2.94524311e+00 2.08785266e-01
482 5 2.94524311e+00 2.07117858e-01
483 5 2.94524311e+00 2.08220122e-01
484 5 2.94524311e+00 2.09460786e-01
485 5 2.94524311e+00 2.07952807e-01
486 5 2.94524311e+00 2.08777445e-01
487 5 2.94524311e+00 2.08289818e-01
488 5 2.94524311e+00 2.08169731e-01
489 5 2.94524311e+00 2.08293596e-01
490 5 2.94524311e+00 2.08098852e-01
491 5 2.94524311e+00 2.07727951e-01
492 5 2.94524311e+00 2.08744923e-01
493 5 2.94524311e+00 2.08966973e-01
494 5 2.94524311e+00 2.08403190e-01
495 5 2.94524311e+00 2.08026348e-01
496 5 2.94524311e+00 2.07173394e-01
497 5 2.94524311e+00 2.08466748e-01
498 5 2.94524311e+00 2.07854621e-01
499 5 2.94524311e+00 2.08205512e-01
500 5 2.94524311e+00 2.09042689e-01
501 5 2.94524311e+00 2.08336306e-01
502 5 2.94524311e+00 2.07664526e-01
503 5 2.94524311e+00 2.08274166e-01
504 5 2.94524311e+00 2.08454939e-01
505 5 2.94524311e+00 2.07475763e-01
506 5 2.94524311e+00 2.06938399e-01
507 5 2.94524311e+00 2.07931759e-01
508 5 2.94524311e+00 2.07415719e-01
509 5 2.94524311e+00 2.08092904e-01
510 5 2.94524311e+00 2.07506655e-01
511 5 2.94524311e+00 2.07004418e-01
512 5 2.94524311e+00 2.08238723e-01
513 5 2.94524311e+00 2.08165627e-01
514 5 2.94524311e+00 2.07536222e-01
515 5 2.94524311e+00 2.08457563e-01
516 5 2.94524311e+00 2.07840746e-01
517 5 2.94524311e+00 2.07803851e-01
518 5 2.94524311e+00 2.07484783e-01
519 5 2.94524311e+00 2.08399411e-01
520 5 2.94524311e+00 2.07819936e-01
521 5 2.94524311e+00 2.07429998e-01
522 5 2.94524311e+00 2.08557334e-01
523 5 2.94524311e+00 2.06199539e-01
524 5 2.94524311e+00 2.06673493e-01
525 5 2.94524311e+00 2.07793711e-01
526 5 2.94524311e+00 2.10364214e-01
527 5 2.94524311e+00 2.08031234e-01
528 5 2.94524311e+00 2.07588789e-01
529 5 2.94524311e+00 2.07858523e-01
530 5 2.94524311e+00 2.07474306e-01
531 5 2.94524311e+00 2.06745075e-01
532 5 2.94524311e+00 2.08711629e-01
533 5 2.94524311e+00 2.07784486e-01
534 5 2.94524311e+00 2.06960381e-01
535 5 2.94524311e+00 2.06618840e-01
536 5 2.94524311e+00 2.10009299e-01
537 5 2.94524311e+00 2.07547819e-01
538 5 2.94524311e+00 2.08328696e-01
539 5 2.94524311e+00 2.07348241e-01
540 5 2.94524311e+00 2.09626734e-01
541 5 2.94524311e+00 2.08220058e-01
542 5 2.94524311e+00 2.07238208e-01
543 5 2.94524311e+00 2.06454266e-01
544 5 2.94524311e+00 2.06505160e-01
545 5 2.94524311e+00 2.08643766e-01
546 5 2.94524311e+00 2.07917578e-01
547 5 2.94524311e+00 2.07302181e-01
548 5 2.94524311e+00 2.07628489e-01
549 5 2.94524311e+00 2.08758214e-01
550 5 2.94524311e+00 2.07426327e-01
551 5 2.94524311e+00 2.09944431e-01
552 5 2.94524311e+00 2.08359667e-01
553 5 2.94524311e+00 2.07311279e-01
554 5 2.94524311e+00 2.06146619e-01
555 5 2.94524311e+00 2.08713275e-01
556 5 2.94524311e+00 2.07925614e-01
557 5 2.94524311e+00 2.07948148e-01
558 5 2.94524311e+00 2.08314835e-01
559 5 2.94524311e+00 2.08763945e-01
560 5 2.94524311e+00 2.08400042e-01
561 5 2.94524311e+00 2.06608907e-01
562 5 2.94524311e+00 2.07192138e-01
563 5 2.94524311e+00 2.08072434e-01
564 5 2.94524311e+00 2.07842101e-01
565 5 2.94524311e+00 2.06885528e-01
566 5 2.94524311e+00 2.10297390e-01
567 5 2.94524311e+00 2.07345876e-01
568 5 2.94524311e+00 2.08795372e-01
569 5 2.94524311e+00 2.08394350e-01
570 5 2.94524311e+00 2.07318964e-01
571 5 2.94524311e+00 2.08636477e-01
572 5 2.94524311e+00 2.06769973e-01
573 5 2.94524311e+00 2.08602258e-01
574 5 2.94524311e+00 2.08797788e-01
575 5 2.94524311e+00 2.07728244e-01
576 5 2.94524311e+00 2.06953399e-01
577 5 2.94524311e+00 2.07373780e-01
578 5 2.94524311e+00 2.07064420e-01
579 5 2.94524311e+00 2.07423340e-01
580 5 2.94524311e+00 2.06569993e-01
581 5 2.94524311e+00 2.05615676e-01
582 5 2.94524311e+00 2.09062978e-01
583 5 2.94524311e+00 2.08522709e-01
584 5 2.94524311e+00 2.06971601e-01
585 5 2.94524311e+00 2.07568784e-01
586 5 2.94524311e+00 2.07303886e-01
587 5 2.94524311e+00 2.08868947e-01
588 5 2.94524311e+00 2.08540631e-01
589 5 2.94524311e+00 2.06356193e-01
590 5 2.94524311e+00 2.08514242e-01
591 5 2.94524311e+00 2.06983824e-01
592 5 2.94524311e+00 2.07425777e-01
593 5 2.94524311e+00 2.09735802e-01
594 5 2.94524311e+00 2.07796014e-01
595 5 2.94524311e+00 2.07713772e-01
596 5 2.94524311e+00 2.08476725e-01
597 5 2.94524311e+00 2.08221761e-01
598 5 2.94524311e+00 2.07726136e-01
599 5 2.94524311e+00 2.08649629e-01
600 5 2.94524311e+00 2.06813780e-01
601 5 2.94524311e+00 2.08262321e-01
602 5 2.94524311e+00 2.08451056e-01
603 5 2.94524311e+00 2.08422245e-01
604 5 2.94524311e+00 2.08179880e-01
605 5 2.94524311e+00 2.08789715e-01
606 5 2.94524311e+00 2.09049109e-01
607 5 2.94524311e+00 2.06498040e-01
608 5 2.94524311e+00 2.06666508e-01
609 5 2.94524311e+00 2.08493181e-01
610 5 2.94524311e+00 2.08731832e-01
611 5 2.94524311e+00 2.07747926e-01
612 5 2.94524311e+00 2.07431436e-01
613 5 2.94524311e+00 2.09273467e-01
614 5 2.94524311e+00 2.07181624e-01
615 5 2.94524311e+00 2.07643272e-01
616 5 2.94524311e+00 2.07066669e-01
617 5 2.94524311e+00 2.08035207e-01
618 5 2.94524311e+00 2.08385967e-01
619 5 2.94524311e+00 2.08372944e-01
620 5 2.94524311e+00 2.09178264e-01
621 5 2.94524311e+00 2.07383176e-01
622 5 2.94524311e+00 2.07558306e-01
623 5 2.94524311e+00 2.07247892e-01
624 5 2.94524311e+00 2.07307457e-01
625 5 2.94524311e+00 2.08189645e-01
626 5 2.94524311e+00 2.07784585e-01
627 5 2.94524311e+00 2.09521928e-01
628 5 2.94524311e+00 2.10008478e-01
629 5 2.94524311e+00 2.09425830e-01
630 5 2.94524311e+00 2.08259917e-01
631 5 2.94524311e+00 2.07643810e-01
632 5 2.94524311e+00 2.07329311e-01
633 5 2.94524311e+00 2.06504195e-01
634 5 2.94524311e+00 2.07345248e-01
635 5 2.94524311e+00 2.07717553e-01
636 5 2.94524311e+00 2.08054958e-01
637 5 2.94524311e+00 2.07757733e-01
638 5 2.94524311e+00 2.06954605e-01
639 5 2.94524311e+00 2.08938212e-01
640 5 2.94524311e+00 2.07725664e-01
641 5 2.94524311e+00 2.08045572e-01
642 5 2.94524311e+00 2.09429103e-01
643 5 2.94524311e+00 2.08268920e-01
644 5 2.94524311e+00 2.08617865e-01
645 5 2.94524311e+00 2.07290677e-01
646 5 2.94524311e+00 2.08076658e-01
647 5 2.94524311e+00 2.08796778e-01
648 5 2.94524311e+00 2.08679507e-01
649 5 2.94524311e+00 2.08514975e-01
650 5 2.94524311e+00 2.09927974e-01
651 5 2.94524311e+00 2.07791854e-01
652 5 2.94524311e+00 2.07618511e-01
653 5 2.94524311e+00 2.09537358e-01
654 5 2.94524311e+00 2.08917411e-01
655 5 2.94524311e+00 2.08796575e-01
656 5 2.94524311e+00 2.07916001e-01
657 5 2.94524311e+00 2.06658103e-01
658 5 2.94524311e+00 2.06812103e-01
659 5 2.94524311e+00 2.07715930e-01
660 5 2.94524311e+00 2.07587748e-01
661 5 2.94524311e+00 2.07488610e-01
662 5 2.94524311e+00 2.07660267e-01
663 5 2.94524311e+00 2.07763599e-01
664 5 2.94524311e+00 2.08480687e-01
665 5 2.94524311e+00 2.08501174e-01
666 5 2.94524311e+00 2.06952458e-01
667 5 2.94524311e+00 2.08922764e-01
668 5 2.94524311e+00 2.07755039e-01
669 5 2.94524311e+00 2.08809779e-01
670 5 2.94524311e+00 2.07931638e-01
671 5 2.94524311e+00 2.08587578e-01
672 5 2.94524311e+00 2.08210870e-01
673 5 2.94524311e+00 2.09496066e-01
674 5 2.94524311e+00 2.06451587e-01
675 5 2.94524311e+00 2.07382437e-01
676 5 2.94524311e+00 2.09002740e-01
677 5 2.94524311e+00 2.09009084e-01
678 5 2.94524311e+00 2.08036443e-01
679 5 2.94524311e+00 2.09768940e-01
680 5 2.94524311e+00 2.09754268e-01
681 5 2.94524311e+00 2.08980378e-01
682 5 2.94524311e+00 2.08578356e-01
683 5 2.94524311e+00 2.07948902e-01
684 5 2.94524311e+00 2.08233671e-01
685 5 2.94524311e+00 2.06534276e-01
686 5 2.94524311e+00 2.08445775e-01
687 5 2.94524311e+00 2.07673675e-01
688 5 2.94524311e+00 2.07326781e-01
689 5 2.94524311e+00 2.05872166e-01
690 5 2.94524311e+00 2.08372991e-01
691 5 2.94524311e+00 2.05765550e-01
692 5 2.94524311e+00 2.07927656e-01
693 5 2.94524311e+00 2.08872370e-01
694 5 2.94524311e+00 2.08869417e-01
695 5 2.94524311e+00 2.08529949e-01
696 5 2.94524311e+00 2.08806305e-01
697 5 2.94524311e+00 2.07428979e-01
698 5 2.94524311e+00 2.06552282e-01
699 5 2.94524311e+00 2.07299940e-01
700 5 2.94524311e+00 2.06617864e-01
701 5 2.94524311e+00 2.07600061e-01
702 5 2.94524311e+00 2.07187775e-01
703 5 2.94524311e+00 2.09166167e-01
704 5 2.94524311e+00 2.07040646e-01
705 5 2.94524311e+00 2.08681250e-01
706 5 2.94524311e+00 2.08789836e-01
707 5 2.94524311e+00 2.08204881e-01
708 5 2.94524311e+00 2.08279645e-01
709 5 2.94524311e+00 2.07783857e-01
710 5 2.94524311e+00 2.07770002e-01
711 5 2.94524311e+00 2.07694135e-01
712 5 2.94524311e+00 2.09010706e-01
713 5 2.94524311e+00 2.08969194e-01
714 5 2.94524311e+00 2.06223094e-01
715 5 2.94524311e+00 2.08160984e-01
716 5 2.94524311e+00 2.08975847e-01
717 5 2.94524311e+00 2.08681683e-01
718 5 2.94524311e+00 2.07913599e-01
719 5 2.94524311e+00 2.08068526e-01
720 5 2.94524311e+00 2.08243802e-01
721 5 2.94524311e+00 2.08036521e-01
722 5 2.94524311e+00 2.07920455e-01
723 5 2.94524311e+00 2.07099356e-01
724 5 2.94524311e+00 2.07004475e-01
725 5 2.94524311e+00 2.07539163e-01
726 5 2.94524311e+00 2.08640965e-01
727 5 2.94524311e+00 2.05954865e-01
728 5 2.94524311e+00 2.08470251e-01
729 5 2.94524311e+00 2.07813273e-01
730 5 2.94524311e+00 2.08546690e-01
731 5 2.94524311e+00 2.06191877e-01
732 5 2.94524311e+00 2.09027928e-01
733 5 2.94524311e+00 2.10820796e-01
734 5 2.94524311e+00 2.06487351e-01
735 5 2.94524311e+00 2.08647193e-01
736 5 2.94524311e+00 2.07982009e-01
737 5 2.94524311e+00 2.08260703e-01
738 5 2.94524311e+00 2.07341261e-01
739 5 2.94524311e+00 2.06920498e-01
740 5 2.94524311e+00 2.07989435e-01
741 5 2.94524311e+00 2.07628967e-01
742 5 2.94524311e+00 2.07984082e-01
743 5 2.94524311e+00 2.07901292e-01
744 5 2.94524311e+00 2.07105661e-01
745 5 2.94524311e+00 2.07008183e-01
746 5 2.94524311e+00 2.07275975e-01
747 5 2.94524311e+00 2.07785226e-01
748 5 2.94524311e+00 2.08648428e-01
749 5 2.94524311e+00 2.08933304e-01
750 5 2.94524311e+00 2.07343204e-01
751 5 2.94524311e+00 2.09188704e-01
752 5 2.94524311e+00 2.08283115e-01
753 5 2.94524311e+00 2.07247534e-01
754 5 2.94524311e+00 2.07465584e-01
755 5 2.94524311e+00 2.08208546e-01
756 5 2.94524311e+00 2.06225911e-01
757 5 2.94524311e+00 2.07200966e-01
758 5 2.94524311e+00 2.08027158e-01
759 5 2.94524311e+00 2.08475577e-01
760 5 2.94524311e+00 2.06178964e-01
761 5 2.94524311e+00 2.07463457e-01
762 5 2.94524311e+00 2.08592078e-01
763 5 2.94524311e+00 2.08601031e-01
764 5 2.94524311e+00 2.08164146e-01
765 5 2.94524311e+00 2.07580786e-01
766 5 2.94524311e+00 2.08167376e-01
767 5 2.94524311e+00 2.05628743e-01
768 5 2.94524311e+00 2.07778038e-01
769 5 2.94524311e+00 2.07678329e-01
770 5 2.94524311e+00 2.07199093e-01
771 5 2.94524311e+00 2.07490784e-01
772 5 2.94524311e+00 2.09018277e-01
773 5 2.94524311e+00 2.09258518e-01
774 5 2.94524311e+00 2.07708262e-01
775 5 2.94524311e+00 2.07780374e-01
776 5 2.94524311e+00 2.06149887e-01
777 5 2.94524311e+00 2.08323918e-01
778 5 2.94524311e+00 2.06918082e-01
779 5 2.94524311e+00 2.06862775e-01
780 5 2.94524311e+00 2.07848897e-01
781 5 2.94524311e+00 2.07740314e-01
782 5 2.94524311e+00 2.06992994e-01
783 5 2.94524311e+00 2.08039264e-01
784 5 2.94524311e+00 2.06358417e-01
785 5 2.94524311e+00 2.07643449e-01
786 5 2.94524311e+00 2.07830286e-01
787 5 2.94524311e+00 2.07408256e-01
788 5 2.94524311e+00 2.06261121e-01
789 5 2.94524311e+00 2.07532514e-01
790 5 2.94524311e+00 2.07181845e-01
791 5 2.94524311e+00 2.08537930e-01
792 5 2.94524311e+00 2.09357663e-01
793 5 2.94524311e+00 2.06467880e-01
794 5 2.94524311e+00 2.09020285e-01
795 5 2.94524311e+00 2.09805532e-01
796 5 2.94524311e+00 2.07927359e-01
797 5 2.94524311e+00 2.08078531e-01
798 5 2.94524311e+00 2.07199652e-01
799 5 2.94524311e+00 2.07940742e-01
800 5 2.94524311e+00 2.07054087e-01
801 5 2.94524311e+00 2.07593891e-01
802 5 2.94524311e+00 2.07350445e-01
803 5 2.94524311e+00 2.08497694e-01
804 5 2.94524311e+00 2.07309030e-01
805 5 2.94524311e+00 2.07325253e-01
806 5 2.94524311e+00 2.08641826e-01
807 5 2.94524311e+00 2.08366234e-01
808 5 2.94524311e+00 2.08132143e-01
809 5 2.94524311e+00 2.08741157e-01
810 5 2.94524311e+00 2.07936797e-01
811 5 2.94524311e+00 2.08034043e-01
812 5 2.94524311e+00 2.06156594e-01
813 5 2.94524311e+00 2.07977870e-01
814 5 2.94524311e+00 2.07660035e-01
815 5 2.94524311e+00 2.08544502e-01
816 5 2.94524311e+00 2.08899717e-01
817 5 2.94524311e+00 2.09285660e-01
818 5 2.94524311e+00 2.07759688e-01
819 5 2.94524311e+00 2.07194645e-01
820 5 2.94524311e+00 2.09322432e-01
821 5 2.94524311e+00 2.07512675e-01
822 5 2.94524311e+00 2.08856445e-01
823 5 2.94524311e+00 2.09468382e-01
824 5 2.94524311e+00 2.08582907e-01
825 5 2.94524311e+00 2.07801711e-01
826 5 2.94524311e+00 2.08169655e-01
827 5 2.94524311e+00 2.07059827e-01
828 5 2.94524311e+00 2.07893147e-01
829 5 2.94524311e+00 2.09777499e-01
830 5 2.94524311e+00 2.06471860e-01
831 5 2.94524311e+00 2.09215407e-01
832 5 2.94524311e+00 2.08212488e-01
833 5 2.94524311e+00 2.07172594e-01
834 5 2.94524311e+00 2.07947367e-01
835 5 2.94524311e+00 2.08519743e-01
836 5 2.94524311e+00 2.08727638e-01
837 5 2.94524311e+00 2.07969091e-01
838 5 2.94524311e+00 2.07408476e-01
839 5 2.94524311e+00 2.09041498e-01
840 5 2.94524311e+00 2.08072780e-01
841 5 2.94524311e+00 2.07736113e-01
842 5 2.94524311e+00 2.07960587e-01
843 5 2.94524311e+00 2.07979817e-01
844 5 2.94524311e+00 2.07236680e-01
845 5 2.94524311e+00 2.09575637e-01
846 5 2.94524311e+00 2.07850507e-01
847 5 2.94524311e+00 2.06835027e-01
848 5 2.94524311e+00 2.08634097e-01
849 5 2.94524311e+00 2.09048811e-01
850 5 2.94524311e+00 2.07328424e-01
851 5 2.94524311e+00 2.08272136e-01
852 5 2.94524311e+00 2.07819729e-01
853 5 2.94524311e+00 2.05705736e-01
854 5 2.94524311e+00 2.09128593e-01
855 5 2.94524311e+00 2.07583895e-01
856 5 2.94524311e+00 2.06864077e-01
857 5 2.94524311e+00 2.07625692e-01
858 5 2.94524311e+00 2.09771687e-01
859 5 2.94524311e+00 2.08422246e-01
860 5 2.94524311e+00 2.09052023e-01
861 5 2.94524311e+00 2.07597308e-01
862 5 2.94524311e+00 2.09243606e-01
863 5 2.94524311e+00 2.06160374e-01
864 5 2.94524311e+00 2.08880073e-01
865 5 2.94524311e+00 2.09182406e-01
866 5 2.94524311e+00 2.08192754e-01
867 5 2.94524311e+00 2.08150581e-01
868 5 2.94524311e+00 2.08960615e-01
869 5 2.94524311e+00 2.08300402e-01
870 5 2.94524311e+00 2.08380220e-01
871 5 2.94524311e+00 2.09230132e-01
872 5 2.94524311e+00 2.09922966e-01
873 5 2.94524311e+00 2.07480534e-01
874 5 2.94524311e+00 2.06213560e-01
875 5 2.94524311e+00 2.07529051e-01
876 5 2.94524311e+00 2.07890450e-01
877 5 2.94524311e+00 2.07005712e-01
878 5 2.94524311e+00 2.07008786e-01
879 5 2.94524311e+00 2.07497503e-01
880 5 2.94524311e+00 2.06509097e-01
881 5 2.94524311e+00 2.07346455e-01
882 5 2.94524311e+00 2.07751633e-01
883 5 2.94524311e+00 2.07168882e-01
884 5 2.94524311e+00 2.07847169e-01
885 5 2.94524311e+00 2.10149202e-01
886 5 2.94524311e+00 2.08939079e-01
887 5 2.94524311e+00 2.07902733e-01
888 5 2.94524311e+00 2.08547431e-01
889 5 2.94524311e+00 2.09064260e-01
890 5 2.94524311e+00 2.07196299e-01
891 5 2.94524311e+00 2.06413752e-01
892 5 2.94524311e+00 2.06617855e-01
893 5 2.94524311e+00 2.05758765e-01
894 5 2.94524311e+00 2.08994819e-01
895 5 2.94524311e+00 2.09505169e-01
896 5 2.94524311e+00 2.08190354e-01
897 5 2.94524311e+00 2.09276438e-01
898 5 2.94524311e+00 2.08680878e-01
899 5 2.94524311e+00 2.06973816e-01
900 5 2.94524311e+00 2.07616928e-01
901 5 2.94524311e+00 2.07541689e-01
902 5 2.94524311e+00 2.09016275e-01
903 5 2.94524311e+00 2.08854041e-01
904 5 2.94524311e+00 2.08649226e-01
905 5 2.94524311e+00 2.06936710e-01
906 5 2.94524311e+00 2.08079218e-01
907 5 2.94524311e+00 2.07349107e-01
908 5 2.94524311e+00 2.08477070e-01
909 5 2.94524311e+00 2.08316708e-01
910 5 2.94524311e+00 2.08529013e-01
911 5 2.94524311e+00 2.08686187e-01
912 5 2.94524311e+00 2.07870448e-01
913 5 2.94524311e+00 2.09847692e-01
914 5 2.94524311e+00 2.07629103e-01
915 5 2.94524311e+00 2.06456597e-01
916 5 2.94524311e+00 2.07345571e-01
917 5 2.94524311e+00 2.09088952e-01
918 5 2.94524311e+00 2.08990546e-01
919 5 2.94524311e+00 2.08942732e-01
920 5 2.94524311e+00 2.07256858e-01
921 5 2.94524311e+00 2.08027669e-01
922 5 2.94524311e+00 2.08454060e-01
923 5 2.94524311e+00 2.08452242e-01
924 5 2.94524311e+00 2.08272794e-01
925 5 2.94524311e+00 2.08214838e-01
926 5 2.94524311e+00 2.06423295e-01
927 5 2.94524311e+00 2.07662159e-01
928 5 2.94524311e+00 2.08435252e-01
929 5 2.94524311e+00 2.09216590e-01
930 5 2.94524311e+00 2.07241503e-01
931 5 2.94524311e+00 2.07477273e-01
932 5 2.94524311e+00 2.07689307e-01
933 5 2.94524311e+00 2.07820903e-01
934 5 2.94524311e+00 2.07742948e-01
935 5 2.94524311e+00 2.08030763e-01
936 5 2.94524311e+00 2.07325308e-01
937 5 2.94524311e+00 2.07303880e-01
938 5 2.94524311e+00 2.07691540e-01
939 5 2.94524311e+00 2.08977632e-01
940 5 2.94524311e+00 2.06704514e-01
941 5 2.94524311e+00 2.06639601e-01
942 5 2.94524311e+00 2.08539408e-01
943 5 2.94524311e+00 2.08435553e-01
944 5 2.94524311e+00 2.08165046e-01
945 5 2.94524311e+00 2.07671404e-01
946 5 2.94524311e+00 2.09092406e-01
947 5 2.94524311e+00 2.06822985e-01
948 5 2.94524311e+00 2.07614352e-01
949 5 2.94524311e+00 2.07463967e-01
950 5 2.94524311e+00 2.06471730e-01
951 5 2.94524311e+00 2.08710357e-01
952 5 2.94524311e+00 2.05122265e-01
953 5 2.94524311e+00 2.07777850e-01
954 5 2.94524311e+00 2.08335013e-01
955 5 2.94524311e+00 2.07952055e-01
956 5 2.94524311e+00 2.08432754e-01
957 5 2.94524311e+00 2.09569001e-01
958 5 2.94524311e+00 2.06673373e-01
959 5 2.94524311e+00 2.06400369e-01
960 5 2.94524311e+00 2.08395900e-01
961 5 2.94524311e+00 2.08577148e-01
962 5 2.94524311e+00 2.08723112e-01
963 5 2.94524311e+00 2.08104126e-01
964 5 2.94524311e+00 2.07619759e-01
965 5 2.94524311e+00 2.07644898e-01
966 5 2.94524311e+00 2.06453123e-01
967 5 2.94524311e+00 2.09356029e-01
968 5 2.94524311e+00 2.06574779e-01
969 5 2.94524311e+00 2.06283320e-01
970 5 2.94524311e+00 2.06864916e-01
971 5 2.94524311e+00 2.07711529e-01
972 5 2.94524311e+00 2.07856743e-01
973 5 2.94524311e+00 2.07244505e-01
974 5 2.94524311e+00 2.07811044e-01
975 5 2.94524311e+00 2.09270120e-01
976 5 2.94524311e+00 2.06265907e-01
977 5 2.94524311e+00 2.08584319e-01
978 5 2.94524311e+00 2.06558192e-01
979 5 2.94524311e+00 2.05489682e-01
980 5 2.94524311e+00 2.07932839e-01
981 5 2.94524311e+00 2.07584286e-01
982 5 2.94524311e+00 2.06999085e-01
983 5 2.94524311e+00 2.09476561e-01
984 5 2.94524311e+00 2.07008058e-01
985 5 2.94524311e+00 2.08506821e-01
986 5 2.94524311e+00 2.09305583e-01
987 5 2.94524311e+00 2.06454476e-01
988 5 2.94524311e+00 2.06908638e-01
989 5 2.94524311e+00 2.07771791e-01
990 5 2.94524311e+00 2.08185651e-01
991 5 2.94524311e+00 2.07531967e-01
992 5 2.94524311e+00 2.08336945e-01
993 5 2.94524311e+00 2.06915413e-01
994 5 2.94524311e+00 2.07406280e-01
995 5 2.94524311e+00 2.09904373e-01
996 5 2.94524311e+00 2.08442185e-01
997 5 2.94524311e+00 2.06656027e-01
998 5 2.94524311e+00 2.08073054e-01
999 5 2.94524311e+00 2.08872209e-01
1000 5 2.94524311e+00 2.08407026e-01
1001 5 2.94524311e+00 2.10934788e-01
1002 5 2.94524311e+00 2.05693732e-01
1003 5 2.94524311e+00 2.07081253e-01
1004 5 2.94524311e+00 2.08251276e-01
1005 5 2.94524311e+00 2.06256474e-01
1006 5 2.94524311e+00 2.08093771e-01
1007 5 2.94524311e+00 2.07946274e-01
1008 5 2.94524311e+00 2.08881859e-01
1009 5 2.94524311e+00 2.07032762e-01
1010 5 2.94524311e+00 2.08154214e-01
1011 5 2.94524311e+00 2.07727857e-01
1012 5 2.94524311e+00 2.06678215e-01
1013 5 2.94524311e+00 2.06393366e-01
1014 5 2.94524311e+00 2.07927093e-01
1015 5 2.94524311e+00 2.06476810e-01
1016 5 2.94524311e+00 2.09057063e-01
1017 5 2.94524311e+00 2.05252786e-01
1018 5 2.94524311e+00 2.08358210e-01
1019 5 2.94524311e+00 2.07500849e-01
1020 5 2.94524311e+00 2.07821349e-01
1021 5 2.94524311e+00 2.07047582e-01
1022 5 2.94524311e+00 2.07752791e-01
1023 5 2.94524311e+00 2.07623156e-01
1024 5 2.94524311e+00 2.07243572e-01
1025 5 2.94524311e+00 2.07195732e-01
0 6 3.53429174e+00 2.24676106e-01
1 6 3.53429174e+00 2.22656743e-01
2 6 3.53429174e+00 2.23931337e-01
3 6 3.53429174e+00 2.23696485e-01
4 6 3.53429174e+00 2.23062501e-01
5 6 3.53429174e+00 2.21792446e-01
6 6 3.53429174e+00 2.22078261e-01
7 6 3.53429174e+00 2.23994244e-01
8 6 3.53429174e+00 2.23934746e-01
9 6 3.53429174e+00 2.22784434e-01
10 6 3.53429174e+00 2.23174584e-01
11 6 3.53429174e+00 2.23023909e-01
12 6 3.53429174e+00 2.23807367e-01
13 6 3.53429174e+00 2.25495788e-01
14 6 3.53429174e+00 2.23497862e-01
15 6 3.53429174e+00 2.21957229e-01
16 6 3.53429174e+00 2.21316037e-01
17 6 3.53429174e+00 2.22127974e-01
18 6 3.53429174e+00 2.21872876e-01
19 6 3.53429174e+00 2.23002640e-01
20 6 3.53429174e+00 2.22723631e-01
21 6 3.53429174e+00 2.22379600e-01
22 6 3.53429174e+00 2.22958254e-01
23 6 3.53429174e+00 2.22783354e-01
24 6 3.53429174e+00 2.22536321e-01
25 6 3.53429174e+00 2.22714890e-01
26 6 3.53429174e+00 2.21966317e-01
27 6 3.53429174e+00 2.24104098e-01
28 6 3.53429174e+00 2.23837013e-01
29 6 3.53429174e+00 2.22919291e-01
30 6 3.53429174e+00 2.23630391e-01
31 6 3.53429174e+00 2.23476763e-01
32 6 3.53429174e+00 2.21432279e-01
33 6 3.53429174e+00 2.23964752e-01
34 6 3.53429174e+00 2.21951501e-01
35 6 3.53429174e+00 2.21450243e-01
36 6 3.53429174e+00 2.23173693e-01
37 6 3.53429174e+00 2.22733557e-01
38 6 3.53429174e+00 2.22158711e-01
39 6 3.53429174e+00 2.22671719e-01
40 6 3.53429174e+00 2.22050062e-01
41 6 3.53429174e+00 2.23608164e-01
42 6 3.53429174e+00 2.23675937e-01
43 6 3.53429174e+00 2.21465874e-01
44 6 3.53429174e+00 2.24955539e-01
45 6 3.53429174e+00 2.22283580e-01
46 6 3.53429174e+00 2.23026051e-01
47 6 3.53429174e+00 2.25626311e-01
48 6 3.53429174e+00 2.24497460e-01
49 6 3.53429174e+00 2.24242235e-01
50 6 3.53429174e+00 2.23563330e-01
51 6 3.53429174e+00 2.23746207e-01
52 6 3.53429174e+00 2.23820127e-01
53 6 3.53429174e+00 2.23716343e-01
54 6 3.53429174e+00 2.24797886e-01
55 6 3.53429174e+00 2.22747461e-01
56 6 3.53429174e+00 2.22593051e-01
57 6 3.53429174e+00 2.22339273e-01
58 6 3.53429174e+00 2.22755284e-01
59 6 3.53429174e+00 2.22650278e-01
60 6 3.53429174e+00 2.22932433e-01
61 6 3.53429174e+00 2.23557719e-01
62 6 3.53429174e+00 2.21690381e-01
63 6 3.53429174e+00 2.21123399e-01
64 6 3.53429174e+00 2.22637790e-01
65 6 3.53429174e+00 2.24043954e-01
66 6 3.53429174e+00 2.22186181e-01
67 6 3.53429174e+00 2.22162963e-01
68 6 3.53429174e+00 2.21181551e-01
69 6 3.53429174e+00 2.23487998e-01
70 6 3.53429174e+00 2.22643500e-01
71 6 3.53429174e+00 2.21561593e-01
72 6 3.53429174e+00 2.21854987e-01
73 6 3.53429174e+00 2.23055315e-01
74 6 3.53429174e+00 2.23230442e-01
75 6 3.53429174e+00 2.23360723e-01
76 6 3.53429174e+00 2.20548067e-01
77 6 3.53429174e+00 2.24106102e-01
78 6 3.53429174e+00 2.22317775e-01
79 6 3.53429174e+00 2.23181047e-01
80 6 3.53429174e+00 2.22823985e-01
81 6 3.53429174e+00 2.24119037e-01
82 6 3.53429174e+00 2.21532310e-01
83 6 3.53429174e+00 2.22605868e-01
84 6 3.53429174e+00 2.23400169e-01
85 6 3.53429174e+00 2.22504966e-01
86 6 3.53429174e+00 2.22507612e-01
87 6 3.53429174e+00 2.23990045e-01
88 6 3.53429174e+00 2.23739209e-01
89 6 3.53429174e+00 2.23237680e-01
90 6 3.53429174e+00 2.24527557e-01
91 6 3.53429174e+00 2.23441492e-01
92 6 3.53429174e+00 2.22952097e-01
93 6 3.53429174e+00 2.23608384e-01
94 6 3.53429174e+00 2.23452428e-01
95 6 3.53429174e+00 2.22317389e-01
96 6 3.53429174e+00 2.22641784e-01
97 6 3.53429174e+00 2.23093347e-01
98 6 3.53429174e+00 2.21597114e-01
99 6 3.53429174e+00 2.22398683e-01
100 6 3.53429174e+00 2.22935749e-01
101 6 3.53429174e+00 2.23039170e-01
102 6 3.53429174e+00 2.22328399e-01
103 6 3.53429174e+00 2.24636569e-01
104 6 3.53429174e+00 2.22247723e-01
105 6 3.53429174e+00 2.19959780e-01
106 6 3.53429174e+00 2.22592708e-01
107 6 3.53429174e+00 2.22118808e-01
108 6 3.53429174e+00 2.23645663e-01
109 6 3.53429174e+00 2.21523492e-01
110 6 3.53429174e+00 2.25073904e-01
111 6 3.53429174e+00 2.24302278e-01
112 6 3.53429174e+00 2.23101816e-01
113 6 3.53429174e+00 2.23311898e-01
114 6 3.53429174e+00 2.23448756e-01
115 6 3.53429174e+00 2.25041291e-01
116 6 3.53429174e+00 2.23223110e-01
117 6 3.53429174e+00 2.21656428e-01
118 6 3.53429174e+00 2.24315159e-01
119 6 3.53429174e+00 2.21579965e-01
120 6 3.53429174e+00 2.22390552e-01
121 6 3.53429174e+00 2.23625931e-01
122 6 3.53429174e+00 2.22430293e-01
123 6 3.53429174e+00 2.22038290e-01
124 6 3.53429174e+00 2.24664032e-01
125 6 3.53429174e+00 2.22136831e-01
126 6 3.53429174e+00 2.22173311e-01
127 6 3.53429174e+00 2.24755702e-01
128 6 3.53429174e+00 2.23294125e-01
129 6 3.53429174e+00 2.22594050e-01
130 6 3.53429174e+00 2.24214185e-01
131 6 3.53429174e+00 2.23555057e-01
132 6 3.53429174e+00 2.22435635e-01
133 6 3.53429174e+00 2.23358884e-01
134 6 3.53429174e+00 2.20612060e-01
135 6 3.53429174e+00 2.24181242e-01
136 6 3.53429174e+00 2.22677467e-01
137 6 3.53429174e+00 2.22117637e-01
138 6 3.53429174e+00 2.23875372e-01
139 6 3.53429174e+00 2.23087733e-01
140 6 3.53429174e+00 2.23507392e-01
141 6 3.53429174e+00 2.23278284e-01
142 6 3.53429174e+00 2.22680465e-01
143 6 3.53429174e+00 2.23009864e-01
144 6 3.53429174e+00 2.24209280e-01
145 6 3.53429174e+00 2.22265879e-01
146 6 3.53429174e+00 2.23227587e-01
147 6 3.53429174e+00 2.21900503e-01
148 6 3.53429174e+00 2.22462846e-01
149 6 3.53429174e+00 2.24814400e-01
150 6 3.53429174e+00 2.23201645e-01
151 6 3.53429174e+00 2.23025761e-01
152 6 3.53429174e+00 2.24365105e-01
153 6 3.53429174e+00 2.23001297e-01
154 6 3.53429174e+00 2.22021356e-01
155 6 3.53429174e+00 2.22326534e-01
156 6 3.53429174e+00 2.23440339e-01
157 6 3.53429174e+00 2.26029538e-01
158 6 3.53429174e+00 2.22919823e-01
159 6 3.53429174e+00 2.25241457e-01
160 6 3.53429174e+00 2.22236107e-01
161 6 3.53429174e+00 2.22429619e-01
162 6 3.53429174e+00 2.21524579e-01
163 6 3.53429174e+00 2.24800410e-01
164 6 3.53429174e+00 2.22302579e-01
165 6 3.53429174e+00 2.21744023e-01
166 6 3.53429174e+00 2.21596077e-01
167 6 3.53429174e+00 2.22659172e-01
168 6 3.53429174e+00 2.23348953e-01
169 6 3.53429174e+00 2.25195086e-01
170 6 3.53429174e+00 2.23176108e-01
171 6 3.53429174e+00 2.23121332e-01
172 6 3.53429174e+00 2.22161705e-01
173 6 3.53429174e+00 2.24643108e-01
174 6 3.53429174e+00 2.22342292e-01
175 6 3.53429174e+00 2.21844903e-01
176 6 3.53429174e+00 2.24034844e-01
177 6 3.53429174e+00 2.24289894e-01
178 6 3.53429174e+00 2.23673081e-01
179 6 3.53429174e+00 2.23777003e-01
180 6 3.53429174e+00 2.22474560e-01
181 6 3.53429174e+00 2.22572007e-01
182 6 3.53429174e+00 2.22431319e-01
183 6 3.53429174e+00 2.22535419e-01
184 6 3.53429174e+00 2.22861527e-01
185 6 3.53429174e+00 2.24604822e-01
186 6 3.53429174e+00 2.22705685e-01
187 6 3.53429174e+00 2.24851944e-01
188 6 3.53429174e+00 2.21919620e-01
189 6 3.53429174e+00 2.23663855e-01
190 6 3.53429174e+00 2.24449328e-01
191 6 3.53429174e+00 2.22613731e-01
192 6 3.53429174e+00 2.21807109e-01
193 6 3.53429174e+00 2.22926004e-01
194 6 3.53429174e+00 2.23447564e-01
195 6 3.53429174e+00 2.23117917e-01
196 6 3.53429174e+00 2.21514150e-01
197 6 3.53429174e+00 2.22453479e-01
198 6 3.53429174e+00 2.24564137e-01
199 6 3.53429174e+00 2.22607940e-01
200 6 3.53429174e+00 2.22986092e-01
201 6 3.53429174e+00 2.21417554e-01
202 6 3.53429174e+00 2.21869124e-01
203 6 3.53429174e+00 2.22141380e-01
204 6 3.53429174e+00 2.22631748e-01
205 6 3.53429174e+00 2.22653256e-01
206 6 3.53429174e+00 2.23306596e-01
207 6 3.53429174e+00 2.23028126e-01
208 6 3.53429174e+00 2.23278061e-01
209 6 3.53429174e+00 2.24734496e-01
210 6 3.53429174e+00 2.22016425e-01
211 6 3.53429174e+00 2.23079419e-01
212 6 3.53429174e+00 2.24285456e-01
213 6 3.53429174e+00 2.22209451e-01
214 6 3.53429174e+00 2.23294249e-01
215 6 3.53429174e+00 2.22049554e-01
216 6 3.53429174e+00 2.23921697e-01
217 6 3.53429174e+00 2.23007434e-01
218 6 3.53429174e+00 2.24100242e-01
219 6 3.53429174e+00 2.23228831e-01
220 6 3.53429174e+00 2.24277432e-01
221 6 3.53429174e+00 2.21732033e-01
222 6 3.53429174e+00 2.26107486e-01
223 6 3.53429174e+00 2.23372301e-01
224 6 3.53429174e+00 2.21841896e-01
225 6 3.53429174e+00 2.23362921e-01
226 6 3.53429174e+00 2.22129314e-01
227 6 3.53429174e+00 2.23248843e-01
228 6 3.53429174e+00 2.22114495e-01
229 6 3.53429174e+00 2.24044749e-01
230 6 3.53429174e+00 2.22425360e-01
231 6 3.53429174e+00 2.22320748e-01
232 6 3.53429174e+00 2.22254070e-01
233 6 3.53429174e+00 2.22795360e-01
234 6 3.53429174e+00 2.23184555e-01
235 6 3.53429174e+00 2.24703248e-01
236 6 3.53429174e+00 2.23820877e-01
237 6 3.53429174e+00 2.22636973e-01
238 6 3.53429174e+00 2.22682648e-01
239 6 3.53429174e+00 2.21121218e-01
240 6 3.53429174e+00 2.22071751e-01
241 6 3.53429174e+00 2.23315588e-01
242 6 3.53429174e+00 2.21657569e-01
243 6 3.53429174e+00 2.24363997e-01
244 6 3.53429174e+00 2.21836304e-01
245 6 3.53429174e+00 2.23160174e-01
246 6 3.53429174e+00 2.22412181e-01
247 6 3.53429174e+00 2.23536221e-01
248 6 3.53429174e+00 2.25426078e-01
249 6 3.53429174e+00 2.23847254e-01
250 6 3.53429174e+00 2.23660476e-01
251 6 3.53429174e+00 2.24946051e-01
252 6 3.53429174e+00 2.24333569e-01
253 6 3.53429174e+00 2.21983030e-01
254 6 3.53429174e+00 2.23563512e-01
255 6 3.53429174e+00 2.25171385e-01
256 6 3.53429174e+00 2.22883273e-01
257 6 3.53429174e+00 2.21524350e-01
258 6 3.53429174e+00 2.21725165e-01
259 6 3.53429174e+00 2.22495647e-01
260 6 3.53429174e+00 2.22895377e-01
261 6 3.53429174e+00 2.24781210e-01
262 6 3.53429174e+00 2.22463369e-01
263 6 3.53429174e+00 2.25872338e-01
264 6 3.53429174e+00 2.25479147e-01
265 6 3.53429174e+00 2.24235514e-01
266 6 3.53429174e+00 2.22482637e-01
267 6 3.53429174e+00 2.21893941e-01
268 6 3.53429174e+00 2.22109635e-01
269 6 3.53429174e+00 2.21814352e-01
270 6 3.53429174e+00 2.23149942e-01
271 6 3.53429174e+00 2.22659529e-01
272 6 3.53429174e+00 2.23035992e-01
273 6 3.53429174e+00 2.22099834e-01
274 6 3.53429174e+00 2.22445815e-01
275 6 3.53429174e+00 2.24227943e-01
276 6 3.53429174e+00 2.22741110e-01
277 6 3.53429174e+00 2.24678487e-01
278 6 3.53429174e+00 2.21098924e-01
279 6 3.53429174e+00 2.23259138e-01
280 6 3.53429174e+00 2.23015659e-01
281 6 3.53429174e+00 2.22812587e-01
282 6 3.53429174e+00 2.21363253e-01
283 6 3.53429174e+00 2.22372407e-01
284 6 3.53429174e+00 2.22255430e-01
285 6 3.53429174e+00 2.23369035e-01
286 6 3.53429174e+00 2.25059128e-01
287 6 3.53429174e+00 2.21081103e-01
288 6 3.53429174e+00 2.24875688e-01
289 6 3.53429174e+00 2.23613875e-01
290 6 3.53429174e+00 2.24174399e-01
291 6 3.53429174e+00 2.23286239e-01
292 6 3.53429174e+00 2.26142063e-01
293 6 3.53429174e+00 2.22862777e-01
294 6 3.53429174e+00 2.23280618e-01
295 6 3.53429174e+00 2.21661564e-01
296 6 3.53429174e+00 2.24595833e-01
297 6 3.53429174e+00 2.24637564e-01
298 6 3.53429174e+00 2.23638941e-01
299 6 3.53429174e+00 2.22218211e-01
300 6 3.53429174e+00 2.21595694e-01
301 6 3.53429174e+00 2.20444053e-01
302 6 3.53429174e+00 2.20915740e-01
303 6 3.53429174e+00 2.21852064e-01
304 6 3.53429174e+00 2.24397993e-01
305 6 3.53429174e+00 2.23497986e-01
306 6 3.53429174e+00 2.23661440e-01
307 6 3.53429174e+00 2.21784083e-01
308 6 3.53429174e+00 2.22193301e-01
309 6 3.53429174e+00 2.23886563e-01
310 6 3.53429174e+00 2.25047335e-01
311 6 3.53429174e+00 2.22887703e-01
312 6 3.53429174e+00 2.24035505e-01
313 6 3.53429174e+00 2.21273405e-01
314 6 3.53429174e+00 2.22915550e-01
315 6 3.53429174e+00 2.20613850e-01
316 6 3.53429174e+00 2.23976331e-01
317 6 3.53429174e+00 2.22107465e-01
318 6 3.53429174e+00 2.22435127e-01
319 6 3.53429174e+00 2.24233732e-01
320 6 3.53429174e+00 2.21974549e-01
321 6 3.53429174e+00 2.22730445e-01
322 6 3.53429174e+00 2.24224701e-01
323 6 3.53429174e+00 2.23477462e-01
324 6 3.53429174e+00 2.24633384e-01
325 6 3.53429174e+00 2.22534701e-01
326 6 3.53429174e+00 2.23035717e-01
327 6 3.53429174e+00 2.24933080e-01
328 6 3.53429174e+00 2.23054749e-01
329 6 3.53429174e+00 2.20637183e-01
330 6 3.53429174e+00 2.22311083e-01
331 6 3.53429174e+00 2.23127241e-01
332 6 3.53429174e+00 2.22658489e-01
333 6 3.53429174e+00 2.23741579e-01
334 6 3.53429174e+00 2.21397343e-01
335 6 3.53429174e+00 2.24149821e-01
336 6 3.53429174e+00 2.23924036e-01
337 6 3.53429174e+00 2.23691000e-01
338 6 3.53429174e+00 2.23195664e-01
339 6 3.53429174e+00 2.25306165e-01
340 6 3.53429174e+00 2.23757096e-01
341 6 3.53429174e+00 2.22135671e-01
342 6 3.53429174e+00 2.24104524e-01
343 6 3.53429174e+00 2.22411290e-01
344 6 3.53429174e+00 2.20895854e-01
345 6 3.53429174e+00 2.23385889e-01
346 6 3.53429174e+00 2.20549782e-01
347 6 3.53429174e+00 2.23647409e-01
348 6 3.53429174e+00 2.22899604e-01
349 6 3.53429174e+00 2.21261086e-01
350 6 3.53429174e+00 2.21712539e-01
351 6 3.53429174e+00 2.23810831e-01
352 6 3.53429174e+00 2.21882531e-01
353 6 3.53429174e+00 2.24031272e-01
354 6 3.53429174e+00 2.22877429e-01
355 6 3.53429174e+00 2.24607156e-01
356 6 3.53429174e+00 2.23381773e-01
357 6 3.53429174e+00 2.23343786e-01
358 6 3.53429174e+00 2.22519545e-01
359 6 3.53429174e+00 2.23338090e-01
360 6 3.53429174e+00 2.23414120e-01
361 6 3.53429174e+00 2.22416116e-01
362 6 3.53429174e+00 2.24663406e-01
363 6 3.53429174e+00 2.21907322e-01
364 6 3.53429174e+00 2.23649376e-01
365 6 3.53429174e+00 2.23991384e-01
366 6 3.53429174e+00 2.21844920e-01
367 6 3.53429174e+00 2.21854997e-01
368 6 3.53429174e+00 2.21252552e-01
369 6 3.53429174e+00 2.21384121e-01
370 6 3.53429174e+00 2.22583648e-01
371 6 3.53429174e+00 2.22822277e-01
372 6 3.53429174e+00 2.22842147e-01
373 6 3.53429174e+00 2.23340176e-01
374 6 3.53429174e+00 2.24431384e-01
375 6 3.53429174e+00 2.22467615e-01
376 6 3.53429174e+00 2.22533463e-01
377 6 3.53429174e+00 2.23287427e-01
378 6 3.53429174e+00 2.22926815e-01
379 6 3.53429174e+00 2.22115728e-01
380 6 3.53429174e+00 2.22851956e-01
381 6 3.53429174e+00 2.24024382e-01
382 6 3.53429174e+00 2.24128282e-01
383 6 3.53429174e+00 2.20563493e-01
384 6 3.53429174e+00 2.21575638e-01
385 6 3.53429174e+00 2.23380320e-01
386 6 3.53429174e+00 2.24639205e-01
387 6 3.53429174e+00 2.25086853e-01
388 6 3.53429174e+00 2.24935301e-01
389 6 3.53429174e+00 2.21515571e-01
390 6 3.53429174e+00 2.21418153e-01
391 6 3.53429174e+00 2.23054747e-01
392 6 3.53429174e+00 2.23272250e-01
393 6 3.53429174e+00 2.22265557e-01
394 6 3.53429174e+00 2.22117694e-01
395 6 3.53429174e+00 2.21766538e-01
396 6 3.53429174e+00 2.23453229e-01
397 6 3.53429174e+00 2.25323627e-01
398 6 3.53429174e+00 2.22316832e-01
399 6 3.53429174e+00 2.22887630e-01
400 6 3.53429174e+00 2.23719294e-01
401 6 3.53429174e+00 2.24501998e-01
402 6 3.53429174e+00 2.21912736e-01
403 6 3.53429174e+00 2.19846314e-01
404 6 3.53429174e+00 2.24295996e-01
405 6 3.53429174e+00 2.23627431e-01
406 6 3.53429174e+00 2.23795555e-01
407 6 3.53429174e+00 2.22965413e-01
408 6 3.53429174e+00 2.23052565e-01
409 6 3.53429174e+00 2.24994239e-01
410 6 3.53429174e+00 2.21641089e-01
411 6 3.53429174e+00 2.21863030e-01
412 6 3.53429174e+00 2.21029876e-01
413 6 3.53429174e+00 2.23494749e-01
414 6 3.53429174e+00 2.24464114e-01
415 6 3.53429174e+00 2.24575707e-01
416 6 3.53429174e+00 2.22671653e-01
417 6 3.53429174e+00 2.22941537e-01
418 6 3.53429174e+00 2.25267539e-01
419 6 3.53429174e+00 2.21867438e-01
420 6 3.53429174e+00 2.22954128e-01
421 6 3.53429174e+00 2.21556571e-01
422 6 3.53429174e+00 2.22286708e-01
423 6 3.53429174e+00 2.24099663e-01
424 6 3.53429174e+00 2.22260574e-01
425 6 3.53429174e+00 2.21981296e-01
426 6 3.53429174e+00 2.21009140e-01
427 6 3.53429174e+00 2.22466124e-01
428 6 3.53429174e+00 2.24160956e-01
429 6 3.53429174e+00 2.22388233e-01
430 6 3.53429174e+00 2.22928519e-01
431 6 3.53429174e+00 2.22456320e-01
432 6 3.53429174e+00 2.23727660e-01
433 6 3.53429174e+00 2.24038473e-01
434 6 3.53429174e+00 2.22995244e-01
435 6 3.53429174e+00 2.24587785e-01
436 6 3.53429174e+00 2.23865447e-01
437 6 3.53429174e+00 2.25176348e-01
438 6 3.53429174e+00 2.24579616e-01
439 6 3.53429174e+00 2.22346674e-01
440 6 3.53429174e+00 2.21897251e-01
441 6 3.53429174e+00 2.22307199e-01
442 6 3.53429174e+00 2.22139132e-01
443 6 3.53429174e+00 2.23220526e-01
444 6 3.53429174e+00 2.23447846e-01
445 6 3.53429174e+00 2.20650037e-01
446 6 3.53429174e+00 2.23603382e-01
447 6 3.53429174e+00 2.23444929e-01
448 6 3.53429174e+00 2.22324899e-01
449 6 3.53429174e+00 2.23390087e-01
450 6 3.53429174e+00 2.22071375e-01
451 6 3.53429174e+00 2.22063546e-01
452 6 3.53429174e+00 2.22377484e-01
453 6 3.53429174e+00 2.22626546e-01
454 6 3.53429174e+00 2.21782437e-01
455 6 3.53429174e+00 2.22152841e-01
456 6 3.53429174e+00 2.22373519e-01
457 6 3.53429174e+00 2.22176120e-01
458 6 3.53429174e+00 2.23044325e-01
459 6 3.53429174e+00 2.24543844e-01
460 6 3.53429174e+00 2.21875168e-01
461 6 3.53429174e+00 2.24566001e-01
462 6 3.53429174e+00 2.21154410e-01
463 6 3.53429174e+00 2.24464153e-01
464 6 3.53429174e+00 2.23310867e-01
465 6 3.53429174e+00 2.23433904e-01
466 6 3.53429174e+00 2.22981817e-01
467 6 3.53429174e+00 2.21826170e-01
468 6 3.53429174e+00 2.22467637e-01
469 6 3.53429174e+00 2.21990436e-01
470 6 3.53429174e+00 2.20455967e-01
471 6 3.53429174e+00 2.23100892e-01
472 6 3.53429174e+00 2.22607261e-01
473 6 3.53429174e+00 2.24089708e-01
474 6 3.53429174e+00 2.22392906e-01
475 6 3.53429174e+00 2.23887718e-01
476 6 3.53429174e+00 2.23826461e-01
477 6 3.53429174e+00 2.22861590e-01
478 6 3.53429174e+00 2.21456689e-01
479 6 3.53429174e+00 2.20490869e-01
480 6 3.53429174e+00 2.24003057e-01
481 6 3.53429174e+00 2.24772528e-01
482 6 3.53429174e+00 2.21798808e-01
483 6 3.53429174e+00 2.23710251e-01
484 6 3.53429174e+00 2.25040362e-01
485 6 3.53429174e+00 2.23393104e-01
486 6 3.53429174e+00 2.24136646e-01
487 6 3.53429174e+00 2.23449204e-01
488 6 3.53429174e+00 2.23492166e-01
489 6 3.53429174e+00 2.23834896e-01
490 6 3.53429174e+00 2.23553076e-01
491 6 3.53429174e+00 2.22902730e-01
492 6 3.53429174e+00 2.24110231e-01
493 6 3.53429174e+00 2.24239220e-01
494 6 3.53429174e+00 2.23604965e-01
495 6 3.53429174e+00 2.22844839e-01
496 6 3.53429174e+00 2.22320253e-01
497 6 3.53429174e+00 2.23773844e-01
498 6 3.53429174e+00 2.22879800e-01
499 6 3.53429174e+00 2.23687144e-01
500 6 3.53429174e+00 2.24235187e-01
501 6 3.53429174e+00 2.23537763e-01
502 6 3.53429174e+00 2.22875847e-01
503 6 3.53429174e+00 2.23648022e-01
504 6 3.53429174e+00 2.23972739e-01
505 6 3.53429174e+00 2.23011515e-01
506 6 3.53429174e+00 2.21690223e-01
507 6 3.53429174e+00 2.23316330e-01
508 6 3.53429174e+00 2.22345642e-01
509 6 3.53429174e+00 2.23290175e-01
510 6 3.53429174e+00 2.22260107e-01
511 6 3.53429174e+00 2.22120815e-01
512 6 3.53429174e+00 2.23590426e-01
513 6 3.53429174e+00 2.23362084e-01
514 6 3.53429174e+00 2.22517478e-01
515 6 3.53429174e+00 2.23283134e-01
516 6 3.53429174e+00 2.22994837e-01
517 6 3.53429174e+00 2.22991859e-01
518 6 3.53429174e+00 2.22153384e-01
519 6 3.53429174e+00 2.23442953e-01
520 6 3.53429174e+00 2.22848072e-01
521 6 3.53429174e+00 2.22550267e-01
522 6 3.53429174e+00 2.24078197e-01
523 6 3.53429174e+00 2.21067363e-01
524 6 3.53429174e+00 2.21688833e-01
525 6 3.53429174e+00 2.23051914e-01
526 6 3.53429174e+00 2.26065900e-01
527 6 3.53429174e+00 2.23209959e-01
528 6 3.53429174e+00 2.22809808e-01
529 6 3.53429174e+00 2.23059326e-01
530 6 3.53429174e+00 2.22697255e-01
531 6 3.53429174e+00 2.21372206e-01
532 6 3.53429174e+00 2.24529154e-01
533 6 3.53429174e+00 2.23023565e-01
534 6 3.53429174e+00 2.21831341e-01
535 6 3.53429174e+00 2.21530130e-01
536 6 3.53429174e+00 2.25902051e-01
537 6 3.53429174e+00 2.22761028e-01
538 6 3.53429174e+00 2.23583555e-01
539 6 3.53429174e+00 2.22548014e-01
540 6 3.53429174e+00 2.25714299e-01
541 6 3.53429174e+00 2.23278979e-01
542 6 3.53429174e+00 2.22142637e-01
543 6 3.53429174e+00 2.21101962e-01
544 6 3.53429174e+00 2.21523937e-01
545 6 3.53429174e+00 2.23572912e-01
546 6 3.53429174e+00 2.23206331e-01
547 6 3.53429174e+00 2.22334822e-01
548 6 3.53429174e+00 2.22891366e-01
549 6 3.53429174e+00 2.24539551e-01
550 6 3.53429174e+00 2.22543410e-01
551 6 3.53429174e+00 2.25806183e-01
552 6 3.53429174e+00 2.23462462e-01
553 6 3.53429174e+00 2.22511018e-01
554 6 3.53429174e+00 2.21216846e-01
555 6 3.53429174e+00 2.24284474e-01
556 6 3.53429174e+00 2.23232513e-01
557 6 3.53429174e+00 2.22962336e-01
558 6 3.53429174e+00 2.23406723e-01
559 6 3.53429174e+00 2.24758747e-01
560 6 3.53429174e+00 2.23573347e-01
561 6 3.53429174e+00 2.21595939e-01
562 6 3.53429174e+00 2.22155552e-01
563 6 3.53429174e+00 2.23492701e-01
564 6 3.53429174e+00 2.22523446e-01
565 6 3.53429174e+00 2.21631740e-01
566 6 3.53429174e+00 2.26237879e-01
567 6 3.53429174e+00 2.22587085e-01
568 6 3.53429174e+00 2.23985405e-01
569 6 3.53429174e+00 2.23957655e-01
570 6 3.53429174e+00 2.22253744e-01
571 6 3.53429174e+00 2.24036278e-01
572 6 3.53429174e+00 2.21110039e-01
573 6 3.53429174e+00 2.23654163e-01
574 6 3.53429174e+00 2.24004320e-01
575 6 3.53429174e+00 2.22824792e-01
576 6 3.53429174e+00 2.21862319e-01
577 6 3.53429174e+00 2.22316990e-01
578 6 3.53429174e+00 2.22081421e-01
579 6 3.53429174e+00 2.22568495e-01
580 6 3.53429174e+00 2.21488871e-01
581 6 3.53429174e+00 2.19860845e-01
582 6 3.53429174e+00 2.24527396e-01
583 6 3.53429174e+00 2.23770290e-01
584 6 3.53429174e+00 2.22234425e-01
585 6 3.53429174e+00 2.22926110e-01
586 6 3.53429174e+00 2.22444927e-01
587 6 3.53429174e+00 2.23954763e-01
588 6 3.53429174e+00 2.23975648e-01
589 6 3.53429174e+00 2.20885138e-01
590 6 3.53429174e+00 2.23876346e-01
591 6 3.53429174e+00 2.21727045e-01
592 6 3.53429174e+00 2.22549372e-01
593 6 3.53429174e+00 2.24996024e-01
594 6 3.53429174e+00 2.22642591e-01
595 6 3.53429174e+00 2.22968023e-01
596 6 3.53429174e+00 2.23834322e-01
597 6 3.53429174e+00 2.23559006e-01
598 6 3.53429174e+00 2.22875242e-01
599 6 3.53429174e+00 2.24266559e-01
600 6 3.53429174e+00 2.21584010e-01
601 6 3.53429174e+00 2.23573638e-01
602 6 3.53429174e+00 2.23419103e-01
603 6 3.53429174e+00 2.23757022e-01
604 6 3.53429174e+00 2.23632468e-01
605 6 3.53429174e+00 2.24342722e-01
606 6 3.53429174e+00 2.24780142e-01
607 6 3.53429174e+00 2.21242311e-01
608 6 3.53429174e+00 2.21285992e-01
609 6 3.53429174e+00 2.23701987e-01
610 6 3.53429174e+00 2.24135106e-01
611 6 3.53429174e+00 2.22863525e-01
612 6 3.53429174e+00 2.22859016e-01
613 6 3.53429174e+00 2.25074179e-01
614 6 3.53429174e+00 2.22055539e-01
615 6 3.53429174e+00 2.22890611e-01
616 6 3.53429174e+00 2.22149128e-01
617 6 3.53429174e+00 2.23577237e-01
618 6 3.53429174e+00 2.23685692e-01
619 6 3.53429174e+00 2.23605329e-01
620 6 3.53429174e+00 2.24595066e-01
621 6 3.53429174e+00 2.22448293e-01
622 6 3.53429174e+00 2.22631074e-01
623 6 3.53429174e+00 2.21996651e-01
624 6 3.53429174e+00 2.22260988e-01
625 6 3.53429174e+00 2.23595720e-01
626 6 3.53429174e+00 2.23107231e-01
627 6 3.53429174e+00 2.25133963e-01
628 6 3.53429174e+00 2.25531343e-01
629 6 3.53429174e+00 2.24905151e-01
630 6 3.53429174e+00 2.23654006e-01
631 6 3.53429174e+00 2.22776906e-01
632 6 3.53429174e+00 2.22351658e-01
633 6 3.53429174e+00 2.21474119e-01
634 6 3.53429174e+00 2.22429947e-01
635 6 3.53429174e+00 2.22960541e-01
636 6 3.53429174e+00 2.23413944e-01
637 6 3.53429174e+00 2.22948183e-01
638 6 3.53429174e+00 2.22024149e-01
639 6 3.53429174e+00 2.24567595e-01
640 6 3.53429174e+00 2.22993679e-01
641 6 3.53429174e+00 2.23412812e-01
642 6 3.53429174e+00 2.24582366e-01
643 6 3.53429174e+00 2.23680932e-01
644 6 3.53429174e+00 2.24348636e-01
645 6 3.53429174e+00 2.22237773e-01
646 6 3.53429174e+00 2.23381760e-01
647 6 3.53429174e+00 2.24398437e-01
648 6 3.53429174e+00 2.23866698e-01
649 6 3.53429174e+00 2.23514555e-01
650 6 3.53429174e+00 2.25581725e-01
651 6 3.53429174e+00 2.22842706e-01
652 6 3.53429174e+00 2.22423939e-01
653 6 3.53429174e+00 2.25043602e-01
654 6 3.53429174e+00 2.24396877e-01
655 6 3.53429174e+00 2.23989447e-01
656 6 3.53429174e+00 2.22925448e-01
657 6 3.53429174e+00 2.21230248e-01
658 6 3.53429174e+00 2.21794108e-01
659 6 3.53429174e+00 2.22566437e-01
660 6 3.53429174e+00 2.22515476e-01
661 6 3.53429174e+00 2.22280287e-01
662 6 3.53429174e+00 2.22875375e-01
663 6 3.53429174e+00 2.22839929e-01
664 6 3.53429174e+00 2.23832019e-01
665 6 3.53429174e+00 2.23819046e-01
666 6 3.53429174e+00 2.22007546e-01
667 6 3.53429174e+00 2.24490910e-01
668 6 3.53429174e+00 2.23015381e-01
669 6 3.53429174e+00 2.24557269e-01
670 6 3.53429174e+00 2.22827284e-01
671 6 3.53429174e+00 2.23710055e-01
672 6 3.53429174e+00 2.23592882e-01
673 6 3.53429174e+00 2.24977900e-01
674 6 3.53429174e+00 2.21503956e-01
675 6 3.53429174e+00 2.22523579e-01
676 6 3.53429174e+00 2.24584610e-01
677 6 3.53429174e+00 2.24364064e-01
678 6 3.53429174e+00 2.23347697e-01
679 6 3.53429174e+00 2.25187709e-01
680 6 3.53429174e+00 2.25463485e-01
681 6 3.53429174e+00 2.24427939e-01
682 6 3.53429174e+00 2.23971417e-01
683 6 3.53429174e+00 2.23135232e-01
684 6 3.53429174e+00 2.23530510e-01
685 6 3.53429174e+00 2.21182422e-01
686 6 3.53429174e+00 2.23504811e-01
687 6 3.53429174e+00 2.22529764e-01
688 6 3.53429174e+00 2.22228912e-01
689 6 3.53429174e+00 2.20823478e-01
690 6 3.53429174e+00 2.23902198e-01
691 6 3.53429174e+00 2.20838912e-01
692 6 3.53429174e+00 2.23048794e-01
693 6 3.53429174e+00 2.24453562e-01
694 6 3.53429174e+00 2.24468647e-01
695 6 3.53429174e+00 2.23527988e-01
696 6 3.53429174e+00 2.24069862e-01
697 6 3.53429174e+00 2.22515284e-01
698 6 3.53429174e+00 2.21210450e-01
699 6 3.53429174e+00 2.21988132e-01
700 6 3.53429174e+00 2.21116404e-01
701 6 3.53429174e+00 2.22391286e-01
702 6 3.53429174e+00 2.22477333e-01
703 6 3.53429174e+00 2.24621927e-01
704 6 3.53429174e+00 2.21861199e-01
705 6 3.53429174e+00 2.24208896e-01
706 6 3.53429174e+00 2.24238717e-01
707 6 3.53429174e+00 2.23404193e-01
708 6 3.53429174e+00 2.23645096e-01
709 6 3.53429174e+00 2.23028625e-01
710 6 3.53429174e+00 2.23166896e-01
711 6 3.53429174e+00 2.22657291e-01
712 6 3.53429174e+00 2.24478076e-01
713 6 3.53429174e+00 2.24072812e-01
714 6 3.53429174e+00 2.20743181e-01
715 6 3.53429174e+00 2.23878508e-01
716 6 3.53429174e+00 2.24588319e-01
717 6 3.53429174e+00 2.24095245e-01
718 6 3.53429174e+00 2.23016764e-01
719 6 3.53429174e+00 2.23375319e-01
720 6 3.53429174e+00 2.23383834e-01
721 6 3.53429174e+00 2.23321559e-01
722 6 3.53429174e+00 2.22645990e-01
723 6 3.53429174e+00 2.21925406e-01
724 6 3.53429174e+00 2.22079179e-01
725 6 3.53429174e+00 2.22468969e-01
726 6 3.53429174e+00 2.24022078e-01
727 6 3.53429174e+00 2.20260396e-01
728 6 3.53429174e+00 2.23815451e-01
729 6 3.53429174e+00 2.22996752e-01
730 6 3.53429174e+00 2.23985144e-01
731 6 3.53429174e+00 2.20864939e-01
732 6 3.53429174e+00 2.24420286e-01
733 6 3.53429174e+00 2.26994240e-01
734 6 3.53429174e+00 2.21408904e-01
735 6 3.53429174e+00 2.24363144e-01
736 6 3.53429174e+00 2.22843663e-01
737 6 3.53429174e+00 2.23572181e-01
738 6 3.53429174e+00 2.22409017e-01
739 6 3.53429174e+00 2.22003735e-01
740 6 3.53429174e+00 2.23783715e-01
741 6 3.53429174e+00 2.22923098e-01
742 6 3.53429174e+00 2.22906095e-01
743 6 3.53429174e+00 2.23027114e-01
744 6 3.53429174e+00 2.22134056e-01
745 6 3.53429174e+00 2.21734095e-01
746 6 3.53429174e+00 2.22206906e-01
747 6 3.53429174e+00 2.22753046e-01
748 6 3.53429174e+00 2.24071417e-01
749 6 3.53429174e+00 2.24349978e-01
750 6 3.53429174e+00 2.22055316e-01
751 6 3.53429174e+00 2.24709952e-01
752 6 3.53429174e+00 2.23714393e-01
753 6 3.53429174e+00 2.22272542e-01
754 6 3.53429174e+00 2.22488683e-01
755 6 3.53429174e+00 2.23201776e-01
756 6 3.53429174e+00 2.20790782e-01
757 6 3.53429174e+00 2.22333240e-01
758 6 3.53429174e+00 2.23063773e-01
759 6 3.53429174e+00 2.23995197e-01
760 6 3.53429174e+00 2.20865872e-01
761 6 3.53429174e+00 2.22811246e-01
762 6 3.53429174e+00 2.23768537e-01
763 6 3.53429174e+00 2.23991360e-01
764 6 3.53429174e+00 2.23629294e-01
765 6 3.53429174e+00 2.22886911e-01
766 6 3.53429174e+00 2.23055729e-01
767 6 3.53429174e+00 2.20609473e-01
768 6 3.53429174e+00 2.22716628e-01
769 6 3.53429174e+00 2.22654466e-01
770 6 3.53429174e+00 2.22234485e-01
771 6 3.53429174e+00 2.22127618e-01
772 6 3.53429174e+00 2.24532710e-01
773 6 3.53429174e+00 2.25635088e-01
774 6 3.53429174e+00 2.22992199e-01
775 6 3.53429174e+00 2.22983417e-01
776 6 3.53429174e+00 2.20532581e-01
777 6 3.53429174e+00 2.23853507e-01
778 6 3.53429174e+00 2.22077210e-01
779 6 3.53429174e+00 2.21530476e-01
780 6 3.53429174e+00 2.22730968e-01
781 6 3.53429174e+00 2.22612892e-01
782 6 3.53429174e+00 2.22117031e-01
783 6 3.53429174e+00 2.23314143e-01
784 6 3.53429174e+00 2.21480603e-01
785 6 3.53429174e+00 2.22833004e-01
786 6 3.53429174e+00 2.22904003e-01
787 6 3.53429174e+00 2.22709902e-01
788 6 3.53429174e+00 2.20740549e-01
789 6 3.53429174e+00 2.22605271e-01
790 6 3.53429174e+00 2.21773618e-01
791 6 3.53429174e+00 2.23897283e-01
792 6 3.53429174e+00 2.25244761e-01
793 6 3.53429174e+00 2.21325065e-01
794 6 3.53429174e+00 2.24265087e-01
795 6 3.53429174e+00 2.25624757e-01
796 6 3.53429174e+00 2.23242174e-01
797 6 3.53429174e+00 2.23237773e-01
798 6 3.53429174e+00 2.22156880e-01
799 6 3.53429174e+00 2.22892361e-01
800 6 3.53429174e+00 2.21884447e-01
801 6 3.53429174e+00 2.22802488e-01
802 6 3.53429174e+00 2.22578798e-01
803 6 3.53429174e+00 2.23953669e-01
804 6 3.53429174e+00 2.22540337e-01
805 6 3.53429174e+00 2.22507100e-01
806 6 3.53429174e+00 2.23836718e-01
807 6 3.53429174e+00 2.23797732e-01
808 6 3.53429174e+00 2.23509828e-01
809 6 3.53429174e+00 2.23872699e-01
810 6 3.53429174e+00 2.23309431e-01
811 6 3.53429174e+00 2.23281853e-01
812 6 3.53429174e+00 2.20669897e-01
813 6 3.53429174e+00 2.23226278e-01
814 6 3.53429174e+00 2.22958941e-01
815 6 3.53429174e+00 2.23798845e-01
816 6 3.53429174e+00 2.24225990e-01
817 6 3.53429174e+00 2.24809848e-01
818 6 3.53429174e+00 2.23070348e-01
819 6 3.53429174e+00 2.22080652e-01
820 6 3.53429174e+00 2.25012166e-01
821 6 3.53429174e+00 2.22528947e-01
822 6 3.53429174e+00 2.24096507e-01
823 6 3.53429174e+00 2.24932732e-01
824 6 3.53429174e+00 2.24145513e-01
825 6 3.53429174e+00 2.22773467e-01
826 6 3.53429174e+00 2.23307691e-01
827 6 3.53429174e+00 2.22392850e-01
828 6 3.53429174e+00 2.22919499e-01
829 6 3.53429174e+00 2.25561453e-01
830 6 3.53429174e+00 2.21308396e-01
831 6 3.53429174e+00 2.24631188e-01
832 6 3.53429174e+00 2.23294072e-01
833 6 3.53429174e+00 2.22214579e-01
834 6 3.53429174e+00 2.22708970e-01
835 6 3.53429174e+00 2.23993134e-01
836 6 3.53429174e+00 2.24177415e-01
837 6 3.53429174e+00 2.23084351e-01
838 6 3.53429174e+00 2.22606255e-01
839 6 3.53429174e+00 2.24790144e-01
840 6 3.53429174e+00 2.23234780e-01
841 6 3.53429174e+00 2.22924216e-01
842 6 3.53429174e+00 2.23272113e-01
843 6 3.53429174e+00 2.23314489e-01
844 6 3.53429174e+00 2.21974906e-01
845 6 3.53429174e+00 2.25501341e-01
846 6 3.53429174e+00 2.23329618e-01
847 6 3.53429174e+00 2.21635180e-01
848 6 3.53429174e+00 2.23723291e-01
849 6 3.53429174e+00 2.24417601e-01
850 6 3.53429174e+00 2.22458383e-01
851 6 3.53429174e+00 2.23736158e-01
852 6 3.53429174e+00 2.22824213e-01
853 6 3.53429174e+00 2.20310521e-01
854 6 3.53429174e+00 2.25113673e-01
855 6 3.53429174e+00 2.22662547e-01
856 6 3.53429174e+00 2.21696975e-01
857 6 3.53429174e+00 2.22395703e-01
858 6 3.53429174e+00 2.25568002e-01
859 6 3.53429174e+00 2.23521156e-01
860 6 3.53429174e+00 2.24600720e-01
861 6 3.53429174e+00 2.22556173e-01
862 6 3.53429174e+00 2.24578504e-01
863 6 3.53429174e+00 2.20603242e-01
864 6 3.53429174e+00 2.24403865e-01
865 6 3.53429174e+00 2.24764897e-01
866 6 3.53429174e+00 2.23196594e-01
867 6 3.53429174e+00 2.23468054e-01
868 6 3.53429174e+00 2.24613934e-01
869 6 3.53429174e+00 2.23828011e-01
870 6 3.53429174e+00 2.23329703e-01
871 6 3.53429174e+00 2.24926678e-01
872 6 3.53429174e+00 2.25572986e-01
873 6 3.53429174e+00 2.22332179e-01
874 6 3.53429174e+00 2.21032439e-01
875 6 3.53429174e+00 2.22794544e-01
876 6 3.53429174e+00 2.23361593e-01
877 6 3.53429174e+00 2.21718627e-01
878 6 3.53429174e+00 2.22292459e-01
879 6 3.53429174e+00 2.22568182e-01
880 6 3.53429174e+00 2.21583817e-01
881 6 3.53429174e+00 2.22262751e-01
882 6 3.53429174e+00 2.22768883e-01
883 6 3.53429174e+00 2.22243938e-01
884 6 3.53429174e+00 2.22382111e-01
885 6 3.53429174e+00 2.25530273e-01
886 6 3.53429174e+00 2.24580680e-01
887 6 3.53429174e+00 2.23104050e-01
888 6 3.53429174e+00 2.23541742e-01
889 6 3.53429174e+00 2.24527556e-01
890 6 3.53429174e+00 2.21816672e-01
891 6 3.53429174e+00 2.20992047e-01
892 6 3.53429174e+00 2.21438209e-01
893 6 3.53429174e+00 2.20003883e-01
894 6 3.53429174e+00 2.24351460e-01
895 6 3.53429174e+00 2.25445238e-01
896 6 3.53429174e+00 2.23461828e-01
897 6 3.53429174e+00 2.24677366e-01
898 6 3.53429174e+00 2.23945493e-01
899 6 3.53429174e+00 2.21914093e-01
900 6 3.53429174e+00 2.22531742e-01
901 6 3.53429174e+00 2.22408072e-01
902 6 3.53429174e+00 2.24595012e-01
903 6 3.53429174e+00 2.24221113e-01
904 6 3.53429174e+00 2.24088863e-01
905 6 3.53429174e+00 2.21832940e-01
906 6 3.53429174e+00 2.22868394e-01
907 6 3.53429174e+00 2.22264581e-01
908 6 3.53429174e+00 2.23851391e-01
909 6 3.53429174e+00 2.23632726e-01
910 6 3.53429174e+00 2.23659473e-01
911 6 3.53429174e+00 2.24108161e-01
912 6 3.53429174e+00 2.23006261e-01
913 6 3.53429174e+00 2.25669503e-01
914 6 3.53429174e+00 2.22537683e-01
915 6 3.53429174e+00 2.21232303e-01
916 6 3.53429174e+00 2.22334797e-01
917 6 3.53429174e+00 2.23967565e-01
918 6 3.53429174e+00 2.24227554e-01
919 6 3.53429174e+00 2.24359799e-01
920 6 3.53429174e+00 2.22138983e-01
921 6 3.53429174e+00 2.23096959e-01
922 6 3.53429174e+00 2.23703743e-01
923 6 3.53429174e+00 2.23345647e-01
924 6 3.53429174e+00 2.23590791e-01
925 6 3.53429174e+00 2.23402273e-01
926 6 3.53429174e+00 2.21298566e-01
927 6 3.53429174e+00 2.22981213e-01
928 6 3.53429174e+00 2.23899157e-01
929 6 3.53429174e+00 2.24958539e-01
930 6 3.53429174e+00 2.22584465e-01
931 6 3.53429174e+00 2.22534661e-01
932 6 3.53429174e+00 2.22784025e-01
933 6 3.53429174e+00 2.22552283e-01
934 6 3.53429174e+00 2.22670660e-01
935 6 3.53429174e+00 2.23479995e-01
936 6 3.53429174e+00 2.22548084e-01
937 6 3.53429174e+00 2.22866214e-01
938 6 3.53429174e+00 2.22947751e-01
939 6 3.53429174e+00 2.23959424e-01
940 6 3.53429174e+00 2.21655143e-01
941 6 3.53429174e+00 2.21009921e-01
942 6 3.53429174e+00 2.23548916e-01
943 6 3.53429174e+00 2.23983759e-01
944 6 3.53429174e+00 2.23470326e-01
945 6 3.53429174e+00 2.22683783e-01
946 6 3.53429174e+00 2.24209913e-01
947 6 3.53429174e+00 2.21831344e-01
948 6 3.53429174e+00 2.22623001e-01
949 6 3.53429174e+00 2.22706175e-01
950 6 3.53429174e+00 2.21392770e-01
951 6 3.53429174e+00 2.24314655e-01
952 6 3.53429174e+00 2.19331987e-01
953 6 3.53429174e+00 2.22868287e-01
954 6 3.53429174e+00 2.23551644e-01
955 6 3.53429174e+00 2.23313038e-01
956 6 3.53429174e+00 2.23720417e-01
957 6 3.53429174e+00 2.25111533e-01
958 6 3.53429174e+00 2.21869617e-01
959 6 3.53429174e+00 2.21343951e-01
960 6 3.53429174e+00 2.23786843e-01
961 6 3.53429174e+00 2.23862991e-01
962 6 3.53429174e+00 2.24180682e-01
963 6 3.53429174e+00 2.23279596e-01
964 6 3.53429174e+00 2.22918483e-01
965 6 3.53429174e+00 2.22603086e-01
966 6 3.53429174e+00 2.21144558e-01
967 6 3.53429174e+00 2.24619026e-01
968 6 3.53429174e+00 2.21380784e-01
969 6 3.53429174e+00 2.20750400e-01
970 6 3.53429174e+00 2.21859069e-01
971 6 3.53429174e+00 2.22671537e-01
972 6 3.53429174e+00 2.23795435e-01
973 6 3.53429174e+00 2.21896564e-01
974 6 3.53429174e+00 2.22712538e-01
975 6 3.53429174e+00 2.24875510e-01
976 6 3.53429174e+00 2.21124384e-01
977 6 3.53429174e+00 2.23311520e-01
978 6 3.53429174e+00 2.21171023e-01
979 6 3.53429174e+00 2.20242699e-01
980 6 3.53429174e+00 2.23145229e-01
981 6 3.53429174e+00 2.22616238e-01
982 6 3.53429174e+00 2.21825178e-01
983 6 3.53429174e+00 2.25176457e-01
984 6 3.53429174e+00 2.21574626e-01
985 6 3.53429174e+00 2.23817158e-01
986 6 3.53429174e+00 2.24396164e-01
987 6 3.53429174e+00 2.20984410e-01
988 6 3.53429174e+00 2.21859673e-01
989 6 3.53429174e+00 2.22928962e-01
990 6 3.53429174e+00 2.23384157e-01
991 6 3.53429174e+00 2.22570954e-01
992 6 3.53429174e+00 2.23415267e-01
993 6 3.53429174e+00 2.21708646e-01
994 6 3.53429174e+00 2.22604317e-01
995 6 3.53429174e+00 2.25563255e-01
996 6 3.53429174e+00 2.23827917e-01
997 6 3.53429174e+00 2.21474082e-01
998 6 3.53429174e+00 2.23239374e-01
999 6 3.53429174e+00 2.24660996e-01
1000 6 3.53429174e+00 2.23656861e-01
1001 6 3.53429174e+00 2.26450192e-01
1002 6 3.53429174e+00 2.20093946e-01
1003 6 3.53429174e+00 2.22142851e-01
1004 6 3.53429174e+00 2.23662679e-01
1005 6 3.53429174e+00 2.20906699e-01
1006 6 3.53429174e+00 2.23638915e-01
1007 6 3.53429174e+00 2.23803158e-01
1008 6 3.53429174e+00 2.24415295e-01
1009 6 3.53429174e+00 2.22134800e-01
1010 6 3.53429174e+00 2.23801893e-01
1011 6 3.53429174e+00 2.22963751e-01
1012 6 3.53429174e+00 2.21335657e-01
1013 6 3.53429174e+00 2.20720877e-01
1014 6 3.53429174e+00 2.23011619e-01
1015 6 3.53429174e+00 2.21475380e-01
1016 6 3.53429174e+00 2.24508786e-01
1017 6 3.53429174e+00 2.19819038e-01
1018 6 3.53429174e+00 2.23763356e-01
1019 6 3.53429174e+00 2.22539702e-01
1020 6 3.53429174e+00 2.23335731e-01
1021 6 3.53429174e+00 2.21569788e-01
1022 6 3.53429174e+00 2.22709243e-01
1023 6 3.53429174e+00 2.22608980e-01
1024 6 3.53429174e+00 2.22466480e-01
1025 6 3.53429174e+00 2.22403723e-01
0 7 4.12334036e+00 2.29691683e-01
1 7 4.12334036e+00 2.27204637e-01
2 7 4.12334036e+00 2.29143022e-01
3 7 4.12334036e+00 2.28654805e-01
4 7 4.12334036e+00 2.27484132e-01
5 7 4.12334036e+00 2.26225894e-01
6 7 4.12334036e+00 2.26710252e-01
7 7 4.12334036e+00 2.28990107e-01
8 7 4.12334036e+00 2.29088084e-01
9 7 4.12334036e+00 2.27754968e-01
10 7 4.12334036e+00 2.27826483e-01
11 7 4.12334036e+00 2.28616182e-01
12 7 4.12334036e+00 2.28888732e-01
13 7 4.12334036e+00 2.31446078e-01
14 7 4.12334036e+00 2.28730116e-01
15 7 4.12334036e+00 2.26498122e-01
16 7 4.12334036e+00 2.26019563e-01
17 7 4.12334036e+00 2.26621361e-01
18 7 4.12334036e+00 2.26581557e-01
19 7 4.12334036e+00 2.27904897e-01
20 7 4.12334036e+00 2.27812694e-01
21 7 4.12334036e+00 2.27242919e-01
22 7 4.12334036e+00 2.27859963e-01
23 7 4.12334036e+00 2.27909120e-01
24 7 4.12334036e+00 2.27621882e-01
25 7 4.12334036e+00 2.27685048e-01
26 7 4.12334036e+00 2.26358919e-01
27 7 4.12334036e+00 2.29483600e-01
28 7 4.12334036e+00 2.28777826e-01
29 7 4.12334036e+00 2.28174796e-01
30 7 4.12334036e+00 2.28749655e-01
31 7 4.12334036e+00 2.27690068e-01
32 7 4.12334036e+00 2.25815232e-01
33 7 4.12334036e+00 2.28887416e-01
34 7 4.12334036e+00 2.26961319e-01
35 7 4.12334036e+00 2.25743305e-01
36 7 4.12334036e+00 2.27947697e-01
37 7 4.12334036e+00 2.27369259e-01
38 7 4.12334036e+00 2.26620135e-01
39 7 4.12334036e+00 2.27065314e-01
40 7 4.12334036e+00 2.26214459e-01
41 7 4.12334036e+00 2.28318045e-01
42 7 4.12334036e+00 2.28981423e-01
43 7 4.12334036e+00 2.25878664e-01
44 7 4.12334036e+00 2.30431250e-01
45 7 4.12334036e+00 2.26696137e-01
46 7 4.12334036e+00 2.27741253e-01
47 7 4.12334036e+00 2.31275280e-01
48 7 4.12334036e+00 2.29562172e-01
49 7 4.12334036e+00 2.29265051e-01
50 7 4.12334036e+00 2.28410069e-01
51 7 4.12334036e+00 2.28718231e-01
52 7 4.12334036e+00 2.28970915e-01
53 7 4.12334036e+00 2.29035517e-01
54 7 4.12334036e+00 2.30444536e-01
55 7 4.12334036e+00 2.27583538e-01
56 7 4.12334036e+00 2.27129589e-01
57 7 4.12334036e+00 2.27579828e-01
58 7 4.12334036e+00 2.27134822e-01
59 7 4.12334036e+00 2.27931257e-01
60 7 4.12334036e+00 2.27942766e-01
61 7 4.12334036e+00 2.28360288e-01
62 7 4.12334036e+00 2.26472713e-01
63 7 4.12334036e+00 2.25846209e-01
64 7 4.12334036e+00 2.27441176e-01
65 7 4.12334036e+00 2.28839513e-01
66 7 4.12334036e+00 2.27070605e-01
67 7 4.12334036e+00 2.26562553e-01
68 7 4.12334036e+00 2.25894796e-01
69 7 4.12334036e+00 2.28750985e-01
70 7 4.12334036e+00 2.27449097e-01
71 7 4.12334036e+00 2.26363049e-01
72 7 4.12334036e+00 2.26670594e-01
73 7 4.12334036e+00 2.28023628e-01
74 7 4.12334036e+00 2.28208534e-01
75 7 4.12334036e+00 2.28550769e-01
76 7 4.12334036e+00 2.25249471e-01
77 7 4.12334036e+00 2.29213372e-01
78 7 4.12334036e+00 2.26420863e-01
79 7 4.12334036e+00 2.28279391e-01
80 7 4.12334036e+00 2.27878381e-01
81 7 4.12334036e+00 2.29467374e-01
82 7 4.12334036e+00 2.25960210e-01
83 7 4.12334036e+00 2.27623525e-01
84 7 4.12334036e+00 2.28554438e-01
85 7 4.12334036e+00 2.27064270e-01
86 7 4.12334036e+00 2.27501392e-01
87 7 4.12334036e+00 2.29304763e-01
88 7 4.12334036e+00 2.28504600e-01
89 7 4.12334036e+00 2.27915835e-01
90 7 4.12334036e+00 2.29509146e-01
91 7 4.12334036e+00 2.28194976e-01
92 7 4.12334036e+00 2.27635659e-01
93 7 4.12334036e+00 2.29033026e-01
94 7 4.12334036e+00 2.28558145e-01
95 7 4.12334036e+00 2.26800357e-01
96 7 4.12334036e+00 2.27248442e-01
97 7 4.12334036e+00 2.28048774e-01
98 7 4.12334036e+00 2.26834499e-01
99 7 4.12334036e+00 2.27808246e-01
100 7 4.12334036e+00 2.27253540e-01
101 7 4.12334036e+00 2.27946235e-01
102 7 4.12334036e+00 2.27340933e-01
103 7 4.12334036e+00 2.29913624e-01
104 7 4.12334036e+00 2.26584406e-01
105 7 4.12334036e+00 2.24746652e-01
106 7 4.12334036e+00 2.27174250e-01
107 7 4.12334036e+00 2.26595954e-01
108 7 4.12334036e+00 2.28761905e-01
109 7 4.12334036e+00 2.26057622e-01
110 7 4.12334036e+00 2.30568435e-01
111 7 4.12334036e+00 2.29360592e-01
112 7 4.12334036e+00 2.28160774e-01
113 7 4.12334036e+00 2.28668971e-01
114 7 4.12334036e+00 2.28568440e-01
115 7 4.12334036e+00 2.30508779e-01
116 7 4.12334036e+00 2.28671399e-01
117 7 4.12334036e+00 2.26162201e-01
118 7 4.12334036e+00 2.29233455e-01
119 7 4.12334036e+00 2.26137140e-01
120 7 4.12334036e+00 2.27548150e-01
121 7 4.12334036e+00 2.28744844e-01
122 7 4.12334036e+00 2.27275102e-01
123 7 4.12334036e+00 2.26768493e-01
124 7 4.12334036e+00 2.30051389e-01
125 7 4.12334036e+00 2.26502574e-01
126 7 4.12334036e+00 2.26880652e-01
127 7 4.12334036e+00 2.30282311e-01
128 7 4.12334036e+00 2.28271543e-01
129 7 4.12334036e+00 2.27174821e-01
130 7 4.12334036e+00 2.29502482e-01
131 7 4.12334036e+00 2.29040166e-01
132 7 4.12334036e+00 2.27302502e-01
133 7 4.12334036e+00 2.28255248e-01
134 7 4.12334036e+00 2.24773941e-01
135 7 4.12334036e+00 2.29202101e-01
136 7 4.12334036e+00 2.27317606e-01
137 7 4.12334036e+00 2.26947478e-01
138 7 4.12334036e+00 2.28962175e-01
139 7 4.12334036e+00 2.27844843e-01
140 7 4.12334036e+00 2.28316515e-01
141 7 4.12334036e+00 2.27689219e-01
142 7 4.12334036e+00 2.27640915e-01
143 7 4.12334036e+00 2.27992578e-01
144 7 4.12334036e+00 2.29448859e-01
145 7 4.12334036e+00 2.26557606e-01
146 7 4.12334036e+00 2.28534769e-01
147 7 4.12334036e+00 2.26734190e-01
148 7 4.12334036e+00 2.26819292e-01
149 7 4.12334036e+00 2.30246934e-01
150 7 4.12334036e+00 2.28638669e-01
151 7 4.12334036e+00 2.27657407e-01
152 7 4.12334036e+00 2.29274412e-01
153 7 4.12334036e+00 2.28273377e-01
154 7 4.12334036e+00 2.26705400e-01
155 7 4.12334036e+00 2.27141612e-01
156 7 4.12334036e+00 2.28466595e-01
157 7 4.12334036e+00 2.31580687e-01
158 7 4.12334036e+00 2.27616897e-01
159 7 4.12334036e+00 2.31058804e-01
160 7 4.12334036e+00 2.26464117e-01
161 7 4.12334036e+00 2.27882553e-01
162 7 4.12334036e+00 2.25996344e-01
163 7 4.12334036e+00 2.29735084e-01
164 7 4.12334036e+00 2.26870797e-01
165 7 4.12334036e+00 2.26200514e-01
166 7 4.12334036e+00 2.26267560e-01
167 7 4.12334036e+00 2.27363149e-01
168 7 4.12334036e+00 2.28352966e-01
169 7 4.12334036e+00 2.30243569e-01
170 7 4.12334036e+00 2.28265288e-01
171 7 4.12334036e+00 2.27957039e-01
172 7 4.12334036e+00 2.26690703e-01
173 7 4.12334036e+00 2.30036427e-01
174 7 4.12334036e+00 2.27096857e-01
175 7 4.12334036e+00 2.26217244e-01
176 7 4.12334036e+00 2.29036462e-01
177 7 4.12334036e+00 2.29514126e-01
178 7 4.12334036e+00 2.28605549e-01
179 7 4.12334036e+00 2.28309999e-01
180 7 4.12334036e+00 2.26938277e-01
181 7 4.12334036e+00 2.27072663e-01
182 7 4.12334036e+00 2.27010301e-01
183 7 4.12334036e+00 2.27657122e-01
184 7 4.12334036e+00 2.27801298e-01
185 7 4.12334036e+00 2.29854945e-01
186 7 4.12334036e+00 2.27612169e-01
187 7 4.12334036e+00 2.30238377e-01
188 7 4.12334036e+00 2.26183925e-01
189 7 4.12334036e+00 2.28370604e-01
190 7 4.12334036e+00 2.29448783e-01
191 7 4.12334036e+00 2.26936587e-01
192 7 4.12334036e+00 2.26534538e-01
193 7 4.12334036e+00 2.28216943e-01
194 7 4.12334036e+00 2.28260861e-01
195 7 4.12334036e+00 2.28065056e-01
196 7 4.12334036e+00 2.25763382e-01
197 7 4.12334036e+00 2.26901794e-01
198 7 4.12334036e+00 2.29739129e-01
199 7 4.12334036e+00 2.27295129e-01
200 7 4.12334036e+00 2.27751101e-01
201 7 4.12334036e+00 2.25699890e-01
202 7 4.12334036e+00 2.26380786e-01
203 7 4.12334036e+00 2.26591598e-01
204 7 4.12334036e+00 2.27142500e-01
205 7 4.12334036e+00 2.27302392e-01
206 7 4.12334036e+00 2.28395685e-01
207 7 4.12334036e+00 2.27966579e-01
208 7 4.12334036e+00 2.28442502e-01
209 7 4.12334036e+00 2.30117868e-01
210 7 4.12334036e+00 2.26213509e-01
211 7 4.12334036e+00 2.27897281e-01
212 7 4.12334036e+00 2.29622646e-01
213 7 4.12334036e+00 2.27080174e-01
214 7 4.12334036e+00 2.28168597e-01
215 7 4.12334036e+00 2.26234560e-01
216 7 4.12334036e+00 2.28674903e-01
217 7 4.12334036e+00 2.27292913e-01
218 7 4.12334036e+00 2.28959401e-01
219 7 4.12334036e+00 2.28274089e-01
220 7 4.12334036e+00 2.29448509e-01
221 7 4.12334036e+00 2.26916421e-01
222 7 4.12334036e+00 2.31521910e-01
223 7 4.12334036e+00 2.28827911e-01
224 7 4.12334036e+00 2.26873551e-01
225 7 4.12334036e+00 2.28361962e-01
226 7 4.12334036e+00 2.26783984e-01
227 7 4.12334036e+00 2.28619563e-01
228 7 4.12334036e+00 2.26183081e-01
229 7 4.12334036e+00 2.28993490e-01
230 7 4.12334036e+00 2.27197002e-01
231 7 4.12334036e+00 2.27225309e-01
232 7 4.12334036e+00 2.27053087e-01
233 7 4.12334036e+00 2.27623407e-01
234 7 4.12334036e+00 2.28365352e-01
235 7 4.12334036e+00 2.30115564e-01
236 7 4.12334036e+00 2.29003887e-01
237 7 4.12334036e+00 2.27486219e-01
238 7 4.12334036e+00 2.27655434e-01
239 7 4.12334036e+00 2.25694059e-01
240 7 4.12334036e+00 2.26749593e-01
241 7 4.12334036e+00 2.28120711e-01
242 7 4.12334036e+00 2.25915864e-01
243 7 4.12334036e+00 2.29255970e-01
244 7 4.12334036e+00 2.26240284e-01
245 7 4.12334036e+00 2.27898322e-01
246 7 4.12334036e+00 2.27540944e-01
247 7 4.12334036e+00 2.28620743e-01
248 7 4.12334036e+00 2.30763363e-01
249 7 4.12334036e+00 2.28695898e-01
250 7 4.12334036e+00 2.28928590e-01
251 7 4.12334036e+00 2.30466160e-01
252 7 4.12334036e+00 2.29661631e-01
253 7 4.12334036e+00 2.26469500e-01
254 7 4.12334036e+00 2.28330334e-01
255 7 4.12334036e+00 2.30240245e-01
256 7 4.12334036e+00 2.27455100e-01
257 7 4.12334036e+00 2.26141901e-01
258 7 4.12334036e+00 2.26756923e-01
259 7 4.12334036e+00 2.27027091e-01
260 7 4.12334036e+00 2.27979056e-01
261 7 4.12334036e+00 2.29561317e-01
262 7 4.12334036e+00 2.27126820e-01
263 7 4.12334036e+00 2.30959826e-01
264 7 4.12334036e+00 2.31241589e-01
265 7 4.12334036e+00 2.29183542e-01
266 7 4.12334036e+00 2.27047781e-01
267 7 4.12334036e+00 2.26694517e-01
268 7 4.12334036e+00 2.27372879e-01
269 7 4.12334036e+00 2.26095137e-01
270 7 4.12334036e+00 2.28508709e-01
271 7 4.12334036e+00 2.27671683e-01
272 7 4.12334036e+00 2.27808356e-01
273 7 4.12334036e+00 2.26866152e-01
274 7 4.12334036e+00 2.27518710e-01
275 7 4.12334036e+00 2.29370027e-01
276 7 4.12334036e+00 2.27161161e-01
277 7 4.12334036e+00 2.29774089e-01
278 7 4.12334036e+00 2.25491979e-01
279 7 4.12334036e+00 2.27973249e-01
280 7 4.12334036e+00 2.27934657e-01
281 7 4.12334036e+00 2.27615693e-01
282 7 4.12334036e+00 2.26259320e-01
283 7 4.12334036e+00 2.26591240e-01
284 7 4.12334036e+00 2.27182369e-01
285 7 4.12334036e+00 2.28588116e-01
286 7 4.12334036e+00 2.30390373e-01
287 7 4.12334036e+00 2.25495675e-01
288 7 4.12334036e+00 2.30343108e-01
289 7 4.12334036e+00 2.28426682e-01
290 7 4.12334036e+00 2.29123518e-01
291 7 4.12334036e+00 2.28413628e-01
292 7 4.12334036e+00 2.31495347e-01
293 7 4.12334036e+00 2.27756386e-01
294 7 4.12334036e+00 2.28065348e-01
295 7 4.12334036e+00 2.26390753e-01
296 7 4.12334036e+00 2.29452821e-01
297 7 4.12334036e+00 2.29696014e-01
298 7 4.12334036e+00 2.28607429e-01
299 7 4.12334036e+00 2.26638339e-01
300 7 4.12334036e+00 2.25931684e-01
301 7 4.12334036e+00 2.24677443e-01
302 7 4.12334036e+00 2.24883868e-01
303 7 4.12334036e+00 2.26283704e-01
304 7 4.12334036e+00 2.29453963e-01
305 7 4.12334036e+00 2.28487682e-01
306 7 4.12334036e+00 2.28075869e-01
307 7 4.12334036e+00 2.26056093e-01
308 7 4.12334036e+00 2.26335430e-01
309 7 4.12334036e+00 2.29108176e-01
310 7 4.12334036e+00 2.30277720e-01
311 7 4.12334036e+00 2.28033494e-01
312 7 4.12334036e+00 2.29969631e-01
313 7 4.12334036e+00 2.25663997e-01
314 7 4.12334036e+00 2.27928753e-01
315 7 4.12334036e+00 2.24879442e-01
316 7 4.12334036e+00 2.28732467e-01
317 7 4.12334036e+00 2.27090113e-01
318 7 4.12334036e+00 2.27215924e-01
319 7 4.12334036e+00 2.29400023e-01
320 7 4.12334036e+00 2.27061734e-01
321 7 4.12334036e+00 2.27401721e-01
322 7 4.12334036e+00 2.29548715e-01
323 7 4.12334036e+00 2.28405379e-01
324 7 4.12334036e+00 2.29992941e-01
325 7 4.12334036e+00 2.27213645e-01
326 7 4.12334036e+00 2.27471049e-01
327 7 4.12334036e+00 2.31490285e-01
328 7 4.12334036e+00 2.27460197e-01
329 7 4.12334036e+00 2.24548149e-01
330 7 4.12334036e+00 2.27287921e-01
331 7 4.12334036e+00 2.27984188e-01
332 7 4.12334036e+00 2.27444599e-01
333 7 4.12334036e+00 2.28906640e-01
334 7 4.12334036e+00 2.25634153e-01
335 7 4.12334036e+00 2.28988503e-01
336 7 4.12334036e+00 2.28850294e-01
337 7 4.12334036e+00 2.28417658e-01
338 7 4.12334036e+00 2.27868499e-01
339 7 4.12334036e+00 2.30678584e-01
340 7 4.12334036e+00 2.29295903e-01
341 7 4.12334036e+00 2.27006474e-01
342 7 4.12334036e+00 2.29054445e-01
343 7 4.12334036e+00 2.27342065e-01
344 7 4.12334036e+00 2.25131305e-01
345 7 4.12334036e+00 2.28586140e-01
346 7 4.12334036e+00 2.24748991e-01
347 7 4.12334036e+00 2.28445016e-01
348 7 4.12334036e+00 2.27596163e-01
349 7 4.12334036e+00 2.25426672e-01
350 7 4.12334036e+00 2.25592111e-01
351 7 4.12334036e+00 2.28752628e-01
352 7 4.12334036e+00 2.26102537e-01
353 7 4.12334036e+00 2.29496134e-01
354 7 4.12334036e+00 2.28265647e-01
355 7 4.12334036e+00 2.29933657e-01
356 7 4.12334036e+00 2.28231060e-01
357 7 4.12334036e+00 2.28162430e-01
358 7 4.12334036e+00 2.27539831e-01
359 7 4.12334036e+00 2.28371405e-01
360 7 4.12334036e+00 2.28793377e-01
361 7 4.12334036e+00 2.26822931e-01
362 7 4.12334036e+00 2.29668430e-01
363 7 4.12334036e+00 2.26590655e-01
364 7 4.12334036e+00 2.28633013e-01
365 7 4.12334036e+00 2.28996473e-01
366 7 4.12334036e+00 2.26647885e-01
367 7 4.12334036e+00 2.26622547e-01
368 7 4.12334036e+00 2.25921248e-01
369 7 4.12334036e+00 2.26115954e-01
370 7 4.12334036e+00 2.28257630e-01
371 7 4.12334036e+00 2.27747785e-01
372 7 4.12334036e+00 2.27716133e-01
373 7 4.12334036e+00 2.27959420e-01
374 7 4.12334036e+00 2.30079175e-01
375 7 4.12334036e+00 2.27721603e-01
376 7 4.12334036e+00 2.27552900e-01
377 7 4.12334036e+00 2.27833122e-01
378 7 4.12334036e+00 2.27636624e-01
379 7 4.12334036e+00 2.26993158e-01
380 7 4.12334036e+00 2.27728940e-01
381 7 4.12334036e+00 2.28733026e-01
382 7 4.12334036e+00 2.29330707e-01
383 7 4.12334036e+00 2.24940732e-01
384 7 4.12334036e+00 2.25729552e-01
385 7 4.12334036e+00 2.28211347e-01
386 7 4.12334036e+00 2.29831983e-01
387 7 4.12334036e+00 2.30434320e-01
388 7 4.12334036e+00 2.30600548e-01
389 7 4.12334036e+00 2.26468165e-01
390 7 4.12334036e+00 2.25763278e-01
391 7 4.12334036e+00 2.28081876e-01
392 7 4.12334036e+00 2.27950266e-01
393 7 4.12334036e+00 2.27174041e-01
394 7 4.12334036e+00 2.26347994e-01
395 7 4.12334036e+00 2.26258676e-01
396 7 4.12334036e+00 2.28856983e-01
397 7 4.12334036e+00 2.30813097e-01
398 7 4.12334036e+00 2.26651156e-01
399 7 4.12334036e+00 2.27937631e-01
400 7 4.12334036e+00 2.28598763e-01
401 7 4.12334036e+00 2.29689991e-01
402 7 4.12334036e+00 2.26692160e-01
403 7 4.12334036e+00 2.23319039e-01
404 7 4.12334036e+00 2.29462515e-01
405 7 4.12334036e+00 2.28656397e-01
406 7 4.12334036e+00 2.29143651e-01
407 7 4.12334036e+00 2.27517846e-01
408 7 4.12334036e+00 2.28313528e-01
409 7 4.12334036e+00 2.29976989e-01
410 7 4.12334036e+00 2.26377214e-01
411 7 4.12334036e+00 2.25961217e-01
412 7 4.12334036e+00 2.25070478e-01
413 7 4.12334036e+00 2.28285083e-01
414 7 4.12334036e+00 2.29751667e-01
415 7 4.12334036e+00 2.29354067e-01
416 7 4.12334036e+00 2.27850857e-01
417 7 4.12334036e+00 2.27555980e-01
418 7 4.12334036e+00 2.30680947e-01
419 7 4.12334036e+00 2.26558429e-01
420 7 4.12334036e+00 2.27144908e-01
421 7 4.12334036e+00 2.25848580e-01
422 7 4.12334036e+00 2.26969710e-01
423 7 4.12334036e+00 2.29169323e-01
424 7 4.12334036e+00 2.26870196e-01
425 7 4.12334036e+00 2.26504722e-01
426 7 4.12334036e+00 2.26053796e-01
427 7 4.12334036e+00 2.27137057e-01
428 7 4.12334036e+00 2.29477587e-01
429 7 4.12334036e+00 2.26865544e-01
430 7 4.12334036e+00 2.27715877e-01
431 7 4.12334036e+00 2.27219682e-01
432 7 4.12334036e+00 2.28990569e-01
433 7 4.12334036e+00 2.28875865e-01
434 7 4.12334036e+00 2.28078559e-01
435 7 4.12334036e+00 2.29465244e-01
436 7 4.12334036e+00 2.28795569e-01
437 7 4.12334036e+00 2.30546697e-01
438 7 4.12334036e+00 2.29588876e-01
439 7 4.12334036e+00 2.26843004e-01
440 7 4.12334036e+00 2.26501211e-01
441 7 4.12334036e+00 2.27233662e-01
442 7 4.12334036e+00 2.27001499e-01
443 7 4.12334036e+00 2.28236228e-01
444 7 4.12334036e+00 2.28227702e-01
445 7 4.12334036e+00 2.24821349e-01
446 7 4.12334036e+00 2.28555532e-01
447 7 4.12334036e+00 2.28139374e-01
448 7 4.12334036e+00 2.27028295e-01
449 7 4.12334036e+00 2.28143376e-01
450 7 4.12334036e+00 2.27092775e-01
451 7 4.12334036e+00 2.26684240e-01
452 7 4.12334036e+00 2.26886919e-01
453 7 4.12334036e+00 2.27812493e-01
454 7 4.12334036e+00 2.26159933e-01
455 7 4.12334036e+00 2.27173242e-01
456 7 4.12334036e+00 2.26997444e-01
457 7 4.12334036e+00 2.27239580e-01
458 7 4.12334036e+00 2.27858105e-01
459 7 4.12334036e+00 2.29603858e-01
460 7 4.12334036e+00 2.26107889e-01
461 7 4.12334036e+00 2.29449388e-01
462 7 4.12334036e+00 2.25856493e-01
463 7 4.12334036e+00 2.29781756e-01
464 7 4.12334036e+00 2.27614444e-01
465 7 4.12334036e+00 2.28328605e-01
466 7 4.12334036e+00 2.27470176e-01
467 7 4.12334036e+00 2.26432948e-01
468 7 4.12334036e+00 2.27484932e-01
469 7 4.12334036e+00 2.26677197e-01
470 7 4.12334036e+00 2.24532887e-01
471 7 4.12334036e+00 2.27985495e-01
472 7 4.12334036e+00 2.27223471e-01
473 7 4.12334036e+00 2.29094004e-01
474 7 4.12334036e+00 2.27324951e-01
475 7 4.12334036e+00 2.28658278e-01
476 7 4.12334036e+00 2.28797155e-01
477 7 4.12334036e+00 2.27629841e-01
478 7 4.12334036e+00 2.25568890e-01
479 7 4.12334036e+00 2.24441272e-01
480 7 4.12334036e+00 2.29573404e-01
481 7 4.12334036e+00 2.30782967e-01
482 7 4.12334036e+00 2.26145337e-01
483 7 4.12334036e+00 2.29235416e-01
484 7 4.12334036e+00 2.30363655e-01
485 7 4.12334036e+00 2.28645470e-01
486 7 4.12334036e+00 2.29240539e-01
487 7 4.12334036e+00 2.28415577e-01
488 7 4.12334036e+00 2.28467564e-01
489 7 4.12334036e+00 2.29222027e-01
490 7 4.12334036e+00 2.28745108e-01
491 7 4.12334036e+00 2.27745832e-01
492 7 4.12334036e+00 2.29318795e-01
493 7 4.12334036e+00 2.29120374e-01
494 7 4.12334036e+00 2.28338289e-01
495 7 4.12334036e+00 2.27327749e-01
496 7 4.12334036e+00 2.27440809e-01
497 7 4.12334036e+00 2.28906144e-01
498 7 4.12334036e+00 2.27564589e-01
499 7 4.12334036e+00 2.28948638e-01
500 7 4.12334036e+00 2.28909569e-01
501 7 4.12334036e+00 2.28358993e-01
502 7 4.12334036e+00 2.28076460e-01
503 7 4.12334036e+00 2.28817166e-01
504 7 4.12334036e+00 2.29427031e-01
505 7 4.12334036e+00 2.28587829e-01
506 7 4.12334036e+00 2.26160732e-01
507 7 4.12334036e+00 2.28609812e-01
508 7 4.12334036e+00 2.26941154e-01
509 7 4.12334036e+00 2.28265938e-01
510 7 4.12334036e+00 2.26686257e-01
511 7 4.12334036e+00 2.26919659e-01
512 7 4.12334036e+00 2.28700626e-01
513 7 4.12334036e+00 2.28226440e-01
514 7 4.12334036e+00 2.27284821e-01
515 7 4.12334036e+00 2.27629886e-01
516 7 4.12334036e+00 2.28030355e-01
517 7 4.12334036e+00 2.28013627e-01
518 7 4.12334036e+00 2.26326138e-01
519 7 4.12334036e+00 2.28147730e-01
520 7 4.12334036e+00 2.27483567e-01
521 7 4.12334036e+00 2.27514633e-01
522 7 4.12334036e+00 2.29603335e-01
523 7 4.12334036e+00 2.25844683e-01
524 7 4.12334036e+00 2.26439987e-01
525 7 4.12334036e+00 2.28074442e-01
526 7 4.12334036e+00 2.31575002e-01
527 7 4.12334036e+00 2.28091020e-01
528 7 4.12334036e+00 2.27865475e-01
529 7 4.12334036e+00 2.28133442e-01
530 7 4.12334036e+00 2.27852748e-01
531 7 4.12334036e+00 2.25634731e-01
532 7 4.12334036e+00 2.30305661e-01
533 7 4.12334036e+00 2.28001064e-01
534 7 4.12334036e+00 2.26318476e-01
535 7 4.12334036e+00 2.26170520e-01
536 7 4.12334036e+00 2.31608085e-01
537 7 4.12334036e+00 2.27930948e-01
538 7 4.12334036e+00 2.28538953e-01
539 7 4.12334036e+00 2.27599602e-01
540 7 4.12334036e+00 2.31811505e-01
541 7 4.12334036e+00 2.27919182e-01
542 7 4.12334036e+00 2.26715062e-01
543 7 4.12334036e+00 2.25363694e-01
544 7 4.12334036e+00 2.26290943e-01
545 7 4.12334036e+00 2.27883979e-01
546 7 4.12334036e+00 2.28145639e-01
547 7 4.12334036e+00 2.26963872e-01
548 7 4.12334036e+00 2.27948800e-01
549 7 4.12334036e+00 2.30245532e-01
550 7 4.12334036e+00 2.27345707e-01
551 7 4.12334036e+00 2.31478210e-01
552 7 4.12334036e+00 2.28096471e-01
553 7 4.12334036e+00 2.27539483e-01
554 7 4.12334036e+00 2.26225455e-01
555 7 4.12334036e+00 2.29740414e-01
556 7 4.12334036e+00 2.28284030e-01
557 7 4.12334036e+00 2.27586041e-01
558 7 4.12334036e+00 2.28158524e-01
559 7 4.12334036e+00 2.30963464e-01
560 7 4.12334036e+00 2.28407097e-01
561 7 4.12334036e+00 2.26414388e-01
562 7 4.12334036e+00 2.26790231e-01
563 7 4.12334036e+00 2.28834179e-01
564 7 4.12334036e+00 2.26778859e-01
565 7 4.12334036e+00 2.25983980e-01
566 7 4.12334036e+00 2.32149379e-01
567 7 4.12334036e+00 2.27726928e-01
568 7 4.12334036e+00 2.28849639e-01
569 7 4.12334036e+00 2.29599347e-01
570 7 4.12334036e+00 2.26771900e-01
571 7 4.12334036e+00 2.29216728e-01
572 7 4.12334036e+00 2.25025017e-01
573 7 4.12334036e+00 2.28387114e-01
574 7 4.12334036e+00 2.28854381e-01
575 7 4.12334036e+00 2.27562334e-01
576 7 4.12334036e+00 2.26556779e-01
577 7 4.12334036e+00 2.26886329e-01
578 7 4.12334036e+00 2.26973819e-01
579 7 4.12334036e+00 2.27602719e-01
580 7 4.12334036e+00 2.26170034e-01
581 7 4.12334036e+00 2.23770800e-01
582 7 4.12334036e+00 2.29836315e-01
583 7 4.12334036e+00 2.28610209e-01
584 7 4.12334036e+00 2.27466673e-01
585 7 4.12334036e+00 2.28201987e-01
586 7 4.12334036e+00 2.27369631e-01
587 7 4.12334036e+00 2.28602778e-01
588 7 4.12334036e+00 2.29135188e-01
589 7 4.12334036e+00 2.24986348e-01
590 7 4.12334036e+00 2.28979432e-01
591 7 4.12334036e+00 2.26215412e-01
592 7 4.12334036e+00 2.27363226e-01
593 7 4.12334036e+00 2.29809843e-01
594 7 4.12334036e+00 2.27247499e-01
595 7 4.12334036e+00 2.28199133e-01
596 7 4.12334036e+00 2.29060432e-01
597 7 4.12334036e+00 2.28656208e-01
598 7 4.12334036e+00 2.27669090e-01
599 7 4.12334036e+00 2.29846618e-01
600 7 4.12334036e+00 2.26057026e-01
601 7 4.12334036e+00 2.28719705e-01
602 7 4.12334036e+00 2.28070074e-01
603 7 4.12334036e+00 2.28904235e-01
604 7 4.12334036e+00 2.28938009e-01
605 7 4.12334036e+00 2.29752729e-01
606 7 4.12334036e+00 2.30280529e-01
607 7 4.12334036e+00 2.25667439e-01
608 7 4.12334036e+00 2.25545099e-01
609 7 4.12334036e+00 2.28652157e-01
610 7 4.12334036e+00 2.29357533e-01
611 7 4.12334036e+00 2.27781309e-01
612 7 4.12334036e+00 2.28311836e-01
613 7 4.12334036e+00 2.30696221e-01
614 7 4.12334036e+00 2.26601906e-01
615 7 4.12334036e+00 2.28035726e-01
616 7 4.12334036e+00 2.26982769e-01
617 7 4.12334036e+00 2.29064944e-01
618 7 4.12334036e+00 2.28767767e-01
619 7 4.12334036e+00 2.28486180e-01
620 7 4.12334036e+00 2.29752045e-01
621 7 4.12334036e+00 2.27323036e-01
622 7 4.12334036e+00 2.27462985e-01
623 7 4.12334036e+00 2.26404907e-01
624 7 4.12334036e+00 2.26897989e-01
625 7 4.12334036e+00 2.28871471e-01
626 7 4.12334036e+00 2.28193322e-01
627 7 4.12334036e+00 2.30545670e-01
628 7 4.12334036e+00 2.30668973e-01
629 7 4.12334036e+00 2.30062376e-01
630 7 4.12334036e+00 2.28971872e-01
631 7 4.12334036e+00 2.27721831e-01
632 7 4.12334036e+00 2.27171875e-01
633 7 4.12334036e+00 2.26423706e-01
634 7 4.12334036e+00 2.27230861e-01
635 7 4.12334036e+00 2.28162826e-01
636 7 4.12334036e+00 2.28607346e-01
637 7 4.12334036e+00 2.27868868e-01
638 7 4.12334036e+00 2.26815595e-01
639 7 4.12334036e+00 2.30077589e-01
640 7 4.12334036e+00 2.28125428e-01
641 7 4.12334036e+00 2.28519912e-01
642 7 4.12334036e+00 2.29269375e-01
643 7 4.12334036e+00 2.28716120e-01
644 7 4.12334036e+00 2.30055215e-01
645 7 4.12334036e+00 2.26788604e-01
646 7 4.12334036e+00 2.28470734e-01
647 7 4.12334036e+00 2.29832989e-01
648 7 4.12334036e+00 2.28749334e-01
649 7 4.12334036e+00 2.28044990e-01
650 7 4.12334036e+00 2.31050038e-01
651 7 4.12334036e+00 2.27447973e-01
652 7 4.12334036e+00 2.26902109e-01
653 7 4.12334036e+00 2.30310154e-01
654 7 4.12334036e+00 2.29620197e-01
655 7 4.12334036e+00 2.28824067e-01
656 7 4.12334036e+00 2.27743844e-01
657 7 4.12334036e+00 2.25346980e-01
658 7 4.12334036e+00 2.26589552e-01
659 7 4.12334036e+00 2.27054541e-01
660 7 4.12334036e+00 2.27128258e-01
661 7 4.12334036e+00 2.26826489e-01
662 7 4.12334036e+00 2.27845547e-01
663 7 4.12334036e+00 2.27592554e-01
664 7 4.12334036e+00 2.28996279e-01
665 7 4.12334036e+00 2.28851234e-01
666 7 4.12334036e+00 2.26929876e-01
667 7 4.12334036e+00 2.29977504e-01
668 7 4.12334036e+00 2.28085192e-01
669 7 4.12334036e+00 2.30238737e-01
670 7 4.12334036e+00 2.27279466e-01
671 7 4.12334036e+00 2.28454609e-01
672 7 4.12334036e+00 2.28821105e-01
673 7 4.12334036e+00 2.30239857e-01
674 7 4.12334036e+00 2.26322163e-01
675 7 4.12334036e+00 2.27459496e-01
676 7 4.12334036e+00 2.29990622e-01
677 7 4.12334036e+00 2.29326672e-01
678 7 4.12334036e+00 2.28467770e-01
679 7 4.12334036e+00 2.30135215e-01
680 7 4.12334036e+00 2.31101491e-01
681 7 4.12334036e+00 2.29601049e-01
682 7 4.12334036e+00 2.29244776e-01
683 7 4.12334036e+00 2.28160765e-01
684 7 4.12334036e+00 2.28582620e-01
685 7 4.12334036e+00 2.25372880e-01
686 7 4.12334036e+00 2.28238235e-01
687 7 4.12334036e+00 2.26800021e-01
688 7 4.12334036e+00 2.26727611e-01
689 7 4.12334036e+00 2.25598915e-01
690 7 4.12334036e+00 2.29331933e-01
691 7 4.12334036e+00 2.25954879e-01
692 7 4.12334036e+00 2.28061590e-01
693 7 4.12334036e+00 2.29895968e-01
694 7 4.12334036e+00 2.29876730e-01
695 7 4.12334036e+00 2.28097842e-01
696 7 4.12334036e+00 2.29000583e-01
697 7 4.12334036e+00 2.27391045e-01
698 7 4.12334036e+00 2.25495735e-01
699 7 4.12334036e+00 2.26376121e-01
700 7 4.12334036e+00 2.25183626e-01
701 7 4.12334036e+00 2.26795263e-01
702 7 4.12334036e+00 2.27652021e-01
703 7 4.12334036e+00 2.29754828e-01
704 7 4.12334036e+00 2.26431124e-01
705 7 4.12334036e+00 2.29745612e-01
706 7 4.12334036e+00 2.29419502e-01
707 7 4.12334036e+00 2.28237720e-01
708 7 4.12334036e+00 2.28913935e-01
709 7 4.12334036e+00 2.27980436e-01
710 7 4.12334036e+00 2.28405604e-01
711 7 4.12334036e+00 2.27191265e-01
712 7 4.12334036e+00 2.29736281e-01
713 7 4.12334036e+00 2.28788915e-01
714 7 4.12334036e+00 2.24754225e-01
715 7 4.12334036e+00 2.29677548e-01
716 7 4.12334036e+00 2.30019034e-01
717 7 4.12334036e+00 2.29335938e-01
718 7 4.12334036e+00 2.27787405e-01
719 7 4.12334036e+00 2.28561718e-01
720 7 4.12334036e+00 2.28360421e-01
721 7 4.12334036e+00 2.28533265e-01
722 7 4.12334036e+00 2.26768921e-01
723 7 4.12334036e+00 2.26433785e-01
724 7 4.12334036e+00 2.26839850e-01
725 7 4.12334036e+00 2.27009323e-01
726 7 4.12334036e+00 2.29097960e-01
727 7 4.12334036e+00 2.23971796e-01
728 7 4.12334036e+00 2.28797401e-01
729 7 4.12334036e+00 2.27961579e-01
730 7 4.12334036e+00 2.29123360e-01
731 7 4.12334036e+00 2.25223964e-01
732 7 4.12334036e+00 2.29531186e-01
733 7 4.12334036e+00 2.33153028e-01
734 7 4.12334036e+00 2.26034511e-01
735 7 4.12334036e+00 2.30012123e-01
736 7 4.12334036e+00 2.27299978e-01
737 7 4.12334036e+00 2.28631585e-01
738 7 4.12334036e+00 2.27147019e-01
739 7 4.12334036e+00 2.26846053e-01
740 7 4.12334036e+00 2.29725407e-01
741 7 4.12334036e+00 2.28079238e-01
742 7 4.12334036e+00 2.27338904e-01
743 7 4.12334036e+00 2.27821969e-01
744 7 4.12334036e+00 2.27071449e-01
745 7 4.12334036e+00 2.26024239e-01
746 7 4.12334036e+00 2.26842148e-01
747 7 4.12334036e+00 2.27367909e-01
748 7 4.12334036e+00 2.29271794e-01
749 7 4.12334036e+00 2.29572145e-01
750 7 4.12334036e+00 2.26433940e-01
751 7 4.12334036e+00 2.30017780e-01
752 7 4.12334036e+00 2.29094994e-01
753 7 4.12334036e+00 2.27161296e-01
754 7 4.12334036e+00 2.27266387e-01
755 7 4.12334036e+00 2.27865898e-01
756 7 4.12334036e+00 2.24942780e-01
757 7 4.12334036e+00 2.27187009e-01
758 7 4.12334036e+00 2.27739019e-01
759 7 4.12334036e+00 2.29353127e-01
760 7 4.12334036e+00 2.25372761e-01
761 7 4.12334036e+00 2.28080062e-01
762 7 4.12334036e+00 2.28743545e-01
763 7 4.12334036e+00 2.29196485e-01
764 7 4.12334036e+00 2.29009017e-01
765 7 4.12334036e+00 2.28087902e-01
766 7 4.12334036e+00 2.27528510e-01
767 7 4.12334036e+00 2.25496847e-01
768 7 4.12334036e+00 2.27225775e-01
769 7 4.12334036e+00 2.27419302e-01
770 7 4.12334036e+00 2.27155339e-01
771 7 4.12334036e+00 2.26275517e-01
772 7 4.12334036e+00 2.29945026e-01
773 7 4.12334036e+00 2.32175785e-01
774 7 4.12334036e+00 2.28056976e-01
775 7 4.12334036e+00 2.27954085e-01
776 7 4.12334036e+00 2.24584374e-01
777 7 4.12334036e+00 2.29313121e-01
778 7 4.12334036e+00 2.27007740e-01
779 7 4.12334036e+00 2.25799437e-01
780 7 4.12334036e+00 2.27275013e-01
781 7 4.12334036e+00 2.26992593e-01
782 7 4.12334036e+00 2.27154879e-01
783 7 4.12334036e+00 2.28344463e-01
784 7 4.12334036e+00 2.26472031e-01
785 7 4.12334036e+00 2.27648587e-01
786 7 4.12334036e+00 2.27680718e-01
787 7 4.12334036e+00 2.27883282e-01
788 7 4.12334036e+00 2.24747541e-01
789 7 4.12334036e+00 2.27323782e-01
790 7 4.12334036e+00 2.25978833e-01
791 7 4.12334036e+00 2.29079714e-01
792 7 4.12334036e+00 2.31121036e-01
793 7 4.12334036e+00 2.25996356e-01
794 7 4.12334036e+00 2.29141118e-01
795 7 4.12334036e+00 2.31320203e-01
796 7 4.12334036e+00 2.28318271e-01
797 7 4.12334036e+00 2.28184993e-01
798 7 4.12334036e+00 2.26872679e-01
799 7 4.12334036e+00 2.27401596e-01
800 7 4.12334036e+00 2.26258108e-01
801 7 4.12334036e+00 2.27755220e-01
802 7 4.12334036e+00 2.27704887e-01
803 7 4.12334036e+00 2.29266759e-01
804 7 4.12334036e+00 2.27668043e-01
805 7 4.12334036e+00 2.27577793e-01
806 7 4.12334036e+00 2.28707290e-01
807 7 4.12334036e+00 2.29080593e-01
808 7 4.12334036e+00 2.28594620e-01
809 7 4.12334036e+00 2.28631025e-01
810 7 4.12334036e+00 2.28543902e-01
811 7 4.12334036e+00 2.28319387e-01
812 7 4.12334036e+00 2.24722084e-01
813 7 4.12334036e+00 2.28202673e-01
814 7 4.12334036e+00 2.27820840e-01
815 7 4.12334036e+00 2.28773173e-01
816 7 4.12334036e+00 2.29180081e-01
817 7 4.12334036e+00 2.30088165e-01
818 7 4.12334036e+00 2.28263541e-01
819 7 4.12334036e+00 2.26602329e-01
820 7 4.12334036e+00 2.30472617e-01
821 7 4.12334036e+00 2.27357870e-01
822 7 4.12334036e+00 2.28983634e-01
823 7 4.12334036e+00 2.30133746e-01
824 7 4.12334036e+00 2.29529615e-01
825 7 4.12334036e+00 2.27342315e-01
826 7 4.12334036e+00 2.28104937e-01
827 7 4.12334036e+00 2.27638495e-01
828 7 4.12334036e+00 2.27665316e-01
829 7 4.12334036e+00 2.31160646e-01
830 7 4.12334036e+00 2.25826252e-01
831 7 4.12334036e+00 2.29837101e-01
832 7 4.12334036e+00 2.28011061e-01
833 7 4.12334036e+00 2.27008189e-01
834 7 4.12334036e+00 2.26956362e-01
835 7 4.12334036e+00 2.29284301e-01
836 7 4.12334036e+00 2.29549925e-01
837 7 4.12334036e+00 2.27896572e-01
838 7 4.12334036e+00 2.27626583e-01
839 7 4.12334036e+00 2.30452083e-01
840 7 4.12334036e+00 2.28228683e-01
841 7 4.12334036e+00 2.27826503e-01
842 7 4.12334036e+00 2.28422740e-01
843 7 4.12334036e+00 2.28636839e-01
844 7 4.12334036e+00 2.26236280e-01
845 7 4.12334036e+00 2.31357217e-01
846 7 4.12334036e+00 2.28649796e-01
847 7 4.12334036e+00 2.26262801e-01
848 7 4.12334036e+00 2.28496619e-01
849 7 4.12334036e+00 2.29468899e-01
850 7 4.12334036e+00 2.27480654e-01
851 7 4.12334036e+00 2.29019451e-01
852 7 4.12334036e+00 2.27600742e-01
853 7 4.12334036e+00 2.24647275e-01
854 7 4.12334036e+00 2.31133687e-01
855 7 4.12334036e+00 2.27544606e-01
856 7 4.12334036e+00 2.26267342e-01
857 7 4.12334036e+00 2.26785111e-01
858 7 4.12334036e+00 2.31129511e-01
859 7 4.12334036e+00 2.28137316e-01
860 7 4.12334036e+00 2.29890402e-01
861 7 4.12334036e+00 2.27168807e-01
862 7 4.12334036e+00 2.29500386e-01
863 7 4.12334036e+00 2.24586483e-01
864 7 4.12334036e+00 2.29617331e-01
865 7 4.12334036e+00 2.30146922e-01
866 7 4.12334036e+00 2.27810341e-01
867 7 4.12334036e+00 2.28657522e-01
868 7 4.12334036e+00 2.30271840e-01
869 7 4.12334036e+00 2.29186143e-01
870 7 4.12334036e+00 2.27999198e-01
871 7 4.12334036e+00 2.30510065e-01
872 7 4.12334036e+00 2.30993909e-01
873 7 4.12334036e+00 2.26743937e-01
874 7 4.12334036e+00 2.25600233e-01
875 7 4.12334036e+00 2.27941072e-01
876 7 4.12334036e+00 2.28840271e-01
877 7 4.12334036e+00 2.26059151e-01
878 7 4.12334036e+00 2.27576712e-01
879 7 4.12334036e+00 2.27353186e-01
880 7 4.12334036e+00 2.26530917e-01
881 7 4.12334036e+00 2.26778373e-01
882 7 4.12334036e+00 2.27559698e-01
883 7 4.12334036e+00 2.27085598e-01
884 7 4.12334036e+00 2.26267157e-01
885 7 4.12334036e+00 2.30387268e-01
886 7 4.12334036e+00 2.30061407e-01
887 7 4.12334036e+00 2.27984972e-01
888 7 4.12334036e+00 2.28118144e-01
889 7 4.12334036e+00 2.29647386e-01
890 7 4.12334036e+00 2.25996292e-01
891 7 4.12334036e+00 2.25244061e-01
892 7 4.12334036e+00 2.26000360e-01
893 7 4.12334036e+00 2.23734575e-01
894 7 4.12334036e+00 2.29401842e-01
895 7 4.12334036e+00 2.31251943e-01
896 7 4.12334036e+00 2.28435438e-01
897 7 4.12334036e+00 2.29683228e-01
898 7 4.12334036e+00 2.28856567e-01
899 7 4.12334036e+00 2.26551807e-01
900 7 4.12334036e+00 2.27127015e-01
901 7 4.12334036e+00 2.26907471e-01
902 7 4.12334036e+00 2.29867059e-01
903 7 4.12334036e+00 2.29257300e-01
904 7 4.12334036e+00 2.29229980e-01
905 7 4.12334036e+00 2.26449152e-01
906 7 4.12334036e+00 2.27096759e-01
907 7 4.12334036e+00 2.26945205e-01
908 7 4.12334036e+00 2.29003463e-01
909 7 4.12334036e+00 2.28818277e-01
910 7 4.12334036e+00 2.28377585e-01
911 7 4.12334036e+00 2.29277322e-01
912 7 4.12334036e+00 2.27918046e-01
913 7 4.12334036e+00 2.31307825e-01
914 7 4.12334036e+00 2.27135750e-01
915 7 4.12334036e+00 2.25622798e-01
916 7 4.12334036e+00 2.27127286e-01
917 7 4.12334036e+00 2.28320895e-01
918 7 4.12334036e+00 2.28971711e-01
919 7 4.12334036e+00 2.29573502e-01
920 7 4.12334036e+00 2.26763785e-01
921 7 4.12334036e+00 2.27894449e-01
922 7 4.12334036e+00 2.28563526e-01
923 7 4.12334036e+00 2.27677339e-01
924 7 4.12334036e+00 2.28686403e-01
925 7 4.12334036e+00 2.28133149e-01
926 7 4.12334036e+00 2.25884485e-01
927 7 4.12334036e+00 2.28236869e-01
928 7 4.12334036e+00 2.29280876e-01
929 7 4.12334036e+00 2.30448609e-01
930 7 4.12334036e+00 2.27588081e-01
931 7 4.12334036e+00 2.27307237e-01
932 7 4.12334036e+00 2.27694437e-01
933 7 4.12334036e+00 2.26739707e-01
934 7 4.12334036e+00 2.27224861e-01
935 7 4.12334036e+00 2.28782941e-01
936 7 4.12334036e+00 2.27629586e-01
937 7 4.12334036e+00 2.28441670e-01
938 7 4.12334036e+00 2.28043395e-01
939 7 4.12334036e+00 2.28433764e-01
940 7 4.12334036e+00 2.26414424e-01
941 7 4.12334036e+00 2.25040814e-01
942 7 4.12334036e+00 2.28209423e-01
943 7 4.12334036e+00 2.29501749e-01
944 7 4.12334036e+00 2.28532815e-01
945 7 4.12334036e+00 2.27410928e-01
946 7 4.12334036e+00 2.29010311e-01
947 7 4.12334036e+00 2.26632479e-01
948 7 4.12334036e+00 2.27430612e-01
949 7 4.12334036e+00 2.27768378e-01
950 7 4.12334036e+00 2.25957748e-01
951 7 4.12334036e+00 2.29709154e-01
952 7 4.12334036e+00 2.23222083e-01
953 7 4.12334036e+00 2.27754684e-01
954 7 4.12334036e+00 2.28506355e-01
955 7 4.12334036e+00 2.28395220e-01
956 7 4.12334036e+00 2.28885998e-01
957 7 4.12334036e+00 2.30211100e-01
958 7 4.12334036e+00 2.27040855e-01
959 7 4.12334036e+00 2.25996535e-01
960 7 4.12334036e+00 2.28976599e-01
961 7 4.12334036e+00 2.28851338e-01
962 7 4.12334036e+00 2.29308233e-01
963 7 4.12334036e+00 2.28254333e-01
964 7 4.12334036e+00 2.28274854e-01
965 7 4.12334036e+00 2.27275689e-01
966 7 4.12334036e+00 2.25381881e-01
967 7 4.12334036e+00 2.29277167e-01
968 7 4.12334036e+00 2.25788989e-01
969 7 4.12334036e+00 2.24757068e-01
970 7 4.12334036e+00 2.26746206e-01
971 7 4.12334036e+00 2.27301474e-01
972 7 4.12334036e+00 2.29929481e-01
973 7 4.12334036e+00 2.26059533e-01
974 7 4.12334036e+00 2.27207836e-01
975 7 4.12334036e+00 2.30428327e-01
976 7 4.12334036e+00 2.25689746e-01
977 7 4.12334036e+00 2.27391895e-01
978 7 4.12334036e+00 2.25289471e-01
979 7 4.12334036e+00 2.24948890e-01
980 7 4.12334036e+00 2.28067619e-01
981 7 4.12334036e+00 2.27360294e-01
982 7 4.12334036e+00 2.26451034e-01
983 7 4.12334036e+00 2.30608736e-01
984 7 4.12334036e+00 2.25862463e-01
985 7 4.12334036e+00 2.28970255e-01
986 7 4.12334036e+00 2.28984507e-01
987 7 4.12334036e+00 2.25067374e-01
988 7 4.12334036e+00 2.26499933e-01
989 7 4.12334036e+00 2.27953317e-01
990 7 4.12334036e+00 2.28278874e-01
991 7 4.12334036e+00 2.27421145e-01
992 7 4.12334036e+00 2.28139199e-01
993 7 4.12334036e+00 2.26086224e-01
994 7 4.12334036e+00 2.27691390e-01
995 7 4.12334036e+00 2.31056536e-01
996 7 4.12334036e+00 2.28997925e-01
997 7 4.12334036e+00 2.26008916e-01
998 7 4.12334036e+00 2.28105256e-01
999 7 4.12334036e+00 2.30384604e-01
1000 7 4.12334036e+00 2.28515276e-01
1001 7 4.12334036e+00 2.31490478e-01
1002 7 4.12334036e+00 2.24224914e-01
1003 7 4.12334036e+00 2.26951741e-01
1004 7 4.12334036e+00 2.29004147e-01
1005 7 4.12334036e+00 2.25291864e-01
1006 7 4.12334036e+00 2.29088060e-01
1007 7 4.12334036e+00 2.29647465e-01
1008 7 4.12334036e+00 2.29713214e-01
1009 7 4.12334036e+00 2.26987132e-01
1010 7 4.12334036e+00 2.29401192e-01
1011 7 4.12334036e+00 2.27940058e-01
1012 7 4.12334036e+00 2.25620026e-01
1013 7 4.12334036e+00 2.24490481e-01
1014 7 4.12334036e+00 2.27768703e-01
1015 7 4.12334036e+00 2.26414112e-01
1016 7 4.12334036e+00 2.29523459e-01
1017 7 4.12334036e+00 2.23978108e-01
1018 7 4.12334036e+00 2.28864385e-01
1019 7 4.12334036e+00 2.27333881e-01
1020 7 4.12334036e+00 2.28847001e-01
1021 7 4.12334036e+00 2.25673255e-01
1022 7 4.12334036e+00 2.27253719e-01
1023 7 4.12334036e+00 2.27303260e-01
1024 7 4.12334036e+00 2.27520770e-01
1025 7 4.12334036e+00 2.27465612e-01
0 8 4.71238898e+00 2.24331577e-01
1 8 4.71238898e+00 2.21678160e-01
2 8 4.71238898e+00 2.24367224e-01
3 8 4.71238898e+00 2.23453453e-01
4 8 4.71238898e+00 2.21807314e-01
5 8 4.71238898e+00 2.20760644e-01
6 8 4.71238898e+00 2.21460798e-01
7 8 4.71238898e+00 2.24216954e-01
8 8 4.71238898e+00 2.24509294e-01
9 8 4.71238898e+00 2.22815640e-01
10 8 4.71238898e+00 2.22271512e-01
11 8 4.71238898e+00 2.24630796e-01
12 8 4.71238898e+00 2.24335690e-01
13 8 4.71238898e+00 2.27561806e-01
14 8 4.71238898e+00 2.24234087e-01
15 8 4.71238898e+00 2.21174336e-01
16 8 4.71238898e+00 2.20707063e-01
17 8 4.71238898e+00 2.21153033e-01
18 8 4.71238898e+00 2.21394378e-01
19 8 4.71238898e+00 2.22852181e-01
20 8 4.71238898e+00 2.23195838e-01
21 8 4.71238898e+00 2.22382051e-01
22 8 4.71238898e+00 2.22942542e-01
23 8 4.71238898e+00 2.23283950e-01
24 8 4.71238898e+00 2.22774635e-01
25 8 4.71238898e+00 2.22684061e-01
26 8 4.71238898e+00 2.20825408e-01
27 8 4.71238898e+00 2.24994900e-01
28 8 4.71238898e+00 2.23927675e-01
29 8 4.71238898e+00 2.23646701e-01
30 8 4.71238898e+00 2.24025105e-01
31 8 4.71238898e+00 2.21636104e-01
32 8 4.71238898e+00 2.20293275e-01
33 8 4.71238898e+00 2.23887901e-01
34 8 4.71238898e+00 2.22169540e-01
35 8 4.71238898e+00 2.19888608e-01
36 8 4.71238898e+00 2.22814616e-01
37 8 4.71238898e+00 2.22000552e-01
38 8 4.71238898e+00 2.21191484e-01
39 8 4.71238898e+00 2.21662085e-01
40 8 4.71238898e+00 2.20425899e-01
41 8 4.71238898e+00 2.23175613e-01
42 8 4.71238898e+00 2.24567104e-01
43 8 4.71238898e+00 2.20525764e-01
44 8 4.71238898e+00 2.26113556e-01
45 8 4.71238898e+00 2.20899202e-01
46 8 4.71238898e+00 2.22602736e-01
47 8 4.71238898e+00 2.27214413e-01
48 8 4.71238898e+00 2.24574245e-01
49 8 4.71238898e+00 2.24280848e-01
50 8 4.71238898e+00 2.23463846e-01
51 8 4.71238898e+00 2.23473859e-01
52 8 4.71238898e+00 2.24100227e-01
53 8 4.71238898e+00 2.24394469e-01
54 8 4.71238898e+00 2.26470600e-01
55 8 4.71238898e+00 2.22340869e-01
56 8 4.71238898e+00 2.21632206e-01
57 8 4.71238898e+00 2.23224815e-01
58 8 4.71238898e+00 2.21520356e-01
59 8 4.71238898e+00 2.23730954e-01
60 8 4.71238898e+00 2.23263788e-01
61 8 4.71238898e+00 2.23150102e-01
62 8 4.71238898e+00 2.21517043e-01
63 8 4.71238898e+00 2.20914910e-01
64 8 4.71238898e+00 2.22325763e-01
65 8 4.71238898e+00 2.23609454e-01
66 8 4.71238898e+00 2.22183824e-01
67 8 4.71238898e+00 2.20972968e-01
68 8 4.71238898e+00 2.20881337e-01
69 8 4.71238898e+00 2.24393582e-01
70 8 4.71238898e+00 2.22521374e-01
71 8 4.71238898e+00 2.21623415e-01
72 8 4.71238898e+00 2.21880625e-01
73 8 4.71238898e+00 2.23016268e-01
74 8 4.71238898e+00 2.23322038e-01
75 8 4.71238898e+00 2.24138555e-01
76 8 4.71238898e+00 2.20422091e-01
77 8 4.71238898e+00 2.24721308e-01
78 8 4.71238898e+00 2.20453898e-01
79 8 4.71238898e+00 2.23567357e-01
80 8 4.71238898e+00 2.23310883e-01
81 8 4.71238898e+00 2.25053177e-01
82 8 4.71238898e+00 2.20567222e-01
83 8 4.71238898e+00 2.22876005e-01
84 8 4.71238898e+00 2.23854969e-01
85 8 4.71238898e+00 2.21601801e-01
86 8 4.71238898e+00 2.22730764e-01
87 8 4.71238898e+00 2.24679257e-01
88 8 4.71238898e+00 2.23354118e-01
89 8 4.71238898e+00 2.22760727e-01
90 8 4.71238898e+00 2.24506994e-01
91 8 4.71238898e+00 2.23098823e-01
92 8 4.71238898e+00 2.22374937e-01
93 8 4.71238898e+00 2.24705022e-01
94 8 4.71238898e+00 2.23889301e-01
95 8 4.71238898e+00 2.21355996e-01
96 8 4.71238898e+00 2.21980185e-01
97 8 4.71238898e+00 2.23089222e-01
98 8 4.71238898e+00 2.22499195e-01
99 8 4.71238898e+00 2.23453285e-01
100 8 4.71238898e+00 2.21460223e-01
101 8 4.71238898e+00 2.23000398e-01
102 8 4.71238898e+00 2.22529616e-01
103 8 4.71238898e+00 2.25320753e-01
104 8 4.71238898e+00 2.20645926e-01
105 8 4.71238898e+00 2.20209352e-01
106 8 4.71238898e+00 2.21904898e-01
107 8 4.71238898e+00 2.21115481e-01
108 8 4.71238898e+00 2.23929928e-01
109 8 4.71238898e+00 2.20858155e-01
110 8 4.71238898e+00 2.26264793e-01
111 8 4.71238898e+00 2.24556939e-01
112 8 4.71238898e+00 2.23515986e-01
113 8 4.71238898e+00 2.24423160e-01
114 8 4.71238898e+00 2.23834872e-01
115 8 4.71238898e+00 2.26091849e-01
116 8 4.71238898e+00 2.24519576e-01
117 8 4.71238898e+00 2.20744169e-01
118 8 4.71238898e+00 2.24166205e-01
119 8 4.71238898e+00 2.20811279e-01
120 8 4.71238898e+00 2.22911558e-01
121 8 4.71238898e+00 2.23835797e-01
122 8 4.71238898e+00 2.22226101e-01
123 8 4.71238898e+00 2.21619518e-01
124 8 4.71238898e+00 2.25549766e-01
125 8 4.71238898e+00 2.21045438e-01
126 8 4.71238898e+00 2.21517327e-01
127 8 4.71238898e+00 2.25932382e-01
128 8 4.71238898e+00 2.23321765e-01
129 8 4.71238898e+00 2.21503305e-01
130 8 4.71238898e+00 2.24912097e-01
131 8 4.71238898e+00 2.24915613e-01
132 8 4.71238898e+00 2.22557105e-01
133 8 4.71238898e+00 2.23382346e-01
134 8 4.71238898e+00 2.18994859e-01
135 8 4.71238898e+00 2.24360390e-01
136 8 4.71238898e+00 2.22201637e-01
137 8 4.71238898e+00 2.22077374e-01
138 8 4.71238898e+00 2.24208496e-01
139 8 4.71238898e+00 2.22702377e-01
140 8 4.71238898e+00 2.22980954e-01
141 8 4.71238898e+00 2.22158994e-01
142 8 4.71238898e+00 2.22615075e-01
143 8 4.71238898e+00 2.23227746e-01
144 8 4.71238898e+00 2.24740613e-01
145 8 4.71238898e+00 2.20678048e-01
146 8 4.71238898e+00 2.24200144e-01
147 8 4.71238898e+00 2.21853008e-01
148 8 4.71238898e+00 2.20987928e-01
149 8 4.71238898e+00 2.25890841e-01
150 8 4.71238898e+00 2.24591170e-01
151 8 4.71238898e+00 2.22249314e-01
152 8 4.71238898e+00 2.24273707e-01
153 8 4.71238898e+00 2.24102215e-01
154 8 4.71238898e+00 2.21535390e-01
155 8 4.71238898e+00 2.21947919e-01
156 8 4.71238898e+00 2.23485739e-01
157 8 4.71238898e+00 2.27274478e-01
158 8 4.71238898e+00 2.22279320e-01
159 8 4.71238898e+00 2.27241844e-01
160 8 4.71238898e+00 2.20788379e-01
161 8 4.71238898e+00 2.23828209e-01
162 8 4.71238898e+00 2.20559570e-01
163 8 4.71238898e+00 2.24567110e-01
164 8 4.71238898e+00 2.21524225e-01
165 8 4.71238898e+00 2.20734178e-01
166 8 4.71238898e+00 2.21072861e-01
167 8 4.71238898e+00 2.22161725e-01
168 8 4.71238898e+00 2.23541570e-01
169 8 4.71238898e+00 2.25371474e-01
170 8 4.71238898e+00 2.23583791e-01
171 8 4.71238898e+00 2.22873764e-01
172 8 4.71238898e+00 2.21099089e-01
173 8 4.71238898e+00 2.25518092e-01
174 8 4.71238898e+00 2.22012214e-01
175 8 4.71238898e+00 2.20421805e-01
176 8 4.71238898e+00 2.24116976e-01
177 8 4.71238898e+00 2.24941528e-01
178 8 4.71238898e+00 2.23526631e-01
179 8 4.71238898e+00 2.22920648e-01
180 8 4.71238898e+00 2.21363664e-01
181 8 4.71238898e+00 2.21646814e-01
182 8 4.71238898e+00 2.21818735e-01
183 8 4.71238898e+00 2.23019141e-01
184 8 4.71238898e+00 2.22866284e-01
185 8 4.71238898e+00 2.25349679e-01
186 8 4.71238898e+00 2.22702118e-01
187 8 4.71238898e+00 2.25943945e-01
188 8 4.71238898e+00 2.20413145e-01
189 8 4.71238898e+00 2.22968902e-01
190 8 4.71238898e+00 2.24472420e-01
191 8 4.71238898e+00 2.21101485e-01
192 8 4.71238898e+00 2.21406495e-01
193 8 4.71238898e+00 2.23917812e-01
194 8 4.71238898e+00 2.22993239e-01
195 8 4.71238898e+00 2.23140701e-01
196 8 4.71238898e+00 2.20100167e-01
197 8 4.71238898e+00 2.21600431e-01
198 8 4.71238898e+00 2.24949425e-01
199 8 4.71238898e+00 2.21940580e-01
200 8 4.71238898e+00 2.22531235e-01
201 8 4.71238898e+00 2.19979972e-01
202 8 4.71238898e+00 2.20885019e-01
203 8 4.71238898e+00 2.21006889e-01
204 8 4.71238898e+00 2.21605456e-01
205 8 4.71238898e+00 2.21934311e-01
206 8 4.71238898e+00 2.23665771e-01
207 8 4.71238898e+00 2.23231766e-01
208 8 4.71238898e+00 2.23691041e-01
209 8 4.71238898e+00 2.25758498e-01
210 8 4.71238898e+00 2.20315354e-01
211 8 4.71238898e+00 2.22734543e-01
212 8 4.71238898e+00 2.25030168e-01
213 8 4.71238898e+00 2.22166194e-01
214 8 4.71238898e+00 2.23100127e-01
215 8 4.71238898e+00 2.20420746e-01
216 8 4.71238898e+00 2.23467442e-01
217 8 4.71238898e+00 2.21512541e-01
218 8 4.71238898e+00 2.23646443e-01
219 8 4.71238898e+00 2.23564151e-01
220 8 4.71238898e+00 2.24656168e-01
221 8 4.71238898e+00 2.22683898e-01
222 8 4.71238898e+00 2.26971302e-01
223 8 4.71238898e+00 2.24638999e-01
224 8 4.71238898e+00 2.22209590e-01
225 8 4.71238898e+00 2.23392952e-01
226 8 4.71238898e+00 2.21548804e-01
227 8 4.71238898e+00 2.24312323e-01
228 8 4.71238898e+00 2.19975321e-01
229 8 4.71238898e+00 2.23704288e-01
230 8 4.71238898e+00 2.22069402e-01
231 8 4.71238898e+00 2.22445283e-01
232 8 4.71238898e+00 2.22063501e-01
233 8 4.71238898e+00 2.22484288e-01
234 8 4.71238898e+00 2.24015735e-01
235 8 4.71238898e+00 2.25739364e-01
236 8 4.71238898e+00 2.24468869e-01
237 8 4.71238898e+00 2.22596115e-01
238 8 4.71238898e+00 2.22767288e-01
239 8 4.71238898e+00 2.20299750e-01
240 8 4.71238898e+00 2.21594857e-01
241 8 4.71238898e+00 2.23077748e-01
242 8 4.71238898e+00 2.20346640e-01
243 8 4.71238898e+00 2.24159499e-01
244 8 4.71238898e+00 2.20704835e-01
245 8 4.71238898e+00 2.22719660e-01
246 8 4.71238898e+00 2.23138611e-01
247 8 4.71238898e+00 2.23928039e-01
248 8 4.71238898e+00 2.26167227e-01
249 8 4.71238898e+00 2.23852470e-01
250 8 4.71238898e+00 2.24675951e-01
251 8 4.71238898e+00 2.26154295e-01
252 8 4.71238898e+00 2.24936968e-01
253 8 4.71238898e+00 2.21168439e-01
254 8 4.71238898e+00 2.23226817e-01
255 8 4.71238898e+00 2.25399409e-01
256 8 4.71238898e+00 2.22062337e-01
257 8 4.71238898e+00 2.21103884e-01
258 8 4.71238898e+00 2.22338422e-01
259 8 4.71238898e+00 2.21649253e-01
260 8 4.71238898e+00 2.23379787e-01
261 8 4.71238898e+00 2.24121795e-01
262 8 4.71238898e+00 2.21855456e-01
263 8 4.71238898e+00 2.25961024e-01
264 8 4.71238898e+00 2.27165859e-01
265 8 4.71238898e+00 2.24092085e-01
266 8 4.71238898e+00 2.21778713e-01
267 8 4.71238898e+00 2.21709842e-01
268 8 4.71238898e+00 2.22874084e-01
269 8 4.71238898e+00 2.20368827e-01
270 8 4.71238898e+00 2.24166275e-01
271 8 4.71238898e+00 2.22943646e-01
272 8 4.71238898e+00 2.22547931e-01
273 8 4.71238898e+00 2.21923820e-01
274 8 4.71238898e+00 2.23100696e-01
275 8 4.71238898e+00 2.24616820e-01
276 8 4.71238898e+00 2.21576738e-01
277 8 4.71238898e+00 2.25022033e-01
278 8 4.71238898e+00 2.20218587e-01
279 8 4.71238898e+00 2.22743160e-01
280 8 4.71238898e+00 2.22987986e-01
281 8 4.71238898e+00 2.22629012e-01
282 8 4.71238898e+00 2.21783120e-01
283 8 4.71238898e+00 2.20779460e-01
284 8 4.71238898e+00 2.22405551e-01
285 8 4.71238898e+00 2.23955658e-01
286 8 4.71238898e+00 2.25844495e-01
287 8 4.71238898e+00 2.20036215e-01
288 8 4.71238898e+00 2.26241198e-01
289 8 4.71238898e+00 2.23335828e-01
290 8 4.71238898e+00 2.24029105e-01
291 8 4.71238898e+00 2.23811385e-01
292 8 4.71238898e+00 2.26814315e-01
293 8 4.71238898e+00 2.22875336e-01
294 8 4.71238898e+00 2.22882376e-01
295 8 4.71238898e+00 2.21581533e-01
296 8 4.71238898e+00 2.24264247e-01
297 8 4.71238898e+00 2.24888026e-01
298 8 4.71238898e+00 2.23853255e-01
299 8 4.71238898e+00 2.20930412e-01
300 8 4.71238898e+00 2.20136641e-01
301 8 4.71238898e+00 2.18833602e-01
302 8 4.71238898e+00 2.18786043e-01
303 8 4.71238898e+00 2.20745153e-01
304 8 4.71238898e+00 2.24701154e-01
305 8 4.71238898e+00 2.23724017e-01
306 8 4.71238898e+00 2.22248669e-01
307 8 4.71238898e+00 2.20383475e-01
308 8 4.71238898e+00 2.20389406e-01
309 8 4.71238898e+00 2.24751859e-01
310 8 4.71238898e+00 2.25875271e-01
311 8 4.71238898e+00 2.23187324e-01
312 8 4.71238898e+00 2.26367085e-01
313 8 4.71238898e+00 2.20043259e-01
314 8 4.71238898e+00 2.23035848e-01
315 8 4.71238898e+00 2.19186700e-01
316 8 4.71238898e+00 2.23403671e-01
317 8 4.71238898e+00 2.22448671e-01
318 8 4.71238898e+00 2.22298366e-01
319 8 4.71238898e+00 2.24753839e-01
320 8 4.71238898e+00 2.22499215e-01
321 8 4.71238898e+00 2.22013104e-01
322 8 4.71238898e+00 2.24832005e-01
323 8 4.71238898e+00 2.23462835e-01
324 8 4.71238898e+00 2.25572683e-01
325 8 4.71238898e+00 2.22024877e-01
326 8 4.71238898e+00 2.21953990e-01
327 8 4.71238898e+00 2.29020414e-01
328 8 4.71238898e+00 2.21713344e-01
329 8 4.71238898e+00 2.18388448e-01
330 8 4.71238898e+00 2.22595185e-01
331 8 4.71238898e+00 2.23096070e-01
332 8 4.71238898e+00 2.22270157e-01
333 8 4.71238898e+00 2.24237015e-01
334 8 4.71238898e+00 2.20096150e-01
335 8 4.71238898e+00 2.23726990e-01
336 8 4.71238898e+00 2.23962528e-01
337 8 4.71238898e+00 2.23163709e-01
338 8 4.71238898e+00 2.22450123e-01
339 8 4.71238898e+00 2.26172028e-01
340 8 4.71238898e+00 2.25131414e-01
341 8 4.71238898e+00 2.22005193e-01
342 8 4.71238898e+00 2.24072168e-01
343 8 4.71238898e+00 2.22658893e-01
344 8 4.71238898e+00 2.19465285e-01
345 8 4.71238898e+00 2.24000315e-01
346 8 4.71238898e+00 2.19056166e-01
347 8 4.71238898e+00 2.23326987e-01
348 8 4.71238898e+00 2.22320244e-01
349 8 4.71238898e+00 2.19523009e-01
350 8 4.71238898e+00 2.19219242e-01
351 8 4.71238898e+00 2.23710579e-01
352 8 4.71238898e+00 2.20442324e-01
353 8 4.71238898e+00 2.25241505e-01
354 8 4.71238898e+00 2.23898170e-01
355 8 4.71238898e+00 2.25384685e-01
356 8 4.71238898e+00 2.23228954e-01
357 8 4.71238898e+00 2.22902654e-01
358 8 4.71238898e+00 2.22767454e-01
359 8 4.71238898e+00 2.23664018e-01
360 8 4.71238898e+00 2.24561064e-01
361 8 4.71238898e+00 2.21327756e-01
362 8 4.71238898e+00 2.24586760e-01
363 8 4.71238898e+00 2.21353025e-01
364 8 4.71238898e+00 2.23721090e-01
365 8 4.71238898e+00 2.23988356e-01
366 8 4.71238898e+00 2.21716625e-01
367 8 4.71238898e+00 2.21609420e-01
368 8 4.71238898e+00 2.20734232e-01
369 8 4.71238898e+00 2.20973742e-01
370 8 4.71238898e+00 2.24621958e-01
371 8 4.71238898e+00 2.23004717e-01
372 8 4.71238898e+00 2.22764795e-01
373 8 4.71238898e+00 2.22429296e-01
374 8 4.71238898e+00 2.25766716e-01
375 8 4.71238898e+00 2.23401004e-01
376 8 4.71238898e+00 2.22826754e-01
377 8 4.71238898e+00 2.22211999e-01
378 8 4.71238898e+00 2.22415789e-01
379 8 4.71238898e+00 2.22073077e-01
380 8 4.71238898e+00 2.22715213e-01
381 8 4.71238898e+00 2.23210483e-01
382 8 4.71238898e+00 2.24841109e-01
383 8 4.71238898e+00 2.19483562e-01
384 8 4.71238898e+00 2.19975336e-01
385 8 4.71238898e+00 2.23136094e-01
386 8 4.71238898e+00 2.25039945e-01
387 8 4.71238898e+00 2.25816314e-01
388 8 4.71238898e+00 2.26623120e-01
389 8 4.71238898e+00 2.21761900e-01
390 8 4.71238898e+00 2.20168483e-01
391 8 4.71238898e+00 2.23225475e-01
392 8 4.71238898e+00 2.22733691e-01
393 8 4.71238898e+00 2.22515029e-01
394 8 4.71238898e+00 2.20398935e-01
395 8 4.71238898e+00 2.20661998e-01
396 8 4.71238898e+00 2.24647601e-01
397 8 4.71238898e+00 2.26294445e-01
398 8 4.71238898e+00 2.20843691e-01
399 8 4.71238898e+00 2.23153689e-01
400 8 4.71238898e+00 2.23540156e-01
401 8 4.71238898e+00 2.24984611e-01
402 8 4.71238898e+00 2.21677104e-01
403 8 4.71238898e+00 2.16489653e-01
404 8 4.71238898e+00 2.24939232e-01
405 8 4.71238898e+00 2.23780283e-01
406 8 4.71238898e+00 2.24823146e-01
407 8 4.71238898e+00 2.21977770e-01
408 8 4.71238898e+00 2.23790048e-01
409 8 4.71238898e+00 2.25030515e-01
410 8 4.71238898e+00 2.21459768e-01
411 8 4.71238898e+00 2.19997616e-01
412 8 4.71238898e+00 2.18948224e-01
413 8 4.71238898e+00 2.23240519e-01
414 8 4.71238898e+00 2.25275302e-01
415 8 4.71238898e+00 2.24169858e-01
416 8 4.71238898e+00 2.23204993e-01
417 8 4.71238898e+00 2.22271268e-01
418 8 4.71238898e+00 2.26062923e-01
419 8 4.71238898e+00 2.21594759e-01
420 8 4.71238898e+00 2.21145986e-01
421 8 4.71238898e+00 2.19884578e-01
422 8 4.71238898e+00 2.22015187e-01
423 8 4.71238898e+00 2.24387379e-01
424 8 4.71238898e+00 2.21673722e-01
425 8 4.71238898e+00 2.21194652e-01
426 8 4.71238898e+00 2.21597444e-01
427 8 4.71238898e+00 2.21939403e-01
428 8 4.71238898e+00 2.24812630e-01
429 8 4.71238898e+00 2.21301035e-01
430 8 4.71238898e+00 2.22378360e-01
431 8 4.71238898e+00 2.22107971e-01
432 8 4.71238898e+00 2.24497793e-01
433 8 4.71238898e+00 2.23542238e-01
434 8 4.71238898e+00 2.23383224e-01
435 8 4.71238898e+00 2.24217569e-01
436 8 4.71238898e+00 2.23846164e-01
437 8 4.71238898e+00 2.26038681e-01
438 8 4.71238898e+00 2.24723102e-01
439 8 4.71238898e+00 2.21195843e-01
440 8 4.71238898e+00 2.21262211e-01
441 8 4.71238898e+00 2.22519305e-01
442 8 4.71238898e+00 2.22350401e-01
443 8 4.71238898e+00 2.23421117e-01
444 8 4.71238898e+00 2.22961537e-01
445 8 4.71238898e+00 2.19039336e-01
446 8 4.71238898e+00 2.23460509e-01
447 8 4.71238898e+00 2.22743113e-01
448 8 4.71238898e+00 2.21772404e-01
449 8 4.71238898e+00 2.22953437e-01
450 8 4.71238898e+00 2.22368412e-01
451 8 4.71238898e+00 2.21472875e-01
452 8 4.71238898e+00 2.21360298e-01
453 8 4.71238898e+00 2.23470457e-01
454 8 4.71238898e+00 2.20608232e-01
455 8 4.71238898e+00 2.22602643e-01
456 8 4.71238898e+00 2.21670619e-01
457 8 4.71238898e+00 2.22690289e-01
458 8 4.71238898e+00 2.22818469e-01
459 8 4.71238898e+00 2.24833469e-01
460 8 4.71238898e+00 2.20300029e-01
461 8 4.71238898e+00 2.24299818e-01
462 8 4.71238898e+00 2.20808580e-01
463 8 4.71238898e+00 2.25166578e-01
464 8 4.71238898e+00 2.21916544e-01
465 8 4.71238898e+00 2.23452143e-01
466 8 4.71238898e+00 2.21849393e-01
467 8 4.71238898e+00 2.21284248e-01
468 8 4.71238898e+00 2.22790669e-01
469 8 4.71238898e+00 2.21446567e-01
470 8 4.71238898e+00 2.18533706e-01
471 8 4.71238898e+00 2.23123147e-01
472 8 4.71238898e+00 2.21756519e-01
473 8 4.71238898e+00 2.24277669e-01
474 8 4.71238898e+00 2.22279224e-01
475 8 4.71238898e+00 2.23372633e-01
476 8 4.71238898e+00 2.23849525e-01
477 8 4.71238898e+00 2.22565826e-01
478 8 4.71238898e+00 2.19687854e-01
479 8 4.71238898e+00 2.18426842e-01
480 8 4.71238898e+00 2.25292663e-01
481 8 4.71238898e+00 2.27098343e-01
482 8 4.71238898e+00 2.20675862e-01
483 8 4.71238898e+00 2.25351112e-01
484 8 4.71238898e+00 2.25843125e-01
485 8 4.71238898e+00 2.24001285e-01
486 8 4.71238898e+00 2.24431925e-01
487 8 4.71238898e+00 2.23709309e-01
488 8 4.71238898e+00 2.23375760e-01
489 8 4.71238898e+00 2.24814065e-01
490 8 4.71238898e+00 2.23943267e-01
491 8 4.71238898e+00 2.22544433e-01
492 8 4.71238898e+00 2.24831265e-01
493 8 4.71238898e+00 2.23963901e-01
494 8 4.71238898e+00 2.22918088e-01
495 8 4.71238898e+00 2.22027137e-01
496 8 4.71238898e+00 2.23067731e-01
497 8 4.71238898e+00 2.24289009e-01
498 8 4.71238898e+00 2.22344460e-01
499 8 4.71238898e+00 2.24261830e-01
500 8 4.71238898e+00 2.23309088e-01
501 8 4.71238898e+00 2.23114007e-01
502 8 4.71238898e+00 2.23777752e-01
503 8 4.71238898e+00 2.24125885e-01
504 8 4.71238898e+00 2.25301122e-01
505 8 4.71238898e+00 2.24686692e-01
506 8 4.71238898e+00 2.20910744e-01
507 8 4.71238898e+00 2.24261171e-01
508 8 4.71238898e+00 2.21644195e-01
509 8 4.71238898e+00 2.23459548e-01
510 8 4.71238898e+00 2.21309676e-01
511 8 4.71238898e+00 2.21717958e-01
512 8 4.71238898e+00 2.23929568e-01
513 8 4.71238898e+00 2.23121877e-01
514 8 4.71238898e+00 2.22304190e-01
515 8 4.71238898e+00 2.22032196e-01
516 8 4.71238898e+00 2.23442743e-01
517 8 4.71238898e+00 2.23353705e-01
518 8 4.71238898e+00 2.20454521e-01
519 8 4.71238898e+00 2.22953410e-01
520 8 4.71238898e+00 2.22085043e-01
521 8 4.71238898e+00 2.22863697e-01
522 8 4.71238898e+00 2.25717994e-01
523 8 4.71238898e+00 2.21125248e-01
524 8 4.71238898e+00 2.21319271e-01
525 8 4.71238898e+00 2.23254617e-01
526 8 4.71238898e+00 2.27321569e-01
527 8 4.71238898e+00 2.23060083e-01
528 8 4.71238898e+00 2.23239987e-01
529 8 4.71238898e+00 2.23615208e-01
530 8 4.71238898e+00 2.23446145e-01
531 8 4.71238898e+00 2.20077208e-01
532 8 4.71238898e+00 2.26346309e-01
533 8 4.71238898e+00 2.23107107e-01
534 8 4.71238898e+00 2.20816675e-01
535 8 4.71238898e+00 2.20851525e-01
536 8 4.71238898e+00 2.27475368e-01
537 8 4.71238898e+00 2.23612654e-01
538 8 4.71238898e+00 2.23578039e-01
539 8 4.71238898e+00 2.22972619e-01
540 8 4.71238898e+00 2.28293843e-01
541 8 4.71238898e+00 2.22556109e-01
542 8 4.71238898e+00 2.21362363e-01
543 8 4.71238898e+00 2.19685155e-01
544 8 4.71238898e+00 2.21142240e-01
545 8 4.71238898e+00 2.21914338e-01
546 8 4.71238898e+00 2.23022443e-01
547 8 4.71238898e+00 2.21473979e-01
548 8 4.71238898e+00 2.23125223e-01
549 8 4.71238898e+00 2.26173143e-01
550 8 4.71238898e+00 2.22180285e-01
551 8 4.71238898e+00 2.27266562e-01
552 8 4.71238898e+00 2.22598187e-01
553 8 4.71238898e+00 2.22855595e-01
554 8 4.71238898e+00 2.21648836e-01
555 8 4.71238898e+00 2.25452114e-01
556 8 4.71238898e+00 2.23462969e-01
557 8 4.71238898e+00 2.22153006e-01
558 8 4.71238898e+00 2.23020224e-01
559 8 4.71238898e+00 2.27795130e-01
560 8 4.71238898e+00 2.23353371e-01
561 8 4.71238898e+00 2.21512804e-01
562 8 4.71238898e+00 2.21428072e-01
563 8 4.71238898e+00 2.24581760e-01
564 8 4.71238898e+00 2.21087690e-01
565 8 4.71238898e+00 2.20307708e-01
566 8 4.71238898e+00 2.28451454e-01
567 8 4.71238898e+00 2.23323579e-01
568 8 4.71238898e+00 2.23795480e-01
569 8 4.71238898e+00 2.25867003e-01
570 8 4.71238898e+00 2.21171582e-01
571 8 4.71238898e+00 2.24585038e-01
572 8 4.71238898e+00 2.19076555e-01
573 8 4.71238898e+00 2.23276406e-01
574 8 4.71238898e+00 2.23812544e-01
575 8 4.71238898e+00 2.22356442e-01
576 8 4.71238898e+00 2.21466912e-01
577 8 4.71238898e+00 2.21443224e-01
578 8 4.71238898e+00 2.22218424e-01
579 8 4.71238898e+00 2.22981711e-01
580 8 4.71238898e+00 2.21091154e-01
581 8 4.71238898e+00 2.18010403e-01
582 8 4.71238898e+00 2.25556149e-01
583 8 4.71238898e+00 2.23388027e-01
584 8 4.71238898e+00 2.23173389e-01
585 8 4.71238898e+00 2.23861543e-01
586 8 4.71238898e+00 2.22481942e-01
587 8 4.71238898e+00 2.23228385e-01
588 8 4.71238898e+00 2.24293062e-01
589 8 4.71238898e+00 2.19078425e-01
590 8 4.71238898e+00 2.24159083e-01
591 8 4.71238898e+00 2.20932406e-01
592 8 4.71238898e+00 2.22214549e-01
593 8 4.71238898e+00 2.24599033e-01
594 8 4.71238898e+00 2.22150405e-01
595 8 4.71238898e+00 2.23986456e-01
596 8 4.71238898e+00 2.24595314e-01
597 8 4.71238898e+00 2.23947219e-01
598 8 4.71238898e+00 2.22397525e-01
599 8 4.71238898e+00 2.25924079e-01
600 8 4.71238898e+00 2.20750907e-01
601 8 4.71238898e+00 2.24073227e-01
602 8 4.71238898e+00 2.22925338e-01
603 8 4.71238898e+00 2.24241967e-01
604 8 4.71238898e+00 2.24518471e-01
605 8 4.71238898e+00 2.25339646e-01
606 8 4.71238898e+00 2.25764347e-01
607 8 4.71238898e+00 2.20167560e-01
608 8 4.71238898e+00 2.19967956e-01
609 8 4.71238898e+00 2.23808070e-01
610 8 4.71238898e+00 2.24793303e-01
611 8 4.71238898e+00 2.22975109e-01
612 8 4.71238898e+00 2.24270262e-01
613 8 4.71238898e+00 2.26377373e-01
614 8 4.71238898e+00 2.21232027e-01
615 8 4.71238898e+00 2.23651130e-01
616 8 4.71238898e+00 2.22034547e-01
617 8 4.71238898e+00 2.24978352e-01
618 8 4.71238898e+00 2.24061280e-01
619 8 4.71238898e+00 2.23350241e-01
620 8 4.71238898e+00 2.25043047e-01
621 8 4.71238898e+00 2.22500553e-01
622 8 4.71238898e+00 2.22542531e-01
623 8 4.71238898e+00 2.20962432e-01
624 8 4.71238898e+00 2.21637324e-01
625 8 4.71238898e+00 2.24467623e-01
626 8 4.71238898e+00 2.23395104e-01
627 8 4.71238898e+00 2.26067006e-01
628 8 4.71238898e+00 2.25709053e-01
629 8 4.71238898e+00 2.25220865e-01
630 8 4.71238898e+00 2.24713336e-01
631 8 4.71238898e+00 2.22955454e-01
632 8 4.71238898e+00 2.22298066e-01
633 8 4.71238898e+00 2.21956142e-01
634 8 4.71238898e+00 2.22187455e-01
635 8 4.71238898e+00 2.23903525e-01
636 8 4.71238898e+00 2.24136256e-01
637 8 4.71238898e+00 2.22935072e-01
638 8 4.71238898e+00 2.21730417e-01
639 8 4.71238898e+00 2.25807082e-01
640 8 4.71238898e+00 2.23531097e-01
641 8 4.71238898e+00 2.23692729e-01
642 8 4.71238898e+00 2.23883814e-01
643 8 4.71238898e+00 2.23528118e-01
644 8 4.71238898e+00 2.26096077e-01
645 8 4.71238898e+00 2.21331283e-01
646 8 4.71238898e+00 2.23755507e-01
647 8 4.71238898e+00 2.25460149e-01
648 8 4.71238898e+00 2.23798371e-01
649 8 4.71238898e+00 2.22462725e-01
650 8 4.71238898e+00 2.26769408e-01
651 8 4.71238898e+00 2.21882276e-01
652 8 4.71238898e+00 2.21573010e-01
653 8 4.71238898e+00 2.25715822e-01
654 8 4.71238898e+00 2.24992258e-01
655 8 4.71238898e+00 2.23669174e-01
656 8 4.71238898e+00 2.22890842e-01
657 8 4.71238898e+00 2.19386736e-01
658 8 4.71238898e+00 2.21707095e-01
659 8 4.71238898e+00 2.21618181e-01
660 8 4.71238898e+00 2.21910115e-01
661 8 4.71238898e+00 2.21720524e-01
662 8 4.71238898e+00 2.22891773e-01
663 8 4.71238898e+00 2.22372966e-01
664 8 4.71238898e+00 2.24442858e-01
665 8 4.71238898e+00 2.23992645e-01
666 8 4.71238898e+00 2.22239972e-01
667 8 4.71238898e+00 2.25837771e-01
668 8 4.71238898e+00 2.23364038e-01
669 8 4.71238898e+00 2.26170400e-01
670 8 4.71238898e+00 2.21697573e-01
671 8 4.71238898e+00 2.23207391e-01
672 8 4.71238898e+00 2.24288171e-01
673 8 4.71238898e+00 2.25756491e-01
674 8 4.71238898e+00 2.21263544e-01
675 8 4.71238898e+00 2.22624527e-01
676 8 4.71238898e+00 2.25579062e-01
677 8 4.71238898e+00 2.24199319e-01
678 8 4.71238898e+00 2.23812068e-01
679 8 4.71238898e+00 2.24949515e-01
680 8 4.71238898e+00 2.27248001e-01
681 8 4.71238898e+00 2.24841930e-01
682 8 4.71238898e+00 2.24867995e-01
683 8 4.71238898e+00 2.23444846e-01
684 8 4.71238898e+00 2.23774340e-01
685 8 4.71238898e+00 2.19490518e-01
686 8 4.71238898e+00 2.23098281e-01
687 8 4.71238898e+00 2.20767816e-01
688 8 4.71238898e+00 2.21182632e-01
689 8 4.71238898e+00 2.20602416e-01
690 8 4.71238898e+00 2.24987528e-01
691 8 4.71238898e+00 2.21564882e-01
692 8 4.71238898e+00 2.23515116e-01
693 8 4.71238898e+00 2.25579468e-01
694 8 4.71238898e+00 2.25412357e-01
695 8 4.71238898e+00 2.22615108e-01
696 8 4.71238898e+00 2.23944328e-01
697 8 4.71238898e+00 2.22502032e-01
698 8 4.71238898e+00 2.19841161e-01
699 8 4.71238898e+00 2.21018802e-01
700 8 4.71238898e+00 2.19320821e-01
701 8 4.71238898e+00 2.21272124e-01
702 8 4.71238898e+00 2.23128138e-01
703 8 4.71238898e+00 2.24948782e-01
704 8 4.71238898e+00 2.21186844e-01
705 8 4.71238898e+00 2.25772987e-01
706 8 4.71238898e+00 2.24613456e-01
707 8 4.71238898e+00 2.23033273e-01
708 8 4.71238898e+00 2.24596748e-01
709 8 4.71238898e+00 2.23013994e-01
710 8 4.71238898e+00 2.23850858e-01
711 8 4.71238898e+00 2.21752854e-01
712 8 4.71238898e+00 2.25155259e-01
713 8 4.71238898e+00 2.23484472e-01
714 8 4.71238898e+00 2.18536373e-01
715 8 4.71238898e+00 2.25974866e-01
716 8 4.71238898e+00 2.25685940e-01
717 8 4.71238898e+00 2.24874852e-01
718 8 4.71238898e+00 2.22606863e-01
719 8 4.71238898e+00 2.24073005e-01
720 8 4.71238898e+00 2.23714381e-01
721 8 4.71238898e+00 2.24186846e-01
722 8 4.71238898e+00 2.20564620e-01
723 8 4.71238898e+00 2.21100243e-01
724 8 4.71238898e+00 2.21619587e-01
725 8 4.71238898e+00 2.21541252e-01
726 8 4.71238898e+00 2.24306932e-01
727 8 4.71238898e+00 2.17459016e-01
728 8 4.71238898e+00 2.23670907e-01
729 8 4.71238898e+00 2.23166649e-01
730 8 4.71238898e+00 2.24242856e-01
731 8 4.71238898e+00 2.19706552e-01
732 8 4.71238898e+00 2.24653725e-01
733 8 4.71238898e+00 2.29624186e-01
734 8 4.71238898e+00 2.20782590e-01
735 8 4.71238898e+00 2.25948206e-01
736 8 4.71238898e+00 2.21779183e-01
737 8 4.71238898e+00 2.23781421e-01
738 8 4.71238898e+00 2.21898396e-01
739 8 4.71238898e+00 2.21863515e-01
740 8 4.71238898e+00 2.26214485e-01
741 8 4.71238898e+00 2.23575130e-01
742 8 4.71238898e+00 2.21599485e-01
743 8 4.71238898e+00 2.22669665e-01
744 8 4.71238898e+00 2.22445624e-01
745 8 4.71238898e+00 2.20234141e-01
746 8 4.71238898e+00 2.21714673e-01
747 8 4.71238898e+00 2.22028698e-01
748 8 4.71238898e+00 2.24595070e-01
749 8 4.71238898e+00 2.25123030e-01
750 8 4.71238898e+00 2.20990233e-01
751 8 4.71238898e+00 2.25521420e-01
752 8 4.71238898e+00 2.24942165e-01
753 8 4.71238898e+00 2.22437595e-01
754 8 4.71238898e+00 2.22206105e-01
755 8 4.71238898e+00 2.22657804e-01
756 8 4.71238898e+00 2.19145479e-01
757 8 4.71238898e+00 2.22172573e-01
758 8 4.71238898e+00 2.22427802e-01
759 8 4.71238898e+00 2.25010663e-01
760 8 4.71238898e+00 2.20207327e-01
761 8 4.71238898e+00 2.23789167e-01
762 8 4.71238898e+00 2.24004275e-01
763 8 4.71238898e+00 2.24595381e-01
764 8 4.71238898e+00 2.24707548e-01
765 8 4.71238898e+00 2.23646311e-01
766 8 4.71238898e+00 2.22023883e-01
767 8 4.71238898e+00 2.20757586e-01
768 8 4.71238898e+00 2.21629028e-01
769 8 4.71238898e+00 2.22492989e-01
770 8 4.71238898e+00 2.22457518e-01
771 8 4.71238898e+00 2.20418500e-01
772 8 4.71238898e+00 2.25780092e-01
773 8 4.71238898e+00 2.29208052e-01
774 8 4.71238898e+00 2.23297982e-01
775 8 4.71238898e+00 2.23118363e-01
776 8 4.71238898e+00 2.18858185e-01
777 8 4.71238898e+00 2.25129864e-01
778 8 4.71238898e+00 2.22112180e-01
779 8 4.71238898e+00 2.20118979e-01
780 8 4.71238898e+00 2.21909929e-01
781 8 4.71238898e+00 2.21174638e-01
782 8 4.71238898e+00 2.22585978e-01
783 8 4.71238898e+00 2.23568503e-01
784 8 4.71238898e+00 2.21698686e-01
785 8 4.71238898e+00 2.22367162e-01
786 8 4.71238898e+00 2.22549951e-01
787 8 4.71238898e+00 2.23373234e-01
788 8 4.71238898e+00 2.18582480e-01
789 8 4.71238898e+00 2.22013644e-01
790 8 4.71238898e+00 2.20400277e-01
791 8 4.71238898e+00 2.24551558e-01
792 8 4.71238898e+00 2.27289984e-01
793 8 4.71238898e+00 2.20920126e-01
794 8 4.71238898e+00 2.24027038e-01
795 8 4.71238898e+00 2.27278457e-01
796 8 4.71238898e+00 2.23507490e-01
797 8 4.71238898e+00 2.23413017e-01
798 8 4.71238898e+00 2.21776383e-01
799 8 4.71238898e+00 2.21878957e-01
800 8 4.71238898e+00 2.20493842e-01
801 8 4.71238898e+00 2.22833470e-01
802 8 4.71238898e+00 2.23218860e-01
803 8 4.71238898e+00 2.24935131e-01
804 8 4.71238898e+00 2.23060279e-01
805 8 4.71238898e+00 2.23010415e-01
806 8 4.71238898e+00 2.23617443e-01
807 8 4.71238898e+00 2.24623168e-01
808 8 4.71238898e+00 2.23688158e-01
809 8 4.71238898e+00 2.23430280e-01
810 8 4.71238898e+00 2.24102944e-01
811 8 4.71238898e+00 2.23550519e-01
812 8 4.71238898e+00 2.18682064e-01
813 8 4.71238898e+00 2.23259410e-01
814 8 4.71238898e+00 2.22454419e-01
815 8 4.71238898e+00 2.23915517e-01
816 8 4.71238898e+00 2.24075553e-01
817 8 4.71238898e+00 2.25439042e-01
818 8 4.71238898e+00 2.23811585e-01
819 8 4.71238898e+00 2.21173455e-01
820 8 4.71238898e+00 2.25994712e-01
821 8 4.71238898e+00 2.22551730e-01
822 8 4.71238898e+00 2.23953999e-01
823 8 4.71238898e+00 2.25463454e-01
824 8 4.71238898e+00 2.25115450e-01
825 8 4.71238898e+00 2.21894820e-01
826 8 4.71238898e+00 2.22953296e-01
827 8 4.71238898e+00 2.23214958e-01
828 8 4.71238898e+00 2.22652930e-01
829 8 4.71238898e+00 2.26966366e-01
830 8 4.71238898e+00 2.20457723e-01
831 8 4.71238898e+00 2.25277655e-01
832 8 4.71238898e+00 2.22699486e-01
833 8 4.71238898e+00 2.21951700e-01
834 8 4.71238898e+00 2.21148716e-01
835 8 4.71238898e+00 2.24761193e-01
836 8 4.71238898e+00 2.25267886e-01
837 8 4.71238898e+00 2.22820026e-01
838 8 4.71238898e+00 2.22877041e-01
839 8 4.71238898e+00 2.26431450e-01
840 8 4.71238898e+00 2.23558905e-01
841 8 4.71238898e+00 2.22817327e-01
842 8 4.71238898e+00 2.23830415e-01
843 8 4.71238898e+00 2.24450875e-01
844 8 4.71238898e+00 2.20398933e-01
845 8 4.71238898e+00 2.27462657e-01
846 8 4.71238898e+00 2.24184067e-01
847 8 4.71238898e+00 2.21240646e-01
848 8 4.71238898e+00 2.23404207e-01
849 8 4.71238898e+00 2.24541083e-01
850 8 4.71238898e+00 2.22872059e-01
851 8 4.71238898e+00 2.24486604e-01
852 8 4.71238898e+00 2.22691880e-01
853 8 4.71238898e+00 2.19110855e-01
854 8 4.71238898e+00 2.27569525e-01
855 8 4.71238898e+00 2.22722074e-01
856 8 4.71238898e+00 2.21066683e-01
857 8 4.71238898e+00 2.21317888e-01
858 8 4.71238898e+00 2.26751219e-01
859 8 4.71238898e+00 2.22570468e-01
860 8 4.71238898e+00 2.25273004e-01
861 8 4.71238898e+00 2.21874850e-01
862 8 4.71238898e+00 2.24369482e-01
863 8 4.71238898e+00 2.18528993e-01
864 8 4.71238898e+00 2.24865939e-01
865 8 4.71238898e+00 2.25693387e-01
866 8 4.71238898e+00 2.22406915e-01
867 8 4.71238898e+00 2.24208362e-01
868 8 4.71238898e+00 2.26368367e-01
869 8 4.71238898e+00 2.24744352e-01
870 8 4.71238898e+00 2.22921263e-01
871 8 4.71238898e+00 2.26368011e-01
872 8 4.71238898e+00 2.26579558e-01
873 8 4.71238898e+00 2.21070737e-01
874 8 4.71238898e+00 2.20313050e-01
875 8 4.71238898e+00 2.23422789e-01
876 8 4.71238898e+00 2.24774816e-01
877 8 4.71238898e+00 2.20478076e-01
878 8 4.71238898e+00 2.23353176e-01
879 8 4.71238898e+00 2.22236327e-01
880 8 4.71238898e+00 2.21727525e-01
881 8 4.71238898e+00 2.21260377e-01
882 8 4.71238898e+00 2.22603899e-01
883 8 4.71238898e+00 2.22084513e-01
884 8 4.71238898e+00 2.19882642e-01
885 8 4.71238898e+00 2.24993278e-01
886 8 4.71238898e+00 2.25735571e-01
887 8 4.71238898e+00 2.22924937e-01
888 8 4.71238898e+00 2.22696824e-01
889 8 4.71238898e+00 2.24688749e-01
890 8 4.71238898e+00 2.20204052e-01
891 8 4.71238898e+00 2.19650307e-01
892 8 4.71238898e+00 2.20740339e-01
893 8 4.71238898e+00 2.17435105e-01
894 8 4.71238898e+00 2.24511633e-01
895 8 4.71238898e+00 2.27253893e-01
896 8 4.71238898e+00 2.23416277e-01
897 8 4.71238898e+00 2.24602460e-01
898 8 4.71238898e+00 2.23746914e-01
899 8 4.71238898e+00 2.21370825e-01
900 8 4.71238898e+00 2.21833328e-01
901 8 4.71238898e+00 2.21460702e-01
902 8 4.71238898e+00 2.25111632e-01
903 8 4.71238898e+00 2.24299777e-01
904 8 4.71238898e+00 2.24335542e-01
905 8 4.71238898e+00 2.21180480e-01
906 8 4.71238898e+00 2.21178994e-01
907 8 4.71238898e+00 2.21890607e-01
908 8 4.71238898e+00 2.24292060e-01
909 8 4.71238898e+00 2.24464856e-01
910 8 4.71238898e+00 2.23081726e-01
911 8 4.71238898e+00 2.24546427e-01
912 8 4.71238898e+00 2.23069368e-01
913 8 4.71238898e+00 2.27088864e-01
914 8 4.71238898e+00 2.21870841e-01
915 8 4.71238898e+00 2.19989676e-01
916 8 4.71238898e+00 2.22212112e-01
917 8 4.71238898e+00 2.22620967e-01
918 8 4.71238898e+00 2.23471363e-01
919 8 4.71238898e+00 2.24992587e-01
920 8 4.71238898e+00 2.21722719e-01
921 8 4.71238898e+00 2.22952523e-01
922 8 4.71238898e+00 2.23302827e-01
923 8 4.71238898e+00 2.21758091e-01
924 8 4.71238898e+00 2.23987971e-01
925 8 4.71238898e+00 2.22691202e-01
926 8 4.71238898e+00 2.20542560e-01
927 8 4.71238898e+00 2.23904574e-01
928 8 4.71238898e+00 2.25068130e-01
929 8 4.71238898e+00 2.25995483e-01
930 8 4.71238898e+00 2.22401231e-01
931 8 4.71238898e+00 2.22259276e-01
932 8 4.71238898e+00 2.22965882e-01
933 8 4.71238898e+00 2.20754826e-01
934 8 4.71238898e+00 2.21824280e-01
935 8 4.71238898e+00 2.24233483e-01
936 8 4.71238898e+00 2.22914021e-01
937 8 4.71238898e+00 2.24491287e-01
938 8 4.71238898e+00 2.23421676e-01
939 8 4.71238898e+00 2.22853813e-01
940 8 4.71238898e+00 2.21429601e-01
941 8 4.71238898e+00 2.19394201e-01
942 8 4.71238898e+00 2.22957589e-01
943 8 4.71238898e+00 2.25379279e-01
944 8 4.71238898e+00 2.23753737e-01
945 8 4.71238898e+00 2.22235150e-01
946 8 4.71238898e+00 2.23985172e-01
947 8 4.71238898e+00 2.21630658e-01
948 8 4.71238898e+00 2.22571398e-01
949 8 4.71238898e+00 2.23050345e-01
950 8 4.71238898e+00 2.20527522e-01
951 8 4.71238898e+00 2.25229666e-01
952 8 4.71238898e+00 2.17402950e-01
953 8 4.71238898e+00 2.22972336e-01
954 8 4.71238898e+00 2.23615863e-01
955 8 4.71238898e+00 2.23479212e-01
956 8 4.71238898e+00 2.24448298e-01
957 8 4.71238898e+00 2.25073693e-01
958 8 4.71238898e+00 2.22772648e-01
959 8 4.71238898e+00 2.20712847e-01
960 8 4.71238898e+00 2.24348346e-01
961 8 4.71238898e+00 2.23917385e-01
962 8 4.71238898e+00 2.24312912e-01
963 8 4.71238898e+00 2.23433910e-01
964 8 4.71238898e+00 2.24308302e-01
965 8 4.71238898e+00 2.22156100e-01
966 8 4.71238898e+00 2.19554510e-01
967 8 4.71238898e+00 2.23581033e-01
968 8 4.71238898e+00 2.20095152e-01
969 8 4.71238898e+00 2.18754428e-01
970 8 4.71238898e+00 2.22041486e-01
971 8 4.71238898e+00 2.22015357e-01
972 8 4.71238898e+00 2.26635864e-01
973 8 4.71238898e+00 2.20115854e-01
974 8 4.71238898e+00 2.21731990e-01
975 8 4.71238898e+00 2.26435315e-01
976 8 4.71238898e+00 2.20374181e-01
977 8 4.71238898e+00 2.21191675e-01
978 8 4.71238898e+00 2.19290418e-01
979 8 4.71238898e+00 2.20147977e-01
980 8 4.71238898e+00 2.22995811e-01
981 8 4.71238898e+00 2.22269663e-01
982 8 4.71238898e+00 2.21394216e-01
983 8 4.71238898e+00 2.26039512e-01
984 8 4.71238898e+00 2.20475395e-01
985 8 4.71238898e+00 2.24426293e-01
986 8 4.71238898e+00 2.23521389e-01
987 8 4.71238898e+00 2.19181487e-01
988 8 4.71238898e+00 2.21259691e-01
989 8 4.71238898e+00 2.23348727e-01
990 8 4.71238898e+00 2.23219950e-01
991 8 4.71238898e+00 2.22574097e-01
992 8 4.71238898e+00 2.22866087e-01
993 8 4.71238898e+00 2.20428870e-01
994 8 4.71238898e+00 2.23153165e-01
995 8 4.71238898e+00 2.26787874e-01
996 8 4.71238898e+00 2.24263785e-01
997 8 4.71238898e+00 2.20684579e-01
998 8 4.71238898e+00 2.23056943e-01
999 8 4.71238898e+00 2.26423384e-01
1000 8 4.71238898e+00 2.23340471e-01
1001 8 4.71238898e+00 2.26453013e-01
1002 8 4.71238898e+00 2.18668088e-01
1003 8 4.71238898e+00 2.21877960e-01
1004 8 4.71238898e+00 2.24743790e-01
1005 8 4.71238898e+00 2.19884651e-01
1006 8 4.71238898e+00 2.24802030e-01
1007 8 4.71238898e+00 2.25695765e-01
1008 8 4.71238898e+00 2.25052766e-01
1009 8 4.71238898e+00 2.21925541e-01
1010 8 4.71238898e+00 2.25267891e-01
1011 8 4.71238898e+00 2.23085810e-01
1012 8 4.71238898e+00 2.19942058e-01
1013 8 4.71238898e+00 2.18098396e-01
1014 8 4.71238898e+00 2.22528242e-01
1015 8 4.71238898e+00 2.21790533e-01
1016 8 4.71238898e+00 2.24349153e-01
1017 8 4.71238898e+00 2.18031923e-01
1018 8 4.71238898e+00 2.23965680e-01
1019 8 4.71238898e+00 2.22372042e-01
1020 8 4.71238898e+00 2.24751518e-01
1021 8 4.71238898e+00 2.19814676e-01
1022 8 4.71238898e+00 2.21768824e-01
1023 8 4.71238898e+00 2.22154209e-01
1024 8 4.71238898e+00 2.22863136e-01
1025 8 4.71238898e+00 2.22823457e-01
