a15m310 Wilson3 pz1 0.151fm zmax7
config z nu=p.z RpITD
0 1 3.92699082e-01 1.55143002e-01
1 1 3.92699082e-01 1.53574462e-01
2 1 3.92699082e-01 1.54284669e-01
3 1 3.92699082e-01 1.53895145e-01
4 1 3.92699082e-01 1.53993965e-01
5 1 3.92699082e-01 1.54182250e-01
6 1 3.92699082e-01 1.53879939e-01
7 1 3.92699082e-01 1.53642510e-01
8 1 3.92699082e-01 1.53807977e-01
9 1 3.92699082e-01 1.53725178e-01
10 1 3.92699082e-01 1.53089327e-01
11 1 3.92699082e-01 1.53503151e-01
12 1 3.92699082e-01 1.54616546e-01
13 1 3.92699082e-01 1.55601938e-01
14 1 3.92699082e-01 1.54749772e-01
15 1 3.92699082e-01 1.54330491e-01
16 1 3.92699082e-01 1.52338247e-01
17 1 3.92699082e-01 1.53550635e-01
18 1 3.92699082e-01 1.54226054e-01
19 1 3.92699082e-01 1.53613835e-01
20 1 3.92699082e-01 1.53608828e-01
21 1 3.92699082e-01 1.53607320e-01
22 1 3.92699082e-01 1.54803656e-01
23 1 3.92699082e-01 1.56402918e-01
24 1 3.92699082e-01 1.53766657e-01
25 1 3.92699082e-01 1.53838094e-01
26 1 3.92699082e-01 1.53504044e-01
27 1 3.92699082e-01 1.53092938e-01
28 1 3.92699082e-01 1.54606601e-01
29 1 3.92699082e-01 1.53403291e-01
30 1 3.92699082e-01 1.53882813e-01
31 1 3.92699082e-01 1.53494623e-01
32 1 3.92699082e-01 1.52993819e-01
33 1 3.92699082e-01 1.53746165e-01
34 1 3.92699082e-01 1.55014172e-01
35 1 3.92699082e-01 1.54774611e-01
36 1 3.92699082e-01 1.53736134e-01
37 1 3.92699082e-01 1.53917215e-01
38 1 3.92699082e-01 1.53635145e-01
39 1 3.92699082e-01 1.52670212e-01
40 1 3.92699082e-01 1.52040151e-01
41 1 3.92699082e-01 1.53908483e-01
42 1 3.92699082e-01 1.53226593e-01
43 1 3.92699082e-01 1.53418099e-01
44 1 3.92699082e-01 1.53511930e-01
45 1 3.92699082e-01 1.53682233e-01
46 1 3.92699082e-01 1.53714069e-01
47 1 3.92699082e-01 1.54240613e-01
48 1 3.92699082e-01 1.53560128e-01
49 1 3.92699082e-01 1.54269550e-01
50 1 3.92699082e-01 1.53978496e-01
51 1 3.92699082e-01 1.54215976e-01
52 1 3.92699082e-01 1.53583620e-01
53 1 3.92699082e-01 1.53142925e-01
54 1 3.92699082e-01 1.53508894e-01
55 1 3.92699082e-01 1.54691766e-01
56 1 3.92699082e-01 1.54166972e-01
57 1 3.92699082e-01 1.53483877e-01
58 1 3.92699082e-01 1.54206904e-01
59 1 3.92699082e-01 1.54926393e-01
60 1 3.92699082e-01 1.53156934e-01
61 1 3.92699082e-01 1.53970976e-01
62 1 3.92699082e-01 1.53177578e-01
63 1 3.92699082e-01 1.53011515e-01
64 1 3.92699082e-01 1.53294167e-01
65 1 3.92699082e-01 1.54145409e-01
66 1 3.92699082e-01 1.55733842e-01
67 1 3.92699082e-01 1.52701585e-01
68 1 3.92699082e-01 1.53945577e-01
69 1 3.92699082e-01 1.54235902e-01
70 1 3.92699082e-01 1.53017528e-01
71 1 3.92699082e-01 1.52983264e-01
72 1 3.92699082e-01 1.52906085e-01
73 1 3.92699082e-01 1.55677717e-01
74 1 3.92699082e-01 1.55640289e-01
75 1 3.92699082e-01 1.54153212e-01
76 1 3.92699082e-01 1.53540118e-01
77 1 3.92699082e-01 1.52434752e-01
78 1 3.92699082e-01 1.53751283e-01
79 1 3.92699082e-01 1.53918037e-01
80 1 3.92699082e-01 1.53548787e-01
81 1 3.92699082e-01 1.53920744e-01
82 1 3.92699082e-01 1.52756407e-01
83 1 3.92699082e-01 1.54013279e-01
84 1 3.92699082e-01 1.53295519e-01
85 1 3.92699082e-01 1.55781856e-01
86 1 3.92699082e-01 1.53481478e-01
87 1 3.92699082e-01 1.53967540e-01
88 1 3.92699082e-01 1.54164552e-01
89 1 3.92699082e-01 1.53089755e-01
90 1 3.92699082e-01 1.54022172e-01
91 1 3.92699082e-01 1.53517647e-01
92 1 3.92699082e-01 1.53976823e-01
93 1 3.92699082e-01 1.54913736e-01
94 1 3.92699082e-01 1.54177801e-01
95 1 3.92699082e-01 1.54283021e-01
96 1 3.92699082e-01 1.54499921e-01
97 1 3.92699082e-01 1.55071274e-01
98 1 3.92699082e-01 1.53438458e-01
99 1 3.92699082e-01 1.54805264e-01
100 1 3.92699082e-01 1.54249320e-01
101 1 3.92699082e-01 1.53828697e-01
102 1 3.92699082e-01 1.54335205e-01
103 1 3.92699082e-01 1.54491749e-01
104 1 3.92699082e-01 1.53885255e-01
105 1 3.92699082e-01 1.53946942e-01
106 1 3.92699082e-01 1.53606207e-01
107 1 3.92699082e-01 1.53487226e-01
108 1 3.92699082e-01 1.53697870e-01
109 1 3.92699082e-01 1.53679435e-01
110 1 3.92699082e-01 1.52921173e-01
111 1 3.92699082e-01 1.52639693e-01
112 1 3.92699082e-01 1.53520796e-01
113 1 3.92699082e-01 1.53538051e-01
114 1 3.92699082e-01 1.53717808e-01
115 1 3.92699082e-01 1.52479011e-01
116 1 3.92699082e-01 1.53607737e-01
117 1 3.92699082e-01 1.54713541e-01
118 1 3.92699082e-01 1.53848187e-01
119 1 3.92699082e-01 1.53638952e-01
120 1 3.92699082e-01 1.51858360e-01
121 1 3.92699082e-01 1.54062819e-01
122 1 3.92699082e-01 1.52769071e-01
123 1 3.92699082e-01 1.54180979e-01
124 1 3.92699082e-01 1.53963833e-01
125 1 3.92699082e-01 1.53069648e-01
126 1 3.92699082e-01 1.54252290e-01
127 1 3.92699082e-01 1.53799123e-01
128 1 3.92699082e-01 1.54345154e-01
129 1 3.92699082e-01 1.51893318e-01
130 1 3.92699082e-01 1.53877397e-01
131 1 3.92699082e-01 1.54655854e-01
132 1 3.92699082e-01 1.52595642e-01
133 1 3.92699082e-01 1.53960057e-01
134 1 3.92699082e-01 1.54780741e-01
135 1 3.92699082e-01 1.53688135e-01
136 1 3.92699082e-01 1.53583752e-01
137 1 3.92699082e-01 1.54110047e-01
138 1 3.92699082e-01 1.54526664e-01
139 1 3.92699082e-01 1.54361902e-01
140 1 3.92699082e-01 1.54379839e-01
141 1 3.92699082e-01 1.53058134e-01
142 1 3.92699082e-01 1.52567247e-01
143 1 3.92699082e-01 1.53528941e-01
144 1 3.92699082e-01 1.54311654e-01
145 1 3.92699082e-01 1.54799492e-01
146 1 3.92699082e-01 1.53732903e-01
147 1 3.92699082e-01 1.53651735e-01
148 1 3.92699082e-01 1.53885346e-01
149 1 3.92699082e-01 1.53896925e-01
150 1 3.92699082e-01 1.53507335e-01
151 1 3.92699082e-01 1.52458261e-01
152 1 3.92699082e-01 1.52525327e-01
153 1 3.92699082e-01 1.53475325e-01
154 1 3.92699082e-01 1.54867007e-01
155 1 3.92699082e-01 1.54236479e-01
156 1 3.92699082e-01 1.54463528e-01
157 1 3.92699082e-01 1.52349463e-01
158 1 3.92699082e-01 1.54392375e-01
159 1 3.92699082e-01 1.52823893e-01
160 1 3.92699082e-01 1.53674739e-01
161 1 3.92699082e-01 1.53380608e-01
162 1 3.92699082e-01 1.52852710e-01
163 1 3.92699082e-01 1.54835677e-01
164 1 3.92699082e-01 1.53788164e-01
165 1 3.92699082e-01 1.53708000e-01
166 1 3.92699082e-01 1.54858180e-01
167 1 3.92699082e-01 1.54579177e-01
168 1 3.92699082e-01 1.53520891e-01
169 1 3.92699082e-01 1.54476364e-01
170 1 3.92699082e-01 1.54128001e-01
171 1 3.92699082e-01 1.53384181e-01
172 1 3.92699082e-01 1.54085477e-01
173 1 3.92699082e-01 1.53385967e-01
174 1 3.92699082e-01 1.54274894e-01
175 1 3.92699082e-01 1.54997329e-01
176 1 3.92699082e-01 1.54048073e-01
177 1 3.92699082e-01 1.53619572e-01
178 1 3.92699082e-01 1.53478506e-01
179 1 3.92699082e-01 1.54136430e-01
180 1 3.92699082e-01 1.53580539e-01
181 1 3.92699082e-01 1.54243946e-01
182 1 3.92699082e-01 1.53155341e-01
183 1 3.92699082e-01 1.54504791e-01
184 1 3.92699082e-01 1.53201417e-01
185 1 3.92699082e-01 1.52127054e-01
186 1 3.92699082e-01 1.53823707e-01
187 1 3.92699082e-01 1.55402481e-01
188 1 3.92699082e-01 1.53292603e-01
189 1 3.92699082e-01 1.54620162e-01
190 1 3.92699082e-01 1.53678636e-01
191 1 3.92699082e-01 1.54098948e-01
192 1 3.92699082e-01 1.54044697e-01
193 1 3.92699082e-01 1.54070764e-01
194 1 3.92699082e-01 1.53146962e-01
195 1 3.92699082e-01 1.53605584e-01
196 1 3.92699082e-01 1.53658509e-01
197 1 3.92699082e-01 1.53716854e-01
198 1 3.92699082e-01 1.52726504e-01
199 1 3.92699082e-01 1.53510607e-01
200 1 3.92699082e-01 1.54316630e-01
201 1 3.92699082e-01 1.52919023e-01
202 1 3.92699082e-01 1.52821473e-01
203 1 3.92699082e-01 1.53579876e-01
204 1 3.92699082e-01 1.53304947e-01
205 1 3.92699082e-01 1.54017363e-01
206 1 3.92699082e-01 1.53716202e-01
207 1 3.92699082e-01 1.53802706e-01
208 1 3.92699082e-01 1.53863199e-01
209 1 3.92699082e-01 1.54558987e-01
210 1 3.92699082e-01 1.53014724e-01
211 1 3.92699082e-01 1.53148543e-01
212 1 3.92699082e-01 1.52728141e-01
213 1 3.92699082e-01 1.53005625e-01
214 1 3.92699082e-01 1.53714451e-01
215 1 3.92699082e-01 1.53778275e-01
216 1 3.92699082e-01 1.54941974e-01
217 1 3.92699082e-01 1.55803317e-01
218 1 3.92699082e-01 1.54050328e-01
219 1 3.92699082e-01 1.54557128e-01
220 1 3.92699082e-01 1.53636049e-01
221 1 3.92699082e-01 1.54842020e-01
222 1 3.92699082e-01 1.52656217e-01
223 1 3.92699082e-01 1.54747684e-01
224 1 3.92699082e-01 1.53672838e-01
225 1 3.92699082e-01 1.53252651e-01
226 1 3.92699082e-01 1.53532159e-01
227 1 3.92699082e-01 1.53907671e-01
228 1 3.92699082e-01 1.54159968e-01
229 1 3.92699082e-01 1.53753142e-01
230 1 3.92699082e-01 1.53451424e-01
231 1 3.92699082e-01 1.53609125e-01
232 1 3.92699082e-01 1.54220800e-01
233 1 3.92699082e-01 1.52916746e-01
234 1 3.92699082e-01 1.54578322e-01
235 1 3.92699082e-01 1.54011603e-01
236 1 3.92699082e-01 1.53950243e-01
237 1 3.92699082e-01 1.55738797e-01
238 1 3.92699082e-01 1.53601659e-01
239 1 3.92699082e-01 1.54528181e-01
240 1 3.92699082e-01 1.54467834e-01
241 1 3.92699082e-01 1.54235727e-01
242 1 3.92699082e-01 1.54365967e-01
243 1 3.92699082e-01 1.54389548e-01
244 1 3.92699082e-01 1.52858254e-01
245 1 3.92699082e-01 1.52644821e-01
246 1 3.92699082e-01 1.52990010e-01
247 1 3.92699082e-01 1.54470234e-01
248 1 3.92699082e-01 1.53290012e-01
249 1 3.92699082e-01 1.53803078e-01
250 1 3.92699082e-01 1.54379554e-01
251 1 3.92699082e-01 1.53860062e-01
252 1 3.92699082e-01 1.54146904e-01
253 1 3.92699082e-01 1.54016892e-01
254 1 3.92699082e-01 1.54860904e-01
255 1 3.92699082e-01 1.53274678e-01
256 1 3.92699082e-01 1.54199995e-01
257 1 3.92699082e-01 1.54116059e-01
258 1 3.92699082e-01 1.53219853e-01
259 1 3.92699082e-01 1.53610852e-01
260 1 3.92699082e-01 1.53398729e-01
261 1 3.92699082e-01 1.54348605e-01
262 1 3.92699082e-01 1.54130672e-01
263 1 3.92699082e-01 1.52855795e-01
264 1 3.92699082e-01 1.53038019e-01
265 1 3.92699082e-01 1.54825585e-01
266 1 3.92699082e-01 1.53230456e-01
267 1 3.92699082e-01 1.54029374e-01
268 1 3.92699082e-01 1.51834601e-01
269 1 3.92699082e-01 1.54498328e-01
270 1 3.92699082e-01 1.53700545e-01
271 1 3.92699082e-01 1.55746699e-01
272 1 3.92699082e-01 1.53618818e-01
273 1 3.92699082e-01 1.53871021e-01
274 1 3.92699082e-01 1.52848887e-01
275 1 3.92699082e-01 1.54481725e-01
276 1 3.92699082e-01 1.53567728e-01
277 1 3.92699082e-01 1.53648599e-01
278 1 3.92699082e-01 1.54482828e-01
279 1 3.92699082e-01 1.53628868e-01
280 1 3.92699082e-01 1.52750810e-01
281 1 3.92699082e-01 1.53497180e-01
282 1 3.92699082e-01 1.53844972e-01
283 1 3.92699082e-01 1.54009066e-01
284 1 3.92699082e-01 1.52835599e-01
285 1 3.92699082e-01 1.53534610e-01
286 1 3.92699082e-01 1.51970540e-01
287 1 3.92699082e-01 1.53103776e-01
288 1 3.92699082e-01 1.54728859e-01
289 1 3.92699082e-01 1.54424531e-01
290 1 3.92699082e-01 1.53586066e-01
291 1 3.92699082e-01 1.52456722e-01
292 1 3.92699082e-01 1.54590586e-01
293 1 3.92699082e-01 1.55719210e-01
294 1 3.92699082e-01 1.54146982e-01
295 1 3.92699082e-01 1.53809846e-01
296 1 3.92699082e-01 1.54491747e-01
297 1 3.92699082e-01 1.54142597e-01
298 1 3.92699082e-01 1.53150388e-01
299 1 3.92699082e-01 1.52465947e-01
300 1 3.92699082e-01 1.54732784e-01
301 1 3.92699082e-01 1.54310313e-01
302 1 3.92699082e-01 1.53539086e-01
303 1 3.92699082e-01 1.52742075e-01
304 1 3.92699082e-01 1.54992251e-01
305 1 3.92699082e-01 1.53596229e-01
306 1 3.92699082e-01 1.52929529e-01
307 1 3.92699082e-01 1.53398003e-01
308 1 3.92699082e-01 1.53831989e-01
309 1 3.92699082e-01 1.54234593e-01
310 1 3.92699082e-01 1.52514122e-01
311 1 3.92699082e-01 1.53262771e-01
312 1 3.92699082e-01 1.54239416e-01
313 1 3.92699082e-01 1.53333743e-01
314 1 3.92699082e-01 1.55007302e-01
315 1 3.92699082e-01 1.52265007e-01
316 1 3.92699082e-01 1.52851717e-01
317 1 3.92699082e-01 1.53584744e-01
318 1 3.92699082e-01 1.52697116e-01
319 1 3.92699082e-01 1.54032277e-01
320 1 3.92699082e-01 1.52186757e-01
321 1 3.92699082e-01 1.53377495e-01
322 1 3.92699082e-01 1.54381786e-01
323 1 3.92699082e-01 1.53222523e-01
324 1 3.92699082e-01 1.53848905e-01
325 1 3.92699082e-01 1.54425136e-01
326 1 3.92699082e-01 1.53813293e-01
327 1 3.92699082e-01 1.54473910e-01
328 1 3.92699082e-01 1.53566615e-01
329 1 3.92699082e-01 1.54523384e-01
330 1 3.92699082e-01 1.53947360e-01
331 1 3.92699082e-01 1.54728930e-01
332 1 3.92699082e-01 1.54835072e-01
333 1 3.92699082e-01 1.51623715e-01
334 1 3.92699082e-01 1.52250992e-01
335 1 3.92699082e-01 1.54744488e-01
336 1 3.92699082e-01 1.53623172e-01
337 1 3.92699082e-01 1.54256678e-01
338 1 3.92699082e-01 1.53058898e-01
339 1 3.92699082e-01 1.53777677e-01
340 1 3.92699082e-01 1.52900403e-01
341 1 3.92699082e-01 1.53962399e-01
342 1 3.92699082e-01 1.53970682e-01
343 1 3.92699082e-01 1.53312235e-01
344 1 3.92699082e-01 1.53095255e-01
345 1 3.92699082e-01 1.52921181e-01
346 1 3.92699082e-01 1.53551378e-01
347 1 3.92699082e-01 1.53374230e-01
348 1 3.92699082e-01 1.53338288e-01
349 1 3.92699082e-01 1.55062162e-01
350 1 3.92699082e-01 1.53363655e-01
351 1 3.92699082e-01 1.52712053e-01
352 1 3.92699082e-01 1.53886468e-01
353 1 3.92699082e-01 1.53653979e-01
354 1 3.92699082e-01 1.54293697e-01
355 1 3.92699082e-01 1.53183755e-01
356 1 3.92699082e-01 1.53524936e-01
357 1 3.92699082e-01 1.54886370e-01
358 1 3.92699082e-01 1.53821387e-01
359 1 3.92699082e-01 1.53831197e-01
360 1 3.92699082e-01 1.52895549e-01
361 1 3.92699082e-01 1.53360451e-01
362 1 3.92699082e-01 1.52529209e-01
363 1 3.92699082e-01 1.53763939e-01
364 1 3.92699082e-01 1.53193991e-01
365 1 3.92699082e-01 1.52909139e-01
366 1 3.92699082e-01 1.54241706e-01
367 1 3.92699082e-01 1.53782428e-01
368 1 3.92699082e-01 1.52904177e-01
369 1 3.92699082e-01 1.52555147e-01
370 1 3.92699082e-01 1.53474646e-01
371 1 3.92699082e-01 1.54169641e-01
372 1 3.92699082e-01 1.54323975e-01
373 1 3.92699082e-01 1.53053777e-01
374 1 3.92699082e-01 1.52621422e-01
375 1 3.92699082e-01 1.52904884e-01
376 1 3.92699082e-01 1.53022964e-01
377 1 3.92699082e-01 1.54030477e-01
378 1 3.92699082e-01 1.54115783e-01
379 1 3.92699082e-01 1.53556414e-01
380 1 3.92699082e-01 1.53455632e-01
381 1 3.92699082e-01 1.52671958e-01
382 1 3.92699082e-01 1.54106300e-01
383 1 3.92699082e-01 1.54555748e-01
384 1 3.92699082e-01 1.53876872e-01
385 1 3.92699082e-01 1.52812327e-01
386 1 3.92699082e-01 1.53534865e-01
387 1 3.92699082e-01 1.53072105e-01
388 1 3.92699082e-01 1.54153980e-01
389 1 3.92699082e-01 1.54344982e-01
390 1 3.92699082e-01 1.55028518e-01
391 1 3.92699082e-01 1.53042157e-01
392 1 3.92699082e-01 1.54025492e-01
393 1 3.92699082e-01 1.54044845e-01
394 1 3.92699082e-01 1.53821082e-01
395 1 3.92699082e-01 1.53330986e-01
396 1 3.92699082e-01 1.51786886e-01
397 1 3.92699082e-01 1.53531661e-01
398 1 3.92699082e-01 1.54097495e-01
399 1 3.92699082e-01 1.53341603e-01
400 1 3.92699082e-01 1.53431447e-01
401 1 3.92699082e-01 1.51838722e-01
402 1 3.92699082e-01 1.54513849e-01
403 1 3.92699082e-01 1.54901818e-01
404 1 3.92699082e-01 1.52807819e-01
405 1 3.92699082e-01 1.53330317e-01
406 1 3.92699082e-01 1.54310602e-01
407 1 3.92699082e-01 1.55629735e-01
408 1 3.92699082e-01 1.54391972e-01
409 1 3.92699082e-01 1.53551984e-01
410 1 3.92699082e-01 1.53897095e-01
411 1 3.92699082e-01 1.55350949e-01
412 1 3.92699082e-01 1.54267948e-01
413 1 3.92699082e-01 1.53670718e-01
414 1 3.92699082e-01 1.53871885e-01
415 1 3.92699082e-01 1.54194838e-01
416 1 3.92699082e-01 1.54274395e-01
417 1 3.92699082e-01 1.53159908e-01
418 1 3.92699082e-01 1.54189376e-01
419 1 3.92699082e-01 1.53419508e-01
420 1 3.92699082e-01 1.53450193e-01
421 1 3.92699082e-01 1.53301576e-01
422 1 3.92699082e-01 1.54874500e-01
423 1 3.92699082e-01 1.54133998e-01
424 1 3.92699082e-01 1.52191190e-01
425 1 3.92699082e-01 1.54458820e-01
426 1 3.92699082e-01 1.54152031e-01
427 1 3.92699082e-01 1.52125705e-01
428 1 3.92699082e-01 1.53394575e-01
429 1 3.92699082e-01 1.54040569e-01
430 1 3.92699082e-01 1.53644785e-01
431 1 3.92699082e-01 1.53686516e-01
432 1 3.92699082e-01 1.53493091e-01
433 1 3.92699082e-01 1.53820529e-01
434 1 3.92699082e-01 1.52984062e-01
435 1 3.92699082e-01 1.53235768e-01
436 1 3.92699082e-01 1.52739683e-01
437 1 3.92699082e-01 1.53539707e-01
438 1 3.92699082e-01 1.53508093e-01
439 1 3.92699082e-01 1.53936432e-01
440 1 3.92699082e-01 1.53617067e-01
441 1 3.92699082e-01 1.53283692e-01
442 1 3.92699082e-01 1.53806299e-01
443 1 3.92699082e-01 1.53192580e-01
444 1 3.92699082e-01 1.53889267e-01
445 1 3.92699082e-01 1.53677186e-01
446 1 3.92699082e-01 1.53103871e-01
447 1 3.92699082e-01 1.55213932e-01
448 1 3.92699082e-01 1.53976981e-01
449 1 3.92699082e-01 1.54038466e-01
450 1 3.92699082e-01 1.54334578e-01
451 1 3.92699082e-01 1.53913093e-01
452 1 3.92699082e-01 1.54076084e-01
453 1 3.92699082e-01 1.52605161e-01
454 1 3.92699082e-01 1.53287495e-01
455 1 3.92699082e-01 1.53624638e-01
456 1 3.92699082e-01 1.53524958e-01
457 1 3.92699082e-01 1.53994292e-01
458 1 3.92699082e-01 1.55073690e-01
459 1 3.92699082e-01 1.53560614e-01
460 1 3.92699082e-01 1.54301650e-01
461 1 3.92699082e-01 1.53332605e-01
462 1 3.92699082e-01 1.53427308e-01
463 1 3.92699082e-01 1.52817041e-01
464 1 3.92699082e-01 1.54061282e-01
465 1 3.92699082e-01 1.53216284e-01
466 1 3.92699082e-01 1.52858922e-01
467 1 3.92699082e-01 1.53744793e-01
468 1 3.92699082e-01 1.53496862e-01
469 1 3.92699082e-01 1.54030212e-01
470 1 3.92699082e-01 1.54215800e-01
471 1 3.92699082e-01 1.53512265e-01
472 1 3.92699082e-01 1.54565907e-01
473 1 3.92699082e-01 1.56207834e-01
474 1 3.92699082e-01 1.54081493e-01
475 1 3.92699082e-01 1.54386685e-01
476 1 3.92699082e-01 1.54203431e-01
477 1 3.92699082e-01 1.54780754e-01
478 1 3.92699082e-01 1.54344929e-01
479 1 3.92699082e-01 1.54097504e-01
480 1 3.92699082e-01 1.54467287e-01
481 1 3.92699082e-01 1.53701567e-01
482 1 3.92699082e-01 1.53104857e-01
483 1 3.92699082e-01 1.55005112e-01
484 1 3.92699082e-01 1.53242684e-01
485 1 3.92699082e-01 1.53984064e-01
486 1 3.92699082e-01 1.53877807e-01
487 1 3.92699082e-01 1.53309094e-01
488 1 3.92699082e-01 1.53669578e-01
489 1 3.92699082e-01 1.53506905e-01
490 1 3.92699082e-01 1.54126481e-01
491 1 3.92699082e-01 1.53311568e-01
492 1 3.92699082e-01 1.55537159e-01
493 1 3.92699082e-01 1.54065032e-01
494 1 3.92699082e-01 1.53806507e-01
495 1 3.92699082e-01 1.53082099e-01
496 1 3.92699082e-01 1.53490948e-01
497 1 3.92699082e-01 1.52550464e-01
498 1 3.92699082e-01 1.54476996e-01
499 1 3.92699082e-01 1.54476663e-01
500 1 3.92699082e-01 1.52250239e-01
501 1 3.92699082e-01 1.53575249e-01
502 1 3.92699082e-01 1.54018182e-01
503 1 3.92699082e-01 1.54087069e-01
504 1 3.92699082e-01 1.54253919e-01
505 1 3.92699082e-01 1.54072912e-01
506 1 3.92699082e-01 1.53992520e-01
507 1 3.92699082e-01 1.52107281e-01
508 1 3.92699082e-01 1.53480610e-01
509 1 3.92699082e-01 1.53787861e-01
510 1 3.92699082e-01 1.53019292e-01
511 1 3.92699082e-01 1.54090657e-01
512 1 3.92699082e-01 1.54277923e-01
513 1 3.92699082e-01 1.52504250e-01
514 1 3.92699082e-01 1.54459221e-01
515 1 3.92699082e-01 1.55266724e-01
516 1 3.92699082e-01 1.53634766e-01
517 1 3.92699082e-01 1.53943314e-01
518 1 3.92699082e-01 1.53821644e-01
519 1 3.92699082e-01 1.53367757e-01
520 1 3.92699082e-01 1.53633437e-01
521 1 3.92699082e-01 1.54788310e-01
522 1 3.92699082e-01 1.55005191e-01
523 1 3.92699082e-01 1.53385027e-01
524 1 3.92699082e-01 1.54475082e-01
525 1 3.92699082e-01 1.54464124e-01
526 1 3.92699082e-01 1.53488089e-01
527 1 3.92699082e-01 1.54836867e-01
528 1 3.92699082e-01 1.53763651e-01
529 1 3.92699082e-01 1.53945713e-01
530 1 3.92699082e-01 1.54552649e-01
531 1 3.92699082e-01 1.52724933e-01
532 1 3.92699082e-01 1.52731827e-01
533 1 3.92699082e-01 1.53489766e-01
534 1 3.92699082e-01 1.53523270e-01
535 1 3.92699082e-01 1.52952849e-01
536 1 3.92699082e-01 1.53675030e-01
537 1 3.92699082e-01 1.53417194e-01
538 1 3.92699082e-01 1.53386421e-01
539 1 3.92699082e-01 1.53061199e-01
540 1 3.92699082e-01 1.53105116e-01
541 1 3.92699082e-01 1.54114979e-01
542 1 3.92699082e-01 1.54766845e-01
543 1 3.92699082e-01 1.53811288e-01
544 1 3.92699082e-01 1.53899819e-01
545 1 3.92699082e-01 1.54224207e-01
546 1 3.92699082e-01 1.54481585e-01
547 1 3.92699082e-01 1.52220412e-01
548 1 3.92699082e-01 1.53673938e-01
549 1 3.92699082e-01 1.53420047e-01
550 1 3.92699082e-01 1.54594494e-01
551 1 3.92699082e-01 1.55065241e-01
552 1 3.92699082e-01 1.54312139e-01
553 1 3.92699082e-01 1.54522714e-01
554 1 3.92699082e-01 1.53399671e-01
555 1 3.92699082e-01 1.52938722e-01
556 1 3.92699082e-01 1.54841710e-01
557 1 3.92699082e-01 1.54005444e-01
558 1 3.92699082e-01 1.54959877e-01
559 1 3.92699082e-01 1.52400707e-01
560 1 3.92699082e-01 1.52285347e-01
561 1 3.92699082e-01 1.53070574e-01
562 1 3.92699082e-01 1.52779240e-01
563 1 3.92699082e-01 1.52776064e-01
564 1 3.92699082e-01 1.53783316e-01
565 1 3.92699082e-01 1.54212306e-01
566 1 3.92699082e-01 1.54355204e-01
567 1 3.92699082e-01 1.54864627e-01
568 1 3.92699082e-01 1.54241811e-01
569 1 3.92699082e-01 1.53898848e-01
570 1 3.92699082e-01 1.53725714e-01
571 1 3.92699082e-01 1.54573608e-01
572 1 3.92699082e-01 1.54213415e-01
573 1 3.92699082e-01 1.53409556e-01
574 1 3.92699082e-01 1.53388592e-01
575 1 3.92699082e-01 1.53829100e-01
576 1 3.92699082e-01 1.53705443e-01
577 1 3.92699082e-01 1.53496930e-01
578 1 3.92699082e-01 1.54023088e-01
579 1 3.92699082e-01 1.55231150e-01
580 1 3.92699082e-01 1.54486879e-01
581 1 3.92699082e-01 1.54740513e-01
582 1 3.92699082e-01 1.54766044e-01
583 1 3.92699082e-01 1.53306271e-01
584 1 3.92699082e-01 1.53703379e-01
585 1 3.92699082e-01 1.52352495e-01
586 1 3.92699082e-01 1.52930859e-01
587 1 3.92699082e-01 1.53226352e-01
588 1 3.92699082e-01 1.53246041e-01
589 1 3.92699082e-01 1.52581273e-01
590 1 3.92699082e-01 1.54399748e-01
591 1 3.92699082e-01 1.54757985e-01
592 1 3.92699082e-01 1.55037014e-01
593 1 3.92699082e-01 1.53825157e-01
594 1 3.92699082e-01 1.53700504e-01
595 1 3.92699082e-01 1.53866286e-01
596 1 3.92699082e-01 1.53752527e-01
597 1 3.92699082e-01 1.53206325e-01
598 1 3.92699082e-01 1.52857484e-01
599 1 3.92699082e-01 1.54181912e-01
600 1 3.92699082e-01 1.54150466e-01
601 1 3.92699082e-01 1.53536890e-01
602 1 3.92699082e-01 1.54115320e-01
603 1 3.92699082e-01 1.53624112e-01
604 1 3.92699082e-01 1.54255322e-01
605 1 3.92699082e-01 1.53406830e-01
606 1 3.92699082e-01 1.54379391e-01
607 1 3.92699082e-01 1.53507519e-01
608 1 3.92699082e-01 1.54333860e-01
609 1 3.92699082e-01 1.54293654e-01
610 1 3.92699082e-01 1.55568275e-01
611 1 3.92699082e-01 1.53354489e-01
612 1 3.92699082e-01 1.53696543e-01
613 1 3.92699082e-01 1.53018307e-01
614 1 3.92699082e-01 1.54433653e-01
615 1 3.92699082e-01 1.52727641e-01
616 1 3.92699082e-01 1.54352952e-01
617 1 3.92699082e-01 1.54388526e-01
618 1 3.92699082e-01 1.54244539e-01
619 1 3.92699082e-01 1.54193806e-01
620 1 3.92699082e-01 1.54225166e-01
621 1 3.92699082e-01 1.54104884e-01
622 1 3.92699082e-01 1.53825693e-01
623 1 3.92699082e-01 1.53556216e-01
624 1 3.92699082e-01 1.53695799e-01
625 1 3.92699082e-01 1.53364835e-01
626 1 3.92699082e-01 1.53987394e-01
627 1 3.92699082e-01 1.53493293e-01
628 1 3.92699082e-01 1.54740717e-01
629 1 3.92699082e-01 1.52339966e-01
630 1 3.92699082e-01 1.53521797e-01
631 1 3.92699082e-01 1.54987591e-01
632 1 3.92699082e-01 1.53672260e-01
633 1 3.92699082e-01 1.54329171e-01
634 1 3.92699082e-01 1.52867487e-01
635 1 3.92699082e-01 1.53632200e-01
636 1 3.92699082e-01 1.53844944e-01
637 1 3.92699082e-01 1.53685404e-01
638 1 3.92699082e-01 1.53750870e-01
639 1 3.92699082e-01 1.52066434e-01
640 1 3.92699082e-01 1.54222552e-01
641 1 3.92699082e-01 1.54561013e-01
642 1 3.92699082e-01 1.52389778e-01
643 1 3.92699082e-01 1.53098433e-01
644 1 3.92699082e-01 1.53779205e-01
645 1 3.92699082e-01 1.53270295e-01
646 1 3.92699082e-01 1.53840141e-01
647 1 3.92699082e-01 1.54905293e-01
648 1 3.92699082e-01 1.53836400e-01
649 1 3.92699082e-01 1.53616948e-01
650 1 3.92699082e-01 1.54399627e-01
651 1 3.92699082e-01 1.53463716e-01
652 1 3.92699082e-01 1.53132161e-01
653 1 3.92699082e-01 1.54798776e-01
654 1 3.92699082e-01 1.54051643e-01
655 1 3.92699082e-01 1.53404884e-01
656 1 3.92699082e-01 1.53836532e-01
657 1 3.92699082e-01 1.54407333e-01
658 1 3.92699082e-01 1.53717994e-01
659 1 3.92699082e-01 1.53568587e-01
660 1 3.92699082e-01 1.54394619e-01
661 1 3.92699082e-01 1.53771386e-01
662 1 3.92699082e-01 1.54939752e-01
663 1 3.92699082e-01 1.54967625e-01
664 1 3.92699082e-01 1.54107612e-01
665 1 3.92699082e-01 1.53291748e-01
666 1 3.92699082e-01 1.54827852e-01
667 1 3.92699082e-01 1.55013719e-01
668 1 3.92699082e-01 1.53202636e-01
669 1 3.92699082e-01 1.53514497e-01
670 1 3.92699082e-01 1.53590256e-01
671 1 3.92699082e-01 1.52901718e-01
672 1 3.92699082e-01 1.53085228e-01
673 1 3.92699082e-01 1.55023779e-01
674 1 3.92699082e-01 1.54202935e-01
675 1 3.92699082e-01 1.53245789e-01
676 1 3.92699082e-01 1.53372017e-01
677 1 3.92699082e-01 1.55309719e-01
678 1 3.92699082e-01 1.53917868e-01
679 1 3.92699082e-01 1.53233892e-01
680 1 3.92699082e-01 1.53460390e-01
681 1 3.92699082e-01 1.53824989e-01
682 1 3.92699082e-01 1.53506784e-01
683 1 3.92699082e-01 1.54389002e-01
684 1 3.92699082e-01 1.53508692e-01
685 1 3.92699082e-01 1.53437284e-01
686 1 3.92699082e-01 1.53822830e-01
687 1 3.92699082e-01 1.53212193e-01
688 1 3.92699082e-01 1.54170642e-01
689 1 3.92699082e-01 1.53887135e-01
690 1 3.92699082e-01 1.53034586e-01
691 1 3.92699082e-01 1.53687954e-01
692 1 3.92699082e-01 1.54417372e-01
693 1 3.92699082e-01 1.53063331e-01
694 1 3.92699082e-01 1.53195026e-01
695 1 3.92699082e-01 1.52510052e-01
696 1 3.92699082e-01 1.54804507e-01
697 1 3.92699082e-01 1.54636841e-01
698 1 3.92699082e-01 1.54273673e-01
699 1 3.92699082e-01 1.53511428e-01
700 1 3.92699082e-01 1.53985618e-01
701 1 3.92699082e-01 1.53799259e-01
702 1 3.92699082e-01 1.53668951e-01
703 1 3.92699082e-01 1.53083614e-01
704 1 3.92699082e-01 1.55135724e-01
705 1 3.92699082e-01 1.52499706e-01
706 1 3.92699082e-01 1.55635717e-01
707 1 3.92699082e-01 1.54259205e-01
708 1 3.92699082e-01 1.53345522e-01
709 1 3.92699082e-01 1.53482799e-01
710 1 3.92699082e-01 1.53552461e-01
711 1 3.92699082e-01 1.53228873e-01
712 1 3.92699082e-01 1.55544007e-01
713 1 3.92699082e-01 1.52885919e-01
714 1 3.92699082e-01 1.54003175e-01
715 1 3.92699082e-01 1.54430324e-01
716 1 3.92699082e-01 1.54176573e-01
717 1 3.92699082e-01 1.53503011e-01
718 1 3.92699082e-01 1.55036851e-01
719 1 3.92699082e-01 1.53178016e-01
720 1 3.92699082e-01 1.54314183e-01
721 1 3.92699082e-01 1.52871838e-01
722 1 3.92699082e-01 1.54048709e-01
723 1 3.92699082e-01 1.54156731e-01
724 1 3.92699082e-01 1.53855225e-01
725 1 3.92699082e-01 1.53482404e-01
726 1 3.92699082e-01 1.53845998e-01
727 1 3.92699082e-01 1.54892170e-01
728 1 3.92699082e-01 1.53240888e-01
729 1 3.92699082e-01 1.53734274e-01
730 1 3.92699082e-01 1.52582324e-01
731 1 3.92699082e-01 1.53435895e-01
732 1 3.92699082e-01 1.53338823e-01
733 1 3.92699082e-01 1.53693428e-01
734 1 3.92699082e-01 1.54185253e-01
735 1 3.92699082e-01 1.54122436e-01
736 1 3.92699082e-01 1.53556529e-01
737 1 3.92699082e-01 1.52237299e-01
738 1 3.92699082e-01 1.53547537e-01
739 1 3.92699082e-01 1.55141246e-01
740 1 3.92699082e-01 1.52658193e-01
741 1 3.92699082e-01 1.53158179e-01
742 1 3.92699082e-01 1.54245566e-01
743 1 3.92699082e-01 1.52790706e-01
744 1 3.92699082e-01 1.52121563e-01
745 1 3.92699082e-01 1.54058807e-01
746 1 3.92699082e-01 1.54389659e-01
747 1 3.92699082e-01 1.56624251e-01
748 1 3.92699082e-01 1.54099186e-01
749 1 3.92699082e-01 1.55325983e-01
750 1 3.92699082e-01 1.53160994e-01
751 1 3.92699082e-01 1.53989243e-01
752 1 3.92699082e-01 1.52723679e-01
753 1 3.92699082e-01 1.53900032e-01
754 1 3.92699082e-01 1.54689594e-01
755 1 3.92699082e-01 1.53421251e-01
756 1 3.92699082e-01 1.54942807e-01
757 1 3.92699082e-01 1.54812919e-01
758 1 3.92699082e-01 1.53526816e-01
759 1 3.92699082e-01 1.54720051e-01
760 1 3.92699082e-01 1.53796976e-01
761 1 3.92699082e-01 1.54508003e-01
762 1 3.92699082e-01 1.53882107e-01
763 1 3.92699082e-01 1.53507577e-01
764 1 3.92699082e-01 1.53392283e-01
765 1 3.92699082e-01 1.53008675e-01
766 1 3.92699082e-01 1.54957244e-01
767 1 3.92699082e-01 1.55089813e-01
768 1 3.92699082e-01 1.53843324e-01
769 1 3.92699082e-01 1.53671984e-01
770 1 3.92699082e-01 1.54004095e-01
771 1 3.92699082e-01 1.53737528e-01
772 1 3.92699082e-01 1.53811125e-01
773 1 3.92699082e-01 1.52086532e-01
774 1 3.92699082e-01 1.54415271e-01
775 1 3.92699082e-01 1.53845319e-01
776 1 3.92699082e-01 1.54616464e-01
777 1 3.92699082e-01 1.53707092e-01
778 1 3.92699082e-01 1.54056540e-01
779 1 3.92699082e-01 1.53746619e-01
780 1 3.92699082e-01 1.52350570e-01
781 1 3.92699082e-01 1.55088561e-01
782 1 3.92699082e-01 1.54760400e-01
783 1 3.92699082e-01 1.53179656e-01
784 1 3.92699082e-01 1.53767650e-01
785 1 3.92699082e-01 1.54045659e-01
786 1 3.92699082e-01 1.53169294e-01
787 1 3.92699082e-01 1.53962438e-01
788 1 3.92699082e-01 1.52989514e-01
789 1 3.92699082e-01 1.52509325e-01
790 1 3.92699082e-01 1.52520578e-01
791 1 3.92699082e-01 1.51906334e-01
792 1 3.92699082e-01 1.54204556e-01
793 1 3.92699082e-01 1.53076779e-01
794 1 3.92699082e-01 1.53192841e-01
795 1 3.92699082e-01 1.54289854e-01
796 1 3.92699082e-01 1.53448682e-01
797 1 3.92699082e-01 1.54355692e-01
798 1 3.92699082e-01 1.53266410e-01
799 1 3.92699082e-01 1.53738394e-01
800 1 3.92699082e-01 1.53132196e-01
801 1 3.92699082e-01 1.53958001e-01
802 1 3.92699082e-01 1.53276958e-01
803 1 3.92699082e-01 1.54690223e-01
804 1 3.92699082e-01 1.54157996e-01
805 1 3.92699082e-01 1.54091241e-01
806 1 3.92699082e-01 1.52016789e-01
807 1 3.92699082e-01 1.54211627e-01
808 1 3.92699082e-01 1.53349259e-01
809 1 3.92699082e-01 1.53412679e-01
810 1 3.92699082e-01 1.53242491e-01
811 1 3.92699082e-01 1.53955401e-01
812 1 3.92699082e-01 1.54498539e-01
813 1 3.92699082e-01 1.53007212e-01
814 1 3.92699082e-01 1.54125515e-01
815 1 3.92699082e-01 1.53445469e-01
816 1 3.92699082e-01 1.55758193e-01
817 1 3.92699082e-01 1.54289483e-01
818 1 3.92699082e-01 1.53884691e-01
819 1 3.92699082e-01 1.54710979e-01
820 1 3.92699082e-01 1.53225420e-01
821 1 3.92699082e-01 1.52674815e-01
822 1 3.92699082e-01 1.53421738e-01
823 1 3.92699082e-01 1.53641206e-01
824 1 3.92699082e-01 1.54161194e-01
825 1 3.92699082e-01 1.53663148e-01
826 1 3.92699082e-01 1.53847392e-01
827 1 3.92699082e-01 1.53821699e-01
828 1 3.92699082e-01 1.53760511e-01
829 1 3.92699082e-01 1.54543438e-01
830 1 3.92699082e-01 1.53089249e-01
831 1 3.92699082e-01 1.53289602e-01
832 1 3.92699082e-01 1.53326397e-01
833 1 3.92699082e-01 1.52929035e-01
834 1 3.92699082e-01 1.53191943e-01
835 1 3.92699082e-01 1.54735395e-01
836 1 3.92699082e-01 1.52747527e-01
837 1 3.92699082e-01 1.54114641e-01
838 1 3.92699082e-01 1.53307176e-01
839 1 3.92699082e-01 1.54432973e-01
840 1 3.92699082e-01 1.54740294e-01
841 1 3.92699082e-01 1.52965757e-01
842 1 3.92699082e-01 1.53179408e-01
843 1 3.92699082e-01 1.53752704e-01
844 1 3.92699082e-01 1.54196111e-01
845 1 3.92699082e-01 1.53582417e-01
846 1 3.92699082e-01 1.53087477e-01
847 1 3.92699082e-01 1.52818731e-01
848 1 3.92699082e-01 1.53218143e-01
849 1 3.92699082e-01 1.53422090e-01
850 1 3.92699082e-01 1.54414413e-01
851 1 3.92699082e-01 1.53635435e-01
852 1 3.92699082e-01 1.54379108e-01
853 1 3.92699082e-01 1.53605519e-01
854 1 3.92699082e-01 1.54871621e-01
855 1 3.92699082e-01 1.52023514e-01
856 1 3.92699082e-01 1.53634482e-01
857 1 3.92699082e-01 1.53316389e-01
858 1 3.92699082e-01 1.54153695e-01
859 1 3.92699082e-01 1.53585770e-01
860 1 3.92699082e-01 1.53375019e-01
861 1 3.92699082e-01 1.54209895e-01
862 1 3.92699082e-01 1.54406179e-01
863 1 3.92699082e-01 1.55014318e-01
864 1 3.92699082e-01 1.54662906e-01
865 1 3.92699082e-01 1.54356439e-01
866 1 3.92699082e-01 1.54619682e-01
867 1 3.92699082e-01 1.53903837e-01
868 1 3.92699082e-01 1.54300411e-01
869 1 3.92699082e-01 1.53942402e-01
870 1 3.92699082e-01 1.53760362e-01
871 1 3.92699082e-01 1.53424013e-01
872 1 3.92699082e-01 1.54874925e-01
873 1 3.92699082e-01 1.54929196e-01
874 1 3.92699082e-01 1.53768197e-01
875 1 3.92699082e-01 1.55002321e-01
876 1 3.92699082e-01 1.53177890e-01
877 1 3.92699082e-01 1.54085205e-01
878 1 3.92699082e-01 1.53841377e-01
879 1 3.92699082e-01 1.54204331e-01
880 1 3.92699082e-01 1.53041735e-01
881 1 3.92699082e-01 1.53572028e-01
882 1 3.92699082e-01 1.54339057e-01
883 1 3.92699082e-01 1.53684484e-01
884 1 3.92699082e-01 1.53402353e-01
885 1 3.92699082e-01 1.53686698e-01
886 1 3.92699082e-01 1.53799547e-01
887 1 3.92699082e-01 1.53346540e-01
888 1 3.92699082e-01 1.55359437e-01
889 1 3.92699082e-01 1.54793078e-01
890 1 3.92699082e-01 1.54600812e-01
891 1 3.92699082e-01 1.53786845e-01
892 1 3.92699082e-01 1.53974004e-01
893 1 3.92699082e-01 1.54071544e-01
894 1 3.92699082e-01 1.53164762e-01
895 1 3.92699082e-01 1.52765303e-01
896 1 3.92699082e-01 1.53923355e-01
897 1 3.92699082e-01 1.52955572e-01
898 1 3.92699082e-01 1.54626989e-01
899 1 3.92699082e-01 1.54070911e-01
0 2 7.85398163e-01 2.76916418e-01
1 2 7.85398163e-01 2.74398503e-01
2 2 7.85398163e-01 2.75417642e-01
3 2 7.85398163e-01 2.74752519e-01
4 2 7.85398163e-01 2.74761118e-01
5 2 7.85398163e-01 2.75163281e-01
6 2 7.85398163e-01 2.74598059e-01
7 2 7.85398163e-01 2.74287943e-01
8 2 7.85398163e-01 2.74361269e-01
9 2 7.85398163e-01 2.74360511e-01
10 2 7.85398163e-01 2.73277626e-01
11 2 7.85398163e-01 2.73739274e-01
12 2 7.85398163e-01 2.75979015e-01
13 2 7.85398163e-01 2.77803849e-01
14 2 7.85398163e-01 2.76194480e-01
15 2 7.85398163e-01 2.75596074e-01
16 2 7.85398163e-01 2.71781289e-01
17 2 7.85398163e-01 2.74058365e-01
18 2 7.85398163e-01 2.75334571e-01
19 2 7.85398163e-01 2.74300652e-01
20 2 7.85398163e-01 2.74100477e-01
21 2 7.85398163e-01 2.74263392e-01
22 2 7.85398163e-01 2.76413389e-01
23 2 7.85398163e-01 2.79204531e-01
24 2 7.85398163e-01 2.74482109e-01
25 2 7.85398163e-01 2.74302942e-01
26 2 7.85398163e-01 2.73803517e-01
27 2 7.85398163e-01 2.73036605e-01
28 2 7.85398163e-01 2.75956865e-01
29 2 7.85398163e-01 2.73891354e-01
30 2 7.85398163e-01 2.74455129e-01
31 2 7.85398163e-01 2.73932677e-01
32 2 7.85398163e-01 2.72835361e-01
33 2 7.85398163e-01 2.74445283e-01
34 2 7.85398163e-01 2.76637327e-01
35 2 7.85398163e-01 2.76482560e-01
36 2 7.85398163e-01 2.74453397e-01
37 2 7.85398163e-01 2.74535504e-01
38 2 7.85398163e-01 2.74130798e-01
39 2 7.85398163e-01 2.72414743e-01
40 2 7.85398163e-01 2.71250934e-01
41 2 7.85398163e-01 2.74720348e-01
42 2 7.85398163e-01 2.73347966e-01
43 2 7.85398163e-01 2.73868854e-01
44 2 7.85398163e-01 2.73918303e-01
45 2 7.85398163e-01 2.74492139e-01
46 2 7.85398163e-01 2.74103291e-01
47 2 7.85398163e-01 2.75224529e-01
48 2 7.85398163e-01 2.74069777e-01
49 2 7.85398163e-01 2.75394986e-01
50 2 7.85398163e-01 2.74722334e-01
51 2 7.85398163e-01 2.75241002e-01
52 2 7.85398163e-01 2.74154678e-01
53 2 7.85398163e-01 2.73101575e-01
54 2 7.85398163e-01 2.73911608e-01
55 2 7.85398163e-01 2.76024562e-01
56 2 7.85398163e-01 2.75106351e-01
57 2 7.85398163e-01 2.73753393e-01
58 2 7.85398163e-01 2.75128574e-01
59 2 7.85398163e-01 2.76721018e-01
60 2 7.85398163e-01 2.73115714e-01
61 2 7.85398163e-01 2.74694994e-01
62 2 7.85398163e-01 2.73214602e-01
63 2 7.85398163e-01 2.72783606e-01
64 2 7.85398163e-01 2.73482400e-01
65 2 7.85398163e-01 2.75185071e-01
66 2 7.85398163e-01 2.77933141e-01
67 2 7.85398163e-01 2.72206607e-01
68 2 7.85398163e-01 2.74561519e-01
69 2 7.85398163e-01 2.75568650e-01
70 2 7.85398163e-01 2.72929373e-01
71 2 7.85398163e-01 2.72912904e-01
72 2 7.85398163e-01 2.72727613e-01
73 2 7.85398163e-01 2.78097247e-01
74 2 7.85398163e-01 2.77999909e-01
75 2 7.85398163e-01 2.75155587e-01
76 2 7.85398163e-01 2.74079670e-01
77 2 7.85398163e-01 2.71982704e-01
78 2 7.85398163e-01 2.74700992e-01
79 2 7.85398163e-01 2.74779562e-01
80 2 7.85398163e-01 2.73992202e-01
81 2 7.85398163e-01 2.74517057e-01
82 2 7.85398163e-01 2.72560433e-01
83 2 7.85398163e-01 2.74915107e-01
84 2 7.85398163e-01 2.73488380e-01
85 2 7.85398163e-01 2.78112266e-01
86 2 7.85398163e-01 2.74057890e-01
87 2 7.85398163e-01 2.74754304e-01
88 2 7.85398163e-01 2.75065582e-01
89 2 7.85398163e-01 2.73041890e-01
90 2 7.85398163e-01 2.75010495e-01
91 2 7.85398163e-01 2.73983710e-01
92 2 7.85398163e-01 2.74820765e-01
93 2 7.85398163e-01 2.76454661e-01
94 2 7.85398163e-01 2.75103172e-01
95 2 7.85398163e-01 2.75460168e-01
96 2 7.85398163e-01 2.76049255e-01
97 2 7.85398163e-01 2.76782756e-01
98 2 7.85398163e-01 2.73674988e-01
99 2 7.85398163e-01 2.76296033e-01
100 2 7.85398163e-01 2.75118773e-01
101 2 7.85398163e-01 2.74479702e-01
102 2 7.85398163e-01 2.75657286e-01
103 2 7.85398163e-01 2.75545106e-01
104 2 7.85398163e-01 2.74458156e-01
105 2 7.85398163e-01 2.74651206e-01
106 2 7.85398163e-01 2.74074246e-01
107 2 7.85398163e-01 2.73955069e-01
108 2 7.85398163e-01 2.74310311e-01
109 2 7.85398163e-01 2.74043462e-01
110 2 7.85398163e-01 2.72943288e-01
111 2 7.85398163e-01 2.72434508e-01
112 2 7.85398163e-01 2.73959108e-01
113 2 7.85398163e-01 2.73910541e-01
114 2 7.85398163e-01 2.74323426e-01
115 2 7.85398163e-01 2.71946148e-01
116 2 7.85398163e-01 2.74063337e-01
117 2 7.85398163e-01 2.76263749e-01
118 2 7.85398163e-01 2.74574526e-01
119 2 7.85398163e-01 2.74239322e-01
120 2 7.85398163e-01 2.70763575e-01
121 2 7.85398163e-01 2.74841808e-01
122 2 7.85398163e-01 2.72454185e-01
123 2 7.85398163e-01 2.74952829e-01
124 2 7.85398163e-01 2.74841827e-01
125 2 7.85398163e-01 2.73043486e-01
126 2 7.85398163e-01 2.75426862e-01
127 2 7.85398163e-01 2.74416889e-01
128 2 7.85398163e-01 2.75566485e-01
129 2 7.85398163e-01 2.70935759e-01
130 2 7.85398163e-01 2.74615148e-01
131 2 7.85398163e-01 2.76032977e-01
132 2 7.85398163e-01 2.72365337e-01
133 2 7.85398163e-01 2.74547602e-01
134 2 7.85398163e-01 2.76284605e-01
135 2 7.85398163e-01 2.74109292e-01
136 2 7.85398163e-01 2.74072553e-01
137 2 7.85398163e-01 2.74692195e-01
138 2 7.85398163e-01 2.75822230e-01
139 2 7.85398163e-01 2.75308347e-01
140 2 7.85398163e-01 2.75496537e-01
141 2 7.85398163e-01 2.73126971e-01
142 2 7.85398163e-01 2.72046484e-01
143 2 7.85398163e-01 2.73726511e-01
144 2 7.85398163e-01 2.75367773e-01
145 2 7.85398163e-01 2.76204710e-01
146 2 7.85398163e-01 2.74385513e-01
147 2 7.85398163e-01 2.74158180e-01
148 2 7.85398163e-01 2.74602318e-01
149 2 7.85398163e-01 2.74199950e-01
150 2 7.85398163e-01 2.73789794e-01
151 2 7.85398163e-01 2.72126912e-01
152 2 7.85398163e-01 2.72039268e-01
153 2 7.85398163e-01 2.73820350e-01
154 2 7.85398163e-01 2.76560393e-01
155 2 7.85398163e-01 2.75178163e-01
156 2 7.85398163e-01 2.75850342e-01
157 2 7.85398163e-01 2.71714925e-01
158 2 7.85398163e-01 2.75511412e-01
159 2 7.85398163e-01 2.72657965e-01
160 2 7.85398163e-01 2.74110515e-01
161 2 7.85398163e-01 2.73631194e-01
162 2 7.85398163e-01 2.72665706e-01
163 2 7.85398163e-01 2.76282337e-01
164 2 7.85398163e-01 2.74380889e-01
165 2 7.85398163e-01 2.74355445e-01
166 2 7.85398163e-01 2.76367921e-01
167 2 7.85398163e-01 2.76035756e-01
168 2 7.85398163e-01 2.73952990e-01
169 2 7.85398163e-01 2.75622970e-01
170 2 7.85398163e-01 2.75076765e-01
171 2 7.85398163e-01 2.73713246e-01
172 2 7.85398163e-01 2.74920945e-01
173 2 7.85398163e-01 2.73607164e-01
174 2 7.85398163e-01 2.75262639e-01
175 2 7.85398163e-01 2.76441192e-01
176 2 7.85398163e-01 2.75031034e-01
177 2 7.85398163e-01 2.74067042e-01
178 2 7.85398163e-01 2.73964903e-01
179 2 7.85398163e-01 2.75434107e-01
180 2 7.85398163e-01 2.73948330e-01
181 2 7.85398163e-01 2.75668064e-01
182 2 7.85398163e-01 2.73382106e-01
183 2 7.85398163e-01 2.75769029e-01
184 2 7.85398163e-01 2.73226195e-01
185 2 7.85398163e-01 2.71358053e-01
186 2 7.85398163e-01 2.74444058e-01
187 2 7.85398163e-01 2.77378864e-01
188 2 7.85398163e-01 2.73546791e-01
189 2 7.85398163e-01 2.75862710e-01
190 2 7.85398163e-01 2.74191992e-01
191 2 7.85398163e-01 2.75210438e-01
192 2 7.85398163e-01 2.74940906e-01
193 2 7.85398163e-01 2.75023128e-01
194 2 7.85398163e-01 2.73004800e-01
195 2 7.85398163e-01 2.74111864e-01
196 2 7.85398163e-01 2.74021475e-01
197 2 7.85398163e-01 2.74128407e-01
198 2 7.85398163e-01 2.72516876e-01
199 2 7.85398163e-01 2.73862937e-01
200 2 7.85398163e-01 2.75323387e-01
201 2 7.85398163e-01 2.72945465e-01
202 2 7.85398163e-01 2.72557271e-01
203 2 7.85398163e-01 2.74139186e-01
204 2 7.85398163e-01 2.73660484e-01
205 2 7.85398163e-01 2.75026629e-01
206 2 7.85398163e-01 2.74180165e-01
207 2 7.85398163e-01 2.74478646e-01
208 2 7.85398163e-01 2.74613417e-01
209 2 7.85398163e-01 2.75792297e-01
210 2 7.85398163e-01 2.72678332e-01
211 2 7.85398163e-01 2.73065212e-01
212 2 7.85398163e-01 2.72528334e-01
213 2 7.85398163e-01 2.73074195e-01
214 2 7.85398163e-01 2.74216783e-01
215 2 7.85398163e-01 2.74276049e-01
216 2 7.85398163e-01 2.76721619e-01
217 2 7.85398163e-01 2.78113040e-01
218 2 7.85398163e-01 2.74996470e-01
219 2 7.85398163e-01 2.76103079e-01
220 2 7.85398163e-01 2.74166795e-01
221 2 7.85398163e-01 2.76519247e-01
222 2 7.85398163e-01 2.72233101e-01
223 2 7.85398163e-01 2.76116065e-01
224 2 7.85398163e-01 2.74173485e-01
225 2 7.85398163e-01 2.73589541e-01
226 2 7.85398163e-01 2.73897527e-01
227 2 7.85398163e-01 2.74691934e-01
228 2 7.85398163e-01 2.75231947e-01
229 2 7.85398163e-01 2.74272563e-01
230 2 7.85398163e-01 2.73623454e-01
231 2 7.85398163e-01 2.73920300e-01
232 2 7.85398163e-01 2.75400731e-01
233 2 7.85398163e-01 2.72907213e-01
234 2 7.85398163e-01 2.75847645e-01
235 2 7.85398163e-01 2.74910178e-01
236 2 7.85398163e-01 2.74902817e-01
237 2 7.85398163e-01 2.78047657e-01
238 2 7.85398163e-01 2.74057260e-01
239 2 7.85398163e-01 2.75731664e-01
240 2 7.85398163e-01 2.75632554e-01
241 2 7.85398163e-01 2.75228972e-01
242 2 7.85398163e-01 2.75543905e-01
243 2 7.85398163e-01 2.75568670e-01
244 2 7.85398163e-01 2.72603295e-01
245 2 7.85398163e-01 2.72188083e-01
246 2 7.85398163e-01 2.72876849e-01
247 2 7.85398163e-01 2.75859694e-01
248 2 7.85398163e-01 2.73173386e-01
249 2 7.85398163e-01 2.74501641e-01
250 2 7.85398163e-01 2.75676198e-01
251 2 7.85398163e-01 2.74729682e-01
252 2 7.85398163e-01 2.74857729e-01
253 2 7.85398163e-01 2.74773911e-01
254 2 7.85398163e-01 2.76436611e-01
255 2 7.85398163e-01 2.73185989e-01
256 2 7.85398163e-01 2.75394514e-01
257 2 7.85398163e-01 2.74847876e-01
258 2 7.85398163e-01 2.73515759e-01
259 2 7.85398163e-01 2.74259834e-01
260 2 7.85398163e-01 2.73659246e-01
261 2 7.85398163e-01 2.75510864e-01
262 2 7.85398163e-01 2.74976953e-01
263 2 7.85398163e-01 2.72353519e-01
264 2 7.85398163e-01 2.72979815e-01
265 2 7.85398163e-01 2.76347267e-01
266 2 7.85398163e-01 2.73272190e-01
267 2 7.85398163e-01 2.74874568e-01
268 2 7.85398163e-01 2.70545080e-01
269 2 7.85398163e-01 2.75839400e-01
270 2 7.85398163e-01 2.74102564e-01
271 2 7.85398163e-01 2.77873724e-01
272 2 7.85398163e-01 2.74096919e-01
273 2 7.85398163e-01 2.74641671e-01
274 2 7.85398163e-01 2.72671750e-01
275 2 7.85398163e-01 2.75743662e-01
276 2 7.85398163e-01 2.73881084e-01
277 2 7.85398163e-01 2.74235092e-01
278 2 7.85398163e-01 2.75660260e-01
279 2 7.85398163e-01 2.74280440e-01
280 2 7.85398163e-01 2.72507678e-01
281 2 7.85398163e-01 2.73685138e-01
282 2 7.85398163e-01 2.74666501e-01
283 2 7.85398163e-01 2.74854353e-01
284 2 7.85398163e-01 2.72502188e-01
285 2 7.85398163e-01 2.73819501e-01
286 2 7.85398163e-01 2.71094396e-01
287 2 7.85398163e-01 2.73202674e-01
288 2 7.85398163e-01 2.76410722e-01
289 2 7.85398163e-01 2.75602695e-01
290 2 7.85398163e-01 2.74378294e-01
291 2 7.85398163e-01 2.72001414e-01
292 2 7.85398163e-01 2.75739091e-01
293 2 7.85398163e-01 2.77992961e-01
294 2 7.85398163e-01 2.74813766e-01
295 2 7.85398163e-01 2.74544944e-01
296 2 7.85398163e-01 2.75617643e-01
297 2 7.85398163e-01 2.75128254e-01
298 2 7.85398163e-01 2.73285186e-01
299 2 7.85398163e-01 2.71993381e-01
300 2 7.85398163e-01 2.76314607e-01
301 2 7.85398163e-01 2.75496723e-01
302 2 7.85398163e-01 2.73879115e-01
303 2 7.85398163e-01 2.72507350e-01
304 2 7.85398163e-01 2.76650814e-01
305 2 7.85398163e-01 2.74040244e-01
306 2 7.85398163e-01 2.72861901e-01
307 2 7.85398163e-01 2.73766841e-01
308 2 7.85398163e-01 2.74456668e-01
309 2 7.85398163e-01 2.75361888e-01
310 2 7.85398163e-01 2.71935677e-01
311 2 7.85398163e-01 2.73362991e-01
312 2 7.85398163e-01 2.75258312e-01
313 2 7.85398163e-01 2.73474745e-01
314 2 7.85398163e-01 2.76992616e-01
315 2 7.85398163e-01 2.71529365e-01
316 2 7.85398163e-01 2.72933201e-01
317 2 7.85398163e-01 2.74338638e-01
318 2 7.85398163e-01 2.72170304e-01
319 2 7.85398163e-01 2.74855420e-01
320 2 7.85398163e-01 2.71335287e-01
321 2 7.85398163e-01 2.73593697e-01
322 2 7.85398163e-01 2.75511226e-01
323 2 7.85398163e-01 2.73587104e-01
324 2 7.85398163e-01 2.74784728e-01
325 2 7.85398163e-01 2.75499262e-01
326 2 7.85398163e-01 2.74460652e-01
327 2 7.85398163e-01 2.75699837e-01
328 2 7.85398163e-01 2.74063235e-01
329 2 7.85398163e-01 2.75703617e-01
330 2 7.85398163e-01 2.74601811e-01
331 2 7.85398163e-01 2.76348486e-01
332 2 7.85398163e-01 2.76360485e-01
333 2 7.85398163e-01 2.70387815e-01
334 2 7.85398163e-01 2.71567898e-01
335 2 7.85398163e-01 2.76119037e-01
336 2 7.85398163e-01 2.74183176e-01
337 2 7.85398163e-01 2.75354979e-01
338 2 7.85398163e-01 2.73035788e-01
339 2 7.85398163e-01 2.74449674e-01
340 2 7.85398163e-01 2.72754241e-01
341 2 7.85398163e-01 2.74672488e-01
342 2 7.85398163e-01 2.74964251e-01
343 2 7.85398163e-01 2.73667671e-01
344 2 7.85398163e-01 2.73246544e-01
345 2 7.85398163e-01 2.72898934e-01
346 2 7.85398163e-01 2.73963369e-01
347 2 7.85398163e-01 2.73692222e-01
348 2 7.85398163e-01 2.73792222e-01
349 2 7.85398163e-01 2.76875907e-01
350 2 7.85398163e-01 2.73533552e-01
351 2 7.85398163e-01 2.72870889e-01
352 2 7.85398163e-01 2.74921704e-01
353 2 7.85398163e-01 2.74133501e-01
354 2 7.85398163e-01 2.75312396e-01
355 2 7.85398163e-01 2.73392264e-01
356 2 7.85398163e-01 2.73859528e-01
357 2 7.85398163e-01 2.76576163e-01
358 2 7.85398163e-01 2.74580993e-01
359 2 7.85398163e-01 2.74457967e-01
360 2 7.85398163e-01 2.73016099e-01
361 2 7.85398163e-01 2.73696935e-01
362 2 7.85398163e-01 2.71792069e-01
363 2 7.85398163e-01 2.74517441e-01
364 2 7.85398163e-01 2.73218898e-01
365 2 7.85398163e-01 2.72878455e-01
366 2 7.85398163e-01 2.75445854e-01
367 2 7.85398163e-01 2.74252685e-01
368 2 7.85398163e-01 2.72809594e-01
369 2 7.85398163e-01 2.72050430e-01
370 2 7.85398163e-01 2.73807225e-01
371 2 7.85398163e-01 2.75038275e-01
372 2 7.85398163e-01 2.75119437e-01
373 2 7.85398163e-01 2.72803884e-01
374 2 7.85398163e-01 2.71930595e-01
375 2 7.85398163e-01 2.72725311e-01
376 2 7.85398163e-01 2.72998958e-01
377 2 7.85398163e-01 2.74912386e-01
378 2 7.85398163e-01 2.74994424e-01
379 2 7.85398163e-01 2.74004435e-01
380 2 7.85398163e-01 2.73899420e-01
381 2 7.85398163e-01 2.72247060e-01
382 2 7.85398163e-01 2.74935781e-01
383 2 7.85398163e-01 2.75869938e-01
384 2 7.85398163e-01 2.74592619e-01
385 2 7.85398163e-01 2.72647372e-01
386 2 7.85398163e-01 2.73989206e-01
387 2 7.85398163e-01 2.72828118e-01
388 2 7.85398163e-01 2.75106023e-01
389 2 7.85398163e-01 2.75555643e-01
390 2 7.85398163e-01 2.76650867e-01
391 2 7.85398163e-01 2.73033358e-01
392 2 7.85398163e-01 2.74960826e-01
393 2 7.85398163e-01 2.74892854e-01
394 2 7.85398163e-01 2.74618460e-01
395 2 7.85398163e-01 2.73685793e-01
396 2 7.85398163e-01 2.70599024e-01
397 2 7.85398163e-01 2.74051858e-01
398 2 7.85398163e-01 2.75039659e-01
399 2 7.85398163e-01 2.73531905e-01
400 2 7.85398163e-01 2.73542627e-01
401 2 7.85398163e-01 2.70695204e-01
402 2 7.85398163e-01 2.75778249e-01
403 2 7.85398163e-01 2.76568585e-01
404 2 7.85398163e-01 2.72646915e-01
405 2 7.85398163e-01 2.73722326e-01
406 2 7.85398163e-01 2.75457781e-01
407 2 7.85398163e-01 2.77418843e-01
408 2 7.85398163e-01 2.75515629e-01
409 2 7.85398163e-01 2.74206237e-01
410 2 7.85398163e-01 2.74497152e-01
411 2 7.85398163e-01 2.77248352e-01
412 2 7.85398163e-01 2.75172199e-01
413 2 7.85398163e-01 2.74188167e-01
414 2 7.85398163e-01 2.74561460e-01
415 2 7.85398163e-01 2.75190898e-01
416 2 7.85398163e-01 2.75144773e-01
417 2 7.85398163e-01 2.73212664e-01
418 2 7.85398163e-01 2.75274681e-01
419 2 7.85398163e-01 2.73521682e-01
420 2 7.85398163e-01 2.73963227e-01
421 2 7.85398163e-01 2.73477434e-01
422 2 7.85398163e-01 2.76461044e-01
423 2 7.85398163e-01 2.75234437e-01
424 2 7.85398163e-01 2.71346979e-01
425 2 7.85398163e-01 2.75784088e-01
426 2 7.85398163e-01 2.75171963e-01
427 2 7.85398163e-01 2.71359620e-01
428 2 7.85398163e-01 2.73700847e-01
429 2 7.85398163e-01 2.74911884e-01
430 2 7.85398163e-01 2.74078637e-01
431 2 7.85398163e-01 2.74494191e-01
432 2 7.85398163e-01 2.73938550e-01
433 2 7.85398163e-01 2.74596319e-01
434 2 7.85398163e-01 2.72708869e-01
435 2 7.85398163e-01 2.73542999e-01
436 2 7.85398163e-01 2.72291576e-01
437 2 7.85398163e-01 2.73811844e-01
438 2 7.85398163e-01 2.74148756e-01
439 2 7.85398163e-01 2.74698615e-01
440 2 7.85398163e-01 2.74399706e-01
441 2 7.85398163e-01 2.73591637e-01
442 2 7.85398163e-01 2.74466499e-01
443 2 7.85398163e-01 2.73384881e-01
444 2 7.85398163e-01 2.74629761e-01
445 2 7.85398163e-01 2.74218264e-01
446 2 7.85398163e-01 2.73079171e-01
447 2 7.85398163e-01 2.77316417e-01
448 2 7.85398163e-01 2.74770434e-01
449 2 7.85398163e-01 2.75102842e-01
450 2 7.85398163e-01 2.75466597e-01
451 2 7.85398163e-01 2.74621172e-01
452 2 7.85398163e-01 2.74943533e-01
453 2 7.85398163e-01 2.72339818e-01
454 2 7.85398163e-01 2.73596053e-01
455 2 7.85398163e-01 2.74394937e-01
456 2 7.85398163e-01 2.73720659e-01
457 2 7.85398163e-01 2.74739613e-01
458 2 7.85398163e-01 2.76915208e-01
459 2 7.85398163e-01 2.73998306e-01
460 2 7.85398163e-01 2.75598498e-01
461 2 7.85398163e-01 2.73839297e-01
462 2 7.85398163e-01 2.73922598e-01
463 2 7.85398163e-01 2.72433451e-01
464 2 7.85398163e-01 2.75004160e-01
465 2 7.85398163e-01 2.73686399e-01
466 2 7.85398163e-01 2.72680811e-01
467 2 7.85398163e-01 2.74124816e-01
468 2 7.85398163e-01 2.73869464e-01
469 2 7.85398163e-01 2.74798512e-01
470 2 7.85398163e-01 2.75389926e-01
471 2 7.85398163e-01 2.73839319e-01
472 2 7.85398163e-01 2.75837648e-01
473 2 7.85398163e-01 2.79141771e-01
474 2 7.85398163e-01 2.75062011e-01
475 2 7.85398163e-01 2.75493502e-01
476 2 7.85398163e-01 2.75286955e-01
477 2 7.85398163e-01 2.76234650e-01
478 2 7.85398163e-01 2.75411703e-01
479 2 7.85398163e-01 2.74899847e-01
480 2 7.85398163e-01 2.75632718e-01
481 2 7.85398163e-01 2.74300377e-01
482 2 7.85398163e-01 2.73208031e-01
483 2 7.85398163e-01 2.76812916e-01
484 2 7.85398163e-01 2.73527293e-01
485 2 7.85398163e-01 2.74760831e-01
486 2 7.85398163e-01 2.74585572e-01
487 2 7.85398163e-01 2.73509332e-01
488 2 7.85398163e-01 2.74301894e-01
489 2 7.85398163e-01 2.73884896e-01
490 2 7.85398163e-01 2.75041757e-01
491 2 7.85398163e-01 2.73613358e-01
492 2 7.85398163e-01 2.77646108e-01
493 2 7.85398163e-01 2.75079082e-01
494 2 7.85398163e-01 2.74329858e-01
495 2 7.85398163e-01 2.73224231e-01
496 2 7.85398163e-01 2.73764380e-01
497 2 7.85398163e-01 2.72223300e-01
498 2 7.85398163e-01 2.75735235e-01
499 2 7.85398163e-01 2.75507280e-01
500 2 7.85398163e-01 2.71446590e-01
501 2 7.85398163e-01 2.74045943e-01
502 2 7.85398163e-01 2.74848328e-01
503 2 7.85398163e-01 2.74981590e-01
504 2 7.85398163e-01 2.75206729e-01
505 2 7.85398163e-01 2.75125439e-01
506 2 7.85398163e-01 2.74768903e-01
507 2 7.85398163e-01 2.71243936e-01
508 2 7.85398163e-01 2.73776896e-01
509 2 7.85398163e-01 2.74579531e-01
510 2 7.85398163e-01 2.72868138e-01
511 2 7.85398163e-01 2.74983954e-01
512 2 7.85398163e-01 2.75434250e-01
513 2 7.85398163e-01 2.71996966e-01
514 2 7.85398163e-01 2.75610029e-01
515 2 7.85398163e-01 2.77329866e-01
516 2 7.85398163e-01 2.73985536e-01
517 2 7.85398163e-01 2.74723074e-01
518 2 7.85398163e-01 2.74248305e-01
519 2 7.85398163e-01 2.73729128e-01
520 2 7.85398163e-01 2.74448748e-01
521 2 7.85398163e-01 2.76261534e-01
522 2 7.85398163e-01 2.76650626e-01
523 2 7.85398163e-01 2.73548970e-01
524 2 7.85398163e-01 2.75588635e-01
525 2 7.85398163e-01 2.75700121e-01
526 2 7.85398163e-01 2.73768593e-01
527 2 7.85398163e-01 2.76499376e-01
528 2 7.85398163e-01 2.74153896e-01
529 2 7.85398163e-01 2.74456973e-01
530 2 7.85398163e-01 2.76093613e-01
531 2 7.85398163e-01 2.72430087e-01
532 2 7.85398163e-01 2.72363589e-01
533 2 7.85398163e-01 2.73960396e-01
534 2 7.85398163e-01 2.73701936e-01
535 2 7.85398163e-01 2.72950086e-01
536 2 7.85398163e-01 2.74058836e-01
537 2 7.85398163e-01 2.73756060e-01
538 2 7.85398163e-01 2.73842293e-01
539 2 7.85398163e-01 2.73006086e-01
540 2 7.85398163e-01 2.73144928e-01
541 2 7.85398163e-01 2.74992839e-01
542 2 7.85398163e-01 2.76180112e-01
543 2 7.85398163e-01 2.74440660e-01
544 2 7.85398163e-01 2.74804292e-01
545 2 7.85398163e-01 2.75411302e-01
546 2 7.85398163e-01 2.75776733e-01
547 2 7.85398163e-01 2.71325038e-01
548 2 7.85398163e-01 2.74196803e-01
549 2 7.85398163e-01 2.73815872e-01
550 2 7.85398163e-01 2.75901698e-01
551 2 7.85398163e-01 2.76618305e-01
552 2 7.85398163e-01 2.75399635e-01
553 2 7.85398163e-01 2.75466710e-01
554 2 7.85398163e-01 2.73809244e-01
555 2 7.85398163e-01 2.72845211e-01
556 2 7.85398163e-01 2.76526822e-01
557 2 7.85398163e-01 2.74900460e-01
558 2 7.85398163e-01 2.76685775e-01
559 2 7.85398163e-01 2.71826986e-01
560 2 7.85398163e-01 2.71401631e-01
561 2 7.85398163e-01 2.72854441e-01
562 2 7.85398163e-01 2.72279170e-01
563 2 7.85398163e-01 2.72408470e-01
564 2 7.85398163e-01 2.74321042e-01
565 2 7.85398163e-01 2.75203477e-01
566 2 7.85398163e-01 2.75489461e-01
567 2 7.85398163e-01 2.76619541e-01
568 2 7.85398163e-01 2.75314751e-01
569 2 7.85398163e-01 2.74616548e-01
570 2 7.85398163e-01 2.74300994e-01
571 2 7.85398163e-01 2.75962016e-01
572 2 7.85398163e-01 2.75077416e-01
573 2 7.85398163e-01 2.74003690e-01
574 2 7.85398163e-01 2.73639548e-01
575 2 7.85398163e-01 2.74477709e-01
576 2 7.85398163e-01 2.74405453e-01
577 2 7.85398163e-01 2.73755395e-01
578 2 7.85398163e-01 2.75009546e-01
579 2 7.85398163e-01 2.77102957e-01
580 2 7.85398163e-01 2.75757690e-01
581 2 7.85398163e-01 2.76322805e-01
582 2 7.85398163e-01 2.76248338e-01
583 2 7.85398163e-01 2.73496328e-01
584 2 7.85398163e-01 2.74210972e-01
585 2 7.85398163e-01 2.71617185e-01
586 2 7.85398163e-01 2.72853827e-01
587 2 7.85398163e-01 2.73547338e-01
588 2 7.85398163e-01 2.73645134e-01
589 2 7.85398163e-01 2.71980276e-01
590 2 7.85398163e-01 2.75651699e-01
591 2 7.85398163e-01 2.76216594e-01
592 2 7.85398163e-01 2.76905789e-01
593 2 7.85398163e-01 2.74774231e-01
594 2 7.85398163e-01 2.74247164e-01
595 2 7.85398163e-01 2.74418995e-01
596 2 7.85398163e-01 2.74341308e-01
597 2 7.85398163e-01 2.73286407e-01
598 2 7.85398163e-01 2.72727804e-01
599 2 7.85398163e-01 2.75011063e-01
600 2 7.85398163e-01 2.75421508e-01
601 2 7.85398163e-01 2.73731323e-01
602 2 7.85398163e-01 2.75088074e-01
603 2 7.85398163e-01 2.73727557e-01
604 2 7.85398163e-01 2.75436096e-01
605 2 7.85398163e-01 2.73627544e-01
606 2 7.85398163e-01 2.75526095e-01
607 2 7.85398163e-01 2.73787203e-01
608 2 7.85398163e-01 2.75195301e-01
609 2 7.85398163e-01 2.75376049e-01
610 2 7.85398163e-01 2.77657927e-01
611 2 7.85398163e-01 2.73496122e-01
612 2 7.85398163e-01 2.74101147e-01
613 2 7.85398163e-01 2.72907563e-01
614 2 7.85398163e-01 2.75623923e-01
615 2 7.85398163e-01 2.72396607e-01
616 2 7.85398163e-01 2.75383277e-01
617 2 7.85398163e-01 2.75534071e-01
618 2 7.85398163e-01 2.75202422e-01
619 2 7.85398163e-01 2.75372134e-01
620 2 7.85398163e-01 2.75403873e-01
621 2 7.85398163e-01 2.75229896e-01
622 2 7.85398163e-01 2.74442481e-01
623 2 7.85398163e-01 2.74036486e-01
624 2 7.85398163e-01 2.74240182e-01
625 2 7.85398163e-01 2.73694278e-01
626 2 7.85398163e-01 2.74878754e-01
627 2 7.85398163e-01 2.73831399e-01
628 2 7.85398163e-01 2.76155168e-01
629 2 7.85398163e-01 2.71680619e-01
630 2 7.85398163e-01 2.74125190e-01
631 2 7.85398163e-01 2.76556051e-01
632 2 7.85398163e-01 2.74375982e-01
633 2 7.85398163e-01 2.75584143e-01
634 2 7.85398163e-01 2.72491878e-01
635 2 7.85398163e-01 2.74126493e-01
636 2 7.85398163e-01 2.74425905e-01
637 2 7.85398163e-01 2.74277017e-01
638 2 7.85398163e-01 2.74394424e-01
639 2 7.85398163e-01 2.71137577e-01
640 2 7.85398163e-01 2.75190098e-01
641 2 7.85398163e-01 2.75864445e-01
642 2 7.85398163e-01 2.71831428e-01
643 2 7.85398163e-01 2.73184172e-01
644 2 7.85398163e-01 2.74479156e-01
645 2 7.85398163e-01 2.73438836e-01
646 2 7.85398163e-01 2.74318602e-01
647 2 7.85398163e-01 2.76708641e-01
648 2 7.85398163e-01 2.74716672e-01
649 2 7.85398163e-01 2.74028225e-01
650 2 7.85398163e-01 2.75683807e-01
651 2 7.85398163e-01 2.73783567e-01
652 2 7.85398163e-01 2.72965316e-01
653 2 7.85398163e-01 2.76226950e-01
654 2 7.85398163e-01 2.74850900e-01
655 2 7.85398163e-01 2.73734925e-01
656 2 7.85398163e-01 2.74516382e-01
657 2 7.85398163e-01 2.75494156e-01
658 2 7.85398163e-01 2.74432363e-01
659 2 7.85398163e-01 2.74252274e-01
660 2 7.85398163e-01 2.75539986e-01
661 2 7.85398163e-01 2.74444246e-01
662 2 7.85398163e-01 2.76499951e-01
663 2 7.85398163e-01 2.76659669e-01
664 2 7.85398163e-01 2.75020206e-01
665 2 7.85398163e-01 2.73267149e-01
666 2 7.85398163e-01 2.76523908e-01
667 2 7.85398163e-01 2.76710890e-01
668 2 7.85398163e-01 2.73443933e-01
669 2 7.85398163e-01 2.73978559e-01
670 2 7.85398163e-01 2.74003808e-01
671 2 7.85398163e-01 2.72719650e-01
672 2 7.85398163e-01 2.73248517e-01
673 2 7.85398163e-01 2.76687496e-01
674 2 7.85398163e-01 2.75326078e-01
675 2 7.85398163e-01 2.73427290e-01
676 2 7.85398163e-01 2.73549176e-01
677 2 7.85398163e-01 2.77091811e-01
678 2 7.85398163e-01 2.74965521e-01
679 2 7.85398163e-01 2.73525319e-01
680 2 7.85398163e-01 2.73755829e-01
681 2 7.85398163e-01 2.74446648e-01
682 2 7.85398163e-01 2.73769800e-01
683 2 7.85398163e-01 2.75436111e-01
684 2 7.85398163e-01 2.73826233e-01
685 2 7.85398163e-01 2.73649711e-01
686 2 7.85398163e-01 2.74644110e-01
687 2 7.85398163e-01 2.73226451e-01
688 2 7.85398163e-01 2.75175444e-01
689 2 7.85398163e-01 2.74522136e-01
690 2 7.85398163e-01 2.72885347e-01
691 2 7.85398163e-01 2.74084268e-01
692 2 7.85398163e-01 2.75882638e-01
693 2 7.85398163e-01 2.73114248e-01
694 2 7.85398163e-01 2.73005898e-01
695 2 7.85398163e-01 2.71971017e-01
696 2 7.85398163e-01 2.76294555e-01
697 2 7.85398163e-01 2.75995021e-01
698 2 7.85398163e-01 2.75397394e-01
699 2 7.85398163e-01 2.73961291e-01
700 2 7.85398163e-01 2.74723929e-01
701 2 7.85398163e-01 2.74179081e-01
702 2 7.85398163e-01 2.74315752e-01
703 2 7.85398163e-01 2.73102554e-01
704 2 7.85398163e-01 2.77092847e-01
705 2 7.85398163e-01 2.72268777e-01
706 2 7.85398163e-01 2.77542689e-01
707 2 7.85398163e-01 2.75049042e-01
708 2 7.85398163e-01 2.73546409e-01
709 2 7.85398163e-01 2.73795632e-01
710 2 7.85398163e-01 2.73965644e-01
711 2 7.85398163e-01 2.73315141e-01
712 2 7.85398163e-01 2.77710173e-01
713 2 7.85398163e-01 2.72850382e-01
714 2 7.85398163e-01 2.74730061e-01
715 2 7.85398163e-01 2.75558081e-01
716 2 7.85398163e-01 2.75131068e-01
717 2 7.85398163e-01 2.73846357e-01
718 2 7.85398163e-01 2.76799915e-01
719 2 7.85398163e-01 2.73166420e-01
720 2 7.85398163e-01 2.75458957e-01
721 2 7.85398163e-01 2.72823883e-01
722 2 7.85398163e-01 2.75056715e-01
723 2 7.85398163e-01 2.75382603e-01
724 2 7.85398163e-01 2.74387283e-01
725 2 7.85398163e-01 2.74117820e-01
726 2 7.85398163e-01 2.74377323e-01
727 2 7.85398163e-01 2.76582031e-01
728 2 7.85398163e-01 2.73539703e-01
729 2 7.85398163e-01 2.74099925e-01
730 2 7.85398163e-01 2.72156691e-01
731 2 7.85398163e-01 2.73503138e-01
732 2 7.85398163e-01 2.73628918e-01
733 2 7.85398163e-01 2.74225491e-01
734 2 7.85398163e-01 2.75207845e-01
735 2 7.85398163e-01 2.75045190e-01
736 2 7.85398163e-01 2.73910378e-01
737 2 7.85398163e-01 2.71587038e-01
738 2 7.85398163e-01 2.73942971e-01
739 2 7.85398163e-01 2.76752635e-01
740 2 7.85398163e-01 2.72270710e-01
741 2 7.85398163e-01 2.73141209e-01
742 2 7.85398163e-01 2.75070143e-01
743 2 7.85398163e-01 2.72509009e-01
744 2 7.85398163e-01 2.71249631e-01
745 2 7.85398163e-01 2.75053924e-01
746 2 7.85398163e-01 2.75491542e-01
747 2 7.85398163e-01 2.79476231e-01
748 2 7.85398163e-01 2.75051191e-01
749 2 7.85398163e-01 2.77240987e-01
750 2 7.85398163e-01 2.73176113e-01
751 2 7.85398163e-01 2.74644305e-01
752 2 7.85398163e-01 2.72578328e-01
753 2 7.85398163e-01 2.74757418e-01
754 2 7.85398163e-01 2.76371710e-01
755 2 7.85398163e-01 2.73491624e-01
756 2 7.85398163e-01 2.76627227e-01
757 2 7.85398163e-01 2.76138279e-01
758 2 7.85398163e-01 2.73937230e-01
759 2 7.85398163e-01 2.76317720e-01
760 2 7.85398163e-01 2.74457404e-01
761 2 7.85398163e-01 2.75859649e-01
762 2 7.85398163e-01 2.74652862e-01
763 2 7.85398163e-01 2.73973322e-01
764 2 7.85398163e-01 2.73845203e-01
765 2 7.85398163e-01 2.72851287e-01
766 2 7.85398163e-01 2.76638958e-01
767 2 7.85398163e-01 2.76991357e-01
768 2 7.85398163e-01 2.74462711e-01
769 2 7.85398163e-01 2.74295002e-01
770 2 7.85398163e-01 2.75002153e-01
771 2 7.85398163e-01 2.74173190e-01
772 2 7.85398163e-01 2.74603964e-01
773 2 7.85398163e-01 2.71559734e-01
774 2 7.85398163e-01 2.75536366e-01
775 2 7.85398163e-01 2.74552853e-01
776 2 7.85398163e-01 2.76118414e-01
777 2 7.85398163e-01 2.74395993e-01
778 2 7.85398163e-01 2.74723250e-01
779 2 7.85398163e-01 2.74186732e-01
780 2 7.85398163e-01 2.71670583e-01
781 2 7.85398163e-01 2.76902019e-01
782 2 7.85398163e-01 2.76271260e-01
783 2 7.85398163e-01 2.73126162e-01
784 2 7.85398163e-01 2.74179667e-01
785 2 7.85398163e-01 2.74670935e-01
786 2 7.85398163e-01 2.73408269e-01
787 2 7.85398163e-01 2.74787856e-01
788 2 7.85398163e-01 2.72962018e-01
789 2 7.85398163e-01 2.71866629e-01
790 2 7.85398163e-01 2.72233958e-01
791 2 7.85398163e-01 2.70927538e-01
792 2 7.85398163e-01 2.75187419e-01
793 2 7.85398163e-01 2.73208567e-01
794 2 7.85398163e-01 2.73430982e-01
795 2 7.85398163e-01 2.75246476e-01
796 2 7.85398163e-01 2.73766498e-01
797 2 7.85398163e-01 2.75459198e-01
798 2 7.85398163e-01 2.73505270e-01
799 2 7.85398163e-01 2.74305311e-01
800 2 7.85398163e-01 2.73558291e-01
801 2 7.85398163e-01 2.74596467e-01
802 2 7.85398163e-01 2.73416203e-01
803 2 7.85398163e-01 2.76164889e-01
804 2 7.85398163e-01 2.75257026e-01
805 2 7.85398163e-01 2.74847427e-01
806 2 7.85398163e-01 2.70934682e-01
807 2 7.85398163e-01 2.75154707e-01
808 2 7.85398163e-01 2.73647944e-01
809 2 7.85398163e-01 2.73759789e-01
810 2 7.85398163e-01 2.73571245e-01
811 2 7.85398163e-01 2.74702059e-01
812 2 7.85398163e-01 2.75476206e-01
813 2 7.85398163e-01 2.72908456e-01
814 2 7.85398163e-01 2.75258448e-01
815 2 7.85398163e-01 2.73902979e-01
816 2 7.85398163e-01 2.78032295e-01
817 2 7.85398163e-01 2.75345598e-01
818 2 7.85398163e-01 2.74671595e-01
819 2 7.85398163e-01 2.76171765e-01
820 2 7.85398163e-01 2.73561758e-01
821 2 7.85398163e-01 2.72657623e-01
822 2 7.85398163e-01 2.73585777e-01
823 2 7.85398163e-01 2.74228241e-01
824 2 7.85398163e-01 2.75267103e-01
825 2 7.85398163e-01 2.74234597e-01
826 2 7.85398163e-01 2.74591759e-01
827 2 7.85398163e-01 2.74500987e-01
828 2 7.85398163e-01 2.74378459e-01
829 2 7.85398163e-01 2.75705730e-01
830 2 7.85398163e-01 2.72930748e-01
831 2 7.85398163e-01 2.73404370e-01
832 2 7.85398163e-01 2.73509491e-01
833 2 7.85398163e-01 2.72711510e-01
834 2 7.85398163e-01 2.73184077e-01
835 2 7.85398163e-01 2.76448560e-01
836 2 7.85398163e-01 2.72417565e-01
837 2 7.85398163e-01 2.75080697e-01
838 2 7.85398163e-01 2.73765772e-01
839 2 7.85398163e-01 2.75866243e-01
840 2 7.85398163e-01 2.76144220e-01
841 2 7.85398163e-01 2.72803769e-01
842 2 7.85398163e-01 2.73186125e-01
843 2 7.85398163e-01 2.74335169e-01
844 2 7.85398163e-01 2.75327627e-01
845 2 7.85398163e-01 2.74148741e-01
846 2 7.85398163e-01 2.73053852e-01
847 2 7.85398163e-01 2.72665447e-01
848 2 7.85398163e-01 2.73530887e-01
849 2 7.85398163e-01 2.73879809e-01
850 2 7.85398163e-01 2.75467210e-01
851 2 7.85398163e-01 2.74272142e-01
852 2 7.85398163e-01 2.75494852e-01
853 2 7.85398163e-01 2.74012236e-01
854 2 7.85398163e-01 2.76401950e-01
855 2 7.85398163e-01 2.71199969e-01
856 2 7.85398163e-01 2.74309049e-01
857 2 7.85398163e-01 2.73543364e-01
858 2 7.85398163e-01 2.75225061e-01
859 2 7.85398163e-01 2.74250114e-01
860 2 7.85398163e-01 2.73458109e-01
861 2 7.85398163e-01 2.75004590e-01
862 2 7.85398163e-01 2.75412747e-01
863 2 7.85398163e-01 2.76936601e-01
864 2 7.85398163e-01 2.76000927e-01
865 2 7.85398163e-01 2.75332587e-01
866 2 7.85398163e-01 2.75883167e-01
867 2 7.85398163e-01 2.74541006e-01
868 2 7.85398163e-01 2.75225113e-01
869 2 7.85398163e-01 2.74732581e-01
870 2 7.85398163e-01 2.74530247e-01
871 2 7.85398163e-01 2.73930366e-01
872 2 7.85398163e-01 2.76256182e-01
873 2 7.85398163e-01 2.76461731e-01
874 2 7.85398163e-01 2.74460645e-01
875 2 7.85398163e-01 2.76916610e-01
876 2 7.85398163e-01 2.73364877e-01
877 2 7.85398163e-01 2.74996210e-01
878 2 7.85398163e-01 2.74682092e-01
879 2 7.85398163e-01 2.75167755e-01
880 2 7.85398163e-01 2.73005960e-01
881 2 7.85398163e-01 2.74091076e-01
882 2 7.85398163e-01 2.75215488e-01
883 2 7.85398163e-01 2.73958641e-01
884 2 7.85398163e-01 2.73601039e-01
885 2 7.85398163e-01 2.74359317e-01
886 2 7.85398163e-01 2.74468216e-01
887 2 7.85398163e-01 2.73474599e-01
888 2 7.85398163e-01 2.77425542e-01
889 2 7.85398163e-01 2.76088728e-01
890 2 7.85398163e-01 2.75928553e-01
891 2 7.85398163e-01 2.74308132e-01
892 2 7.85398163e-01 2.74784989e-01
893 2 7.85398163e-01 2.74770573e-01
894 2 7.85398163e-01 2.73152609e-01
895 2 7.85398163e-01 2.72401259e-01
896 2 7.85398163e-01 2.74839238e-01
897 2 7.85398163e-01 2.72663346e-01
898 2 7.85398163e-01 2.75895939e-01
899 2 7.85398163e-01 2.74738002e-01
0 3 1.17809725e+00 3.73884952e-01
1 3 1.17809725e+00 3.71079638e-01
2 3 1.17809725e+00 3.71799715e-01
3 3 1.17809725e+00 3.71072895e-01
4 3 1.17809725e+00 3.70648074e-01
5 3 1.17809725e+00 3.71357949e-01
6 3 1.17809725e+00 3.70625932e-01
7 3 1.17809725e+00 3.70262403e-01
8 3 1.17809725e+00 3.69972111e-01
9 3 1.17809725e+00 3.70282981e-01
10 3 1.17809725e+00 3.68865624e-01
11 3 1.17809725e+00 3.68912085e-01
12 3 1.17809725e+00 3.72607749e-01
13 3 1.17809725e+00 3.75101079e-01
14 3 1.17809725e+00 3.72763553e-01
15 3 1.17809725e+00 3.72276720e-01
16 3 1.17809725e+00 3.66572273e-01
17 3 1.17809725e+00 3.69939557e-01
18 3 1.17809725e+00 3.71725252e-01
19 3 1.17809725e+00 3.70450081e-01
20 3 1.17809725e+00 3.69934765e-01
21 3 1.17809725e+00 3.70431086e-01
22 3 1.17809725e+00 3.73249077e-01
23 3 1.17809725e+00 3.76911661e-01
24 3 1.17809725e+00 3.70612738e-01
25 3 1.17809725e+00 3.69622702e-01
26 3 1.17809725e+00 3.69086330e-01
27 3 1.17809725e+00 3.68007173e-01
28 3 1.17809725e+00 3.72433216e-01
29 3 1.17809725e+00 3.69929210e-01
30 3 1.17809725e+00 3.70037525e-01
31 3 1.17809725e+00 3.69581604e-01
32 3 1.17809725e+00 3.67712036e-01
33 3 1.17809725e+00 3.70577367e-01
34 3 1.17809725e+00 3.73352814e-01
35 3 1.17809725e+00 3.73811209e-01
36 3 1.17809725e+00 3.70510453e-01
37 3 1.17809725e+00 3.70198310e-01
38 3 1.17809725e+00 3.69953456e-01
39 3 1.17809725e+00 3.67455417e-01
40 3 1.17809725e+00 3.65717373e-01
41 3 1.17809725e+00 3.70938923e-01
42 3 1.17809725e+00 3.68714096e-01
43 3 1.17809725e+00 3.69790593e-01
44 3 1.17809725e+00 3.69602655e-01
45 3 1.17809725e+00 3.70775931e-01
46 3 1.17809725e+00 3.69381195e-01
47 3 1.17809725e+00 3.71350399e-01
48 3 1.17809725e+00 3.69926292e-01
49 3 1.17809725e+00 3.71900262e-01
50 3 1.17809725e+00 3.70585594e-01
51 3 1.17809725e+00 3.71459016e-01
52 3 1.17809725e+00 3.70096001e-01
53 3 1.17809725e+00 3.68088895e-01
54 3 1.17809725e+00 3.69584389e-01
55 3 1.17809725e+00 3.72362925e-01
56 3 1.17809725e+00 3.71055416e-01
57 3 1.17809725e+00 3.69033965e-01
58 3 1.17809725e+00 3.71129106e-01
59 3 1.17809725e+00 3.73956886e-01
60 3 1.17809725e+00 3.68160563e-01
61 3 1.17809725e+00 3.70449080e-01
62 3 1.17809725e+00 3.68261788e-01
63 3 1.17809725e+00 3.67554666e-01
64 3 1.17809725e+00 3.68912799e-01
65 3 1.17809725e+00 3.71625977e-01
66 3 1.17809725e+00 3.74914812e-01
67 3 1.17809725e+00 3.66692531e-01
68 3 1.17809725e+00 3.69972063e-01
69 3 1.17809725e+00 3.72660342e-01
70 3 1.17809725e+00 3.67956647e-01
71 3 1.17809725e+00 3.68046863e-01
72 3 1.17809725e+00 3.67727967e-01
73 3 1.17809725e+00 3.76002610e-01
74 3 1.17809725e+00 3.75654871e-01
75 3 1.17809725e+00 3.71469778e-01
76 3 1.17809725e+00 3.70084319e-01
77 3 1.17809725e+00 3.67026053e-01
78 3 1.17809725e+00 3.71483336e-01
79 3 1.17809725e+00 3.71044833e-01
80 3 1.17809725e+00 3.69703408e-01
81 3 1.17809725e+00 3.70064264e-01
82 3 1.17809725e+00 3.67694265e-01
83 3 1.17809725e+00 3.71071149e-01
84 3 1.17809725e+00 3.68883156e-01
85 3 1.17809725e+00 3.75518804e-01
86 3 1.17809725e+00 3.70171282e-01
87 3 1.17809725e+00 3.70802973e-01
88 3 1.17809725e+00 3.70991290e-01
89 3 1.17809725e+00 3.68124153e-01
90 3 1.17809725e+00 3.71483854e-01
91 3 1.17809725e+00 3.69766430e-01
92 3 1.17809725e+00 3.70890816e-01
93 3 1.17809725e+00 3.73153148e-01
94 3 1.17809725e+00 3.71162920e-01
95 3 1.17809725e+00 3.71981653e-01
96 3 1.17809725e+00 3.73248405e-01
97 3 1.17809725e+00 3.73582750e-01
98 3 1.17809725e+00 3.68994675e-01
99 3 1.17809725e+00 3.72841188e-01
100 3 1.17809725e+00 3.70863295e-01
101 3 1.17809725e+00 3.70365122e-01
102 3 1.17809725e+00 3.72534305e-01
103 3 1.17809725e+00 3.71373492e-01
104 3 1.17809725e+00 3.69920119e-01
105 3 1.17809725e+00 3.70513798e-01
106 3 1.17809725e+00 3.69703078e-01
107 3 1.17809725e+00 3.69968391e-01
108 3 1.17809725e+00 3.70294646e-01
109 3 1.17809725e+00 3.69293389e-01
110 3 1.17809725e+00 3.68442617e-01
111 3 1.17809725e+00 3.67759566e-01
112 3 1.17809725e+00 3.69621309e-01
113 3 1.17809725e+00 3.69415402e-01
114 3 1.17809725e+00 3.70258705e-01
115 3 1.17809725e+00 3.66576500e-01
116 3 1.17809725e+00 3.69785354e-01
117 3 1.17809725e+00 3.73224491e-01
118 3 1.17809725e+00 3.70548902e-01
119 3 1.17809725e+00 3.70222283e-01
120 3 1.17809725e+00 3.64821925e-01
121 3 1.17809725e+00 3.70708702e-01
122 3 1.17809725e+00 3.67298303e-01
123 3 1.17809725e+00 3.70595928e-01
124 3 1.17809725e+00 3.71065062e-01
125 3 1.17809725e+00 3.68228752e-01
126 3 1.17809725e+00 3.72064732e-01
127 3 1.17809725e+00 3.70179702e-01
128 3 1.17809725e+00 3.72125402e-01
129 3 1.17809725e+00 3.65404921e-01
130 3 1.17809725e+00 3.70665780e-01
131 3 1.17809725e+00 3.72438434e-01
132 3 1.17809725e+00 3.67663910e-01
133 3 1.17809725e+00 3.69944079e-01
134 3 1.17809725e+00 3.72967520e-01
135 3 1.17809725e+00 3.69712168e-01
136 3 1.17809725e+00 3.69657799e-01
137 3 1.17809725e+00 3.69924135e-01
138 3 1.17809725e+00 3.72453502e-01
139 3 1.17809725e+00 3.71098491e-01
140 3 1.17809725e+00 3.71868932e-01
141 3 1.17809725e+00 3.68510650e-01
142 3 1.17809725e+00 3.66562843e-01
143 3 1.17809725e+00 3.68731728e-01
144 3 1.17809725e+00 3.71466602e-01
145 3 1.17809725e+00 3.72718593e-01
146 3 1.17809725e+00 3.70330091e-01
147 3 1.17809725e+00 3.69940676e-01
148 3 1.17809725e+00 3.70507108e-01
149 3 1.17809725e+00 3.68947615e-01
150 3 1.17809725e+00 3.69036473e-01
151 3 1.17809725e+00 3.67277206e-01
152 3 1.17809725e+00 3.66723933e-01
153 3 1.17809725e+00 3.69328823e-01
154 3 1.17809725e+00 3.73520714e-01
155 3 1.17809725e+00 3.71049748e-01
156 3 1.17809725e+00 3.72598872e-01
157 3 1.17809725e+00 3.66293551e-01
158 3 1.17809725e+00 3.71799225e-01
159 3 1.17809725e+00 3.67693379e-01
160 3 1.17809725e+00 3.69539956e-01
161 3 1.17809725e+00 3.69116070e-01
162 3 1.17809725e+00 3.67650835e-01
163 3 1.17809725e+00 3.72663485e-01
164 3 1.17809725e+00 3.70040184e-01
165 3 1.17809725e+00 3.70343742e-01
166 3 1.17809725e+00 3.72986040e-01
167 3 1.17809725e+00 3.72908085e-01
168 3 1.17809725e+00 3.69701633e-01
169 3 1.17809725e+00 3.71827195e-01
170 3 1.17809725e+00 3.71244731e-01
171 3 1.17809725e+00 3.69237369e-01
172 3 1.17809725e+00 3.70898008e-01
173 3 1.17809725e+00 3.68890084e-01
174 3 1.17809725e+00 3.71370708e-01
175 3 1.17809725e+00 3.72690724e-01
176 3 1.17809725e+00 3.71440253e-01
177 3 1.17809725e+00 3.69758310e-01
178 3 1.17809725e+00 3.69962263e-01
179 3 1.17809725e+00 3.72647957e-01
180 3 1.17809725e+00 3.69396796e-01
181 3 1.17809725e+00 3.72910630e-01
182 3 1.17809725e+00 3.69104094e-01
183 3 1.17809725e+00 3.72051983e-01
184 3 1.17809725e+00 3.68285102e-01
185 3 1.17809725e+00 3.65919484e-01
186 3 1.17809725e+00 3.70156274e-01
187 3 1.17809725e+00 3.74332931e-01
188 3 1.17809725e+00 3.69041868e-01
189 3 1.17809725e+00 3.72071376e-01
190 3 1.17809725e+00 3.69820729e-01
191 3 1.17809725e+00 3.71899181e-01
192 3 1.17809725e+00 3.71194619e-01
193 3 1.17809725e+00 3.71315900e-01
194 3 1.17809725e+00 3.67806345e-01
195 3 1.17809725e+00 3.69845788e-01
196 3 1.17809725e+00 3.69324361e-01
197 3 1.17809725e+00 3.69427406e-01
198 3 1.17809725e+00 3.67534729e-01
199 3 1.17809725e+00 3.69389029e-01
200 3 1.17809725e+00 3.71307969e-01
201 3 1.17809725e+00 3.68505009e-01
202 3 1.17809725e+00 3.67351781e-01
203 3 1.17809725e+00 3.69993139e-01
204 3 1.17809725e+00 3.69509579e-01
205 3 1.17809725e+00 3.71524923e-01
206 3 1.17809725e+00 3.69690554e-01
207 3 1.17809725e+00 3.70416109e-01
208 3 1.17809725e+00 3.70660422e-01
209 3 1.17809725e+00 3.72093417e-01
210 3 1.17809725e+00 3.67088848e-01
211 3 1.17809725e+00 3.67946135e-01
212 3 1.17809725e+00 3.67702724e-01
213 3 1.17809725e+00 3.68529545e-01
214 3 1.17809725e+00 3.69791587e-01
215 3 1.17809725e+00 3.69773244e-01
216 3 1.17809725e+00 3.73928387e-01
217 3 1.17809725e+00 3.75461084e-01
218 3 1.17809725e+00 3.71278804e-01
219 3 1.17809725e+00 3.73225846e-01
220 3 1.17809725e+00 3.70023338e-01
221 3 1.17809725e+00 3.73482791e-01
222 3 1.17809725e+00 3.66812556e-01
223 3 1.17809725e+00 3.72515234e-01
224 3 1.17809725e+00 3.69967328e-01
225 3 1.17809725e+00 3.69482893e-01
226 3 1.17809725e+00 3.69427052e-01
227 3 1.17809725e+00 3.70662945e-01
228 3 1.17809725e+00 3.71662057e-01
229 3 1.17809725e+00 3.69825112e-01
230 3 1.17809725e+00 3.68653544e-01
231 3 1.17809725e+00 3.69058146e-01
232 3 1.17809725e+00 3.72097447e-01
233 3 1.17809725e+00 3.68221049e-01
234 3 1.17809725e+00 3.72282880e-01
235 3 1.17809725e+00 3.71132242e-01
236 3 1.17809725e+00 3.71428089e-01
237 3 1.17809725e+00 3.75470034e-01
238 3 1.17809725e+00 3.69712901e-01
239 3 1.17809725e+00 3.71897975e-01
240 3 1.17809725e+00 3.71843828e-01
241 3 1.17809725e+00 3.71468555e-01
242 3 1.17809725e+00 3.71969155e-01
243 3 1.17809725e+00 3.71881285e-01
244 3 1.17809725e+00 3.67388312e-01
245 3 1.17809725e+00 3.66753893e-01
246 3 1.17809725e+00 3.67864804e-01
247 3 1.17809725e+00 3.72767199e-01
248 3 1.17809725e+00 3.67704972e-01
249 3 1.17809725e+00 3.70381266e-01
250 3 1.17809725e+00 3.72382188e-01
251 3 1.17809725e+00 3.71061909e-01
252 3 1.17809725e+00 3.70316641e-01
253 3 1.17809725e+00 3.70703672e-01
254 3 1.17809725e+00 3.73162425e-01
255 3 1.17809725e+00 3.67853793e-01
256 3 1.17809725e+00 3.72026025e-01
257 3 1.17809725e+00 3.70524581e-01
258 3 1.17809725e+00 3.69271142e-01
259 3 1.17809725e+00 3.70302825e-01
260 3 1.17809725e+00 3.69148962e-01
261 3 1.17809725e+00 3.71785644e-01
262 3 1.17809725e+00 3.70884862e-01
263 3 1.17809725e+00 3.66560180e-01
264 3 1.17809725e+00 3.68105677e-01
265 3 1.17809725e+00 3.73055850e-01
266 3 1.17809725e+00 3.68361060e-01
267 3 1.17809725e+00 3.70848262e-01
268 3 1.17809725e+00 3.64091102e-01
269 3 1.17809725e+00 3.72435616e-01
270 3 1.17809725e+00 3.69388029e-01
271 3 1.17809725e+00 3.74757174e-01
272 3 1.17809725e+00 3.69864643e-01
273 3 1.17809725e+00 3.70687748e-01
274 3 1.17809725e+00 3.67750220e-01
275 3 1.17809725e+00 3.72157616e-01
276 3 1.17809725e+00 3.69304476e-01
277 3 1.17809725e+00 3.70164877e-01
278 3 1.17809725e+00 3.71977527e-01
279 3 1.17809725e+00 3.70372746e-01
280 3 1.17809725e+00 3.67567478e-01
281 3 1.17809725e+00 3.68794143e-01
282 3 1.17809725e+00 3.70944650e-01
283 3 1.17809725e+00 3.70969706e-01
284 3 1.17809725e+00 3.67084323e-01
285 3 1.17809725e+00 3.68990777e-01
286 3 1.17809725e+00 3.65493187e-01
287 3 1.17809725e+00 3.68674399e-01
288 3 1.17809725e+00 3.73595659e-01
289 3 1.17809725e+00 3.71965838e-01
290 3 1.17809725e+00 3.70945135e-01
291 3 1.17809725e+00 3.66758977e-01
292 3 1.17809725e+00 3.71768345e-01
293 3 1.17809725e+00 3.75446371e-01
294 3 1.17809725e+00 3.70170961e-01
295 3 1.17809725e+00 3.70605243e-01
296 3 1.17809725e+00 3.71802022e-01
297 3 1.17809725e+00 3.71405133e-01
298 3 1.17809725e+00 3.68769723e-01
299 3 1.17809725e+00 3.66796562e-01
300 3 1.17809725e+00 3.73273433e-01
301 3 1.17809725e+00 3.71991091e-01
302 3 1.17809725e+00 3.69150272e-01
303 3 1.17809725e+00 3.67532056e-01
304 3 1.17809725e+00 3.73433101e-01
305 3 1.17809725e+00 3.69716849e-01
306 3 1.17809725e+00 3.68082615e-01
307 3 1.17809725e+00 3.69472439e-01
308 3 1.17809725e+00 3.70125495e-01
309 3 1.17809725e+00 3.71812633e-01
310 3 1.17809725e+00 3.66433960e-01
311 3 1.17809725e+00 3.68554591e-01
312 3 1.17809725e+00 3.71614514e-01
313 3 1.17809725e+00 3.68610564e-01
314 3 1.17809725e+00 3.74577399e-01
315 3 1.17809725e+00 3.65972473e-01
316 3 1.17809725e+00 3.68598416e-01
317 3 1.17809725e+00 3.70721016e-01
318 3 1.17809725e+00 3.66341178e-01
319 3 1.17809725e+00 3.70922668e-01
320 3 1.17809725e+00 3.65530329e-01
321 3 1.17809725e+00 3.68956199e-01
322 3 1.17809725e+00 3.71931155e-01
323 3 1.17809725e+00 3.69631904e-01
324 3 1.17809725e+00 3.71321355e-01
325 3 1.17809725e+00 3.71676247e-01
326 3 1.17809725e+00 3.70284570e-01
327 3 1.17809725e+00 3.72078288e-01
328 3 1.17809725e+00 3.69943211e-01
329 3 1.17809725e+00 3.71956775e-01
330 3 1.17809725e+00 3.70210274e-01
331 3 1.17809725e+00 3.73435729e-01
332 3 1.17809725e+00 3.73092045e-01
333 3 1.17809725e+00 3.64242088e-01
334 3 1.17809725e+00 3.66187894e-01
335 3 1.17809725e+00 3.72629415e-01
336 3 1.17809725e+00 3.69921492e-01
337 3 1.17809725e+00 3.71769999e-01
338 3 1.17809725e+00 3.68313927e-01
339 3 1.17809725e+00 3.70455760e-01
340 3 1.17809725e+00 3.67836110e-01
341 3 1.17809725e+00 3.70258495e-01
342 3 1.17809725e+00 3.71327913e-01
343 3 1.17809725e+00 3.69608600e-01
344 3 1.17809725e+00 3.68882301e-01
345 3 1.17809725e+00 3.68343521e-01
346 3 1.17809725e+00 3.69438829e-01
347 3 1.17809725e+00 3.69245984e-01
348 3 1.17809725e+00 3.69871862e-01
349 3 1.17809725e+00 3.74037826e-01
350 3 1.17809725e+00 3.68757783e-01
351 3 1.17809725e+00 3.69004266e-01
352 3 1.17809725e+00 3.71666673e-01
353 3 1.17809725e+00 3.69807080e-01
354 3 1.17809725e+00 3.71510306e-01
355 3 1.17809725e+00 3.69024432e-01
356 3 1.17809725e+00 3.69336006e-01
357 3 1.17809725e+00 3.73636396e-01
358 3 1.17809725e+00 3.70669442e-01
359 3 1.17809725e+00 3.70184196e-01
360 3 1.17809725e+00 3.68920183e-01
361 3 1.17809725e+00 3.69269825e-01
362 3 1.17809725e+00 3.65805482e-01
363 3 1.17809725e+00 3.70672108e-01
364 3 1.17809725e+00 3.68293290e-01
365 3 1.17809725e+00 3.68230371e-01
366 3 1.17809725e+00 3.72214456e-01
367 3 1.17809725e+00 3.69715095e-01
368 3 1.17809725e+00 3.67929662e-01
369 3 1.17809725e+00 3.66692436e-01
370 3 1.17809725e+00 3.69261239e-01
371 3 1.17809725e+00 3.71080068e-01
372 3 1.17809725e+00 3.70601113e-01
373 3 1.17809725e+00 3.67287690e-01
374 3 1.17809725e+00 3.65850130e-01
375 3 1.17809725e+00 3.67697135e-01
376 3 1.17809725e+00 3.68272325e-01
377 3 1.17809725e+00 3.71010781e-01
378 3 1.17809725e+00 3.71040886e-01
379 3 1.17809725e+00 3.69770078e-01
380 3 1.17809725e+00 3.69699573e-01
381 3 1.17809725e+00 3.66939606e-01
382 3 1.17809725e+00 3.70833647e-01
383 3 1.17809725e+00 3.72419991e-01
384 3 1.17809725e+00 3.70573530e-01
385 3 1.17809725e+00 3.67739104e-01
386 3 1.17809725e+00 3.69633941e-01
387 3 1.17809725e+00 3.67310063e-01
388 3 1.17809725e+00 3.71257338e-01
389 3 1.17809725e+00 3.72137533e-01
390 3 1.17809725e+00 3.73210746e-01
391 3 1.17809725e+00 3.68296634e-01
392 3 1.17809725e+00 3.71264830e-01
393 3 1.17809725e+00 3.70809215e-01
394 3 1.17809725e+00 3.70849889e-01
395 3 1.17809725e+00 3.69394921e-01
396 3 1.17809725e+00 3.64482352e-01
397 3 1.17809725e+00 3.69949661e-01
398 3 1.17809725e+00 3.71269587e-01
399 3 1.17809725e+00 3.68852839e-01
400 3 1.17809725e+00 3.68450414e-01
401 3 1.17809725e+00 3.64638500e-01
402 3 1.17809725e+00 3.72288277e-01
403 3 1.17809725e+00 3.73471530e-01
404 3 1.17809725e+00 3.67832256e-01
405 3 1.17809725e+00 3.69498654e-01
406 3 1.17809725e+00 3.71838448e-01
407 3 1.17809725e+00 3.73573217e-01
408 3 1.17809725e+00 3.71688102e-01
409 3 1.17809725e+00 3.70472579e-01
410 3 1.17809725e+00 3.70153050e-01
411 3 1.17809725e+00 3.74127876e-01
412 3 1.17809725e+00 3.71216514e-01
413 3 1.17809725e+00 3.69822930e-01
414 3 1.17809725e+00 3.70389440e-01
415 3 1.17809725e+00 3.71329705e-01
416 3 1.17809725e+00 3.70891560e-01
417 3 1.17809725e+00 3.68431621e-01
418 3 1.17809725e+00 3.71751720e-01
419 3 1.17809725e+00 3.68542122e-01
420 3 1.17809725e+00 3.69994208e-01
421 3 1.17809725e+00 3.68794503e-01
422 3 1.17809725e+00 3.73219830e-01
423 3 1.17809725e+00 3.71813716e-01
424 3 1.17809725e+00 3.65638457e-01
425 3 1.17809725e+00 3.72399145e-01
426 3 1.17809725e+00 3.71537701e-01
427 3 1.17809725e+00 3.65736726e-01
428 3 1.17809725e+00 3.69210440e-01
429 3 1.17809725e+00 3.70999721e-01
430 3 1.17809725e+00 3.69624537e-01
431 3 1.17809725e+00 3.70895046e-01
432 3 1.17809725e+00 3.69668122e-01
433 3 1.17809725e+00 3.70827012e-01
434 3 1.17809725e+00 3.67326962e-01
435 3 1.17809725e+00 3.69306837e-01
436 3 1.17809725e+00 3.66777426e-01
437 3 1.17809725e+00 3.69079779e-01
438 3 1.17809725e+00 3.70382176e-01
439 3 1.17809725e+00 3.70616392e-01
440 3 1.17809725e+00 3.70883751e-01
441 3 1.17809725e+00 3.69419118e-01
442 3 1.17809725e+00 3.70417850e-01
443 3 1.17809725e+00 3.69020489e-01
444 3 1.17809725e+00 3.70528621e-01
445 3 1.17809725e+00 3.70027327e-01
446 3 1.17809725e+00 3.68073054e-01
447 3 1.17809725e+00 3.74923045e-01
448 3 1.17809725e+00 3.70670702e-01
449 3 1.17809725e+00 3.71792841e-01
450 3 1.17809725e+00 3.71857874e-01
451 3 1.17809725e+00 3.70464694e-01
452 3 1.17809725e+00 3.70975318e-01
453 3 1.17809725e+00 3.67560127e-01
454 3 1.17809725e+00 3.69307278e-01
455 3 1.17809725e+00 3.70880428e-01
456 3 1.17809725e+00 3.68793018e-01
457 3 1.17809725e+00 3.70512666e-01
458 3 1.17809725e+00 3.74223409e-01
459 3 1.17809725e+00 3.69653491e-01
460 3 1.17809725e+00 3.72405315e-01
461 3 1.17809725e+00 3.69954414e-01
462 3 1.17809725e+00 3.69848633e-01
463 3 1.17809725e+00 3.67009606e-01
464 3 1.17809725e+00 3.71301435e-01
465 3 1.17809725e+00 3.69898754e-01
466 3 1.17809725e+00 3.67858012e-01
467 3 1.17809725e+00 3.69302200e-01
468 3 1.17809725e+00 3.69505299e-01
469 3 1.17809725e+00 3.70616834e-01
470 3 1.17809725e+00 3.72135485e-01
471 3 1.17809725e+00 3.69174901e-01
472 3 1.17809725e+00 3.72207306e-01
473 3 1.17809725e+00 3.77609375e-01
474 3 1.17809725e+00 3.71317523e-01
475 3 1.17809725e+00 3.71727271e-01
476 3 1.17809725e+00 3.71659438e-01
477 3 1.17809725e+00 3.72783861e-01
478 3 1.17809725e+00 3.71703604e-01
479 3 1.17809725e+00 3.70694984e-01
480 3 1.17809725e+00 3.71835227e-01
481 3 1.17809725e+00 3.70208629e-01
482 3 1.17809725e+00 3.68595315e-01
483 3 1.17809725e+00 3.73966641e-01
484 3 1.17809725e+00 3.69176695e-01
485 3 1.17809725e+00 3.70673674e-01
486 3 1.17809725e+00 3.70566230e-01
487 3 1.17809725e+00 3.68934681e-01
488 3 1.17809725e+00 3.70304310e-01
489 3 1.17809725e+00 3.69513692e-01
490 3 1.17809725e+00 3.71163275e-01
491 3 1.17809725e+00 3.69322394e-01
492 3 1.17809725e+00 3.74672102e-01
493 3 1.17809725e+00 3.71596307e-01
494 3 1.17809725e+00 3.69815390e-01
495 3 1.17809725e+00 3.68800530e-01
496 3 1.17809725e+00 3.69186225e-01
497 3 1.17809725e+00 3.67176972e-01
498 3 1.17809725e+00 3.72242416e-01
499 3 1.17809725e+00 3.71426427e-01
500 3 1.17809725e+00 3.65761076e-01
501 3 1.17809725e+00 3.69785821e-01
502 3 1.17809725e+00 3.70940514e-01
503 3 1.17809725e+00 3.71145884e-01
504 3 1.17809725e+00 3.71220200e-01
505 3 1.17809725e+00 3.71703481e-01
506 3 1.17809725e+00 3.70736927e-01
507 3 1.17809725e+00 3.65578505e-01
508 3 1.17809725e+00 3.69252793e-01
509 3 1.17809725e+00 3.70915398e-01
510 3 1.17809725e+00 3.67676377e-01
511 3 1.17809725e+00 3.71060072e-01
512 3 1.17809725e+00 3.71890062e-01
513 3 1.17809725e+00 3.66822942e-01
514 3 1.17809725e+00 3.71862610e-01
515 3 1.17809725e+00 3.74939552e-01
516 3 1.17809725e+00 3.69253073e-01
517 3 1.17809725e+00 3.70741109e-01
518 3 1.17809725e+00 3.69579361e-01
519 3 1.17809725e+00 3.69527922e-01
520 3 1.17809725e+00 3.71085666e-01
521 3 1.17809725e+00 3.72854723e-01
522 3 1.17809725e+00 3.73439953e-01
523 3 1.17809725e+00 3.68862459e-01
524 3 1.17809725e+00 3.71781385e-01
525 3 1.17809725e+00 3.72223750e-01
526 3 1.17809725e+00 3.69050188e-01
527 3 1.17809725e+00 3.73552584e-01
528 3 1.17809725e+00 3.69475308e-01
529 3 1.17809725e+00 3.69730192e-01
530 3 1.17809725e+00 3.73390934e-01
531 3 1.17809725e+00 3.67353114e-01
532 3 1.17809725e+00 3.66996612e-01
533 3 1.17809725e+00 3.69757369e-01
534 3 1.17809725e+00 3.68646866e-01
535 3 1.17809725e+00 3.68258099e-01
536 3 1.17809725e+00 3.69451484e-01
537 3 1.17809725e+00 3.69312969e-01
538 3 1.17809725e+00 3.69826524e-01
539 3 1.17809725e+00 3.68239925e-01
540 3 1.17809725e+00 3.68317938e-01
541 3 1.17809725e+00 3.71067185e-01
542 3 1.17809725e+00 3.72808633e-01
543 3 1.17809725e+00 3.70123906e-01
544 3 1.17809725e+00 3.71198188e-01
545 3 1.17809725e+00 3.72129167e-01
546 3 1.17809725e+00 3.72348920e-01
547 3 1.17809725e+00 3.65295593e-01
548 3 1.17809725e+00 3.69831699e-01
549 3 1.17809725e+00 3.69682446e-01
550 3 1.17809725e+00 3.72387576e-01
551 3 1.17809725e+00 3.73067790e-01
552 3 1.17809725e+00 3.71679481e-01
553 3 1.17809725e+00 3.71119832e-01
554 3 1.17809725e+00 3.69512957e-01
555 3 1.17809725e+00 3.68005304e-01
556 3 1.17809725e+00 3.73459490e-01
557 3 1.17809725e+00 3.71164363e-01
558 3 1.17809725e+00 3.73744675e-01
559 3 1.17809725e+00 3.66519494e-01
560 3 1.17809725e+00 3.65441093e-01
561 3 1.17809725e+00 3.67467725e-01
562 3 1.17809725e+00 3.66512504e-01
563 3 1.17809725e+00 3.67098338e-01
564 3 1.17809725e+00 3.70012904e-01
565 3 1.17809725e+00 3.71463847e-01
566 3 1.17809725e+00 3.71730881e-01
567 3 1.17809725e+00 3.73813797e-01
568 3 1.17809725e+00 3.71632898e-01
569 3 1.17809725e+00 3.70533568e-01
570 3 1.17809725e+00 3.69959125e-01
571 3 1.17809725e+00 3.72590557e-01
572 3 1.17809725e+00 3.70800226e-01
573 3 1.17809725e+00 3.70310109e-01
574 3 1.17809725e+00 3.69052460e-01
575 3 1.17809725e+00 3.70291631e-01
576 3 1.17809725e+00 3.70555835e-01
577 3 1.17809725e+00 3.68932676e-01
578 3 1.17809725e+00 3.71542799e-01
579 3 1.17809725e+00 3.74032610e-01
580 3 1.17809725e+00 3.72167577e-01
581 3 1.17809725e+00 3.73202224e-01
582 3 1.17809725e+00 3.72956300e-01
583 3 1.17809725e+00 3.68957117e-01
584 3 1.17809725e+00 3.69855571e-01
585 3 1.17809725e+00 3.65947969e-01
586 3 1.17809725e+00 3.68063006e-01
587 3 1.17809725e+00 3.69458827e-01
588 3 1.17809725e+00 3.69580311e-01
589 3 1.17809725e+00 3.66293348e-01
590 3 1.17809725e+00 3.72286183e-01
591 3 1.17809725e+00 3.72786942e-01
592 3 1.17809725e+00 3.74309360e-01
593 3 1.17809725e+00 3.71447773e-01
594 3 1.17809725e+00 3.69920357e-01
595 3 1.17809725e+00 3.69952198e-01
596 3 1.17809725e+00 3.70246019e-01
597 3 1.17809725e+00 3.68639458e-01
598 3 1.17809725e+00 3.67865467e-01
599 3 1.17809725e+00 3.70640528e-01
600 3 1.17809725e+00 3.72590954e-01
601 3 1.17809725e+00 3.68816378e-01
602 3 1.17809725e+00 3.71369624e-01
603 3 1.17809725e+00 3.68217952e-01
604 3 1.17809725e+00 3.72002942e-01
605 3 1.17809725e+00 3.68924334e-01
606 3 1.17809725e+00 3.71924824e-01
607 3 1.17809725e+00 3.69061832e-01
608 3 1.17809725e+00 3.70906068e-01
609 3 1.17809725e+00 3.71498233e-01
610 3 1.17809725e+00 3.74834669e-01
611 3 1.17809725e+00 3.68587770e-01
612 3 1.17809725e+00 3.69455990e-01
613 3 1.17809725e+00 3.67903120e-01
614 3 1.17809725e+00 3.72016836e-01
615 3 1.17809725e+00 3.67233114e-01
616 3 1.17809725e+00 3.71439216e-01
617 3 1.17809725e+00 3.71745773e-01
618 3 1.17809725e+00 3.71256512e-01
619 3 1.17809725e+00 3.71921900e-01
620 3 1.17809725e+00 3.72072383e-01
621 3 1.17809725e+00 3.72047042e-01
622 3 1.17809725e+00 3.70285940e-01
623 3 1.17809725e+00 3.69757328e-01
624 3 1.17809725e+00 3.69998553e-01
625 3 1.17809725e+00 3.69379685e-01
626 3 1.17809725e+00 3.71187562e-01
627 3 1.17809725e+00 3.69332807e-01
628 3 1.17809725e+00 3.72564539e-01
629 3 1.17809725e+00 3.66275850e-01
630 3 1.17809725e+00 3.70393759e-01
631 3 1.17809725e+00 3.73223945e-01
632 3 1.17809725e+00 3.70520270e-01
633 3 1.17809725e+00 3.72282286e-01
634 3 1.17809725e+00 3.66910164e-01
635 3 1.17809725e+00 3.69756322e-01
636 3 1.17809725e+00 3.70161574e-01
637 3 1.17809725e+00 3.70225205e-01
638 3 1.17809725e+00 3.70378438e-01
639 3 1.17809725e+00 3.65433050e-01
640 3 1.17809725e+00 3.71330258e-01
641 3 1.17809725e+00 3.72267933e-01
642 3 1.17809725e+00 3.66421409e-01
643 3 1.17809725e+00 3.68569402e-01
644 3 1.17809725e+00 3.70601116e-01
645 3 1.17809725e+00 3.68805110e-01
646 3 1.17809725e+00 3.69558765e-01
647 3 1.17809725e+00 3.74058750e-01
648 3 1.17809725e+00 3.71145539e-01
649 3 1.17809725e+00 3.69616705e-01
650 3 1.17809725e+00 3.72245574e-01
651 3 1.17809725e+00 3.69294036e-01
652 3 1.17809725e+00 3.67666034e-01
653 3 1.17809725e+00 3.72694592e-01
654 3 1.17809725e+00 3.70741217e-01
655 3 1.17809725e+00 3.69165880e-01
656 3 1.17809725e+00 3.70445272e-01
657 3 1.17809725e+00 3.71659985e-01
658 3 1.17809725e+00 3.70576619e-01
659 3 1.17809725e+00 3.70589158e-01
660 3 1.17809725e+00 3.71864023e-01
661 3 1.17809725e+00 3.70472814e-01
662 3 1.17809725e+00 3.73231477e-01
663 3 1.17809725e+00 3.73593338e-01
664 3 1.17809725e+00 3.71023053e-01
665 3 1.17809725e+00 3.68106848e-01
666 3 1.17809725e+00 3.73727642e-01
667 3 1.17809725e+00 3.73496914e-01
668 3 1.17809725e+00 3.69189906e-01
669 3 1.17809725e+00 3.69799037e-01
670 3 1.17809725e+00 3.69680067e-01
671 3 1.17809725e+00 3.67763388e-01
672 3 1.17809725e+00 3.68806119e-01
673 3 1.17809725e+00 3.73408665e-01
674 3 1.17809725e+00 3.71842907e-01
675 3 1.17809725e+00 3.68791676e-01
676 3 1.17809725e+00 3.68894072e-01
677 3 1.17809725e+00 3.73827996e-01
678 3 1.17809725e+00 3.71659441e-01
679 3 1.17809725e+00 3.69290880e-01
680 3 1.17809725e+00 3.69263254e-01
681 3 1.17809725e+00 3.70118336e-01
682 3 1.17809725e+00 3.69080839e-01
683 3 1.17809725e+00 3.71534667e-01
684 3 1.17809725e+00 3.69283338e-01
685 3 1.17809725e+00 3.68782895e-01
686 3 1.17809725e+00 3.70960605e-01
687 3 1.17809725e+00 3.68272899e-01
688 3 1.17809725e+00 3.71363373e-01
689 3 1.17809725e+00 3.70309172e-01
690 3 1.17809725e+00 3.67790775e-01
691 3 1.17809725e+00 3.69300531e-01
692 3 1.17809725e+00 3.72846473e-01
693 3 1.17809725e+00 3.68357495e-01
694 3 1.17809725e+00 3.67619191e-01
695 3 1.17809725e+00 3.66649772e-01
696 3 1.17809725e+00 3.72965373e-01
697 3 1.17809725e+00 3.72662064e-01
698 3 1.17809725e+00 3.71810994e-01
699 3 1.17809725e+00 3.69718280e-01
700 3 1.17809725e+00 3.70525861e-01
701 3 1.17809725e+00 3.69306188e-01
702 3 1.17809725e+00 3.70413308e-01
703 3 1.17809725e+00 3.68303532e-01
704 3 1.17809725e+00 3.74493618e-01
705 3 1.17809725e+00 3.67724844e-01
706 3 1.17809725e+00 3.73998724e-01
707 3 1.17809725e+00 3.70665375e-01
708 3 1.17809725e+00 3.68883253e-01
709 3 1.17809725e+00 3.69313413e-01
710 3 1.17809725e+00 3.69553956e-01
711 3 1.17809725e+00 3.68437230e-01
712 3 1.17809725e+00 3.74966244e-01
713 3 1.17809725e+00 3.68273548e-01
714 3 1.17809725e+00 3.70505126e-01
715 3 1.17809725e+00 3.71814812e-01
716 3 1.17809725e+00 3.71205549e-01
717 3 1.17809725e+00 3.69462197e-01
718 3 1.17809725e+00 3.73803127e-01
719 3 1.17809725e+00 3.68180344e-01
720 3 1.17809725e+00 3.71948479e-01
721 3 1.17809725e+00 3.68310324e-01
722 3 1.17809725e+00 3.71480153e-01
723 3 1.17809725e+00 3.72293172e-01
724 3 1.17809725e+00 3.69793800e-01
725 3 1.17809725e+00 3.70382786e-01
726 3 1.17809725e+00 3.69723627e-01
727 3 1.17809725e+00 3.73479491e-01
728 3 1.17809725e+00 3.69437658e-01
729 3 1.17809725e+00 3.69488727e-01
730 3 1.17809725e+00 3.66918839e-01
731 3 1.17809725e+00 3.68318661e-01
732 3 1.17809725e+00 3.69196059e-01
733 3 1.17809725e+00 3.69925041e-01
734 3 1.17809725e+00 3.71529489e-01
735 3 1.17809725e+00 3.71245468e-01
736 3 1.17809725e+00 3.69249430e-01
737 3 1.17809725e+00 3.66229235e-01
738 3 1.17809725e+00 3.69540377e-01
739 3 1.17809725e+00 3.73384990e-01
740 3 1.17809725e+00 3.67076781e-01
741 3 1.17809725e+00 3.68122032e-01
742 3 1.17809725e+00 3.70775489e-01
743 3 1.17809725e+00 3.67291466e-01
744 3 1.17809725e+00 3.65480619e-01
745 3 1.17809725e+00 3.71444063e-01
746 3 1.17809725e+00 3.71761865e-01
747 3 1.17809725e+00 3.77183264e-01
748 3 1.17809725e+00 3.71333450e-01
749 3 1.17809725e+00 3.74177961e-01
750 3 1.17809725e+00 3.68313543e-01
751 3 1.17809725e+00 3.70167521e-01
752 3 1.17809725e+00 3.67850165e-01
753 3 1.17809725e+00 3.71117940e-01
754 3 1.17809725e+00 3.73667153e-01
755 3 1.17809725e+00 3.68307449e-01
756 3 1.17809725e+00 3.73525424e-01
757 3 1.17809725e+00 3.72379369e-01
758 3 1.17809725e+00 3.69616385e-01
759 3 1.17809725e+00 3.73359570e-01
760 3 1.17809725e+00 3.70336419e-01
761 3 1.17809725e+00 3.72497310e-01
762 3 1.17809725e+00 3.70702388e-01
763 3 1.17809725e+00 3.69705654e-01
764 3 1.17809725e+00 3.69837605e-01
765 3 1.17809725e+00 3.67772385e-01
766 3 1.17809725e+00 3.73639092e-01
767 3 1.17809725e+00 3.74259727e-01
768 3 1.17809725e+00 3.70102743e-01
769 3 1.17809725e+00 3.70155986e-01
770 3 1.17809725e+00 3.71366375e-01
771 3 1.17809725e+00 3.69456700e-01
772 3 1.17809725e+00 3.70925754e-01
773 3 1.17809725e+00 3.66637983e-01
774 3 1.17809725e+00 3.71845492e-01
775 3 1.17809725e+00 3.70479322e-01
776 3 1.17809725e+00 3.72982084e-01
777 3 1.17809725e+00 3.70434639e-01
778 3 1.17809725e+00 3.70300214e-01
779 3 1.17809725e+00 3.69417285e-01
780 3 1.17809725e+00 3.66016097e-01
781 3 1.17809725e+00 3.73888662e-01
782 3 1.17809725e+00 3.73118081e-01
783 3 1.17809725e+00 3.68029800e-01
784 3 1.17809725e+00 3.69562290e-01
785 3 1.17809725e+00 3.70131580e-01
786 3 1.17809725e+00 3.69068990e-01
787 3 1.17809725e+00 3.70898871e-01
788 3 1.17809725e+00 3.68233645e-01
789 3 1.17809725e+00 3.66068486e-01
790 3 1.17809725e+00 3.67507649e-01
791 3 1.17809725e+00 3.65130295e-01
792 3 1.17809725e+00 3.71359442e-01
793 3 1.17809725e+00 3.68808346e-01
794 3 1.17809725e+00 3.69044328e-01
795 3 1.17809725e+00 3.71232165e-01
796 3 1.17809725e+00 3.69288239e-01
797 3 1.17809725e+00 3.71608881e-01
798 3 1.17809725e+00 3.69066837e-01
799 3 1.17809725e+00 3.69965092e-01
800 3 1.17809725e+00 3.69840138e-01
801 3 1.17809725e+00 3.70190669e-01
802 3 1.17809725e+00 3.68676553e-01
803 3 1.17809725e+00 3.73004328e-01
804 3 1.17809725e+00 3.71792049e-01
805 3 1.17809725e+00 3.70484911e-01
806 3 1.17809725e+00 3.64799175e-01
807 3 1.17809725e+00 3.71308220e-01
808 3 1.17809725e+00 3.69171041e-01
809 3 1.17809725e+00 3.69461368e-01
810 3 1.17809725e+00 3.69463054e-01
811 3 1.17809725e+00 3.70539719e-01
812 3 1.17809725e+00 3.71247609e-01
813 3 1.17809725e+00 3.67906329e-01
814 3 1.17809725e+00 3.71926235e-01
815 3 1.17809725e+00 3.69758177e-01
816 3 1.17809725e+00 3.75378827e-01
817 3 1.17809725e+00 3.71560623e-01
818 3 1.17809725e+00 3.70613240e-01
819 3 1.17809725e+00 3.72937701e-01
820 3 1.17809725e+00 3.69507991e-01
821 3 1.17809725e+00 3.68467432e-01
822 3 1.17809725e+00 3.68762396e-01
823 3 1.17809725e+00 3.70109254e-01
824 3 1.17809725e+00 3.71788975e-01
825 3 1.17809725e+00 3.70047823e-01
826 3 1.17809725e+00 3.70566044e-01
827 3 1.17809725e+00 3.70559575e-01
828 3 1.17809725e+00 3.70153953e-01
829 3 1.17809725e+00 3.71803144e-01
830 3 1.17809725e+00 3.67602593e-01
831 3 1.17809725e+00 3.68640950e-01
832 3 1.17809725e+00 3.68855494e-01
833 3 1.17809725e+00 3.67517222e-01
834 3 1.17809725e+00 3.68158152e-01
835 3 1.17809725e+00 3.73801348e-01
836 3 1.17809725e+00 3.67161143e-01
837 3 1.17809725e+00 3.71335476e-01
838 3 1.17809725e+00 3.69855459e-01
839 3 1.17809725e+00 3.73067114e-01
840 3 1.17809725e+00 3.72710007e-01
841 3 1.17809725e+00 3.67854420e-01
842 3 1.17809725e+00 3.68164600e-01
843 3 1.17809725e+00 3.69936952e-01
844 3 1.17809725e+00 3.71833724e-01
845 3 1.17809725e+00 3.70036162e-01
846 3 1.17809725e+00 3.68241343e-01
847 3 1.17809725e+00 3.67809763e-01
848 3 1.17809725e+00 3.69280369e-01
849 3 1.17809725e+00 3.69756845e-01
850 3 1.17809725e+00 3.71740436e-01
851 3 1.17809725e+00 3.70340676e-01
852 3 1.17809725e+00 3.71724268e-01
853 3 1.17809725e+00 3.69584002e-01
854 3 1.17809725e+00 3.73104457e-01
855 3 1.17809725e+00 3.65797131e-01
856 3 1.17809725e+00 3.70668524e-01
857 3 1.17809725e+00 3.68919667e-01
858 3 1.17809725e+00 3.71642361e-01
859 3 1.17809725e+00 3.70543037e-01
860 3 1.17809725e+00 3.68511219e-01
861 3 1.17809725e+00 3.70710911e-01
862 3 1.17809725e+00 3.71325308e-01
863 3 1.17809725e+00 3.74482819e-01
864 3 1.17809725e+00 3.72522088e-01
865 3 1.17809725e+00 3.71259992e-01
866 3 1.17809725e+00 3.72265555e-01
867 3 1.17809725e+00 3.70285329e-01
868 3 1.17809725e+00 3.71198321e-01
869 3 1.17809725e+00 3.70681145e-01
870 3 1.17809725e+00 3.70893394e-01
871 3 1.17809725e+00 3.70014747e-01
872 3 1.17809725e+00 3.72476242e-01
873 3 1.17809725e+00 3.72990863e-01
874 3 1.17809725e+00 3.70430775e-01
875 3 1.17809725e+00 3.74412263e-01
876 3 1.17809725e+00 3.68917819e-01
877 3 1.17809725e+00 3.71083333e-01
878 3 1.17809725e+00 3.71126213e-01
879 3 1.17809725e+00 3.71348870e-01
880 3 1.17809725e+00 3.68103664e-01
881 3 1.17809725e+00 3.69887505e-01
882 3 1.17809725e+00 3.70894571e-01
883 3 1.17809725e+00 3.69025936e-01
884 3 1.17809725e+00 3.68853926e-01
885 3 1.17809725e+00 3.70386098e-01
886 3 1.17809725e+00 3.70323336e-01
887 3 1.17809725e+00 3.68557938e-01
888 3 1.17809725e+00 3.74771369e-01
889 3 1.17809725e+00 3.72069722e-01
890 3 1.17809725e+00 3.72380418e-01
891 3 1.17809725e+00 3.69897491e-01
892 3 1.17809725e+00 3.70922242e-01
893 3 1.17809725e+00 3.70448633e-01
894 3 1.17809725e+00 3.68189238e-01
895 3 1.17809725e+00 3.67040034e-01
896 3 1.17809725e+00 3.71278511e-01
897 3 1.17809725e+00 3.67348958e-01
898 3 1.17809725e+00 3.72091746e-01
899 3 1.17809725e+00 3.70215311e-01
0 4 1.57079633e+00 4.41159715e-01
1 4 1.57079633e+00 4.38822092e-01
2 4 1.57079633e+00 4.38364379e-01
3 4 1.57079633e+00 4.37900712e-01
4 4 1.57079633e+00 4.36699907e-01
5 4 1.57079633e+00 4.37788811e-01
6 4 1.57079633e+00 4.37152375e-01
7 4 1.57079633e+00 4.36486549e-01
8 4 1.57079633e+00 4.35622653e-01
9 4 1.57079633e+00 4.36561283e-01
10 4 1.57079633e+00 4.34780183e-01
11 4 1.57079633e+00 4.33723537e-01
12 4 1.57079633e+00 4.39627968e-01
13 4 1.57079633e+00 4.42364881e-01
14 4 1.57079633e+00 4.39452368e-01
15 4 1.57079633e+00 4.39321359e-01
16 4 1.57079633e+00 4.31746018e-01
17 4 1.57079633e+00 4.36286302e-01
18 4 1.57079633e+00 4.38382760e-01
19 4 1.57079633e+00 4.37010199e-01
20 4 1.57079633e+00 4.36326866e-01
21 4 1.57079633e+00 4.37246118e-01
22 4 1.57079633e+00 4.40151698e-01
23 4 1.57079633e+00 4.44229050e-01
24 4 1.57079633e+00 4.37344435e-01
25 4 1.57079633e+00 4.34895175e-01
26 4 1.57079633e+00 4.34317081e-01
27 4 1.57079633e+00 4.33034186e-01
28 4 1.57079633e+00 4.38857252e-01
29 4 1.57079633e+00 4.36592051e-01
30 4 1.57079633e+00 4.35670082e-01
31 4 1.57079633e+00 4.35368263e-01
32 4 1.57079633e+00 4.32633770e-01
33 4 1.57079633e+00 4.37337564e-01
34 4 1.57079633e+00 4.40089533e-01
35 4 1.57079633e+00 4.41985362e-01
36 4 1.57079633e+00 4.36968578e-01
37 4 1.57079633e+00 4.36025918e-01
38 4 1.57079633e+00 4.36340941e-01
39 4 1.57079633e+00 4.32813200e-01
40 4 1.57079633e+00 4.30376577e-01
41 4 1.57079633e+00 4.37731917e-01
42 4 1.57079633e+00 4.34507271e-01
43 4 1.57079633e+00 4.36323979e-01
44 4 1.57079633e+00 4.35731012e-01
45 4 1.57079633e+00 4.37276111e-01
46 4 1.57079633e+00 4.34586530e-01
47 4 1.57079633e+00 4.37609935e-01
48 4 1.57079633e+00 4.36373187e-01
49 4 1.57079633e+00 4.38966234e-01
50 4 1.57079633e+00 4.36626769e-01
51 4 1.57079633e+00 4.37853491e-01
52 4 1.57079633e+00 4.36394798e-01
53 4 1.57079633e+00 4.33170403e-01
54 4 1.57079633e+00 4.35629162e-01
55 4 1.57079633e+00 4.38659054e-01
56 4 1.57079633e+00 4.36740245e-01
57 4 1.57079633e+00 4.34318989e-01
58 4 1.57079633e+00 4.37200088e-01
59 4 1.57079633e+00 4.41540179e-01
60 4 1.57079633e+00 4.33446077e-01
61 4 1.57079633e+00 4.36061474e-01
62 4 1.57079633e+00 4.33266581e-01
63 4 1.57079633e+00 4.32538867e-01
64 4 1.57079633e+00 4.34703723e-01
65 4 1.57079633e+00 4.38615802e-01
66 4 1.57079633e+00 4.41166382e-01
67 4 1.57079633e+00 4.31304357e-01
68 4 1.57079633e+00 4.34936641e-01
69 4 1.57079633e+00 4.40791310e-01
70 4 1.57079633e+00 4.33131153e-01
71 4 1.57079633e+00 4.33362973e-01
72 4 1.57079633e+00 4.32997968e-01
73 4 1.57079633e+00 4.44600413e-01
74 4 1.57079633e+00 4.43528325e-01
75 4 1.57079633e+00 4.38184803e-01
76 4 1.57079633e+00 4.36660094e-01
77 4 1.57079633e+00 4.32847620e-01
78 4 1.57079633e+00 4.39411223e-01
79 4 1.57079633e+00 4.37990445e-01
80 4 1.57079633e+00 4.35927086e-01
81 4 1.57079633e+00 4.35483926e-01
82 4 1.57079633e+00 4.33110242e-01
83 4 1.57079633e+00 4.37404314e-01
84 4 1.57079633e+00 4.34468335e-01
85 4 1.57079633e+00 4.42789379e-01
86 4 1.57079633e+00 4.36951339e-01
87 4 1.57079633e+00 4.37328034e-01
88 4 1.57079633e+00 4.36823468e-01
89 4 1.57079633e+00 4.33466674e-01
90 4 1.57079633e+00 4.38605993e-01
91 4 1.57079633e+00 4.35975242e-01
92 4 1.57079633e+00 4.37172603e-01
93 4 1.57079633e+00 4.40280568e-01
94 4 1.57079633e+00 4.37493235e-01
95 4 1.57079633e+00 4.38842040e-01
96 4 1.57079633e+00 4.41216443e-01
97 4 1.57079633e+00 4.40556051e-01
98 4 1.57079633e+00 4.34414550e-01
99 4 1.57079633e+00 4.39278447e-01
100 4 1.57079633e+00 4.36278725e-01
101 4 1.57079633e+00 4.36563961e-01
102 4 1.57079633e+00 4.40104356e-01
103 4 1.57079633e+00 4.36640565e-01
104 4 1.57079633e+00 4.35002205e-01
105 4 1.57079633e+00 4.36737288e-01
106 4 1.57079633e+00 4.35323106e-01
107 4 1.57079633e+00 4.36983815e-01
108 4 1.57079633e+00 4.36775820e-01
109 4 1.57079633e+00 4.34301952e-01
110 4 1.57079633e+00 4.34654340e-01
111 4 1.57079633e+00 4.33682773e-01
112 4 1.57079633e+00 4.35531703e-01
113 4 1.57079633e+00 4.35101647e-01
114 4 1.57079633e+00 4.36807530e-01
115 4 1.57079633e+00 4.31352398e-01
116 4 1.57079633e+00 4.35987814e-01
117 4 1.57079633e+00 4.40546121e-01
118 4 1.57079633e+00 4.36911805e-01
119 4 1.57079633e+00 4.36692993e-01
120 4 1.57079633e+00 4.29277135e-01
121 4 1.57079633e+00 4.36763005e-01
122 4 1.57079633e+00 4.32502034e-01
123 4 1.57079633e+00 4.36018197e-01
124 4 1.57079633e+00 4.37715872e-01
125 4 1.57079633e+00 4.33743224e-01
126 4 1.57079633e+00 4.39343229e-01
127 4 1.57079633e+00 4.36110962e-01
128 4 1.57079633e+00 4.39050093e-01
129 4 1.57079633e+00 4.30578953e-01
130 4 1.57079633e+00 4.37078080e-01
131 4 1.57079633e+00 4.38651751e-01
132 4 1.57079633e+00 4.33797087e-01
133 4 1.57079633e+00 4.35122488e-01
134 4 1.57079633e+00 4.39832189e-01
135 4 1.57079633e+00 4.35709844e-01
136 4 1.57079633e+00 4.35099155e-01
137 4 1.57079633e+00 4.34777828e-01
138 4 1.57079633e+00 4.39528771e-01
139 4 1.57079633e+00 4.36587942e-01
140 4 1.57079633e+00 4.38737943e-01
141 4 1.57079633e+00 4.34332907e-01
142 4 1.57079633e+00 4.30986378e-01
143 4 1.57079633e+00 4.33438691e-01
144 4 1.57079633e+00 4.37474324e-01
145 4 1.57079633e+00 4.39637997e-01
146 4 1.57079633e+00 4.36526037e-01
147 4 1.57079633e+00 4.36217388e-01
148 4 1.57079633e+00 4.36631539e-01
149 4 1.57079633e+00 4.32986710e-01
150 4 1.57079633e+00 4.34267377e-01
151 4 1.57079633e+00 4.32975139e-01
152 4 1.57079633e+00 4.31624969e-01
153 4 1.57079633e+00 4.35056159e-01
154 4 1.57079633e+00 4.40548270e-01
155 4 1.57079633e+00 4.36611974e-01
156 4 1.57079633e+00 4.39557261e-01
157 4 1.57079633e+00 4.31195288e-01
158 4 1.57079633e+00 4.38290504e-01
159 4 1.57079633e+00 4.32803517e-01
160 4 1.57079633e+00 4.34797254e-01
161 4 1.57079633e+00 4.35023743e-01
162 4 1.57079633e+00 4.32901758e-01
163 4 1.57079633e+00 4.38714731e-01
164 4 1.57079633e+00 4.35575141e-01
165 4 1.57079633e+00 4.36817296e-01
166 4 1.57079633e+00 4.39787092e-01
167 4 1.57079633e+00 4.40243706e-01
168 4 1.57079633e+00 4.36000193e-01
169 4 1.57079633e+00 4.38242059e-01
170 4 1.57079633e+00 4.37629042e-01
171 4 1.57079633e+00 4.34860088e-01
172 4 1.57079633e+00 4.37110877e-01
173 4 1.57079633e+00 4.34232688e-01
174 4 1.57079633e+00 4.37677452e-01
175 4 1.57079633e+00 4.38705010e-01
176 4 1.57079633e+00 4.38360959e-01
177 4 1.57079633e+00 4.35933321e-01
178 4 1.57079633e+00 4.36842149e-01
179 4 1.57079633e+00 4.41094271e-01
180 4 1.57079633e+00 4.34931950e-01
181 4 1.57079633e+00 4.41059206e-01
182 4 1.57079633e+00 4.35522512e-01
183 4 1.57079633e+00 4.38154570e-01
184 4 1.57079633e+00 4.33338239e-01
185 4 1.57079633e+00 4.30983386e-01
186 4 1.57079633e+00 4.35930236e-01
187 4 1.57079633e+00 4.41160693e-01
188 4 1.57079633e+00 4.34698627e-01
189 4 1.57079633e+00 4.38162572e-01
190 4 1.57079633e+00 4.35587312e-01
191 4 1.57079633e+00 4.39300498e-01
192 4 1.57079633e+00 4.38026526e-01
193 4 1.57079633e+00 4.38116864e-01
194 4 1.57079633e+00 4.32626058e-01
195 4 1.57079633e+00 4.35788181e-01
196 4 1.57079633e+00 4.34547670e-01
197 4 1.57079633e+00 4.34593039e-01
198 4 1.57079633e+00 4.32575947e-01
199 4 1.57079633e+00 4.35242442e-01
200 4 1.57079633e+00 4.37136387e-01
201 4 1.57079633e+00 4.34799412e-01
202 4 1.57079633e+00 4.32200131e-01
203 4 1.57079633e+00 4.36043956e-01
204 4 1.57079633e+00 4.36091379e-01
205 4 1.57079633e+00 4.38454182e-01
206 4 1.57079633e+00 4.35297605e-01
207 4 1.57079633e+00 4.36748318e-01
208 4 1.57079633e+00 4.37042505e-01
209 4 1.57079633e+00 4.38414985e-01
210 4 1.57079633e+00 4.31203843e-01
211 4 1.57079633e+00 4.32829424e-01
212 4 1.57079633e+00 4.33358784e-01
213 4 1.57079633e+00 4.34426025e-01
214 4 1.57079633e+00 4.35367731e-01
215 4 1.57079633e+00 4.35240696e-01
216 4 1.57079633e+00 4.41578829e-01
217 4 1.57079633e+00 4.42832991e-01
218 4 1.57079633e+00 4.38018413e-01
219 4 1.57079633e+00 4.40992852e-01
220 4 1.57079633e+00 4.36382869e-01
221 4 1.57079633e+00 4.40562457e-01
222 4 1.57079633e+00 4.31246276e-01
223 4 1.57079633e+00 4.38950532e-01
224 4 1.57079633e+00 4.36409421e-01
225 4 1.57079633e+00 4.36013583e-01
226 4 1.57079633e+00 4.35172952e-01
227 4 1.57079633e+00 4.36683618e-01
228 4 1.57079633e+00 4.38390961e-01
229 4 1.57079633e+00 4.35295176e-01
230 4 1.57079633e+00 4.33541464e-01
231 4 1.57079633e+00 4.33886491e-01
232 4 1.57079633e+00 4.39427125e-01
233 4 1.57079633e+00 4.33741657e-01
234 4 1.57079633e+00 4.39010281e-01
235 4 1.57079633e+00 4.37679034e-01
236 4 1.57079633e+00 4.38738008e-01
237 4 1.57079633e+00 4.43019861e-01
238 4 1.57079633e+00 4.35640141e-01
239 4 1.57079633e+00 4.37797253e-01
240 4 1.57079633e+00 4.38091169e-01
241 4 1.57079633e+00 4.38211514e-01
242 4 1.57079633e+00 4.38598025e-01
243 4 1.57079633e+00 4.38205091e-01
244 4 1.57079633e+00 4.32253094e-01
245 4 1.57079633e+00 4.31303945e-01
246 4 1.57079633e+00 4.32975096e-01
247 4 1.57079633e+00 4.40314903e-01
248 4 1.57079633e+00 4.31806924e-01
249 4 1.57079633e+00 4.36266709e-01
250 4 1.57079633e+00 4.39558028e-01
251 4 1.57079633e+00 4.37961136e-01
252 4 1.57079633e+00 4.35370364e-01
253 4 1.57079633e+00 4.37011654e-01
254 4 1.57079633e+00 4.39932275e-01
255 4 1.57079633e+00 4.32030797e-01
256 4 1.57079633e+00 4.39002410e-01
257 4 1.57079633e+00 4.36252382e-01
258 4 1.57079633e+00 4.35637635e-01
259 4 1.57079633e+00 4.36731896e-01
260 4 1.57079633e+00 4.34999604e-01
261 4 1.57079633e+00 4.37904814e-01
262 4 1.57079633e+00 4.36789357e-01
263 4 1.57079633e+00 4.30451249e-01
264 4 1.57079633e+00 4.33504476e-01
265 4 1.57079633e+00 4.40033191e-01
266 4 1.57079633e+00 4.33471723e-01
267 4 1.57079633e+00 4.36885296e-01
268 4 1.57079633e+00 4.27352516e-01
269 4 1.57079633e+00 4.39151371e-01
270 4 1.57079633e+00 4.34530940e-01
271 4 1.57079633e+00 4.41187452e-01
272 4 1.57079633e+00 4.36167975e-01
273 4 1.57079633e+00 4.37040086e-01
274 4 1.57079633e+00 4.33193287e-01
275 4 1.57079633e+00 4.38581633e-01
276 4 1.57079633e+00 4.35178476e-01
277 4 1.57079633e+00 4.36481535e-01
278 4 1.57079633e+00 4.38570164e-01
279 4 1.57079633e+00 4.36835776e-01
280 4 1.57079633e+00 4.33030562e-01
281 4 1.57079633e+00 4.33777201e-01
282 4 1.57079633e+00 4.37917976e-01
283 4 1.57079633e+00 4.37397393e-01
284 4 1.57079633e+00 4.31475657e-01
285 4 1.57079633e+00 4.33949518e-01
286 4 1.57079633e+00 4.30155547e-01
287 4 1.57079633e+00 4.34642878e-01
288 4 1.57079633e+00 4.41321473e-01
289 4 1.57079633e+00 4.38425674e-01
290 4 1.57079633e+00 4.38481558e-01
291 4 1.57079633e+00 4.31530059e-01
292 4 1.57079633e+00 4.37638369e-01
293 4 1.57079633e+00 4.43152576e-01
294 4 1.57079633e+00 4.35093079e-01
295 4 1.57079633e+00 4.37093177e-01
296 4 1.57079633e+00 4.38271037e-01
297 4 1.57079633e+00 4.38073433e-01
298 4 1.57079633e+00 4.34752531e-01
299 4 1.57079633e+00 4.31894970e-01
300 4 1.57079633e+00 4.40538713e-01
301 4 1.57079633e+00 4.38730007e-01
302 4 1.57079633e+00 4.34114534e-01
303 4 1.57079633e+00 4.32933063e-01
304 4 1.57079633e+00 4.40236632e-01
305 4 1.57079633e+00 4.35706371e-01
306 4 1.57079633e+00 4.33606086e-01
307 4 1.57079633e+00 4.35680266e-01
308 4 1.57079633e+00 4.35735938e-01
309 4 1.57079633e+00 4.38537132e-01
310 4 1.57079633e+00 4.31030249e-01
311 4 1.57079633e+00 4.33856344e-01
312 4 1.57079633e+00 4.38741432e-01
313 4 1.57079633e+00 4.33525723e-01
314 4 1.57079633e+00 4.42806012e-01
315 4 1.57079633e+00 4.30800163e-01
316 4 1.57079633e+00 4.34849683e-01
317 4 1.57079633e+00 4.37815914e-01
318 4 1.57079633e+00 4.29930708e-01
319 4 1.57079633e+00 4.37274787e-01
320 4 1.57079633e+00 4.29829710e-01
321 4 1.57079633e+00 4.34676323e-01
322 4 1.57079633e+00 4.38863014e-01
323 4 1.57079633e+00 4.36748812e-01
324 4 1.57079633e+00 4.38457502e-01
325 4 1.57079633e+00 4.38092729e-01
326 4 1.57079633e+00 4.36278696e-01
327 4 1.57079633e+00 4.38577540e-01
328 4 1.57079633e+00 4.36461713e-01
329 4 1.57079633e+00 4.38398394e-01
330 4 1.57079633e+00 4.35765150e-01
331 4 1.57079633e+00 4.40944528e-01
332 4 1.57079633e+00 4.40218639e-01
333 4 1.57079633e+00 4.28028877e-01
334 4 1.57079633e+00 4.31385485e-01
335 4 1.57079633e+00 4.39546852e-01
336 4 1.57079633e+00 4.35743741e-01
337 4 1.57079633e+00 4.38706208e-01
338 4 1.57079633e+00 4.34073927e-01
339 4 1.57079633e+00 4.36936271e-01
340 4 1.57079633e+00 4.33315084e-01
341 4 1.57079633e+00 4.35393634e-01
342 4 1.57079633e+00 4.37792122e-01
343 4 1.57079633e+00 4.36459261e-01
344 4 1.57079633e+00 4.35114838e-01
345 4 1.57079633e+00 4.34543179e-01
346 4 1.57079633e+00 4.34739004e-01
347 4 1.57079633e+00 4.35030444e-01
348 4 1.57079633e+00 4.36783051e-01
349 4 1.57079633e+00 4.41561824e-01
350 4 1.57079633e+00 4.34136297e-01
351 4 1.57079633e+00 4.36388002e-01
352 4 1.57079633e+00 4.39206644e-01
353 4 1.57079633e+00 4.35840528e-01
354 4 1.57079633e+00 4.38015121e-01
355 4 1.57079633e+00 4.35278574e-01
356 4 1.57079633e+00 4.35067269e-01
357 4 1.57079633e+00 4.41152868e-01
358 4 1.57079633e+00 4.37092503e-01
359 4 1.57079633e+00 4.36039042e-01
360 4 1.57079633e+00 4.36028186e-01
361 4 1.57079633e+00 4.34942672e-01
362 4 1.57079633e+00 4.29383406e-01
363 4 1.57079633e+00 4.37220382e-01
364 4 1.57079633e+00 4.33481151e-01
365 4 1.57079633e+00 4.34135451e-01
366 4 1.57079633e+00 4.39876840e-01
367 4 1.57079633e+00 4.35275223e-01
368 4 1.57079633e+00 4.33085815e-01
369 4 1.57079633e+00 4.31591736e-01
370 4 1.57079633e+00 4.34815779e-01
371 4 1.57079633e+00 4.37399750e-01
372 4 1.57079633e+00 4.35749170e-01
373 4 1.57079633e+00 4.31467760e-01
374 4 1.57079633e+00 4.29152869e-01
375 4 1.57079633e+00 4.32898032e-01
376 4 1.57079633e+00 4.33977589e-01
377 4 1.57079633e+00 4.37331261e-01
378 4 1.57079633e+00 4.37342819e-01
379 4 1.57079633e+00 4.36193859e-01
380 4 1.57079633e+00 4.35897679e-01
381 4 1.57079633e+00 4.31942532e-01
382 4 1.57079633e+00 4.36861137e-01
383 4 1.57079633e+00 4.39262261e-01
384 4 1.57079633e+00 4.36989729e-01
385 4 1.57079633e+00 4.33017674e-01
386 4 1.57079633e+00 4.35354603e-01
387 4 1.57079633e+00 4.31389796e-01
388 4 1.57079633e+00 4.37582261e-01
389 4 1.57079633e+00 4.39196184e-01
390 4 1.57079633e+00 4.39318320e-01
391 4 1.57079633e+00 4.34022532e-01
392 4 1.57079633e+00 4.38027140e-01
393 4 1.57079633e+00 4.36605352e-01
394 4 1.57079633e+00 4.37591271e-01
395 4 1.57079633e+00 4.35355094e-01
396 4 1.57079633e+00 4.28412759e-01
397 4 1.57079633e+00 4.36189268e-01
398 4 1.57079633e+00 4.37787465e-01
399 4 1.57079633e+00 4.34488117e-01
400 4 1.57079633e+00 4.32981409e-01
401 4 1.57079633e+00 4.28713995e-01
402 4 1.57079633e+00 4.39082384e-01
403 4 1.57079633e+00 4.40455124e-01
404 4 1.57079633e+00 4.33468816e-01
405 4 1.57079633e+00 4.35614111e-01
406 4 1.57079633e+00 4.38469125e-01
407 4 1.57079633e+00 4.38860103e-01
408 4 1.57079633e+00 4.37811187e-01
409 4 1.57079633e+00 4.37573158e-01
410 4 1.57079633e+00 4.36043591e-01
411 4 1.57079633e+00 4.40847173e-01
412 4 1.57079633e+00 4.37808126e-01
413 4 1.57079633e+00 4.35434398e-01
414 4 1.57079633e+00 4.36351295e-01
415 4 1.57079633e+00 4.37544216e-01
416 4 1.57079633e+00 4.36289580e-01
417 4 1.57079633e+00 4.33959490e-01
418 4 1.57079633e+00 4.38819302e-01
419 4 1.57079633e+00 4.33545417e-01
420 4 1.57079633e+00 4.36667132e-01
421 4 1.57079633e+00 4.34320674e-01
422 4 1.57079633e+00 4.40127531e-01
423 4 1.57079633e+00 4.38955254e-01
424 4 1.57079633e+00 4.30207858e-01
425 4 1.57079633e+00 4.39189598e-01
426 4 1.57079633e+00 4.38405885e-01
427 4 1.57079633e+00 4.30189393e-01
428 4 1.57079633e+00 4.34965307e-01
429 4 1.57079633e+00 4.37370549e-01
430 4 1.57079633e+00 4.35297728e-01
431 4 1.57079633e+00 4.37960712e-01
432 4 1.57079633e+00 4.35808919e-01
433 4 1.57079633e+00 4.37775336e-01
434 4 1.57079633e+00 4.31864485e-01
435 4 1.57079633e+00 4.35642966e-01
436 4 1.57079633e+00 4.31224543e-01
437 4 1.57079633e+00 4.34334619e-01
438 4 1.57079633e+00 4.37248424e-01
439 4 1.57079633e+00 4.36687197e-01
440 4 1.57079633e+00 4.38198310e-01
441 4 1.57079633e+00 4.36002348e-01
442 4 1.57079633e+00 4.36799740e-01
443 4 1.57079633e+00 4.35416377e-01
444 4 1.57079633e+00 4.36497253e-01
445 4 1.57079633e+00 4.36173591e-01
446 4 1.57079633e+00 4.33010617e-01
447 4 1.57079633e+00 4.42952892e-01
448 4 1.57079633e+00 4.36608757e-01
449 4 1.57079633e+00 4.39340376e-01
450 4 1.57079633e+00 4.38706316e-01
451 4 1.57079633e+00 4.36515798e-01
452 4 1.57079633e+00 4.37174496e-01
453 4 1.57079633e+00 4.33444342e-01
454 4 1.57079633e+00 4.35505682e-01
455 4 1.57079633e+00 4.38387994e-01
456 4 1.57079633e+00 4.33752999e-01
457 4 1.57079633e+00 4.36223840e-01
458 4 1.57079633e+00 4.42186061e-01
459 4 1.57079633e+00 4.35529330e-01
460 4 1.57079633e+00 4.39674179e-01
461 4 1.57079633e+00 4.36740590e-01
462 4 1.57079633e+00 4.36100750e-01
463 4 1.57079633e+00 4.31514130e-01
464 4 1.57079633e+00 4.37979286e-01
465 4 1.57079633e+00 4.37056512e-01
466 4 1.57079633e+00 4.33719417e-01
467 4 1.57079633e+00 4.34194127e-01
468 4 1.57079633e+00 4.35664696e-01
469 4 1.57079633e+00 4.36463821e-01
470 4 1.57079633e+00 4.39682288e-01
471 4 1.57079633e+00 4.34377191e-01
472 4 1.57079633e+00 4.38644902e-01
473 4 1.57079633e+00 4.46803652e-01
474 4 1.57079633e+00 4.37898327e-01
475 4 1.57079633e+00 4.38166892e-01
476 4 1.57079633e+00 4.38298237e-01
477 4 1.57079633e+00 4.39399179e-01
478 4 1.57079633e+00 4.38525733e-01
479 4 1.57079633e+00 4.36355299e-01
480 4 1.57079633e+00 4.37908522e-01
481 4 1.57079633e+00 4.36411421e-01
482 4 1.57079633e+00 4.34293833e-01
483 4 1.57079633e+00 4.41460920e-01
484 4 1.57079633e+00 4.35331661e-01
485 4 1.57079633e+00 4.36752650e-01
486 4 1.57079633e+00 4.37047681e-01
487 4 1.57079633e+00 4.34683641e-01
488 4 1.57079633e+00 4.36761311e-01
489 4 1.57079633e+00 4.35535682e-01
490 4 1.57079633e+00 4.37647064e-01
491 4 1.57079633e+00 4.35691684e-01
492 4 1.57079633e+00 4.41372381e-01
493 4 1.57079633e+00 4.38823755e-01
494 4 1.57079633e+00 4.35181997e-01
495 4 1.57079633e+00 4.35011526e-01
496 4 1.57079633e+00 4.34915666e-01
497 4 1.57079633e+00 4.32382426e-01
498 4 1.57079633e+00 4.39068846e-01
499 4 1.57079633e+00 4.37346875e-01
500 4 1.57079633e+00 4.30319151e-01
501 4 1.57079633e+00 4.35907913e-01
502 4 1.57079633e+00 4.37514428e-01
503 4 1.57079633e+00 4.37781305e-01
504 4 1.57079633e+00 4.37248449e-01
505 4 1.57079633e+00 4.39006344e-01
506 4 1.57079633e+00 4.37121088e-01
507 4 1.57079633e+00 4.30113952e-01
508 4 1.57079633e+00 4.35045001e-01
509 4 1.57079633e+00 4.38056484e-01
510 4 1.57079633e+00 4.32300349e-01
511 4 1.57079633e+00 4.37336587e-01
512 4 1.57079633e+00 4.38550320e-01
513 4 1.57079633e+00 4.32291323e-01
514 4 1.57079633e+00 4.38248506e-01
515 4 1.57079633e+00 4.43461312e-01
516 4 1.57079633e+00 4.34280226e-01
517 4 1.57079633e+00 4.36964899e-01
518 4 1.57079633e+00 4.35001074e-01
519 4 1.57079633e+00 4.35967486e-01
520 4 1.57079633e+00 4.38834220e-01
521 4 1.57079633e+00 4.39634422e-01
522 4 1.57079633e+00 4.40471174e-01
523 4 1.57079633e+00 4.34507211e-01
524 4 1.57079633e+00 4.38281063e-01
525 4 1.57079633e+00 4.39124324e-01
526 4 1.57079633e+00 4.34270064e-01
527 4 1.57079633e+00 4.41010419e-01
528 4 1.57079633e+00 4.34868430e-01
529 4 1.57079633e+00 4.34772890e-01
530 4 1.57079633e+00 4.41903786e-01
531 4 1.57079633e+00 4.32565943e-01
532 4 1.57079633e+00 4.31444041e-01
533 4 1.57079633e+00 4.35855395e-01
534 4 1.57079633e+00 4.33307775e-01
535 4 1.57079633e+00 4.33894052e-01
536 4 1.57079633e+00 4.34913683e-01
537 4 1.57079633e+00 4.35117052e-01
538 4 1.57079633e+00 4.36648858e-01
539 4 1.57079633e+00 4.34156633e-01
540 4 1.57079633e+00 4.33517272e-01
541 4 1.57079633e+00 4.37502729e-01
542 4 1.57079633e+00 4.39836531e-01
543 4 1.57079633e+00 4.35679222e-01
544 4 1.57079633e+00 4.38142375e-01
545 4 1.57079633e+00 4.39526672e-01
546 4 1.57079633e+00 4.39189752e-01
547 4 1.57079633e+00 4.28964152e-01
548 4 1.57079633e+00 4.35515139e-01
549 4 1.57079633e+00 4.36280826e-01
550 4 1.57079633e+00 4.39245187e-01
551 4 1.57079633e+00 4.39445173e-01
552 4 1.57079633e+00 4.38185167e-01
553 4 1.57079633e+00 4.36526972e-01
554 4 1.57079633e+00 4.35456481e-01
555 4 1.57079633e+00 4.33587858e-01
556 4 1.57079633e+00 4.40438590e-01
557 4 1.57079633e+00 4.37961582e-01
558 4 1.57079633e+00 4.41159956e-01
559 4 1.57079633e+00 4.31627787e-01
560 4 1.57079633e+00 4.29464142e-01
561 4 1.57079633e+00 4.31810088e-01
562 4 1.57079633e+00 4.30333566e-01
563 4 1.57079633e+00 4.31913420e-01
564 4 1.57079633e+00 4.35951805e-01
565 4 1.57079633e+00 4.38174822e-01
566 4 1.57079633e+00 4.37896182e-01
567 4 1.57079633e+00 4.41474796e-01
568 4 1.57079633e+00 4.38042554e-01
569 4 1.57079633e+00 4.36674199e-01
570 4 1.57079633e+00 4.35579786e-01
571 4 1.57079633e+00 4.39376763e-01
572 4 1.57079633e+00 4.36128793e-01
573 4 1.57079633e+00 4.37493332e-01
574 4 1.57079633e+00 4.34676399e-01
575 4 1.57079633e+00 4.36212869e-01
576 4 1.57079633e+00 4.37229617e-01
577 4 1.57079633e+00 4.33770650e-01
578 4 1.57079633e+00 4.38900768e-01
579 4 1.57079633e+00 4.40852126e-01
580 4 1.57079633e+00 4.38535460e-01
581 4 1.57079633e+00 4.40186482e-01
582 4 1.57079633e+00 4.39975143e-01
583 4 1.57079633e+00 4.34733711e-01
584 4 1.57079633e+00 4.35762611e-01
585 4 1.57079633e+00 4.30605417e-01
586 4 1.57079633e+00 4.33667211e-01
587 4 1.57079633e+00 4.36277008e-01
588 4 1.57079633e+00 4.36132634e-01
589 4 1.57079633e+00 4.30482694e-01
590 4 1.57079633e+00 4.39402249e-01
591 4 1.57079633e+00 4.39416766e-01
592 4 1.57079633e+00 4.42520740e-01
593 4 1.57079633e+00 4.39024717e-01
594 4 1.57079633e+00 4.35634509e-01
595 4 1.57079633e+00 4.35385011e-01
596 4 1.57079633e+00 4.36711955e-01
597 4 1.57079633e+00 4.34449645e-01
598 4 1.57079633e+00 4.33233105e-01
599 4 1.57079633e+00 4.35817737e-01
600 4 1.57079633e+00 4.41129464e-01
601 4 1.57079633e+00 4.33921331e-01
602 4 1.57079633e+00 4.38106595e-01
603 4 1.57079633e+00 4.31693116e-01
604 4 1.57079633e+00 4.38928560e-01
605 4 1.57079633e+00 4.34256620e-01
606 4 1.57079633e+00 4.38764909e-01
607 4 1.57079633e+00 4.34290637e-01
608 4 1.57079633e+00 4.36549515e-01
609 4 1.57079633e+00 4.37420634e-01
610 4 1.57079633e+00 4.42146443e-01
611 4 1.57079633e+00 4.33624892e-01
612 4 1.57079633e+00 4.34674482e-01
613 4 1.57079633e+00 4.33101881e-01
614 4 1.57079633e+00 4.38640633e-01
615 4 1.57079633e+00 4.32352287e-01
616 4 1.57079633e+00 4.37592539e-01
617 4 1.57079633e+00 4.37926939e-01
618 4 1.57079633e+00 4.37480821e-01
619 4 1.57079633e+00 4.38759291e-01
620 4 1.57079633e+00 4.39420858e-01
621 4 1.57079633e+00 4.39817906e-01
622 4 1.57079633e+00 4.36603937e-01
623 4 1.57079633e+00 4.35753696e-01
624 4 1.57079633e+00 4.35996350e-01
625 4 1.57079633e+00 4.35530567e-01
626 4 1.57079633e+00 4.38136708e-01
627 4 1.57079633e+00 4.35251228e-01
628 4 1.57079633e+00 4.38713002e-01
629 4 1.57079633e+00 4.31352773e-01
630 4 1.57079633e+00 4.37698208e-01
631 4 1.57079633e+00 4.40214327e-01
632 4 1.57079633e+00 4.37155959e-01
633 4 1.57079633e+00 4.39566914e-01
634 4 1.57079633e+00 4.30952800e-01
635 4 1.57079633e+00 4.35420210e-01
636 4 1.57079633e+00 4.36337419e-01
637 4 1.57079633e+00 4.36777403e-01
638 4 1.57079633e+00 4.36788173e-01
639 4 1.57079633e+00 4.30219838e-01
640 4 1.57079633e+00 4.37703695e-01
641 4 1.57079633e+00 4.38649360e-01
642 4 1.57079633e+00 4.30915705e-01
643 4 1.57079633e+00 4.34275248e-01
644 4 1.57079633e+00 4.37426297e-01
645 4 1.57079633e+00 4.34465507e-01
646 4 1.57079633e+00 4.34289724e-01
647 4 1.57079633e+00 4.42133671e-01
648 4 1.57079633e+00 4.38204066e-01
649 4 1.57079633e+00 4.35449139e-01
650 4 1.57079633e+00 4.39113826e-01
651 4 1.57079633e+00 4.35171871e-01
652 4 1.57079633e+00 4.32180818e-01
653 4 1.57079633e+00 4.39044174e-01
654 4 1.57079633e+00 4.36860672e-01
655 4 1.57079633e+00 4.34493138e-01
656 4 1.57079633e+00 4.36787956e-01
657 4 1.57079633e+00 4.37997768e-01
658 4 1.57079633e+00 4.37193476e-01
659 4 1.57079633e+00 4.37742775e-01
660 4 1.57079633e+00 4.38586304e-01
661 4 1.57079633e+00 4.37000848e-01
662 4 1.57079633e+00 4.40362328e-01
663 4 1.57079633e+00 4.40680185e-01
664 4 1.57079633e+00 4.36987104e-01
665 4 1.57079633e+00 4.32758957e-01
666 4 1.57079633e+00 4.41614017e-01
667 4 1.57079633e+00 4.40142187e-01
668 4 1.57079633e+00 4.35707769e-01
669 4 1.57079633e+00 4.36250044e-01
670 4 1.57079633e+00 4.35918083e-01
671 4 1.57079633e+00 4.33178443e-01
672 4 1.57079633e+00 4.34685468e-01
673 4 1.57079633e+00 4.40037845e-01
674 4 1.57079633e+00 4.38794754e-01
675 4 1.57079633e+00 4.34337573e-01
676 4 1.57079633e+00 4.34581432e-01
677 4 1.57079633e+00 4.40601730e-01
678 4 1.57079633e+00 4.39077465e-01
679 4 1.57079633e+00 4.35797290e-01
680 4 1.57079633e+00 4.35289849e-01
681 4 1.57079633e+00 4.35646565e-01
682 4 1.57079633e+00 4.34606925e-01
683 4 1.57079633e+00 4.37776199e-01
684 4 1.57079633e+00 4.35029420e-01
685 4 1.57079633e+00 4.33728479e-01
686 4 1.57079633e+00 4.37903723e-01
687 4 1.57079633e+00 4.33351774e-01
688 4 1.57079633e+00 4.37545973e-01
689 4 1.57079633e+00 4.36518209e-01
690 4 1.57079633e+00 4.32880422e-01
691 4 1.57079633e+00 4.34081300e-01
692 4 1.57079633e+00 4.40245984e-01
693 4 1.57079633e+00 4.33611580e-01
694 4 1.57079633e+00 4.32141326e-01
695 4 1.57079633e+00 4.31756189e-01
696 4 1.57079633e+00 4.39954546e-01
697 4 1.57079633e+00 4.39774073e-01
698 4 1.57079633e+00 4.38399373e-01
699 4 1.57079633e+00 4.35955454e-01
700 4 1.57079633e+00 4.36406040e-01
701 4 1.57079633e+00 4.34050406e-01
702 4 1.57079633e+00 4.37048838e-01
703 4 1.57079633e+00 4.33756513e-01
704 4 1.57079633e+00 4.42421696e-01
705 4 1.57079633e+00 4.34145617e-01
706 4 1.57079633e+00 4.39701419e-01
707 4 1.57079633e+00 4.36086892e-01
708 4 1.57079633e+00 4.34377218e-01
709 4 1.57079633e+00 4.35169641e-01
710 4 1.57079633e+00 4.35378453e-01
711 4 1.57079633e+00 4.33527959e-01
712 4 1.57079633e+00 4.42076305e-01
713 4 1.57079633e+00 4.34228194e-01
714 4 1.57079633e+00 4.36325945e-01
715 4 1.57079633e+00 4.38296746e-01
716 4 1.57079633e+00 4.37285061e-01
717 4 1.57079633e+00 4.35657389e-01
718 4 1.57079633e+00 4.41032693e-01
719 4 1.57079633e+00 4.33192652e-01
720 4 1.57079633e+00 4.38887364e-01
721 4 1.57079633e+00 4.34668759e-01
722 4 1.57079633e+00 4.38296368e-01
723 4 1.57079633e+00 4.40135215e-01
724 4 1.57079633e+00 4.34874748e-01
725 4 1.57079633e+00 4.37308501e-01
726 4 1.57079633e+00 4.34764224e-01
727 4 1.57079633e+00 4.40421056e-01
728 4 1.57079633e+00 4.36327591e-01
729 4 1.57079633e+00 4.35236115e-01
730 4 1.57079633e+00 4.32015286e-01
731 4 1.57079633e+00 4.32802445e-01
732 4 1.57079633e+00 4.35045608e-01
733 4 1.57079633e+00 4.35830961e-01
734 4 1.57079633e+00 4.38271253e-01
735 4 1.57079633e+00 4.37868348e-01
736 4 1.57079633e+00 4.34481991e-01
737 4 1.57079633e+00 4.31291629e-01
738 4 1.57079633e+00 4.35457575e-01
739 4 1.57079633e+00 4.40235680e-01
740 4 1.57079633e+00 4.32265870e-01
741 4 1.57079633e+00 4.33083985e-01
742 4 1.57079633e+00 4.36339175e-01
743 4 1.57079633e+00 4.32076560e-01
744 4 1.57079633e+00 4.29709815e-01
745 4 1.57079633e+00 4.38332630e-01
746 4 1.57079633e+00 4.38291058e-01
747 4 1.57079633e+00 4.44905691e-01
748 4 1.57079633e+00 4.38167940e-01
749 4 1.57079633e+00 4.41033174e-01
750 4 1.57079633e+00 4.33577618e-01
751 4 1.57079633e+00 4.35389377e-01
752 4 1.57079633e+00 4.33832894e-01
753 4 1.57079633e+00 4.38342649e-01
754 4 1.57079633e+00 4.41708492e-01
755 4 1.57079633e+00 4.32730377e-01
756 4 1.57079633e+00 4.40691543e-01
757 4 1.57079633e+00 4.38566306e-01
758 4 1.57079633e+00 4.35724769e-01
759 4 1.57079633e+00 4.40944177e-01
760 4 1.57079633e+00 4.36588142e-01
761 4 1.57079633e+00 4.39431764e-01
762 4 1.57079633e+00 4.36990937e-01
763 4 1.57079633e+00 4.35709760e-01
764 4 1.57079633e+00 4.36687218e-01
765 4 1.57079633e+00 4.32933888e-01
766 4 1.57079633e+00 4.41133761e-01
767 4 1.57079633e+00 4.41806910e-01
768 4 1.57079633e+00 4.35657087e-01
769 4 1.57079633e+00 4.36118310e-01
770 4 1.57079633e+00 4.37993824e-01
771 4 1.57079633e+00 4.34415426e-01
772 4 1.57079633e+00 4.37951752e-01
773 4 1.57079633e+00 4.32228960e-01
774 4 1.57079633e+00 4.38502065e-01
775 4 1.57079633e+00 4.36616332e-01
776 4 1.57079633e+00 4.40169077e-01
777 4 1.57079633e+00 4.36851987e-01
778 4 1.57079633e+00 4.35795212e-01
779 4 1.57079633e+00 4.34096223e-01
780 4 1.57079633e+00 4.30230863e-01
781 4 1.57079633e+00 4.40916305e-01
782 4 1.57079633e+00 4.40546185e-01
783 4 1.57079633e+00 4.32947323e-01
784 4 1.57079633e+00 4.35143235e-01
785 4 1.57079633e+00 4.35529778e-01
786 4 1.57079633e+00 4.35189681e-01
787 4 1.57079633e+00 4.37390280e-01
788 4 1.57079633e+00 4.33876465e-01
789 4 1.57079633e+00 4.29810274e-01
790 4 1.57079633e+00 4.33474018e-01
791 4 1.57079633e+00 4.29586320e-01
792 4 1.57079633e+00 4.37739784e-01
793 4 1.57079633e+00 4.35070381e-01
794 4 1.57079633e+00 4.35007504e-01
795 4 1.57079633e+00 4.37285058e-01
796 4 1.57079633e+00 4.35090231e-01
797 4 1.57079633e+00 4.37588212e-01
798 4 1.57079633e+00 4.35014010e-01
799 4 1.57079633e+00 4.35642063e-01
800 4 1.57079633e+00 4.37360681e-01
801 4 1.57079633e+00 4.35651024e-01
802 4 1.57079633e+00 4.34021726e-01
803 4 1.57079633e+00 4.40239209e-01
804 4 1.57079633e+00 4.38844153e-01
805 4 1.57079633e+00 4.35847125e-01
806 4 1.57079633e+00 4.28691209e-01
807 4 1.57079633e+00 4.37845409e-01
808 4 1.57079633e+00 4.34865796e-01
809 4 1.57079633e+00 4.35555413e-01
810 4 1.57079633e+00 4.36119636e-01
811 4 1.57079633e+00 4.36471183e-01
812 4 1.57079633e+00 4.36824073e-01
813 4 1.57079633e+00 4.32958785e-01
814 4 1.57079633e+00 4.39135135e-01
815 4 1.57079633e+00 4.36060785e-01
816 4 1.57079633e+00 4.42811728e-01
817 4 1.57079633e+00 4.37897982e-01
818 4 1.57079633e+00 4.36530283e-01
819 4 1.57079633e+00 4.40082014e-01
820 4 1.57079633e+00 4.36341567e-01
821 4 1.57079633e+00 4.35338262e-01
822 4 1.57079633e+00 4.34078871e-01
823 4 1.57079633e+00 4.36234100e-01
824 4 1.57079633e+00 4.38795019e-01
825 4 1.57079633e+00 4.36094947e-01
826 4 1.57079633e+00 4.36716765e-01
827 4 1.57079633e+00 4.37411320e-01
828 4 1.57079633e+00 4.35898173e-01
829 4 1.57079633e+00 4.37773465e-01
830 4 1.57079633e+00 4.32005189e-01
831 4 1.57079633e+00 4.34150903e-01
832 4 1.57079633e+00 4.34417081e-01
833 4 1.57079633e+00 4.32351804e-01
834 4 1.57079633e+00 4.33034092e-01
835 4 1.57079633e+00 4.41895259e-01
836 4 1.57079633e+00 4.31972103e-01
837 4 1.57079633e+00 4.37917967e-01
838 4 1.57079633e+00 4.36829019e-01
839 4 1.57079633e+00 4.41579709e-01
840 4 1.57079633e+00 4.39473781e-01
841 4 1.57079633e+00 4.33326745e-01
842 4 1.57079633e+00 4.33089349e-01
843 4 1.57079633e+00 4.35170360e-01
844 4 1.57079633e+00 4.38720363e-01
845 4 1.57079633e+00 4.36157314e-01
846 4 1.57079633e+00 4.33847440e-01
847 4 1.57079633e+00 4.33276693e-01
848 4 1.57079633e+00 4.35507027e-01
849 4 1.57079633e+00 4.36262032e-01
850 4 1.57079633e+00 4.38619506e-01
851 4 1.57079633e+00 4.36898423e-01
852 4 1.57079633e+00 4.38008900e-01
853 4 1.57079633e+00 4.35503193e-01
854 4 1.57079633e+00 4.40083383e-01
855 4 1.57079633e+00 4.31096125e-01
856 4 1.57079633e+00 4.38237285e-01
857 4 1.57079633e+00 4.34417605e-01
858 4 1.57079633e+00 4.38513665e-01
859 4 1.57079633e+00 4.37682332e-01
860 4 1.57079633e+00 4.33586848e-01
861 4 1.57079633e+00 4.36332748e-01
862 4 1.57079633e+00 4.37046441e-01
863 4 1.57079633e+00 4.42951751e-01
864 4 1.57079633e+00 4.39262784e-01
865 4 1.57079633e+00 4.37130510e-01
866 4 1.57079633e+00 4.38917222e-01
867 4 1.57079633e+00 4.36280456e-01
868 4 1.57079633e+00 4.37474427e-01
869 4 1.57079633e+00 4.36731249e-01
870 4 1.57079633e+00 4.38164062e-01
871 4 1.57079633e+00 4.36913594e-01
872 4 1.57079633e+00 4.38578615e-01
873 4 1.57079633e+00 4.39428753e-01
874 4 1.57079633e+00 4.36781077e-01
875 4 1.57079633e+00 4.42657755e-01
876 4 1.57079633e+00 4.34916054e-01
877 4 1.57079633e+00 4.37311849e-01
878 4 1.57079633e+00 4.38596301e-01
879 4 1.57079633e+00 4.37870304e-01
880 4 1.57079633e+00 4.33258467e-01
881 4 1.57079633e+00 4.35930859e-01
882 4 1.57079633e+00 4.36295015e-01
883 4 1.57079633e+00 4.33868773e-01
884 4 1.57079633e+00 4.34250163e-01
885 4 1.57079633e+00 4.36755622e-01
886 4 1.57079633e+00 4.36359089e-01
887 4 1.57079633e+00 4.33487543e-01
888 4 1.57079633e+00 4.42278243e-01
889 4 1.57079633e+00 4.37392556e-01
890 4 1.57079633e+00 4.38866954e-01
891 4 1.57079633e+00 4.35672568e-01
892 4 1.57079633e+00 4.37624707e-01
893 4 1.57079633e+00 4.36242806e-01
894 4 1.57079633e+00 4.33298568e-01
895 4 1.57079633e+00 4.31745385e-01
896 4 1.57079633e+00 4.38532586e-01
897 4 1.57079633e+00 4.32206950e-01
898 4 1.57079633e+00 4.38016703e-01
899 4 1.57079633e+00 4.35288969e-01
0 5 1.96349541e+00 4.74054429e-01
1 5 1.96349541e+00 4.72936193e-01
2 5 1.96349541e+00 4.70212462e-01
3 5 1.96349541e+00 4.70303884e-01
4 5 1.96349541e+00 4.68252629e-01
5 5 1.96349541e+00 4.69638188e-01
6 5 1.96349541e+00 4.69590104e-01
7 5 1.96349541e+00 4.67865523e-01
8 5 1.96349541e+00 4.66575523e-01
9 5 1.96349541e+00 4.68533952e-01
10 5 1.96349541e+00 4.66216107e-01
11 5 1.96349541e+00 4.63047079e-01
12 5 1.96349541e+00 4.72496316e-01
13 5 1.96349541e+00 4.74632419e-01
14 5 1.96349541e+00 4.71589268e-01
15 5 1.96349541e+00 4.71814679e-01
16 5 1.96349541e+00 4.62557198e-01
17 5 1.96349541e+00 4.68385493e-01
18 5 1.96349541e+00 4.70495404e-01
19 5 1.96349541e+00 4.68948606e-01
20 5 1.96349541e+00 4.68712121e-01
21 5 1.96349541e+00 4.69947991e-01
22 5 1.96349541e+00 4.72042493e-01
23 5 1.96349541e+00 4.75839895e-01
24 5 1.96349541e+00 4.70168125e-01
25 5 1.96349541e+00 4.65816055e-01
26 5 1.96349541e+00 4.64942834e-01
27 5 1.96349541e+00 4.63578704e-01
28 5 1.96349541e+00 4.70175705e-01
29 5 1.96349541e+00 4.69009904e-01
30 5 1.96349541e+00 4.66646152e-01
31 5 1.96349541e+00 4.66493460e-01
32 5 1.96349541e+00 4.62976455e-01
33 5 1.96349541e+00 4.70243207e-01
34 5 1.96349541e+00 4.71848910e-01
35 5 1.96349541e+00 4.76325710e-01
36 5 1.96349541e+00 4.69115597e-01
37 5 1.96349541e+00 4.67502344e-01
38 5 1.96349541e+00 4.68656716e-01
39 5 1.96349541e+00 4.63816491e-01
40 5 1.96349541e+00 4.60600954e-01
41 5 1.96349541e+00 4.70421717e-01
42 5 1.96349541e+00 4.66413781e-01
43 5 1.96349541e+00 4.68787299e-01
44 5 1.96349541e+00 4.67780156e-01
45 5 1.96349541e+00 4.68756657e-01
46 5 1.96349541e+00 4.65125719e-01
47 5 1.96349541e+00 4.69160310e-01
48 5 1.96349541e+00 4.69037272e-01
49 5 1.96349541e+00 4.71914520e-01
50 5 1.96349541e+00 4.68238418e-01
51 5 1.96349541e+00 4.69665457e-01
52 5 1.96349541e+00 4.68270234e-01
53 5 1.96349541e+00 4.63775583e-01
54 5 1.96349541e+00 4.67324423e-01
55 5 1.96349541e+00 4.70236191e-01
56 5 1.96349541e+00 4.67009939e-01
57 5 1.96349541e+00 4.65002990e-01
58 5 1.96349541e+00 4.68599529e-01
59 5 1.96349541e+00 4.74213115e-01
60 5 1.96349541e+00 4.64523478e-01
61 5 1.96349541e+00 4.66590221e-01
62 5 1.96349541e+00 4.63605002e-01
63 5 1.96349541e+00 4.63566928e-01
64 5 1.96349541e+00 4.66138811e-01
65 5 1.96349541e+00 4.71547447e-01
66 5 1.96349541e+00 4.71197321e-01
67 5 1.96349541e+00 4.61720643e-01
68 5 1.96349541e+00 4.64387605e-01
69 5 1.96349541e+00 4.75526507e-01
70 5 1.96349541e+00 4.63807680e-01
71 5 1.96349541e+00 4.64171830e-01
72 5 1.96349541e+00 4.63920023e-01
73 5 1.96349541e+00 4.79227790e-01
74 5 1.96349541e+00 4.76492693e-01
75 5 1.96349541e+00 4.70655762e-01
76 5 1.96349541e+00 4.69053915e-01
77 5 1.96349541e+00 4.64966424e-01
78 5 1.96349541e+00 4.74005512e-01
79 5 1.96349541e+00 4.71345572e-01
80 5 1.96349541e+00 4.68375682e-01
81 5 1.96349541e+00 4.65851513e-01
82 5 1.96349541e+00 4.63752268e-01
83 5 1.96349541e+00 4.69085429e-01
84 5 1.96349541e+00 4.65481767e-01
85 5 1.96349541e+00 4.74663922e-01
86 5 1.96349541e+00 4.69679711e-01
87 5 1.96349541e+00 4.69833298e-01
88 5 1.96349541e+00 4.67567096e-01
89 5 1.96349541e+00 4.64394594e-01
90 5 1.96349541e+00 4.71638671e-01
91 5 1.96349541e+00 4.68005096e-01
92 5 1.96349541e+00 4.68996943e-01
93 5 1.96349541e+00 4.73421512e-01
94 5 1.96349541e+00 4.69607951e-01
95 5 1.96349541e+00 4.71143645e-01
96 5 1.96349541e+00 4.75134594e-01
97 5 1.96349541e+00 4.73041594e-01
98 5 1.96349541e+00 4.65317856e-01
99 5 1.96349541e+00 4.70554307e-01
100 5 1.96349541e+00 4.66382906e-01
101 5 1.96349541e+00 4.68441845e-01
102 5 1.96349541e+00 4.73511722e-01
103 5 1.96349541e+00 4.66123158e-01
104 5 1.96349541e+00 4.64587542e-01
105 5 1.96349541e+00 4.68792863e-01
106 5 1.96349541e+00 4.65812304e-01
107 5 1.96349541e+00 4.70765884e-01
108 5 1.96349541e+00 4.69047369e-01
109 5 1.96349541e+00 4.64313928e-01
110 5 1.96349541e+00 4.67101617e-01
111 5 1.96349541e+00 4.65501262e-01
112 5 1.96349541e+00 4.67062383e-01
113 5 1.96349541e+00 4.66320085e-01
114 5 1.96349541e+00 4.69602237e-01
115 5 1.96349541e+00 4.61577954e-01
116 5 1.96349541e+00 4.68208243e-01
117 5 1.96349541e+00 4.73101535e-01
118 5 1.96349541e+00 4.69188960e-01
119 5 1.96349541e+00 4.69006503e-01
120 5 1.96349541e+00 4.59968946e-01
121 5 1.96349541e+00 4.68506843e-01
122 5 1.96349541e+00 4.63629617e-01
123 5 1.96349541e+00 4.66370733e-01
124 5 1.96349541e+00 4.70167526e-01
125 5 1.96349541e+00 4.64861605e-01
126 5 1.96349541e+00 4.72735575e-01
127 5 1.96349541e+00 4.67448440e-01
128 5 1.96349541e+00 4.71503464e-01
129 5 1.96349541e+00 4.62104734e-01
130 5 1.96349541e+00 4.69240351e-01
131 5 1.96349541e+00 4.69700623e-01
132 5 1.96349541e+00 4.66536123e-01
133 5 1.96349541e+00 4.65599181e-01
134 5 1.96349541e+00 4.72223813e-01
135 5 1.96349541e+00 4.67611192e-01
136 5 1.96349541e+00 4.65394688e-01
137 5 1.96349541e+00 4.64872820e-01
138 5 1.96349541e+00 4.72393744e-01
139 5 1.96349541e+00 4.66915762e-01
140 5 1.96349541e+00 4.71537403e-01
141 5 1.96349541e+00 4.66026050e-01
142 5 1.96349541e+00 4.60374963e-01
143 5 1.96349541e+00 4.63175307e-01
144 5 1.96349541e+00 4.68567587e-01
145 5 1.96349541e+00 4.72739846e-01
146 5 1.96349541e+00 4.68103493e-01
147 5 1.96349541e+00 4.68312851e-01
148 5 1.96349541e+00 4.68240635e-01
149 5 1.96349541e+00 4.61701813e-01
150 5 1.96349541e+00 4.65041295e-01
151 5 1.96349541e+00 4.64646662e-01
152 5 1.96349541e+00 4.62073825e-01
153 5 1.96349541e+00 4.66433085e-01
154 5 1.96349541e+00 4.72617146e-01
155 5 1.96349541e+00 4.66984766e-01
156 5 1.96349541e+00 4.71577276e-01
157 5 1.96349541e+00 4.62050174e-01
158 5 1.96349541e+00 4.70173957e-01
159 5 1.96349541e+00 4.62936856e-01
160 5 1.96349541e+00 4.64910809e-01
161 5 1.96349541e+00 4.66808748e-01
162 5 1.96349541e+00 4.63987486e-01
163 5 1.96349541e+00 4.69414656e-01
164 5 1.96349541e+00 4.66019945e-01
165 5 1.96349541e+00 4.69300087e-01
166 5 1.96349541e+00 4.72345479e-01
167 5 1.96349541e+00 4.73175823e-01
168 5 1.96349541e+00 4.68415956e-01
169 5 1.96349541e+00 4.70669838e-01
170 5 1.96349541e+00 4.69512268e-01
171 5 1.96349541e+00 4.65673629e-01
172 5 1.96349541e+00 4.68956377e-01
173 5 1.96349541e+00 4.64922384e-01
174 5 1.96349541e+00 4.69583260e-01
175 5 1.96349541e+00 4.69720851e-01
176 5 1.96349541e+00 4.71068200e-01
177 5 1.96349541e+00 4.68300896e-01
178 5 1.96349541e+00 4.70332290e-01
179 5 1.96349541e+00 4.76066858e-01
180 5 1.96349541e+00 4.65871720e-01
181 5 1.96349541e+00 4.75127258e-01
182 5 1.96349541e+00 4.68134088e-01
183 5 1.96349541e+00 4.69250346e-01
184 5 1.96349541e+00 4.63703837e-01
185 5 1.96349541e+00 4.62156116e-01
186 5 1.96349541e+00 4.66900761e-01
187 5 1.96349541e+00 4.73008273e-01
188 5 1.96349541e+00 4.65661893e-01
189 5 1.96349541e+00 4.69514076e-01
190 5 1.96349541e+00 4.67034525e-01
191 5 1.96349541e+00 4.72590793e-01
192 5 1.96349541e+00 4.70975818e-01
193 5 1.96349541e+00 4.70895889e-01
194 5 1.96349541e+00 4.62866568e-01
195 5 1.96349541e+00 4.67312730e-01
196 5 1.96349541e+00 4.65040659e-01
197 5 1.96349541e+00 4.65190670e-01
198 5 1.96349541e+00 4.62508056e-01
199 5 1.96349541e+00 4.66919527e-01
200 5 1.96349541e+00 4.68054823e-01
201 5 1.96349541e+00 4.67371369e-01
202 5 1.96349541e+00 4.62482985e-01
203 5 1.96349541e+00 4.67357465e-01
204 5 1.96349541e+00 4.68906385e-01
205 5 1.96349541e+00 4.70693206e-01
206 5 1.96349541e+00 4.66402206e-01
207 5 1.96349541e+00 4.68935047e-01
208 5 1.96349541e+00 4.69066089e-01
209 5 1.96349541e+00 4.69867138e-01
210 5 1.96349541e+00 4.60397403e-01
211 5 1.96349541e+00 4.63207566e-01
212 5 1.96349541e+00 4.64818442e-01
213 5 1.96349541e+00 4.66042654e-01
214 5 1.96349541e+00 4.66090299e-01
215 5 1.96349541e+00 4.66075640e-01
216 5 1.96349541e+00 4.74812897e-01
217 5 1.96349541e+00 4.75431253e-01
218 5 1.96349541e+00 4.70665983e-01
219 5 1.96349541e+00 4.74553116e-01
220 5 1.96349541e+00 4.68739613e-01
221 5 1.96349541e+00 4.72667985e-01
222 5 1.96349541e+00 4.60694230e-01
223 5 1.96349541e+00 4.70851919e-01
224 5 1.96349541e+00 4.69159473e-01
225 5 1.96349541e+00 4.68308226e-01
226 5 1.96349541e+00 4.66400824e-01
227 5 1.96349541e+00 4.67802437e-01
228 5 1.96349541e+00 4.70416358e-01
229 5 1.96349541e+00 4.65843899e-01
230 5 1.96349541e+00 4.63943451e-01
231 5 1.96349541e+00 4.63765990e-01
232 5 1.96349541e+00 4.72537856e-01
233 5 1.96349541e+00 4.64596185e-01
234 5 1.96349541e+00 4.71475503e-01
235 5 1.96349541e+00 4.69535654e-01
236 5 1.96349541e+00 4.72184328e-01
237 5 1.96349541e+00 4.76058683e-01
238 5 1.96349541e+00 4.67387460e-01
239 5 1.96349541e+00 4.68371832e-01
240 5 1.96349541e+00 4.69668916e-01
241 5 1.96349541e+00 4.70951351e-01
242 5 1.96349541e+00 4.70538410e-01
243 5 1.96349541e+00 4.69580906e-01
244 5 1.96349541e+00 4.62638834e-01
245 5 1.96349541e+00 4.61153385e-01
246 5 1.96349541e+00 4.63682765e-01
247 5 1.96349541e+00 4.73787218e-01
248 5 1.96349541e+00 4.60991645e-01
249 5 1.96349541e+00 4.67238953e-01
250 5 1.96349541e+00 4.72384453e-01
251 5 1.96349541e+00 4.71035956e-01
252 5 1.96349541e+00 4.65269159e-01
253 5 1.96349541e+00 4.69138854e-01
254 5 1.96349541e+00 4.71761003e-01
255 5 1.96349541e+00 4.60646911e-01
256 5 1.96349541e+00 4.71410411e-01
257 5 1.96349541e+00 4.67485874e-01
258 5 1.96349541e+00 4.68090739e-01
259 5 1.96349541e+00 4.68833529e-01
260 5 1.96349541e+00 4.66712440e-01
261 5 1.96349541e+00 4.68648621e-01
262 5 1.96349541e+00 4.67850933e-01
263 5 1.96349541e+00 4.59429644e-01
264 5 1.96349541e+00 4.64690028e-01
265 5 1.96349541e+00 4.72658437e-01
266 5 1.96349541e+00 4.63851156e-01
267 5 1.96349541e+00 4.68096341e-01
268 5 1.96349541e+00 4.55611903e-01
269 5 1.96349541e+00 4.70996299e-01
270 5 1.96349541e+00 4.65021466e-01
271 5 1.96349541e+00 4.72222166e-01
272 5 1.96349541e+00 4.68542232e-01
273 5 1.96349541e+00 4.69018394e-01
274 5 1.96349541e+00 4.64394177e-01
275 5 1.96349541e+00 4.70121607e-01
276 5 1.96349541e+00 4.67339498e-01
277 5 1.96349541e+00 4.68363488e-01
278 5 1.96349541e+00 4.70964269e-01
279 5 1.96349541e+00 4.68508326e-01
280 5 1.96349541e+00 4.64151430e-01
281 5 1.96349541e+00 4.63907136e-01
282 5 1.96349541e+00 4.71034780e-01
283 5 1.96349541e+00 4.69515372e-01
284 5 1.96349541e+00 4.60896504e-01
285 5 1.96349541e+00 4.64042453e-01
286 5 1.96349541e+00 4.60478687e-01
287 5 1.96349541e+00 4.66454547e-01
288 5 1.96349541e+00 4.74800340e-01
289 5 1.96349541e+00 4.70050984e-01
290 5 1.96349541e+00 4.72189389e-01
291 5 1.96349541e+00 4.61261125e-01
292 5 1.96349541e+00 4.68682577e-01
293 5 1.96349541e+00 4.76205878e-01
294 5 1.96349541e+00 4.64970955e-01
295 5 1.96349541e+00 4.69432939e-01
296 5 1.96349541e+00 4.70799391e-01
297 5 1.96349541e+00 4.70563114e-01
298 5 1.96349541e+00 4.66611500e-01
299 5 1.96349541e+00 4.62601958e-01
300 5 1.96349541e+00 4.73128104e-01
301 5 1.96349541e+00 4.70729965e-01
302 5 1.96349541e+00 4.63940359e-01
303 5 1.96349541e+00 4.64295102e-01
304 5 1.96349541e+00 4.72080322e-01
305 5 1.96349541e+00 4.67410413e-01
306 5 1.96349541e+00 4.64617931e-01
307 5 1.96349541e+00 4.67889612e-01
308 5 1.96349541e+00 4.66552417e-01
309 5 1.96349541e+00 4.70771466e-01
310 5 1.96349541e+00 4.61096127e-01
311 5 1.96349541e+00 4.64552158e-01
312 5 1.96349541e+00 4.72543157e-01
313 5 1.96349541e+00 4.63144995e-01
314 5 1.96349541e+00 4.76742615e-01
315 5 1.96349541e+00 4.61625324e-01
316 5 1.96349541e+00 4.66788042e-01
317 5 1.96349541e+00 4.70855924e-01
318 5 1.96349541e+00 4.58167504e-01
319 5 1.96349541e+00 4.69118618e-01
320 5 1.96349541e+00 4.59731835e-01
321 5 1.96349541e+00 4.66447471e-01
322 5 1.96349541e+00 4.71701144e-01
323 5 1.96349541e+00 4.70563689e-01
324 5 1.96349541e+00 4.71284339e-01
325 5 1.96349541e+00 4.70315497e-01
326 5 1.96349541e+00 4.67752393e-01
327 5 1.96349541e+00 4.70384742e-01
328 5 1.96349541e+00 4.69281158e-01
329 5 1.96349541e+00 4.70526451e-01
330 5 1.96349541e+00 4.66743290e-01
331 5 1.96349541e+00 4.73889050e-01
332 5 1.96349541e+00 4.73267817e-01
333 5 1.96349541e+00 4.56933773e-01
334 5 1.96349541e+00 4.63016369e-01
335 5 1.96349541e+00 4.72644654e-01
336 5 1.96349541e+00 4.66883884e-01
337 5 1.96349541e+00 4.71772593e-01
338 5 1.96349541e+00 4.65822244e-01
339 5 1.96349541e+00 4.69186534e-01
340 5 1.96349541e+00 4.64840702e-01
341 5 1.96349541e+00 4.64950235e-01
342 5 1.96349541e+00 4.69127675e-01
343 5 1.96349541e+00 4.69778268e-01
344 5 1.96349541e+00 4.67032697e-01
345 5 1.96349541e+00 4.67129096e-01
346 5 1.96349541e+00 4.64792663e-01
347 5 1.96349541e+00 4.66265265e-01
348 5 1.96349541e+00 4.69764832e-01
349 5 1.96349541e+00 4.74483906e-01
350 5 1.96349541e+00 4.65332120e-01
351 5 1.96349541e+00 4.70442343e-01
352 5 1.96349541e+00 4.72642726e-01
353 5 1.96349541e+00 4.67910984e-01
354 5 1.96349541e+00 4.70082930e-01
355 5 1.96349541e+00 4.67530398e-01
356 5 1.96349541e+00 4.66599171e-01
357 5 1.96349541e+00 4.74329785e-01
358 5 1.96349541e+00 4.69120136e-01
359 5 1.96349541e+00 4.67476855e-01
360 5 1.96349541e+00 4.69968724e-01
361 5 1.96349541e+00 4.65813251e-01
362 5 1.96349541e+00 4.57646836e-01
363 5 1.96349541e+00 4.69228274e-01
364 5 1.96349541e+00 4.64240431e-01
365 5 1.96349541e+00 4.66128481e-01
366 5 1.96349541e+00 4.74068327e-01
367 5 1.96349541e+00 4.66435557e-01
368 5 1.96349541e+00 4.63133322e-01
369 5 1.96349541e+00 4.62215694e-01
370 5 1.96349541e+00 4.65801252e-01
371 5 1.96349541e+00 4.69218707e-01
372 5 1.96349541e+00 4.66075395e-01
373 5 1.96349541e+00 4.60970050e-01
374 5 1.96349541e+00 4.57126941e-01
375 5 1.96349541e+00 4.63721963e-01
376 5 1.96349541e+00 4.65471982e-01
377 5 1.96349541e+00 4.69150962e-01
378 5 1.96349541e+00 4.69271215e-01
379 5 1.96349541e+00 4.69100777e-01
380 5 1.96349541e+00 4.67598961e-01
381 5 1.96349541e+00 4.63068883e-01
382 5 1.96349541e+00 4.68555816e-01
383 5 1.96349541e+00 4.71684008e-01
384 5 1.96349541e+00 4.69315613e-01
385 5 1.96349541e+00 4.63533771e-01
386 5 1.96349541e+00 4.66359234e-01
387 5 1.96349541e+00 4.60430849e-01
388 5 1.96349541e+00 4.69176606e-01
389 5 1.96349541e+00 4.71954872e-01
390 5 1.96349541e+00 4.69632240e-01
391 5 1.96349541e+00 4.65702096e-01
392 5 1.96349541e+00 4.70445888e-01
393 5 1.96349541e+00 4.67343481e-01
394 5 1.96349541e+00 4.69994393e-01
395 5 1.96349541e+00 4.66539363e-01
396 5 1.96349541e+00 4.57659621e-01
397 5 1.96349541e+00 4.68028063e-01
398 5 1.96349541e+00 4.69751432e-01
399 5 1.96349541e+00 4.66137505e-01
400 5 1.96349541e+00 4.62297613e-01
401 5 1.96349541e+00 4.58407138e-01
402 5 1.96349541e+00 4.71419732e-01
403 5 1.96349541e+00 4.72498358e-01
404 5 1.96349541e+00 4.64983330e-01
405 5 1.96349541e+00 4.67374214e-01
406 5 1.96349541e+00 4.70721885e-01
407 5 1.96349541e+00 4.68642101e-01
408 5 1.96349541e+00 4.69030521e-01
409 5 1.96349541e+00 4.70896335e-01
410 5 1.96349541e+00 4.67698797e-01
411 5 1.96349541e+00 4.72526737e-01
412 5 1.96349541e+00 4.70839611e-01
413 5 1.96349541e+00 4.66190305e-01
414 5 1.96349541e+00 4.67880191e-01
415 5 1.96349541e+00 4.69130245e-01
416 5 1.96349541e+00 4.66227964e-01
417 5 1.96349541e+00 4.65236112e-01
418 5 1.96349541e+00 4.72026870e-01
419 5 1.96349541e+00 4.64090265e-01
420 5 1.96349541e+00 4.69364785e-01
421 5 1.96349541e+00 4.65448127e-01
422 5 1.96349541e+00 4.72362550e-01
423 5 1.96349541e+00 4.71909789e-01
424 5 1.96349541e+00 4.60530147e-01
425 5 1.96349541e+00 4.71087470e-01
426 5 1.96349541e+00 4.71298696e-01
427 5 1.96349541e+00 4.60100255e-01
428 5 1.96349541e+00 4.66297768e-01
429 5 1.96349541e+00 4.69364788e-01
430 5 1.96349541e+00 4.66398576e-01
431 5 1.96349541e+00 4.70912183e-01
432 5 1.96349541e+00 4.67798280e-01
433 5 1.96349541e+00 4.71137966e-01
434 5 1.96349541e+00 4.61669977e-01
435 5 1.96349541e+00 4.68043620e-01
436 5 1.96349541e+00 4.61216043e-01
437 5 1.96349541e+00 4.64868554e-01
438 5 1.96349541e+00 4.69933574e-01
439 5 1.96349541e+00 4.68246555e-01
440 5 1.96349541e+00 4.71428983e-01
441 5 1.96349541e+00 4.68634131e-01
442 5 1.96349541e+00 4.69061956e-01
443 5 1.96349541e+00 4.68389551e-01
444 5 1.96349541e+00 4.67665237e-01
445 5 1.96349541e+00 4.68020916e-01
446 5 1.96349541e+00 4.63274230e-01
447 5 1.96349541e+00 4.76385225e-01
448 5 1.96349541e+00 4.67905256e-01
449 5 1.96349541e+00 4.73236679e-01
450 5 1.96349541e+00 4.71591871e-01
451 5 1.96349541e+00 4.68193102e-01
452 5 1.96349541e+00 4.68877370e-01
453 5 1.96349541e+00 4.65405800e-01
454 5 1.96349541e+00 4.67553038e-01
455 5 1.96349541e+00 4.72451951e-01
456 5 1.96349541e+00 4.64187038e-01
457 5 1.96349541e+00 4.67205645e-01
458 5 1.96349541e+00 4.75897765e-01
459 5 1.96349541e+00 4.66928385e-01
460 5 1.96349541e+00 4.72213329e-01
461 5 1.96349541e+00 4.69491005e-01
462 5 1.96349541e+00 4.67694599e-01
463 5 1.96349541e+00 4.61054301e-01
464 5 1.96349541e+00 4.70096705e-01
465 5 1.96349541e+00 4.70644156e-01
466 5 1.96349541e+00 4.66078997e-01
467 5 1.96349541e+00 4.64123530e-01
468 5 1.96349541e+00 4.68085733e-01
469 5 1.96349541e+00 4.67659263e-01
470 5 1.96349541e+00 4.73543759e-01
471 5 1.96349541e+00 4.64480980e-01
472 5 1.96349541e+00 4.70488727e-01
473 5 1.96349541e+00 4.81996744e-01
474 5 1.96349541e+00 4.70224903e-01
475 5 1.96349541e+00 4.70130604e-01
476 5 1.96349541e+00 4.70368013e-01
477 5 1.96349541e+00 4.71324947e-01
478 5 1.96349541e+00 4.71663328e-01
479 5 1.96349541e+00 4.67047916e-01
480 5 1.96349541e+00 4.68754971e-01
481 5 1.96349541e+00 4.68072788e-01
482 5 1.96349541e+00 4.65522015e-01
483 5 1.96349541e+00 4.74490722e-01
484 5 1.96349541e+00 4.67452665e-01
485 5 1.96349541e+00 4.68385196e-01
486 5 1.96349541e+00 4.69601607e-01
487 5 1.96349541e+00 4.66082314e-01
488 5 1.96349541e+00 4.68921680e-01
489 5 1.96349541e+00 4.67476843e-01
490 5 1.96349541e+00 4.70015026e-01
491 5 1.96349541e+00 4.68370396e-01
492 5 1.96349541e+00 4.72948077e-01
493 5 1.96349541e+00 4.72031787e-01
494 5 1.96349541e+00 4.65611837e-01
495 5 1.96349541e+00 4.67439854e-01
496 5 1.96349541e+00 4.66396165e-01
497 5 1.96349541e+00 4.63200857e-01
498 5 1.96349541e+00 4.71642478e-01
499 5 1.96349541e+00 4.68990047e-01
500 5 1.96349541e+00 4.60705926e-01
501 5 1.96349541e+00 4.67872563e-01
502 5 1.96349541e+00 4.70179933e-01
503 5 1.96349541e+00 4.70472103e-01
504 5 1.96349541e+00 4.68413157e-01
505 5 1.96349541e+00 4.72371013e-01
506 5 1.96349541e+00 4.69518905e-01
507 5 1.96349541e+00 4.60169442e-01
508 5 1.96349541e+00 4.66538681e-01
509 5 1.96349541e+00 4.71503238e-01
510 5 1.96349541e+00 4.61912584e-01
511 5 1.96349541e+00 4.69101835e-01
512 5 1.96349541e+00 4.70371683e-01
513 5 1.96349541e+00 4.63976715e-01
514 5 1.96349541e+00 4.70005550e-01
515 5 1.96349541e+00 4.78558581e-01
516 5 1.96349541e+00 4.64107587e-01
517 5 1.96349541e+00 4.68520629e-01
518 5 1.96349541e+00 4.66291637e-01
519 5 1.96349541e+00 4.68541651e-01
520 5 1.96349541e+00 4.73173375e-01
521 5 1.96349541e+00 4.72042928e-01
522 5 1.96349541e+00 4.73253698e-01
523 5 1.96349541e+00 4.65908255e-01
524 5 1.96349541e+00 4.70598069e-01
525 5 1.96349541e+00 4.71586746e-01
526 5 1.96349541e+00 4.64837200e-01
527 5 1.96349541e+00 4.74016252e-01
528 5 1.96349541e+00 4.65841542e-01
529 5 1.96349541e+00 4.65060468e-01
530 5 1.96349541e+00 4.77314847e-01
531 5 1.96349541e+00 4.63453970e-01
532 5 1.96349541e+00 4.60727902e-01
533 5 1.96349541e+00 4.67290248e-01
534 5 1.96349541e+00 4.63169111e-01
535 5 1.96349541e+00 4.65154846e-01
536 5 1.96349541e+00 4.65837904e-01
537 5 1.96349541e+00 4.66510640e-01
538 5 1.96349541e+00 4.70032541e-01
539 5 1.96349541e+00 4.66554554e-01
540 5 1.96349541e+00 4.63910925e-01
541 5 1.96349541e+00 4.69798760e-01
542 5 1.96349541e+00 4.72606139e-01
543 5 1.96349541e+00 4.66207092e-01
544 5 1.96349541e+00 4.70994282e-01
545 5 1.96349541e+00 4.72855468e-01
546 5 1.96349541e+00 4.71452047e-01
547 5 1.96349541e+00 4.57611705e-01
548 5 1.96349541e+00 4.66560957e-01
549 5 1.96349541e+00 4.68967807e-01
550 5 1.96349541e+00 4.72069366e-01
551 5 1.96349541e+00 4.70981898e-01
552 5 1.96349541e+00 4.70304836e-01
553 5 1.96349541e+00 4.67262299e-01
554 5 1.96349541e+00 4.66822743e-01
555 5 1.96349541e+00 4.65138104e-01
556 5 1.96349541e+00 4.72340567e-01
557 5 1.96349541e+00 4.70724562e-01
558 5 1.96349541e+00 4.74121602e-01
559 5 1.96349541e+00 4.62527113e-01
560 5 1.96349541e+00 4.59016610e-01
561 5 1.96349541e+00 4.61141267e-01
562 5 1.96349541e+00 4.58955458e-01
563 5 1.96349541e+00 4.62324651e-01
564 5 1.96349541e+00 4.67549413e-01
565 5 1.96349541e+00 4.70960213e-01
566 5 1.96349541e+00 4.68930218e-01
567 5 1.96349541e+00 4.74982664e-01
568 5 1.96349541e+00 4.69451164e-01
569 5 1.96349541e+00 4.68267078e-01
570 5 1.96349541e+00 4.66397590e-01
571 5 1.96349541e+00 4.71413119e-01
572 5 1.96349541e+00 4.66073695e-01
573 5 1.96349541e+00 4.70759170e-01
574 5 1.96349541e+00 4.65931985e-01
575 5 1.96349541e+00 4.67490756e-01
576 5 1.96349541e+00 4.69656385e-01
577 5 1.96349541e+00 4.63210196e-01
578 5 1.96349541e+00 4.72522563e-01
579 5 1.96349541e+00 4.72546002e-01
580 5 1.96349541e+00 4.69707243e-01
581 5 1.96349541e+00 4.72131059e-01
582 5 1.96349541e+00 4.72471498e-01
583 5 1.96349541e+00 4.66061407e-01
584 5 1.96349541e+00 4.67385022e-01
585 5 1.96349541e+00 4.61504267e-01
586 5 1.96349541e+00 4.65075372e-01
587 5 1.96349541e+00 4.69597824e-01
588 5 1.96349541e+00 4.68659567e-01
589 5 1.96349541e+00 4.59922694e-01
590 5 1.96349541e+00 4.72279483e-01
591 5 1.96349541e+00 4.71234846e-01
592 5 1.96349541e+00 4.77043243e-01
593 5 1.96349541e+00 4.72795820e-01
594 5 1.96349541e+00 4.66699078e-01
595 5 1.96349541e+00 4.65969882e-01
596 5 1.96349541e+00 4.69253608e-01
597 5 1.96349541e+00 4.66248647e-01
598 5 1.96349541e+00 4.64110847e-01
599 5 1.96349541e+00 4.65672484e-01
600 5 1.96349541e+00 4.76526728e-01
601 5 1.96349541e+00 4.64531963e-01
602 5 1.96349541e+00 4.70777178e-01
603 5 1.96349541e+00 4.59121048e-01
604 5 1.96349541e+00 4.71199948e-01
605 5 1.96349541e+00 4.64783385e-01
606 5 1.96349541e+00 4.71571445e-01
607 5 1.96349541e+00 4.64964379e-01
608 5 1.96349541e+00 4.67699840e-01
609 5 1.96349541e+00 4.68083027e-01
610 5 1.96349541e+00 4.74806418e-01
611 5 1.96349541e+00 4.63800602e-01
612 5 1.96349541e+00 4.64947817e-01
613 5 1.96349541e+00 4.64131008e-01
614 5 1.96349541e+00 4.70779786e-01
615 5 1.96349541e+00 4.63308032e-01
616 5 1.96349541e+00 4.69398942e-01
617 5 1.96349541e+00 4.69476488e-01
618 5 1.96349541e+00 4.69299196e-01
619 5 1.96349541e+00 4.71085300e-01
620 5 1.96349541e+00 4.72916932e-01
621 5 1.96349541e+00 4.73770160e-01
622 5 1.96349541e+00 4.69024749e-01
623 5 1.96349541e+00 4.67392166e-01
624 5 1.96349541e+00 4.67408213e-01
625 5 1.96349541e+00 4.67501099e-01
626 5 1.96349541e+00 4.71165033e-01
627 5 1.96349541e+00 4.67244758e-01
628 5 1.96349541e+00 4.69571577e-01
629 5 1.96349541e+00 4.62537179e-01
630 5 1.96349541e+00 4.71681118e-01
631 5 1.96349541e+00 4.73070143e-01
632 5 1.96349541e+00 4.69428015e-01
633 5 1.96349541e+00 4.72854785e-01
634 5 1.96349541e+00 4.59859851e-01
635 5 1.96349541e+00 4.66194653e-01
636 5 1.96349541e+00 4.68688716e-01
637 5 1.96349541e+00 4.69519842e-01
638 5 1.96349541e+00 4.68886629e-01
639 5 1.96349541e+00 4.61069739e-01
640 5 1.96349541e+00 4.69691443e-01
641 5 1.96349541e+00 4.70150621e-01
642 5 1.96349541e+00 4.60226652e-01
643 5 1.96349541e+00 4.65477523e-01
644 5 1.96349541e+00 4.70523410e-01
645 5 1.96349541e+00 4.65940503e-01
646 5 1.96349541e+00 4.63555155e-01
647 5 1.96349541e+00 4.76307159e-01
648 5 1.96349541e+00 4.71058188e-01
649 5 1.96349541e+00 4.66670345e-01
650 5 1.96349541e+00 4.71795077e-01
651 5 1.96349541e+00 4.66892417e-01
652 5 1.96349541e+00 4.61803444e-01
653 5 1.96349541e+00 4.70266599e-01
654 5 1.96349541e+00 4.68727414e-01
655 5 1.96349541e+00 4.64701225e-01
656 5 1.96349541e+00 4.69272208e-01
657 5 1.96349541e+00 4.69974490e-01
658 5 1.96349541e+00 4.69549301e-01
659 5 1.96349541e+00 4.70871223e-01
660 5 1.96349541e+00 4.71510494e-01
661 5 1.96349541e+00 4.69272322e-01
662 5 1.96349541e+00 4.73501751e-01
663 5 1.96349541e+00 4.72972940e-01
664 5 1.96349541e+00 4.68070698e-01
665 5 1.96349541e+00 4.62390847e-01
666 5 1.96349541e+00 4.75405609e-01
667 5 1.96349541e+00 4.71430425e-01
668 5 1.96349541e+00 4.68514684e-01
669 5 1.96349541e+00 4.69041789e-01
670 5 1.96349541e+00 4.68321272e-01
671 5 1.96349541e+00 4.64463950e-01
672 5 1.96349541e+00 4.66002279e-01
673 5 1.96349541e+00 4.71663479e-01
674 5 1.96349541e+00 4.71345433e-01
675 5 1.96349541e+00 4.65393834e-01
676 5 1.96349541e+00 4.66276410e-01
677 5 1.96349541e+00 4.72769453e-01
678 5 1.96349541e+00 4.72471517e-01
679 5 1.96349541e+00 4.68749969e-01
680 5 1.96349541e+00 4.67731596e-01
681 5 1.96349541e+00 4.66075320e-01
682 5 1.96349541e+00 4.65992877e-01
683 5 1.96349541e+00 4.69516011e-01
684 5 1.96349541e+00 4.66564446e-01
685 5 1.96349541e+00 4.63773006e-01
686 5 1.96349541e+00 4.70755405e-01
687 5 1.96349541e+00 4.63908882e-01
688 5 1.96349541e+00 4.68679398e-01
689 5 1.96349541e+00 4.69034450e-01
690 5 1.96349541e+00 4.63639610e-01
691 5 1.96349541e+00 4.63690464e-01
692 5 1.96349541e+00 4.73143128e-01
693 5 1.96349541e+00 4.63903996e-01
694 5 1.96349541e+00 4.62211288e-01
695 5 1.96349541e+00 4.63032973e-01
696 5 1.96349541e+00 4.72716672e-01
697 5 1.96349541e+00 4.72630931e-01
698 5 1.96349541e+00 4.70025342e-01
699 5 1.96349541e+00 4.68091389e-01
700 5 1.96349541e+00 4.67759031e-01
701 5 1.96349541e+00 4.63566817e-01
702 5 1.96349541e+00 4.69575150e-01
703 5 1.96349541e+00 4.64929546e-01
704 5 1.96349541e+00 4.76027578e-01
705 5 1.96349541e+00 4.67000235e-01
706 5 1.96349541e+00 4.69713388e-01
707 5 1.96349541e+00 4.66690863e-01
708 5 1.96349541e+00 4.65426262e-01
709 5 1.96349541e+00 4.66859250e-01
710 5 1.96349541e+00 4.66736881e-01
711 5 1.96349541e+00 4.63965180e-01
712 5 1.96349541e+00 4.73881899e-01
713 5 1.96349541e+00 4.66036532e-01
714 5 1.96349541e+00 4.67505042e-01
715 5 1.96349541e+00 4.70374208e-01
716 5 1.96349541e+00 4.68533687e-01
717 5 1.96349541e+00 4.68200147e-01
718 5 1.96349541e+00 4.73614262e-01
719 5 1.96349541e+00 4.63399164e-01
720 5 1.96349541e+00 4.71618758e-01
721 5 1.96349541e+00 4.67545614e-01
722 5 1.96349541e+00 4.70550878e-01
723 5 1.96349541e+00 4.74371997e-01
724 5 1.96349541e+00 4.64613119e-01
725 5 1.96349541e+00 4.69903633e-01
726 5 1.96349541e+00 4.64917928e-01
727 5 1.96349541e+00 4.72288308e-01
728 5 1.96349541e+00 4.69909018e-01
729 5 1.96349541e+00 4.67229917e-01
730 5 1.96349541e+00 4.63089955e-01
731 5 1.96349541e+00 4.62385728e-01
732 5 1.96349541e+00 4.66381312e-01
733 5 1.96349541e+00 4.67341186e-01
734 5 1.96349541e+00 4.70759524e-01
735 5 1.96349541e+00 4.70325942e-01
736 5 1.96349541e+00 4.64924069e-01
737 5 1.96349541e+00 4.62399525e-01
738 5 1.96349541e+00 4.67121426e-01
739 5 1.96349541e+00 4.72852373e-01
740 5 1.96349541e+00 4.63482396e-01
741 5 1.96349541e+00 4.63489188e-01
742 5 1.96349541e+00 4.67034622e-01
743 5 1.96349541e+00 4.62225038e-01
744 5 1.96349541e+00 4.59222578e-01
745 5 1.96349541e+00 4.71162702e-01
746 5 1.96349541e+00 4.70476814e-01
747 5 1.96349541e+00 4.78124219e-01
748 5 1.96349541e+00 4.71110843e-01
749 5 1.96349541e+00 4.72858969e-01
750 5 1.96349541e+00 4.64201343e-01
751 5 1.96349541e+00 4.65286089e-01
752 5 1.96349541e+00 4.66448050e-01
753 5 1.96349541e+00 4.72217483e-01
754 5 1.96349541e+00 4.75689614e-01
755 5 1.96349541e+00 4.61975835e-01
756 5 1.96349541e+00 4.73302929e-01
757 5 1.96349541e+00 4.70118560e-01
758 5 1.96349541e+00 4.67769765e-01
759 5 1.96349541e+00 4.74402596e-01
760 5 1.96349541e+00 4.68825700e-01
761 5 1.96349541e+00 4.71988773e-01
762 5 1.96349541e+00 4.68637058e-01
763 5 1.96349541e+00 4.67333153e-01
764 5 1.96349541e+00 4.70120820e-01
765 5 1.96349541e+00 4.63997527e-01
766 5 1.96349541e+00 4.74548827e-01
767 5 1.96349541e+00 4.74613785e-01
768 5 1.96349541e+00 4.66435956e-01
769 5 1.96349541e+00 4.67194384e-01
770 5 1.96349541e+00 4.70027964e-01
771 5 1.96349541e+00 4.64189973e-01
772 5 1.96349541e+00 4.70916390e-01
773 5 1.96349541e+00 4.63465738e-01
774 5 1.96349541e+00 4.70827671e-01
775 5 1.96349541e+00 4.68208132e-01
776 5 1.96349541e+00 4.72703224e-01
777 5 1.96349541e+00 4.68872288e-01
778 5 1.96349541e+00 4.66670528e-01
779 5 1.96349541e+00 4.63297300e-01
780 5 1.96349541e+00 4.59638431e-01
781 5 1.96349541e+00 4.73090880e-01
782 5 1.96349541e+00 4.74138844e-01
783 5 1.96349541e+00 4.63388900e-01
784 5 1.96349541e+00 4.66722200e-01
785 5 1.96349541e+00 4.66608602e-01
786 5 1.96349541e+00 4.67000093e-01
787 5 1.96349541e+00 4.69551792e-01
788 5 1.96349541e+00 4.65408556e-01
789 5 1.96349541e+00 4.58105661e-01
790 5 1.96349541e+00 4.65350579e-01
791 5 1.96349541e+00 4.59908443e-01
792 5 1.96349541e+00 4.69529212e-01
793 5 1.96349541e+00 4.67329187e-01
794 5 1.96349541e+00 4.66382231e-01
795 5 1.96349541e+00 4.68836608e-01
796 5 1.96349541e+00 4.66659213e-01
797 5 1.96349541e+00 4.68388999e-01
798 5 1.96349541e+00 4.66572768e-01
799 5 1.96349541e+00 4.66627603e-01
800 5 1.96349541e+00 4.71848765e-01
801 5 1.96349541e+00 4.66228725e-01
802 5 1.96349541e+00 4.64745697e-01
803 5 1.96349541e+00 4.72934413e-01
804 5 1.96349541e+00 4.71673771e-01
805 5 1.96349541e+00 4.66071707e-01
806 5 1.96349541e+00 4.58325749e-01
807 5 1.96349541e+00 4.70227012e-01
808 5 1.96349541e+00 4.65997261e-01
809 5 1.96349541e+00 4.67166117e-01
810 5 1.96349541e+00 4.68781293e-01
811 5 1.96349541e+00 4.67872718e-01
812 5 1.96349541e+00 4.67648965e-01
813 5 1.96349541e+00 4.63307148e-01
814 5 1.96349541e+00 4.71861279e-01
815 5 1.96349541e+00 4.68026641e-01
816 5 1.96349541e+00 4.75594571e-01
817 5 1.96349541e+00 4.69554191e-01
818 5 1.96349541e+00 4.67551633e-01
819 5 1.96349541e+00 4.72773478e-01
820 5 1.96349541e+00 4.69578915e-01
821 5 1.96349541e+00 4.68422710e-01
822 5 1.96349541e+00 4.65183465e-01
823 5 1.96349541e+00 4.67633226e-01
824 5 1.96349541e+00 4.71563795e-01
825 5 1.96349541e+00 4.67496053e-01
826 5 1.96349541e+00 4.68262387e-01
827 5 1.96349541e+00 4.70856905e-01
828 5 1.96349541e+00 4.66555149e-01
829 5 1.96349541e+00 4.68899644e-01
830 5 1.96349541e+00 4.61372795e-01
831 5 1.96349541e+00 4.65536121e-01
832 5 1.96349541e+00 4.65565727e-01
833 5 1.96349541e+00 4.62745111e-01
834 5 1.96349541e+00 4.63096905e-01
835 5 1.96349541e+00 4.75854771e-01
836 5 1.96349541e+00 4.62174211e-01
837 5 1.96349541e+00 4.70063229e-01
838 5 1.96349541e+00 4.70178576e-01
839 5 1.96349541e+00 4.77159847e-01
840 5 1.96349541e+00 4.71851458e-01
841 5 1.96349541e+00 4.64751882e-01
842 5 1.96349541e+00 4.63424272e-01
843 5 1.96349541e+00 4.64749869e-01
844 5 1.96349541e+00 4.71089633e-01
845 5 1.96349541e+00 4.67604311e-01
846 5 1.96349541e+00 4.65428952e-01
847 5 1.96349541e+00 4.64366209e-01
848 5 1.96349541e+00 4.67477407e-01
849 5 1.96349541e+00 4.69016449e-01
850 5 1.96349541e+00 4.71889897e-01
851 5 1.96349541e+00 4.69289176e-01
852 5 1.96349541e+00 4.69536693e-01
853 5 1.96349541e+00 4.67388825e-01
854 5 1.96349541e+00 4.72723539e-01
855 5 1.96349541e+00 4.62905433e-01
856 5 1.96349541e+00 4.72785192e-01
857 5 1.96349541e+00 4.65375755e-01
858 5 1.96349541e+00 4.71202934e-01
859 5 1.96349541e+00 4.71103011e-01
860 5 1.96349541e+00 4.64035491e-01
861 5 1.96349541e+00 4.67203367e-01
862 5 1.96349541e+00 4.67807083e-01
863 5 1.96349541e+00 4.78004262e-01
864 5 1.96349541e+00 4.71346230e-01
865 5 1.96349541e+00 4.68253225e-01
866 5 1.96349541e+00 4.71239187e-01
867 5 1.96349541e+00 4.68023469e-01
868 5 1.96349541e+00 4.69741925e-01
869 5 1.96349541e+00 4.68085856e-01
870 5 1.96349541e+00 4.71983279e-01
871 5 1.96349541e+00 4.70238744e-01
872 5 1.96349541e+00 4.70107972e-01
873 5 1.96349541e+00 4.70790722e-01
874 5 1.96349541e+00 4.68968543e-01
875 5 1.96349541e+00 4.76943128e-01
876 5 1.96349541e+00 4.66905105e-01
877 5 1.96349541e+00 4.68897751e-01
878 5 1.96349541e+00 4.72743193e-01
879 5 1.96349541e+00 4.70107047e-01
880 5 1.96349541e+00 4.63584849e-01
881 5 1.96349541e+00 4.67241033e-01
882 5 1.96349541e+00 4.66817133e-01
883 5 1.96349541e+00 4.63919412e-01
884 5 1.96349541e+00 4.65373839e-01
885 5 1.96349541e+00 4.68659933e-01
886 5 1.96349541e+00 4.67887001e-01
887 5 1.96349541e+00 4.63364879e-01
888 5 1.96349541e+00 4.74819913e-01
889 5 1.96349541e+00 4.67052699e-01
890 5 1.96349541e+00 4.70387485e-01
891 5 1.96349541e+00 4.67174485e-01
892 5 1.96349541e+00 4.70367033e-01
893 5 1.96349541e+00 4.67604441e-01
894 5 1.96349541e+00 4.63991693e-01
895 5 1.96349541e+00 4.62085676e-01
896 5 1.96349541e+00 4.72157082e-01
897 5 1.96349541e+00 4.63013251e-01
898 5 1.96349541e+00 4.68681742e-01
899 5 1.96349541e+00 4.64972154e-01
0 6 2.35619449e+00 4.69563354e-01
1 6 2.35619449e+00 4.70340976e-01
2 6 2.35619449e+00 4.64192448e-01
3 6 2.35619449e+00 4.64761779e-01
4 6 2.35619449e+00 4.62390878e-01
5 6 2.35619449e+00 4.63712437e-01
6 6 2.35619449e+00 4.64674251e-01
7 6 2.35619449e+00 4.60684458e-01
8 6 2.35619449e+00 4.59855527e-01
9 6 2.35619449e+00 4.63194016e-01
10 6 2.35619449e+00 4.60373394e-01
11 6 2.35619449e+00 4.53706272e-01
12 6 2.35619449e+00 4.68451736e-01
13 6 2.35619449e+00 4.68736064e-01
14 6 2.35619449e+00 4.66378533e-01
15 6 2.35619449e+00 4.66616704e-01
16 6 2.35619449e+00 4.55853158e-01
17 6 2.35619449e+00 4.63156315e-01
18 6 2.35619449e+00 4.64976804e-01
19 6 2.35619449e+00 4.62856936e-01
20 6 2.35619449e+00 4.64043846e-01
21 6 2.35619449e+00 4.65345027e-01
22 6 2.35619449e+00 4.65534345e-01
23 6 2.35619449e+00 4.67925174e-01
24 6 2.35619449e+00 4.66314091e-01
25 6 2.35619449e+00 4.60108748e-01
26 6 2.35619449e+00 4.58575149e-01
27 6 2.35619449e+00 4.56904880e-01
28 6 2.35619449e+00 4.63158570e-01
29 6 2.35619449e+00 4.63856743e-01
30 6 2.35619449e+00 4.59782607e-01
31 6 2.35619449e+00 4.60066279e-01
32 6 2.35619449e+00 4.55931481e-01
33 6 2.35619449e+00 4.66474302e-01
34 6 2.35619449e+00 4.65193654e-01
35 6 2.35619449e+00 4.73676173e-01
36 6 2.35619449e+00 4.63696278e-01
37 6 2.35619449e+00 4.61843044e-01
38 6 2.35619449e+00 4.63601172e-01
39 6 2.35619449e+00 4.57473361e-01
40 6 2.35619449e+00 4.54023085e-01
41 6 2.35619449e+00 4.65858213e-01
42 6 2.35619449e+00 4.62149960e-01
43 6 2.35619449e+00 4.64078909e-01
44 6 2.35619449e+00 4.62902455e-01
45 6 2.35619449e+00 4.61675460e-01
46 6 2.35619449e+00 4.58194486e-01
47 6 2.35619449e+00 4.62743571e-01
48 6 2.35619449e+00 4.65255551e-01
49 6 2.35619449e+00 4.67520304e-01
50 6 2.35619449e+00 4.62652587e-01
51 6 2.35619449e+00 4.63970311e-01
52 6 2.35619449e+00 4.62830860e-01
53 6 2.35619449e+00 4.57010223e-01
54 6 2.35619449e+00 4.61375192e-01
55 6 2.35619449e+00 4.64477211e-01
56 6 2.35619449e+00 4.58353329e-01
57 6 2.35619449e+00 4.58379772e-01
58 6 2.35619449e+00 4.62400998e-01
59 6 2.35619449e+00 4.67988676e-01
60 6 2.35619449e+00 4.58702272e-01
61 6 2.35619449e+00 4.59009889e-01
62 6 2.35619449e+00 4.56571751e-01
63 6 2.35619449e+00 4.58506089e-01
64 6 2.35619449e+00 4.59927803e-01
65 6 2.35619449e+00 4.67454930e-01
66 6 2.35619449e+00 4.61655852e-01
67 6 2.35619449e+00 4.55575121e-01
68 6 2.35619449e+00 4.54900737e-01
69 6 2.35619449e+00 4.74019875e-01
70 6 2.35619449e+00 4.57024516e-01
71 6 2.35619449e+00 4.57708656e-01
72 6 2.35619449e+00 4.57412932e-01
73 6 2.35619449e+00 4.76755934e-01
74 6 2.35619449e+00 4.70858878e-01
75 6 2.35619449e+00 4.66039037e-01
76 6 2.35619449e+00 4.64178177e-01
77 6 2.35619449e+00 4.60296021e-01
78 6 2.35619449e+00 4.72369775e-01
79 6 2.35619449e+00 4.68608463e-01
80 6 2.35619449e+00 4.64414757e-01
81 6 2.35619449e+00 4.57761881e-01
82 6 2.35619449e+00 4.56121277e-01
83 6 2.35619449e+00 4.63141003e-01
84 6 2.35619449e+00 4.58925063e-01
85 6 2.35619449e+00 4.67527172e-01
86 6 2.35619449e+00 4.65263871e-01
87 6 2.35619449e+00 4.65486148e-01
88 6 2.35619449e+00 4.59726511e-01
89 6 2.35619449e+00 4.57655099e-01
90 6 2.35619449e+00 4.67281596e-01
91 6 2.35619449e+00 4.62878187e-01
92 6 2.35619449e+00 4.63645302e-01
93 6 2.35619449e+00 4.69685836e-01
94 6 2.35619449e+00 4.64702424e-01
95 6 2.35619449e+00 4.65517922e-01
96 6 2.35619449e+00 4.71576301e-01
97 6 2.35619449e+00 4.68143234e-01
98 6 2.35619449e+00 4.58917599e-01
99 6 2.35619449e+00 4.63319651e-01
100 6 2.35619449e+00 4.58236304e-01
101 6 2.35619449e+00 4.63181246e-01
102 6 2.35619449e+00 4.69270206e-01
103 6 2.35619449e+00 4.56382121e-01
104 6 2.35619449e+00 4.55388646e-01
105 6 2.35619449e+00 4.63620105e-01
106 6 2.35619449e+00 4.57536081e-01
107 6 2.35619449e+00 4.68526208e-01
108 6 2.35619449e+00 4.63972704e-01
109 6 2.35619449e+00 4.56675854e-01
110 6 2.35619449e+00 4.62930219e-01
111 6 2.35619449e+00 4.60281167e-01
112 6 2.35619449e+00 4.61363366e-01
113 6 2.35619449e+00 4.60088309e-01
114 6 2.35619449e+00 4.65721468e-01
115 6 2.35619449e+00 4.54530682e-01
116 6 2.35619449e+00 4.63697887e-01
117 6 2.35619449e+00 4.67088682e-01
118 6 2.35619449e+00 4.64613870e-01
119 6 2.35619449e+00 4.64114933e-01
120 6 2.35619449e+00 4.54413967e-01
121 6 2.35619449e+00 4.63301225e-01
122 6 2.35619449e+00 4.58008629e-01
123 6 2.35619449e+00 4.58712715e-01
124 6 2.35619449e+00 4.65501409e-01
125 6 2.35619449e+00 4.58270603e-01
126 6 2.35619449e+00 4.69541877e-01
127 6 2.35619449e+00 4.60982495e-01
128 6 2.35619449e+00 4.66329031e-01
129 6 2.35619449e+00 4.57244363e-01
130 6 2.35619449e+00 4.64524198e-01
131 6 2.35619449e+00 4.62647155e-01
132 6 2.35619449e+00 4.63445206e-01
133 6 2.35619449e+00 4.58902578e-01
134 6 2.35619449e+00 4.67355920e-01
135 6 2.35619449e+00 4.62515083e-01
136 6 2.35619449e+00 4.57224916e-01
137 6 2.35619449e+00 4.58179388e-01
138 6 2.35619449e+00 4.68187414e-01
139 6 2.35619449e+00 4.59121005e-01
140 6 2.35619449e+00 4.67010824e-01
141 6 2.35619449e+00 4.60500296e-01
142 6 2.35619449e+00 4.51545564e-01
143 6 2.35619449e+00 4.55281866e-01
144 6 2.35619449e+00 4.61934761e-01
145 6 2.35619449e+00 4.69604840e-01
146 6 2.35619449e+00 4.61945999e-01
147 6 2.35619449e+00 4.62685167e-01
148 6 2.35619449e+00 4.62168292e-01
149 6 2.35619449e+00 4.52680365e-01
150 6 2.35619449e+00 4.58906939e-01
151 6 2.35619449e+00 4.59497361e-01
152 6 2.35619449e+00 4.55166451e-01
153 6 2.35619449e+00 4.60705063e-01
154 6 2.35619449e+00 4.66627475e-01
155 6 2.35619449e+00 4.59465692e-01
156 6 2.35619449e+00 4.65111829e-01
157 6 2.35619449e+00 4.56595316e-01
158 6 2.35619449e+00 4.64206557e-01
159 6 2.35619449e+00 4.54575642e-01
160 6 2.35619449e+00 4.56688504e-01
161 6 2.35619449e+00 4.61376486e-01
162 6 2.35619449e+00 4.58510245e-01
163 6 2.35619449e+00 4.61806352e-01
164 6 2.35619449e+00 4.58512151e-01
165 6 2.35619449e+00 4.65029839e-01
166 6 2.35619449e+00 4.68294256e-01
167 6 2.35619449e+00 4.68296988e-01
168 6 2.35619449e+00 4.64208984e-01
169 6 2.35619449e+00 4.67061984e-01
170 6 2.35619449e+00 4.64042570e-01
171 6 2.35619449e+00 4.58468013e-01
172 6 2.35619449e+00 4.63576599e-01
173 6 2.35619449e+00 4.57913918e-01
174 6 2.35619449e+00 4.64234369e-01
175 6 2.35619449e+00 4.62678300e-01
176 6 2.35619449e+00 4.66605431e-01
177 6 2.35619449e+00 4.64544976e-01
178 6 2.35619449e+00 4.67700697e-01
179 6 2.35619449e+00 4.73999529e-01
180 6 2.35619449e+00 4.59439870e-01
181 6 2.35619449e+00 4.71509589e-01
182 6 2.35619449e+00 4.64110257e-01
183 6 2.35619449e+00 4.62389250e-01
184 6 2.35619449e+00 4.56706335e-01
185 6 2.35619449e+00 4.56955642e-01
186 6 2.35619449e+00 4.59785983e-01
187 6 2.35619449e+00 4.66830876e-01
188 6 2.35619449e+00 4.58804978e-01
189 6 2.35619449e+00 4.63630938e-01
190 6 2.35619449e+00 4.61757303e-01
191 6 2.35619449e+00 4.68353220e-01
192 6 2.35619449e+00 4.67367197e-01
193 6 2.35619449e+00 4.66842832e-01
194 6 2.35619449e+00 4.55621399e-01
195 6 2.35619449e+00 4.61850299e-01
196 6 2.35619449e+00 4.57985219e-01
197 6 2.35619449e+00 4.58891855e-01
198 6 2.35619449e+00 4.53871354e-01
199 6 2.35619449e+00 4.61674608e-01
200 6 2.35619449e+00 4.61301734e-01
201 6 2.35619449e+00 4.63583251e-01
202 6 2.35619449e+00 4.55416797e-01
203 6 2.35619449e+00 4.60720358e-01
204 6 2.35619449e+00 4.65075518e-01
205 6 2.35619449e+00 4.64695680e-01
206 6 2.35619449e+00 4.60282050e-01
207 6 2.35619449e+00 4.64034383e-01
208 6 2.35619449e+00 4.63890893e-01
209 6 2.35619449e+00 4.63111867e-01
210 6 2.35619449e+00 4.51793118e-01
211 6 2.35619449e+00 4.56490922e-01
212 6 2.35619449e+00 4.58821762e-01
213 6 2.35619449e+00 4.60317550e-01
214 6 2.35619449e+00 4.58992337e-01
215 6 2.35619449e+00 4.59615680e-01
216 6 2.35619449e+00 4.70418611e-01
217 6 2.35619449e+00 4.70233169e-01
218 6 2.35619449e+00 4.66426858e-01
219 6 2.35619449e+00 4.70703592e-01
220 6 2.35619449e+00 4.64240319e-01
221 6 2.35619449e+00 4.66407944e-01
222 6 2.35619449e+00 4.52187896e-01
223 6 2.35619449e+00 4.65631134e-01
224 6 2.35619449e+00 4.65320589e-01
225 6 2.35619449e+00 4.63138141e-01
226 6 2.35619449e+00 4.59842336e-01
227 6 2.35619449e+00 4.60868213e-01
228 6 2.35619449e+00 4.64246243e-01
229 6 2.35619449e+00 4.58492172e-01
230 6 2.35619449e+00 4.57748422e-01
231 6 2.35619449e+00 4.56174757e-01
232 6 2.35619449e+00 4.68111067e-01
233 6 2.35619449e+00 4.57952223e-01
234 6 2.35619449e+00 4.66873592e-01
235 6 2.35619449e+00 4.62987790e-01
236 6 2.35619449e+00 4.68535338e-01
237 6 2.35619449e+00 4.71769660e-01
238 6 2.35619449e+00 4.62569291e-01
239 6 2.35619449e+00 4.60315553e-01
240 6 2.35619449e+00 4.63688155e-01
241 6 2.35619449e+00 4.66594636e-01
242 6 2.35619449e+00 4.64608672e-01
243 6 2.35619449e+00 4.62721334e-01
244 6 2.35619449e+00 4.55720191e-01
245 6 2.35619449e+00 4.53346469e-01
246 6 2.35619449e+00 4.57451389e-01
247 6 2.35619449e+00 4.70323792e-01
248 6 2.35619449e+00 4.52851087e-01
249 6 2.35619449e+00 4.60395276e-01
250 6 2.35619449e+00 4.67486363e-01
251 6 2.35619449e+00 4.67976318e-01
252 6 2.35619449e+00 4.57238572e-01
253 6 2.35619449e+00 4.64116241e-01
254 6 2.35619449e+00 4.65206208e-01
255 6 2.35619449e+00 4.50412163e-01
256 6 2.35619449e+00 4.66194418e-01
257 6 2.35619449e+00 4.61387672e-01
258 6 2.35619449e+00 4.63927767e-01
259 6 2.35619449e+00 4.63622692e-01
260 6 2.35619449e+00 4.61474422e-01
261 6 2.35619449e+00 4.60455365e-01
262 6 2.35619449e+00 4.60903009e-01
263 6 2.35619449e+00 4.50671706e-01
264 6 2.35619449e+00 4.59252490e-01
265 6 2.35619449e+00 4.68057354e-01
266 6 2.35619449e+00 4.56471287e-01
267 6 2.35619449e+00 4.61238199e-01
268 6 2.35619449e+00 4.46081791e-01
269 6 2.35619449e+00 4.64827321e-01
270 6 2.35619449e+00 4.58394109e-01
271 6 2.35619449e+00 4.64940132e-01
272 6 2.35619449e+00 4.64024084e-01
273 6 2.35619449e+00 4.63689431e-01
274 6 2.35619449e+00 4.58458323e-01
275 6 2.35619449e+00 4.63919797e-01
276 6 2.35619449e+00 4.63362428e-01
277 6 2.35619449e+00 4.62516965e-01
278 6 2.35619449e+00 4.66419617e-01
279 6 2.35619449e+00 4.61497431e-01
280 6 2.35619449e+00 4.57560995e-01
281 6 2.35619449e+00 4.56410135e-01
282 6 2.35619449e+00 4.67095447e-01
283 6 2.35619449e+00 4.64815865e-01
284 6 2.35619449e+00 4.52323494e-01
285 6 2.35619449e+00 4.56568535e-01
286 6 2.35619449e+00 4.53740822e-01
287 6 2.35619449e+00 4.61095259e-01
288 6 2.35619449e+00 4.70871540e-01
289 6 2.35619449e+00 4.63635283e-01
290 6 2.35619449e+00 4.68570025e-01
291 6 2.35619449e+00 4.52775389e-01
292 6 2.35619449e+00 4.62098633e-01
293 6 2.35619449e+00 4.71008167e-01
294 6 2.35619449e+00 4.57264860e-01
295 6 2.35619449e+00 4.64813594e-01
296 6 2.35619449e+00 4.67095320e-01
297 6 2.35619449e+00 4.66102921e-01
298 6 2.35619449e+00 4.61245270e-01
299 6 2.35619449e+00 4.56034927e-01
300 6 2.35619449e+00 4.67798195e-01
301 6 2.35619449e+00 4.64622852e-01
302 6 2.35619449e+00 4.56005548e-01
303 6 2.35619449e+00 4.59105328e-01
304 6 2.35619449e+00 4.65667579e-01
305 6 2.35619449e+00 4.62050915e-01
306 6 2.35619449e+00 4.57933798e-01
307 6 2.35619449e+00 4.63405372e-01
308 6 2.35619449e+00 4.59888772e-01
309 6 2.35619449e+00 4.65749774e-01
310 6 2.35619449e+00 4.53740856e-01
311 6 2.35619449e+00 4.57558387e-01
312 6 2.35619449e+00 4.70540583e-01
313 6 2.35619449e+00 4.54060295e-01
314 6 2.35619449e+00 4.73039469e-01
315 6 2.35619449e+00 4.55702323e-01
316 6 2.35619449e+00 4.61046938e-01
317 6 2.35619449e+00 4.66564169e-01
318 6 2.35619449e+00 4.48564213e-01
319 6 2.35619449e+00 4.63233728e-01
320 6 2.35619449e+00 4.52505832e-01
321 6 2.35619449e+00 4.61690550e-01
322 6 2.35619449e+00 4.67242119e-01
323 6 2.35619449e+00 4.68098291e-01
324 6 2.35619449e+00 4.66529179e-01
325 6 2.35619449e+00 4.65892600e-01
326 6 2.35619449e+00 4.61779493e-01
327 6 2.35619449e+00 4.64382311e-01
328 6 2.35619449e+00 4.65838980e-01
329 6 2.35619449e+00 4.65751781e-01
330 6 2.35619449e+00 4.60784801e-01
331 6 2.35619449e+00 4.68964941e-01
332 6 2.35619449e+00 4.69373569e-01
333 6 2.35619449e+00 4.47921846e-01
334 6 2.35619449e+00 4.58738799e-01
335 6 2.35619449e+00 4.69488765e-01
336 6 2.35619449e+00 4.60286335e-01
337 6 2.35619449e+00 4.68274641e-01
338 6 2.35619449e+00 4.60860727e-01
339 6 2.35619449e+00 4.64007567e-01
340 6 2.35619449e+00 4.60162897e-01
341 6 2.35619449e+00 4.55820573e-01
342 6 2.35619449e+00 4.61937579e-01
343 6 2.35619449e+00 4.66665352e-01
344 6 2.35619449e+00 4.61025867e-01
345 6 2.35619449e+00 4.63203411e-01
346 6 2.35619449e+00 4.56346243e-01
347 6 2.35619449e+00 4.59774669e-01
348 6 2.35619449e+00 4.65271430e-01
349 6 2.35619449e+00 4.69360556e-01
350 6 2.35619449e+00 4.60170064e-01
351 6 2.35619449e+00 4.68175368e-01
352 6 2.35619449e+00 4.68512985e-01
353 6 2.35619449e+00 4.63667278e-01
354 6 2.35619449e+00 4.64304089e-01
355 6 2.35619449e+00 4.62402243e-01
356 6 2.35619449e+00 4.61465418e-01
357 6 2.35619449e+00 4.69868492e-01
358 6 2.35619449e+00 4.63916903e-01
359 6 2.35619449e+00 4.61819206e-01
360 6 2.35619449e+00 4.67692955e-01
361 6 2.35619449e+00 4.58704757e-01
362 6 2.35619449e+00 4.47687051e-01
363 6 2.35619449e+00 4.63288298e-01
364 6 2.35619449e+00 4.57864077e-01
365 6 2.35619449e+00 4.61532535e-01
366 6 2.35619449e+00 4.72005326e-01
367 6 2.35619449e+00 4.60552840e-01
368 6 2.35619449e+00 4.54403537e-01
369 6 2.35619449e+00 4.55805099e-01
370 6 2.35619449e+00 4.59393619e-01
371 6 2.35619449e+00 4.63177765e-01
372 6 2.35619449e+00 4.59024000e-01
373 6 2.35619449e+00 4.53642745e-01
374 6 2.35619449e+00 4.47165390e-01
375 6 2.35619449e+00 4.57081286e-01
376 6 2.35619449e+00 4.59745829e-01
377 6 2.35619449e+00 4.63646054e-01
378 6 2.35619449e+00 4.63886175e-01
379 6 2.35619449e+00 4.66089650e-01
380 6 2.35619449e+00 4.61171241e-01
381 6 2.35619449e+00 4.58191625e-01
382 6 2.35619449e+00 4.63570178e-01
383 6 2.35619449e+00 4.66634006e-01
384 6 2.35619449e+00 4.64632659e-01
385 6 2.35619449e+00 4.56040798e-01
386 6 2.35619449e+00 4.59846177e-01
387 6 2.35619449e+00 4.51730317e-01
388 6 2.35619449e+00 4.62636372e-01
389 6 2.35619449e+00 4.67038909e-01
390 6 2.35619449e+00 4.60692022e-01
391 6 2.35619449e+00 4.60400799e-01
392 6 2.35619449e+00 4.64984579e-01
393 6 2.35619449e+00 4.59958806e-01
394 6 2.35619449e+00 4.64657055e-01
395 6 2.35619449e+00 4.59546701e-01
396 6 2.35619449e+00 4.49301133e-01
397 6 2.35619449e+00 4.62625023e-01
398 6 2.35619449e+00 4.63987954e-01
399 6 2.35619449e+00 4.61348821e-01
400 6 2.35619449e+00 4.53493100e-01
401 6 2.35619449e+00 4.51012374e-01
402 6 2.35619449e+00 4.66323883e-01
403 6 2.35619449e+00 4.66422729e-01
404 6 2.35619449e+00 4.59563266e-01
405 6 2.35619449e+00 4.61979165e-01
406 6 2.35619449e+00 4.65806463e-01
407 6 2.35619449e+00 4.60586287e-01
408 6 2.35619449e+00 4.62231381e-01
409 6 2.35619449e+00 4.67303694e-01
410 6 2.35619449e+00 4.62266493e-01
411 6 2.35619449e+00 4.66337204e-01
412 6 2.35619449e+00 4.67861884e-01
413 6 2.35619449e+00 4.59346096e-01
414 6 2.35619449e+00 4.62324928e-01
415 6 2.35619449e+00 4.63359813e-01
416 6 2.35619449e+00 4.57423632e-01
417 6 2.35619449e+00 4.59208189e-01
418 6 2.35619449e+00 4.68446960e-01
419 6 2.35619449e+00 4.57823388e-01
420 6 2.35619449e+00 4.65174670e-01
421 6 2.35619449e+00 4.59285281e-01
422 6 2.35619449e+00 4.66737509e-01
423 6 2.35619449e+00 4.67417019e-01
424 6 2.35619449e+00 4.53660273e-01
425 6 2.35619449e+00 4.64572093e-01
426 6 2.35619449e+00 4.67554641e-01
427 6 2.35619449e+00 4.52910014e-01
428 6 2.35619449e+00 4.60258575e-01
429 6 2.35619449e+00 4.64065784e-01
430 6 2.35619449e+00 4.60069167e-01
431 6 2.35619449e+00 4.66462090e-01
432 6 2.35619449e+00 4.62608395e-01
433 6 2.35619449e+00 4.68370050e-01
434 6 2.35619449e+00 4.53589227e-01
435 6 2.35619449e+00 4.63873587e-01
436 6 2.35619449e+00 4.54387487e-01
437 6 2.35619449e+00 4.57858683e-01
438 6 2.35619449e+00 4.65296666e-01
439 6 2.35619449e+00 4.62352848e-01
440 6 2.35619449e+00 4.66967467e-01
441 6 2.35619449e+00 4.63862484e-01
442 6 2.35619449e+00 4.64460604e-01
443 6 2.35619449e+00 4.65731763e-01
444 6 2.35619449e+00 4.60845216e-01
445 6 2.35619449e+00 4.62709135e-01
446 6 2.35619449e+00 4.56350655e-01
447 6 2.35619449e+00 4.71994082e-01
448 6 2.35619449e+00 4.61830093e-01
449 6 2.35619449e+00 4.70738604e-01
450 6 2.35619449e+00 4.67869545e-01
451 6 2.35619449e+00 4.62689284e-01
452 6 2.35619449e+00 4.63330156e-01
453 6 2.35619449e+00 4.60497724e-01
454 6 2.35619449e+00 4.62550109e-01
455 6 2.35619449e+00 4.70037196e-01
456 6 2.35619449e+00 4.57981641e-01
457 6 2.35619449e+00 4.60840602e-01
458 6 2.35619449e+00 4.71439488e-01
459 6 2.35619449e+00 4.61035273e-01
460 6 2.35619449e+00 4.66113058e-01
461 6 2.35619449e+00 4.65436285e-01
462 6 2.35619449e+00 4.61485695e-01
463 6 2.35619449e+00 4.52172407e-01
464 6 2.35619449e+00 4.64038704e-01
465 6 2.35619449e+00 4.67743085e-01
466 6 2.35619449e+00 4.62719912e-01
467 6 2.35619449e+00 4.56297427e-01
468 6 2.35619449e+00 4.64314505e-01
469 6 2.35619449e+00 4.61471560e-01
470 6 2.35619449e+00 4.70980963e-01
471 6 2.35619449e+00 4.56112949e-01
472 6 2.35619449e+00 4.65077351e-01
473 6 2.35619449e+00 4.79888207e-01
474 6 2.35619449e+00 4.65479516e-01
475 6 2.35619449e+00 4.64550924e-01
476 6 2.35619449e+00 4.64688770e-01
477 6 2.35619449e+00 4.65510960e-01
478 6 2.35619449e+00 4.68649780e-01
479 6 2.35619449e+00 4.59699647e-01
480 6 2.35619449e+00 4.60879040e-01
481 6 2.35619449e+00 4.62128119e-01
482 6 2.35619449e+00 4.59102486e-01
483 6 2.35619449e+00 4.70090276e-01
484 6 2.35619449e+00 4.62477358e-01
485 6 2.35619449e+00 4.62756341e-01
486 6 2.35619449e+00 4.65456267e-01
487 6 2.35619449e+00 4.59965968e-01
488 6 2.35619449e+00 4.63583524e-01
489 6 2.35619449e+00 4.62798298e-01
490 6 2.35619449e+00 4.65565656e-01
491 6 2.35619449e+00 4.64822956e-01
492 6 2.35619449e+00 4.66778281e-01
493 6 2.35619449e+00 4.67801067e-01
494 6 2.35619449e+00 4.58103682e-01
495 6 2.35619449e+00 4.63352950e-01
496 6 2.35619449e+00 4.60866340e-01
497 6 2.35619449e+00 4.56811611e-01
498 6 2.35619449e+00 4.67403885e-01
499 6 2.35619449e+00 4.64291325e-01
500 6 2.35619449e+00 4.54441589e-01
501 6 2.35619449e+00 4.62899413e-01
502 6 2.35619449e+00 4.66343898e-01
503 6 2.35619449e+00 4.66543419e-01
504 6 2.35619449e+00 4.61526668e-01
505 6 2.35619449e+00 4.68682548e-01
506 6 2.35619449e+00 4.65229191e-01
507 6 2.35619449e+00 4.52893571e-01
508 6 2.35619449e+00 4.60719207e-01
509 6 2.35619449e+00 4.68353703e-01
510 6 2.35619449e+00 4.53377202e-01
511 6 2.35619449e+00 4.63229835e-01
512 6 2.35619449e+00 4.63915691e-01
513 6 2.35619449e+00 4.59009111e-01
514 6 2.35619449e+00 4.63888574e-01
515 6 2.35619449e+00 4.77431157e-01
516 6 2.35619449e+00 4.55499917e-01
517 6 2.35619449e+00 4.62219964e-01
518 6 2.35619449e+00 4.61324727e-01
519 6 2.35619449e+00 4.64461189e-01
520 6 2.35619449e+00 4.71029818e-01
521 6 2.35619449e+00 4.67378312e-01
522 6 2.35619449e+00 4.69105546e-01
523 6 2.35619449e+00 4.60009638e-01
524 6 2.35619449e+00 4.65863517e-01
525 6 2.35619449e+00 4.66207900e-01
526 6 2.35619449e+00 4.58251255e-01
527 6 2.35619449e+00 4.69354586e-01
528 6 2.35619449e+00 4.59696496e-01
529 6 2.35619449e+00 4.58006588e-01
530 6 2.35619449e+00 4.76801247e-01
531 6 2.35619449e+00 4.57032458e-01
532 6 2.35619449e+00 4.51728483e-01
533 6 2.35619449e+00 4.60568482e-01
534 6 2.35619449e+00 4.55716255e-01
535 6 2.35619449e+00 4.59048953e-01
536 6 2.35619449e+00 4.59497523e-01
537 6 2.35619449e+00 4.60658349e-01
538 6 2.35619449e+00 4.67453428e-01
539 6 2.35619449e+00 4.62805432e-01
540 6 2.35619449e+00 4.56450268e-01
541 6 2.35619449e+00 4.65130259e-01
542 6 2.35619449e+00 4.67875240e-01
543 6 2.35619449e+00 4.58761352e-01
544 6 2.35619449e+00 4.66941825e-01
545 6 2.35619449e+00 4.68970220e-01
546 6 2.35619449e+00 4.65944960e-01
547 6 2.35619449e+00 4.48510738e-01
548 6 2.35619449e+00 4.60265451e-01
549 6 2.35619449e+00 4.64428101e-01
550 6 2.35619449e+00 4.68337095e-01
551 6 2.35619449e+00 4.64576937e-01
552 6 2.35619449e+00 4.65296282e-01
553 6 2.35619449e+00 4.60876506e-01
554 6 2.35619449e+00 4.60475170e-01
555 6 2.35619449e+00 4.59969257e-01
556 6 2.35619449e+00 4.65769244e-01
557 6 2.35619449e+00 4.66513759e-01
558 6 2.35619449e+00 4.69631978e-01
559 6 2.35619449e+00 4.55975917e-01
560 6 2.35619449e+00 4.51699373e-01
561 6 2.35619449e+00 4.52470885e-01
562 6 2.35619449e+00 4.49424804e-01
563 6 2.35619449e+00 4.55633773e-01
564 6 2.35619449e+00 4.62044508e-01
565 6 2.35619449e+00 4.67358598e-01
566 6 2.35619449e+00 4.61537681e-01
567 6 2.35619449e+00 4.71802433e-01
568 6 2.35619449e+00 4.62479278e-01
569 6 2.35619449e+00 4.62324416e-01
570 6 2.35619449e+00 4.59600091e-01
571 6 2.35619449e+00 4.65489299e-01
572 6 2.35619449e+00 4.57508953e-01
573 6 2.35619449e+00 4.66742635e-01
574 6 2.35619449e+00 4.60104785e-01
575 6 2.35619449e+00 4.61369364e-01
576 6 2.35619449e+00 4.64805656e-01
577 6 2.35619449e+00 4.54048412e-01
578 6 2.35619449e+00 4.69096136e-01
579 6 2.35619449e+00 4.65717875e-01
580 6 2.35619449e+00 4.62009717e-01
581 6 2.35619449e+00 4.65570413e-01
582 6 2.35619449e+00 4.67063569e-01
583 6 2.35619449e+00 4.59956265e-01
584 6 2.35619449e+00 4.61819416e-01
585 6 2.35619449e+00 4.56559737e-01
586 6 2.35619449e+00 4.59504841e-01
587 6 2.35619449e+00 4.66569658e-01
588 6 2.35619449e+00 4.64291290e-01
589 6 2.35619449e+00 4.51781942e-01
590 6 2.35619449e+00 4.67881058e-01
591 6 2.35619449e+00 4.64960309e-01
592 6 2.35619449e+00 4.74933404e-01
593 6 2.35619449e+00 4.69565830e-01
594 6 2.35619449e+00 4.60478177e-01
595 6 2.35619449e+00 4.59158388e-01
596 6 2.35619449e+00 4.64969141e-01
597 6 2.35619449e+00 4.61486923e-01
598 6 2.35619449e+00 4.57588076e-01
599 6 2.35619449e+00 4.57205715e-01
600 6 2.35619449e+00 4.75501212e-01
601 6 2.35619449e+00 4.57816303e-01
602 6 2.35619449e+00 4.66641477e-01
603 6 2.35619449e+00 4.47491608e-01
604 6 2.35619449e+00 4.65359579e-01
605 6 2.35619449e+00 4.57342770e-01
606 6 2.35619449e+00 4.67654506e-01
607 6 2.35619449e+00 4.58741319e-01
608 6 2.35619449e+00 4.61855711e-01
609 6 2.35619449e+00 4.60209562e-01
610 6 2.35619449e+00 4.69777479e-01
611 6 2.35619449e+00 4.55812643e-01
612 6 2.35619449e+00 4.57356523e-01
613 6 2.35619449e+00 4.58542806e-01
614 6 2.35619449e+00 4.65533376e-01
615 6 2.35619449e+00 4.57481881e-01
616 6 2.35619449e+00 4.64454291e-01
617 6 2.35619449e+00 4.63923694e-01
618 6 2.35619449e+00 4.63900538e-01
619 6 2.35619449e+00 4.66008899e-01
620 6 2.35619449e+00 4.69693194e-01
621 6 2.35619449e+00 4.70341690e-01
622 6 2.35619449e+00 4.64903817e-01
623 6 2.35619449e+00 4.61832248e-01
624 6 2.35619449e+00 4.60987004e-01
625 6 2.35619449e+00 4.62379450e-01
626 6 2.35619449e+00 4.67267293e-01
627 6 2.35619449e+00 4.62589496e-01
628 6 2.35619449e+00 4.62042442e-01
629 6 2.35619449e+00 4.57176782e-01
630 6 2.35619449e+00 4.69475908e-01
631 6 2.35619449e+00 4.69058657e-01
632 6 2.35619449e+00 4.63827981e-01
633 6 2.35619449e+00 4.69258454e-01
634 6 2.35619449e+00 4.50856191e-01
635 6 2.35619449e+00 4.58795960e-01
636 6 2.35619449e+00 4.64586147e-01
637 6 2.35619449e+00 4.65714857e-01
638 6 2.35619449e+00 4.63508223e-01
639 6 2.35619449e+00 4.54890436e-01
640 6 2.35619449e+00 4.64500029e-01
641 6 2.35619449e+00 4.63819130e-01
642 6 2.35619449e+00 4.51146662e-01
643 6 2.35619449e+00 4.59019961e-01
644 6 2.35619449e+00 4.66955304e-01
645 6 2.35619449e+00 4.60658567e-01
646 6 2.35619449e+00 4.54346835e-01
647 6 2.35619449e+00 4.73608832e-01
648 6 2.35619449e+00 4.66453198e-01
649 6 2.35619449e+00 4.59838281e-01
650 6 2.35619449e+00 4.67876722e-01
651 6 2.35619449e+00 4.61469371e-01
652 6 2.35619449e+00 4.53753986e-01
653 6 2.35619449e+00 4.63077224e-01
654 6 2.35619449e+00 4.63531182e-01
655 6 2.35619449e+00 4.56557098e-01
656 6 2.35619449e+00 4.65697366e-01
657 6 2.35619449e+00 4.64830863e-01
658 6 2.35619449e+00 4.64733137e-01
659 6 2.35619449e+00 4.66575722e-01
660 6 2.35619449e+00 4.68429870e-01
661 6 2.35619449e+00 4.63926194e-01
662 6 2.35619449e+00 4.70103546e-01
663 6 2.35619449e+00 4.67381956e-01
664 6 2.35619449e+00 4.61262761e-01
665 6 2.35619449e+00 4.53839994e-01
666 6 2.35619449e+00 4.71695148e-01
667 6 2.35619449e+00 4.63842515e-01
668 6 2.35619449e+00 4.64637253e-01
669 6 2.35619449e+00 4.65529041e-01
670 6 2.35619449e+00 4.63963126e-01
671 6 2.35619449e+00 4.58859745e-01
672 6 2.35619449e+00 4.59694796e-01
673 6 2.35619449e+00 4.65324197e-01
674 6 2.35619449e+00 4.66251779e-01
675 6 2.35619449e+00 4.59107344e-01
676 6 2.35619449e+00 4.61666149e-01
677 6 2.35619449e+00 4.67394593e-01
678 6 2.35619449e+00 4.68826381e-01
679 6 2.35619449e+00 4.65797747e-01
680 6 2.35619449e+00 4.64423391e-01
681 6 2.35619449e+00 4.58354903e-01
682 6 2.35619449e+00 4.60786875e-01
683 6 2.35619449e+00 4.63677049e-01
684 6 2.35619449e+00 4.61049270e-01
685 6 2.35619449e+00 4.55995358e-01
686 6 2.35619449e+00 4.66373253e-01
687 6 2.35619449e+00 4.57407132e-01
688 6 2.35619449e+00 4.61585528e-01
689 6 2.35619449e+00 4.65874481e-01
690 6 2.35619449e+00 4.57229421e-01
691 6 2.35619449e+00 4.55591632e-01
692 6 2.35619449e+00 4.68376769e-01
693 6 2.35619449e+00 4.56102391e-01
694 6 2.35619449e+00 4.55320461e-01
695 6 2.35619449e+00 4.58200487e-01
696 6 2.35619449e+00 4.68414659e-01
697 6 2.35619449e+00 4.68106862e-01
698 6 2.35619449e+00 4.63054595e-01
699 6 2.35619449e+00 4.62950421e-01
700 6 2.35619449e+00 4.61767001e-01
701 6 2.35619449e+00 4.54791193e-01
702 6 2.35619449e+00 4.65172153e-01
703 6 2.35619449e+00 4.58940199e-01
704 6 2.35619449e+00 4.71979344e-01
705 6 2.35619449e+00 4.63183569e-01
706 6 2.35619449e+00 4.61470235e-01
707 6 2.35619449e+00 4.59835825e-01
708 6 2.35619449e+00 4.59396319e-01
709 6 2.35619449e+00 4.61660678e-01
710 6 2.35619449e+00 4.60451454e-01
711 6 2.35619449e+00 4.57300927e-01
712 6 2.35619449e+00 4.66937294e-01
713 6 2.35619449e+00 4.60783029e-01
714 6 2.35619449e+00 4.61160320e-01
715 6 2.35619449e+00 4.64999638e-01
716 6 2.35619449e+00 4.62024127e-01
717 6 2.35619449e+00 4.64703965e-01
718 6 2.35619449e+00 4.68325151e-01
719 6 2.35619449e+00 4.55653719e-01
720 6 2.35619449e+00 4.67170219e-01
721 6 2.35619449e+00 4.64077104e-01
722 6 2.35619449e+00 4.65049176e-01
723 6 2.35619449e+00 4.71982155e-01
724 6 2.35619449e+00 4.55632031e-01
725 6 2.35619449e+00 4.64563294e-01
726 6 2.35619449e+00 4.57754747e-01
727 6 2.35619449e+00 4.65655364e-01
728 6 2.35619449e+00 4.67540615e-01
729 6 2.35619449e+00 4.63237863e-01
730 6 2.35619449e+00 4.57750671e-01
731 6 2.35619449e+00 4.54668369e-01
732 6 2.35619449e+00 4.60047608e-01
733 6 2.35619449e+00 4.61668494e-01
734 6 2.35619449e+00 4.65888869e-01
735 6 2.35619449e+00 4.65814289e-01
736 6 2.35619449e+00 4.57839038e-01
737 6 2.35619449e+00 4.56990126e-01
738 6 2.35619449e+00 4.61655044e-01
739 6 2.35619449e+00 4.68386506e-01
740 6 2.35619449e+00 4.58303855e-01
741 6 2.35619449e+00 4.56836195e-01
742 6 2.35619449e+00 4.60024811e-01
743 6 2.35619449e+00 4.54930255e-01
744 6 2.35619449e+00 4.51193787e-01
745 6 2.35619449e+00 4.67295087e-01
746 6 2.35619449e+00 4.65674762e-01
747 6 2.35619449e+00 4.73983706e-01
748 6 2.35619449e+00 4.67310640e-01
749 6 2.35619449e+00 4.66195743e-01
750 6 2.35619449e+00 4.57184867e-01
751 6 2.35619449e+00 4.56419572e-01
752 6 2.35619449e+00 4.63694507e-01
753 6 2.35619449e+00 4.70192006e-01
754 6 2.35619449e+00 4.72163579e-01
755 6 2.35619449e+00 4.53148257e-01
756 6 2.35619449e+00 4.67915504e-01
757 6 2.35619449e+00 4.64470957e-01
758 6 2.35619449e+00 4.62946715e-01
759 6 2.35619449e+00 4.70735135e-01
760 6 2.35619449e+00 4.64428892e-01
761 6 2.35619449e+00 4.67331847e-01
762 6 2.35619449e+00 4.62386361e-01
763 6 2.35619449e+00 4.61793511e-01
764 6 2.35619449e+00 4.67559441e-01
765 6 2.35619449e+00 4.58511146e-01
766 6 2.35619449e+00 4.71011413e-01
767 6 2.35619449e+00 4.69366338e-01
768 6 2.35619449e+00 4.59801378e-01
769 6 2.35619449e+00 4.60120604e-01
770 6 2.35619449e+00 4.64468142e-01
771 6 2.35619449e+00 4.55878500e-01
772 6 2.35619449e+00 4.66483264e-01
773 6 2.35619449e+00 4.57349388e-01
774 6 2.35619449e+00 4.65521577e-01
775 6 2.35619449e+00 4.62208897e-01
776 6 2.35619449e+00 4.67181682e-01
777 6 2.35619449e+00 4.63284038e-01
778 6 2.35619449e+00 4.60260676e-01
779 6 2.35619449e+00 4.54409546e-01
780 6 2.35619449e+00 4.51857199e-01
781 6 2.35619449e+00 4.67348574e-01
782 6 2.35619449e+00 4.71261860e-01
783 6 2.35619449e+00 4.56661538e-01
784 6 2.35619449e+00 4.62050382e-01
785 6 2.35619449e+00 4.61163117e-01
786 6 2.35619449e+00 4.61387779e-01
787 6 2.35619449e+00 4.64360381e-01
788 6 2.35619449e+00 4.60398635e-01
789 6 2.35619449e+00 4.47997996e-01
790 6 2.35619449e+00 4.59884398e-01
791 6 2.35619449e+00 4.53690950e-01
792 6 2.35619449e+00 4.63743149e-01
793 6 2.35619449e+00 4.62190088e-01
794 6 2.35619449e+00 4.59936609e-01
795 6 2.35619449e+00 4.63331172e-01
796 6 2.35619449e+00 4.61289450e-01
797 6 2.35619449e+00 4.60988994e-01
798 6 2.35619449e+00 4.60405467e-01
799 6 2.35619449e+00 4.60203000e-01
800 6 2.35619449e+00 4.70684915e-01
801 6 2.35619449e+00 4.59114656e-01
802 6 2.35619449e+00 4.58108262e-01
803 6 2.35619449e+00 4.67643274e-01
804 6 2.35619449e+00 4.67173644e-01
805 6 2.35619449e+00 4.58175132e-01
806 6 2.35619449e+00 4.51677706e-01
807 6 2.35619449e+00 4.65661302e-01
808 6 2.35619449e+00 4.59670380e-01
809 6 2.35619449e+00 4.61006248e-01
810 6 2.35619449e+00 4.63953637e-01
811 6 2.35619449e+00 4.61946502e-01
812 6 2.35619449e+00 4.61149157e-01
813 6 2.35619449e+00 4.55905606e-01
814 6 2.35619449e+00 4.66514761e-01
815 6 2.35619449e+00 4.62539665e-01
816 6 2.35619449e+00 4.70881200e-01
817 6 2.35619449e+00 4.63649989e-01
818 6 2.35619449e+00 4.60809194e-01
819 6 2.35619449e+00 4.67728938e-01
820 6 2.35619449e+00 4.66319969e-01
821 6 2.35619449e+00 4.63843593e-01
822 6 2.35619449e+00 4.59610262e-01
823 6 2.35619449e+00 4.60809215e-01
824 6 2.35619449e+00 4.67080391e-01
825 6 2.35619449e+00 4.61011762e-01
826 6 2.35619449e+00 4.62293230e-01
827 6 2.35619449e+00 4.68228651e-01
828 6 2.35619449e+00 4.58924524e-01
829 6 2.35619449e+00 4.62295731e-01
830 6 2.35619449e+00 4.52565329e-01
831 6 2.35619449e+00 4.60356379e-01
832 6 2.35619449e+00 4.59394809e-01
833 6 2.35619449e+00 4.56481602e-01
834 6 2.35619449e+00 4.55514140e-01
835 6 2.35619449e+00 4.72321496e-01
836 6 2.35619449e+00 4.54958596e-01
837 6 2.35619449e+00 4.64674008e-01
838 6 2.35619449e+00 4.67132858e-01
839 6 2.35619449e+00 4.76858802e-01
840 6 2.35619449e+00 4.67255004e-01
841 6 2.35619449e+00 4.59344097e-01
842 6 2.35619449e+00 4.56623193e-01
843 6 2.35619449e+00 4.55350737e-01
844 6 2.35619449e+00 4.65743587e-01
845 6 2.35619449e+00 4.61098879e-01
846 6 2.35619449e+00 4.60301948e-01
847 6 2.35619449e+00 4.58148340e-01
848 6 2.35619449e+00 4.62206859e-01
849 6 2.35619449e+00 4.65487483e-01
850 6 2.35619449e+00 4.69153149e-01
851 6 2.35619449e+00 4.64765313e-01
852 6 2.35619449e+00 4.63261163e-01
853 6 2.35619449e+00 4.62708059e-01
854 6 2.35619449e+00 4.68283533e-01
855 6 2.35619449e+00 4.58846726e-01
856 6 2.35619449e+00 4.71364469e-01
857 6 2.35619449e+00 4.58984195e-01
858 6 2.35619449e+00 4.66792406e-01
859 6 2.35619449e+00 4.67902943e-01
860 6 2.35619449e+00 4.56918870e-01
861 6 2.35619449e+00 4.60445896e-01
862 6 2.35619449e+00 4.60883571e-01
863 6 2.35619449e+00 4.77211655e-01
864 6 2.35619449e+00 4.65450731e-01
865 6 2.35619449e+00 4.61715350e-01
866 6 2.35619449e+00 4.66314887e-01
867 6 2.35619449e+00 4.62733926e-01
868 6 2.35619449e+00 4.65493795e-01
869 6 2.35619449e+00 4.61688271e-01
870 6 2.35619449e+00 4.69709077e-01
871 6 2.35619449e+00 4.67349491e-01
872 6 2.35619449e+00 4.64532936e-01
873 6 2.35619449e+00 4.63742366e-01
874 6 2.35619449e+00 4.64289799e-01
875 6 2.35619449e+00 4.74042556e-01
876 6 2.35619449e+00 4.62485008e-01
877 6 2.35619449e+00 4.62737824e-01
878 6 2.35619449e+00 4.70487973e-01
879 6 2.35619449e+00 4.65066104e-01
880 6 2.35619449e+00 4.55865427e-01
881 6 2.35619449e+00 4.60293192e-01
882 6 2.35619449e+00 4.59809135e-01
883 6 2.35619449e+00 4.56498736e-01
884 6 2.35619449e+00 4.59779475e-01
885 6 2.35619449e+00 4.62930087e-01
886 6 2.35619449e+00 4.62104104e-01
887 6 2.35619449e+00 4.54891626e-01
888 6 2.35619449e+00 4.68913848e-01
889 6 2.35619449e+00 4.58177315e-01
890 6 2.35619449e+00 4.63540040e-01
891 6 2.35619449e+00 4.61835176e-01
892 6 2.35619449e+00 4.66053300e-01
893 6 2.35619449e+00 4.61642897e-01
894 6 2.35619449e+00 4.57823921e-01
895 6 2.35619449e+00 4.55610294e-01
896 6 2.35619449e+00 4.69164536e-01
897 6 2.35619449e+00 4.57412181e-01
898 6 2.35619449e+00 4.60664127e-01
899 6 2.35619449e+00 4.56123904e-01
0 7 2.74889357e+00 4.22832858e-01
1 7 2.74889357e+00 4.26173993e-01
2 7 2.74889357e+00 4.15202358e-01
3 7 2.74889357e+00 4.15477222e-01
4 7 2.74889357e+00 4.14202152e-01
5 7 2.74889357e+00 4.14968107e-01
6 7 2.74889357e+00 4.16361655e-01
7 7 2.74889357e+00 4.09250669e-01
8 7 2.74889357e+00 4.10543129e-01
9 7 2.74889357e+00 4.15338084e-01
10 7 2.74889357e+00 4.13093865e-01
11 7 2.74889357e+00 4.01274278e-01
12 7 2.74889357e+00 4.22603019e-01
13 7 2.74889357e+00 4.19632983e-01
14 7 2.74889357e+00 4.19098227e-01
15 7 2.74889357e+00 4.18989085e-01
16 7 2.74889357e+00 4.06542712e-01
17 7 2.74889357e+00 4.15410406e-01
18 7 2.74889357e+00 4.16951597e-01
19 7 2.74889357e+00 4.13825289e-01
20 7 2.74889357e+00 4.16956336e-01
21 7 2.74889357e+00 4.18405973e-01
22 7 2.74889357e+00 4.15445412e-01
23 7 2.74889357e+00 4.14682521e-01
24 7 2.74889357e+00 4.21094234e-01
25 7 2.74889357e+00 4.13542434e-01
26 7 2.74889357e+00 4.11299853e-01
27 7 2.74889357e+00 4.08174488e-01
28 7 2.74889357e+00 4.12974811e-01
29 7 2.74889357e+00 4.15786919e-01
30 7 2.74889357e+00 4.09555645e-01
31 7 2.74889357e+00 4.11634590e-01
32 7 2.74889357e+00 4.06699579e-01
33 7 2.74889357e+00 4.20841916e-01
34 7 2.74889357e+00 4.14717504e-01
35 7 2.74889357e+00 4.28805473e-01
36 7 2.74889357e+00 4.14919232e-01
37 7 2.74889357e+00 4.14012155e-01
38 7 2.74889357e+00 4.15545824e-01
39 7 2.74889357e+00 4.08650942e-01
40 7 2.74889357e+00 4.07219309e-01
41 7 2.74889357e+00 4.18839408e-01
42 7 2.74889357e+00 4.17617199e-01
43 7 2.74889357e+00 4.16871769e-01
44 7 2.74889357e+00 4.16150253e-01
45 7 2.74889357e+00 4.10679072e-01
46 7 2.74889357e+00 4.09060009e-01
47 7 2.74889357e+00 4.12977519e-01
48 7 2.74889357e+00 4.20014012e-01
49 7 2.74889357e+00 4.20381089e-01
50 7 2.74889357e+00 4.15286326e-01
51 7 2.74889357e+00 4.16184531e-01
52 7 2.74889357e+00 4.15485051e-01
53 7 2.74889357e+00 4.07751905e-01
54 7 2.74889357e+00 4.12184348e-01
55 7 2.74889357e+00 4.17157104e-01
56 7 2.74889357e+00 4.05259561e-01
57 7 2.74889357e+00 4.09922229e-01
58 7 2.74889357e+00 4.14031753e-01
59 7 2.74889357e+00 4.17060518e-01
60 7 2.74889357e+00 4.11256335e-01
61 7 2.74889357e+00 4.08914662e-01
62 7 2.74889357e+00 4.07496347e-01
63 7 2.74889357e+00 4.13317919e-01
64 7 2.74889357e+00 4.10519688e-01
65 7 2.74889357e+00 4.21218944e-01
66 7 2.74889357e+00 4.08459987e-01
67 7 2.74889357e+00 4.08537183e-01
68 7 2.74889357e+00 4.01330342e-01
69 7 2.74889357e+00 4.31063967e-01
70 7 2.74889357e+00 4.07833474e-01
71 7 2.74889357e+00 4.09355488e-01
72 7 2.74889357e+00 4.07871559e-01
73 7 2.74889357e+00 4.31822590e-01
74 7 2.74889357e+00 4.21018574e-01
75 7 2.74889357e+00 4.19740590e-01
76 7 2.74889357e+00 4.17062863e-01
77 7 2.74889357e+00 4.13300250e-01
78 7 2.74889357e+00 4.29318789e-01
79 7 2.74889357e+00 4.25034783e-01
80 7 2.74889357e+00 4.18818480e-01
81 7 2.74889357e+00 4.05537512e-01
82 7 2.74889357e+00 4.05192532e-01
83 7 2.74889357e+00 4.14831871e-01
84 7 2.74889357e+00 4.09743313e-01
85 7 2.74889357e+00 4.16215401e-01
86 7 2.74889357e+00 4.18780773e-01
87 7 2.74889357e+00 4.19412922e-01
88 7 2.74889357e+00 4.07548041e-01
89 7 2.74889357e+00 4.07711188e-01
90 7 2.74889357e+00 4.19911929e-01
91 7 2.74889357e+00 4.15460900e-01
92 7 2.74889357e+00 4.16679849e-01
93 7 2.74889357e+00 4.23906024e-01
94 7 2.74889357e+00 4.17833310e-01
95 7 2.74889357e+00 4.16445851e-01
96 7 2.74889357e+00 4.24708974e-01
97 7 2.74889357e+00 4.21135427e-01
98 7 2.74889357e+00 4.10366123e-01
99 7 2.74889357e+00 4.12535966e-01
100 7 2.74889357e+00 4.07590257e-01
101 7 2.74889357e+00 4.16067869e-01
102 7 2.74889357e+00 4.21644504e-01
103 7 2.74889357e+00 4.02458403e-01
104 7 2.74889357e+00 4.02714960e-01
105 7 2.74889357e+00 4.15744941e-01
106 7 2.74889357e+00 4.04707821e-01
107 7 2.74889357e+00 4.24902303e-01
108 7 2.74889357e+00 4.16153614e-01
109 7 2.74889357e+00 4.07332488e-01
110 7 2.74889357e+00 4.17125099e-01
111 7 2.74889357e+00 4.13156820e-01
112 7 2.74889357e+00 4.13498069e-01
113 7 2.74889357e+00 4.11250844e-01
114 7 2.74889357e+00 4.19495181e-01
115 7 2.74889357e+00 4.05880565e-01
116 7 2.74889357e+00 4.17726830e-01
117 7 2.74889357e+00 4.16474716e-01
118 7 2.74889357e+00 4.18199766e-01
119 7 2.74889357e+00 4.16736308e-01
120 7 2.74889357e+00 4.07334687e-01
121 7 2.74889357e+00 4.16500330e-01
122 7 2.74889357e+00 4.11157596e-01
123 7 2.74889357e+00 4.08627185e-01
124 7 2.74889357e+00 4.18762188e-01
125 7 2.74889357e+00 4.08635187e-01
126 7 2.74889357e+00 4.25238286e-01
127 7 2.74889357e+00 4.11505911e-01
128 7 2.74889357e+00 4.18678607e-01
129 7 2.74889357e+00 4.10870756e-01
130 7 2.74889357e+00 4.18553782e-01
131 7 2.74889357e+00 4.13108459e-01
132 7 2.74889357e+00 4.19921633e-01
133 7 2.74889357e+00 4.10504503e-01
134 7 2.74889357e+00 4.20571388e-01
135 7 2.74889357e+00 4.15201276e-01
136 7 2.74889357e+00 4.05032978e-01
137 7 2.74889357e+00 4.11058820e-01
138 7 2.74889357e+00 4.22239265e-01
139 7 2.74889357e+00 4.08367736e-01
140 7 2.74889357e+00 4.19297009e-01
141 7 2.74889357e+00 4.12031174e-01
142 7 2.74889357e+00 3.99856894e-01
143 7 2.74889357e+00 4.05418343e-01
144 7 2.74889357e+00 4.13201330e-01
145 7 2.74889357e+00 4.25603383e-01
146 7 2.74889357e+00 4.13200787e-01
147 7 2.74889357e+00 4.12885607e-01
148 7 2.74889357e+00 4.12994772e-01
149 7 2.74889357e+00 4.01919254e-01
150 7 2.74889357e+00 4.11410737e-01
151 7 2.74889357e+00 4.12652511e-01
152 7 2.74889357e+00 4.06208313e-01
153 7 2.74889357e+00 4.12987020e-01
154 7 2.74889357e+00 4.17908827e-01
155 7 2.74889357e+00 4.10061437e-01
156 7 2.74889357e+00 4.14712839e-01
157 7 2.74889357e+00 4.10870680e-01
158 7 2.74889357e+00 4.14985355e-01
159 7 2.74889357e+00 4.02336693e-01
160 7 2.74889357e+00 4.05235201e-01
161 7 2.74889357e+00 4.13024521e-01
162 7 2.74889357e+00 4.12388884e-01
163 7 2.74889357e+00 4.11550040e-01
164 7 2.74889357e+00 4.09022017e-01
165 7 2.74889357e+00 4.18991667e-01
166 7 2.74889357e+00 4.23406832e-01
167 7 2.74889357e+00 4.19855635e-01
168 7 2.74889357e+00 4.18554554e-01
169 7 2.74889357e+00 4.23330658e-01
170 7 2.74889357e+00 4.16492296e-01
171 7 2.74889357e+00 4.08188218e-01
172 7 2.74889357e+00 4.16115572e-01
173 7 2.74889357e+00 4.08014806e-01
174 7 2.74889357e+00 4.16757909e-01
175 7 2.74889357e+00 4.12412119e-01
176 7 2.74889357e+00 4.20326796e-01
177 7 2.74889357e+00 4.20501940e-01
178 7 2.74889357e+00 4.23786922e-01
179 7 2.74889357e+00 4.28763104e-01
180 7 2.74889357e+00 4.11114474e-01
181 7 2.74889357e+00 4.24398316e-01
182 7 2.74889357e+00 4.18291690e-01
183 7 2.74889357e+00 4.12615634e-01
184 7 2.74889357e+00 4.08106954e-01
185 7 2.74889357e+00 4.10962316e-01
186 7 2.74889357e+00 4.09346518e-01
187 7 2.74889357e+00 4.17799512e-01
188 7 2.74889357e+00 4.09209894e-01
189 7 2.74889357e+00 4.16340877e-01
190 7 2.74889357e+00 4.15477709e-01
191 7 2.74889357e+00 4.20902931e-01
192 7 2.74889357e+00 4.22474296e-01
193 7 2.74889357e+00 4.21099595e-01
194 7 2.74889357e+00 4.05979425e-01
195 7 2.74889357e+00 4.15197474e-01
196 7 2.74889357e+00 4.08577791e-01
197 7 2.74889357e+00 4.11575400e-01
198 7 2.74889357e+00 4.01671293e-01
199 7 2.74889357e+00 4.14726443e-01
200 7 2.74889357e+00 4.12654818e-01
201 7 2.74889357e+00 4.18650762e-01
202 7 2.74889357e+00 4.06205021e-01
203 7 2.74889357e+00 4.11146268e-01
204 7 2.74889357e+00 4.19550411e-01
205 7 2.74889357e+00 4.15415259e-01
206 7 2.74889357e+00 4.12484348e-01
207 7 2.74889357e+00 4.16813339e-01
208 7 2.74889357e+00 4.17128275e-01
209 7 2.74889357e+00 4.12823397e-01
210 7 2.74889357e+00 4.00356313e-01
211 7 2.74889357e+00 4.08184984e-01
212 7 2.74889357e+00 4.09516948e-01
213 7 2.74889357e+00 4.12319787e-01
214 7 2.74889357e+00 4.09734982e-01
215 7 2.74889357e+00 4.11163979e-01
216 7 2.74889357e+00 4.23195317e-01
217 7 2.74889357e+00 4.22533939e-01
218 7 2.74889357e+00 4.20373028e-01
219 7 2.74889357e+00 4.24432302e-01
220 7 2.74889357e+00 4.17626440e-01
221 7 2.74889357e+00 4.16593996e-01
222 7 2.74889357e+00 4.01049519e-01
223 7 2.74889357e+00 4.18794402e-01
224 7 2.74889357e+00 4.19508085e-01
225 7 2.74889357e+00 4.15548962e-01
226 7 2.74889357e+00 4.09840341e-01
227 7 2.74889357e+00 4.11044832e-01
228 7 2.74889357e+00 4.14318886e-01
229 7 2.74889357e+00 4.08378532e-01
230 7 2.74889357e+00 4.10997995e-01
231 7 2.74889357e+00 4.06928485e-01
232 7 2.74889357e+00 4.20991114e-01
233 7 2.74889357e+00 4.09745134e-01
234 7 2.74889357e+00 4.20378987e-01
235 7 2.74889357e+00 4.11947586e-01
236 7 2.74889357e+00 4.22145161e-01
237 7 2.74889357e+00 4.25333724e-01
238 7 2.74889357e+00 4.16834044e-01
239 7 2.74889357e+00 4.08515043e-01
240 7 2.74889357e+00 4.15246421e-01
241 7 2.74889357e+00 4.19598754e-01
242 7 2.74889357e+00 4.15759163e-01
243 7 2.74889357e+00 4.12284313e-01
244 7 2.74889357e+00 4.06471369e-01
245 7 2.74889357e+00 4.02904662e-01
246 7 2.74889357e+00 4.09866043e-01
247 7 2.74889357e+00 4.25420474e-01
248 7 2.74889357e+00 4.02833179e-01
249 7 2.74889357e+00 4.11382147e-01
250 7 2.74889357e+00 4.19253009e-01
251 7 2.74889357e+00 4.24612752e-01
252 7 2.74889357e+00 4.06522251e-01
253 7 2.74889357e+00 4.16843093e-01
254 7 2.74889357e+00 4.14596067e-01
255 7 2.74889357e+00 3.96455522e-01
256 7 2.74889357e+00 4.18530423e-01
257 7 2.74889357e+00 4.13052304e-01
258 7 2.74889357e+00 4.18589163e-01
259 7 2.74889357e+00 4.15975825e-01
260 7 2.74889357e+00 4.14181269e-01
261 7 2.74889357e+00 4.08130779e-01
262 7 2.74889357e+00 4.10574925e-01
263 7 2.74889357e+00 3.99324064e-01
264 7 2.74889357e+00 4.13280729e-01
265 7 2.74889357e+00 4.21230394e-01
266 7 2.74889357e+00 4.06231322e-01
267 7 2.74889357e+00 4.11170106e-01
268 7 2.74889357e+00 3.94542945e-01
269 7 2.74889357e+00 4.15764380e-01
270 7 2.74889357e+00 4.10301291e-01
271 7 2.74889357e+00 4.14925063e-01
272 7 2.74889357e+00 4.17302363e-01
273 7 2.74889357e+00 4.16031090e-01
274 7 2.74889357e+00 4.10514344e-01
275 7 2.74889357e+00 4.15827928e-01
276 7 2.74889357e+00 4.18536435e-01
277 7 2.74889357e+00 4.13641547e-01
278 7 2.74889357e+00 4.19849902e-01
279 7 2.74889357e+00 4.09645706e-01
280 7 2.74889357e+00 4.07566777e-01
281 7 2.74889357e+00 4.06981890e-01
282 7 2.74889357e+00 4.20462493e-01
283 7 2.74889357e+00 4.19324708e-01
284 7 2.74889357e+00 4.00777797e-01
285 7 2.74889357e+00 4.06890265e-01
286 7 2.74889357e+00 4.05460297e-01
287 7 2.74889357e+00 4.13551738e-01
288 7 2.74889357e+00 4.24391008e-01
289 7 2.74889357e+00 4.14174298e-01
290 7 2.74889357e+00 4.21876828e-01
291 7 2.74889357e+00 4.01222558e-01
292 7 2.74889357e+00 4.13247499e-01
293 7 2.74889357e+00 4.21633527e-01
294 7 2.74889357e+00 4.07529746e-01
295 7 2.74889357e+00 4.18370684e-01
296 7 2.74889357e+00 4.22809382e-01
297 7 2.74889357e+00 4.19886161e-01
298 7 2.74889357e+00 4.13287273e-01
299 7 2.74889357e+00 4.07516736e-01
300 7 2.74889357e+00 4.19578536e-01
301 7 2.74889357e+00 4.15133077e-01
302 7 2.74889357e+00 4.06272585e-01
303 7 2.74889357e+00 4.12830818e-01
304 7 2.74889357e+00 4.15854872e-01
305 7 2.74889357e+00 4.14937578e-01
306 7 2.74889357e+00 4.08498611e-01
307 7 2.74889357e+00 4.17566960e-01
308 7 2.74889357e+00 4.11449620e-01
309 7 2.74889357e+00 4.19160990e-01
310 7 2.74889357e+00 4.03916568e-01
311 7 2.74889357e+00 4.07724913e-01
312 7 2.74889357e+00 4.27647914e-01
313 7 2.74889357e+00 4.01069527e-01
314 7 2.74889357e+00 4.26312329e-01
315 7 2.74889357e+00 4.08081900e-01
316 7 2.74889357e+00 4.12194433e-01
317 7 2.74889357e+00 4.19415553e-01
318 7 2.74889357e+00 3.97269760e-01
319 7 2.74889357e+00 4.14349265e-01
320 7 2.74889357e+00 4.03043153e-01
321 7 2.74889357e+00 4.15443527e-01
322 7 2.74889357e+00 4.19811235e-01
323 7 2.74889357e+00 4.23895919e-01
324 7 2.74889357e+00 4.18940559e-01
325 7 2.74889357e+00 4.20693016e-01
326 7 2.74889357e+00 4.13220707e-01
327 7 2.74889357e+00 4.15166465e-01
328 7 2.74889357e+00 4.21322812e-01
329 7 2.74889357e+00 4.19673184e-01
330 7 2.74889357e+00 4.13946748e-01
331 7 2.74889357e+00 4.21161327e-01
332 7 2.74889357e+00 4.23216941e-01
333 7 2.74889357e+00 3.95998714e-01
334 7 2.74889357e+00 4.13760116e-01
335 7 2.74889357e+00 4.25465080e-01
336 7 2.74889357e+00 4.10765979e-01
337 7 2.74889357e+00 4.23274104e-01
338 7 2.74889357e+00 4.14602021e-01
339 7 2.74889357e+00 4.16132662e-01
340 7 2.74889357e+00 4.15628996e-01
341 7 2.74889357e+00 4.03608035e-01
342 7 2.74889357e+00 4.11451602e-01
343 7 2.74889357e+00 4.21840532e-01
344 7 2.74889357e+00 4.11353610e-01
345 7 2.74889357e+00 4.17169099e-01
346 7 2.74889357e+00 4.04523026e-01
347 7 2.74889357e+00 4.10365873e-01
348 7 2.74889357e+00 4.17142309e-01
349 7 2.74889357e+00 4.20680579e-01
350 7 2.74889357e+00 4.14957347e-01
351 7 2.74889357e+00 4.24614072e-01
352 7 2.74889357e+00 4.21341282e-01
353 7 2.74889357e+00 4.18703243e-01
354 7 2.74889357e+00 4.14934814e-01
355 7 2.74889357e+00 4.13683960e-01
356 7 2.74889357e+00 4.15522157e-01
357 7 2.74889357e+00 4.22212885e-01
358 7 2.74889357e+00 4.17143850e-01
359 7 2.74889357e+00 4.14274070e-01
360 7 2.74889357e+00 4.23666975e-01
361 7 2.74889357e+00 4.08422188e-01
362 7 2.74889357e+00 3.95121797e-01
363 7 2.74889357e+00 4.13973756e-01
364 7 2.74889357e+00 4.09648576e-01
365 7 2.74889357e+00 4.15646335e-01
366 7 2.74889357e+00 4.28589476e-01
367 7 2.74889357e+00 4.12901981e-01
368 7 2.74889357e+00 4.01332645e-01
369 7 2.74889357e+00 4.07699643e-01
370 7 2.74889357e+00 4.10804014e-01
371 7 2.74889357e+00 4.13756280e-01
372 7 2.74889357e+00 4.10106609e-01
373 7 2.74889357e+00 4.05535191e-01
374 7 2.74889357e+00 3.94800216e-01
375 7 2.74889357e+00 4.07412288e-01
376 7 2.74889357e+00 4.11676827e-01
377 7 2.74889357e+00 4.16355555e-01
378 7 2.74889357e+00 4.16209470e-01
379 7 2.74889357e+00 4.22411033e-01
380 7 2.74889357e+00 4.10384463e-01
381 7 2.74889357e+00 4.13151614e-01
382 7 2.74889357e+00 4.17848287e-01
383 7 2.74889357e+00 4.18918643e-01
384 7 2.74889357e+00 4.17868395e-01
385 7 2.74889357e+00 4.05623077e-01
386 7 2.74889357e+00 4.11614244e-01
387 7 2.74889357e+00 4.00591237e-01
388 7 2.74889357e+00 4.12370529e-01
389 7 2.74889357e+00 4.18732081e-01
390 7 2.74889357e+00 4.07608422e-01
391 7 2.74889357e+00 4.12825288e-01
392 7 2.74889357e+00 4.15687545e-01
393 7 2.74889357e+00 4.09680837e-01
394 7 2.74889357e+00 4.15972995e-01
395 7 2.74889357e+00 4.09102498e-01
396 7 2.74889357e+00 3.98739478e-01
397 7 2.74889357e+00 4.15307926e-01
398 7 2.74889357e+00 4.15349880e-01
399 7 2.74889357e+00 4.15501256e-01
400 7 2.74889357e+00 4.01912120e-01
401 7 2.74889357e+00 4.01778498e-01
402 7 2.74889357e+00 4.19004093e-01
403 7 2.74889357e+00 4.17392038e-01
404 7 2.74889357e+00 4.12323052e-01
405 7 2.74889357e+00 4.14672291e-01
406 7 2.74889357e+00 4.18829891e-01
407 7 2.74889357e+00 4.10754812e-01
408 7 2.74889357e+00 4.12179249e-01
409 7 2.74889357e+00 4.21559283e-01
410 7 2.74889357e+00 4.14655600e-01
411 7 2.74889357e+00 4.17984493e-01
412 7 2.74889357e+00 4.23865734e-01
413 7 2.74889357e+00 4.10705168e-01
414 7 2.74889357e+00 4.14924509e-01
415 7 2.74889357e+00 4.15764688e-01
416 7 2.74889357e+00 4.05172656e-01
417 7 2.74889357e+00 4.10557472e-01
418 7 2.74889357e+00 4.22476102e-01
419 7 2.74889357e+00 4.10618029e-01
420 7 2.74889357e+00 4.19233071e-01
421 7 2.74889357e+00 4.10979467e-01
422 7 2.74889357e+00 4.17999702e-01
423 7 2.74889357e+00 4.19852636e-01
424 7 2.74889357e+00 4.04242782e-01
425 7 2.74889357e+00 4.14215270e-01
426 7 2.74889357e+00 4.22553933e-01
427 7 2.74889357e+00 4.04454603e-01
428 7 2.74889357e+00 4.11940062e-01
429 7 2.74889357e+00 4.16707567e-01
430 7 2.74889357e+00 4.11481662e-01
431 7 2.74889357e+00 4.18897653e-01
432 7 2.74889357e+00 4.14809824e-01
433 7 2.74889357e+00 4.24638527e-01
434 7 2.74889357e+00 4.01893439e-01
435 7 2.74889357e+00 4.18458180e-01
436 7 2.74889357e+00 4.06506611e-01
437 7 2.74889357e+00 4.08869978e-01
438 7 2.74889357e+00 4.18290988e-01
439 7 2.74889357e+00 4.13869701e-01
440 7 2.74889357e+00 4.19176398e-01
441 7 2.74889357e+00 4.15858751e-01
442 7 2.74889357e+00 4.18325764e-01
443 7 2.74889357e+00 4.23455145e-01
444 7 2.74889357e+00 4.10684898e-01
445 7 2.74889357e+00 4.15555841e-01
446 7 2.74889357e+00 4.08014659e-01
447 7 2.74889357e+00 4.25024265e-01
448 7 2.74889357e+00 4.13872432e-01
449 7 2.74889357e+00 4.27269743e-01
450 7 2.74889357e+00 4.22757554e-01
451 7 2.74889357e+00 4.15118171e-01
452 7 2.74889357e+00 4.16057691e-01
453 7 2.74889357e+00 4.13765370e-01
454 7 2.74889357e+00 4.15581020e-01
455 7 2.74889357e+00 4.25744552e-01
456 7 2.74889357e+00 4.11586589e-01
457 7 2.74889357e+00 4.12668003e-01
458 7 2.74889357e+00 4.22131337e-01
459 7 2.74889357e+00 4.13405690e-01
460 7 2.74889357e+00 4.15369987e-01
461 7 2.74889357e+00 4.20459085e-01
462 7 2.74889357e+00 4.12965645e-01
463 7 2.74889357e+00 3.99141172e-01
464 7 2.74889357e+00 4.13779702e-01
465 7 2.74889357e+00 4.23006002e-01
466 7 2.74889357e+00 4.19758616e-01
467 7 2.74889357e+00 4.06089759e-01
468 7 2.74889357e+00 4.19953508e-01
469 7 2.74889357e+00 4.13467388e-01
470 7 2.74889357e+00 4.27245769e-01
471 7 2.74889357e+00 4.03848484e-01
472 7 2.74889357e+00 4.18015472e-01
473 7 2.74889357e+00 4.34848854e-01
474 7 2.74889357e+00 4.18355787e-01
475 7 2.74889357e+00 4.16154279e-01
476 7 2.74889357e+00 4.16099187e-01
477 7 2.74889357e+00 4.16913691e-01
478 7 2.74889357e+00 4.24668526e-01
479 7 2.74889357e+00 4.09113078e-01
480 7 2.74889357e+00 4.09101602e-01
481 7 2.74889357e+00 4.13812193e-01
482 7 2.74889357e+00 4.09896671e-01
483 7 2.74889357e+00 4.23591150e-01
484 7 2.74889357e+00 4.14740766e-01
485 7 2.74889357e+00 4.15096807e-01
486 7 2.74889357e+00 4.19732963e-01
487 7 2.74889357e+00 4.10746675e-01
488 7 2.74889357e+00 4.15510241e-01
489 7 2.74889357e+00 4.17148677e-01
490 7 2.74889357e+00 4.19494802e-01
491 7 2.74889357e+00 4.20466028e-01
492 7 2.74889357e+00 4.18619127e-01
493 7 2.74889357e+00 4.20351166e-01
494 7 2.74889357e+00 4.07957634e-01
495 7 2.74889357e+00 4.17757748e-01
496 7 2.74889357e+00 4.13662433e-01
497 7 2.74889357e+00 4.08332461e-01
498 7 2.74889357e+00 4.22281911e-01
499 7 2.74889357e+00 4.19559519e-01
500 7 2.74889357e+00 4.07197034e-01
501 7 2.74889357e+00 4.16253829e-01
502 7 2.74889357e+00 4.21497908e-01
503 7 2.74889357e+00 4.21057194e-01
504 7 2.74889357e+00 4.11570287e-01
505 7 2.74889357e+00 4.22794274e-01
506 7 2.74889357e+00 4.19385040e-01
507 7 2.74889357e+00 4.03523061e-01
508 7 2.74889357e+00 4.12484903e-01
509 7 2.74889357e+00 4.23630094e-01
510 7 2.74889357e+00 4.01472241e-01
511 7 2.74889357e+00 4.14251934e-01
512 7 2.74889357e+00 4.13883284e-01
513 7 2.74889357e+00 4.12335989e-01
514 7 2.74889357e+00 4.14300429e-01
515 7 2.74889357e+00 4.34828614e-01
516 7 2.74889357e+00 4.03255958e-01
517 7 2.74889357e+00 4.12992349e-01
518 7 2.74889357e+00 4.16210480e-01
519 7 2.74889357e+00 4.18951818e-01
520 7 2.74889357e+00 4.26849742e-01
521 7 2.74889357e+00 4.20904596e-01
522 7 2.74889357e+00 4.23216171e-01
523 7 2.74889357e+00 4.11502874e-01
524 7 2.74889357e+00 4.19166467e-01
525 7 2.74889357e+00 4.17306152e-01
526 7 2.74889357e+00 4.10459995e-01
527 7 2.74889357e+00 4.21921123e-01
528 7 2.74889357e+00 4.11716634e-01
529 7 2.74889357e+00 4.09141943e-01
530 7 2.74889357e+00 4.35316355e-01
531 7 2.74889357e+00 4.08014362e-01
532 7 2.74889357e+00 3.99838875e-01
533 7 2.74889357e+00 4.10186723e-01
534 7 2.74889357e+00 4.06401376e-01
535 7 2.74889357e+00 4.10637010e-01
536 7 2.74889357e+00 4.11443991e-01
537 7 2.74889357e+00 4.13051618e-01
538 7 2.74889357e+00 4.24242182e-01
539 7 2.74889357e+00 4.17698267e-01
540 7 2.74889357e+00 4.06392596e-01
541 7 2.74889357e+00 4.18445278e-01
542 7 2.74889357e+00 4.20062797e-01
543 7 2.74889357e+00 4.08742244e-01
544 7 2.74889357e+00 4.21020651e-01
545 7 2.74889357e+00 4.22941846e-01
546 7 2.74889357e+00 4.17561420e-01
547 7 2.74889357e+00 3.97046060e-01
548 7 2.74889357e+00 4.12037893e-01
549 7 2.74889357e+00 4.16958503e-01
550 7 2.74889357e+00 4.23598357e-01
551 7 2.74889357e+00 4.15260999e-01
552 7 2.74889357e+00 4.18385616e-01
553 7 2.74889357e+00 4.12939267e-01
554 7 2.74889357e+00 4.11286444e-01
555 7 2.74889357e+00 4.13426869e-01
556 7 2.74889357e+00 4.15606581e-01
557 7 2.74889357e+00 4.20165062e-01
558 7 2.74889357e+00 4.23132221e-01
559 7 2.74889357e+00 4.06272521e-01
560 7 2.74889357e+00 4.03630851e-01
561 7 2.74889357e+00 4.00551568e-01
562 7 2.74889357e+00 3.97084503e-01
563 7 2.74889357e+00 4.07329745e-01
564 7 2.74889357e+00 4.14776539e-01
565 7 2.74889357e+00 4.22820777e-01
566 7 2.74889357e+00 4.10677894e-01
567 7 2.74889357e+00 4.27875660e-01
568 7 2.74889357e+00 4.12140049e-01
569 7 2.74889357e+00 4.14225351e-01
570 7 2.74889357e+00 4.10618210e-01
571 7 2.74889357e+00 4.16385332e-01
572 7 2.74889357e+00 4.05594940e-01
573 7 2.74889357e+00 4.20347410e-01
574 7 2.74889357e+00 4.12459719e-01
575 7 2.74889357e+00 4.13390835e-01
576 7 2.74889357e+00 4.17837707e-01
577 7 2.74889357e+00 4.01397700e-01
578 7 2.74889357e+00 4.22697817e-01
579 7 2.74889357e+00 4.14908235e-01
580 7 2.74889357e+00 4.09801318e-01
581 7 2.74889357e+00 4.15216128e-01
582 7 2.74889357e+00 4.18456734e-01
583 7 2.74889357e+00 4.11778379e-01
584 7 2.74889357e+00 4.13868327e-01
585 7 2.74889357e+00 4.11844528e-01
586 7 2.74889357e+00 4.12436297e-01
587 7 2.74889357e+00 4.22034941e-01
588 7 2.74889357e+00 4.18065310e-01
589 7 2.74889357e+00 4.01028905e-01
590 7 2.74889357e+00 4.21327190e-01
591 7 2.74889357e+00 4.15256331e-01
592 7 2.74889357e+00 4.30958130e-01
593 7 2.74889357e+00 4.23902554e-01
594 7 2.74889357e+00 4.12684229e-01
595 7 2.74889357e+00 4.11262864e-01
596 7 2.74889357e+00 4.18593350e-01
597 7 2.74889357e+00 4.15797493e-01
598 7 2.74889357e+00 4.08670252e-01
599 7 2.74889357e+00 4.05456544e-01
600 7 2.74889357e+00 4.32443680e-01
601 7 2.74889357e+00 4.08791801e-01
602 7 2.74889357e+00 4.20925749e-01
603 7 2.74889357e+00 3.92294062e-01
604 7 2.74889357e+00 4.16172138e-01
605 7 2.74889357e+00 4.06699354e-01
606 7 2.74889357e+00 4.22387110e-01
607 7 2.74889357e+00 4.11545460e-01
608 7 2.74889357e+00 4.14527303e-01
609 7 2.74889357e+00 4.08769717e-01
610 7 2.74889357e+00 4.22329657e-01
611 7 2.74889357e+00 4.04056180e-01
612 7 2.74889357e+00 4.07475715e-01
613 7 2.74889357e+00 4.11552623e-01
614 7 2.74889357e+00 4.18257645e-01
615 7 2.74889357e+00 4.10265596e-01
616 7 2.74889357e+00 4.18426244e-01
617 7 2.74889357e+00 4.17031795e-01
618 7 2.74889357e+00 4.16328336e-01
619 7 2.74889357e+00 4.18822717e-01
620 7 2.74889357e+00 4.24939367e-01
621 7 2.74889357e+00 4.23638151e-01
622 7 2.74889357e+00 4.19439023e-01
623 7 2.74889357e+00 4.14227824e-01
624 7 2.74889357e+00 4.11594972e-01
625 7 2.74889357e+00 4.15239020e-01
626 7 2.74889357e+00 4.21361014e-01
627 7 2.74889357e+00 4.16161693e-01
628 7 2.74889357e+00 4.11254096e-01
629 7 2.74889357e+00 4.10463634e-01
630 7 2.74889357e+00 4.25788676e-01
631 7 2.74889357e+00 4.23387721e-01
632 7 2.74889357e+00 4.14482740e-01
633 7 2.74889357e+00 4.23730001e-01
634 7 2.74889357e+00 3.99560486e-01
635 7 2.74889357e+00 4.07954096e-01
636 7 2.74889357e+00 4.18804136e-01
637 7 2.74889357e+00 4.20373796e-01
638 7 2.74889357e+00 4.15440813e-01
639 7 2.74889357e+00 4.05831436e-01
640 7 2.74889357e+00 4.17553853e-01
641 7 2.74889357e+00 4.14977748e-01
642 7 2.74889357e+00 3.99012349e-01
643 7 2.74889357e+00 4.10006860e-01
644 7 2.74889357e+00 4.21424815e-01
645 7 2.74889357e+00 4.14283899e-01
646 7 2.74889357e+00 4.01984778e-01
647 7 2.74889357e+00 4.29073132e-01
648 7 2.74889357e+00 4.19177180e-01
649 7 2.74889357e+00 4.09331213e-01
650 7 2.74889357e+00 4.23033276e-01
651 7 2.74889357e+00 4.13487643e-01
652 7 2.74889357e+00 4.03703588e-01
653 7 2.74889357e+00 4.12375808e-01
654 7 2.74889357e+00 4.16263814e-01
655 7 2.74889357e+00 4.05193457e-01
656 7 2.74889357e+00 4.22012109e-01
657 7 2.74889357e+00 4.17720743e-01
658 7 2.74889357e+00 4.17908197e-01
659 7 2.74889357e+00 4.19373586e-01
660 7 2.74889357e+00 4.25026586e-01
661 7 2.74889357e+00 4.15411735e-01
662 7 2.74889357e+00 4.25692653e-01
663 7 2.74889357e+00 4.19111361e-01
664 7 2.74889357e+00 4.11644765e-01
665 7 2.74889357e+00 4.01953755e-01
666 7 2.74889357e+00 4.24915554e-01
667 7 2.74889357e+00 4.12303081e-01
668 7 2.74889357e+00 4.18936319e-01
669 7 2.74889357e+00 4.20707528e-01
670 7 2.74889357e+00 4.17393254e-01
671 7 2.74889357e+00 4.11428768e-01
672 7 2.74889357e+00 4.10981991e-01
673 7 2.74889357e+00 4.16551400e-01
674 7 2.74889357e+00 4.18315199e-01
675 7 2.74889357e+00 4.10696259e-01
676 7 2.74889357e+00 4.16687027e-01
677 7 2.74889357e+00 4.19508969e-01
678 7 2.74889357e+00 4.23338066e-01
679 7 2.74889357e+00 4.22880995e-01
680 7 2.74889357e+00 4.20946251e-01
681 7 2.74889357e+00 4.07914524e-01
682 7 2.74889357e+00 4.14661001e-01
683 7 2.74889357e+00 4.14943126e-01
684 7 2.74889357e+00 4.13321427e-01
685 7 2.74889357e+00 4.05276699e-01
686 7 2.74889357e+00 4.19609590e-01
687 7 2.74889357e+00 4.09535226e-01
688 7 2.74889357e+00 4.11539001e-01
689 7 2.74889357e+00 4.23175388e-01
690 7 2.74889357e+00 4.08730312e-01
691 7 2.74889357e+00 4.05639393e-01
692 7 2.74889357e+00 4.21262263e-01
693 7 2.74889357e+00 4.05460786e-01
694 7 2.74889357e+00 4.06789820e-01
695 7 2.74889357e+00 4.13138669e-01
696 7 2.74889357e+00 4.22121559e-01
697 7 2.74889357e+00 4.20944102e-01
698 7 2.74889357e+00 4.11851154e-01
699 7 2.74889357e+00 4.14705750e-01
700 7 2.74889357e+00 4.13430149e-01
701 7 2.74889357e+00 4.02867039e-01
702 7 2.74889357e+00 4.19154333e-01
703 7 2.74889357e+00 4.10422449e-01
704 7 2.74889357e+00 4.24809916e-01
705 7 2.74889357e+00 4.17199849e-01
706 7 2.74889357e+00 4.11459062e-01
707 7 2.74889357e+00 4.11215697e-01
708 7 2.74889357e+00 4.11844646e-01
709 7 2.74889357e+00 4.14776145e-01
710 7 2.74889357e+00 4.11032864e-01
711 7 2.74889357e+00 4.09601432e-01
712 7 2.74889357e+00 4.16012389e-01
713 7 2.74889357e+00 4.13712329e-01
714 7 2.74889357e+00 4.12555733e-01
715 7 2.74889357e+00 4.17012556e-01
716 7 2.74889357e+00 4.13330921e-01
717 7 2.74889357e+00 4.20655963e-01
718 7 2.74889357e+00 4.20099547e-01
719 7 2.74889357e+00 4.04849082e-01
720 7 2.74889357e+00 4.20460302e-01
721 7 2.74889357e+00 4.19014111e-01
722 7 2.74889357e+00 4.17006068e-01
723 7 2.74889357e+00 4.27460323e-01
724 7 2.74889357e+00 4.02567400e-01
725 7 2.74889357e+00 4.15446936e-01
726 7 2.74889357e+00 4.09021607e-01
727 7 2.74889357e+00 4.15302185e-01
728 7 2.74889357e+00 4.24660658e-01
729 7 2.74889357e+00 4.19110059e-01
730 7 2.74889357e+00 4.11661247e-01
731 7 2.74889357e+00 4.05638102e-01
732 7 2.74889357e+00 4.10857040e-01
733 7 2.74889357e+00 4.13936031e-01
734 7 2.74889357e+00 4.18403098e-01
735 7 2.74889357e+00 4.19634639e-01
736 7 2.74889357e+00 4.08538324e-01
737 7 2.74889357e+00 4.10137823e-01
738 7 2.74889357e+00 4.14005198e-01
739 7 2.74889357e+00 4.21770386e-01
740 7 2.74889357e+00 4.12527818e-01
741 7 2.74889357e+00 4.09046413e-01
742 7 2.74889357e+00 4.10812093e-01
743 7 2.74889357e+00 4.05313892e-01
744 7 2.74889357e+00 4.00687857e-01
745 7 2.74889357e+00 4.22421684e-01
746 7 2.74889357e+00 4.19864171e-01
747 7 2.74889357e+00 4.27349651e-01
748 7 2.74889357e+00 4.21483894e-01
749 7 2.74889357e+00 4.15276323e-01
750 7 2.74889357e+00 4.07765987e-01
751 7 2.74889357e+00 4.03310891e-01
752 7 2.74889357e+00 4.21684099e-01
753 7 2.74889357e+00 4.27277572e-01
754 7 2.74889357e+00 4.25343836e-01
755 7 2.74889357e+00 4.01474860e-01
756 7 2.74889357e+00 4.18781505e-01
757 7 2.74889357e+00 4.17269456e-01
758 7 2.74889357e+00 4.16338850e-01
759 7 2.74889357e+00 4.24788123e-01
760 7 2.74889357e+00 4.18525093e-01
761 7 2.74889357e+00 4.20818081e-01
762 7 2.74889357e+00 4.12928302e-01
763 7 2.74889357e+00 4.14399301e-01
764 7 2.74889357e+00 4.24213640e-01
765 7 2.74889357e+00 4.11815572e-01
766 7 2.74889357e+00 4.25509463e-01
767 7 2.74889357e+00 4.21049904e-01
768 7 2.74889357e+00 4.11366774e-01
769 7 2.74889357e+00 4.09847824e-01
770 7 2.74889357e+00 4.16643661e-01
771 7 2.74889357e+00 4.05046807e-01
772 7 2.74889357e+00 4.19246896e-01
773 7 2.74889357e+00 4.09110358e-01
774 7 2.74889357e+00 4.16733964e-01
775 7 2.74889357e+00 4.13361903e-01
776 7 2.74889357e+00 4.18341976e-01
777 7 2.74889357e+00 4.14805165e-01
778 7 2.74889357e+00 4.11806419e-01
779 7 2.74889357e+00 4.03581812e-01
780 7 2.74889357e+00 4.03308923e-01
781 7 2.74889357e+00 4.18717554e-01
782 7 2.74889357e+00 4.27265573e-01
783 7 2.74889357e+00 4.07961273e-01
784 7 2.74889357e+00 4.16873024e-01
785 7 2.74889357e+00 4.15073811e-01
786 7 2.74889357e+00 4.13284479e-01
787 7 2.74889357e+00 4.16920357e-01
788 7 2.74889357e+00 4.14647220e-01
789 7 2.74889357e+00 3.95180236e-01
790 7 2.74889357e+00 4.11722886e-01
791 7 2.74889357e+00 4.06589285e-01
792 7 2.74889357e+00 4.15741807e-01
793 7 2.74889357e+00 4.13490979e-01
794 7 2.74889357e+00 4.10768111e-01
795 7 2.74889357e+00 4.16633012e-01
796 7 2.74889357e+00 4.14132776e-01
797 7 2.74889357e+00 4.10883857e-01
798 7 2.74889357e+00 4.10620888e-01
799 7 2.74889357e+00 4.11806235e-01
800 7 2.74889357e+00 4.28973764e-01
801 7 2.74889357e+00 4.09704481e-01
802 7 2.74889357e+00 4.09659509e-01
803 7 2.74889357e+00 4.18740906e-01
804 7 2.74889357e+00 4.20183141e-01
805 7 2.74889357e+00 4.07582412e-01
806 7 2.74889357e+00 4.05329141e-01
807 7 2.74889357e+00 4.19462765e-01
808 7 2.74889357e+00 4.11161648e-01
809 7 2.74889357e+00 4.11971412e-01
810 7 2.74889357e+00 4.15706729e-01
811 7 2.74889357e+00 4.13961483e-01
812 7 2.74889357e+00 4.13002530e-01
813 7 2.74889357e+00 4.05749816e-01
814 7 2.74889357e+00 4.17384173e-01
815 7 2.74889357e+00 4.14599125e-01
816 7 2.74889357e+00 4.24326457e-01
817 7 2.74889357e+00 4.15764503e-01
818 7 2.74889357e+00 4.11752512e-01
819 7 2.74889357e+00 4.19785807e-01
820 7 2.74889357e+00 4.21668059e-01
821 7 2.74889357e+00 4.14854782e-01
822 7 2.74889357e+00 4.12766227e-01
823 7 2.74889357e+00 4.10137734e-01
824 7 2.74889357e+00 4.20238364e-01
825 7 2.74889357e+00 4.11385629e-01
826 7 2.74889357e+00 4.14204046e-01
827 7 2.74889357e+00 4.24243466e-01
828 7 2.74889357e+00 4.08385265e-01
829 7 2.74889357e+00 4.12923729e-01
830 7 2.74889357e+00 4.00216190e-01
831 7 2.74889357e+00 4.14377383e-01
832 7 2.74889357e+00 4.11026651e-01
833 7 2.74889357e+00 4.09918337e-01
834 7 2.74889357e+00 4.05314767e-01
835 7 2.74889357e+00 4.25912986e-01
836 7 2.74889357e+00 4.05696923e-01
837 7 2.74889357e+00 4.16696087e-01
838 7 2.74889357e+00 4.23075493e-01
839 7 2.74889357e+00 4.35101785e-01
840 7 2.74889357e+00 4.21208884e-01
841 7 2.74889357e+00 4.12419426e-01
842 7 2.74889357e+00 4.08364414e-01
843 7 2.74889357e+00 4.02296737e-01
844 7 2.74889357e+00 4.17847252e-01
845 7 2.74889357e+00 4.11320391e-01
846 7 2.74889357e+00 4.13778579e-01
847 7 2.74889357e+00 4.10034577e-01
848 7 2.74889357e+00 4.14902903e-01
849 7 2.74889357e+00 4.21195674e-01
850 7 2.74889357e+00 4.26214349e-01
851 7 2.74889357e+00 4.18972733e-01
852 7 2.74889357e+00 4.14177958e-01
853 7 2.74889357e+00 4.16912346e-01
854 7 2.74889357e+00 4.22294814e-01
855 7 2.74889357e+00 4.14212622e-01
856 7 2.74889357e+00 4.28189319e-01
857 7 2.74889357e+00 4.10488163e-01
858 7 2.74889357e+00 4.20279669e-01
859 7 2.74889357e+00 4.23169265e-01
860 7 2.74889357e+00 4.07223620e-01
861 7 2.74889357e+00 4.11283027e-01
862 7 2.74889357e+00 4.12212210e-01
863 7 2.74889357e+00 4.36252803e-01
864 7 2.74889357e+00 4.16278007e-01
865 7 2.74889357e+00 4.12774821e-01
866 7 2.74889357e+00 4.19313534e-01
867 7 2.74889357e+00 4.15338798e-01
868 7 2.74889357e+00 4.20236339e-01
869 7 2.74889357e+00 4.12367236e-01
870 7 2.74889357e+00 4.26647790e-01
871 7 2.74889357e+00 4.23374105e-01
872 7 2.74889357e+00 4.17429993e-01
873 7 2.74889357e+00 4.13064040e-01
874 7 2.74889357e+00 4.18164512e-01
875 7 2.74889357e+00 4.28485468e-01
876 7 2.74889357e+00 4.17471154e-01
877 7 2.74889357e+00 4.13776562e-01
878 7 2.74889357e+00 4.25942823e-01
879 7 2.74889357e+00 4.17555014e-01
880 7 2.74889357e+00 4.04846401e-01
881 7 2.74889357e+00 4.09540208e-01
882 7 2.74889357e+00 4.10360101e-01
883 7 2.74889357e+00 4.06935234e-01
884 7 2.74889357e+00 4.13132396e-01
885 7 2.74889357e+00 4.14338210e-01
886 7 2.74889357e+00 4.14286520e-01
887 7 2.74889357e+00 4.02677648e-01
888 7 2.74889357e+00 4.19303608e-01
889 7 2.74889357e+00 4.06481702e-01
890 7 2.74889357e+00 4.12960151e-01
891 7 2.74889357e+00 4.15136425e-01
892 7 2.74889357e+00 4.19098904e-01
893 7 2.74889357e+00 4.13349870e-01
894 7 2.74889357e+00 4.10454785e-01
895 7 2.74889357e+00 4.07982929e-01
896 7 2.74889357e+00 4.24079971e-01
897 7 2.74889357e+00 4.10771677e-01
898 7 2.74889357e+00 4.08262630e-01
899 7 2.74889357e+00 4.03884747e-01
