a09m310 Wilson3 pz5 0.0888fm zmax5
config z nu=p.z RpITD
0 1 9.81747704e-01 2.02044069e-02
1 1 9.81747704e-01 1.98357938e-02
2 1 9.81747704e-01 1.97265436e-02
3 1 9.81747704e-01 1.98671275e-02
4 1 9.81747704e-01 1.99022581e-02
5 1 9.81747704e-01 1.95886435e-02
6 1 9.81747704e-01 1.99704786e-02
7 1 9.81747704e-01 2.02496260e-02
8 1 9.81747704e-01 2.00487785e-02
9 1 9.81747704e-01 1.96653529e-02
10 1 9.81747704e-01 1.93321578e-02
11 1 9.81747704e-01 1.99837154e-02
12 1 9.81747704e-01 1.98471186e-02
13 1 9.81747704e-01 2.00413315e-02
14 1 9.81747704e-01 2.00424673e-02
15 1 9.81747704e-01 1.97254680e-02
16 1 9.81747704e-01 1.94502824e-02
17 1 9.81747704e-01 1.97507285e-02
18 1 9.81747704e-01 1.94931455e-02
19 1 9.81747704e-01 1.98091591e-02
20 1 9.81747704e-01 2.00629925e-02
21 1 9.81747704e-01 1.96865161e-02
22 1 9.81747704e-01 1.97188043e-02
23 1 9.81747704e-01 1.99196328e-02
24 1 9.81747704e-01 1.98108500e-02
25 1 9.81747704e-01 1.96633806e-02
26 1 9.81747704e-01 1.96601316e-02
27 1 9.81747704e-01 1.97707340e-02
28 1 9.81747704e-01 2.05814141e-02
29 1 9.81747704e-01 2.00451709e-02
30 1 9.81747704e-01 1.98770336e-02
31 1 9.81747704e-01 2.02157214e-02
32 1 9.81747704e-01 1.95095892e-02
33 1 9.81747704e-01 2.03732158e-02
34 1 9.81747704e-01 2.00221474e-02
35 1 9.81747704e-01 1.94860357e-02
36 1 9.81747704e-01 1.96303820e-02
37 1 9.81747704e-01 1.99953904e-02
38 1 9.81747704e-01 2.03326830e-02
39 1 9.81747704e-01 1.99322864e-02
40 1 9.81747704e-01 1.98693950e-02
41 1 9.81747704e-01 2.01978073e-02
42 1 9.81747704e-01 1.97348154e-02
43 1 9.81747704e-01 1.98382599e-02
44 1 9.81747704e-01 1.98059516e-02
45 1 9.81747704e-01 1.98704308e-02
46 1 9.81747704e-01 1.98480159e-02
47 1 9.81747704e-01 2.01785400e-02
48 1 9.81747704e-01 2.01226740e-02
49 1 9.81747704e-01 2.00482944e-02
50 1 9.81747704e-01 1.97633971e-02
51 1 9.81747704e-01 1.99401327e-02
52 1 9.81747704e-01 1.96482964e-02
53 1 9.81747704e-01 1.97123008e-02
54 1 9.81747704e-01 2.00580524e-02
55 1 9.81747704e-01 1.98782036e-02
56 1 9.81747704e-01 1.98921441e-02
57 1 9.81747704e-01 1.97192671e-02
58 1 9.81747704e-01 1.94445824e-02
59 1 9.81747704e-01 1.94874616e-02
60 1 9.81747704e-01 1.98891758e-02
61 1 9.81747704e-01 1.96437426e-02
62 1 9.81747704e-01 1.98224910e-02
63 1 9.81747704e-01 1.95806127e-02
64 1 9.81747704e-01 1.96001770e-02
65 1 9.81747704e-01 1.97069589e-02
66 1 9.81747704e-01 1.98309654e-02
67 1 9.81747704e-01 1.96917430e-02
68 1 9.81747704e-01 1.97175166e-02
69 1 9.81747704e-01 1.99501936e-02
70 1 9.81747704e-01 2.00792957e-02
71 1 9.81747704e-01 2.01114774e-02
72 1 9.81747704e-01 1.95595749e-02
73 1 9.81747704e-01 1.99596372e-02
74 1 9.81747704e-01 1.99316564e-02
75 1 9.81747704e-01 2.00598373e-02
76 1 9.81747704e-01 1.97340355e-02
77 1 9.81747704e-01 1.98589778e-02
78 1 9.81747704e-01 2.01441500e-02
79 1 9.81747704e-01 1.98331656e-02
80 1 9.81747704e-01 1.95325758e-02
81 1 9.81747704e-01 1.98267321e-02
82 1 9.81747704e-01 1.98968327e-02
83 1 9.81747704e-01 2.00105831e-02
84 1 9.81747704e-01 1.96377842e-02
85 1 9.81747704e-01 1.99939644e-02
86 1 9.81747704e-01 1.97679810e-02
87 1 9.81747704e-01 1.99057828e-02
88 1 9.81747704e-01 2.01608674e-02
89 1 9.81747704e-01 2.00992689e-02
90 1 9.81747704e-01 2.00610388e-02
91 1 9.81747704e-01 1.96965307e-02
92 1 9.81747704e-01 1.98717705e-02
93 1 9.81747704e-01 1.99448414e-02
94 1 9.81747704e-01 1.97113639e-02
95 1 9.81747704e-01 2.00594939e-02
96 1 9.81747704e-01 1.98194681e-02
97 1 9.81747704e-01 1.96629624e-02
98 1 9.81747704e-01 1.97116843e-02
99 1 9.81747704e-01 1.96954628e-02
100 1 9.81747704e-01 2.00920407e-02
101 1 9.81747704e-01 2.01361665e-02
102 1 9.81747704e-01 1.99711819e-02
103 1 9.81747704e-01 2.01324500e-02
104 1 9.81747704e-01 1.99360354e-02
105 1 9.81747704e-01 1.94290798e-02
106 1 9.81747704e-01 1.98607280e-02
107 1 9.81747704e-01 1.97094850e-02
108 1 9.81747704e-01 1.98209735e-02
109 1 9.81747704e-01 2.02011902e-02
110 1 9.81747704e-01 2.00999280e-02
111 1 9.81747704e-01 2.01129474e-02
112 1 9.81747704e-01 1.97963840e-02
113 1 9.81747704e-01 1.97452565e-02
114 1 9.81747704e-01 2.00152128e-02
115 1 9.81747704e-01 1.99320632e-02
116 1 9.81747704e-01 1.92544828e-02
117 1 9.81747704e-01 1.98868175e-02
118 1 9.81747704e-01 2.01186120e-02
119 1 9.81747704e-01 1.95008188e-02
120 1 9.81747704e-01 1.95507849e-02
121 1 9.81747704e-01 1.99555716e-02
122 1 9.81747704e-01 2.00149339e-02
123 1 9.81747704e-01 1.96364279e-02
124 1 9.81747704e-01 1.97825094e-02
125 1 9.81747704e-01 2.02019836e-02
126 1 9.81747704e-01 1.96231636e-02
127 1 9.81747704e-01 1.98096463e-02
128 1 9.81747704e-01 2.02022258e-02
129 1 9.81747704e-01 1.96164191e-02
130 1 9.81747704e-01 1.98377297e-02
131 1 9.81747704e-01 1.98470489e-02
132 1 9.81747704e-01 1.96503031e-02
133 1 9.81747704e-01 2.00891809e-02
134 1 9.81747704e-01 1.98731212e-02
135 1 9.81747704e-01 1.99005055e-02
136 1 9.81747704e-01 1.99692990e-02
137 1 9.81747704e-01 1.96723118e-02
138 1 9.81747704e-01 1.99638935e-02
139 1 9.81747704e-01 1.99604861e-02
140 1 9.81747704e-01 1.96945491e-02
141 1 9.81747704e-01 2.00694303e-02
142 1 9.81747704e-01 1.96328681e-02
143 1 9.81747704e-01 2.01657475e-02
144 1 9.81747704e-01 2.00601012e-02
145 1 9.81747704e-01 1.96157072e-02
146 1 9.81747704e-01 1.99435812e-02
147 1 9.81747704e-01 1.96792200e-02
148 1 9.81747704e-01 1.96346144e-02
149 1 9.81747704e-01 1.97633204e-02
150 1 9.81747704e-01 1.97340940e-02
151 1 9.81747704e-01 1.99908049e-02
152 1 9.81747704e-01 1.97877288e-02
153 1 9.81747704e-01 1.96255967e-02
154 1 9.81747704e-01 1.99063442e-02
155 1 9.81747704e-01 1.96716022e-02
156 1 9.81747704e-01 1.99851151e-02
157 1 9.81747704e-01 1.99780469e-02
158 1 9.81747704e-01 1.99793075e-02
159 1 9.81747704e-01 1.99295486e-02
160 1 9.81747704e-01 1.95599081e-02
161 1 9.81747704e-01 1.98026914e-02
162 1 9.81747704e-01 1.97198467e-02
163 1 9.81747704e-01 2.01445940e-02
164 1 9.81747704e-01 1.99403636e-02
165 1 9.81747704e-01 2.01418453e-02
166 1 9.81747704e-01 1.98308768e-02
167 1 9.81747704e-01 1.97320347e-02
168 1 9.81747704e-01 1.98018277e-02
169 1 9.81747704e-01 2.00580292e-02
170 1 9.81747704e-01 1.99251148e-02
171 1 9.81747704e-01 1.97537594e-02
172 1 9.81747704e-01 1.97146463e-02
173 1 9.81747704e-01 2.01012025e-02
174 1 9.81747704e-01 2.00943805e-02
175 1 9.81747704e-01 1.97695338e-02
176 1 9.81747704e-01 1.99136489e-02
177 1 9.81747704e-01 1.99713371e-02
178 1 9.81747704e-01 2.00405299e-02
179 1 9.81747704e-01 2.00186444e-02
180 1 9.81747704e-01 1.97123751e-02
181 1 9.81747704e-01 1.98329950e-02
182 1 9.81747704e-01 1.99145607e-02
183 1 9.81747704e-01 1.98016425e-02
184 1 9.81747704e-01 1.95626531e-02
185 1 9.81747704e-01 1.96023353e-02
186 1 9.81747704e-01 1.99053045e-02
187 1 9.81747704e-01 1.96311973e-02
188 1 9.81747704e-01 1.98478892e-02
189 1 9.81747704e-01 1.98191076e-02
190 1 9.81747704e-01 1.99972533e-02
191 1 9.81747704e-01 2.01167947e-02
192 1 9.81747704e-01 1.97085158e-02
193 1 9.81747704e-01 1.97200718e-02
194 1 9.81747704e-01 1.99367847e-02
195 1 9.81747704e-01 1.99060763e-02
196 1 9.81747704e-01 1.96809091e-02
197 1 9.81747704e-01 1.96125241e-02
198 1 9.81747704e-01 1.99722029e-02
199 1 9.81747704e-01 2.03286782e-02
200 1 9.81747704e-01 1.98080946e-02
201 1 9.81747704e-01 1.94335261e-02
202 1 9.81747704e-01 1.96268348e-02
203 1 9.81747704e-01 2.01831734e-02
204 1 9.81747704e-01 1.98209257e-02
205 1 9.81747704e-01 1.96777828e-02
206 1 9.81747704e-01 1.95853917e-02
207 1 9.81747704e-01 1.99196388e-02
208 1 9.81747704e-01 2.00778062e-02
209 1 9.81747704e-01 2.01724385e-02
210 1 9.81747704e-01 1.97945604e-02
211 1 9.81747704e-01 1.98442040e-02
212 1 9.81747704e-01 2.02253258e-02
213 1 9.81747704e-01 1.96295197e-02
214 1 9.81747704e-01 1.99692724e-02
215 1 9.81747704e-01 1.98679762e-02
216 1 9.81747704e-01 1.96556827e-02
217 1 9.81747704e-01 1.99293010e-02
218 1 9.81747704e-01 1.98102826e-02
219 1 9.81747704e-01 1.99990752e-02
220 1 9.81747704e-01 1.96121264e-02
221 1 9.81747704e-01 1.96349034e-02
222 1 9.81747704e-01 1.99365589e-02
223 1 9.81747704e-01 1.98122832e-02
224 1 9.81747704e-01 1.98774350e-02
225 1 9.81747704e-01 1.96653421e-02
226 1 9.81747704e-01 1.99409217e-02
227 1 9.81747704e-01 2.00025318e-02
228 1 9.81747704e-01 1.98996274e-02
229 1 9.81747704e-01 2.00638641e-02
230 1 9.81747704e-01 1.98382069e-02
231 1 9.81747704e-01 1.98687695e-02
232 1 9.81747704e-01 1.97859511e-02
233 1 9.81747704e-01 1.98391509e-02
234 1 9.81747704e-01 1.99257134e-02
235 1 9.81747704e-01 2.01957810e-02
236 1 9.81747704e-01 2.00214183e-02
237 1 9.81747704e-01 1.96722548e-02
238 1 9.81747704e-01 1.97077562e-02
239 1 9.81747704e-01 1.97689917e-02
240 1 9.81747704e-01 1.98519451e-02
241 1 9.81747704e-01 1.99588446e-02
242 1 9.81747704e-01 1.98035497e-02
243 1 9.81747704e-01 1.98482307e-02
244 1 9.81747704e-01 1.99015018e-02
245 1 9.81747704e-01 1.97804001e-02
246 1 9.81747704e-01 1.99413131e-02
247 1 9.81747704e-01 1.98169782e-02
248 1 9.81747704e-01 1.98912257e-02
249 1 9.81747704e-01 2.01053636e-02
250 1 9.81747704e-01 1.98267270e-02
251 1 9.81747704e-01 1.95584025e-02
252 1 9.81747704e-01 2.00671060e-02
253 1 9.81747704e-01 1.98403892e-02
254 1 9.81747704e-01 1.99131495e-02
255 1 9.81747704e-01 2.00809524e-02
256 1 9.81747704e-01 1.98557111e-02
257 1 9.81747704e-01 1.98456765e-02
258 1 9.81747704e-01 1.99466184e-02
259 1 9.81747704e-01 2.01682129e-02
260 1 9.81747704e-01 1.96318210e-02
261 1 9.81747704e-01 1.97983241e-02
262 1 9.81747704e-01 1.99750551e-02
263 1 9.81747704e-01 2.04375260e-02
264 1 9.81747704e-01 1.99197453e-02
265 1 9.81747704e-01 1.99816273e-02
266 1 9.81747704e-01 1.97493227e-02
267 1 9.81747704e-01 1.96334722e-02
268 1 9.81747704e-01 1.98087171e-02
269 1 9.81747704e-01 1.95598101e-02
270 1 9.81747704e-01 1.97685318e-02
271 1 9.81747704e-01 2.00028684e-02
272 1 9.81747704e-01 1.97175031e-02
273 1 9.81747704e-01 1.94634566e-02
274 1 9.81747704e-01 1.97798411e-02
275 1 9.81747704e-01 1.97805755e-02
276 1 9.81747704e-01 1.98950956e-02
277 1 9.81747704e-01 1.99158888e-02
278 1 9.81747704e-01 1.96467855e-02
279 1 9.81747704e-01 2.00712326e-02
280 1 9.81747704e-01 2.00408635e-02
281 1 9.81747704e-01 1.99616263e-02
282 1 9.81747704e-01 1.97679892e-02
283 1 9.81747704e-01 1.98262281e-02
284 1 9.81747704e-01 1.96768422e-02
285 1 9.81747704e-01 1.97688386e-02
286 1 9.81747704e-01 1.97211336e-02
287 1 9.81747704e-01 1.96550463e-02
288 1 9.81747704e-01 2.01119987e-02
289 1 9.81747704e-01 1.98458256e-02
290 1 9.81747704e-01 2.00354612e-02
291 1 9.81747704e-01 2.00975404e-02
292 1 9.81747704e-01 1.95716819e-02
293 1 9.81747704e-01 2.02657132e-02
294 1 9.81747704e-01 1.97210478e-02
295 1 9.81747704e-01 1.95855645e-02
296 1 9.81747704e-01 1.97665610e-02
297 1 9.81747704e-01 2.01232610e-02
298 1 9.81747704e-01 1.97062487e-02
299 1 9.81747704e-01 1.97133177e-02
300 1 9.81747704e-01 1.97206955e-02
301 1 9.81747704e-01 1.98924511e-02
302 1 9.81747704e-01 1.96953796e-02
303 1 9.81747704e-01 2.01174379e-02
304 1 9.81747704e-01 1.98826111e-02
305 1 9.81747704e-01 1.98139226e-02
306 1 9.81747704e-01 1.97289327e-02
307 1 9.81747704e-01 1.99144183e-02
308 1 9.81747704e-01 1.98764806e-02
309 1 9.81747704e-01 1.98892508e-02
310 1 9.81747704e-01 1.98935924e-02
311 1 9.81747704e-01 1.94927467e-02
312 1 9.81747704e-01 2.01071418e-02
313 1 9.81747704e-01 1.97232359e-02
314 1 9.81747704e-01 2.02603287e-02
315 1 9.81747704e-01 1.96865409e-02
316 1 9.81747704e-01 2.01777200e-02
317 1 9.81747704e-01 1.97433140e-02
318 1 9.81747704e-01 1.97700498e-02
319 1 9.81747704e-01 1.98479864e-02
320 1 9.81747704e-01 1.98492835e-02
321 1 9.81747704e-01 1.99771021e-02
322 1 9.81747704e-01 2.01087112e-02
323 1 9.81747704e-01 1.97754051e-02
324 1 9.81747704e-01 1.99599807e-02
325 1 9.81747704e-01 1.97474805e-02
326 1 9.81747704e-01 1.95626231e-02
327 1 9.81747704e-01 1.98998248e-02
328 1 9.81747704e-01 2.01025592e-02
329 1 9.81747704e-01 1.98522857e-02
330 1 9.81747704e-01 1.96667949e-02
331 1 9.81747704e-01 1.99046528e-02
332 1 9.81747704e-01 1.98244887e-02
333 1 9.81747704e-01 1.99410228e-02
334 1 9.81747704e-01 1.97521162e-02
335 1 9.81747704e-01 1.98845959e-02
336 1 9.81747704e-01 1.99382450e-02
337 1 9.81747704e-01 1.95832002e-02
338 1 9.81747704e-01 1.98691185e-02
339 1 9.81747704e-01 2.00462974e-02
340 1 9.81747704e-01 1.99781429e-02
341 1 9.81747704e-01 1.97651429e-02
342 1 9.81747704e-01 1.97558192e-02
343 1 9.81747704e-01 1.95522534e-02
344 1 9.81747704e-01 1.96979005e-02
345 1 9.81747704e-01 2.00130024e-02
346 1 9.81747704e-01 1.95730366e-02
347 1 9.81747704e-01 2.00094282e-02
348 1 9.81747704e-01 2.01366885e-02
349 1 9.81747704e-01 2.04280818e-02
350 1 9.81747704e-01 1.96277886e-02
351 1 9.81747704e-01 2.01328157e-02
352 1 9.81747704e-01 1.99708735e-02
353 1 9.81747704e-01 1.98345664e-02
354 1 9.81747704e-01 1.95672075e-02
355 1 9.81747704e-01 2.02015792e-02
356 1 9.81747704e-01 2.02149406e-02
357 1 9.81747704e-01 1.99293840e-02
358 1 9.81747704e-01 1.96403353e-02
359 1 9.81747704e-01 1.96290945e-02
360 1 9.81747704e-01 1.99773271e-02
361 1 9.81747704e-01 1.99461815e-02
362 1 9.81747704e-01 2.00041344e-02
363 1 9.81747704e-01 1.97401906e-02
364 1 9.81747704e-01 2.00427607e-02
365 1 9.81747704e-01 1.97255014e-02
366 1 9.81747704e-01 1.96466370e-02
367 1 9.81747704e-01 1.94846688e-02
368 1 9.81747704e-01 1.94484738e-02
369 1 9.81747704e-01 1.98393503e-02
370 1 9.81747704e-01 1.96879346e-02
371 1 9.81747704e-01 1.99278278e-02
372 1 9.81747704e-01 2.00477756e-02
373 1 9.81747704e-01 1.96243435e-02
374 1 9.81747704e-01 1.97807516e-02
375 1 9.81747704e-01 1.97483472e-02
376 1 9.81747704e-01 1.98812112e-02
377 1 9.81747704e-01 1.97217656e-02
378 1 9.81747704e-01 1.99494235e-02
379 1 9.81747704e-01 1.95143401e-02
380 1 9.81747704e-01 2.00361068e-02
381 1 9.81747704e-01 1.96310107e-02
382 1 9.81747704e-01 1.98862321e-02
383 1 9.81747704e-01 1.93231956e-02
384 1 9.81747704e-01 1.97721222e-02
385 1 9.81747704e-01 1.99572002e-02
386 1 9.81747704e-01 1.98549033e-02
387 1 9.81747704e-01 1.99422317e-02
388 1 9.81747704e-01 2.00248839e-02
389 1 9.81747704e-01 1.96529901e-02
390 1 9.81747704e-01 1.98727065e-02
391 1 9.81747704e-01 1.95693630e-02
392 1 9.81747704e-01 2.01761721e-02
393 1 9.81747704e-01 1.99452291e-02
394 1 9.81747704e-01 1.99128294e-02
395 1 9.81747704e-01 1.96554225e-02
396 1 9.81747704e-01 1.96986397e-02
397 1 9.81747704e-01 1.97093812e-02
398 1 9.81747704e-01 1.97565558e-02
399 1 9.81747704e-01 1.99570980e-02
400 1 9.81747704e-01 1.98914222e-02
401 1 9.81747704e-01 1.98218571e-02
402 1 9.81747704e-01 1.97727904e-02
403 1 9.81747704e-01 1.98351439e-02
404 1 9.81747704e-01 1.99243178e-02
405 1 9.81747704e-01 1.96583895e-02
406 1 9.81747704e-01 1.99639267e-02
407 1 9.81747704e-01 1.97328409e-02
408 1 9.81747704e-01 1.93758605e-02
409 1 9.81747704e-01 2.00107406e-02
410 1 9.81747704e-01 1.95891160e-02
411 1 9.81747704e-01 1.99696022e-02
412 1 9.81747704e-01 1.93431229e-02
413 1 9.81747704e-01 1.99112067e-02
414 1 9.81747704e-01 1.99304491e-02
415 1 9.81747704e-01 2.04429627e-02
416 1 9.81747704e-01 2.00435112e-02
417 1 9.81747704e-01 1.97515909e-02
418 1 9.81747704e-01 1.99472211e-02
419 1 9.81747704e-01 1.98874105e-02
420 1 9.81747704e-01 1.98159048e-02
421 1 9.81747704e-01 1.98013750e-02
422 1 9.81747704e-01 1.99066729e-02
423 1 9.81747704e-01 2.00379927e-02
424 1 9.81747704e-01 1.96845848e-02
425 1 9.81747704e-01 2.00671803e-02
426 1 9.81747704e-01 1.97042452e-02
427 1 9.81747704e-01 2.01319726e-02
428 1 9.81747704e-01 1.98707960e-02
429 1 9.81747704e-01 1.98498881e-02
430 1 9.81747704e-01 1.97464995e-02
431 1 9.81747704e-01 1.98990508e-02
432 1 9.81747704e-01 1.97946008e-02
433 1 9.81747704e-01 1.99875258e-02
434 1 9.81747704e-01 1.99292938e-02
435 1 9.81747704e-01 2.02154627e-02
436 1 9.81747704e-01 1.98661756e-02
437 1 9.81747704e-01 1.98735693e-02
438 1 9.81747704e-01 1.99836394e-02
439 1 9.81747704e-01 1.98886691e-02
440 1 9.81747704e-01 1.98405942e-02
441 1 9.81747704e-01 1.99674387e-02
442 1 9.81747704e-01 2.00952647e-02
443 1 9.81747704e-01 1.98792302e-02
444 1 9.81747704e-01 1.97672142e-02
445 1 9.81747704e-01 1.98123810e-02
446 1 9.81747704e-01 1.96596669e-02
447 1 9.81747704e-01 1.99343172e-02
448 1 9.81747704e-01 2.01632470e-02
449 1 9.81747704e-01 2.00821154e-02
450 1 9.81747704e-01 1.99632504e-02
451 1 9.81747704e-01 1.99747011e-02
452 1 9.81747704e-01 1.98453782e-02
453 1 9.81747704e-01 1.98849363e-02
454 1 9.81747704e-01 1.97472072e-02
455 1 9.81747704e-01 2.01239057e-02
456 1 9.81747704e-01 1.97766592e-02
457 1 9.81747704e-01 1.96036041e-02
458 1 9.81747704e-01 1.99874573e-02
459 1 9.81747704e-01 2.04388742e-02
460 1 9.81747704e-01 1.99959247e-02
461 1 9.81747704e-01 1.98714032e-02
462 1 9.81747704e-01 1.97710189e-02
463 1 9.81747704e-01 2.03099308e-02
464 1 9.81747704e-01 2.00956156e-02
465 1 9.81747704e-01 1.98037420e-02
466 1 9.81747704e-01 1.97906691e-02
467 1 9.81747704e-01 2.00505893e-02
468 1 9.81747704e-01 1.99777026e-02
469 1 9.81747704e-01 1.95088346e-02
470 1 9.81747704e-01 1.99512821e-02
471 1 9.81747704e-01 1.98181263e-02
472 1 9.81747704e-01 2.00952355e-02
473 1 9.81747704e-01 1.98092872e-02
474 1 9.81747704e-01 1.98077696e-02
475 1 9.81747704e-01 1.96641665e-02
476 1 9.81747704e-01 1.97995073e-02
477 1 9.81747704e-01 1.97369095e-02
478 1 9.81747704e-01 2.00568402e-02
479 1 9.81747704e-01 1.96949978e-02
480 1 9.81747704e-01 1.99449397e-02
481 1 9.81747704e-01 1.98261612e-02
482 1 9.81747704e-01 1.98619810e-02
483 1 9.81747704e-01 1.99981506e-02
484 1 9.81747704e-01 1.99796245e-02
485 1 9.81747704e-01 1.96043316e-02
486 1 9.81747704e-01 1.97731207e-02
487 1 9.81747704e-01 1.99208199e-02
488 1 9.81747704e-01 1.98850930e-02
489 1 9.81747704e-01 1.99498196e-02
490 1 9.81747704e-01 1.98601630e-02
491 1 9.81747704e-01 2.03442534e-02
492 1 9.81747704e-01 2.02100148e-02
493 1 9.81747704e-01 1.95139752e-02
494 1 9.81747704e-01 2.00206502e-02
495 1 9.81747704e-01 2.00400778e-02
496 1 9.81747704e-01 2.00295120e-02
497 1 9.81747704e-01 1.99393449e-02
498 1 9.81747704e-01 2.00032730e-02
499 1 9.81747704e-01 1.99507726e-02
500 1 9.81747704e-01 2.00715586e-02
501 1 9.81747704e-01 2.00860600e-02
502 1 9.81747704e-01 1.99142281e-02
503 1 9.81747704e-01 1.97976795e-02
504 1 9.81747704e-01 2.00002040e-02
505 1 9.81747704e-01 1.97692004e-02
506 1 9.81747704e-01 1.99688862e-02
507 1 9.81747704e-01 1.98111690e-02
508 1 9.81747704e-01 1.97588741e-02
509 1 9.81747704e-01 1.98941526e-02
510 1 9.81747704e-01 1.94940209e-02
511 1 9.81747704e-01 1.94835822e-02
512 1 9.81747704e-01 1.97695834e-02
513 1 9.81747704e-01 1.95085598e-02
514 1 9.81747704e-01 2.03517520e-02
515 1 9.81747704e-01 1.99941283e-02
516 1 9.81747704e-01 1.97918400e-02
517 1 9.81747704e-01 1.98812903e-02
518 1 9.81747704e-01 1.96949959e-02
519 1 9.81747704e-01 1.96415403e-02
520 1 9.81747704e-01 1.97048553e-02
521 1 9.81747704e-01 1.99975550e-02
522 1 9.81747704e-01 1.98916966e-02
523 1 9.81747704e-01 1.98517718e-02
524 1 9.81747704e-01 1.94988940e-02
525 1 9.81747704e-01 1.97743138e-02
526 1 9.81747704e-01 1.99201166e-02
527 1 9.81747704e-01 1.97483588e-02
528 1 9.81747704e-01 1.96225930e-02
529 1 9.81747704e-01 1.99822928e-02
530 1 9.81747704e-01 1.98876431e-02
531 1 9.81747704e-01 1.96976930e-02
532 1 9.81747704e-01 1.99539944e-02
533 1 9.81747704e-01 1.98060032e-02
534 1 9.81747704e-01 1.97002827e-02
535 1 9.81747704e-01 1.98185600e-02
536 1 9.81747704e-01 1.98750866e-02
537 1 9.81747704e-01 1.99321350e-02
538 1 9.81747704e-01 1.99406211e-02
539 1 9.81747704e-01 1.97621320e-02
540 1 9.81747704e-01 1.98015582e-02
541 1 9.81747704e-01 1.97842586e-02
542 1 9.81747704e-01 1.95392879e-02
543 1 9.81747704e-01 1.94866616e-02
544 1 9.81747704e-01 1.98708744e-02
545 1 9.81747704e-01 1.97543209e-02
546 1 9.81747704e-01 1.98108056e-02
547 1 9.81747704e-01 1.96356674e-02
548 1 9.81747704e-01 1.95781376e-02
549 1 9.81747704e-01 1.96019910e-02
550 1 9.81747704e-01 1.99368251e-02
551 1 9.81747704e-01 1.99147373e-02
552 1 9.81747704e-01 1.97528223e-02
553 1 9.81747704e-01 1.91505755e-02
554 1 9.81747704e-01 1.97564936e-02
555 1 9.81747704e-01 1.96134082e-02
556 1 9.81747704e-01 1.99881636e-02
557 1 9.81747704e-01 1.99102996e-02
558 1 9.81747704e-01 1.99826612e-02
559 1 9.81747704e-01 2.01802529e-02
560 1 9.81747704e-01 1.99239840e-02
561 1 9.81747704e-01 1.97107853e-02
562 1 9.81747704e-01 1.99911428e-02
563 1 9.81747704e-01 1.97693962e-02
564 1 9.81747704e-01 1.99686866e-02
565 1 9.81747704e-01 1.98026284e-02
566 1 9.81747704e-01 2.02813490e-02
567 1 9.81747704e-01 1.99524240e-02
568 1 9.81747704e-01 1.97433733e-02
569 1 9.81747704e-01 1.99252479e-02
570 1 9.81747704e-01 1.95844045e-02
571 1 9.81747704e-01 2.00424423e-02
572 1 9.81747704e-01 1.96798583e-02
573 1 9.81747704e-01 1.97952309e-02
574 1 9.81747704e-01 1.99917375e-02
575 1 9.81747704e-01 1.99083380e-02
576 1 9.81747704e-01 2.00726634e-02
577 1 9.81747704e-01 1.96226582e-02
578 1 9.81747704e-01 1.97931344e-02
579 1 9.81747704e-01 1.98141287e-02
580 1 9.81747704e-01 1.96797827e-02
581 1 9.81747704e-01 1.94017627e-02
582 1 9.81747704e-01 1.99042228e-02
583 1 9.81747704e-01 2.00719028e-02
584 1 9.81747704e-01 1.97345994e-02
585 1 9.81747704e-01 1.94803731e-02
586 1 9.81747704e-01 1.98208296e-02
587 1 9.81747704e-01 2.01950407e-02
588 1 9.81747704e-01 1.99298756e-02
589 1 9.81747704e-01 1.99811774e-02
590 1 9.81747704e-01 1.98052024e-02
591 1 9.81747704e-01 1.96481932e-02
592 1 9.81747704e-01 1.96643613e-02
593 1 9.81747704e-01 2.01104104e-02
594 1 9.81747704e-01 1.99397511e-02
595 1 9.81747704e-01 1.98249171e-02
596 1 9.81747704e-01 2.00413036e-02
597 1 9.81747704e-01 1.97420302e-02
598 1 9.81747704e-01 1.95325130e-02
599 1 9.81747704e-01 1.96746272e-02
600 1 9.81747704e-01 1.99578510e-02
601 1 9.81747704e-01 1.98735334e-02
602 1 9.81747704e-01 2.01862634e-02
603 1 9.81747704e-01 1.99659246e-02
604 1 9.81747704e-01 1.96760726e-02
605 1 9.81747704e-01 1.98691522e-02
606 1 9.81747704e-01 1.98882891e-02
607 1 9.81747704e-01 1.98380168e-02
608 1 9.81747704e-01 1.99565528e-02
609 1 9.81747704e-01 1.99689244e-02
610 1 9.81747704e-01 1.98507322e-02
611 1 9.81747704e-01 2.01580694e-02
612 1 9.81747704e-01 1.96642819e-02
613 1 9.81747704e-01 2.00915359e-02
614 1 9.81747704e-01 1.96638804e-02
615 1 9.81747704e-01 1.95804958e-02
616 1 9.81747704e-01 1.97664285e-02
617 1 9.81747704e-01 1.98161666e-02
618 1 9.81747704e-01 1.98085479e-02
619 1 9.81747704e-01 1.95359763e-02
620 1 9.81747704e-01 2.02442766e-02
621 1 9.81747704e-01 1.96343515e-02
622 1 9.81747704e-01 1.97147305e-02
623 1 9.81747704e-01 1.99961304e-02
624 1 9.81747704e-01 1.98785678e-02
625 1 9.81747704e-01 1.99166484e-02
626 1 9.81747704e-01 1.95320121e-02
627 1 9.81747704e-01 1.99767081e-02
628 1 9.81747704e-01 1.99556955e-02
629 1 9.81747704e-01 2.04282071e-02
630 1 9.81747704e-01 1.99613608e-02
631 1 9.81747704e-01 1.99447731e-02
632 1 9.81747704e-01 1.97443689e-02
633 1 9.81747704e-01 1.93071559e-02
634 1 9.81747704e-01 2.02037966e-02
635 1 9.81747704e-01 1.97555540e-02
636 1 9.81747704e-01 1.93394710e-02
637 1 9.81747704e-01 2.05082270e-02
638 1 9.81747704e-01 1.93813712e-02
639 1 9.81747704e-01 1.97350634e-02
640 1 9.81747704e-01 1.97310978e-02
641 1 9.81747704e-01 2.00397244e-02
642 1 9.81747704e-01 2.01165735e-02
643 1 9.81747704e-01 1.98521339e-02
644 1 9.81747704e-01 1.99794888e-02
645 1 9.81747704e-01 2.00419516e-02
646 1 9.81747704e-01 1.97558534e-02
647 1 9.81747704e-01 1.99899677e-02
648 1 9.81747704e-01 1.98004274e-02
649 1 9.81747704e-01 2.02806369e-02
650 1 9.81747704e-01 2.00770743e-02
651 1 9.81747704e-01 1.98378249e-02
652 1 9.81747704e-01 1.98088427e-02
653 1 9.81747704e-01 2.00152684e-02
654 1 9.81747704e-01 1.98737912e-02
655 1 9.81747704e-01 2.00793346e-02
656 1 9.81747704e-01 1.98402006e-02
657 1 9.81747704e-01 1.93845503e-02
658 1 9.81747704e-01 1.98574195e-02
659 1 9.81747704e-01 1.98113703e-02
660 1 9.81747704e-01 2.00763960e-02
661 1 9.81747704e-01 1.95831201e-02
662 1 9.81747704e-01 1.99160617e-02
663 1 9.81747704e-01 1.99193951e-02
664 1 9.81747704e-01 1.97366557e-02
665 1 9.81747704e-01 2.00444953e-02
666 1 9.81747704e-01 1.97905783e-02
667 1 9.81747704e-01 2.04680222e-02
668 1 9.81747704e-01 2.00467535e-02
669 1 9.81747704e-01 1.97725876e-02
670 1 9.81747704e-01 1.99049733e-02
671 1 9.81747704e-01 2.00595617e-02
672 1 9.81747704e-01 1.97353202e-02
673 1 9.81747704e-01 2.02511043e-02
674 1 9.81747704e-01 1.95585417e-02
675 1 9.81747704e-01 1.96366899e-02
676 1 9.81747704e-01 1.98894449e-02
677 1 9.81747704e-01 1.96204251e-02
678 1 9.81747704e-01 1.97551641e-02
679 1 9.81747704e-01 1.98623969e-02
680 1 9.81747704e-01 2.02337398e-02
681 1 9.81747704e-01 2.00175159e-02
682 1 9.81747704e-01 2.00582578e-02
683 1 9.81747704e-01 1.97620595e-02
684 1 9.81747704e-01 1.98740940e-02
685 1 9.81747704e-01 1.98173662e-02
686 1 9.81747704e-01 2.01737994e-02
687 1 9.81747704e-01 1.96577015e-02
688 1 9.81747704e-01 2.00385632e-02
689 1 9.81747704e-01 1.96365108e-02
690 1 9.81747704e-01 1.96394254e-02
691 1 9.81747704e-01 1.95423832e-02
692 1 9.81747704e-01 1.98786069e-02
693 1 9.81747704e-01 1.99614581e-02
694 1 9.81747704e-01 1.99480724e-02
695 1 9.81747704e-01 1.97791677e-02
696 1 9.81747704e-01 2.00203098e-02
697 1 9.81747704e-01 1.98991021e-02
698 1 9.81747704e-01 1.98871156e-02
699 1 9.81747704e-01 1.96633864e-02
700 1 9.81747704e-01 1.97604066e-02
701 1 9.81747704e-01 1.98010347e-02
702 1 9.81747704e-01 1.99268235e-02
703 1 9.81747704e-01 1.97638893e-02
704 1 9.81747704e-01 1.99212122e-02
705 1 9.81747704e-01 2.01635020e-02
706 1 9.81747704e-01 2.02251691e-02
707 1 9.81747704e-01 1.98192361e-02
708 1 9.81747704e-01 1.99563588e-02
709 1 9.81747704e-01 1.98186479e-02
710 1 9.81747704e-01 1.97602924e-02
711 1 9.81747704e-01 1.98718550e-02
712 1 9.81747704e-01 1.97835921e-02
713 1 9.81747704e-01 2.00963090e-02
714 1 9.81747704e-01 1.97043190e-02
715 1 9.81747704e-01 2.00776570e-02
716 1 9.81747704e-01 1.97914032e-02
717 1 9.81747704e-01 2.00339664e-02
718 1 9.81747704e-01 2.00537512e-02
719 1 9.81747704e-01 1.97857845e-02
720 1 9.81747704e-01 1.97675643e-02
721 1 9.81747704e-01 1.98523415e-02
722 1 9.81747704e-01 2.01687311e-02
723 1 9.81747704e-01 1.99036262e-02
724 1 9.81747704e-01 1.95223847e-02
725 1 9.81747704e-01 2.00993413e-02
726 1 9.81747704e-01 1.98338884e-02
727 1 9.81747704e-01 1.95694498e-02
728 1 9.81747704e-01 1.95812067e-02
729 1 9.81747704e-01 1.94842601e-02
730 1 9.81747704e-01 1.98012484e-02
731 1 9.81747704e-01 1.94014112e-02
732 1 9.81747704e-01 1.98804558e-02
733 1 9.81747704e-01 1.96329721e-02
734 1 9.81747704e-01 1.96263818e-02
735 1 9.81747704e-01 1.98450472e-02
736 1 9.81747704e-01 2.00661517e-02
737 1 9.81747704e-01 1.97574004e-02
738 1 9.81747704e-01 1.97697382e-02
739 1 9.81747704e-01 1.99445232e-02
740 1 9.81747704e-01 1.94085057e-02
741 1 9.81747704e-01 1.96173913e-02
742 1 9.81747704e-01 1.98057580e-02
743 1 9.81747704e-01 1.97877596e-02
744 1 9.81747704e-01 1.98152086e-02
745 1 9.81747704e-01 1.95189045e-02
746 1 9.81747704e-01 1.98666658e-02
747 1 9.81747704e-01 1.98809735e-02
748 1 9.81747704e-01 1.95821567e-02
749 1 9.81747704e-01 1.97967650e-02
750 1 9.81747704e-01 2.00151270e-02
751 1 9.81747704e-01 2.00326933e-02
752 1 9.81747704e-01 1.94822989e-02
753 1 9.81747704e-01 1.98098661e-02
754 1 9.81747704e-01 1.93832458e-02
755 1 9.81747704e-01 2.03035285e-02
756 1 9.81747704e-01 1.96515191e-02
757 1 9.81747704e-01 1.97284033e-02
758 1 9.81747704e-01 2.03330844e-02
759 1 9.81747704e-01 1.97957924e-02
760 1 9.81747704e-01 1.99032441e-02
761 1 9.81747704e-01 1.99806657e-02
762 1 9.81747704e-01 1.99865120e-02
763 1 9.81747704e-01 2.02496620e-02
764 1 9.81747704e-01 2.00298687e-02
765 1 9.81747704e-01 1.97803322e-02
766 1 9.81747704e-01 2.00899722e-02
767 1 9.81747704e-01 1.95606121e-02
768 1 9.81747704e-01 1.99454394e-02
769 1 9.81747704e-01 1.96582555e-02
770 1 9.81747704e-01 1.98179413e-02
771 1 9.81747704e-01 1.98253147e-02
772 1 9.81747704e-01 1.99328749e-02
773 1 9.81747704e-01 2.01280219e-02
774 1 9.81747704e-01 2.01536545e-02
775 1 9.81747704e-01 1.96914200e-02
776 1 9.81747704e-01 1.97107219e-02
777 1 9.81747704e-01 2.00054142e-02
778 1 9.81747704e-01 1.98199820e-02
779 1 9.81747704e-01 2.00194691e-02
780 1 9.81747704e-01 1.98920991e-02
781 1 9.81747704e-01 1.97063707e-02
782 1 9.81747704e-01 1.99173166e-02
783 1 9.81747704e-01 1.96657421e-02
784 1 9.81747704e-01 1.91011532e-02
785 1 9.81747704e-01 1.94921630e-02
786 1 9.81747704e-01 2.00998766e-02
787 1 9.81747704e-01 1.98242631e-02
788 1 9.81747704e-01 1.97414572e-02
789 1 9.81747704e-01 1.98574628e-02
790 1 9.81747704e-01 1.98088177e-02
791 1 9.81747704e-01 1.97503561e-02
792 1 9.81747704e-01 1.99283664e-02
793 1 9.81747704e-01 1.98253002e-02
794 1 9.81747704e-01 2.00157992e-02
795 1 9.81747704e-01 2.03314516e-02
796 1 9.81747704e-01 1.98396525e-02
797 1 9.81747704e-01 1.95869219e-02
798 1 9.81747704e-01 1.97765417e-02
799 1 9.81747704e-01 2.01556279e-02
800 1 9.81747704e-01 1.99351318e-02
801 1 9.81747704e-01 1.98054785e-02
802 1 9.81747704e-01 1.95693508e-02
803 1 9.81747704e-01 1.99398234e-02
804 1 9.81747704e-01 1.97682122e-02
805 1 9.81747704e-01 1.93816577e-02
806 1 9.81747704e-01 2.00466516e-02
807 1 9.81747704e-01 1.98825676e-02
808 1 9.81747704e-01 2.00059988e-02
809 1 9.81747704e-01 2.00993750e-02
810 1 9.81747704e-01 1.98646891e-02
811 1 9.81747704e-01 1.98350505e-02
812 1 9.81747704e-01 1.98145287e-02
813 1 9.81747704e-01 1.99109803e-02
814 1 9.81747704e-01 1.96424116e-02
815 1 9.81747704e-01 1.98932949e-02
816 1 9.81747704e-01 1.99186331e-02
817 1 9.81747704e-01 2.01047024e-02
818 1 9.81747704e-01 1.97187714e-02
819 1 9.81747704e-01 1.95078499e-02
820 1 9.81747704e-01 1.99670806e-02
821 1 9.81747704e-01 1.96707922e-02
822 1 9.81747704e-01 2.00691053e-02
823 1 9.81747704e-01 1.97682923e-02
824 1 9.81747704e-01 1.98550387e-02
825 1 9.81747704e-01 1.96137690e-02
826 1 9.81747704e-01 1.98252119e-02
827 1 9.81747704e-01 1.95468614e-02
828 1 9.81747704e-01 1.98509895e-02
829 1 9.81747704e-01 1.99699609e-02
830 1 9.81747704e-01 1.96975490e-02
831 1 9.81747704e-01 1.99293456e-02
832 1 9.81747704e-01 1.99361282e-02
833 1 9.81747704e-01 1.95889970e-02
834 1 9.81747704e-01 1.97255459e-02
835 1 9.81747704e-01 1.98594552e-02
836 1 9.81747704e-01 2.01732512e-02
837 1 9.81747704e-01 2.00799327e-02
838 1 9.81747704e-01 1.97497246e-02
839 1 9.81747704e-01 1.98477927e-02
840 1 9.81747704e-01 1.96987279e-02
841 1 9.81747704e-01 1.97314649e-02
842 1 9.81747704e-01 1.99019472e-02
843 1 9.81747704e-01 2.01295509e-02
844 1 9.81747704e-01 1.96332594e-02
845 1 9.81747704e-01 2.00442702e-02
846 1 9.81747704e-01 1.98712484e-02
847 1 9.81747704e-01 1.95637026e-02
848 1 9.81747704e-01 2.01622671e-02
849 1 9.81747704e-01 1.99669764e-02
850 1 9.81747704e-01 1.95675495e-02
851 1 9.81747704e-01 2.01122002e-02
852 1 9.81747704e-01 2.01384993e-02
853 1 9.81747704e-01 1.95796609e-02
854 1 9.81747704e-01 1.96710185e-02
855 1 9.81747704e-01 2.00525574e-02
856 1 9.81747704e-01 1.98136314e-02
857 1 9.81747704e-01 1.99660996e-02
858 1 9.81747704e-01 1.97832595e-02
859 1 9.81747704e-01 1.98683313e-02
860 1 9.81747704e-01 1.98938082e-02
861 1 9.81747704e-01 1.99408683e-02
862 1 9.81747704e-01 1.98007446e-02
863 1 9.81747704e-01 1.98741296e-02
864 1 9.81747704e-01 2.01989640e-02
865 1 9.81747704e-01 1.99214591e-02
866 1 9.81747704e-01 1.99380302e-02
867 1 9.81747704e-01 1.98214214e-02
868 1 9.81747704e-01 2.00156926e-02
869 1 9.81747704e-01 1.98393720e-02
870 1 9.81747704e-01 2.00158541e-02
871 1 9.81747704e-01 1.98239959e-02
872 1 9.81747704e-01 1.98974060e-02
873 1 9.81747704e-01 1.99892725e-02
874 1 9.81747704e-01 1.95140830e-02
875 1 9.81747704e-01 1.96652221e-02
876 1 9.81747704e-01 1.99796589e-02
877 1 9.81747704e-01 1.99178450e-02
878 1 9.81747704e-01 1.95708154e-02
879 1 9.81747704e-01 1.98143632e-02
880 1 9.81747704e-01 1.96148250e-02
881 1 9.81747704e-01 2.00797872e-02
882 1 9.81747704e-01 2.00333740e-02
883 1 9.81747704e-01 1.98946702e-02
884 1 9.81747704e-01 1.96910484e-02
885 1 9.81747704e-01 1.98681604e-02
886 1 9.81747704e-01 2.03130014e-02
887 1 9.81747704e-01 1.98599121e-02
888 1 9.81747704e-01 1.99519053e-02
889 1 9.81747704e-01 1.97787508e-02
890 1 9.81747704e-01 2.00968235e-02
891 1 9.81747704e-01 1.97609465e-02
892 1 9.81747704e-01 1.99980283e-02
893 1 9.81747704e-01 1.98162533e-02
894 1 9.81747704e-01 2.01742723e-02
895 1 9.81747704e-01 2.01291239e-02
896 1 9.81747704e-01 1.97889244e-02
897 1 9.81747704e-01 2.01523455e-02
898 1 9.81747704e-01 2.01935618e-02
899 1 9.81747704e-01 1.96024987e-02
900 1 9.81747704e-01 2.00986334e-02
901 1 9.81747704e-01 1.99896445e-02
902 1 9.81747704e-01 1.99975390e-02
903 1 9.81747704e-01 2.00251415e-02
904 1 9.81747704e-01 1.97374487e-02
905 1 9.81747704e-01 1.96927616e-02
906 1 9.81747704e-01 2.00099193e-02
907 1 9.81747704e-01 1.97208687e-02
908 1 9.81747704e-01 1.96861877e-02
909 1 9.81747704e-01 2.02310483e-02
910 1 9.81747704e-01 2.00278361e-02
911 1 9.81747704e-01 2.00365244e-02
912 1 9.81747704e-01 1.97302543e-02
913 1 9.81747704e-01 1.99661551e-02
914 1 9.81747704e-01 1.97830598e-02
915 1 9.81747704e-01 1.99917309e-02
916 1 9.81747704e-01 1.97487148e-02
917 1 9.81747704e-01 2.01369077e-02
918 1 9.81747704e-01 2.00623170e-02
919 1 9.81747704e-01 1.97264956e-02
920 1 9.81747704e-01 1.97379785e-02
921 1 9.81747704e-01 1.99462737e-02
922 1 9.81747704e-01 1.98044771e-02
923 1 9.81747704e-01 1.99247005e-02
924 1 9.81747704e-01 2.00405846e-02
925 1 9.81747704e-01 1.98887108e-02
926 1 9.81747704e-01 1.99807481e-02
927 1 9.81747704e-01 1.99055695e-02
928 1 9.81747704e-01 2.00886710e-02
929 1 9.81747704e-01 1.98877966e-02
930 1 9.81747704e-01 1.97014168e-02
931 1 9.81747704e-01 1.98924543e-02
932 1 9.81747704e-01 1.99241378e-02
933 1 9.81747704e-01 1.98104862e-02
934 1 9.81747704e-01 1.97245939e-02
935 1 9.81747704e-01 1.96805949e-02
936 1 9.81747704e-01 1.96966750e-02
937 1 9.81747704e-01 1.95917504e-02
938 1 9.81747704e-01 1.99546645e-02
939 1 9.81747704e-01 2.03142686e-02
940 1 9.81747704e-01 1.94904691e-02
941 1 9.81747704e-01 1.99312130e-02
942 1 9.81747704e-01 1.99351457e-02
943 1 9.81747704e-01 1.98593029e-02
944 1 9.81747704e-01 2.02107623e-02
945 1 9.81747704e-01 1.98268700e-02
946 1 9.81747704e-01 2.01248353e-02
947 1 9.81747704e-01 1.98582894e-02
948 1 9.81747704e-01 2.00512022e-02
949 1 9.81747704e-01 1.98077655e-02
950 1 9.81747704e-01 1.96598367e-02
951 1 9.81747704e-01 2.01512845e-02
952 1 9.81747704e-01 1.98712509e-02
953 1 9.81747704e-01 1.98731787e-02
954 1 9.81747704e-01 1.97210861e-02
955 1 9.81747704e-01 1.97256459e-02
956 1 9.81747704e-01 1.98588033e-02
957 1 9.81747704e-01 1.99251458e-02
958 1 9.81747704e-01 1.92503297e-02
959 1 9.81747704e-01 1.96906646e-02
960 1 9.81747704e-01 2.00540601e-02
961 1 9.81747704e-01 2.00040021e-02
962 1 9.81747704e-01 1.99740662e-02
963 1 9.81747704e-01 1.96317881e-02
964 1 9.81747704e-01 2.00735290e-02
965 1 9.81747704e-01 1.99909613e-02
966 1 9.81747704e-01 1.97457092e-02
967 1 9.81747704e-01 2.00510834e-02
968 1 9.81747704e-01 1.96645264e-02
969 1 9.81747704e-01 1.98353938e-02
970 1 9.81747704e-01 1.99735982e-02
971 1 9.81747704e-01 1.98760800e-02
972 1 9.81747704e-01 1.93528357e-02
973 1 9.81747704e-01 1.99904934e-02
974 1 9.81747704e-01 1.98409581e-02
975 1 9.81747704e-01 1.97653588e-02
976 1 9.81747704e-01 1.98740145e-02
977 1 9.81747704e-01 1.99422647e-02
978 1 9.81747704e-01 1.98682661e-02
979 1 9.81747704e-01 1.96094222e-02
980 1 9.81747704e-01 1.99585431e-02
981 1 9.81747704e-01 1.98761591e-02
982 1 9.81747704e-01 2.00113252e-02
983 1 9.81747704e-01 1.99938421e-02
984 1 9.81747704e-01 1.97637253e-02
985 1 9.81747704e-01 2.00193509e-02
986 1 9.81747704e-01 2.00901441e-02
987 1 9.81747704e-01 1.93668490e-02
988 1 9.81747704e-01 1.96036032e-02
989 1 9.81747704e-01 2.00569490e-02
990 1 9.81747704e-01 1.99079942e-02
991 1 9.81747704e-01 1.99092438e-02
992 1 9.81747704e-01 2.01259641e-02
993 1 9.81747704e-01 1.99261507e-02
994 1 9.81747704e-01 1.99492053e-02
995 1 9.81747704e-01 2.02229010e-02
996 1 9.81747704e-01 2.01725921e-02
997 1 9.81747704e-01 1.99351264e-02
998 1 9.81747704e-01 2.00555403e-02
999 1 9.81747704e-01 1.96749452e-02
1000 1 9.81747704e-01 1.98094941e-02
1001 1 9.81747704e-01 2.02834578e-02
1002 1 9.81747704e-01 1.96292917e-02
1003 1 9.81747704e-01 1.98835811e-02
1004 1 9.81747704e-01 1.99438861e-02
1005 1 9.81747704e-01 1.97001264e-02
1006 1 9.81747704e-01 1.99197922e-02
1007 1 9.81747704e-01 1.97049120e-02
1008 1 9.81747704e-01 1.99196733e-02
1009 1 9.81747704e-01 1.96223523e-02
1010 1 9.81747704e-01 1.95219968e-02
1011 1 9.81747704e-01 1.97765874e-02
1012 1 9.81747704e-01 1.97818958e-02
1013 1 9.81747704e-01 2.01589302e-02
1014 1 9.81747704e-01 1.97453650e-02
1015 1 9.81747704e-01 1.98959728e-02
1016 1 9.81747704e-01 1.96008109e-02
1017 1 9.81747704e-01 1.96800225e-02
1018 1 9.81747704e-01 1.99463807e-02
1019 1 9.81747704e-01 2.00072324e-02
1020 1 9.81747704e-01 1.98426001e-02
1021 1 9.81747704e-01 1.98332729e-02
1022 1 9.81747704e-01 1.99642964e-02
1023 1 9.81747704e-01 2.00254201e-02
1024 1 9.81747704e-01 1.99427941e-02
1025 1 9.81747704e-01 1.97189596e-02
0 2 1.96349541e+00 3.58628299e-02
1 2 1.96349541e+00 3.52116748e-02
2 2 1.96349541e+00 3.50504901e-02
3 2 1.96349541e+00 3.52909271e-02
4 2 1.96349541e+00 3.53055542e-02
5 2 1.96349541e+00 3.47160181e-02
6 2 1.96349541e+00 3.54939664e-02
7 2 1.96349541e+00 3.59714950e-02
8 2 1.96349541e+00 3.56044091e-02
9 2 1.96349541e+00 3.49005832e-02
10 2 1.96349541e+00 3.43275945e-02
11 2 1.96349541e+00 3.54621504e-02
12 2 1.96349541e+00 3.52125280e-02
13 2 1.96349541e+00 3.56507673e-02
14 2 1.96349541e+00 3.56062188e-02
15 2 1.96349541e+00 3.50045651e-02
16 2 1.96349541e+00 3.45140851e-02
17 2 1.96349541e+00 3.50630302e-02
18 2 1.96349541e+00 3.45494513e-02
19 2 1.96349541e+00 3.51347324e-02
20 2 1.96349541e+00 3.56482285e-02
21 2 1.96349541e+00 3.49253094e-02
22 2 1.96349541e+00 3.50130004e-02
23 2 1.96349541e+00 3.53622315e-02
24 2 1.96349541e+00 3.51765399e-02
25 2 1.96349541e+00 3.48740790e-02
26 2 1.96349541e+00 3.48791576e-02
27 2 1.96349541e+00 3.51373058e-02
28 2 1.96349541e+00 3.65432156e-02
29 2 1.96349541e+00 3.56308121e-02
30 2 1.96349541e+00 3.53075768e-02
31 2 1.96349541e+00 3.58838963e-02
32 2 1.96349541e+00 3.46222051e-02
33 2 1.96349541e+00 3.61814929e-02
34 2 1.96349541e+00 3.55454638e-02
35 2 1.96349541e+00 3.45701376e-02
36 2 1.96349541e+00 3.48327205e-02
37 2 1.96349541e+00 3.54709951e-02
38 2 1.96349541e+00 3.60690641e-02
39 2 1.96349541e+00 3.53907790e-02
40 2 1.96349541e+00 3.52294674e-02
41 2 1.96349541e+00 3.58597292e-02
42 2 1.96349541e+00 3.50503949e-02
43 2 1.96349541e+00 3.51714852e-02
44 2 1.96349541e+00 3.51468811e-02
45 2 1.96349541e+00 3.52842192e-02
46 2 1.96349541e+00 3.52310437e-02
47 2 1.96349541e+00 3.58399178e-02
48 2 1.96349541e+00 3.57563274e-02
49 2 1.96349541e+00 3.55523062e-02
50 2 1.96349541e+00 3.50477337e-02
51 2 1.96349541e+00 3.53885948e-02
52 2 1.96349541e+00 3.49077218e-02
53 2 1.96349541e+00 3.50522667e-02
54 2 1.96349541e+00 3.56273766e-02
55 2 1.96349541e+00 3.52993382e-02
56 2 1.96349541e+00 3.53178727e-02
57 2 1.96349541e+00 3.50159995e-02
58 2 1.96349541e+00 3.45175823e-02
59 2 1.96349541e+00 3.45744834e-02
60 2 1.96349541e+00 3.53073884e-02
61 2 1.96349541e+00 3.48821193e-02
62 2 1.96349541e+00 3.51766312e-02
63 2 1.96349541e+00 3.47363257e-02
64 2 1.96349541e+00 3.48129356e-02
65 2 1.96349541e+00 3.49883201e-02
66 2 1.96349541e+00 3.51837890e-02
67 2 1.96349541e+00 3.49983618e-02
68 2 1.96349541e+00 3.50080482e-02
69 2 1.96349541e+00 3.54119962e-02
70 2 1.96349541e+00 3.56258863e-02
71 2 1.96349541e+00 3.56774785e-02
72 2 1.96349541e+00 3.47001445e-02
73 2 1.96349541e+00 3.54607522e-02
74 2 1.96349541e+00 3.53868349e-02
75 2 1.96349541e+00 3.56142339e-02
76 2 1.96349541e+00 3.49883510e-02
77 2 1.96349541e+00 3.52356058e-02
78 2 1.96349541e+00 3.57425833e-02
79 2 1.96349541e+00 3.52059761e-02
80 2 1.96349541e+00 3.46964879e-02
81 2 1.96349541e+00 3.52209361e-02
82 2 1.96349541e+00 3.53043507e-02
83 2 1.96349541e+00 3.55194843e-02
84 2 1.96349541e+00 3.48385580e-02
85 2 1.96349541e+00 3.54960795e-02
86 2 1.96349541e+00 3.50834397e-02
87 2 1.96349541e+00 3.53568114e-02
88 2 1.96349541e+00 3.58051650e-02
89 2 1.96349541e+00 3.56708525e-02
90 2 1.96349541e+00 3.56140394e-02
91 2 1.96349541e+00 3.49701427e-02
92 2 1.96349541e+00 3.52543641e-02
93 2 1.96349541e+00 3.54246566e-02
94 2 1.96349541e+00 3.49900434e-02
95 2 1.96349541e+00 3.56277048e-02
96 2 1.96349541e+00 3.51920340e-02
97 2 1.96349541e+00 3.48991350e-02
98 2 1.96349541e+00 3.49690499e-02
99 2 1.96349541e+00 3.49714750e-02
100 2 1.96349541e+00 3.56421734e-02
101 2 1.96349541e+00 3.57598948e-02
102 2 1.96349541e+00 3.54745786e-02
103 2 1.96349541e+00 3.57760997e-02
104 2 1.96349541e+00 3.53820743e-02
105 2 1.96349541e+00 3.44264030e-02
106 2 1.96349541e+00 3.52341910e-02
107 2 1.96349541e+00 3.50047930e-02
108 2 1.96349541e+00 3.52733056e-02
109 2 1.96349541e+00 3.58673572e-02
110 2 1.96349541e+00 3.57176836e-02
111 2 1.96349541e+00 3.56851984e-02
112 2 1.96349541e+00 3.51531659e-02
113 2 1.96349541e+00 3.50311488e-02
114 2 1.96349541e+00 3.55572975e-02
115 2 1.96349541e+00 3.53995285e-02
116 2 1.96349541e+00 3.41869102e-02
117 2 1.96349541e+00 3.52594872e-02
118 2 1.96349541e+00 3.57187111e-02
119 2 1.96349541e+00 3.46111188e-02
120 2 1.96349541e+00 3.47054335e-02
121 2 1.96349541e+00 3.54521779e-02
122 2 1.96349541e+00 3.55034084e-02
123 2 1.96349541e+00 3.48618896e-02
124 2 1.96349541e+00 3.51165179e-02
125 2 1.96349541e+00 3.58647206e-02
126 2 1.96349541e+00 3.48183417e-02
127 2 1.96349541e+00 3.52054769e-02
128 2 1.96349541e+00 3.58461823e-02
129 2 1.96349541e+00 3.48391786e-02
130 2 1.96349541e+00 3.52590235e-02
131 2 1.96349541e+00 3.52542373e-02
132 2 1.96349541e+00 3.48707611e-02
133 2 1.96349541e+00 3.56895599e-02
134 2 1.96349541e+00 3.52474221e-02
135 2 1.96349541e+00 3.53302919e-02
136 2 1.96349541e+00 3.54455497e-02
137 2 1.96349541e+00 3.49296877e-02
138 2 1.96349541e+00 3.54313011e-02
139 2 1.96349541e+00 3.54118912e-02
140 2 1.96349541e+00 3.49389836e-02
141 2 1.96349541e+00 3.55900804e-02
142 2 1.96349541e+00 3.48541598e-02
143 2 1.96349541e+00 3.58074496e-02
144 2 1.96349541e+00 3.56557109e-02
145 2 1.96349541e+00 3.47923905e-02
146 2 1.96349541e+00 3.54179781e-02
147 2 1.96349541e+00 3.49247001e-02
148 2 1.96349541e+00 3.48429146e-02
149 2 1.96349541e+00 3.50708134e-02
150 2 1.96349541e+00 3.50075958e-02
151 2 1.96349541e+00 3.54666815e-02
152 2 1.96349541e+00 3.51285463e-02
153 2 1.96349541e+00 3.48177415e-02
154 2 1.96349541e+00 3.53128040e-02
155 2 1.96349541e+00 3.49157060e-02
156 2 1.96349541e+00 3.54804068e-02
157 2 1.96349541e+00 3.54793486e-02
158 2 1.96349541e+00 3.54930474e-02
159 2 1.96349541e+00 3.53884024e-02
160 2 1.96349541e+00 3.46857152e-02
161 2 1.96349541e+00 3.51900661e-02
162 2 1.96349541e+00 3.50110638e-02
163 2 1.96349541e+00 3.57742359e-02
164 2 1.96349541e+00 3.54122767e-02
165 2 1.96349541e+00 3.57354092e-02
166 2 1.96349541e+00 3.51763355e-02
167 2 1.96349541e+00 3.50112877e-02
168 2 1.96349541e+00 3.51573554e-02
169 2 1.96349541e+00 3.56605911e-02
170 2 1.96349541e+00 3.53529529e-02
171 2 1.96349541e+00 3.50491475e-02
172 2 1.96349541e+00 3.49929856e-02
173 2 1.96349541e+00 3.57346995e-02
174 2 1.96349541e+00 3.56756599e-02
175 2 1.96349541e+00 3.50820305e-02
176 2 1.96349541e+00 3.53750288e-02
177 2 1.96349541e+00 3.54540212e-02
178 2 1.96349541e+00 3.55783666e-02
179 2 1.96349541e+00 3.55218321e-02
180 2 1.96349541e+00 3.49521424e-02
181 2 1.96349541e+00 3.51883115e-02
182 2 1.96349541e+00 3.53207710e-02
183 2 1.96349541e+00 3.51455352e-02
184 2 1.96349541e+00 3.47090157e-02
185 2 1.96349541e+00 3.48092550e-02
186 2 1.96349541e+00 3.53211138e-02
187 2 1.96349541e+00 3.48632696e-02
188 2 1.96349541e+00 3.52351141e-02
189 2 1.96349541e+00 3.51717007e-02
190 2 1.96349541e+00 3.55426601e-02
191 2 1.96349541e+00 3.57068665e-02
192 2 1.96349541e+00 3.50164273e-02
193 2 1.96349541e+00 3.49792940e-02
194 2 1.96349541e+00 3.54072442e-02
195 2 1.96349541e+00 3.53340887e-02
196 2 1.96349541e+00 3.49323599e-02
197 2 1.96349541e+00 3.48054805e-02
198 2 1.96349541e+00 3.54847691e-02
199 2 1.96349541e+00 3.61077559e-02
200 2 1.96349541e+00 3.51308340e-02
201 2 1.96349541e+00 3.44413622e-02
202 2 1.96349541e+00 3.48205108e-02
203 2 1.96349541e+00 3.58346941e-02
204 2 1.96349541e+00 3.51962921e-02
205 2 1.96349541e+00 3.49228398e-02
206 2 1.96349541e+00 3.47635061e-02
207 2 1.96349541e+00 3.53645419e-02
208 2 1.96349541e+00 3.56492057e-02
209 2 1.96349541e+00 3.57914464e-02
210 2 1.96349541e+00 3.51071672e-02
211 2 1.96349541e+00 3.52300523e-02
212 2 1.96349541e+00 3.59226219e-02
213 2 1.96349541e+00 3.48303750e-02
214 2 1.96349541e+00 3.54416851e-02
215 2 1.96349541e+00 3.52591993e-02
216 2 1.96349541e+00 3.48766981e-02
217 2 1.96349541e+00 3.53412182e-02
218 2 1.96349541e+00 3.51511720e-02
219 2 1.96349541e+00 3.55057039e-02
220 2 1.96349541e+00 3.48246194e-02
221 2 1.96349541e+00 3.48318213e-02
222 2 1.96349541e+00 3.54298795e-02
223 2 1.96349541e+00 3.51713498e-02
224 2 1.96349541e+00 3.53159477e-02
225 2 1.96349541e+00 3.48980924e-02
226 2 1.96349541e+00 3.53864090e-02
227 2 1.96349541e+00 3.55452909e-02
228 2 1.96349541e+00 3.53099673e-02
229 2 1.96349541e+00 3.56538172e-02
230 2 1.96349541e+00 3.51724810e-02
231 2 1.96349541e+00 3.52864564e-02
232 2 1.96349541e+00 3.51395189e-02
233 2 1.96349541e+00 3.52336869e-02
234 2 1.96349541e+00 3.53872683e-02
235 2 1.96349541e+00 3.58736267e-02
236 2 1.96349541e+00 3.55866532e-02
237 2 1.96349541e+00 3.49112746e-02
238 2 1.96349541e+00 3.50060585e-02
239 2 1.96349541e+00 3.51091156e-02
240 2 1.96349541e+00 3.52296809e-02
241 2 1.96349541e+00 3.54055140e-02
242 2 1.96349541e+00 3.51141174e-02
243 2 1.96349541e+00 3.52345875e-02
244 2 1.96349541e+00 3.53296032e-02
245 2 1.96349541e+00 3.51188153e-02
246 2 1.96349541e+00 3.53762705e-02
247 2 1.96349541e+00 3.51870413e-02
248 2 1.96349541e+00 3.53463627e-02
249 2 1.96349541e+00 3.56678038e-02
250 2 1.96349541e+00 3.51542234e-02
251 2 1.96349541e+00 3.47132306e-02
252 2 1.96349541e+00 3.56432641e-02
253 2 1.96349541e+00 3.51795284e-02
254 2 1.96349541e+00 3.53577178e-02
255 2 1.96349541e+00 3.56975014e-02
256 2 1.96349541e+00 3.52410657e-02
257 2 1.96349541e+00 3.51870115e-02
258 2 1.96349541e+00 3.53639415e-02
259 2 1.96349541e+00 3.58280321e-02
260 2 1.96349541e+00 3.48453480e-02
261 2 1.96349541e+00 3.51554538e-02
262 2 1.96349541e+00 3.54682136e-02
263 2 1.96349541e+00 3.63190517e-02
264 2 1.96349541e+00 3.53807483e-02
265 2 1.96349541e+00 3.54841097e-02
266 2 1.96349541e+00 3.50401802e-02
267 2 1.96349541e+00 3.48387973e-02
268 2 1.96349541e+00 3.51862192e-02
269 2 1.96349541e+00 3.47173540e-02
270 2 1.96349541e+00 3.51329232e-02
271 2 1.96349541e+00 3.55109528e-02
272 2 1.96349541e+00 3.49679139e-02
273 2 1.96349541e+00 3.45066555e-02
274 2 1.96349541e+00 3.50769911e-02
275 2 1.96349541e+00 3.50849722e-02
276 2 1.96349541e+00 3.53060228e-02
277 2 1.96349541e+00 3.53928672e-02
278 2 1.96349541e+00 3.48705159e-02
279 2 1.96349541e+00 3.56445952e-02
280 2 1.96349541e+00 3.55856620e-02
281 2 1.96349541e+00 3.54052414e-02
282 2 1.96349541e+00 3.50732737e-02
283 2 1.96349541e+00 3.51611802e-02
284 2 1.96349541e+00 3.49536463e-02
285 2 1.96349541e+00 3.51115323e-02
286 2 1.96349541e+00 3.50029156e-02
287 2 1.96349541e+00 3.49072659e-02
288 2 1.96349541e+00 3.57341454e-02
289 2 1.96349541e+00 3.52893690e-02
290 2 1.96349541e+00 3.55917429e-02
291 2 1.96349541e+00 3.56850255e-02
292 2 1.96349541e+00 3.47389667e-02
293 2 1.96349541e+00 3.59652351e-02
294 2 1.96349541e+00 3.49973919e-02
295 2 1.96349541e+00 3.47424867e-02
296 2 1.96349541e+00 3.51139255e-02
297 2 1.96349541e+00 3.57907396e-02
298 2 1.96349541e+00 3.49637790e-02
299 2 1.96349541e+00 3.49764506e-02
300 2 1.96349541e+00 3.50021067e-02
301 2 1.96349541e+00 3.52734864e-02
302 2 1.96349541e+00 3.49482867e-02
303 2 1.96349541e+00 3.57144582e-02
304 2 1.96349541e+00 3.53003484e-02
305 2 1.96349541e+00 3.51622977e-02
306 2 1.96349541e+00 3.50258142e-02
307 2 1.96349541e+00 3.53485831e-02
308 2 1.96349541e+00 3.52309105e-02
309 2 1.96349541e+00 3.52825932e-02
310 2 1.96349541e+00 3.53413211e-02
311 2 1.96349541e+00 3.46325740e-02
312 2 1.96349541e+00 3.56893516e-02
313 2 1.96349541e+00 3.49839332e-02
314 2 1.96349541e+00 3.59870536e-02
315 2 1.96349541e+00 3.49181327e-02
316 2 1.96349541e+00 3.58194143e-02
317 2 1.96349541e+00 3.50082133e-02
318 2 1.96349541e+00 3.51071891e-02
319 2 1.96349541e+00 3.52354473e-02
320 2 1.96349541e+00 3.52467695e-02
321 2 1.96349541e+00 3.54543323e-02
322 2 1.96349541e+00 3.56981220e-02
323 2 1.96349541e+00 3.50717862e-02
324 2 1.96349541e+00 3.54539416e-02
325 2 1.96349541e+00 3.50471693e-02
326 2 1.96349541e+00 3.47266709e-02
327 2 1.96349541e+00 3.53751882e-02
328 2 1.96349541e+00 3.57084968e-02
329 2 1.96349541e+00 3.52205303e-02
330 2 1.96349541e+00 3.49192045e-02
331 2 1.96349541e+00 3.53107150e-02
332 2 1.96349541e+00 3.51891532e-02
333 2 1.96349541e+00 3.54083919e-02
334 2 1.96349541e+00 3.50514242e-02
335 2 1.96349541e+00 3.52903572e-02
336 2 1.96349541e+00 3.54378239e-02
337 2 1.96349541e+00 3.47450682e-02
338 2 1.96349541e+00 3.52919468e-02
339 2 1.96349541e+00 3.56250073e-02
340 2 1.96349541e+00 3.54588328e-02
341 2 1.96349541e+00 3.50616001e-02
342 2 1.96349541e+00 3.50756236e-02
343 2 1.96349541e+00 3.46825765e-02
344 2 1.96349541e+00 3.49868026e-02
345 2 1.96349541e+00 3.55665664e-02
346 2 1.96349541e+00 3.47204228e-02
347 2 1.96349541e+00 3.55133279e-02
348 2 1.96349541e+00 3.57307971e-02
349 2 1.96349541e+00 3.62522153e-02
350 2 1.96349541e+00 3.48071975e-02
351 2 1.96349541e+00 3.57486522e-02
352 2 1.96349541e+00 3.54002387e-02
353 2 1.96349541e+00 3.52572956e-02
354 2 1.96349541e+00 3.47305405e-02
355 2 1.96349541e+00 3.58945397e-02
356 2 1.96349541e+00 3.58821457e-02
357 2 1.96349541e+00 3.54052536e-02
358 2 1.96349541e+00 3.48765513e-02
359 2 1.96349541e+00 3.48560068e-02
360 2 1.96349541e+00 3.54509546e-02
361 2 1.96349541e+00 3.53784278e-02
362 2 1.96349541e+00 3.55041176e-02
363 2 1.96349541e+00 3.50271439e-02
364 2 1.96349541e+00 3.56172927e-02
365 2 1.96349541e+00 3.50163170e-02
366 2 1.96349541e+00 3.48476060e-02
367 2 1.96349541e+00 3.45492300e-02
368 2 1.96349541e+00 3.44912254e-02
369 2 1.96349541e+00 3.51855024e-02
370 2 1.96349541e+00 3.49112724e-02
371 2 1.96349541e+00 3.53349880e-02
372 2 1.96349541e+00 3.56037057e-02
373 2 1.96349541e+00 3.48422540e-02
374 2 1.96349541e+00 3.51151821e-02
375 2 1.96349541e+00 3.50402549e-02
376 2 1.96349541e+00 3.52683986e-02
377 2 1.96349541e+00 3.50129942e-02
378 2 1.96349541e+00 3.54139693e-02
379 2 1.96349541e+00 3.46683409e-02
380 2 1.96349541e+00 3.55758659e-02
381 2 1.96349541e+00 3.48679799e-02
382 2 1.96349541e+00 3.52862803e-02
383 2 1.96349541e+00 3.42276439e-02
384 2 1.96349541e+00 3.50816459e-02
385 2 1.96349541e+00 3.54078782e-02
386 2 1.96349541e+00 3.52508630e-02
387 2 1.96349541e+00 3.54316396e-02
388 2 1.96349541e+00 3.55913731e-02
389 2 1.96349541e+00 3.48730275e-02
390 2 1.96349541e+00 3.52887749e-02
391 2 1.96349541e+00 3.46764768e-02
392 2 1.96349541e+00 3.57934459e-02
393 2 1.96349541e+00 3.53885194e-02
394 2 1.96349541e+00 3.53187692e-02
395 2 1.96349541e+00 3.48783621e-02
396 2 1.96349541e+00 3.49398541e-02
397 2 1.96349541e+00 3.50171534e-02
398 2 1.96349541e+00 3.50360976e-02
399 2 1.96349541e+00 3.54515643e-02
400 2 1.96349541e+00 3.53025677e-02
401 2 1.96349541e+00 3.51839911e-02
402 2 1.96349541e+00 3.50892310e-02
403 2 1.96349541e+00 3.51657756e-02
404 2 1.96349541e+00 3.53784072e-02
405 2 1.96349541e+00 3.49023573e-02
406 2 1.96349541e+00 3.54322407e-02
407 2 1.96349541e+00 3.50427073e-02
408 2 1.96349541e+00 3.43906788e-02
409 2 1.96349541e+00 3.55480025e-02
410 2 1.96349541e+00 3.47832927e-02
411 2 1.96349541e+00 3.54170622e-02
412 2 1.96349541e+00 3.42924954e-02
413 2 1.96349541e+00 3.53197965e-02
414 2 1.96349541e+00 3.53882419e-02
415 2 1.96349541e+00 3.63122161e-02
416 2 1.96349541e+00 3.56165303e-02
417 2 1.96349541e+00 3.50212912e-02
418 2 1.96349541e+00 3.54620368e-02
419 2 1.96349541e+00 3.53154445e-02
420 2 1.96349541e+00 3.51835802e-02
421 2 1.96349541e+00 3.51458052e-02
422 2 1.96349541e+00 3.53125698e-02
423 2 1.96349541e+00 3.55435697e-02
424 2 1.96349541e+00 3.49147555e-02
425 2 1.96349541e+00 3.56427116e-02
426 2 1.96349541e+00 3.49354349e-02
427 2 1.96349541e+00 3.57134968e-02
428 2 1.96349541e+00 3.53309428e-02
429 2 1.96349541e+00 3.52499815e-02
430 2 1.96349541e+00 3.50865284e-02
431 2 1.96349541e+00 3.53273734e-02
432 2 1.96349541e+00 3.51406266e-02
433 2 1.96349541e+00 3.54999014e-02
434 2 1.96349541e+00 3.53684913e-02
435 2 1.96349541e+00 3.59285741e-02
436 2 1.96349541e+00 3.52629356e-02
437 2 1.96349541e+00 3.53098270e-02
438 2 1.96349541e+00 3.55078199e-02
439 2 1.96349541e+00 3.53159550e-02
440 2 1.96349541e+00 3.52019781e-02
441 2 1.96349541e+00 3.54381406e-02
442 2 1.96349541e+00 3.56489255e-02
443 2 1.96349541e+00 3.52934042e-02
444 2 1.96349541e+00 3.50998318e-02
445 2 1.96349541e+00 3.51805715e-02
446 2 1.96349541e+00 3.49062122e-02
447 2 1.96349541e+00 3.54152525e-02
448 2 1.96349541e+00 3.57729941e-02
449 2 1.96349541e+00 3.56541019e-02
450 2 1.96349541e+00 3.54387856e-02
451 2 1.96349541e+00 3.54433260e-02
452 2 1.96349541e+00 3.52196713e-02
453 2 1.96349541e+00 3.52826528e-02
454 2 1.96349541e+00 3.50281007e-02
455 2 1.96349541e+00 3.56930364e-02
456 2 1.96349541e+00 3.51308391e-02
457 2 1.96349541e+00 3.47757896e-02
458 2 1.96349541e+00 3.55089292e-02
459 2 1.96349541e+00 3.62664088e-02
460 2 1.96349541e+00 3.55129186e-02
461 2 1.96349541e+00 3.52734418e-02
462 2 1.96349541e+00 3.50960012e-02
463 2 1.96349541e+00 3.60856518e-02
464 2 1.96349541e+00 3.56578053e-02
465 2 1.96349541e+00 3.51755352e-02
466 2 1.96349541e+00 3.51421892e-02
467 2 1.96349541e+00 3.55731058e-02
468 2 1.96349541e+00 3.55119857e-02
469 2 1.96349541e+00 3.46165085e-02
470 2 1.96349541e+00 3.54206677e-02
471 2 1.96349541e+00 3.52030823e-02
472 2 1.96349541e+00 3.57534175e-02
473 2 1.96349541e+00 3.51700973e-02
474 2 1.96349541e+00 3.51652436e-02
475 2 1.96349541e+00 3.49304201e-02
476 2 1.96349541e+00 3.51800597e-02
477 2 1.96349541e+00 3.50445686e-02
478 2 1.96349541e+00 3.55617539e-02
479 2 1.96349541e+00 3.49157662e-02
480 2 1.96349541e+00 3.54280302e-02
481 2 1.96349541e+00 3.52134934e-02
482 2 1.96349541e+00 3.52337242e-02
483 2 1.96349541e+00 3.55100915e-02
484 2 1.96349541e+00 3.54847556e-02
485 2 1.96349541e+00 3.48029919e-02
486 2 1.96349541e+00 3.51199987e-02
487 2 1.96349541e+00 3.53784210e-02
488 2 1.96349541e+00 3.53283791e-02
489 2 1.96349541e+00 3.54273006e-02
490 2 1.96349541e+00 3.52541328e-02
491 2 1.96349541e+00 3.61187104e-02
492 2 1.96349541e+00 3.58841924e-02
493 2 1.96349541e+00 3.46457949e-02
494 2 1.96349541e+00 3.55754883e-02
495 2 1.96349541e+00 3.55568114e-02
496 2 1.96349541e+00 3.55407931e-02
497 2 1.96349541e+00 3.53897764e-02
498 2 1.96349541e+00 3.54871217e-02
499 2 1.96349541e+00 3.54333968e-02
500 2 1.96349541e+00 3.56662315e-02
501 2 1.96349541e+00 3.56683250e-02
502 2 1.96349541e+00 3.53492271e-02
503 2 1.96349541e+00 3.51746793e-02
504 2 1.96349541e+00 3.55290948e-02
505 2 1.96349541e+00 3.51113541e-02
506 2 1.96349541e+00 3.54594835e-02
507 2 1.96349541e+00 3.51405970e-02
508 2 1.96349541e+00 3.50690217e-02
509 2 1.96349541e+00 3.53178369e-02
510 2 1.96349541e+00 3.45630874e-02
511 2 1.96349541e+00 3.45686102e-02
512 2 1.96349541e+00 3.51087267e-02
513 2 1.96349541e+00 3.46337107e-02
514 2 1.96349541e+00 3.61137564e-02
515 2 1.96349541e+00 3.54958856e-02
516 2 1.96349541e+00 3.51520684e-02
517 2 1.96349541e+00 3.52781942e-02
518 2 1.96349541e+00 3.49549622e-02
519 2 1.96349541e+00 3.48621393e-02
520 2 1.96349541e+00 3.49787347e-02
521 2 1.96349541e+00 3.55039879e-02
522 2 1.96349541e+00 3.53509661e-02
523 2 1.96349541e+00 3.51950176e-02
524 2 1.96349541e+00 3.46100685e-02
525 2 1.96349541e+00 3.50947769e-02
526 2 1.96349541e+00 3.53979057e-02
527 2 1.96349541e+00 3.50657974e-02
528 2 1.96349541e+00 3.48466051e-02
529 2 1.96349541e+00 3.54825955e-02
530 2 1.96349541e+00 3.52762630e-02
531 2 1.96349541e+00 3.49458149e-02
532 2 1.96349541e+00 3.54466253e-02
533 2 1.96349541e+00 3.51677888e-02
534 2 1.96349541e+00 3.49957895e-02
535 2 1.96349541e+00 3.51572756e-02
536 2 1.96349541e+00 3.53597076e-02
537 2 1.96349541e+00 3.53657448e-02
538 2 1.96349541e+00 3.53749141e-02
539 2 1.96349541e+00 3.50884751e-02
540 2 1.96349541e+00 3.51658090e-02
541 2 1.96349541e+00 3.51449054e-02
542 2 1.96349541e+00 3.46673010e-02
543 2 1.96349541e+00 3.45622723e-02
544 2 1.96349541e+00 3.52736385e-02
545 2 1.96349541e+00 3.50874945e-02
546 2 1.96349541e+00 3.51830553e-02
547 2 1.96349541e+00 3.48326228e-02
548 2 1.96349541e+00 3.47163458e-02
549 2 1.96349541e+00 3.47984285e-02
550 2 1.96349541e+00 3.54089238e-02
551 2 1.96349541e+00 3.53798780e-02
552 2 1.96349541e+00 3.50635249e-02
553 2 1.96349541e+00 3.39778735e-02
554 2 1.96349541e+00 3.50502439e-02
555 2 1.96349541e+00 3.48009060e-02
556 2 1.96349541e+00 3.54962016e-02
557 2 1.96349541e+00 3.53276495e-02
558 2 1.96349541e+00 3.54760354e-02
559 2 1.96349541e+00 3.59017251e-02
560 2 1.96349541e+00 3.53919412e-02
561 2 1.96349541e+00 3.49913792e-02
562 2 1.96349541e+00 3.55120629e-02
563 2 1.96349541e+00 3.50475885e-02
564 2 1.96349541e+00 3.54052670e-02
565 2 1.96349541e+00 3.51451879e-02
566 2 1.96349541e+00 3.60568116e-02
567 2 1.96349541e+00 3.54160732e-02
568 2 1.96349541e+00 3.50534688e-02
569 2 1.96349541e+00 3.53661843e-02
570 2 1.96349541e+00 3.47664875e-02
571 2 1.96349541e+00 3.55814407e-02
572 2 1.96349541e+00 3.48982685e-02
573 2 1.96349541e+00 3.51199178e-02
574 2 1.96349541e+00 3.54860592e-02
575 2 1.96349541e+00 3.53560444e-02
576 2 1.96349541e+00 3.56389169e-02
577 2 1.96349541e+00 3.48166417e-02
578 2 1.96349541e+00 3.51362728e-02
579 2 1.96349541e+00 3.51793446e-02
580 2 1.96349541e+00 3.48961254e-02
581 2 1.96349541e+00 3.43968415e-02
582 2 1.96349541e+00 3.53528533e-02
583 2 1.96349541e+00 3.56193456e-02
584 2 1.96349541e+00 3.50179404e-02
585 2 1.96349541e+00 3.45616020e-02
586 2 1.96349541e+00 3.51895788e-02
587 2 1.96349541e+00 3.58881685e-02
588 2 1.96349541e+00 3.53899020e-02
589 2 1.96349541e+00 3.54589279e-02
590 2 1.96349541e+00 3.51539710e-02
591 2 1.96349541e+00 3.48240304e-02
592 2 1.96349541e+00 3.49129593e-02
593 2 1.96349541e+00 3.57534797e-02
594 2 1.96349541e+00 3.53729546e-02
595 2 1.96349541e+00 3.51684933e-02
596 2 1.96349541e+00 3.55991242e-02
597 2 1.96349541e+00 3.50647438e-02
598 2 1.96349541e+00 3.46734876e-02
599 2 1.96349541e+00 3.49350864e-02
600 2 1.96349541e+00 3.54223534e-02
601 2 1.96349541e+00 3.52315946e-02
602 2 1.96349541e+00 3.58330835e-02
603 2 1.96349541e+00 3.54655051e-02
604 2 1.96349541e+00 3.49270305e-02
605 2 1.96349541e+00 3.52756067e-02
606 2 1.96349541e+00 3.53244024e-02
607 2 1.96349541e+00 3.51969723e-02
608 2 1.96349541e+00 3.53963479e-02
609 2 1.96349541e+00 3.54686244e-02
610 2 1.96349541e+00 3.52571089e-02
611 2 1.96349541e+00 3.57865359e-02
612 2 1.96349541e+00 3.48789447e-02
613 2 1.96349541e+00 3.56908072e-02
614 2 1.96349541e+00 3.48841372e-02
615 2 1.96349541e+00 3.47550876e-02
616 2 1.96349541e+00 3.50729822e-02
617 2 1.96349541e+00 3.52027182e-02
618 2 1.96349541e+00 3.51858486e-02
619 2 1.96349541e+00 3.46848799e-02
620 2 1.96349541e+00 3.59725018e-02
621 2 1.96349541e+00 3.48543299e-02
622 2 1.96349541e+00 3.49670837e-02
623 2 1.96349541e+00 3.54989952e-02
624 2 1.96349541e+00 3.52677675e-02
625 2 1.96349541e+00 3.53855538e-02
626 2 1.96349541e+00 3.47080430e-02
627 2 1.96349541e+00 3.55070315e-02
628 2 1.96349541e+00 3.54773390e-02
629 2 1.96349541e+00 3.63061213e-02
630 2 1.96349541e+00 3.54291960e-02
631 2 1.96349541e+00 3.54076650e-02
632 2 1.96349541e+00 3.50420859e-02
633 2 1.96349541e+00 3.42436087e-02
634 2 1.96349541e+00 3.58685271e-02
635 2 1.96349541e+00 3.50550172e-02
636 2 1.96349541e+00 3.43508301e-02
637 2 1.96349541e+00 3.64451705e-02
638 2 1.96349541e+00 3.44050493e-02
639 2 1.96349541e+00 3.50527677e-02
640 2 1.96349541e+00 3.50350231e-02
641 2 1.96349541e+00 3.55947006e-02
642 2 1.96349541e+00 3.57292967e-02
643 2 1.96349541e+00 3.52523215e-02
644 2 1.96349541e+00 3.55022610e-02
645 2 1.96349541e+00 3.55925265e-02
646 2 1.96349541e+00 3.50814803e-02
647 2 1.96349541e+00 3.55292094e-02
648 2 1.96349541e+00 3.51453650e-02
649 2 1.96349541e+00 3.60504376e-02
650 2 1.96349541e+00 3.56544719e-02
651 2 1.96349541e+00 3.52144084e-02
652 2 1.96349541e+00 3.51510805e-02
653 2 1.96349541e+00 3.55725330e-02
654 2 1.96349541e+00 3.53276858e-02
655 2 1.96349541e+00 3.56738644e-02
656 2 1.96349541e+00 3.52378513e-02
657 2 1.96349541e+00 3.43819225e-02
658 2 1.96349541e+00 3.52629392e-02
659 2 1.96349541e+00 3.51556387e-02
660 2 1.96349541e+00 3.56308096e-02
661 2 1.96349541e+00 3.47135886e-02
662 2 1.96349541e+00 3.53491723e-02
663 2 1.96349541e+00 3.53479579e-02
664 2 1.96349541e+00 3.50278581e-02
665 2 1.96349541e+00 3.56197282e-02
666 2 1.96349541e+00 3.51329321e-02
667 2 1.96349541e+00 3.64138735e-02
668 2 1.96349541e+00 3.56098056e-02
669 2 1.96349541e+00 3.51381308e-02
670 2 1.96349541e+00 3.53130495e-02
671 2 1.96349541e+00 3.56041948e-02
672 2 1.96349541e+00 3.50739852e-02
673 2 1.96349541e+00 3.59668366e-02
674 2 1.96349541e+00 3.47154729e-02
675 2 1.96349541e+00 3.48370794e-02
676 2 1.96349541e+00 3.53218532e-02
677 2 1.96349541e+00 3.48501975e-02
678 2 1.96349541e+00 3.50796138e-02
679 2 1.96349541e+00 3.53232024e-02
680 2 1.96349541e+00 3.59803180e-02
681 2 1.96349541e+00 3.55197922e-02
682 2 1.96349541e+00 3.56035228e-02
683 2 1.96349541e+00 3.50651810e-02
684 2 1.96349541e+00 3.52642927e-02
685 2 1.96349541e+00 3.51714659e-02
686 2 1.96349541e+00 3.57776660e-02
687 2 1.96349541e+00 3.48876650e-02
688 2 1.96349541e+00 3.55647697e-02
689 2 1.96349541e+00 3.48345535e-02
690 2 1.96349541e+00 3.48722644e-02
691 2 1.96349541e+00 3.46557987e-02
692 2 1.96349541e+00 3.52878425e-02
693 2 1.96349541e+00 3.55031599e-02
694 2 1.96349541e+00 3.54559092e-02
695 2 1.96349541e+00 3.50936212e-02
696 2 1.96349541e+00 3.55237129e-02
697 2 1.96349541e+00 3.53273036e-02
698 2 1.96349541e+00 3.52901500e-02
699 2 1.96349541e+00 3.48348335e-02
700 2 1.96349541e+00 3.50781645e-02
701 2 1.96349541e+00 3.51682778e-02
702 2 1.96349541e+00 3.53554893e-02
703 2 1.96349541e+00 3.50969809e-02
704 2 1.96349541e+00 3.53272208e-02
705 2 1.96349541e+00 3.58128677e-02
706 2 1.96349541e+00 3.59221319e-02
707 2 1.96349541e+00 3.51950598e-02
708 2 1.96349541e+00 3.54434180e-02
709 2 1.96349541e+00 3.51770094e-02
710 2 1.96349541e+00 3.51271059e-02
711 2 1.96349541e+00 3.52821831e-02
712 2 1.96349541e+00 3.51192642e-02
713 2 1.96349541e+00 3.56587755e-02
714 2 1.96349541e+00 3.49762585e-02
715 2 1.96349541e+00 3.56713635e-02
716 2 1.96349541e+00 3.51777664e-02
717 2 1.96349541e+00 3.56074013e-02
718 2 1.96349541e+00 3.55847559e-02
719 2 1.96349541e+00 3.51245748e-02
720 2 1.96349541e+00 3.50883039e-02
721 2 1.96349541e+00 3.52499261e-02
722 2 1.96349541e+00 3.57855381e-02
723 2 1.96349541e+00 3.53352215e-02
724 2 1.96349541e+00 3.46364904e-02
725 2 1.96349541e+00 3.56858223e-02
726 2 1.96349541e+00 3.52288726e-02
727 2 1.96349541e+00 3.47173520e-02
728 2 1.96349541e+00 3.47630223e-02
729 2 1.96349541e+00 3.45335665e-02
730 2 1.96349541e+00 3.51587213e-02
731 2 1.96349541e+00 3.44219583e-02
732 2 1.96349541e+00 3.53267500e-02
733 2 1.96349541e+00 3.49037425e-02
734 2 1.96349541e+00 3.48315594e-02
735 2 1.96349541e+00 3.52100789e-02
736 2 1.96349541e+00 3.56310214e-02
737 2 1.96349541e+00 3.51018267e-02
738 2 1.96349541e+00 3.50532819e-02
739 2 1.96349541e+00 3.53966247e-02
740 2 1.96349541e+00 3.44643304e-02
741 2 1.96349541e+00 3.48373112e-02
742 2 1.96349541e+00 3.51472622e-02
743 2 1.96349541e+00 3.51223212e-02
744 2 1.96349541e+00 3.51496638e-02
745 2 1.96349541e+00 3.46288925e-02
746 2 1.96349541e+00 3.52458618e-02
747 2 1.96349541e+00 3.52795693e-02
748 2 1.96349541e+00 3.47678606e-02
749 2 1.96349541e+00 3.51824313e-02
750 2 1.96349541e+00 3.55236819e-02
751 2 1.96349541e+00 3.55724055e-02
752 2 1.96349541e+00 3.45751562e-02
753 2 1.96349541e+00 3.51523689e-02
754 2 1.96349541e+00 3.44120581e-02
755 2 1.96349541e+00 3.60509790e-02
756 2 1.96349541e+00 3.48610040e-02
757 2 1.96349541e+00 3.49699057e-02
758 2 1.96349541e+00 3.61206615e-02
759 2 1.96349541e+00 3.51777408e-02
760 2 1.96349541e+00 3.53105641e-02
761 2 1.96349541e+00 3.54416224e-02
762 2 1.96349541e+00 3.54755655e-02
763 2 1.96349541e+00 3.59667228e-02
764 2 1.96349541e+00 3.55655875e-02
765 2 1.96349541e+00 3.51292147e-02
766 2 1.96349541e+00 3.56582889e-02
767 2 1.96349541e+00 3.47102655e-02
768 2 1.96349541e+00 3.53820299e-02
769 2 1.96349541e+00 3.48899139e-02
770 2 1.96349541e+00 3.51480952e-02
771 2 1.96349541e+00 3.51899147e-02
772 2 1.96349541e+00 3.53946730e-02
773 2 1.96349541e+00 3.57943474e-02
774 2 1.96349541e+00 3.57876360e-02
775 2 1.96349541e+00 3.49326172e-02
776 2 1.96349541e+00 3.49096301e-02
777 2 1.96349541e+00 3.55302987e-02
778 2 1.96349541e+00 3.51730799e-02
779 2 1.96349541e+00 3.55247485e-02
780 2 1.96349541e+00 3.52884411e-02
781 2 1.96349541e+00 3.49445089e-02
782 2 1.96349541e+00 3.53660795e-02
783 2 1.96349541e+00 3.49273280e-02
784 2 1.96349541e+00 3.38767285e-02
785 2 1.96349541e+00 3.45837329e-02
786 2 1.96349541e+00 3.56822650e-02
787 2 1.96349541e+00 3.51924365e-02
788 2 1.96349541e+00 3.50407723e-02
789 2 1.96349541e+00 3.52413090e-02
790 2 1.96349541e+00 3.51405013e-02
791 2 1.96349541e+00 3.50723323e-02
792 2 1.96349541e+00 3.54127089e-02
793 2 1.96349541e+00 3.51727404e-02
794 2 1.96349541e+00 3.55894877e-02
795 2 1.96349541e+00 3.61311234e-02
796 2 1.96349541e+00 3.52226473e-02
797 2 1.96349541e+00 3.47530846e-02
798 2 1.96349541e+00 3.51019948e-02
799 2 1.96349541e+00 3.58131836e-02
800 2 1.96349541e+00 3.53740633e-02
801 2 1.96349541e+00 3.51595768e-02
802 2 1.96349541e+00 3.46932920e-02
803 2 1.96349541e+00 3.54231804e-02
804 2 1.96349541e+00 3.50342770e-02
805 2 1.96349541e+00 3.43947705e-02
806 2 1.96349541e+00 3.55956105e-02
807 2 1.96349541e+00 3.52985766e-02
808 2 1.96349541e+00 3.55186979e-02
809 2 1.96349541e+00 3.56623714e-02
810 2 1.96349541e+00 3.52806812e-02
811 2 1.96349541e+00 3.52246375e-02
812 2 1.96349541e+00 3.51405966e-02
813 2 1.96349541e+00 3.53563302e-02
814 2 1.96349541e+00 3.49173072e-02
815 2 1.96349541e+00 3.53216615e-02
816 2 1.96349541e+00 3.53644024e-02
817 2 1.96349541e+00 3.57058757e-02
818 2 1.96349541e+00 3.49671655e-02
819 2 1.96349541e+00 3.46284761e-02
820 2 1.96349541e+00 3.54606767e-02
821 2 1.96349541e+00 3.49366349e-02
822 2 1.96349541e+00 3.56573828e-02
823 2 1.96349541e+00 3.50854780e-02
824 2 1.96349541e+00 3.52555640e-02
825 2 1.96349541e+00 3.48096256e-02
826 2 1.96349541e+00 3.51860893e-02
827 2 1.96349541e+00 3.46893379e-02
828 2 1.96349541e+00 3.52573423e-02
829 2 1.96349541e+00 3.54942320e-02
830 2 1.96349541e+00 3.49642708e-02
831 2 1.96349541e+00 3.53987512e-02
832 2 1.96349541e+00 3.53989468e-02
833 2 1.96349541e+00 3.47593771e-02
834 2 1.96349541e+00 3.49940753e-02
835 2 1.96349541e+00 3.52330737e-02
836 2 1.96349541e+00 3.57750190e-02
837 2 1.96349541e+00 3.56818236e-02
838 2 1.96349541e+00 3.50881978e-02
839 2 1.96349541e+00 3.52626562e-02
840 2 1.96349541e+00 3.49680666e-02
841 2 1.96349541e+00 3.50645054e-02
842 2 1.96349541e+00 3.53181613e-02
843 2 1.96349541e+00 3.57417149e-02
844 2 1.96349541e+00 3.48248463e-02
845 2 1.96349541e+00 3.56171511e-02
846 2 1.96349541e+00 3.53325366e-02
847 2 1.96349541e+00 3.46850654e-02
848 2 1.96349541e+00 3.58116848e-02
849 2 1.96349541e+00 3.54446469e-02
850 2 1.96349541e+00 3.46861207e-02
851 2 1.96349541e+00 3.57469263e-02
852 2 1.96349541e+00 3.57612121e-02
853 2 1.96349541e+00 3.47157614e-02
854 2 1.96349541e+00 3.49434081e-02
855 2 1.96349541e+00 3.55890050e-02
856 2 1.96349541e+00 3.51288939e-02
857 2 1.96349541e+00 3.54438805e-02
858 2 1.96349541e+00 3.51489780e-02
859 2 1.96349541e+00 3.52873722e-02
860 2 1.96349541e+00 3.53146454e-02
861 2 1.96349541e+00 3.53906775e-02
862 2 1.96349541e+00 3.51595913e-02
863 2 1.96349541e+00 3.52582393e-02
864 2 1.96349541e+00 3.58733644e-02
865 2 1.96349541e+00 3.53431992e-02
866 2 1.96349541e+00 3.54228049e-02
867 2 1.96349541e+00 3.51524023e-02
868 2 1.96349541e+00 3.55273061e-02
869 2 1.96349541e+00 3.52501574e-02
870 2 1.96349541e+00 3.55202969e-02
871 2 1.96349541e+00 3.52189301e-02
872 2 1.96349541e+00 3.53311746e-02
873 2 1.96349541e+00 3.54951456e-02
874 2 1.96349541e+00 3.45863625e-02
875 2 1.96349541e+00 3.49330949e-02
876 2 1.96349541e+00 3.54869198e-02
877 2 1.96349541e+00 3.53712807e-02
878 2 1.96349541e+00 3.47190465e-02
879 2 1.96349541e+00 3.51471377e-02
880 2 1.96349541e+00 3.48070459e-02
881 2 1.96349541e+00 3.56275661e-02
882 2 1.96349541e+00 3.55672051e-02
883 2 1.96349541e+00 3.53061118e-02
884 2 1.96349541e+00 3.48954164e-02
885 2 1.96349541e+00 3.53027126e-02
886 2 1.96349541e+00 3.61013410e-02
887 2 1.96349541e+00 3.52304814e-02
888 2 1.96349541e+00 3.54180220e-02
889 2 1.96349541e+00 3.51119473e-02
890 2 1.96349541e+00 3.56619885e-02
891 2 1.96349541e+00 3.50441484e-02
892 2 1.96349541e+00 3.54983728e-02
893 2 1.96349541e+00 3.51515540e-02
894 2 1.96349541e+00 3.57855297e-02
895 2 1.96349541e+00 3.58035432e-02
896 2 1.96349541e+00 3.51531171e-02
897 2 1.96349541e+00 3.58163816e-02
898 2 1.96349541e+00 3.58738832e-02
899 2 1.96349541e+00 3.47792165e-02
900 2 1.96349541e+00 3.56756765e-02
901 2 1.96349541e+00 3.54984617e-02
902 2 1.96349541e+00 3.55144213e-02
903 2 1.96349541e+00 3.55599068e-02
904 2 1.96349541e+00 3.50204374e-02
905 2 1.96349541e+00 3.49339734e-02
906 2 1.96349541e+00 3.55181232e-02
907 2 1.96349541e+00 3.49783553e-02
908 2 1.96349541e+00 3.49450709e-02
909 2 1.96349541e+00 3.59697608e-02
910 2 1.96349541e+00 3.55235083e-02
911 2 1.96349541e+00 3.55991382e-02
912 2 1.96349541e+00 3.50276140e-02
913 2 1.96349541e+00 3.55222382e-02
914 2 1.96349541e+00 3.50771956e-02
915 2 1.96349541e+00 3.54884046e-02
916 2 1.96349541e+00 3.50007667e-02
917 2 1.96349541e+00 3.57593486e-02
918 2 1.96349541e+00 3.56388943e-02
919 2 1.96349541e+00 3.50012512e-02
920 2 1.96349541e+00 3.50190327e-02
921 2 1.96349541e+00 3.53988741e-02
922 2 1.96349541e+00 3.51682119e-02
923 2 1.96349541e+00 3.53460706e-02
924 2 1.96349541e+00 3.55765743e-02
925 2 1.96349541e+00 3.53340300e-02
926 2 1.96349541e+00 3.54703834e-02
927 2 1.96349541e+00 3.53456145e-02
928 2 1.96349541e+00 3.56829305e-02
929 2 1.96349541e+00 3.53077335e-02
930 2 1.96349541e+00 3.50011647e-02
931 2 1.96349541e+00 3.53058960e-02
932 2 1.96349541e+00 3.53536038e-02
933 2 1.96349541e+00 3.51666922e-02
934 2 1.96349541e+00 3.49821487e-02
935 2 1.96349541e+00 3.49350263e-02
936 2 1.96349541e+00 3.50041426e-02
937 2 1.96349541e+00 3.48183184e-02
938 2 1.96349541e+00 3.54392174e-02
939 2 1.96349541e+00 3.60679625e-02
940 2 1.96349541e+00 3.45521160e-02
941 2 1.96349541e+00 3.53416339e-02
942 2 1.96349541e+00 3.53855811e-02
943 2 1.96349541e+00 3.52443934e-02
944 2 1.96349541e+00 3.58689412e-02
945 2 1.96349541e+00 3.51853530e-02
946 2 1.96349541e+00 3.57288809e-02
947 2 1.96349541e+00 3.52355720e-02
948 2 1.96349541e+00 3.55911874e-02
949 2 1.96349541e+00 3.51589124e-02
950 2 1.96349541e+00 3.49255735e-02
951 2 1.96349541e+00 3.57985940e-02
952 2 1.96349541e+00 3.52385961e-02
953 2 1.96349541e+00 3.52783210e-02
954 2 1.96349541e+00 3.50442265e-02
955 2 1.96349541e+00 3.50375735e-02
956 2 1.96349541e+00 3.52587616e-02
957 2 1.96349541e+00 3.53720592e-02
958 2 1.96349541e+00 3.41628348e-02
959 2 1.96349541e+00 3.49473070e-02
960 2 1.96349541e+00 3.56144041e-02
961 2 1.96349541e+00 3.55295536e-02
962 2 1.96349541e+00 3.54593338e-02
963 2 1.96349541e+00 3.48395583e-02
964 2 1.96349541e+00 3.56693238e-02
965 2 1.96349541e+00 3.54617719e-02
966 2 1.96349541e+00 3.50528456e-02
967 2 1.96349541e+00 3.56559456e-02
968 2 1.96349541e+00 3.49068494e-02
969 2 1.96349541e+00 3.51628526e-02
970 2 1.96349541e+00 3.54130227e-02
971 2 1.96349541e+00 3.52144251e-02
972 2 1.96349541e+00 3.43872227e-02
973 2 1.96349541e+00 3.54667031e-02
974 2 1.96349541e+00 3.51920846e-02
975 2 1.96349541e+00 3.50591996e-02
976 2 1.96349541e+00 3.53217538e-02
977 2 1.96349541e+00 3.53551770e-02
978 2 1.96349541e+00 3.52359140e-02
979 2 1.96349541e+00 3.47178093e-02
980 2 1.96349541e+00 3.54476501e-02
981 2 1.96349541e+00 3.52927449e-02
982 2 1.96349541e+00 3.54882439e-02
983 2 1.96349541e+00 3.55142568e-02
984 2 1.96349541e+00 3.50475981e-02
985 2 1.96349541e+00 3.55674641e-02
986 2 1.96349541e+00 3.56699194e-02
987 2 1.96349541e+00 3.43641681e-02
988 2 1.96349541e+00 3.47702988e-02
989 2 1.96349541e+00 3.56057686e-02
990 2 1.96349541e+00 3.53503097e-02
991 2 1.96349541e+00 3.53732268e-02
992 2 1.96349541e+00 3.56956071e-02
993 2 1.96349541e+00 3.53798900e-02
994 2 1.96349541e+00 3.54338003e-02
995 2 1.96349541e+00 3.59355952e-02
996 2 1.96349541e+00 3.58437263e-02
997 2 1.96349541e+00 3.53989770e-02
998 2 1.96349541e+00 3.55991207e-02
999 2 1.96349541e+00 3.49470333e-02
1000 2 1.96349541e+00 3.51927113e-02
1001 2 1.96349541e+00 3.60510490e-02
1002 2 1.96349541e+00 3.48026783e-02
1003 2 1.96349541e+00 3.53046447e-02
1004 2 1.96349541e+00 3.53903644e-02
1005 2 1.96349541e+00 3.49234126e-02
1006 2 1.96349541e+00 3.53747270e-02
1007 2 1.96349541e+00 3.50042986e-02
1008 2 1.96349541e+00 3.53605118e-02
1009 2 1.96349541e+00 3.48596694e-02
1010 2 1.96349541e+00 3.46724928e-02
1011 2 1.96349541e+00 3.51358541e-02
1012 2 1.96349541e+00 3.50934633e-02
1013 2 1.96349541e+00 3.57939126e-02
1014 2 1.96349541e+00 3.50449160e-02
1015 2 1.96349541e+00 3.52991016e-02
1016 2 1.96349541e+00 3.47915826e-02
1017 2 1.96349541e+00 3.48769353e-02
1018 2 1.96349541e+00 3.54330154e-02
1019 2 1.96349541e+00 3.54984941e-02
1020 2 1.96349541e+00 3.51997220e-02
1021 2 1.96349541e+00 3.51780988e-02
1022 2 1.96349541e+00 3.54506665e-02
1023 2 1.96349541e+00 3.55317895e-02
1024 2 1.96349541e+00 3.54045967e-02
1025 2 1.96349541e+00 3.50223909e-02
0 3 2.94524311e+00 4.82618254e-02
1 3 2.94524311e+00 4.73991713e-02
2 3 2.94524311e+00 4.72456622e-02
3 3 2.94524311e+00 4.75362127e-02
4 3 2.94524311e+00 4.74548041e-02
5 3 2.94524311e+00 4.65951437e-02
6 3 2.94524311e+00 4.78639945e-02
7 3 2.94524311e+00 4.84745301e-02
8 3 2.94524311e+00 4.79452965e-02
9 3 2.94524311e+00 4.69420179e-02
10 3 2.94524311e+00 4.62197240e-02
11 3 2.94524311e+00 4.77035742e-02
12 3 2.94524311e+00 4.73519024e-02
13 3 2.94524311e+00 4.81622654e-02
14 3 2.94524311e+00 4.79860272e-02
15 3 2.94524311e+00 4.70791689e-02
16 3 2.94524311e+00 4.64178385e-02
17 3 2.94524311e+00 4.71822782e-02
18 3 2.94524311e+00 4.63726209e-02
19 3 2.94524311e+00 4.72131879e-02
20 3 2.94524311e+00 4.80623607e-02
21 3 2.94524311e+00 4.69524333e-02
22 3 2.94524311e+00 4.71413800e-02
23 3 2.94524311e+00 4.75946496e-02
24 3 2.94524311e+00 4.73676833e-02
25 3 2.94524311e+00 4.68610006e-02
26 3 2.94524311e+00 4.68799808e-02
27 3 2.94524311e+00 4.73826594e-02
28 3 2.94524311e+00 4.91979448e-02
29 3 2.94524311e+00 4.80709730e-02
30 3 2.94524311e+00 4.75621752e-02
31 3 2.94524311e+00 4.82788534e-02
32 3 2.94524311e+00 4.65633023e-02
33 3 2.94524311e+00 4.87375706e-02
34 3 2.94524311e+00 4.78587759e-02
35 3 2.94524311e+00 4.64616401e-02
36 3 2.94524311e+00 4.68410850e-02
37 3 2.94524311e+00 4.76784301e-02
38 3 2.94524311e+00 4.84839578e-02
39 3 2.94524311e+00 4.76371944e-02
40 3 2.94524311e+00 4.73034326e-02
41 3 2.94524311e+00 4.82705184e-02
42 3 2.94524311e+00 4.72058267e-02
43 3 2.94524311e+00 4.72447056e-02
44 3 2.94524311e+00 4.72776924e-02
45 3 2.94524311e+00 4.75087472e-02
46 3 2.94524311e+00 4.74016953e-02
47 3 2.94524311e+00 4.82878949e-02
48 3 2.94524311e+00 4.82063930e-02
49 3 2.94524311e+00 4.77611506e-02
50 3 2.94524311e+00 4.70830974e-02
51 3 2.94524311e+00 4.76120938e-02
52 3 2.94524311e+00 4.70550629e-02
53 3 2.94524311e+00 4.73100609e-02
54 3 2.94524311e+00 4.80021083e-02
55 3 2.94524311e+00 4.75287000e-02
56 3 2.94524311e+00 4.75485921e-02
57 3 2.94524311e+00 4.71461622e-02
58 3 2.94524311e+00 4.64451333e-02
59 3 2.94524311e+00 4.64942492e-02
60 3 2.94524311e+00 4.74981520e-02
61 3 2.94524311e+00 4.69560189e-02
62 3 2.94524311e+00 4.73160415e-02
63 3 2.94524311e+00 4.66941089e-02
64 3 2.94524311e+00 4.68934386e-02
65 3 2.94524311e+00 4.70913298e-02
66 3 2.94524311e+00 4.73027881e-02
67 3 2.94524311e+00 4.71978819e-02
68 3 2.94524311e+00 4.71415270e-02
69 3 2.94524311e+00 4.76496758e-02
70 3 2.94524311e+00 4.79028376e-02
71 3 2.94524311e+00 4.79563852e-02
72 3 2.94524311e+00 4.66427506e-02
73 3 2.94524311e+00 4.77926585e-02
74 3 2.94524311e+00 4.76316909e-02
75 3 2.94524311e+00 4.79472409e-02
76 3 2.94524311e+00 4.69919082e-02
77 3 2.94524311e+00 4.73845816e-02
78 3 2.94524311e+00 4.80589062e-02
79 3 2.94524311e+00 4.73706667e-02
80 3 2.94524311e+00 4.67518703e-02
81 3 2.94524311e+00 4.74637008e-02
82 3 2.94524311e+00 4.74729065e-02
83 3 2.94524311e+00 4.77981293e-02
84 3 2.94524311e+00 4.68495217e-02
85 3 2.94524311e+00 4.77808156e-02
86 3 2.94524311e+00 4.71930552e-02
87 3 2.94524311e+00 4.76311162e-02
88 3 2.94524311e+00 4.82218410e-02
89 3 2.94524311e+00 4.79861441e-02
90 3 2.94524311e+00 4.79380959e-02
91 3 2.94524311e+00 4.70790973e-02
92 3 2.94524311e+00 4.74006637e-02
93 3 2.94524311e+00 4.77244333e-02
94 3 2.94524311e+00 4.70771228e-02
95 3 2.94524311e+00 4.79925789e-02
96 3 2.94524311e+00 4.73770547e-02
97 3 2.94524311e+00 4.69540660e-02
98 3 2.94524311e+00 4.70142494e-02
99 3 2.94524311e+00 4.70898853e-02
100 3 2.94524311e+00 4.79142631e-02
101 3 2.94524311e+00 4.81647742e-02
102 3 2.94524311e+00 4.77963714e-02
103 3 2.94524311e+00 4.82352965e-02
104 3 2.94524311e+00 4.76014521e-02
105 3 2.94524311e+00 4.61838850e-02
106 3 2.94524311e+00 4.73606437e-02
107 3 2.94524311e+00 4.71410358e-02
108 3 2.94524311e+00 4.76883941e-02
109 3 2.94524311e+00 4.82732916e-02
110 3 2.94524311e+00 4.81707345e-02
111 3 2.94524311e+00 4.79906245e-02
112 3 2.94524311e+00 4.73320167e-02
113 3 2.94524311e+00 4.71038605e-02
114 3 2.94524311e+00 4.79250197e-02
115 3 2.94524311e+00 4.76829046e-02
116 3 2.94524311e+00 4.60327693e-02
117 3 2.94524311e+00 4.73552873e-02
118 3 2.94524311e+00 4.80885724e-02
119 3 2.94524311e+00 4.65609536e-02
120 3 2.94524311e+00 4.67052077e-02
121 3 2.94524311e+00 4.77720029e-02
122 3 2.94524311e+00 4.77230968e-02
123 3 2.94524311e+00 4.69197706e-02
124 3 2.94524311e+00 4.72576174e-02
125 3 2.94524311e+00 4.82759921e-02
126 3 2.94524311e+00 4.68198961e-02
127 3 2.94524311e+00 4.74805848e-02
128 3 2.94524311e+00 4.81999693e-02
129 3 2.94524311e+00 4.69273601e-02
130 3 2.94524311e+00 4.75557934e-02
131 3 2.94524311e+00 4.75017765e-02
132 3 2.94524311e+00 4.69019158e-02
133 3 2.94524311e+00 4.81029543e-02
134 3 2.94524311e+00 4.73657197e-02
135 3 2.94524311e+00 4.75531348e-02
136 3 2.94524311e+00 4.76961239e-02
137 3 2.94524311e+00 4.70236448e-02
138 3 2.94524311e+00 4.76659976e-02
139 3 2.94524311e+00 4.76109704e-02
140 3 2.94524311e+00 4.69627207e-02
141 3 2.94524311e+00 4.78024985e-02
142 3 2.94524311e+00 4.69175266e-02
143 3 2.94524311e+00 4.82203522e-02
144 3 2.94524311e+00 4.81011111e-02
145 3 2.94524311e+00 4.67488322e-02
146 3 2.94524311e+00 4.77022981e-02
147 3 2.94524311e+00 4.69875149e-02
148 3 2.94524311e+00 4.68558935e-02
149 3 2.94524311e+00 4.71707629e-02
150 3 2.94524311e+00 4.70658614e-02
151 3 2.94524311e+00 4.76763262e-02
152 3 2.94524311e+00 4.72753317e-02
153 3 2.94524311e+00 4.68082769e-02
154 3 2.94524311e+00 4.74612390e-02
155 3 2.94524311e+00 4.69782884e-02
156 3 2.94524311e+00 4.77648700e-02
157 3 2.94524311e+00 4.77831826e-02
158 3 2.94524311e+00 4.78285633e-02
159 3 2.94524311e+00 4.76647118e-02
160 3 2.94524311e+00 4.65836691e-02
161 3 2.94524311e+00 4.74426010e-02
162 3 2.94524311e+00 4.71238756e-02
163 3 2.94524311e+00 4.81741874e-02
164 3 2.94524311e+00 4.76807436e-02
165 3 2.94524311e+00 4.80480500e-02
166 3 2.94524311e+00 4.72757555e-02
167 3 2.94524311e+00 4.70735097e-02
168 3 2.94524311e+00 4.73291842e-02
169 3 2.94524311e+00 4.81188908e-02
170 3 2.94524311e+00 4.75333682e-02
171 3 2.94524311e+00 4.71257137e-02
172 3 2.94524311e+00 4.70766037e-02
173 3 2.94524311e+00 4.82315548e-02
174 3 2.94524311e+00 4.80201841e-02
175 3 2.94524311e+00 4.71817544e-02
176 3 2.94524311e+00 4.76517969e-02
177 3 2.94524311e+00 4.77129265e-02
178 3 2.94524311e+00 4.78768929e-02
179 3 2.94524311e+00 4.77684141e-02
180 3 2.94524311e+00 4.69343857e-02
181 3 2.94524311e+00 4.73033716e-02
182 3 2.94524311e+00 4.74495879e-02
183 3 2.94524311e+00 4.72854107e-02
184 3 2.94524311e+00 4.66530148e-02
185 3 2.94524311e+00 4.68792624e-02
186 3 2.94524311e+00 4.74890497e-02
187 3 2.94524311e+00 4.69689411e-02
188 3 2.94524311e+00 4.74179711e-02
189 3 2.94524311e+00 4.73012742e-02
190 3 2.94524311e+00 4.79344032e-02
191 3 2.94524311e+00 4.80493927e-02
192 3 2.94524311e+00 4.71907408e-02
193 3 2.94524311e+00 4.70164433e-02
194 3 2.94524311e+00 4.76865335e-02
195 3 2.94524311e+00 4.75459204e-02
196 3 2.94524311e+00 4.69913617e-02
197 3 2.94524311e+00 4.68089539e-02
198 3 2.94524311e+00 4.78309229e-02
199 3 2.94524311e+00 4.86495985e-02
200 3 2.94524311e+00 4.71949678e-02
201 3 2.94524311e+00 4.62148029e-02
202 3 2.94524311e+00 4.68149480e-02
203 3 2.94524311e+00 4.82364671e-02
204 3 2.94524311e+00 4.73904254e-02
205 3 2.94524311e+00 4.69717111e-02
206 3 2.94524311e+00 4.67702078e-02
207 3 2.94524311e+00 4.76078100e-02
208 3 2.94524311e+00 4.79900391e-02
209 3 2.94524311e+00 4.81376540e-02
210 3 2.94524311e+00 4.71609190e-02
211 3 2.94524311e+00 4.74242143e-02
212 3 2.94524311e+00 4.83987859e-02
213 3 2.94524311e+00 4.68327159e-02
214 3 2.94524311e+00 4.76871868e-02
215 3 2.94524311e+00 4.74290933e-02
216 3 2.94524311e+00 4.68983922e-02
217 3 2.94524311e+00 4.74791608e-02
218 3 2.94524311e+00 4.72705508e-02
219 3 2.94524311e+00 4.78012864e-02
220 3 2.94524311e+00 4.68908735e-02
221 3 2.94524311e+00 4.68320150e-02
222 3 2.94524311e+00 4.77776393e-02
223 3 2.94524311e+00 4.73359886e-02
224 3 2.94524311e+00 4.76022552e-02
225 3 2.94524311e+00 4.69297661e-02
226 3 2.94524311e+00 4.75964652e-02
227 3 2.94524311e+00 4.79380770e-02
228 3 2.94524311e+00 4.74786182e-02
229 3 2.94524311e+00 4.80809567e-02
230 3 2.94524311e+00 4.72315712e-02
231 3 2.94524311e+00 4.75352302e-02
232 3 2.94524311e+00 4.73377087e-02
233 3 2.94524311e+00 4.74531865e-02
234 3 2.94524311e+00 4.76677513e-02
235 3 2.94524311e+00 4.83423479e-02
236 3 2.94524311e+00 4.80022319e-02
237 3 2.94524311e+00 4.69689470e-02
238 3 2.94524311e+00 4.71610922e-02
239 3 2.94524311e+00 4.72810390e-02
240 3 2.94524311e+00 4.73763006e-02
241 3 2.94524311e+00 4.75905993e-02
242 3 2.94524311e+00 4.71511581e-02
243 3 2.94524311e+00 4.74044298e-02
244 3 2.94524311e+00 4.75436920e-02
245 3 2.94524311e+00 4.72602429e-02
246 3 2.94524311e+00 4.75613100e-02
247 3 2.94524311e+00 4.73853367e-02
248 3 2.94524311e+00 4.76405820e-02
249 3 2.94524311e+00 4.79509460e-02
250 3 2.94524311e+00 4.72151575e-02
251 3 2.94524311e+00 4.67070341e-02
252 3 2.94524311e+00 4.80226513e-02
253 3 2.94524311e+00 4.72368232e-02
254 3 2.94524311e+00 4.76000324e-02
255 3 2.94524311e+00 4.81711533e-02
256 3 2.94524311e+00 4.74073665e-02
257 3 2.94524311e+00 4.72636305e-02
258 3 2.94524311e+00 4.74843433e-02
259 3 2.94524311e+00 4.82772891e-02
260 3 2.94524311e+00 4.68850191e-02
261 3 2.94524311e+00 4.73331374e-02
262 3 2.94524311e+00 4.77573496e-02
263 3 2.94524311e+00 4.89746461e-02
264 3 2.94524311e+00 4.76644446e-02
265 3 2.94524311e+00 4.77947173e-02
266 3 2.94524311e+00 4.71145946e-02
267 3 2.94524311e+00 4.68509663e-02
268 3 2.94524311e+00 4.74137460e-02
269 3 2.94524311e+00 4.67165177e-02
270 3 2.94524311e+00 4.73780491e-02
271 3 2.94524311e+00 4.77976808e-02
272 3 2.94524311e+00 4.69824906e-02
273 3 2.94524311e+00 4.63410429e-02
274 3 2.94524311e+00 4.71140051e-02
275 3 2.94524311e+00 4.71487311e-02
276 3 2.94524311e+00 4.74831622e-02
277 3 2.94524311e+00 4.77139155e-02
278 3 2.94524311e+00 4.69156297e-02
279 3 2.94524311e+00 4.80087089e-02
280 3 2.94524311e+00 4.79146558e-02
281 3 2.94524311e+00 4.75667535e-02
282 3 2.94524311e+00 4.71640497e-02
283 3 2.94524311e+00 4.72332998e-02
284 3 2.94524311e+00 4.70914074e-02
285 3 2.94524311e+00 4.73044320e-02
286 3 2.94524311e+00 4.70986295e-02
287 3 2.94524311e+00 4.70129968e-02
288 3 2.94524311e+00 4.81757675e-02
289 3 2.94524311e+00 4.76372639e-02
290 3 2.94524311e+00 4.79700471e-02
291 3 2.94524311e+00 4.80645517e-02
292 3 2.94524311e+00 4.67282868e-02
293 3 2.94524311e+00 4.83779055e-02
294 3 2.94524311e+00 4.70578049e-02
295 3 2.94524311e+00 4.66987166e-02
296 3 2.94524311e+00 4.73083522e-02
297 3 2.94524311e+00 4.83321695e-02
298 3 2.94524311e+00 4.70086799e-02
299 3 2.94524311e+00 4.70211759e-02
300 3 2.94524311e+00 4.70946792e-02
301 3 2.94524311e+00 4.73771961e-02
302 3 2.94524311e+00 4.69810503e-02
303 3 2.94524311e+00 4.80753360e-02
304 3 2.94524311e+00 4.75204991e-02
305 3 2.94524311e+00 4.73017654e-02
306 3 2.94524311e+00 4.71318492e-02
307 3 2.94524311e+00 4.75692196e-02
308 3 2.94524311e+00 4.72802258e-02
309 3 2.94524311e+00 4.74335348e-02
310 3 2.94524311e+00 4.76290852e-02
311 3 2.94524311e+00 4.66882283e-02
312 3 2.94524311e+00 4.80249480e-02
313 3 2.94524311e+00 4.70035042e-02
314 3 2.94524311e+00 4.84943954e-02
315 3 2.94524311e+00 4.69181504e-02
316 3 2.94524311e+00 4.82158630e-02
317 3 2.94524311e+00 4.70157785e-02
318 3 2.94524311e+00 4.72715690e-02
319 3 2.94524311e+00 4.74277140e-02
320 3 2.94524311e+00 4.74765388e-02
321 3 2.94524311e+00 4.76984772e-02
322 3 2.94524311e+00 4.80483145e-02
323 3 2.94524311e+00 4.71156361e-02
324 3 2.94524311e+00 4.77605789e-02
325 3 2.94524311e+00 4.71442441e-02
326 3 2.94524311e+00 4.67253335e-02
327 3 2.94524311e+00 4.77383819e-02
328 3 2.94524311e+00 4.81067040e-02
329 3 2.94524311e+00 4.73499922e-02
330 3 2.94524311e+00 4.70041830e-02
331 3 2.94524311e+00 4.74627468e-02
332 3 2.94524311e+00 4.73529151e-02
333 3 2.94524311e+00 4.76704802e-02
334 3 2.94524311e+00 4.71386905e-02
335 3 2.94524311e+00 4.74770260e-02
336 3 2.94524311e+00 4.77968164e-02
337 3 2.94524311e+00 4.67026241e-02
338 3 2.94524311e+00 4.75458753e-02
339 3 2.94524311e+00 4.80417057e-02
340 3 2.94524311e+00 4.77095917e-02
341 3 2.94524311e+00 4.71358473e-02
342 3 2.94524311e+00 4.72230471e-02
343 3 2.94524311e+00 4.66141689e-02
344 3 2.94524311e+00 4.71214799e-02
345 3 2.94524311e+00 4.79657154e-02
346 3 2.94524311e+00 4.66631708e-02
347 3 2.94524311e+00 4.77734930e-02
348 3 2.94524311e+00 4.80559080e-02
349 3 2.94524311e+00 4.87538806e-02
350 3 2.94524311e+00 4.67475346e-02
351 3 2.94524311e+00 4.81341135e-02
352 3 2.94524311e+00 4.75110733e-02
353 3 2.94524311e+00 4.75624572e-02
354 3 2.94524311e+00 4.67367573e-02
355 3 2.94524311e+00 4.83865302e-02
356 3 2.94524311e+00 4.82920452e-02
357 3 2.94524311e+00 4.77329584e-02
358 3 2.94524311e+00 4.69570865e-02
359 3 2.94524311e+00 4.69409925e-02
360 3 2.94524311e+00 4.76868059e-02
361 3 2.94524311e+00 4.75357979e-02
362 3 2.94524311e+00 4.77726615e-02
363 3 2.94524311e+00 4.70963604e-02
364 3 2.94524311e+00 4.80251704e-02
365 3 2.94524311e+00 4.71202211e-02
366 3 2.94524311e+00 4.68127424e-02
367 3 2.94524311e+00 4.64045955e-02
368 3 2.94524311e+00 4.63248743e-02
369 3 2.94524311e+00 4.72776007e-02
370 3 2.94524311e+00 4.69012696e-02
371 3 2.94524311e+00 4.74630664e-02
372 3 2.94524311e+00 4.79538405e-02
373 3 2.94524311e+00 4.69042284e-02
374 3 2.94524311e+00 4.72727008e-02
375 3 2.94524311e+00 4.71242418e-02
376 3 2.94524311e+00 4.74051221e-02
377 3 2.94524311e+00 4.71241039e-02
378 3 2.94524311e+00 4.76653729e-02
379 3 2.94524311e+00 4.67248184e-02
380 3 2.94524311e+00 4.78770594e-02
381 3 2.94524311e+00 4.69682877e-02
382 3 2.94524311e+00 4.74525447e-02
383 3 2.94524311e+00 4.58967331e-02
384 3 2.94524311e+00 4.71707268e-02
385 3 2.94524311e+00 4.76117694e-02
386 3 2.94524311e+00 4.74557061e-02
387 3 2.94524311e+00 4.77624058e-02
388 3 2.94524311e+00 4.80063804e-02
389 3 2.94524311e+00 4.68936937e-02
390 3 2.94524311e+00 4.75161300e-02
391 3 2.94524311e+00 4.65322826e-02
392 3 2.94524311e+00 4.81229297e-02
393 3 2.94524311e+00 4.75890630e-02
394 3 2.94524311e+00 4.74464008e-02
395 3 2.94524311e+00 4.69006756e-02
396 3 2.94524311e+00 4.69613715e-02
397 3 2.94524311e+00 4.71988573e-02
398 3 2.94524311e+00 4.70623484e-02
399 3 2.94524311e+00 4.77770383e-02
400 3 2.94524311e+00 4.74840391e-02
401 3 2.94524311e+00 4.73564963e-02
402 3 2.94524311e+00 4.71886371e-02
403 3 2.94524311e+00 4.72072687e-02
404 3 2.94524311e+00 4.76259006e-02
405 3 2.94524311e+00 4.69925511e-02
406 3 2.94524311e+00 4.76727524e-02
407 3 2.94524311e+00 4.71958642e-02
408 3 2.94524311e+00 4.62681609e-02
409 3 2.94524311e+00 4.79043795e-02
410 3 2.94524311e+00 4.68275980e-02
411 3 2.94524311e+00 4.75732021e-02
412 3 2.94524311e+00 4.60334548e-02
413 3 2.94524311e+00 4.74651992e-02
414 3 2.94524311e+00 4.76572499e-02
415 3 2.94524311e+00 4.89187553e-02
416 3 2.94524311e+00 4.80165044e-02
417 3 2.94524311e+00 4.70266070e-02
418 3 2.94524311e+00 4.78489391e-02
419 3 2.94524311e+00 4.75512599e-02
420 3 2.94524311e+00 4.73612702e-02
421 3 2.94524311e+00 4.72814433e-02
422 3 2.94524311e+00 4.74602393e-02
423 3 2.94524311e+00 4.77688064e-02
424 3 2.94524311e+00 4.69305119e-02
425 3 2.94524311e+00 4.80161262e-02
426 3 2.94524311e+00 4.68976908e-02
427 3 2.94524311e+00 4.80162739e-02
428 3 2.94524311e+00 4.76884074e-02
429 3 2.94524311e+00 4.74772778e-02
430 3 2.94524311e+00 4.72994927e-02
431 3 2.94524311e+00 4.75574435e-02
432 3 2.94524311e+00 4.73086662e-02
433 3 2.94524311e+00 4.78182193e-02
434 3 2.94524311e+00 4.75809836e-02
435 3 2.94524311e+00 4.84467736e-02
436 3 2.94524311e+00 4.74434499e-02
437 3 2.94524311e+00 4.75941983e-02
438 3 2.94524311e+00 4.78609796e-02
439 3 2.94524311e+00 4.75454736e-02
440 3 2.94524311e+00 4.73375435e-02
441 3 2.94524311e+00 4.76737649e-02
442 3 2.94524311e+00 4.79211406e-02
443 3 2.94524311e+00 4.74999820e-02
444 3 2.94524311e+00 4.72614131e-02
445 3 2.94524311e+00 4.73732587e-02
446 3 2.94524311e+00 4.69863289e-02
447 3 2.94524311e+00 4.77370945e-02
448 3 2.94524311e+00 4.81038936e-02
449 3 2.94524311e+00 4.79949630e-02
450 3 2.94524311e+00 4.76932645e-02
451 3 2.94524311e+00 4.76758773e-02
452 3 2.94524311e+00 4.73744496e-02
453 3 2.94524311e+00 4.74432933e-02
454 3 2.94524311e+00 4.70746276e-02
455 3 2.94524311e+00 4.79679461e-02
456 3 2.94524311e+00 4.73358861e-02
457 3 2.94524311e+00 4.67445382e-02
458 3 2.94524311e+00 4.78574602e-02
459 3 2.94524311e+00 4.87738793e-02
460 3 2.94524311e+00 4.78223915e-02
461 3 2.94524311e+00 4.74691994e-02
462 3 2.94524311e+00 4.72335911e-02
463 3 2.94524311e+00 4.86534016e-02
464 3 2.94524311e+00 4.79424914e-02
465 3 2.94524311e+00 4.73749620e-02
466 3 2.94524311e+00 4.73131093e-02
467 3 2.94524311e+00 4.78277664e-02
468 3 2.94524311e+00 4.79053672e-02
469 3 2.94524311e+00 4.65509157e-02
470 3 2.94524311e+00 4.76600365e-02
471 3 2.94524311e+00 4.74290293e-02
472 3 2.94524311e+00 4.83008162e-02
473 3 2.94524311e+00 4.73340148e-02
474 3 2.94524311e+00 4.73373385e-02
475 3 2.94524311e+00 4.70601025e-02
476 3 2.94524311e+00 4.74249704e-02
477 3 2.94524311e+00 4.71746679e-02
478 3 2.94524311e+00 4.77529376e-02
479 3 2.94524311e+00 4.68698817e-02
480 3 2.94524311e+00 4.77348694e-02
481 3 2.94524311e+00 4.74404407e-02
482 3 2.94524311e+00 4.73663328e-02
483 3 2.94524311e+00 4.78183862e-02
484 3 2.94524311e+00 4.78053531e-02
485 3 2.94524311e+00 4.68486583e-02
486 3 2.94524311e+00 4.73058603e-02
487 3 2.94524311e+00 4.76492163e-02
488 3 2.94524311e+00 4.76177292e-02
489 3 2.94524311e+00 4.77069997e-02
490 3 2.94524311e+00 4.74559984e-02
491 3 2.94524311e+00 4.86346974e-02
492 3 2.94524311e+00 4.83227799e-02
493 3 2.94524311e+00 4.66493810e-02
494 3 2.94524311e+00 4.79680392e-02
495 3 2.94524311e+00 4.78097417e-02
496 3 2.94524311e+00 4.77973127e-02
497 3 2.94524311e+00 4.76206974e-02
498 3 2.94524311e+00 4.76951862e-02
499 3 2.94524311e+00 4.77281611e-02
500 3 2.94524311e+00 4.80793278e-02
501 3 2.94524311e+00 4.80381097e-02
502 3 2.94524311e+00 4.75819915e-02
503 3 2.94524311e+00 4.74178639e-02
504 3 2.94524311e+00 4.78814548e-02
505 3 2.94524311e+00 4.73051050e-02
506 3 2.94524311e+00 4.77386492e-02
507 3 2.94524311e+00 4.72305146e-02
508 3 2.94524311e+00 4.71816077e-02
509 3 2.94524311e+00 4.75422803e-02
510 3 2.94524311e+00 4.64087112e-02
511 3 2.94524311e+00 4.64820686e-02
512 3 2.94524311e+00 4.72981901e-02
513 3 2.94524311e+00 4.66143418e-02
514 3 2.94524311e+00 4.85790672e-02
515 3 2.94524311e+00 4.77610974e-02
516 3 2.94524311e+00 4.73495230e-02
517 3 2.94524311e+00 4.74486510e-02
518 3 2.94524311e+00 4.70173483e-02
519 3 2.94524311e+00 4.69085319e-02
520 3 2.94524311e+00 4.70791466e-02
521 3 2.94524311e+00 4.77998811e-02
522 3 2.94524311e+00 4.76731982e-02
523 3 2.94524311e+00 4.72580231e-02
524 3 2.94524311e+00 4.65563078e-02
525 3 2.94524311e+00 4.72094093e-02
526 3 2.94524311e+00 4.77378344e-02
527 3 2.94524311e+00 4.72158116e-02
528 3 2.94524311e+00 4.69290341e-02
529 3 2.94524311e+00 4.77760207e-02
530 3 2.94524311e+00 4.74124524e-02
531 3 2.94524311e+00 4.69691707e-02
532 3 2.94524311e+00 4.77689875e-02
533 3 2.94524311e+00 4.73475219e-02
534 3 2.94524311e+00 4.71419772e-02
535 3 2.94524311e+00 4.72707932e-02
536 3 2.94524311e+00 4.77874049e-02
537 3 2.94524311e+00 4.75601042e-02
538 3 2.94524311e+00 4.75437208e-02
539 3 2.94524311e+00 4.72314693e-02
540 3 2.94524311e+00 4.73684080e-02
541 3 2.94524311e+00 4.73484063e-02
542 3 2.94524311e+00 4.65943694e-02
543 3 2.94524311e+00 4.64337071e-02
544 3 2.94524311e+00 4.74733998e-02
545 3 2.94524311e+00 4.72677563e-02
546 3 2.94524311e+00 4.73792439e-02
547 3 2.94524311e+00 4.68156042e-02
548 3 2.94524311e+00 4.66299839e-02
549 3 2.94524311e+00 4.68303233e-02
550 3 2.94524311e+00 4.76856759e-02
551 3 2.94524311e+00 4.76863057e-02
552 3 2.94524311e+00 4.71938220e-02
553 3 2.94524311e+00 4.56844143e-02
554 3 2.94524311e+00 4.71279248e-02
555 3 2.94524311e+00 4.68022353e-02
556 3 2.94524311e+00 4.77997688e-02
557 3 2.94524311e+00 4.75213932e-02
558 3 2.94524311e+00 4.77406072e-02
559 3 2.94524311e+00 4.85158297e-02
560 3 2.94524311e+00 4.76944290e-02
561 3 2.94524311e+00 4.70973631e-02
562 3 2.94524311e+00 4.78466490e-02
563 3 2.94524311e+00 4.70633272e-02
564 3 2.94524311e+00 4.75485476e-02
565 3 2.94524311e+00 4.72813211e-02
566 3 2.94524311e+00 4.86706103e-02
567 3 2.94524311e+00 4.76548679e-02
568 3 2.94524311e+00 4.71882187e-02
569 3 2.94524311e+00 4.75847797e-02
570 3 2.94524311e+00 4.67991068e-02
571 3 2.94524311e+00 4.78982613e-02
572 3 2.94524311e+00 4.68694069e-02
573 3 2.94524311e+00 4.72168862e-02
574 3 2.94524311e+00 4.77487106e-02
575 3 2.94524311e+00 4.76173335e-02
576 3 2.94524311e+00 4.79791523e-02
577 3 2.94524311e+00 4.68155077e-02
578 3 2.94524311e+00 4.72879320e-02
579 3 2.94524311e+00 4.73650160e-02
580 3 2.94524311e+00 4.68737704e-02
581 3 2.94524311e+00 4.61824899e-02
582 3 2.94524311e+00 4.76264560e-02
583 3 2.94524311e+00 4.79075735e-02
584 3 2.94524311e+00 4.70887455e-02
585 3 2.94524311e+00 4.64563239e-02
586 3 2.94524311e+00 4.73678575e-02
587 3 2.94524311e+00 4.83911436e-02
588 3 2.94524311e+00 4.76492692e-02
589 3 2.94524311e+00 4.76981395e-02
590 3 2.94524311e+00 4.73050953e-02
591 3 2.94524311e+00 4.67340423e-02
592 3 2.94524311e+00 4.70039794e-02
593 3 2.94524311e+00 4.82500002e-02
594 3 2.94524311e+00 4.75485620e-02
595 3 2.94524311e+00 4.72871062e-02
596 3 2.94524311e+00 4.79668920e-02
597 3 2.94524311e+00 4.72274997e-02
598 3 2.94524311e+00 4.66564138e-02
599 3 2.94524311e+00 4.70545839e-02
600 3 2.94524311e+00 4.76515201e-02
601 3 2.94524311e+00 4.73063972e-02
602 3 2.94524311e+00 4.82278873e-02
603 3 2.94524311e+00 4.77900668e-02
604 3 2.94524311e+00 4.70042024e-02
605 3 2.94524311e+00 4.75067275e-02
606 3 2.94524311e+00 4.75841689e-02
607 3 2.94524311e+00 4.73279832e-02
608 3 2.94524311e+00 4.75682978e-02
609 3 2.94524311e+00 4.77847252e-02
610 3 2.94524311e+00 4.74950636e-02
611 3 2.94524311e+00 4.81639272e-02
612 3 2.94524311e+00 4.68759394e-02
613 3 2.94524311e+00 4.80883941e-02
614 3 2.94524311e+00 4.68859553e-02
615 3 2.94524311e+00 4.67695685e-02
616 3 2.94524311e+00 4.71588873e-02
617 3 2.94524311e+00 4.74377220e-02
618 3 2.94524311e+00 4.74142314e-02
619 3 2.94524311e+00 4.66900902e-02
620 3 2.94524311e+00 4.85061769e-02
621 3 2.94524311e+00 4.69076399e-02
622 3 2.94524311e+00 4.69791151e-02
623 3 2.94524311e+00 4.77747563e-02
624 3 2.94524311e+00 4.74050515e-02
625 3 2.94524311e+00 4.76976143e-02
626 3 2.94524311e+00 4.67934105e-02
627 3 2.94524311e+00 4.79010388e-02
628 3 2.94524311e+00 4.78703422e-02
629 3 2.94524311e+00 4.89705286e-02
630 3 2.94524311e+00 4.76695541e-02
631 3 2.94524311e+00 4.76677004e-02
632 3 2.94524311e+00 4.71381577e-02
633 3 2.94524311e+00 4.59965977e-02
634 3 2.94524311e+00 4.82826555e-02
635 3 2.94524311e+00 4.71393926e-02
636 3 2.94524311e+00 4.62761664e-02
637 3 2.94524311e+00 4.91475326e-02
638 3 2.94524311e+00 4.62841230e-02
639 3 2.94524311e+00 4.72206609e-02
640 3 2.94524311e+00 4.71681169e-02
641 3 2.94524311e+00 4.79555767e-02
642 3 2.94524311e+00 4.81316029e-02
643 3 2.94524311e+00 4.74693705e-02
644 3 2.94524311e+00 4.78723130e-02
645 3 2.94524311e+00 4.79356320e-02
646 3 2.94524311e+00 4.72323765e-02
647 3 2.94524311e+00 4.79286562e-02
648 3 2.94524311e+00 4.72923286e-02
649 3 2.94524311e+00 4.86232073e-02
650 3 2.94524311e+00 4.80163325e-02
651 3 2.94524311e+00 4.73871268e-02
652 3 2.94524311e+00 4.72685468e-02
653 3 2.94524311e+00 4.79790230e-02
654 3 2.94524311e+00 4.76611834e-02
655 3 2.94524311e+00 4.80891288e-02
656 3 2.94524311e+00 4.74676767e-02
657 3 2.94524311e+00 4.61987459e-02
658 3 2.94524311e+00 4.74842836e-02
659 3 2.94524311e+00 4.72818081e-02
660 3 2.94524311e+00 4.79300949e-02
661 3 2.94524311e+00 4.65825089e-02
662 3 2.94524311e+00 4.75661917e-02
663 3 2.94524311e+00 4.75453444e-02
664 3 2.94524311e+00 4.71133027e-02
665 3 2.94524311e+00 4.80210681e-02
666 3 2.94524311e+00 4.72835929e-02
667 3 2.94524311e+00 4.92023288e-02
668 3 2.94524311e+00 4.79724181e-02
669 3 2.94524311e+00 4.73904872e-02
670 3 2.94524311e+00 4.74611430e-02
671 3 2.94524311e+00 4.78979172e-02
672 3 2.94524311e+00 4.72930016e-02
673 3 2.94524311e+00 4.84460589e-02
674 3 2.94524311e+00 4.67098010e-02
675 3 2.94524311e+00 4.68327072e-02
676 3 2.94524311e+00 4.75745436e-02
677 3 2.94524311e+00 4.69427158e-02
678 3 2.94524311e+00 4.72338996e-02
679 3 2.94524311e+00 4.76722838e-02
680 3 2.94524311e+00 4.85741815e-02
681 3 2.94524311e+00 4.77760298e-02
682 3 2.94524311e+00 4.79152184e-02
683 3 2.94524311e+00 4.71577482e-02
684 3 2.94524311e+00 4.74291373e-02
685 3 2.94524311e+00 4.73076315e-02
686 3 2.94524311e+00 4.80653468e-02
687 3 2.94524311e+00 4.69210120e-02
688 3 2.94524311e+00 4.78424409e-02
689 3 2.94524311e+00 4.68391518e-02
690 3 2.94524311e+00 4.69604804e-02
691 3 2.94524311e+00 4.65503033e-02
692 3 2.94524311e+00 4.74852721e-02
693 3 2.94524311e+00 4.79505427e-02
694 3 2.94524311e+00 4.78205094e-02
695 3 2.94524311e+00 4.71891624e-02
696 3 2.94524311e+00 4.77709971e-02
697 3 2.94524311e+00 4.75446962e-02
698 3 2.94524311e+00 4.74601656e-02
699 3 2.94524311e+00 4.67147209e-02
700 3 2.94524311e+00 4.72019194e-02
701 3 2.94524311e+00 4.73674665e-02
702 3 2.94524311e+00 4.75347374e-02
703 3 2.94524311e+00 4.72545119e-02
704 3 2.94524311e+00 4.74691288e-02
705 3 2.94524311e+00 4.82521495e-02
706 3 2.94524311e+00 4.83918291e-02
707 3 2.94524311e+00 4.73867727e-02
708 3 2.94524311e+00 4.77499912e-02
709 3 2.94524311e+00 4.73275724e-02
710 3 2.94524311e+00 4.73840178e-02
711 3 2.94524311e+00 4.74967099e-02
712 3 2.94524311e+00 4.72636331e-02
713 3 2.94524311e+00 4.79441288e-02
714 3 2.94524311e+00 4.70581869e-02
715 3 2.94524311e+00 4.81018394e-02
716 3 2.94524311e+00 4.74559364e-02
717 3 2.94524311e+00 4.80227499e-02
718 3 2.94524311e+00 4.78469614e-02
719 3 2.94524311e+00 4.72825835e-02
720 3 2.94524311e+00 4.72167158e-02
721 3 2.94524311e+00 4.74532847e-02
722 3 2.94524311e+00 4.81091029e-02
723 3 2.94524311e+00 4.75485726e-02
724 3 2.94524311e+00 4.65759401e-02
725 3 2.94524311e+00 4.80456234e-02
726 3 2.94524311e+00 4.74559046e-02
727 3 2.94524311e+00 4.66679413e-02
728 3 2.94524311e+00 4.67939594e-02
729 3 2.94524311e+00 4.63394690e-02
730 3 2.94524311e+00 4.73341037e-02
731 3 2.94524311e+00 4.62638755e-02
732 3 2.94524311e+00 4.76264655e-02
733 3 2.94524311e+00 4.70997543e-02
734 3 2.94524311e+00 4.68562441e-02
735 3 2.94524311e+00 4.73602835e-02
736 3 2.94524311e+00 4.79814717e-02
737 3 2.94524311e+00 4.73125290e-02
738 3 2.94524311e+00 4.70780637e-02
739 3 2.94524311e+00 4.76167359e-02
740 3 2.94524311e+00 4.64164036e-02
741 3 2.94524311e+00 4.69109140e-02
742 3 2.94524311e+00 4.72707352e-02
743 3 2.94524311e+00 4.72698441e-02
744 3 2.94524311e+00 4.72430884e-02
745 3 2.94524311e+00 4.65477930e-02
746 3 2.94524311e+00 4.73850660e-02
747 3 2.94524311e+00 4.74504405e-02
748 3 2.94524311e+00 4.68056902e-02
749 3 2.94524311e+00 4.74377736e-02
750 3 2.94524311e+00 4.77923127e-02
751 3 2.94524311e+00 4.78962452e-02
752 3 2.94524311e+00 4.65173524e-02
753 3 2.94524311e+00 4.72727695e-02
754 3 2.94524311e+00 4.63241957e-02
755 3 2.94524311e+00 4.85317187e-02
756 3 2.94524311e+00 4.68530124e-02
757 3 2.94524311e+00 4.69310111e-02
758 3 2.94524311e+00 4.86758650e-02
759 3 2.94524311e+00 4.74381879e-02
760 3 2.94524311e+00 4.74756711e-02
761 3 2.94524311e+00 4.76310637e-02
762 3 2.94524311e+00 4.77287475e-02
763 3 2.94524311e+00 4.84535233e-02
764 3 2.94524311e+00 4.78884535e-02
765 3 2.94524311e+00 4.73109296e-02
766 3 2.94524311e+00 4.79702375e-02
767 3 2.94524311e+00 4.66755139e-02
768 3 2.94524311e+00 4.75607105e-02
769 3 2.94524311e+00 4.69388059e-02
770 3 2.94524311e+00 4.72350296e-02
771 3 2.94524311e+00 4.73423402e-02
772 3 2.94524311e+00 4.76573991e-02
773 3 2.94524311e+00 4.83381324e-02
774 3 2.94524311e+00 4.81888101e-02
775 3 2.94524311e+00 4.69615904e-02
776 3 2.94524311e+00 4.67884061e-02
777 3 2.94524311e+00 4.78727698e-02
778 3 2.94524311e+00 4.73001117e-02
779 3 2.94524311e+00 4.77724322e-02
780 3 2.94524311e+00 4.74324851e-02
781 3 2.94524311e+00 4.69402850e-02
782 3 2.94524311e+00 4.76180911e-02
783 3 2.94524311e+00 4.70431172e-02
784 3 2.94524311e+00 4.55033997e-02
785 3 2.94524311e+00 4.64897030e-02
786 3 2.94524311e+00 4.80206451e-02
787 3 2.94524311e+00 4.73549155e-02
788 3 2.94524311e+00 4.71571070e-02
789 3 2.94524311e+00 4.74074237e-02
790 3 2.94524311e+00 4.72277709e-02
791 3 2.94524311e+00 4.72279045e-02
792 3 2.94524311e+00 4.77521689e-02
793 3 2.94524311e+00 4.72984460e-02
794 3 2.94524311e+00 4.80449454e-02
795 3 2.94524311e+00 4.87204672e-02
796 3 2.94524311e+00 4.74233688e-02
797 3 2.94524311e+00 4.67249500e-02
798 3 2.94524311e+00 4.72435760e-02
799 3 2.94524311e+00 4.82619509e-02
800 3 2.94524311e+00 4.75566865e-02
801 3 2.94524311e+00 4.73312189e-02
802 3 2.94524311e+00 4.65780779e-02
803 3 2.94524311e+00 4.77371646e-02
804 3 2.94524311e+00 4.70251357e-02
805 3 2.94524311e+00 4.62621885e-02
806 3 2.94524311e+00 4.79301402e-02
807 3 2.94524311e+00 4.75212379e-02
808 3 2.94524311e+00 4.78130904e-02
809 3 2.94524311e+00 4.79445099e-02
810 3 2.94524311e+00 4.75357977e-02
811 3 2.94524311e+00 4.74366335e-02
812 3 2.94524311e+00 4.72040796e-02
813 3 2.94524311e+00 4.76036509e-02
814 3 2.94524311e+00 4.70970633e-02
815 3 2.94524311e+00 4.75534216e-02
816 3 2.94524311e+00 4.76053047e-02
817 3 2.94524311e+00 4.80909817e-02
818 3 2.94524311e+00 4.69653836e-02
819 3 2.94524311e+00 4.65885058e-02
820 3 2.94524311e+00 4.77587205e-02
821 3 2.94524311e+00 4.70559552e-02
822 3 2.94524311e+00 4.80610812e-02
823 3 2.94524311e+00 4.72037030e-02
824 3 2.94524311e+00 4.74828754e-02
825 3 2.94524311e+00 4.68224413e-02
826 3 2.94524311e+00 4.73308581e-02
827 3 2.94524311e+00 4.66672195e-02
828 3 2.94524311e+00 4.74886433e-02
829 3 2.94524311e+00 4.78711478e-02
830 3 2.94524311e+00 4.70528197e-02
831 3 2.94524311e+00 4.76892260e-02
832 3 2.94524311e+00 4.76728536e-02
833 3 2.94524311e+00 4.67312835e-02
834 3 2.94524311e+00 4.70493090e-02
835 3 2.94524311e+00 4.73695331e-02
836 3 2.94524311e+00 4.80684718e-02
837 3 2.94524311e+00 4.81063403e-02
838 3 2.94524311e+00 4.72867241e-02
839 3 2.94524311e+00 4.75430002e-02
840 3 2.94524311e+00 4.70620776e-02
841 3 2.94524311e+00 4.72820791e-02
842 3 2.94524311e+00 4.75174872e-02
843 3 2.94524311e+00 4.81284840e-02
844 3 2.94524311e+00 4.68062340e-02
845 3 2.94524311e+00 4.80266563e-02
846 3 2.94524311e+00 4.76860914e-02
847 3 2.94524311e+00 4.65644680e-02
848 3 2.94524311e+00 4.82509501e-02
849 3 2.94524311e+00 4.77049571e-02
850 3 2.94524311e+00 4.65708507e-02
851 3 2.94524311e+00 4.82092977e-02
852 3 2.94524311e+00 4.81557737e-02
853 3 2.94524311e+00 4.66228044e-02
854 3 2.94524311e+00 4.70843512e-02
855 3 2.94524311e+00 4.78769621e-02
856 3 2.94524311e+00 4.71809382e-02
857 3 2.94524311e+00 4.76949171e-02
858 3 2.94524311e+00 4.73744494e-02
859 3 2.94524311e+00 4.75263319e-02
860 3 2.94524311e+00 4.75263851e-02
861 3 2.94524311e+00 4.76072006e-02
862 3 2.94524311e+00 4.73400288e-02
863 3 2.94524311e+00 4.73870135e-02
864 3 2.94524311e+00 4.83162098e-02
865 3 2.94524311e+00 4.75072844e-02
866 3 2.94524311e+00 4.77399142e-02
867 3 2.94524311e+00 4.72347704e-02
868 3 2.94524311e+00 4.78021007e-02
869 3 2.94524311e+00 4.75099167e-02
870 3 2.94524311e+00 4.77647694e-02
871 3 2.94524311e+00 4.74743970e-02
872 3 2.94524311e+00 4.75777750e-02
873 3 2.94524311e+00 4.77891839e-02
874 3 2.94524311e+00 4.64191090e-02
875 3 2.94524311e+00 4.70701062e-02
876 3 2.94524311e+00 4.78097755e-02
877 3 2.94524311e+00 4.76291441e-02
878 3 2.94524311e+00 4.66729636e-02
879 3 2.94524311e+00 4.72542680e-02
880 3 2.94524311e+00 4.68237023e-02
881 3 2.94524311e+00 4.79009752e-02
882 3 2.94524311e+00 4.78888538e-02
883 3 2.94524311e+00 4.74927693e-02
884 3 2.94524311e+00 4.68139424e-02
885 3 2.94524311e+00 4.75935036e-02
886 3 2.94524311e+00 4.86911277e-02
887 3 2.94524311e+00 4.73485079e-02
888 3 2.94524311e+00 4.76692505e-02
889 3 2.94524311e+00 4.72573568e-02
890 3 2.94524311e+00 4.79584326e-02
891 3 2.94524311e+00 4.70769878e-02
892 3 2.94524311e+00 4.77691540e-02
893 3 2.94524311e+00 4.72419578e-02
894 3 2.94524311e+00 4.80919596e-02
895 3 2.94524311e+00 4.83563689e-02
896 3 2.94524311e+00 4.73735960e-02
897 3 2.94524311e+00 4.82961684e-02
898 3 2.94524311e+00 4.83445113e-02
899 3 2.94524311e+00 4.67502696e-02
900 3 2.94524311e+00 4.80066511e-02
901 3 2.94524311e+00 4.78008855e-02
902 3 2.94524311e+00 4.78243833e-02
903 3 2.94524311e+00 4.78905046e-02
904 3 2.94524311e+00 4.70976080e-02
905 3 2.94524311e+00 4.69543868e-02
906 3 2.94524311e+00 4.77881300e-02
907 3 2.94524311e+00 4.70019035e-02
908 3 2.94524311e+00 4.70229014e-02
909 3 2.94524311e+00 4.85424835e-02
910 3 2.94524311e+00 4.77264655e-02
911 3 2.94524311e+00 4.79783173e-02
912 3 2.94524311e+00 4.71455563e-02
913 3 2.94524311e+00 4.80142021e-02
914 3 2.94524311e+00 4.71014393e-02
915 3 2.94524311e+00 4.77509599e-02
916 3 2.94524311e+00 4.69537868e-02
917 3 2.94524311e+00 4.81521140e-02
918 3 2.94524311e+00 4.80272688e-02
919 3 2.94524311e+00 4.70667064e-02
920 3 2.94524311e+00 4.70860800e-02
921 3 2.94524311e+00 4.76206400e-02
922 3 2.94524311e+00 4.73597572e-02
923 3 2.94524311e+00 4.75202265e-02
924 3 2.94524311e+00 4.78924433e-02
925 3 2.94524311e+00 4.76183947e-02
926 3 2.94524311e+00 4.77547096e-02
927 3 2.94524311e+00 4.75866221e-02
928 3 2.94524311e+00 4.80738596e-02
929 3 2.94524311e+00 4.75338622e-02
930 3 2.94524311e+00 4.71685541e-02
931 3 2.94524311e+00 4.74884968e-02
932 3 2.94524311e+00 4.75479642e-02
933 3 2.94524311e+00 4.73159999e-02
934 3 2.94524311e+00 4.69987073e-02
935 3 2.94524311e+00 4.70163921e-02
936 3 2.94524311e+00 4.72109848e-02
937 3 2.94524311e+00 4.69561489e-02
938 3 2.94524311e+00 4.77312701e-02
939 3 2.94524311e+00 4.85517668e-02
940 3 2.94524311e+00 4.63852555e-02
941 3 2.94524311e+00 4.74609554e-02
942 3 2.94524311e+00 4.76220125e-02
943 3 2.94524311e+00 4.74246041e-02
944 3 2.94524311e+00 4.82563165e-02
945 3 2.94524311e+00 4.73200375e-02
946 3 2.94524311e+00 4.80901037e-02
947 3 2.94524311e+00 4.73846196e-02
948 3 2.94524311e+00 4.78858928e-02
949 3 2.94524311e+00 4.73094091e-02
950 3 2.94524311e+00 4.70606357e-02
951 3 2.94524311e+00 4.82397924e-02
952 3 2.94524311e+00 4.73435865e-02
953 3 2.94524311e+00 4.74761824e-02
954 3 2.94524311e+00 4.72427972e-02
955 3 2.94524311e+00 4.72083130e-02
956 3 2.94524311e+00 4.74719524e-02
957 3 2.94524311e+00 4.76033236e-02
958 3 2.94524311e+00 4.59526518e-02
959 3 2.94524311e+00 4.70140514e-02
960 3 2.94524311e+00 4.79686506e-02
961 3 2.94524311e+00 4.78538077e-02
962 3 2.94524311e+00 4.77284977e-02
963 3 2.94524311e+00 4.68777902e-02
964 3 2.94524311e+00 4.81016576e-02
965 3 2.94524311e+00 4.76641252e-02
966 3 2.94524311e+00 4.71739959e-02
967 3 2.94524311e+00 4.81208193e-02
968 3 2.94524311e+00 4.69656852e-02
969 3 2.94524311e+00 4.71998823e-02
970 3 2.94524311e+00 4.75564195e-02
971 3 2.94524311e+00 4.72197756e-02
972 3 2.94524311e+00 4.63730844e-02
973 3 2.94524311e+00 4.76718713e-02
974 3 2.94524311e+00 4.72916790e-02
975 3 2.94524311e+00 4.71146527e-02
976 3 2.94524311e+00 4.76328018e-02
977 3 2.94524311e+00 4.74672008e-02
978 3 2.94524311e+00 4.73317965e-02
979 3 2.94524311e+00 4.65003210e-02
980 3 2.94524311e+00 4.77513500e-02
981 3 2.94524311e+00 4.75223734e-02
982 3 2.94524311e+00 4.76741852e-02
983 3 2.94524311e+00 4.78450402e-02
984 3 2.94524311e+00 4.70718538e-02
985 3 2.94524311e+00 4.79396656e-02
986 3 2.94524311e+00 4.80119976e-02
987 3 2.94524311e+00 4.62078090e-02
988 3 2.94524311e+00 4.67188731e-02
989 3 2.94524311e+00 4.79145630e-02
990 3 2.94524311e+00 4.76105443e-02
991 3 2.94524311e+00 4.76863607e-02
992 3 2.94524311e+00 4.79625170e-02
993 3 2.94524311e+00 4.76127002e-02
994 3 2.94524311e+00 4.77331830e-02
995 3 2.94524311e+00 4.84487332e-02
996 3 2.94524311e+00 4.83305165e-02
997 3 2.94524311e+00 4.76671313e-02
998 3 2.94524311e+00 4.79054021e-02
999 3 2.94524311e+00 4.70800803e-02
1000 3 2.94524311e+00 4.74266168e-02
1001 3 2.94524311e+00 4.86281231e-02
1002 3 2.94524311e+00 4.67278580e-02
1003 3 2.94524311e+00 4.75344213e-02
1004 3 2.94524311e+00 4.76094768e-02
1005 3 2.94524311e+00 4.68916506e-02
1006 3 2.94524311e+00 4.76470091e-02
1007 3 2.94524311e+00 4.71762072e-02
1008 3 2.94524311e+00 4.75932737e-02
1009 3 2.94524311e+00 4.69809374e-02
1010 3 2.94524311e+00 4.67028405e-02
1011 3 2.94524311e+00 4.73479712e-02
1012 3 2.94524311e+00 4.71739282e-02
1013 3 2.94524311e+00 4.81879598e-02
1014 3 2.94524311e+00 4.71497940e-02
1015 3 2.94524311e+00 4.74600671e-02
1016 3 2.94524311e+00 4.68086380e-02
1017 3 2.94524311e+00 4.67922693e-02
1018 3 2.94524311e+00 4.77484642e-02
1019 3 2.94524311e+00 4.77275474e-02
1020 3 2.94524311e+00 4.73320664e-02
1021 3 2.94524311e+00 4.72652652e-02
1022 3 2.94524311e+00 4.77346140e-02
1023 3 2.94524311e+00 4.77846064e-02
1024 3 2.94524311e+00 4.76607734e-02
1025 3 2.94524311e+00 4.71697897e-02
0 4 3.92699082e+00 5.65005242e-02
1 4 3.92699082e+00 5.55224871e-02
2 4 3.92699082e+00 5.54322557e-02
3 4 3.92699082e+00 5.56813962e-02
4 4 3.92699082e+00 5.54326520e-02
5 4 3.92699082e+00 5.43294917e-02
6 4 3.92699082e+00 5.61835257e-02
7 4 3.92699082e+00 5.68750598e-02
8 4 3.92699082e+00 5.61634820e-02
9 4 3.92699082e+00 5.48822583e-02
10 4 3.92699082e+00 5.41330754e-02
11 4 3.92699082e+00 5.58286515e-02
12 4 3.92699082e+00 5.53731127e-02
13 4 3.92699082e+00 5.67248309e-02
14 4 3.92699082e+00 5.62919138e-02
15 4 3.92699082e+00 5.50386494e-02
16 4 3.92699082e+00 5.42762686e-02
17 4 3.92699082e+00 5.51855018e-02
18 4 3.92699082e+00 5.40610900e-02
19 4 3.92699082e+00 5.51302707e-02
20 4 3.92699082e+00 5.64378380e-02
21 4 3.92699082e+00 5.48604170e-02
22 4 3.92699082e+00 5.52160692e-02
23 4 3.92699082e+00 5.57161216e-02
24 4 3.92699082e+00 5.55075424e-02
25 4 3.92699082e+00 5.47358001e-02
26 4 3.92699082e+00 5.47469864e-02
27 4 3.92699082e+00 5.56330870e-02
28 4 3.92699082e+00 5.76350780e-02
29 4 3.92699082e+00 5.65006788e-02
30 4 3.92699082e+00 5.57463552e-02
31 4 3.92699082e+00 5.64658846e-02
32 4 3.92699082e+00 5.44375465e-02
33 4 3.92699082e+00 5.71483142e-02
34 4 3.92699082e+00 5.60945858e-02
35 4 3.92699082e+00 5.42442264e-02
36 4 3.92699082e+00 5.47614527e-02
37 4 3.92699082e+00 5.56995184e-02
38 4 3.92699082e+00 5.66514652e-02
39 4 3.92699082e+00 5.57488448e-02
40 4 3.92699082e+00 5.51458745e-02
41 4 3.92699082e+00 5.65135757e-02
42 4 3.92699082e+00 5.53014613e-02
43 4 3.92699082e+00 5.51722573e-02
44 4 3.92699082e+00 5.53075457e-02
45 4 3.92699082e+00 5.56489868e-02
46 4 3.92699082e+00 5.54494577e-02
47 4 3.92699082e+00 5.66484737e-02
48 4 3.92699082e+00 5.65840475e-02
49 4 3.92699082e+00 5.57550675e-02
50 4 3.92699082e+00 5.49592528e-02
51 4 3.92699082e+00 5.57118121e-02
52 4 3.92699082e+00 5.52330278e-02
53 4 3.92699082e+00 5.56225921e-02
54 4 3.92699082e+00 5.63086926e-02
55 4 3.92699082e+00 5.56586560e-02
56 4 3.92699082e+00 5.56999001e-02
57 4 3.92699082e+00 5.52103253e-02
58 4 3.92699082e+00 5.43266215e-02
59 4 3.92699082e+00 5.43802167e-02
60 4 3.92699082e+00 5.55164339e-02
61 4 3.92699082e+00 5.49457666e-02
62 4 3.92699082e+00 5.53441436e-02
63 4 3.92699082e+00 5.45578347e-02
64 4 3.92699082e+00 5.49578084e-02
65 4 3.92699082e+00 5.51163276e-02
66 4 3.92699082e+00 5.52731421e-02
67 4 3.92699082e+00 5.54109574e-02
68 4 3.92699082e+00 5.52526133e-02
69 4 3.92699082e+00 5.57711533e-02
70 4 3.92699082e+00 5.60090418e-02
71 4 3.92699082e+00 5.60312856e-02
72 4 3.92699082e+00 5.44732395e-02
73 4 3.92699082e+00 5.60724312e-02
74 4 3.92699082e+00 5.57535373e-02
75 4 3.92699082e+00 5.61729043e-02
76 4 3.92699082e+00 5.48421335e-02
77 4 3.92699082e+00 5.54245611e-02
78 4 3.92699082e+00 5.61710626e-02
79 4 3.92699082e+00 5.54071808e-02
80 4 3.92699082e+00 5.48295673e-02
81 4 3.92699082e+00 5.56841675e-02
82 4 3.92699082e+00 5.54864894e-02
83 4 3.92699082e+00 5.59518595e-02
84 4 3.92699082e+00 5.47913748e-02
85 4 3.92699082e+00 5.59478100e-02
86 4 3.92699082e+00 5.51979000e-02
87 4 3.92699082e+00 5.58400166e-02
88 4 3.92699082e+00 5.65019288e-02
89 4 3.92699082e+00 5.61359450e-02
90 4 3.92699082e+00 5.61307561e-02
91 4 3.92699082e+00 5.51489362e-02
92 4 3.92699082e+00 5.54140516e-02
93 4 3.92699082e+00 5.59644869e-02
94 4 3.92699082e+00 5.50711415e-02
95 4 3.92699082e+00 5.62584962e-02
96 4 3.92699082e+00 5.54710735e-02
97 4 3.92699082e+00 5.49471391e-02
98 4 3.92699082e+00 5.49624502e-02
99 4 3.92699082e+00 5.51774487e-02
100 4 3.92699082e+00 5.59974144e-02
101 4 3.92699082e+00 5.64644692e-02
102 4 3.92699082e+00 5.60495121e-02
103 4 3.92699082e+00 5.66162018e-02
104 4 3.92699082e+00 5.56859093e-02
105 4 3.92699082e+00 5.38034086e-02
106 4 3.92699082e+00 5.53156088e-02
107 4 3.92699082e+00 5.52200572e-02
108 4 3.92699082e+00 5.62252707e-02
109 4 3.92699082e+00 5.64799763e-02
110 4 3.92699082e+00 5.65976968e-02
111 4 3.92699082e+00 5.61303611e-02
112 4 3.92699082e+00 5.54360325e-02
113 4 3.92699082e+00 5.50848692e-02
114 4 3.92699082e+00 5.62470265e-02
115 4 3.92699082e+00 5.59004528e-02
116 4 3.92699082e+00 5.39362195e-02
117 4 3.92699082e+00 5.52677024e-02
118 4 3.92699082e+00 5.63338274e-02
119 4 3.92699082e+00 5.44553973e-02
120 4 3.92699082e+00 5.46656012e-02
121 4 3.92699082e+00 5.60158093e-02
122 4 3.92699082e+00 5.57841505e-02
123 4 3.92699082e+00 5.49104827e-02
124 4 3.92699082e+00 5.53013726e-02
125 4 3.92699082e+00 5.65412521e-02
126 4 3.92699082e+00 5.47310742e-02
127 4 3.92699082e+00 5.57778528e-02
128 4 3.92699082e+00 5.63471743e-02
129 4 3.92699082e+00 5.49889154e-02
130 4 3.92699082e+00 5.58532309e-02
131 4 3.92699082e+00 5.57204501e-02
132 4 3.92699082e+00 5.48552970e-02
133 4 3.92699082e+00 5.64578587e-02
134 4 3.92699082e+00 5.53268547e-02
135 4 3.92699082e+00 5.56596078e-02
136 4 3.92699082e+00 5.58271809e-02
137 4 3.92699082e+00 5.50623253e-02
138 4 3.92699082e+00 5.57648371e-02
139 4 3.92699082e+00 5.56505942e-02
140 4 3.92699082e+00 5.48519874e-02
141 4 3.92699082e+00 5.57652736e-02
142 4 3.92699082e+00 5.49453478e-02
143 4 3.92699082e+00 5.65114875e-02
144 4 3.92699082e+00 5.65364135e-02
145 4 3.92699082e+00 5.45641721e-02
146 4 3.92699082e+00 5.59044200e-02
147 4 3.92699082e+00 5.49926598e-02
148 4 3.92699082e+00 5.47594199e-02
149 4 3.92699082e+00 5.51750383e-02
150 4 3.92699082e+00 5.50338844e-02
151 4 3.92699082e+00 5.56950851e-02
152 4 3.92699082e+00 5.53212373e-02
153 4 3.92699082e+00 5.47036496e-02
154 4 3.92699082e+00 5.54323079e-02
155 4 3.92699082e+00 5.49620380e-02
156 4 3.92699082e+00 5.59572874e-02
157 4 3.92699082e+00 5.59940262e-02
158 4 3.92699082e+00 5.60880132e-02
159 4 3.92699082e+00 5.58822802e-02
160 4 3.92699082e+00 5.43281625e-02
161 4 3.92699082e+00 5.56836281e-02
162 4 3.92699082e+00 5.51517980e-02
163 4 3.92699082e+00 5.64354658e-02
164 4 3.92699082e+00 5.58267643e-02
165 4 3.92699082e+00 5.61657764e-02
166 4 3.92699082e+00 5.52242217e-02
167 4 3.92699082e+00 5.49939583e-02
168 4 3.92699082e+00 5.54210868e-02
169 4 3.92699082e+00 5.65503939e-02
170 4 3.92699082e+00 5.55539660e-02
171 4 3.92699082e+00 5.50695483e-02
172 4 3.92699082e+00 5.50532277e-02
173 4 3.92699082e+00 5.67495445e-02
174 4 3.92699082e+00 5.62099346e-02
175 4 3.92699082e+00 5.51619410e-02
176 4 3.92699082e+00 5.58284157e-02
177 4 3.92699082e+00 5.58381280e-02
178 4 3.92699082e+00 5.60141992e-02
179 4 3.92699082e+00 5.58436765e-02
180 4 3.92699082e+00 5.47214092e-02
181 4 3.92699082e+00 5.52545478e-02
182 4 3.92699082e+00 5.53639103e-02
183 4 3.92699082e+00 5.53246385e-02
184 4 3.92699082e+00 5.44634606e-02
185 4 3.92699082e+00 5.49442163e-02
186 4 3.92699082e+00 5.54709239e-02
187 4 3.92699082e+00 5.50992138e-02
188 4 3.92699082e+00 5.54893078e-02
189 4 3.92699082e+00 5.52989805e-02
190 4 3.92699082e+00 5.62840584e-02
191 4 3.92699082e+00 5.62467872e-02
192 4 3.92699082e+00 5.53459027e-02
193 4 3.92699082e+00 5.49497613e-02
194 4 3.92699082e+00 5.58792134e-02
195 4 3.92699082e+00 5.56400575e-02
196 4 3.92699082e+00 5.49327968e-02
197 4 3.92699082e+00 5.47110142e-02
198 4 3.92699082e+00 5.61254913e-02
199 4 3.92699082e+00 5.70584693e-02
200 4 3.92699082e+00 5.50650871e-02
201 4 3.92699082e+00 5.38370639e-02
202 4 3.92699082e+00 5.47173832e-02
203 4 3.92699082e+00 5.64739961e-02
204 4 3.92699082e+00 5.55072124e-02
205 4 3.92699082e+00 5.49083128e-02
206 4 3.92699082e+00 5.47091970e-02
207 4 3.92699082e+00 5.57656097e-02
208 4 3.92699082e+00 5.61920927e-02
209 4 3.92699082e+00 5.63126778e-02
210 4 3.92699082e+00 5.50119307e-02
211 4 3.92699082e+00 5.55352469e-02
212 4 3.92699082e+00 5.67753938e-02
213 4 3.92699082e+00 5.47346780e-02
214 4 3.92699082e+00 5.58097852e-02
215 4 3.92699082e+00 5.54761260e-02
216 4 3.92699082e+00 5.48207302e-02
217 4 3.92699082e+00 5.54268939e-02
218 4 3.92699082e+00 5.52636093e-02
219 4 3.92699082e+00 5.60111082e-02
220 4 3.92699082e+00 5.49310509e-02
221 4 3.92699082e+00 5.47608802e-02
222 4 3.92699082e+00 5.61055296e-02
223 4 3.92699082e+00 5.54138243e-02
224 4 3.92699082e+00 5.58572027e-02
225 4 3.92699082e+00 5.48455561e-02
226 4 3.92699082e+00 5.56583345e-02
227 4 3.92699082e+00 5.63328216e-02
228 4 3.92699082e+00 5.54941466e-02
229 4 3.92699082e+00 5.64750720e-02
230 4 3.92699082e+00 5.51018223e-02
231 4 3.92699082e+00 5.57422446e-02
232 4 3.92699082e+00 5.55216335e-02
233 4 3.92699082e+00 5.56057726e-02
234 4 3.92699082e+00 5.58898812e-02
235 4 3.92699082e+00 5.67365867e-02
236 4 3.92699082e+00 5.63962706e-02
237 4 3.92699082e+00 5.49842325e-02
238 4 3.92699082e+00 5.52980871e-02
239 4 3.92699082e+00 5.53769351e-02
240 4 3.92699082e+00 5.53587766e-02
241 4 3.92699082e+00 5.56055975e-02
242 4 3.92699082e+00 5.49748629e-02
243 4 3.92699082e+00 5.54373084e-02
244 4 3.92699082e+00 5.56327009e-02
245 4 3.92699082e+00 5.52698267e-02
246 4 3.92699082e+00 5.55989489e-02
247 4 3.92699082e+00 5.55381977e-02
248 4 3.92699082e+00 5.58740883e-02
249 4 3.92699082e+00 5.60366738e-02
250 4 3.92699082e+00 5.51036713e-02
251 4 3.92699082e+00 5.46589325e-02
252 4 3.92699082e+00 5.63168633e-02
253 4 3.92699082e+00 5.50663898e-02
254 4 3.92699082e+00 5.57370475e-02
255 4 3.92699082e+00 5.66407760e-02
256 4 3.92699082e+00 5.54422062e-02
257 4 3.92699082e+00 5.51776463e-02
258 4 3.92699082e+00 5.53908936e-02
259 4 3.92699082e+00 5.66162646e-02
260 4 3.92699082e+00 5.48590036e-02
261 4 3.92699082e+00 5.54339234e-02
262 4 3.92699082e+00 5.59393785e-02
263 4 3.92699082e+00 5.75109596e-02
264 4 3.92699082e+00 5.58855652e-02
265 4 3.92699082e+00 5.60217148e-02
266 4 3.92699082e+00 5.50767295e-02
267 4 3.92699082e+00 5.47753955e-02
268 4 3.92699082e+00 5.56236330e-02
269 4 3.92699082e+00 5.46755936e-02
270 4 3.92699082e+00 5.56394412e-02
271 4 3.92699082e+00 5.59587345e-02
272 4 3.92699082e+00 5.48463341e-02
273 4 3.92699082e+00 5.40873847e-02
274 4 3.92699082e+00 5.49645548e-02
275 4 3.92699082e+00 5.50626917e-02
276 4 3.92699082e+00 5.55040447e-02
277 4 3.92699082e+00 5.59887880e-02
278 4 3.92699082e+00 5.48814027e-02
279 4 3.92699082e+00 5.62739684e-02
280 4 3.92699082e+00 5.61258627e-02
281 4 3.92699082e+00 5.55212781e-02
282 4 3.92699082e+00 5.51578158e-02
283 4 3.92699082e+00 5.51118627e-02
284 4 3.92699082e+00 5.51988676e-02
285 4 3.92699082e+00 5.54765211e-02
286 4 3.92699082e+00 5.51192392e-02
287 4 3.92699082e+00 5.50806200e-02
288 4 3.92699082e+00 5.65673934e-02
289 4 3.92699082e+00 5.60270318e-02
290 4 3.92699082e+00 5.63056357e-02
291 4 3.92699082e+00 5.63823646e-02
292 4 3.92699082e+00 5.46198862e-02
293 4 3.92699082e+00 5.65792858e-02
294 4 3.92699082e+00 5.49683371e-02
295 4 3.92699082e+00 5.45613328e-02
296 4 3.92699082e+00 5.54514423e-02
297 4 3.92699082e+00 5.68862183e-02
298 4 3.92699082e+00 5.49295378e-02
299 4 3.92699082e+00 5.49183245e-02
300 4 3.92699082e+00 5.50950689e-02
301 4 3.92699082e+00 5.52930369e-02
302 4 3.92699082e+00 5.48755864e-02
303 4 3.92699082e+00 5.63040690e-02
304 4 3.92699082e+00 5.56502395e-02
305 4 3.92699082e+00 5.53451747e-02
306 4 3.92699082e+00 5.51128736e-02
307 4 3.92699082e+00 5.56775412e-02
308 4 3.92699082e+00 5.50923268e-02
309 4 3.92699082e+00 5.54475738e-02
310 4 3.92699082e+00 5.58885296e-02
311 4 3.92699082e+00 5.48114664e-02
312 4 3.92699082e+00 5.62157734e-02
313 4 3.92699082e+00 5.48567013e-02
314 4 3.92699082e+00 5.69007485e-02
315 4 3.92699082e+00 5.47669020e-02
316 4 3.92699082e+00 5.64732872e-02
317 4 3.92699082e+00 5.48485829e-02
318 4 3.92699082e+00 5.53649219e-02
319 4 3.92699082e+00 5.55260757e-02
320 4 3.92699082e+00 5.56868730e-02
321 4 3.92699082e+00 5.58151488e-02
322 4 3.92699082e+00 5.62574481e-02
323 4 3.92699082e+00 5.49813310e-02
324 4 3.92699082e+00 5.59746337e-02
325 4 3.92699082e+00 5.51260611e-02
326 4 3.92699082e+00 5.46560933e-02
327 4 3.92699082e+00 5.61591195e-02
328 4 3.92699082e+00 5.63891235e-02
329 4 3.92699082e+00 5.53275016e-02
330 4 3.92699082e+00 5.50240511e-02
331 4 3.92699082e+00 5.54430465e-02
332 4 3.92699082e+00 5.54212450e-02
333 4 3.92699082e+00 5.58193325e-02
334 4 3.92699082e+00 5.51030860e-02
335 4 3.92699082e+00 5.55448391e-02
336 4 3.92699082e+00 5.61245944e-02
337 4 3.92699082e+00 5.45316401e-02
338 4 3.92699082e+00 5.57448565e-02
339 4 3.92699082e+00 5.64174214e-02
340 4 3.92699082e+00 5.58397024e-02
341 4 3.92699082e+00 5.51080709e-02
342 4 3.92699082e+00 5.53177528e-02
343 4 3.92699082e+00 5.44536016e-02
344 4 3.92699082e+00 5.51951006e-02
345 4 3.92699082e+00 5.63380128e-02
346 4 3.92699082e+00 5.44993571e-02
347 4 3.92699082e+00 5.58681820e-02
348 4 3.92699082e+00 5.62100189e-02
349 4 3.92699082e+00 5.69935208e-02
350 4 3.92699082e+00 5.45133220e-02
351 4 3.92699082e+00 5.63940960e-02
352 4 3.92699082e+00 5.53616091e-02
353 4 3.92699082e+00 5.58846270e-02
354 4 3.92699082e+00 5.47116673e-02
355 4 3.92699082e+00 5.67887495e-02
356 4 3.92699082e+00 5.65536548e-02
357 4 3.92699082e+00 5.60625706e-02
358 4 3.92699082e+00 5.49872384e-02
359 4 3.92699082e+00 5.50052892e-02
360 4 3.92699082e+00 5.58016205e-02
361 4 3.92699082e+00 5.54838371e-02
362 4 3.92699082e+00 5.59089408e-02
363 4 3.92699082e+00 5.50413393e-02
364 4 3.92699082e+00 5.63830684e-02
365 4 3.92699082e+00 5.51345161e-02
366 4 3.92699082e+00 5.46068273e-02
367 4 3.92699082e+00 5.41497694e-02
368 4 3.92699082e+00 5.40172754e-02
369 4 3.92699082e+00 5.52068331e-02
370 4 3.92699082e+00 5.47697635e-02
371 4 3.92699082e+00 5.54089946e-02
372 4 3.92699082e+00 5.62038548e-02
373 4 3.92699082e+00 5.49187116e-02
374 4 3.92699082e+00 5.53880709e-02
375 4 3.92699082e+00 5.51075253e-02
376 4 3.92699082e+00 5.53802572e-02
377 4 3.92699082e+00 5.51518977e-02
378 4 3.92699082e+00 5.58163271e-02
379 4 3.92699082e+00 5.48221555e-02
380 4 3.92699082e+00 5.59949055e-02
381 4 3.92699082e+00 5.50407571e-02
382 4 3.92699082e+00 5.54804289e-02
383 4 3.92699082e+00 5.34417505e-02
384 4 3.92699082e+00 5.51403977e-02
385 4 3.92699082e+00 5.56736216e-02
386 4 3.92699082e+00 5.55799818e-02
387 4 3.92699082e+00 5.60579272e-02
388 4 3.92699082e+00 5.64020783e-02
389 4 3.92699082e+00 5.48023658e-02
390 4 3.92699082e+00 5.56347922e-02
391 4 3.92699082e+00 5.42499847e-02
392 4 3.92699082e+00 5.62547030e-02
393 4 3.92699082e+00 5.56595423e-02
394 4 3.92699082e+00 5.53539461e-02
395 4 3.92699082e+00 5.48128917e-02
396 4 3.92699082e+00 5.48762024e-02
397 4 3.92699082e+00 5.53884249e-02
398 4 3.92699082e+00 5.49045278e-02
399 4 3.92699082e+00 5.60636173e-02
400 4 3.92699082e+00 5.55116520e-02
401 4 3.92699082e+00 5.54682114e-02
402 4 3.92699082e+00 5.51622899e-02
403 4 3.92699082e+00 5.50002746e-02
404 4 3.92699082e+00 5.57515936e-02
405 4 3.92699082e+00 5.50531441e-02
406 4 3.92699082e+00 5.57894718e-02
407 4 3.92699082e+00 5.53135500e-02
408 4 3.92699082e+00 5.41076461e-02
409 4 3.92699082e+00 5.61935237e-02
410 4 3.92699082e+00 5.48192333e-02
411 4 3.92699082e+00 5.54803742e-02
412 4 3.92699082e+00 5.36370921e-02
413 4 3.92699082e+00 5.54095513e-02
414 4 3.92699082e+00 5.58748846e-02
415 4 3.92699082e+00 5.73508615e-02
416 4 3.92699082e+00 5.63551840e-02
417 4 3.92699082e+00 5.48350576e-02
418 4 3.92699082e+00 5.62209370e-02
419 4 3.92699082e+00 5.57006757e-02
420 4 3.92699082e+00 5.54400411e-02
421 4 3.92699082e+00 5.52851704e-02
422 4 3.92699082e+00 5.54352164e-02
423 4 3.92699082e+00 5.57836153e-02
424 4 3.92699082e+00 5.48473840e-02
425 4 3.92699082e+00 5.62913850e-02
426 4 3.92699082e+00 5.46516115e-02
427 4 3.92699082e+00 5.61402470e-02
428 4 3.92699082e+00 5.60912218e-02
429 4 3.92699082e+00 5.56507544e-02
430 4 3.92699082e+00 5.55126142e-02
431 4 3.92699082e+00 5.57105402e-02
432 4 3.92699082e+00 5.54279180e-02
433 4 3.92699082e+00 5.60406418e-02
434 4 3.92699082e+00 5.56848573e-02
435 4 3.92699082e+00 5.68592509e-02
436 4 3.92699082e+00 5.54944825e-02
437 4 3.92699082e+00 5.58474680e-02
438 4 3.92699082e+00 5.61457383e-02
439 4 3.92699082e+00 5.56600805e-02
440 4 3.92699082e+00 5.53575857e-02
441 4 3.92699082e+00 5.57808776e-02
442 4 3.92699082e+00 5.59998261e-02
443 4 3.92699082e+00 5.55839823e-02
444 4 3.92699082e+00 5.53607502e-02
445 4 3.92699082e+00 5.55125461e-02
446 4 3.92699082e+00 5.49936843e-02
447 4 3.92699082e+00 5.60288360e-02
448 4 3.92699082e+00 5.62535616e-02
449 4 3.92699082e+00 5.61958711e-02
450 4 3.92699082e+00 5.58282346e-02
451 4 3.92699082e+00 5.57852013e-02
452 4 3.92699082e+00 5.54031927e-02
453 4 3.92699082e+00 5.54686055e-02
454 4 3.92699082e+00 5.49815651e-02
455 4 3.92699082e+00 5.60314595e-02
456 4 3.92699082e+00 5.55156556e-02
457 4 3.92699082e+00 5.46174808e-02
458 4 3.92699082e+00 5.61541902e-02
459 4 3.92699082e+00 5.70377011e-02
460 4 3.92699082e+00 5.60059892e-02
461 4 3.92699082e+00 5.55644189e-02
462 4 3.92699082e+00 5.53007216e-02
463 4 3.92699082e+00 5.71385220e-02
464 4 3.92699082e+00 5.60066253e-02
465 4 3.92699082e+00 5.54927055e-02
466 4 3.92699082e+00 5.53878296e-02
467 4 3.92699082e+00 5.58906030e-02
468 4 3.92699082e+00 5.62984521e-02
469 4 3.92699082e+00 5.44265497e-02
470 4 3.92699082e+00 5.57224224e-02
471 4 3.92699082e+00 5.56102920e-02
472 4 3.92699082e+00 5.68441816e-02
473 4 3.92699082e+00 5.53780193e-02
474 4 3.92699082e+00 5.54480347e-02
475 4 3.92699082e+00 5.51691535e-02
476 4 3.92699082e+00 5.56515244e-02
477 4 3.92699082e+00 5.52297239e-02
478 4 3.92699082e+00 5.57012562e-02
479 4 3.92699082e+00 5.46207582e-02
480 4 3.92699082e+00 5.59816142e-02
481 4 3.92699082e+00 5.56487400e-02
482 4 3.92699082e+00 5.53586865e-02
483 4 3.92699082e+00 5.60402153e-02
484 4 3.92699082e+00 5.60679386e-02
485 4 3.92699082e+00 5.48767099e-02
486 4 3.92699082e+00 5.54402489e-02
487 4 3.92699082e+00 5.58529822e-02
488 4 3.92699082e+00 5.58785898e-02
489 4 3.92699082e+00 5.58826210e-02
490 4 3.92699082e+00 5.55964041e-02
491 4 3.92699082e+00 5.70090279e-02
492 4 3.92699082e+00 5.66463717e-02
493 4 3.92699082e+00 5.46419403e-02
494 4 3.92699082e+00 5.63301958e-02
495 4 3.92699082e+00 5.58778783e-02
496 4 3.92699082e+00 5.59002704e-02
497 4 3.92699082e+00 5.57526701e-02
498 4 3.92699082e+00 5.56898048e-02
499 4 3.92699082e+00 5.59579064e-02
500 4 3.92699082e+00 5.64127772e-02
501 4 3.92699082e+00 5.62988809e-02
502 4 3.92699082e+00 5.57403094e-02
503 4 3.92699082e+00 5.56629582e-02
504 4 3.92699082e+00 5.61781678e-02
505 4 3.92699082e+00 5.54877114e-02
506 4 3.92699082e+00 5.58979092e-02
507 4 3.92699082e+00 5.51803304e-02
508 4 3.92699082e+00 5.51981144e-02
509 4 3.92699082e+00 5.56772536e-02
510 4 3.92699082e+00 5.41125637e-02
511 4 3.92699082e+00 5.43413944e-02
512 4 3.92699082e+00 5.54839633e-02
513 4 3.92699082e+00 5.45601533e-02
514 4 3.92699082e+00 5.68447806e-02
515 4 3.92699082e+00 5.58583860e-02
516 4 3.92699082e+00 5.54966847e-02
517 4 3.92699082e+00 5.55048155e-02
518 4 3.92699082e+00 5.49761099e-02
519 4 3.92699082e+00 5.49004209e-02
520 4 3.92699082e+00 5.51246282e-02
521 4 3.92699082e+00 5.60051959e-02
522 4 3.92699082e+00 5.59932846e-02
523 4 3.92699082e+00 5.51258769e-02
524 4 3.92699082e+00 5.44194345e-02
525 4 3.92699082e+00 5.52162344e-02
526 4 3.92699082e+00 5.60881494e-02
527 4 3.92699082e+00 5.53219650e-02
528 4 3.92699082e+00 5.49897084e-02
529 4 3.92699082e+00 5.59710496e-02
530 4 3.92699082e+00 5.54035702e-02
531 4 3.92699082e+00 5.48453985e-02
532 4 3.92699082e+00 5.60532135e-02
533 4 3.92699082e+00 5.54396683e-02
534 4 3.92699082e+00 5.52310545e-02
535 4 3.92699082e+00 5.52753136e-02
536 4 3.92699082e+00 5.63370265e-02
537 4 3.92699082e+00 5.56297405e-02
538 4 3.92699082e+00 5.55113828e-02
539 4 3.92699082e+00 5.52900083e-02
540 4 3.92699082e+00 5.55390190e-02
541 4 3.92699082e+00 5.54882307e-02
542 4 3.92699082e+00 5.43939799e-02
543 4 3.92699082e+00 5.41782315e-02
544 4 3.92699082e+00 5.55790240e-02
545 4 3.92699082e+00 5.54004746e-02
546 4 3.92699082e+00 5.55018578e-02
547 4 3.92699082e+00 5.46743989e-02
548 4 3.92699082e+00 5.44208844e-02
549 4 3.92699082e+00 5.48035812e-02
550 4 3.92699082e+00 5.58494345e-02
551 4 3.92699082e+00 5.59680634e-02
552 4 3.92699082e+00 5.52623034e-02
553 4 3.92699082e+00 5.33918093e-02
554 4 3.92699082e+00 5.51107311e-02
555 4 3.92699082e+00 5.47360765e-02
556 4 3.92699082e+00 5.59937973e-02
557 4 3.92699082e+00 5.56122704e-02
558 4 3.92699082e+00 5.58468297e-02
559 4 3.92699082e+00 5.71854948e-02
560 4 3.92699082e+00 5.59527727e-02
561 4 3.92699082e+00 5.51445813e-02
562 4 3.92699082e+00 5.61022702e-02
563 4 3.92699082e+00 5.49098879e-02
564 4 3.92699082e+00 5.54784967e-02
565 4 3.92699082e+00 5.53087886e-02
566 4 3.92699082e+00 5.72777310e-02
567 4 3.92699082e+00 5.57612344e-02
568 4 3.92699082e+00 5.52637800e-02
569 4 3.92699082e+00 5.56801899e-02
570 4 3.92699082e+00 5.48056635e-02
571 4 3.92699082e+00 5.61103778e-02
572 4 3.92699082e+00 5.46623965e-02
573 4 3.92699082e+00 5.51793625e-02
574 4 3.92699082e+00 5.58651016e-02
575 4 3.92699082e+00 5.57874736e-02
576 4 3.92699082e+00 5.61943505e-02
577 4 3.92699082e+00 5.47201959e-02
578 4 3.92699082e+00 5.53552708e-02
579 4 3.92699082e+00 5.54934235e-02
580 4 3.92699082e+00 5.46974251e-02
581 4 3.92699082e+00 5.38557143e-02
582 4 3.92699082e+00 5.58371329e-02
583 4 3.92699082e+00 5.60187434e-02
584 4 3.92699082e+00 5.50318809e-02
585 4 3.92699082e+00 5.42545204e-02
586 4 3.92699082e+00 5.54666803e-02
587 4 3.92699082e+00 5.68152642e-02
588 4 3.92699082e+00 5.58035188e-02
589 4 3.92699082e+00 5.57934826e-02
590 4 3.92699082e+00 5.53693193e-02
591 4 3.92699082e+00 5.44596185e-02
592 4 3.92699082e+00 5.50570858e-02
593 4 3.92699082e+00 5.67125656e-02
594 4 3.92699082e+00 5.55589485e-02
595 4 3.92699082e+00 5.53128965e-02
596 4 3.92699082e+00 5.62620422e-02
597 4 3.92699082e+00 5.53421739e-02
598 4 3.92699082e+00 5.45691492e-02
599 4 3.92699082e+00 5.51691776e-02
600 4 3.92699082e+00 5.57251838e-02
601 4 3.92699082e+00 5.51879966e-02
602 4 3.92699082e+00 5.64775079e-02
603 4 3.92699082e+00 5.60722033e-02
604 4 3.92699082e+00 5.50176851e-02
605 4 3.92699082e+00 5.57176569e-02
606 4 3.92699082e+00 5.57779897e-02
607 4 3.92699082e+00 5.53374687e-02
608 4 3.92699082e+00 5.55550183e-02
609 4 3.92699082e+00 5.60359120e-02
610 4 3.92699082e+00 5.56870326e-02
611 4 3.92699082e+00 5.63823443e-02
612 4 3.92699082e+00 5.47560536e-02
613 4 3.92699082e+00 5.63872364e-02
614 4 3.92699082e+00 5.47514018e-02
615 4 3.92699082e+00 5.47454124e-02
616 4 3.92699082e+00 5.51132908e-02
617 4 3.92699082e+00 5.56411549e-02
618 4 3.92699082e+00 5.56266375e-02
619 4 3.92699082e+00 5.46715640e-02
620 4 3.92699082e+00 5.69695980e-02
621 4 3.92699082e+00 5.49002718e-02
622 4 3.92699082e+00 5.48177466e-02
623 4 3.92699082e+00 5.59091610e-02
624 4 3.92699082e+00 5.53688358e-02
625 4 3.92699082e+00 5.59890412e-02
626 4 3.92699082e+00 5.49166941e-02
627 4 3.92699082e+00 5.63072751e-02
628 4 3.92699082e+00 5.62609473e-02
629 4 3.92699082e+00 5.75350907e-02
630 4 3.92699082e+00 5.57813727e-02
631 4 3.92699082e+00 5.58463487e-02
632 4 3.92699082e+00 5.51256958e-02
633 4 3.92699082e+00 5.36366171e-02
634 4 3.92699082e+00 5.65395016e-02
635 4 3.92699082e+00 5.51117993e-02
636 4 3.92699082e+00 5.42415672e-02
637 4 3.92699082e+00 5.77345211e-02
638 4 3.92699082e+00 5.40975441e-02
639 4 3.92699082e+00 5.53597804e-02
640 4 3.92699082e+00 5.52550507e-02
641 4 3.92699082e+00 5.62349205e-02
642 4 3.92699082e+00 5.64307026e-02
643 4 3.92699082e+00 5.56090931e-02
644 4 3.92699082e+00 5.62291457e-02
645 4 3.92699082e+00 5.61703999e-02
646 4 3.92699082e+00 5.52985208e-02
647 4 3.92699082e+00 5.63380670e-02
648 4 3.92699082e+00 5.53496953e-02
649 4 3.92699082e+00 5.70870282e-02
650 4 3.92699082e+00 5.62579389e-02
651 4 3.92699082e+00 5.54492856e-02
652 4 3.92699082e+00 5.52370954e-02
653 4 3.92699082e+00 5.63669864e-02
654 4 3.92699082e+00 5.60052631e-02
655 4 3.92699082e+00 5.64497603e-02
656 4 3.92699082e+00 5.56505151e-02
657 4 3.92699082e+00 5.39271407e-02
658 4 3.92699082e+00 5.56314004e-02
659 4 3.92699082e+00 5.52911035e-02
660 4 3.92699082e+00 5.60623068e-02
661 4 3.92699082e+00 5.42521156e-02
662 4 3.92699082e+00 5.56676240e-02
663 4 3.92699082e+00 5.56093162e-02
664 4 3.92699082e+00 5.50839228e-02
665 4 3.92699082e+00 5.63530832e-02
666 4 3.92699082e+00 5.53421960e-02
667 4 3.92699082e+00 5.79801856e-02
668 4 3.92699082e+00 5.62300495e-02
669 4 3.92699082e+00 5.56825316e-02
670 4 3.92699082e+00 5.54140263e-02
671 4 3.92699082e+00 5.60244619e-02
672 4 3.92699082e+00 5.55062374e-02
673 4 3.92699082e+00 5.67851731e-02
674 4 3.92699082e+00 5.46481081e-02
675 4 3.92699082e+00 5.47235298e-02
676 4 3.92699082e+00 5.57695052e-02
677 4 3.92699082e+00 5.50074979e-02
678 4 3.92699082e+00 5.53244847e-02
679 4 3.92699082e+00 5.60090159e-02
680 4 3.92699082e+00 5.71499629e-02
681 4 3.92699082e+00 5.58929485e-02
682 4 3.92699082e+00 5.61146152e-02
683 4 3.92699082e+00 5.51477291e-02
684 4 3.92699082e+00 5.54874150e-02
685 4 3.92699082e+00 5.52968288e-02
686 4 3.92699082e+00 5.61025040e-02
687 4 3.92699082e+00 5.48413717e-02
688 4 3.92699082e+00 5.59406589e-02
689 4 3.92699082e+00 5.47904352e-02
690 4 3.92699082e+00 5.50354846e-02
691 4 3.92699082e+00 5.43126119e-02
692 4 3.92699082e+00 5.55571737e-02
693 4 3.92699082e+00 5.64532159e-02
694 4 3.92699082e+00 5.61643411e-02
695 4 3.92699082e+00 5.51713853e-02
696 4 3.92699082e+00 5.58366672e-02
697 4 3.92699082e+00 5.56414614e-02
698 4 3.92699082e+00 5.54864536e-02
699 4 3.92699082e+00 5.43890991e-02
700 4 3.92699082e+00 5.52278823e-02
701 4 3.92699082e+00 5.55061183e-02
702 4 3.92699082e+00 5.55520256e-02
703 4 3.92699082e+00 5.53364253e-02
704 4 3.92699082e+00 5.54471391e-02
705 4 3.92699082e+00 5.66111811e-02
706 4 3.92699082e+00 5.67418561e-02
707 4 3.92699082e+00 5.54820744e-02
708 4 3.92699082e+00 5.60054645e-02
709 4 3.92699082e+00 5.53625566e-02
710 4 3.92699082e+00 5.56431125e-02
711 4 3.92699082e+00 5.56125543e-02
712 4 3.92699082e+00 5.53187739e-02
713 4 3.92699082e+00 5.60259660e-02
714 4 3.92699082e+00 5.50434171e-02
715 4 3.92699082e+00 5.65369081e-02
716 4 3.92699082e+00 5.57747731e-02
717 4 3.92699082e+00 5.63970727e-02
718 4 3.92699082e+00 5.59155455e-02
719 4 3.92699082e+00 5.53840866e-02
720 4 3.92699082e+00 5.52679219e-02
721 4 3.92699082e+00 5.55739643e-02
722 4 3.92699082e+00 5.62040375e-02
723 4 3.92699082e+00 5.56247712e-02
724 4 3.92699082e+00 5.44668681e-02
725 4 3.92699082e+00 5.62836736e-02
726 4 3.92699082e+00 5.56225241e-02
727 4 3.92699082e+00 5.45101807e-02
728 4 3.92699082e+00 5.47843411e-02
729 4 3.92699082e+00 5.39816190e-02
730 4 3.92699082e+00 5.54304662e-02
731 4 3.92699082e+00 5.40077498e-02
732 4 3.92699082e+00 5.58934128e-02
733 4 3.92699082e+00 5.53607030e-02
734 4 3.92699082e+00 5.48065937e-02
735 4 3.92699082e+00 5.54289514e-02
736 4 3.92699082e+00 5.62196747e-02
737 4 3.92699082e+00 5.55193343e-02
738 4 3.92699082e+00 5.49307869e-02
739 4 3.92699082e+00 5.57017132e-02
740 4 3.92699082e+00 5.44096619e-02
741 4 3.92699082e+00 5.49430030e-02
742 4 3.92699082e+00 5.52657325e-02
743 4 3.92699082e+00 5.53345429e-02
744 4 3.92699082e+00 5.51774485e-02
745 4 3.92699082e+00 5.43649987e-02
746 4 3.92699082e+00 5.53671055e-02
747 4 3.92699082e+00 5.54918807e-02
748 4 3.92699082e+00 5.48142728e-02
749 4 3.92699082e+00 5.56770413e-02
750 4 3.92699082e+00 5.59176391e-02
751 4 3.92699082e+00 5.60981454e-02
752 4 3.92699082e+00 5.44459818e-02
753 4 3.92699082e+00 5.52568866e-02
754 4 3.92699082e+00 5.42506077e-02
755 4 3.92699082e+00 5.68407102e-02
756 4 3.92699082e+00 5.47067694e-02
757 4 3.92699082e+00 5.46719662e-02
758 4 3.92699082e+00 5.70984804e-02
759 4 3.92699082e+00 5.57269058e-02
760 4 3.92699082e+00 5.55059834e-02
761 4 3.92699082e+00 5.56318818e-02
762 4 3.92699082e+00 5.58498378e-02
763 4 3.92699082e+00 5.68183699e-02
764 4 3.92699082e+00 5.61029041e-02
765 4 3.92699082e+00 5.54297010e-02
766 4 3.92699082e+00 5.60977885e-02
767 4 3.92699082e+00 5.45538583e-02
768 4 3.92699082e+00 5.55682375e-02
769 4 3.92699082e+00 5.49119970e-02
770 4 3.92699082e+00 5.51884882e-02
771 4 3.92699082e+00 5.53635845e-02
772 4 3.92699082e+00 5.58238447e-02
773 4 3.92699082e+00 5.69262414e-02
774 4 3.92699082e+00 5.64536206e-02
775 4 3.92699082e+00 5.48807238e-02
776 4 3.92699082e+00 5.44154237e-02
777 4 3.92699082e+00 5.61820043e-02
778 4 3.92699082e+00 5.52831410e-02
779 4 3.92699082e+00 5.58417874e-02
780 4 3.92699082e+00 5.54127299e-02
781 4 3.92699082e+00 5.47835926e-02
782 4 3.92699082e+00 5.57765070e-02
783 4 3.92699082e+00 5.51289814e-02
784 4 3.92699082e+00 5.30666534e-02
785 4 3.92699082e+00 5.43021005e-02
786 4 3.92699082e+00 5.61939633e-02
787 4 3.92699082e+00 5.54005622e-02
788 4 3.92699082e+00 5.52041213e-02
789 4 3.92699082e+00 5.54556458e-02
790 4 3.92699082e+00 5.51534803e-02
791 4 3.92699082e+00 5.53292172e-02
792 4 3.92699082e+00 5.60966433e-02
793 4 3.92699082e+00 5.53185811e-02
794 4 3.92699082e+00 5.65423069e-02
795 4 3.92699082e+00 5.72048855e-02
796 4 3.92699082e+00 5.55761162e-02
797 4 3.92699082e+00 5.45943525e-02
798 4 3.92699082e+00 5.53226316e-02
799 4 3.92699082e+00 5.65857917e-02
800 4 3.92699082e+00 5.55457158e-02
801 4 3.92699082e+00 5.54451103e-02
802 4 3.92699082e+00 5.43124588e-02
803 4 3.92699082e+00 5.60058185e-02
804 4 3.92699082e+00 5.48340008e-02
805 4 3.92699082e+00 5.41070844e-02
806 4 3.92699082e+00 5.61654426e-02
807 4 3.92699082e+00 5.56801316e-02
808 4 3.92699082e+00 5.59814094e-02
809 4 3.92699082e+00 5.60124518e-02
810 4 3.92699082e+00 5.57750923e-02
811 4 3.92699082e+00 5.55851985e-02
812 4 3.92699082e+00 5.50741091e-02
813 4 3.92699082e+00 5.57485458e-02
814 4 3.92699082e+00 5.52860021e-02
815 4 3.92699082e+00 5.56931101e-02
816 4 3.92699082e+00 5.57435823e-02
817 4 3.92699082e+00 5.63585475e-02
818 4 3.92699082e+00 5.47894675e-02
819 4 3.92699082e+00 5.44830281e-02
820 4 3.92699082e+00 5.59653818e-02
821 4 3.92699082e+00 5.51498629e-02
822 4 3.92699082e+00 5.63974743e-02
823 4 3.92699082e+00 5.52306252e-02
824 4 3.92699082e+00 5.56558773e-02
825 4 3.92699082e+00 5.47482497e-02
826 4 3.92699082e+00 5.53453972e-02
827 4 3.92699082e+00 5.46105828e-02
828 4 3.92699082e+00 5.56515311e-02
829 4 3.92699082e+00 5.62216761e-02
830 4 3.92699082e+00 5.50738181e-02
831 4 3.92699082e+00 5.59026332e-02
832 4 3.92699082e+00 5.58741736e-02
833 4 3.92699082e+00 5.45877376e-02
834 4 3.92699082e+00 5.49928997e-02
835 4 3.92699082e+00 5.53706781e-02
836 4 3.92699082e+00 5.61538724e-02
837 4 3.92699082e+00 5.64694913e-02
838 4 3.92699082e+00 5.54517878e-02
839 4 3.92699082e+00 5.58398479e-02
840 4 3.92699082e+00 5.50906433e-02
841 4 3.92699082e+00 5.55120596e-02
842 4 3.92699082e+00 5.56194903e-02
843 4 3.92699082e+00 5.64101683e-02
844 4 3.92699082e+00 5.46745585e-02
845 4 3.92699082e+00 5.64175313e-02
846 4 3.92699082e+00 5.60513687e-02
847 4 3.92699082e+00 5.42736214e-02
848 4 3.92699082e+00 5.66039339e-02
849 4 3.92699082e+00 5.58549440e-02
850 4 3.92699082e+00 5.43406628e-02
851 4 3.92699082e+00 5.66096517e-02
852 4 3.92699082e+00 5.64251788e-02
853 4 3.92699082e+00 5.43950057e-02
854 4 3.92699082e+00 5.52138748e-02
855 4 3.92699082e+00 5.60142598e-02
856 4 3.92699082e+00 5.50714250e-02
857 4 3.92699082e+00 5.58150637e-02
858 4 3.92699082e+00 5.55839474e-02
859 4 3.92699082e+00 5.56809246e-02
860 4 3.92699082e+00 5.56283879e-02
861 4 3.92699082e+00 5.56656474e-02
862 4 3.92699082e+00 5.54447391e-02
863 4 3.92699082e+00 5.53279471e-02
864 4 3.92699082e+00 5.66171056e-02
865 4 3.92699082e+00 5.55005756e-02
866 4 3.92699082e+00 5.59972134e-02
867 4 3.92699082e+00 5.51712767e-02
868 4 3.92699082e+00 5.59313117e-02
869 4 3.92699082e+00 5.57264725e-02
870 4 3.92699082e+00 5.58188231e-02
871 4 3.92699082e+00 5.57361583e-02
872 4 3.92699082e+00 5.57585080e-02
873 4 3.92699082e+00 5.59506688e-02
874 4 3.92699082e+00 5.41039645e-02
875 4 3.92699082e+00 5.52051527e-02
876 4 3.92699082e+00 5.60671089e-02
877 4 3.92699082e+00 5.57929901e-02
878 4 3.92699082e+00 5.45401859e-02
879 4 3.92699082e+00 5.52394354e-02
880 4 3.92699082e+00 5.47935784e-02
881 4 3.92699082e+00 5.59839532e-02
882 4 3.92699082e+00 5.61336081e-02
883 4 3.92699082e+00 5.55537307e-02
884 4 3.92699082e+00 5.45123968e-02
885 4 3.92699082e+00 5.58628437e-02
886 4 3.92699082e+00 5.72002645e-02
887 4 3.92699082e+00 5.53043385e-02
888 4 3.92699082e+00 5.58166339e-02
889 4 3.92699082e+00 5.53237597e-02
890 4 3.92699082e+00 5.60595355e-02
891 4 3.92699082e+00 5.49477646e-02
892 4 3.92699082e+00 5.59043490e-02
893 4 3.92699082e+00 5.51657896e-02
894 4 3.92699082e+00 5.61702735e-02
895 4 3.92699082e+00 5.69193667e-02
896 4 3.92699082e+00 5.55815013e-02
897 4 3.92699082e+00 5.66828917e-02
898 4 3.92699082e+00 5.67194746e-02
899 4 3.92699082e+00 5.45950529e-02
900 4 3.92699082e+00 5.61857502e-02
901 4 3.92699082e+00 5.59857157e-02
902 4 3.92699082e+00 5.60096028e-02
903 4 3.92699082e+00 5.61322326e-02
904 4 3.92699082e+00 5.50846778e-02
905 4 3.92699082e+00 5.48418949e-02
906 4 3.92699082e+00 5.58955089e-02
907 4 3.92699082e+00 5.48755723e-02
908 4 3.92699082e+00 5.50106664e-02
909 4 3.92699082e+00 5.70715180e-02
910 4 3.92699082e+00 5.56922448e-02
911 4 3.92699082e+00 5.62772749e-02
912 4 3.92699082e+00 5.51980024e-02
913 4 3.92699082e+00 5.66165497e-02
914 4 3.92699082e+00 5.49306816e-02
915 4 3.92699082e+00 5.58556600e-02
916 4 3.92699082e+00 5.46477822e-02
917 4 3.92699082e+00 5.64024773e-02
918 4 3.92699082e+00 5.63349908e-02
919 4 3.92699082e+00 5.50164043e-02
920 4 3.92699082e+00 5.50400964e-02
921 4 3.92699082e+00 5.57134614e-02
922 4 3.92699082e+00 5.54904669e-02
923 4 3.92699082e+00 5.55351191e-02
924 4 3.92699082e+00 5.61105800e-02
925 4 3.92699082e+00 5.58419831e-02
926 4 3.92699082e+00 5.59629492e-02
927 4 3.92699082e+00 5.57408572e-02
928 4 3.92699082e+00 5.63703475e-02
929 4 3.92699082e+00 5.56851263e-02
930 4 3.92699082e+00 5.53168350e-02
931 4 3.92699082e+00 5.55192917e-02
932 4 3.92699082e+00 5.56052417e-02
933 4 3.92699082e+00 5.53353116e-02
934 4 3.92699082e+00 5.48624888e-02
935 4 3.92699082e+00 5.50438860e-02
936 4 3.92699082e+00 5.54620161e-02
937 4 3.92699082e+00 5.51508568e-02
938 4 3.92699082e+00 5.59316761e-02
939 4 3.92699082e+00 5.68435603e-02
940 4 3.92699082e+00 5.40757651e-02
941 4 3.92699082e+00 5.53549987e-02
942 4 3.92699082e+00 5.57736726e-02
943 4 3.92699082e+00 5.55222286e-02
944 4 3.92699082e+00 5.64619144e-02
945 4 3.92699082e+00 5.53175328e-02
946 4 3.92699082e+00 5.63015041e-02
947 4 3.92699082e+00 5.54162100e-02
948 4 3.92699082e+00 5.60175063e-02
949 4 3.92699082e+00 5.53583987e-02
950 4 3.92699082e+00 5.51756176e-02
951 4 3.92699082e+00 5.65800246e-02
952 4 3.92699082e+00 5.52821262e-02
953 4 3.92699082e+00 5.55726872e-02
954 4 3.92699082e+00 5.54344607e-02
955 4 3.92699082e+00 5.53638019e-02
956 4 3.92699082e+00 5.56175252e-02
957 4 3.92699082e+00 5.57095243e-02
958 4 3.92699082e+00 5.37417156e-02
959 4 3.92699082e+00 5.49916662e-02
960 4 3.92699082e+00 5.62351653e-02
961 4 3.92699082e+00 5.60748108e-02
962 4 3.92699082e+00 5.58920284e-02
963 4 3.92699082e+00 5.48900842e-02
964 4 3.92699082e+00 5.65218913e-02
965 4 3.92699082e+00 5.56813694e-02
966 4 3.92699082e+00 5.52118393e-02
967 4 3.92699082e+00 5.65360710e-02
968 4 3.92699082e+00 5.49340711e-02
969 4 3.92699082e+00 5.49994187e-02
970 4 3.92699082e+00 5.54834203e-02
971 4 3.92699082e+00 5.49562981e-02
972 4 3.92699082e+00 5.44993838e-02
973 4 3.92699082e+00 5.56627000e-02
974 4 3.92699082e+00 5.52232453e-02
975 4 3.92699082e+00 5.50264685e-02
976 4 3.92699082e+00 5.59227373e-02
977 4 3.92699082e+00 5.53375269e-02
978 4 3.92699082e+00 5.52163151e-02
979 4 3.92699082e+00 5.40228750e-02
980 4 3.92699082e+00 5.59971531e-02
981 4 3.92699082e+00 5.56842009e-02
982 4 3.92699082e+00 5.56406439e-02
983 4 3.92699082e+00 5.60936426e-02
984 4 3.92699082e+00 5.48994170e-02
985 4 3.92699082e+00 5.62542260e-02
986 4 3.92699082e+00 5.61884775e-02
987 4 3.92699082e+00 5.39981084e-02
988 4 3.92699082e+00 5.45292813e-02
989 4 3.92699082e+00 5.60654452e-02
990 4 3.92699082e+00 5.58251883e-02
991 4 3.92699082e+00 5.59778788e-02
992 4 3.92699082e+00 5.60067908e-02
993 4 3.92699082e+00 5.56956592e-02
994 4 3.92699082e+00 5.59731941e-02
995 4 3.92699082e+00 5.68630482e-02
996 4 3.92699082e+00 5.67657664e-02
997 4 3.92699082e+00 5.58560680e-02
998 4 3.92699082e+00 5.60773343e-02
999 4 3.92699082e+00 5.51933070e-02
1000 4 3.92699082e+00 5.56198164e-02
1001 4 3.92699082e+00 5.71293245e-02
1002 4 3.92699082e+00 5.44733754e-02
1003 4 3.92699082e+00 5.56890991e-02
1004 4 3.92699082e+00 5.57176921e-02
1005 4 3.92699082e+00 5.47006617e-02
1006 4 3.92699082e+00 5.58556697e-02
1007 4 3.92699082e+00 5.53680044e-02
1008 4 3.92699082e+00 5.57363749e-02
1009 4 3.92699082e+00 5.51227784e-02
1010 4 3.92699082e+00 5.47380232e-02
1011 4 3.92699082e+00 5.55287516e-02
1012 4 3.92699082e+00 5.51188697e-02
1013 4 3.92699082e+00 5.64318503e-02
1014 4 3.92699082e+00 5.51689121e-02
1015 4 3.92699082e+00 5.54737135e-02
1016 4 3.92699082e+00 5.47437182e-02
1017 4 3.92699082e+00 5.44885368e-02
1018 4 3.92699082e+00 5.60108907e-02
1019 4 3.92699082e+00 5.57689669e-02
1020 4 3.92699082e+00 5.53737330e-02
1021 4 3.92699082e+00 5.51684154e-02
1022 4 3.92699082e+00 5.59199993e-02
1023 4 3.92699082e+00 5.58866376e-02
1024 4 3.92699082e+00 5.58208212e-02
1025 4 3.92699082e+00 5.52682021e-02
0 5 4.90873852e+00 5.89558846e-02
1 5 4.90873852e+00 5.80058946e-02
2 5 4.90873852e+00 5.80107745e-02
3 5 4.90873852e+00 5.80584587e-02
4 5 4.90873852e+00 5.76166628e-02
5 5 4.90873852e+00 5.63416514e-02
6 5 4.90873852e+00 5.88162648e-02
7 5 4.90873852e+00 5.95788262e-02
8 5 4.90873852e+00 5.86284706e-02
9 5 4.90873852e+00 5.70896924e-02
10 5 4.90873852e+00 5.64811227e-02
11 5 4.90873852e+00 5.82801289e-02
12 5 4.90873852e+00 5.76850125e-02
13 5 4.90873852e+00 5.97515255e-02
14 5 4.90873852e+00 5.89064689e-02
15 5 4.90873852e+00 5.72559776e-02
16 5 4.90873852e+00 5.64925970e-02
17 5 4.90873852e+00 5.74104034e-02
18 5 4.90873852e+00 5.60186304e-02
19 5 4.90873852e+00 5.72581181e-02
20 5 4.90873852e+00 5.91965491e-02
21 5 4.90873852e+00 5.70358418e-02
22 5 4.90873852e+00 5.76447612e-02
23 5 4.90873852e+00 5.80980118e-02
24 5 4.90873852e+00 5.80049178e-02
25 5 4.90873852e+00 5.69260736e-02
26 5 4.90873852e+00 5.68489008e-02
27 5 4.90873852e+00 5.82937985e-02
28 5 4.90873852e+00 6.02455527e-02
29 5 4.90873852e+00 5.93285546e-02
30 5 4.90873852e+00 5.82459174e-02
31 5 4.90873852e+00 5.87760468e-02
32 5 4.90873852e+00 5.66496007e-02
33 5 4.90873852e+00 5.98069788e-02
34 5 4.90873852e+00 5.86769640e-02
35 5 4.90873852e+00 5.63012352e-02
36 5 4.90873852e+00 5.69961548e-02
37 5 4.90873852e+00 5.79002324e-02
38 5 4.90873852e+00 5.89440010e-02
39 5 4.90873852e+00 5.80716296e-02
40 5 4.90873852e+00 5.70993204e-02
41 5 4.90873852e+00 5.89468419e-02
42 5 4.90873852e+00 5.77185254e-02
43 5 4.90873852e+00 5.73817605e-02
44 5 4.90873852e+00 5.76373673e-02
45 5 4.90873852e+00 5.80950379e-02
46 5 4.90873852e+00 5.77477818e-02
47 5 4.90873852e+00 5.93468400e-02
48 5 4.90873852e+00 5.92600296e-02
49 5 4.90873852e+00 5.79017843e-02
50 5 4.90873852e+00 5.70748718e-02
51 5 4.90873852e+00 5.80757866e-02
52 5 4.90873852e+00 5.78752050e-02
53 5 4.90873852e+00 5.83946413e-02
54 5 4.90873852e+00 5.89607302e-02
55 5 4.90873852e+00 5.80461951e-02
56 5 4.90873852e+00 5.81800811e-02
57 5 4.90873852e+00 5.75859525e-02
58 5 4.90873852e+00 5.65521950e-02
59 5 4.90873852e+00 5.66921487e-02
60 5 4.90873852e+00 5.76813145e-02
61 5 4.90873852e+00 5.71908669e-02
62 5 4.90873852e+00 5.76552679e-02
63 5 4.90873852e+00 5.67462748e-02
64 5 4.90873852e+00 5.74001237e-02
65 5 4.90873852e+00 5.74524579e-02
66 5 4.90873852e+00 5.74552041e-02
67 5 4.90873852e+00 5.80177849e-02
68 5 4.90873852e+00 5.77670692e-02
69 5 4.90873852e+00 5.81901554e-02
70 5 4.90873852e+00 5.83555158e-02
71 5 4.90873852e+00 5.82836458e-02
72 5 4.90873852e+00 5.65641896e-02
73 5 4.90873852e+00 5.86977862e-02
74 5 4.90873852e+00 5.81067420e-02
75 5 4.90873852e+00 5.86924092e-02
76 5 4.90873852e+00 5.69515688e-02
77 5 4.90873852e+00 5.77996239e-02
78 5 4.90873852e+00 5.84487351e-02
79 5 4.90873852e+00 5.76637110e-02
80 5 4.90873852e+00 5.73472549e-02
81 5 4.90873852e+00 5.83095424e-02
82 5 4.90873852e+00 5.77112098e-02
83 5 4.90873852e+00 5.83840310e-02
84 5 4.90873852e+00 5.70901144e-02
85 5 4.90873852e+00 5.83735046e-02
86 5 4.90873852e+00 5.74995940e-02
87 5 4.90873852e+00 5.83654031e-02
88 5 4.90873852e+00 5.90057672e-02
89 5 4.90873852e+00 5.85005342e-02
90 5 4.90873852e+00 5.85657446e-02
91 5 4.90873852e+00 5.76047214e-02
92 5 4.90873852e+00 5.76959350e-02
93 5 4.90873852e+00 5.85481679e-02
94 5 4.90873852e+00 5.73662762e-02
95 5 4.90873852e+00 5.88106977e-02
96 5 4.90873852e+00 5.78413349e-02
97 5 4.90873852e+00 5.73003276e-02
98 5 4.90873852e+00 5.72362386e-02
99 5 4.90873852e+00 5.76539316e-02
100 5 4.90873852e+00 5.82692151e-02
101 5 4.90873852e+00 5.90581963e-02
102 5 4.90873852e+00 5.86223953e-02
103 5 4.90873852e+00 5.92901286e-02
104 5 4.90873852e+00 5.79935934e-02
105 5 4.90873852e+00 5.57203181e-02
106 5 4.90873852e+00 5.74504230e-02
107 5 4.90873852e+00 5.76219923e-02
108 5 4.90873852e+00 5.92998824e-02
109 5 4.90873852e+00 5.88088443e-02
110 5 4.90873852e+00 5.94109876e-02
111 5 4.90873852e+00 5.85012357e-02
112 5 4.90873852e+00 5.78589919e-02
113 5 4.90873852e+00 5.74196327e-02
114 5 4.90873852e+00 5.89392837e-02
115 5 4.90873852e+00 5.84556583e-02
116 5 4.90873852e+00 5.63475083e-02
117 5 4.90873852e+00 5.74002672e-02
118 5 4.90873852e+00 5.88286753e-02
119 5 4.90873852e+00 5.66862279e-02
120 5 4.90873852e+00 5.70005339e-02
121 5 4.90873852e+00 5.85382354e-02
122 5 4.90873852e+00 5.81082123e-02
123 5 4.90873852e+00 5.72203410e-02
124 5 4.90873852e+00 5.76216652e-02
125 5 4.90873852e+00 5.90601605e-02
126 5 4.90873852e+00 5.69561626e-02
127 5 4.90873852e+00 5.85234131e-02
128 5 4.90873852e+00 5.86619738e-02
129 5 4.90873852e+00 5.73967012e-02
130 5 4.90873852e+00 5.85483252e-02
131 5 4.90873852e+00 5.83482972e-02
132 5 4.90873852e+00 5.71470493e-02
133 5 4.90873852e+00 5.91765244e-02
134 5 4.90873852e+00 5.75381445e-02
135 5 4.90873852e+00 5.80072667e-02
136 5 4.90873852e+00 5.82488054e-02
137 5 4.90873852e+00 5.74404327e-02
138 5 4.90873852e+00 5.81109585e-02
139 5 4.90873852e+00 5.79207264e-02
140 5 4.90873852e+00 5.69734260e-02
141 5 4.90873852e+00 5.78280730e-02
142 5 4.90873852e+00 5.73546009e-02
143 5 4.90873852e+00 5.90714421e-02
144 5 4.90873852e+00 5.93811801e-02
145 5 4.90873852e+00 5.65979002e-02
146 5 4.90873852e+00 5.84098927e-02
147 5 4.90873852e+00 5.73679871e-02
148 5 4.90873852e+00 5.69083833e-02
149 5 4.90873852e+00 5.75043610e-02
150 5 4.90873852e+00 5.73609851e-02
151 5 4.90873852e+00 5.78685398e-02
152 5 4.90873852e+00 5.76312109e-02
153 5 4.90873852e+00 5.69216692e-02
154 5 4.90873852e+00 5.76007660e-02
155 5 4.90873852e+00 5.72494163e-02
156 5 4.90873852e+00 5.84677527e-02
157 5 4.90873852e+00 5.84815009e-02
158 5 4.90873852e+00 5.86240356e-02
159 5 4.90873852e+00 5.84528772e-02
160 5 4.90873852e+00 5.62917188e-02
161 5 4.90873852e+00 5.83215469e-02
162 5 4.90873852e+00 5.74606888e-02
163 5 4.90873852e+00 5.89271689e-02
164 5 4.90873852e+00 5.81963238e-02
165 5 4.90873852e+00 5.84565156e-02
166 5 4.90873852e+00 5.74192041e-02
167 5 4.90873852e+00 5.71130083e-02
168 5 4.90873852e+00 5.78167954e-02
169 5 4.90873852e+00 5.93399193e-02
170 5 4.90873852e+00 5.77888632e-02
171 5 4.90873852e+00 5.72412824e-02
172 5 4.90873852e+00 5.72893873e-02
173 5 4.90873852e+00 5.97254299e-02
174 5 4.90873852e+00 5.85901752e-02
175 5 4.90873852e+00 5.73956805e-02
176 5 4.90873852e+00 5.82509689e-02
177 5 4.90873852e+00 5.82011918e-02
178 5 4.90873852e+00 5.83464498e-02
179 5 4.90873852e+00 5.81223708e-02
180 5 4.90873852e+00 5.66593989e-02
181 5 4.90873852e+00 5.74017789e-02
182 5 4.90873852e+00 5.74251353e-02
183 5 4.90873852e+00 5.76537190e-02
184 5 4.90873852e+00 5.64887817e-02
185 5 4.90873852e+00 5.74367349e-02
186 5 4.90873852e+00 5.75923368e-02
187 5 4.90873852e+00 5.77086383e-02
188 5 4.90873852e+00 5.78294203e-02
189 5 4.90873852e+00 5.75528710e-02
190 5 4.90873852e+00 5.89696463e-02
191 5 4.90873852e+00 5.86943018e-02
192 5 4.90873852e+00 5.78682084e-02
193 5 4.90873852e+00 5.72240959e-02
194 5 4.90873852e+00 5.83598809e-02
195 5 4.90873852e+00 5.80008182e-02
196 5 4.90873852e+00 5.71032039e-02
197 5 4.90873852e+00 5.68875861e-02
198 5 4.90873852e+00 5.87567995e-02
199 5 4.90873852e+00 5.97084829e-02
200 5 4.90873852e+00 5.70786640e-02
201 5 4.90873852e+00 5.56996014e-02
202 5 4.90873852e+00 5.69364168e-02
203 5 4.90873852e+00 5.89069774e-02
204 5 4.90873852e+00 5.79377545e-02
205 5 4.90873852e+00 5.70893698e-02
206 5 4.90873852e+00 5.69760644e-02
207 5 4.90873852e+00 5.82457929e-02
208 5 4.90873852e+00 5.86134318e-02
209 5 4.90873852e+00 5.87216883e-02
210 5 4.90873852e+00 5.69851656e-02
211 5 4.90873852e+00 5.79556972e-02
212 5 4.90873852e+00 5.94516539e-02
213 5 4.90873852e+00 5.69200521e-02
214 5 4.90873852e+00 5.81981470e-02
215 5 4.90873852e+00 5.77872773e-02
216 5 4.90873852e+00 5.70404195e-02
217 5 4.90873852e+00 5.75542258e-02
218 5 4.90873852e+00 5.75058646e-02
219 5 4.90873852e+00 5.85593810e-02
220 5 4.90873852e+00 5.73533268e-02
221 5 4.90873852e+00 5.70603011e-02
222 5 4.90873852e+00 5.88113337e-02
223 5 4.90873852e+00 5.78241975e-02
224 5 4.90873852e+00 5.84842087e-02
225 5 4.90873852e+00 5.70168540e-02
226 5 4.90873852e+00 5.79480860e-02
227 5 4.90873852e+00 5.91857865e-02
228 5 4.90873852e+00 5.77340527e-02
229 5 4.90873852e+00 5.92325762e-02
230 5 4.90873852e+00 5.71770241e-02
231 5 4.90873852e+00 5.83247354e-02
232 5 4.90873852e+00 5.81443356e-02
233 5 4.90873852e+00 5.80790718e-02
234 5 4.90873852e+00 5.84678827e-02
235 5 4.90873852e+00 5.94880481e-02
236 5 4.90873852e+00 5.91691830e-02
237 5 4.90873852e+00 5.74238195e-02
238 5 4.90873852e+00 5.78389653e-02
239 5 4.90873852e+00 5.77455617e-02
240 5 4.90873852e+00 5.75024540e-02
241 5 4.90873852e+00 5.78412063e-02
242 5 4.90873852e+00 5.69333340e-02
243 5 4.90873852e+00 5.76996665e-02
244 5 4.90873852e+00 5.79594853e-02
245 5 4.90873852e+00 5.74706185e-02
246 5 4.90873852e+00 5.78976895e-02
247 5 4.90873852e+00 5.80562607e-02
248 5 4.90873852e+00 5.84103382e-02
249 5 4.90873852e+00 5.83016687e-02
250 5 4.90873852e+00 5.72241131e-02
251 5 4.90873852e+00 5.69837196e-02
252 5 4.90873852e+00 5.89041507e-02
253 5 4.90873852e+00 5.70071593e-02
254 5 4.90873852e+00 5.81468685e-02
255 5 4.90873852e+00 5.95206349e-02
256 5 4.90873852e+00 5.77204065e-02
257 5 4.90873852e+00 5.73401105e-02
258 5 4.90873852e+00 5.74757749e-02
259 5 4.90873852e+00 5.92154383e-02
260 5 4.90873852e+00 5.71669606e-02
261 5 4.90873852e+00 5.78351826e-02
262 5 4.90873852e+00 5.83859903e-02
263 5 4.90873852e+00 6.02997170e-02
264 5 4.90873852e+00 5.84437228e-02
265 5 4.90873852e+00 5.85445313e-02
266 5 4.90873852e+00 5.73317195e-02
267 5 4.90873852e+00 5.70174273e-02
268 5 4.90873852e+00 5.82255050e-02
269 5 4.90873852e+00 5.70070100e-02
270 5 4.90873852e+00 5.83413383e-02
271 5 4.90873852e+00 5.83687422e-02
272 5 4.90873852e+00 5.69374122e-02
273 5 4.90873852e+00 5.62032522e-02
274 5 4.90873852e+00 5.70056172e-02
275 5 4.90873852e+00 5.72115193e-02
276 5 4.90873852e+00 5.77198658e-02
277 5 4.90873852e+00 5.85965414e-02
278 5 4.90873852e+00 5.71484945e-02
279 5 4.90873852e+00 5.88276919e-02
280 5 4.90873852e+00 5.86001586e-02
281 5 4.90873852e+00 5.76407687e-02
282 5 4.90873852e+00 5.74848016e-02
283 5 4.90873852e+00 5.71531372e-02
284 5 4.90873852e+00 5.76627925e-02
285 5 4.90873852e+00 5.80460360e-02
286 5 4.90873852e+00 5.74621119e-02
287 5 4.90873852e+00 5.75006804e-02
288 5 4.90873852e+00 5.93297095e-02
289 5 4.90873852e+00 5.88523908e-02
290 5 4.90873852e+00 5.90250783e-02
291 5 4.90873852e+00 5.90962910e-02
292 5 4.90873852e+00 5.67596235e-02
293 5 4.90873852e+00 5.89113459e-02
294 5 4.90873852e+00 5.70703427e-02
295 5 4.90873852e+00 5.67570639e-02
296 5 4.90873852e+00 5.79140527e-02
297 5 4.90873852e+00 5.98612704e-02
298 5 4.90873852e+00 5.71004412e-02
299 5 4.90873852e+00 5.70029271e-02
300 5 4.90873852e+00 5.73678642e-02
301 5 4.90873852e+00 5.74054078e-02
302 5 4.90873852e+00 5.69995862e-02
303 5 4.90873852e+00 5.87873610e-02
304 5 4.90873852e+00 5.80888430e-02
305 5 4.90873852e+00 5.77053868e-02
306 5 4.90873852e+00 5.72873964e-02
307 5 4.90873852e+00 5.80569035e-02
308 5 4.90873852e+00 5.70257860e-02
309 5 4.90873852e+00 5.77356319e-02
310 5 4.90873852e+00 5.85510448e-02
311 5 4.90873852e+00 5.74570667e-02
312 5 4.90873852e+00 5.86485955e-02
313 5 4.90873852e+00 5.69054303e-02
314 5 4.90873852e+00 5.95922384e-02
315 5 4.90873852e+00 5.68395944e-02
316 5 4.90873852e+00 5.89708676e-02
317 5 4.90873852e+00 5.69040464e-02
318 5 4.90873852e+00 5.77703639e-02
319 5 4.90873852e+00 5.79138418e-02
320 5 4.90873852e+00 5.83255475e-02
321 5 4.90873852e+00 5.82046362e-02
322 5 4.90873852e+00 5.87022725e-02
323 5 4.90873852e+00 5.70308370e-02
324 5 4.90873852e+00 5.84532485e-02
325 5 4.90873852e+00 5.73469341e-02
326 5 4.90873852e+00 5.69148622e-02
327 5 4.90873852e+00 5.91297313e-02
328 5 4.90873852e+00 5.89063455e-02
329 5 4.90873852e+00 5.75348015e-02
330 5 4.90873852e+00 5.73651753e-02
331 5 4.90873852e+00 5.76278064e-02
332 5 4.90873852e+00 5.77884248e-02
333 5 4.90873852e+00 5.82240533e-02
334 5 4.90873852e+00 5.73220807e-02
335 5 4.90873852e+00 5.78755379e-02
336 5 4.90873852e+00 5.87953524e-02
337 5 4.90873852e+00 5.65856539e-02
338 5 4.90873852e+00 5.82728844e-02
339 5 4.90873852e+00 5.91408418e-02
340 5 4.90873852e+00 5.82604154e-02
341 5 4.90873852e+00 5.74177714e-02
342 5 4.90873852e+00 5.77647898e-02
343 5 4.90873852e+00 5.66116137e-02
344 5 4.90873852e+00 5.75682741e-02
345 5 4.90873852e+00 5.90904460e-02
346 5 4.90873852e+00 5.66229122e-02
347 5 4.90873852e+00 5.81447220e-02
348 5 4.90873852e+00 5.85849960e-02
349 5 4.90873852e+00 5.93081370e-02
350 5 4.90873852e+00 5.64519706e-02
351 5 4.90873852e+00 5.89117292e-02
352 5 4.90873852e+00 5.73164553e-02
353 5 4.90873852e+00 5.86436240e-02
354 5 4.90873852e+00 5.70764154e-02
355 5 4.90873852e+00 5.94864402e-02
356 5 4.90873852e+00 5.90665449e-02
357 5 4.90873852e+00 5.88220734e-02
358 5 4.90873852e+00 5.73607517e-02
359 5 4.90873852e+00 5.74680892e-02
360 5 4.90873852e+00 5.82278944e-02
361 5 4.90873852e+00 5.75846385e-02
362 5 4.90873852e+00 5.82988417e-02
363 5 4.90873852e+00 5.72529320e-02
364 5 4.90873852e+00 5.90795082e-02
365 5 4.90873852e+00 5.74355415e-02
366 5 4.90873852e+00 5.65816258e-02
367 5 4.90873852e+00 5.61825867e-02
368 5 4.90873852e+00 5.59290230e-02
369 5 4.90873852e+00 5.73547810e-02
370 5 4.90873852e+00 5.69483797e-02
371 5 4.90873852e+00 5.75899071e-02
372 5 4.90873852e+00 5.87347537e-02
373 5 4.90873852e+00 5.72592746e-02
374 5 4.90873852e+00 5.78883389e-02
375 5 4.90873852e+00 5.73850074e-02
376 5 4.90873852e+00 5.75758883e-02
377 5 4.90873852e+00 5.74668146e-02
378 5 4.90873852e+00 5.82826794e-02
379 5 4.90873852e+00 5.73901905e-02
380 5 4.90873852e+00 5.82416985e-02
381 5 4.90873852e+00 5.74660736e-02
382 5 4.90873852e+00 5.77697235e-02
383 5 4.90873852e+00 5.53108929e-02
384 5 4.90873852e+00 5.73949105e-02
385 5 4.90873852e+00 5.79934114e-02
386 5 4.90873852e+00 5.80209111e-02
387 5 4.90873852e+00 5.87157621e-02
388 5 4.90873852e+00 5.91905593e-02
389 5 4.90873852e+00 5.69692689e-02
390 5 4.90873852e+00 5.79783295e-02
391 5 4.90873852e+00 5.62571635e-02
392 5 4.90873852e+00 5.85709562e-02
393 5 4.90873852e+00 5.80220090e-02
394 5 4.90873852e+00 5.73883435e-02
395 5 4.90873852e+00 5.69912378e-02
396 5 4.90873852e+00 5.71065883e-02
397 5 4.90873852e+00 5.80027284e-02
398 5 4.90873852e+00 5.69138123e-02
399 5 4.90873852e+00 5.87224873e-02
400 5 4.90873852e+00 5.77346251e-02
401 5 4.90873852e+00 5.79454108e-02
402 5 4.90873852e+00 5.73892020e-02
403 5 4.90873852e+00 5.68352848e-02
404 5 4.90873852e+00 5.81154535e-02
405 5 4.90873852e+00 5.74891896e-02
406 5 4.90873852e+00 5.81760193e-02
407 5 4.90873852e+00 5.77976848e-02
408 5 4.90873852e+00 5.62913692e-02
409 5 4.90873852e+00 5.88031221e-02
410 5 4.90873852e+00 5.71309261e-02
411 5 4.90873852e+00 5.74531654e-02
412 5 4.90873852e+00 5.54738174e-02
413 5 4.90873852e+00 5.74785182e-02
414 5 4.90873852e+00 5.84834963e-02
415 5 4.90873852e+00 5.99659925e-02
416 5 4.90873852e+00 5.90178864e-02
417 5 4.90873852e+00 5.68094516e-02
418 5 4.90873852e+00 5.89533899e-02
419 5 4.90873852e+00 5.81600410e-02
420 5 4.90873852e+00 5.77779266e-02
421 5 4.90873852e+00 5.74838983e-02
422 5 4.90873852e+00 5.76247947e-02
423 5 4.90873852e+00 5.79390923e-02
424 5 4.90873852e+00 5.70961202e-02
425 5 4.90873852e+00 5.88545956e-02
426 5 4.90873852e+00 5.65613824e-02
427 5 4.90873852e+00 5.84758679e-02
428 5 4.90873852e+00 5.89520904e-02
429 5 4.90873852e+00 5.81741700e-02
430 5 4.90873852e+00 5.81236263e-02
431 5 4.90873852e+00 5.81978814e-02
432 5 4.90873852e+00 5.79164623e-02
433 5 4.90873852e+00 5.85336738e-02
434 5 4.90873852e+00 5.81053723e-02
435 5 4.90873852e+00 5.95006983e-02
436 5 4.90873852e+00 5.77832310e-02
437 5 4.90873852e+00 5.84638530e-02
438 5 4.90873852e+00 5.87219652e-02
439 5 4.90873852e+00 5.79982817e-02
440 5 4.90873852e+00 5.76722265e-02
441 5 4.90873852e+00 5.81725893e-02
442 5 4.90873852e+00 5.82792515e-02
443 5 4.90873852e+00 5.79017606e-02
444 5 4.90873852e+00 5.77867030e-02
445 5 4.90873852e+00 5.80210495e-02
446 5 4.90873852e+00 5.72895249e-02
447 5 4.90873852e+00 5.86951489e-02
448 5 4.90873852e+00 5.86121749e-02
449 5 4.90873852e+00 5.86178576e-02
450 5 4.90873852e+00 5.82419392e-02
451 5 4.90873852e+00 5.81780544e-02
452 5 4.90873852e+00 5.76804411e-02
453 5 4.90873852e+00 5.77734921e-02
454 5 4.90873852e+00 5.71526079e-02
455 5 4.90873852e+00 5.82649819e-02
456 5 4.90873852e+00 5.80810990e-02
457 5 4.90873852e+00 5.67994223e-02
458 5 4.90873852e+00 5.87948936e-02
459 5 4.90873852e+00 5.94149017e-02
460 5 4.90873852e+00 5.84074767e-02
461 5 4.90873852e+00 5.79444895e-02
462 5 4.90873852e+00 5.77039132e-02
463 5 4.90873852e+00 5.99429944e-02
464 5 4.90873852e+00 5.81690715e-02
465 5 4.90873852e+00 5.78951444e-02
466 5 4.90873852e+00 5.77050460e-02
467 5 4.90873852e+00 5.81189256e-02
468 5 4.90873852e+00 5.91286765e-02
469 5 4.90873852e+00 5.66629190e-02
470 5 4.90873852e+00 5.79139139e-02
471 5 4.90873852e+00 5.81459561e-02
472 5 4.90873852e+00 5.97181140e-02
473 5 4.90873852e+00 5.76297987e-02
474 5 4.90873852e+00 5.79211140e-02
475 5 4.90873852e+00 5.76657515e-02
476 5 4.90873852e+00 5.82461979e-02
477 5 4.90873852e+00 5.76000473e-02
478 5 4.90873852e+00 5.77771514e-02
479 5 4.90873852e+00 5.65204214e-02
480 5 4.90873852e+00 5.85701635e-02
481 5 4.90873852e+00 5.82886710e-02
482 5 4.90873852e+00 5.76099722e-02
483 5 4.90873852e+00 5.85958816e-02
484 5 4.90873852e+00 5.86971486e-02
485 5 4.90873852e+00 5.73200519e-02
486 5 4.90873852e+00 5.79080197e-02
487 5 4.90873852e+00 5.84113392e-02
488 5 4.90873852e+00 5.85101883e-02
489 5 4.90873852e+00 5.83088895e-02
490 5 4.90873852e+00 5.80952161e-02
491 5 4.90873852e+00 5.96393457e-02
492 5 4.90873852e+00 5.92754958e-02
493 5 4.90873852e+00 5.70177864e-02
494 5 4.90873852e+00 5.90795937e-02
495 5 4.90873852e+00 5.81343954e-02
496 5 4.90873852e+00 5.82527865e-02
497 5 4.90873852e+00 5.82100859e-02
498 5 4.90873852e+00 5.78120090e-02
499 5 4.90873852e+00 5.85357814e-02
500 5 4.90873852e+00 5.90467294e-02
501 5 4.90873852e+00 5.88214328e-02
502 5 4.90873852e+00 5.82463569e-02
503 5 4.90873852e+00 5.83187609e-02
504 5 4.90873852e+00 5.88230063e-02
505 5 4.90873852e+00 5.80908035e-02
506 5 4.90873852e+00 5.83140648e-02
507 5 4.90873852e+00 5.73996906e-02
508 5 4.90873852e+00 5.75040311e-02
509 5 4.90873852e+00 5.81102968e-02
510 5 4.90873852e+00 5.60535818e-02
511 5 4.90873852e+00 5.65728556e-02
512 5 4.90873852e+00 5.81120111e-02
513 5 4.90873852e+00 5.68725959e-02
514 5 4.90873852e+00 5.93040256e-02
515 5 4.90873852e+00 5.81354542e-02
516 5 4.90873852e+00 5.79915016e-02
517 5 4.90873852e+00 5.78679409e-02
518 5 4.90873852e+00 5.72229740e-02
519 5 4.90873852e+00 5.72574963e-02
520 5 4.90873852e+00 5.75134024e-02
521 5 4.90873852e+00 5.85421014e-02
522 5 4.90873852e+00 5.87449830e-02
523 5 4.90873852e+00 5.71952863e-02
524 5 4.90873852e+00 5.65629196e-02
525 5 4.90873852e+00 5.75026765e-02
526 5 4.90873852e+00 5.88852549e-02
527 5 4.90873852e+00 5.78008578e-02
528 5 4.90873852e+00 5.74440054e-02
529 5 4.90873852e+00 5.84733016e-02
530 5 4.90873852e+00 5.76731386e-02
531 5 4.90873852e+00 5.69534544e-02
532 5 4.90873852e+00 5.87229797e-02
533 5 4.90873852e+00 5.78058965e-02
534 5 4.90873852e+00 5.76154000e-02
535 5 4.90873852e+00 5.75786537e-02
536 5 4.90873852e+00 5.94793859e-02
537 5 4.90873852e+00 5.80092969e-02
538 5 4.90873852e+00 5.76180320e-02
539 5 4.90873852e+00 5.76566153e-02
540 5 4.90873852e+00 5.80998487e-02
541 5 4.90873852e+00 5.79131426e-02
542 5 4.90873852e+00 5.64231783e-02
543 5 4.90873852e+00 5.61546481e-02
544 5 4.90873852e+00 5.79756600e-02
545 5 4.90873852e+00 5.78595098e-02
546 5 4.90873852e+00 5.79190905e-02
547 5 4.90873852e+00 5.67942172e-02
548 5 4.90873852e+00 5.65074668e-02
549 5 4.90873852e+00 5.71190818e-02
550 5 4.90873852e+00 5.82426513e-02
551 5 4.90873852e+00 5.86475533e-02
552 5 4.90873852e+00 5.76868085e-02
553 5 4.90873852e+00 5.55287206e-02
554 5 4.90873852e+00 5.74169430e-02
555 5 4.90873852e+00 5.70273620e-02
556 5 4.90873852e+00 5.84473450e-02
557 5 4.90873852e+00 5.80151392e-02
558 5 4.90873852e+00 5.81194995e-02
559 5 4.90873852e+00 6.03387167e-02
560 5 4.90873852e+00 5.85757200e-02
561 5 4.90873852e+00 5.75387214e-02
562 5 4.90873852e+00 5.86579343e-02
563 5 4.90873852e+00 5.69849973e-02
564 5 4.90873852e+00 5.75685405e-02
565 5 4.90873852e+00 5.76100224e-02
566 5 4.90873852e+00 6.03326664e-02
567 5 4.90873852e+00 5.81111659e-02
568 5 4.90873852e+00 5.76818066e-02
569 5 4.90873852e+00 5.80497235e-02
570 5 4.90873852e+00 5.72014594e-02
571 5 4.90873852e+00 5.86473784e-02
572 5 4.90873852e+00 5.66326586e-02
573 5 4.90873852e+00 5.73980871e-02
574 5 4.90873852e+00 5.82005202e-02
575 5 4.90873852e+00 5.82213546e-02
576 5 4.90873852e+00 5.86713259e-02
577 5 4.90873852e+00 5.69235909e-02
578 5 4.90873852e+00 5.77323507e-02
579 5 4.90873852e+00 5.79750172e-02
580 5 4.90873852e+00 5.67285911e-02
581 5 4.90873852e+00 5.58376238e-02
582 5 4.90873852e+00 5.83876974e-02
583 5 4.90873852e+00 5.82974944e-02
584 5 4.90873852e+00 5.72041001e-02
585 5 4.90873852e+00 5.63459248e-02
586 5 4.90873852e+00 5.78852594e-02
587 5 4.90873852e+00 5.95380478e-02
588 5 4.90873852e+00 5.82168881e-02
589 5 4.90873852e+00 5.81232084e-02
590 5 4.90873852e+00 5.77465386e-02
591 5 4.90873852e+00 5.63967275e-02
592 5 4.90873852e+00 5.74722709e-02
593 5 4.90873852e+00 5.94910612e-02
594 5 4.90873852e+00 5.77984960e-02
595 5 4.90873852e+00 5.76979950e-02
596 5 4.90873852e+00 5.88874633e-02
597 5 4.90873852e+00 5.78076360e-02
598 5 4.90873852e+00 5.67712858e-02
599 5 4.90873852e+00 5.77026213e-02
600 5 4.90873852e+00 5.79972040e-02
601 5 4.90873852e+00 5.72735573e-02
602 5 4.90873852e+00 5.89836289e-02
603 5 4.90873852e+00 5.87390656e-02
604 5 4.90873852e+00 5.73617297e-02
605 5 4.90873852e+00 5.83854207e-02
606 5 4.90873852e+00 5.82883553e-02
607 5 4.90873852e+00 5.76330135e-02
608 5 4.90873852e+00 5.77346101e-02
609 5 4.90873852e+00 5.86303120e-02
610 5 4.90873852e+00 5.82520347e-02
611 5 4.90873852e+00 5.88288117e-02
612 5 4.90873852e+00 5.69293129e-02
613 5 4.90873852e+00 5.89661339e-02
614 5 4.90873852e+00 5.68513463e-02
615 5 4.90873852e+00 5.71021777e-02
616 5 4.90873852e+00 5.73140825e-02
617 5 4.90873852e+00 5.82113730e-02
618 5 4.90873852e+00 5.82497455e-02
619 5 4.90873852e+00 5.70485205e-02
620 5 4.90873852e+00 5.97705811e-02
621 5 4.90873852e+00 5.72284084e-02
622 5 4.90873852e+00 5.68289748e-02
623 5 4.90873852e+00 5.82692176e-02
624 5 4.90873852e+00 5.75044890e-02
625 5 4.90873852e+00 5.86962913e-02
626 5 4.90873852e+00 5.74743114e-02
627 5 4.90873852e+00 5.91614449e-02
628 5 4.90873852e+00 5.90436802e-02
629 5 4.90873852e+00 6.03818259e-02
630 5 4.90873852e+00 5.81588076e-02
631 5 4.90873852e+00 5.83614804e-02
632 5 4.90873852e+00 5.73962518e-02
633 5 4.90873852e+00 5.55290034e-02
634 5 4.90873852e+00 5.90054007e-02
635 5 4.90873852e+00 5.73823802e-02
636 5 4.90873852e+00 5.66603214e-02
637 5 4.90873852e+00 6.06118259e-02
638 5 4.90873852e+00 5.61838076e-02
639 5 4.90873852e+00 5.78790600e-02
640 5 4.90873852e+00 5.77127750e-02
641 5 4.90873852e+00 5.88264612e-02
642 5 4.90873852e+00 5.90053265e-02
643 5 4.90873852e+00 5.80550501e-02
644 5 4.90873852e+00 5.90036458e-02
645 5 4.90873852e+00 5.86618334e-02
646 5 4.90873852e+00 5.76323722e-02
647 5 4.90873852e+00 5.92004961e-02
648 5 4.90873852e+00 5.77190944e-02
649 5 4.90873852e+00 5.97904085e-02
650 5 4.90873852e+00 5.87433156e-02
651 5 4.90873852e+00 5.77713804e-02
652 5 4.90873852e+00 5.74074507e-02
653 5 4.90873852e+00 5.91451481e-02
654 5 4.90873852e+00 5.87633580e-02
655 5 4.90873852e+00 5.91642003e-02
656 5 4.90873852e+00 5.82009733e-02
657 5 4.90873852e+00 5.59509871e-02
658 5 4.90873852e+00 5.81047087e-02
659 5 4.90873852e+00 5.75783233e-02
660 5 4.90873852e+00 5.84086198e-02
661 5 4.90873852e+00 5.60882389e-02
662 5 4.90873852e+00 5.80276971e-02
663 5 4.90873852e+00 5.79250573e-02
664 5 4.90873852e+00 5.73091207e-02
665 5 4.90873852e+00 5.89864964e-02
666 5 4.90873852e+00 5.76882739e-02
667 5 4.90873852e+00 6.11664593e-02
668 5 4.90873852e+00 5.87547222e-02
669 5 4.90873852e+00 5.84430513e-02
670 5 4.90873852e+00 5.75110617e-02
671 5 4.90873852e+00 5.83417488e-02
672 5 4.90873852e+00 5.80924424e-02
673 5 4.90873852e+00 5.93623170e-02
674 5 4.90873852e+00 5.69173920e-02
675 5 4.90873852e+00 5.69107385e-02
676 5 4.90873852e+00 5.83249702e-02
677 5 4.90873852e+00 5.74383643e-02
678 5 4.90873852e+00 5.77386784e-02
679 5 4.90873852e+00 5.86797909e-02
680 5 4.90873852e+00 6.01270492e-02
681 5 4.90873852e+00 5.82688004e-02
682 5 4.90873852e+00 5.86291311e-02
683 5 4.90873852e+00 5.74448943e-02
684 5 4.90873852e+00 5.78755452e-02
685 5 4.90873852e+00 5.74624861e-02
686 5 4.90873852e+00 5.82473327e-02
687 5 4.90873852e+00 5.70100339e-02
688 5 4.90873852e+00 5.81832927e-02
689 5 4.90873852e+00 5.71470606e-02
690 5 4.90873852e+00 5.75154405e-02
691 5 4.90873852e+00 5.63334286e-02
692 5 4.90873852e+00 5.78763989e-02
693 5 4.90873852e+00 5.94217698e-02
694 5 4.90873852e+00 5.88895792e-02
695 5 4.90873852e+00 5.74439490e-02
696 5 4.90873852e+00 5.80641860e-02
697 5 4.90873852e+00 5.79832430e-02
698 5 4.90873852e+00 5.77367382e-02
699 5 4.90873852e+00 5.62634025e-02
700 5 4.90873852e+00 5.75382651e-02
701 5 4.90873852e+00 5.79659116e-02
702 5 4.90873852e+00 5.77986541e-02
703 5 4.90873852e+00 5.77263735e-02
704 5 4.90873852e+00 5.76761826e-02
705 5 4.90873852e+00 5.93249407e-02
706 5 4.90873852e+00 5.93393327e-02
707 5 4.90873852e+00 5.78377413e-02
708 5 4.90873852e+00 5.86288682e-02
709 5 4.90873852e+00 5.76402228e-02
710 5 4.90873852e+00 5.82777541e-02
711 5 4.90873852e+00 5.79943218e-02
712 5 4.90873852e+00 5.76664821e-02
713 5 4.90873852e+00 5.82649542e-02
714 5 4.90873852e+00 5.73126988e-02
715 5 4.90873852e+00 5.94661180e-02
716 5 4.90873852e+00 5.85715969e-02
717 5 4.90873852e+00 5.91239205e-02
718 5 4.90873852e+00 5.81533563e-02
719 5 4.90873852e+00 5.78439595e-02
720 5 4.90873852e+00 5.76722966e-02
721 5 4.90873852e+00 5.80250178e-02
722 5 4.90873852e+00 5.84015317e-02
723 5 4.90873852e+00 5.79210519e-02
724 5 4.90873852e+00 5.67535125e-02
725 5 4.90873852e+00 5.87853845e-02
726 5 4.90873852e+00 5.81114884e-02
727 5 4.90873852e+00 5.66162076e-02
728 5 4.90873852e+00 5.71212419e-02
729 5 4.90873852e+00 5.58533137e-02
730 5 4.90873852e+00 5.78229967e-02
731 5 4.90873852e+00 5.60148297e-02
732 5 4.90873852e+00 5.85082218e-02
733 5 4.90873852e+00 5.81083525e-02
734 5 4.90873852e+00 5.70842204e-02
735 5 4.90873852e+00 5.78646269e-02
736 5 4.90873852e+00 5.87204923e-02
737 5 4.90873852e+00 5.81277183e-02
738 5 4.90873852e+00 5.69878246e-02
739 5 4.90873852e+00 5.80394500e-02
740 5 4.90873852e+00 5.68966537e-02
741 5 4.90873852e+00 5.73083018e-02
742 5 4.90873852e+00 5.75017155e-02
743 5 4.90873852e+00 5.76954479e-02
744 5 4.90873852e+00 5.73308407e-02
745 5 4.90873852e+00 5.64636775e-02
746 5 4.90873852e+00 5.75696671e-02
747 5 4.90873852e+00 5.77956950e-02
748 5 4.90873852e+00 5.71916100e-02
749 5 4.90873852e+00 5.82803711e-02
750 5 4.90873852e+00 5.82869234e-02
751 5 4.90873852e+00 5.85442523e-02
752 5 4.90873852e+00 5.68242597e-02
753 5 4.90873852e+00 5.74734422e-02
754 5 4.90873852e+00 5.66274692e-02
755 5 4.90873852e+00 5.93663157e-02
756 5 4.90873852e+00 5.67824440e-02
757 5 4.90873852e+00 5.65449342e-02
758 5 4.90873852e+00 5.97489467e-02
759 5 4.90873852e+00 5.84954355e-02
760 5 4.90873852e+00 5.78215274e-02
761 5 4.90873852e+00 5.78166237e-02
762 5 4.90873852e+00 5.82383486e-02
763 5 4.90873852e+00 5.94495508e-02
764 5 4.90873852e+00 5.85919063e-02
765 5 4.90873852e+00 5.78601226e-02
766 5 4.90873852e+00 5.83825326e-02
767 5 4.90873852e+00 5.67395989e-02
768 5 4.90873852e+00 5.77767745e-02
769 5 4.90873852e+00 5.72075587e-02
770 5 4.90873852e+00 5.74409169e-02
771 5 4.90873852e+00 5.76115306e-02
772 5 4.90873852e+00 5.82847418e-02
773 5 4.90873852e+00 6.00082583e-02
774 5 4.90873852e+00 5.89595800e-02
775 5 4.90873852e+00 5.70880520e-02
776 5 4.90873852e+00 5.61959532e-02
777 5 4.90873852e+00 5.89155279e-02
778 5 4.90873852e+00 5.74974761e-02
779 5 4.90873852e+00 5.80936231e-02
780 5 4.90873852e+00 5.75981515e-02
781 5 4.90873852e+00 5.68659735e-02
782 5 4.90873852e+00 5.82213990e-02
783 5 4.90873852e+00 5.75768923e-02
784 5 4.90873852e+00 5.49409254e-02
785 5 4.90873852e+00 5.63971741e-02
786 5 4.90873852e+00 5.85453381e-02
787 5 4.90873852e+00 5.77007627e-02
788 5 4.90873852e+00 5.75758193e-02
789 5 4.90873852e+00 5.77717575e-02
790 5 4.90873852e+00 5.73034012e-02
791 5 4.90873852e+00 5.77787489e-02
792 5 4.90873852e+00 5.88984314e-02
793 5 4.90873852e+00 5.76502764e-02
794 5 4.90873852e+00 5.95119672e-02
795 5 4.90873852e+00 5.99461360e-02
796 5 4.90873852e+00 5.81183261e-02
797 5 4.90873852e+00 5.67450581e-02
798 5 4.90873852e+00 5.77684422e-02
799 5 4.90873852e+00 5.91220366e-02
800 5 4.90873852e+00 5.76686260e-02
801 5 4.90873852e+00 5.79179972e-02
802 5 4.90873852e+00 5.62916719e-02
803 5 4.90873852e+00 5.86516630e-02
804 5 4.90873852e+00 5.68701349e-02
805 5 4.90873852e+00 5.63776747e-02
806 5 4.90873852e+00 5.86996802e-02
807 5 4.90873852e+00 5.82095573e-02
808 5 4.90873852e+00 5.83711504e-02
809 5 4.90873852e+00 5.82144956e-02
810 5 4.90873852e+00 5.84472100e-02
811 5 4.90873852e+00 5.80684331e-02
812 5 4.90873852e+00 5.70960256e-02
813 5 4.90873852e+00 5.81537850e-02
814 5 4.90873852e+00 5.78344822e-02
815 5 4.90873852e+00 5.81174302e-02
816 5 4.90873852e+00 5.81528068e-02
817 5 4.90873852e+00 5.88778454e-02
818 5 4.90873852e+00 5.68232222e-02
819 5 4.90873852e+00 5.66806716e-02
820 5 4.90873852e+00 5.84608571e-02
821 5 4.90873852e+00 5.76342499e-02
822 5 4.90873852e+00 5.90671431e-02
823 5 4.90873852e+00 5.75679035e-02
824 5 4.90873852e+00 5.81726366e-02
825 5 4.90873852e+00 5.69698630e-02
826 5 4.90873852e+00 5.76026085e-02
827 5 4.90873852e+00 5.69702926e-02
828 5 4.90873852e+00 5.81415047e-02
829 5 4.90873852e+00 5.89405258e-02
830 5 4.90873852e+00 5.74185197e-02
831 5 4.90873852e+00 5.84148784e-02
832 5 4.90873852e+00 5.83942838e-02
833 5 4.90873852e+00 5.67038239e-02
834 5 4.90873852e+00 5.72124829e-02
835 5 4.90873852e+00 5.76374605e-02
836 5 4.90873852e+00 5.84485945e-02
837 5 4.90873852e+00 5.91674308e-02
838 5 4.90873852e+00 5.79636901e-02
839 5 4.90873852e+00 5.85967334e-02
840 5 4.90873852e+00 5.74588401e-02
841 5 4.90873852e+00 5.81571472e-02
842 5 4.90873852e+00 5.80431378e-02
843 5 4.90873852e+00 5.90081675e-02
844 5 4.90873852e+00 5.68148033e-02
845 5 4.90873852e+00 5.92264986e-02
846 5 4.90873852e+00 5.88016228e-02
847 5 4.90873852e+00 5.61922907e-02
848 5 4.90873852e+00 5.92985738e-02
849 5 4.90873852e+00 5.82729730e-02
850 5 4.90873852e+00 5.64466094e-02
851 5 4.90873852e+00 5.93278454e-02
852 5 4.90873852e+00 5.89594837e-02
853 5 4.90873852e+00 5.64285103e-02
854 5 4.90873852e+00 5.77360568e-02
855 5 4.90873852e+00 5.83997584e-02
856 5 4.90873852e+00 5.72225369e-02
857 5 4.90873852e+00 5.81917026e-02
858 5 4.90873852e+00 5.81867395e-02
859 5 4.90873852e+00 5.81079015e-02
860 5 4.90873852e+00 5.80021995e-02
861 5 4.90873852e+00 5.79171897e-02
862 5 4.90873852e+00 5.78479896e-02
863 5 4.90873852e+00 5.74192396e-02
864 5 4.90873852e+00 5.91236748e-02
865 5 4.90873852e+00 5.77011486e-02
866 5 4.90873852e+00 5.85680009e-02
867 5 4.90873852e+00 5.73690311e-02
868 5 4.90873852e+00 5.82851085e-02
869 5 4.90873852e+00 5.82795092e-02
870 5 4.90873852e+00 5.80372129e-02
871 5 4.90873852e+00 5.84492637e-02
872 5 4.90873852e+00 5.82760676e-02
873 5 4.90873852e+00 5.83088322e-02
874 5 4.90873852e+00 5.60486660e-02
875 5 4.90873852e+00 5.77559502e-02
876 5 4.90873852e+00 5.86576961e-02
877 5 4.90873852e+00 5.82477394e-02
878 5 4.90873852e+00 5.67347605e-02
879 5 4.90873852e+00 5.74964686e-02
880 5 4.90873852e+00 5.71412763e-02
881 5 4.90873852e+00 5.82534765e-02
882 5 4.90873852e+00 5.87576764e-02
883 5 4.90873852e+00 5.78696471e-02
884 5 4.90873852e+00 5.63614936e-02
885 5 4.90873852e+00 5.85090571e-02
886 5 4.90873852e+00 6.00073689e-02
887 5 4.90873852e+00 5.74922565e-02
888 5 4.90873852e+00 5.82700214e-02
889 5 4.90873852e+00 5.77124692e-02
890 5 4.90873852e+00 5.83284220e-02
891 5 4.90873852e+00 5.70559198e-02
892 5 4.90873852e+00 5.82823887e-02
893 5 4.90873852e+00 5.72911883e-02
894 5 4.90873852e+00 5.83880560e-02
895 5 4.90873852e+00 5.98894441e-02
896 5 4.90873852e+00 5.81873444e-02
897 5 4.90873852e+00 5.93171998e-02
898 5 4.90873852e+00 5.93962110e-02
899 5 4.90873852e+00 5.66825901e-02
900 5 4.90873852e+00 5.85909961e-02
901 5 4.90873852e+00 5.84009611e-02
902 5 4.90873852e+00 5.84082658e-02
903 5 4.90873852e+00 5.86920915e-02
904 5 4.90873852e+00 5.73936459e-02
905 5 4.90873852e+00 5.69789885e-02
906 5 4.90873852e+00 5.81829328e-02
907 5 4.90873852e+00 5.69754769e-02
908 5 4.90873852e+00 5.72798733e-02
909 5 4.90873852e+00 5.99500826e-02
910 5 4.90873852e+00 5.77612583e-02
911 5 4.90873852e+00 5.88701847e-02
912 5 4.90873852e+00 5.75984339e-02
913 5 4.90873852e+00 5.97801661e-02
914 5 4.90873852e+00 5.69395344e-02
915 5 4.90873852e+00 5.81570538e-02
916 5 4.90873852e+00 5.64116318e-02
917 5 4.90873852e+00 5.88755515e-02
918 5 4.90873852e+00 5.89414011e-02
919 5 4.90873852e+00 5.72387001e-02
920 5 4.90873852e+00 5.72804920e-02
921 5 4.90873852e+00 5.80736480e-02
922 5 4.90873852e+00 5.79428166e-02
923 5 4.90873852e+00 5.77594158e-02
924 5 4.90873852e+00 5.86535523e-02
925 5 4.90873852e+00 5.83550961e-02
926 5 4.90873852e+00 5.85201022e-02
927 5 4.90873852e+00 5.82246529e-02
928 5 4.90873852e+00 5.89647301e-02
929 5 4.90873852e+00 5.81607953e-02
930 5 4.90873852e+00 5.78240769e-02
931 5 4.90873852e+00 5.77666825e-02
932 5 4.90873852e+00 5.79131732e-02
933 5 4.90873852e+00 5.75679862e-02
934 5 4.90873852e+00 5.69681683e-02
935 5 4.90873852e+00 5.74356203e-02
936 5 4.90873852e+00 5.81809234e-02
937 5 4.90873852e+00 5.78379625e-02
938 5 4.90873852e+00 5.84208949e-02
939 5 4.90873852e+00 5.92921059e-02
940 5 4.90873852e+00 5.60144793e-02
941 5 4.90873852e+00 5.73899262e-02
942 5 4.90873852e+00 5.82766666e-02
943 5 4.90873852e+00 5.79687716e-02
944 5 4.90873852e+00 5.88406581e-02
945 5 4.90873852e+00 5.75596802e-02
946 5 4.90873852e+00 5.87495713e-02
947 5 4.90873852e+00 5.77409112e-02
948 5 4.90873852e+00 5.83439985e-02
949 5 4.90873852e+00 5.76883393e-02
950 5 4.90873852e+00 5.76497258e-02
951 5 4.90873852e+00 5.91982444e-02
952 5 4.90873852e+00 5.74643022e-02
953 5 4.90873852e+00 5.79678193e-02
954 5 4.90873852e+00 5.80063798e-02
955 5 4.90873852e+00 5.79048592e-02
956 5 4.90873852e+00 5.81094170e-02
957 5 4.90873852e+00 5.80586118e-02
958 5 4.90873852e+00 5.59546963e-02
959 5 4.90873852e+00 5.72510704e-02
960 5 4.90873852e+00 5.88308546e-02
961 5 4.90873852e+00 5.85550405e-02
962 5 4.90873852e+00 5.83541040e-02
963 5 4.90873852e+00 5.73394974e-02
964 5 4.90873852e+00 5.93917383e-02
965 5 4.90873852e+00 5.78853609e-02
966 5 4.90873852e+00 5.75478192e-02
967 5 4.90873852e+00 5.92215165e-02
968 5 4.90873852e+00 5.71838468e-02
969 5 4.90873852e+00 5.69019608e-02
970 5 4.90873852e+00 5.75778061e-02
971 5 4.90873852e+00 5.68116009e-02
972 5 4.90873852e+00 5.72814462e-02
973 5 4.90873852e+00 5.77696506e-02
974 5 4.90873852e+00 5.73544625e-02
975 5 4.90873852e+00 5.71992571e-02
976 5 4.90873852e+00 5.85713245e-02
977 5 4.90873852e+00 5.73075524e-02
978 5 4.90873852e+00 5.72178114e-02
979 5 4.90873852e+00 5.56924396e-02
980 5 4.90873852e+00 5.86135101e-02
981 5 4.90873852e+00 5.82006310e-02
982 5 4.90873852e+00 5.77547768e-02
983 5 4.90873852e+00 5.86392481e-02
984 5 4.90873852e+00 5.68820120e-02
985 5 4.90873852e+00 5.89090732e-02
986 5 4.90873852e+00 5.85353523e-02
987 5 4.90873852e+00 5.61053931e-02
988 5 4.90873852e+00 5.65631228e-02
989 5 4.90873852e+00 5.84172753e-02
990 5 4.90873852e+00 5.84256796e-02
991 5 4.90873852e+00 5.86593919e-02
992 5 4.90873852e+00 5.81970852e-02
993 5 4.90873852e+00 5.79840376e-02
994 5 4.90873852e+00 5.85829310e-02
995 5 4.90873852e+00 5.95442357e-02
996 5 4.90873852e+00 5.95540573e-02
997 5 4.90873852e+00 5.83759331e-02
998 5 4.90873852e+00 5.85051829e-02
999 5 4.90873852e+00 5.76883813e-02
1000 5 4.90873852e+00 5.81370393e-02
1001 5 4.90873852e+00 5.99272758e-02
1002 5 4.90873852e+00 5.64065640e-02
1003 5 4.90873852e+00 5.81736045e-02
1004 5 4.90873852e+00 5.81254633e-02
1005 5 4.90873852e+00 5.67577836e-02
1006 5 4.90873852e+00 5.84034628e-02
1007 5 4.90873852e+00 5.80070157e-02
1008 5 4.90873852e+00 5.82093135e-02
1009 5 4.90873852e+00 5.77094386e-02
1010 5 4.90873852e+00 5.72032249e-02
1011 5 4.90873852e+00 5.80731026e-02
1012 5 4.90873852e+00 5.73152295e-02
1013 5 4.90873852e+00 5.88958493e-02
1014 5 4.90873852e+00 5.75037279e-02
1015 5 4.90873852e+00 5.77302336e-02
1016 5 4.90873852e+00 5.69675400e-02
1017 5 4.90873852e+00 5.63109677e-02
1018 5 4.90873852e+00 5.86051739e-02
1019 5 4.90873852e+00 5.79787660e-02
1020 5 4.90873852e+00 5.77759001e-02
1021 5 4.90873852e+00 5.72539280e-02
1022 5 4.90873852e+00 5.83890664e-02
1023 5 4.90873852e+00 5.82338025e-02
1024 5 4.90873852e+00 5.82815784e-02
1025 5 4.90873852e+00 5.77007408e-02
