a09m310 Wilson3 pz2 0.0888fm zmax8
config z nu=p.z RpITD
0 1 3.92699082e-01 1.09291514e-01
1 1 3.92699082e-01 1.09180968e-01
2 1 3.92699082e-01 1.08957980e-01
3 1 3.92699082e-01 1.08718871e-01
4 1 3.92699082e-01 1.09104716e-01
5 1 3.92699082e-01 1.09126806e-01
6 1 3.92699082e-01 1.08973236e-01
7 1 3.92699082e-01 1.09079835e-01
8 1 3.92699082e-01 1.09016273e-01
9 1 3.92699082e-01 1.08761250e-01
10 1 3.92699082e-01 1.09088509e-01
11 1 3.92699082e-01 1.08629868e-01
12 1 3.92699082e-01 1.09369424e-01
13 1 3.92699082e-01 1.09102414e-01
14 1 3.92699082e-01 1.08819721e-01
15 1 3.92699082e-01 1.09169625e-01
16 1 3.92699082e-01 1.08159204e-01
17 1 3.92699082e-01 1.08841138e-01
18 1 3.92699082e-01 1.08726413e-01
19 1 3.92699082e-01 1.09167601e-01
20 1 3.92699082e-01 1.08744043e-01
21 1 3.92699082e-01 1.08971638e-01
22 1 3.92699082e-01 1.08965021e-01
23 1 3.92699082e-01 1.08842778e-01
24 1 3.92699082e-01 1.08729277e-01
25 1 3.92699082e-01 1.08848705e-01
26 1 3.92699082e-01 1.08904754e-01
27 1 3.92699082e-01 1.08900706e-01
28 1 3.92699082e-01 1.09184499e-01
29 1 3.92699082e-01 1.08610945e-01
30 1 3.92699082e-01 1.09084023e-01
31 1 3.92699082e-01 1.09093986e-01
32 1 3.92699082e-01 1.09409769e-01
33 1 3.92699082e-01 1.08890820e-01
34 1 3.92699082e-01 1.08584983e-01
35 1 3.92699082e-01 1.08756040e-01
36 1 3.92699082e-01 1.08968867e-01
37 1 3.92699082e-01 1.09132178e-01
38 1 3.92699082e-01 1.08967877e-01
39 1 3.92699082e-01 1.09127234e-01
40 1 3.92699082e-01 1.09492988e-01
41 1 3.92699082e-01 1.09133317e-01
42 1 3.92699082e-01 1.09135825e-01
43 1 3.92699082e-01 1.08850153e-01
44 1 3.92699082e-01 1.09599377e-01
45 1 3.92699082e-01 1.09198044e-01
46 1 3.92699082e-01 1.09216535e-01
47 1 3.92699082e-01 1.09104496e-01
48 1 3.92699082e-01 1.08848728e-01
49 1 3.92699082e-01 1.09118171e-01
50 1 3.92699082e-01 1.09450244e-01
51 1 3.92699082e-01 1.09251017e-01
52 1 3.92699082e-01 1.09331183e-01
53 1 3.92699082e-01 1.08702599e-01
54 1 3.92699082e-01 1.09019500e-01
55 1 3.92699082e-01 1.09195354e-01
56 1 3.92699082e-01 1.09172135e-01
57 1 3.92699082e-01 1.08983244e-01
58 1 3.92699082e-01 1.09141193e-01
59 1 3.92699082e-01 1.08855527e-01
60 1 3.92699082e-01 1.08999761e-01
61 1 3.92699082e-01 1.09123576e-01
62 1 3.92699082e-01 1.08545388e-01
63 1 3.92699082e-01 1.08278124e-01
64 1 3.92699082e-01 1.08823184e-01
65 1 3.92699082e-01 1.09519154e-01
66 1 3.92699082e-01 1.08804443e-01
67 1 3.92699082e-01 1.09006094e-01
68 1 3.92699082e-01 1.08684256e-01
69 1 3.92699082e-01 1.09243538e-01
70 1 3.92699082e-01 1.08976281e-01
71 1 3.92699082e-01 1.08765149e-01
72 1 3.92699082e-01 1.08849318e-01
73 1 3.92699082e-01 1.08665855e-01
74 1 3.92699082e-01 1.08880549e-01
75 1 3.92699082e-01 1.08835294e-01
76 1 3.92699082e-01 1.08808545e-01
77 1 3.92699082e-01 1.09237657e-01
78 1 3.92699082e-01 1.09194066e-01
79 1 3.92699082e-01 1.09026124e-01
80 1 3.92699082e-01 1.08705989e-01
81 1 3.92699082e-01 1.08682776e-01
82 1 3.92699082e-01 1.08695163e-01
83 1 3.92699082e-01 1.08940031e-01
84 1 3.92699082e-01 1.09149413e-01
85 1 3.92699082e-01 1.08654971e-01
86 1 3.92699082e-01 1.08687691e-01
87 1 3.92699082e-01 1.09054531e-01
88 1 3.92699082e-01 1.09070569e-01
89 1 3.92699082e-01 1.09103072e-01
90 1 3.92699082e-01 1.09335839e-01
91 1 3.92699082e-01 1.08883400e-01
92 1 3.92699082e-01 1.09392960e-01
93 1 3.92699082e-01 1.08865026e-01
94 1 3.92699082e-01 1.08869653e-01
95 1 3.92699082e-01 1.08767536e-01
96 1 3.92699082e-01 1.09024473e-01
97 1 3.92699082e-01 1.08318534e-01
98 1 3.92699082e-01 1.08701543e-01
99 1 3.92699082e-01 1.08284786e-01
100 1 3.92699082e-01 1.09004950e-01
101 1 3.92699082e-01 1.09066923e-01
102 1 3.92699082e-01 1.08644742e-01
103 1 3.92699082e-01 1.09163898e-01
104 1 3.92699082e-01 1.08625912e-01
105 1 3.92699082e-01 1.08317687e-01
106 1 3.92699082e-01 1.08865431e-01
107 1 3.92699082e-01 1.08835259e-01
108 1 3.92699082e-01 1.08812527e-01
109 1 3.92699082e-01 1.08943975e-01
110 1 3.92699082e-01 1.08714957e-01
111 1 3.92699082e-01 1.09099712e-01
112 1 3.92699082e-01 1.08950658e-01
113 1 3.92699082e-01 1.09050248e-01
114 1 3.92699082e-01 1.09006747e-01
115 1 3.92699082e-01 1.09245800e-01
116 1 3.92699082e-01 1.09089539e-01
117 1 3.92699082e-01 1.08676850e-01
118 1 3.92699082e-01 1.08995109e-01
119 1 3.92699082e-01 1.09087546e-01
120 1 3.92699082e-01 1.08809609e-01
121 1 3.92699082e-01 1.09189940e-01
122 1 3.92699082e-01 1.08764879e-01
123 1 3.92699082e-01 1.08862694e-01
124 1 3.92699082e-01 1.08708360e-01
125 1 3.92699082e-01 1.08837699e-01
126 1 3.92699082e-01 1.08843122e-01
127 1 3.92699082e-01 1.09459466e-01
128 1 3.92699082e-01 1.08947406e-01
129 1 3.92699082e-01 1.08572822e-01
130 1 3.92699082e-01 1.08753590e-01
131 1 3.92699082e-01 1.08736076e-01
132 1 3.92699082e-01 1.08935412e-01
133 1 3.92699082e-01 1.09344082e-01
134 1 3.92699082e-01 1.08726143e-01
135 1 3.92699082e-01 1.09268396e-01
136 1 3.92699082e-01 1.08903122e-01
137 1 3.92699082e-01 1.08490503e-01
138 1 3.92699082e-01 1.09179073e-01
139 1 3.92699082e-01 1.09357357e-01
140 1 3.92699082e-01 1.09369188e-01
141 1 3.92699082e-01 1.09013761e-01
142 1 3.92699082e-01 1.08652862e-01
143 1 3.92699082e-01 1.08976886e-01
144 1 3.92699082e-01 1.08872119e-01
145 1 3.92699082e-01 1.09099010e-01
146 1 3.92699082e-01 1.08710041e-01
147 1 3.92699082e-01 1.09097380e-01
148 1 3.92699082e-01 1.08752895e-01
149 1 3.92699082e-01 1.08924722e-01
150 1 3.92699082e-01 1.08771560e-01
151 1 3.92699082e-01 1.08994329e-01
152 1 3.92699082e-01 1.09077353e-01
153 1 3.92699082e-01 1.08820846e-01
154 1 3.92699082e-01 1.08767339e-01
155 1 3.92699082e-01 1.08684358e-01
156 1 3.92699082e-01 1.09109739e-01
157 1 3.92699082e-01 1.09132479e-01
158 1 3.92699082e-01 1.09261204e-01
159 1 3.92699082e-01 1.09038769e-01
160 1 3.92699082e-01 1.08977132e-01
161 1 3.92699082e-01 1.08299199e-01
162 1 3.92699082e-01 1.09137994e-01
163 1 3.92699082e-01 1.09221813e-01
164 1 3.92699082e-01 1.09064592e-01
165 1 3.92699082e-01 1.08934652e-01
166 1 3.92699082e-01 1.08782278e-01
167 1 3.92699082e-01 1.09164889e-01
168 1 3.92699082e-01 1.08499666e-01
169 1 3.92699082e-01 1.09568493e-01
170 1 3.92699082e-01 1.08924258e-01
171 1 3.92699082e-01 1.09320383e-01
172 1 3.92699082e-01 1.08920640e-01
173 1 3.92699082e-01 1.09071223e-01
174 1 3.92699082e-01 1.08785884e-01
175 1 3.92699082e-01 1.09002102e-01
176 1 3.92699082e-01 1.08916313e-01
177 1 3.92699082e-01 1.09299072e-01
178 1 3.92699082e-01 1.09332759e-01
179 1 3.92699082e-01 1.09347923e-01
180 1 3.92699082e-01 1.08942936e-01
181 1 3.92699082e-01 1.09053028e-01
182 1 3.92699082e-01 1.09056913e-01
183 1 3.92699082e-01 1.08859442e-01
184 1 3.92699082e-01 1.08889230e-01
185 1 3.92699082e-01 1.09136286e-01
186 1 3.92699082e-01 1.08921065e-01
187 1 3.92699082e-01 1.08923627e-01
188 1 3.92699082e-01 1.08420037e-01
189 1 3.92699082e-01 1.09232938e-01
190 1 3.92699082e-01 1.09120978e-01
191 1 3.92699082e-01 1.09396811e-01
192 1 3.92699082e-01 1.09106327e-01
193 1 3.92699082e-01 1.09102036e-01
194 1 3.92699082e-01 1.08684776e-01
195 1 3.92699082e-01 1.08832595e-01
196 1 3.92699082e-01 1.08868579e-01
197 1 3.92699082e-01 1.08949182e-01
198 1 3.92699082e-01 1.09394601e-01
199 1 3.92699082e-01 1.09062673e-01
200 1 3.92699082e-01 1.08908061e-01
201 1 3.92699082e-01 1.08830784e-01
202 1 3.92699082e-01 1.09133707e-01
203 1 3.92699082e-01 1.09131377e-01
204 1 3.92699082e-01 1.09045834e-01
205 1 3.92699082e-01 1.09275015e-01
206 1 3.92699082e-01 1.09197995e-01
207 1 3.92699082e-01 1.09231513e-01
208 1 3.92699082e-01 1.08916616e-01
209 1 3.92699082e-01 1.09105168e-01
210 1 3.92699082e-01 1.09188993e-01
211 1 3.92699082e-01 1.08916639e-01
212 1 3.92699082e-01 1.08975480e-01
213 1 3.92699082e-01 1.08748873e-01
214 1 3.92699082e-01 1.09154007e-01
215 1 3.92699082e-01 1.08828539e-01
216 1 3.92699082e-01 1.09511962e-01
217 1 3.92699082e-01 1.09127119e-01
218 1 3.92699082e-01 1.09621850e-01
219 1 3.92699082e-01 1.09443884e-01
220 1 3.92699082e-01 1.09432655e-01
221 1 3.92699082e-01 1.08745247e-01
222 1 3.92699082e-01 1.09720809e-01
223 1 3.92699082e-01 1.08822296e-01
224 1 3.92699082e-01 1.08809296e-01
225 1 3.92699082e-01 1.08577063e-01
226 1 3.92699082e-01 1.08821915e-01
227 1 3.92699082e-01 1.09201891e-01
228 1 3.92699082e-01 1.08789431e-01
229 1 3.92699082e-01 1.09338445e-01
230 1 3.92699082e-01 1.08896863e-01
231 1 3.92699082e-01 1.08605565e-01
232 1 3.92699082e-01 1.08810632e-01
233 1 3.92699082e-01 1.09019706e-01
234 1 3.92699082e-01 1.09134200e-01
235 1 3.92699082e-01 1.09295284e-01
236 1 3.92699082e-01 1.09072463e-01
237 1 3.92699082e-01 1.08649612e-01
238 1 3.92699082e-01 1.08557436e-01
239 1 3.92699082e-01 1.08871197e-01
240 1 3.92699082e-01 1.08840398e-01
241 1 3.92699082e-01 1.09086612e-01
242 1 3.92699082e-01 1.09124280e-01
243 1 3.92699082e-01 1.09573717e-01
244 1 3.92699082e-01 1.08948657e-01
245 1 3.92699082e-01 1.09326586e-01
246 1 3.92699082e-01 1.08696033e-01
247 1 3.92699082e-01 1.08653656e-01
248 1 3.92699082e-01 1.09689491e-01
249 1 3.92699082e-01 1.09424680e-01
250 1 3.92699082e-01 1.09375504e-01
251 1 3.92699082e-01 1.09382879e-01
252 1 3.92699082e-01 1.09322616e-01
253 1 3.92699082e-01 1.09243457e-01
254 1 3.92699082e-01 1.09538278e-01
255 1 3.92699082e-01 1.09384246e-01
256 1 3.92699082e-01 1.08948203e-01
257 1 3.92699082e-01 1.08384957e-01
258 1 3.92699082e-01 1.09047180e-01
259 1 3.92699082e-01 1.09091589e-01
260 1 3.92699082e-01 1.09121387e-01
261 1 3.92699082e-01 1.09301315e-01
262 1 3.92699082e-01 1.09010083e-01
263 1 3.92699082e-01 1.09674431e-01
264 1 3.92699082e-01 1.09480827e-01
265 1 3.92699082e-01 1.08974607e-01
266 1 3.92699082e-01 1.08800109e-01
267 1 3.92699082e-01 1.09079517e-01
268 1 3.92699082e-01 1.08823830e-01
269 1 3.92699082e-01 1.09038604e-01
270 1 3.92699082e-01 1.09159259e-01
271 1 3.92699082e-01 1.08921567e-01
272 1 3.92699082e-01 1.09379144e-01
273 1 3.92699082e-01 1.09367684e-01
274 1 3.92699082e-01 1.08391965e-01
275 1 3.92699082e-01 1.09059273e-01
276 1 3.92699082e-01 1.09147043e-01
277 1 3.92699082e-01 1.09436332e-01
278 1 3.92699082e-01 1.08729178e-01
279 1 3.92699082e-01 1.09028397e-01
280 1 3.92699082e-01 1.09001693e-01
281 1 3.92699082e-01 1.08940806e-01
282 1 3.92699082e-01 1.08810841e-01
283 1 3.92699082e-01 1.08955028e-01
284 1 3.92699082e-01 1.08853343e-01
285 1 3.92699082e-01 1.08854989e-01
286 1 3.92699082e-01 1.09039370e-01
287 1 3.92699082e-01 1.08410867e-01
288 1 3.92699082e-01 1.09692021e-01
289 1 3.92699082e-01 1.08717971e-01
290 1 3.92699082e-01 1.09559603e-01
291 1 3.92699082e-01 1.08876925e-01
292 1 3.92699082e-01 1.09609411e-01
293 1 3.92699082e-01 1.09179700e-01
294 1 3.92699082e-01 1.09496757e-01
295 1 3.92699082e-01 1.09169364e-01
296 1 3.92699082e-01 1.09522015e-01
297 1 3.92699082e-01 1.09340465e-01
298 1 3.92699082e-01 1.09230245e-01
299 1 3.92699082e-01 1.08902293e-01
300 1 3.92699082e-01 1.08706203e-01
301 1 3.92699082e-01 1.08487408e-01
302 1 3.92699082e-01 1.09044235e-01
303 1 3.92699082e-01 1.09035611e-01
304 1 3.92699082e-01 1.09202692e-01
305 1 3.92699082e-01 1.09130974e-01
306 1 3.92699082e-01 1.09158622e-01
307 1 3.92699082e-01 1.08671256e-01
308 1 3.92699082e-01 1.09229294e-01
309 1 3.92699082e-01 1.08864714e-01
310 1 3.92699082e-01 1.09785920e-01
311 1 3.92699082e-01 1.09227389e-01
312 1 3.92699082e-01 1.09136069e-01
313 1 3.92699082e-01 1.08738189e-01
314 1 3.92699082e-01 1.08967588e-01
315 1 3.92699082e-01 1.08713608e-01
316 1 3.92699082e-01 1.09214184e-01
317 1 3.92699082e-01 1.08706808e-01
318 1 3.92699082e-01 1.08902295e-01
319 1 3.92699082e-01 1.09281336e-01
320 1 3.92699082e-01 1.08784690e-01
321 1 3.92699082e-01 1.08847311e-01
322 1 3.92699082e-01 1.08827285e-01
323 1 3.92699082e-01 1.09055803e-01
324 1 3.92699082e-01 1.09085972e-01
325 1 3.92699082e-01 1.08906655e-01
326 1 3.92699082e-01 1.09524986e-01
327 1 3.92699082e-01 1.08861422e-01
328 1 3.92699082e-01 1.09197442e-01
329 1 3.92699082e-01 1.09092025e-01
330 1 3.92699082e-01 1.08921935e-01
331 1 3.92699082e-01 1.09168377e-01
332 1 3.92699082e-01 1.09007106e-01
333 1 3.92699082e-01 1.09181165e-01
334 1 3.92699082e-01 1.08553898e-01
335 1 3.92699082e-01 1.09163044e-01
336 1 3.92699082e-01 1.09237677e-01
337 1 3.92699082e-01 1.09135502e-01
338 1 3.92699082e-01 1.09494980e-01
339 1 3.92699082e-01 1.09030857e-01
340 1 3.92699082e-01 1.09062450e-01
341 1 3.92699082e-01 1.08732308e-01
342 1 3.92699082e-01 1.09057313e-01
343 1 3.92699082e-01 1.08465718e-01
344 1 3.92699082e-01 1.08572129e-01
345 1 3.92699082e-01 1.08844425e-01
346 1 3.92699082e-01 1.08795963e-01
347 1 3.92699082e-01 1.09115725e-01
348 1 3.92699082e-01 1.08998971e-01
349 1 3.92699082e-01 1.08236143e-01
350 1 3.92699082e-01 1.09065451e-01
351 1 3.92699082e-01 1.09407176e-01
352 1 3.92699082e-01 1.08976458e-01
353 1 3.92699082e-01 1.08939217e-01
354 1 3.92699082e-01 1.09065696e-01
355 1 3.92699082e-01 1.08929405e-01
356 1 3.92699082e-01 1.09243365e-01
357 1 3.92699082e-01 1.08989399e-01
358 1 3.92699082e-01 1.08664153e-01
359 1 3.92699082e-01 1.08967987e-01
360 1 3.92699082e-01 1.08852875e-01
361 1 3.92699082e-01 1.08956279e-01
362 1 3.92699082e-01 1.09506998e-01
363 1 3.92699082e-01 1.08503543e-01
364 1 3.92699082e-01 1.09561777e-01
365 1 3.92699082e-01 1.09089249e-01
366 1 3.92699082e-01 1.08681360e-01
367 1 3.92699082e-01 1.08914087e-01
368 1 3.92699082e-01 1.08646732e-01
369 1 3.92699082e-01 1.08282299e-01
370 1 3.92699082e-01 1.08698331e-01
371 1 3.92699082e-01 1.08767617e-01
372 1 3.92699082e-01 1.08528468e-01
373 1 3.92699082e-01 1.09229704e-01
374 1 3.92699082e-01 1.09128104e-01
375 1 3.92699082e-01 1.08478621e-01
376 1 3.92699082e-01 1.08486044e-01
377 1 3.92699082e-01 1.09257263e-01
378 1 3.92699082e-01 1.09145419e-01
379 1 3.92699082e-01 1.08927870e-01
380 1 3.92699082e-01 1.08738931e-01
381 1 3.92699082e-01 1.09223527e-01
382 1 3.92699082e-01 1.09284202e-01
383 1 3.92699082e-01 1.09100613e-01
384 1 3.92699082e-01 1.08655337e-01
385 1 3.92699082e-01 1.09501797e-01
386 1 3.92699082e-01 1.09610356e-01
387 1 3.92699082e-01 1.09092737e-01
388 1 3.92699082e-01 1.08379427e-01
389 1 3.92699082e-01 1.08892795e-01
390 1 3.92699082e-01 1.08804376e-01
391 1 3.92699082e-01 1.09122744e-01
392 1 3.92699082e-01 1.09272788e-01
393 1 3.92699082e-01 1.08944621e-01
394 1 3.92699082e-01 1.08540349e-01
395 1 3.92699082e-01 1.09151225e-01
396 1 3.92699082e-01 1.09246641e-01
397 1 3.92699082e-01 1.09160282e-01
398 1 3.92699082e-01 1.09269251e-01
399 1 3.92699082e-01 1.08978783e-01
400 1 3.92699082e-01 1.08897851e-01
401 1 3.92699082e-01 1.09355901e-01
402 1 3.92699082e-01 1.08596449e-01
403 1 3.92699082e-01 1.08573665e-01
404 1 3.92699082e-01 1.09274228e-01
405 1 3.92699082e-01 1.09164224e-01
406 1 3.92699082e-01 1.08983903e-01
407 1 3.92699082e-01 1.09042796e-01
408 1 3.92699082e-01 1.08856105e-01
409 1 3.92699082e-01 1.09652873e-01
410 1 3.92699082e-01 1.08837913e-01
411 1 3.92699082e-01 1.08765603e-01
412 1 3.92699082e-01 1.08904482e-01
413 1 3.92699082e-01 1.08994846e-01
414 1 3.92699082e-01 1.09602987e-01
415 1 3.92699082e-01 1.09568822e-01
416 1 3.92699082e-01 1.08834061e-01
417 1 3.92699082e-01 1.09086935e-01
418 1 3.92699082e-01 1.09075147e-01
419 1 3.92699082e-01 1.08972802e-01
420 1 3.92699082e-01 1.09535121e-01
421 1 3.92699082e-01 1.08928985e-01
422 1 3.92699082e-01 1.09058661e-01
423 1 3.92699082e-01 1.08826378e-01
424 1 3.92699082e-01 1.08718539e-01
425 1 3.92699082e-01 1.08969007e-01
426 1 3.92699082e-01 1.08506322e-01
427 1 3.92699082e-01 1.08861202e-01
428 1 3.92699082e-01 1.08962321e-01
429 1 3.92699082e-01 1.09152387e-01
430 1 3.92699082e-01 1.09111767e-01
431 1 3.92699082e-01 1.09025431e-01
432 1 3.92699082e-01 1.09093224e-01
433 1 3.92699082e-01 1.09366107e-01
434 1 3.92699082e-01 1.09260877e-01
435 1 3.92699082e-01 1.09401465e-01
436 1 3.92699082e-01 1.09372603e-01
437 1 3.92699082e-01 1.09184463e-01
438 1 3.92699082e-01 1.09621019e-01
439 1 3.92699082e-01 1.08692472e-01
440 1 3.92699082e-01 1.08838660e-01
441 1 3.92699082e-01 1.09026382e-01
442 1 3.92699082e-01 1.09179672e-01
443 1 3.92699082e-01 1.08735711e-01
444 1 3.92699082e-01 1.09191079e-01
445 1 3.92699082e-01 1.08732692e-01
446 1 3.92699082e-01 1.09263749e-01
447 1 3.92699082e-01 1.09061854e-01
448 1 3.92699082e-01 1.08795920e-01
449 1 3.92699082e-01 1.08847655e-01
450 1 3.92699082e-01 1.08868754e-01
451 1 3.92699082e-01 1.08757979e-01
452 1 3.92699082e-01 1.08969039e-01
453 1 3.92699082e-01 1.08916975e-01
454 1 3.92699082e-01 1.08851891e-01
455 1 3.92699082e-01 1.08965596e-01
456 1 3.92699082e-01 1.08968293e-01
457 1 3.92699082e-01 1.08866076e-01
458 1 3.92699082e-01 1.09162990e-01
459 1 3.92699082e-01 1.09484225e-01
460 1 3.92699082e-01 1.08845941e-01
461 1 3.92699082e-01 1.09175385e-01
462 1 3.92699082e-01 1.08889741e-01
463 1 3.92699082e-01 1.09383469e-01
464 1 3.92699082e-01 1.09343815e-01
465 1 3.92699082e-01 1.09117477e-01
466 1 3.92699082e-01 1.09059971e-01
467 1 3.92699082e-01 1.08678213e-01
468 1 3.92699082e-01 1.08815793e-01
469 1 3.92699082e-01 1.08871394e-01
470 1 3.92699082e-01 1.08550461e-01
471 1 3.92699082e-01 1.09259281e-01
472 1 3.92699082e-01 1.08560838e-01
473 1 3.92699082e-01 1.09329454e-01
474 1 3.92699082e-01 1.09233301e-01
475 1 3.92699082e-01 1.09181497e-01
476 1 3.92699082e-01 1.09092277e-01
477 1 3.92699082e-01 1.09309576e-01
478 1 3.92699082e-01 1.08725481e-01
479 1 3.92699082e-01 1.08908092e-01
480 1 3.92699082e-01 1.08394027e-01
481 1 3.92699082e-01 1.09091754e-01
482 1 3.92699082e-01 1.08819569e-01
483 1 3.92699082e-01 1.08687878e-01
484 1 3.92699082e-01 1.08983987e-01
485 1 3.92699082e-01 1.08631759e-01
486 1 3.92699082e-01 1.09396253e-01
487 1 3.92699082e-01 1.08970882e-01
488 1 3.92699082e-01 1.09113824e-01
489 1 3.92699082e-01 1.09047933e-01
490 1 3.92699082e-01 1.08795467e-01
491 1 3.92699082e-01 1.09370069e-01
492 1 3.92699082e-01 1.09152770e-01
493 1 3.92699082e-01 1.09326181e-01
494 1 3.92699082e-01 1.09223297e-01
495 1 3.92699082e-01 1.09264254e-01
496 1 3.92699082e-01 1.08755509e-01
497 1 3.92699082e-01 1.09242096e-01
498 1 3.92699082e-01 1.09426633e-01
499 1 3.92699082e-01 1.08915107e-01
500 1 3.92699082e-01 1.09200166e-01
501 1 3.92699082e-01 1.09194844e-01
502 1 3.92699082e-01 1.09182798e-01
503 1 3.92699082e-01 1.08859994e-01
504 1 3.92699082e-01 1.09319226e-01
505 1 3.92699082e-01 1.08885166e-01
506 1 3.92699082e-01 1.08934016e-01
507 1 3.92699082e-01 1.08847131e-01
508 1 3.92699082e-01 1.09480036e-01
509 1 3.92699082e-01 1.09165477e-01
510 1 3.92699082e-01 1.08985578e-01
511 1 3.92699082e-01 1.08866610e-01
512 1 3.92699082e-01 1.08966847e-01
513 1 3.92699082e-01 1.09252511e-01
514 1 3.92699082e-01 1.09281803e-01
515 1 3.92699082e-01 1.08886959e-01
516 1 3.92699082e-01 1.09318954e-01
517 1 3.92699082e-01 1.09583449e-01
518 1 3.92699082e-01 1.09130973e-01
519 1 3.92699082e-01 1.09076524e-01
520 1 3.92699082e-01 1.08824588e-01
521 1 3.92699082e-01 1.09058608e-01
522 1 3.92699082e-01 1.09083793e-01
523 1 3.92699082e-01 1.08540232e-01
524 1 3.92699082e-01 1.08786791e-01
525 1 3.92699082e-01 1.08828616e-01
526 1 3.92699082e-01 1.09401019e-01
527 1 3.92699082e-01 1.08856128e-01
528 1 3.92699082e-01 1.08907736e-01
529 1 3.92699082e-01 1.09221725e-01
530 1 3.92699082e-01 1.09109768e-01
531 1 3.92699082e-01 1.08890558e-01
532 1 3.92699082e-01 1.09161593e-01
533 1 3.92699082e-01 1.09127940e-01
534 1 3.92699082e-01 1.09075585e-01
535 1 3.92699082e-01 1.08645036e-01
536 1 3.92699082e-01 1.09620186e-01
537 1 3.92699082e-01 1.08930836e-01
538 1 3.92699082e-01 1.09031036e-01
539 1 3.92699082e-01 1.08845137e-01
540 1 3.92699082e-01 1.08980334e-01
541 1 3.92699082e-01 1.09081808e-01
542 1 3.92699082e-01 1.08875088e-01
543 1 3.92699082e-01 1.08865920e-01
544 1 3.92699082e-01 1.08651113e-01
545 1 3.92699082e-01 1.09643677e-01
546 1 3.92699082e-01 1.08766838e-01
547 1 3.92699082e-01 1.08445811e-01
548 1 3.92699082e-01 1.09012550e-01
549 1 3.92699082e-01 1.08852550e-01
550 1 3.92699082e-01 1.08949554e-01
551 1 3.92699082e-01 1.09378117e-01
552 1 3.92699082e-01 1.09064679e-01
553 1 3.92699082e-01 1.08813364e-01
554 1 3.92699082e-01 1.08173248e-01
555 1 3.92699082e-01 1.09232440e-01
556 1 3.92699082e-01 1.09122054e-01
557 1 3.92699082e-01 1.09185800e-01
558 1 3.92699082e-01 1.09180314e-01
559 1 3.92699082e-01 1.08896231e-01
560 1 3.92699082e-01 1.08984083e-01
561 1 3.92699082e-01 1.08624033e-01
562 1 3.92699082e-01 1.09197883e-01
563 1 3.92699082e-01 1.09091531e-01
564 1 3.92699082e-01 1.09271942e-01
565 1 3.92699082e-01 1.08831036e-01
566 1 3.92699082e-01 1.09254182e-01
567 1 3.92699082e-01 1.08700179e-01
568 1 3.92699082e-01 1.09352146e-01
569 1 3.92699082e-01 1.08801955e-01
570 1 3.92699082e-01 1.08892306e-01
571 1 3.92699082e-01 1.09068861e-01
572 1 3.92699082e-01 1.09178532e-01
573 1 3.92699082e-01 1.09275586e-01
574 1 3.92699082e-01 1.08867278e-01
575 1 3.92699082e-01 1.09052778e-01
576 1 3.92699082e-01 1.08949552e-01
577 1 3.92699082e-01 1.09101859e-01
578 1 3.92699082e-01 1.08900418e-01
579 1 3.92699082e-01 1.08945893e-01
580 1 3.92699082e-01 1.08777433e-01
581 1 3.92699082e-01 1.08762901e-01
582 1 3.92699082e-01 1.09487152e-01
583 1 3.92699082e-01 1.09386343e-01
584 1 3.92699082e-01 1.08578918e-01
585 1 3.92699082e-01 1.08768702e-01
586 1 3.92699082e-01 1.08770362e-01
587 1 3.92699082e-01 1.09382875e-01
588 1 3.92699082e-01 1.09092837e-01
589 1 3.92699082e-01 1.08743640e-01
590 1 3.92699082e-01 1.09211612e-01
591 1 3.92699082e-01 1.08846227e-01
592 1 3.92699082e-01 1.09059058e-01
593 1 3.92699082e-01 1.09427718e-01
594 1 3.92699082e-01 1.08855526e-01
595 1 3.92699082e-01 1.09210558e-01
596 1 3.92699082e-01 1.09375833e-01
597 1 3.92699082e-01 1.08977747e-01
598 1 3.92699082e-01 1.08927682e-01
599 1 3.92699082e-01 1.08653828e-01
600 1 3.92699082e-01 1.08975951e-01
601 1 3.92699082e-01 1.08946296e-01
602 1 3.92699082e-01 1.09160807e-01
603 1 3.92699082e-01 1.09200074e-01
604 1 3.92699082e-01 1.09162258e-01
605 1 3.92699082e-01 1.08949272e-01
606 1 3.92699082e-01 1.09167417e-01
607 1 3.92699082e-01 1.08704539e-01
608 1 3.92699082e-01 1.08861008e-01
609 1 3.92699082e-01 1.08784259e-01
610 1 3.92699082e-01 1.09077224e-01
611 1 3.92699082e-01 1.09089862e-01
612 1 3.92699082e-01 1.08678116e-01
613 1 3.92699082e-01 1.09275290e-01
614 1 3.92699082e-01 1.08706424e-01
615 1 3.92699082e-01 1.09137627e-01
616 1 3.92699082e-01 1.08901733e-01
617 1 3.92699082e-01 1.08953241e-01
618 1 3.92699082e-01 1.08958064e-01
619 1 3.92699082e-01 1.08698674e-01
620 1 3.92699082e-01 1.09304869e-01
621 1 3.92699082e-01 1.08700347e-01
622 1 3.92699082e-01 1.08412801e-01
623 1 3.92699082e-01 1.08827296e-01
624 1 3.92699082e-01 1.08732492e-01
625 1 3.92699082e-01 1.09230270e-01
626 1 3.92699082e-01 1.08729227e-01
627 1 3.92699082e-01 1.09361947e-01
628 1 3.92699082e-01 1.09463171e-01
629 1 3.92699082e-01 1.09297887e-01
630 1 3.92699082e-01 1.09109797e-01
631 1 3.92699082e-01 1.08973800e-01
632 1 3.92699082e-01 1.08616095e-01
633 1 3.92699082e-01 1.09060878e-01
634 1 3.92699082e-01 1.08867906e-01
635 1 3.92699082e-01 1.08836717e-01
636 1 3.92699082e-01 1.09040852e-01
637 1 3.92699082e-01 1.09084392e-01
638 1 3.92699082e-01 1.08643802e-01
639 1 3.92699082e-01 1.08834806e-01
640 1 3.92699082e-01 1.09141768e-01
641 1 3.92699082e-01 1.08866823e-01
642 1 3.92699082e-01 1.09643210e-01
643 1 3.92699082e-01 1.08868093e-01
644 1 3.92699082e-01 1.08918130e-01
645 1 3.92699082e-01 1.08827370e-01
646 1 3.92699082e-01 1.08663166e-01
647 1 3.92699082e-01 1.08631507e-01
648 1 3.92699082e-01 1.08956194e-01
649 1 3.92699082e-01 1.09381136e-01
650 1 3.92699082e-01 1.09508358e-01
651 1 3.92699082e-01 1.08682121e-01
652 1 3.92699082e-01 1.09303467e-01
653 1 3.92699082e-01 1.09152357e-01
654 1 3.92699082e-01 1.08976255e-01
655 1 3.92699082e-01 1.09128705e-01
656 1 3.92699082e-01 1.09057700e-01
657 1 3.92699082e-01 1.08966079e-01
658 1 3.92699082e-01 1.08718459e-01
659 1 3.92699082e-01 1.09239571e-01
660 1 3.92699082e-01 1.08787246e-01
661 1 3.92699082e-01 1.09040024e-01
662 1 3.92699082e-01 1.08672027e-01
663 1 3.92699082e-01 1.08908362e-01
664 1 3.92699082e-01 1.09164947e-01
665 1 3.92699082e-01 1.09309386e-01
666 1 3.92699082e-01 1.08842766e-01
667 1 3.92699082e-01 1.09246735e-01
668 1 3.92699082e-01 1.09055252e-01
669 1 3.92699082e-01 1.08876511e-01
670 1 3.92699082e-01 1.09003743e-01
671 1 3.92699082e-01 1.09045111e-01
672 1 3.92699082e-01 1.09419690e-01
673 1 3.92699082e-01 1.09116562e-01
674 1 3.92699082e-01 1.08407489e-01
675 1 3.92699082e-01 1.09030104e-01
676 1 3.92699082e-01 1.09380399e-01
677 1 3.92699082e-01 1.09450630e-01
678 1 3.92699082e-01 1.09145054e-01
679 1 3.92699082e-01 1.09589385e-01
680 1 3.92699082e-01 1.09338969e-01
681 1 3.92699082e-01 1.09235983e-01
682 1 3.92699082e-01 1.08679325e-01
683 1 3.92699082e-01 1.09339971e-01
684 1 3.92699082e-01 1.08795611e-01
685 1 3.92699082e-01 1.08683237e-01
686 1 3.92699082e-01 1.08980632e-01
687 1 3.92699082e-01 1.09168353e-01
688 1 3.92699082e-01 1.09235037e-01
689 1 3.92699082e-01 1.08486141e-01
690 1 3.92699082e-01 1.08921286e-01
691 1 3.92699082e-01 1.08572494e-01
692 1 3.92699082e-01 1.09178085e-01
693 1 3.92699082e-01 1.09103399e-01
694 1 3.92699082e-01 1.09039223e-01
695 1 3.92699082e-01 1.09381635e-01
696 1 3.92699082e-01 1.09241660e-01
697 1 3.92699082e-01 1.09181937e-01
698 1 3.92699082e-01 1.08597830e-01
699 1 3.92699082e-01 1.08983617e-01
700 1 3.92699082e-01 1.08800368e-01
701 1 3.92699082e-01 1.09158963e-01
702 1 3.92699082e-01 1.08872749e-01
703 1 3.92699082e-01 1.08849525e-01
704 1 3.92699082e-01 1.08913023e-01
705 1 3.92699082e-01 1.09151830e-01
706 1 3.92699082e-01 1.09336654e-01
707 1 3.92699082e-01 1.08857866e-01
708 1 3.92699082e-01 1.09029205e-01
709 1 3.92699082e-01 1.08898756e-01
710 1 3.92699082e-01 1.08665443e-01
711 1 3.92699082e-01 1.08972084e-01
712 1 3.92699082e-01 1.09294296e-01
713 1 3.92699082e-01 1.09304143e-01
714 1 3.92699082e-01 1.08739970e-01
715 1 3.92699082e-01 1.09377874e-01
716 1 3.92699082e-01 1.09007523e-01
717 1 3.92699082e-01 1.09123576e-01
718 1 3.92699082e-01 1.08935074e-01
719 1 3.92699082e-01 1.08822287e-01
720 1 3.92699082e-01 1.09331007e-01
721 1 3.92699082e-01 1.09254526e-01
722 1 3.92699082e-01 1.08958071e-01
723 1 3.92699082e-01 1.08846041e-01
724 1 3.92699082e-01 1.08614908e-01
725 1 3.92699082e-01 1.08993529e-01
726 1 3.92699082e-01 1.09182529e-01
727 1 3.92699082e-01 1.08870969e-01
728 1 3.92699082e-01 1.08960561e-01
729 1 3.92699082e-01 1.08512556e-01
730 1 3.92699082e-01 1.09019737e-01
731 1 3.92699082e-01 1.08603616e-01
732 1 3.92699082e-01 1.09411322e-01
733 1 3.92699082e-01 1.09059302e-01
734 1 3.92699082e-01 1.08761391e-01
735 1 3.92699082e-01 1.08842691e-01
736 1 3.92699082e-01 1.08965151e-01
737 1 3.92699082e-01 1.08873935e-01
738 1 3.92699082e-01 1.09029646e-01
739 1 3.92699082e-01 1.08692471e-01
740 1 3.92699082e-01 1.09021180e-01
741 1 3.92699082e-01 1.08950666e-01
742 1 3.92699082e-01 1.09541754e-01
743 1 3.92699082e-01 1.09038825e-01
744 1 3.92699082e-01 1.08927966e-01
745 1 3.92699082e-01 1.08948956e-01
746 1 3.92699082e-01 1.09110655e-01
747 1 3.92699082e-01 1.09249375e-01
748 1 3.92699082e-01 1.09307146e-01
749 1 3.92699082e-01 1.09138765e-01
750 1 3.92699082e-01 1.09041623e-01
751 1 3.92699082e-01 1.09302908e-01
752 1 3.92699082e-01 1.09375095e-01
753 1 3.92699082e-01 1.09050112e-01
754 1 3.92699082e-01 1.08735244e-01
755 1 3.92699082e-01 1.08989027e-01
756 1 3.92699082e-01 1.08932373e-01
757 1 3.92699082e-01 1.08382751e-01
758 1 3.92699082e-01 1.08935004e-01
759 1 3.92699082e-01 1.08929469e-01
760 1 3.92699082e-01 1.08510093e-01
761 1 3.92699082e-01 1.08752469e-01
762 1 3.92699082e-01 1.09254080e-01
763 1 3.92699082e-01 1.08940398e-01
764 1 3.92699082e-01 1.09137894e-01
765 1 3.92699082e-01 1.08742346e-01
766 1 3.92699082e-01 1.09071326e-01
767 1 3.92699082e-01 1.08146542e-01
768 1 3.92699082e-01 1.08968007e-01
769 1 3.92699082e-01 1.08767072e-01
770 1 3.92699082e-01 1.08731347e-01
771 1 3.92699082e-01 1.08721672e-01
772 1 3.92699082e-01 1.09508030e-01
773 1 3.92699082e-01 1.08809244e-01
774 1 3.92699082e-01 1.08576793e-01
775 1 3.92699082e-01 1.09048257e-01
776 1 3.92699082e-01 1.09280471e-01
777 1 3.92699082e-01 1.08620294e-01
778 1 3.92699082e-01 1.08921346e-01
779 1 3.92699082e-01 1.09094749e-01
780 1 3.92699082e-01 1.09192053e-01
781 1 3.92699082e-01 1.09291195e-01
782 1 3.92699082e-01 1.09056779e-01
783 1 3.92699082e-01 1.09283818e-01
784 1 3.92699082e-01 1.08419515e-01
785 1 3.92699082e-01 1.08941231e-01
786 1 3.92699082e-01 1.08786113e-01
787 1 3.92699082e-01 1.08857733e-01
788 1 3.92699082e-01 1.08511496e-01
789 1 3.92699082e-01 1.08989032e-01
790 1 3.92699082e-01 1.09003935e-01
791 1 3.92699082e-01 1.09108567e-01
792 1 3.92699082e-01 1.09084542e-01
793 1 3.92699082e-01 1.09046405e-01
794 1 3.92699082e-01 1.09404123e-01
795 1 3.92699082e-01 1.09506155e-01
796 1 3.92699082e-01 1.08783447e-01
797 1 3.92699082e-01 1.08974682e-01
798 1 3.92699082e-01 1.08972916e-01
799 1 3.92699082e-01 1.08964352e-01
800 1 3.92699082e-01 1.08823931e-01
801 1 3.92699082e-01 1.08808700e-01
802 1 3.92699082e-01 1.08758279e-01
803 1 3.92699082e-01 1.09196955e-01
804 1 3.92699082e-01 1.08548963e-01
805 1 3.92699082e-01 1.08452873e-01
806 1 3.92699082e-01 1.09275459e-01
807 1 3.92699082e-01 1.09256763e-01
808 1 3.92699082e-01 1.08624522e-01
809 1 3.92699082e-01 1.09402626e-01
810 1 3.92699082e-01 1.08906996e-01
811 1 3.92699082e-01 1.08815510e-01
812 1 3.92699082e-01 1.08677733e-01
813 1 3.92699082e-01 1.09054179e-01
814 1 3.92699082e-01 1.08379290e-01
815 1 3.92699082e-01 1.09108386e-01
816 1 3.92699082e-01 1.09270509e-01
817 1 3.92699082e-01 1.09033879e-01
818 1 3.92699082e-01 1.09071609e-01
819 1 3.92699082e-01 1.08733244e-01
820 1 3.92699082e-01 1.09233932e-01
821 1 3.92699082e-01 1.08884197e-01
822 1 3.92699082e-01 1.09252176e-01
823 1 3.92699082e-01 1.09378734e-01
824 1 3.92699082e-01 1.09258045e-01
825 1 3.92699082e-01 1.08985968e-01
826 1 3.92699082e-01 1.09352487e-01
827 1 3.92699082e-01 1.08531491e-01
828 1 3.92699082e-01 1.09023587e-01
829 1 3.92699082e-01 1.09589136e-01
830 1 3.92699082e-01 1.08675824e-01
831 1 3.92699082e-01 1.09096972e-01
832 1 3.92699082e-01 1.09256836e-01
833 1 3.92699082e-01 1.09147539e-01
834 1 3.92699082e-01 1.08957393e-01
835 1 3.92699082e-01 1.09392356e-01
836 1 3.92699082e-01 1.09324738e-01
837 1 3.92699082e-01 1.09110792e-01
838 1 3.92699082e-01 1.08825082e-01
839 1 3.92699082e-01 1.08992334e-01
840 1 3.92699082e-01 1.09040114e-01
841 1 3.92699082e-01 1.08882938e-01
842 1 3.92699082e-01 1.09048204e-01
843 1 3.92699082e-01 1.08868920e-01
844 1 3.92699082e-01 1.08958381e-01
845 1 3.92699082e-01 1.09246511e-01
846 1 3.92699082e-01 1.08971347e-01
847 1 3.92699082e-01 1.08398023e-01
848 1 3.92699082e-01 1.09133807e-01
849 1 3.92699082e-01 1.08653148e-01
850 1 3.92699082e-01 1.08643156e-01
851 1 3.92699082e-01 1.09022203e-01
852 1 3.92699082e-01 1.08872522e-01
853 1 3.92699082e-01 1.08398696e-01
854 1 3.92699082e-01 1.09237683e-01
855 1 3.92699082e-01 1.09037664e-01
856 1 3.92699082e-01 1.08768006e-01
857 1 3.92699082e-01 1.08812734e-01
858 1 3.92699082e-01 1.09576910e-01
859 1 3.92699082e-01 1.09273301e-01
860 1 3.92699082e-01 1.09377592e-01
861 1 3.92699082e-01 1.09027593e-01
862 1 3.92699082e-01 1.08954320e-01
863 1 3.92699082e-01 1.08923711e-01
864 1 3.92699082e-01 1.08924934e-01
865 1 3.92699082e-01 1.09053385e-01
866 1 3.92699082e-01 1.09164050e-01
867 1 3.92699082e-01 1.08906519e-01
868 1 3.92699082e-01 1.09273157e-01
869 1 3.92699082e-01 1.08761589e-01
870 1 3.92699082e-01 1.09149040e-01
871 1 3.92699082e-01 1.09104753e-01
872 1 3.92699082e-01 1.09634657e-01
873 1 3.92699082e-01 1.09229755e-01
874 1 3.92699082e-01 1.08916137e-01
875 1 3.92699082e-01 1.08903124e-01
876 1 3.92699082e-01 1.08911003e-01
877 1 3.92699082e-01 1.09164415e-01
878 1 3.92699082e-01 1.08680985e-01
879 1 3.92699082e-01 1.08580758e-01
880 1 3.92699082e-01 1.08481963e-01
881 1 3.92699082e-01 1.09196534e-01
882 1 3.92699082e-01 1.09101364e-01
883 1 3.92699082e-01 1.08756300e-01
884 1 3.92699082e-01 1.09056432e-01
885 1 3.92699082e-01 1.09475319e-01
886 1 3.92699082e-01 1.08846011e-01
887 1 3.92699082e-01 1.08661204e-01
888 1 3.92699082e-01 1.09243520e-01
889 1 3.92699082e-01 1.09210880e-01
890 1 3.92699082e-01 1.08791477e-01
891 1 3.92699082e-01 1.09095989e-01
892 1 3.92699082e-01 1.09053754e-01
893 1 3.92699082e-01 1.08695568e-01
894 1 3.92699082e-01 1.09512223e-01
895 1 3.92699082e-01 1.08706981e-01
896 1 3.92699082e-01 1.09155465e-01
897 1 3.92699082e-01 1.09354446e-01
898 1 3.92699082e-01 1.09004915e-01
899 1 3.92699082e-01 1.08553813e-01
900 1 3.92699082e-01 1.09151667e-01
901 1 3.92699082e-01 1.09149849e-01
902 1 3.92699082e-01 1.09057854e-01
903 1 3.92699082e-01 1.08800730e-01
904 1 3.92699082e-01 1.08808254e-01
905 1 3.92699082e-01 1.08962315e-01
906 1 3.92699082e-01 1.09415903e-01
907 1 3.92699082e-01 1.08755110e-01
908 1 3.92699082e-01 1.09492210e-01
909 1 3.92699082e-01 1.09464221e-01
910 1 3.92699082e-01 1.09226704e-01
911 1 3.92699082e-01 1.08806190e-01
912 1 3.92699082e-01 1.09220971e-01
913 1 3.92699082e-01 1.09350182e-01
914 1 3.92699082e-01 1.08832299e-01
915 1 3.92699082e-01 1.08448575e-01
916 1 3.92699082e-01 1.09179576e-01
917 1 3.92699082e-01 1.09246025e-01
918 1 3.92699082e-01 1.09560635e-01
919 1 3.92699082e-01 1.09513188e-01
920 1 3.92699082e-01 1.08842149e-01
921 1 3.92699082e-01 1.08643002e-01
922 1 3.92699082e-01 1.08924328e-01
923 1 3.92699082e-01 1.09286451e-01
924 1 3.92699082e-01 1.09260259e-01
925 1 3.92699082e-01 1.09343537e-01
926 1 3.92699082e-01 1.08673366e-01
927 1 3.92699082e-01 1.09147706e-01
928 1 3.92699082e-01 1.08872076e-01
929 1 3.92699082e-01 1.09071814e-01
930 1 3.92699082e-01 1.08517063e-01
931 1 3.92699082e-01 1.09029280e-01
932 1 3.92699082e-01 1.09031327e-01
933 1 3.92699082e-01 1.08886838e-01
934 1 3.92699082e-01 1.09176905e-01
935 1 3.92699082e-01 1.08767754e-01
936 1 3.92699082e-01 1.09133096e-01
937 1 3.92699082e-01 1.08992559e-01
938 1 3.92699082e-01 1.09027744e-01
939 1 3.92699082e-01 1.08987133e-01
940 1 3.92699082e-01 1.08797831e-01
941 1 3.92699082e-01 1.09357743e-01
942 1 3.92699082e-01 1.09590846e-01
943 1 3.92699082e-01 1.09271225e-01
944 1 3.92699082e-01 1.09101925e-01
945 1 3.92699082e-01 1.08843634e-01
946 1 3.92699082e-01 1.09197612e-01
947 1 3.92699082e-01 1.08819607e-01
948 1 3.92699082e-01 1.08866238e-01
949 1 3.92699082e-01 1.09020224e-01
950 1 3.92699082e-01 1.08806658e-01
951 1 3.92699082e-01 1.09008543e-01
952 1 3.92699082e-01 1.08359722e-01
953 1 3.92699082e-01 1.08965066e-01
954 1 3.92699082e-01 1.08992744e-01
955 1 3.92699082e-01 1.08890862e-01
956 1 3.92699082e-01 1.08937736e-01
957 1 3.92699082e-01 1.09247050e-01
958 1 3.92699082e-01 1.08775911e-01
959 1 3.92699082e-01 1.08708928e-01
960 1 3.92699082e-01 1.09075351e-01
961 1 3.92699082e-01 1.09127572e-01
962 1 3.92699082e-01 1.08705864e-01
963 1 3.92699082e-01 1.09070235e-01
964 1 3.92699082e-01 1.08398055e-01
965 1 3.92699082e-01 1.09101151e-01
966 1 3.92699082e-01 1.08905543e-01
967 1 3.92699082e-01 1.09089890e-01
968 1 3.92699082e-01 1.08833773e-01
969 1 3.92699082e-01 1.09041535e-01
970 1 3.92699082e-01 1.08749060e-01
971 1 3.92699082e-01 1.08752187e-01
972 1 3.92699082e-01 1.08439598e-01
973 1 3.92699082e-01 1.08762043e-01
974 1 3.92699082e-01 1.08976378e-01
975 1 3.92699082e-01 1.09546224e-01
976 1 3.92699082e-01 1.08721193e-01
977 1 3.92699082e-01 1.09391580e-01
978 1 3.92699082e-01 1.08883143e-01
979 1 3.92699082e-01 1.08673999e-01
980 1 3.92699082e-01 1.08612245e-01
981 1 3.92699082e-01 1.09048877e-01
982 1 3.92699082e-01 1.09193266e-01
983 1 3.92699082e-01 1.09376284e-01
984 1 3.92699082e-01 1.08783764e-01
985 1 3.92699082e-01 1.08956787e-01
986 1 3.92699082e-01 1.09294784e-01
987 1 3.92699082e-01 1.08797438e-01
988 1 3.92699082e-01 1.08696869e-01
989 1 3.92699082e-01 1.08716119e-01
990 1 3.92699082e-01 1.09019300e-01
991 1 3.92699082e-01 1.08608236e-01
992 1 3.92699082e-01 1.09246478e-01
993 1 3.92699082e-01 1.09060325e-01
994 1 3.92699082e-01 1.09006262e-01
995 1 3.92699082e-01 1.09646252e-01
996 1 3.92699082e-01 1.09041284e-01
997 1 3.92699082e-01 1.08824037e-01
998 1 3.92699082e-01 1.08643949e-01
999 1 3.92699082e-01 1.09356257e-01
1000 1 3.92699082e-01 1.09214768e-01
1001 1 3.92699082e-01 1.09650473e-01
1002 1 3.92699082e-01 1.08684752e-01
1003 1 3.92699082e-01 1.08545909e-01
1004 1 3.92699082e-01 1.08887264e-01
1005 1 3.92699082e-01 1.08517377e-01
1006 1 3.92699082e-01 1.08586035e-01
1007 1 3.92699082e-01 1.08468425e-01
1008 1 3.92699082e-01 1.08783417e-01
1009 1 3.92699082e-01 1.08852247e-01
1010 1 3.92699082e-01 1.08964430e-01
1011 1 3.92699082e-01 1.08731488e-01
1012 1 3.92699082e-01 1.08891942e-01
1013 1 3.92699082e-01 1.08449494e-01
1014 1 3.92699082e-01 1.08989954e-01
1015 1 3.92699082e-01 1.08894119e-01
1016 1 3.92699082e-01 1.09180778e-01
1017 1 3.92699082e-01 1.07473578e-01
1018 1 3.92699082e-01 1.08847360e-01
1019 1 3.92699082e-01 1.09104657e-01
1020 1 3.92699082e-01 1.08225662e-01
1021 1 3.92699082e-01 1.08916176e-01
1022 1 3.92699082e-01 1.08942004e-01
1023 1 3.92699082e-01 1.08979829e-01
1024 1 3.92699082e-01 1.08727144e-01
1025 1 3.92699082e-01 1.08410200e-01
0 2 7.85398163e-01 1.98608006e-01
1 2 7.85398163e-01 1.98368482e-01
2 2 7.85398163e-01 1.98010236e-01
3 2 7.85398163e-01 1.97575630e-01
4 2 7.85398163e-01 1.98236415e-01
5 2 7.85398163e-01 1.98238490e-01
6 2 7.85398163e-01 1.98012412e-01
7 2 7.85398163e-01 1.98195788e-01
8 2 7.85398163e-01 1.98062448e-01
9 2 7.85398163e-01 1.97647723e-01
10 2 7.85398163e-01 1.98209765e-01
11 2 7.85398163e-01 1.97416696e-01
12 2 7.85398163e-01 1.98669911e-01
13 2 7.85398163e-01 1.98289873e-01
14 2 7.85398163e-01 1.97726307e-01
15 2 7.85398163e-01 1.98332173e-01
16 2 7.85398163e-01 1.96523314e-01
17 2 7.85398163e-01 1.97762807e-01
18 2 7.85398163e-01 1.97546145e-01
19 2 7.85398163e-01 1.98356922e-01
20 2 7.85398163e-01 1.97584486e-01
21 2 7.85398163e-01 1.97987489e-01
22 2 7.85398163e-01 1.97995743e-01
23 2 7.85398163e-01 1.97770303e-01
24 2 7.85398163e-01 1.97555001e-01
25 2 7.85398163e-01 1.97770310e-01
26 2 7.85398163e-01 1.97872452e-01
27 2 7.85398163e-01 1.97905378e-01
28 2 7.85398163e-01 1.98348778e-01
29 2 7.85398163e-01 1.97329632e-01
30 2 7.85398163e-01 1.98219930e-01
31 2 7.85398163e-01 1.98208067e-01
32 2 7.85398163e-01 1.98752819e-01
33 2 7.85398163e-01 1.97823678e-01
34 2 7.85398163e-01 1.97231692e-01
35 2 7.85398163e-01 1.97588628e-01
36 2 7.85398163e-01 1.97979370e-01
37 2 7.85398163e-01 1.98265904e-01
38 2 7.85398163e-01 1.97956803e-01
39 2 7.85398163e-01 1.98258626e-01
40 2 7.85398163e-01 1.98891740e-01
41 2 7.85398163e-01 1.98248489e-01
42 2 7.85398163e-01 1.98295699e-01
43 2 7.85398163e-01 1.97714689e-01
44 2 7.85398163e-01 1.99188465e-01
45 2 7.85398163e-01 1.98427770e-01
46 2 7.85398163e-01 1.98433771e-01
47 2 7.85398163e-01 1.98284343e-01
48 2 7.85398163e-01 1.97802852e-01
49 2 7.85398163e-01 1.98260993e-01
50 2 7.85398163e-01 1.98819357e-01
51 2 7.85398163e-01 1.98533025e-01
52 2 7.85398163e-01 1.98694684e-01
53 2 7.85398163e-01 1.97536010e-01
54 2 7.85398163e-01 1.98072972e-01
55 2 7.85398163e-01 1.98492106e-01
56 2 7.85398163e-01 1.98359718e-01
57 2 7.85398163e-01 1.98029948e-01
58 2 7.85398163e-01 1.98301073e-01
59 2 7.85398163e-01 1.97764868e-01
60 2 7.85398163e-01 1.98034044e-01
61 2 7.85398163e-01 1.98243210e-01
62 2 7.85398163e-01 1.97218956e-01
63 2 7.85398163e-01 1.96725423e-01
64 2 7.85398163e-01 1.97703290e-01
65 2 7.85398163e-01 1.98991944e-01
66 2 7.85398163e-01 1.97705945e-01
67 2 7.85398163e-01 1.98034228e-01
68 2 7.85398163e-01 1.97452550e-01
69 2 7.85398163e-01 1.98461344e-01
70 2 7.85398163e-01 1.97957439e-01
71 2 7.85398163e-01 1.97619626e-01
72 2 7.85398163e-01 1.97779722e-01
73 2 7.85398163e-01 1.97412807e-01
74 2 7.85398163e-01 1.97827754e-01
75 2 7.85398163e-01 1.97740412e-01
76 2 7.85398163e-01 1.97646469e-01
77 2 7.85398163e-01 1.98418223e-01
78 2 7.85398163e-01 1.98374082e-01
79 2 7.85398163e-01 1.98110661e-01
80 2 7.85398163e-01 1.97497480e-01
81 2 7.85398163e-01 1.97455856e-01
82 2 7.85398163e-01 1.97393129e-01
83 2 7.85398163e-01 1.97957485e-01
84 2 7.85398163e-01 1.98341299e-01
85 2 7.85398163e-01 1.97416996e-01
86 2 7.85398163e-01 1.97507899e-01
87 2 7.85398163e-01 1.98228200e-01
88 2 7.85398163e-01 1.98192580e-01
89 2 7.85398163e-01 1.98218194e-01
90 2 7.85398163e-01 1.98668390e-01
91 2 7.85398163e-01 1.97828630e-01
92 2 7.85398163e-01 1.98775962e-01
93 2 7.85398163e-01 1.97810560e-01
94 2 7.85398163e-01 1.97827260e-01
95 2 7.85398163e-01 1.97620452e-01
96 2 7.85398163e-01 1.98082563e-01
97 2 7.85398163e-01 1.96814469e-01
98 2 7.85398163e-01 1.97511859e-01
99 2 7.85398163e-01 1.96783487e-01
100 2 7.85398163e-01 1.98028905e-01
101 2 7.85398163e-01 1.98172308e-01
102 2 7.85398163e-01 1.97379963e-01
103 2 7.85398163e-01 1.98356116e-01
104 2 7.85398163e-01 1.97371436e-01
105 2 7.85398163e-01 1.96752483e-01
106 2 7.85398163e-01 1.97776270e-01
107 2 7.85398163e-01 1.97707427e-01
108 2 7.85398163e-01 1.97759596e-01
109 2 7.85398163e-01 1.97923683e-01
110 2 7.85398163e-01 1.97531935e-01
111 2 7.85398163e-01 1.98187453e-01
112 2 7.85398163e-01 1.97976962e-01
113 2 7.85398163e-01 1.98160545e-01
114 2 7.85398163e-01 1.98092724e-01
115 2 7.85398163e-01 1.98493020e-01
116 2 7.85398163e-01 1.98244747e-01
117 2 7.85398163e-01 1.97420404e-01
118 2 7.85398163e-01 1.98008068e-01
119 2 7.85398163e-01 1.98189347e-01
120 2 7.85398163e-01 1.97717585e-01
121 2 7.85398163e-01 1.98427183e-01
122 2 7.85398163e-01 1.97609799e-01
123 2 7.85398163e-01 1.97793829e-01
124 2 7.85398163e-01 1.97553467e-01
125 2 7.85398163e-01 1.97749838e-01
126 2 7.85398163e-01 1.97758438e-01
127 2 7.85398163e-01 1.98935700e-01
128 2 7.85398163e-01 1.97977721e-01
129 2 7.85398163e-01 1.97272052e-01
130 2 7.85398163e-01 1.97614718e-01
131 2 7.85398163e-01 1.97584358e-01
132 2 7.85398163e-01 1.97892945e-01
133 2 7.85398163e-01 1.98658020e-01
134 2 7.85398163e-01 1.97532712e-01
135 2 7.85398163e-01 1.98548648e-01
136 2 7.85398163e-01 1.97839093e-01
137 2 7.85398163e-01 1.97111386e-01
138 2 7.85398163e-01 1.98371271e-01
139 2 7.85398163e-01 1.98674960e-01
140 2 7.85398163e-01 1.98734581e-01
141 2 7.85398163e-01 1.98016333e-01
142 2 7.85398163e-01 1.97405001e-01
143 2 7.85398163e-01 1.98001763e-01
144 2 7.85398163e-01 1.97851105e-01
145 2 7.85398163e-01 1.98226995e-01
146 2 7.85398163e-01 1.97494388e-01
147 2 7.85398163e-01 1.98182565e-01
148 2 7.85398163e-01 1.97575551e-01
149 2 7.85398163e-01 1.97895141e-01
150 2 7.85398163e-01 1.97655986e-01
151 2 7.85398163e-01 1.98031035e-01
152 2 7.85398163e-01 1.98188523e-01
153 2 7.85398163e-01 1.97673282e-01
154 2 7.85398163e-01 1.97583401e-01
155 2 7.85398163e-01 1.97427541e-01
156 2 7.85398163e-01 1.98234636e-01
157 2 7.85398163e-01 1.98284616e-01
158 2 7.85398163e-01 1.98486939e-01
159 2 7.85398163e-01 1.98160100e-01
160 2 7.85398163e-01 1.97948133e-01
161 2 7.85398163e-01 1.96786335e-01
162 2 7.85398163e-01 1.98301414e-01
163 2 7.85398163e-01 1.98471466e-01
164 2 7.85398163e-01 1.98165452e-01
165 2 7.85398163e-01 1.97924723e-01
166 2 7.85398163e-01 1.97650706e-01
167 2 7.85398163e-01 1.98356472e-01
168 2 7.85398163e-01 1.97118351e-01
169 2 7.85398163e-01 1.99107105e-01
170 2 7.85398163e-01 1.97882822e-01
171 2 7.85398163e-01 1.98656381e-01
172 2 7.85398163e-01 1.97931704e-01
173 2 7.85398163e-01 1.98212719e-01
174 2 7.85398163e-01 1.97664618e-01
175 2 7.85398163e-01 1.98053486e-01
176 2 7.85398163e-01 1.97941658e-01
177 2 7.85398163e-01 1.98588119e-01
178 2 7.85398163e-01 1.98718133e-01
179 2 7.85398163e-01 1.98621959e-01
180 2 7.85398163e-01 1.97928250e-01
181 2 7.85398163e-01 1.98116898e-01
182 2 7.85398163e-01 1.98115816e-01
183 2 7.85398163e-01 1.97796370e-01
184 2 7.85398163e-01 1.97849232e-01
185 2 7.85398163e-01 1.98328261e-01
186 2 7.85398163e-01 1.97908249e-01
187 2 7.85398163e-01 1.97922905e-01
188 2 7.85398163e-01 1.96957693e-01
189 2 7.85398163e-01 1.98465784e-01
190 2 7.85398163e-01 1.98291670e-01
191 2 7.85398163e-01 1.98732634e-01
192 2 7.85398163e-01 1.98220879e-01
193 2 7.85398163e-01 1.98230999e-01
194 2 7.85398163e-01 1.97483519e-01
195 2 7.85398163e-01 1.97715289e-01
196 2 7.85398163e-01 1.97799956e-01
197 2 7.85398163e-01 1.97950980e-01
198 2 7.85398163e-01 1.98778385e-01
199 2 7.85398163e-01 1.98146648e-01
200 2 7.85398163e-01 1.97887271e-01
201 2 7.85398163e-01 1.97698416e-01
202 2 7.85398163e-01 1.98275434e-01
203 2 7.85398163e-01 1.98291248e-01
204 2 7.85398163e-01 1.98127173e-01
205 2 7.85398163e-01 1.98524087e-01
206 2 7.85398163e-01 1.98428880e-01
207 2 7.85398163e-01 1.98436959e-01
208 2 7.85398163e-01 1.97910548e-01
209 2 7.85398163e-01 1.98235078e-01
210 2 7.85398163e-01 1.98399866e-01
211 2 7.85398163e-01 1.97890297e-01
212 2 7.85398163e-01 1.97980125e-01
213 2 7.85398163e-01 1.97567580e-01
214 2 7.85398163e-01 1.98325772e-01
215 2 7.85398163e-01 1.97693678e-01
216 2 7.85398163e-01 1.98979264e-01
217 2 7.85398163e-01 1.98250802e-01
218 2 7.85398163e-01 1.99172017e-01
219 2 7.85398163e-01 1.98810668e-01
220 2 7.85398163e-01 1.98875382e-01
221 2 7.85398163e-01 1.97573277e-01
222 2 7.85398163e-01 1.99354336e-01
223 2 7.85398163e-01 1.97766472e-01
224 2 7.85398163e-01 1.97688638e-01
225 2 7.85398163e-01 1.97285901e-01
226 2 7.85398163e-01 1.97702661e-01
227 2 7.85398163e-01 1.98395399e-01
228 2 7.85398163e-01 1.97669898e-01
229 2 7.85398163e-01 1.98695229e-01
230 2 7.85398163e-01 1.97821685e-01
231 2 7.85398163e-01 1.97324455e-01
232 2 7.85398163e-01 1.97670041e-01
233 2 7.85398163e-01 1.98105176e-01
234 2 7.85398163e-01 1.98305500e-01
235 2 7.85398163e-01 1.98573788e-01
236 2 7.85398163e-01 1.98160067e-01
237 2 7.85398163e-01 1.97366700e-01
238 2 7.85398163e-01 1.97257339e-01
239 2 7.85398163e-01 1.97821370e-01
240 2 7.85398163e-01 1.97772757e-01
241 2 7.85398163e-01 1.98197768e-01
242 2 7.85398163e-01 1.98227880e-01
243 2 7.85398163e-01 1.99095877e-01
244 2 7.85398163e-01 1.97910241e-01
245 2 7.85398163e-01 1.98662502e-01
246 2 7.85398163e-01 1.97495078e-01
247 2 7.85398163e-01 1.97397629e-01
248 2 7.85398163e-01 1.99336572e-01
249 2 7.85398163e-01 1.98769106e-01
250 2 7.85398163e-01 1.98735311e-01
251 2 7.85398163e-01 1.98763477e-01
252 2 7.85398163e-01 1.98682070e-01
253 2 7.85398163e-01 1.98454820e-01
254 2 7.85398163e-01 1.98996968e-01
255 2 7.85398163e-01 1.98752874e-01
256 2 7.85398163e-01 1.97945178e-01
257 2 7.85398163e-01 1.96871400e-01
258 2 7.85398163e-01 1.98122191e-01
259 2 7.85398163e-01 1.98217426e-01
260 2 7.85398163e-01 1.98277482e-01
261 2 7.85398163e-01 1.98667244e-01
262 2 7.85398163e-01 1.98045146e-01
263 2 7.85398163e-01 1.99300170e-01
264 2 7.85398163e-01 1.98956838e-01
265 2 7.85398163e-01 1.98007796e-01
266 2 7.85398163e-01 1.97652335e-01
267 2 7.85398163e-01 1.98194086e-01
268 2 7.85398163e-01 1.97715819e-01
269 2 7.85398163e-01 1.98090571e-01
270 2 7.85398163e-01 1.98336394e-01
271 2 7.85398163e-01 1.97919928e-01
272 2 7.85398163e-01 1.98750780e-01
273 2 7.85398163e-01 1.98700368e-01
274 2 7.85398163e-01 1.96917823e-01
275 2 7.85398163e-01 1.98215776e-01
276 2 7.85398163e-01 1.98304376e-01
277 2 7.85398163e-01 1.98887983e-01
278 2 7.85398163e-01 1.97523753e-01
279 2 7.85398163e-01 1.98052268e-01
280 2 7.85398163e-01 1.98061796e-01
281 2 7.85398163e-01 1.97949173e-01
282 2 7.85398163e-01 1.97651328e-01
283 2 7.85398163e-01 1.97901705e-01
284 2 7.85398163e-01 1.97775169e-01
285 2 7.85398163e-01 1.97814249e-01
286 2 7.85398163e-01 1.98165138e-01
287 2 7.85398163e-01 1.96975977e-01
288 2 7.85398163e-01 1.99312510e-01
289 2 7.85398163e-01 1.97564986e-01
290 2 7.85398163e-01 1.99074396e-01
291 2 7.85398163e-01 1.97835633e-01
292 2 7.85398163e-01 1.99214695e-01
293 2 7.85398163e-01 1.98400083e-01
294 2 7.85398163e-01 1.98963730e-01
295 2 7.85398163e-01 1.98319739e-01
296 2 7.85398163e-01 1.99010307e-01
297 2 7.85398163e-01 1.98633616e-01
298 2 7.85398163e-01 1.98468779e-01
299 2 7.85398163e-01 1.97858203e-01
300 2 7.85398163e-01 1.97500598e-01
301 2 7.85398163e-01 1.97086959e-01
302 2 7.85398163e-01 1.98080381e-01
303 2 7.85398163e-01 1.98060523e-01
304 2 7.85398163e-01 1.98405353e-01
305 2 7.85398163e-01 1.98288240e-01
306 2 7.85398163e-01 1.98335581e-01
307 2 7.85398163e-01 1.97432506e-01
308 2 7.85398163e-01 1.98415440e-01
309 2 7.85398163e-01 1.97838470e-01
310 2 7.85398163e-01 1.99466286e-01
311 2 7.85398163e-01 1.98513263e-01
312 2 7.85398163e-01 1.98341311e-01
313 2 7.85398163e-01 1.97564808e-01
314 2 7.85398163e-01 1.97973205e-01
315 2 7.85398163e-01 1.97485356e-01
316 2 7.85398163e-01 1.98420967e-01
317 2 7.85398163e-01 1.97509748e-01
318 2 7.85398163e-01 1.97833362e-01
319 2 7.85398163e-01 1.98573803e-01
320 2 7.85398163e-01 1.97648109e-01
321 2 7.85398163e-01 1.97718028e-01
322 2 7.85398163e-01 1.97775727e-01
323 2 7.85398163e-01 1.98140658e-01
324 2 7.85398163e-01 1.98242024e-01
325 2 7.85398163e-01 1.97870921e-01
326 2 7.85398163e-01 1.98972285e-01
327 2 7.85398163e-01 1.97814346e-01
328 2 7.85398163e-01 1.98358327e-01
329 2 7.85398163e-01 1.98163251e-01
330 2 7.85398163e-01 1.97915741e-01
331 2 7.85398163e-01 1.98313275e-01
332 2 7.85398163e-01 1.98049883e-01
333 2 7.85398163e-01 1.98386313e-01
334 2 7.85398163e-01 1.97218389e-01
335 2 7.85398163e-01 1.98380551e-01
336 2 7.85398163e-01 1.98479460e-01
337 2 7.85398163e-01 1.98278687e-01
338 2 7.85398163e-01 1.98965359e-01
339 2 7.85398163e-01 1.98139256e-01
340 2 7.85398163e-01 1.98163471e-01
341 2 7.85398163e-01 1.97545065e-01
342 2 7.85398163e-01 1.98165262e-01
343 2 7.85398163e-01 1.97042852e-01
344 2 7.85398163e-01 1.97220790e-01
345 2 7.85398163e-01 1.97782403e-01
346 2 7.85398163e-01 1.97682261e-01
347 2 7.85398163e-01 1.98251376e-01
348 2 7.85398163e-01 1.97980272e-01
349 2 7.85398163e-01 1.96640012e-01
350 2 7.85398163e-01 1.98138785e-01
351 2 7.85398163e-01 1.98796858e-01
352 2 7.85398163e-01 1.97985289e-01
353 2 7.85398163e-01 1.97988214e-01
354 2 7.85398163e-01 1.98204241e-01
355 2 7.85398163e-01 1.97949548e-01
356 2 7.85398163e-01 1.98443763e-01
357 2 7.85398163e-01 1.98022377e-01
358 2 7.85398163e-01 1.97443852e-01
359 2 7.85398163e-01 1.98007912e-01
360 2 7.85398163e-01 1.97782120e-01
361 2 7.85398163e-01 1.97965968e-01
362 2 7.85398163e-01 1.99007350e-01
363 2 7.85398163e-01 1.97143129e-01
364 2 7.85398163e-01 1.99095047e-01
365 2 7.85398163e-01 1.98269204e-01
366 2 7.85398163e-01 1.97462787e-01
367 2 7.85398163e-01 1.97867634e-01
368 2 7.85398163e-01 1.97408958e-01
369 2 7.85398163e-01 1.96749525e-01
370 2 7.85398163e-01 1.97508375e-01
371 2 7.85398163e-01 1.97562189e-01
372 2 7.85398163e-01 1.97194811e-01
373 2 7.85398163e-01 1.98471368e-01
374 2 7.85398163e-01 1.98316918e-01
375 2 7.85398163e-01 1.97055462e-01
376 2 7.85398163e-01 1.97093396e-01
377 2 7.85398163e-01 1.98542918e-01
378 2 7.85398163e-01 1.98301452e-01
379 2 7.85398163e-01 1.97982392e-01
380 2 7.85398163e-01 1.97605804e-01
381 2 7.85398163e-01 1.98501273e-01
382 2 7.85398163e-01 1.98586375e-01
383 2 7.85398163e-01 1.98221990e-01
384 2 7.85398163e-01 1.97332088e-01
385 2 7.85398163e-01 1.98945648e-01
386 2 7.85398163e-01 1.99162181e-01
387 2 7.85398163e-01 1.98215407e-01
388 2 7.85398163e-01 1.96918601e-01
389 2 7.85398163e-01 1.97882488e-01
390 2 7.85398163e-01 1.97647230e-01
391 2 7.85398163e-01 1.98251271e-01
392 2 7.85398163e-01 1.98470596e-01
393 2 7.85398163e-01 1.97896335e-01
394 2 7.85398163e-01 1.97171658e-01
395 2 7.85398163e-01 1.98307062e-01
396 2 7.85398163e-01 1.98487186e-01
397 2 7.85398163e-01 1.98357496e-01
398 2 7.85398163e-01 1.98564587e-01
399 2 7.85398163e-01 1.98015562e-01
400 2 7.85398163e-01 1.97878509e-01
401 2 7.85398163e-01 1.98702838e-01
402 2 7.85398163e-01 1.97291378e-01
403 2 7.85398163e-01 1.97230547e-01
404 2 7.85398163e-01 1.98522387e-01
405 2 7.85398163e-01 1.98367633e-01
406 2 7.85398163e-01 1.97992395e-01
407 2 7.85398163e-01 1.98104015e-01
408 2 7.85398163e-01 1.97808674e-01
409 2 7.85398163e-01 1.99226577e-01
410 2 7.85398163e-01 1.97744853e-01
411 2 7.85398163e-01 1.97614734e-01
412 2 7.85398163e-01 1.97824756e-01
413 2 7.85398163e-01 1.98016896e-01
414 2 7.85398163e-01 1.99134432e-01
415 2 7.85398163e-01 1.99047222e-01
416 2 7.85398163e-01 1.97761655e-01
417 2 7.85398163e-01 1.98170461e-01
418 2 7.85398163e-01 1.98228725e-01
419 2 7.85398163e-01 1.97981022e-01
420 2 7.85398163e-01 1.99010984e-01
421 2 7.85398163e-01 1.97931320e-01
422 2 7.85398163e-01 1.98135471e-01
423 2 7.85398163e-01 1.97722017e-01
424 2 7.85398163e-01 1.97443178e-01
425 2 7.85398163e-01 1.97959232e-01
426 2 7.85398163e-01 1.97114466e-01
427 2 7.85398163e-01 1.97757231e-01
428 2 7.85398163e-01 1.98003887e-01
429 2 7.85398163e-01 1.98291934e-01
430 2 7.85398163e-01 1.98295140e-01
431 2 7.85398163e-01 1.98086179e-01
432 2 7.85398163e-01 1.98207184e-01
433 2 7.85398163e-01 1.98748357e-01
434 2 7.85398163e-01 1.98531638e-01
435 2 7.85398163e-01 1.98837419e-01
436 2 7.85398163e-01 1.98689859e-01
437 2 7.85398163e-01 1.98393129e-01
438 2 7.85398163e-01 1.99167589e-01
439 2 7.85398163e-01 1.97517376e-01
440 2 7.85398163e-01 1.97759328e-01
441 2 7.85398163e-01 1.98077052e-01
442 2 7.85398163e-01 1.98307404e-01
443 2 7.85398163e-01 1.97560654e-01
444 2 7.85398163e-01 1.98431969e-01
445 2 7.85398163e-01 1.97494120e-01
446 2 7.85398163e-01 1.98556459e-01
447 2 7.85398163e-01 1.98149318e-01
448 2 7.85398163e-01 1.97670029e-01
449 2 7.85398163e-01 1.97749886e-01
450 2 7.85398163e-01 1.97795362e-01
451 2 7.85398163e-01 1.97574593e-01
452 2 7.85398163e-01 1.97959662e-01
453 2 7.85398163e-01 1.97883961e-01
454 2 7.85398163e-01 1.97765232e-01
455 2 7.85398163e-01 1.97978145e-01
456 2 7.85398163e-01 1.97961563e-01
457 2 7.85398163e-01 1.97790662e-01
458 2 7.85398163e-01 1.98318000e-01
459 2 7.85398163e-01 1.98932339e-01
460 2 7.85398163e-01 1.97755744e-01
461 2 7.85398163e-01 1.98350960e-01
462 2 7.85398163e-01 1.97831619e-01
463 2 7.85398163e-01 1.98776480e-01
464 2 7.85398163e-01 1.98629961e-01
465 2 7.85398163e-01 1.98253833e-01
466 2 7.85398163e-01 1.98191080e-01
467 2 7.85398163e-01 1.97467720e-01
468 2 7.85398163e-01 1.97717752e-01
469 2 7.85398163e-01 1.97800688e-01
470 2 7.85398163e-01 1.97174822e-01
471 2 7.85398163e-01 1.98527284e-01
472 2 7.85398163e-01 1.97247861e-01
473 2 7.85398163e-01 1.98621996e-01
474 2 7.85398163e-01 1.98456421e-01
475 2 7.85398163e-01 1.98362595e-01
476 2 7.85398163e-01 1.98224427e-01
477 2 7.85398163e-01 1.98627587e-01
478 2 7.85398163e-01 1.97499263e-01
479 2 7.85398163e-01 1.97787462e-01
480 2 7.85398163e-01 1.96946482e-01
481 2 7.85398163e-01 1.98277451e-01
482 2 7.85398163e-01 1.97657466e-01
483 2 7.85398163e-01 1.97522530e-01
484 2 7.85398163e-01 1.98041609e-01
485 2 7.85398163e-01 1.97430615e-01
486 2 7.85398163e-01 1.98782639e-01
487 2 7.85398163e-01 1.97988277e-01
488 2 7.85398163e-01 1.98280304e-01
489 2 7.85398163e-01 1.98160109e-01
490 2 7.85398163e-01 1.97717829e-01
491 2 7.85398163e-01 1.98719373e-01
492 2 7.85398163e-01 1.98325188e-01
493 2 7.85398163e-01 1.98629999e-01
494 2 7.85398163e-01 1.98479803e-01
495 2 7.85398163e-01 1.98473829e-01
496 2 7.85398163e-01 1.97589684e-01
497 2 7.85398163e-01 1.98463002e-01
498 2 7.85398163e-01 1.98820409e-01
499 2 7.85398163e-01 1.97899945e-01
500 2 7.85398163e-01 1.98378092e-01
501 2 7.85398163e-01 1.98387625e-01
502 2 7.85398163e-01 1.98339897e-01
503 2 7.85398163e-01 1.97785098e-01
504 2 7.85398163e-01 1.98637580e-01
505 2 7.85398163e-01 1.97893444e-01
506 2 7.85398163e-01 1.97889394e-01
507 2 7.85398163e-01 1.97728291e-01
508 2 7.85398163e-01 1.98937239e-01
509 2 7.85398163e-01 1.98326595e-01
510 2 7.85398163e-01 1.97994778e-01
511 2 7.85398163e-01 1.97852054e-01
512 2 7.85398163e-01 1.98011103e-01
513 2 7.85398163e-01 1.98511377e-01
514 2 7.85398163e-01 1.98510422e-01
515 2 7.85398163e-01 1.97818658e-01
516 2 7.85398163e-01 1.98613867e-01
517 2 7.85398163e-01 1.99129051e-01
518 2 7.85398163e-01 1.98246888e-01
519 2 7.85398163e-01 1.98158103e-01
520 2 7.85398163e-01 1.97737637e-01
521 2 7.85398163e-01 1.98126929e-01
522 2 7.85398163e-01 1.98184551e-01
523 2 7.85398163e-01 1.97193573e-01
524 2 7.85398163e-01 1.97683330e-01
525 2 7.85398163e-01 1.97753345e-01
526 2 7.85398163e-01 1.98818632e-01
527 2 7.85398163e-01 1.97769531e-01
528 2 7.85398163e-01 1.97866576e-01
529 2 7.85398163e-01 1.98452393e-01
530 2 7.85398163e-01 1.98241415e-01
531 2 7.85398163e-01 1.97820732e-01
532 2 7.85398163e-01 1.98383114e-01
533 2 7.85398163e-01 1.98304927e-01
534 2 7.85398163e-01 1.98178095e-01
535 2 7.85398163e-01 1.97371098e-01
536 2 7.85398163e-01 1.99217921e-01
537 2 7.85398163e-01 1.97922364e-01
538 2 7.85398163e-01 1.98115746e-01
539 2 7.85398163e-01 1.97755418e-01
540 2 7.85398163e-01 1.98040289e-01
541 2 7.85398163e-01 1.98188724e-01
542 2 7.85398163e-01 1.97818518e-01
543 2 7.85398163e-01 1.97771195e-01
544 2 7.85398163e-01 1.97418901e-01
545 2 7.85398163e-01 1.99216947e-01
546 2 7.85398163e-01 1.97643331e-01
547 2 7.85398163e-01 1.97042792e-01
548 2 7.85398163e-01 1.98084240e-01
549 2 7.85398163e-01 1.97808551e-01
550 2 7.85398163e-01 1.97968915e-01
551 2 7.85398163e-01 1.98771797e-01
552 2 7.85398163e-01 1.98182433e-01
553 2 7.85398163e-01 1.97708837e-01
554 2 7.85398163e-01 1.96539722e-01
555 2 7.85398163e-01 1.98488675e-01
556 2 7.85398163e-01 1.98285599e-01
557 2 7.85398163e-01 1.98338234e-01
558 2 7.85398163e-01 1.98380259e-01
559 2 7.85398163e-01 1.97883536e-01
560 2 7.85398163e-01 1.98016855e-01
561 2 7.85398163e-01 1.97371434e-01
562 2 7.85398163e-01 1.98408121e-01
563 2 7.85398163e-01 1.98246636e-01
564 2 7.85398163e-01 1.98510085e-01
565 2 7.85398163e-01 1.97711140e-01
566 2 7.85398163e-01 1.98547872e-01
567 2 7.85398163e-01 1.97503363e-01
568 2 7.85398163e-01 1.98662471e-01
569 2 7.85398163e-01 1.97685299e-01
570 2 7.85398163e-01 1.97858353e-01
571 2 7.85398163e-01 1.98162257e-01
572 2 7.85398163e-01 1.98309438e-01
573 2 7.85398163e-01 1.98527547e-01
574 2 7.85398163e-01 1.97816250e-01
575 2 7.85398163e-01 1.98141471e-01
576 2 7.85398163e-01 1.97933154e-01
577 2 7.85398163e-01 1.98208607e-01
578 2 7.85398163e-01 1.97841802e-01
579 2 7.85398163e-01 1.97908666e-01
580 2 7.85398163e-01 1.97614307e-01
581 2 7.85398163e-01 1.97544214e-01
582 2 7.85398163e-01 1.98962859e-01
583 2 7.85398163e-01 1.98766084e-01
584 2 7.85398163e-01 1.97307908e-01
585 2 7.85398163e-01 1.97658478e-01
586 2 7.85398163e-01 1.97618507e-01
587 2 7.85398163e-01 1.98758531e-01
588 2 7.85398163e-01 1.98251373e-01
589 2 7.85398163e-01 1.97532503e-01
590 2 7.85398163e-01 1.98441712e-01
591 2 7.85398163e-01 1.97726946e-01
592 2 7.85398163e-01 1.98158058e-01
593 2 7.85398163e-01 1.98817163e-01
594 2 7.85398163e-01 1.97740657e-01
595 2 7.85398163e-01 1.98428073e-01
596 2 7.85398163e-01 1.98733007e-01
597 2 7.85398163e-01 1.98027865e-01
598 2 7.85398163e-01 1.97914843e-01
599 2 7.85398163e-01 1.97419722e-01
600 2 7.85398163e-01 1.97959428e-01
601 2 7.85398163e-01 1.97952633e-01
602 2 7.85398163e-01 1.98288201e-01
603 2 7.85398163e-01 1.98414868e-01
604 2 7.85398163e-01 1.98344629e-01
605 2 7.85398163e-01 1.97945485e-01
606 2 7.85398163e-01 1.98392539e-01
607 2 7.85398163e-01 1.97474300e-01
608 2 7.85398163e-01 1.97761400e-01
609 2 7.85398163e-01 1.97667674e-01
610 2 7.85398163e-01 1.98167670e-01
611 2 7.85398163e-01 1.98210589e-01
612 2 7.85398163e-01 1.97468140e-01
613 2 7.85398163e-01 1.98607663e-01
614 2 7.85398163e-01 1.97488387e-01
615 2 7.85398163e-01 1.98311518e-01
616 2 7.85398163e-01 1.97911890e-01
617 2 7.85398163e-01 1.98033885e-01
618 2 7.85398163e-01 1.97985108e-01
619 2 7.85398163e-01 1.97513978e-01
620 2 7.85398163e-01 1.98609911e-01
621 2 7.85398163e-01 1.97469301e-01
622 2 7.85398163e-01 1.96980668e-01
623 2 7.85398163e-01 1.97670718e-01
624 2 7.85398163e-01 1.97541964e-01
625 2 7.85398163e-01 1.98474381e-01
626 2 7.85398163e-01 1.97553409e-01
627 2 7.85398163e-01 1.98700439e-01
628 2 7.85398163e-01 1.98912090e-01
629 2 7.85398163e-01 1.98617816e-01
630 2 7.85398163e-01 1.98227858e-01
631 2 7.85398163e-01 1.98002320e-01
632 2 7.85398163e-01 1.97346553e-01
633 2 7.85398163e-01 1.98105941e-01
634 2 7.85398163e-01 1.97823769e-01
635 2 7.85398163e-01 1.97737982e-01
636 2 7.85398163e-01 1.98189486e-01
637 2 7.85398163e-01 1.98223692e-01
638 2 7.85398163e-01 1.97419325e-01
639 2 7.85398163e-01 1.97746569e-01
640 2 7.85398163e-01 1.98269511e-01
641 2 7.85398163e-01 1.97858479e-01
642 2 7.85398163e-01 1.99232469e-01
643 2 7.85398163e-01 1.97848318e-01
644 2 7.85398163e-01 1.97948969e-01
645 2 7.85398163e-01 1.97714814e-01
646 2 7.85398163e-01 1.97434771e-01
647 2 7.85398163e-01 1.97423880e-01
648 2 7.85398163e-01 1.97984764e-01
649 2 7.85398163e-01 1.98715500e-01
650 2 7.85398163e-01 1.98981993e-01
651 2 7.85398163e-01 1.97482035e-01
652 2 7.85398163e-01 1.98546296e-01
653 2 7.85398163e-01 1.98312196e-01
654 2 7.85398163e-01 1.98073969e-01
655 2 7.85398163e-01 1.98261503e-01
656 2 7.85398163e-01 1.98116203e-01
657 2 7.85398163e-01 1.97923928e-01
658 2 7.85398163e-01 1.97539040e-01
659 2 7.85398163e-01 1.98458628e-01
660 2 7.85398163e-01 1.97653305e-01
661 2 7.85398163e-01 1.98068163e-01
662 2 7.85398163e-01 1.97426281e-01
663 2 7.85398163e-01 1.97828139e-01
664 2 7.85398163e-01 1.98345389e-01
665 2 7.85398163e-01 1.98642141e-01
666 2 7.85398163e-01 1.97739024e-01
667 2 7.85398163e-01 1.98488733e-01
668 2 7.85398163e-01 1.98147068e-01
669 2 7.85398163e-01 1.97847411e-01
670 2 7.85398163e-01 1.98069035e-01
671 2 7.85398163e-01 1.98104460e-01
672 2 7.85398163e-01 1.98804148e-01
673 2 7.85398163e-01 1.98301642e-01
674 2 7.85398163e-01 1.96977952e-01
675 2 7.85398163e-01 1.98107726e-01
676 2 7.85398163e-01 1.98760212e-01
677 2 7.85398163e-01 1.98898594e-01
678 2 7.85398163e-01 1.98347590e-01
679 2 7.85398163e-01 1.99211802e-01
680 2 7.85398163e-01 1.98692016e-01
681 2 7.85398163e-01 1.98495451e-01
682 2 7.85398163e-01 1.97478878e-01
683 2 7.85398163e-01 1.98611734e-01
684 2 7.85398163e-01 1.97707953e-01
685 2 7.85398163e-01 1.97437971e-01
686 2 7.85398163e-01 1.97983720e-01
687 2 7.85398163e-01 1.98383071e-01
688 2 7.85398163e-01 1.98448263e-01
689 2 7.85398163e-01 1.97114274e-01
690 2 7.85398163e-01 1.97904941e-01
691 2 7.85398163e-01 1.97265962e-01
692 2 7.85398163e-01 1.98351877e-01
693 2 7.85398163e-01 1.98267117e-01
694 2 7.85398163e-01 1.98147078e-01
695 2 7.85398163e-01 1.98720059e-01
696 2 7.85398163e-01 1.98459534e-01
697 2 7.85398163e-01 1.98409020e-01
698 2 7.85398163e-01 1.97297108e-01
699 2 7.85398163e-01 1.97966302e-01
700 2 7.85398163e-01 1.97613889e-01
701 2 7.85398163e-01 1.98287364e-01
702 2 7.85398163e-01 1.97845418e-01
703 2 7.85398163e-01 1.97803730e-01
704 2 7.85398163e-01 1.97859685e-01
705 2 7.85398163e-01 1.98339212e-01
706 2 7.85398163e-01 1.98692302e-01
707 2 7.85398163e-01 1.97810606e-01
708 2 7.85398163e-01 1.98098250e-01
709 2 7.85398163e-01 1.97912266e-01
710 2 7.85398163e-01 1.97460893e-01
711 2 7.85398163e-01 1.97997950e-01
712 2 7.85398163e-01 1.98571831e-01
713 2 7.85398163e-01 1.98587073e-01
714 2 7.85398163e-01 1.97536396e-01
715 2 7.85398163e-01 1.98743078e-01
716 2 7.85398163e-01 1.98082155e-01
717 2 7.85398163e-01 1.98310568e-01
718 2 7.85398163e-01 1.97951292e-01
719 2 7.85398163e-01 1.97719663e-01
720 2 7.85398163e-01 1.98638075e-01
721 2 7.85398163e-01 1.98486307e-01
722 2 7.85398163e-01 1.97944131e-01
723 2 7.85398163e-01 1.97734165e-01
724 2 7.85398163e-01 1.97371129e-01
725 2 7.85398163e-01 1.98046727e-01
726 2 7.85398163e-01 1.98413304e-01
727 2 7.85398163e-01 1.97770970e-01
728 2 7.85398163e-01 1.97973616e-01
729 2 7.85398163e-01 1.97174004e-01
730 2 7.85398163e-01 1.98098617e-01
731 2 7.85398163e-01 1.97258322e-01
732 2 7.85398163e-01 1.98794808e-01
733 2 7.85398163e-01 1.98168615e-01
734 2 7.85398163e-01 1.97631135e-01
735 2 7.85398163e-01 1.97803313e-01
736 2 7.85398163e-01 1.97956185e-01
737 2 7.85398163e-01 1.97815584e-01
738 2 7.85398163e-01 1.98101727e-01
739 2 7.85398163e-01 1.97506543e-01
740 2 7.85398163e-01 1.98086293e-01
741 2 7.85398163e-01 1.97918934e-01
742 2 7.85398163e-01 1.99032159e-01
743 2 7.85398163e-01 1.98104734e-01
744 2 7.85398163e-01 1.97892210e-01
745 2 7.85398163e-01 1.97916610e-01
746 2 7.85398163e-01 1.98273456e-01
747 2 7.85398163e-01 1.98466762e-01
748 2 7.85398163e-01 1.98617958e-01
749 2 7.85398163e-01 1.98318519e-01
750 2 7.85398163e-01 1.98079564e-01
751 2 7.85398163e-01 1.98640266e-01
752 2 7.85398163e-01 1.98740162e-01
753 2 7.85398163e-01 1.98098103e-01
754 2 7.85398163e-01 1.97541209e-01
755 2 7.85398163e-01 1.98006655e-01
756 2 7.85398163e-01 1.97895236e-01
757 2 7.85398163e-01 1.96906906e-01
758 2 7.85398163e-01 1.97866496e-01
759 2 7.85398163e-01 1.97980845e-01
760 2 7.85398163e-01 1.97099484e-01
761 2 7.85398163e-01 1.97640776e-01
762 2 7.85398163e-01 1.98488632e-01
763 2 7.85398163e-01 1.97946843e-01
764 2 7.85398163e-01 1.98300416e-01
765 2 7.85398163e-01 1.97567666e-01
766 2 7.85398163e-01 1.98112597e-01
767 2 7.85398163e-01 1.96486862e-01
768 2 7.85398163e-01 1.97967341e-01
769 2 7.85398163e-01 1.97571652e-01
770 2 7.85398163e-01 1.97523578e-01
771 2 7.85398163e-01 1.97537953e-01
772 2 7.85398163e-01 1.98977592e-01
773 2 7.85398163e-01 1.97781464e-01
774 2 7.85398163e-01 1.97272286e-01
775 2 7.85398163e-01 1.98132421e-01
776 2 7.85398163e-01 1.98469399e-01
777 2 7.85398163e-01 1.97372440e-01
778 2 7.85398163e-01 1.97946326e-01
779 2 7.85398163e-01 1.98205041e-01
780 2 7.85398163e-01 1.98356084e-01
781 2 7.85398163e-01 1.98565870e-01
782 2 7.85398163e-01 1.98135038e-01
783 2 7.85398163e-01 1.98562926e-01
784 2 7.85398163e-01 1.97000459e-01
785 2 7.85398163e-01 1.97956911e-01
786 2 7.85398163e-01 1.97612574e-01
787 2 7.85398163e-01 1.97814855e-01
788 2 7.85398163e-01 1.97107559e-01
789 2 7.85398163e-01 1.98033410e-01
790 2 7.85398163e-01 1.98032676e-01
791 2 7.85398163e-01 1.98257656e-01
792 2 7.85398163e-01 1.98193865e-01
793 2 7.85398163e-01 1.98118237e-01
794 2 7.85398163e-01 1.98764723e-01
795 2 7.85398163e-01 1.99008679e-01
796 2 7.85398163e-01 1.97672287e-01
797 2 7.85398163e-01 1.97994274e-01
798 2 7.85398163e-01 1.98056836e-01
799 2 7.85398163e-01 1.97946129e-01
800 2 7.85398163e-01 1.97741801e-01
801 2 7.85398163e-01 1.97716309e-01
802 2 7.85398163e-01 1.97612600e-01
803 2 7.85398163e-01 1.98458964e-01
804 2 7.85398163e-01 1.97192385e-01
805 2 7.85398163e-01 1.97058817e-01
806 2 7.85398163e-01 1.98498856e-01
807 2 7.85398163e-01 1.98526212e-01
808 2 7.85398163e-01 1.97412263e-01
809 2 7.85398163e-01 1.98769692e-01
810 2 7.85398163e-01 1.97896658e-01
811 2 7.85398163e-01 1.97732054e-01
812 2 7.85398163e-01 1.97421309e-01
813 2 7.85398163e-01 1.98138681e-01
814 2 7.85398163e-01 1.96992296e-01
815 2 7.85398163e-01 1.98238156e-01
816 2 7.85398163e-01 1.98531899e-01
817 2 7.85398163e-01 1.98135739e-01
818 2 7.85398163e-01 1.98207908e-01
819 2 7.85398163e-01 1.97532290e-01
820 2 7.85398163e-01 1.98491220e-01
821 2 7.85398163e-01 1.97813081e-01
822 2 7.85398163e-01 1.98518555e-01
823 2 7.85398163e-01 1.98789185e-01
824 2 7.85398163e-01 1.98542084e-01
825 2 7.85398163e-01 1.98042057e-01
826 2 7.85398163e-01 1.98693340e-01
827 2 7.85398163e-01 1.97202232e-01
828 2 7.85398163e-01 1.98079953e-01
829 2 7.85398163e-01 1.99180865e-01
830 2 7.85398163e-01 1.97448696e-01
831 2 7.85398163e-01 1.98193865e-01
832 2 7.85398163e-01 1.98520698e-01
833 2 7.85398163e-01 1.98310434e-01
834 2 7.85398163e-01 1.97949684e-01
835 2 7.85398163e-01 1.98794516e-01
836 2 7.85398163e-01 1.98623960e-01
837 2 7.85398163e-01 1.98246079e-01
838 2 7.85398163e-01 1.97712577e-01
839 2 7.85398163e-01 1.98084343e-01
840 2 7.85398163e-01 1.98109778e-01
841 2 7.85398163e-01 1.97841554e-01
842 2 7.85398163e-01 1.98139603e-01
843 2 7.85398163e-01 1.97767143e-01
844 2 7.85398163e-01 1.97967587e-01
845 2 7.85398163e-01 1.98526965e-01
846 2 7.85398163e-01 1.98040560e-01
847 2 7.85398163e-01 1.96893247e-01
848 2 7.85398163e-01 1.98285873e-01
849 2 7.85398163e-01 1.97404015e-01
850 2 7.85398163e-01 1.97365617e-01
851 2 7.85398163e-01 1.98107266e-01
852 2 7.85398163e-01 1.97778875e-01
853 2 7.85398163e-01 1.96889862e-01
854 2 7.85398163e-01 1.98487596e-01
855 2 7.85398163e-01 1.98101349e-01
856 2 7.85398163e-01 1.97578504e-01
857 2 7.85398163e-01 1.97679053e-01
858 2 7.85398163e-01 1.99134074e-01
859 2 7.85398163e-01 1.98558989e-01
860 2 7.85398163e-01 1.98755907e-01
861 2 7.85398163e-01 1.98089992e-01
862 2 7.85398163e-01 1.97984111e-01
863 2 7.85398163e-01 1.97855637e-01
864 2 7.85398163e-01 1.97974125e-01
865 2 7.85398163e-01 1.98173239e-01
866 2 7.85398163e-01 1.98339404e-01
867 2 7.85398163e-01 1.97862472e-01
868 2 7.85398163e-01 1.98540293e-01
869 2 7.85398163e-01 1.97641375e-01
870 2 7.85398163e-01 1.98274983e-01
871 2 7.85398163e-01 1.98255655e-01
872 2 7.85398163e-01 1.99209812e-01
873 2 7.85398163e-01 1.98430287e-01
874 2 7.85398163e-01 1.97860950e-01
875 2 7.85398163e-01 1.97867008e-01
876 2 7.85398163e-01 1.97858617e-01
877 2 7.85398163e-01 1.98331069e-01
878 2 7.85398163e-01 1.97446682e-01
879 2 7.85398163e-01 1.97228375e-01
880 2 7.85398163e-01 1.97085915e-01
881 2 7.85398163e-01 1.98421409e-01
882 2 7.85398163e-01 1.98193228e-01
883 2 7.85398163e-01 1.97643517e-01
884 2 7.85398163e-01 1.98122029e-01
885 2 7.85398163e-01 1.98915691e-01
886 2 7.85398163e-01 1.97782510e-01
887 2 7.85398163e-01 1.97407178e-01
888 2 7.85398163e-01 1.98456327e-01
889 2 7.85398163e-01 1.98469839e-01
890 2 7.85398163e-01 1.97626970e-01
891 2 7.85398163e-01 1.98180155e-01
892 2 7.85398163e-01 1.98120108e-01
893 2 7.85398163e-01 1.97445390e-01
894 2 7.85398163e-01 1.98951916e-01
895 2 7.85398163e-01 1.97608724e-01
896 2 7.85398163e-01 1.98350147e-01
897 2 7.85398163e-01 1.98725911e-01
898 2 7.85398163e-01 1.98048928e-01
899 2 7.85398163e-01 1.97248553e-01
900 2 7.85398163e-01 1.98257648e-01
901 2 7.85398163e-01 1.98289496e-01
902 2 7.85398163e-01 1.98183195e-01
903 2 7.85398163e-01 1.97713377e-01
904 2 7.85398163e-01 1.97715379e-01
905 2 7.85398163e-01 1.97945610e-01
906 2 7.85398163e-01 1.98784864e-01
907 2 7.85398163e-01 1.97586892e-01
908 2 7.85398163e-01 1.98938417e-01
909 2 7.85398163e-01 1.98938846e-01
910 2 7.85398163e-01 1.98485522e-01
911 2 7.85398163e-01 1.97768657e-01
912 2 7.85398163e-01 1.98428239e-01
913 2 7.85398163e-01 1.98717794e-01
914 2 7.85398163e-01 1.97695177e-01
915 2 7.85398163e-01 1.97009848e-01
916 2 7.85398163e-01 1.98388614e-01
917 2 7.85398163e-01 1.98461824e-01
918 2 7.85398163e-01 1.99097044e-01
919 2 7.85398163e-01 1.98988518e-01
920 2 7.85398163e-01 1.97765023e-01
921 2 7.85398163e-01 1.97401371e-01
922 2 7.85398163e-01 1.97916937e-01
923 2 7.85398163e-01 1.98548035e-01
924 2 7.85398163e-01 1.98537768e-01
925 2 7.85398163e-01 1.98671857e-01
926 2 7.85398163e-01 1.97416751e-01
927 2 7.85398163e-01 1.98332379e-01
928 2 7.85398163e-01 1.97812118e-01
929 2 7.85398163e-01 1.98235826e-01
930 2 7.85398163e-01 1.97208869e-01
931 2 7.85398163e-01 1.98155920e-01
932 2 7.85398163e-01 1.98084013e-01
933 2 7.85398163e-01 1.97841037e-01
934 2 7.85398163e-01 1.98363550e-01
935 2 7.85398163e-01 1.97673248e-01
936 2 7.85398163e-01 1.98266563e-01
937 2 7.85398163e-01 1.98080425e-01
938 2 7.85398163e-01 1.98100329e-01
939 2 7.85398163e-01 1.98005824e-01
940 2 7.85398163e-01 1.97674865e-01
941 2 7.85398163e-01 1.98612259e-01
942 2 7.85398163e-01 1.99110935e-01
943 2 7.85398163e-01 1.98529556e-01
944 2 7.85398163e-01 1.98240964e-01
945 2 7.85398163e-01 1.97758731e-01
946 2 7.85398163e-01 1.98395771e-01
947 2 7.85398163e-01 1.97723995e-01
948 2 7.85398163e-01 1.97776479e-01
949 2 7.85398163e-01 1.98096182e-01
950 2 7.85398163e-01 1.97708097e-01
951 2 7.85398163e-01 1.98097008e-01
952 2 7.85398163e-01 1.96763892e-01
953 2 7.85398163e-01 1.97980954e-01
954 2 7.85398163e-01 1.98021383e-01
955 2 7.85398163e-01 1.97891041e-01
956 2 7.85398163e-01 1.97896002e-01
957 2 7.85398163e-01 1.98548607e-01
958 2 7.85398163e-01 1.97628635e-01
959 2 7.85398163e-01 1.97524402e-01
960 2 7.85398163e-01 1.98190544e-01
961 2 7.85398163e-01 1.98298527e-01
962 2 7.85398163e-01 1.97531678e-01
963 2 7.85398163e-01 1.98145334e-01
964 2 7.85398163e-01 1.96912685e-01
965 2 7.85398163e-01 1.98226487e-01
966 2 7.85398163e-01 1.97864027e-01
967 2 7.85398163e-01 1.98229967e-01
968 2 7.85398163e-01 1.97750291e-01
969 2 7.85398163e-01 1.98100445e-01
970 2 7.85398163e-01 1.97574119e-01
971 2 7.85398163e-01 1.97573717e-01
972 2 7.85398163e-01 1.97068140e-01
973 2 7.85398163e-01 1.97595176e-01
974 2 7.85398163e-01 1.97983455e-01
975 2 7.85398163e-01 1.99081410e-01
976 2 7.85398163e-01 1.97546386e-01
977 2 7.85398163e-01 1.98746008e-01
978 2 7.85398163e-01 1.97800472e-01
979 2 7.85398163e-01 1.97409086e-01
980 2 7.85398163e-01 1.97331288e-01
981 2 7.85398163e-01 1.98172160e-01
982 2 7.85398163e-01 1.98359119e-01
983 2 7.85398163e-01 1.98787074e-01
984 2 7.85398163e-01 1.97579589e-01
985 2 7.85398163e-01 1.97955362e-01
986 2 7.85398163e-01 1.98578454e-01
987 2 7.85398163e-01 1.97629708e-01
988 2 7.85398163e-01 1.97519417e-01
989 2 7.85398163e-01 1.97494615e-01
990 2 7.85398163e-01 1.98086515e-01
991 2 7.85398163e-01 1.97335230e-01
992 2 7.85398163e-01 1.98467590e-01
993 2 7.85398163e-01 1.98153235e-01
994 2 7.85398163e-01 1.98061004e-01
995 2 7.85398163e-01 1.99292793e-01
996 2 7.85398163e-01 1.98071793e-01
997 2 7.85398163e-01 1.97700640e-01
998 2 7.85398163e-01 1.97402433e-01
999 2 7.85398163e-01 1.98739678e-01
1000 2 7.85398163e-01 1.98430510e-01
1001 2 7.85398163e-01 1.99250379e-01
1002 2 7.85398163e-01 1.97385555e-01
1003 2 7.85398163e-01 1.97207745e-01
1004 2 7.85398163e-01 1.97830783e-01
1005 2 7.85398163e-01 1.97093166e-01
1006 2 7.85398163e-01 1.97327391e-01
1007 2 7.85398163e-01 1.97100155e-01
1008 2 7.85398163e-01 1.97661979e-01
1009 2 7.85398163e-01 1.97775027e-01
1010 2 7.85398163e-01 1.98004216e-01
1011 2 7.85398163e-01 1.97587361e-01
1012 2 7.85398163e-01 1.97805372e-01
1013 2 7.85398163e-01 1.96981287e-01
1014 2 7.85398163e-01 1.98014577e-01
1015 2 7.85398163e-01 1.97846158e-01
1016 2 7.85398163e-01 1.98432114e-01
1017 2 7.85398163e-01 1.95233227e-01
1018 2 7.85398163e-01 1.97807592e-01
1019 2 7.85398163e-01 1.98250298e-01
1020 2 7.85398163e-01 1.96648945e-01
1021 2 7.85398163e-01 1.97848951e-01
1022 2 7.85398163e-01 1.97927021e-01
1023 2 7.85398163e-01 1.98003626e-01
1024 2 7.85398163e-01 1.97542961e-01
1025 2 7.85398163e-01 1.96967292e-01
0 3 1.17809725e+00 2.79188813e-01
1 3 1.17809725e+00 2.78752403e-01
2 3 1.17809725e+00 2.78358661e-01
3 3 1.17809725e+00 2.77749973e-01
4 3 1.17809725e+00 2.78583263e-01
5 3 1.17809725e+00 2.78495647e-01
6 3 1.17809725e+00 2.78279631e-01
7 3 1.17809725e+00 2.78529720e-01
8 3 1.17809725e+00 2.78317358e-01
9 3 1.17809725e+00 2.77833227e-01
10 3 1.17809725e+00 2.78559729e-01
11 3 1.17809725e+00 2.77548677e-01
12 3 1.17809725e+00 2.79091975e-01
13 3 1.17809725e+00 2.78796260e-01
14 3 1.17809725e+00 2.77893065e-01
15 3 1.17809725e+00 2.78662980e-01
16 3 1.17809725e+00 2.76189034e-01
17 3 1.17809725e+00 2.77924359e-01
18 3 1.17809725e+00 2.77612583e-01
19 3 1.17809725e+00 2.78783266e-01
20 3 1.17809725e+00 2.77670135e-01
21 3 1.17809725e+00 2.78218413e-01
22 3 1.17809725e+00 2.78273840e-01
23 3 1.17809725e+00 2.77960207e-01
24 3 1.17809725e+00 2.77628489e-01
25 3 1.17809725e+00 2.77929393e-01
26 3 1.17809725e+00 2.78086030e-01
27 3 1.17809725e+00 2.78221477e-01
28 3 1.17809725e+00 2.78653217e-01
29 3 1.17809725e+00 2.77296357e-01
30 3 1.17809725e+00 2.78614733e-01
31 3 1.17809725e+00 2.78515153e-01
32 3 1.17809725e+00 2.79211473e-01
33 3 1.17809725e+00 2.77952609e-01
34 3 1.17809725e+00 2.77053678e-01
35 3 1.17809725e+00 2.77635012e-01
36 3 1.17809725e+00 2.78200221e-01
37 3 1.17809725e+00 2.78574385e-01
38 3 1.17809725e+00 2.78124445e-01
39 3 1.17809725e+00 2.78564185e-01
40 3 1.17809725e+00 2.79382296e-01
41 3 1.17809725e+00 2.78507936e-01
42 3 1.17809725e+00 2.78679668e-01
43 3 1.17809725e+00 2.77722998e-01
44 3 1.17809725e+00 2.80061107e-01
45 3 1.17809725e+00 2.78885897e-01
46 3 1.17809725e+00 2.78849749e-01
47 3 1.17809725e+00 2.78770048e-01
48 3 1.17809725e+00 2.78042750e-01
49 3 1.17809725e+00 2.78639187e-01
50 3 1.17809725e+00 2.79305130e-01
51 3 1.17809725e+00 2.79082971e-01
52 3 1.17809725e+00 2.79336351e-01
53 3 1.17809725e+00 2.77667152e-01
54 3 1.17809725e+00 2.78344480e-01
55 3 1.17809725e+00 2.79145959e-01
56 3 1.17809725e+00 2.78755615e-01
57 3 1.17809725e+00 2.78332058e-01
58 3 1.17809725e+00 2.78660014e-01
59 3 1.17809725e+00 2.77886225e-01
60 3 1.17809725e+00 2.78280161e-01
61 3 1.17809725e+00 2.78534665e-01
62 3 1.17809725e+00 2.77158847e-01
63 3 1.17809725e+00 2.76439570e-01
64 3 1.17809725e+00 2.77770830e-01
65 3 1.17809725e+00 2.79641544e-01
66 3 1.17809725e+00 2.77879260e-01
67 3 1.17809725e+00 2.78255650e-01
68 3 1.17809725e+00 2.77440121e-01
69 3 1.17809725e+00 2.78852839e-01
70 3 1.17809725e+00 2.78088278e-01
71 3 1.17809725e+00 2.77710731e-01
72 3 1.17809725e+00 2.77963845e-01
73 3 1.17809725e+00 2.77367967e-01
74 3 1.17809725e+00 2.78002471e-01
75 3 1.17809725e+00 2.77890201e-01
76 3 1.17809725e+00 2.77647708e-01
77 3 1.17809725e+00 2.78708921e-01
78 3 1.17809725e+00 2.78722525e-01
79 3 1.17809725e+00 2.78461952e-01
80 3 1.17809725e+00 2.77516032e-01
81 3 1.17809725e+00 2.77462162e-01
82 3 1.17809725e+00 2.77174649e-01
83 3 1.17809725e+00 2.78239028e-01
84 3 1.17809725e+00 2.78794559e-01
85 3 1.17809725e+00 2.77425476e-01
86 3 1.17809725e+00 2.77634034e-01
87 3 1.17809725e+00 2.78776688e-01
88 3 1.17809725e+00 2.78561146e-01
89 3 1.17809725e+00 2.78515242e-01
90 3 1.17809725e+00 2.79223979e-01
91 3 1.17809725e+00 2.77993161e-01
92 3 1.17809725e+00 2.79383494e-01
93 3 1.17809725e+00 2.78012160e-01
94 3 1.17809725e+00 2.78056727e-01
95 3 1.17809725e+00 2.77697490e-01
96 3 1.17809725e+00 2.78348727e-01
97 3 1.17809725e+00 2.76614291e-01
98 3 1.17809725e+00 2.77591644e-01
99 3 1.17809725e+00 2.76651291e-01
100 3 1.17809725e+00 2.78223430e-01
101 3 1.17809725e+00 2.78504036e-01
102 3 1.17809725e+00 2.77340154e-01
103 3 1.17809725e+00 2.78786839e-01
104 3 1.17809725e+00 2.77383727e-01
105 3 1.17809725e+00 2.76378164e-01
106 3 1.17809725e+00 2.77878507e-01
107 3 1.17809725e+00 2.77738647e-01
108 3 1.17809725e+00 2.78041885e-01
109 3 1.17809725e+00 2.78088529e-01
110 3 1.17809725e+00 2.77618718e-01
111 3 1.17809725e+00 2.78422204e-01
112 3 1.17809725e+00 2.78268415e-01
113 3 1.17809725e+00 2.78531185e-01
114 3 1.17809725e+00 2.78457801e-01
115 3 1.17809725e+00 2.78952983e-01
116 3 1.17809725e+00 2.78687514e-01
117 3 1.17809725e+00 2.77351037e-01
118 3 1.17809725e+00 2.78196023e-01
119 3 1.17809725e+00 2.78479996e-01
120 3 1.17809725e+00 2.77907174e-01
121 3 1.17809725e+00 2.78931006e-01
122 3 1.17809725e+00 2.77678490e-01
123 3 1.17809725e+00 2.77956222e-01
124 3 1.17809725e+00 2.77722137e-01
125 3 1.17809725e+00 2.77888762e-01
126 3 1.17809725e+00 2.77902097e-01
127 3 1.17809725e+00 2.79707835e-01
128 3 1.17809725e+00 2.78291164e-01
129 3 1.17809725e+00 2.77231007e-01
130 3 1.17809725e+00 2.77748798e-01
131 3 1.17809725e+00 2.77721774e-01
132 3 1.17809725e+00 2.78026501e-01
133 3 1.17809725e+00 2.79142646e-01
134 3 1.17809725e+00 2.77551906e-01
135 3 1.17809725e+00 2.79056075e-01
136 3 1.17809725e+00 2.77956994e-01
137 3 1.17809725e+00 2.76982514e-01
138 3 1.17809725e+00 2.78769906e-01
139 3 1.17809725e+00 2.79168780e-01
140 3 1.17809725e+00 2.79338480e-01
141 3 1.17809725e+00 2.78143397e-01
142 3 1.17809725e+00 2.77400456e-01
143 3 1.17809725e+00 2.78250680e-01
144 3 1.17809725e+00 2.78137972e-01
145 3 1.17809725e+00 2.78578475e-01
146 3 1.17809725e+00 2.77493992e-01
147 3 1.17809725e+00 2.78423105e-01
148 3 1.17809725e+00 2.77590025e-01
149 3 1.17809725e+00 2.78075827e-01
150 3 1.17809725e+00 2.77845384e-01
151 3 1.17809725e+00 2.78275804e-01
152 3 1.17809725e+00 2.78517398e-01
153 3 1.17809725e+00 2.77703723e-01
154 3 1.17809725e+00 2.77574603e-01
155 3 1.17809725e+00 2.77344771e-01
156 3 1.17809725e+00 2.78565829e-01
157 3 1.17809725e+00 2.78662140e-01
158 3 1.17809725e+00 2.78864308e-01
159 3 1.17809725e+00 2.78572413e-01
160 3 1.17809725e+00 2.78043492e-01
161 3 1.17809725e+00 2.76576837e-01
162 3 1.17809725e+00 2.78671011e-01
163 3 1.17809725e+00 2.78966922e-01
164 3 1.17809725e+00 2.78485197e-01
165 3 1.17809725e+00 2.78136153e-01
166 3 1.17809725e+00 2.77775788e-01
167 3 1.17809725e+00 2.78782261e-01
168 3 1.17809725e+00 2.76965498e-01
169 3 1.17809725e+00 2.79863751e-01
170 3 1.17809725e+00 2.78025743e-01
171 3 1.17809725e+00 2.79234367e-01
172 3 1.17809725e+00 2.78219351e-01
173 3 1.17809725e+00 2.78641064e-01
174 3 1.17809725e+00 2.77799553e-01
175 3 1.17809725e+00 2.78341922e-01
176 3 1.17809725e+00 2.78278246e-01
177 3 1.17809725e+00 2.79074946e-01
178 3 1.17809725e+00 2.79416067e-01
179 3 1.17809725e+00 2.78992298e-01
180 3 1.17809725e+00 2.78137965e-01
181 3 1.17809725e+00 2.78354559e-01
182 3 1.17809725e+00 2.78331946e-01
183 3 1.17809725e+00 2.77981269e-01
184 3 1.17809725e+00 2.78059098e-01
185 3 1.17809725e+00 2.78791094e-01
186 3 1.17809725e+00 2.78137487e-01
187 3 1.17809725e+00 2.78198889e-01
188 3 1.17809725e+00 2.76695637e-01
189 3 1.17809725e+00 2.78874641e-01
190 3 1.17809725e+00 2.78714063e-01
191 3 1.17809725e+00 2.79197267e-01
192 3 1.17809725e+00 2.78520303e-01
193 3 1.17809725e+00 2.78580906e-01
194 3 1.17809725e+00 2.77555543e-01
195 3 1.17809725e+00 2.77801392e-01
196 3 1.17809725e+00 2.77942880e-01
197 3 1.17809725e+00 2.78172330e-01
198 3 1.17809725e+00 2.79386423e-01
199 3 1.17809725e+00 2.78430757e-01
200 3 1.17809725e+00 2.78111112e-01
201 3 1.17809725e+00 2.77738523e-01
202 3 1.17809725e+00 2.78613341e-01
203 3 1.17809725e+00 2.78669299e-01
204 3 1.17809725e+00 2.78415823e-01
205 3 1.17809725e+00 2.78941585e-01
206 3 1.17809725e+00 2.78916724e-01
207 3 1.17809725e+00 2.78813647e-01
208 3 1.17809725e+00 2.78159687e-01
209 3 1.17809725e+00 2.78591098e-01
210 3 1.17809725e+00 2.78826731e-01
211 3 1.17809725e+00 2.78097935e-01
212 3 1.17809725e+00 2.78194277e-01
213 3 1.17809725e+00 2.77596332e-01
214 3 1.17809725e+00 2.78718559e-01
215 3 1.17809725e+00 2.77725609e-01
216 3 1.17809725e+00 2.79632420e-01
217 3 1.17809725e+00 2.78549296e-01
218 3 1.17809725e+00 2.79896703e-01
219 3 1.17809725e+00 2.79299338e-01
220 3 1.17809725e+00 2.79578907e-01
221 3 1.17809725e+00 2.77638033e-01
222 3 1.17809725e+00 2.80155524e-01
223 3 1.17809725e+00 2.78034744e-01
224 3 1.17809725e+00 2.77800381e-01
225 3 1.17809725e+00 2.77269085e-01
226 3 1.17809725e+00 2.77790857e-01
227 3 1.17809725e+00 2.78762554e-01
228 3 1.17809725e+00 2.77777715e-01
229 3 1.17809725e+00 2.79304504e-01
230 3 1.17809725e+00 2.77914880e-01
231 3 1.17809725e+00 2.77298773e-01
232 3 1.17809725e+00 2.77716816e-01
233 3 1.17809725e+00 2.78463138e-01
234 3 1.17809725e+00 2.78706749e-01
235 3 1.17809725e+00 2.79044535e-01
236 3 1.17809725e+00 2.78433492e-01
237 3 1.17809725e+00 2.77274793e-01
238 3 1.17809725e+00 2.77247092e-01
239 3 1.17809725e+00 2.78027818e-01
240 3 1.17809725e+00 2.77961549e-01
241 3 1.17809725e+00 2.78511812e-01
242 3 1.17809725e+00 2.78468014e-01
243 3 1.17809725e+00 2.79802662e-01
244 3 1.17809725e+00 2.78018311e-01
245 3 1.17809725e+00 2.79241218e-01
246 3 1.17809725e+00 2.77555465e-01
247 3 1.17809725e+00 2.77376146e-01
248 3 1.17809725e+00 2.80218781e-01
249 3 1.17809725e+00 2.79214527e-01
250 3 1.17809725e+00 2.79312291e-01
251 3 1.17809725e+00 2.79391170e-01
252 3 1.17809725e+00 2.79334198e-01
253 3 1.17809725e+00 2.78815663e-01
254 3 1.17809725e+00 2.79601940e-01
255 3 1.17809725e+00 2.79333605e-01
256 3 1.17809725e+00 2.78164318e-01
257 3 1.17809725e+00 2.76535806e-01
258 3 1.17809725e+00 2.78405146e-01
259 3 1.17809725e+00 2.78556147e-01
260 3 1.17809725e+00 2.78670058e-01
261 3 1.17809725e+00 2.79344995e-01
262 3 1.17809725e+00 2.78280774e-01
263 3 1.17809725e+00 2.80148517e-01
264 3 1.17809725e+00 2.79680114e-01
265 3 1.17809725e+00 2.78293353e-01
266 3 1.17809725e+00 2.77705837e-01
267 3 1.17809725e+00 2.78531139e-01
268 3 1.17809725e+00 2.77843560e-01
269 3 1.17809725e+00 2.78310151e-01
270 3 1.17809725e+00 2.78731583e-01
271 3 1.17809725e+00 2.78178950e-01
272 3 1.17809725e+00 2.79362132e-01
273 3 1.17809725e+00 2.79203656e-01
274 3 1.17809725e+00 2.76678588e-01
275 3 1.17809725e+00 2.78699759e-01
276 3 1.17809725e+00 2.78647634e-01
277 3 1.17809725e+00 2.79615710e-01
278 3 1.17809725e+00 2.77508223e-01
279 3 1.17809725e+00 2.78223846e-01
280 3 1.17809725e+00 2.78372564e-01
281 3 1.17809725e+00 2.78208016e-01
282 3 1.17809725e+00 2.77652163e-01
283 3 1.17809725e+00 2.77962669e-01
284 3 1.17809725e+00 2.77916663e-01
285 3 1.17809725e+00 2.78079471e-01
286 3 1.17809725e+00 2.78599202e-01
287 3 1.17809725e+00 2.76811182e-01
288 3 1.17809725e+00 2.80125666e-01
289 3 1.17809725e+00 2.77726245e-01
290 3 1.17809725e+00 2.79792133e-01
291 3 1.17809725e+00 2.78052073e-01
292 3 1.17809725e+00 2.80100152e-01
293 3 1.17809725e+00 2.78876552e-01
294 3 1.17809725e+00 2.79636003e-01
295 3 1.17809725e+00 2.78622250e-01
296 3 1.17809725e+00 2.79710154e-01
297 3 1.17809725e+00 2.79059471e-01
298 3 1.17809725e+00 2.78918450e-01
299 3 1.17809725e+00 2.78023993e-01
300 3 1.17809725e+00 2.77521005e-01
301 3 1.17809725e+00 2.76912659e-01
302 3 1.17809725e+00 2.78248206e-01
303 3 1.17809725e+00 2.78210769e-01
304 3 1.17809725e+00 2.78804798e-01
305 3 1.17809725e+00 2.78655576e-01
306 3 1.17809725e+00 2.78708745e-01
307 3 1.17809725e+00 2.77411084e-01
308 3 1.17809725e+00 2.78725225e-01
309 3 1.17809725e+00 2.78113390e-01
310 3 1.17809725e+00 2.80286410e-01
311 3 1.17809725e+00 2.79096966e-01
312 3 1.17809725e+00 2.78868782e-01
313 3 1.17809725e+00 2.77620882e-01
314 3 1.17809725e+00 2.78183115e-01
315 3 1.17809725e+00 2.77429829e-01
316 3 1.17809725e+00 2.78804493e-01
317 3 1.17809725e+00 2.77560960e-01
318 3 1.17809725e+00 2.77935745e-01
319 3 1.17809725e+00 2.79110726e-01
320 3 1.17809725e+00 2.77748012e-01
321 3 1.17809725e+00 2.77745029e-01
322 3 1.17809725e+00 2.78052951e-01
323 3 1.17809725e+00 2.78438495e-01
324 3 1.17809725e+00 2.78694496e-01
325 3 1.17809725e+00 2.78063490e-01
326 3 1.17809725e+00 2.79543280e-01
327 3 1.17809725e+00 2.78056464e-01
328 3 1.17809725e+00 2.78645368e-01
329 3 1.17809725e+00 2.78365553e-01
330 3 1.17809725e+00 2.78165956e-01
331 3 1.17809725e+00 2.78600233e-01
332 3 1.17809725e+00 2.78301705e-01
333 3 1.17809725e+00 2.78827813e-01
334 3 1.17809725e+00 2.77096473e-01
335 3 1.17809725e+00 2.78870661e-01
336 3 1.17809725e+00 2.78917374e-01
337 3 1.17809725e+00 2.78606873e-01
338 3 1.17809725e+00 2.79662000e-01
339 3 1.17809725e+00 2.78528276e-01
340 3 1.17809725e+00 2.78494451e-01
341 3 1.17809725e+00 2.77580441e-01
342 3 1.17809725e+00 2.78527340e-01
343 3 1.17809725e+00 2.76830073e-01
344 3 1.17809725e+00 2.77038723e-01
345 3 1.17809725e+00 2.77993167e-01
346 3 1.17809725e+00 2.77805834e-01
347 3 1.17809725e+00 2.78591299e-01
348 3 1.17809725e+00 2.78081271e-01
349 3 1.17809725e+00 2.76298686e-01
350 3 1.17809725e+00 2.78368333e-01
351 3 1.17809725e+00 2.79403171e-01
352 3 1.17809725e+00 2.78172685e-01
353 3 1.17809725e+00 2.78351760e-01
354 3 1.17809725e+00 2.78649820e-01
355 3 1.17809725e+00 2.78251909e-01
356 3 1.17809725e+00 2.78784512e-01
357 3 1.17809725e+00 2.78289520e-01
358 3 1.17809725e+00 2.77487099e-01
359 3 1.17809725e+00 2.78303592e-01
360 3 1.17809725e+00 2.77960230e-01
361 3 1.17809725e+00 2.78190306e-01
362 3 1.17809725e+00 2.79759275e-01
363 3 1.17809725e+00 2.77050580e-01
364 3 1.17809725e+00 2.79851713e-01
365 3 1.17809725e+00 2.78772961e-01
366 3 1.17809725e+00 2.77477436e-01
367 3 1.17809725e+00 2.78021873e-01
368 3 1.17809725e+00 2.77433473e-01
369 3 1.17809725e+00 2.76518720e-01
370 3 1.17809725e+00 2.77607967e-01
371 3 1.17809725e+00 2.77493790e-01
372 3 1.17809725e+00 2.77144253e-01
373 3 1.17809725e+00 2.78936321e-01
374 3 1.17809725e+00 2.78809538e-01
375 3 1.17809725e+00 2.76836430e-01
376 3 1.17809725e+00 2.76940015e-01
377 3 1.17809725e+00 2.79072280e-01
378 3 1.17809725e+00 2.78662686e-01
379 3 1.17809725e+00 2.78379409e-01
380 3 1.17809725e+00 2.77770464e-01
381 3 1.17809725e+00 2.79064902e-01
382 3 1.17809725e+00 2.79129727e-01
383 3 1.17809725e+00 2.78552387e-01
384 3 1.17809725e+00 2.77096361e-01
385 3 1.17809725e+00 2.79541904e-01
386 3 1.17809725e+00 2.79911689e-01
387 3 1.17809725e+00 2.78564566e-01
388 3 1.17809725e+00 2.76752442e-01
389 3 1.17809725e+00 2.78161224e-01
390 3 1.17809725e+00 2.77652283e-01
391 3 1.17809725e+00 2.78583409e-01
392 3 1.17809725e+00 2.78750139e-01
393 3 1.17809725e+00 2.77993617e-01
394 3 1.17809725e+00 2.76993999e-01
395 3 1.17809725e+00 2.78657331e-01
396 3 1.17809725e+00 2.78935308e-01
397 3 1.17809725e+00 2.78798811e-01
398 3 1.17809725e+00 2.79109478e-01
399 3 1.17809725e+00 2.78288992e-01
400 3 1.17809725e+00 2.78118373e-01
401 3 1.17809725e+00 2.79268895e-01
402 3 1.17809725e+00 2.77208674e-01
403 3 1.17809725e+00 2.77075347e-01
404 3 1.17809725e+00 2.78923286e-01
405 3 1.17809725e+00 2.78822158e-01
406 3 1.17809725e+00 2.78187270e-01
407 3 1.17809725e+00 2.78350841e-01
408 3 1.17809725e+00 2.78042889e-01
409 3 1.17809725e+00 2.79966121e-01
410 3 1.17809725e+00 2.77878937e-01
411 3 1.17809725e+00 2.77689035e-01
412 3 1.17809725e+00 2.77883764e-01
413 3 1.17809725e+00 2.78235622e-01
414 3 1.17809725e+00 2.79827029e-01
415 3 1.17809725e+00 2.79657904e-01
416 3 1.17809725e+00 2.77949267e-01
417 3 1.17809725e+00 2.78396518e-01
418 3 1.17809725e+00 2.78696472e-01
419 3 1.17809725e+00 2.78193100e-01
420 3 1.17809725e+00 2.79642049e-01
421 3 1.17809725e+00 2.78186237e-01
422 3 1.17809725e+00 2.78411726e-01
423 3 1.17809725e+00 2.77855222e-01
424 3 1.17809725e+00 2.77261470e-01
425 3 1.17809725e+00 2.78116810e-01
426 3 1.17809725e+00 2.76946781e-01
427 3 1.17809725e+00 2.77838624e-01
428 3 1.17809725e+00 2.78321511e-01
429 3 1.17809725e+00 2.78592177e-01
430 3 1.17809725e+00 2.78779047e-01
431 3 1.17809725e+00 2.78371102e-01
432 3 1.17809725e+00 2.78535776e-01
433 3 1.17809725e+00 2.79395574e-01
434 3 1.17809725e+00 2.79037958e-01
435 3 1.17809725e+00 2.79570215e-01
436 3 1.17809725e+00 2.79144504e-01
437 3 1.17809725e+00 2.78834364e-01
438 3 1.17809725e+00 2.79871166e-01
439 3 1.17809725e+00 2.77644714e-01
440 3 1.17809725e+00 2.77934339e-01
441 3 1.17809725e+00 2.78325781e-01
442 3 1.17809725e+00 2.78534441e-01
443 3 1.17809725e+00 2.77624116e-01
444 3 1.17809725e+00 2.78933923e-01
445 3 1.17809725e+00 2.77373879e-01
446 3 1.17809725e+00 2.79105609e-01
447 3 1.17809725e+00 2.78437880e-01
448 3 1.17809725e+00 2.77778319e-01
449 3 1.17809725e+00 2.77848420e-01
450 3 1.17809725e+00 2.77947401e-01
451 3 1.17809725e+00 2.77597068e-01
452 3 1.17809725e+00 2.78127774e-01
453 3 1.17809725e+00 2.78065787e-01
454 3 1.17809725e+00 2.77890871e-01
455 3 1.17809725e+00 2.78209978e-01
456 3 1.17809725e+00 2.78130651e-01
457 3 1.17809725e+00 2.77938573e-01
458 3 1.17809725e+00 2.78641360e-01
459 3 1.17809725e+00 2.79586401e-01
460 3 1.17809725e+00 2.77867025e-01
461 3 1.17809725e+00 2.78720566e-01
462 3 1.17809725e+00 2.77991401e-01
463 3 1.17809725e+00 2.79428042e-01
464 3 1.17809725e+00 2.79043603e-01
465 3 1.17809725e+00 2.78589558e-01
466 3 1.17809725e+00 2.78603005e-01
467 3 1.17809725e+00 2.77528161e-01
468 3 1.17809725e+00 2.77887960e-01
469 3 1.17809725e+00 2.77943869e-01
470 3 1.17809725e+00 2.76946831e-01
471 3 1.17809725e+00 2.79007947e-01
472 3 1.17809725e+00 2.77193319e-01
473 3 1.17809725e+00 2.79088659e-01
474 3 1.17809725e+00 2.78850872e-01
475 3 1.17809725e+00 2.78728228e-01
476 3 1.17809725e+00 2.78583254e-01
477 3 1.17809725e+00 2.79185512e-01
478 3 1.17809725e+00 2.77439114e-01
479 3 1.17809725e+00 2.77732409e-01
480 3 1.17809725e+00 2.76790578e-01
481 3 1.17809725e+00 2.78821271e-01
482 3 1.17809725e+00 2.77628265e-01
483 3 1.17809725e+00 2.77689080e-01
484 3 1.17809725e+00 2.78362355e-01
485 3 1.17809725e+00 2.77580169e-01
486 3 1.17809725e+00 2.79393692e-01
487 3 1.17809725e+00 2.78219809e-01
488 3 1.17809725e+00 2.78714967e-01
489 3 1.17809725e+00 2.78553042e-01
490 3 1.17809725e+00 2.77962452e-01
491 3 1.17809725e+00 2.79254150e-01
492 3 1.17809725e+00 2.78715988e-01
493 3 1.17809725e+00 2.79129782e-01
494 3 1.17809725e+00 2.78994160e-01
495 3 1.17809725e+00 2.78804650e-01
496 3 1.17809725e+00 2.77652659e-01
497 3 1.17809725e+00 2.78850765e-01
498 3 1.17809725e+00 2.79402808e-01
499 3 1.17809725e+00 2.78131079e-01
500 3 1.17809725e+00 2.78695893e-01
501 3 1.17809725e+00 2.78765136e-01
502 3 1.17809725e+00 2.78653454e-01
503 3 1.17809725e+00 2.77946705e-01
504 3 1.17809725e+00 2.79184918e-01
505 3 1.17809725e+00 2.78239253e-01
506 3 1.17809725e+00 2.77999157e-01
507 3 1.17809725e+00 2.77781199e-01
508 3 1.17809725e+00 2.79613764e-01
509 3 1.17809725e+00 2.78668427e-01
510 3 1.17809725e+00 2.78185868e-01
511 3 1.17809725e+00 2.78156552e-01
512 3 1.17809725e+00 2.78335109e-01
513 3 1.17809725e+00 2.78994438e-01
514 3 1.17809725e+00 2.78863877e-01
515 3 1.17809725e+00 2.77920891e-01
516 3 1.17809725e+00 2.79082335e-01
517 3 1.17809725e+00 2.79896431e-01
518 3 1.17809725e+00 2.78497465e-01
519 3 1.17809725e+00 2.78418201e-01
520 3 1.17809725e+00 2.77917074e-01
521 3 1.17809725e+00 2.78365279e-01
522 3 1.17809725e+00 2.78484827e-01
523 3 1.17809725e+00 2.77084842e-01
524 3 1.17809725e+00 2.77861731e-01
525 3 1.17809725e+00 2.77959007e-01
526 3 1.17809725e+00 2.79521968e-01
527 3 1.17809725e+00 2.77893682e-01
528 3 1.17809725e+00 2.78044549e-01
529 3 1.17809725e+00 2.78908436e-01
530 3 1.17809725e+00 2.78585796e-01
531 3 1.17809725e+00 2.77929893e-01
532 3 1.17809725e+00 2.78907606e-01
533 3 1.17809725e+00 2.78731389e-01
534 3 1.17809725e+00 2.78491236e-01
535 3 1.17809725e+00 2.77317178e-01
536 3 1.17809725e+00 2.80069092e-01
537 3 1.17809725e+00 2.78160263e-01
538 3 1.17809725e+00 2.78454726e-01
539 3 1.17809725e+00 2.77898951e-01
540 3 1.17809725e+00 2.78391652e-01
541 3 1.17809725e+00 2.78504496e-01
542 3 1.17809725e+00 2.77981630e-01
543 3 1.17809725e+00 2.77854194e-01
544 3 1.17809725e+00 2.77449210e-01
545 3 1.17809725e+00 2.79955921e-01
546 3 1.17809725e+00 2.77801277e-01
547 3 1.17809725e+00 2.76920605e-01
548 3 1.17809725e+00 2.78412451e-01
549 3 1.17809725e+00 2.78063591e-01
550 3 1.17809725e+00 2.78242293e-01
551 3 1.17809725e+00 2.79426966e-01
552 3 1.17809725e+00 2.78543569e-01
553 3 1.17809725e+00 2.77858199e-01
554 3 1.17809725e+00 2.76196308e-01
555 3 1.17809725e+00 2.79004889e-01
556 3 1.17809725e+00 2.78699380e-01
557 3 1.17809725e+00 2.78609954e-01
558 3 1.17809725e+00 2.78803884e-01
559 3 1.17809725e+00 2.78168296e-01
560 3 1.17809725e+00 2.78292063e-01
561 3 1.17809725e+00 2.77398705e-01
562 3 1.17809725e+00 2.78833334e-01
563 3 1.17809725e+00 2.78691952e-01
564 3 1.17809725e+00 2.78890708e-01
565 3 1.17809725e+00 2.77779035e-01
566 3 1.17809725e+00 2.79129397e-01
567 3 1.17809725e+00 2.77564236e-01
568 3 1.17809725e+00 2.79115419e-01
569 3 1.17809725e+00 2.77815513e-01
570 3 1.17809725e+00 2.78082351e-01
571 3 1.17809725e+00 2.78465604e-01
572 3 1.17809725e+00 2.78537867e-01
573 3 1.17809725e+00 2.78945208e-01
574 3 1.17809725e+00 2.78020403e-01
575 3 1.17809725e+00 2.78460287e-01
576 3 1.17809725e+00 2.78103912e-01
577 3 1.17809725e+00 2.78488191e-01
578 3 1.17809725e+00 2.77975210e-01
579 3 1.17809725e+00 2.78047009e-01
580 3 1.17809725e+00 2.77647959e-01
581 3 1.17809725e+00 2.77435817e-01
582 3 1.17809725e+00 2.79677136e-01
583 3 1.17809725e+00 2.79371464e-01
584 3 1.17809725e+00 2.77360300e-01
585 3 1.17809725e+00 2.77842601e-01
586 3 1.17809725e+00 2.77702215e-01
587 3 1.17809725e+00 2.79356303e-01
588 3 1.17809725e+00 2.78700806e-01
589 3 1.17809725e+00 2.77486630e-01
590 3 1.17809725e+00 2.78914094e-01
591 3 1.17809725e+00 2.77775514e-01
592 3 1.17809725e+00 2.78488260e-01
593 3 1.17809725e+00 2.79386799e-01
594 3 1.17809725e+00 2.77792940e-01
595 3 1.17809725e+00 2.78847442e-01
596 3 1.17809725e+00 2.79300644e-01
597 3 1.17809725e+00 2.78339434e-01
598 3 1.17809725e+00 2.78127885e-01
599 3 1.17809725e+00 2.77458268e-01
600 3 1.17809725e+00 2.78089623e-01
601 3 1.17809725e+00 2.78204935e-01
602 3 1.17809725e+00 2.78527131e-01
603 3 1.17809725e+00 2.78847447e-01
604 3 1.17809725e+00 2.78742114e-01
605 3 1.17809725e+00 2.78163742e-01
606 3 1.17809725e+00 2.78916564e-01
607 3 1.17809725e+00 2.77435006e-01
608 3 1.17809725e+00 2.77838942e-01
609 3 1.17809725e+00 2.77822495e-01
610 3 1.17809725e+00 2.78455604e-01
611 3 1.17809725e+00 2.78539900e-01
612 3 1.17809725e+00 2.77546893e-01
613 3 1.17809725e+00 2.79249663e-01
614 3 1.17809725e+00 2.77465555e-01
615 3 1.17809725e+00 2.78721151e-01
616 3 1.17809725e+00 2.78232727e-01
617 3 1.17809725e+00 2.78472501e-01
618 3 1.17809725e+00 2.78275687e-01
619 3 1.17809725e+00 2.77611821e-01
620 3 1.17809725e+00 2.79143964e-01
621 3 1.17809725e+00 2.77426137e-01
622 3 1.17809725e+00 2.76825571e-01
623 3 1.17809725e+00 2.77648193e-01
624 3 1.17809725e+00 2.77565872e-01
625 3 1.17809725e+00 2.78937164e-01
626 3 1.17809725e+00 2.77620438e-01
627 3 1.17809725e+00 2.79227204e-01
628 3 1.17809725e+00 2.79600129e-01
629 3 1.17809725e+00 2.79192997e-01
630 3 1.17809725e+00 2.78562700e-01
631 3 1.17809725e+00 2.78276584e-01
632 3 1.17809725e+00 2.77327104e-01
633 3 1.17809725e+00 2.78302205e-01
634 3 1.17809725e+00 2.78035690e-01
635 3 1.17809725e+00 2.77851892e-01
636 3 1.17809725e+00 2.78677116e-01
637 3 1.17809725e+00 2.78619386e-01
638 3 1.17809725e+00 2.77475144e-01
639 3 1.17809725e+00 2.77905816e-01
640 3 1.17809725e+00 2.78556538e-01
641 3 1.17809725e+00 2.78176737e-01
642 3 1.17809725e+00 2.80033433e-01
643 3 1.17809725e+00 2.78147589e-01
644 3 1.17809725e+00 2.78308382e-01
645 3 1.17809725e+00 2.77806460e-01
646 3 1.17809725e+00 2.77462021e-01
647 3 1.17809725e+00 2.77565526e-01
648 3 1.17809725e+00 2.78271793e-01
649 3 1.17809725e+00 2.79197894e-01
650 3 1.17809725e+00 2.79669204e-01
651 3 1.17809725e+00 2.77553076e-01
652 3 1.17809725e+00 2.78888837e-01
653 3 1.17809725e+00 2.78672262e-01
654 3 1.17809725e+00 2.78517401e-01
655 3 1.17809725e+00 2.78579656e-01
656 3 1.17809725e+00 2.78323921e-01
657 3 1.17809725e+00 2.78005581e-01
658 3 1.17809725e+00 2.77610457e-01
659 3 1.17809725e+00 2.78848334e-01
660 3 1.17809725e+00 2.77751679e-01
661 3 1.17809725e+00 2.78229841e-01
662 3 1.17809725e+00 2.77410544e-01
663 3 1.17809725e+00 2.77902039e-01
664 3 1.17809725e+00 2.78725817e-01
665 3 1.17809725e+00 2.79228987e-01
666 3 1.17809725e+00 2.77828709e-01
667 3 1.17809725e+00 2.78937663e-01
668 3 1.17809725e+00 2.78452951e-01
669 3 1.17809725e+00 2.78109661e-01
670 3 1.17809725e+00 2.78383259e-01
671 3 1.17809725e+00 2.78335250e-01
672 3 1.17809725e+00 2.79380842e-01
673 3 1.17809725e+00 2.78784484e-01
674 3 1.17809725e+00 2.76827991e-01
675 3 1.17809725e+00 2.78425433e-01
676 3 1.17809725e+00 2.79371133e-01
677 3 1.17809725e+00 2.79595097e-01
678 3 1.17809725e+00 2.78839240e-01
679 3 1.17809725e+00 2.80153663e-01
680 3 1.17809725e+00 2.79293258e-01
681 3 1.17809725e+00 2.78999229e-01
682 3 1.17809725e+00 2.77560209e-01
683 3 1.17809725e+00 2.78990004e-01
684 3 1.17809725e+00 2.77917443e-01
685 3 1.17809725e+00 2.77387823e-01
686 3 1.17809725e+00 2.78170217e-01
687 3 1.17809725e+00 2.78855405e-01
688 3 1.17809725e+00 2.78837953e-01
689 3 1.17809725e+00 2.77011297e-01
690 3 1.17809725e+00 2.78146417e-01
691 3 1.17809725e+00 2.77233859e-01
692 3 1.17809725e+00 2.78704801e-01
693 3 1.17809725e+00 2.78709139e-01
694 3 1.17809725e+00 2.78536659e-01
695 3 1.17809725e+00 2.79229516e-01
696 3 1.17809725e+00 2.78846324e-01
697 3 1.17809725e+00 2.78898486e-01
698 3 1.17809725e+00 2.77215781e-01
699 3 1.17809725e+00 2.78085545e-01
700 3 1.17809725e+00 2.77550430e-01
701 3 1.17809725e+00 2.78522487e-01
702 3 1.17809725e+00 2.78118114e-01
703 3 1.17809725e+00 2.78054225e-01
704 3 1.17809725e+00 2.77995420e-01
705 3 1.17809725e+00 2.78800508e-01
706 3 1.17809725e+00 2.79316115e-01
707 3 1.17809725e+00 2.78040714e-01
708 3 1.17809725e+00 2.78401314e-01
709 3 1.17809725e+00 2.78250633e-01
710 3 1.17809725e+00 2.77562517e-01
711 3 1.17809725e+00 2.78263181e-01
712 3 1.17809725e+00 2.79037680e-01
713 3 1.17809725e+00 2.79045116e-01
714 3 1.17809725e+00 2.77513324e-01
715 3 1.17809725e+00 2.79337254e-01
716 3 1.17809725e+00 2.78418977e-01
717 3 1.17809725e+00 2.78779024e-01
718 3 1.17809725e+00 2.78232939e-01
719 3 1.17809725e+00 2.77859242e-01
720 3 1.17809725e+00 2.79136007e-01
721 3 1.17809725e+00 2.78902396e-01
722 3 1.17809725e+00 2.78107378e-01
723 3 1.17809725e+00 2.77811068e-01
724 3 1.17809725e+00 2.77432785e-01
725 3 1.17809725e+00 2.78351407e-01
726 3 1.17809725e+00 2.78903170e-01
727 3 1.17809725e+00 2.77829496e-01
728 3 1.17809725e+00 2.78217394e-01
729 3 1.17809725e+00 2.77119060e-01
730 3 1.17809725e+00 2.78434424e-01
731 3 1.17809725e+00 2.77059711e-01
732 3 1.17809725e+00 2.79374663e-01
733 3 1.17809725e+00 2.78537666e-01
734 3 1.17809725e+00 2.77776793e-01
735 3 1.17809725e+00 2.78090859e-01
736 3 1.17809725e+00 2.78113515e-01
737 3 1.17809725e+00 2.78005692e-01
738 3 1.17809725e+00 2.78416785e-01
739 3 1.17809725e+00 2.77605684e-01
740 3 1.17809725e+00 2.78413815e-01
741 3 1.17809725e+00 2.78059744e-01
742 3 1.17809725e+00 2.79698462e-01
743 3 1.17809725e+00 2.78371050e-01
744 3 1.17809725e+00 2.78051731e-01
745 3 1.17809725e+00 2.78042924e-01
746 3 1.17809725e+00 2.78695589e-01
747 3 1.17809725e+00 2.78822192e-01
748 3 1.17809725e+00 2.79159673e-01
749 3 1.17809725e+00 2.78741620e-01
750 3 1.17809725e+00 2.78253841e-01
751 3 1.17809725e+00 2.79262291e-01
752 3 1.17809725e+00 2.79335968e-01
753 3 1.17809725e+00 2.78308787e-01
754 3 1.17809725e+00 2.77550562e-01
755 3 1.17809725e+00 2.78209732e-01
756 3 1.17809725e+00 2.78038545e-01
757 3 1.17809725e+00 2.76672924e-01
758 3 1.17809725e+00 2.77924502e-01
759 3 1.17809725e+00 2.78363731e-01
760 3 1.17809725e+00 2.76849482e-01
761 3 1.17809725e+00 2.77864298e-01
762 3 1.17809725e+00 2.78883360e-01
763 3 1.17809725e+00 2.78205619e-01
764 3 1.17809725e+00 2.78703803e-01
765 3 1.17809725e+00 2.77626646e-01
766 3 1.17809725e+00 2.78264815e-01
767 3 1.17809725e+00 2.76102132e-01
768 3 1.17809725e+00 2.78168488e-01
769 3 1.17809725e+00 2.77542145e-01
770 3 1.17809725e+00 2.77517498e-01
771 3 1.17809725e+00 2.77579912e-01
772 3 1.17809725e+00 2.79650572e-01
773 3 1.17809725e+00 2.78157896e-01
774 3 1.17809725e+00 2.77227783e-01
775 3 1.17809725e+00 2.78430783e-01
776 3 1.17809725e+00 2.78705538e-01
777 3 1.17809725e+00 2.77408796e-01
778 3 1.17809725e+00 2.78272886e-01
779 3 1.17809725e+00 2.78501344e-01
780 3 1.17809725e+00 2.78667831e-01
781 3 1.17809725e+00 2.79029265e-01
782 3 1.17809725e+00 2.78426781e-01
783 3 1.17809725e+00 2.79040444e-01
784 3 1.17809725e+00 2.76879644e-01
785 3 1.17809725e+00 2.78225087e-01
786 3 1.17809725e+00 2.77603103e-01
787 3 1.17809725e+00 2.78046604e-01
788 3 1.17809725e+00 2.76879804e-01
789 3 1.17809725e+00 2.78317906e-01
790 3 1.17809725e+00 2.78231242e-01
791 3 1.17809725e+00 2.78647101e-01
792 3 1.17809725e+00 2.78516793e-01
793 3 1.17809725e+00 2.78394517e-01
794 3 1.17809725e+00 2.79285196e-01
795 3 1.17809725e+00 2.79788550e-01
796 3 1.17809725e+00 2.77833325e-01
797 3 1.17809725e+00 2.78239888e-01
798 3 1.17809725e+00 2.78480233e-01
799 3 1.17809725e+00 2.78083169e-01
800 3 1.17809725e+00 2.77921961e-01
801 3 1.17809725e+00 2.77887343e-01
802 3 1.17809725e+00 2.77724805e-01
803 3 1.17809725e+00 2.79031259e-01
804 3 1.17809725e+00 2.77049646e-01
805 3 1.17809725e+00 2.76941701e-01
806 3 1.17809725e+00 2.78849063e-01
807 3 1.17809725e+00 2.79033995e-01
808 3 1.17809725e+00 2.77556212e-01
809 3 1.17809725e+00 2.79311451e-01
810 3 1.17809725e+00 2.78158634e-01
811 3 1.17809725e+00 2.77929412e-01
812 3 1.17809725e+00 2.77356698e-01
813 3 1.17809725e+00 2.78431862e-01
814 3 1.17809725e+00 2.77012217e-01
815 3 1.17809725e+00 2.78576117e-01
816 3 1.17809725e+00 2.78993849e-01
817 3 1.17809725e+00 2.78525666e-01
818 3 1.17809725e+00 2.78625290e-01
819 3 1.17809725e+00 2.77525775e-01
820 3 1.17809725e+00 2.78997336e-01
821 3 1.17809725e+00 2.77916689e-01
822 3 1.17809725e+00 2.79003077e-01
823 3 1.17809725e+00 2.79497480e-01
824 3 1.17809725e+00 2.79075071e-01
825 3 1.17809725e+00 2.78353888e-01
826 3 1.17809725e+00 2.79239457e-01
827 3 1.17809725e+00 2.77160657e-01
828 3 1.17809725e+00 2.78330111e-01
829 3 1.17809725e+00 2.80062563e-01
830 3 1.17809725e+00 2.77460809e-01
831 3 1.17809725e+00 2.78450402e-01
832 3 1.17809725e+00 2.79015667e-01
833 3 1.17809725e+00 2.78670743e-01
834 3 1.17809725e+00 2.78132088e-01
835 3 1.17809725e+00 2.79463575e-01
836 3 1.17809725e+00 2.79120010e-01
837 3 1.17809725e+00 2.78581669e-01
838 3 1.17809725e+00 2.77817313e-01
839 3 1.17809725e+00 2.78508353e-01
840 3 1.17809725e+00 2.78389591e-01
841 3 1.17809725e+00 2.78051334e-01
842 3 1.17809725e+00 2.78479824e-01
843 3 1.17809725e+00 2.77844701e-01
844 3 1.17809725e+00 2.78191556e-01
845 3 1.17809725e+00 2.79074677e-01
846 3 1.17809725e+00 2.78422073e-01
847 3 1.17809725e+00 2.76560238e-01
848 3 1.17809725e+00 2.78643855e-01
849 3 1.17809725e+00 2.77399405e-01
850 3 1.17809725e+00 2.77291037e-01
851 3 1.17809725e+00 2.78456019e-01
852 3 1.17809725e+00 2.77854672e-01
853 3 1.17809725e+00 2.76559337e-01
854 3 1.17809725e+00 2.78971595e-01
855 3 1.17809725e+00 2.78363459e-01
856 3 1.17809725e+00 2.77562621e-01
857 3 1.17809725e+00 2.77720938e-01
858 3 1.17809725e+00 2.79952428e-01
859 3 1.17809725e+00 2.79069521e-01
860 3 1.17809725e+00 2.79364134e-01
861 3 1.17809725e+00 2.78356749e-01
862 3 1.17809725e+00 2.78277957e-01
863 3 1.17809725e+00 2.77921894e-01
864 3 1.17809725e+00 2.78357540e-01
865 3 1.17809725e+00 2.78563277e-01
866 3 1.17809725e+00 2.78706826e-01
867 3 1.17809725e+00 2.78045716e-01
868 3 1.17809725e+00 2.79019852e-01
869 3 1.17809725e+00 2.77811988e-01
870 3 1.17809725e+00 2.78546620e-01
871 3 1.17809725e+00 2.78652974e-01
872 3 1.17809725e+00 2.79983568e-01
873 3 1.17809725e+00 2.78793637e-01
874 3 1.17809725e+00 2.77981204e-01
875 3 1.17809725e+00 2.78051040e-01
876 3 1.17809725e+00 2.78018169e-01
877 3 1.17809725e+00 2.78670226e-01
878 3 1.17809725e+00 2.77438831e-01
879 3 1.17809725e+00 2.77038819e-01
880 3 1.17809725e+00 2.76943686e-01
881 3 1.17809725e+00 2.78879176e-01
882 3 1.17809725e+00 2.78431232e-01
883 3 1.17809725e+00 2.77855122e-01
884 3 1.17809725e+00 2.78353046e-01
885 3 1.17809725e+00 2.79555684e-01
886 3 1.17809725e+00 2.77989080e-01
887 3 1.17809725e+00 2.77368573e-01
888 3 1.17809725e+00 2.78811741e-01
889 3 1.17809725e+00 2.79009024e-01
890 3 1.17809725e+00 2.77626055e-01
891 3 1.17809725e+00 2.78399138e-01
892 3 1.17809725e+00 2.78368016e-01
893 3 1.17809725e+00 2.77356106e-01
894 3 1.17809725e+00 2.79536839e-01
895 3 1.17809725e+00 2.77923541e-01
896 3 1.17809725e+00 2.78798351e-01
897 3 1.17809725e+00 2.79363729e-01
898 3 1.17809725e+00 2.78310850e-01
899 3 1.17809725e+00 2.77219733e-01
900 3 1.17809725e+00 2.78467743e-01
901 3 1.17809725e+00 2.78596020e-01
902 3 1.17809725e+00 2.78589691e-01
903 3 1.17809725e+00 2.77917430e-01
904 3 1.17809725e+00 2.77902036e-01
905 3 1.17809725e+00 2.78095709e-01
906 3 1.17809725e+00 2.79319014e-01
907 3 1.17809725e+00 2.77644275e-01
908 3 1.17809725e+00 2.79580700e-01
909 3 1.17809725e+00 2.79677338e-01
910 3 1.17809725e+00 2.78997386e-01
911 3 1.17809725e+00 2.78091882e-01
912 3 1.17809725e+00 2.78806637e-01
913 3 1.17809725e+00 2.79358892e-01
914 3 1.17809725e+00 2.77719830e-01
915 3 1.17809725e+00 2.76783422e-01
916 3 1.17809725e+00 2.78841415e-01
917 3 1.17809725e+00 2.78814235e-01
918 3 1.17809725e+00 2.79875704e-01
919 3 1.17809725e+00 2.79673112e-01
920 3 1.17809725e+00 2.77928996e-01
921 3 1.17809725e+00 2.77413644e-01
922 3 1.17809725e+00 2.78164129e-01
923 3 1.17809725e+00 2.78965471e-01
924 3 1.17809725e+00 2.79055856e-01
925 3 1.17809725e+00 2.79200288e-01
926 3 1.17809725e+00 2.77362788e-01
927 3 1.17809725e+00 2.78773605e-01
928 3 1.17809725e+00 2.77981052e-01
929 3 1.17809725e+00 2.78722310e-01
930 3 1.17809725e+00 2.77241954e-01
931 3 1.17809725e+00 2.78595350e-01
932 3 1.17809725e+00 2.78328730e-01
933 3 1.17809725e+00 2.78016427e-01
934 3 1.17809725e+00 2.78745497e-01
935 3 1.17809725e+00 2.77911061e-01
936 3 1.17809725e+00 2.78573061e-01
937 3 1.17809725e+00 2.78480493e-01
938 3 1.17809725e+00 2.78404289e-01
939 3 1.17809725e+00 2.78210238e-01
940 3 1.17809725e+00 2.77787362e-01
941 3 1.17809725e+00 2.78909733e-01
942 3 1.17809725e+00 2.79775151e-01
943 3 1.17809725e+00 2.78999067e-01
944 3 1.17809725e+00 2.78622455e-01
945 3 1.17809725e+00 2.77901727e-01
946 3 1.17809725e+00 2.78774969e-01
947 3 1.17809725e+00 2.77872368e-01
948 3 1.17809725e+00 2.77874919e-01
949 3 1.17809725e+00 2.78424535e-01
950 3 1.17809725e+00 2.77860454e-01
951 3 1.17809725e+00 2.78476670e-01
952 3 1.17809725e+00 2.76235769e-01
953 3 1.17809725e+00 2.78219364e-01
954 3 1.17809725e+00 2.78260769e-01
955 3 1.17809725e+00 2.78201102e-01
956 3 1.17809725e+00 2.78024007e-01
957 3 1.17809725e+00 2.79149157e-01
958 3 1.17809725e+00 2.77718739e-01
959 3 1.17809725e+00 2.77605460e-01
960 3 1.17809725e+00 2.78538897e-01
961 3 1.17809725e+00 2.78721642e-01
962 3 1.17809725e+00 2.77650403e-01
963 3 1.17809725e+00 2.78397864e-01
964 3 1.17809725e+00 2.76645943e-01
965 3 1.17809725e+00 2.78570363e-01
966 3 1.17809725e+00 2.78040216e-01
967 3 1.17809725e+00 2.78612934e-01
968 3 1.17809725e+00 2.77916104e-01
969 3 1.17809725e+00 2.78336899e-01
970 3 1.17809725e+00 2.77639294e-01
971 3 1.17809725e+00 2.77598713e-01
972 3 1.17809725e+00 2.77056261e-01
973 3 1.17809725e+00 2.77641838e-01
974 3 1.17809725e+00 2.78182941e-01
975 3 1.17809725e+00 2.79874743e-01
976 3 1.17809725e+00 2.77626038e-01
977 3 1.17809725e+00 2.79263939e-01
978 3 1.17809725e+00 2.77892060e-01
979 3 1.17809725e+00 2.77328490e-01
980 3 1.17809725e+00 2.77300352e-01
981 3 1.17809725e+00 2.78574581e-01
982 3 1.17809725e+00 2.78670686e-01
983 3 1.17809725e+00 2.79496986e-01
984 3 1.17809725e+00 2.77490105e-01
985 3 1.17809725e+00 2.78159939e-01
986 3 1.17809725e+00 2.79044552e-01
987 3 1.17809725e+00 2.77620156e-01
988 3 1.17809725e+00 2.77639203e-01
989 3 1.17809725e+00 2.77460649e-01
990 3 1.17809725e+00 2.78397548e-01
991 3 1.17809725e+00 2.77320766e-01
992 3 1.17809725e+00 2.78852759e-01
993 3 1.17809725e+00 2.78460502e-01
994 3 1.17809725e+00 2.78340295e-01
995 3 1.17809725e+00 2.80243111e-01
996 3 1.17809725e+00 2.78251899e-01
997 3 1.17809725e+00 2.77771704e-01
998 3 1.17809725e+00 2.77424661e-01
999 3 1.17809725e+00 2.79402215e-01
1000 3 1.17809725e+00 2.78843495e-01
1001 3 1.17809725e+00 2.80057011e-01
1002 3 1.17809725e+00 2.77180761e-01
1003 3 1.17809725e+00 2.77115282e-01
1004 3 1.17809725e+00 2.77999172e-01
1005 3 1.17809725e+00 2.76800099e-01
1006 3 1.17809725e+00 2.77408335e-01
1007 3 1.17809725e+00 2.77045902e-01
1008 3 1.17809725e+00 2.77802624e-01
1009 3 1.17809725e+00 2.77929939e-01
1010 3 1.17809725e+00 2.78319274e-01
1011 3 1.17809725e+00 2.77723214e-01
1012 3 1.17809725e+00 2.77866725e-01
1013 3 1.17809725e+00 2.76661917e-01
1014 3 1.17809725e+00 2.78241323e-01
1015 3 1.17809725e+00 2.78037541e-01
1016 3 1.17809725e+00 2.78995527e-01
1017 3 1.17809725e+00 2.74271105e-01
1018 3 1.17809725e+00 2.78081960e-01
1019 3 1.17809725e+00 2.78637500e-01
1020 3 1.17809725e+00 2.76401117e-01
1021 3 1.17809725e+00 2.77932020e-01
1022 3 1.17809725e+00 2.78114873e-01
1023 3 1.17809725e+00 2.78239398e-01
1024 3 1.17809725e+00 2.77595903e-01
1025 3 1.17809725e+00 2.76793431e-01
0 4 1.57079633e+00 3.51718886e-01
1 4 1.57079633e+00 3.50972357e-01
2 4 1.57079633e+00 3.50660903e-01
3 4 1.57079633e+00 3.49897438e-01
4 4 1.57079633e+00 3.50779121e-01
5 4 1.57079633e+00 3.50515093e-01
6 4 1.57079633e+00 3.50396640e-01
7 4 1.57079633e+00 3.50724456e-01
8 4 1.57079633e+00 3.50438116e-01
9 4 1.57079633e+00 3.49971117e-01
10 4 1.57079633e+00 3.50804484e-01
11 4 1.57079633e+00 3.49735909e-01
12 4 1.57079633e+00 3.51277844e-01
13 4 1.57079633e+00 3.51305459e-01
14 4 1.57079633e+00 3.49984376e-01
15 4 1.57079633e+00 3.50780793e-01
16 4 1.57079633e+00 3.47795556e-01
17 4 1.57079633e+00 3.49952586e-01
18 4 1.57079633e+00 3.49578958e-01
19 4 1.57079633e+00 3.51118480e-01
20 4 1.57079633e+00 3.49640448e-01
21 4 1.57079633e+00 3.50313038e-01
22 4 1.57079633e+00 3.50442765e-01
23 4 1.57079633e+00 3.50082172e-01
24 4 1.57079633e+00 3.49585498e-01
25 4 1.57079633e+00 3.49982864e-01
26 4 1.57079633e+00 3.50226292e-01
27 4 1.57079633e+00 3.50534831e-01
28 4 1.57079633e+00 3.50705663e-01
29 4 1.57079633e+00 3.49175890e-01
30 4 1.57079633e+00 3.50936447e-01
31 4 1.57079633e+00 3.50633216e-01
32 4 1.57079633e+00 3.51392343e-01
33 4 1.57079633e+00 3.49918853e-01
34 4 1.57079633e+00 3.48719331e-01
35 4 1.57079633e+00 3.49508105e-01
36 4 1.57079633e+00 3.50262014e-01
37 4 1.57079633e+00 3.50686621e-01
38 4 1.57079633e+00 3.50106224e-01
39 4 1.57079633e+00 3.50655352e-01
40 4 1.57079633e+00 3.51570825e-01
41 4 1.57079633e+00 3.50542210e-01
42 4 1.57079633e+00 3.50956775e-01
43 4 1.57079633e+00 3.49509545e-01
44 4 1.57079633e+00 3.52926551e-01
45 4 1.57079633e+00 3.51189902e-01
46 4 1.57079633e+00 3.51107702e-01
47 4 1.57079633e+00 3.51253381e-01
48 4 1.57079633e+00 3.50212996e-01
49 4 1.57079633e+00 3.50944596e-01
50 4 1.57079633e+00 3.51548573e-01
51 4 1.57079633e+00 3.51571415e-01
52 4 1.57079633e+00 3.51924498e-01
53 4 1.57079633e+00 3.49760502e-01
54 4 1.57079633e+00 3.50497879e-01
55 4 1.57079633e+00 3.51843058e-01
56 4 1.57079633e+00 3.50998498e-01
57 4 1.57079633e+00 3.50553870e-01
58 4 1.57079633e+00 3.50842281e-01
59 4 1.57079633e+00 3.49881588e-01
60 4 1.57079633e+00 3.50397455e-01
61 4 1.57079633e+00 3.50636494e-01
62 4 1.57079633e+00 3.49019466e-01
63 4 1.57079633e+00 3.48056897e-01
64 4 1.57079633e+00 3.49625255e-01
65 4 1.57079633e+00 3.52081481e-01
66 4 1.57079633e+00 3.49992320e-01
67 4 1.57079633e+00 3.50314613e-01
68 4 1.57079633e+00 3.49302173e-01
69 4 1.57079633e+00 3.51084523e-01
70 4 1.57079633e+00 3.49998069e-01
71 4 1.57079633e+00 3.49686309e-01
72 4 1.57079633e+00 3.50056031e-01
73 4 1.57079633e+00 3.49162832e-01
74 4 1.57079633e+00 3.50025291e-01
75 4 1.57079633e+00 3.49958368e-01
76 4 1.57079633e+00 3.49462297e-01
77 4 1.57079633e+00 3.50735140e-01
78 4 1.57079633e+00 3.50870605e-01
79 4 1.57079633e+00 3.50767118e-01
80 4 1.57079633e+00 3.49412926e-01
81 4 1.57079633e+00 3.49358502e-01
82 4 1.57079633e+00 3.48640595e-01
83 4 1.57079633e+00 3.50437945e-01
84 4 1.57079633e+00 3.51174099e-01
85 4 1.57079633e+00 3.49323172e-01
86 4 1.57079633e+00 3.49733878e-01
87 4 1.57079633e+00 3.51423262e-01
88 4 1.57079633e+00 3.50815678e-01
89 4 1.57079633e+00 3.50614802e-01
90 4 1.57079633e+00 3.51667327e-01
91 4 1.57079633e+00 3.50014398e-01
92 4 1.57079633e+00 3.51885374e-01
93 4 1.57079633e+00 3.50127250e-01
94 4 1.57079633e+00 3.50221106e-01
95 4 1.57079633e+00 3.49605576e-01
96 4 1.57079633e+00 3.50462026e-01
97 4 1.57079633e+00 3.48385640e-01
98 4 1.57079633e+00 3.49613506e-01
99 4 1.57079633e+00 3.48599470e-01
100 4 1.57079633e+00 3.50201748e-01
101 4 1.57079633e+00 3.50716662e-01
102 4 1.57079633e+00 3.49179117e-01
103 4 1.57079633e+00 3.51124986e-01
104 4 1.57079633e+00 3.49313699e-01
105 4 1.57079633e+00 3.47829729e-01
106 4 1.57079633e+00 3.49801903e-01
107 4 1.57079633e+00 3.49529859e-01
108 4 1.57079633e+00 3.50333852e-01
109 4 1.57079633e+00 3.50064233e-01
110 4 1.57079633e+00 3.49658067e-01
111 4 1.57079633e+00 3.50426496e-01
112 4 1.57079633e+00 3.50483127e-01
113 4 1.57079633e+00 3.50842781e-01
114 4 1.57079633e+00 3.50753216e-01
115 4 1.57079633e+00 3.51294597e-01
116 4 1.57079633e+00 3.51105269e-01
117 4 1.57079633e+00 3.49095077e-01
118 4 1.57079633e+00 3.50187401e-01
119 4 1.57079633e+00 3.50614314e-01
120 4 1.57079633e+00 3.50065896e-01
121 4 1.57079633e+00 3.51358854e-01
122 4 1.57079633e+00 3.49613313e-01
123 4 1.57079633e+00 3.50003824e-01
124 4 1.57079633e+00 3.49894241e-01
125 4 1.57079633e+00 3.49877159e-01
126 4 1.57079633e+00 3.49899491e-01
127 4 1.57079633e+00 3.52483521e-01
128 4 1.57079633e+00 3.50574685e-01
129 4 1.57079633e+00 3.49070878e-01
130 4 1.57079633e+00 3.49802564e-01
131 4 1.57079633e+00 3.49833330e-01
132 4 1.57079633e+00 3.49983609e-01
133 4 1.57079633e+00 3.51435883e-01
134 4 1.57079633e+00 3.49397419e-01
135 4 1.57079633e+00 3.51436983e-01
136 4 1.57079633e+00 3.49888502e-01
137 4 1.57079633e+00 3.48745539e-01
138 4 1.57079633e+00 3.51011950e-01
139 4 1.57079633e+00 3.51487046e-01
140 4 1.57079633e+00 3.51860686e-01
141 4 1.57079633e+00 3.49994029e-01
142 4 1.57079633e+00 3.49295898e-01
143 4 1.57079633e+00 3.50374806e-01
144 4 1.57079633e+00 3.50420820e-01
145 4 1.57079633e+00 3.50793951e-01
146 4 1.57079633e+00 3.49372115e-01
147 4 1.57079633e+00 3.50467805e-01
148 4 1.57079633e+00 3.49398993e-01
149 4 1.57079633e+00 3.50123872e-01
150 4 1.57079633e+00 3.50046994e-01
151 4 1.57079633e+00 3.50360849e-01
152 4 1.57079633e+00 3.50694247e-01
153 4 1.57079633e+00 3.49582887e-01
154 4 1.57079633e+00 3.49366374e-01
155 4 1.57079633e+00 3.49051856e-01
156 4 1.57079633e+00 3.50767384e-01
157 4 1.57079633e+00 3.50932412e-01
158 4 1.57079633e+00 3.51044719e-01
159 4 1.57079633e+00 3.50943632e-01
160 4 1.57079633e+00 3.49865489e-01
161 4 1.57079633e+00 3.48333138e-01
162 4 1.57079633e+00 3.50865764e-01
163 4 1.57079633e+00 3.51361186e-01
164 4 1.57079633e+00 3.50671327e-01
165 4 1.57079633e+00 3.50210425e-01
166 4 1.57079633e+00 3.49833561e-01
167 4 1.57079633e+00 3.51105343e-01
168 4 1.57079633e+00 3.48655614e-01
169 4 1.57079633e+00 3.52475753e-01
170 4 1.57079633e+00 3.50000199e-01
171 4 1.57079633e+00 3.51699119e-01
172 4 1.57079633e+00 3.50432194e-01
173 4 1.57079633e+00 3.51031384e-01
174 4 1.57079633e+00 3.49853928e-01
175 4 1.57079633e+00 3.50536372e-01
176 4 1.57079633e+00 3.50590739e-01
177 4 1.57079633e+00 3.51402808e-01
178 4 1.57079633e+00 3.52108746e-01
179 4 1.57079633e+00 3.51071160e-01
180 4 1.57079633e+00 3.50247069e-01
181 4 1.57079633e+00 3.50400541e-01
182 4 1.57079633e+00 3.50339967e-01
183 4 1.57079633e+00 3.50080008e-01
184 4 1.57079633e+00 3.50180408e-01
185 4 1.57079633e+00 3.51190374e-01
186 4 1.57079633e+00 3.50254964e-01
187 4 1.57079633e+00 3.50442210e-01
188 4 1.57079633e+00 3.48234154e-01
189 4 1.57079633e+00 3.51065732e-01
190 4 1.57079633e+00 3.51026783e-01
191 4 1.57079633e+00 3.51399276e-01
192 4 1.57079633e+00 3.50634384e-01
193 4 1.57079633e+00 3.50816105e-01
194 4 1.57079633e+00 3.49562131e-01
195 4 1.57079633e+00 3.49749534e-01
196 4 1.57079633e+00 3.49912940e-01
197 4 1.57079633e+00 3.50239956e-01
198 4 1.57079633e+00 3.51876673e-01
199 4 1.57079633e+00 3.50558518e-01
200 4 1.57079633e+00 3.50222620e-01
201 4 1.57079633e+00 3.49583502e-01
202 4 1.57079633e+00 3.50797048e-01
203 4 1.57079633e+00 3.50903686e-01
204 4 1.57079633e+00 3.50528471e-01
205 4 1.57079633e+00 3.51173526e-01
206 4 1.57079633e+00 3.51353102e-01
207 4 1.57079633e+00 3.51028734e-01
208 4 1.57079633e+00 3.50317836e-01
209 4 1.57079633e+00 3.50838810e-01
210 4 1.57079633e+00 3.51092916e-01
211 4 1.57079633e+00 3.50206630e-01
212 4 1.57079633e+00 3.50294121e-01
213 4 1.57079633e+00 3.49488300e-01
214 4 1.57079633e+00 3.51001090e-01
215 4 1.57079633e+00 3.49537210e-01
216 4 1.57079633e+00 3.52123646e-01
217 4 1.57079633e+00 3.50667293e-01
218 4 1.57079633e+00 3.52446207e-01
219 4 1.57079633e+00 3.51557111e-01
220 4 1.57079633e+00 3.52206244e-01
221 4 1.57079633e+00 3.49604455e-01
222 4 1.57079633e+00 3.52782185e-01
223 4 1.57079633e+00 3.50319779e-01
224 4 1.57079633e+00 3.49810496e-01
225 4 1.57079633e+00 3.49174359e-01
226 4 1.57079633e+00 3.49726590e-01
227 4 1.57079633e+00 3.50929197e-01
228 4 1.57079633e+00 3.49715525e-01
229 4 1.57079633e+00 3.51809604e-01
230 4 1.57079633e+00 3.49804844e-01
231 4 1.57079633e+00 3.49199460e-01
232 4 1.57079633e+00 3.49575754e-01
233 4 1.57079633e+00 3.50766913e-01
234 4 1.57079633e+00 3.50982087e-01
235 4 1.57079633e+00 3.51364663e-01
236 4 1.57079633e+00 3.50526202e-01
237 4 1.57079633e+00 3.49030738e-01
238 4 1.57079633e+00 3.49188178e-01
239 4 1.57079633e+00 3.50145372e-01
240 4 1.57079633e+00 3.50041342e-01
241 4 1.57079633e+00 3.50665588e-01
242 4 1.57079633e+00 3.50456911e-01
243 4 1.57079633e+00 3.52336830e-01
244 4 1.57079633e+00 3.49887935e-01
245 4 1.57079633e+00 3.51738073e-01
246 4 1.57079633e+00 3.49552152e-01
247 4 1.57079633e+00 3.49254093e-01
248 4 1.57079633e+00 3.53023037e-01
249 4 1.57079633e+00 3.51376437e-01
250 4 1.57079633e+00 3.51792206e-01
251 4 1.57079633e+00 3.51950002e-01
252 4 1.57079633e+00 3.51962317e-01
253 4 1.57079633e+00 3.50968794e-01
254 4 1.57079633e+00 3.52017738e-01
255 4 1.57079633e+00 3.51786494e-01
256 4 1.57079633e+00 3.50256040e-01
257 4 1.57079633e+00 3.47989339e-01
258 4 1.57079633e+00 3.50576485e-01
259 4 1.57079633e+00 3.50725494e-01
260 4 1.57079633e+00 3.50969243e-01
261 4 1.57079633e+00 3.51977741e-01
262 4 1.57079633e+00 3.50362310e-01
263 4 1.57079633e+00 3.52882100e-01
264 4 1.57079633e+00 3.52317609e-01
265 4 1.57079633e+00 3.50512784e-01
266 4 1.57079633e+00 3.49615054e-01
267 4 1.57079633e+00 3.50741039e-01
268 4 1.57079633e+00 3.49884878e-01
269 4 1.57079633e+00 3.50297388e-01
270 4 1.57079633e+00 3.50995903e-01
271 4 1.57079633e+00 3.50351226e-01
272 4 1.57079633e+00 3.51891725e-01
273 4 1.57079633e+00 3.51524285e-01
274 4 1.57079633e+00 3.48314917e-01
275 4 1.57079633e+00 3.51200836e-01
276 4 1.57079633e+00 3.50801264e-01
277 4 1.57079633e+00 3.52298151e-01
278 4 1.57079633e+00 3.49301626e-01
279 4 1.57079633e+00 3.50177773e-01
280 4 1.57079633e+00 3.50603893e-01
281 4 1.57079633e+00 3.50375761e-01
282 4 1.57079633e+00 3.49464948e-01
283 4 1.57079633e+00 3.49739138e-01
284 4 1.57079633e+00 3.49902091e-01
285 4 1.57079633e+00 3.50346349e-01
286 4 1.57079633e+00 3.51042050e-01
287 4 1.57079633e+00 3.48556175e-01
288 4 1.57079633e+00 3.52795469e-01
289 4 1.57079633e+00 3.49876607e-01
290 4 1.57079633e+00 3.52372167e-01
291 4 1.57079633e+00 3.50189822e-01
292 4 1.57079633e+00 3.52943974e-01
293 4 1.57079633e+00 3.51266054e-01
294 4 1.57079633e+00 3.52164616e-01
295 4 1.57079633e+00 3.50697164e-01
296 4 1.57079633e+00 3.52277340e-01
297 4 1.57079633e+00 3.51229327e-01
298 4 1.57079633e+00 3.51218261e-01
299 4 1.57079633e+00 3.50016111e-01
300 4 1.57079633e+00 3.49401103e-01
301 4 1.57079633e+00 3.48609014e-01
302 4 1.57079633e+00 3.50163289e-01
303 4 1.57079633e+00 3.50095466e-01
304 4 1.57079633e+00 3.51054992e-01
305 4 1.57079633e+00 3.50855758e-01
306 4 1.57079633e+00 3.50883526e-01
307 4 1.57079633e+00 3.49233876e-01
308 4 1.57079633e+00 3.50779477e-01
309 4 1.57079633e+00 3.50367435e-01
310 4 1.57079633e+00 3.52882478e-01
311 4 1.57079633e+00 3.51643913e-01
312 4 1.57079633e+00 3.51466770e-01
313 4 1.57079633e+00 3.49541351e-01
314 4 1.57079633e+00 3.50235741e-01
315 4 1.57079633e+00 3.49161781e-01
316 4 1.57079633e+00 3.50993246e-01
317 4 1.57079633e+00 3.49518754e-01
318 4 1.57079633e+00 3.49836842e-01
319 4 1.57079633e+00 3.51578386e-01
320 4 1.57079633e+00 3.49747518e-01
321 4 1.57079633e+00 3.49559252e-01
322 4 1.57079633e+00 3.50363456e-01
323 4 1.57079633e+00 3.50597633e-01
324 4 1.57079633e+00 3.51134036e-01
325 4 1.57079633e+00 3.50134131e-01
326 4 1.57079633e+00 3.51847168e-01
327 4 1.57079633e+00 3.50294012e-01
328 4 1.57079633e+00 3.50678877e-01
329 4 1.57079633e+00 3.50306446e-01
330 4 1.57079633e+00 3.50345399e-01
331 4 1.57079633e+00 3.50654080e-01
332 4 1.57079633e+00 3.50404252e-01
333 4 1.57079633e+00 3.51172276e-01
334 4 1.57079633e+00 3.48789400e-01
335 4 1.57079633e+00 3.51298301e-01
336 4 1.57079633e+00 3.51177866e-01
337 4 1.57079633e+00 3.50749876e-01
338 4 1.57079633e+00 3.52263551e-01
339 4 1.57079633e+00 3.50867625e-01
340 4 1.57079633e+00 3.50718653e-01
341 4 1.57079633e+00 3.49481890e-01
342 4 1.57079633e+00 3.50824998e-01
343 4 1.57079633e+00 3.48457957e-01
344 4 1.57079633e+00 3.48627441e-01
345 4 1.57079633e+00 3.50139775e-01
346 4 1.57079633e+00 3.49791635e-01
347 4 1.57079633e+00 3.50780511e-01
348 4 1.57079633e+00 3.49925652e-01
349 4 1.57079633e+00 3.47844025e-01
350 4 1.57079633e+00 3.50344915e-01
351 4 1.57079633e+00 3.51901309e-01
352 4 1.57079633e+00 3.50131878e-01
353 4 1.57079633e+00 3.50697573e-01
354 4 1.57079633e+00 3.51124544e-01
355 4 1.57079633e+00 3.50500421e-01
356 4 1.57079633e+00 3.50917939e-01
357 4 1.57079633e+00 3.50468229e-01
358 4 1.57079633e+00 3.49437125e-01
359 4 1.57079633e+00 3.50495787e-01
360 4 1.57079633e+00 3.50049479e-01
361 4 1.57079633e+00 3.50239929e-01
362 4 1.57079633e+00 3.52420716e-01
363 4 1.57079633e+00 3.48885046e-01
364 4 1.57079633e+00 3.52489136e-01
365 4 1.57079633e+00 3.51285221e-01
366 4 1.57079633e+00 3.49351956e-01
367 4 1.57079633e+00 3.50028461e-01
368 4 1.57079633e+00 3.49371828e-01
369 4 1.57079633e+00 3.48257027e-01
370 4 1.57079633e+00 3.49699272e-01
371 4 1.57079633e+00 3.49185436e-01
372 4 1.57079633e+00 3.49042586e-01
373 4 1.57079633e+00 3.51275106e-01
374 4 1.57079633e+00 3.51331014e-01
375 4 1.57079633e+00 3.48482357e-01
376 4 1.57079633e+00 3.48686228e-01
377 4 1.57079633e+00 3.51481498e-01
378 4 1.57079633e+00 3.50884249e-01
379 4 1.57079633e+00 3.50790211e-01
380 4 1.57079633e+00 3.49876485e-01
381 4 1.57079633e+00 3.51577817e-01
382 4 1.57079633e+00 3.51575077e-01
383 4 1.57079633e+00 3.50749469e-01
384 4 1.57079633e+00 3.48525035e-01
385 4 1.57079633e+00 3.51913974e-01
386 4 1.57079633e+00 3.52528793e-01
387 4 1.57079633e+00 3.50800553e-01
388 4 1.57079633e+00 3.48568493e-01
389 4 1.57079633e+00 3.50399235e-01
390 4 1.57079633e+00 3.49422149e-01
391 4 1.57079633e+00 3.50810189e-01
392 4 1.57079633e+00 3.50728899e-01
393 4 1.57079633e+00 3.49859814e-01
394 4 1.57079633e+00 3.48613975e-01
395 4 1.57079633e+00 3.50853356e-01
396 4 1.57079633e+00 3.51284204e-01
397 4 1.57079633e+00 3.51140988e-01
398 4 1.57079633e+00 3.51554104e-01
399 4 1.57079633e+00 3.50441106e-01
400 4 1.57079633e+00 3.50253365e-01
401 4 1.57079633e+00 3.51733230e-01
402 4 1.57079633e+00 3.48987430e-01
403 4 1.57079633e+00 3.48727845e-01
404 4 1.57079633e+00 3.51098481e-01
405 4 1.57079633e+00 3.51193114e-01
406 4 1.57079633e+00 3.50206610e-01
407 4 1.57079633e+00 3.50416322e-01
408 4 1.57079633e+00 3.50213447e-01
409 4 1.57079633e+00 3.52534260e-01
410 4 1.57079633e+00 3.49892944e-01
411 4 1.57079633e+00 3.49596973e-01
412 4 1.57079633e+00 3.49672571e-01
413 4 1.57079633e+00 3.50292859e-01
414 4 1.57079633e+00 3.52331504e-01
415 4 1.57079633e+00 3.52062394e-01
416 4 1.57079633e+00 3.50031154e-01
417 4 1.57079633e+00 3.50368574e-01
418 4 1.57079633e+00 3.51188392e-01
419 4 1.57079633e+00 3.50269126e-01
420 4 1.57079633e+00 3.52044113e-01
421 4 1.57079633e+00 3.50331784e-01
422 4 1.57079633e+00 3.50535247e-01
423 4 1.57079633e+00 3.49888096e-01
424 4 1.57079633e+00 3.48773176e-01
425 4 1.57079633e+00 3.50057912e-01
426 4 1.57079633e+00 3.48678468e-01
427 4 1.57079633e+00 3.49764858e-01
428 4 1.57079633e+00 3.50580979e-01
429 4 1.57079633e+00 3.50681497e-01
430 4 1.57079633e+00 3.51243829e-01
431 4 1.57079633e+00 3.50555668e-01
432 4 1.57079633e+00 3.50757861e-01
433 4 1.57079633e+00 3.51989210e-01
434 4 1.57079633e+00 3.51462573e-01
435 4 1.57079633e+00 3.52274880e-01
436 4 1.57079633e+00 3.51370588e-01
437 4 1.57079633e+00 3.51158393e-01
438 4 1.57079633e+00 3.52365546e-01
439 4 1.57079633e+00 3.49730264e-01
440 4 1.57079633e+00 3.50032450e-01
441 4 1.57079633e+00 3.50412015e-01
442 4 1.57079633e+00 3.50483953e-01
443 4 1.57079633e+00 3.49571896e-01
444 4 1.57079633e+00 3.51331714e-01
445 4 1.57079633e+00 3.48956010e-01
446 4 1.57079633e+00 3.51578068e-01
447 4 1.57079633e+00 3.50562578e-01
448 4 1.57079633e+00 3.49766251e-01
449 4 1.57079633e+00 3.49751430e-01
450 4 1.57079633e+00 3.49984725e-01
451 4 1.57079633e+00 3.49486495e-01
452 4 1.57079633e+00 3.50104800e-01
453 4 1.57079633e+00 3.50106618e-01
454 4 1.57079633e+00 3.49857220e-01
455 4 1.57079633e+00 3.50311033e-01
456 4 1.57079633e+00 3.50096456e-01
457 4 1.57079633e+00 3.49989980e-01
458 4 1.57079633e+00 3.50763495e-01
459 4 1.57079633e+00 3.52116961e-01
460 4 1.57079633e+00 3.49783011e-01
461 4 1.57079633e+00 3.50941243e-01
462 4 1.57079633e+00 3.50024288e-01
463 4 1.57079633e+00 3.52015655e-01
464 4 1.57079633e+00 3.51200530e-01
465 4 1.57079633e+00 3.50769496e-01
466 4 1.57079633e+00 3.50963293e-01
467 4 1.57079633e+00 3.49517648e-01
468 4 1.57079633e+00 3.49989218e-01
469 4 1.57079633e+00 3.49938492e-01
470 4 1.57079633e+00 3.48437837e-01
471 4 1.57079633e+00 3.51336707e-01
472 4 1.57079633e+00 3.49034159e-01
473 4 1.57079633e+00 3.51395763e-01
474 4 1.57079633e+00 3.51045772e-01
475 4 1.57079633e+00 3.50908643e-01
476 4 1.57079633e+00 3.50802342e-01
477 4 1.57079633e+00 3.51654347e-01
478 4 1.57079633e+00 3.49169026e-01
479 4 1.57079633e+00 3.49308615e-01
480 4 1.57079633e+00 3.48597870e-01
481 4 1.57079633e+00 3.51475060e-01
482 4 1.57079633e+00 3.49330765e-01
483 4 1.57079633e+00 3.49880038e-01
484 4 1.57079633e+00 3.50601259e-01
485 4 1.57079633e+00 3.49782086e-01
486 4 1.57079633e+00 3.51903675e-01
487 4 1.57079633e+00 3.50309701e-01
488 4 1.57079633e+00 3.51090740e-01
489 4 1.57079633e+00 3.50914440e-01
490 4 1.57079633e+00 3.50216875e-01
491 4 1.57079633e+00 3.51600738e-01
492 4 1.57079633e+00 3.50982942e-01
493 4 1.57079633e+00 3.51474644e-01
494 4 1.57079633e+00 3.51392194e-01
495 4 1.57079633e+00 3.50863263e-01
496 4 1.57079633e+00 3.49598653e-01
497 4 1.57079633e+00 3.51043384e-01
498 4 1.57079633e+00 3.51818512e-01
499 4 1.57079633e+00 3.50291065e-01
500 4 1.57079633e+00 3.50757088e-01
501 4 1.57079633e+00 3.50957355e-01
502 4 1.57079633e+00 3.50783022e-01
503 4 1.57079633e+00 3.50024526e-01
504 4 1.57079633e+00 3.51629740e-01
505 4 1.57079633e+00 3.50624624e-01
506 4 1.57079633e+00 3.49875630e-01
507 4 1.57079633e+00 3.49639770e-01
508 4 1.57079633e+00 3.52167435e-01
509 4 1.57079633e+00 3.50834180e-01
510 4 1.57079633e+00 3.50196966e-01
511 4 1.57079633e+00 3.50444918e-01
512 4 1.57079633e+00 3.50621484e-01
513 4 1.57079633e+00 3.51368018e-01
514 4 1.57079633e+00 3.50974798e-01
515 4 1.57079633e+00 3.49775921e-01
516 4 1.57079633e+00 3.51359600e-01
517 4 1.57079633e+00 3.52553232e-01
518 4 1.57079633e+00 3.50468894e-01
519 4 1.57079633e+00 3.50504368e-01
520 4 1.57079633e+00 3.50032113e-01
521 4 1.57079633e+00 3.50395430e-01
522 4 1.57079633e+00 3.50641774e-01
523 4 1.57079633e+00 3.48869013e-01
524 4 1.57079633e+00 3.49976856e-01
525 4 1.57079633e+00 3.50125784e-01
526 4 1.57079633e+00 3.52222641e-01
527 4 1.57079633e+00 3.49877653e-01
528 4 1.57079633e+00 3.50099198e-01
529 4 1.57079633e+00 3.51256506e-01
530 4 1.57079633e+00 3.50804179e-01
531 4 1.57079633e+00 3.49820849e-01
532 4 1.57079633e+00 3.51450291e-01
533 4 1.57079633e+00 3.51046557e-01
534 4 1.57079633e+00 3.50664313e-01
535 4 1.57079633e+00 3.49142635e-01
536 4 1.57079633e+00 3.52854351e-01
537 4 1.57079633e+00 3.50324971e-01
538 4 1.57079633e+00 3.50712156e-01
539 4 1.57079633e+00 3.49946285e-01
540 4 1.57079633e+00 3.50726069e-01
541 4 1.57079633e+00 3.50672235e-01
542 4 1.57079633e+00 3.49987563e-01
543 4 1.57079633e+00 3.49729114e-01
544 4 1.57079633e+00 3.49396092e-01
545 4 1.57079633e+00 3.52478866e-01
546 4 1.57079633e+00 3.49905366e-01
547 4 1.57079633e+00 3.48736482e-01
548 4 1.57079633e+00 3.50663981e-01
549 4 1.57079633e+00 3.50305468e-01
550 4 1.57079633e+00 3.50432579e-01
551 4 1.57079633e+00 3.52016609e-01
552 4 1.57079633e+00 3.50778826e-01
553 4 1.57079633e+00 3.49934265e-01
554 4 1.57079633e+00 3.47821723e-01
555 4 1.57079633e+00 3.51480334e-01
556 4 1.57079633e+00 3.51030103e-01
557 4 1.57079633e+00 3.50593809e-01
558 4 1.57079633e+00 3.51105371e-01
559 4 1.57079633e+00 3.50471763e-01
560 4 1.57079633e+00 3.50470714e-01
561 4 1.57079633e+00 3.49384562e-01
562 4 1.57079633e+00 3.51127291e-01
563 4 1.57079633e+00 3.51122283e-01
564 4 1.57079633e+00 3.51032042e-01
565 4 1.57079633e+00 3.49664170e-01
566 4 1.57079633e+00 3.51704480e-01
567 4 1.57079633e+00 3.49541218e-01
568 4 1.57079633e+00 3.51317698e-01
569 4 1.57079633e+00 3.49862388e-01
570 4 1.57079633e+00 3.50227585e-01
571 4 1.57079633e+00 3.50632028e-01
572 4 1.57079633e+00 3.50467855e-01
573 4 1.57079633e+00 3.51162021e-01
574 4 1.57079633e+00 3.50122087e-01
575 4 1.57079633e+00 3.50665236e-01
576 4 1.57079633e+00 3.50087260e-01
577 4 1.57079633e+00 3.50563965e-01
578 4 1.57079633e+00 3.49943243e-01
579 4 1.57079633e+00 3.50022773e-01
580 4 1.57079633e+00 3.49518431e-01
581 4 1.57079633e+00 3.49025760e-01
582 4 1.57079633e+00 3.52280909e-01
583 4 1.57079633e+00 3.51852947e-01
584 4 1.57079633e+00 3.49432331e-01
585 4 1.57079633e+00 3.49982191e-01
586 4 1.57079633e+00 3.49686879e-01
587 4 1.57079633e+00 3.51836852e-01
588 4 1.57079633e+00 3.51130244e-01
589 4 1.57079633e+00 3.49229396e-01
590 4 1.57079633e+00 3.51312591e-01
591 4 1.57079633e+00 3.49614650e-01
592 4 1.57079633e+00 3.50700364e-01
593 4 1.57079633e+00 3.51760115e-01
594 4 1.57079633e+00 3.49655360e-01
595 4 1.57079633e+00 3.51109320e-01
596 4 1.57079633e+00 3.51758637e-01
597 4 1.57079633e+00 3.50553161e-01
598 4 1.57079633e+00 3.50213068e-01
599 4 1.57079633e+00 3.49433803e-01
600 4 1.57079633e+00 3.49975599e-01
601 4 1.57079633e+00 3.50379149e-01
602 4 1.57079633e+00 3.50468670e-01
603 4 1.57079633e+00 3.51157607e-01
604 4 1.57079633e+00 3.51010130e-01
605 4 1.57079633e+00 3.50267093e-01
606 4 1.57079633e+00 3.51442449e-01
607 4 1.57079633e+00 3.49219271e-01
608 4 1.57079633e+00 3.49702211e-01
609 4 1.57079633e+00 3.49918509e-01
610 4 1.57079633e+00 3.50607272e-01
611 4 1.57079633e+00 3.50709420e-01
612 4 1.57079633e+00 3.49606537e-01
613 4 1.57079633e+00 3.51886189e-01
614 4 1.57079633e+00 3.49252257e-01
615 4 1.57079633e+00 3.51015407e-01
616 4 1.57079633e+00 3.50534650e-01
617 4 1.57079633e+00 3.50968539e-01
618 4 1.57079633e+00 3.50505058e-01
619 4 1.57079633e+00 3.49662872e-01
620 4 1.57079633e+00 3.51564440e-01
621 4 1.57079633e+00 3.49189406e-01
622 4 1.57079633e+00 3.48592035e-01
623 4 1.57079633e+00 3.49379306e-01
624 4 1.57079633e+00 3.49453704e-01
625 4 1.57079633e+00 3.51264322e-01
626 4 1.57079633e+00 3.49570742e-01
627 4 1.57079633e+00 3.51594919e-01
628 4 1.57079633e+00 3.52210363e-01
629 4 1.57079633e+00 3.51685671e-01
630 4 1.57079633e+00 3.50810221e-01
631 4 1.57079633e+00 3.50464830e-01
632 4 1.57079633e+00 3.49197459e-01
633 4 1.57079633e+00 3.50316165e-01
634 4 1.57079633e+00 3.50136132e-01
635 4 1.57079633e+00 3.49828244e-01
636 4 1.57079633e+00 3.51185265e-01
637 4 1.57079633e+00 3.50925307e-01
638 4 1.57079633e+00 3.49448530e-01
639 4 1.57079633e+00 3.49984314e-01
640 4 1.57079633e+00 3.50653233e-01
641 4 1.57079633e+00 3.50500550e-01
642 4 1.57079633e+00 3.52713378e-01
643 4 1.57079633e+00 3.50455038e-01
644 4 1.57079633e+00 3.50693916e-01
645 4 1.57079633e+00 3.49720209e-01
646 4 1.57079633e+00 3.49398138e-01
647 4 1.57079633e+00 3.49755451e-01
648 4 1.57079633e+00 3.50481406e-01
649 4 1.57079633e+00 3.51443580e-01
650 4 1.57079633e+00 3.52250403e-01
651 4 1.57079633e+00 3.49538516e-01
652 4 1.57079633e+00 3.50915488e-01
653 4 1.57079633e+00 3.50888904e-01
654 4 1.57079633e+00 3.50989170e-01
655 4 1.57079633e+00 3.50725564e-01
656 4 1.57079633e+00 3.50294467e-01
657 4 1.57079633e+00 3.49814618e-01
658 4 1.57079633e+00 3.49568333e-01
659 4 1.57079633e+00 3.51052962e-01
660 4 1.57079633e+00 3.49722240e-01
661 4 1.57079633e+00 3.50153300e-01
662 4 1.57079633e+00 3.49289348e-01
663 4 1.57079633e+00 3.49763762e-01
664 4 1.57079633e+00 3.50948083e-01
665 4 1.57079633e+00 3.51727703e-01
666 4 1.57079633e+00 3.49730572e-01
667 4 1.57079633e+00 3.51261329e-01
668 4 1.57079633e+00 3.50606458e-01
669 4 1.57079633e+00 3.50360256e-01
670 4 1.57079633e+00 3.50588255e-01
671 4 1.57079633e+00 3.50374236e-01
672 4 1.57079633e+00 3.51824790e-01
673 4 1.57079633e+00 3.51255770e-01
674 4 1.57079633e+00 3.48591706e-01
675 4 1.57079633e+00 3.50644123e-01
676 4 1.57079633e+00 3.51861593e-01
677 4 1.57079633e+00 3.52210606e-01
678 4 1.57079633e+00 3.51318531e-01
679 4 1.57079633e+00 3.53069569e-01
680 4 1.57079633e+00 3.51807920e-01
681 4 1.57079633e+00 3.51408167e-01
682 4 1.57079633e+00 3.49595793e-01
683 4 1.57079633e+00 3.51106013e-01
684 4 1.57079633e+00 3.50077675e-01
685 4 1.57079633e+00 3.49163978e-01
686 4 1.57079633e+00 3.50175649e-01
687 4 1.57079633e+00 3.51228341e-01
688 4 1.57079633e+00 3.51055958e-01
689 4 1.57079633e+00 3.48816901e-01
690 4 1.57079633e+00 3.50348546e-01
691 4 1.57079633e+00 3.49182183e-01
692 4 1.57079633e+00 3.50887318e-01
693 4 1.57079633e+00 3.51114150e-01
694 4 1.57079633e+00 3.50897211e-01
695 4 1.57079633e+00 3.51563866e-01
696 4 1.57079633e+00 3.51044456e-01
697 4 1.57079633e+00 3.51311999e-01
698 4 1.57079633e+00 3.48973994e-01
699 4 1.57079633e+00 3.49953765e-01
700 4 1.57079633e+00 3.49219825e-01
701 4 1.57079633e+00 3.50438024e-01
702 4 1.57079633e+00 3.50386445e-01
703 4 1.57079633e+00 3.50278170e-01
704 4 1.57079633e+00 3.49970114e-01
705 4 1.57079633e+00 3.51258824e-01
706 4 1.57079633e+00 3.51888039e-01
707 4 1.57079633e+00 3.50208236e-01
708 4 1.57079633e+00 3.50614906e-01
709 4 1.57079633e+00 3.50604673e-01
710 4 1.57079633e+00 3.49666024e-01
711 4 1.57079633e+00 3.50416637e-01
712 4 1.57079633e+00 3.51354754e-01
713 4 1.57079633e+00 3.51307860e-01
714 4 1.57079633e+00 3.49299754e-01
715 4 1.57079633e+00 3.51856937e-01
716 4 1.57079633e+00 3.50670034e-01
717 4 1.57079633e+00 3.51198708e-01
718 4 1.57079633e+00 3.50448200e-01
719 4 1.57079633e+00 3.49913631e-01
720 4 1.57079633e+00 3.51493668e-01
721 4 1.57079633e+00 3.51174090e-01
722 4 1.57079633e+00 3.50064066e-01
723 4 1.57079633e+00 3.49720252e-01
724 4 1.57079633e+00 3.49475283e-01
725 4 1.57079633e+00 3.50566382e-01
726 4 1.57079633e+00 3.51284641e-01
727 4 1.57079633e+00 3.49647974e-01
728 4 1.57079633e+00 3.50348909e-01
729 4 1.57079633e+00 3.48992731e-01
730 4 1.57079633e+00 3.50699886e-01
731 4 1.57079633e+00 3.48632119e-01
732 4 1.57079633e+00 3.51798956e-01
733 4 1.57079633e+00 3.50852355e-01
734 4 1.57079633e+00 3.49847009e-01
735 4 1.57079633e+00 3.50410933e-01
736 4 1.57079633e+00 3.50047227e-01
737 4 1.57079633e+00 3.50127344e-01
738 4 1.57079633e+00 3.50655510e-01
739 4 1.57079633e+00 3.49640833e-01
740 4 1.57079633e+00 3.50726826e-01
741 4 1.57079633e+00 3.50017983e-01
742 4 1.57079633e+00 3.52171185e-01
743 4 1.57079633e+00 3.50487463e-01
744 4 1.57079633e+00 3.50062156e-01
745 4 1.57079633e+00 3.49931115e-01
746 4 1.57079633e+00 3.51019132e-01
747 4 1.57079633e+00 3.50926331e-01
748 4 1.57079633e+00 3.51607900e-01
749 4 1.57079633e+00 3.51066207e-01
750 4 1.57079633e+00 3.50166597e-01
751 4 1.57079633e+00 3.51863719e-01
752 4 1.57079633e+00 3.51851307e-01
753 4 1.57079633e+00 3.50327689e-01
754 4 1.57079633e+00 3.49394342e-01
755 4 1.57079633e+00 3.50227538e-01
756 4 1.57079633e+00 3.49982597e-01
757 4 1.57079633e+00 3.48320204e-01
758 4 1.57079633e+00 3.49724783e-01
759 4 1.57079633e+00 3.50754568e-01
760 4 1.57079633e+00 3.48369079e-01
761 4 1.57079633e+00 3.50128442e-01
762 4 1.57079633e+00 3.51071308e-01
763 4 1.57079633e+00 3.50392049e-01
764 4 1.57079633e+00 3.51052606e-01
765 4 1.57079633e+00 3.49579480e-01
766 4 1.57079633e+00 3.50141951e-01
767 4 1.57079633e+00 3.47616275e-01
768 4 1.57079633e+00 3.50226956e-01
769 4 1.57079633e+00 3.49306868e-01
770 4 1.57079633e+00 3.49378486e-01
771 4 1.57079633e+00 3.49452878e-01
772 4 1.57079633e+00 3.52191413e-01
773 4 1.57079633e+00 3.50691820e-01
774 4 1.57079633e+00 3.49108443e-01
775 4 1.57079633e+00 3.50583681e-01
776 4 1.57079633e+00 3.50583369e-01
777 4 1.57079633e+00 3.49386078e-01
778 4 1.57079633e+00 3.50566949e-01
779 4 1.57079633e+00 3.50602839e-01
780 4 1.57079633e+00 3.50773674e-01
781 4 1.57079633e+00 3.51330159e-01
782 4 1.57079633e+00 3.50613046e-01
783 4 1.57079633e+00 3.51356469e-01
784 4 1.57079633e+00 3.48741094e-01
785 4 1.57079633e+00 3.50393436e-01
786 4 1.57079633e+00 3.49387626e-01
787 4 1.57079633e+00 3.50197402e-01
788 4 1.57079633e+00 3.48441566e-01
789 4 1.57079633e+00 3.50498006e-01
790 4 1.57079633e+00 3.50202919e-01
791 4 1.57079633e+00 3.50926688e-01
792 4 1.57079633e+00 3.50724995e-01
793 4 1.57079633e+00 3.50534540e-01
794 4 1.57079633e+00 3.51609008e-01
795 4 1.57079633e+00 3.52563206e-01
796 4 1.57079633e+00 3.49916693e-01
797 4 1.57079633e+00 3.50371785e-01
798 4 1.57079633e+00 3.50922690e-01
799 4 1.57079633e+00 3.49994526e-01
800 4 1.57079633e+00 3.50015221e-01
801 4 1.57079633e+00 3.49960915e-01
802 4 1.57079633e+00 3.49764649e-01
803 4 1.57079633e+00 3.51608454e-01
804 4 1.57079633e+00 3.48773012e-01
805 4 1.57079633e+00 3.48751741e-01
806 4 1.57079633e+00 3.50971139e-01
807 4 1.57079633e+00 3.51454390e-01
808 4 1.57079633e+00 3.49762270e-01
809 4 1.57079633e+00 3.51663809e-01
810 4 1.57079633e+00 3.50364855e-01
811 4 1.57079633e+00 3.50083634e-01
812 4 1.57079633e+00 3.49120611e-01
813 4 1.57079633e+00 3.50567485e-01
814 4 1.57079633e+00 3.49116853e-01
815 4 1.57079633e+00 3.50756624e-01
816 4 1.57079633e+00 3.51313312e-01
817 4 1.57079633e+00 3.50915106e-01
818 4 1.57079633e+00 3.51009498e-01
819 4 1.57079633e+00 3.49334802e-01
820 4 1.57079633e+00 3.51429468e-01
821 4 1.57079633e+00 3.49792934e-01
822 4 1.57079633e+00 3.51337916e-01
823 4 1.57079633e+00 3.52197814e-01
824 4 1.57079633e+00 3.51518619e-01
825 4 1.57079633e+00 3.50571415e-01
826 4 1.57079633e+00 3.51632460e-01
827 4 1.57079633e+00 3.49085466e-01
828 4 1.57079633e+00 3.50394284e-01
829 4 1.57079633e+00 3.52919238e-01
830 4 1.57079633e+00 3.49349324e-01
831 4 1.57079633e+00 3.50486960e-01
832 4 1.57079633e+00 3.51410515e-01
833 4 1.57079633e+00 3.50871868e-01
834 4 1.57079633e+00 3.50117083e-01
835 4 1.57079633e+00 3.52098876e-01
836 4 1.57079633e+00 3.51505276e-01
837 4 1.57079633e+00 3.50741865e-01
838 4 1.57079633e+00 3.49785237e-01
839 4 1.57079633e+00 3.50967699e-01
840 4 1.57079633e+00 3.50531680e-01
841 4 1.57079633e+00 3.50169871e-01
842 4 1.57079633e+00 3.50742761e-01
843 4 1.57079633e+00 3.49765074e-01
844 4 1.57079633e+00 3.50248948e-01
845 4 1.57079633e+00 3.51572340e-01
846 4 1.57079633e+00 3.50789202e-01
847 4 1.57079633e+00 3.48019376e-01
848 4 1.57079633e+00 3.50852904e-01
849 4 1.57079633e+00 3.49306012e-01
850 4 1.57079633e+00 3.49063253e-01
851 4 1.57079633e+00 3.50736488e-01
852 4 1.57079633e+00 3.49720214e-01
853 4 1.57079633e+00 3.48053783e-01
854 4 1.57079633e+00 3.51363150e-01
855 4 1.57079633e+00 3.50462626e-01
856 4 1.57079633e+00 3.49357128e-01
857 4 1.57079633e+00 3.49532804e-01
858 4 1.57079633e+00 3.52742236e-01
859 4 1.57079633e+00 3.51442016e-01
860 4 1.57079633e+00 3.51848933e-01
861 4 1.57079633e+00 3.50449850e-01
862 4 1.57079633e+00 3.50488512e-01
863 4 1.57079633e+00 3.49743495e-01
864 4 1.57079633e+00 3.50739476e-01
865 4 1.57079633e+00 3.50899109e-01
866 4 1.57079633e+00 3.50883991e-01
867 4 1.57079633e+00 3.50131421e-01
868 4 1.57079633e+00 3.51392636e-01
869 4 1.57079633e+00 3.49935662e-01
870 4 1.57079633e+00 3.50590384e-01
871 4 1.57079633e+00 3.50951122e-01
872 4 1.57079633e+00 3.52618435e-01
873 4 1.57079633e+00 3.50973075e-01
874 4 1.57079633e+00 3.49911275e-01
875 4 1.57079633e+00 3.50093150e-01
876 4 1.57079633e+00 3.50061406e-01
877 4 1.57079633e+00 3.50791124e-01
878 4 1.57079633e+00 3.49324620e-01
879 4 1.57079633e+00 3.48625955e-01
880 4 1.57079633e+00 3.48733117e-01
881 4 1.57079633e+00 3.51208100e-01
882 4 1.57079633e+00 3.50429938e-01
883 4 1.57079633e+00 3.50078442e-01
884 4 1.57079633e+00 3.50364171e-01
885 4 1.57079633e+00 3.52053572e-01
886 4 1.57079633e+00 3.50124020e-01
887 4 1.57079633e+00 3.49190886e-01
888 4 1.57079633e+00 3.50917459e-01
889 4 1.57079633e+00 3.51508372e-01
890 4 1.57079633e+00 3.49385129e-01
891 4 1.57079633e+00 3.50351279e-01
892 4 1.57079633e+00 3.50439696e-01
893 4 1.57079633e+00 3.49027455e-01
894 4 1.57079633e+00 3.51917975e-01
895 4 1.57079633e+00 3.50349032e-01
896 4 1.57079633e+00 3.51168859e-01
897 4 1.57079633e+00 3.51934240e-01
898 4 1.57079633e+00 3.50434344e-01
899 4 1.57079633e+00 3.49108948e-01
900 4 1.57079633e+00 3.50407673e-01
901 4 1.57079633e+00 3.50711026e-01
902 4 1.57079633e+00 3.50955349e-01
903 4 1.57079633e+00 3.50073522e-01
904 4 1.57079633e+00 3.50043375e-01
905 4 1.57079633e+00 3.50023087e-01
906 4 1.57079633e+00 3.51642977e-01
907 4 1.57079633e+00 3.49582364e-01
908 4 1.57079633e+00 3.52089167e-01
909 4 1.57079633e+00 3.52363172e-01
910 4 1.57079633e+00 3.51419383e-01
911 4 1.57079633e+00 3.50457106e-01
912 4 1.57079633e+00 3.50995719e-01
913 4 1.57079633e+00 3.51974504e-01
914 4 1.57079633e+00 3.49536113e-01
915 4 1.57079633e+00 3.48391189e-01
916 4 1.57079633e+00 3.51209439e-01
917 4 1.57079633e+00 3.50892987e-01
918 4 1.57079633e+00 3.52563617e-01
919 4 1.57079633e+00 3.52235607e-01
920 4 1.57079633e+00 3.49959892e-01
921 4 1.57079633e+00 3.49303972e-01
922 4 1.57079633e+00 3.50339943e-01
923 4 1.57079633e+00 3.51151664e-01
924 4 1.57079633e+00 3.51473489e-01
925 4 1.57079633e+00 3.51553902e-01
926 4 1.57079633e+00 3.49170846e-01
927 4 1.57079633e+00 3.51156281e-01
928 4 1.57079633e+00 3.50016789e-01
929 4 1.57079633e+00 3.51211598e-01
930 4 1.57079633e+00 3.49290545e-01
931 4 1.57079633e+00 3.51015282e-01
932 4 1.57079633e+00 3.50412505e-01
933 4 1.57079633e+00 3.50031389e-01
934 4 1.57079633e+00 3.50949483e-01
935 4 1.57079633e+00 3.50172344e-01
936 4 1.57079633e+00 3.50687629e-01
937 4 1.57079633e+00 3.50879260e-01
938 4 1.57079633e+00 3.50592440e-01
939 4 1.57079633e+00 3.50213956e-01
940 4 1.57079633e+00 3.49794821e-01
941 4 1.57079633e+00 3.50840911e-01
942 4 1.57079633e+00 3.52187611e-01
943 4 1.57079633e+00 3.51371656e-01
944 4 1.57079633e+00 3.50910288e-01
945 4 1.57079633e+00 3.49912057e-01
946 4 1.57079633e+00 3.50953300e-01
947 4 1.57079633e+00 3.49913037e-01
948 4 1.57079633e+00 3.49790441e-01
949 4 1.57079633e+00 3.50672797e-01
950 4 1.57079633e+00 3.49891990e-01
951 4 1.57079633e+00 3.50827543e-01
952 4 1.57079633e+00 3.47343105e-01
953 4 1.57079633e+00 3.50345303e-01
954 4 1.57079633e+00 3.50379273e-01
955 4 1.57079633e+00 3.50488378e-01
956 4 1.57079633e+00 3.49960776e-01
957 4 1.57079633e+00 3.51726456e-01
958 4 1.57079633e+00 3.49702430e-01
959 4 1.57079633e+00 3.49613167e-01
960 4 1.57079633e+00 3.50782652e-01
961 4 1.57079633e+00 3.51083645e-01
962 4 1.57079633e+00 3.49736923e-01
963 4 1.57079633e+00 3.50478744e-01
964 4 1.57079633e+00 3.48263291e-01
965 4 1.57079633e+00 3.50798923e-01
966 4 1.57079633e+00 3.50078991e-01
967 4 1.57079633e+00 3.50866607e-01
968 4 1.57079633e+00 3.49986492e-01
969 4 1.57079633e+00 3.50373252e-01
970 4 1.57079633e+00 3.49626093e-01
971 4 1.57079633e+00 3.49456558e-01
972 4 1.57079633e+00 3.49127744e-01
973 4 1.57079633e+00 3.49540343e-01
974 4 1.57079633e+00 3.50209037e-01
975 4 1.57079633e+00 3.52612257e-01
976 4 1.57079633e+00 3.49597347e-01
977 4 1.57079633e+00 3.51554042e-01
978 4 1.57079633e+00 3.49774206e-01
979 4 1.57079633e+00 3.49090446e-01
980 4 1.57079633e+00 3.49178201e-01
981 4 1.57079633e+00 3.50901101e-01
982 4 1.57079633e+00 3.50763813e-01
983 4 1.57079633e+00 3.52189706e-01
984 4 1.57079633e+00 3.49122234e-01
985 4 1.57079633e+00 3.50207806e-01
986 4 1.57079633e+00 3.51309995e-01
987 4 1.57079633e+00 3.49380608e-01
988 4 1.57079633e+00 3.49725150e-01
989 4 1.57079633e+00 3.49247751e-01
990 4 1.57079633e+00 3.50615360e-01
991 4 1.57079633e+00 3.49211713e-01
992 4 1.57079633e+00 3.51046962e-01
993 4 1.57079633e+00 3.50622298e-01
994 4 1.57079633e+00 3.50515745e-01
995 4 1.57079633e+00 3.53212802e-01
996 4 1.57079633e+00 3.50231392e-01
997 4 1.57079633e+00 3.49678078e-01
998 4 1.57079633e+00 3.49363992e-01
999 4 1.57079633e+00 3.52033474e-01
1000 4 1.57079633e+00 3.51099902e-01
1001 4 1.57079633e+00 3.52712883e-01
1002 4 1.57079633e+00 3.48647457e-01
1003 4 1.57079633e+00 3.48924828e-01
1004 4 1.57079633e+00 3.50056008e-01
1005 4 1.57079633e+00 3.48248346e-01
1006 4 1.57079633e+00 3.49551271e-01
1007 4 1.57079633e+00 3.48999732e-01
1008 4 1.57079633e+00 3.49869625e-01
1009 4 1.57079633e+00 3.49961116e-01
1010 4 1.57079633e+00 3.50588187e-01
1011 4 1.57079633e+00 3.49773411e-01
1012 4 1.57079633e+00 3.49679872e-01
1013 4 1.57079633e+00 3.48086313e-01
1014 4 1.57079633e+00 3.50308050e-01
1015 4 1.57079633e+00 3.50160322e-01
1016 4 1.57079633e+00 3.51553457e-01
1017 4 1.57079633e+00 3.45203337e-01
1018 4 1.57079633e+00 3.50367525e-01
1019 4 1.57079633e+00 3.50927917e-01
1020 4 1.57079633e+00 3.48194751e-01
1021 4 1.57079633e+00 3.49782543e-01
1022 4 1.57079633e+00 3.50133825e-01
1023 4 1.57079633e+00 3.50314967e-01
1024 4 1.57079633e+00 3.49540784e-01
1025 4 1.57079633e+00 3.48550780e-01
0 5 1.96349541e+00 4.15571934e-01
1 5 1.96349541e+00 4.14373623e-01
2 5 1.96349541e+00 4.14264370e-01
3 5 1.96349541e+00 4.13342865e-01
4 5 1.96349541e+00 4.14158003e-01
5 5 1.96349541e+00 4.13631851e-01
6 5 1.96349541e+00 4.13684676e-01
7 5 1.96349541e+00 4.14150494e-01
8 5 1.96349541e+00 4.13815820e-01
9 5 1.96349541e+00 4.13401044e-01
10 5 1.96349541e+00 4.14311033e-01
11 5 1.96349541e+00 4.13415384e-01
12 5 1.96349541e+00 4.14606316e-01
13 5 1.96349541e+00 4.15199353e-01
14 5 1.96349541e+00 4.13386173e-01
15 5 1.96349541e+00 4.14010522e-01
16 5 1.96349541e+00 4.10678368e-01
17 5 1.96349541e+00 4.13156467e-01
18 5 1.96349541e+00 4.12818859e-01
19 5 1.96349541e+00 4.14730975e-01
20 5 1.96349541e+00 4.12848959e-01
21 5 1.96349541e+00 4.13637880e-01
22 5 1.96349541e+00 4.13853722e-01
23 5 1.96349541e+00 4.13523083e-01
24 5 1.96349541e+00 4.12759063e-01
25 5 1.96349541e+00 4.13310257e-01
26 5 1.96349541e+00 4.13704710e-01
27 5 1.96349541e+00 4.14245592e-01
28 5 1.96349541e+00 4.13831334e-01
29 5 1.96349541e+00 4.12378231e-01
30 5 1.96349541e+00 4.14555622e-01
31 5 1.96349541e+00 4.13861608e-01
32 5 1.96349541e+00 4.14615061e-01
33 5 1.96349541e+00 4.13081868e-01
34 5 1.96349541e+00 4.11663675e-01
35 5 1.96349541e+00 4.12510418e-01
36 5 1.96349541e+00 4.13483181e-01
37 5 1.96349541e+00 4.13940659e-01
38 5 1.96349541e+00 4.13262513e-01
39 5 1.96349541e+00 4.13842662e-01
40 5 1.96349541e+00 4.14775686e-01
41 5 1.96349541e+00 4.13712612e-01
42 5 1.96349541e+00 4.14534722e-01
43 5 1.96349541e+00 4.12449906e-01
44 5 1.96349541e+00 4.17194083e-01
45 5 1.96349541e+00 4.14625522e-01
46 5 1.96349541e+00 4.14552326e-01
47 5 1.96349541e+00 4.15144223e-01
48 5 1.96349541e+00 4.13643324e-01
49 5 1.96349541e+00 4.14591361e-01
50 5 1.96349541e+00 4.14924097e-01
51 5 1.96349541e+00 4.15341532e-01
52 5 1.96349541e+00 4.15807905e-01
53 5 1.96349541e+00 4.13179252e-01
54 5 1.96349541e+00 4.13917648e-01
55 5 1.96349541e+00 4.15939334e-01
56 5 1.96349541e+00 4.14419187e-01
57 5 1.96349541e+00 4.14072169e-01
58 5 1.96349541e+00 4.14179106e-01
59 5 1.96349541e+00 4.13167166e-01
60 5 1.96349541e+00 4.13777347e-01
61 5 1.96349541e+00 4.13894503e-01
62 5 1.96349541e+00 4.12164490e-01
63 5 1.96349541e+00 4.10942717e-01
64 5 1.96349541e+00 4.12568192e-01
65 5 1.96349541e+00 4.15605313e-01
66 5 1.96349541e+00 4.13431356e-01
67 5 1.96349541e+00 4.13559690e-01
68 5 1.96349541e+00 4.12435763e-01
69 5 1.96349541e+00 4.14556192e-01
70 5 1.96349541e+00 4.13059234e-01
71 5 1.96349541e+00 4.12909018e-01
72 5 1.96349541e+00 4.13420272e-01
73 5 1.96349541e+00 4.12141911e-01
74 5 1.96349541e+00 4.13204462e-01
75 5 1.96349541e+00 4.13336939e-01
76 5 1.96349541e+00 4.12498222e-01
77 5 1.96349541e+00 4.13845849e-01
78 5 1.96349541e+00 4.14152040e-01
79 5 1.96349541e+00 4.14431212e-01
80 5 1.96349541e+00 4.12572049e-01
81 5 1.96349541e+00 4.12540367e-01
82 5 1.96349541e+00 4.11134332e-01
83 5 1.96349541e+00 4.13923062e-01
84 5 1.96349541e+00 4.14836033e-01
85 5 1.96349541e+00 4.12459855e-01
86 5 1.96349541e+00 4.13178699e-01
87 5 1.96349541e+00 4.15590157e-01
88 5 1.96349541e+00 4.14280882e-01
89 5 1.96349541e+00 4.13851238e-01
90 5 1.96349541e+00 4.15372418e-01
91 5 1.96349541e+00 4.13265418e-01
92 5 1.96349541e+00 4.15663115e-01
93 5 1.96349541e+00 4.13507348e-01
94 5 1.96349541e+00 4.13695086e-01
95 5 1.96349541e+00 4.12651299e-01
96 5 1.96349541e+00 4.13763902e-01
97 5 1.96349541e+00 4.11527897e-01
98 5 1.96349541e+00 4.12985602e-01
99 5 1.96349541e+00 4.12053318e-01
100 5 1.96349541e+00 4.13272425e-01
101 5 1.96349541e+00 4.14177683e-01
102 5 1.96349541e+00 4.12288641e-01
103 5 1.96349541e+00 4.14757621e-01
104 5 1.96349541e+00 4.12519716e-01
105 5 1.96349541e+00 4.10510834e-01
106 5 1.96349541e+00 4.12882068e-01
107 5 1.96349541e+00 4.12398065e-01
108 5 1.96349541e+00 4.14005679e-01
109 5 1.96349541e+00 4.13211146e-01
110 5 1.96349541e+00 4.13075716e-01
111 5 1.96349541e+00 4.13551115e-01
112 5 1.96349541e+00 4.13994638e-01
113 5 1.96349541e+00 4.14513427e-01
114 5 1.96349541e+00 4.14305138e-01
115 5 1.96349541e+00 4.14901012e-01
116 5 1.96349541e+00 4.14888015e-01
117 5 1.96349541e+00 4.11999519e-01
118 5 1.96349541e+00 4.13315730e-01
119 5 1.96349541e+00 4.13985142e-01
120 5 1.96349541e+00 4.13608538e-01
121 5 1.96349541e+00 4.15035397e-01
122 5 1.96349541e+00 4.12769181e-01
123 5 1.96349541e+00 4.13316976e-01
124 5 1.96349541e+00 4.13446429e-01
125 5 1.96349541e+00 4.13033459e-01
126 5 1.96349541e+00 4.13064741e-01
127 5 1.96349541e+00 4.16663029e-01
128 5 1.96349541e+00 4.14240475e-01
129 5 1.96349541e+00 4.12087744e-01
130 5 1.96349541e+00 4.13125252e-01
131 5 1.96349541e+00 4.13326604e-01
132 5 1.96349541e+00 4.13145804e-01
133 5 1.96349541e+00 4.14890041e-01
134 5 1.96349541e+00 4.12380328e-01
135 5 1.96349541e+00 4.15030301e-01
136 5 1.96349541e+00 4.12975235e-01
137 5 1.96349541e+00 4.11762774e-01
138 5 1.96349541e+00 4.14432069e-01
139 5 1.96349541e+00 4.14973779e-01
140 5 1.96349541e+00 4.15676827e-01
141 5 1.96349541e+00 4.12878419e-01
142 5 1.96349541e+00 4.12467377e-01
143 5 1.96349541e+00 4.13748882e-01
144 5 1.96349541e+00 4.14094500e-01
145 5 1.96349541e+00 4.14187688e-01
146 5 1.96349541e+00 4.12547091e-01
147 5 1.96349541e+00 4.13701692e-01
148 5 1.96349541e+00 4.12303212e-01
149 5 1.96349541e+00 4.13428694e-01
150 5 1.96349541e+00 4.13707178e-01
151 5 1.96349541e+00 4.13626621e-01
152 5 1.96349541e+00 4.14054835e-01
153 5 1.96349541e+00 4.12748597e-01
154 5 1.96349541e+00 4.12302857e-01
155 5 1.96349541e+00 4.11863730e-01
156 5 1.96349541e+00 4.14221784e-01
157 5 1.96349541e+00 4.14478919e-01
158 5 1.96349541e+00 4.14400526e-01
159 5 1.96349541e+00 4.14646716e-01
160 5 1.96349541e+00 4.12746884e-01
161 5 1.96349541e+00 4.11459895e-01
162 5 1.96349541e+00 4.14191848e-01
163 5 1.96349541e+00 4.14989562e-01
164 5 1.96349541e+00 4.14100271e-01
165 5 1.96349541e+00 4.13506882e-01
166 5 1.96349541e+00 4.13218048e-01
167 5 1.96349541e+00 4.14694207e-01
168 5 1.96349541e+00 4.11511094e-01
169 5 1.96349541e+00 4.16264633e-01
170 5 1.96349541e+00 4.13198877e-01
171 5 1.96349541e+00 4.15373045e-01
172 5 1.96349541e+00 4.13919051e-01
173 5 1.96349541e+00 4.14762937e-01
174 5 1.96349541e+00 4.13228526e-01
175 5 1.96349541e+00 4.14012052e-01
176 5 1.96349541e+00 4.14235586e-01
177 5 1.96349541e+00 4.14922231e-01
178 5 1.96349541e+00 4.16156607e-01
179 5 1.96349541e+00 4.14192035e-01
180 5 1.96349541e+00 4.13641934e-01
181 5 1.96349541e+00 4.13613495e-01
182 5 1.96349541e+00 4.13512618e-01
183 5 1.96349541e+00 4.13494807e-01
184 5 1.96349541e+00 4.13574344e-01
185 5 1.96349541e+00 4.14891706e-01
186 5 1.96349541e+00 4.13613278e-01
187 5 1.96349541e+00 4.14062160e-01
188 5 1.96349541e+00 4.10882808e-01
189 5 1.96349541e+00 4.14329167e-01
190 5 1.96349541e+00 4.14553985e-01
191 5 1.96349541e+00 4.14628557e-01
192 5 1.96349541e+00 4.13898041e-01
193 5 1.96349541e+00 4.14333931e-01
194 5 1.96349541e+00 4.12867099e-01
195 5 1.96349541e+00 4.12954572e-01
196 5 1.96349541e+00 4.13033047e-01
197 5 1.96349541e+00 4.13490779e-01
198 5 1.96349541e+00 4.15589317e-01
199 5 1.96349541e+00 4.13885439e-01
200 5 1.96349541e+00 4.13569839e-01
201 5 1.96349541e+00 4.12595909e-01
202 5 1.96349541e+00 4.14177603e-01
203 5 1.96349541e+00 4.14334274e-01
204 5 1.96349541e+00 4.13772212e-01
205 5 1.96349541e+00 4.14575646e-01
206 5 1.96349541e+00 4.15146941e-01
207 5 1.96349541e+00 4.14489629e-01
208 5 1.96349541e+00 4.13742544e-01
209 5 1.96349541e+00 4.14356464e-01
210 5 1.96349541e+00 4.14498398e-01
211 5 1.96349541e+00 4.13600778e-01
212 5 1.96349541e+00 4.13680810e-01
213 5 1.96349541e+00 4.12634929e-01
214 5 1.96349541e+00 4.14562193e-01
215 5 1.96349541e+00 4.12445628e-01
216 5 1.96349541e+00 4.15814787e-01
217 5 1.96349541e+00 4.13968093e-01
218 5 1.96349541e+00 4.16143208e-01
219 5 1.96349541e+00 4.14957335e-01
220 5 1.96349541e+00 4.16100944e-01
221 5 1.96349541e+00 4.12878548e-01
222 5 1.96349541e+00 4.16579593e-01
223 5 1.96349541e+00 4.14032190e-01
224 5 1.96349541e+00 4.13124162e-01
225 5 1.96349541e+00 4.12354062e-01
226 5 1.96349541e+00 4.12881365e-01
227 5 1.96349541e+00 4.14224274e-01
228 5 1.96349541e+00 4.12754531e-01
229 5 1.96349541e+00 4.15508864e-01
230 5 1.96349541e+00 4.12843764e-01
231 5 1.96349541e+00 4.12446920e-01
232 5 1.96349541e+00 4.12589169e-01
233 5 1.96349541e+00 4.14393770e-01
234 5 1.96349541e+00 4.14488947e-01
235 5 1.96349541e+00 4.14906335e-01
236 5 1.96349541e+00 4.13785760e-01
237 5 1.96349541e+00 4.12047967e-01
238 5 1.96349541e+00 4.12460311e-01
239 5 1.96349541e+00 4.13535131e-01
240 5 1.96349541e+00 4.13345650e-01
241 5 1.96349541e+00 4.14005706e-01
242 5 1.96349541e+00 4.13521248e-01
243 5 1.96349541e+00 4.16040575e-01
244 5 1.96349541e+00 4.12868768e-01
245 5 1.96349541e+00 4.15541078e-01
246 5 1.96349541e+00 4.12903787e-01
247 5 1.96349541e+00 4.12419862e-01
248 5 1.96349541e+00 4.17112868e-01
249 5 1.96349541e+00 4.14603157e-01
250 5 1.96349541e+00 4.15583362e-01
251 5 1.96349541e+00 4.15822979e-01
252 5 1.96349541e+00 4.15927717e-01
253 5 1.96349541e+00 4.14290001e-01
254 5 1.96349541e+00 4.15647481e-01
255 5 1.96349541e+00 4.15489769e-01
256 5 1.96349541e+00 4.13576639e-01
257 5 1.96349541e+00 4.10572621e-01
258 5 1.96349541e+00 4.14076531e-01
259 5 1.96349541e+00 4.14035787e-01
260 5 1.96349541e+00 4.14568716e-01
261 5 1.96349541e+00 4.15858601e-01
262 5 1.96349541e+00 4.13644348e-01
263 5 1.96349541e+00 4.16839566e-01
264 5 1.96349541e+00 4.16247507e-01
265 5 1.96349541e+00 4.14063540e-01
266 5 1.96349541e+00 4.12759934e-01
267 5 1.96349541e+00 4.14176739e-01
268 5 1.96349541e+00 4.13255306e-01
269 5 1.96349541e+00 4.13337490e-01
270 5 1.96349541e+00 4.14483958e-01
271 5 1.96349541e+00 4.13800486e-01
272 5 1.96349541e+00 4.15693735e-01
273 5 1.96349541e+00 4.15032344e-01
274 5 1.96349541e+00 4.11213123e-01
275 5 1.96349541e+00 4.15102083e-01
276 5 1.96349541e+00 4.14100300e-01
277 5 1.96349541e+00 4.16305604e-01
278 5 1.96349541e+00 4.12252906e-01
279 5 1.96349541e+00 4.13284559e-01
280 5 1.96349541e+00 4.14149667e-01
281 5 1.96349541e+00 4.13826159e-01
282 5 1.96349541e+00 4.12499742e-01
283 5 1.96349541e+00 4.12554507e-01
284 5 1.96349541e+00 4.13057948e-01
285 5 1.96349541e+00 4.14027355e-01
286 5 1.96349541e+00 4.14908506e-01
287 5 1.96349541e+00 4.11568988e-01
288 5 1.96349541e+00 4.16693119e-01
289 5 1.96349541e+00 4.13389327e-01
290 5 1.96349541e+00 4.16163520e-01
291 5 1.96349541e+00 4.13636337e-01
292 5 1.96349541e+00 4.17091931e-01
293 5 1.96349541e+00 4.14923465e-01
294 5 1.96349541e+00 4.15907165e-01
295 5 1.96349541e+00 4.13877104e-01
296 5 1.96349541e+00 4.16053829e-01
297 5 1.96349541e+00 4.14466599e-01
298 5 1.96349541e+00 4.14709421e-01
299 5 1.96349541e+00 4.13126574e-01
300 5 1.96349541e+00 4.12487523e-01
301 5 1.96349541e+00 4.11520779e-01
302 5 1.96349541e+00 4.13154270e-01
303 5 1.96349541e+00 4.13033901e-01
304 5 1.96349541e+00 4.14526704e-01
305 5 1.96349541e+00 4.14198150e-01
306 5 1.96349541e+00 4.14144746e-01
307 5 1.96349541e+00 4.12243996e-01
308 5 1.96349541e+00 4.13925486e-01
309 5 1.96349541e+00 4.13995264e-01
310 5 1.96349541e+00 4.16618100e-01
311 5 1.96349541e+00 4.15494608e-01
312 5 1.96349541e+00 4.15631225e-01
313 5 1.96349541e+00 4.12677688e-01
314 5 1.96349541e+00 4.13482719e-01
315 5 1.96349541e+00 4.12020872e-01
316 5 1.96349541e+00 4.14320276e-01
317 5 1.96349541e+00 4.12770534e-01
318 5 1.96349541e+00 4.12898151e-01
319 5 1.96349541e+00 4.15382923e-01
320 5 1.96349541e+00 4.13055064e-01
321 5 1.96349541e+00 4.12522552e-01
322 5 1.96349541e+00 4.14123410e-01
323 5 1.96349541e+00 4.13975531e-01
324 5 1.96349541e+00 4.14960425e-01
325 5 1.96349541e+00 4.13446447e-01
326 5 1.96349541e+00 4.15183151e-01
327 5 1.96349541e+00 4.13980645e-01
328 5 1.96349541e+00 4.13792416e-01
329 5 1.96349541e+00 4.13310674e-01
330 5 1.96349541e+00 4.13853391e-01
331 5 1.96349541e+00 4.13828102e-01
332 5 1.96349541e+00 4.13701934e-01
333 5 1.96349541e+00 4.14786797e-01
334 5 1.96349541e+00 4.11618536e-01
335 5 1.96349541e+00 4.15018444e-01
336 5 1.96349541e+00 4.14591811e-01
337 5 1.96349541e+00 4.14042207e-01
338 5 1.96349541e+00 4.16156836e-01
339 5 1.96349541e+00 4.14541416e-01
340 5 1.96349541e+00 4.14225376e-01
341 5 1.96349541e+00 4.12613376e-01
342 5 1.96349541e+00 4.14462343e-01
343 5 1.96349541e+00 4.11296946e-01
344 5 1.96349541e+00 4.11309362e-01
345 5 1.96349541e+00 4.13600900e-01
346 5 1.96349541e+00 4.12969041e-01
347 5 1.96349541e+00 4.14173838e-01
348 5 1.96349541e+00 4.12865116e-01
349 5 1.96349541e+00 4.10628724e-01
350 5 1.96349541e+00 4.13341646e-01
351 5 1.96349541e+00 4.15674850e-01
352 5 1.96349541e+00 4.13148275e-01
353 5 1.96349541e+00 4.14397806e-01
354 5 1.96349541e+00 4.15079037e-01
355 5 1.96349541e+00 4.14074573e-01
356 5 1.96349541e+00 4.14231269e-01
357 5 1.96349541e+00 4.13952488e-01
358 5 1.96349541e+00 4.12637630e-01
359 5 1.96349541e+00 4.13920890e-01
360 5 1.96349541e+00 4.13439316e-01
361 5 1.96349541e+00 4.13413743e-01
362 5 1.96349541e+00 4.16323257e-01
363 5 1.96349541e+00 4.12028715e-01
364 5 1.96349541e+00 4.16363077e-01
365 5 1.96349541e+00 4.15177558e-01
366 5 1.96349541e+00 4.12424569e-01
367 5 1.96349541e+00 4.13260916e-01
368 5 1.96349541e+00 4.12596791e-01
369 5 1.96349541e+00 4.11360514e-01
370 5 1.96349541e+00 4.13229940e-01
371 5 1.96349541e+00 4.12022269e-01
372 5 1.96349541e+00 4.12280282e-01
373 5 1.96349541e+00 4.14831096e-01
374 5 1.96349541e+00 4.15329181e-01
375 5 1.96349541e+00 4.11417545e-01
376 5 1.96349541e+00 4.11724342e-01
377 5 1.96349541e+00 4.15081762e-01
378 5 1.96349541e+00 4.14323402e-01
379 5 1.96349541e+00 4.14571450e-01
380 5 1.96349541e+00 4.13256958e-01
381 5 1.96349541e+00 4.15372625e-01
382 5 1.96349541e+00 4.15293027e-01
383 5 1.96349541e+00 4.14189513e-01
384 5 1.96349541e+00 4.10930536e-01
385 5 1.96349541e+00 4.15388932e-01
386 5 1.96349541e+00 4.16380043e-01
387 5 1.96349541e+00 4.14293782e-01
388 5 1.96349541e+00 4.11803268e-01
389 5 1.96349541e+00 4.13979376e-01
390 5 1.96349541e+00 4.12268210e-01
391 5 1.96349541e+00 4.14354438e-01
392 5 1.96349541e+00 4.13756590e-01
393 5 1.96349541e+00 4.12845809e-01
394 5 1.96349541e+00 4.11340264e-01
395 5 1.96349541e+00 4.14261520e-01
396 5 1.96349541e+00 4.14980008e-01
397 5 1.96349541e+00 4.14739322e-01
398 5 1.96349541e+00 4.15227015e-01
399 5 1.96349541e+00 4.13804499e-01
400 5 1.96349541e+00 4.13599855e-01
401 5 1.96349541e+00 4.15500566e-01
402 5 1.96349541e+00 4.11992228e-01
403 5 1.96349541e+00 4.11511698e-01
404 5 1.96349541e+00 4.14380302e-01
405 5 1.96349541e+00 4.14855596e-01
406 5 1.96349541e+00 4.13406709e-01
407 5 1.96349541e+00 4.13641849e-01
408 5 1.96349541e+00 4.13669864e-01
409 5 1.96349541e+00 4.16309098e-01
410 5 1.96349541e+00 4.13178805e-01
411 5 1.96349541e+00 4.12622468e-01
412 5 1.96349541e+00 4.12488516e-01
413 5 1.96349541e+00 4.13545248e-01
414 5 1.96349541e+00 4.16020639e-01
415 5 1.96349541e+00 4.15657732e-01
416 5 1.96349541e+00 4.13334027e-01
417 5 1.96349541e+00 4.13411722e-01
418 5 1.96349541e+00 4.15123731e-01
419 5 1.96349541e+00 4.13609671e-01
420 5 1.96349541e+00 4.15528099e-01
421 5 1.96349541e+00 4.13681902e-01
422 5 1.96349541e+00 4.13871675e-01
423 5 1.96349541e+00 4.13210283e-01
424 5 1.96349541e+00 4.11319623e-01
425 5 1.96349541e+00 4.13115530e-01
426 5 1.96349541e+00 4.11751281e-01
427 5 1.96349541e+00 4.12937653e-01
428 5 1.96349541e+00 4.14135127e-01
429 5 1.96349541e+00 4.13891683e-01
430 5 1.96349541e+00 4.15061419e-01
431 5 1.96349541e+00 4.14044787e-01
432 5 1.96349541e+00 4.14286517e-01
433 5 1.96349541e+00 4.15888042e-01
434 5 1.96349541e+00 4.15211658e-01
435 5 1.96349541e+00 4.16304819e-01
436 5 1.96349541e+00 4.14720798e-01
437 5 1.96349541e+00 4.14704992e-01
438 5 1.96349541e+00 4.15972726e-01
439 5 1.96349541e+00 4.13115211e-01
440 5 1.96349541e+00 4.13448556e-01
441 5 1.96349541e+00 4.13680673e-01
442 5 1.96349541e+00 4.13529650e-01
443 5 1.96349541e+00 4.12762271e-01
444 5 1.96349541e+00 4.14945318e-01
445 5 1.96349541e+00 4.11542605e-01
446 5 1.96349541e+00 4.15334901e-01
447 5 1.96349541e+00 4.13860659e-01
448 5 1.96349541e+00 4.12982494e-01
449 5 1.96349541e+00 4.12771518e-01
450 5 1.96349541e+00 4.13294763e-01
451 5 1.96349541e+00 4.12627356e-01
452 5 1.96349541e+00 4.13233329e-01
453 5 1.96349541e+00 4.13362008e-01
454 5 1.96349541e+00 4.13004631e-01
455 5 1.96349541e+00 4.13650311e-01
456 5 1.96349541e+00 4.13180722e-01
457 5 1.96349541e+00 4.13376277e-01
458 5 1.96349541e+00 4.14023498e-01
459 5 1.96349541e+00 4.15916833e-01
460 5 1.96349541e+00 4.12804365e-01
461 5 1.96349541e+00 4.14388738e-01
462 5 1.96349541e+00 4.13296817e-01
463 5 1.96349541e+00 4.15915622e-01
464 5 1.96349541e+00 4.14407463e-01
465 5 1.96349541e+00 4.14172714e-01
466 5 1.96349541e+00 4.14625288e-01
467 5 1.96349541e+00 4.12816383e-01
468 5 1.96349541e+00 4.13388901e-01
469 5 1.96349541e+00 4.13129851e-01
470 5 1.96349541e+00 4.10938431e-01
471 5 1.96349541e+00 4.14842955e-01
472 5 1.96349541e+00 4.12104683e-01
473 5 1.96349541e+00 4.14938452e-01
474 5 1.96349541e+00 4.14363732e-01
475 5 1.96349541e+00 4.14238076e-01
476 5 1.96349541e+00 4.14204023e-01
477 5 1.96349541e+00 4.15417968e-01
478 5 1.96349541e+00 4.12031000e-01
479 5 1.96349541e+00 4.11785413e-01
480 5 1.96349541e+00 4.11768373e-01
481 5 1.96349541e+00 4.15717920e-01
482 5 1.96349541e+00 4.12095238e-01
483 5 1.96349541e+00 4.13525498e-01
484 5 1.96349541e+00 4.14122448e-01
485 5 1.96349541e+00 4.13471891e-01
486 5 1.96349541e+00 4.15713247e-01
487 5 1.96349541e+00 4.13615131e-01
488 5 1.96349541e+00 4.14771847e-01
489 5 1.96349541e+00 4.14645251e-01
490 5 1.96349541e+00 4.13864932e-01
491 5 1.96349541e+00 4.15062090e-01
492 5 1.96349541e+00 4.14504135e-01
493 5 1.96349541e+00 4.15005104e-01
494 5 1.96349541e+00 4.14950876e-01
495 5 1.96349541e+00 4.13974154e-01
496 5 1.96349541e+00 4.12815247e-01
497 5 1.96349541e+00 4.14390512e-01
498 5 1.96349541e+00 4.15403245e-01
499 5 1.96349541e+00 4.13796974e-01
500 5 1.96349541e+00 4.13858303e-01
501 5 1.96349541e+00 4.14294513e-01
502 5 1.96349541e+00 4.14131487e-01
503 5 1.96349541e+00 4.13445428e-01
504 5 1.96349541e+00 4.15340970e-01
505 5 1.96349541e+00 4.14477919e-01
506 5 1.96349541e+00 4.12870397e-01
507 5 1.96349541e+00 4.12676723e-01
508 5 1.96349541e+00 4.15941545e-01
509 5 1.96349541e+00 4.14189209e-01
510 5 1.96349541e+00 4.13402075e-01
511 5 1.96349541e+00 4.14059345e-01
512 5 1.96349541e+00 4.14266608e-01
513 5 1.96349541e+00 4.15003977e-01
514 5 1.96349541e+00 4.14206525e-01
515 5 1.96349541e+00 4.12673419e-01
516 5 1.96349541e+00 4.14801594e-01
517 5 1.96349541e+00 4.16463408e-01
518 5 1.96349541e+00 4.13436592e-01
519 5 1.96349541e+00 4.13786313e-01
520 5 1.96349541e+00 4.13462090e-01
521 5 1.96349541e+00 4.13553254e-01
522 5 1.96349541e+00 4.14053243e-01
523 5 1.96349541e+00 4.11935646e-01
524 5 1.96349541e+00 4.13388554e-01
525 5 1.96349541e+00 4.13652637e-01
526 5 1.96349541e+00 4.16357874e-01
527 5 1.96349541e+00 4.13105627e-01
528 5 1.96349541e+00 4.13421876e-01
529 5 1.96349541e+00 4.14872811e-01
530 5 1.96349541e+00 4.14281714e-01
531 5 1.96349541e+00 4.12802230e-01
532 5 1.96349541e+00 4.15454492e-01
533 5 1.96349541e+00 4.14583324e-01
534 5 1.96349541e+00 4.14059983e-01
535 5 1.96349541e+00 4.12223206e-01
536 5 1.96349541e+00 4.16949731e-01
537 5 1.96349541e+00 4.13828261e-01
538 5 1.96349541e+00 4.14250959e-01
539 5 1.96349541e+00 4.13294917e-01
540 5 1.96349541e+00 4.14456072e-01
541 5 1.96349541e+00 4.14037157e-01
542 5 1.96349541e+00 4.13153495e-01
543 5 1.96349541e+00 4.12716000e-01
544 5 1.96349541e+00 4.12627530e-01
545 5 1.96349541e+00 4.16076158e-01
546 5 1.96349541e+00 4.13324939e-01
547 5 1.96349541e+00 4.11857116e-01
548 5 1.96349541e+00 4.14220495e-01
549 5 1.96349541e+00 4.13938356e-01
550 5 1.96349541e+00 4.13921735e-01
551 5 1.96349541e+00 4.15896801e-01
552 5 1.96349541e+00 4.14186681e-01
553 5 1.96349541e+00 4.13337561e-01
554 5 1.96349541e+00 4.10845769e-01
555 5 1.96349541e+00 4.15330923e-01
556 5 1.96349541e+00 4.14642477e-01
557 5 1.96349541e+00 4.13575008e-01
558 5 1.96349541e+00 4.14635214e-01
559 5 1.96349541e+00 4.14258582e-01
560 5 1.96349541e+00 4.13933357e-01
561 5 1.96349541e+00 4.12739091e-01
562 5 1.96349541e+00 4.14656504e-01
563 5 1.96349541e+00 4.14943358e-01
564 5 1.96349541e+00 4.14264390e-01
565 5 1.96349541e+00 4.12714563e-01
566 5 1.96349541e+00 4.15705581e-01
567 5 1.96349541e+00 4.12826073e-01
568 5 1.96349541e+00 4.14578830e-01
569 5 1.96349541e+00 4.13237177e-01
570 5 1.96349541e+00 4.13658696e-01
571 5 1.96349541e+00 4.14032377e-01
572 5 1.96349541e+00 4.13429412e-01
573 5 1.96349541e+00 4.14519035e-01
574 5 1.96349541e+00 4.13468687e-01
575 5 1.96349541e+00 4.14115124e-01
576 5 1.96349541e+00 4.13231390e-01
577 5 1.96349541e+00 4.13759410e-01
578 5 1.96349541e+00 4.13135614e-01
579 5 1.96349541e+00 4.13239210e-01
580 5 1.96349541e+00 4.12589715e-01
581 5 1.96349541e+00 4.11634175e-01
582 5 1.96349541e+00 4.16108687e-01
583 5 1.96349541e+00 4.15538381e-01
584 5 1.96349541e+00 4.12945019e-01
585 5 1.96349541e+00 4.13450741e-01
586 5 1.96349541e+00 4.12964626e-01
587 5 1.96349541e+00 4.15558691e-01
588 5 1.96349541e+00 4.14927028e-01
589 5 1.96349541e+00 4.12117306e-01
590 5 1.96349541e+00 4.15038210e-01
591 5 1.96349541e+00 4.12594881e-01
592 5 1.96349541e+00 4.14145669e-01
593 5 1.96349541e+00 4.15228860e-01
594 5 1.96349541e+00 4.12724037e-01
595 5 1.96349541e+00 4.14575916e-01
596 5 1.96349541e+00 4.15518411e-01
597 5 1.96349541e+00 4.13993981e-01
598 5 1.96349541e+00 4.13528209e-01
599 5 1.96349541e+00 4.12720984e-01
600 5 1.96349541e+00 4.12942156e-01
601 5 1.96349541e+00 4.13864202e-01
602 5 1.96349541e+00 4.13423485e-01
603 5 1.96349541e+00 4.14723766e-01
604 5 1.96349541e+00 4.14523716e-01
605 5 1.96349541e+00 4.13639293e-01
606 5 1.96349541e+00 4.15370756e-01
607 5 1.96349541e+00 4.12178256e-01
608 5 1.96349541e+00 4.12668190e-01
609 5 1.96349541e+00 4.13358760e-01
610 5 1.96349541e+00 4.14023246e-01
611 5 1.96349541e+00 4.14066228e-01
612 5 1.96349541e+00 4.13086923e-01
613 5 1.96349541e+00 4.15889910e-01
614 5 1.96349541e+00 4.12181067e-01
615 5 1.96349541e+00 4.14562534e-01
616 5 1.96349541e+00 4.14187467e-01
617 5 1.96349541e+00 4.14922597e-01
618 5 1.96349541e+00 4.14065425e-01
619 5 1.96349541e+00 4.13046169e-01
620 5 1.96349541e+00 4.15238549e-01
621 5 1.96349541e+00 4.12104971e-01
622 5 1.96349541e+00 4.11653015e-01
623 5 1.96349541e+00 4.12222970e-01
624 5 1.96349541e+00 4.12582046e-01
625 5 1.96349541e+00 4.14804378e-01
626 5 1.96349541e+00 4.12753997e-01
627 5 1.96349541e+00 4.15172256e-01
628 5 1.96349541e+00 4.16128516e-01
629 5 1.96349541e+00 4.15456531e-01
630 5 1.96349541e+00 4.14400368e-01
631 5 1.96349541e+00 4.13941023e-01
632 5 1.96349541e+00 4.12326290e-01
633 5 1.96349541e+00 4.13582149e-01
634 5 1.96349541e+00 4.13444351e-01
635 5 1.96349541e+00 4.13060247e-01
636 5 1.96349541e+00 4.15095906e-01
637 5 1.96349541e+00 4.14492851e-01
638 5 1.96349541e+00 4.12684370e-01
639 5 1.96349541e+00 4.13390687e-01
640 5 1.96349541e+00 4.13953724e-01
641 5 1.96349541e+00 4.14209477e-01
642 5 1.96349541e+00 4.16629068e-01
643 5 1.96349541e+00 4.14153523e-01
644 5 1.96349541e+00 4.14511765e-01
645 5 1.96349541e+00 4.12763364e-01
646 5 1.96349541e+00 4.12618884e-01
647 5 1.96349541e+00 4.13414860e-01
648 5 1.96349541e+00 4.13999707e-01
649 5 1.96349541e+00 4.14758762e-01
650 5 1.96349541e+00 4.16127139e-01
651 5 1.96349541e+00 4.12775721e-01
652 5 1.96349541e+00 4.13904683e-01
653 5 1.96349541e+00 4.14345037e-01
654 5 1.96349541e+00 4.14864459e-01
655 5 1.96349541e+00 4.14053849e-01
656 5 1.96349541e+00 4.13370148e-01
657 5 1.96349541e+00 4.12664909e-01
658 5 1.96349541e+00 4.12754441e-01
659 5 1.96349541e+00 4.14433805e-01
660 5 1.96349541e+00 4.12907573e-01
661 5 1.96349541e+00 4.13215985e-01
662 5 1.96349541e+00 4.12461073e-01
663 5 1.96349541e+00 4.12784083e-01
664 5 1.96349541e+00 4.14381697e-01
665 5 1.96349541e+00 4.15485109e-01
666 5 1.96349541e+00 4.12776437e-01
667 5 1.96349541e+00 4.14855011e-01
668 5 1.96349541e+00 4.13946174e-01
669 5 1.96349541e+00 4.14027747e-01
670 5 1.96349541e+00 4.14004125e-01
671 5 1.96349541e+00 4.13578122e-01
672 5 1.96349541e+00 4.15552563e-01
673 5 1.96349541e+00 4.15118929e-01
674 5 1.96349541e+00 4.11620930e-01
675 5 1.96349541e+00 4.14148762e-01
676 5 1.96349541e+00 4.15559945e-01
677 5 1.96349541e+00 4.16108419e-01
678 5 1.96349541e+00 4.15203285e-01
679 5 1.96349541e+00 4.17263908e-01
680 5 1.96349541e+00 4.15608416e-01
681 5 1.96349541e+00 4.15068466e-01
682 5 1.96349541e+00 4.12991524e-01
683 5 1.96349541e+00 4.14332504e-01
684 5 1.96349541e+00 4.13537246e-01
685 5 1.96349541e+00 4.12119474e-01
686 5 1.96349541e+00 4.13350713e-01
687 5 1.96349541e+00 4.14803625e-01
688 5 1.96349541e+00 4.14452822e-01
689 5 1.96349541e+00 4.11880489e-01
690 5 1.96349541e+00 4.13955795e-01
691 5 1.96349541e+00 4.12590762e-01
692 5 1.96349541e+00 4.14300277e-01
693 5 1.96349541e+00 4.14886049e-01
694 5 1.96349541e+00 4.14627198e-01
695 5 1.96349541e+00 4.15089376e-01
696 5 1.96349541e+00 4.14409947e-01
697 5 1.96349541e+00 4.15009367e-01
698 5 1.96349541e+00 4.11901614e-01
699 5 1.96349541e+00 4.12907731e-01
700 5 1.96349541e+00 4.11955183e-01
701 5 1.96349541e+00 4.13289435e-01
702 5 1.96349541e+00 4.14071373e-01
703 5 1.96349541e+00 4.13858406e-01
704 5 1.96349541e+00 4.13162345e-01
705 5 1.96349541e+00 4.15190117e-01
706 5 1.96349541e+00 4.15779105e-01
707 5 1.96349541e+00 4.13669402e-01
708 5 1.96349541e+00 4.14145314e-01
709 5 1.96349541e+00 4.14366753e-01
710 5 1.96349541e+00 4.13200077e-01
711 5 1.96349541e+00 4.13796833e-01
712 5 1.96349541e+00 4.14919713e-01
713 5 1.96349541e+00 4.14705364e-01
714 5 1.96349541e+00 4.12254748e-01
715 5 1.96349541e+00 4.15722381e-01
716 5 1.96349541e+00 4.14183985e-01
717 5 1.96349541e+00 4.14944323e-01
718 5 1.96349541e+00 4.13977603e-01
719 5 1.96349541e+00 4.13291818e-01
720 5 1.96349541e+00 4.15126334e-01
721 5 1.96349541e+00 4.14725543e-01
722 5 1.96349541e+00 4.13127575e-01
723 5 1.96349541e+00 4.12843613e-01
724 5 1.96349541e+00 4.12881960e-01
725 5 1.96349541e+00 4.14052092e-01
726 5 1.96349541e+00 4.14854750e-01
727 5 1.96349541e+00 4.12528187e-01
728 5 1.96349541e+00 4.13737698e-01
729 5 1.96349541e+00 4.12149370e-01
730 5 1.96349541e+00 4.14267710e-01
731 5 1.96349541e+00 4.11345114e-01
732 5 1.96349541e+00 4.15408436e-01
733 5 1.96349541e+00 4.14525789e-01
734 5 1.96349541e+00 4.13186417e-01
735 5 1.96349541e+00 4.14188056e-01
736 5 1.96349541e+00 4.13069656e-01
737 5 1.96349541e+00 4.13598300e-01
738 5 1.96349541e+00 4.14223503e-01
739 5 1.96349541e+00 4.12957177e-01
740 5 1.96349541e+00 4.14495018e-01
741 5 1.96349541e+00 4.13161194e-01
742 5 1.96349541e+00 4.15760723e-01
743 5 1.96349541e+00 4.13813691e-01
744 5 1.96349541e+00 4.13317869e-01
745 5 1.96349541e+00 4.12886511e-01
746 5 1.96349541e+00 4.14578878e-01
747 5 1.96349541e+00 4.14093220e-01
748 5 1.96349541e+00 4.15350699e-01
749 5 1.96349541e+00 4.14667916e-01
750 5 1.96349541e+00 4.13144552e-01
751 5 1.96349541e+00 4.15847024e-01
752 5 1.96349541e+00 4.15687735e-01
753 5 1.96349541e+00 4.13526773e-01
754 5 1.96349541e+00 4.12426189e-01
755 5 1.96349541e+00 4.13409485e-01
756 5 1.96349541e+00 4.13051085e-01
757 5 1.96349541e+00 4.11224129e-01
758 5 1.96349541e+00 4.12619205e-01
759 5 1.96349541e+00 4.14531137e-01
760 5 1.96349541e+00 4.11018097e-01
761 5 1.96349541e+00 4.13860643e-01
762 5 1.96349541e+00 4.14407515e-01
763 5 1.96349541e+00 4.13919133e-01
764 5 1.96349541e+00 4.14797087e-01
765 5 1.96349541e+00 4.12820782e-01
766 5 1.96349541e+00 4.13089457e-01
767 5 1.96349541e+00 4.10371685e-01
768 5 1.96349541e+00 4.13506888e-01
769 5 1.96349541e+00 4.12228278e-01
770 5 1.96349541e+00 4.12529204e-01
771 5 1.96349541e+00 4.12452206e-01
772 5 1.96349541e+00 4.15980219e-01
773 5 1.96349541e+00 4.14857851e-01
774 5 1.96349541e+00 4.12297451e-01
775 5 1.96349541e+00 4.13934876e-01
776 5 1.96349541e+00 4.13440260e-01
777 5 1.96349541e+00 4.12680086e-01
778 5 1.96349541e+00 4.14192842e-01
779 5 1.96349541e+00 4.13834111e-01
780 5 1.96349541e+00 4.14049542e-01
781 5 1.96349541e+00 4.14815154e-01
782 5 1.96349541e+00 4.14129075e-01
783 5 1.96349541e+00 4.14857621e-01
784 5 1.96349541e+00 4.12016180e-01
785 5 1.96349541e+00 4.13812619e-01
786 5 1.96349541e+00 4.12332235e-01
787 5 1.96349541e+00 4.13609599e-01
788 5 1.96349541e+00 4.11137169e-01
789 5 1.96349541e+00 4.13927310e-01
790 5 1.96349541e+00 4.13257553e-01
791 5 1.96349541e+00 4.14441633e-01
792 5 1.96349541e+00 4.14234875e-01
793 5 1.96349541e+00 4.13925175e-01
794 5 1.96349541e+00 4.15079134e-01
795 5 1.96349541e+00 4.16755795e-01
796 5 1.96349541e+00 4.13270984e-01
797 5 1.96349541e+00 4.13771817e-01
798 5 1.96349541e+00 4.14754270e-01
799 5 1.96349541e+00 4.13016365e-01
800 5 1.96349541e+00 4.13386192e-01
801 5 1.96349541e+00 4.13279952e-01
802 5 1.96349541e+00 4.13131546e-01
803 5 1.96349541e+00 4.15583247e-01
804 5 1.96349541e+00 4.11751072e-01
805 5 1.96349541e+00 4.11878560e-01
806 5 1.96349541e+00 4.14241774e-01
807 5 1.96349541e+00 4.15163734e-01
808 5 1.96349541e+00 4.13441277e-01
809 5 1.96349541e+00 4.15181087e-01
810 5 1.96349541e+00 4.13907614e-01
811 5 1.96349541e+00 4.13596829e-01
812 5 1.96349541e+00 4.12072279e-01
813 5 1.96349541e+00 4.13884357e-01
814 5 1.96349541e+00 4.12665052e-01
815 5 1.96349541e+00 4.14097019e-01
816 5 1.96349541e+00 4.14848472e-01
817 5 1.96349541e+00 4.14743536e-01
818 5 1.96349541e+00 4.14767560e-01
819 5 1.96349541e+00 4.12296770e-01
820 5 1.96349541e+00 4.15173477e-01
821 5 1.96349541e+00 4.12749021e-01
822 5 1.96349541e+00 4.14838900e-01
823 5 1.96349541e+00 4.16281899e-01
824 5 1.96349541e+00 4.15225894e-01
825 5 1.96349541e+00 4.14041494e-01
826 5 1.96349541e+00 4.15202339e-01
827 5 1.96349541e+00 4.12375260e-01
828 5 1.96349541e+00 4.13612613e-01
829 5 1.96349541e+00 4.17115228e-01
830 5 1.96349541e+00 4.12440933e-01
831 5 1.96349541e+00 4.13654893e-01
832 5 1.96349541e+00 4.15072200e-01
833 5 1.96349541e+00 4.14284029e-01
834 5 1.96349541e+00 4.13209337e-01
835 5 1.96349541e+00 4.16112023e-01
836 5 1.96349541e+00 4.15204580e-01
837 5 1.96349541e+00 4.14061085e-01
838 5 1.96349541e+00 4.12977571e-01
839 5 1.96349541e+00 4.14865330e-01
840 5 1.96349541e+00 4.13910658e-01
841 5 1.96349541e+00 4.13561207e-01
842 5 1.96349541e+00 4.14316656e-01
843 5 1.96349541e+00 4.12943873e-01
844 5 1.96349541e+00 4.13438848e-01
845 5 1.96349541e+00 4.15400461e-01
846 5 1.96349541e+00 4.14514523e-01
847 5 1.96349541e+00 4.10649002e-01
848 5 1.96349541e+00 4.14266582e-01
849 5 1.96349541e+00 4.12513686e-01
850 5 1.96349541e+00 4.12069439e-01
851 5 1.96349541e+00 4.14328559e-01
852 5 1.96349541e+00 4.12717746e-01
853 5 1.96349541e+00 4.10783400e-01
854 5 1.96349541e+00 4.15048913e-01
855 5 1.96349541e+00 4.13751598e-01
856 5 1.96349541e+00 4.12331909e-01
857 5 1.96349541e+00 4.12413399e-01
858 5 1.96349541e+00 4.16924491e-01
859 5 1.96349541e+00 4.14995684e-01
860 5 1.96349541e+00 4.15541523e-01
861 5 1.96349541e+00 4.13689541e-01
862 5 1.96349541e+00 4.13962830e-01
863 5 1.96349541e+00 4.12677234e-01
864 5 1.96349541e+00 4.14467053e-01
865 5 1.96349541e+00 4.14583636e-01
866 5 1.96349541e+00 4.14187916e-01
867 5 1.96349541e+00 4.13522234e-01
868 5 1.96349541e+00 4.15072287e-01
869 5 1.96349541e+00 4.13387632e-01
870 5 1.96349541e+00 4.13759169e-01
871 5 1.96349541e+00 4.14509376e-01
872 5 1.96349541e+00 4.16470622e-01
873 5 1.96349541e+00 4.14337390e-01
874 5 1.96349541e+00 4.13015497e-01
875 5 1.96349541e+00 4.13353466e-01
876 5 1.96349541e+00 4.13392037e-01
877 5 1.96349541e+00 4.14012261e-01
878 5 1.96349541e+00 4.12521329e-01
879 5 1.96349541e+00 4.11320197e-01
880 5 1.96349541e+00 4.11852831e-01
881 5 1.96349541e+00 4.14733480e-01
882 5 1.96349541e+00 4.13515688e-01
883 5 1.96349541e+00 4.13700090e-01
884 5 1.96349541e+00 4.13464995e-01
885 5 1.96349541e+00 4.15763078e-01
886 5 1.96349541e+00 4.13547257e-01
887 5 1.96349541e+00 4.12232873e-01
888 5 1.96349541e+00 4.14081109e-01
889 5 1.96349541e+00 4.15335071e-01
890 5 1.96349541e+00 4.12203222e-01
891 5 1.96349541e+00 4.13335738e-01
892 5 1.96349541e+00 4.13704416e-01
893 5 1.96349541e+00 4.11764781e-01
894 5 1.96349541e+00 4.15451945e-01
895 5 1.96349541e+00 4.14270102e-01
896 5 1.96349541e+00 4.14837718e-01
897 5 1.96349541e+00 4.15784076e-01
898 5 1.96349541e+00 4.13757071e-01
899 5 1.96349541e+00 4.12273762e-01
900 5 1.96349541e+00 4.13435423e-01
901 5 1.96349541e+00 4.13992849e-01
902 5 1.96349541e+00 4.14659402e-01
903 5 1.96349541e+00 4.13538047e-01
904 5 1.96349541e+00 4.13526534e-01
905 5 1.96349541e+00 4.13042243e-01
906 5 1.96349541e+00 4.15058473e-01
907 5 1.96349541e+00 4.12775225e-01
908 5 1.96349541e+00 4.15832118e-01
909 5 1.96349541e+00 4.16392003e-01
910 5 1.96349541e+00 4.15104517e-01
911 5 1.96349541e+00 4.14237272e-01
912 5 1.96349541e+00 4.14356396e-01
913 5 1.96349541e+00 4.15978145e-01
914 5 1.96349541e+00 4.12502570e-01
915 5 1.96349541e+00 4.11172673e-01
916 5 1.96349541e+00 4.14879405e-01
917 5 1.96349541e+00 4.13988156e-01
918 5 1.96349541e+00 4.16498305e-01
919 5 1.96349541e+00 4.16053790e-01
920 5 1.96349541e+00 4.13172936e-01
921 5 1.96349541e+00 4.12388934e-01
922 5 1.96349541e+00 4.13827148e-01
923 5 1.96349541e+00 4.14413141e-01
924 5 1.96349541e+00 4.15133974e-01
925 5 1.96349541e+00 4.15030101e-01
926 5 1.96349541e+00 4.12238518e-01
927 5 1.96349541e+00 4.14877081e-01
928 5 1.96349541e+00 4.13273787e-01
929 5 1.96349541e+00 4.15070064e-01
930 5 1.96349541e+00 4.12720238e-01
931 5 1.96349541e+00 4.14768117e-01
932 5 1.96349541e+00 4.13702458e-01
933 5 1.96349541e+00 4.13201367e-01
934 5 1.96349541e+00 4.14298177e-01
935 5 1.96349541e+00 4.13864695e-01
936 5 1.96349541e+00 4.13982843e-01
937 5 1.96349541e+00 4.14675482e-01
938 5 1.96349541e+00 4.14027333e-01
939 5 1.96349541e+00 4.13324239e-01
940 5 1.96349541e+00 4.13092194e-01
941 5 1.96349541e+00 4.13735030e-01
942 5 1.96349541e+00 4.15634790e-01
943 5 1.96349541e+00 4.15071569e-01
944 5 1.96349541e+00 4.14460141e-01
945 5 1.96349541e+00 4.13154427e-01
946 5 1.96349541e+00 4.14244983e-01
947 5 1.96349541e+00 4.13209380e-01
948 5 1.96349541e+00 4.12876506e-01
949 5 1.96349541e+00 4.14222557e-01
950 5 1.96349541e+00 4.13135493e-01
951 5 1.96349541e+00 4.14532594e-01
952 5 1.96349541e+00 4.09408931e-01
953 5 1.96349541e+00 4.13755062e-01
954 5 1.96349541e+00 4.13791695e-01
955 5 1.96349541e+00 4.14106298e-01
956 5 1.96349541e+00 4.13090358e-01
957 5 1.96349541e+00 4.15634207e-01
958 5 1.96349541e+00 4.12957861e-01
959 5 1.96349541e+00 4.12914781e-01
960 5 1.96349541e+00 4.14307068e-01
961 5 1.96349541e+00 4.14792069e-01
962 5 1.96349541e+00 4.13168442e-01
963 5 1.96349541e+00 4.13763141e-01
964 5 1.96349541e+00 4.11196988e-01
965 5 1.96349541e+00 4.14298201e-01
966 5 1.96349541e+00 4.13323880e-01
967 5 1.96349541e+00 4.14276604e-01
968 5 1.96349541e+00 4.13342250e-01
969 5 1.96349541e+00 4.13538944e-01
970 5 1.96349541e+00 4.12964493e-01
971 5 1.96349541e+00 4.12497353e-01
972 5 1.96349541e+00 4.12751563e-01
973 5 1.96349541e+00 4.12635300e-01
974 5 1.96349541e+00 4.13394277e-01
975 5 1.96349541e+00 4.16702455e-01
976 5 1.96349541e+00 4.12795120e-01
977 5 1.96349541e+00 4.14904264e-01
978 5 1.96349541e+00 4.12762100e-01
979 5 1.96349541e+00 4.12113028e-01
980 5 1.96349541e+00 4.12348465e-01
981 5 1.96349541e+00 4.14479807e-01
982 5 1.96349541e+00 4.14008401e-01
983 5 1.96349541e+00 4.16218984e-01
984 5 1.96349541e+00 4.11844122e-01
985 5 1.96349541e+00 4.13461790e-01
986 5 1.96349541e+00 4.14687713e-01
987 5 1.96349541e+00 4.12223885e-01
988 5 1.96349541e+00 4.13154877e-01
989 5 1.96349541e+00 4.12229027e-01
990 5 1.96349541e+00 4.14098745e-01
991 5 1.96349541e+00 4.12378979e-01
992 5 1.96349541e+00 4.14425913e-01
993 5 1.96349541e+00 4.13982468e-01
994 5 1.96349541e+00 4.14006961e-01
995 5 1.96349541e+00 4.17633659e-01
996 5 1.96349541e+00 4.13392079e-01
997 5 1.96349541e+00 4.12791004e-01
998 5 1.96349541e+00 4.12585156e-01
999 5 1.96349541e+00 4.16028265e-01
1000 5 1.96349541e+00 4.14547350e-01
1001 5 1.96349541e+00 4.16533117e-01
1002 5 1.96349541e+00 4.11093583e-01
1003 5 1.96349541e+00 4.12021445e-01
1004 5 1.96349541e+00 4.13402461e-01
1005 5 1.96349541e+00 4.10802037e-01
1006 5 1.96349541e+00 4.13220521e-01
1007 5 1.96349541e+00 4.12390664e-01
1008 5 1.96349541e+00 4.13245433e-01
1009 5 1.96349541e+00 4.13215112e-01
1010 5 1.96349541e+00 4.14201985e-01
1011 5 1.96349541e+00 4.13076700e-01
1012 5 1.96349541e+00 4.12564515e-01
1013 5 1.96349541e+00 4.10584355e-01
1014 5 1.96349541e+00 4.13567631e-01
1015 5 1.96349541e+00 4.13657114e-01
1016 5 1.96349541e+00 4.15468193e-01
1017 5 1.96349541e+00 4.07386806e-01
1018 5 1.96349541e+00 4.14078032e-01
1019 5 1.96349541e+00 4.14501992e-01
1020 5 1.96349541e+00 4.11494916e-01
1021 5 1.96349541e+00 4.12743851e-01
1022 5 1.96349541e+00 4.13306396e-01
1023 5 1.96349541e+00 4.13555139e-01
1024 5 1.96349541e+00 4.12752591e-01
1025 5 1.96349541e+00 4.11639942e-01
0 6 2.35619449e+00 4.70270868e-01
1 6 2.35619449e+00 4.68512004e-01
2 6 2.35619449e+00 4.68702119e-01
3 6 2.35619449e+00 4.67552008e-01
4 6 2.35619449e+00 4.68266028e-01
5 6 2.35619449e+00 4.67411922e-01
6 6 2.35619449e+00 4.67678097e-01
7 6 2.35619449e+00 4.68421283e-01
8 6 2.35619449e+00 4.68090403e-01
9 6 2.35619449e+00 4.67633632e-01
10 6 2.35619449e+00 4.68616145e-01
11 6 2.35619449e+00 4.68234262e-01
12 6 2.35619449e+00 4.68709216e-01
13 6 2.35619449e+00 4.70060136e-01
14 6 2.35619449e+00 4.67705265e-01
15 6 2.35619449e+00 4.67902315e-01
16 6 2.35619449e+00 4.64344281e-01
17 6 2.35619449e+00 4.67025932e-01
18 6 2.35619449e+00 4.66927940e-01
19 6 2.35619449e+00 4.69158366e-01
20 6 2.35619449e+00 4.66872321e-01
21 6 2.35619449e+00 4.67783386e-01
22 6 2.35619449e+00 4.68072103e-01
23 6 2.35619449e+00 4.67875222e-01
24 6 2.35619449e+00 4.66674936e-01
25 6 2.35619449e+00 4.67495494e-01
26 6 2.35619449e+00 4.68145226e-01
27 6 2.35619449e+00 4.68941523e-01
28 6 2.35619449e+00 4.67608514e-01
29 6 2.35619449e+00 4.66560100e-01
30 6 2.35619449e+00 4.69040459e-01
31 6 2.35619449e+00 4.67669425e-01
32 6 2.35619449e+00 4.68438609e-01
33 6 2.35619449e+00 4.67006121e-01
34 6 2.35619449e+00 4.65560244e-01
35 6 2.35619449e+00 4.66126629e-01
36 6 2.35619449e+00 4.67361197e-01
37 6 2.35619449e+00 4.67890785e-01
38 6 2.35619449e+00 4.67171167e-01
39 6 2.35619449e+00 4.67659175e-01
40 6 2.35619449e+00 4.68549443e-01
41 6 2.35619449e+00 4.67622506e-01
42 6 2.35619449e+00 4.69083322e-01
43 6 2.35619449e+00 4.66157569e-01
44 6 2.35619449e+00 4.72470256e-01
45 6 2.35619449e+00 4.68642753e-01
46 6 2.35619449e+00 4.68745141e-01
47 6 2.35619449e+00 4.70066450e-01
48 6 2.35619449e+00 4.67834782e-01
49 6 2.35619449e+00 4.69189166e-01
50 6 2.35619449e+00 4.69045746e-01
51 6 2.35619449e+00 4.69881312e-01
52 6 2.35619449e+00 4.70503406e-01
53 6 2.35619449e+00 4.67464158e-01
54 6 2.35619449e+00 4.68202817e-01
55 6 2.35619449e+00 4.70942841e-01
56 6 2.35619449e+00 4.68536821e-01
57 6 2.35619449e+00 4.68481259e-01
58 6 2.35619449e+00 4.68223488e-01
59 6 2.35619449e+00 4.67423272e-01
60 6 2.35619449e+00 4.68050653e-01
61 6 2.35619449e+00 4.67861769e-01
62 6 2.35619449e+00 4.66160941e-01
63 6 2.35619449e+00 4.64690886e-01
64 6 2.35619449e+00 4.66122225e-01
65 6 2.35619449e+00 4.69707472e-01
66 6 2.35619449e+00 4.67794821e-01
67 6 2.35619449e+00 4.67523845e-01
68 6 2.35619449e+00 4.66478588e-01
69 6 2.35619449e+00 4.68891763e-01
70 6 2.35619449e+00 4.66913062e-01
71 6 2.35619449e+00 4.66952196e-01
72 6 2.35619449e+00 4.67632884e-01
73 6 2.35619449e+00 4.65838873e-01
74 6 2.35619449e+00 4.67052292e-01
75 6 2.35619449e+00 4.67620559e-01
76 6 2.35619449e+00 4.66441212e-01
77 6 2.35619449e+00 4.67628700e-01
78 6 2.35619449e+00 4.68109901e-01
79 6 2.35619449e+00 4.69054882e-01
80 6 2.35619449e+00 4.66619293e-01
81 6 2.35619449e+00 4.66648857e-01
82 6 2.35619449e+00 4.64247694e-01
83 6 2.35619449e+00 4.68293598e-01
84 6 2.35619449e+00 4.69321761e-01
85 6 2.35619449e+00 4.66386314e-01
86 6 2.35619449e+00 4.67540042e-01
87 6 2.35619449e+00 4.70870242e-01
88 6 2.35619449e+00 4.68471038e-01
89 6 2.35619449e+00 4.67798800e-01
90 6 2.35619449e+00 4.69925141e-01
91 6 2.35619449e+00 4.67369681e-01
92 6 2.35619449e+00 4.70307763e-01
93 6 2.35619449e+00 4.67677180e-01
94 6 2.35619449e+00 4.68061157e-01
95 6 2.35619449e+00 4.66369611e-01
96 6 2.35619449e+00 4.67804790e-01
97 6 2.35619449e+00 4.65653490e-01
98 6 2.35619449e+00 4.67345774e-01
99 6 2.35619449e+00 4.66593374e-01
100 6 2.35619449e+00 4.66939046e-01
101 6 2.35619449e+00 4.68471063e-01
102 6 2.35619449e+00 4.66299483e-01
103 6 2.35619449e+00 4.69289430e-01
104 6 2.35619449e+00 4.66530848e-01
105 6 2.35619449e+00 4.64107465e-01
106 6 2.35619449e+00 4.66656073e-01
107 6 2.35619449e+00 4.65894996e-01
108 6 2.35619449e+00 4.68613350e-01
109 6 2.35619449e+00 4.67145193e-01
110 6 2.35619449e+00 4.67537651e-01
111 6 2.35619449e+00 4.67383313e-01
112 6 2.35619449e+00 4.68412436e-01
113 6 2.35619449e+00 4.69198484e-01
114 6 2.35619449e+00 4.68605026e-01
115 6 2.35619449e+00 4.69355355e-01
116 6 2.35619449e+00 4.69604960e-01
117 6 2.35619449e+00 4.65625265e-01
118 6 2.35619449e+00 4.67116558e-01
119 6 2.35619449e+00 4.68218233e-01
120 6 2.35619449e+00 4.68163645e-01
121 6 2.35619449e+00 4.69423963e-01
122 6 2.35619449e+00 4.66708629e-01
123 6 2.35619449e+00 4.67502778e-01
124 6 2.35619449e+00 4.67924012e-01
125 6 2.35619449e+00 4.66873915e-01
126 6 2.35619449e+00 4.66893957e-01
127 6 2.35619449e+00 4.71824821e-01
128 6 2.35619449e+00 4.68905090e-01
129 6 2.35619449e+00 4.65728434e-01
130 6 2.35619449e+00 4.67276447e-01
131 6 2.35619449e+00 4.67813499e-01
132 6 2.35619449e+00 4.67137596e-01
133 6 2.35619449e+00 4.69087929e-01
134 6 2.35619449e+00 4.66011091e-01
135 6 2.35619449e+00 4.69383957e-01
136 6 2.35619449e+00 4.66756481e-01
137 6 2.35619449e+00 4.65617298e-01
138 6 2.35619449e+00 4.68572148e-01
139 6 2.35619449e+00 4.69160489e-01
140 6 2.35619449e+00 4.70336915e-01
141 6 2.35619449e+00 4.66324659e-01
142 6 2.35619449e+00 4.66490539e-01
143 6 2.35619449e+00 4.67980735e-01
144 6 2.35619449e+00 4.68731113e-01
145 6 2.35619449e+00 4.68232754e-01
146 6 2.35619449e+00 4.66704954e-01
147 6 2.35619449e+00 4.67747853e-01
148 6 2.35619449e+00 4.65806489e-01
149 6 2.35619449e+00 4.67606122e-01
150 6 2.35619449e+00 4.68509842e-01
151 6 2.35619449e+00 4.67629104e-01
152 6 2.35619449e+00 4.68164486e-01
153 6 2.35619449e+00 4.66902742e-01
154 6 2.35619449e+00 4.65942960e-01
155 6 2.35619449e+00 4.65282249e-01
156 6 2.35619449e+00 4.68504335e-01
157 6 2.35619449e+00 4.68902917e-01
158 6 2.35619449e+00 4.68508721e-01
159 6 2.35619449e+00 4.69269543e-01
160 6 2.35619449e+00 4.66284251e-01
161 6 2.35619449e+00 4.65608640e-01
162 6 2.35619449e+00 4.68153384e-01
163 6 2.35619449e+00 4.69367200e-01
164 6 2.35619449e+00 4.68386290e-01
165 6 2.35619449e+00 4.67609134e-01
166 6 2.35619449e+00 4.67523085e-01
167 6 2.35619449e+00 4.69119222e-01
168 6 2.35619449e+00 4.65066121e-01
169 6 2.35619449e+00 4.70775538e-01
170 6 2.35619449e+00 4.67273780e-01
171 6 2.35619449e+00 4.69757260e-01
172 6 2.35619449e+00 4.68228368e-01
173 6 2.35619449e+00 4.69409836e-01
174 6 2.35619449e+00 4.67570497e-01
175 6 2.35619449e+00 4.68323939e-01
176 6 2.35619449e+00 4.68754778e-01
177 6 2.35619449e+00 4.69192334e-01
178 6 2.35619449e+00 4.71087950e-01
179 6 2.35619449e+00 4.67920982e-01
180 6 2.35619449e+00 4.67893424e-01
181 6 2.35619449e+00 4.67587067e-01
182 6 2.35619449e+00 4.67469081e-01
183 6 2.35619449e+00 4.67858579e-01
184 6 2.35619449e+00 4.67789142e-01
185 6 2.35619449e+00 4.69455337e-01
186 6 2.35619449e+00 4.67775281e-01
187 6 2.35619449e+00 4.68682326e-01
188 6 2.35619449e+00 4.64153024e-01
189 6 2.35619449e+00 4.68138583e-01
190 6 2.35619449e+00 4.68814627e-01
191 6 2.35619449e+00 4.68361193e-01
192 6 2.35619449e+00 4.67851635e-01
193 6 2.35619449e+00 4.68766083e-01
194 6 2.35619449e+00 4.67010098e-01
195 6 2.35619449e+00 4.67036626e-01
196 6 2.35619449e+00 4.66847146e-01
197 6 2.35619449e+00 4.67509052e-01
198 6 2.35619449e+00 4.70031951e-01
199 6 2.35619449e+00 4.67971964e-01
200 6 2.35619449e+00 4.67701814e-01
201 6 2.35619449e+00 4.66365754e-01
202 6 2.35619449e+00 4.68290968e-01
203 6 2.35619449e+00 4.68502425e-01
204 6 2.35619449e+00 4.67652988e-01
205 6 2.35619449e+00 4.68706532e-01
206 6 2.35619449e+00 4.69910191e-01
207 6 2.35619449e+00 4.68852534e-01
208 6 2.35619449e+00 4.67987054e-01
209 6 2.35619449e+00 4.68739495e-01
210 6 2.35619449e+00 4.68525900e-01
211 6 2.35619449e+00 4.67865103e-01
212 6 2.35619449e+00 4.67957508e-01
213 6 2.35619449e+00 4.66667669e-01
214 6 2.35619449e+00 4.69000944e-01
215 6 2.35619449e+00 4.65967479e-01
216 6 2.35619449e+00 4.70293068e-01
217 6 2.35619449e+00 4.68030370e-01
218 6 2.35619449e+00 4.70458636e-01
219 6 2.35619449e+00 4.69105603e-01
220 6 2.35619449e+00 4.70790499e-01
221 6 2.35619449e+00 4.67122290e-01
222 6 2.35619449e+00 4.71067289e-01
223 6 2.35619449e+00 4.68783882e-01
224 6 2.35619449e+00 4.67394841e-01
225 6 2.35619449e+00 4.66355630e-01
226 6 2.35619449e+00 4.66858807e-01
227 6 2.35619449e+00 4.68192043e-01
228 6 2.35619449e+00 4.66329993e-01
229 6 2.35619449e+00 4.69839550e-01
230 6 2.35619449e+00 4.66595030e-01
231 6 2.35619449e+00 4.66707065e-01
232 6 2.35619449e+00 4.66312186e-01
233 6 2.35619449e+00 4.68920637e-01
234 6 2.35619449e+00 4.68821627e-01
235 6 2.35619449e+00 4.69262261e-01
236 6 2.35619449e+00 4.67783989e-01
237 6 2.35619449e+00 4.65992731e-01
238 6 2.35619449e+00 4.66651309e-01
239 6 2.35619449e+00 4.67757185e-01
240 6 2.35619449e+00 4.67408629e-01
241 6 2.35619449e+00 4.68102829e-01
242 6 2.35619449e+00 4.67219577e-01
243 6 2.35619449e+00 4.70471054e-01
244 6 2.35619449e+00 4.66562386e-01
245 6 2.35619449e+00 4.70249981e-01
246 6 2.35619449e+00 4.67281600e-01
247 6 2.35619449e+00 4.66463382e-01
248 6 2.35619449e+00 4.71994790e-01
249 6 2.35619449e+00 4.68505470e-01
250 6 2.35619449e+00 4.70315999e-01
251 6 2.35619449e+00 4.70581080e-01
252 6 2.35619449e+00 4.70740607e-01
253 6 2.35619449e+00 4.68407592e-01
254 6 2.35619449e+00 4.70149830e-01
255 6 2.35619449e+00 4.70060211e-01
256 6 2.35619449e+00 4.67677450e-01
257 6 2.35619449e+00 4.63867961e-01
258 6 2.35619449e+00 4.68611249e-01
259 6 2.35619449e+00 4.68010098e-01
260 6 2.35619449e+00 4.69090387e-01
261 6 2.35619449e+00 4.70435044e-01
262 6 2.35619449e+00 4.67697923e-01
263 6 2.35619449e+00 4.71532523e-01
264 6 2.35619449e+00 4.71077086e-01
265 6 2.35619449e+00 4.68541298e-01
266 6 2.35619449e+00 4.66734230e-01
267 6 2.35619449e+00 4.68390700e-01
268 6 2.35619449e+00 4.67586661e-01
269 6 2.35619449e+00 4.66920411e-01
270 6 2.35619449e+00 4.68753987e-01
271 6 2.35619449e+00 4.68110064e-01
272 6 2.35619449e+00 4.70267283e-01
273 6 2.35619449e+00 4.69334098e-01
274 6 2.35619449e+00 4.65019256e-01
275 6 2.35619449e+00 4.69959732e-01
276 6 2.35619449e+00 4.68106338e-01
277 6 2.35619449e+00 4.71203834e-01
278 6 2.35619449e+00 4.65972084e-01
279 6 2.35619449e+00 4.67163887e-01
280 6 2.35619449e+00 4.68629052e-01
281 6 2.35619449e+00 4.68155124e-01
282 6 2.35619449e+00 4.66440529e-01
283 6 2.35619449e+00 4.65961053e-01
284 6 2.35619449e+00 4.66924293e-01
285 6 2.35619449e+00 4.68735352e-01
286 6 2.35619449e+00 4.69811368e-01
287 6 2.35619449e+00 4.65428514e-01
288 6 2.35619449e+00 4.71413283e-01
289 6 2.35619449e+00 4.67831104e-01
290 6 2.35619449e+00 4.70691551e-01
291 6 2.35619449e+00 4.67999743e-01
292 6 2.35619449e+00 4.72049826e-01
293 6 2.35619449e+00 4.69415419e-01
294 6 2.35619449e+00 4.70437157e-01
295 6 2.35619449e+00 4.67738547e-01
296 6 2.35619449e+00 4.70565716e-01
297 6 2.35619449e+00 4.68336056e-01
298 6 2.35619449e+00 4.68954911e-01
299 6 2.35619449e+00 4.66812272e-01
300 6 2.35619449e+00 4.66337601e-01
301 6 2.35619449e+00 4.65140565e-01
302 6 2.35619449e+00 4.66748725e-01
303 6 2.35619449e+00 4.66546928e-01
304 6 2.35619449e+00 4.68808897e-01
305 6 2.35619449e+00 4.68186556e-01
306 6 2.35619449e+00 4.67965114e-01
307 6 2.35619449e+00 4.66001984e-01
308 6 2.35619449e+00 4.67746668e-01
309 6 2.35619449e+00 4.68609389e-01
310 6 2.35619449e+00 4.71137389e-01
311 6 2.35619449e+00 4.70173097e-01
312 6 2.35619449e+00 4.71085838e-01
313 6 2.35619449e+00 4.66604667e-01
314 6 2.35619449e+00 4.67483432e-01
315 6 2.35619449e+00 4.65574910e-01
316 6 2.35619449e+00 4.68329087e-01
317 6 2.35619449e+00 4.66942660e-01
318 6 2.35619449e+00 4.66738199e-01
319 6 2.35619449e+00 4.70142941e-01
320 6 2.35619449e+00 4.67335065e-01
321 6 2.35619449e+00 4.66210849e-01
322 6 2.35619449e+00 4.68914072e-01
323 6 2.35619449e+00 4.68143021e-01
324 6 2.35619449e+00 4.69774163e-01
325 6 2.35619449e+00 4.67582506e-01
326 6 2.35619449e+00 4.69055566e-01
327 6 2.35619449e+00 4.68821312e-01
328 6 2.35619449e+00 4.67528387e-01
329 6 2.35619449e+00 4.66928690e-01
330 6 2.35619449e+00 4.68321812e-01
331 6 2.35619449e+00 4.67727858e-01
332 6 2.35619449e+00 4.67738986e-01
333 6 2.35619449e+00 4.69224729e-01
334 6 2.35619449e+00 4.65150779e-01
335 6 2.35619449e+00 4.69560326e-01
336 6 2.35619449e+00 4.68725410e-01
337 6 2.35619449e+00 4.68021452e-01
338 6 2.35619449e+00 4.70932468e-01
339 6 2.35619449e+00 4.69148130e-01
340 6 2.35619449e+00 4.68631796e-01
341 6 2.35619449e+00 4.66543847e-01
342 6 2.35619449e+00 4.69062289e-01
343 6 2.35619449e+00 4.64965068e-01
344 6 2.35619449e+00 4.64629667e-01
345 6 2.35619449e+00 4.67967093e-01
346 6 2.35619449e+00 4.66888776e-01
347 6 2.35619449e+00 4.68340371e-01
348 6 2.35619449e+00 4.66475663e-01
349 6 2.35619449e+00 4.64214786e-01
350 6 2.35619449e+00 4.66815705e-01
351 6 2.35619449e+00 4.70303215e-01
352 6 2.35619449e+00 4.66734273e-01
353 6 2.35619449e+00 4.69030098e-01
354 6 2.35619449e+00 4.70181061e-01
355 6 2.35619449e+00 4.68571202e-01
356 6 2.35619449e+00 4.68337569e-01
357 6 2.35619449e+00 4.68316235e-01
358 6 2.35619449e+00 4.66614561e-01
359 6 2.35619449e+00 4.68118702e-01
360 6 2.35619449e+00 4.67746309e-01
361 6 2.35619449e+00 4.67211142e-01
362 6 2.35619449e+00 4.70969070e-01
363 6 2.35619449e+00 4.66068136e-01
364 6 2.35619449e+00 4.71037576e-01
365 6 2.35619449e+00 4.69994655e-01
366 6 2.35619449e+00 4.66263284e-01
367 6 2.35619449e+00 4.67307807e-01
368 6 2.35619449e+00 4.66709249e-01
369 6 2.35619449e+00 4.65428531e-01
370 6 2.35619449e+00 4.67892222e-01
371 6 2.35619449e+00 4.65666931e-01
372 6 2.35619449e+00 4.66466439e-01
373 6 2.35619449e+00 4.69129993e-01
374 6 2.35619449e+00 4.70436292e-01
375 6 2.35619449e+00 4.65311634e-01
376 6 2.35619449e+00 4.65652974e-01
377 6 2.35619449e+00 4.69352578e-01
378 6 2.35619449e+00 4.68526594e-01
379 6 2.35619449e+00 4.69260722e-01
380 6 2.35619449e+00 4.67436984e-01
381 6 2.35619449e+00 4.69933886e-01
382 6 2.35619449e+00 4.69883290e-01
383 6 2.35619449e+00 4.68457550e-01
384 6 2.35619449e+00 4.63883130e-01
385 6 2.35619449e+00 4.69518269e-01
386 6 2.35619449e+00 4.71015959e-01
387 6 2.35619449e+00 4.68622543e-01
388 6 2.35619449e+00 4.66136057e-01
389 6 2.35619449e+00 4.68507009e-01
390 6 2.35619449e+00 4.65715322e-01
391 6 2.35619449e+00 4.68846022e-01
392 6 2.35619449e+00 4.67430839e-01
393 6 2.35619449e+00 4.66544588e-01
394 6 2.35619449e+00 4.64675581e-01
395 6 2.35619449e+00 4.68447324e-01
396 6 2.35619449e+00 4.69720123e-01
397 6 2.35619449e+00 4.69136600e-01
398 6 2.35619449e+00 4.69635703e-01
399 6 2.35619449e+00 4.67894813e-01
400 6 2.35619449e+00 4.67655181e-01
401 6 2.35619449e+00 4.70209185e-01
402 6 2.35619449e+00 4.65814039e-01
403 6 2.35619449e+00 4.64929596e-01
404 6 2.35619449e+00 4.68329812e-01
405 6 2.35619449e+00 4.69401932e-01
406 6 2.35619449e+00 4.67363937e-01
407 6 2.35619449e+00 4.67573014e-01
408 6 2.35619449e+00 4.67949705e-01
409 6 2.35619449e+00 4.70896073e-01
410 6 2.35619449e+00 4.67377602e-01
411 6 2.35619449e+00 4.66225858e-01
412 6 2.35619449e+00 4.65839175e-01
413 6 2.35619449e+00 4.67577524e-01
414 6 2.35619449e+00 4.70509435e-01
415 6 2.35619449e+00 4.70075179e-01
416 6 2.35619449e+00 4.67386210e-01
417 6 2.35619449e+00 4.67101739e-01
418 6 2.35619449e+00 4.70099995e-01
419 6 2.35619449e+00 4.67864331e-01
420 6 2.35619449e+00 4.69625118e-01
421 6 2.35619449e+00 4.67697999e-01
422 6 2.35619449e+00 4.68014816e-01
423 6 2.35619449e+00 4.67444050e-01
424 6 2.35619449e+00 4.64483295e-01
425 6 2.35619449e+00 4.66865312e-01
426 6 2.35619449e+00 4.65857152e-01
427 6 2.35619449e+00 4.66990774e-01
428 6 2.35619449e+00 4.68509435e-01
429 6 2.35619449e+00 4.67760177e-01
430 6 2.35619449e+00 4.69773482e-01
431 6 2.35619449e+00 4.68455183e-01
432 6 2.35619449e+00 4.68770080e-01
433 6 2.35619449e+00 4.70601870e-01
434 6 2.35619449e+00 4.69905701e-01
435 6 2.35619449e+00 4.71180930e-01
436 6 2.35619449e+00 4.68771380e-01
437 6 2.35619449e+00 4.69005457e-01
438 6 2.35619449e+00 4.70212937e-01
439 6 2.35619449e+00 4.67307352e-01
440 6 2.35619449e+00 4.67797547e-01
441 6 2.35619449e+00 4.67676443e-01
442 6 2.35619449e+00 4.67314136e-01
443 6 2.35619449e+00 4.66763871e-01
444 6 2.35619449e+00 4.69294722e-01
445 6 2.35619449e+00 4.64663255e-01
446 6 2.35619449e+00 4.69919744e-01
447 6 2.35619449e+00 4.67866183e-01
448 6 2.35619449e+00 4.66974565e-01
449 6 2.35619449e+00 4.66446193e-01
450 6 2.35619449e+00 4.67484772e-01
451 6 2.35619449e+00 4.66606497e-01
452 6 2.35619449e+00 4.67051404e-01
453 6 2.35619449e+00 4.67400171e-01
454 6 2.35619449e+00 4.66892729e-01
455 6 2.35619449e+00 4.67809881e-01
456 6 2.35619449e+00 4.66905689e-01
457 6 2.35619449e+00 4.67771622e-01
458 6 2.35619449e+00 4.67972084e-01
459 6 2.35619449e+00 4.70617672e-01
460 6 2.35619449e+00 4.66447205e-01
461 6 2.35619449e+00 4.68659206e-01
462 6 2.35619449e+00 4.67373882e-01
463 6 2.35619449e+00 4.70693500e-01
464 6 2.35619449e+00 4.68154263e-01
465 6 2.35619449e+00 4.68422082e-01
466 6 2.35619449e+00 4.69110962e-01
467 6 2.35619449e+00 4.67031499e-01
468 6 2.35619449e+00 4.67650751e-01
469 6 2.35619449e+00 4.67060627e-01
470 6 2.35619449e+00 4.63987489e-01
471 6 2.35619449e+00 4.69069614e-01
472 6 2.35619449e+00 4.65919491e-01
473 6 2.35619449e+00 4.69345837e-01
474 6 2.35619449e+00 4.68326070e-01
475 6 2.35619449e+00 4.68259954e-01
476 6 2.35619449e+00 4.68296240e-01
477 6 2.35619449e+00 4.70085986e-01
478 6 2.35619449e+00 4.65566190e-01
479 6 2.35619449e+00 4.64648504e-01
480 6 2.35619449e+00 4.65908837e-01
481 6 2.35619449e+00 4.71217477e-01
482 6 2.35619449e+00 4.65512092e-01
483 6 2.35619449e+00 4.68311088e-01
484 6 2.35619449e+00 4.68503157e-01
485 6 2.35619449e+00 4.68301953e-01
486 6 2.35619449e+00 4.70460128e-01
487 6 2.35619449e+00 4.67705880e-01
488 6 2.35619449e+00 4.69287186e-01
489 6 2.35619449e+00 4.69345140e-01
490 6 2.35619449e+00 4.68457919e-01
491 6 2.35619449e+00 4.69109513e-01
492 6 2.35619449e+00 4.68899069e-01
493 6 2.35619449e+00 4.69235545e-01
494 6 2.35619449e+00 4.69101773e-01
495 6 2.35619449e+00 4.67707270e-01
496 6 2.35619449e+00 4.66922656e-01
497 6 2.35619449e+00 4.68450865e-01
498 6 2.35619449e+00 4.69681300e-01
499 6 2.35619449e+00 4.68278215e-01
500 6 2.35619449e+00 4.67485691e-01
501 6 2.35619449e+00 4.68302512e-01
502 6 2.35619449e+00 4.68351484e-01
503 6 2.35619449e+00 4.67885947e-01
504 6 2.35619449e+00 4.69894209e-01
505 6 2.35619449e+00 4.69453611e-01
506 6 2.35619449e+00 4.66603267e-01
507 6 2.35619449e+00 4.66507060e-01
508 6 2.35619449e+00 4.70460839e-01
509 6 2.35619449e+00 4.68336837e-01
510 6 2.35619449e+00 4.67421917e-01
511 6 2.35619449e+00 4.68495162e-01
512 6 2.35619449e+00 4.68870454e-01
513 6 2.35619449e+00 4.69471647e-01
514 6 2.35619449e+00 4.68167446e-01
515 6 2.35619449e+00 4.66152566e-01
516 6 2.35619449e+00 4.69006062e-01
517 6 2.35619449e+00 4.71199871e-01
518 6 2.35619449e+00 4.66871706e-01
519 6 2.35619449e+00 4.67845080e-01
520 6 2.35619449e+00 4.67785842e-01
521 6 2.35619449e+00 4.67405577e-01
522 6 2.35619449e+00 4.68376066e-01
523 6 2.35619449e+00 4.65904436e-01
524 6 2.35619449e+00 4.67660639e-01
525 6 2.35619449e+00 4.68146615e-01
526 6 2.35619449e+00 4.71596939e-01
527 6 2.35619449e+00 4.67205835e-01
528 6 2.35619449e+00 4.67642184e-01
529 6 2.35619449e+00 4.69347602e-01
530 6 2.35619449e+00 4.68634518e-01
531 6 2.35619449e+00 4.66417638e-01
532 6 2.35619449e+00 4.70572934e-01
533 6 2.35619449e+00 4.68879661e-01
534 6 2.35619449e+00 4.68250374e-01
535 6 2.35619449e+00 4.66119255e-01
536 6 2.35619449e+00 4.71934095e-01
537 6 2.35619449e+00 4.68300585e-01
538 6 2.35619449e+00 4.68623217e-01
539 6 2.35619449e+00 4.67552054e-01
540 6 2.35619449e+00 4.69219408e-01
541 6 2.35619449e+00 4.68140311e-01
542 6 2.35619449e+00 4.66975514e-01
543 6 2.35619449e+00 4.66352815e-01
544 6 2.35619449e+00 4.66709893e-01
545 6 2.35619449e+00 4.70224096e-01
546 6 2.35619449e+00 4.67619428e-01
547 6 2.35619449e+00 4.65828900e-01
548 6 2.35619449e+00 4.68672479e-01
549 6 2.35619449e+00 4.68561085e-01
550 6 2.35619449e+00 4.68302175e-01
551 6 2.35619449e+00 4.70591402e-01
552 6 2.35619449e+00 4.68215420e-01
553 6 2.35619449e+00 4.67691173e-01
554 6 2.35619449e+00 4.64936634e-01
555 6 2.35619449e+00 4.70171716e-01
556 6 2.35619449e+00 4.69090829e-01
557 6 2.35619449e+00 4.67035538e-01
558 6 2.35619449e+00 4.68940657e-01
559 6 2.35619449e+00 4.69216587e-01
560 6 2.35619449e+00 4.68283191e-01
561 6 2.35619449e+00 4.67091872e-01
562 6 2.35619449e+00 4.68996414e-01
563 6 2.35619449e+00 4.69769831e-01
564 6 2.35619449e+00 4.68149721e-01
565 6 2.35619449e+00 4.66490931e-01
566 6 2.35619449e+00 4.70798362e-01
567 6 2.35619449e+00 4.67056836e-01
568 6 2.35619449e+00 4.68433496e-01
569 6 2.35619449e+00 4.67597617e-01
570 6 2.35619449e+00 4.67907710e-01
571 6 2.35619449e+00 4.68260240e-01
572 6 2.35619449e+00 4.66994131e-01
573 6 2.35619449e+00 4.68567517e-01
574 6 2.35619449e+00 4.67626340e-01
575 6 2.35619449e+00 4.68375153e-01
576 6 2.35619449e+00 4.67126218e-01
577 6 2.35619449e+00 4.67598739e-01
578 6 2.35619449e+00 4.67206768e-01
579 6 2.35619449e+00 4.67328138e-01
580 6 2.35619449e+00 4.66461160e-01
581 6 2.35619449e+00 4.64835335e-01
582 6 2.35619449e+00 4.70704963e-01
583 6 2.35619449e+00 4.69926539e-01
584 6 2.35619449e+00 4.67529392e-01
585 6 2.35619449e+00 4.67832182e-01
586 6 2.35619449e+00 4.67145972e-01
587 6 2.35619449e+00 4.70077831e-01
588 6 2.35619449e+00 4.69644610e-01
589 6 2.35619449e+00 4.65738414e-01
590 6 2.35619449e+00 4.69691895e-01
591 6 2.35619449e+00 4.66301091e-01
592 6 2.35619449e+00 4.68372620e-01
593 6 2.35619449e+00 4.69255534e-01
594 6 2.35619449e+00 4.66662248e-01
595 6 2.35619449e+00 4.68867408e-01
596 6 2.35619449e+00 4.70229454e-01
597 6 2.35619449e+00 4.68174230e-01
598 6 2.35619449e+00 4.67635067e-01
599 6 2.35619449e+00 4.66897753e-01
600 6 2.35619449e+00 4.66542206e-01
601 6 2.35619449e+00 4.68229399e-01
602 6 2.35619449e+00 4.66952268e-01
603 6 2.35619449e+00 4.69142792e-01
604 6 2.35619449e+00 4.68889772e-01
605 6 2.35619449e+00 4.67862531e-01
606 6 2.35619449e+00 4.70265096e-01
607 6 2.35619449e+00 4.65871507e-01
608 6 2.35619449e+00 4.66277126e-01
609 6 2.35619449e+00 4.67786721e-01
610 6 2.35619449e+00 4.68334593e-01
611 6 2.35619449e+00 4.68193431e-01
612 6 2.35619449e+00 4.67664733e-01
613 6 2.35619449e+00 4.70809941e-01
614 6 2.35619449e+00 4.65813669e-01
615 6 2.35619449e+00 4.68985860e-01
616 6 2.35619449e+00 4.68778950e-01
617 6 2.35619449e+00 4.69938726e-01
618 6 2.35619449e+00 4.68557270e-01
619 6 2.35619449e+00 4.67316821e-01
620 6 2.35619449e+00 4.69764549e-01
621 6 2.35619449e+00 4.65761052e-01
622 6 2.35619449e+00 4.65609909e-01
623 6 2.35619449e+00 4.65778573e-01
624 6 2.35619449e+00 4.66552098e-01
625 6 2.35619449e+00 4.69120256e-01
626 6 2.35619449e+00 4.66736018e-01
627 6 2.35619449e+00 4.69539279e-01
628 6 2.35619449e+00 4.70923006e-01
629 6 2.35619449e+00 4.70078122e-01
630 6 2.35619449e+00 4.68975311e-01
631 6 2.35619449e+00 4.68277854e-01
632 6 2.35619449e+00 4.66327030e-01
633 6 2.35619449e+00 4.67824487e-01
634 6 2.35619449e+00 4.67468550e-01
635 6 2.35619449e+00 4.67188897e-01
636 6 2.35619449e+00 4.70004186e-01
637 6 2.35619449e+00 4.68871892e-01
638 6 2.35619449e+00 4.66747137e-01
639 6 2.35619449e+00 4.67762554e-01
640 6 2.35619449e+00 4.68100729e-01
641 6 2.35619449e+00 4.68870320e-01
642 6 2.35619449e+00 4.71330362e-01
643 6 2.35619449e+00 4.68782823e-01
644 6 2.35619449e+00 4.69358074e-01
645 6 2.35619449e+00 4.66426694e-01
646 6 2.35619449e+00 4.66722220e-01
647 6 2.35619449e+00 4.68162094e-01
648 6 2.35619449e+00 4.68435883e-01
649 6 2.35619449e+00 4.68647294e-01
650 6 2.35619449e+00 4.70933247e-01
651 6 2.35619449e+00 4.66783157e-01
652 6 2.35619449e+00 4.67363540e-01
653 6 2.35619449e+00 4.68652587e-01
654 6 2.35619449e+00 4.69719986e-01
655 6 2.35619449e+00 4.68128502e-01
656 6 2.35619449e+00 4.67148812e-01
657 6 2.35619449e+00 4.66082558e-01
658 6 2.35619449e+00 4.66719277e-01
659 6 2.35619449e+00 4.68573447e-01
660 6 2.35619449e+00 4.66863515e-01
661 6 2.35619449e+00 4.67076112e-01
662 6 2.35619449e+00 4.66543722e-01
663 6 2.35619449e+00 4.66570892e-01
664 6 2.35619449e+00 4.68652575e-01
665 6 2.35619449e+00 4.70033811e-01
666 6 2.35619449e+00 4.66525196e-01
667 6 2.35619449e+00 4.69347265e-01
668 6 2.35619449e+00 4.68015662e-01
669 6 2.35619449e+00 4.68762430e-01
670 6 2.35619449e+00 4.68110379e-01
671 6 2.35619449e+00 4.67528782e-01
672 6 2.35619449e+00 4.70236793e-01
673 6 2.35619449e+00 4.70003416e-01
674 6 2.35619449e+00 4.65488377e-01
675 6 2.35619449e+00 4.68572642e-01
676 6 2.35619449e+00 4.69964273e-01
677 6 2.35619449e+00 4.70843739e-01
678 6 2.35619449e+00 4.70121966e-01
679 6 2.35619449e+00 4.72199608e-01
680 6 2.35619449e+00 4.70301559e-01
681 6 2.35619449e+00 4.69496696e-01
682 6 2.35619449e+00 4.67386094e-01
683 6 2.35619449e+00 4.68289084e-01
684 6 2.35619449e+00 4.67850251e-01
685 6 2.35619449e+00 4.65814478e-01
686 6 2.35619449e+00 4.67260733e-01
687 6 2.35619449e+00 4.69020577e-01
688 6 2.35619449e+00 4.68555497e-01
689 6 2.35619449e+00 4.65752257e-01
690 6 2.35619449e+00 4.68631673e-01
691 6 2.35619449e+00 4.67197266e-01
692 6 2.35619449e+00 4.68636873e-01
693 6 2.35619449e+00 4.69646319e-01
694 6 2.35619449e+00 4.69304284e-01
695 6 2.35619449e+00 4.69377294e-01
696 6 2.35619449e+00 4.68504622e-01
697 6 2.35619449e+00 4.69553457e-01
698 6 2.35619449e+00 4.65539940e-01
699 6 2.35619449e+00 4.66526392e-01
700 6 2.35619449e+00 4.65318033e-01
701 6 2.35619449e+00 4.66540251e-01
702 6 2.35619449e+00 4.68804654e-01
703 6 2.35619449e+00 4.68369133e-01
704 6 2.35619449e+00 4.67165045e-01
705 6 2.35619449e+00 4.70325393e-01
706 6 2.35619449e+00 4.70541151e-01
707 6 2.35619449e+00 4.67961865e-01
708 6 2.35619449e+00 4.68635528e-01
709 6 2.35619449e+00 4.69114457e-01
710 6 2.35619449e+00 4.67821187e-01
711 6 2.35619449e+00 4.67932900e-01
712 6 2.35619449e+00 4.69367145e-01
713 6 2.35619449e+00 4.68770244e-01
714 6 2.35619449e+00 4.65955825e-01
715 6 2.35619449e+00 4.70563939e-01
716 6 2.35619449e+00 4.68516334e-01
717 6 2.35619449e+00 4.69594287e-01
718 6 2.35619449e+00 4.68388996e-01
719 6 2.35619449e+00 4.67629982e-01
720 6 2.35619449e+00 4.69715233e-01
721 6 2.35619449e+00 4.69257193e-01
722 6 2.35619449e+00 4.66792639e-01
723 6 2.35619449e+00 4.66816235e-01
724 6 2.35619449e+00 4.67218155e-01
725 6 2.35619449e+00 4.68357743e-01
726 6 2.35619449e+00 4.69082071e-01
727 6 2.35619449e+00 4.65962756e-01
728 6 2.35619449e+00 4.67955282e-01
729 6 2.35619449e+00 4.66145376e-01
730 6 2.35619449e+00 4.68684240e-01
731 6 2.35619449e+00 4.64813095e-01
732 6 2.35619449e+00 4.69733889e-01
733 6 2.35619449e+00 4.69185429e-01
734 6 2.35619449e+00 4.67324969e-01
735 6 2.35619449e+00 4.69039555e-01
736 6 2.35619449e+00 4.66702745e-01
737 6 2.35619449e+00 4.68069197e-01
738 6 2.35619449e+00 4.68740805e-01
739 6 2.35619449e+00 4.67086986e-01
740 6 2.35619449e+00 4.69407912e-01
741 6 2.35619449e+00 4.67066981e-01
742 6 2.35619449e+00 4.69959048e-01
743 6 2.35619449e+00 4.67906868e-01
744 6 2.35619449e+00 4.67455072e-01
745 6 2.35619449e+00 4.66419152e-01
746 6 2.35619449e+00 4.68919229e-01
747 6 2.35619449e+00 4.67858619e-01
748 6 2.35619449e+00 4.69971686e-01
749 6 2.35619449e+00 4.69154472e-01
750 6 2.35619449e+00 4.66769829e-01
751 6 2.35619449e+00 4.70825112e-01
752 6 2.35619449e+00 4.70460763e-01
753 6 2.35619449e+00 4.67498099e-01
754 6 2.35619449e+00 4.66222900e-01
755 6 2.35619449e+00 4.67339148e-01
756 6 2.35619449e+00 4.66778564e-01
757 6 2.35619449e+00 4.64997633e-01
758 6 2.35619449e+00 4.66198147e-01
759 6 2.35619449e+00 4.69277283e-01
760 6 2.35619449e+00 4.64425091e-01
761 6 2.35619449e+00 4.68702842e-01
762 6 2.35619449e+00 4.68497169e-01
763 6 2.35619449e+00 4.68443404e-01
764 6 2.35619449e+00 4.69627720e-01
765 6 2.35619449e+00 4.66984720e-01
766 6 2.35619449e+00 4.66696600e-01
767 6 2.35619449e+00 4.63930181e-01
768 6 2.35619449e+00 4.67551672e-01
769 6 2.35619449e+00 4.65920508e-01
770 6 2.35619449e+00 4.66648744e-01
771 6 2.35619449e+00 4.66067643e-01
772 6 2.35619449e+00 4.70633621e-01
773 6 2.35619449e+00 4.70331146e-01
774 6 2.35619449e+00 4.66369492e-01
775 6 2.35619449e+00 4.68023780e-01
776 6 2.35619449e+00 4.66883862e-01
777 6 2.35619449e+00 4.66881930e-01
778 6 2.35619449e+00 4.68710666e-01
779 6 2.35619449e+00 4.67737146e-01
780 6 2.35619449e+00 4.68100190e-01
781 6 2.35619449e+00 4.69017067e-01
782 6 2.35619449e+00 4.68674031e-01
783 6 2.35619449e+00 4.69111825e-01
784 6 2.35619449e+00 4.66355320e-01
785 6 2.35619449e+00 4.68031053e-01
786 6 2.35619449e+00 4.66040523e-01
787 6 2.35619449e+00 4.67828818e-01
788 6 2.35619449e+00 4.64536901e-01
789 6 2.35619449e+00 4.68132136e-01
790 6 2.35619449e+00 4.66940944e-01
791 6 2.35619449e+00 4.68739238e-01
792 6 2.35619449e+00 4.68709333e-01
793 6 2.35619449e+00 4.68175011e-01
794 6 2.35619449e+00 4.69227168e-01
795 6 2.35619449e+00 4.71976929e-01
796 6 2.35619449e+00 4.67438074e-01
797 6 2.35619449e+00 4.68047786e-01
798 6 2.35619449e+00 4.69513914e-01
799 6 2.35619449e+00 4.66721504e-01
800 6 2.35619449e+00 4.67612897e-01
801 6 2.35619449e+00 4.67398057e-01
802 6 2.35619449e+00 4.67444730e-01
803 6 2.35619449e+00 4.70545357e-01
804 6 2.35619449e+00 4.65584866e-01
805 6 2.35619449e+00 4.65963186e-01
806 6 2.35619449e+00 4.68266240e-01
807 6 2.35619449e+00 4.69727833e-01
808 6 2.35619449e+00 4.68172790e-01
809 6 2.35619449e+00 4.69457413e-01
810 6 2.35619449e+00 4.68418267e-01
811 6 2.35619449e+00 4.68090028e-01
812 6 2.35619449e+00 4.65772111e-01
813 6 2.35619449e+00 4.67919829e-01
814 6 2.35619449e+00 4.67175087e-01
815 6 2.35619449e+00 4.68099265e-01
816 6 2.35619449e+00 4.69157217e-01
817 6 2.35619449e+00 4.69648996e-01
818 6 2.35619449e+00 4.69533503e-01
819 6 2.35619449e+00 4.65974816e-01
820 6 2.35619449e+00 4.69808270e-01
821 6 2.35619449e+00 4.66326760e-01
822 6 2.35619449e+00 4.69009494e-01
823 6 2.35619449e+00 4.71338287e-01
824 6 2.35619449e+00 4.69752345e-01
825 6 2.35619449e+00 4.68315058e-01
826 6 2.35619449e+00 4.69469001e-01
827 6 2.35619449e+00 4.66622108e-01
828 6 2.35619449e+00 4.67574734e-01
829 6 2.35619449e+00 4.72190801e-01
830 6 2.35619449e+00 4.66238964e-01
831 6 2.35619449e+00 4.67554505e-01
832 6 2.35619449e+00 4.69561512e-01
833 6 2.35619449e+00 4.68510747e-01
834 6 2.35619449e+00 4.66907137e-01
835 6 2.35619449e+00 4.71120399e-01
836 6 2.35619449e+00 4.69849314e-01
837 6 2.35619449e+00 4.68091667e-01
838 6 2.35619449e+00 4.66963720e-01
839 6 2.35619449e+00 4.69797278e-01
840 6 2.35619449e+00 4.68124796e-01
841 6 2.35619449e+00 4.67785488e-01
842 6 2.35619449e+00 4.68804498e-01
843 6 2.35619449e+00 4.67042286e-01
844 6 2.35619449e+00 4.67231111e-01
845 6 2.35619449e+00 4.70124845e-01
846 6 2.35619449e+00 4.69170167e-01
847 6 2.35619449e+00 4.64102193e-01
848 6 2.35619449e+00 4.68445241e-01
849 6 2.35619449e+00 4.66624809e-01
850 6 2.35619449e+00 4.65949369e-01
851 6 2.35619449e+00 4.68825675e-01
852 6 2.35619449e+00 4.66428774e-01
853 6 2.35619449e+00 4.64412296e-01
854 6 2.35619449e+00 4.69625367e-01
855 6 2.35619449e+00 4.67802782e-01
856 6 2.35619449e+00 4.66082955e-01
857 6 2.35619449e+00 4.65894087e-01
858 6 2.35619449e+00 4.72105131e-01
859 6 2.35619449e+00 4.69230093e-01
860 6 2.35619449e+00 4.69967260e-01
861 6 2.35619449e+00 4.67604462e-01
862 6 2.35619449e+00 4.68242593e-01
863 6 2.35619449e+00 4.66320680e-01
864 6 2.35619449e+00 4.69071619e-01
865 6 2.35619449e+00 4.69259047e-01
866 6 2.35619449e+00 4.68149226e-01
867 6 2.35619449e+00 4.67841351e-01
868 6 2.35619449e+00 4.69707170e-01
869 6 2.35619449e+00 4.67759508e-01
870 6 2.35619449e+00 4.67653278e-01
871 6 2.35619449e+00 4.68902280e-01
872 6 2.35619449e+00 4.71092877e-01
873 6 2.35619449e+00 4.68468905e-01
874 6 2.35619449e+00 4.66888143e-01
875 6 2.35619449e+00 4.67419290e-01
876 6 2.35619449e+00 4.67631668e-01
877 6 2.35619449e+00 4.67884535e-01
878 6 2.35619449e+00 4.66706995e-01
879 6 2.35619449e+00 4.64655818e-01
880 6 2.35619449e+00 4.65882618e-01
881 6 2.35619449e+00 4.68970867e-01
882 6 2.35619449e+00 4.67236615e-01
883 6 2.35619449e+00 4.68284974e-01
884 6 2.35619449e+00 4.67145128e-01
885 6 2.35619449e+00 4.70227837e-01
886 6 2.35619449e+00 4.67803041e-01
887 6 2.35619449e+00 4.66032566e-01
888 6 2.35619449e+00 4.67820962e-01
889 6 2.35619449e+00 4.70020730e-01
890 6 2.35619449e+00 4.65593411e-01
891 6 2.35619449e+00 4.66856442e-01
892 6 2.35619449e+00 4.67767577e-01
893 6 2.35619449e+00 4.65083083e-01
894 6 2.35619449e+00 4.69702481e-01
895 6 2.35619449e+00 4.69242410e-01
896 6 2.35619449e+00 4.69376456e-01
897 6 2.35619449e+00 4.70428376e-01
898 6 2.35619449e+00 4.67794406e-01
899 6 2.35619449e+00 4.66297005e-01
900 6 2.35619449e+00 4.67122621e-01
901 6 2.35619449e+00 4.68018902e-01
902 6 2.35619449e+00 4.69267390e-01
903 6 2.35619449e+00 4.67857617e-01
904 6 2.35619449e+00 4.67927732e-01
905 6 2.35619449e+00 4.66677627e-01
906 6 2.35619449e+00 4.69043940e-01
907 6 2.35619449e+00 4.66815273e-01
908 6 2.35619449e+00 4.70361845e-01
909 6 2.35619449e+00 4.71401610e-01
910 6 2.35619449e+00 4.69607595e-01
911 6 2.35619449e+00 4.68981778e-01
912 6 2.35619449e+00 4.68483872e-01
913 6 2.35619449e+00 4.70983101e-01
914 6 2.35619449e+00 4.66206240e-01
915 6 2.35619449e+00 4.64664602e-01
916 6 2.35619449e+00 4.69452738e-01
917 6 2.35619449e+00 4.67631201e-01
918 6 2.35619449e+00 4.71171175e-01
919 6 2.35619449e+00 4.70718906e-01
920 6 2.35619449e+00 4.67091547e-01
921 6 2.35619449e+00 4.66188274e-01
922 6 2.35619449e+00 4.68194705e-01
923 6 2.35619449e+00 4.68255836e-01
924 6 2.35619449e+00 4.69560224e-01
925 6 2.35619449e+00 4.69102947e-01
926 6 2.35619449e+00 4.66184854e-01
927 6 2.35619449e+00 4.69526996e-01
928 6 2.35619449e+00 4.67341058e-01
929 6 2.35619449e+00 4.69840674e-01
930 6 2.35619449e+00 4.67049817e-01
931 6 2.35619449e+00 4.69394957e-01
932 6 2.35619449e+00 4.67793285e-01
933 6 2.35619449e+00 4.67039647e-01
934 6 2.35619449e+00 4.68314538e-01
935 6 2.35619449e+00 4.68577454e-01
936 6 2.35619449e+00 4.68079892e-01
937 6 2.35619449e+00 4.69481712e-01
938 6 2.35619449e+00 4.68282824e-01
939 6 2.35619449e+00 4.67045677e-01
940 6 2.35619449e+00 4.67302122e-01
941 6 2.35619449e+00 4.67185958e-01
942 6 2.35619449e+00 4.69617228e-01
943 6 2.35619449e+00 4.69747381e-01
944 6 2.35619449e+00 4.68802705e-01
945 6 2.35619449e+00 4.67227982e-01
946 6 2.35619449e+00 4.68177838e-01
947 6 2.35619449e+00 4.67334907e-01
948 6 2.35619449e+00 4.66734694e-01
949 6 2.35619449e+00 4.68656018e-01
950 6 2.35619449e+00 4.67145646e-01
951 6 2.35619449e+00 4.69162909e-01
952 6 2.35619449e+00 4.62042250e-01
953 6 2.35619449e+00 4.68068171e-01
954 6 2.35619449e+00 4.68152500e-01
955 6 2.35619449e+00 4.68578948e-01
956 6 2.35619449e+00 4.67068241e-01
957 6 2.35619449e+00 4.70372341e-01
958 6 2.35619449e+00 4.67106690e-01
959 6 2.35619449e+00 4.67063809e-01
960 6 2.35619449e+00 4.68725088e-01
961 6 2.35619449e+00 4.69457931e-01
962 6 2.35619449e+00 4.67491278e-01
963 6 2.35619449e+00 4.67843445e-01
964 6 2.35619449e+00 4.65148434e-01
965 6 2.35619449e+00 4.68677798e-01
966 6 2.35619449e+00 4.67299769e-01
967 6 2.35619449e+00 4.68263336e-01
968 6 2.35619449e+00 4.67578168e-01
969 6 2.35619449e+00 4.67369784e-01
970 6 2.35619449e+00 4.67332514e-01
971 6 2.35619449e+00 4.66293616e-01
972 6 2.35619449e+00 4.67607972e-01
973 6 2.35619449e+00 4.66459465e-01
974 6 2.35619449e+00 4.67256228e-01
975 6 2.35619449e+00 4.71792921e-01
976 6 2.35619449e+00 4.66726661e-01
977 6 2.35619449e+00 4.68791546e-01
978 6 2.35619449e+00 4.66371106e-01
979 6 2.35619449e+00 4.66063188e-01
980 6 2.35619449e+00 4.66397409e-01
981 6 2.35619449e+00 4.68829309e-01
982 6 2.35619449e+00 4.68026796e-01
983 6 2.35619449e+00 4.71084903e-01
984 6 2.35619449e+00 4.65318589e-01
985 6 2.35619449e+00 4.67542570e-01
986 6 2.35619449e+00 4.68708712e-01
987 6 2.35619449e+00 4.65663323e-01
988 6 2.35619449e+00 4.67505712e-01
989 6 2.35619449e+00 4.66033880e-01
990 6 2.35619449e+00 4.68389508e-01
991 6 2.35619449e+00 4.66428681e-01
992 6 2.35619449e+00 4.68608111e-01
993 6 2.35619449e+00 4.68086656e-01
994 6 2.35619449e+00 4.68495121e-01
995 6 2.35619449e+00 4.73163552e-01
996 6 2.35619449e+00 4.67326211e-01
997 6 2.35619449e+00 4.66701038e-01
998 6 2.35619449e+00 4.66652155e-01
999 6 2.35619449e+00 4.70988026e-01
1000 6 2.35619449e+00 4.68731645e-01
1001 6 2.35619449e+00 4.71018439e-01
1002 6 2.35619449e+00 4.64093187e-01
1003 6 2.35619449e+00 4.65995639e-01
1004 6 2.35619449e+00 4.67681633e-01
1005 6 2.35619449e+00 4.64081832e-01
1006 6 2.35619449e+00 4.68087759e-01
1007 6 2.35619449e+00 4.66849506e-01
1008 6 2.35619449e+00 4.67512135e-01
1009 6 2.35619449e+00 4.67222769e-01
1010 6 2.35619449e+00 4.68739331e-01
1011 6 2.35619449e+00 4.67191327e-01
1012 6 2.35619449e+00 4.66061951e-01
1013 6 2.35619449e+00 4.63724538e-01
1014 6 2.35619449e+00 4.67585218e-01
1015 6 2.35619449e+00 4.68212851e-01
1016 6 2.35619449e+00 4.70266001e-01
1017 6 2.35619449e+00 4.60396861e-01
1018 6 2.35619449e+00 4.68823236e-01
1019 6 2.35619449e+00 4.68973752e-01
1020 6 2.35619449e+00 4.65983829e-01
1021 6 2.35619449e+00 4.66397063e-01
1022 6 2.35619449e+00 4.67153076e-01
1023 6 2.35619449e+00 4.67481058e-01
1024 6 2.35619449e+00 4.66811864e-01
1025 6 2.35619449e+00 4.65695321e-01
0 7 2.74889357e+00 5.14842636e-01
1 7 2.74889357e+00 5.12562204e-01
2 7 2.74889357e+00 5.13105564e-01
3 7 2.74889357e+00 5.11518603e-01
4 7 2.74889357e+00 5.12281566e-01
5 7 2.74889357e+00 5.11077862e-01
6 7 2.74889357e+00 5.11560141e-01
7 7 2.74889357e+00 5.12801147e-01
8 7 2.74889357e+00 5.12581843e-01
9 7 2.74889357e+00 5.11760197e-01
10 7 2.74889357e+00 5.12806779e-01
11 7 2.74889357e+00 5.13439937e-01
12 7 2.74889357e+00 5.12894573e-01
13 7 2.74889357e+00 5.15082063e-01
14 7 2.74889357e+00 5.12183534e-01
15 7 2.74889357e+00 5.11658027e-01
16 7 2.74889357e+00 5.07897953e-01
17 7 2.74889357e+00 5.10672711e-01
18 7 2.74889357e+00 5.11138063e-01
19 7 2.74889357e+00 5.13497102e-01
20 7 2.74889357e+00 5.10941385e-01
21 7 2.74889357e+00 5.11985252e-01
22 7 2.74889357e+00 5.12290300e-01
23 7 2.74889357e+00 5.12344402e-01
24 7 2.74889357e+00 5.10476772e-01
25 7 2.74889357e+00 5.11703269e-01
26 7 2.74889357e+00 5.12753175e-01
27 7 2.74889357e+00 5.13732100e-01
28 7 2.74889357e+00 5.11322799e-01
29 7 2.74889357e+00 5.11029285e-01
30 7 2.74889357e+00 5.13568805e-01
31 7 2.74889357e+00 5.11103140e-01
32 7 2.74889357e+00 5.12096943e-01
33 7 2.74889357e+00 5.10846649e-01
34 7 2.74889357e+00 5.09688442e-01
35 7 2.74889357e+00 5.09435072e-01
36 7 2.74889357e+00 5.10991643e-01
37 7 2.74889357e+00 5.11728783e-01
38 7 2.74889357e+00 5.10996887e-01
39 7 2.74889357e+00 5.11318276e-01
40 7 2.74889357e+00 5.12116386e-01
41 7 2.74889357e+00 5.11531336e-01
42 7 2.74889357e+00 5.13951295e-01
43 7 2.74889357e+00 5.09890583e-01
44 7 2.74889357e+00 5.17954946e-01
45 7 2.74889357e+00 5.12268334e-01
46 7 2.74889357e+00 5.12919165e-01
47 7 2.74889357e+00 5.15234655e-01
48 7 2.74889357e+00 5.11862848e-01
49 7 2.74889357e+00 5.13917508e-01
50 7 2.74889357e+00 5.13157475e-01
51 7 2.74889357e+00 5.14219096e-01
52 7 2.74889357e+00 5.15094011e-01
53 7 2.74889357e+00 5.11744302e-01
54 7 2.74889357e+00 5.12570697e-01
55 7 2.74889357e+00 5.15913849e-01
56 7 2.74889357e+00 5.12479912e-01
57 7 2.74889357e+00 5.13018382e-01
58 7 2.74889357e+00 5.12168013e-01
59 7 2.74889357e+00 5.12012098e-01
60 7 2.74889357e+00 5.12491434e-01
61 7 2.74889357e+00 5.11723964e-01
62 7 2.74889357e+00 5.10211720e-01
63 7 2.74889357e+00 5.08537531e-01
64 7 2.74889357e+00 5.09471455e-01
65 7 2.74889357e+00 5.13525503e-01
66 7 2.74889357e+00 5.12314650e-01
67 7 2.74889357e+00 5.11333785e-01
68 7 2.74889357e+00 5.10716007e-01
69 7 2.74889357e+00 5.13334062e-01
70 7 2.74889357e+00 5.10892912e-01
71 7 2.74889357e+00 5.11028587e-01
72 7 2.74889357e+00 5.11901451e-01
73 7 2.74889357e+00 5.09363370e-01
74 7 2.74889357e+00 5.10735925e-01
75 7 2.74889357e+00 5.12017561e-01
76 7 2.74889357e+00 5.10678058e-01
77 7 2.74889357e+00 5.11338178e-01
78 7 2.74889357e+00 5.11927191e-01
79 7 2.74889357e+00 5.13816383e-01
80 7 2.74889357e+00 5.10856106e-01
81 7 2.74889357e+00 5.10967738e-01
82 7 2.74889357e+00 5.07245818e-01
83 7 2.74889357e+00 5.12810264e-01
84 7 2.74889357e+00 5.13762708e-01
85 7 2.74889357e+00 5.10268549e-01
86 7 2.74889357e+00 5.12011444e-01
87 7 2.74889357e+00 5.16391742e-01
88 7 2.74889357e+00 5.12536363e-01
89 7 2.74889357e+00 5.11711197e-01
90 7 2.74889357e+00 5.14532205e-01
91 7 2.74889357e+00 5.11604725e-01
92 7 2.74889357e+00 5.15010436e-01
93 7 2.74889357e+00 5.11727460e-01
94 7 2.74889357e+00 5.12514740e-01
95 7 2.74889357e+00 5.09982112e-01
96 7 2.74889357e+00 5.11791472e-01
97 7 2.74889357e+00 5.09977777e-01
98 7 2.74889357e+00 5.11947754e-01
99 7 2.74889357e+00 5.11320442e-01
100 7 2.74889357e+00 5.10317616e-01
101 7 2.74889357e+00 5.12799243e-01
102 7 2.74889357e+00 5.10486833e-01
103 7 2.74889357e+00 5.13941518e-01
104 7 2.74889357e+00 5.10433795e-01
105 7 2.74889357e+00 5.08012699e-01
106 7 2.74889357e+00 5.10297559e-01
107 7 2.74889357e+00 5.09250757e-01
108 7 2.74889357e+00 5.13301327e-01
109 7 2.74889357e+00 5.11156217e-01
110 7 2.74889357e+00 5.12344841e-01
111 7 2.74889357e+00 5.11139923e-01
112 7 2.74889357e+00 5.13014173e-01
113 7 2.74889357e+00 5.14171022e-01
114 7 2.74889357e+00 5.12733559e-01
115 7 2.74889357e+00 5.13818584e-01
116 7 2.74889357e+00 5.14392253e-01
117 7 2.74889357e+00 5.09152408e-01
118 7 2.74889357e+00 5.10742088e-01
119 7 2.74889357e+00 5.12562747e-01
120 7 2.74889357e+00 5.12964842e-01
121 7 2.74889357e+00 5.13536734e-01
122 7 2.74889357e+00 5.10611148e-01
123 7 2.74889357e+00 5.11803106e-01
124 7 2.74889357e+00 5.12428191e-01
125 7 2.74889357e+00 5.10545111e-01
126 7 2.74889357e+00 5.10478994e-01
127 7 2.74889357e+00 5.17106794e-01
128 7 2.74889357e+00 5.13752933e-01
129 7 2.74889357e+00 5.09003695e-01
130 7 2.74889357e+00 5.11452973e-01
131 7 2.74889357e+00 5.12502976e-01
132 7 2.74889357e+00 5.11255809e-01
133 7 2.74889357e+00 5.13264438e-01
134 7 2.74889357e+00 5.09431973e-01
135 7 2.74889357e+00 5.13685612e-01
136 7 2.74889357e+00 5.10378112e-01
137 7 2.74889357e+00 5.09549203e-01
138 7 2.74889357e+00 5.12618163e-01
139 7 2.74889357e+00 5.13170587e-01
140 7 2.74889357e+00 5.14934405e-01
141 7 2.74889357e+00 5.09493020e-01
142 7 2.74889357e+00 5.10525813e-01
143 7 2.74889357e+00 5.12336707e-01
144 7 2.74889357e+00 5.13466382e-01
145 7 2.74889357e+00 5.11969130e-01
146 7 2.74889357e+00 5.11216669e-01
147 7 2.74889357e+00 5.11864810e-01
148 7 2.74889357e+00 5.09062340e-01
149 7 2.74889357e+00 5.11892838e-01
150 7 2.74889357e+00 5.13782915e-01
151 7 2.74889357e+00 5.11557055e-01
152 7 2.74889357e+00 5.12263737e-01
153 7 2.74889357e+00 5.11392007e-01
154 7 2.74889357e+00 5.09476514e-01
155 7 2.74889357e+00 5.08416962e-01
156 7 2.74889357e+00 5.12749178e-01
157 7 2.74889357e+00 5.13444957e-01
158 7 2.74889357e+00 5.12539385e-01
159 7 2.74889357e+00 5.14039964e-01
160 7 2.74889357e+00 5.09800703e-01
161 7 2.74889357e+00 5.10086242e-01
162 7 2.74889357e+00 5.11885926e-01
163 7 2.74889357e+00 5.13596307e-01
164 7 2.74889357e+00 5.12772278e-01
165 7 2.74889357e+00 5.11743475e-01
166 7 2.74889357e+00 5.11942284e-01
167 7 2.74889357e+00 5.13560565e-01
168 7 2.74889357e+00 5.08502929e-01
169 7 2.74889357e+00 5.15240085e-01
170 7 2.74889357e+00 5.11550194e-01
171 7 2.74889357e+00 5.13959884e-01
172 7 2.74889357e+00 5.12508249e-01
173 7 2.74889357e+00 5.14135087e-01
174 7 2.74889357e+00 5.12177386e-01
175 7 2.74889357e+00 5.12584388e-01
176 7 2.74889357e+00 5.13304232e-01
177 7 2.74889357e+00 5.13384060e-01
178 7 2.74889357e+00 5.16002103e-01
179 7 2.74889357e+00 5.11480082e-01
180 7 2.74889357e+00 5.12162676e-01
181 7 2.74889357e+00 5.11586732e-01
182 7 2.74889357e+00 5.11475066e-01
183 7 2.74889357e+00 5.12416933e-01
184 7 2.74889357e+00 5.11979918e-01
185 7 2.74889357e+00 5.14040236e-01
186 7 2.74889357e+00 5.11935833e-01
187 7 2.74889357e+00 5.13556793e-01
188 7 2.74889357e+00 5.07182971e-01
189 7 2.74889357e+00 5.11563109e-01
190 7 2.74889357e+00 5.12962165e-01
191 7 2.74889357e+00 5.11695671e-01
192 7 2.74889357e+00 5.11658869e-01
193 7 2.74889357e+00 5.13368151e-01
194 7 2.74889357e+00 5.11114928e-01
195 7 2.74889357e+00 5.11223576e-01
196 7 2.74889357e+00 5.10545453e-01
197 7 2.74889357e+00 5.11592632e-01
198 7 2.74889357e+00 5.14269181e-01
199 7 2.74889357e+00 5.11979225e-01
200 7 2.74889357e+00 5.11782957e-01
201 7 2.74889357e+00 5.10110709e-01
202 7 2.74889357e+00 5.12249838e-01
203 7 2.74889357e+00 5.12553058e-01
204 7 2.74889357e+00 5.11305902e-01
205 7 2.74889357e+00 5.12728552e-01
206 7 2.74889357e+00 5.14843331e-01
207 7 2.74889357e+00 5.13420768e-01
208 7 2.74889357e+00 5.12211641e-01
209 7 2.74889357e+00 5.13219647e-01
210 7 2.74889357e+00 5.12274484e-01
211 7 2.74889357e+00 5.12168874e-01
212 7 2.74889357e+00 5.12319522e-01
213 7 2.74889357e+00 5.10863433e-01
214 7 2.74889357e+00 5.13501886e-01
215 7 2.74889357e+00 5.09248756e-01
216 7 2.74889357e+00 5.14791195e-01
217 7 2.74889357e+00 5.12058582e-01
218 7 2.74889357e+00 5.14389947e-01
219 7 2.74889357e+00 5.13239163e-01
220 7 2.74889357e+00 5.15407949e-01
221 7 2.74889357e+00 5.11688706e-01
222 7 2.74889357e+00 5.15331317e-01
223 7 2.74889357e+00 5.13771525e-01
224 7 2.74889357e+00 5.11930912e-01
225 7 2.74889357e+00 5.10334531e-01
226 7 2.74889357e+00 5.10895158e-01
227 7 2.74889357e+00 5.12018022e-01
228 7 2.74889357e+00 5.09490869e-01
229 7 2.74889357e+00 5.13795538e-01
230 7 2.74889357e+00 5.10210300e-01
231 7 2.74889357e+00 5.11293619e-01
232 7 2.74889357e+00 5.09906151e-01
233 7 2.74889357e+00 5.13545152e-01
234 7 2.74889357e+00 5.13244900e-01
235 7 2.74889357e+00 5.13657066e-01
236 7 2.74889357e+00 5.11743551e-01
237 7 2.74889357e+00 5.10174859e-01
238 7 2.74889357e+00 5.10959411e-01
239 7 2.74889357e+00 5.11977006e-01
240 7 2.74889357e+00 5.11378280e-01
241 7 2.74889357e+00 5.12178533e-01
242 7 2.74889357e+00 5.10774087e-01
243 7 2.74889357e+00 5.14801015e-01
244 7 2.74889357e+00 5.10235117e-01
245 7 2.74889357e+00 5.15068997e-01
246 7 2.74889357e+00 5.12033841e-01
247 7 2.74889357e+00 5.10582805e-01
248 7 2.74889357e+00 5.16696039e-01
249 7 2.74889357e+00 5.12384276e-01
250 7 2.74889357e+00 5.15240680e-01
251 7 2.74889357e+00 5.15376564e-01
252 7 2.74889357e+00 5.15428669e-01
253 7 2.74889357e+00 5.12617994e-01
254 7 2.74889357e+00 5.14847046e-01
255 7 2.74889357e+00 5.14779423e-01
256 7 2.74889357e+00 5.11712442e-01
257 7 2.74889357e+00 5.07156230e-01
258 7 2.74889357e+00 5.13541355e-01
259 7 2.74889357e+00 5.11814844e-01
260 7 2.74889357e+00 5.13798204e-01
261 7 2.74889357e+00 5.14745602e-01
262 7 2.74889357e+00 5.11733292e-01
263 7 2.74889357e+00 5.16059961e-01
264 7 2.74889357e+00 5.16040076e-01
265 7 2.74889357e+00 5.13133310e-01
266 7 2.74889357e+00 5.10744180e-01
267 7 2.74889357e+00 5.12554689e-01
268 7 2.74889357e+00 5.12091343e-01
269 7 2.74889357e+00 5.10201602e-01
270 7 2.74889357e+00 5.12979340e-01
271 7 2.74889357e+00 5.12510551e-01
272 7 2.74889357e+00 5.14648797e-01
273 7 2.74889357e+00 5.13675369e-01
274 7 2.74889357e+00 5.09067966e-01
275 7 2.74889357e+00 5.14887347e-01
276 7 2.74889357e+00 5.12030521e-01
277 7 2.74889357e+00 5.16167298e-01
278 7 2.74889357e+00 5.09798379e-01
279 7 2.74889357e+00 5.11115568e-01
280 7 2.74889357e+00 5.13287818e-01
281 7 2.74889357e+00 5.12604625e-01
282 7 2.74889357e+00 5.10674766e-01
283 7 2.74889357e+00 5.09163928e-01
284 7 2.74889357e+00 5.10688430e-01
285 7 2.74889357e+00 5.13666563e-01
286 7 2.74889357e+00 5.14943466e-01
287 7 2.74889357e+00 5.09365759e-01
288 7 2.74889357e+00 5.16189230e-01
289 7 2.74889357e+00 5.12385244e-01
290 7 2.74889357e+00 5.15054056e-01
291 7 2.74889357e+00 5.12499102e-01
292 7 2.74889357e+00 5.16891243e-01
293 7 2.74889357e+00 5.13947515e-01
294 7 2.74889357e+00 5.14943340e-01
295 7 2.74889357e+00 5.11559281e-01
296 7 2.74889357e+00 5.14928869e-01
297 7 2.74889357e+00 5.12085082e-01
298 7 2.74889357e+00 5.13181672e-01
299 7 2.74889357e+00 5.10128361e-01
300 7 2.74889357e+00 5.10145289e-01
301 7 2.74889357e+00 5.08489405e-01
302 7 2.74889357e+00 5.10076962e-01
303 7 2.74889357e+00 5.09776998e-01
304 7 2.74889357e+00 5.13121204e-01
305 7 2.74889357e+00 5.11938364e-01
306 7 2.74889357e+00 5.11444979e-01
307 7 2.74889357e+00 5.09709006e-01
308 7 2.74889357e+00 5.11473216e-01
309 7 2.74889357e+00 5.13461923e-01
310 7 2.74889357e+00 5.15796648e-01
311 7 2.74889357e+00 5.14803798e-01
312 7 2.74889357e+00 5.17149823e-01
313 7 2.74889357e+00 5.10543510e-01
314 7 2.74889357e+00 5.11405631e-01
315 7 2.74889357e+00 5.09021623e-01
316 7 2.74889357e+00 5.12193597e-01
317 7 2.74889357e+00 5.11306721e-01
318 7 2.74889357e+00 5.10658154e-01
319 7 2.74889357e+00 5.15073836e-01
320 7 2.74889357e+00 5.11914927e-01
321 7 2.74889357e+00 5.09793631e-01
322 7 2.74889357e+00 5.13819655e-01
323 7 2.74889357e+00 5.12311392e-01
324 7 2.74889357e+00 5.14776834e-01
325 7 2.74889357e+00 5.11769186e-01
326 7 2.74889357e+00 5.12609090e-01
327 7 2.74889357e+00 5.14183617e-01
328 7 2.74889357e+00 5.11041719e-01
329 7 2.74889357e+00 5.10336726e-01
330 7 2.74889357e+00 5.13034032e-01
331 7 2.74889357e+00 5.11638774e-01
332 7 2.74889357e+00 5.11675511e-01
333 7 2.74889357e+00 5.13630068e-01
334 7 2.74889357e+00 5.08651941e-01
335 7 2.74889357e+00 5.14022098e-01
336 7 2.74889357e+00 5.12823309e-01
337 7 2.74889357e+00 5.11843448e-01
338 7 2.74889357e+00 5.15775912e-01
339 7 2.74889357e+00 5.13906956e-01
340 7 2.74889357e+00 5.13177393e-01
341 7 2.74889357e+00 5.10434612e-01
342 7 2.74889357e+00 5.13869900e-01
343 7 2.74889357e+00 5.08748743e-01
344 7 2.74889357e+00 5.07779962e-01
345 7 2.74889357e+00 5.12433102e-01
346 7 2.74889357e+00 5.10771092e-01
347 7 2.74889357e+00 5.12487189e-01
348 7 2.74889357e+00 5.09975993e-01
349 7 2.74889357e+00 5.07790009e-01
350 7 2.74889357e+00 5.09836807e-01
351 7 2.74889357e+00 5.14946649e-01
352 7 2.74889357e+00 5.10095939e-01
353 7 2.74889357e+00 5.13780488e-01
354 7 2.74889357e+00 5.15698349e-01
355 7 2.74889357e+00 5.13197456e-01
356 7 2.74889357e+00 5.12450446e-01
357 7 2.74889357e+00 5.12681717e-01
358 7 2.74889357e+00 5.10498430e-01
359 7 2.74889357e+00 5.12262011e-01
360 7 2.74889357e+00 5.12215714e-01
361 7 2.74889357e+00 5.10771326e-01
362 7 2.74889357e+00 5.15434019e-01
363 7 2.74889357e+00 5.10188492e-01
364 7 2.74889357e+00 5.15692429e-01
365 7 2.74889357e+00 5.14860567e-01
366 7 2.74889357e+00 5.10125191e-01
367 7 2.74889357e+00 5.11378408e-01
368 7 2.74889357e+00 5.10955920e-01
369 7 2.74889357e+00 5.09641965e-01
370 7 2.74889357e+00 5.13054297e-01
371 7 2.74889357e+00 5.09456715e-01
372 7 2.74889357e+00 5.10833846e-01
373 7 2.74889357e+00 5.13277354e-01
374 7 2.74889357e+00 5.15817207e-01
375 7 2.74889357e+00 5.09470970e-01
376 7 2.74889357e+00 5.09664500e-01
377 7 2.74889357e+00 5.13359468e-01
378 7 2.74889357e+00 5.12638928e-01
379 7 2.74889357e+00 5.13992994e-01
380 7 2.74889357e+00 5.11561995e-01
381 7 2.74889357e+00 5.14292495e-01
382 7 2.74889357e+00 5.14585130e-01
383 7 2.74889357e+00 5.12727039e-01
384 7 2.74889357e+00 5.06658425e-01
385 7 2.74889357e+00 5.13501342e-01
386 7 2.74889357e+00 5.15564605e-01
387 7 2.74889357e+00 5.12984114e-01
388 7 2.74889357e+00 5.10891232e-01
389 7 2.74889357e+00 5.13221957e-01
390 7 2.74889357e+00 5.08927596e-01
391 7 2.74889357e+00 5.13505422e-01
392 7 2.74889357e+00 5.11019377e-01
393 7 2.74889357e+00 5.10221209e-01
394 7 2.74889357e+00 5.07746240e-01
395 7 2.74889357e+00 5.12556223e-01
396 7 2.74889357e+00 5.14828015e-01
397 7 2.74889357e+00 5.13472320e-01
398 7 2.74889357e+00 5.13889943e-01
399 7 2.74889357e+00 5.11831329e-01
400 7 2.74889357e+00 5.11530792e-01
401 7 2.74889357e+00 5.15131093e-01
402 7 2.74889357e+00 5.09705855e-01
403 7 2.74889357e+00 5.08074969e-01
404 7 2.74889357e+00 5.12154996e-01
405 7 2.74889357e+00 5.14054299e-01
406 7 2.74889357e+00 5.11294361e-01
407 7 2.74889357e+00 5.11365351e-01
408 7 2.74889357e+00 5.12185490e-01
409 7 2.74889357e+00 5.15540622e-01
410 7 2.74889357e+00 5.11799670e-01
411 7 2.74889357e+00 5.09496162e-01
412 7 2.74889357e+00 5.08848470e-01
413 7 2.74889357e+00 5.11639550e-01
414 7 2.74889357e+00 5.15066997e-01
415 7 2.74889357e+00 5.14579698e-01
416 7 2.74889357e+00 5.11355730e-01
417 7 2.74889357e+00 5.10701705e-01
418 7 2.74889357e+00 5.15248733e-01
419 7 2.74889357e+00 5.12358001e-01
420 7 2.74889357e+00 5.13531101e-01
421 7 2.74889357e+00 5.11391651e-01
422 7 2.74889357e+00 5.12223118e-01
423 7 2.74889357e+00 5.11867426e-01
424 7 2.74889357e+00 5.07503993e-01
425 7 2.74889357e+00 5.10577628e-01
426 7 2.74889357e+00 5.10316092e-01
427 7 2.74889357e+00 5.11182295e-01
428 7 2.74889357e+00 5.12831564e-01
429 7 2.74889357e+00 5.11456605e-01
430 7 2.74889357e+00 5.14466749e-01
431 7 2.74889357e+00 5.12989678e-01
432 7 2.74889357e+00 5.13491058e-01
433 7 2.74889357e+00 5.15179191e-01
434 7 2.74889357e+00 5.14754328e-01
435 7 2.74889357e+00 5.15978223e-01
436 7 2.74889357e+00 5.12713775e-01
437 7 2.74889357e+00 5.13193912e-01
438 7 2.74889357e+00 5.14231687e-01
439 7 2.74889357e+00 5.11400306e-01
440 7 2.74889357e+00 5.12295616e-01
441 7 2.74889357e+00 5.11578599e-01
442 7 2.74889357e+00 5.11148401e-01
443 7 2.74889357e+00 5.10783976e-01
444 7 2.74889357e+00 5.13527389e-01
445 7 2.74889357e+00 5.07507410e-01
446 7 2.74889357e+00 5.14457081e-01
447 7 2.74889357e+00 5.11720016e-01
448 7 2.74889357e+00 5.10909900e-01
449 7 2.74889357e+00 5.09978509e-01
450 7 2.74889357e+00 5.11783894e-01
451 7 2.74889357e+00 5.10623827e-01
452 7 2.74889357e+00 5.10688200e-01
453 7 2.74889357e+00 5.11425778e-01
454 7 2.74889357e+00 5.10716384e-01
455 7 2.74889357e+00 5.11966900e-01
456 7 2.74889357e+00 5.10421251e-01
457 7 2.74889357e+00 5.12475209e-01
458 7 2.74889357e+00 5.11801644e-01
459 7 2.74889357e+00 5.15506557e-01
460 7 2.74889357e+00 5.09897175e-01
461 7 2.74889357e+00 5.12979711e-01
462 7 2.74889357e+00 5.11420056e-01
463 7 2.74889357e+00 5.15495477e-01
464 7 2.74889357e+00 5.11536587e-01
465 7 2.74889357e+00 5.12788021e-01
466 7 2.74889357e+00 5.13532588e-01
467 7 2.74889357e+00 5.11422280e-01
468 7 2.74889357e+00 5.11941924e-01
469 7 2.74889357e+00 5.10884225e-01
470 7 2.74889357e+00 5.06803789e-01
471 7 2.74889357e+00 5.13203055e-01
472 7 2.74889357e+00 5.09589797e-01
473 7 2.74889357e+00 5.13896864e-01
474 7 2.74889357e+00 5.12081093e-01
475 7 2.74889357e+00 5.12139753e-01
476 7 2.74889357e+00 5.12193944e-01
477 7 2.74889357e+00 5.14901724e-01
478 7 2.74889357e+00 5.08920538e-01
479 7 2.74889357e+00 5.07050912e-01
480 7 2.74889357e+00 5.10226310e-01
481 7 2.74889357e+00 5.17176542e-01
482 7 2.74889357e+00 5.08870504e-01
483 7 2.74889357e+00 5.13596892e-01
484 7 2.74889357e+00 5.12946877e-01
485 7 2.74889357e+00 5.13501102e-01
486 7 2.74889357e+00 5.15417669e-01
487 7 2.74889357e+00 5.11794184e-01
488 7 2.74889357e+00 5.13719720e-01
489 7 2.74889357e+00 5.14195770e-01
490 7 2.74889357e+00 5.13107155e-01
491 7 2.74889357e+00 5.12784190e-01
492 7 2.74889357e+00 5.13454328e-01
493 7 2.74889357e+00 5.13252898e-01
494 7 2.74889357e+00 5.12881749e-01
495 7 2.74889357e+00 5.11313263e-01
496 7 2.74889357e+00 5.11177712e-01
497 7 2.74889357e+00 5.12391504e-01
498 7 2.74889357e+00 5.13773577e-01
499 7 2.74889357e+00 5.12943213e-01
500 7 2.74889357e+00 5.10726092e-01
501 7 2.74889357e+00 5.12099913e-01
502 7 2.74889357e+00 5.12746316e-01
503 7 2.74889357e+00 5.12655417e-01
504 7 2.74889357e+00 5.14495369e-01
505 7 2.74889357e+00 5.14825119e-01
506 7 2.74889357e+00 5.10392609e-01
507 7 2.74889357e+00 5.10390967e-01
508 7 2.74889357e+00 5.14849534e-01
509 7 2.74889357e+00 5.12546118e-01
510 7 2.74889357e+00 5.11534255e-01
511 7 2.74889357e+00 5.12793253e-01
512 7 2.74889357e+00 5.13633103e-01
513 7 2.74889357e+00 5.13939217e-01
514 7 2.74889357e+00 5.12131970e-01
515 7 2.74889357e+00 5.09482431e-01
516 7 2.74889357e+00 5.13228977e-01
517 7 2.74889357e+00 5.15963176e-01
518 7 2.74889357e+00 5.09886404e-01
519 7 2.74889357e+00 5.11886842e-01
520 7 2.74889357e+00 5.12186755e-01
521 7 2.74889357e+00 5.11200661e-01
522 7 2.74889357e+00 5.12946339e-01
523 7 2.74889357e+00 5.10052850e-01
524 7 2.74889357e+00 5.11969911e-01
525 7 2.74889357e+00 5.12827314e-01
526 7 2.74889357e+00 5.17222286e-01
527 7 2.74889357e+00 5.11467993e-01
528 7 2.74889357e+00 5.12032156e-01
529 7 2.74889357e+00 5.13899558e-01
530 7 2.74889357e+00 5.13123041e-01
531 7 2.74889357e+00 5.09907083e-01
532 7 2.74889357e+00 5.16040152e-01
533 7 2.74889357e+00 5.13105145e-01
534 7 2.74889357e+00 5.12429814e-01
535 7 2.74889357e+00 5.09959994e-01
536 7 2.74889357e+00 5.17000098e-01
537 7 2.74889357e+00 5.12980773e-01
538 7 2.74889357e+00 5.12966630e-01
539 7 2.74889357e+00 5.11914719e-01
540 7 2.74889357e+00 5.14287637e-01
541 7 2.74889357e+00 5.12136734e-01
542 7 2.74889357e+00 5.10528782e-01
543 7 2.74889357e+00 5.09843253e-01
544 7 2.74889357e+00 5.10815150e-01
545 7 2.74889357e+00 5.14023608e-01
546 7 2.74889357e+00 5.11941148e-01
547 7 2.74889357e+00 5.09769000e-01
548 7 2.74889357e+00 5.13204292e-01
549 7 2.74889357e+00 5.13340105e-01
550 7 2.74889357e+00 5.12765082e-01
551 7 2.74889357e+00 5.15193725e-01
552 7 2.74889357e+00 5.11874943e-01
553 7 2.74889357e+00 5.12247238e-01
554 7 2.74889357e+00 5.09409990e-01
555 7 2.74889357e+00 5.15191135e-01
556 7 2.74889357e+00 5.13532246e-01
557 7 2.74889357e+00 5.10077326e-01
558 7 2.74889357e+00 5.13190705e-01
559 7 2.74889357e+00 5.14635880e-01
560 7 2.74889357e+00 5.12755016e-01
561 7 2.74889357e+00 5.11696951e-01
562 7 2.74889357e+00 5.13321585e-01
563 7 2.74889357e+00 5.14828534e-01
564 7 2.74889357e+00 5.11911072e-01
565 7 2.74889357e+00 5.10163840e-01
566 7 2.74889357e+00 5.16281918e-01
567 7 2.74889357e+00 5.11538932e-01
568 7 2.74889357e+00 5.12067367e-01
569 7 2.74889357e+00 5.12244139e-01
570 7 2.74889357e+00 5.12057034e-01
571 7 2.74889357e+00 5.12552756e-01
572 7 2.74889357e+00 5.10405200e-01
573 7 2.74889357e+00 5.12484056e-01
574 7 2.74889357e+00 5.11822040e-01
575 7 2.74889357e+00 5.12654511e-01
576 7 2.74889357e+00 5.11013175e-01
577 7 2.74889357e+00 5.11224726e-01
578 7 2.74889357e+00 5.11484924e-01
579 7 2.74889357e+00 5.11545389e-01
580 7 2.74889357e+00 5.10407607e-01
581 7 2.74889357e+00 5.07910822e-01
582 7 2.74889357e+00 5.15280042e-01
583 7 2.74889357e+00 5.14106663e-01
584 7 2.74889357e+00 5.12428955e-01
585 7 2.74889357e+00 5.12331877e-01
586 7 2.74889357e+00 5.11472738e-01
587 7 2.74889357e+00 5.14568300e-01
588 7 2.74889357e+00 5.14373406e-01
589 7 2.74889357e+00 5.09311429e-01
590 7 2.74889357e+00 5.14450918e-01
591 7 2.74889357e+00 5.09959550e-01
592 7 2.74889357e+00 5.12539160e-01
593 7 2.74889357e+00 5.12905745e-01
594 7 2.74889357e+00 5.10822427e-01
595 7 2.74889357e+00 5.13307094e-01
596 7 2.74889357e+00 5.15165982e-01
597 7 2.74889357e+00 5.12241676e-01
598 7 2.74889357e+00 5.11684956e-01
599 7 2.74889357e+00 5.11183887e-01
600 7 2.74889357e+00 5.09989554e-01
601 7 2.74889357e+00 5.12596477e-01
602 7 2.74889357e+00 5.10308894e-01
603 7 2.74889357e+00 5.13627763e-01
604 7 2.74889357e+00 5.13359451e-01
605 7 2.74889357e+00 5.12092722e-01
606 7 2.74889357e+00 5.15212832e-01
607 7 2.74889357e+00 5.09473391e-01
608 7 2.74889357e+00 5.09735233e-01
609 7 2.74889357e+00 5.12486811e-01
610 7 2.74889357e+00 5.12792000e-01
611 7 2.74889357e+00 5.12337499e-01
612 7 2.74889357e+00 5.12645305e-01
613 7 2.74889357e+00 5.15759969e-01
614 7 2.74889357e+00 5.09367852e-01
615 7 2.74889357e+00 5.13610786e-01
616 7 2.74889357e+00 5.13553698e-01
617 7 2.74889357e+00 5.15254064e-01
618 7 2.74889357e+00 5.13187552e-01
619 7 2.74889357e+00 5.11577799e-01
620 7 2.74889357e+00 5.14392131e-01
621 7 2.74889357e+00 5.09434971e-01
622 7 2.74889357e+00 5.09716384e-01
623 7 2.74889357e+00 5.09297493e-01
624 7 2.74889357e+00 5.10595425e-01
625 7 2.74889357e+00 5.13410468e-01
626 7 2.74889357e+00 5.10727628e-01
627 7 2.74889357e+00 5.13871670e-01
628 7 2.74889357e+00 5.15713202e-01
629 7 2.74889357e+00 5.14746605e-01
630 7 2.74889357e+00 5.13774527e-01
631 7 2.74889357e+00 5.12668286e-01
632 7 2.74889357e+00 5.10478873e-01
633 7 2.74889357e+00 5.12487283e-01
634 7 2.74889357e+00 5.11349901e-01
635 7 2.74889357e+00 5.11510443e-01
636 7 2.74889357e+00 5.15141356e-01
637 7 2.74889357e+00 5.13226985e-01
638 7 2.74889357e+00 5.10856851e-01
639 7 2.74889357e+00 5.12345071e-01
640 7 2.74889357e+00 5.12384391e-01
641 7 2.74889357e+00 5.13633279e-01
642 7 2.74889357e+00 5.15961019e-01
643 7 2.74889357e+00 5.13398884e-01
644 7 2.74889357e+00 5.14400952e-01
645 7 2.74889357e+00 5.09824318e-01
646 7 2.74889357e+00 5.10948528e-01
647 7 2.74889357e+00 5.13182004e-01
648 7 2.74889357e+00 5.13023358e-01
649 7 2.74889357e+00 5.12224166e-01
650 7 2.74889357e+00 5.15935889e-01
651 7 2.74889357e+00 5.10672257e-01
652 7 2.74889357e+00 5.10492498e-01
653 7 2.74889357e+00 5.13053978e-01
654 7 2.74889357e+00 5.14771766e-01
655 7 2.74889357e+00 5.12131266e-01
656 7 2.74889357e+00 5.10913690e-01
657 7 2.74889357e+00 5.09214524e-01
658 7 2.74889357e+00 5.10648467e-01
659 7 2.74889357e+00 5.12689792e-01
660 7 2.74889357e+00 5.10822536e-01
661 7 2.74889357e+00 5.11118271e-01
662 7 2.74889357e+00 5.10761712e-01
663 7 2.74889357e+00 5.10357343e-01
664 7 2.74889357e+00 5.13074721e-01
665 7 2.74889357e+00 5.14497011e-01
666 7 2.74889357e+00 5.10204722e-01
667 7 2.74889357e+00 5.14000260e-01
668 7 2.74889357e+00 5.11986646e-01
669 7 2.74889357e+00 5.13825828e-01
670 7 2.74889357e+00 5.11958851e-01
671 7 2.74889357e+00 5.11467675e-01
672 7 2.74889357e+00 5.15204108e-01
673 7 2.74889357e+00 5.15173227e-01
674 7 2.74889357e+00 5.09409127e-01
675 7 2.74889357e+00 5.13225638e-01
676 7 2.74889357e+00 5.14139271e-01
677 7 2.74889357e+00 5.15562906e-01
678 7 2.74889357e+00 5.15302296e-01
679 7 2.74889357e+00 5.16922276e-01
680 7 2.74889357e+00 5.15179928e-01
681 7 2.74889357e+00 5.13781116e-01
682 7 2.74889357e+00 5.12051189e-01
683 7 2.74889357e+00 5.12224837e-01
684 7 2.74889357e+00 5.12224840e-01
685 7 2.74889357e+00 5.09415311e-01
686 7 2.74889357e+00 5.11108463e-01
687 7 2.74889357e+00 5.12868607e-01
688 7 2.74889357e+00 5.12466074e-01
689 7 2.74889357e+00 5.09605737e-01
690 7 2.74889357e+00 5.13624133e-01
691 7 2.74889357e+00 5.12350222e-01
692 7 2.74889357e+00 5.13314613e-01
693 7 2.74889357e+00 5.14635152e-01
694 7 2.74889357e+00 5.14064881e-01
695 7 2.74889357e+00 5.13606277e-01
696 7 2.74889357e+00 5.12482469e-01
697 7 2.74889357e+00 5.14125905e-01
698 7 2.74889357e+00 5.09053132e-01
699 7 2.74889357e+00 5.10070007e-01
700 7 2.74889357e+00 5.08543678e-01
701 7 2.74889357e+00 5.09325507e-01
702 7 2.74889357e+00 5.13812833e-01
703 7 2.74889357e+00 5.12975869e-01
704 7 2.74889357e+00 5.11173075e-01
705 7 2.74889357e+00 5.16032274e-01
706 7 2.74889357e+00 5.15294445e-01
707 7 2.74889357e+00 5.12207466e-01
708 7 2.74889357e+00 5.13389924e-01
709 7 2.74889357e+00 5.14021721e-01
710 7 2.74889357e+00 5.12812592e-01
711 7 2.74889357e+00 5.11998979e-01
712 7 2.74889357e+00 5.13979193e-01
713 7 2.74889357e+00 5.12634456e-01
714 7 2.74889357e+00 5.09581932e-01
715 7 2.74889357e+00 5.15596019e-01
716 7 2.74889357e+00 5.12869094e-01
717 7 2.74889357e+00 5.14324748e-01
718 7 2.74889357e+00 5.12816549e-01
719 7 2.74889357e+00 5.12188671e-01
720 7 2.74889357e+00 5.14596224e-01
721 7 2.74889357e+00 5.14158583e-01
722 7 2.74889357e+00 5.10106110e-01
723 7 2.74889357e+00 5.10955400e-01
724 7 2.74889357e+00 5.11619965e-01
725 7 2.74889357e+00 5.12622856e-01
726 7 2.74889357e+00 5.13058960e-01
727 7 2.74889357e+00 5.09040051e-01
728 7 2.74889357e+00 5.12167449e-01
729 7 2.74889357e+00 5.10144900e-01
730 7 2.74889357e+00 5.13058030e-01
731 7 2.74889357e+00 5.08307078e-01
732 7 2.74889357e+00 5.13893821e-01
733 7 2.74889357e+00 5.14051009e-01
734 7 2.74889357e+00 5.11394791e-01
735 7 2.74889357e+00 5.14159487e-01
736 7 2.74889357e+00 5.10112669e-01
737 7 2.74889357e+00 5.12830238e-01
738 7 2.74889357e+00 5.13428406e-01
739 7 2.74889357e+00 5.11175870e-01
740 7 2.74889357e+00 5.14728991e-01
741 7 2.74889357e+00 5.10940042e-01
742 7 2.74889357e+00 5.13856916e-01
743 7 2.74889357e+00 5.11915985e-01
744 7 2.74889357e+00 5.11744566e-01
745 7 2.74889357e+00 5.09648787e-01
746 7 2.74889357e+00 5.13235320e-01
747 7 2.74889357e+00 5.11415523e-01
748 7 2.74889357e+00 5.14618642e-01
749 7 2.74889357e+00 5.13790939e-01
750 7 2.74889357e+00 5.10314413e-01
751 7 2.74889357e+00 5.16024959e-01
752 7 2.74889357e+00 5.15419850e-01
753 7 2.74889357e+00 5.11451921e-01
754 7 2.74889357e+00 5.09987310e-01
755 7 2.74889357e+00 5.11250263e-01
756 7 2.74889357e+00 5.10352871e-01
757 7 2.74889357e+00 5.08916502e-01
758 7 2.74889357e+00 5.09690714e-01
759 7 2.74889357e+00 5.14197427e-01
760 7 2.74889357e+00 5.07911285e-01
761 7 2.74889357e+00 5.13916880e-01
762 7 2.74889357e+00 5.12648020e-01
763 7 2.74889357e+00 5.13252592e-01
764 7 2.74889357e+00 5.14850395e-01
765 7 2.74889357e+00 5.11356990e-01
766 7 2.74889357e+00 5.10214472e-01
767 7 2.74889357e+00 5.07508942e-01
768 7 2.74889357e+00 5.11460764e-01
769 7 2.74889357e+00 5.09683858e-01
770 7 2.74889357e+00 5.11063756e-01
771 7 2.74889357e+00 5.09433029e-01
772 7 2.74889357e+00 5.15421196e-01
773 7 2.74889357e+00 5.16373177e-01
774 7 2.74889357e+00 5.10493088e-01
775 7 2.74889357e+00 5.11991830e-01
776 7 2.74889357e+00 5.10206287e-01
777 7 2.74889357e+00 5.11197562e-01
778 7 2.74889357e+00 5.13282769e-01
779 7 2.74889357e+00 5.11501265e-01
780 7 2.74889357e+00 5.12156262e-01
781 7 2.74889357e+00 5.13040497e-01
782 7 2.74889357e+00 5.13603378e-01
783 7 2.74889357e+00 5.13340284e-01
784 7 2.74889357e+00 5.10985372e-01
785 7 2.74889357e+00 5.12191158e-01
786 7 2.74889357e+00 5.09759546e-01
787 7 2.74889357e+00 5.12033228e-01
788 7 2.74889357e+00 5.07825591e-01
789 7 2.74889357e+00 5.12191235e-01
790 7 2.74889357e+00 5.10501283e-01
791 7 2.74889357e+00 5.13001980e-01
792 7 2.74889357e+00 5.13434337e-01
793 7 2.74889357e+00 5.12506912e-01
794 7 2.74889357e+00 5.13193030e-01
795 7 2.74889357e+00 5.17411130e-01
796 7 2.74889357e+00 5.11571705e-01
797 7 2.74889357e+00 5.12447026e-01
798 7 2.74889357e+00 5.14294049e-01
799 7 2.74889357e+00 5.10372251e-01
800 7 2.74889357e+00 5.11883733e-01
801 7 2.74889357e+00 5.11503727e-01
802 7 2.74889357e+00 5.11944138e-01
803 7 2.74889357e+00 5.15690801e-01
804 7 2.74889357e+00 5.09462664e-01
805 7 2.74889357e+00 5.10314431e-01
806 7 2.74889357e+00 5.12279698e-01
807 7 2.74889357e+00 5.14294537e-01
808 7 2.74889357e+00 5.13076274e-01
809 7 2.74889357e+00 5.13736271e-01
810 7 2.74889357e+00 5.13213000e-01
811 7 2.74889357e+00 5.12809309e-01
812 7 2.74889357e+00 5.09370792e-01
813 7 2.74889357e+00 5.11798705e-01
814 7 2.74889357e+00 5.11726476e-01
815 7 2.74889357e+00 5.11885352e-01
816 7 2.74889357e+00 5.13417796e-01
817 7 2.74889357e+00 5.14833820e-01
818 7 2.74889357e+00 5.14560521e-01
819 7 2.74889357e+00 5.09602745e-01
820 7 2.74889357e+00 5.14487042e-01
821 7 2.74889357e+00 5.09759013e-01
822 7 2.74889357e+00 5.12970007e-01
823 7 2.74889357e+00 5.16551037e-01
824 7 2.74889357e+00 5.14290840e-01
825 7 2.74889357e+00 5.12591744e-01
826 7 2.74889357e+00 5.13548396e-01
827 7 2.74889357e+00 5.11013428e-01
828 7 2.74889357e+00 5.11567025e-01
829 7 2.74889357e+00 5.17263632e-01
830 7 2.74889357e+00 5.09842085e-01
831 7 2.74889357e+00 5.11444515e-01
832 7 2.74889357e+00 5.14038140e-01
833 7 2.74889357e+00 5.12779616e-01
834 7 2.74889357e+00 5.10337554e-01
835 7 2.74889357e+00 5.16332705e-01
836 7 2.74889357e+00 5.14632423e-01
837 7 2.74889357e+00 5.12021425e-01
838 7 2.74889357e+00 5.10930161e-01
839 7 2.74889357e+00 5.14973877e-01
840 7 2.74889357e+00 5.12393767e-01
841 7 2.74889357e+00 5.12005221e-01
842 7 2.74889357e+00 5.13422182e-01
843 7 2.74889357e+00 5.11360309e-01
844 7 2.74889357e+00 5.10684787e-01
845 7 2.74889357e+00 5.14894069e-01
846 7 2.74889357e+00 5.13939414e-01
847 7 2.74889357e+00 5.07729932e-01
848 7 2.74889357e+00 5.12566260e-01
849 7 2.74889357e+00 5.10864862e-01
850 7 2.74889357e+00 5.10006135e-01
851 7 2.74889357e+00 5.13441440e-01
852 7 2.74889357e+00 5.10114139e-01
853 7 2.74889357e+00 5.08247195e-01
854 7 2.74889357e+00 5.14293256e-01
855 7 2.74889357e+00 5.11843562e-01
856 7 2.74889357e+00 5.09839789e-01
857 7 2.74889357e+00 5.09203792e-01
858 7 2.74889357e+00 5.17438737e-01
859 7 2.74889357e+00 5.13242098e-01
860 7 2.74889357e+00 5.14260330e-01
861 7 2.74889357e+00 5.11362205e-01
862 7 2.74889357e+00 5.12489970e-01
863 7 2.74889357e+00 5.09917851e-01
864 7 2.74889357e+00 5.13696309e-01
865 7 2.74889357e+00 5.14209584e-01
866 7 2.74889357e+00 5.11934723e-01
867 7 2.74889357e+00 5.12346141e-01
868 7 2.74889357e+00 5.14568859e-01
869 7 2.74889357e+00 5.12268174e-01
870 7 2.74889357e+00 5.11539804e-01
871 7 2.74889357e+00 5.13353627e-01
872 7 2.74889357e+00 5.15638507e-01
873 7 2.74889357e+00 5.12571457e-01
874 7 2.74889357e+00 5.10763336e-01
875 7 2.74889357e+00 5.11520076e-01
876 7 2.74889357e+00 5.12020453e-01
877 7 2.74889357e+00 5.11620244e-01
878 7 2.74889357e+00 5.11247762e-01
879 7 2.74889357e+00 5.07793514e-01
880 7 2.74889357e+00 5.09959260e-01
881 7 2.74889357e+00 5.13035819e-01
882 7 2.74889357e+00 5.10787612e-01
883 7 2.74889357e+00 5.12969168e-01
884 7 2.74889357e+00 5.10487792e-01
885 7 2.74889357e+00 5.14581271e-01
886 7 2.74889357e+00 5.11997530e-01
887 7 2.74889357e+00 5.09693862e-01
888 7 2.74889357e+00 5.11287541e-01
889 7 2.74889357e+00 5.14647759e-01
890 7 2.74889357e+00 5.08715310e-01
891 7 2.74889357e+00 5.10043778e-01
892 7 2.74889357e+00 5.11872032e-01
893 7 2.74889357e+00 5.08152088e-01
894 7 2.74889357e+00 5.13865910e-01
895 7 2.74889357e+00 5.14379035e-01
896 7 2.74889357e+00 5.13932162e-01
897 7 2.74889357e+00 5.14950406e-01
898 7 2.74889357e+00 5.11633568e-01
899 7 2.74889357e+00 5.10426024e-01
900 7 2.74889357e+00 5.10628146e-01
901 7 2.74889357e+00 5.12007211e-01
902 7 2.74889357e+00 5.13926929e-01
903 7 2.74889357e+00 5.12191582e-01
904 7 2.74889357e+00 5.12393579e-01
905 7 2.74889357e+00 5.10091722e-01
906 7 2.74889357e+00 5.12693203e-01
907 7 2.74889357e+00 5.10937276e-01
908 7 2.74889357e+00 5.14802426e-01
909 7 2.74889357e+00 5.16728169e-01
910 7 2.74889357e+00 5.14107476e-01
911 7 2.74889357e+00 5.13807671e-01
912 7 2.74889357e+00 5.12631323e-01
913 7 2.74889357e+00 5.16179304e-01
914 7 2.74889357e+00 5.09863568e-01
915 7 2.74889357e+00 5.07992977e-01
916 7 2.74889357e+00 5.14144747e-01
917 7 2.74889357e+00 5.11060086e-01
918 7 2.74889357e+00 5.15629376e-01
919 7 2.74889357e+00 5.15434831e-01
920 7 2.74889357e+00 5.10920515e-01
921 7 2.74889357e+00 5.09868256e-01
922 7 2.74889357e+00 5.12582153e-01
923 7 2.74889357e+00 5.11805823e-01
924 7 2.74889357e+00 5.13884443e-01
925 7 2.74889357e+00 5.12842277e-01
926 7 2.74889357e+00 5.10248789e-01
927 7 2.74889357e+00 5.14276854e-01
928 7 2.74889357e+00 5.11478257e-01
929 7 2.74889357e+00 5.14654360e-01
930 7 2.74889357e+00 5.11330304e-01
931 7 2.74889357e+00 5.14067128e-01
932 7 2.74889357e+00 5.11931723e-01
933 7 2.74889357e+00 5.10659531e-01
934 7 2.74889357e+00 5.12134303e-01
935 7 2.74889357e+00 5.13420595e-01
936 7 2.74889357e+00 5.12226648e-01
937 7 2.74889357e+00 5.14534197e-01
938 7 2.74889357e+00 5.12570318e-01
939 7 2.74889357e+00 5.10514776e-01
940 7 2.74889357e+00 5.11664268e-01
941 7 2.74889357e+00 5.10481111e-01
942 7 2.74889357e+00 5.13295439e-01
943 7 2.74889357e+00 5.14663619e-01
944 7 2.74889357e+00 5.13054224e-01
945 7 2.74889357e+00 5.11377102e-01
946 7 2.74889357e+00 5.11942226e-01
947 7 2.74889357e+00 5.11477887e-01
948 7 2.74889357e+00 5.10655863e-01
949 7 2.74889357e+00 5.13139483e-01
950 7 2.74889357e+00 5.11130221e-01
951 7 2.74889357e+00 5.13870020e-01
952 7 2.74889357e+00 5.04612997e-01
953 7 2.74889357e+00 5.12527357e-01
954 7 2.74889357e+00 5.12736284e-01
955 7 2.74889357e+00 5.13000552e-01
956 7 2.74889357e+00 5.11253393e-01
957 7 2.74889357e+00 5.14951390e-01
958 7 2.74889357e+00 5.11468355e-01
959 7 2.74889357e+00 5.11189785e-01
960 7 2.74889357e+00 5.13284163e-01
961 7 2.74889357e+00 5.14269665e-01
962 7 2.74889357e+00 5.11797213e-01
963 7 2.74889357e+00 5.11929622e-01
964 7 2.74889357e+00 5.09505350e-01
965 7 2.74889357e+00 5.13185031e-01
966 7 2.74889357e+00 5.11124843e-01
967 7 2.74889357e+00 5.11801525e-01
968 7 2.74889357e+00 5.11871509e-01
969 7 2.74889357e+00 5.11017695e-01
970 7 2.74889357e+00 5.12052781e-01
971 7 2.74889357e+00 5.10055354e-01
972 7 2.74889357e+00 5.12942577e-01
973 7 2.74889357e+00 5.10130584e-01
974 7 2.74889357e+00 5.10915192e-01
975 7 2.74889357e+00 5.17164638e-01
976 7 2.74889357e+00 5.10456333e-01
977 7 2.74889357e+00 5.12319041e-01
978 7 2.74889357e+00 5.09751731e-01
979 7 2.74889357e+00 5.10233277e-01
980 7 2.74889357e+00 5.10496319e-01
981 7 2.74889357e+00 5.13089217e-01
982 7 2.74889357e+00 5.12106625e-01
983 7 2.74889357e+00 5.15830377e-01
984 7 2.74889357e+00 5.08931080e-01
985 7 2.74889357e+00 5.11767613e-01
986 7 2.74889357e+00 5.12557018e-01
987 7 2.74889357e+00 5.08845484e-01
988 7 2.74889357e+00 5.11972530e-01
989 7 2.74889357e+00 5.09971489e-01
990 7 2.74889357e+00 5.12619788e-01
991 7 2.74889357e+00 5.10629075e-01
992 7 2.74889357e+00 5.12857724e-01
993 7 2.74889357e+00 5.12091281e-01
994 7 2.74889357e+00 5.13331106e-01
995 7 2.74889357e+00 5.19071224e-01
996 7 2.74889357e+00 5.11226078e-01
997 7 2.74889357e+00 5.10610564e-01
998 7 2.74889357e+00 5.10733369e-01
999 7 2.74889357e+00 5.16135149e-01
1000 7 2.74889357e+00 5.12814984e-01
1001 7 2.74889357e+00 5.15299859e-01
1002 7 2.74889357e+00 5.06953046e-01
1003 7 2.74889357e+00 5.10030542e-01
1004 7 2.74889357e+00 5.12179204e-01
1005 7 2.74889357e+00 5.07385719e-01
1006 7 2.74889357e+00 5.13389179e-01
1007 7 2.74889357e+00 5.11573443e-01
1008 7 2.74889357e+00 5.11828412e-01
1009 7 2.74889357e+00 5.11100940e-01
1010 7 2.74889357e+00 5.13328808e-01
1011 7 2.74889357e+00 5.11338365e-01
1012 7 2.74889357e+00 5.09361054e-01
1013 7 2.74889357e+00 5.06744026e-01
1014 7 2.74889357e+00 5.11526858e-01
1015 7 2.74889357e+00 5.13135796e-01
1016 7 2.74889357e+00 5.15039016e-01
1017 7 2.74889357e+00 5.03420700e-01
1018 7 2.74889357e+00 5.13794268e-01
1019 7 2.74889357e+00 5.13611088e-01
1020 7 2.74889357e+00 5.10929468e-01
1021 7 2.74889357e+00 5.09971035e-01
1022 7 2.74889357e+00 5.10818261e-01
1023 7 2.74889357e+00 5.11235897e-01
1024 7 2.74889357e+00 5.10910708e-01
1025 7 2.74889357e+00 5.10002367e-01
0 8 3.14159265e+00 5.45830875e-01
1 8 3.14159265e+00 5.43342419e-01
2 8 3.14159265e+00 5.44277314e-01
3 8 3.14159265e+00 5.41816792e-01
4 8 3.14159265e+00 5.43072228e-01
5 8 3.14159265e+00 5.41576465e-01
6 8 3.14159265e+00 5.42255427e-01
7 8 3.14159265e+00 5.44227129e-01
8 8 3.14159265e+00 5.44341493e-01
9 8 3.14159265e+00 5.42523041e-01
10 8 3.14159265e+00 5.43562525e-01
11 8 3.14159265e+00 5.45877273e-01
12 8 3.14159265e+00 5.44188226e-01
13 8 3.14159265e+00 5.47101519e-01
14 8 3.14159265e+00 5.43756895e-01
15 8 3.14159265e+00 5.42183301e-01
16 8 3.14159265e+00 5.38155316e-01
17 8 3.14159265e+00 5.40945637e-01
18 8 3.14159265e+00 5.42348723e-01
19 8 3.14159265e+00 5.44458696e-01
20 8 3.14159265e+00 5.42013711e-01
21 8 3.14159265e+00 5.43180471e-01
22 8 3.14159265e+00 5.43379901e-01
23 8 3.14159265e+00 5.43802405e-01
24 8 3.14159265e+00 5.41010167e-01
25 8 3.14159265e+00 5.42697965e-01
26 8 3.14159265e+00 5.44301038e-01
27 8 3.14159265e+00 5.45173637e-01
28 8 3.14159265e+00 5.42027481e-01
29 8 3.14159265e+00 5.42761264e-01
30 8 3.14159265e+00 5.44982205e-01
31 8 3.14159265e+00 5.40863079e-01
32 8 3.14159265e+00 5.42541670e-01
33 8 3.14159265e+00 5.41361403e-01
34 8 3.14159265e+00 5.40955899e-01
35 8 3.14159265e+00 5.39174426e-01
36 8 3.14159265e+00 5.41155271e-01
37 8 3.14159265e+00 5.42332991e-01
38 8 3.14159265e+00 5.41470553e-01
39 8 3.14159265e+00 5.41829048e-01
40 8 3.14159265e+00 5.42444099e-01
41 8 3.14159265e+00 5.42412592e-01
42 8 3.14159265e+00 5.46175775e-01
43 8 3.14159265e+00 5.40595702e-01
44 8 3.14159265e+00 5.50462648e-01
45 8 3.14159265e+00 5.42174506e-01
46 8 3.14159265e+00 5.44090095e-01
47 8 3.14159265e+00 5.47447197e-01
48 8 3.14159265e+00 5.42459030e-01
49 8 3.14159265e+00 5.45548450e-01
50 8 3.14159265e+00 5.44127388e-01
51 8 3.14159265e+00 5.44994232e-01
52 8 3.14159265e+00 5.46279569e-01
53 8 3.14159265e+00 5.42809021e-01
54 8 3.14159265e+00 5.43906166e-01
55 8 3.14159265e+00 5.47515226e-01
56 8 3.14159265e+00 5.43066967e-01
57 8 3.14159265e+00 5.44645158e-01
58 8 3.14159265e+00 5.42887217e-01
59 8 3.14159265e+00 5.44024811e-01
60 8 3.14159265e+00 5.44018906e-01
61 8 3.14159265e+00 5.42377679e-01
62 8 3.14159265e+00 5.41242549e-01
63 8 3.14159265e+00 5.39407192e-01
64 8 3.14159265e+00 5.39537574e-01
65 8 3.14159265e+00 5.43940206e-01
66 8 3.14159265e+00 5.43942904e-01
67 8 3.14159265e+00 5.41796305e-01
68 8 3.14159265e+00 5.42121903e-01
69 8 3.14159265e+00 5.44777193e-01
70 8 3.14159265e+00 5.42053808e-01
71 8 3.14159265e+00 5.42058258e-01
72 8 3.14159265e+00 5.43109983e-01
73 8 3.14159265e+00 5.39445929e-01
74 8 3.14159265e+00 5.41183303e-01
75 8 3.14159265e+00 5.43422470e-01
76 8 3.14159265e+00 5.42322456e-01
77 8 3.14159265e+00 5.41952114e-01
78 8 3.14159265e+00 5.42486272e-01
79 8 3.14159265e+00 5.45509198e-01
80 8 3.14159265e+00 5.42318845e-01
81 8 3.14159265e+00 5.42416154e-01
82 8 3.14159265e+00 5.37120141e-01
83 8 3.14159265e+00 5.44467438e-01
84 8 3.14159265e+00 5.44929003e-01
85 8 3.14159265e+00 5.40937782e-01
86 8 3.14159265e+00 5.43467014e-01
87 8 3.14159265e+00 5.48820862e-01
88 8 3.14159265e+00 5.43385652e-01
89 8 3.14159265e+00 5.42570311e-01
90 8 3.14159265e+00 5.46060784e-01
91 8 3.14159265e+00 5.42912589e-01
92 8 3.14159265e+00 5.46579961e-01
93 8 3.14159265e+00 5.42365931e-01
94 8 3.14159265e+00 5.43921866e-01
95 8 3.14159265e+00 5.40485186e-01
96 8 3.14159265e+00 5.42696499e-01
97 8 3.14159265e+00 5.41344269e-01
98 8 3.14159265e+00 5.43644208e-01
99 8 3.14159265e+00 5.42896767e-01
100 8 3.14159265e+00 5.40211342e-01
101 8 3.14159265e+00 5.43997639e-01
102 8 3.14159265e+00 5.41792195e-01
103 8 3.14159265e+00 5.45579559e-01
104 8 3.14159265e+00 5.40936762e-01
105 8 3.14159265e+00 5.39350536e-01
106 8 3.14159265e+00 5.40746901e-01
107 8 3.14159265e+00 5.39464082e-01
108 8 3.14159265e+00 5.44828476e-01
109 8 3.14159265e+00 5.42223091e-01
110 8 3.14159265e+00 5.44450888e-01
111 8 3.14159265e+00 5.41666182e-01
112 8 3.14159265e+00 5.44790507e-01
113 8 3.14159265e+00 5.46310462e-01
114 8 3.14159265e+00 5.43446631e-01
115 8 3.14159265e+00 5.45044122e-01
116 8 3.14159265e+00 5.46011982e-01
117 8 3.14159265e+00 5.39440218e-01
118 8 3.14159265e+00 5.41031101e-01
119 8 3.14159265e+00 5.43920498e-01
120 8 3.14159265e+00 5.44869067e-01
121 8 3.14159265e+00 5.44069693e-01
122 8 3.14159265e+00 5.41322128e-01
123 8 3.14159265e+00 5.43142748e-01
124 8 3.14159265e+00 5.43666419e-01
125 8 3.14159265e+00 5.40912330e-01
126 8 3.14159265e+00 5.40582440e-01
127 8 3.14159265e+00 5.49208859e-01
128 8 3.14159265e+00 5.45526234e-01
129 8 3.14159265e+00 5.38583471e-01
130 8 3.14159265e+00 5.42533568e-01
131 8 3.14159265e+00 5.44231104e-01
132 8 3.14159265e+00 5.42533799e-01
133 8 3.14159265e+00 5.44354108e-01
134 8 3.14159265e+00 5.39516112e-01
135 8 3.14159265e+00 5.44821275e-01
136 8 3.14159265e+00 5.40673220e-01
137 8 3.14159265e+00 5.40544482e-01
138 8 3.14159265e+00 5.43489575e-01
139 8 3.14159265e+00 5.43769204e-01
140 8 3.14159265e+00 5.46110268e-01
141 8 3.14159265e+00 5.39221330e-01
142 8 3.14159265e+00 5.41336984e-01
143 8 3.14159265e+00 5.43789895e-01
144 8 3.14159265e+00 5.45036161e-01
145 8 3.14159265e+00 5.42099933e-01
146 8 3.14159265e+00 5.43163736e-01
147 8 3.14159265e+00 5.42956209e-01
148 8 3.14159265e+00 5.38986227e-01
149 8 3.14159265e+00 5.43132521e-01
150 8 3.14159265e+00 5.46509090e-01
151 8 3.14159265e+00 5.42286350e-01
152 8 3.14159265e+00 5.43348170e-01
153 8 3.14159265e+00 5.43194196e-01
154 8 3.14159265e+00 5.39802748e-01
155 8 3.14159265e+00 5.38082486e-01
156 8 3.14159265e+00 5.43652791e-01
157 8 3.14159265e+00 5.45046808e-01
158 8 3.14159265e+00 5.43292280e-01
159 8 3.14159265e+00 5.45887402e-01
160 8 3.14159265e+00 5.40451251e-01
161 8 3.14159265e+00 5.41873437e-01
162 8 3.14159265e+00 5.42263467e-01
163 8 3.14159265e+00 5.44417327e-01
164 8 3.14159265e+00 5.44137349e-01
165 8 3.14159265e+00 5.42821937e-01
166 8 3.14159265e+00 5.43324027e-01
167 8 3.14159265e+00 5.44848681e-01
168 8 3.14159265e+00 5.38746971e-01
169 8 3.14159265e+00 5.46666614e-01
170 8 3.14159265e+00 5.43043508e-01
171 8 3.14159265e+00 5.44789822e-01
172 8 3.14159265e+00 5.43530683e-01
173 8 3.14159265e+00 5.45719155e-01
174 8 3.14159265e+00 5.43999031e-01
175 8 3.14159265e+00 5.43499961e-01
176 8 3.14159265e+00 5.44748814e-01
177 8 3.14159265e+00 5.44326110e-01
178 8 3.14159265e+00 5.47621279e-01
179 8 3.14159265e+00 5.41814309e-01
180 8 3.14159265e+00 5.43293030e-01
181 8 3.14159265e+00 5.42636198e-01
182 8 3.14159265e+00 5.42459543e-01
183 8 3.14159265e+00 5.44030237e-01
184 8 3.14159265e+00 5.42990356e-01
185 8 3.14159265e+00 5.45473276e-01
186 8 3.14159265e+00 5.42981430e-01
187 8 3.14159265e+00 5.45617266e-01
188 8 3.14159265e+00 5.36843294e-01
189 8 3.14159265e+00 5.41335903e-01
190 8 3.14159265e+00 5.43877192e-01
191 8 3.14159265e+00 5.41444243e-01
192 8 3.14159265e+00 5.42185924e-01
193 8 3.14159265e+00 5.45030898e-01
194 8 3.14159265e+00 5.41982362e-01
195 8 3.14159265e+00 5.42347557e-01
196 8 3.14159265e+00 5.41006425e-01
197 8 3.14159265e+00 5.42840620e-01
198 8 3.14159265e+00 5.44946720e-01
199 8 3.14159265e+00 5.42692290e-01
200 8 3.14159265e+00 5.42658579e-01
201 8 3.14159265e+00 5.40707650e-01
202 8 3.14159265e+00 5.42798544e-01
203 8 3.14159265e+00 5.43263479e-01
204 8 3.14159265e+00 5.41570862e-01
205 8 3.14159265e+00 5.43448759e-01
206 8 3.14159265e+00 5.46750844e-01
207 8 3.14159265e+00 5.45158550e-01
208 8 3.14159265e+00 5.43230412e-01
209 8 3.14159265e+00 5.44716455e-01
210 8 3.14159265e+00 5.42548380e-01
211 8 3.14159265e+00 5.43284072e-01
212 8 3.14159265e+00 5.43601273e-01
213 8 3.14159265e+00 5.42176629e-01
214 8 3.14159265e+00 5.44827151e-01
215 8 3.14159265e+00 5.39149729e-01
216 8 3.14159265e+00 5.46250025e-01
217 8 3.14159265e+00 5.42940123e-01
218 8 3.14159265e+00 5.44514305e-01
219 8 3.14159265e+00 5.44242619e-01
220 8 3.14159265e+00 5.46758853e-01
221 8 3.14159265e+00 5.43673864e-01
222 8 3.14159265e+00 5.46064568e-01
223 8 3.14159265e+00 5.45789264e-01
224 8 3.14159265e+00 5.43707828e-01
225 8 3.14159265e+00 5.41101839e-01
226 8 3.14159265e+00 5.41878087e-01
227 8 3.14159265e+00 5.42591662e-01
228 8 3.14159265e+00 5.39045794e-01
229 8 3.14159265e+00 5.44037630e-01
230 8 3.14159265e+00 5.40434627e-01
231 8 3.14159265e+00 5.43193416e-01
232 8 3.14159265e+00 5.40159752e-01
233 8 3.14159265e+00 5.45147013e-01
234 8 3.14159265e+00 5.44741816e-01
235 8 3.14159265e+00 5.44981236e-01
236 8 3.14159265e+00 5.42605527e-01
237 8 3.14159265e+00 5.41545414e-01
238 8 3.14159265e+00 5.42222918e-01
239 8 3.14159265e+00 5.43024437e-01
240 8 3.14159265e+00 5.42068864e-01
241 8 3.14159265e+00 5.43163150e-01
242 8 3.14159265e+00 5.41131797e-01
243 8 3.14159265e+00 5.45823154e-01
244 8 3.14159265e+00 5.40815678e-01
245 8 3.14159265e+00 5.46827727e-01
246 8 3.14159265e+00 5.44224902e-01
247 8 3.14159265e+00 5.41659742e-01
248 8 3.14159265e+00 5.47802738e-01
249 8 3.14159265e+00 5.43267819e-01
250 8 3.14159265e+00 5.47275302e-01
251 8 3.14159265e+00 5.47004088e-01
252 8 3.14159265e+00 5.46565148e-01
253 8 3.14159265e+00 5.43899293e-01
254 8 3.14159265e+00 5.46744566e-01
255 8 3.14159265e+00 5.46643766e-01
256 8 3.14159265e+00 5.42485148e-01
257 8 3.14159265e+00 5.37536500e-01
258 8 3.14159265e+00 5.45862329e-01
259 8 3.14159265e+00 5.42304070e-01
260 8 3.14159265e+00 5.45648548e-01
261 8 3.14159265e+00 5.45520832e-01
262 8 3.14159265e+00 5.42657335e-01
263 8 3.14159265e+00 5.47193972e-01
264 8 3.14159265e+00 5.47981364e-01
265 8 3.14159265e+00 5.44647348e-01
266 8 3.14159265e+00 5.41647322e-01
267 8 3.14159265e+00 5.43524118e-01
268 8 3.14159265e+00 5.43543141e-01
269 8 3.14159265e+00 5.40129134e-01
270 8 3.14159265e+00 5.44008378e-01
271 8 3.14159265e+00 5.43963560e-01
272 8 3.14159265e+00 5.45492083e-01
273 8 3.14159265e+00 5.44952285e-01
274 8 3.14159265e+00 5.40425474e-01
275 8 3.14159265e+00 5.46577343e-01
276 8 3.14159265e+00 5.42764864e-01
277 8 3.14159265e+00 5.48032243e-01
278 8 3.14159265e+00 5.40897115e-01
279 8 3.14159265e+00 5.42177071e-01
280 8 3.14159265e+00 5.45018870e-01
281 8 3.14159265e+00 5.44096462e-01
282 8 3.14159265e+00 5.42353125e-01
283 8 3.14159265e+00 5.39091418e-01
284 8 3.14159265e+00 5.41256397e-01
285 8 3.14159265e+00 5.45620858e-01
286 8 3.14159265e+00 5.47098632e-01
287 8 3.14159265e+00 5.40329297e-01
288 8 3.14159265e+00 5.47916191e-01
289 8 3.14159265e+00 5.43929134e-01
290 8 3.14159265e+00 5.45976450e-01
291 8 3.14159265e+00 5.43964485e-01
292 8 3.14159265e+00 5.48288185e-01
293 8 3.14159265e+00 5.45406595e-01
294 8 3.14159265e+00 5.46249948e-01
295 8 3.14159265e+00 5.42393450e-01
296 8 3.14159265e+00 5.45910827e-01
297 8 3.14159265e+00 5.42706745e-01
298 8 3.14159265e+00 5.44359161e-01
299 8 3.14159265e+00 5.39853757e-01
300 8 3.14159265e+00 5.40830493e-01
301 8 3.14159265e+00 5.38193606e-01
302 8 3.14159265e+00 5.39947207e-01
303 8 3.14159265e+00 5.39578291e-01
304 8 3.14159265e+00 5.44375874e-01
305 8 3.14159265e+00 5.42240816e-01
306 8 3.14159265e+00 5.41428273e-01
307 8 3.14159265e+00 5.40279534e-01
308 8 3.14159265e+00 5.42001788e-01
309 8 3.14159265e+00 5.45506364e-01
310 8 3.14159265e+00 5.47644613e-01
311 8 3.14159265e+00 5.46149718e-01
312 8 3.14159265e+00 5.50716458e-01
313 8 3.14159265e+00 5.41413234e-01
314 8 3.14159265e+00 5.42079888e-01
315 8 3.14159265e+00 5.39194168e-01
316 8 3.14159265e+00 5.42780237e-01
317 8 3.14159265e+00 5.42766702e-01
318 8 3.14159265e+00 5.41671677e-01
319 8 3.14159265e+00 5.47015541e-01
320 8 3.14159265e+00 5.43806126e-01
321 8 3.14159265e+00 5.40053457e-01
322 8 3.14159265e+00 5.45413165e-01
323 8 3.14159265e+00 5.43413769e-01
324 8 3.14159265e+00 5.46793482e-01
325 8 3.14159265e+00 5.42938165e-01
326 8 3.14159265e+00 5.42730239e-01
327 8 3.14159265e+00 5.47128010e-01
328 8 3.14159265e+00 5.41136042e-01
329 8 3.14159265e+00 5.40341260e-01
330 8 3.14159265e+00 5.44963997e-01
331 8 3.14159265e+00 5.42564513e-01
332 8 3.14159265e+00 5.42348068e-01
333 8 3.14159265e+00 5.44813693e-01
334 8 3.14159265e+00 5.39179047e-01
335 8 3.14159265e+00 5.45113502e-01
336 8 3.14159265e+00 5.43857765e-01
337 8 3.14159265e+00 5.42356657e-01
338 8 3.14159265e+00 5.47491422e-01
339 8 3.14159265e+00 5.45688813e-01
340 8 3.14159265e+00 5.44738678e-01
341 8 3.14159265e+00 5.41082342e-01
342 8 3.14159265e+00 5.45788299e-01
343 8 3.14159265e+00 5.39656087e-01
344 8 3.14159265e+00 5.37668574e-01
345 8 3.14159265e+00 5.43807670e-01
346 8 3.14159265e+00 5.41608436e-01
347 8 3.14159265e+00 5.43529409e-01
348 8 3.14159265e+00 5.40293005e-01
349 8 3.14159265e+00 5.38226944e-01
350 8 3.14159265e+00 5.39190551e-01
351 8 3.14159265e+00 5.46374606e-01
352 8 3.14159265e+00 5.40229338e-01
353 8 3.14159265e+00 5.45465470e-01
354 8 3.14159265e+00 5.48479865e-01
355 8 3.14159265e+00 5.44776275e-01
356 8 3.14159265e+00 5.43378833e-01
357 8 3.14159265e+00 5.43767692e-01
358 8 3.14159265e+00 5.41144661e-01
359 8 3.14159265e+00 5.43244431e-01
360 8 3.14159265e+00 5.43742962e-01
361 8 3.14159265e+00 5.40964683e-01
362 8 3.14159265e+00 5.46414149e-01
363 8 3.14159265e+00 5.41204789e-01
364 8 3.14159265e+00 5.47148256e-01
365 8 3.14159265e+00 5.46519089e-01
366 8 3.14159265e+00 5.41037988e-01
367 8 3.14159265e+00 5.42349333e-01
368 8 3.14159265e+00 5.42270966e-01
369 8 3.14159265e+00 5.40789882e-01
370 8 3.14159265e+00 5.45820347e-01
371 8 3.14159265e+00 5.40384336e-01
372 8 3.14159265e+00 5.42287030e-01
373 8 3.14159265e+00 5.43995322e-01
374 8 3.14159265e+00 5.48162053e-01
375 8 3.14159265e+00 5.40871428e-01
376 8 3.14159265e+00 5.40582812e-01
377 8 3.14159265e+00 5.43856465e-01
378 8 3.14159265e+00 5.43460976e-01
379 8 3.14159265e+00 5.45562263e-01
380 8 3.14159265e+00 5.42481009e-01
381 8 3.14159265e+00 5.45073238e-01
382 8 3.14159265e+00 5.46287846e-01
383 8 3.14159265e+00 5.43769258e-01
384 8 3.14159265e+00 5.36294801e-01
385 8 3.14159265e+00 5.44248909e-01
386 8 3.14159265e+00 5.46791235e-01
387 8 3.14159265e+00 5.44239294e-01
388 8 3.14159265e+00 5.43060838e-01
389 8 3.14159265e+00 5.45003352e-01
390 8 3.14159265e+00 5.38776395e-01
391 8 3.14159265e+00 5.45187819e-01
392 8 3.14159265e+00 5.41520806e-01
393 8 3.14159265e+00 5.40871115e-01
394 8 3.14159265e+00 5.37397223e-01
395 8 3.14159265e+00 5.43330365e-01
396 8 3.14159265e+00 5.47219558e-01
397 8 3.14159265e+00 5.44558446e-01
398 8 3.14159265e+00 5.44768063e-01
399 8 3.14159265e+00 5.42430249e-01
400 8 3.14159265e+00 5.42044868e-01
401 8 3.14159265e+00 5.47187130e-01
402 8 3.14159265e+00 5.40673069e-01
403 8 3.14159265e+00 5.37713627e-01
404 8 3.14159265e+00 5.42734253e-01
405 8 3.14159265e+00 5.45698452e-01
406 8 3.14159265e+00 5.42129989e-01
407 8 3.14159265e+00 5.41834226e-01
408 8 3.14159265e+00 5.43169849e-01
409 8 3.14159265e+00 5.47156348e-01
410 8 3.14159265e+00 5.43470677e-01
411 8 3.14159265e+00 5.39287286e-01
412 8 3.14159265e+00 5.38284371e-01
413 8 3.14159265e+00 5.42692100e-01
414 8 3.14159265e+00 5.46644974e-01
415 8 3.14159265e+00 5.46132397e-01
416 8 3.14159265e+00 5.42131445e-01
417 8 3.14159265e+00 5.41198983e-01
418 8 3.14159265e+00 5.47225563e-01
419 8 3.14159265e+00 5.44160184e-01
420 8 3.14159265e+00 5.44209456e-01
421 8 3.14159265e+00 5.41430505e-01
422 8 3.14159265e+00 5.43508337e-01
423 8 3.14159265e+00 5.43477075e-01
424 8 3.14159265e+00 5.37339212e-01
425 8 3.14159265e+00 5.41288318e-01
426 8 3.14159265e+00 5.42083918e-01
427 8 3.14159265e+00 5.42428031e-01
428 8 3.14159265e+00 5.43922999e-01
429 8 3.14159265e+00 5.41870927e-01
430 8 3.14159265e+00 5.45792474e-01
431 8 3.14159265e+00 5.44455078e-01
432 8 3.14159265e+00 5.45394781e-01
433 8 3.14159265e+00 5.46267073e-01
434 8 3.14159265e+00 5.46552212e-01
435 8 3.14159265e+00 5.47351055e-01
436 8 3.14159265e+00 5.43365868e-01
437 8 3.14159265e+00 5.44048848e-01
438 8 3.14159265e+00 5.44892582e-01
439 8 3.14159265e+00 5.42170523e-01
440 8 3.14159265e+00 5.43737778e-01
441 8 3.14159265e+00 5.42320529e-01
442 8 3.14159265e+00 5.42006572e-01
443 8 3.14159265e+00 5.41756207e-01
444 8 3.14159265e+00 5.44493909e-01
445 8 3.14159265e+00 5.37003986e-01
446 8 3.14159265e+00 5.45689911e-01
447 8 3.14159265e+00 5.42260201e-01
448 8 3.14159265e+00 5.41625959e-01
449 8 3.14159265e+00 5.40313266e-01
450 8 3.14159265e+00 5.43082894e-01
451 8 3.14159265e+00 5.41575647e-01
452 8 3.14159265e+00 5.40912614e-01
453 8 3.14159265e+00 5.42372593e-01
454 8 3.14159265e+00 5.41354292e-01
455 8 3.14159265e+00 5.42898874e-01
456 8 3.14159265e+00 5.40594194e-01
457 8 3.14159265e+00 5.44392889e-01
458 8 3.14159265e+00 5.42448996e-01
459 8 3.14159265e+00 5.47530994e-01
460 8 3.14159265e+00 5.40111617e-01
461 8 3.14159265e+00 5.44242646e-01
462 8 3.14159265e+00 5.42236150e-01
463 8 3.14159265e+00 5.47081483e-01
464 8 3.14159265e+00 5.41365246e-01
465 8 3.14159265e+00 5.44200226e-01
466 8 3.14159265e+00 5.44698379e-01
467 8 3.14159265e+00 5.42951448e-01
468 8 3.14159265e+00 5.43082986e-01
469 8 3.14159265e+00 5.41440456e-01
470 8 3.14159265e+00 5.36302312e-01
471 8 3.14159265e+00 5.44121942e-01
472 8 3.14159265e+00 5.39911517e-01
473 8 3.14159265e+00 5.45569794e-01
474 8 3.14159265e+00 5.42471156e-01
475 8 3.14159265e+00 5.42729753e-01
476 8 3.14159265e+00 5.42726665e-01
477 8 3.14159265e+00 5.46750150e-01
478 8 3.14159265e+00 5.38917648e-01
479 8 3.14159265e+00 5.35937986e-01
480 8 3.14159265e+00 5.41571468e-01
481 8 3.14159265e+00 5.50328093e-01
482 8 3.14159265e+00 5.39216756e-01
483 8 3.14159265e+00 5.46417044e-01
484 8 3.14159265e+00 5.44329441e-01
485 8 3.14159265e+00 5.45826399e-01
486 8 3.14159265e+00 5.47493322e-01
487 8 3.14159265e+00 5.42815453e-01
488 8 3.14159265e+00 5.44767967e-01
489 8 3.14159265e+00 5.45985686e-01
490 8 3.14159265e+00 5.44539005e-01
491 8 3.14159265e+00 5.42759678e-01
492 8 3.14159265e+00 5.45144449e-01
493 8 3.14159265e+00 5.43789061e-01
494 8 3.14159265e+00 5.43083480e-01
495 8 3.14159265e+00 5.41783319e-01
496 8 3.14159265e+00 5.42521560e-01
497 8 3.14159265e+00 5.43017578e-01
498 8 3.14159265e+00 5.44469297e-01
499 8 3.14159265e+00 5.44591103e-01
500 8 3.14159265e+00 5.40333644e-01
501 8 3.14159265e+00 5.42447423e-01
502 8 3.14159265e+00 5.44296679e-01
503 8 3.14159265e+00 5.44660021e-01
504 8 3.14159265e+00 5.46050222e-01
505 8 3.14159265e+00 5.47491009e-01
506 8 3.14159265e+00 5.41275127e-01
507 8 3.14159265e+00 5.41253821e-01
508 8 3.14159265e+00 5.45918670e-01
509 8 3.14159265e+00 5.43804222e-01
510 8 3.14159265e+00 5.42698865e-01
511 8 3.14159265e+00 5.43598941e-01
512 8 3.14159265e+00 5.45388755e-01
513 8 3.14159265e+00 5.45211545e-01
514 8 3.14159265e+00 5.43068235e-01
515 8 3.14159265e+00 5.39797435e-01
516 8 3.14159265e+00 5.44408452e-01
517 8 3.14159265e+00 5.47615500e-01
518 8 3.14159265e+00 5.39366995e-01
519 8 3.14159265e+00 5.42828089e-01
520 8 3.14159265e+00 5.43503107e-01
521 8 3.14159265e+00 5.41985534e-01
522 8 3.14159265e+00 5.44818176e-01
523 8 3.14159265e+00 5.41397794e-01
524 8 3.14159265e+00 5.43145618e-01
525 8 3.14159265e+00 5.44579835e-01
526 8 3.14159265e+00 5.50095842e-01
527 8 3.14159265e+00 5.42868825e-01
528 8 3.14159265e+00 5.43521148e-01
529 8 3.14159265e+00 5.45422125e-01
530 8 3.14159265e+00 5.44675968e-01
531 8 3.14159265e+00 5.40294492e-01
532 8 3.14159265e+00 5.48682967e-01
533 8 3.14159265e+00 5.44109335e-01
534 8 3.14159265e+00 5.43497953e-01
535 8 3.14159265e+00 5.40501995e-01
536 8 3.14159265e+00 5.48990532e-01
537 8 3.14159265e+00 5.44732267e-01
538 8 3.14159265e+00 5.44044679e-01
539 8 3.14159265e+00 5.43190616e-01
540 8 3.14159265e+00 5.46594183e-01
541 8 3.14159265e+00 5.42883585e-01
542 8 3.14159265e+00 5.40525544e-01
543 8 3.14159265e+00 5.40168876e-01
544 8 3.14159265e+00 5.41777924e-01
545 8 3.14159265e+00 5.44284690e-01
546 8 3.14159265e+00 5.43078355e-01
547 8 3.14159265e+00 5.40433302e-01
548 8 3.14159265e+00 5.44590022e-01
549 8 3.14159265e+00 5.45014533e-01
550 8 3.14159265e+00 5.44113076e-01
551 8 3.14159265e+00 5.46434327e-01
552 8 3.14159265e+00 5.41828510e-01
553 8 3.14159265e+00 5.43933691e-01
554 8 3.14159265e+00 5.41247392e-01
555 8 3.14159265e+00 5.47143904e-01
556 8 3.14159265e+00 5.44787600e-01
557 8 3.14159265e+00 5.39502181e-01
558 8 3.14159265e+00 5.44258900e-01
559 8 3.14159265e+00 5.47411025e-01
560 8 3.14159265e+00 5.44255524e-01
561 8 3.14159265e+00 5.43477188e-01
562 8 3.14159265e+00 5.44440535e-01
563 8 3.14159265e+00 5.46982854e-01
564 8 3.14159265e+00 5.42504341e-01
565 8 3.14159265e+00 5.40551487e-01
566 8 3.14159265e+00 5.49083550e-01
567 8 3.14159265e+00 5.43288460e-01
568 8 3.14159265e+00 5.42376643e-01
569 8 3.14159265e+00 5.44103662e-01
570 8 3.14159265e+00 5.42798863e-01
571 8 3.14159265e+00 5.43850660e-01
572 8 3.14159265e+00 5.40655838e-01
573 8 3.14159265e+00 5.43144327e-01
574 8 3.14159265e+00 5.43021603e-01
575 8 3.14159265e+00 5.43913100e-01
576 8 3.14159265e+00 5.41780263e-01
577 8 3.14159265e+00 5.41472512e-01
578 8 3.14159265e+00 5.42990966e-01
579 8 3.14159265e+00 5.42810801e-01
580 8 3.14159265e+00 5.41449099e-01
581 8 3.14159265e+00 5.37941503e-01
582 8 3.14159265e+00 5.46808611e-01
583 8 3.14159265e+00 5.44846777e-01
584 8 3.14159265e+00 5.44562746e-01
585 8 3.14159265e+00 5.43821153e-01
586 8 3.14159265e+00 5.42883518e-01
587 8 3.14159265e+00 5.45908928e-01
588 8 3.14159265e+00 5.45762365e-01
589 8 3.14159265e+00 5.39717015e-01
590 8 3.14159265e+00 5.46076309e-01
591 8 3.14159265e+00 5.40462715e-01
592 8 3.14159265e+00 5.43460896e-01
593 8 3.14159265e+00 5.42940871e-01
594 8 3.14159265e+00 5.42283044e-01
595 8 3.14159265e+00 5.44955274e-01
596 8 3.14159265e+00 5.47201857e-01
597 8 3.14159265e+00 5.43092836e-01
598 8 3.14159265e+00 5.42436477e-01
599 8 3.14159265e+00 5.42531764e-01
600 8 3.14159265e+00 5.40231976e-01
601 8 3.14159265e+00 5.43688321e-01
602 8 3.14159265e+00 5.40499165e-01
603 8 3.14159265e+00 5.45018249e-01
604 8 3.14159265e+00 5.44868477e-01
605 8 3.14159265e+00 5.43066183e-01
606 8 3.14159265e+00 5.46835906e-01
607 8 3.14159265e+00 5.39810782e-01
608 8 3.14159265e+00 5.39996311e-01
609 8 3.14159265e+00 5.44383870e-01
610 8 3.14159265e+00 5.44274133e-01
611 8 3.14159265e+00 5.43463929e-01
612 8 3.14159265e+00 5.44999580e-01
613 8 3.14159265e+00 5.47433367e-01
614 8 3.14159265e+00 5.39766417e-01
615 8 3.14159265e+00 5.45518794e-01
616 8 3.14159265e+00 5.45461642e-01
617 8 3.14159265e+00 5.47815501e-01
618 8 3.14159265e+00 5.44795736e-01
619 8 3.14159265e+00 5.42491009e-01
620 8 3.14159265e+00 5.46068401e-01
621 8 3.14159265e+00 5.40196256e-01
622 8 3.14159265e+00 5.40948115e-01
623 8 3.14159265e+00 5.39761431e-01
624 8 3.14159265e+00 5.41604001e-01
625 8 3.14159265e+00 5.44564170e-01
626 8 3.14159265e+00 5.41648676e-01
627 8 3.14159265e+00 5.44943859e-01
628 8 3.14159265e+00 5.47196570e-01
629 8 3.14159265e+00 5.46282364e-01
630 8 3.14159265e+00 5.45670591e-01
631 8 3.14159265e+00 5.43982209e-01
632 8 3.14159265e+00 5.41757516e-01
633 8 3.14159265e+00 5.44766226e-01
634 8 3.14159265e+00 5.41985520e-01
635 8 3.14159265e+00 5.43015991e-01
636 8 3.14159265e+00 5.47439781e-01
637 8 3.14159265e+00 5.44396781e-01
638 8 3.14159265e+00 5.41952704e-01
639 8 3.14159265e+00 5.43984931e-01
640 8 3.14159265e+00 5.43756562e-01
641 8 3.14159265e+00 5.45265889e-01
642 8 3.14159265e+00 5.47289691e-01
643 8 3.14159265e+00 5.44578618e-01
644 8 3.14159265e+00 5.46395737e-01
645 8 3.14159265e+00 5.39821459e-01
646 8 3.14159265e+00 5.42228603e-01
647 8 3.14159265e+00 5.45239726e-01
648 8 3.14159265e+00 5.44639510e-01
649 8 3.14159265e+00 5.42279209e-01
650 8 3.14159265e+00 5.48034510e-01
651 8 3.14159265e+00 5.41225224e-01
652 8 3.14159265e+00 5.40278055e-01
653 8 3.14159265e+00 5.44434686e-01
654 8 3.14159265e+00 5.46947772e-01
655 8 3.14159265e+00 5.42910716e-01
656 8 3.14159265e+00 5.41672747e-01
657 8 3.14159265e+00 5.38873200e-01
658 8 3.14159265e+00 5.41433851e-01
659 8 3.14159265e+00 5.43683963e-01
660 8 3.14159265e+00 5.41825337e-01
661 8 3.14159265e+00 5.42510820e-01
662 8 3.14159265e+00 5.41973751e-01
663 8 3.14159265e+00 5.40990843e-01
664 8 3.14159265e+00 5.44700013e-01
665 8 3.14159265e+00 5.45639774e-01
666 8 3.14159265e+00 5.40787863e-01
667 8 3.14159265e+00 5.45724286e-01
668 8 3.14159265e+00 5.42763133e-01
669 8 3.14159265e+00 5.46087122e-01
670 8 3.14159265e+00 5.42289842e-01
671 8 3.14159265e+00 5.42375452e-01
672 8 3.14159265e+00 5.47439181e-01
673 8 3.14159265e+00 5.47546968e-01
674 8 3.14159265e+00 5.40269917e-01
675 8 3.14159265e+00 5.45118646e-01
676 8 3.14159265e+00 5.44758817e-01
677 8 3.14159265e+00 5.47051464e-01
678 8 3.14159265e+00 5.47571734e-01
679 8 3.14159265e+00 5.48123913e-01
680 8 3.14159265e+00 5.47290112e-01
681 8 3.14159265e+00 5.44630333e-01
682 8 3.14159265e+00 5.43926374e-01
683 8 3.14159265e+00 5.43005261e-01
684 8 3.14159265e+00 5.43622770e-01
685 8 3.14159265e+00 5.39748330e-01
686 8 3.14159265e+00 5.41807520e-01
687 8 3.14159265e+00 5.43007152e-01
688 8 3.14159265e+00 5.42945385e-01
689 8 3.14159265e+00 5.40310391e-01
690 8 3.14159265e+00 5.45743575e-01
691 8 3.14159265e+00 5.44974968e-01
692 8 3.14159265e+00 5.45467008e-01
693 8 3.14159265e+00 5.46751411e-01
694 8 3.14159265e+00 5.45648615e-01
695 8 3.14159265e+00 5.44621939e-01
696 8 3.14159265e+00 5.43102036e-01
697 8 3.14159265e+00 5.45542917e-01
698 8 3.14159265e+00 5.39284841e-01
699 8 3.14159265e+00 5.40561283e-01
700 8 3.14159265e+00 5.38650662e-01
701 8 3.14159265e+00 5.38560916e-01
702 8 3.14159265e+00 5.45939080e-01
703 8 3.14159265e+00 5.44481997e-01
704 8 3.14159265e+00 5.42030975e-01
705 8 3.14159265e+00 5.49289670e-01
706 8 3.14159265e+00 5.46747077e-01
707 8 3.14159265e+00 5.43173901e-01
708 8 3.14159265e+00 5.45416732e-01
709 8 3.14159265e+00 5.45923289e-01
710 8 3.14159265e+00 5.45079960e-01
711 8 3.14159265e+00 5.42945967e-01
712 8 3.14159265e+00 5.45723521e-01
713 8 3.14159265e+00 5.43062024e-01
714 8 3.14159265e+00 5.39916235e-01
715 8 3.14159265e+00 5.47592208e-01
716 8 3.14159265e+00 5.44174069e-01
717 8 3.14159265e+00 5.45924745e-01
718 8 3.14159265e+00 5.44000978e-01
719 8 3.14159265e+00 5.43879560e-01
720 8 3.14159265e+00 5.46713444e-01
721 8 3.14159265e+00 5.46496829e-01
722 8 3.14159265e+00 5.39673444e-01
723 8 3.14159265e+00 5.42283308e-01
724 8 3.14159265e+00 5.42831032e-01
725 8 3.14159265e+00 5.43637198e-01
726 8 3.14159265e+00 5.43644654e-01
727 8 3.14159265e+00 5.38513517e-01
728 8 3.14159265e+00 5.43154789e-01
729 8 3.14159265e+00 5.40981256e-01
730 8 3.14159265e+00 5.44110565e-01
731 8 3.14159265e+00 5.38795200e-01
732 8 3.14159265e+00 5.44619778e-01
733 8 3.14159265e+00 5.45944241e-01
734 8 3.14159265e+00 5.42216520e-01
735 8 3.14159265e+00 5.46360590e-01
736 8 3.14159265e+00 5.40198859e-01
737 8 3.14159265e+00 5.44832395e-01
738 8 3.14159265e+00 5.45124448e-01
739 8 3.14159265e+00 5.42048931e-01
740 8 3.14159265e+00 5.47266273e-01
741 8 3.14159265e+00 5.41697806e-01
742 8 3.14159265e+00 5.44205465e-01
743 8 3.14159265e+00 5.42624428e-01
744 8 3.14159265e+00 5.43086553e-01
745 8 3.14159265e+00 5.39338113e-01
746 8 3.14159265e+00 5.44474354e-01
747 8 3.14159265e+00 5.41677391e-01
748 8 3.14159265e+00 5.46011584e-01
749 8 3.14159265e+00 5.45561525e-01
750 8 3.14159265e+00 5.40775376e-01
751 8 3.14159265e+00 5.48313770e-01
752 8 3.14159265e+00 5.47511930e-01
753 8 3.14159265e+00 5.42249265e-01
754 8 3.14159265e+00 5.40572408e-01
755 8 3.14159265e+00 5.42052507e-01
756 8 3.14159265e+00 5.40706811e-01
757 8 3.14159265e+00 5.39990164e-01
758 8 3.14159265e+00 5.40001316e-01
759 8 3.14159265e+00 5.46144941e-01
760 8 3.14159265e+00 5.38506423e-01
761 8 3.14159265e+00 5.46413703e-01
762 8 3.14159265e+00 5.43971030e-01
763 8 3.14159265e+00 5.45275788e-01
764 8 3.14159265e+00 5.47351918e-01
765 8 3.14159265e+00 5.42883495e-01
766 8 3.14159265e+00 5.40617312e-01
767 8 3.14159265e+00 5.38068187e-01
768 8 3.14159265e+00 5.41926910e-01
769 8 3.14159265e+00 5.40557592e-01
770 8 3.14159265e+00 5.42748046e-01
771 8 3.14159265e+00 5.39473246e-01
772 8 3.14159265e+00 5.47282134e-01
773 8 3.14159265e+00 5.49826164e-01
774 8 3.14159265e+00 5.41516534e-01
775 8 3.14159265e+00 5.42652826e-01
776 8 3.14159265e+00 5.40382177e-01
777 8 3.14159265e+00 5.42478623e-01
778 8 3.14159265e+00 5.44708733e-01
779 8 3.14159265e+00 5.42033544e-01
780 8 3.14159265e+00 5.43110942e-01
781 8 3.14159265e+00 5.43586446e-01
782 8 3.14159265e+00 5.45924120e-01
783 8 3.14159265e+00 5.44484189e-01
784 8 3.14159265e+00 5.42682199e-01
785 8 3.14159265e+00 5.43067729e-01
786 8 3.14159265e+00 5.40401978e-01
787 8 3.14159265e+00 5.43102577e-01
788 8 3.14159265e+00 5.37797791e-01
789 8 3.14159265e+00 5.42766115e-01
790 8 3.14159265e+00 5.40997961e-01
791 8 3.14159265e+00 5.44126192e-01
792 8 3.14159265e+00 5.45290300e-01
793 8 3.14159265e+00 5.43791041e-01
794 8 3.14159265e+00 5.43818079e-01
795 8 3.14159265e+00 5.49846153e-01
796 8 3.14159265e+00 5.42518217e-01
797 8 3.14159265e+00 5.43895755e-01
798 8 3.14159265e+00 5.45756683e-01
799 8 3.14159265e+00 5.41002973e-01
800 8 3.14159265e+00 5.43005642e-01
801 8 3.14159265e+00 5.42494879e-01
802 8 3.14159265e+00 5.43532608e-01
803 8 3.14159265e+00 5.47858532e-01
804 8 3.14159265e+00 5.40169626e-01
805 8 3.14159265e+00 5.41916281e-01
806 8 3.14159265e+00 5.43198831e-01
807 8 3.14159265e+00 5.45635588e-01
808 8 3.14159265e+00 5.44821052e-01
809 8 3.14159265e+00 5.44937970e-01
810 8 3.14159265e+00 5.45364939e-01
811 8 3.14159265e+00 5.44670181e-01
812 8 3.14159265e+00 5.39645764e-01
813 8 3.14159265e+00 5.42277240e-01
814 8 3.14159265e+00 5.43011715e-01
815 8 3.14159265e+00 5.42292743e-01
816 8 3.14159265e+00 5.44505778e-01
817 8 3.14159265e+00 5.47091974e-01
818 8 3.14159265e+00 5.46702012e-01
819 8 3.14159265e+00 5.40176795e-01
820 8 3.14159265e+00 5.45955556e-01
821 8 3.14159265e+00 5.40078247e-01
822 8 3.14159265e+00 5.43545056e-01
823 8 3.14159265e+00 5.48721975e-01
824 8 3.14159265e+00 5.45753672e-01
825 8 3.14159265e+00 5.43813417e-01
826 8 3.14159265e+00 5.44192153e-01
827 8 3.14159265e+00 5.42400426e-01
828 8 3.14159265e+00 5.42671119e-01
829 8 3.14159265e+00 5.49080412e-01
830 8 3.14159265e+00 5.40011466e-01
831 8 3.14159265e+00 5.42265599e-01
832 8 3.14159265e+00 5.45313902e-01
833 8 3.14159265e+00 5.43942428e-01
834 8 3.14159265e+00 5.40361619e-01
835 8 3.14159265e+00 5.48556444e-01
836 8 3.14159265e+00 5.46306816e-01
837 8 3.14159265e+00 5.42724796e-01
838 8 3.14159265e+00 5.41740643e-01
839 8 3.14159265e+00 5.47276750e-01
840 8 3.14159265e+00 5.43561856e-01
841 8 3.14159265e+00 5.43061955e-01
842 8 3.14159265e+00 5.45010399e-01
843 8 3.14159265e+00 5.42868326e-01
844 8 3.14159265e+00 5.40558783e-01
845 8 3.14159265e+00 5.46509031e-01
846 8 3.14159265e+00 5.45659306e-01
847 8 3.14159265e+00 5.38590716e-01
848 8 3.14159265e+00 5.43476849e-01
849 8 3.14159265e+00 5.42135490e-01
850 8 3.14159265e+00 5.41224550e-01
851 8 3.14159265e+00 5.45033954e-01
852 8 3.14159265e+00 5.40776188e-01
853 8 3.14159265e+00 5.39229459e-01
854 8 3.14159265e+00 5.45885109e-01
855 8 3.14159265e+00 5.42849298e-01
856 8 3.14159265e+00 5.40509703e-01
857 8 3.14159265e+00 5.39378012e-01
858 8 3.14159265e+00 5.49652103e-01
859 8 3.14159265e+00 5.43804209e-01
860 8 3.14159265e+00 5.45203339e-01
861 8 3.14159265e+00 5.41828544e-01
862 8 3.14159265e+00 5.43545049e-01
863 8 3.14159265e+00 5.40365443e-01
864 8 3.14159265e+00 5.45176608e-01
865 8 3.14159265e+00 5.46358906e-01
866 8 3.14159265e+00 5.42406591e-01
867 8 3.14159265e+00 5.43977673e-01
868 8 3.14159265e+00 5.46541770e-01
869 8 3.14159265e+00 5.43789271e-01
870 8 3.14159265e+00 5.42389449e-01
871 8 3.14159265e+00 5.44816093e-01
872 8 3.14159265e+00 5.46900362e-01
873 8 3.14159265e+00 5.43510724e-01
874 8 3.14159265e+00 5.41540478e-01
875 8 3.14159265e+00 5.42580081e-01
876 8 3.14159265e+00 5.43453715e-01
877 8 3.14159265e+00 5.42134479e-01
878 8 3.14159265e+00 5.43248924e-01
879 8 3.14159265e+00 5.37633015e-01
880 8 3.14159265e+00 5.40798708e-01
881 8 3.14159265e+00 5.43682492e-01
882 8 3.14159265e+00 5.41082615e-01
883 8 3.14159265e+00 5.44491879e-01
884 8 3.14159265e+00 5.40279957e-01
885 8 3.14159265e+00 5.45593152e-01
886 8 3.14159265e+00 5.42809631e-01
887 8 3.14159265e+00 5.39981497e-01
888 8 3.14159265e+00 5.41349378e-01
889 8 3.14159265e+00 5.45884642e-01
890 8 3.14159265e+00 5.38445139e-01
891 8 3.14159265e+00 5.39729129e-01
892 8 3.14159265e+00 5.42903527e-01
893 8 3.14159265e+00 5.37895644e-01
894 8 3.14159265e+00 5.44873791e-01
895 8 3.14159265e+00 5.46384061e-01
896 8 3.14159265e+00 5.45245904e-01
897 8 3.14159265e+00 5.46067498e-01
898 8 3.14159265e+00 5.41994411e-01
899 8 3.14159265e+00 5.41658193e-01
900 8 3.14159265e+00 5.40741176e-01
901 8 3.14159265e+00 5.42881878e-01
902 8 3.14159265e+00 5.45416923e-01
903 8 3.14159265e+00 5.43390669e-01
904 8 3.14159265e+00 5.43670197e-01
905 8 3.14159265e+00 5.40172072e-01
906 8 3.14159265e+00 5.42834006e-01
907 8 3.14159265e+00 5.42077503e-01
908 8 3.14159265e+00 5.45877881e-01
909 8 3.14159265e+00 5.49502522e-01
910 8 3.14159265e+00 5.45465123e-01
911 8 3.14159265e+00 5.45416808e-01
912 8 3.14159265e+00 5.43779314e-01
913 8 3.14159265e+00 5.48353919e-01
914 8 3.14159265e+00 5.40354600e-01
915 8 3.14159265e+00 5.37919968e-01
916 8 3.14159265e+00 5.45803585e-01
917 8 3.14159265e+00 5.41308294e-01
918 8 3.14159265e+00 5.46535061e-01
919 8 3.14159265e+00 5.47046187e-01
920 8 3.14159265e+00 5.41680306e-01
921 8 3.14159265e+00 5.40350239e-01
922 8 3.14159265e+00 5.43689347e-01
923 8 3.14159265e+00 5.41881705e-01
924 8 3.14159265e+00 5.44955169e-01
925 8 3.14159265e+00 5.42994150e-01
926 8 3.14159265e+00 5.41328299e-01
927 8 3.14159265e+00 5.45903679e-01
928 8 3.14159265e+00 5.42667557e-01
929 8 3.14159265e+00 5.46302453e-01
930 8 3.14159265e+00 5.42214872e-01
931 8 3.14159265e+00 5.45671781e-01
932 8 3.14159265e+00 5.43094135e-01
933 8 3.14159265e+00 5.40812113e-01
934 8 3.14159265e+00 5.42556482e-01
935 8 3.14159265e+00 5.44985137e-01
936 8 3.14159265e+00 5.43277463e-01
937 8 3.14159265e+00 5.46718121e-01
938 8 3.14159265e+00 5.43817103e-01
939 8 3.14159265e+00 5.40606770e-01
940 8 3.14159265e+00 5.43051591e-01
941 8 3.14159265e+00 5.40656180e-01
942 8 3.14159265e+00 5.43559021e-01
943 8 3.14159265e+00 5.46731252e-01
944 8 3.14159265e+00 5.43989250e-01
945 8 3.14159265e+00 5.42513322e-01
946 8 3.14159265e+00 5.42493935e-01
947 8 3.14159265e+00 5.42479262e-01
948 8 3.14159265e+00 5.41678345e-01
949 8 3.14159265e+00 5.44444989e-01
950 8 3.14159265e+00 5.42021998e-01
951 8 3.14159265e+00 5.45425048e-01
952 8 3.14159265e+00 5.34357532e-01
953 8 3.14159265e+00 5.44042533e-01
954 8 3.14159265e+00 5.44441259e-01
955 8 3.14159265e+00 5.44069890e-01
956 8 3.14159265e+00 5.42761882e-01
957 8 3.14159265e+00 5.45911969e-01
958 8 3.14159265e+00 5.43155489e-01
959 8 3.14159265e+00 5.42040181e-01
960 8 3.14159265e+00 5.44888775e-01
961 8 3.14159265e+00 5.45989048e-01
962 8 3.14159265e+00 5.42753790e-01
963 8 3.14159265e+00 5.42891930e-01
964 8 3.14159265e+00 5.41394126e-01
965 8 3.14159265e+00 5.44764963e-01
966 8 3.14159265e+00 5.41601805e-01
967 8 3.14159265e+00 5.41565450e-01
968 8 3.14159265e+00 5.42955926e-01
969 8 3.14159265e+00 5.41311810e-01
970 8 3.14159265e+00 5.44099071e-01
971 8 3.14159265e+00 5.40683768e-01
972 8 3.14159265e+00 5.45541768e-01
973 8 3.14159265e+00 5.40404749e-01
974 8 3.14159265e+00 5.41195212e-01
975 8 3.14159265e+00 5.49712101e-01
976 8 3.14159265e+00 5.40658696e-01
977 8 3.14159265e+00 5.42315783e-01
978 8 3.14159265e+00 5.39776238e-01
979 8 3.14159265e+00 5.41536559e-01
980 8 3.14159265e+00 5.41435895e-01
981 8 3.14159265e+00 5.44100432e-01
982 8 3.14159265e+00 5.43219722e-01
983 8 3.14159265e+00 5.47125620e-01
984 8 3.14159265e+00 5.39799626e-01
985 8 3.14159265e+00 5.43193981e-01
986 8 3.14159265e+00 5.43135797e-01
987 8 3.14159265e+00 5.38648339e-01
988 8 3.14159265e+00 5.43421803e-01
989 8 3.14159265e+00 5.41054910e-01
990 8 3.14159265e+00 5.43570715e-01
991 8 3.14159265e+00 5.41965276e-01
992 8 3.14159265e+00 5.44099528e-01
993 8 3.14159265e+00 5.42810822e-01
994 8 3.14159265e+00 5.45536104e-01
995 8 3.14159265e+00 5.52208913e-01
996 8 3.14159265e+00 5.41925390e-01
997 8 3.14159265e+00 5.41369484e-01
998 8 3.14159265e+00 5.41658652e-01
999 8 3.14159265e+00 5.48346389e-01
1000 8 3.14159265e+00 5.43644991e-01
1001 8 3.14159265e+00 5.46249482e-01
1002 8 3.14159265e+00 5.36795984e-01
1003 8 3.14159265e+00 5.40945616e-01
1004 8 3.14159265e+00 5.43855799e-01
1005 8 3.14159265e+00 5.37738890e-01
1006 8 3.14159265e+00 5.45902350e-01
1007 8 3.14159265e+00 5.43330046e-01
1008 8 3.14159265e+00 5.42923012e-01
1009 8 3.14159265e+00 5.41620679e-01
1010 8 3.14159265e+00 5.44650611e-01
1011 8 3.14159265e+00 5.42483334e-01
1012 8 3.14159265e+00 5.39370249e-01
1013 8 3.14159265e+00 5.36629234e-01
1014 8 3.14159265e+00 5.42166184e-01
1015 8 3.14159265e+00 5.45342235e-01
1016 8 3.14159265e+00 5.46498871e-01
1017 8 3.14159265e+00 5.33284908e-01
1018 8 3.14159265e+00 5.45788833e-01
1019 8 3.14159265e+00 5.45367038e-01
1020 8 3.14159265e+00 5.43189462e-01
1021 8 3.14159265e+00 5.40361896e-01
1022 8 3.14159265e+00 5.41156567e-01
1023 8 3.14159265e+00 5.41690607e-01
1024 8 3.14159265e+00 5.41903372e-01
1025 8 3.14159265e+00 5.41539457e-01
