a12m310 Wilson3 pz5 0.1207fm zmax5
config z nu=p.z RpITD
0 1 1.30899694e+00 4.48307385e-03
1 1 1.30899694e+00 4.31258712e-03
2 1 1.30899694e+00 4.74471314e-03
3 1 1.30899694e+00 4.50097537e-03
4 1 1.30899694e+00 4.60496934e-03
5 1 1.30899694e+00 4.45838805e-03
6 1 1.30899694e+00 4.44268558e-03
7 1 1.30899694e+00 4.39212067e-03
8 1 1.30899694e+00 4.45393306e-03
9 1 1.30899694e+00 4.47229597e-03
10 1 1.30899694e+00 4.05958238e-03
11 1 1.30899694e+00 4.12256914e-03
12 1 1.30899694e+00 4.48752968e-03
13 1 1.30899694e+00 4.88323695e-03
14 1 1.30899694e+00 4.63502226e-03
15 1 1.30899694e+00 4.57530615e-03
16 1 1.30899694e+00 4.52294509e-03
17 1 1.30899694e+00 4.36012774e-03
18 1 1.30899694e+00 4.42375274e-03
19 1 1.30899694e+00 4.49242748e-03
20 1 1.30899694e+00 4.56711057e-03
21 1 1.30899694e+00 4.81289830e-03
22 1 1.30899694e+00 4.56611582e-03
23 1 1.30899694e+00 4.53656343e-03
24 1 1.30899694e+00 4.20385026e-03
25 1 1.30899694e+00 4.53126116e-03
26 1 1.30899694e+00 4.40883086e-03
27 1 1.30899694e+00 4.13577824e-03
28 1 1.30899694e+00 4.71039713e-03
29 1 1.30899694e+00 4.55375168e-03
30 1 1.30899694e+00 4.30765509e-03
31 1 1.30899694e+00 4.33890008e-03
32 1 1.30899694e+00 4.44819377e-03
33 1 1.30899694e+00 4.51735052e-03
34 1 1.30899694e+00 4.55745838e-03
35 1 1.30899694e+00 4.47997445e-03
36 1 1.30899694e+00 4.43985671e-03
37 1 1.30899694e+00 4.21519721e-03
38 1 1.30899694e+00 4.71435381e-03
39 1 1.30899694e+00 4.49408448e-03
40 1 1.30899694e+00 4.31979750e-03
41 1 1.30899694e+00 4.46649977e-03
42 1 1.30899694e+00 4.57748112e-03
43 1 1.30899694e+00 4.49801570e-03
44 1 1.30899694e+00 4.42179511e-03
45 1 1.30899694e+00 4.26707619e-03
46 1 1.30899694e+00 4.15187670e-03
47 1 1.30899694e+00 4.50381331e-03
48 1 1.30899694e+00 4.68729219e-03
49 1 1.30899694e+00 4.07951216e-03
50 1 1.30899694e+00 4.39516198e-03
51 1 1.30899694e+00 4.42639922e-03
52 1 1.30899694e+00 4.35012139e-03
53 1 1.30899694e+00 4.79310810e-03
54 1 1.30899694e+00 4.61721119e-03
55 1 1.30899694e+00 4.52898085e-03
56 1 1.30899694e+00 4.48959610e-03
57 1 1.30899694e+00 4.42269071e-03
58 1 1.30899694e+00 4.32690806e-03
59 1 1.30899694e+00 4.24945321e-03
60 1 1.30899694e+00 4.29556588e-03
61 1 1.30899694e+00 4.26473719e-03
62 1 1.30899694e+00 4.94300086e-03
63 1 1.30899694e+00 4.49438185e-03
64 1 1.30899694e+00 4.44374307e-03
65 1 1.30899694e+00 4.54839837e-03
66 1 1.30899694e+00 4.36283999e-03
67 1 1.30899694e+00 4.34212547e-03
68 1 1.30899694e+00 4.62378370e-03
69 1 1.30899694e+00 4.39874284e-03
70 1 1.30899694e+00 4.20680112e-03
71 1 1.30899694e+00 4.62084458e-03
72 1 1.30899694e+00 4.49607420e-03
73 1 1.30899694e+00 4.41525783e-03
74 1 1.30899694e+00 4.38765821e-03
75 1 1.30899694e+00 3.95210609e-03
76 1 1.30899694e+00 4.21452197e-03
77 1 1.30899694e+00 4.20960811e-03
78 1 1.30899694e+00 4.41431484e-03
79 1 1.30899694e+00 4.66456583e-03
80 1 1.30899694e+00 4.46481842e-03
81 1 1.30899694e+00 4.42346033e-03
82 1 1.30899694e+00 4.19365799e-03
83 1 1.30899694e+00 4.09670021e-03
84 1 1.30899694e+00 4.48084430e-03
85 1 1.30899694e+00 4.57081834e-03
86 1 1.30899694e+00 4.21319129e-03
87 1 1.30899694e+00 4.32173344e-03
88 1 1.30899694e+00 4.22922778e-03
89 1 1.30899694e+00 4.23670874e-03
90 1 1.30899694e+00 4.40086816e-03
91 1 1.30899694e+00 4.50699744e-03
92 1 1.30899694e+00 4.16464777e-03
93 1 1.30899694e+00 4.23779836e-03
94 1 1.30899694e+00 4.48101138e-03
95 1 1.30899694e+00 4.53103082e-03
96 1 1.30899694e+00 4.34653490e-03
97 1 1.30899694e+00 4.38496737e-03
98 1 1.30899694e+00 4.61131891e-03
99 1 1.30899694e+00 4.49661758e-03
100 1 1.30899694e+00 3.99822429e-03
101 1 1.30899694e+00 4.34535736e-03
102 1 1.30899694e+00 4.22222689e-03
103 1 1.30899694e+00 4.28783126e-03
104 1 1.30899694e+00 4.60946939e-03
105 1 1.30899694e+00 4.23850521e-03
106 1 1.30899694e+00 4.60504276e-03
107 1 1.30899694e+00 4.45521090e-03
108 1 1.30899694e+00 4.49682116e-03
109 1 1.30899694e+00 4.54056055e-03
110 1 1.30899694e+00 4.24747260e-03
111 1 1.30899694e+00 4.49508499e-03
112 1 1.30899694e+00 4.23483108e-03
113 1 1.30899694e+00 4.51101750e-03
114 1 1.30899694e+00 4.45808541e-03
115 1 1.30899694e+00 4.23652281e-03
116 1 1.30899694e+00 4.68155109e-03
117 1 1.30899694e+00 4.54946199e-03
118 1 1.30899694e+00 4.58260129e-03
119 1 1.30899694e+00 4.41213116e-03
120 1 1.30899694e+00 4.38380933e-03
121 1 1.30899694e+00 4.16254218e-03
122 1 1.30899694e+00 4.15542290e-03
123 1 1.30899694e+00 4.15892934e-03
124 1 1.30899694e+00 4.48877435e-03
125 1 1.30899694e+00 4.69362985e-03
126 1 1.30899694e+00 4.68556011e-03
127 1 1.30899694e+00 4.63678202e-03
128 1 1.30899694e+00 4.15934580e-03
129 1 1.30899694e+00 4.43460054e-03
130 1 1.30899694e+00 4.72695053e-03
131 1 1.30899694e+00 3.94571899e-03
132 1 1.30899694e+00 4.84753284e-03
133 1 1.30899694e+00 4.41541105e-03
134 1 1.30899694e+00 4.60305106e-03
135 1 1.30899694e+00 4.32462671e-03
136 1 1.30899694e+00 4.08461888e-03
137 1 1.30899694e+00 4.62434549e-03
138 1 1.30899694e+00 4.42592778e-03
139 1 1.30899694e+00 4.28113484e-03
140 1 1.30899694e+00 4.44497715e-03
141 1 1.30899694e+00 4.56513784e-03
142 1 1.30899694e+00 4.59643769e-03
143 1 1.30899694e+00 4.63349170e-03
144 1 1.30899694e+00 4.47274236e-03
145 1 1.30899694e+00 4.24484930e-03
146 1 1.30899694e+00 4.38435854e-03
147 1 1.30899694e+00 4.20517038e-03
148 1 1.30899694e+00 4.62902404e-03
149 1 1.30899694e+00 4.25785044e-03
150 1 1.30899694e+00 4.42627229e-03
151 1 1.30899694e+00 4.13574823e-03
152 1 1.30899694e+00 4.35087316e-03
153 1 1.30899694e+00 4.54998778e-03
154 1 1.30899694e+00 4.59378937e-03
155 1 1.30899694e+00 4.29325954e-03
156 1 1.30899694e+00 4.42146289e-03
157 1 1.30899694e+00 4.21381498e-03
158 1 1.30899694e+00 4.44510950e-03
159 1 1.30899694e+00 4.78066695e-03
160 1 1.30899694e+00 4.39521066e-03
161 1 1.30899694e+00 4.47042284e-03
162 1 1.30899694e+00 4.32605510e-03
163 1 1.30899694e+00 4.16484961e-03
164 1 1.30899694e+00 4.77729786e-03
165 1 1.30899694e+00 4.85041623e-03
166 1 1.30899694e+00 4.37794513e-03
167 1 1.30899694e+00 4.40523343e-03
168 1 1.30899694e+00 4.13639460e-03
169 1 1.30899694e+00 4.29373855e-03
170 1 1.30899694e+00 4.54005980e-03
171 1 1.30899694e+00 4.22252620e-03
172 1 1.30899694e+00 4.49400703e-03
173 1 1.30899694e+00 4.23270792e-03
174 1 1.30899694e+00 4.41255405e-03
175 1 1.30899694e+00 4.49152777e-03
176 1 1.30899694e+00 4.63000368e-03
177 1 1.30899694e+00 4.58910070e-03
178 1 1.30899694e+00 4.32242464e-03
179 1 1.30899694e+00 4.39005833e-03
180 1 1.30899694e+00 4.22779105e-03
181 1 1.30899694e+00 4.55025300e-03
182 1 1.30899694e+00 4.30702132e-03
183 1 1.30899694e+00 4.43026881e-03
184 1 1.30899694e+00 4.41013685e-03
185 1 1.30899694e+00 4.21964266e-03
186 1 1.30899694e+00 4.14110449e-03
187 1 1.30899694e+00 4.23318126e-03
188 1 1.30899694e+00 4.18033369e-03
189 1 1.30899694e+00 4.52235139e-03
190 1 1.30899694e+00 4.39362657e-03
191 1 1.30899694e+00 4.50494630e-03
192 1 1.30899694e+00 4.56065378e-03
193 1 1.30899694e+00 4.58053572e-03
194 1 1.30899694e+00 4.45000524e-03
195 1 1.30899694e+00 4.42230734e-03
196 1 1.30899694e+00 4.49492982e-03
197 1 1.30899694e+00 4.53708929e-03
198 1 1.30899694e+00 4.35335729e-03
199 1 1.30899694e+00 4.24737811e-03
200 1 1.30899694e+00 4.19612490e-03
201 1 1.30899694e+00 4.42941364e-03
202 1 1.30899694e+00 4.67633519e-03
203 1 1.30899694e+00 4.44724731e-03
204 1 1.30899694e+00 4.56387600e-03
205 1 1.30899694e+00 4.67219675e-03
206 1 1.30899694e+00 4.51477144e-03
207 1 1.30899694e+00 4.31588032e-03
208 1 1.30899694e+00 4.39361606e-03
209 1 1.30899694e+00 3.89124160e-03
210 1 1.30899694e+00 4.23681581e-03
211 1 1.30899694e+00 4.36845656e-03
212 1 1.30899694e+00 4.50857075e-03
213 1 1.30899694e+00 4.23455337e-03
214 1 1.30899694e+00 4.46500943e-03
215 1 1.30899694e+00 4.31228092e-03
216 1 1.30899694e+00 4.23813851e-03
217 1 1.30899694e+00 4.49772625e-03
218 1 1.30899694e+00 4.56706002e-03
219 1 1.30899694e+00 4.67328615e-03
220 1 1.30899694e+00 4.64997927e-03
221 1 1.30899694e+00 4.66127281e-03
222 1 1.30899694e+00 4.40504430e-03
223 1 1.30899694e+00 4.44917167e-03
224 1 1.30899694e+00 4.49359608e-03
225 1 1.30899694e+00 4.28387632e-03
226 1 1.30899694e+00 4.25754822e-03
227 1 1.30899694e+00 4.15196464e-03
228 1 1.30899694e+00 4.50568626e-03
229 1 1.30899694e+00 4.16154225e-03
230 1 1.30899694e+00 4.68800869e-03
231 1 1.30899694e+00 4.25899247e-03
232 1 1.30899694e+00 4.01322417e-03
233 1 1.30899694e+00 4.11172325e-03
234 1 1.30899694e+00 4.34280330e-03
235 1 1.30899694e+00 4.33716196e-03
236 1 1.30899694e+00 4.39443967e-03
237 1 1.30899694e+00 4.69241616e-03
238 1 1.30899694e+00 4.50213744e-03
239 1 1.30899694e+00 4.34017709e-03
240 1 1.30899694e+00 4.51182374e-03
241 1 1.30899694e+00 4.37916251e-03
242 1 1.30899694e+00 4.16383769e-03
243 1 1.30899694e+00 4.67504958e-03
244 1 1.30899694e+00 4.22024236e-03
245 1 1.30899694e+00 4.69942386e-03
246 1 1.30899694e+00 4.33436655e-03
247 1 1.30899694e+00 4.45100500e-03
248 1 1.30899694e+00 4.45625916e-03
249 1 1.30899694e+00 4.37058425e-03
250 1 1.30899694e+00 4.25820651e-03
251 1 1.30899694e+00 4.13333073e-03
252 1 1.30899694e+00 4.72826622e-03
253 1 1.30899694e+00 4.59551105e-03
254 1 1.30899694e+00 4.38953249e-03
255 1 1.30899694e+00 4.56762999e-03
256 1 1.30899694e+00 4.58121599e-03
257 1 1.30899694e+00 4.26934253e-03
258 1 1.30899694e+00 4.23314761e-03
259 1 1.30899694e+00 4.52527459e-03
260 1 1.30899694e+00 4.48349367e-03
261 1 1.30899694e+00 4.46952503e-03
262 1 1.30899694e+00 4.24346456e-03
263 1 1.30899694e+00 4.43214278e-03
264 1 1.30899694e+00 4.42944651e-03
265 1 1.30899694e+00 4.57738344e-03
266 1 1.30899694e+00 4.10566113e-03
267 1 1.30899694e+00 4.42661514e-03
268 1 1.30899694e+00 4.47443270e-03
269 1 1.30899694e+00 4.24327220e-03
270 1 1.30899694e+00 4.34788766e-03
271 1 1.30899694e+00 4.45274476e-03
272 1 1.30899694e+00 4.44045864e-03
273 1 1.30899694e+00 4.27880352e-03
274 1 1.30899694e+00 4.06649318e-03
275 1 1.30899694e+00 4.27920485e-03
276 1 1.30899694e+00 4.32259375e-03
277 1 1.30899694e+00 4.34909998e-03
278 1 1.30899694e+00 4.26847051e-03
279 1 1.30899694e+00 4.26727618e-03
280 1 1.30899694e+00 4.43832330e-03
281 1 1.30899694e+00 4.29731136e-03
282 1 1.30899694e+00 4.53709615e-03
283 1 1.30899694e+00 4.35893114e-03
284 1 1.30899694e+00 4.45397931e-03
285 1 1.30899694e+00 4.10512401e-03
286 1 1.30899694e+00 4.54136525e-03
287 1 1.30899694e+00 4.19756356e-03
288 1 1.30899694e+00 4.36063156e-03
289 1 1.30899694e+00 3.88812553e-03
290 1 1.30899694e+00 4.50366433e-03
291 1 1.30899694e+00 4.54052397e-03
292 1 1.30899694e+00 4.46743467e-03
293 1 1.30899694e+00 4.44783787e-03
294 1 1.30899694e+00 4.39367838e-03
295 1 1.30899694e+00 4.42318708e-03
296 1 1.30899694e+00 4.25959366e-03
297 1 1.30899694e+00 4.78081943e-03
298 1 1.30899694e+00 4.45896269e-03
299 1 1.30899694e+00 4.57939909e-03
300 1 1.30899694e+00 3.98685745e-03
301 1 1.30899694e+00 4.79023535e-03
302 1 1.30899694e+00 4.47875968e-03
303 1 1.30899694e+00 4.16398305e-03
304 1 1.30899694e+00 4.60509230e-03
305 1 1.30899694e+00 4.23875620e-03
306 1 1.30899694e+00 4.37927400e-03
307 1 1.30899694e+00 4.47045523e-03
308 1 1.30899694e+00 4.65754532e-03
309 1 1.30899694e+00 4.60871915e-03
310 1 1.30899694e+00 4.41238229e-03
311 1 1.30899694e+00 4.35571329e-03
312 1 1.30899694e+00 4.64640455e-03
313 1 1.30899694e+00 4.38422770e-03
314 1 1.30899694e+00 4.38531069e-03
315 1 1.30899694e+00 4.19641800e-03
316 1 1.30899694e+00 4.38151831e-03
317 1 1.30899694e+00 4.40946906e-03
318 1 1.30899694e+00 4.54954409e-03
319 1 1.30899694e+00 4.56309955e-03
320 1 1.30899694e+00 4.12521721e-03
321 1 1.30899694e+00 4.44435738e-03
322 1 1.30899694e+00 4.44248065e-03
323 1 1.30899694e+00 4.57500621e-03
324 1 1.30899694e+00 4.63531426e-03
325 1 1.30899694e+00 4.67534776e-03
326 1 1.30899694e+00 4.24266960e-03
327 1 1.30899694e+00 4.23125810e-03
328 1 1.30899694e+00 4.50768102e-03
329 1 1.30899694e+00 4.34530663e-03
330 1 1.30899694e+00 4.36768343e-03
331 1 1.30899694e+00 4.33858843e-03
332 1 1.30899694e+00 4.70866011e-03
333 1 1.30899694e+00 4.67018508e-03
334 1 1.30899694e+00 4.53692363e-03
335 1 1.30899694e+00 4.53102903e-03
336 1 1.30899694e+00 4.51280544e-03
337 1 1.30899694e+00 4.55625366e-03
338 1 1.30899694e+00 4.14040903e-03
339 1 1.30899694e+00 4.49994815e-03
340 1 1.30899694e+00 4.40238200e-03
341 1 1.30899694e+00 4.68210536e-03
342 1 1.30899694e+00 4.67146666e-03
343 1 1.30899694e+00 4.73998932e-03
344 1 1.30899694e+00 4.83020646e-03
345 1 1.30899694e+00 4.37874088e-03
346 1 1.30899694e+00 4.52652837e-03
347 1 1.30899694e+00 4.09630418e-03
348 1 1.30899694e+00 4.50655942e-03
349 1 1.30899694e+00 4.14929498e-03
350 1 1.30899694e+00 4.54898251e-03
351 1 1.30899694e+00 4.63662478e-03
352 1 1.30899694e+00 4.24091015e-03
353 1 1.30899694e+00 4.52070172e-03
354 1 1.30899694e+00 4.66136033e-03
355 1 1.30899694e+00 4.77840803e-03
356 1 1.30899694e+00 4.18288013e-03
357 1 1.30899694e+00 4.36644727e-03
358 1 1.30899694e+00 4.40866135e-03
359 1 1.30899694e+00 4.16775174e-03
360 1 1.30899694e+00 4.59408965e-03
361 1 1.30899694e+00 4.38565514e-03
362 1 1.30899694e+00 4.56951020e-03
363 1 1.30899694e+00 4.41183589e-03
364 1 1.30899694e+00 4.29786513e-03
365 1 1.30899694e+00 4.49492873e-03
366 1 1.30899694e+00 4.41760212e-03
367 1 1.30899694e+00 4.42046892e-03
368 1 1.30899694e+00 4.35425514e-03
369 1 1.30899694e+00 4.59671023e-03
370 1 1.30899694e+00 4.30259702e-03
371 1 1.30899694e+00 4.26405087e-03
372 1 1.30899694e+00 4.50016494e-03
373 1 1.30899694e+00 4.48399230e-03
374 1 1.30899694e+00 4.14651721e-03
375 1 1.30899694e+00 4.27988825e-03
376 1 1.30899694e+00 4.48121557e-03
377 1 1.30899694e+00 4.59855094e-03
378 1 1.30899694e+00 4.43798921e-03
379 1 1.30899694e+00 4.45082537e-03
380 1 1.30899694e+00 4.59412946e-03
381 1 1.30899694e+00 4.84070797e-03
382 1 1.30899694e+00 4.46217612e-03
383 1 1.30899694e+00 4.38360440e-03
384 1 1.30899694e+00 4.47212715e-03
385 1 1.30899694e+00 4.53302034e-03
386 1 1.30899694e+00 4.41991573e-03
387 1 1.30899694e+00 4.83799186e-03
388 1 1.30899694e+00 4.34346428e-03
389 1 1.30899694e+00 4.10519210e-03
390 1 1.30899694e+00 4.54850270e-03
391 1 1.30899694e+00 4.28386524e-03
392 1 1.30899694e+00 4.75425265e-03
393 1 1.30899694e+00 4.47453826e-03
394 1 1.30899694e+00 4.67262829e-03
395 1 1.30899694e+00 4.50561033e-03
396 1 1.30899694e+00 4.30681368e-03
397 1 1.30899694e+00 4.37394439e-03
398 1 1.30899694e+00 4.62298073e-03
399 1 1.30899694e+00 4.60472653e-03
400 1 1.30899694e+00 4.40527353e-03
401 1 1.30899694e+00 4.74345304e-03
402 1 1.30899694e+00 4.65995998e-03
403 1 1.30899694e+00 4.47572179e-03
404 1 1.30899694e+00 4.64024048e-03
405 1 1.30899694e+00 4.35381595e-03
406 1 1.30899694e+00 4.51509158e-03
407 1 1.30899694e+00 4.49871698e-03
408 1 1.30899694e+00 4.54198716e-03
409 1 1.30899694e+00 4.44277428e-03
410 1 1.30899694e+00 4.36465015e-03
411 1 1.30899694e+00 4.10800329e-03
412 1 1.30899694e+00 4.39448742e-03
413 1 1.30899694e+00 4.72718222e-03
414 1 1.30899694e+00 4.28050136e-03
415 1 1.30899694e+00 4.35102993e-03
416 1 1.30899694e+00 4.52276895e-03
417 1 1.30899694e+00 4.36373064e-03
418 1 1.30899694e+00 4.40201044e-03
419 1 1.30899694e+00 4.38537477e-03
420 1 1.30899694e+00 4.20705191e-03
421 1 1.30899694e+00 4.62440991e-03
422 1 1.30899694e+00 4.28365561e-03
423 1 1.30899694e+00 4.22846637e-03
424 1 1.30899694e+00 4.09915311e-03
425 1 1.30899694e+00 4.52015319e-03
426 1 1.30899694e+00 4.60168914e-03
427 1 1.30899694e+00 4.46486377e-03
428 1 1.30899694e+00 4.55015005e-03
429 1 1.30899694e+00 4.65201080e-03
430 1 1.30899694e+00 4.41164547e-03
431 1 1.30899694e+00 4.55713234e-03
432 1 1.30899694e+00 4.43831051e-03
433 1 1.30899694e+00 4.64462175e-03
434 1 1.30899694e+00 4.28224271e-03
435 1 1.30899694e+00 4.53780227e-03
436 1 1.30899694e+00 4.40162607e-03
437 1 1.30899694e+00 4.23511992e-03
438 1 1.30899694e+00 4.57524444e-03
439 1 1.30899694e+00 4.27822594e-03
440 1 1.30899694e+00 4.54776139e-03
441 1 1.30899694e+00 4.34348676e-03
442 1 1.30899694e+00 4.50547899e-03
443 1 1.30899694e+00 4.49582076e-03
444 1 1.30899694e+00 4.47398052e-03
445 1 1.30899694e+00 4.09066580e-03
446 1 1.30899694e+00 4.24215997e-03
447 1 1.30899694e+00 4.28297913e-03
448 1 1.30899694e+00 4.74775253e-03
449 1 1.30899694e+00 4.27335277e-03
450 1 1.30899694e+00 4.47587586e-03
451 1 1.30899694e+00 4.24650141e-03
452 1 1.30899694e+00 4.53717035e-03
453 1 1.30899694e+00 4.90417725e-03
454 1 1.30899694e+00 4.27508798e-03
455 1 1.30899694e+00 4.52662609e-03
456 1 1.30899694e+00 4.54742114e-03
457 1 1.30899694e+00 4.45250006e-03
458 1 1.30899694e+00 4.63569681e-03
459 1 1.30899694e+00 4.66552996e-03
460 1 1.30899694e+00 4.45315127e-03
461 1 1.30899694e+00 4.61554746e-03
462 1 1.30899694e+00 4.52289763e-03
463 1 1.30899694e+00 4.44143260e-03
464 1 1.30899694e+00 4.70989455e-03
465 1 1.30899694e+00 4.60595393e-03
466 1 1.30899694e+00 4.35576463e-03
467 1 1.30899694e+00 4.34083104e-03
468 1 1.30899694e+00 4.43225157e-03
469 1 1.30899694e+00 4.00409965e-03
470 1 1.30899694e+00 4.57462338e-03
471 1 1.30899694e+00 4.36052750e-03
472 1 1.30899694e+00 4.43761739e-03
473 1 1.30899694e+00 4.59109776e-03
474 1 1.30899694e+00 4.55857651e-03
475 1 1.30899694e+00 4.40591372e-03
476 1 1.30899694e+00 4.22436861e-03
477 1 1.30899694e+00 4.23946894e-03
478 1 1.30899694e+00 4.48089763e-03
479 1 1.30899694e+00 4.29281662e-03
480 1 1.30899694e+00 4.23883724e-03
481 1 1.30899694e+00 4.35168733e-03
482 1 1.30899694e+00 4.31265364e-03
483 1 1.30899694e+00 4.47032412e-03
484 1 1.30899694e+00 4.45525558e-03
485 1 1.30899694e+00 4.51901170e-03
486 1 1.30899694e+00 4.49105629e-03
487 1 1.30899694e+00 4.54070610e-03
488 1 1.30899694e+00 4.47579545e-03
489 1 1.30899694e+00 4.68681700e-03
490 1 1.30899694e+00 4.39300358e-03
491 1 1.30899694e+00 4.35688729e-03
492 1 1.30899694e+00 4.46193553e-03
493 1 1.30899694e+00 4.72871814e-03
494 1 1.30899694e+00 4.30401660e-03
495 1 1.30899694e+00 4.24255094e-03
496 1 1.30899694e+00 4.33114848e-03
497 1 1.30899694e+00 4.52901118e-03
498 1 1.30899694e+00 4.54797761e-03
499 1 1.30899694e+00 4.60649869e-03
500 1 1.30899694e+00 4.14068237e-03
501 1 1.30899694e+00 4.32329790e-03
502 1 1.30899694e+00 4.37751827e-03
503 1 1.30899694e+00 4.44886751e-03
504 1 1.30899694e+00 4.38267326e-03
505 1 1.30899694e+00 4.25995574e-03
506 1 1.30899694e+00 4.20161914e-03
507 1 1.30899694e+00 4.23090108e-03
508 1 1.30899694e+00 4.39046395e-03
509 1 1.30899694e+00 4.67549042e-03
510 1 1.30899694e+00 4.53676172e-03
511 1 1.30899694e+00 4.07386422e-03
512 1 1.30899694e+00 4.41967604e-03
513 1 1.30899694e+00 4.58965467e-03
514 1 1.30899694e+00 4.25877279e-03
515 1 1.30899694e+00 4.55463481e-03
516 1 1.30899694e+00 4.32328196e-03
517 1 1.30899694e+00 4.11825409e-03
518 1 1.30899694e+00 4.36192071e-03
519 1 1.30899694e+00 4.10494267e-03
520 1 1.30899694e+00 4.47244470e-03
521 1 1.30899694e+00 4.19829905e-03
522 1 1.30899694e+00 4.67866129e-03
523 1 1.30899694e+00 4.16682076e-03
524 1 1.30899694e+00 4.27572694e-03
525 1 1.30899694e+00 4.44503295e-03
526 1 1.30899694e+00 4.12811697e-03
527 1 1.30899694e+00 4.70468332e-03
528 1 1.30899694e+00 4.39600467e-03
529 1 1.30899694e+00 4.31252651e-03
530 1 1.30899694e+00 4.18050135e-03
531 1 1.30899694e+00 4.35063382e-03
532 1 1.30899694e+00 4.43857959e-03
533 1 1.30899694e+00 4.37395898e-03
534 1 1.30899694e+00 4.49511348e-03
535 1 1.30899694e+00 4.49797066e-03
536 1 1.30899694e+00 4.37147028e-03
537 1 1.30899694e+00 4.57845494e-03
538 1 1.30899694e+00 4.17616544e-03
539 1 1.30899694e+00 4.63637993e-03
540 1 1.30899694e+00 4.41223467e-03
541 1 1.30899694e+00 4.49094541e-03
542 1 1.30899694e+00 4.25469072e-03
543 1 1.30899694e+00 4.44845775e-03
544 1 1.30899694e+00 4.42171441e-03
545 1 1.30899694e+00 4.34179018e-03
546 1 1.30899694e+00 4.67848340e-03
547 1 1.30899694e+00 4.83382824e-03
548 1 1.30899694e+00 4.37122918e-03
549 1 1.30899694e+00 4.15766320e-03
550 1 1.30899694e+00 4.56033097e-03
551 1 1.30899694e+00 4.29511183e-03
552 1 1.30899694e+00 4.52180294e-03
553 1 1.30899694e+00 4.87873786e-03
554 1 1.30899694e+00 4.31251675e-03
555 1 1.30899694e+00 4.50583486e-03
556 1 1.30899694e+00 4.65681701e-03
557 1 1.30899694e+00 4.50582687e-03
558 1 1.30899694e+00 4.33642158e-03
559 1 1.30899694e+00 4.59188692e-03
560 1 1.30899694e+00 4.73772690e-03
561 1 1.30899694e+00 4.00163723e-03
562 1 1.30899694e+00 4.73520459e-03
563 1 1.30899694e+00 4.50409612e-03
564 1 1.30899694e+00 4.46481880e-03
565 1 1.30899694e+00 4.34420333e-03
566 1 1.30899694e+00 4.29495347e-03
567 1 1.30899694e+00 4.63620085e-03
568 1 1.30899694e+00 4.32819342e-03
569 1 1.30899694e+00 4.51863245e-03
570 1 1.30899694e+00 4.50051966e-03
571 1 1.30899694e+00 4.41061380e-03
572 1 1.30899694e+00 4.45630418e-03
573 1 1.30899694e+00 4.39473850e-03
574 1 1.30899694e+00 4.63969561e-03
575 1 1.30899694e+00 4.52088125e-03
576 1 1.30899694e+00 4.58324451e-03
577 1 1.30899694e+00 4.47862325e-03
578 1 1.30899694e+00 4.65394196e-03
579 1 1.30899694e+00 4.39648022e-03
580 1 1.30899694e+00 4.35556630e-03
581 1 1.30899694e+00 4.09295894e-03
582 1 1.30899694e+00 4.61450801e-03
583 1 1.30899694e+00 4.36725349e-03
584 1 1.30899694e+00 4.25705226e-03
585 1 1.30899694e+00 4.43233147e-03
586 1 1.30899694e+00 4.60923796e-03
587 1 1.30899694e+00 4.59974895e-03
588 1 1.30899694e+00 4.47499204e-03
589 1 1.30899694e+00 4.32566565e-03
590 1 1.30899694e+00 4.52405857e-03
591 1 1.30899694e+00 4.13839327e-03
592 1 1.30899694e+00 4.03481808e-03
593 1 1.30899694e+00 4.35493986e-03
594 1 1.30899694e+00 4.39637021e-03
595 1 1.30899694e+00 4.29016725e-03
596 1 1.30899694e+00 4.57676185e-03
597 1 1.30899694e+00 4.48428893e-03
598 1 1.30899694e+00 4.57620035e-03
599 1 1.30899694e+00 4.59015026e-03
600 1 1.30899694e+00 4.40430319e-03
601 1 1.30899694e+00 4.54409503e-03
602 1 1.30899694e+00 4.50854756e-03
603 1 1.30899694e+00 4.29685260e-03
604 1 1.30899694e+00 4.49160293e-03
605 1 1.30899694e+00 4.60324464e-03
606 1 1.30899694e+00 4.29637349e-03
607 1 1.30899694e+00 4.05989208e-03
608 1 1.30899694e+00 4.36504407e-03
609 1 1.30899694e+00 4.09405793e-03
610 1 1.30899694e+00 4.18544127e-03
611 1 1.30899694e+00 4.28446240e-03
612 1 1.30899694e+00 4.58363850e-03
613 1 1.30899694e+00 4.64584721e-03
614 1 1.30899694e+00 4.51187130e-03
615 1 1.30899694e+00 4.38314476e-03
616 1 1.30899694e+00 4.69257867e-03
617 1 1.30899694e+00 4.67281039e-03
618 1 1.30899694e+00 4.31374917e-03
619 1 1.30899694e+00 4.15540152e-03
620 1 1.30899694e+00 4.60655386e-03
621 1 1.30899694e+00 4.52409197e-03
622 1 1.30899694e+00 4.78799292e-03
623 1 1.30899694e+00 4.50895510e-03
624 1 1.30899694e+00 4.63863169e-03
625 1 1.30899694e+00 4.52983088e-03
626 1 1.30899694e+00 4.31561286e-03
627 1 1.30899694e+00 4.39566344e-03
628 1 1.30899694e+00 4.28214794e-03
629 1 1.30899694e+00 4.09993282e-03
630 1 1.30899694e+00 4.49775384e-03
631 1 1.30899694e+00 4.27364779e-03
632 1 1.30899694e+00 4.18500932e-03
633 1 1.30899694e+00 4.39810185e-03
634 1 1.30899694e+00 4.77524980e-03
635 1 1.30899694e+00 4.14652008e-03
636 1 1.30899694e+00 4.55721567e-03
637 1 1.30899694e+00 4.41562216e-03
638 1 1.30899694e+00 4.23249175e-03
639 1 1.30899694e+00 4.29494197e-03
640 1 1.30899694e+00 4.34362471e-03
641 1 1.30899694e+00 4.39367420e-03
642 1 1.30899694e+00 4.28160933e-03
643 1 1.30899694e+00 4.55244684e-03
644 1 1.30899694e+00 4.63313483e-03
645 1 1.30899694e+00 4.16385394e-03
646 1 1.30899694e+00 4.21331561e-03
647 1 1.30899694e+00 4.13939359e-03
648 1 1.30899694e+00 4.57393265e-03
649 1 1.30899694e+00 3.95814878e-03
650 1 1.30899694e+00 4.58310013e-03
651 1 1.30899694e+00 4.28838370e-03
652 1 1.30899694e+00 4.40288063e-03
653 1 1.30899694e+00 4.43741187e-03
654 1 1.30899694e+00 4.62387671e-03
655 1 1.30899694e+00 4.52097040e-03
656 1 1.30899694e+00 4.40232925e-03
657 1 1.30899694e+00 4.36307800e-03
658 1 1.30899694e+00 4.61922480e-03
659 1 1.30899694e+00 4.40135337e-03
660 1 1.30899694e+00 4.34160234e-03
661 1 1.30899694e+00 4.28303476e-03
662 1 1.30899694e+00 4.70595986e-03
663 1 1.30899694e+00 4.43036590e-03
664 1 1.30899694e+00 4.78312564e-03
665 1 1.30899694e+00 4.11865002e-03
666 1 1.30899694e+00 4.45043892e-03
667 1 1.30899694e+00 4.32459276e-03
668 1 1.30899694e+00 4.57347648e-03
669 1 1.30899694e+00 4.40663564e-03
670 1 1.30899694e+00 4.28702058e-03
671 1 1.30899694e+00 4.53260814e-03
672 1 1.30899694e+00 4.35554418e-03
673 1 1.30899694e+00 4.64267944e-03
674 1 1.30899694e+00 4.36865784e-03
675 1 1.30899694e+00 4.37505870e-03
676 1 1.30899694e+00 4.11413088e-03
677 1 1.30899694e+00 4.51539714e-03
678 1 1.30899694e+00 4.57535291e-03
679 1 1.30899694e+00 4.33018674e-03
680 1 1.30899694e+00 4.70167216e-03
681 1 1.30899694e+00 4.38827010e-03
682 1 1.30899694e+00 4.54055263e-03
683 1 1.30899694e+00 4.05844804e-03
684 1 1.30899694e+00 4.50479815e-03
685 1 1.30899694e+00 4.36641825e-03
686 1 1.30899694e+00 4.65903534e-03
687 1 1.30899694e+00 4.49950257e-03
688 1 1.30899694e+00 4.43332005e-03
689 1 1.30899694e+00 4.35768406e-03
690 1 1.30899694e+00 4.64482080e-03
691 1 1.30899694e+00 3.99139429e-03
692 1 1.30899694e+00 4.53702086e-03
693 1 1.30899694e+00 4.33361204e-03
694 1 1.30899694e+00 4.28658466e-03
695 1 1.30899694e+00 4.48625922e-03
696 1 1.30899694e+00 4.51073398e-03
697 1 1.30899694e+00 4.24387956e-03
698 1 1.30899694e+00 4.51004310e-03
699 1 1.30899694e+00 4.30412425e-03
700 1 1.30899694e+00 4.04030416e-03
701 1 1.30899694e+00 4.39591806e-03
702 1 1.30899694e+00 4.41133544e-03
703 1 1.30899694e+00 4.94881879e-03
704 1 1.30899694e+00 4.38950981e-03
705 1 1.30899694e+00 4.43522077e-03
706 1 1.30899694e+00 4.21874037e-03
707 1 1.30899694e+00 4.20995139e-03
708 1 1.30899694e+00 4.27895212e-03
709 1 1.30899694e+00 4.77149731e-03
710 1 1.30899694e+00 4.64788294e-03
711 1 1.30899694e+00 4.78070799e-03
712 1 1.30899694e+00 4.60418736e-03
713 1 1.30899694e+00 4.20336642e-03
714 1 1.30899694e+00 4.28622040e-03
715 1 1.30899694e+00 4.33360464e-03
716 1 1.30899694e+00 4.46145761e-03
717 1 1.30899694e+00 4.10649465e-03
718 1 1.30899694e+00 4.25596821e-03
719 1 1.30899694e+00 4.14826515e-03
720 1 1.30899694e+00 4.54085062e-03
721 1 1.30899694e+00 4.52926415e-03
722 1 1.30899694e+00 4.39144151e-03
723 1 1.30899694e+00 4.31523992e-03
724 1 1.30899694e+00 4.54186125e-03
725 1 1.30899694e+00 4.18981106e-03
726 1 1.30899694e+00 4.37348111e-03
727 1 1.30899694e+00 4.60423261e-03
728 1 1.30899694e+00 4.33722122e-03
729 1 1.30899694e+00 4.60334551e-03
730 1 1.30899694e+00 4.23010729e-03
731 1 1.30899694e+00 4.58430215e-03
732 1 1.30899694e+00 4.39141565e-03
733 1 1.30899694e+00 4.47739750e-03
734 1 1.30899694e+00 4.34778263e-03
735 1 1.30899694e+00 4.40840690e-03
736 1 1.30899694e+00 4.51111611e-03
737 1 1.30899694e+00 4.53978094e-03
738 1 1.30899694e+00 4.44400524e-03
739 1 1.30899694e+00 4.15236415e-03
740 1 1.30899694e+00 4.53177008e-03
741 1 1.30899694e+00 4.24431248e-03
742 1 1.30899694e+00 4.34555775e-03
743 1 1.30899694e+00 4.30622075e-03
744 1 1.30899694e+00 4.38864704e-03
745 1 1.30899694e+00 4.19183125e-03
746 1 1.30899694e+00 4.50582421e-03
747 1 1.30899694e+00 4.76399501e-03
748 1 1.30899694e+00 4.43827962e-03
749 1 1.30899694e+00 4.23379272e-03
750 1 1.30899694e+00 4.51053246e-03
751 1 1.30899694e+00 4.81408680e-03
752 1 1.30899694e+00 4.86745868e-03
753 1 1.30899694e+00 4.54866726e-03
754 1 1.30899694e+00 4.63924799e-03
755 1 1.30899694e+00 4.16172635e-03
756 1 1.30899694e+00 4.65555072e-03
757 1 1.30899694e+00 4.09902538e-03
758 1 1.30899694e+00 4.37948093e-03
759 1 1.30899694e+00 4.23196280e-03
760 1 1.30899694e+00 4.15679633e-03
761 1 1.30899694e+00 4.59260554e-03
762 1 1.30899694e+00 4.19914362e-03
763 1 1.30899694e+00 4.43585545e-03
764 1 1.30899694e+00 4.62290556e-03
765 1 1.30899694e+00 4.47784851e-03
766 1 1.30899694e+00 4.43545775e-03
767 1 1.30899694e+00 4.28143574e-03
768 1 1.30899694e+00 4.39478686e-03
769 1 1.30899694e+00 4.74357374e-03
770 1 1.30899694e+00 4.47478412e-03
771 1 1.30899694e+00 4.52390049e-03
772 1 1.30899694e+00 4.43773071e-03
773 1 1.30899694e+00 4.34364293e-03
774 1 1.30899694e+00 4.45403103e-03
775 1 1.30899694e+00 4.59309317e-03
776 1 1.30899694e+00 4.35794015e-03
777 1 1.30899694e+00 4.23497625e-03
778 1 1.30899694e+00 4.37085221e-03
779 1 1.30899694e+00 4.63640873e-03
780 1 1.30899694e+00 4.19154018e-03
781 1 1.30899694e+00 4.44997098e-03
782 1 1.30899694e+00 4.55888329e-03
783 1 1.30899694e+00 4.35084612e-03
784 1 1.30899694e+00 4.32010095e-03
785 1 1.30899694e+00 4.28814838e-03
786 1 1.30899694e+00 4.34966038e-03
787 1 1.30899694e+00 4.21480533e-03
788 1 1.30899694e+00 4.28863316e-03
789 1 1.30899694e+00 4.35118760e-03
790 1 1.30899694e+00 4.60252380e-03
791 1 1.30899694e+00 4.36904252e-03
792 1 1.30899694e+00 4.27184614e-03
793 1 1.30899694e+00 4.29581619e-03
794 1 1.30899694e+00 4.20202240e-03
795 1 1.30899694e+00 4.18826643e-03
796 1 1.30899694e+00 4.36116729e-03
797 1 1.30899694e+00 4.47057638e-03
798 1 1.30899694e+00 4.18522761e-03
799 1 1.30899694e+00 4.01679010e-03
800 1 1.30899694e+00 4.68096756e-03
801 1 1.30899694e+00 4.51323683e-03
802 1 1.30899694e+00 4.16953399e-03
803 1 1.30899694e+00 4.37628770e-03
804 1 1.30899694e+00 4.53906385e-03
805 1 1.30899694e+00 4.56548048e-03
806 1 1.30899694e+00 4.68907148e-03
807 1 1.30899694e+00 4.41346935e-03
808 1 1.30899694e+00 4.55056042e-03
809 1 1.30899694e+00 4.51244748e-03
810 1 1.30899694e+00 5.01394029e-03
811 1 1.30899694e+00 4.53749037e-03
812 1 1.30899694e+00 4.62198133e-03
813 1 1.30899694e+00 4.47534723e-03
814 1 1.30899694e+00 4.60910053e-03
815 1 1.30899694e+00 4.67264590e-03
816 1 1.30899694e+00 4.35989798e-03
817 1 1.30899694e+00 4.68330820e-03
818 1 1.30899694e+00 4.35625697e-03
819 1 1.30899694e+00 4.54392152e-03
820 1 1.30899694e+00 4.94137001e-03
821 1 1.30899694e+00 4.26741323e-03
822 1 1.30899694e+00 4.55520909e-03
823 1 1.30899694e+00 4.36572441e-03
824 1 1.30899694e+00 4.41570546e-03
825 1 1.30899694e+00 4.33474826e-03
826 1 1.30899694e+00 4.37634496e-03
827 1 1.30899694e+00 4.21634682e-03
828 1 1.30899694e+00 4.73203181e-03
829 1 1.30899694e+00 4.17567694e-03
830 1 1.30899694e+00 4.39772048e-03
831 1 1.30899694e+00 4.29108152e-03
832 1 1.30899694e+00 4.38630885e-03
833 1 1.30899694e+00 4.79606891e-03
834 1 1.30899694e+00 4.50970768e-03
835 1 1.30899694e+00 4.41361323e-03
836 1 1.30899694e+00 4.29281530e-03
837 1 1.30899694e+00 4.47740685e-03
838 1 1.30899694e+00 4.58473121e-03
839 1 1.30899694e+00 4.25570212e-03
840 1 1.30899694e+00 4.58552214e-03
841 1 1.30899694e+00 4.31637352e-03
842 1 1.30899694e+00 4.04285588e-03
843 1 1.30899694e+00 4.35660658e-03
844 1 1.30899694e+00 4.56792328e-03
845 1 1.30899694e+00 4.31381078e-03
846 1 1.30899694e+00 4.30730246e-03
847 1 1.30899694e+00 4.14494922e-03
848 1 1.30899694e+00 4.34073616e-03
849 1 1.30899694e+00 4.27216656e-03
850 1 1.30899694e+00 4.24851697e-03
851 1 1.30899694e+00 4.42599351e-03
852 1 1.30899694e+00 4.24182531e-03
853 1 1.30899694e+00 4.41178500e-03
854 1 1.30899694e+00 4.33722983e-03
855 1 1.30899694e+00 4.66629632e-03
856 1 1.30899694e+00 4.66337474e-03
857 1 1.30899694e+00 4.78381235e-03
858 1 1.30899694e+00 4.60368179e-03
859 1 1.30899694e+00 4.76749708e-03
860 1 1.30899694e+00 4.42135547e-03
861 1 1.30899694e+00 4.51770825e-03
862 1 1.30899694e+00 4.64629330e-03
863 1 1.30899694e+00 4.70383385e-03
864 1 1.30899694e+00 4.45435317e-03
865 1 1.30899694e+00 4.42969961e-03
866 1 1.30899694e+00 4.37021444e-03
867 1 1.30899694e+00 4.18965405e-03
868 1 1.30899694e+00 4.35819889e-03
869 1 1.30899694e+00 4.08147251e-03
870 1 1.30899694e+00 4.21339948e-03
871 1 1.30899694e+00 4.43744753e-03
872 1 1.30899694e+00 4.35388893e-03
873 1 1.30899694e+00 4.54593619e-03
874 1 1.30899694e+00 4.46346832e-03
875 1 1.30899694e+00 4.58887883e-03
876 1 1.30899694e+00 4.58512501e-03
877 1 1.30899694e+00 4.50048924e-03
878 1 1.30899694e+00 4.60070024e-03
879 1 1.30899694e+00 4.14110488e-03
880 1 1.30899694e+00 4.69821567e-03
881 1 1.30899694e+00 4.41228706e-03
882 1 1.30899694e+00 4.25073078e-03
883 1 1.30899694e+00 4.37597096e-03
884 1 1.30899694e+00 4.21829035e-03
885 1 1.30899694e+00 4.09901767e-03
886 1 1.30899694e+00 4.27871727e-03
887 1 1.30899694e+00 4.65391531e-03
888 1 1.30899694e+00 4.08677119e-03
889 1 1.30899694e+00 4.34353506e-03
890 1 1.30899694e+00 4.46249068e-03
891 1 1.30899694e+00 4.49758269e-03
892 1 1.30899694e+00 4.19315295e-03
893 1 1.30899694e+00 4.60167999e-03
894 1 1.30899694e+00 4.24458911e-03
895 1 1.30899694e+00 4.05933980e-03
896 1 1.30899694e+00 4.29505796e-03
897 1 1.30899694e+00 4.37890367e-03
898 1 1.30899694e+00 4.07132515e-03
899 1 1.30899694e+00 4.47039682e-03
900 1 1.30899694e+00 4.50892966e-03
901 1 1.30899694e+00 4.64658790e-03
902 1 1.30899694e+00 4.53538641e-03
903 1 1.30899694e+00 4.34951572e-03
904 1 1.30899694e+00 4.95798942e-03
905 1 1.30899694e+00 4.41558587e-03
906 1 1.30899694e+00 4.49529434e-03
907 1 1.30899694e+00 4.12334399e-03
908 1 1.30899694e+00 4.49484074e-03
909 1 1.30899694e+00 4.49864647e-03
910 1 1.30899694e+00 4.44463329e-03
911 1 1.30899694e+00 4.17820651e-03
912 1 1.30899694e+00 4.65756384e-03
913 1 1.30899694e+00 4.39513587e-03
914 1 1.30899694e+00 4.27850060e-03
915 1 1.30899694e+00 4.58329591e-03
916 1 1.30899694e+00 4.15565180e-03
917 1 1.30899694e+00 4.42439674e-03
918 1 1.30899694e+00 4.37563146e-03
919 1 1.30899694e+00 4.38476462e-03
920 1 1.30899694e+00 4.45562558e-03
921 1 1.30899694e+00 4.31987115e-03
922 1 1.30899694e+00 4.52184098e-03
923 1 1.30899694e+00 4.26955644e-03
924 1 1.30899694e+00 4.49846804e-03
925 1 1.30899694e+00 4.68042118e-03
926 1 1.30899694e+00 4.47548327e-03
927 1 1.30899694e+00 4.54559478e-03
928 1 1.30899694e+00 4.65209249e-03
929 1 1.30899694e+00 4.45106882e-03
930 1 1.30899694e+00 4.31878856e-03
931 1 1.30899694e+00 4.32753004e-03
932 1 1.30899694e+00 4.58674288e-03
933 1 1.30899694e+00 4.21617884e-03
934 1 1.30899694e+00 4.23332265e-03
935 1 1.30899694e+00 4.55473756e-03
936 1 1.30899694e+00 4.35888718e-03
937 1 1.30899694e+00 4.42613160e-03
938 1 1.30899694e+00 4.32517671e-03
939 1 1.30899694e+00 4.60609764e-03
940 1 1.30899694e+00 4.92901866e-03
941 1 1.30899694e+00 4.54010300e-03
942 1 1.30899694e+00 4.83658923e-03
943 1 1.30899694e+00 4.30856798e-03
944 1 1.30899694e+00 4.24577913e-03
945 1 1.30899694e+00 4.52855779e-03
946 1 1.30899694e+00 4.45306303e-03
947 1 1.30899694e+00 4.55002706e-03
948 1 1.30899694e+00 4.53002008e-03
949 1 1.30899694e+00 4.24474014e-03
950 1 1.30899694e+00 4.32723172e-03
951 1 1.30899694e+00 4.27077462e-03
952 1 1.30899694e+00 4.42025425e-03
953 1 1.30899694e+00 4.65038335e-03
954 1 1.30899694e+00 4.44969031e-03
955 1 1.30899694e+00 4.35132909e-03
956 1 1.30899694e+00 4.52682947e-03
957 1 1.30899694e+00 4.42350775e-03
958 1 1.30899694e+00 4.58089089e-03
959 1 1.30899694e+00 4.39410551e-03
960 1 1.30899694e+00 4.42339408e-03
961 1 1.30899694e+00 4.60060609e-03
962 1 1.30899694e+00 4.28252625e-03
963 1 1.30899694e+00 4.35753433e-03
964 1 1.30899694e+00 4.60488132e-03
965 1 1.30899694e+00 4.34808607e-03
966 1 1.30899694e+00 4.46247864e-03
967 1 1.30899694e+00 4.16236460e-03
968 1 1.30899694e+00 4.69484594e-03
969 1 1.30899694e+00 4.37615882e-03
970 1 1.30899694e+00 4.49589262e-03
971 1 1.30899694e+00 4.50048167e-03
972 1 1.30899694e+00 4.32138547e-03
973 1 1.30899694e+00 4.36001421e-03
974 1 1.30899694e+00 4.47368910e-03
975 1 1.30899694e+00 4.23210872e-03
976 1 1.30899694e+00 4.33699679e-03
977 1 1.30899694e+00 4.74204170e-03
978 1 1.30899694e+00 4.50985833e-03
979 1 1.30899694e+00 4.62020982e-03
980 1 1.30899694e+00 4.33211805e-03
981 1 1.30899694e+00 4.30479990e-03
982 1 1.30899694e+00 4.41488109e-03
983 1 1.30899694e+00 4.64390193e-03
984 1 1.30899694e+00 4.39065802e-03
985 1 1.30899694e+00 4.61322341e-03
986 1 1.30899694e+00 4.61036720e-03
987 1 1.30899694e+00 4.31618860e-03
988 1 1.30899694e+00 4.52849118e-03
989 1 1.30899694e+00 4.63637413e-03
990 1 1.30899694e+00 4.39862363e-03
991 1 1.30899694e+00 4.10219026e-03
992 1 1.30899694e+00 4.31206587e-03
993 1 1.30899694e+00 4.31646869e-03
994 1 1.30899694e+00 4.08329058e-03
995 1 1.30899694e+00 4.52802370e-03
996 1 1.30899694e+00 4.62352549e-03
997 1 1.30899694e+00 4.27856459e-03
998 1 1.30899694e+00 4.52103683e-03
999 1 1.30899694e+00 4.29938747e-03
1000 1 1.30899694e+00 4.17172249e-03
1001 1 1.30899694e+00 4.34929581e-03
1002 1 1.30899694e+00 4.50416333e-03
1003 1 1.30899694e+00 4.62296550e-03
1004 1 1.30899694e+00 4.47434971e-03
1005 1 1.30899694e+00 4.31043642e-03
1006 1 1.30899694e+00 4.35138245e-03
1007 1 1.30899694e+00 4.45658262e-03
1008 1 1.30899694e+00 4.31306621e-03
1009 1 1.30899694e+00 3.99366876e-03
1010 1 1.30899694e+00 4.26724999e-03
1011 1 1.30899694e+00 4.33908950e-03
1012 1 1.30899694e+00 4.14469403e-03
0 2 2.61799388e+00 5.72915544e-03
1 2 2.61799388e+00 5.44501613e-03
2 2 2.61799388e+00 6.26950554e-03
3 2 2.61799388e+00 5.75781513e-03
4 2 2.61799388e+00 6.00229970e-03
5 2 2.61799388e+00 5.71235062e-03
6 2 2.61799388e+00 5.67941721e-03
7 2 2.61799388e+00 5.60273637e-03
8 2 2.61799388e+00 5.68076391e-03
9 2 2.61799388e+00 5.64016933e-03
10 2 2.61799388e+00 4.90391099e-03
11 2 2.61799388e+00 5.03467688e-03
12 2 2.61799388e+00 5.76590510e-03
13 2 2.61799388e+00 6.50674419e-03
14 2 2.61799388e+00 6.08003129e-03
15 2 2.61799388e+00 5.92898941e-03
16 2 2.61799388e+00 5.77355903e-03
17 2 2.61799388e+00 5.53298004e-03
18 2 2.61799388e+00 5.61185555e-03
19 2 2.61799388e+00 5.75333624e-03
20 2 2.61799388e+00 5.91991495e-03
21 2 2.61799388e+00 6.34058721e-03
22 2 2.61799388e+00 5.90515262e-03
23 2 2.61799388e+00 5.83163809e-03
24 2 2.61799388e+00 5.19555917e-03
25 2 2.61799388e+00 5.88688543e-03
26 2 2.61799388e+00 5.59923532e-03
27 2 2.61799388e+00 5.09537757e-03
28 2 2.61799388e+00 6.13562926e-03
29 2 2.61799388e+00 5.87834699e-03
30 2 2.61799388e+00 5.42119718e-03
31 2 2.61799388e+00 5.43368003e-03
32 2 2.61799388e+00 5.70043047e-03
33 2 2.61799388e+00 5.85058003e-03
34 2 2.61799388e+00 5.95440733e-03
35 2 2.61799388e+00 5.76173121e-03
36 2 2.61799388e+00 5.63584937e-03
37 2 2.61799388e+00 5.21039309e-03
38 2 2.61799388e+00 6.17648473e-03
39 2 2.61799388e+00 5.77579914e-03
40 2 2.61799388e+00 5.37392454e-03
41 2 2.61799388e+00 5.67485091e-03
42 2 2.61799388e+00 5.90798867e-03
43 2 2.61799388e+00 5.76632304e-03
44 2 2.61799388e+00 5.64784356e-03
45 2 2.61799388e+00 5.33011295e-03
46 2 2.61799388e+00 5.09850200e-03
47 2 2.61799388e+00 5.77158077e-03
48 2 2.61799388e+00 6.18075949e-03
49 2 2.61799388e+00 5.00649456e-03
50 2 2.61799388e+00 5.57760101e-03
51 2 2.61799388e+00 5.68138290e-03
52 2 2.61799388e+00 5.50222284e-03
53 2 2.61799388e+00 6.31181406e-03
54 2 2.61799388e+00 5.98182054e-03
55 2 2.61799388e+00 5.83849803e-03
56 2 2.61799388e+00 5.70127991e-03
57 2 2.61799388e+00 5.65706842e-03
58 2 2.61799388e+00 5.47909467e-03
59 2 2.61799388e+00 5.36691157e-03
60 2 2.61799388e+00 5.37678950e-03
61 2 2.61799388e+00 5.33188405e-03
62 2 2.61799388e+00 6.66457708e-03
63 2 2.61799388e+00 5.78541248e-03
64 2 2.61799388e+00 5.61864395e-03
65 2 2.61799388e+00 5.90116761e-03
66 2 2.61799388e+00 5.49670361e-03
67 2 2.61799388e+00 5.50253641e-03
68 2 2.61799388e+00 6.02533425e-03
69 2 2.61799388e+00 5.58670604e-03
70 2 2.61799388e+00 5.26215551e-03
71 2 2.61799388e+00 6.00054935e-03
72 2 2.61799388e+00 5.78512321e-03
73 2 2.61799388e+00 5.66167575e-03
74 2 2.61799388e+00 5.57543179e-03
75 2 2.61799388e+00 4.74048379e-03
76 2 2.61799388e+00 5.24042340e-03
77 2 2.61799388e+00 5.18553115e-03
78 2 2.61799388e+00 5.62072553e-03
79 2 2.61799388e+00 6.05339987e-03
80 2 2.61799388e+00 5.68665270e-03
81 2 2.61799388e+00 5.63234465e-03
82 2 2.61799388e+00 5.25216738e-03
83 2 2.61799388e+00 5.03409913e-03
84 2 2.61799388e+00 5.73185758e-03
85 2 2.61799388e+00 5.86545379e-03
86 2 2.61799388e+00 5.19275883e-03
87 2 2.61799388e+00 5.42798607e-03
88 2 2.61799388e+00 5.30320829e-03
89 2 2.61799388e+00 5.33378789e-03
90 2 2.61799388e+00 5.61654468e-03
91 2 2.61799388e+00 5.81733075e-03
92 2 2.61799388e+00 5.10762019e-03
93 2 2.61799388e+00 5.28746436e-03
94 2 2.61799388e+00 5.73529282e-03
95 2 2.61799388e+00 5.78848104e-03
96 2 2.61799388e+00 5.49624244e-03
97 2 2.61799388e+00 5.53307379e-03
98 2 2.61799388e+00 5.97509974e-03
99 2 2.61799388e+00 5.85692449e-03
100 2 2.61799388e+00 4.83078094e-03
101 2 2.61799388e+00 5.48631830e-03
102 2 2.61799388e+00 5.23098116e-03
103 2 2.61799388e+00 5.36255849e-03
104 2 2.61799388e+00 6.00644629e-03
105 2 2.61799388e+00 5.27207890e-03
106 2 2.61799388e+00 6.02793437e-03
107 2 2.61799388e+00 5.68792825e-03
108 2 2.61799388e+00 5.77818038e-03
109 2 2.61799388e+00 5.87174240e-03
110 2 2.61799388e+00 5.33373386e-03
111 2 2.61799388e+00 5.76997001e-03
112 2 2.61799388e+00 5.28678871e-03
113 2 2.61799388e+00 5.75877705e-03
114 2 2.61799388e+00 5.70691162e-03
115 2 2.61799388e+00 5.28670893e-03
116 2 2.61799388e+00 6.13127183e-03
117 2 2.61799388e+00 5.84771761e-03
118 2 2.61799388e+00 5.92790485e-03
119 2 2.61799388e+00 5.61544951e-03
120 2 2.61799388e+00 5.52700064e-03
121 2 2.61799388e+00 5.09328309e-03
122 2 2.61799388e+00 5.15660212e-03
123 2 2.61799388e+00 5.12207740e-03
124 2 2.61799388e+00 5.75234834e-03
125 2 2.61799388e+00 6.12402699e-03
126 2 2.61799388e+00 6.11725016e-03
127 2 2.61799388e+00 5.98894211e-03
128 2 2.61799388e+00 5.13468924e-03
129 2 2.61799388e+00 5.62492901e-03
130 2 2.61799388e+00 6.24261280e-03
131 2 2.61799388e+00 4.68743490e-03
132 2 2.61799388e+00 6.45217277e-03
133 2 2.61799388e+00 5.62204066e-03
134 2 2.61799388e+00 6.00553025e-03
135 2 2.61799388e+00 5.35554635e-03
136 2 2.61799388e+00 5.00645232e-03
137 2 2.61799388e+00 5.98089605e-03
138 2 2.61799388e+00 5.68118169e-03
139 2 2.61799388e+00 5.38567821e-03
140 2 2.61799388e+00 5.71913795e-03
141 2 2.61799388e+00 5.83694642e-03
142 2 2.61799388e+00 5.94851583e-03
143 2 2.61799388e+00 5.93334899e-03
144 2 2.61799388e+00 5.74995311e-03
145 2 2.61799388e+00 5.25501861e-03
146 2 2.61799388e+00 5.61149398e-03
147 2 2.61799388e+00 5.21002066e-03
148 2 2.61799388e+00 5.98849967e-03
149 2 2.61799388e+00 5.29142874e-03
150 2 2.61799388e+00 5.67797672e-03
151 2 2.61799388e+00 5.12402283e-03
152 2 2.61799388e+00 5.51482717e-03
153 2 2.61799388e+00 5.90160277e-03
154 2 2.61799388e+00 5.97203184e-03
155 2 2.61799388e+00 5.33303446e-03
156 2 2.61799388e+00 5.69026846e-03
157 2 2.61799388e+00 5.22435469e-03
158 2 2.61799388e+00 5.61880157e-03
159 2 2.61799388e+00 6.31688990e-03
160 2 2.61799388e+00 5.57866258e-03
161 2 2.61799388e+00 5.74186583e-03
162 2 2.61799388e+00 5.43140799e-03
163 2 2.61799388e+00 5.15946887e-03
164 2 2.61799388e+00 6.29044161e-03
165 2 2.61799388e+00 6.45499536e-03
166 2 2.61799388e+00 5.55581407e-03
167 2 2.61799388e+00 5.62648231e-03
168 2 2.61799388e+00 5.09517902e-03
169 2 2.61799388e+00 5.40222350e-03
170 2 2.61799388e+00 5.84823198e-03
171 2 2.61799388e+00 5.27788458e-03
172 2 2.61799388e+00 5.78182287e-03
173 2 2.61799388e+00 5.27468166e-03
174 2 2.61799388e+00 5.60171542e-03
175 2 2.61799388e+00 5.77718389e-03
176 2 2.61799388e+00 6.04342022e-03
177 2 2.61799388e+00 5.92171224e-03
178 2 2.61799388e+00 5.45720731e-03
179 2 2.61799388e+00 5.58605542e-03
180 2 2.61799388e+00 5.31976702e-03
181 2 2.61799388e+00 5.96530144e-03
182 2 2.61799388e+00 5.45990859e-03
183 2 2.61799388e+00 5.60541968e-03
184 2 2.61799388e+00 5.62807677e-03
185 2 2.61799388e+00 5.22754207e-03
186 2 2.61799388e+00 5.13598510e-03
187 2 2.61799388e+00 5.30385169e-03
188 2 2.61799388e+00 5.13751554e-03
189 2 2.61799388e+00 5.76410855e-03
190 2 2.61799388e+00 5.56578163e-03
191 2 2.61799388e+00 5.73451290e-03
192 2 2.61799388e+00 5.90561289e-03
193 2 2.61799388e+00 5.88847465e-03
194 2 2.61799388e+00 5.64583329e-03
195 2 2.61799388e+00 5.62123536e-03
196 2 2.61799388e+00 5.76766844e-03
197 2 2.61799388e+00 5.87886270e-03
198 2 2.61799388e+00 5.49767787e-03
199 2 2.61799388e+00 5.34757858e-03
200 2 2.61799388e+00 5.15340319e-03
201 2 2.61799388e+00 5.65580415e-03
202 2 2.61799388e+00 6.08454618e-03
203 2 2.61799388e+00 5.68069424e-03
204 2 2.61799388e+00 5.92298859e-03
205 2 2.61799388e+00 6.11879976e-03
206 2 2.61799388e+00 5.77740642e-03
207 2 2.61799388e+00 5.46077487e-03
208 2 2.61799388e+00 5.58728038e-03
209 2 2.61799388e+00 4.68351891e-03
210 2 2.61799388e+00 5.27392175e-03
211 2 2.61799388e+00 5.52348199e-03
212 2 2.61799388e+00 5.78959893e-03
213 2 2.61799388e+00 5.19710572e-03
214 2 2.61799388e+00 5.67572587e-03
215 2 2.61799388e+00 5.38849570e-03
216 2 2.61799388e+00 5.22283812e-03
217 2 2.61799388e+00 5.79145451e-03
218 2 2.61799388e+00 5.92558088e-03
219 2 2.61799388e+00 6.07999001e-03
220 2 2.61799388e+00 6.06969017e-03
221 2 2.61799388e+00 6.11163640e-03
222 2 2.61799388e+00 5.59216685e-03
223 2 2.61799388e+00 5.64804178e-03
224 2 2.61799388e+00 5.74754008e-03
225 2 2.61799388e+00 5.39704848e-03
226 2 2.61799388e+00 5.29691062e-03
227 2 2.61799388e+00 5.08341234e-03
228 2 2.61799388e+00 5.83663703e-03
229 2 2.61799388e+00 5.18675075e-03
230 2 2.61799388e+00 6.13169019e-03
231 2 2.61799388e+00 5.34976770e-03
232 2 2.61799388e+00 4.89755049e-03
233 2 2.61799388e+00 4.99981653e-03
234 2 2.61799388e+00 5.46665953e-03
235 2 2.61799388e+00 5.51713233e-03
236 2 2.61799388e+00 5.60050328e-03
237 2 2.61799388e+00 6.18731930e-03
238 2 2.61799388e+00 5.80685422e-03
239 2 2.61799388e+00 5.46889772e-03
240 2 2.61799388e+00 5.78025494e-03
241 2 2.61799388e+00 5.54972369e-03
242 2 2.61799388e+00 5.11805889e-03
243 2 2.61799388e+00 6.17194894e-03
244 2 2.61799388e+00 5.23416625e-03
245 2 2.61799388e+00 6.19450269e-03
246 2 2.61799388e+00 5.52011260e-03
247 2 2.61799388e+00 5.71758085e-03
248 2 2.61799388e+00 5.64770438e-03
249 2 2.61799388e+00 5.50130413e-03
250 2 2.61799388e+00 5.32060514e-03
251 2 2.61799388e+00 5.06389204e-03
252 2 2.61799388e+00 6.15264037e-03
253 2 2.61799388e+00 5.93196365e-03
254 2 2.61799388e+00 5.54647107e-03
255 2 2.61799388e+00 5.86310551e-03
256 2 2.61799388e+00 5.95457429e-03
257 2 2.61799388e+00 5.33074326e-03
258 2 2.61799388e+00 5.29642807e-03
259 2 2.61799388e+00 5.85327359e-03
260 2 2.61799388e+00 5.77494050e-03
261 2 2.61799388e+00 5.76223259e-03
262 2 2.61799388e+00 5.28018188e-03
263 2 2.61799388e+00 5.67940483e-03
264 2 2.61799388e+00 5.57915674e-03
265 2 2.61799388e+00 5.86697587e-03
266 2 2.61799388e+00 5.02449611e-03
267 2 2.61799388e+00 5.66607738e-03
268 2 2.61799388e+00 5.74043744e-03
269 2 2.61799388e+00 5.32671058e-03
270 2 2.61799388e+00 5.55561391e-03
271 2 2.61799388e+00 5.76453212e-03
272 2 2.61799388e+00 5.69595952e-03
273 2 2.61799388e+00 5.42425827e-03
274 2 2.61799388e+00 5.03930876e-03
275 2 2.61799388e+00 5.38897933e-03
276 2 2.61799388e+00 5.45582637e-03
277 2 2.61799388e+00 5.54418238e-03
278 2 2.61799388e+00 5.34029907e-03
279 2 2.61799388e+00 5.35670428e-03
280 2 2.61799388e+00 5.64115859e-03
281 2 2.61799388e+00 5.41244084e-03
282 2 2.61799388e+00 5.82785964e-03
283 2 2.61799388e+00 5.48652088e-03
284 2 2.61799388e+00 5.65068833e-03
285 2 2.61799388e+00 5.01887220e-03
286 2 2.61799388e+00 5.84476448e-03
287 2 2.61799388e+00 5.21452150e-03
288 2 2.61799388e+00 5.49701001e-03
289 2 2.61799388e+00 4.63145523e-03
290 2 2.61799388e+00 5.81530530e-03
291 2 2.61799388e+00 5.84031282e-03
292 2 2.61799388e+00 5.68246367e-03
293 2 2.61799388e+00 5.69440672e-03
294 2 2.61799388e+00 5.56721341e-03
295 2 2.61799388e+00 5.66670337e-03
296 2 2.61799388e+00 5.31371623e-03
297 2 2.61799388e+00 6.27963963e-03
298 2 2.61799388e+00 5.73366492e-03
299 2 2.61799388e+00 5.96510404e-03
300 2 2.61799388e+00 4.81687177e-03
301 2 2.61799388e+00 6.31972731e-03
302 2 2.61799388e+00 5.78859599e-03
303 2 2.61799388e+00 5.16251622e-03
304 2 2.61799388e+00 6.04308301e-03
305 2 2.61799388e+00 5.27554768e-03
306 2 2.61799388e+00 5.55346768e-03
307 2 2.61799388e+00 5.77710079e-03
308 2 2.61799388e+00 6.07560733e-03
309 2 2.61799388e+00 6.01833219e-03
310 2 2.61799388e+00 5.59694899e-03
311 2 2.61799388e+00 5.56458992e-03
312 2 2.61799388e+00 6.13723624e-03
313 2 2.61799388e+00 5.55488174e-03
314 2 2.61799388e+00 5.52597772e-03
315 2 2.61799388e+00 5.21597602e-03
316 2 2.61799388e+00 5.56266540e-03
317 2 2.61799388e+00 5.60550828e-03
318 2 2.61799388e+00 5.89164865e-03
319 2 2.61799388e+00 5.87192138e-03
320 2 2.61799388e+00 5.09160674e-03
321 2 2.61799388e+00 5.64660316e-03
322 2 2.61799388e+00 5.68266673e-03
323 2 2.61799388e+00 5.96768568e-03
324 2 2.61799388e+00 6.02204543e-03
325 2 2.61799388e+00 6.07443259e-03
326 2 2.61799388e+00 5.28612001e-03
327 2 2.61799388e+00 5.26057619e-03
328 2 2.61799388e+00 5.77574692e-03
329 2 2.61799388e+00 5.52288792e-03
330 2 2.61799388e+00 5.54127908e-03
331 2 2.61799388e+00 5.50571376e-03
332 2 2.61799388e+00 6.14203200e-03
333 2 2.61799388e+00 6.04565198e-03
334 2 2.61799388e+00 5.81048860e-03
335 2 2.61799388e+00 5.84303404e-03
336 2 2.61799388e+00 5.80172921e-03
337 2 2.61799388e+00 5.91824923e-03
338 2 2.61799388e+00 5.03185181e-03
339 2 2.61799388e+00 5.74172299e-03
340 2 2.61799388e+00 5.59877599e-03
341 2 2.61799388e+00 6.11227900e-03
342 2 2.61799388e+00 6.15796124e-03
343 2 2.61799388e+00 6.24460007e-03
344 2 2.61799388e+00 6.38309737e-03
345 2 2.61799388e+00 5.52005146e-03
346 2 2.61799388e+00 5.76561013e-03
347 2 2.61799388e+00 5.05864857e-03
348 2 2.61799388e+00 5.75123904e-03
349 2 2.61799388e+00 5.17703125e-03
350 2 2.61799388e+00 5.87773991e-03
351 2 2.61799388e+00 6.03919989e-03
352 2 2.61799388e+00 5.26697405e-03
353 2 2.61799388e+00 5.78203298e-03
354 2 2.61799388e+00 6.01374367e-03
355 2 2.61799388e+00 6.31350245e-03
356 2 2.61799388e+00 5.22637103e-03
357 2 2.61799388e+00 5.57830875e-03
358 2 2.61799388e+00 5.63492675e-03
359 2 2.61799388e+00 5.11975362e-03
360 2 2.61799388e+00 5.91726726e-03
361 2 2.61799388e+00 5.57922069e-03
362 2 2.61799388e+00 5.93027386e-03
363 2 2.61799388e+00 5.51823903e-03
364 2 2.61799388e+00 5.43662106e-03
365 2 2.61799388e+00 5.73939015e-03
366 2 2.61799388e+00 5.66320688e-03
367 2 2.61799388e+00 5.66245585e-03
368 2 2.61799388e+00 5.45848130e-03
369 2 2.61799388e+00 5.97434316e-03
370 2 2.61799388e+00 5.42896576e-03
371 2 2.61799388e+00 5.30344143e-03
372 2 2.61799388e+00 5.82010965e-03
373 2 2.61799388e+00 5.75930473e-03
374 2 2.61799388e+00 5.15467754e-03
375 2 2.61799388e+00 5.36126514e-03
376 2 2.61799388e+00 5.74635258e-03
377 2 2.61799388e+00 6.01860307e-03
378 2 2.61799388e+00 5.67815285e-03
379 2 2.61799388e+00 5.61188247e-03
380 2 2.61799388e+00 5.95777113e-03
381 2 2.61799388e+00 6.44488531e-03
382 2 2.61799388e+00 5.74193160e-03
383 2 2.61799388e+00 5.58444394e-03
384 2 2.61799388e+00 5.72019884e-03
385 2 2.61799388e+00 5.86785914e-03
386 2 2.61799388e+00 5.61416041e-03
387 2 2.61799388e+00 6.38940229e-03
388 2 2.61799388e+00 5.51408742e-03
389 2 2.61799388e+00 5.04795715e-03
390 2 2.61799388e+00 5.90170065e-03
391 2 2.61799388e+00 5.38469920e-03
392 2 2.61799388e+00 6.25224690e-03
393 2 2.61799388e+00 5.72356378e-03
394 2 2.61799388e+00 6.05564728e-03
395 2 2.61799388e+00 5.82154885e-03
396 2 2.61799388e+00 5.40024029e-03
397 2 2.61799388e+00 5.56415769e-03
398 2 2.61799388e+00 5.96822617e-03
399 2 2.61799388e+00 5.88817339e-03
400 2 2.61799388e+00 5.58339605e-03
401 2 2.61799388e+00 6.20120996e-03
402 2 2.61799388e+00 6.09775201e-03
403 2 2.61799388e+00 5.67935880e-03
404 2 2.61799388e+00 6.07755032e-03
405 2 2.61799388e+00 5.48803373e-03
406 2 2.61799388e+00 5.78768807e-03
407 2 2.61799388e+00 5.73251346e-03
408 2 2.61799388e+00 5.82517848e-03
409 2 2.61799388e+00 5.63750061e-03
410 2 2.61799388e+00 5.49290242e-03
411 2 2.61799388e+00 5.06918181e-03
412 2 2.61799388e+00 5.59031736e-03
413 2 2.61799388e+00 6.22541099e-03
414 2 2.61799388e+00 5.34654391e-03
415 2 2.61799388e+00 5.51016406e-03
416 2 2.61799388e+00 5.83032797e-03
417 2 2.61799388e+00 5.52163314e-03
418 2 2.61799388e+00 5.62911981e-03
419 2 2.61799388e+00 5.63790653e-03
420 2 2.61799388e+00 5.21752694e-03
421 2 2.61799388e+00 6.04630722e-03
422 2 2.61799388e+00 5.35877686e-03
423 2 2.61799388e+00 5.30537762e-03
424 2 2.61799388e+00 5.04818630e-03
425 2 2.61799388e+00 5.83734255e-03
426 2 2.61799388e+00 5.96746644e-03
427 2 2.61799388e+00 5.67141865e-03
428 2 2.61799388e+00 5.79611487e-03
429 2 2.61799388e+00 6.07265168e-03
430 2 2.61799388e+00 5.56944170e-03
431 2 2.61799388e+00 5.88611158e-03
432 2 2.61799388e+00 5.61247193e-03
433 2 2.61799388e+00 6.06184537e-03
434 2 2.61799388e+00 5.36121636e-03
435 2 2.61799388e+00 5.87100914e-03
436 2 2.61799388e+00 5.60112446e-03
437 2 2.61799388e+00 5.24262818e-03
438 2 2.61799388e+00 5.92101919e-03
439 2 2.61799388e+00 5.39189486e-03
440 2 2.61799388e+00 5.84470093e-03
441 2 2.61799388e+00 5.48842061e-03
442 2 2.61799388e+00 5.86002725e-03
443 2 2.61799388e+00 5.75380556e-03
444 2 2.61799388e+00 5.74711284e-03
445 2 2.61799388e+00 5.08059046e-03
446 2 2.61799388e+00 5.28871806e-03
447 2 2.61799388e+00 5.37023077e-03
448 2 2.61799388e+00 6.21954330e-03
449 2 2.61799388e+00 5.40450479e-03
450 2 2.61799388e+00 5.76570845e-03
451 2 2.61799388e+00 5.30037893e-03
452 2 2.61799388e+00 5.85740138e-03
453 2 2.61799388e+00 6.53102160e-03
454 2 2.61799388e+00 5.38436603e-03
455 2 2.61799388e+00 5.83839480e-03
456 2 2.61799388e+00 5.84062478e-03
457 2 2.61799388e+00 5.63793766e-03
458 2 2.61799388e+00 6.02702205e-03
459 2 2.61799388e+00 6.10618064e-03
460 2 2.61799388e+00 5.68901328e-03
461 2 2.61799388e+00 5.98801184e-03
462 2 2.61799388e+00 5.82883219e-03
463 2 2.61799388e+00 5.71523646e-03
464 2 2.61799388e+00 6.17735655e-03
465 2 2.61799388e+00 5.99589773e-03
466 2 2.61799388e+00 5.42835506e-03
467 2 2.61799388e+00 5.44008069e-03
468 2 2.61799388e+00 5.62918898e-03
469 2 2.61799388e+00 4.86820786e-03
470 2 2.61799388e+00 5.88382284e-03
471 2 2.61799388e+00 5.53151682e-03
472 2 2.61799388e+00 5.67565703e-03
473 2 2.61799388e+00 5.94030104e-03
474 2 2.61799388e+00 5.87427251e-03
475 2 2.61799388e+00 5.56496467e-03
476 2 2.61799388e+00 5.26846948e-03
477 2 2.61799388e+00 5.30727341e-03
478 2 2.61799388e+00 5.75025089e-03
479 2 2.61799388e+00 5.33957204e-03
480 2 2.61799388e+00 5.24314013e-03
481 2 2.61799388e+00 5.49644044e-03
482 2 2.61799388e+00 5.39453263e-03
483 2 2.61799388e+00 5.71899479e-03
484 2 2.61799388e+00 5.70907306e-03
485 2 2.61799388e+00 5.85870442e-03
486 2 2.61799388e+00 5.78833374e-03
487 2 2.61799388e+00 5.86518426e-03
488 2 2.61799388e+00 5.75402814e-03
489 2 2.61799388e+00 6.13696882e-03
490 2 2.61799388e+00 5.62317760e-03
491 2 2.61799388e+00 5.55306123e-03
492 2 2.61799388e+00 5.67342608e-03
493 2 2.61799388e+00 6.15475700e-03
494 2 2.61799388e+00 5.40037768e-03
495 2 2.61799388e+00 5.35402329e-03
496 2 2.61799388e+00 5.48262001e-03
497 2 2.61799388e+00 5.82476341e-03
498 2 2.61799388e+00 5.89661255e-03
499 2 2.61799388e+00 6.00209249e-03
500 2 2.61799388e+00 5.05155408e-03
501 2 2.61799388e+00 5.46784880e-03
502 2 2.61799388e+00 5.56961309e-03
503 2 2.61799388e+00 5.67701290e-03
504 2 2.61799388e+00 5.58261325e-03
505 2 2.61799388e+00 5.28375267e-03
506 2 2.61799388e+00 5.22181723e-03
507 2 2.61799388e+00 5.25309937e-03
508 2 2.61799388e+00 5.59082324e-03
509 2 2.61799388e+00 6.04842863e-03
510 2 2.61799388e+00 5.89736219e-03
511 2 2.61799388e+00 5.00640858e-03
512 2 2.61799388e+00 5.63340640e-03
513 2 2.61799388e+00 5.92439315e-03
514 2 2.61799388e+00 5.36099006e-03
515 2 2.61799388e+00 5.86226423e-03
516 2 2.61799388e+00 5.50286952e-03
517 2 2.61799388e+00 5.05975440e-03
518 2 2.61799388e+00 5.46453128e-03
519 2 2.61799388e+00 5.09085032e-03
520 2 2.61799388e+00 5.71929601e-03
521 2 2.61799388e+00 5.20119072e-03
522 2 2.61799388e+00 6.13787277e-03
523 2 2.61799388e+00 5.10106032e-03
524 2 2.61799388e+00 5.30453024e-03
525 2 2.61799388e+00 5.69211062e-03
526 2 2.61799388e+00 5.08644498e-03
527 2 2.61799388e+00 6.12302817e-03
528 2 2.61799388e+00 5.58458663e-03
529 2 2.61799388e+00 5.44505078e-03
530 2 2.61799388e+00 5.15950259e-03
531 2 2.61799388e+00 5.47998460e-03
532 2 2.61799388e+00 5.73157642e-03
533 2 2.61799388e+00 5.56298650e-03
534 2 2.61799388e+00 5.78126928e-03
535 2 2.61799388e+00 5.82811783e-03
536 2 2.61799388e+00 5.52183103e-03
537 2 2.61799388e+00 5.92516434e-03
538 2 2.61799388e+00 5.20839460e-03
539 2 2.61799388e+00 6.00582825e-03
540 2 2.61799388e+00 5.56281162e-03
541 2 2.61799388e+00 5.79707536e-03
542 2 2.61799388e+00 5.41604610e-03
543 2 2.61799388e+00 5.68708860e-03
544 2 2.61799388e+00 5.64345239e-03
545 2 2.61799388e+00 5.47378867e-03
546 2 2.61799388e+00 6.10033514e-03
547 2 2.61799388e+00 6.46258122e-03
548 2 2.61799388e+00 5.49607256e-03
549 2 2.61799388e+00 5.12104855e-03
550 2 2.61799388e+00 5.92190206e-03
551 2 2.61799388e+00 5.39653911e-03
552 2 2.61799388e+00 5.80719888e-03
553 2 2.61799388e+00 6.43428021e-03
554 2 2.61799388e+00 5.41211284e-03
555 2 2.61799388e+00 5.75811997e-03
556 2 2.61799388e+00 6.08809103e-03
557 2 2.61799388e+00 5.75576961e-03
558 2 2.61799388e+00 5.46671744e-03
559 2 2.61799388e+00 5.95099025e-03
560 2 2.61799388e+00 6.20719306e-03
561 2 2.61799388e+00 4.90291188e-03
562 2 2.61799388e+00 6.19060280e-03
563 2 2.61799388e+00 5.76636714e-03
564 2 2.61799388e+00 5.77118735e-03
565 2 2.61799388e+00 5.46840369e-03
566 2 2.61799388e+00 5.45069103e-03
567 2 2.61799388e+00 6.07463620e-03
568 2 2.61799388e+00 5.50658790e-03
569 2 2.61799388e+00 5.84964235e-03
570 2 2.61799388e+00 5.79093083e-03
571 2 2.61799388e+00 5.59667801e-03
572 2 2.61799388e+00 5.67952054e-03
573 2 2.61799388e+00 5.58160182e-03
574 2 2.61799388e+00 5.95093243e-03
575 2 2.61799388e+00 5.80103203e-03
576 2 2.61799388e+00 5.95348753e-03
577 2 2.61799388e+00 5.74282690e-03
578 2 2.61799388e+00 6.08796047e-03
579 2 2.61799388e+00 5.63487007e-03
580 2 2.61799388e+00 5.47980906e-03
581 2 2.61799388e+00 4.94812224e-03
582 2 2.61799388e+00 5.94782008e-03
583 2 2.61799388e+00 5.56762816e-03
584 2 2.61799388e+00 5.29322411e-03
585 2 2.61799388e+00 5.66794635e-03
586 2 2.61799388e+00 5.94062032e-03
587 2 2.61799388e+00 5.95436584e-03
588 2 2.61799388e+00 5.72623719e-03
589 2 2.61799388e+00 5.48021357e-03
590 2 2.61799388e+00 5.80800736e-03
591 2 2.61799388e+00 5.06663481e-03
592 2 2.61799388e+00 4.93186856e-03
593 2 2.61799388e+00 5.48940692e-03
594 2 2.61799388e+00 5.54780420e-03
595 2 2.61799388e+00 5.38238072e-03
596 2 2.61799388e+00 5.92981796e-03
597 2 2.61799388e+00 5.74776567e-03
598 2 2.61799388e+00 5.92736846e-03
599 2 2.61799388e+00 5.92629875e-03
600 2 2.61799388e+00 5.59517925e-03
601 2 2.61799388e+00 5.86203149e-03
602 2 2.61799388e+00 5.75200398e-03
603 2 2.61799388e+00 5.40707558e-03
604 2 2.61799388e+00 5.77092530e-03
605 2 2.61799388e+00 5.96074781e-03
606 2 2.61799388e+00 5.43213228e-03
607 2 2.61799388e+00 4.92598286e-03
608 2 2.61799388e+00 5.54875101e-03
609 2 2.61799388e+00 5.00652298e-03
610 2 2.61799388e+00 5.17653538e-03
611 2 2.61799388e+00 5.35792435e-03
612 2 2.61799388e+00 5.96500751e-03
613 2 2.61799388e+00 6.01813974e-03
614 2 2.61799388e+00 5.80651168e-03
615 2 2.61799388e+00 5.49058625e-03
616 2 2.61799388e+00 6.13455487e-03
617 2 2.61799388e+00 6.14420392e-03
618 2 2.61799388e+00 5.40911420e-03
619 2 2.61799388e+00 5.16363094e-03
620 2 2.61799388e+00 5.96724735e-03
621 2 2.61799388e+00 5.83583708e-03
622 2 2.61799388e+00 6.31985864e-03
623 2 2.61799388e+00 5.76800461e-03
624 2 2.61799388e+00 6.05109736e-03
625 2 2.61799388e+00 5.85755038e-03
626 2 2.61799388e+00 5.41761719e-03
627 2 2.61799388e+00 5.54870470e-03
628 2 2.61799388e+00 5.44079195e-03
629 2 2.61799388e+00 5.03440162e-03
630 2 2.61799388e+00 5.74131990e-03
631 2 2.61799388e+00 5.36606600e-03
632 2 2.61799388e+00 5.16906375e-03
633 2 2.61799388e+00 5.63868516e-03
634 2 2.61799388e+00 6.34431703e-03
635 2 2.61799388e+00 5.13079591e-03
636 2 2.61799388e+00 5.90380037e-03
637 2 2.61799388e+00 5.61278398e-03
638 2 2.61799388e+00 5.29751129e-03
639 2 2.61799388e+00 5.37858656e-03
640 2 2.61799388e+00 5.47417916e-03
641 2 2.61799388e+00 5.56204814e-03
642 2 2.61799388e+00 5.35898627e-03
643 2 2.61799388e+00 5.86852071e-03
644 2 2.61799388e+00 6.09120356e-03
645 2 2.61799388e+00 5.13974637e-03
646 2 2.61799388e+00 5.17089184e-03
647 2 2.61799388e+00 5.02124045e-03
648 2 2.61799388e+00 5.92379445e-03
649 2 2.61799388e+00 4.70312033e-03
650 2 2.61799388e+00 5.92382562e-03
651 2 2.61799388e+00 5.36670462e-03
652 2 2.61799388e+00 5.55928673e-03
653 2 2.61799388e+00 5.70596102e-03
654 2 2.61799388e+00 5.98755712e-03
655 2 2.61799388e+00 5.81434616e-03
656 2 2.61799388e+00 5.59526080e-03
657 2 2.61799388e+00 5.54311114e-03
658 2 2.61799388e+00 6.03195120e-03
659 2 2.61799388e+00 5.63888384e-03
660 2 2.61799388e+00 5.47492243e-03
661 2 2.61799388e+00 5.34145993e-03
662 2 2.61799388e+00 6.14842169e-03
663 2 2.61799388e+00 5.67193682e-03
664 2 2.61799388e+00 6.29869235e-03
665 2 2.61799388e+00 5.07916842e-03
666 2 2.61799388e+00 5.70619876e-03
667 2 2.61799388e+00 5.48493027e-03
668 2 2.61799388e+00 5.89997123e-03
669 2 2.61799388e+00 5.62013744e-03
670 2 2.61799388e+00 5.35076142e-03
671 2 2.61799388e+00 5.82153217e-03
672 2 2.61799388e+00 5.53249975e-03
673 2 2.61799388e+00 6.06593256e-03
674 2 2.61799388e+00 5.47214837e-03
675 2 2.61799388e+00 5.48553377e-03
676 2 2.61799388e+00 5.06163192e-03
677 2 2.61799388e+00 5.80888357e-03
678 2 2.61799388e+00 5.92584967e-03
679 2 2.61799388e+00 5.46209771e-03
680 2 2.61799388e+00 6.14129558e-03
681 2 2.61799388e+00 5.53555908e-03
682 2 2.61799388e+00 5.81054614e-03
683 2 2.61799388e+00 4.90451605e-03
684 2 2.61799388e+00 5.77275042e-03
685 2 2.61799388e+00 5.53639315e-03
686 2 2.61799388e+00 6.09458299e-03
687 2 2.61799388e+00 5.78264348e-03
688 2 2.61799388e+00 5.59596984e-03
689 2 2.61799388e+00 5.48708581e-03
690 2 2.61799388e+00 6.05140155e-03
691 2 2.61799388e+00 4.82101237e-03
692 2 2.61799388e+00 5.82907873e-03
693 2 2.61799388e+00 5.50296034e-03
694 2 2.61799388e+00 5.41414887e-03
695 2 2.61799388e+00 5.73015952e-03
696 2 2.61799388e+00 5.76037419e-03
697 2 2.61799388e+00 5.31053846e-03
698 2 2.61799388e+00 5.81324933e-03
699 2 2.61799388e+00 5.40599100e-03
700 2 2.61799388e+00 4.93610579e-03
701 2 2.61799388e+00 5.57323524e-03
702 2 2.61799388e+00 5.62924054e-03
703 2 2.61799388e+00 6.63165817e-03
704 2 2.61799388e+00 5.61039867e-03
705 2 2.61799388e+00 5.70166305e-03
706 2 2.61799388e+00 5.29693690e-03
707 2 2.61799388e+00 5.27152560e-03
708 2 2.61799388e+00 5.40873185e-03
709 2 2.61799388e+00 6.32594619e-03
710 2 2.61799388e+00 6.01512210e-03
711 2 2.61799388e+00 6.28970280e-03
712 2 2.61799388e+00 6.02159236e-03
713 2 2.61799388e+00 5.30265847e-03
714 2 2.61799388e+00 5.40190743e-03
715 2 2.61799388e+00 5.49461988e-03
716 2 2.61799388e+00 5.68018881e-03
717 2 2.61799388e+00 5.01804778e-03
718 2 2.61799388e+00 5.25872011e-03
719 2 2.61799388e+00 5.14146533e-03
720 2 2.61799388e+00 5.80123269e-03
721 2 2.61799388e+00 5.77714069e-03
722 2 2.61799388e+00 5.54659925e-03
723 2 2.61799388e+00 5.40273357e-03
724 2 2.61799388e+00 5.84835385e-03
725 2 2.61799388e+00 5.18164747e-03
726 2 2.61799388e+00 5.58012504e-03
727 2 2.61799388e+00 5.97787352e-03
728 2 2.61799388e+00 5.44620991e-03
729 2 2.61799388e+00 6.01638960e-03
730 2 2.61799388e+00 5.23630747e-03
731 2 2.61799388e+00 5.90438307e-03
732 2 2.61799388e+00 5.59520625e-03
733 2 2.61799388e+00 5.70042356e-03
734 2 2.61799388e+00 5.53497275e-03
735 2 2.61799388e+00 5.61652068e-03
736 2 2.61799388e+00 5.72410696e-03
737 2 2.61799388e+00 5.77204745e-03
738 2 2.61799388e+00 5.71146142e-03
739 2 2.61799388e+00 5.10308120e-03
740 2 2.61799388e+00 5.81307946e-03
741 2 2.61799388e+00 5.28170823e-03
742 2 2.61799388e+00 5.46578787e-03
743 2 2.61799388e+00 5.41930172e-03
744 2 2.61799388e+00 5.57966192e-03
745 2 2.61799388e+00 5.22254658e-03
746 2 2.61799388e+00 5.76711724e-03
747 2 2.61799388e+00 6.26355158e-03
748 2 2.61799388e+00 5.67734339e-03
749 2 2.61799388e+00 5.25764921e-03
750 2 2.61799388e+00 5.76100232e-03
751 2 2.61799388e+00 6.42569632e-03
752 2 2.61799388e+00 6.45597680e-03
753 2 2.61799388e+00 5.92100141e-03
754 2 2.61799388e+00 6.06587108e-03
755 2 2.61799388e+00 5.11997749e-03
756 2 2.61799388e+00 6.02027711e-03
757 2 2.61799388e+00 5.04747712e-03
758 2 2.61799388e+00 5.61956676e-03
759 2 2.61799388e+00 5.25667647e-03
760 2 2.61799388e+00 5.19981175e-03
761 2 2.61799388e+00 5.95561452e-03
762 2 2.61799388e+00 5.26723825e-03
763 2 2.61799388e+00 5.69606435e-03
764 2 2.61799388e+00 6.03950993e-03
765 2 2.61799388e+00 5.70710130e-03
766 2 2.61799388e+00 5.69852546e-03
767 2 2.61799388e+00 5.30483299e-03
768 2 2.61799388e+00 5.63035667e-03
769 2 2.61799388e+00 6.20302948e-03
770 2 2.61799388e+00 5.68339185e-03
771 2 2.61799388e+00 5.76265431e-03
772 2 2.61799388e+00 5.66613172e-03
773 2 2.61799388e+00 5.47108950e-03
774 2 2.61799388e+00 5.70287483e-03
775 2 2.61799388e+00 5.91725294e-03
776 2 2.61799388e+00 5.51136185e-03
777 2 2.61799388e+00 5.30297978e-03
778 2 2.61799388e+00 5.52388009e-03
779 2 2.61799388e+00 5.96390320e-03
780 2 2.61799388e+00 5.18585217e-03
781 2 2.61799388e+00 5.71399611e-03
782 2 2.61799388e+00 5.86782543e-03
783 2 2.61799388e+00 5.50455791e-03
784 2 2.61799388e+00 5.47326633e-03
785 2 2.61799388e+00 5.37322538e-03
786 2 2.61799388e+00 5.47438344e-03
787 2 2.61799388e+00 5.22119117e-03
788 2 2.61799388e+00 5.36562134e-03
789 2 2.61799388e+00 5.45144262e-03
790 2 2.61799388e+00 5.93789081e-03
791 2 2.61799388e+00 5.48137813e-03
792 2 2.61799388e+00 5.33455291e-03
793 2 2.61799388e+00 5.34435566e-03
794 2 2.61799388e+00 5.24412442e-03
795 2 2.61799388e+00 5.19347440e-03
796 2 2.61799388e+00 5.53800249e-03
797 2 2.61799388e+00 5.74900192e-03
798 2 2.61799388e+00 5.20131636e-03
799 2 2.61799388e+00 4.86741559e-03
800 2 2.61799388e+00 6.08795776e-03
801 2 2.61799388e+00 5.82305683e-03
802 2 2.61799388e+00 5.14934994e-03
803 2 2.61799388e+00 5.59334111e-03
804 2 2.61799388e+00 5.83058857e-03
805 2 2.61799388e+00 5.95960563e-03
806 2 2.61799388e+00 6.08188733e-03
807 2 2.61799388e+00 5.59938952e-03
808 2 2.61799388e+00 5.87695871e-03
809 2 2.61799388e+00 5.81891575e-03
810 2 2.61799388e+00 6.78701274e-03
811 2 2.61799388e+00 5.88303671e-03
812 2 2.61799388e+00 5.98039302e-03
813 2 2.61799388e+00 5.69274367e-03
814 2 2.61799388e+00 5.94304144e-03
815 2 2.61799388e+00 6.11177279e-03
816 2 2.61799388e+00 5.50229386e-03
817 2 2.61799388e+00 6.08949199e-03
818 2 2.61799388e+00 5.51889348e-03
819 2 2.61799388e+00 5.82994321e-03
820 2 2.61799388e+00 6.63986782e-03
821 2 2.61799388e+00 5.32950145e-03
822 2 2.61799388e+00 5.87648190e-03
823 2 2.61799388e+00 5.52859413e-03
824 2 2.61799388e+00 5.62003860e-03
825 2 2.61799388e+00 5.49861885e-03
826 2 2.61799388e+00 5.56187338e-03
827 2 2.61799388e+00 5.23042447e-03
828 2 2.61799388e+00 6.21982114e-03
829 2 2.61799388e+00 5.19847820e-03
830 2 2.61799388e+00 5.57176702e-03
831 2 2.61799388e+00 5.42346041e-03
832 2 2.61799388e+00 5.56790018e-03
833 2 2.61799388e+00 6.31359575e-03
834 2 2.61799388e+00 5.79620510e-03
835 2 2.61799388e+00 5.62411926e-03
836 2 2.61799388e+00 5.36622894e-03
837 2 2.61799388e+00 5.71977489e-03
838 2 2.61799388e+00 5.91786102e-03
839 2 2.61799388e+00 5.34244435e-03
840 2 2.61799388e+00 5.99178780e-03
841 2 2.61799388e+00 5.44665419e-03
842 2 2.61799388e+00 4.90524878e-03
843 2 2.61799388e+00 5.46802450e-03
844 2 2.61799388e+00 5.92742494e-03
845 2 2.61799388e+00 5.41909690e-03
846 2 2.61799388e+00 5.40840025e-03
847 2 2.61799388e+00 5.10200759e-03
848 2 2.61799388e+00 5.47792325e-03
849 2 2.61799388e+00 5.33876020e-03
850 2 2.61799388e+00 5.32228619e-03
851 2 2.61799388e+00 5.62848371e-03
852 2 2.61799388e+00 5.29115178e-03
853 2 2.61799388e+00 5.63406502e-03
854 2 2.61799388e+00 5.47182019e-03
855 2 2.61799388e+00 6.06794579e-03
856 2 2.61799388e+00 6.08074717e-03
857 2 2.61799388e+00 6.31735411e-03
858 2 2.61799388e+00 5.97655047e-03
859 2 2.61799388e+00 6.23395152e-03
860 2 2.61799388e+00 5.64847284e-03
861 2 2.61799388e+00 5.71612803e-03
862 2 2.61799388e+00 6.06566692e-03
863 2 2.61799388e+00 6.14701801e-03
864 2 2.61799388e+00 5.67832420e-03
865 2 2.61799388e+00 5.67958964e-03
866 2 2.61799388e+00 5.56678736e-03
867 2 2.61799388e+00 5.19179069e-03
868 2 2.61799388e+00 5.48711804e-03
869 2 2.61799388e+00 4.96439898e-03
870 2 2.61799388e+00 5.25049846e-03
871 2 2.61799388e+00 5.69955484e-03
872 2 2.61799388e+00 5.52491106e-03
873 2 2.61799388e+00 5.83824423e-03
874 2 2.61799388e+00 5.70182394e-03
875 2 2.61799388e+00 5.95681825e-03
876 2 2.61799388e+00 5.89772871e-03
877 2 2.61799388e+00 5.74967195e-03
878 2 2.61799388e+00 5.94618611e-03
879 2 2.61799388e+00 5.11680868e-03
880 2 2.61799388e+00 6.09934237e-03
881 2 2.61799388e+00 5.60600802e-03
882 2 2.61799388e+00 5.33128399e-03
883 2 2.61799388e+00 5.52016512e-03
884 2 2.61799388e+00 5.25961424e-03
885 2 2.61799388e+00 5.10521693e-03
886 2 2.61799388e+00 5.35700090e-03
887 2 2.61799388e+00 6.05699478e-03
888 2 2.61799388e+00 4.94581843e-03
889 2 2.61799388e+00 5.47800768e-03
890 2 2.61799388e+00 5.74205756e-03
891 2 2.61799388e+00 5.79688754e-03
892 2 2.61799388e+00 5.23073530e-03
893 2 2.61799388e+00 5.95690825e-03
894 2 2.61799388e+00 5.28035300e-03
895 2 2.61799388e+00 4.95975697e-03
896 2 2.61799388e+00 5.38623594e-03
897 2 2.61799388e+00 5.50663476e-03
898 2 2.61799388e+00 4.96808542e-03
899 2 2.61799388e+00 5.73546745e-03
900 2 2.61799388e+00 5.85473722e-03
901 2 2.61799388e+00 6.00989343e-03
902 2 2.61799388e+00 5.88306405e-03
903 2 2.61799388e+00 5.49954335e-03
904 2 2.61799388e+00 6.61792209e-03
905 2 2.61799388e+00 5.58646178e-03
906 2 2.61799388e+00 5.75607106e-03
907 2 2.61799388e+00 5.08021536e-03
908 2 2.61799388e+00 5.74949976e-03
909 2 2.61799388e+00 5.75849379e-03
910 2 2.61799388e+00 5.67119331e-03
911 2 2.61799388e+00 5.08041313e-03
912 2 2.61799388e+00 6.07170375e-03
913 2 2.61799388e+00 5.54727049e-03
914 2 2.61799388e+00 5.37584215e-03
915 2 2.61799388e+00 5.89993169e-03
916 2 2.61799388e+00 5.12583593e-03
917 2 2.61799388e+00 5.65163652e-03
918 2 2.61799388e+00 5.55087982e-03
919 2 2.61799388e+00 5.50133017e-03
920 2 2.61799388e+00 5.66810213e-03
921 2 2.61799388e+00 5.38707946e-03
922 2 2.61799388e+00 5.82576163e-03
923 2 2.61799388e+00 5.37781200e-03
924 2 2.61799388e+00 5.72173236e-03
925 2 2.61799388e+00 6.13973121e-03
926 2 2.61799388e+00 5.73578049e-03
927 2 2.61799388e+00 5.86675523e-03
928 2 2.61799388e+00 6.08584844e-03
929 2 2.61799388e+00 5.66728030e-03
930 2 2.61799388e+00 5.44940177e-03
931 2 2.61799388e+00 5.45845536e-03
932 2 2.61799388e+00 5.98692537e-03
933 2 2.61799388e+00 5.23294704e-03
934 2 2.61799388e+00 5.25385328e-03
935 2 2.61799388e+00 5.90519487e-03
936 2 2.61799388e+00 5.51902048e-03
937 2 2.61799388e+00 5.62348583e-03
938 2 2.61799388e+00 5.42108695e-03
939 2 2.61799388e+00 5.94439148e-03
940 2 2.61799388e+00 6.61434088e-03
941 2 2.61799388e+00 5.78361789e-03
942 2 2.61799388e+00 6.41690865e-03
943 2 2.61799388e+00 5.44140258e-03
944 2 2.61799388e+00 5.31146907e-03
945 2 2.61799388e+00 5.83445476e-03
946 2 2.61799388e+00 5.69302935e-03
947 2 2.61799388e+00 5.87417719e-03
948 2 2.61799388e+00 5.83398456e-03
949 2 2.61799388e+00 5.26798763e-03
950 2 2.61799388e+00 5.45560541e-03
951 2 2.61799388e+00 5.34343826e-03
952 2 2.61799388e+00 5.57648646e-03
953 2 2.61799388e+00 6.03822054e-03
954 2 2.61799388e+00 5.61326548e-03
955 2 2.61799388e+00 5.42481996e-03
956 2 2.61799388e+00 5.87004586e-03
957 2 2.61799388e+00 5.63179580e-03
958 2 2.61799388e+00 5.92435311e-03
959 2 2.61799388e+00 5.55259428e-03
960 2 2.61799388e+00 5.60560725e-03
961 2 2.61799388e+00 5.99619856e-03
962 2 2.61799388e+00 5.37537474e-03
963 2 2.61799388e+00 5.52673178e-03
964 2 2.61799388e+00 5.97344212e-03
965 2 2.61799388e+00 5.46715812e-03
966 2 2.61799388e+00 5.68384469e-03
967 2 2.61799388e+00 5.13573914e-03
968 2 2.61799388e+00 6.13604598e-03
969 2 2.61799388e+00 5.48754353e-03
970 2 2.61799388e+00 5.77898314e-03
971 2 2.61799388e+00 5.73845897e-03
972 2 2.61799388e+00 5.51349152e-03
973 2 2.61799388e+00 5.47422807e-03
974 2 2.61799388e+00 5.70469412e-03
975 2 2.61799388e+00 5.40037920e-03
976 2 2.61799388e+00 5.43094560e-03
977 2 2.61799388e+00 6.20809690e-03
978 2 2.61799388e+00 5.81709879e-03
979 2 2.61799388e+00 6.01266401e-03
980 2 2.61799388e+00 5.41504820e-03
981 2 2.61799388e+00 5.43769986e-03
982 2 2.61799388e+00 5.59859435e-03
983 2 2.61799388e+00 6.05790951e-03
984 2 2.61799388e+00 5.54302885e-03
985 2 2.61799388e+00 6.02534739e-03
986 2 2.61799388e+00 5.99864643e-03
987 2 2.61799388e+00 5.45433457e-03
988 2 2.61799388e+00 5.81042075e-03
989 2 2.61799388e+00 6.04338136e-03
990 2 2.61799388e+00 5.57356338e-03
991 2 2.61799388e+00 5.02623284e-03
992 2 2.61799388e+00 5.37230266e-03
993 2 2.61799388e+00 5.44838601e-03
994 2 2.61799388e+00 4.99742349e-03
995 2 2.61799388e+00 5.81137849e-03
996 2 2.61799388e+00 6.01624227e-03
997 2 2.61799388e+00 5.34508116e-03
998 2 2.61799388e+00 5.81109954e-03
999 2 2.61799388e+00 5.35098168e-03
1000 2 2.61799388e+00 5.13429274e-03
1001 2 2.61799388e+00 5.47980728e-03
1002 2 2.61799388e+00 5.77394316e-03
1003 2 2.61799388e+00 6.01524472e-03
1004 2 2.61799388e+00 5.70679720e-03
1005 2 2.61799388e+00 5.39336560e-03
1006 2 2.61799388e+00 5.50183039e-03
1007 2 2.61799388e+00 5.68875431e-03
1008 2 2.61799388e+00 5.45211319e-03
1009 2 2.61799388e+00 4.84429114e-03
1010 2 2.61799388e+00 5.36932020e-03
1011 2 2.61799388e+00 5.49668564e-03
1012 2 2.61799388e+00 5.09804715e-03
0 3 3.92699082e+00 2.43989725e-03
1 3 3.92699082e+00 2.10508802e-03
2 3 3.92699082e+00 3.33638485e-03
3 3 3.92699082e+00 2.46679930e-03
4 3 3.92699082e+00 2.93777257e-03
5 3 3.92699082e+00 2.48006258e-03
6 3 3.92699082e+00 2.44372206e-03
7 3 3.92699082e+00 2.38226281e-03
8 3 3.92699082e+00 2.38590697e-03
9 3 3.92699082e+00 2.16387780e-03
10 3 3.92699082e+00 1.18059152e-03
11 3 3.92699082e+00 1.38719293e-03
12 3 3.92699082e+00 2.57791390e-03
13 3 3.92699082e+00 3.66411218e-03
14 3 3.92699082e+00 3.11651270e-03
15 3 3.92699082e+00 2.79070260e-03
16 3 3.92699082e+00 2.44625284e-03
17 3 3.92699082e+00 2.24764482e-03
18 3 3.92699082e+00 2.27202856e-03
19 3 3.92699082e+00 2.51196929e-03
20 3 3.92699082e+00 2.79613761e-03
21 3 3.92699082e+00 3.32430026e-03
22 3 3.92699082e+00 2.74025597e-03
23 3 3.92699082e+00 2.61832595e-03
24 3 3.92699082e+00 1.64369618e-03
25 3 3.92699082e+00 2.82095369e-03
26 3 3.92699082e+00 2.28901625e-03
27 3 3.92699082e+00 1.53930301e-03
28 3 3.92699082e+00 3.00346057e-03
29 3 3.92699082e+00 2.66990927e-03
30 3 3.92699082e+00 2.04172429e-03
31 3 3.92699082e+00 1.95503899e-03
32 3 3.92699082e+00 2.45260370e-03
33 3 3.92699082e+00 2.74565982e-03
34 3 3.92699082e+00 2.98449508e-03
35 3 3.92699082e+00 2.58567231e-03
36 3 3.92699082e+00 2.26969362e-03
37 3 3.92699082e+00 1.63304437e-03
38 3 3.92699082e+00 3.15143937e-03
39 3 3.92699082e+00 2.56914830e-03
40 3 3.92699082e+00 1.82416886e-03
41 3 3.92699082e+00 2.32322272e-03
42 3 3.92699082e+00 2.71685471e-03
43 3 3.92699082e+00 2.54159345e-03
44 3 3.92699082e+00 2.43115683e-03
45 3 3.92699082e+00 1.88139847e-03
46 3 3.92699082e+00 1.50027509e-03
47 3 3.92699082e+00 2.50116357e-03
48 3 3.92699082e+00 3.26473645e-03
49 3 3.92699082e+00 1.46566343e-03
50 3 3.92699082e+00 2.24201528e-03
51 3 3.92699082e+00 2.51402081e-03
52 3 3.92699082e+00 2.15165031e-03
53 3 3.92699082e+00 3.31242796e-03
54 3 3.92699082e+00 2.84162685e-03
55 3 3.92699082e+00 2.66346899e-03
56 3 3.92699082e+00 2.30195900e-03
57 3 3.92699082e+00 2.44008888e-03
58 3 3.92699082e+00 2.17695191e-03
59 3 3.92699082e+00 2.06541933e-03
60 3 3.92699082e+00 1.91416584e-03
61 3 3.92699082e+00 1.88133773e-03
62 3 3.92699082e+00 3.98741067e-03
63 3 3.92699082e+00 2.59199030e-03
64 3 3.92699082e+00 2.21469266e-03
65 3 3.92699082e+00 2.80967909e-03
66 3 3.92699082e+00 2.10247122e-03
67 3 3.92699082e+00 2.21865741e-03
68 3 3.92699082e+00 2.97091961e-03
69 3 3.92699082e+00 2.24808922e-03
70 3 3.92699082e+00 1.86243411e-03
71 3 3.92699082e+00 2.88000404e-03
72 3 3.92699082e+00 2.60649478e-03
73 3 3.92699082e+00 2.48279329e-03
74 3 3.92699082e+00 2.26723405e-03
75 3 3.92699082e+00 1.01508800e-03
76 3 3.92699082e+00 1.74768916e-03
77 3 3.92699082e+00 1.60229343e-03
78 3 3.92699082e+00 2.34386899e-03
79 3 3.92699082e+00 2.91309984e-03
80 3 3.92699082e+00 2.34959787e-03
81 3 3.92699082e+00 2.34036237e-03
82 3 3.92699082e+00 1.89721966e-03
83 3 3.92699082e+00 1.47584475e-03
84 3 3.92699082e+00 2.45479473e-03
85 3 3.92699082e+00 2.58508987e-03
86 3 3.92699082e+00 1.57911083e-03
87 3 3.92699082e+00 2.01728742e-03
88 3 3.92699082e+00 1.93745491e-03
89 3 3.92699082e+00 2.03749232e-03
90 3 3.92699082e+00 2.37301535e-03
91 3 3.92699082e+00 2.68881024e-03
92 3 3.92699082e+00 1.49778628e-03
93 3 3.92699082e+00 1.86460250e-03
94 3 3.92699082e+00 2.49177363e-03
95 3 3.92699082e+00 2.45290180e-03
96 3 3.92699082e+00 2.16536127e-03
97 3 3.92699082e+00 2.13696707e-03
98 3 3.92699082e+00 2.81637593e-03
99 3 3.92699082e+00 2.86107024e-03
100 3 3.92699082e+00 1.15381354e-03
101 3 3.92699082e+00 2.14237521e-03
102 3 3.92699082e+00 1.70688412e-03
103 3 3.92699082e+00 1.90832269e-03
104 3 3.92699082e+00 2.93808786e-03
105 3 3.92699082e+00 1.78577969e-03
106 3 3.92699082e+00 3.04146855e-03
107 3 3.92699082e+00 2.41786896e-03
108 3 3.92699082e+00 2.58964950e-03
109 3 3.92699082e+00 2.74720241e-03
110 3 3.92699082e+00 1.97786765e-03
111 3 3.92699082e+00 2.54915715e-03
112 3 3.92699082e+00 1.84007337e-03
113 3 3.92699082e+00 2.40832366e-03
114 3 3.92699082e+00 2.45665891e-03
115 3 3.92699082e+00 1.84751269e-03
116 3 3.92699082e+00 3.10472890e-03
117 3 3.92699082e+00 2.60101324e-03
118 3 3.92699082e+00 2.76598323e-03
119 3 3.92699082e+00 2.32201705e-03
120 3 3.92699082e+00 2.12139839e-03
121 3 3.92699082e+00 1.42732424e-03
122 3 3.92699082e+00 1.69674944e-03
123 3 3.92699082e+00 1.54173417e-03
124 3 3.92699082e+00 2.50099617e-03
125 3 3.92699082e+00 3.04543980e-03
126 3 3.92699082e+00 3.02757006e-03
127 3 3.92699082e+00 2.74746297e-03
128 3 3.92699082e+00 1.58093098e-03
129 3 3.92699082e+00 2.26934855e-03
130 3 3.92699082e+00 3.33939554e-03
131 3 3.92699082e+00 8.64845442e-04
132 3 3.92699082e+00 3.63550703e-03
133 3 3.92699082e+00 2.32840836e-03
134 3 3.92699082e+00 2.96584388e-03
135 3 3.92699082e+00 1.72607190e-03
136 3 3.92699082e+00 1.46237871e-03
137 3 3.92699082e+00 2.79273691e-03
138 3 3.92699082e+00 2.52851014e-03
139 3 3.92699082e+00 2.01450317e-03
140 3 3.92699082e+00 2.55735518e-03
141 3 3.92699082e+00 2.50396494e-03
142 3 3.92699082e+00 2.78096471e-03
143 3 3.92699082e+00 2.57456796e-03
144 3 3.92699082e+00 2.57575191e-03
145 3 3.92699082e+00 1.68469362e-03
146 3 3.92699082e+00 2.42057579e-03
147 3 3.92699082e+00 1.67865469e-03
148 3 3.92699082e+00 2.77188580e-03
149 3 3.92699082e+00 1.75759352e-03
150 3 3.92699082e+00 2.49214697e-03
151 3 3.92699082e+00 1.67611307e-03
152 3 3.92699082e+00 2.24015369e-03
153 3 3.92699082e+00 2.80242382e-03
154 3 3.92699082e+00 2.88619810e-03
155 3 3.92699082e+00 1.76010666e-03
156 3 3.92699082e+00 2.58195605e-03
157 3 3.92699082e+00 1.69914792e-03
158 3 3.92699082e+00 2.20081204e-03
159 3 3.92699082e+00 3.39157581e-03
160 3 3.92699082e+00 2.25964934e-03
161 3 3.92699082e+00 2.57295238e-03
162 3 3.92699082e+00 2.00528102e-03
163 3 3.92699082e+00 1.67286788e-03
164 3 3.92699082e+00 3.29742443e-03
165 3 3.92699082e+00 3.60536497e-03
166 3 3.92699082e+00 2.22504668e-03
167 3 3.92699082e+00 2.38796341e-03
168 3 3.92699082e+00 1.53863141e-03
169 3 3.92699082e+00 2.02165332e-03
170 3 3.92699082e+00 2.64294996e-03
171 3 3.92699082e+00 1.84927455e-03
172 3 3.92699082e+00 2.59899335e-03
173 3 3.92699082e+00 1.82252428e-03
174 3 3.92699082e+00 2.26286800e-03
175 3 3.92699082e+00 2.58057337e-03
176 3 3.92699082e+00 2.99434640e-03
177 3 3.92699082e+00 2.71586373e-03
178 3 3.92699082e+00 2.09838519e-03
179 3 3.92699082e+00 2.32771130e-03
180 3 3.92699082e+00 2.01566334e-03
181 3 3.92699082e+00 3.03702934e-03
182 3 3.92699082e+00 2.19696971e-03
183 3 3.92699082e+00 2.20826359e-03
184 3 3.92699082e+00 2.38355444e-03
185 3 3.92699082e+00 1.68629077e-03
186 3 3.92699082e+00 1.68436984e-03
187 3 3.92699082e+00 1.92975573e-03
188 3 3.92699082e+00 1.55291436e-03
189 3 3.92699082e+00 2.41212372e-03
190 3 3.92699082e+00 2.21224273e-03
191 3 3.92699082e+00 2.37014881e-03
192 3 3.92699082e+00 2.78862811e-03
193 3 3.92699082e+00 2.63334385e-03
194 3 3.92699082e+00 2.28721254e-03
195 3 3.92699082e+00 2.29987356e-03
196 3 3.92699082e+00 2.53086645e-03
197 3 3.92699082e+00 2.76980262e-03
198 3 3.92699082e+00 2.12630952e-03
199 3 3.92699082e+00 2.02150519e-03
200 3 3.92699082e+00 1.50452768e-03
201 3 3.92699082e+00 2.41434148e-03
202 3 3.92699082e+00 2.94188863e-03
203 3 3.92699082e+00 2.41671739e-03
204 3 3.92699082e+00 2.82254562e-03
205 3 3.92699082e+00 3.10482398e-03
206 3 3.92699082e+00 2.50672823e-03
207 3 3.92699082e+00 2.14206387e-03
208 3 3.92699082e+00 2.29434491e-03
209 3 3.92699082e+00 1.04279840e-03
210 3 3.92699082e+00 1.78155517e-03
211 3 3.92699082e+00 2.17705574e-03
212 3 3.92699082e+00 2.56318542e-03
213 3 3.92699082e+00 1.49244713e-03
214 3 3.92699082e+00 2.33099417e-03
215 3 3.92699082e+00 1.89328566e-03
216 3 3.92699082e+00 1.58278369e-03
217 3 3.92699082e+00 2.60026476e-03
218 3 3.92699082e+00 2.81247374e-03
219 3 3.92699082e+00 2.97988256e-03
220 3 3.92699082e+00 3.03268952e-03
221 3 3.92699082e+00 3.11432448e-03
222 3 3.92699082e+00 2.27419383e-03
223 3 3.92699082e+00 2.29225291e-03
224 3 3.92699082e+00 2.48565640e-03
225 3 3.92699082e+00 2.03833436e-03
226 3 3.92699082e+00 1.78463516e-03
227 3 3.92699082e+00 1.44436085e-03
228 3 3.92699082e+00 2.75256920e-03
229 3 3.92699082e+00 1.79046937e-03
230 3 3.92699082e+00 3.07415454e-03
231 3 3.92699082e+00 1.98181740e-03
232 3 3.92699082e+00 1.36241687e-03
233 3 3.92699082e+00 1.32499440e-03
234 3 3.92699082e+00 2.07409276e-03
235 3 3.92699082e+00 2.28473947e-03
236 3 3.92699082e+00 2.34087391e-03
237 3 3.92699082e+00 3.28021204e-03
238 3 3.92699082e+00 2.64449713e-03
239 3 3.92699082e+00 2.07258236e-03
240 3 3.92699082e+00 2.51238236e-03
241 3 3.92699082e+00 2.20639332e-03
242 3 3.92699082e+00 1.52052130e-03
243 3 3.92699082e+00 3.26781183e-03
244 3 3.92699082e+00 1.71994836e-03
245 3 3.92699082e+00 3.27744159e-03
246 3 3.92699082e+00 2.30099714e-03
247 3 3.92699082e+00 2.54289404e-03
248 3 3.92699082e+00 2.23949620e-03
249 3 3.92699082e+00 2.09036720e-03
250 3 3.92699082e+00 1.88587702e-03
251 3 3.92699082e+00 1.43375571e-03
252 3 3.92699082e+00 2.97926944e-03
253 3 3.92699082e+00 2.74229345e-03
254 3 3.92699082e+00 2.18447563e-03
255 3 3.92699082e+00 2.59625590e-03
256 3 3.92699082e+00 2.88300865e-03
257 3 3.92699082e+00 1.87719665e-03
258 3 3.92699082e+00 1.91377221e-03
259 3 3.92699082e+00 2.74414640e-03
260 3 3.92699082e+00 2.61429111e-03
261 3 3.92699082e+00 2.62752235e-03
262 3 3.92699082e+00 1.77517663e-03
263 3 3.92699082e+00 2.47404717e-03
264 3 3.92699082e+00 2.11100775e-03
265 3 3.92699082e+00 2.57969654e-03
266 3 3.92699082e+00 1.41669313e-03
267 3 3.92699082e+00 2.44698034e-03
268 3 3.92699082e+00 2.53684902e-03
269 3 3.92699082e+00 1.95456535e-03
270 3 3.92699082e+00 2.38167165e-03
271 3 3.92699082e+00 2.72136061e-03
272 3 3.92699082e+00 2.51946014e-03
273 3 3.92699082e+00 2.17874028e-03
274 3 3.92699082e+00 1.64396431e-03
275 3 3.92699082e+00 2.05145334e-03
276 3 3.92699082e+00 2.13909406e-03
277 3 3.92699082e+00 2.32404354e-03
278 3 3.92699082e+00 1.88886766e-03
279 3 3.92699082e+00 2.00107752e-03
280 3 3.92699082e+00 2.29322254e-03
281 3 3.92699082e+00 2.04685394e-03
282 3 3.92699082e+00 2.58546160e-03
283 3 3.92699082e+00 2.06230605e-03
284 3 3.92699082e+00 2.26205099e-03
285 3 3.92699082e+00 1.39864120e-03
286 3 3.92699082e+00 2.65014433e-03
287 3 3.92699082e+00 1.73637784e-03
288 3 3.92699082e+00 2.10657735e-03
289 3 3.92699082e+00 8.74514438e-04
290 3 3.92699082e+00 2.68743825e-03
291 3 3.92699082e+00 2.62190878e-03
292 3 3.92699082e+00 2.33157717e-03
293 3 3.92699082e+00 2.47058850e-03
294 3 3.92699082e+00 2.20505408e-03
295 3 3.92699082e+00 2.45541589e-03
296 3 3.92699082e+00 1.86279229e-03
297 3 3.92699082e+00 3.23992982e-03
298 3 3.92699082e+00 2.56903535e-03
299 3 3.92699082e+00 2.90385126e-03
300 3 3.92699082e+00 1.14098344e-03
301 3 3.92699082e+00 3.36183268e-03
302 3 3.92699082e+00 2.69313780e-03
303 3 3.92699082e+00 1.68642574e-03
304 3 3.92699082e+00 3.10439738e-03
305 3 3.92699082e+00 1.78269095e-03
306 3 3.92699082e+00 2.24205423e-03
307 3 3.92699082e+00 2.69967329e-03
308 3 3.92699082e+00 3.01343353e-03
309 3 3.92699082e+00 2.99368512e-03
310 3 3.92699082e+00 2.27162992e-03
311 3 3.92699082e+00 2.39139393e-03
312 3 3.92699082e+00 3.29031153e-03
313 3 3.92699082e+00 2.22710593e-03
314 3 3.92699082e+00 2.10684949e-03
315 3 3.92699082e+00 1.74700152e-03
316 3 3.92699082e+00 2.25776624e-03
317 3 3.92699082e+00 2.30084428e-03
318 3 3.92699082e+00 2.76578754e-03
319 3 3.92699082e+00 2.63210817e-03
320 3 3.92699082e+00 1.55945602e-03
321 3 3.92699082e+00 2.30280201e-03
322 3 3.92699082e+00 2.43820724e-03
323 3 3.92699082e+00 2.92486584e-03
324 3 3.92699082e+00 2.90572355e-03
325 3 3.92699082e+00 2.91828766e-03
326 3 3.92699082e+00 1.79054752e-03
327 3 3.92699082e+00 1.77988495e-03
328 3 3.92699082e+00 2.49792309e-03
329 3 3.92699082e+00 2.24918109e-03
330 3 3.92699082e+00 2.22454971e-03
331 3 3.92699082e+00 2.18547324e-03
332 3 3.92699082e+00 3.04913187e-03
333 3 3.92699082e+00 2.84519038e-03
334 3 3.92699082e+00 2.52254703e-03
335 3 3.92699082e+00 2.68311139e-03
336 3 3.92699082e+00 2.58078605e-03
337 3 3.92699082e+00 2.82611573e-03
338 3 3.92699082e+00 1.30027287e-03
339 3 3.92699082e+00 2.41304593e-03
340 3 3.92699082e+00 2.30797979e-03
341 3 3.92699082e+00 3.04280472e-03
342 3 3.92699082e+00 3.26401889e-03
343 3 3.92699082e+00 3.30547775e-03
344 3 3.92699082e+00 3.41521562e-03
345 3 3.92699082e+00 2.12878300e-03
346 3 3.92699082e+00 2.40968416e-03
347 3 3.92699082e+00 1.56276008e-03
348 3 3.92699082e+00 2.43582441e-03
349 3 3.92699082e+00 1.80525178e-03
350 3 3.92699082e+00 2.71108028e-03
351 3 3.92699082e+00 2.99585912e-03
352 3 3.92699082e+00 1.75743906e-03
353 3 3.92699082e+00 2.50428647e-03
354 3 3.92699082e+00 2.74664370e-03
355 3 3.92699082e+00 3.37003280e-03
356 3 3.92699082e+00 1.86870746e-03
357 3 3.92699082e+00 2.37190291e-03
358 3 3.92699082e+00 2.41854450e-03
359 3 3.92699082e+00 1.51718317e-03
360 3 3.92699082e+00 2.68459639e-03
361 3 3.92699082e+00 2.32333073e-03
362 3 3.92699082e+00 2.81572155e-03
363 3 3.92699082e+00 1.96334060e-03
364 3 3.92699082e+00 2.15969121e-03
365 3 3.92699082e+00 2.44320064e-03
366 3 3.92699082e+00 2.47754840e-03
367 3 3.92699082e+00 2.47870214e-03
368 3 3.92699082e+00 1.99371716e-03
369 3 3.92699082e+00 2.86846837e-03
370 3 3.92699082e+00 2.11809003e-03
371 3 3.92699082e+00 1.77737960e-03
372 3 3.92699082e+00 2.68640128e-03
373 3 3.92699082e+00 2.55457712e-03
374 3 3.92699082e+00 1.73098964e-03
375 3 3.92699082e+00 1.94594636e-03
376 3 3.92699082e+00 2.50303424e-03
377 3 3.92699082e+00 3.05467651e-03
378 3 3.92699082e+00 2.45947762e-03
379 3 3.92699082e+00 2.16099110e-03
380 3 3.92699082e+00 2.81665013e-03
381 3 3.92699082e+00 3.58834564e-03
382 3 3.92699082e+00 2.58133325e-03
383 3 3.92699082e+00 2.31571805e-03
384 3 3.92699082e+00 2.48091595e-03
385 3 3.92699082e+00 2.76421548e-03
386 3 3.92699082e+00 2.27011332e-03
387 3 3.92699082e+00 3.43208708e-03
388 3 3.92699082e+00 2.22161253e-03
389 3 3.92699082e+00 1.48299419e-03
390 3 3.92699082e+00 2.80958422e-03
391 3 3.92699082e+00 2.02185987e-03
392 3 3.92699082e+00 3.25453236e-03
393 3 3.92699082e+00 2.46591399e-03
394 3 3.92699082e+00 2.82399638e-03
395 3 3.92699082e+00 2.70297468e-03
396 3 3.92699082e+00 1.95970187e-03
397 3 3.92699082e+00 2.31018931e-03
398 3 3.92699082e+00 2.75859631e-03
399 3 3.92699082e+00 2.54121914e-03
400 3 3.92699082e+00 2.21988237e-03
401 3 3.92699082e+00 3.10477248e-03
402 3 3.92699082e+00 3.09121116e-03
403 3 3.92699082e+00 2.29404927e-03
404 3 3.92699082e+00 3.06842290e-03
405 3 3.92699082e+00 2.13749623e-03
406 3 3.92699082e+00 2.51241137e-03
407 3 3.92699082e+00 2.38838658e-03
408 3 3.92699082e+00 2.56444183e-03
409 3 3.92699082e+00 2.27084850e-03
410 3 3.92699082e+00 2.06575711e-03
411 3 3.92699082e+00 1.57060550e-03
412 3 3.92699082e+00 2.30251579e-03
413 3 3.92699082e+00 3.30029702e-03
414 3 3.92699082e+00 1.89013327e-03
415 3 3.92699082e+00 2.17184284e-03
416 3 3.92699082e+00 2.67107137e-03
417 3 3.92699082e+00 2.18529261e-03
418 3 3.92699082e+00 2.42779612e-03
419 3 3.92699082e+00 2.51648001e-03
420 3 3.92699082e+00 1.69657878e-03
421 3 3.92699082e+00 3.05129953e-03
422 3 3.92699082e+00 1.90231817e-03
423 3 3.92699082e+00 1.92825222e-03
424 3 3.92699082e+00 1.53313557e-03
425 3 3.92699082e+00 2.69734876e-03
426 3 3.92699082e+00 2.82475267e-03
427 3 3.92699082e+00 2.33045605e-03
428 3 3.92699082e+00 2.41345297e-03
429 3 3.92699082e+00 3.02359302e-03
430 3 3.92699082e+00 2.15643808e-03
431 3 3.92699082e+00 2.71700064e-03
432 3 3.92699082e+00 2.21147420e-03
433 3 3.92699082e+00 3.00815717e-03
434 3 3.92699082e+00 1.95223139e-03
435 3 3.92699082e+00 2.75035375e-03
436 3 3.92699082e+00 2.32095494e-03
437 3 3.92699082e+00 1.68196147e-03
438 3 3.92699082e+00 2.80018818e-03
439 3 3.92699082e+00 2.06166990e-03
440 3 3.92699082e+00 2.58706003e-03
441 3 3.92699082e+00 2.13501787e-03
442 3 3.92699082e+00 2.82599035e-03
443 3 3.92699082e+00 2.47773958e-03
444 3 3.92699082e+00 2.56365789e-03
445 3 3.92699082e+00 1.69843546e-03
446 3 3.92699082e+00 1.81969776e-03
447 3 3.92699082e+00 1.97231865e-03
448 3 3.92699082e+00 3.17446172e-03
449 3 3.92699082e+00 2.13699079e-03
450 3 3.92699082e+00 2.60663700e-03
451 3 3.92699082e+00 1.84533706e-03
452 3 3.92699082e+00 2.68987908e-03
453 3 3.92699082e+00 3.66192260e-03
454 3 3.92699082e+00 2.04638877e-03
455 3 3.92699082e+00 2.67492963e-03
456 3 3.92699082e+00 2.58523483e-03
457 3 3.92699082e+00 2.23252889e-03
458 3 3.92699082e+00 2.92805718e-03
459 3 3.92699082e+00 3.09227310e-03
460 3 3.92699082e+00 2.41303513e-03
461 3 3.92699082e+00 2.86041355e-03
462 3 3.92699082e+00 2.65665875e-03
463 3 3.92699082e+00 2.56358216e-03
464 3 3.92699082e+00 3.16485842e-03
465 3 3.92699082e+00 2.91947628e-03
466 3 3.92699082e+00 1.85746580e-03
467 3 3.92699082e+00 1.97412445e-03
468 3 3.92699082e+00 2.29127476e-03
469 3 3.92699082e+00 1.28408257e-03
470 3 3.92699082e+00 2.63569720e-03
471 3 3.92699082e+00 2.24045126e-03
472 3 3.92699082e+00 2.43457833e-03
473 3 3.92699082e+00 2.76086326e-03
474 3 3.92699082e+00 2.66378608e-03
475 3 3.92699082e+00 2.16789203e-03
476 3 3.92699082e+00 1.82965119e-03
477 3 3.92699082e+00 1.91774272e-03
478 3 3.92699082e+00 2.53912066e-03
479 3 3.92699082e+00 1.78515989e-03
480 3 3.92699082e+00 1.66015857e-03
481 3 3.92699082e+00 2.14391133e-03
482 3 3.92699082e+00 1.90181210e-03
483 3 3.92699082e+00 2.46448967e-03
484 3 3.92699082e+00 2.48764665e-03
485 3 3.92699082e+00 2.75953287e-03
486 3 3.92699082e+00 2.66161554e-03
487 3 3.92699082e+00 2.68624278e-03
488 3 3.92699082e+00 2.56233852e-03
489 3 3.92699082e+00 3.09936608e-03
490 3 3.92699082e+00 2.44269807e-03
491 3 3.92699082e+00 2.33525498e-03
492 3 3.92699082e+00 2.36948806e-03
493 3 3.92699082e+00 3.00541612e-03
494 3 3.92699082e+00 1.98626893e-03
495 3 3.92699082e+00 2.07684365e-03
496 3 3.92699082e+00 2.17716222e-03
497 3 3.92699082e+00 2.62379084e-03
498 3 3.92699082e+00 2.78630269e-03
499 3 3.92699082e+00 2.94644689e-03
500 3 3.92699082e+00 1.37539265e-03
501 3 3.92699082e+00 2.16000868e-03
502 3 3.92699082e+00 2.31583894e-03
503 3 3.92699082e+00 2.40853928e-03
504 3 3.92699082e+00 2.33610775e-03
505 3 3.92699082e+00 1.72397880e-03
506 3 3.92699082e+00 1.73911517e-03
507 3 3.92699082e+00 1.74784156e-03
508 3 3.92699082e+00 2.31372453e-03
509 3 3.92699082e+00 2.84127595e-03
510 3 3.92699082e+00 2.84156350e-03
511 3 3.92699082e+00 1.49837816e-03
512 3 3.92699082e+00 2.36177956e-03
513 3 3.92699082e+00 2.71067576e-03
514 3 3.92699082e+00 2.01247412e-03
515 3 3.92699082e+00 2.63924133e-03
516 3 3.92699082e+00 2.26501372e-03
517 3 3.92699082e+00 1.49949175e-03
518 3 3.92699082e+00 1.94530857e-03
519 3 3.92699082e+00 1.66610780e-03
520 3 3.92699082e+00 2.47188273e-03
521 3 3.92699082e+00 1.66834844e-03
522 3 3.92699082e+00 3.14937962e-03
523 3 3.92699082e+00 1.42379660e-03
524 3 3.92699082e+00 1.73821614e-03
525 3 3.92699082e+00 2.47534764e-03
526 3 3.92699082e+00 1.55485098e-03
527 3 3.92699082e+00 2.98265154e-03
528 3 3.92699082e+00 2.27870601e-03
529 3 3.92699082e+00 2.10076715e-03
530 3 3.92699082e+00 1.58567170e-03
531 3 3.92699082e+00 2.05511393e-03
532 3 3.92699082e+00 2.62556742e-03
533 3 3.92699082e+00 2.27237248e-03
534 3 3.92699082e+00 2.58124898e-03
535 3 3.92699082e+00 2.76236178e-03
536 3 3.92699082e+00 2.16775713e-03
537 3 3.92699082e+00 2.79341081e-03
538 3 3.92699082e+00 1.79733901e-03
539 3 3.92699082e+00 2.83340626e-03
540 3 3.92699082e+00 2.13033662e-03
541 3 3.92699082e+00 2.67985243e-03
542 3 3.92699082e+00 2.25602804e-03
543 3 3.92699082e+00 2.43684412e-03
544 3 3.92699082e+00 2.39353401e-03
545 3 3.92699082e+00 2.08407013e-03
546 3 3.92699082e+00 3.02491774e-03
547 3 3.92699082e+00 3.70609280e-03
548 3 3.92699082e+00 2.02860665e-03
549 3 3.92699082e+00 1.56283883e-03
550 3 3.92699082e+00 2.86039797e-03
551 3 3.92699082e+00 2.00939359e-03
552 3 3.92699082e+00 2.59430820e-03
553 3 3.92699082e+00 3.43352279e-03
554 3 3.92699082e+00 1.97864381e-03
555 3 3.92699082e+00 2.47291735e-03
556 3 3.92699082e+00 3.03451609e-03
557 3 3.92699082e+00 2.45319441e-03
558 3 3.92699082e+00 2.06877856e-03
559 3 3.92699082e+00 2.80087617e-03
560 3 3.92699082e+00 3.15430869e-03
561 3 3.92699082e+00 1.40020999e-03
562 3 3.92699082e+00 3.13807535e-03
563 3 3.92699082e+00 2.49995569e-03
564 3 3.92699082e+00 2.66445767e-03
565 3 3.92699082e+00 2.07555706e-03
566 3 3.92699082e+00 2.18460741e-03
567 3 3.92699082e+00 3.06740094e-03
568 3 3.92699082e+00 2.27508060e-03
569 3 3.92699082e+00 2.74497811e-03
570 3 3.92699082e+00 2.60375188e-03
571 3 3.92699082e+00 2.23690662e-03
572 3 3.92699082e+00 2.37132710e-03
573 3 3.92699082e+00 2.26943556e-03
574 3 3.92699082e+00 2.62004142e-03
575 3 3.92699082e+00 2.54694212e-03
576 3 3.92699082e+00 2.86385891e-03
577 3 3.92699082e+00 2.51042061e-03
578 3 3.92699082e+00 3.07044985e-03
579 3 3.92699082e+00 2.45402828e-03
580 3 3.92699082e+00 2.07129978e-03
581 3 3.92699082e+00 1.19044209e-03
582 3 3.92699082e+00 2.69410037e-03
583 3 3.92699082e+00 2.30760750e-03
584 3 3.92699082e+00 1.76696509e-03
585 3 3.92699082e+00 2.42780901e-03
586 3 3.92699082e+00 2.71795123e-03
587 3 3.92699082e+00 2.79010071e-03
588 3 3.92699082e+00 2.48980868e-03
589 3 3.92699082e+00 2.18984572e-03
590 3 3.92699082e+00 2.55649798e-03
591 3 3.92699082e+00 1.43857336e-03
592 3 3.92699082e+00 1.36837247e-03
593 3 3.92699082e+00 2.11591323e-03
594 3 3.92699082e+00 2.12953082e-03
595 3 3.92699082e+00 1.97000881e-03
596 3 3.92699082e+00 2.79207656e-03
597 3 3.92699082e+00 2.50908687e-03
598 3 3.92699082e+00 2.76780935e-03
599 3 3.92699082e+00 2.71240830e-03
600 3 3.92699082e+00 2.28834740e-03
601 3 3.92699082e+00 2.69403314e-03
602 3 3.92699082e+00 2.41152923e-03
603 3 3.92699082e+00 2.03958237e-03
604 3 3.92699082e+00 2.56398247e-03
605 3 3.92699082e+00 2.79994333e-03
606 3 3.92699082e+00 2.15038280e-03
607 3 3.92699082e+00 1.24593551e-03
608 3 3.92699082e+00 2.26083654e-03
609 3 3.92699082e+00 1.39041078e-03
610 3 3.92699082e+00 1.64562799e-03
611 3 3.92699082e+00 1.90171646e-03
612 3 3.92699082e+00 2.92010779e-03
613 3 3.92699082e+00 2.82030994e-03
614 3 3.92699082e+00 2.62816900e-03
615 3 3.92699082e+00 1.98916308e-03
616 3 3.92699082e+00 3.07170346e-03
617 3 3.92699082e+00 3.19035450e-03
618 3 3.92699082e+00 1.97321528e-03
619 3 3.92699082e+00 1.71477953e-03
620 3 3.92699082e+00 2.82167994e-03
621 3 3.92699082e+00 2.63203749e-03
622 3 3.92699082e+00 3.37684829e-03
623 3 3.92699082e+00 2.50346812e-03
624 3 3.92699082e+00 2.98677507e-03
625 3 3.92699082e+00 2.72329088e-03
626 3 3.92699082e+00 1.98587884e-03
627 3 3.92699082e+00 2.13426136e-03
628 3 3.92699082e+00 2.22829648e-03
629 3 3.92699082e+00 1.47621169e-03
630 3 3.92699082e+00 2.42236554e-03
631 3 3.92699082e+00 1.96737579e-03
632 3 3.92699082e+00 1.62778141e-03
633 3 3.92699082e+00 2.47653023e-03
634 3 3.92699082e+00 3.50226407e-03
635 3 3.92699082e+00 1.62780320e-03
636 3 3.92699082e+00 2.79120724e-03
637 3 3.92699082e+00 2.29830932e-03
638 3 3.92699082e+00 1.88719307e-03
639 3 3.92699082e+00 1.95034320e-03
640 3 3.92699082e+00 2.07940402e-03
641 3 3.92699082e+00 2.20641772e-03
642 3 3.92699082e+00 1.93612090e-03
643 3 3.92699082e+00 2.69716415e-03
644 3 3.92699082e+00 3.14525257e-03
645 3 3.92699082e+00 1.60377824e-03
646 3 3.92699082e+00 1.47914373e-03
647 3 3.92699082e+00 1.27857505e-03
648 3 3.92699082e+00 2.78138723e-03
649 3 3.92699082e+00 8.56599594e-04
650 3 3.92699082e+00 2.77889982e-03
651 3 3.92699082e+00 1.91370983e-03
652 3 3.92699082e+00 2.14755152e-03
653 3 3.92699082e+00 2.55679452e-03
654 3 3.92699082e+00 2.80673111e-03
655 3 3.92699082e+00 2.58016260e-03
656 3 3.92699082e+00 2.29012179e-03
657 3 3.92699082e+00 2.28335269e-03
658 3 3.92699082e+00 3.00093206e-03
659 3 3.92699082e+00 2.45728657e-03
660 3 3.92699082e+00 2.09389491e-03
661 3 3.92699082e+00 1.85937484e-03
662 3 3.92699082e+00 3.06590697e-03
663 3 3.92699082e+00 2.47054142e-03
664 3 3.92699082e+00 3.31665467e-03
665 3 3.92699082e+00 1.58189802e-03
666 3 3.92699082e+00 2.49113025e-03
667 3 3.92699082e+00 2.21023042e-03
668 3 3.92699082e+00 2.68288590e-03
669 3 3.92699082e+00 2.35180221e-03
670 3 3.92699082e+00 1.88461151e-03
671 3 3.92699082e+00 2.58790491e-03
672 3 3.92699082e+00 2.23643553e-03
673 3 3.92699082e+00 3.03070266e-03
674 3 3.92699082e+00 1.97023823e-03
675 3 3.92699082e+00 2.02147855e-03
676 3 3.92699082e+00 1.52636475e-03
677 3 3.92699082e+00 2.61274664e-03
678 3 3.92699082e+00 2.79719845e-03
679 3 3.92699082e+00 2.10261902e-03
680 3 3.92699082e+00 3.09568874e-03
681 3 3.92699082e+00 2.12910452e-03
682 3 3.92699082e+00 2.52230618e-03
683 3 3.92699082e+00 1.18015492e-03
684 3 3.92699082e+00 2.51833557e-03
685 3 3.92699082e+00 2.22175461e-03
686 3 3.92699082e+00 3.06414180e-03
687 3 3.92699082e+00 2.57900395e-03
688 3 3.92699082e+00 2.14607994e-03
689 3 3.92699082e+00 2.06555642e-03
690 3 3.92699082e+00 2.96618922e-03
691 3 3.92699082e+00 1.15697496e-03
692 3 3.92699082e+00 2.58712836e-03
693 3 3.92699082e+00 2.22982886e-03
694 3 3.92699082e+00 2.09075945e-03
695 3 3.92699082e+00 2.43463404e-03
696 3 3.92699082e+00 2.42578956e-03
697 3 3.92699082e+00 1.91733735e-03
698 3 3.92699082e+00 2.63923873e-03
699 3 3.92699082e+00 1.99652962e-03
700 3 3.92699082e+00 1.36322683e-03
701 3 3.92699082e+00 2.22017630e-03
702 3 3.92699082e+00 2.36547219e-03
703 3 3.92699082e+00 3.85787556e-03
704 3 3.92699082e+00 2.41130750e-03
705 3 3.92699082e+00 2.54798691e-03
706 3 3.92699082e+00 1.95602758e-03
707 3 3.92699082e+00 1.89693162e-03
708 3 3.92699082e+00 2.12441858e-03
709 3 3.92699082e+00 3.45689391e-03
710 3 3.92699082e+00 2.80655418e-03
711 3 3.92699082e+00 3.28846812e-03
712 3 3.92699082e+00 3.01973662e-03
713 3 3.92699082e+00 2.03878586e-03
714 3 3.92699082e+00 2.05469320e-03
715 3 3.92699082e+00 2.20148845e-03
716 3 3.92699082e+00 2.38168745e-03
717 3 3.92699082e+00 1.40754287e-03
718 3 3.92699082e+00 1.65936333e-03
719 3 3.92699082e+00 1.67937319e-03
720 3 3.92699082e+00 2.47931126e-03
721 3 3.92699082e+00 2.43843824e-03
722 3 3.92699082e+00 2.17596138e-03
723 3 3.92699082e+00 1.95754771e-03
724 3 3.92699082e+00 2.64223563e-03
725 3 3.92699082e+00 1.65785836e-03
726 3 3.92699082e+00 2.36062791e-03
727 3 3.92699082e+00 2.85104671e-03
728 3 3.92699082e+00 1.99040331e-03
729 3 3.92699082e+00 3.02622769e-03
730 3 3.92699082e+00 1.68954425e-03
731 3 3.92699082e+00 2.66764303e-03
732 3 3.92699082e+00 2.32408651e-03
733 3 3.92699082e+00 2.37659916e-03
734 3 3.92699082e+00 2.28991775e-03
735 3 3.92699082e+00 2.36385300e-03
736 3 3.92699082e+00 2.30836981e-03
737 3 3.92699082e+00 2.38931583e-03
738 3 3.92699082e+00 2.54609131e-03
739 3 3.92699082e+00 1.50839766e-03
740 3 3.92699082e+00 2.54337154e-03
741 3 3.92699082e+00 1.76902296e-03
742 3 3.92699082e+00 2.03502597e-03
743 3 3.92699082e+00 2.03295986e-03
744 3 3.92699082e+00 2.28028515e-03
745 3 3.92699082e+00 1.79215307e-03
746 3 3.92699082e+00 2.50409907e-03
747 3 3.92699082e+00 3.25438131e-03
748 3 3.92699082e+00 2.45906628e-03
749 3 3.92699082e+00 1.74125253e-03
750 3 3.92699082e+00 2.46236000e-03
751 3 3.92699082e+00 3.65486552e-03
752 3 3.92699082e+00 3.54021313e-03
753 3 3.92699082e+00 2.88668875e-03
754 3 3.92699082e+00 3.04347907e-03
755 3 3.92699082e+00 1.54298377e-03
756 3 3.92699082e+00 2.78725830e-03
757 3 3.92699082e+00 1.54309650e-03
758 3 3.92699082e+00 2.47958406e-03
759 3 3.92699082e+00 1.75688731e-03
760 3 3.92699082e+00 1.87104813e-03
761 3 3.92699082e+00 2.86149907e-03
762 3 3.92699082e+00 1.91578397e-03
763 3 3.92699082e+00 2.56489738e-03
764 3 3.92699082e+00 3.02883117e-03
765 3 3.92699082e+00 2.39975847e-03
766 3 3.92699082e+00 2.52863943e-03
767 3 3.92699082e+00 1.71656256e-03
768 3 3.92699082e+00 2.46703588e-03
769 3 3.92699082e+00 3.12322287e-03
770 3 3.92699082e+00 2.30114104e-03
771 3 3.92699082e+00 2.39784093e-03
772 3 3.92699082e+00 2.40204264e-03
773 3 3.92699082e+00 2.08386121e-03
774 3 3.92699082e+00 2.46947815e-03
775 3 3.92699082e+00 2.69611483e-03
776 3 3.92699082e+00 2.15765875e-03
777 3 3.92699082e+00 1.91515651e-03
778 3 3.92699082e+00 2.15172960e-03
779 3 3.92699082e+00 2.68490591e-03
780 3 3.92699082e+00 1.65972984e-03
781 3 3.92699082e+00 2.52453235e-03
782 3 3.92699082e+00 2.64676262e-03
783 3 3.92699082e+00 2.18060618e-03
784 3 3.92699082e+00 2.17859337e-03
785 3 3.92699082e+00 1.96177190e-03
786 3 3.92699082e+00 2.05944803e-03
787 3 3.92699082e+00 1.68507322e-03
788 3 3.92699082e+00 1.91145279e-03
789 3 3.92699082e+00 1.98386343e-03
790 3 3.92699082e+00 2.71922958e-03
791 3 3.92699082e+00 2.00683646e-03
792 3 3.92699082e+00 1.86400635e-03
793 3 3.92699082e+00 1.81011252e-03
794 3 3.92699082e+00 1.82050238e-03
795 3 3.92699082e+00 1.70951221e-03
796 3 3.92699082e+00 2.26752426e-03
797 3 3.92699082e+00 2.58790482e-03
798 3 3.92699082e+00 1.74477451e-03
799 3 3.92699082e+00 1.20696821e-03
800 3 3.92699082e+00 2.95666088e-03
801 3 3.92699082e+00 2.67928344e-03
802 3 3.92699082e+00 1.61646252e-03
803 3 3.92699082e+00 2.39782200e-03
804 3 3.92699082e+00 2.58925149e-03
805 3 3.92699082e+00 2.97304706e-03
806 3 3.92699082e+00 2.88555584e-03
807 3 3.92699082e+00 2.26150912e-03
808 3 3.92699082e+00 2.69660238e-03
809 3 3.92699082e+00 2.66436756e-03
810 3 3.92699082e+00 4.12969306e-03
811 3 3.92699082e+00 2.80136640e-03
812 3 3.92699082e+00 2.77389752e-03
813 3 3.92699082e+00 2.33822316e-03
814 3 3.92699082e+00 2.72070259e-03
815 3 3.92699082e+00 3.06960412e-03
816 3 3.92699082e+00 2.13607396e-03
817 3 3.92699082e+00 2.94587448e-03
818 3 3.92699082e+00 2.20234595e-03
819 3 3.92699082e+00 2.59638071e-03
820 3 3.92699082e+00 3.89150991e-03
821 3 3.92699082e+00 1.87530973e-03
822 3 3.92699082e+00 2.68119459e-03
823 3 3.92699082e+00 2.20408412e-03
824 3 3.92699082e+00 2.33788488e-03
825 3 3.92699082e+00 2.21863304e-03
826 3 3.92699082e+00 2.29896761e-03
827 3 3.92699082e+00 1.72440037e-03
828 3 3.92699082e+00 3.22236035e-03
829 3 3.92699082e+00 1.76372776e-03
830 3 3.92699082e+00 2.23812558e-03
831 3 3.92699082e+00 2.08785870e-03
832 3 3.92699082e+00 2.25430373e-03
833 3 3.92699082e+00 3.30353188e-03
834 3 3.92699082e+00 2.58418349e-03
835 3 3.92699082e+00 2.36375684e-03
836 3 3.92699082e+00 1.89418881e-03
837 3 3.92699082e+00 2.43430669e-03
838 3 3.92699082e+00 2.71074557e-03
839 3 3.92699082e+00 1.95571017e-03
840 3 3.92699082e+00 2.99673140e-03
841 3 3.92699082e+00 2.09061160e-03
842 3 3.92699082e+00 1.27415523e-03
843 3 3.92699082e+00 2.02996107e-03
844 3 3.92699082e+00 2.81909969e-03
845 3 3.92699082e+00 1.99913476e-03
846 3 3.92699082e+00 1.99545155e-03
847 3 3.92699082e+00 1.54154380e-03
848 3 3.92699082e+00 2.09031453e-03
849 3 3.92699082e+00 1.87779712e-03
850 3 3.92699082e+00 1.89464781e-03
851 3 3.92699082e+00 2.31270887e-03
852 3 3.92699082e+00 1.83663140e-03
853 3 3.92699082e+00 2.38744896e-03
854 3 3.92699082e+00 2.09593100e-03
855 3 3.92699082e+00 2.91393097e-03
856 3 3.92699082e+00 3.01052887e-03
857 3 3.92699082e+00 3.35424463e-03
858 3 3.92699082e+00 2.88260849e-03
859 3 3.92699082e+00 3.12200480e-03
860 3 3.92699082e+00 2.38777977e-03
861 3 3.92699082e+00 2.23987910e-03
862 3 3.92699082e+00 2.99566540e-03
863 3 3.92699082e+00 3.07301564e-03
864 3 3.92699082e+00 2.37538570e-03
865 3 3.92699082e+00 2.48473718e-03
866 3 3.92699082e+00 2.31779270e-03
867 3 3.92699082e+00 1.69035110e-03
868 3 3.92699082e+00 2.10450564e-03
869 3 3.92699082e+00 1.28457506e-03
870 3 3.92699082e+00 1.82505891e-03
871 3 3.92699082e+00 2.50608868e-03
872 3 3.92699082e+00 2.23187718e-03
873 3 3.92699082e+00 2.59118076e-03
874 3 3.92699082e+00 2.41555883e-03
875 3 3.92699082e+00 2.85407231e-03
876 3 3.92699082e+00 2.62269918e-03
877 3 3.92699082e+00 2.46319331e-03
878 3 3.92699082e+00 2.75610226e-03
879 3 3.92699082e+00 1.63703316e-03
880 3 3.92699082e+00 2.93023062e-03
881 3 3.92699082e+00 2.28889666e-03
882 3 3.92699082e+00 1.96058941e-03
883 3 3.92699082e+00 2.12258494e-03
884 3 3.92699082e+00 1.83144449e-03
885 3 3.92699082e+00 1.74012944e-03
886 3 3.92699082e+00 1.96686107e-03
887 3 3.92699082e+00 2.94468427e-03
888 3 3.92699082e+00 1.20235495e-03
889 3 3.92699082e+00 2.12031128e-03
890 3 3.92699082e+00 2.57781988e-03
891 3 3.92699082e+00 2.63239019e-03
892 3 3.92699082e+00 1.82988922e-03
893 3 3.92699082e+00 2.81087150e-03
894 3 3.92699082e+00 1.80245528e-03
895 3 3.92699082e+00 1.35935736e-03
896 3 3.92699082e+00 1.98016607e-03
897 3 3.92699082e+00 2.06591105e-03
898 3 3.92699082e+00 1.33880726e-03
899 3 3.92699082e+00 2.50387633e-03
900 3 3.92699082e+00 2.80470631e-03
901 3 3.92699082e+00 2.78936435e-03
902 3 3.92699082e+00 2.79531039e-03
903 3 3.92699082e+00 2.16821762e-03
904 3 3.92699082e+00 3.76473658e-03
905 3 3.92699082e+00 2.19297179e-03
906 3 3.92699082e+00 2.50108536e-03
907 3 3.92699082e+00 1.56937231e-03
908 3 3.92699082e+00 2.48004997e-03
909 3 3.92699082e+00 2.48906098e-03
910 3 3.92699082e+00 2.40958996e-03
911 3 3.92699082e+00 1.31840655e-03
912 3 3.92699082e+00 2.97343043e-03
913 3 3.92699082e+00 2.15659999e-03
914 3 3.92699082e+00 2.01085256e-03
915 3 3.92699082e+00 2.66722136e-03
916 3 3.92699082e+00 1.58644240e-03
917 3 3.92699082e+00 2.41010745e-03
918 3 3.92699082e+00 2.24444111e-03
919 3 3.92699082e+00 2.02915759e-03
920 3 3.92699082e+00 2.32814655e-03
921 3 3.92699082e+00 1.87158851e-03
922 3 3.92699082e+00 2.64676714e-03
923 3 3.92699082e+00 2.03521703e-03
924 3 3.92699082e+00 2.34044331e-03
925 3 3.92699082e+00 3.13825328e-03
926 3 3.92699082e+00 2.49794491e-03
927 3 3.92699082e+00 2.69008648e-03
928 3 3.92699082e+00 3.04467903e-03
929 3 3.92699082e+00 2.32858917e-03
930 3 3.92699082e+00 2.10614331e-03
931 3 3.92699082e+00 2.08172893e-03
932 3 3.92699082e+00 2.97045110e-03
933 3 3.92699082e+00 1.71151514e-03
934 3 3.92699082e+00 1.74891803e-03
935 3 3.92699082e+00 2.75371971e-03
936 3 3.92699082e+00 2.17351808e-03
937 3 3.92699082e+00 2.29162397e-03
938 3 3.92699082e+00 1.95194164e-03
939 3 3.92699082e+00 2.72942988e-03
940 3 3.92699082e+00 3.83516744e-03
941 3 3.92699082e+00 2.43385007e-03
942 3 3.92699082e+00 3.51782123e-03
943 3 3.92699082e+00 2.10997287e-03
944 3 3.92699082e+00 1.88882991e-03
945 3 3.92699082e+00 2.63378792e-03
946 3 3.92699082e+00 2.43256134e-03
947 3 3.92699082e+00 2.73136107e-03
948 3 3.92699082e+00 2.63943236e-03
949 3 3.92699082e+00 1.75242861e-03
950 3 3.92699082e+00 2.11166483e-03
951 3 3.92699082e+00 1.92442311e-03
952 3 3.92699082e+00 2.14453061e-03
953 3 3.92699082e+00 2.88877943e-03
954 3 3.92699082e+00 2.16530691e-03
955 3 3.92699082e+00 1.87295795e-03
956 3 3.92699082e+00 2.80677698e-03
957 3 3.92699082e+00 2.33892999e-03
958 3 3.92699082e+00 2.77190026e-03
959 3 3.92699082e+00 2.16960578e-03
960 3 3.92699082e+00 2.27085310e-03
961 3 3.92699082e+00 2.91856465e-03
962 3 3.92699082e+00 1.98379234e-03
963 3 3.92699082e+00 2.22497106e-03
964 3 3.92699082e+00 2.83781380e-03
965 3 3.92699082e+00 2.04461555e-03
966 3 3.92699082e+00 2.37347838e-03
967 3 3.92699082e+00 1.60665754e-03
968 3 3.92699082e+00 3.06868940e-03
969 3 3.92699082e+00 2.00496625e-03
970 3 3.92699082e+00 2.59239905e-03
971 3 3.92699082e+00 2.40307396e-03
972 3 3.92699082e+00 2.33678481e-03
973 3 3.92699082e+00 2.01733392e-03
974 3 3.92699082e+00 2.40246581e-03
975 3 3.92699082e+00 2.28651414e-03
976 3 3.92699082e+00 1.94697754e-03
977 3 3.92699082e+00 3.13178965e-03
978 3 3.92699082e+00 2.67501513e-03
979 3 3.92699082e+00 2.91585595e-03
980 3 3.92699082e+00 1.90291062e-03
981 3 3.92699082e+00 2.11140293e-03
982 3 3.92699082e+00 2.24814883e-03
983 3 3.92699082e+00 2.99156435e-03
984 3 3.92699082e+00 2.13934578e-03
985 3 3.92699082e+00 3.00987407e-03
986 3 3.92699082e+00 2.90799198e-03
987 3 3.92699082e+00 2.13368925e-03
988 3 3.92699082e+00 2.56635363e-03
989 3 3.92699082e+00 2.98714222e-03
990 3 3.92699082e+00 2.22048940e-03
991 3 3.92699082e+00 1.43273971e-03
992 3 3.92699082e+00 1.84999778e-03
993 3 3.92699082e+00 2.11188788e-03
994 3 3.92699082e+00 1.40992985e-03
995 3 3.92699082e+00 2.57153957e-03
996 3 3.92699082e+00 2.91908577e-03
997 3 3.92699082e+00 1.85932509e-03
998 3 3.92699082e+00 2.60870813e-03
999 3 3.92699082e+00 1.83266321e-03
1000 3 3.92699082e+00 1.54754297e-03
1001 3 3.92699082e+00 2.10003961e-03
1002 3 3.92699082e+00 2.51912952e-03
1003 3 3.92699082e+00 2.91147717e-03
1004 3 3.92699082e+00 2.39979244e-03
1005 3 3.92699082e+00 1.89876717e-03
1006 3 3.92699082e+00 2.14616517e-03
1007 3 3.92699082e+00 2.42949524e-03
1008 3 3.92699082e+00 2.14251205e-03
1009 3 3.92699082e+00 1.21487411e-03
1010 3 3.92699082e+00 2.04237188e-03
1011 3 3.92699082e+00 2.17184182e-03
1012 3 3.92699082e+00 1.57085047e-03
0 4 5.23598776e+00 -6.49713736e-03
1 4 5.23598776e+00 -6.77890252e-03
2 4 5.23598776e+00 -5.13532717e-03
3 4 5.23598776e+00 -6.49684150e-03
4 4 5.23598776e+00 -5.65918714e-03
5 4 5.23598776e+00 -6.34608377e-03
6 4 5.23598776e+00 -6.30801858e-03
7 4 5.23598776e+00 -6.27058980e-03
8 4 5.23598776e+00 -6.48622790e-03
9 4 5.23598776e+00 -7.07032426e-03
10 4 5.23598776e+00 -8.20199348e-03
11 4 5.23598776e+00 -7.93179533e-03
12 4 5.23598776e+00 -6.10674276e-03
13 4 5.23598776e+00 -4.71736393e-03
14 4 5.23598776e+00 -5.28926792e-03
15 4 5.23598776e+00 -5.90220456e-03
16 4 5.23598776e+00 -6.54272727e-03
17 4 5.23598776e+00 -6.53879798e-03
18 4 5.23598776e+00 -6.66551420e-03
19 4 5.23598776e+00 -6.30167252e-03
20 4 5.23598776e+00 -5.90091229e-03
21 4 5.23598776e+00 -5.35171197e-03
22 4 5.23598776e+00 -6.01960679e-03
23 4 5.23598776e+00 -6.15256218e-03
24 4 5.23598776e+00 -7.54317191e-03
25 4 5.23598776e+00 -5.73785186e-03
26 4 5.23598776e+00 -6.58374117e-03
27 4 5.23598776e+00 -7.64004981e-03
28 4 5.23598776e+00 -5.78698867e-03
29 4 5.23598776e+00 -6.19478166e-03
30 4 5.23598776e+00 -6.93169689e-03
31 4 5.23598776e+00 -7.20155296e-03
32 4 5.23598776e+00 -6.40808317e-03
33 4 5.23598776e+00 -5.86763895e-03
34 4 5.23598776e+00 -5.39588898e-03
35 4 5.23598776e+00 -6.10458359e-03
36 4 5.23598776e+00 -6.76310197e-03
37 4 5.23598776e+00 -7.66467944e-03
38 4 5.23598776e+00 -5.41364945e-03
39 4 5.23598776e+00 -6.18901009e-03
40 4 5.23598776e+00 -7.40745899e-03
41 4 5.23598776e+00 -6.68891349e-03
42 4 5.23598776e+00 -6.09392990e-03
43 4 5.23598776e+00 -6.21675025e-03
44 4 5.23598776e+00 -6.23905987e-03
45 4 5.23598776e+00 -7.16426006e-03
46 4 5.23598776e+00 -7.75814082e-03
47 4 5.23598776e+00 -6.44111644e-03
48 4 5.23598776e+00 -5.13781689e-03
49 4 5.23598776e+00 -7.61804669e-03
50 4 5.23598776e+00 -6.70917239e-03
51 4 5.23598776e+00 -6.11493005e-03
52 4 5.23598776e+00 -6.79958438e-03
53 4 5.23598776e+00 -5.27410818e-03
54 4 5.23598776e+00 -5.86026431e-03
55 4 5.23598776e+00 -6.06247263e-03
56 4 5.23598776e+00 -6.82080344e-03
57 4 5.23598776e+00 -6.29980691e-03
58 4 5.23598776e+00 -6.66820985e-03
59 4 5.23598776e+00 -6.71801102e-03
60 4 5.23598776e+00 -7.20949018e-03
61 4 5.23598776e+00 -7.17200101e-03
62 4 5.23598776e+00 -4.15041072e-03
63 4 5.23598776e+00 -6.18315772e-03
64 4 5.23598776e+00 -6.84788568e-03
65 4 5.23598776e+00 -5.79343766e-03
66 4 5.23598776e+00 -6.88254995e-03
67 4 5.23598776e+00 -6.55334940e-03
68 4 5.23598776e+00 -5.57305069e-03
69 4 5.23598776e+00 -6.74217447e-03
70 4 5.23598776e+00 -7.07136700e-03
71 4 5.23598776e+00 -5.81461529e-03
72 4 5.23598776e+00 -6.10104268e-03
73 4 5.23598776e+00 -6.18724410e-03
74 4 5.23598776e+00 -6.62868744e-03
75 4 5.23598776e+00 -8.27826318e-03
76 4 5.23598776e+00 -7.34582607e-03
77 4 5.23598776e+00 -7.61879371e-03
78 4 5.23598776e+00 -6.47993438e-03
79 4 5.23598776e+00 -5.82802782e-03
80 4 5.23598776e+00 -6.67445599e-03
81 4 5.23598776e+00 -6.53134064e-03
82 4 5.23598776e+00 -6.93420726e-03
83 4 5.23598776e+00 -7.68643448e-03
84 4 5.23598776e+00 -6.43922972e-03
85 4 5.23598776e+00 -6.37502483e-03
86 4 5.23598776e+00 -7.73568556e-03
87 4 5.23598776e+00 -6.97666506e-03
88 4 5.23598776e+00 -6.91738342e-03
89 4 5.23598776e+00 -6.67846758e-03
90 4 5.23598776e+00 -6.39910937e-03
91 4 5.23598776e+00 -5.92003857e-03
92 4 5.23598776e+00 -7.72702364e-03
93 4 5.23598776e+00 -7.04971072e-03
94 4 5.23598776e+00 -6.28639148e-03
95 4 5.23598776e+00 -6.60483677e-03
96 4 5.23598776e+00 -6.71234673e-03
97 4 5.23598776e+00 -6.88107095e-03
98 4 5.23598776e+00 -5.94831732e-03
99 4 5.23598776e+00 -5.53031582e-03
100 4 5.23598776e+00 -8.09378767e-03
101 4 5.23598776e+00 -6.73559163e-03
102 4 5.23598776e+00 -7.42099553e-03
103 4 5.23598776e+00 -7.15698836e-03
104 4 5.23598776e+00 -5.66456994e-03
105 4 5.23598776e+00 -7.29183458e-03
106 4 5.23598776e+00 -5.39372034e-03
107 4 5.23598776e+00 -6.40139227e-03
108 4 5.23598776e+00 -6.12275780e-03
109 4 5.23598776e+00 -5.87589792e-03
110 4 5.23598776e+00 -6.87215472e-03
111 4 5.23598776e+00 -6.24070941e-03
112 4 5.23598776e+00 -7.19419236e-03
113 4 5.23598776e+00 -6.67763691e-03
114 4 5.23598776e+00 -6.40178293e-03
115 4 5.23598776e+00 -7.14914449e-03
116 4 5.23598776e+00 -5.47976043e-03
117 4 5.23598776e+00 -6.28749350e-03
118 4 5.23598776e+00 -5.97494850e-03
119 4 5.23598776e+00 -6.54077195e-03
120 4 5.23598776e+00 -6.96282145e-03
121 4 5.23598776e+00 -7.95190354e-03
122 4 5.23598776e+00 -7.30322537e-03
123 4 5.23598776e+00 -7.71031049e-03
124 4 5.23598776e+00 -6.36531588e-03
125 4 5.23598776e+00 -5.59182048e-03
126 4 5.23598776e+00 -5.67062611e-03
127 4 5.23598776e+00 -6.22311780e-03
128 4 5.23598776e+00 -7.63076633e-03
129 4 5.23598776e+00 -6.71718653e-03
130 4 5.23598776e+00 -5.03820688e-03
131 4 5.23598776e+00 -8.59446948e-03
132 4 5.23598776e+00 -4.62541137e-03
133 4 5.23598776e+00 -6.54022875e-03
134 4 5.23598776e+00 -5.58811841e-03
135 4 5.23598776e+00 -7.68938575e-03
136 4 5.23598776e+00 -7.59284653e-03
137 4 5.23598776e+00 -6.01705175e-03
138 4 5.23598776e+00 -6.06066531e-03
139 4 5.23598776e+00 -6.92331717e-03
140 4 5.23598776e+00 -6.13205644e-03
141 4 5.23598776e+00 -6.53082203e-03
142 4 5.23598776e+00 -5.98563126e-03
143 4 5.23598776e+00 -6.55885596e-03
144 4 5.23598776e+00 -6.10949028e-03
145 4 5.23598776e+00 -7.55192301e-03
146 4 5.23598776e+00 -6.26233930e-03
147 4 5.23598776e+00 -7.49891566e-03
148 4 5.23598776e+00 -6.13988804e-03
149 4 5.23598776e+00 -7.46899504e-03
150 4 5.23598776e+00 -6.18861435e-03
151 4 5.23598776e+00 -7.25865136e-03
152 4 5.23598776e+00 -6.51006062e-03
153 4 5.23598776e+00 -5.81709825e-03
154 4 5.23598776e+00 -5.73799135e-03
155 4 5.23598776e+00 -7.55033066e-03
156 4 5.23598776e+00 -5.90304966e-03
157 4 5.23598776e+00 -7.45232700e-03
158 4 5.23598776e+00 -6.92506283e-03
159 4 5.23598776e+00 -5.03732803e-03
160 4 5.23598776e+00 -6.63230195e-03
161 4 5.23598776e+00 -6.10468712e-03
162 4 5.23598776e+00 -7.03137824e-03
163 4 5.23598776e+00 -7.37220876e-03
164 4 5.23598776e+00 -5.27840943e-03
165 4 5.23598776e+00 -4.74701346e-03
166 4 5.23598776e+00 -6.74007706e-03
167 4 5.23598776e+00 -6.37107786e-03
168 4 5.23598776e+00 -7.65461894e-03
169 4 5.23598776e+00 -6.94231534e-03
170 4 5.23598776e+00 -6.14055282e-03
171 4 5.23598776e+00 -7.13849817e-03
172 4 5.23598776e+00 -6.12581062e-03
173 4 5.23598776e+00 -7.17846766e-03
174 4 5.23598776e+00 -6.68857640e-03
175 4 5.23598776e+00 -6.19638045e-03
176 4 5.23598776e+00 -5.59647745e-03
177 4 5.23598776e+00 -6.12108919e-03
178 4 5.23598776e+00 -6.85684481e-03
179 4 5.23598776e+00 -6.41049871e-03
180 4 5.23598776e+00 -6.70386593e-03
181 4 5.23598776e+00 -5.29295667e-03
182 4 5.23598776e+00 -6.53956359e-03
183 4 5.23598776e+00 -6.87110461e-03
184 4 5.23598776e+00 -6.38313910e-03
185 4 5.23598776e+00 -7.52476124e-03
186 4 5.23598776e+00 -7.27304317e-03
187 4 5.23598776e+00 -6.92942693e-03
188 4 5.23598776e+00 -7.61463527e-03
189 4 5.23598776e+00 -6.63318613e-03
190 4 5.23598776e+00 -6.75351796e-03
191 4 5.23598776e+00 -6.69655124e-03
192 4 5.23598776e+00 -5.82909516e-03
193 4 5.23598776e+00 -6.29945650e-03
194 4 5.23598776e+00 -6.68472717e-03
195 4 5.23598776e+00 -6.60764257e-03
196 4 5.23598776e+00 -6.29534310e-03
197 4 5.23598776e+00 -5.84371569e-03
198 4 5.23598776e+00 -6.85100726e-03
199 4 5.23598776e+00 -6.79547396e-03
200 4 5.23598776e+00 -7.87171383e-03
201 4 5.23598776e+00 -6.32441909e-03
202 4 5.23598776e+00 -5.85033422e-03
203 4 5.23598776e+00 -6.43755125e-03
204 4 5.23598776e+00 -5.81614664e-03
205 4 5.23598776e+00 -5.42782867e-03
206 4 5.23598776e+00 -6.37004581e-03
207 4 5.23598776e+00 -6.72864015e-03
208 4 5.23598776e+00 -6.52628088e-03
209 4 5.23598776e+00 -8.11809199e-03
210 4 5.23598776e+00 -7.36054429e-03
211 4 5.23598776e+00 -6.72785070e-03
212 4 5.23598776e+00 -6.27116034e-03
213 4 5.23598776e+00 -8.03876740e-03
214 4 5.23598776e+00 -6.64826984e-03
215 4 5.23598776e+00 -7.27822514e-03
216 4 5.23598776e+00 -7.82917644e-03
217 4 5.23598776e+00 -6.17156025e-03
218 4 5.23598776e+00 -5.88394828e-03
219 4 5.23598776e+00 -5.65888828e-03
220 4 5.23598776e+00 -5.50669055e-03
221 4 5.23598776e+00 -5.39928107e-03
222 4 5.23598776e+00 -6.62046368e-03
223 4 5.23598776e+00 -6.69042044e-03
224 4 5.23598776e+00 -6.36525300e-03
225 4 5.23598776e+00 -6.89719213e-03
226 4 5.23598776e+00 -7.38783039e-03
227 4 5.23598776e+00 -7.86831498e-03
228 4 5.23598776e+00 -5.83316106e-03
229 4 5.23598776e+00 -7.07710721e-03
230 4 5.23598776e+00 -5.57191798e-03
231 4 5.23598776e+00 -6.91091395e-03
232 4 5.23598776e+00 -7.59845658e-03
233 4 5.23598776e+00 -7.98764445e-03
234 4 5.23598776e+00 -6.90240500e-03
235 4 5.23598776e+00 -6.39704550e-03
236 4 5.23598776e+00 -6.45411579e-03
237 4 5.23598776e+00 -5.05026627e-03
238 4 5.23598776e+00 -6.05875065e-03
239 4 5.23598776e+00 -6.93350287e-03
240 4 5.23598776e+00 -6.37054439e-03
241 4 5.23598776e+00 -6.75444420e-03
242 4 5.23598776e+00 -7.72442223e-03
243 4 5.23598776e+00 -5.11499808e-03
244 4 5.23598776e+00 -7.42593051e-03
245 4 5.23598776e+00 -5.09244428e-03
246 4 5.23598776e+00 -6.36093870e-03
247 4 5.23598776e+00 -6.11796862e-03
248 4 5.23598776e+00 -6.90046106e-03
249 4 5.23598776e+00 -6.93241449e-03
250 4 5.23598776e+00 -7.11968654e-03
251 4 5.23598776e+00 -7.86830486e-03
252 4 5.23598776e+00 -5.93074211e-03
253 4 5.23598776e+00 -6.02935732e-03
254 4 5.23598776e+00 -6.78702526e-03
255 4 5.23598776e+00 -6.33376900e-03
256 4 5.23598776e+00 -5.68128091e-03
257 4 5.23598776e+00 -7.16104790e-03
258 4 5.23598776e+00 -6.95469680e-03
259 4 5.23598776e+00 -5.85119294e-03
260 4 5.23598776e+00 -6.06485147e-03
261 4 5.23598776e+00 -5.99555832e-03
262 4 5.23598776e+00 -7.39661126e-03
263 4 5.23598776e+00 -6.27462912e-03
264 4 5.23598776e+00 -7.09205381e-03
265 4 5.23598776e+00 -6.34773801e-03
266 4 5.23598776e+00 -7.79198330e-03
267 4 5.23598776e+00 -6.29838463e-03
268 4 5.23598776e+00 -6.17727660e-03
269 4 5.23598776e+00 -6.92840647e-03
270 4 5.23598776e+00 -6.20517116e-03
271 4 5.23598776e+00 -5.70283291e-03
272 4 5.23598776e+00 -6.10646326e-03
273 4 5.23598776e+00 -6.50881265e-03
274 4 5.23598776e+00 -7.16064223e-03
275 4 5.23598776e+00 -6.79496601e-03
276 4 5.23598776e+00 -6.63096053e-03
277 4 5.23598776e+00 -6.36941075e-03
278 4 5.23598776e+00 -7.20091974e-03
279 4 5.23598776e+00 -6.85687134e-03
280 4 5.23598776e+00 -6.71970145e-03
281 4 5.23598776e+00 -6.88033714e-03
282 4 5.23598776e+00 -6.27004189e-03
283 4 5.23598776e+00 -7.00487189e-03
284 4 5.23598776e+00 -6.86848727e-03
285 4 5.23598776e+00 -7.85805807e-03
286 4 5.23598776e+00 -6.08589544e-03
287 4 5.23598776e+00 -7.30217730e-03
288 4 5.23598776e+00 -6.88817815e-03
289 4 5.23598776e+00 -8.44690526e-03
290 4 5.23598776e+00 -5.93297146e-03
291 4 5.23598776e+00 -6.18985782e-03
292 4 5.23598776e+00 -6.70312921e-03
293 4 5.23598776e+00 -6.29914084e-03
294 4 5.23598776e+00 -6.79496349e-03
295 4 5.23598776e+00 -6.29644892e-03
296 4 5.23598776e+00 -7.14016766e-03
297 4 5.23598776e+00 -5.44930555e-03
298 4 5.23598776e+00 -6.09449105e-03
299 4 5.23598776e+00 -5.70440771e-03
300 4 5.23598776e+00 -8.11846764e-03
301 4 5.23598776e+00 -5.14127521e-03
302 4 5.23598776e+00 -5.85585694e-03
303 4 5.23598776e+00 -7.32139333e-03
304 4 5.23598776e+00 -5.22533224e-03
305 4 5.23598776e+00 -7.31642475e-03
306 4 5.23598776e+00 -6.60429705e-03
307 4 5.23598776e+00 -5.77278693e-03
308 4 5.23598776e+00 -5.57953807e-03
309 4 5.23598776e+00 -5.53054256e-03
310 4 5.23598776e+00 -6.63379348e-03
311 4 5.23598776e+00 -6.18293377e-03
312 4 5.23598776e+00 -4.91292435e-03
313 4 5.23598776e+00 -6.66358371e-03
314 4 5.23598776e+00 -6.97166313e-03
315 4 5.23598776e+00 -7.30592401e-03
316 4 5.23598776e+00 -6.60853693e-03
317 4 5.23598776e+00 -6.56150310e-03
318 4 5.23598776e+00 -5.91044360e-03
319 4 5.23598776e+00 -6.23154005e-03
320 4 5.23598776e+00 -7.55600666e-03
321 4 5.23598776e+00 -6.68435459e-03
322 4 5.23598776e+00 -6.36341126e-03
323 4 5.23598776e+00 -5.61675530e-03
324 4 5.23598776e+00 -5.76867103e-03
325 4 5.23598776e+00 -5.87671804e-03
326 4 5.23598776e+00 -7.34185466e-03
327 4 5.23598776e+00 -7.26370368e-03
328 4 5.23598776e+00 -6.44332719e-03
329 4 5.23598776e+00 -6.56490901e-03
330 4 5.23598776e+00 -6.68495925e-03
331 4 5.23598776e+00 -6.78672363e-03
332 4 5.23598776e+00 -5.64418679e-03
333 4 5.23598776e+00 -6.03250990e-03
334 4 5.23598776e+00 -6.41862413e-03
335 4 5.23598776e+00 -5.99103429e-03
336 4 5.23598776e+00 -6.24594054e-03
337 4 5.23598776e+00 -5.83947340e-03
338 4 5.23598776e+00 -8.16486984e-03
339 4 5.23598776e+00 -6.60439834e-03
340 4 5.23598776e+00 -6.53228630e-03
341 4 5.23598776e+00 -5.59128176e-03
342 4 5.23598776e+00 -5.01683951e-03
343 4 5.23598776e+00 -5.08597972e-03
344 4 5.23598776e+00 -5.15646339e-03
345 4 5.23598776e+00 -6.89669251e-03
346 4 5.23598776e+00 -6.61935796e-03
347 4 5.23598776e+00 -7.52743475e-03
348 4 5.23598776e+00 -6.54706635e-03
349 4 5.23598776e+00 -7.02786159e-03
350 4 5.23598776e+00 -6.05143968e-03
351 4 5.23598776e+00 -5.51004167e-03
352 4 5.23598776e+00 -7.34505281e-03
353 4 5.23598776e+00 -6.37846737e-03
354 4 5.23598776e+00 -6.28999002e-03
355 4 5.23598776e+00 -5.12143035e-03
356 4 5.23598776e+00 -6.90760984e-03
357 4 5.23598776e+00 -6.31327322e-03
358 4 5.23598776e+00 -6.28428665e-03
359 4 5.23598776e+00 -7.72896425e-03
360 4 5.23598776e+00 -6.21125556e-03
361 4 5.23598776e+00 -6.41582230e-03
362 4 5.23598776e+00 -5.87915048e-03
363 4 5.23598776e+00 -7.37863900e-03
364 4 5.23598776e+00 -6.55746606e-03
365 4 5.23598776e+00 -6.48419250e-03
366 4 5.23598776e+00 -6.19186093e-03
367 4 5.23598776e+00 -6.17518381e-03
368 4 5.23598776e+00 -7.12921091e-03
369 4 5.23598776e+00 -5.79696905e-03
370 4 5.23598776e+00 -6.65921234e-03
371 4 5.23598776e+00 -7.45184684e-03
372 4 5.23598776e+00 -6.02397581e-03
373 4 5.23598776e+00 -6.21324190e-03
374 4 5.23598776e+00 -7.17470281e-03
375 4 5.23598776e+00 -7.02659050e-03
376 4 5.23598776e+00 -6.36235763e-03
377 4 5.23598776e+00 -5.33034828e-03
378 4 5.23598776e+00 -6.27828395e-03
379 4 5.23598776e+00 -6.98953872e-03
380 4 5.23598776e+00 -5.92369402e-03
381 4 5.23598776e+00 -4.81455034e-03
382 4 5.23598776e+00 -6.07938481e-03
383 4 5.23598776e+00 -6.49641579e-03
384 4 5.23598776e+00 -6.28972325e-03
385 4 5.23598776e+00 -5.82134230e-03
386 4 5.23598776e+00 -6.71868881e-03
387 4 5.23598776e+00 -5.07243903e-03
388 4 5.23598776e+00 -6.61818119e-03
389 4 5.23598776e+00 -7.70723533e-03
390 4 5.23598776e+00 -5.78684932e-03
391 4 5.23598776e+00 -6.85046312e-03
392 4 5.23598776e+00 -5.29888628e-03
393 4 5.23598776e+00 -6.39605838e-03
394 4 5.23598776e+00 -6.19063096e-03
395 4 5.23598776e+00 -5.91695300e-03
396 4 5.23598776e+00 -7.09886870e-03
397 4 5.23598776e+00 -6.42323136e-03
398 4 5.23598776e+00 -6.08338495e-03
399 4 5.23598776e+00 -6.50217745e-03
400 4 5.23598776e+00 -6.81639673e-03
401 4 5.23598776e+00 -5.64223996e-03
402 4 5.23598776e+00 -5.39530541e-03
403 4 5.23598776e+00 -6.77833050e-03
404 4 5.23598776e+00 -5.46752806e-03
405 4 5.23598776e+00 -6.72738798e-03
406 4 5.23598776e+00 -6.43794774e-03
407 4 5.23598776e+00 -6.64152378e-03
408 4 5.23598776e+00 -6.31767366e-03
409 4 5.23598776e+00 -6.76575619e-03
410 4 5.23598776e+00 -7.03061808e-03
411 4 5.23598776e+00 -7.46692653e-03
412 4 5.23598776e+00 -6.52612223e-03
413 4 5.23598776e+00 -5.04034373e-03
414 4 5.23598776e+00 -7.15537232e-03
415 4 5.23598776e+00 -6.76822438e-03
416 4 5.23598776e+00 -5.99275427e-03
417 4 5.23598776e+00 -6.70404982e-03
418 4 5.23598776e+00 -6.24732748e-03
419 4 5.23598776e+00 -6.03017852e-03
420 4 5.23598776e+00 -7.45841587e-03
421 4 5.23598776e+00 -5.38810512e-03
422 4 5.23598776e+00 -7.17853200e-03
423 4 5.23598776e+00 -6.97686704e-03
424 4 5.23598776e+00 -7.50972063e-03
425 4 5.23598776e+00 -5.93780791e-03
426 4 5.23598776e+00 -5.92866480e-03
427 4 5.23598776e+00 -6.61382051e-03
428 4 5.23598776e+00 -6.71464952e-03
429 4 5.23598776e+00 -5.55307595e-03
430 4 5.23598776e+00 -6.93034921e-03
431 4 5.23598776e+00 -6.03326026e-03
432 4 5.23598776e+00 -6.85689334e-03
433 4 5.23598776e+00 -5.59096580e-03
434 4 5.23598776e+00 -6.97802694e-03
435 4 5.23598776e+00 -5.90524733e-03
436 4 5.23598776e+00 -6.50815938e-03
437 4 5.23598776e+00 -7.54687303e-03
438 4 5.23598776e+00 -5.81474230e-03
439 4 5.23598776e+00 -6.77166828e-03
440 4 5.23598776e+00 -6.33301422e-03
441 4 5.23598776e+00 -6.80378043e-03
442 4 5.23598776e+00 -5.67350127e-03
443 4 5.23598776e+00 -6.44706663e-03
444 4 5.23598776e+00 -6.16570479e-03
445 4 5.23598776e+00 -7.10021884e-03
446 4 5.23598776e+00 -7.25549419e-03
447 4 5.23598776e+00 -6.96836485e-03
448 4 5.23598776e+00 -5.43354325e-03
449 4 5.23598776e+00 -6.56589373e-03
450 4 5.23598776e+00 -6.08217102e-03
451 4 5.23598776e+00 -7.20680512e-03
452 4 5.23598776e+00 -6.05853646e-03
453 4 5.23598776e+00 -4.75306470e-03
454 4 5.23598776e+00 -6.78581124e-03
455 4 5.23598776e+00 -6.05046264e-03
456 4 5.23598776e+00 -6.31326637e-03
457 4 5.23598776e+00 -6.86484352e-03
458 4 5.23598776e+00 -5.70015237e-03
459 4 5.23598776e+00 -5.43412157e-03
460 4 5.23598776e+00 -6.46227825e-03
461 4 5.23598776e+00 -5.82913055e-03
462 4 5.23598776e+00 -6.07059686e-03
463 4 5.23598776e+00 -6.07502984e-03
464 4 5.23598776e+00 -5.39455916e-03
465 4 5.23598776e+00 -5.69798784e-03
466 4 5.23598776e+00 -7.49103349e-03
467 4 5.23598776e+00 -7.12302497e-03
468 4 5.23598776e+00 -6.67585719e-03
469 4 5.23598776e+00 -7.80882085e-03
470 4 5.23598776e+00 -6.27488482e-03
471 4 5.23598776e+00 -6.54799790e-03
472 4 5.23598776e+00 -6.35898893e-03
473 4 5.23598776e+00 -6.05675546e-03
474 4 5.23598776e+00 -6.18128983e-03
475 4 5.23598776e+00 -6.88898883e-03
476 4 5.23598776e+00 -7.18050311e-03
477 4 5.23598776e+00 -6.95270296e-03
478 4 5.23598776e+00 -6.19955907e-03
479 4 5.23598776e+00 -7.51614639e-03
480 4 5.23598776e+00 -7.63604862e-03
481 4 5.23598776e+00 -6.78105748e-03
482 4 5.23598776e+00 -7.28953720e-03
483 4 5.23598776e+00 -6.37538671e-03
484 4 5.23598776e+00 -6.29264965e-03
485 4 5.23598776e+00 -5.87268223e-03
486 4 5.23598776e+00 -5.91291617e-03
487 4 5.23598776e+00 -6.10248875e-03
488 4 5.23598776e+00 -6.18605711e-03
489 4 5.23598776e+00 -5.53141251e-03
490 4 5.23598776e+00 -6.19067033e-03
491 4 5.23598776e+00 -6.33240980e-03
492 4 5.23598776e+00 -6.44402207e-03
493 4 5.23598776e+00 -5.82992936e-03
494 4 5.23598776e+00 -7.01735676e-03
495 4 5.23598776e+00 -6.62473650e-03
496 4 5.23598776e+00 -6.64558518e-03
497 4 5.23598776e+00 -6.13410495e-03
498 4 5.23598776e+00 -5.86374117e-03
499 4 5.23598776e+00 -5.61471932e-03
500 4 5.23598776e+00 -7.99871122e-03
501 4 5.23598776e+00 -6.64733807e-03
502 4 5.23598776e+00 -6.41373775e-03
503 4 5.23598776e+00 -6.42297285e-03
504 4 5.23598776e+00 -6.39716482e-03
505 4 5.23598776e+00 -7.53187866e-03
506 4 5.23598776e+00 -7.33731337e-03
507 4 5.23598776e+00 -7.35271647e-03
508 4 5.23598776e+00 -6.54042525e-03
509 4 5.23598776e+00 -6.01648749e-03
510 4 5.23598776e+00 -5.68158167e-03
511 4 5.23598776e+00 -7.48553601e-03
512 4 5.23598776e+00 -6.46258433e-03
513 4 5.23598776e+00 -6.16081947e-03
514 4 5.23598776e+00 -6.88187616e-03
515 4 5.23598776e+00 -6.22623932e-03
516 4 5.23598776e+00 -6.46543229e-03
517 4 5.23598776e+00 -7.63158149e-03
518 4 5.23598776e+00 -7.32131464e-03
519 4 5.23598776e+00 -7.21634807e-03
520 4 5.23598776e+00 -6.33049481e-03
521 4 5.23598776e+00 -7.53166380e-03
522 4 5.23598776e+00 -5.33062147e-03
523 4 5.23598776e+00 -8.01170478e-03
524 4 5.23598776e+00 -7.54778544e-03
525 4 5.23598776e+00 -6.26932324e-03
526 4 5.23598776e+00 -7.53150783e-03
527 4 5.23598776e+00 -5.82512554e-03
528 4 5.23598776e+00 -6.58543822e-03
529 4 5.23598776e+00 -6.80240456e-03
530 4 5.23598776e+00 -7.67880793e-03
531 4 5.23598776e+00 -7.05503283e-03
532 4 5.23598776e+00 -5.96207320e-03
533 4 5.23598776e+00 -6.59194663e-03
534 4 5.23598776e+00 -6.20062592e-03
535 4 5.23598776e+00 -5.73038662e-03
536 4 5.23598776e+00 -6.74078317e-03
537 4 5.23598776e+00 -5.87257880e-03
538 4 5.23598776e+00 -7.13970518e-03
539 4 5.23598776e+00 -5.97042150e-03
540 4 5.23598776e+00 -6.98164739e-03
541 4 5.23598776e+00 -5.90306043e-03
542 4 5.23598776e+00 -6.24063251e-03
543 4 5.23598776e+00 -6.37499260e-03
544 4 5.23598776e+00 -6.39336856e-03
545 4 5.23598776e+00 -6.93612618e-03
546 4 5.23598776e+00 -5.60429655e-03
547 4 5.23598776e+00 -4.47509759e-03
548 4 5.23598776e+00 -7.16172863e-03
549 4 5.23598776e+00 -7.60054643e-03
550 4 5.23598776e+00 -5.65202811e-03
551 4 5.23598776e+00 -6.94733164e-03
552 4 5.23598776e+00 -6.15180571e-03
553 4 5.23598776e+00 -5.17340337e-03
554 4 5.23598776e+00 -7.08651474e-03
555 4 5.23598776e+00 -6.41330871e-03
556 4 5.23598776e+00 -5.62077512e-03
557 4 5.23598776e+00 -6.50583288e-03
558 4 5.23598776e+00 -7.00203359e-03
559 4 5.23598776e+00 -5.94469874e-03
560 4 5.23598776e+00 -5.49693940e-03
561 4 5.23598776e+00 -7.57099428e-03
562 4 5.23598776e+00 -5.46292152e-03
563 4 5.23598776e+00 -6.39309519e-03
564 4 5.23598776e+00 -5.93168814e-03
565 4 5.23598776e+00 -6.91110379e-03
566 4 5.23598776e+00 -6.61479187e-03
567 4 5.23598776e+00 -5.48310070e-03
568 4 5.23598776e+00 -6.42006374e-03
569 4 5.23598776e+00 -5.87711289e-03
570 4 5.23598776e+00 -6.15642550e-03
571 4 5.23598776e+00 -6.77232257e-03
572 4 5.23598776e+00 -6.56636269e-03
573 4 5.23598776e+00 -6.61395739e-03
574 4 5.23598776e+00 -6.45879702e-03
575 4 5.23598776e+00 -6.33990107e-03
576 4 5.23598776e+00 -5.75366215e-03
577 4 5.23598776e+00 -6.28679191e-03
578 4 5.23598776e+00 -5.43370804e-03
579 4 5.23598776e+00 -6.22167125e-03
580 4 5.23598776e+00 -6.92435231e-03
581 4 5.23598776e+00 -8.26891047e-03
582 4 5.23598776e+00 -6.27010914e-03
583 4 5.23598776e+00 -6.47813560e-03
584 4 5.23598776e+00 -7.43827607e-03
585 4 5.23598776e+00 -6.37994859e-03
586 4 5.23598776e+00 -6.11341952e-03
587 4 5.23598776e+00 -5.97295293e-03
588 4 5.23598776e+00 -6.28192662e-03
589 4 5.23598776e+00 -6.61532749e-03
590 4 5.23598776e+00 -6.33219574e-03
591 4 5.23598776e+00 -7.84862164e-03
592 4 5.23598776e+00 -7.72800255e-03
593 4 5.23598776e+00 -6.77518500e-03
594 4 5.23598776e+00 -6.94885067e-03
595 4 5.23598776e+00 -7.02901576e-03
596 4 5.23598776e+00 -5.92506003e-03
597 4 5.23598776e+00 -6.31643504e-03
598 4 5.23598776e+00 -6.02016799e-03
599 4 5.23598776e+00 -6.18279334e-03
600 4 5.23598776e+00 -6.59801504e-03
601 4 5.23598776e+00 -6.02522639e-03
602 4 5.23598776e+00 -6.61605325e-03
603 4 5.23598776e+00 -6.86773576e-03
604 4 5.23598776e+00 -6.20893849e-03
605 4 5.23598776e+00 -5.95829092e-03
606 4 5.23598776e+00 -6.59480175e-03
607 4 5.23598776e+00 -8.06143375e-03
608 4 5.23598776e+00 -6.58362822e-03
609 4 5.23598776e+00 -7.86976777e-03
610 4 5.23598776e+00 -7.49947562e-03
611 4 5.23598776e+00 -7.16234288e-03
612 4 5.23598776e+00 -5.56778687e-03
613 4 5.23598776e+00 -6.09044172e-03
614 4 5.23598776e+00 -6.06931476e-03
615 4 5.23598776e+00 -7.21049484e-03
616 4 5.23598776e+00 -5.58365009e-03
617 4 5.23598776e+00 -5.25102256e-03
618 4 5.23598776e+00 -7.09039425e-03
619 4 5.23598776e+00 -7.28023823e-03
620 4 5.23598776e+00 -5.89298537e-03
621 4 5.23598776e+00 -6.23747559e-03
622 4 5.23598776e+00 -5.10032628e-03
623 4 5.23598776e+00 -6.33741384e-03
624 4 5.23598776e+00 -5.62684232e-03
625 4 5.23598776e+00 -5.95217542e-03
626 4 5.23598776e+00 -7.09896285e-03
627 4 5.23598776e+00 -6.97160751e-03
628 4 5.23598776e+00 -6.37664562e-03
629 4 5.23598776e+00 -7.64536829e-03
630 4 5.23598776e+00 -6.55891211e-03
631 4 5.23598776e+00 -7.02055792e-03
632 4 5.23598776e+00 -7.51290511e-03
633 4 5.23598776e+00 -6.13561047e-03
634 4 5.23598776e+00 -4.81444394e-03
635 4 5.23598776e+00 -7.46658957e-03
636 4 5.23598776e+00 -5.83645903e-03
637 4 5.23598776e+00 -6.61377880e-03
638 4 5.23598776e+00 -7.09340279e-03
639 4 5.23598776e+00 -7.05140797e-03
640 4 5.23598776e+00 -6.93155365e-03
641 4 5.23598776e+00 -6.74346490e-03
642 4 5.23598776e+00 -7.05204547e-03
643 4 5.23598776e+00 -5.99661144e-03
644 4 5.23598776e+00 -5.27318631e-03
645 4 5.23598776e+00 -7.52076965e-03
646 4 5.23598776e+00 -8.02759554e-03
647 4 5.23598776e+00 -8.21548224e-03
648 4 5.23598776e+00 -5.95053995e-03
649 4 5.23598776e+00 -8.65634992e-03
650 4 5.23598776e+00 -5.88297416e-03
651 4 5.23598776e+00 -7.17321414e-03
652 4 5.23598776e+00 -6.97212247e-03
653 4 5.23598776e+00 -6.05385367e-03
654 4 5.23598776e+00 -6.02545373e-03
655 4 5.23598776e+00 -6.29202274e-03
656 4 5.23598776e+00 -6.57991562e-03
657 4 5.23598776e+00 -6.41922361e-03
658 4 5.23598776e+00 -5.52799143e-03
659 4 5.23598776e+00 -6.20080685e-03
660 4 5.23598776e+00 -6.88447732e-03
661 4 5.23598776e+00 -7.22124633e-03
662 4 5.23598776e+00 -5.60016474e-03
663 4 5.23598776e+00 -6.20745025e-03
664 4 5.23598776e+00 -5.27395352e-03
665 4 5.23598776e+00 -7.42880936e-03
666 4 5.23598776e+00 -6.27716930e-03
667 4 5.23598776e+00 -6.56354385e-03
668 4 5.23598776e+00 -6.18928549e-03
669 4 5.23598776e+00 -6.50144777e-03
670 4 5.23598776e+00 -7.13987882e-03
671 4 5.23598776e+00 -6.24244904e-03
672 4 5.23598776e+00 -6.63607286e-03
673 4 5.23598776e+00 -5.53111443e-03
674 4 5.23598776e+00 -7.24131657e-03
675 4 5.23598776e+00 -7.09495721e-03
676 4 5.23598776e+00 -7.57061713e-03
677 4 5.23598776e+00 -6.13549911e-03
678 4 5.23598776e+00 -5.87006837e-03
679 4 5.23598776e+00 -6.79580873e-03
680 4 5.23598776e+00 -5.43460346e-03
681 4 5.23598776e+00 -6.92582878e-03
682 4 5.23598776e+00 -6.42748773e-03
683 4 5.23598776e+00 -8.20118738e-03
684 4 5.23598776e+00 -6.32827071e-03
685 4 5.23598776e+00 -6.63337400e-03
686 4 5.23598776e+00 -5.51551193e-03
687 4 5.23598776e+00 -6.18509170e-03
688 4 5.23598776e+00 -7.05207955e-03
689 4 5.23598776e+00 -7.02000956e-03
690 4 5.23598776e+00 -5.67249075e-03
691 4 5.23598776e+00 -8.04465663e-03
692 4 5.23598776e+00 -6.28229525e-03
693 4 5.23598776e+00 -6.54286321e-03
694 4 5.23598776e+00 -6.77268602e-03
695 4 5.23598776e+00 -6.47796647e-03
696 4 5.23598776e+00 -6.63853755e-03
697 4 5.23598776e+00 -6.99308792e-03
698 4 5.23598776e+00 -6.09291611e-03
699 4 5.23598776e+00 -7.02699616e-03
700 4 5.23598776e+00 -7.73439186e-03
701 4 5.23598776e+00 -6.76805933e-03
702 4 5.23598776e+00 -6.48077115e-03
703 4 5.23598776e+00 -4.38321004e-03
704 4 5.23598776e+00 -6.24862515e-03
705 4 5.23598776e+00 -6.07968529e-03
706 4 5.23598776e+00 -6.84142056e-03
707 4 5.23598776e+00 -6.97836130e-03
708 4 5.23598776e+00 -6.60750596e-03
709 4 5.23598776e+00 -4.88742861e-03
710 4 5.23598776e+00 -6.08212927e-03
711 4 5.23598776e+00 -5.28652822e-03
712 4 5.23598776e+00 -5.47058705e-03
713 4 5.23598776e+00 -6.64538313e-03
714 4 5.23598776e+00 -6.80853926e-03
715 4 5.23598776e+00 -6.60344892e-03
716 4 5.23598776e+00 -6.49487891e-03
717 4 5.23598776e+00 -7.80266237e-03
718 4 5.23598776e+00 -7.65298836e-03
719 4 5.23598776e+00 -7.29616174e-03
720 4 5.23598776e+00 -6.52311135e-03
721 4 5.23598776e+00 -6.58729150e-03
722 4 5.23598776e+00 -6.78906876e-03
723 4 5.23598776e+00 -7.07856990e-03
724 4 5.23598776e+00 -6.12236719e-03
725 4 5.23598776e+00 -7.45098330e-03
726 4 5.23598776e+00 -6.35038167e-03
727 4 5.23598776e+00 -5.88270504e-03
728 4 5.23598776e+00 -7.17781343e-03
729 4 5.23598776e+00 -5.35920214e-03
730 4 5.23598776e+00 -7.51627428e-03
731 4 5.23598776e+00 -6.23002933e-03
732 4 5.23598776e+00 -6.52450880e-03
733 4 5.23598776e+00 -6.57150306e-03
734 4 5.23598776e+00 -6.43314634e-03
735 4 5.23598776e+00 -6.37907850e-03
736 4 5.23598776e+00 -6.85117913e-03
737 4 5.23598776e+00 -6.69522673e-03
738 4 5.23598776e+00 -6.13083882e-03
739 4 5.23598776e+00 -7.72046888e-03
740 4 5.23598776e+00 -6.38107561e-03
741 4 5.23598776e+00 -7.38958796e-03
742 4 5.23598776e+00 -7.08693322e-03
743 4 5.23598776e+00 -6.94858149e-03
744 4 5.23598776e+00 -6.60115865e-03
745 4 5.23598776e+00 -7.20595619e-03
746 4 5.23598776e+00 -6.33559823e-03
747 4 5.23598776e+00 -5.32089815e-03
748 4 5.23598776e+00 -6.26836729e-03
749 4 5.23598776e+00 -7.41220397e-03
750 4 5.23598776e+00 -6.46982191e-03
751 4 5.23598776e+00 -4.55014827e-03
752 4 5.23598776e+00 -4.94909694e-03
753 4 5.23598776e+00 -5.59931110e-03
754 4 5.23598776e+00 -5.48778676e-03
755 4 5.23598776e+00 -7.63855649e-03
756 4 5.23598776e+00 -6.17014001e-03
757 4 5.23598776e+00 -7.45036419e-03
758 4 5.23598776e+00 -6.06501891e-03
759 4 5.23598776e+00 -7.32901922e-03
760 4 5.23598776e+00 -6.83596640e-03
761 4 5.23598776e+00 -5.72453244e-03
762 4 5.23598776e+00 -6.93851257e-03
763 4 5.23598776e+00 -5.93321852e-03
764 4 5.23598776e+00 -5.42652340e-03
765 4 5.23598776e+00 -6.51092735e-03
766 4 5.23598776e+00 -6.11122775e-03
767 4 5.23598776e+00 -7.61432613e-03
768 4 5.23598776e+00 -6.11009807e-03
769 4 5.23598776e+00 -5.56456018e-03
770 4 5.23598776e+00 -6.80146850e-03
771 4 5.23598776e+00 -6.68426297e-03
772 4 5.23598776e+00 -6.41878709e-03
773 4 5.23598776e+00 -6.88641163e-03
774 4 5.23598776e+00 -6.33118223e-03
775 4 5.23598776e+00 -6.12550217e-03
776 4 5.23598776e+00 -6.81629756e-03
777 4 5.23598776e+00 -7.00616120e-03
778 4 5.23598776e+00 -6.81420789e-03
779 4 5.23598776e+00 -6.31187625e-03
780 4 5.23598776e+00 -7.43858269e-03
781 4 5.23598776e+00 -6.20426596e-03
782 4 5.23598776e+00 -6.18578453e-03
783 4 5.23598776e+00 -6.69435156e-03
784 4 5.23598776e+00 -6.64028363e-03
785 4 5.23598776e+00 -7.00818402e-03
786 4 5.23598776e+00 -6.98566184e-03
787 4 5.23598776e+00 -7.49645390e-03
788 4 5.23598776e+00 -7.16378224e-03
789 4 5.23598776e+00 -7.15651521e-03
790 4 5.23598776e+00 -6.13034644e-03
791 4 5.23598776e+00 -7.14555249e-03
792 4 5.23598776e+00 -7.25153291e-03
793 4 5.23598776e+00 -7.42794239e-03
794 4 5.23598776e+00 -7.14074577e-03
795 4 5.23598776e+00 -7.31446161e-03
796 4 5.23598776e+00 -6.49275877e-03
797 4 5.23598776e+00 -6.05343086e-03
798 4 5.23598776e+00 -7.24901339e-03
799 4 5.23598776e+00 -8.06121625e-03
800 4 5.23598776e+00 -5.76639034e-03
801 4 5.23598776e+00 -5.95356063e-03
802 4 5.23598776e+00 -7.49791214e-03
803 4 5.23598776e+00 -6.23906655e-03
804 4 5.23598776e+00 -6.25755026e-03
805 4 5.23598776e+00 -5.40020018e-03
806 4 5.23598776e+00 -6.00682267e-03
807 4 5.23598776e+00 -6.66852545e-03
808 4 5.23598776e+00 -6.11028531e-03
809 4 5.23598776e+00 -6.00908301e-03
810 4 5.23598776e+00 -4.03906516e-03
811 4 5.23598776e+00 -5.76959659e-03
812 4 5.23598776e+00 -6.14121986e-03
813 4 5.23598776e+00 -6.67397239e-03
814 4 5.23598776e+00 -6.15105332e-03
815 4 5.23598776e+00 -5.51418595e-03
816 4 5.23598776e+00 -6.79794696e-03
817 4 5.23598776e+00 -5.83466014e-03
818 4 5.23598776e+00 -6.65946166e-03
819 4 5.23598776e+00 -6.19445553e-03
820 4 5.23598776e+00 -4.37743857e-03
821 4 5.23598776e+00 -7.15659471e-03
822 4 5.23598776e+00 -6.12864807e-03
823 4 5.23598776e+00 -6.65121632e-03
824 4 5.23598776e+00 -6.49287601e-03
825 4 5.23598776e+00 -6.57219187e-03
826 4 5.23598776e+00 -6.42631817e-03
827 4 5.23598776e+00 -7.35543703e-03
828 4 5.23598776e+00 -5.32333502e-03
829 4 5.23598776e+00 -7.20738598e-03
830 4 5.23598776e+00 -6.66756261e-03
831 4 5.23598776e+00 -6.83113669e-03
832 4 5.23598776e+00 -6.61796798e-03
833 4 5.23598776e+00 -5.30220415e-03
834 4 5.23598776e+00 -6.22718910e-03
835 4 5.23598776e+00 -6.43782754e-03
836 4 5.23598776e+00 -7.22798349e-03
837 4 5.23598776e+00 -6.47551813e-03
838 4 5.23598776e+00 -6.12929323e-03
839 4 5.23598776e+00 -6.98876088e-03
840 4 5.23598776e+00 -5.44399638e-03
841 4 5.23598776e+00 -6.82634063e-03
842 4 5.23598776e+00 -7.85673940e-03
843 4 5.23598776e+00 -7.00895772e-03
844 4 5.23598776e+00 -5.84999508e-03
845 4 5.23598776e+00 -7.06364107e-03
846 4 5.23598776e+00 -7.01682966e-03
847 4 5.23598776e+00 -7.61930176e-03
848 4 5.23598776e+00 -6.94913333e-03
849 4 5.23598776e+00 -7.18883135e-03
850 4 5.23598776e+00 -7.14361134e-03
851 4 5.23598776e+00 -6.60938602e-03
852 4 5.23598776e+00 -7.21832541e-03
853 4 5.23598776e+00 -6.41870992e-03
854 4 5.23598776e+00 -6.88077793e-03
855 4 5.23598776e+00 -5.92354148e-03
856 4 5.23598776e+00 -5.60428434e-03
857 4 5.23598776e+00 -5.18953857e-03
858 4 5.23598776e+00 -5.68999657e-03
859 4 5.23598776e+00 -5.66934668e-03
860 4 5.23598776e+00 -6.47198215e-03
861 4 5.23598776e+00 -7.07050534e-03
862 4 5.23598776e+00 -5.65321072e-03
863 4 5.23598776e+00 -5.58841462e-03
864 4 5.23598776e+00 -6.54366307e-03
865 4 5.23598776e+00 -6.22512050e-03
866 4 5.23598776e+00 -6.43483592e-03
867 4 5.23598776e+00 -7.39707437e-03
868 4 5.23598776e+00 -6.83993210e-03
869 4 5.23598776e+00 -8.05853549e-03
870 4 5.23598776e+00 -7.08049399e-03
871 4 5.23598776e+00 -6.25831062e-03
872 4 5.23598776e+00 -6.59373729e-03
873 4 5.23598776e+00 -6.28557461e-03
874 4 5.23598776e+00 -6.50962380e-03
875 4 5.23598776e+00 -5.78810117e-03
876 4 5.23598776e+00 -6.38668522e-03
877 4 5.23598776e+00 -6.41875045e-03
878 4 5.23598776e+00 -6.05497889e-03
879 4 5.23598776e+00 -7.33236394e-03
880 4 5.23598776e+00 -5.88567538e-03
881 4 5.23598776e+00 -6.63905058e-03
882 4 5.23598776e+00 -6.91029771e-03
883 4 5.23598776e+00 -6.91992132e-03
884 4 5.23598776e+00 -7.12744881e-03
885 4 5.23598776e+00 -7.05279043e-03
886 4 5.23598776e+00 -6.96308821e-03
887 4 5.23598776e+00 -5.77105303e-03
888 4 5.23598776e+00 -8.28452613e-03
889 4 5.23598776e+00 -6.79004455e-03
890 4 5.23598776e+00 -6.11412615e-03
891 4 5.23598776e+00 -6.04470006e-03
892 4 5.23598776e+00 -7.02145767e-03
893 4 5.23598776e+00 -5.87279931e-03
894 4 5.23598776e+00 -7.26507507e-03
895 4 5.23598776e+00 -7.84004247e-03
896 4 5.23598776e+00 -7.00530263e-03
897 4 5.23598776e+00 -7.01331805e-03
898 4 5.23598776e+00 -7.95648573e-03
899 4 5.23598776e+00 -6.35642058e-03
900 4 5.23598776e+00 -5.70685247e-03
901 4 5.23598776e+00 -6.13337310e-03
902 4 5.23598776e+00 -5.79647518e-03
903 4 5.23598776e+00 -6.68115360e-03
904 4 5.23598776e+00 -4.67865257e-03
905 4 5.23598776e+00 -6.87968659e-03
906 4 5.23598776e+00 -6.34174855e-03
907 4 5.23598776e+00 -7.45610853e-03
908 4 5.23598776e+00 -6.38087991e-03
909 4 5.23598776e+00 -6.38224204e-03
910 4 5.23598776e+00 -6.37995510e-03
911 4 5.23598776e+00 -8.22447028e-03
912 4 5.23598776e+00 -5.75189812e-03
913 4 5.23598776e+00 -6.83940418e-03
914 4 5.23598776e+00 -6.83784190e-03
915 4 5.23598776e+00 -6.19059846e-03
916 4 5.23598776e+00 -7.55255202e-03
917 4 5.23598776e+00 -6.37231698e-03
918 4 5.23598776e+00 -6.60862044e-03
919 4 5.23598776e+00 -7.11584084e-03
920 4 5.23598776e+00 -6.67056919e-03
921 4 5.23598776e+00 -7.30749881e-03
922 4 5.23598776e+00 -6.09742317e-03
923 4 5.23598776e+00 -6.83324501e-03
924 4 5.23598776e+00 -6.77503708e-03
925 4 5.23598776e+00 -5.35861108e-03
926 4 5.23598776e+00 -6.34181394e-03
927 4 5.23598776e+00 -6.06917276e-03
928 4 5.23598776e+00 -5.57816955e-03
929 4 5.23598776e+00 -6.71544815e-03
930 4 5.23598776e+00 -6.77597637e-03
931 4 5.23598776e+00 -6.91419509e-03
932 4 5.23598776e+00 -5.51714289e-03
933 4 5.23598776e+00 -7.47254199e-03
934 4 5.23598776e+00 -7.33485018e-03
935 4 5.23598776e+00 -6.04084814e-03
936 4 5.23598776e+00 -6.79166807e-03
937 4 5.23598776e+00 -6.67001476e-03
938 4 5.23598776e+00 -7.21546821e-03
939 4 5.23598776e+00 -6.14179735e-03
940 4 5.23598776e+00 -4.51464701e-03
941 4 5.23598776e+00 -6.57765842e-03
942 4 5.23598776e+00 -4.91997983e-03
943 4 5.23598776e+00 -6.74304153e-03
944 4 5.23598776e+00 -7.12044371e-03
945 4 5.23598776e+00 -6.19418456e-03
946 4 5.23598776e+00 -6.41554228e-03
947 4 5.23598776e+00 -5.90990856e-03
948 4 5.23598776e+00 -6.13090685e-03
949 4 5.23598776e+00 -7.37736088e-03
950 4 5.23598776e+00 -6.74187033e-03
951 4 5.23598776e+00 -7.02907770e-03
952 4 5.23598776e+00 -6.96610133e-03
953 4 5.23598776e+00 -5.85976617e-03
954 4 5.23598776e+00 -6.99746769e-03
955 4 5.23598776e+00 -7.42286540e-03
956 4 5.23598776e+00 -5.66725644e-03
957 4 5.23598776e+00 -6.54874516e-03
958 4 5.23598776e+00 -5.95219687e-03
959 4 5.23598776e+00 -6.82872038e-03
960 4 5.23598776e+00 -6.65600857e-03
961 4 5.23598776e+00 -5.74801299e-03
962 4 5.23598776e+00 -6.93387873e-03
963 4 5.23598776e+00 -6.64083172e-03
964 4 5.23598776e+00 -5.90323026e-03
965 4 5.23598776e+00 -7.00907763e-03
966 4 5.23598776e+00 -6.53891621e-03
967 4 5.23598776e+00 -7.50531979e-03
968 4 5.23598776e+00 -5.59204697e-03
969 4 5.23598776e+00 -7.15983535e-03
970 4 5.23598776e+00 -6.12587571e-03
971 4 5.23598776e+00 -6.61833028e-03
972 4 5.23598776e+00 -6.22221138e-03
973 4 5.23598776e+00 -7.10414181e-03
974 4 5.23598776e+00 -6.52676895e-03
975 4 5.23598776e+00 -6.11057909e-03
976 4 5.23598776e+00 -7.23275507e-03
977 4 5.23598776e+00 -5.58608972e-03
978 4 5.23598776e+00 -5.99084705e-03
979 4 5.23598776e+00 -5.77849904e-03
980 4 5.23598776e+00 -7.35688564e-03
981 4 5.23598776e+00 -6.74270806e-03
982 4 5.23598776e+00 -6.72864755e-03
983 4 5.23598776e+00 -5.63282462e-03
984 4 5.23598776e+00 -6.90799548e-03
985 4 5.23598776e+00 -5.47500688e-03
986 4 5.23598776e+00 -5.74183116e-03
987 4 5.23598776e+00 -6.69750806e-03
988 4 5.23598776e+00 -6.29083243e-03
989 4 5.23598776e+00 -5.55269156e-03
990 4 5.23598776e+00 -6.75950551e-03
991 4 5.23598776e+00 -7.75773098e-03
992 4 5.23598776e+00 -7.32185341e-03
993 4 5.23598776e+00 -6.76320062e-03
994 4 5.23598776e+00 -7.77147306e-03
995 4 5.23598776e+00 -6.26686895e-03
996 4 5.23598776e+00 -5.73662697e-03
997 4 5.23598776e+00 -7.31830695e-03
998 4 5.23598776e+00 -6.14485051e-03
999 4 5.23598776e+00 -7.31568170e-03
1000 4 5.23598776e+00 -7.68837870e-03
1001 4 5.23598776e+00 -6.85151794e-03
1002 4 5.23598776e+00 -6.34493037e-03
1003 4 5.23598776e+00 -5.78397333e-03
1004 4 5.23598776e+00 -6.56428710e-03
1005 4 5.23598776e+00 -7.31492554e-03
1006 4 5.23598776e+00 -6.79482667e-03
1007 4 5.23598776e+00 -6.34597706e-03
1008 4 5.23598776e+00 -6.65822561e-03
1009 4 5.23598776e+00 -7.99040300e-03
1010 4 5.23598776e+00 -6.73516132e-03
1011 4 5.23598776e+00 -6.72120292e-03
1012 4 5.23598776e+00 -7.44779723e-03
0 5 6.54498469e+00 -2.12420579e-02
1 5 6.54498469e+00 -2.13253000e-02
2 5 6.54498469e+00 -1.92735177e-02
3 5 6.54498469e+00 -2.13262017e-02
4 5 6.54498469e+00 -1.98960656e-02
5 5 6.54498469e+00 -2.09388470e-02
6 5 6.54498469e+00 -2.06253758e-02
7 5 6.54498469e+00 -2.03473219e-02
8 5 6.54498469e+00 -2.09871704e-02
9 5 6.54498469e+00 -2.21582811e-02
10 5 6.54498469e+00 -2.33483318e-02
11 5 6.54498469e+00 -2.30801325e-02
12 5 6.54498469e+00 -2.02982974e-02
13 5 6.54498469e+00 -1.87891577e-02
14 5 6.54498469e+00 -1.92114248e-02
15 5 6.54498469e+00 -2.02404346e-02
16 5 6.54498469e+00 -2.12614216e-02
17 5 6.54498469e+00 -2.09074593e-02
18 5 6.54498469e+00 -2.12953182e-02
19 5 6.54498469e+00 -2.07893652e-02
20 5 6.54498469e+00 -2.03283562e-02
21 5 6.54498469e+00 -1.98670422e-02
22 5 6.54498469e+00 -2.05150193e-02
23 5 6.54498469e+00 -2.05497086e-02
24 5 6.54498469e+00 -2.24794997e-02
25 5 6.54498469e+00 -1.99096132e-02
26 5 6.54498469e+00 -2.11304904e-02
27 5 6.54498469e+00 -2.25436928e-02
28 5 6.54498469e+00 -2.03799527e-02
29 5 6.54498469e+00 -2.08909859e-02
30 5 6.54498469e+00 -2.16465238e-02
31 5 6.54498469e+00 -2.21600443e-02
32 5 6.54498469e+00 -2.10322256e-02
33 5 6.54498469e+00 -2.00905921e-02
34 5 6.54498469e+00 -1.93304863e-02
35 5 6.54498469e+00 -2.04097852e-02
36 5 6.54498469e+00 -2.16002267e-02
37 5 6.54498469e+00 -2.28916410e-02
38 5 6.54498469e+00 -1.96044074e-02
39 5 6.54498469e+00 -2.05593696e-02
40 5 6.54498469e+00 -2.23804409e-02
41 5 6.54498469e+00 -2.14936304e-02
42 5 6.54498469e+00 -2.06773099e-02
43 5 6.54498469e+00 -2.05793243e-02
44 5 6.54498469e+00 -2.03905278e-02
45 5 6.54498469e+00 -2.19225020e-02
46 5 6.54498469e+00 -2.28343963e-02
47 5 6.54498469e+00 -2.12686294e-02
48 5 6.54498469e+00 -1.92143831e-02
49 5 6.54498469e+00 -2.23524260e-02
50 5 6.54498469e+00 -2.14111790e-02
51 5 6.54498469e+00 -2.02887151e-02
52 5 6.54498469e+00 -2.14993484e-02
53 5 6.54498469e+00 -1.95515660e-02
54 5 6.54498469e+00 -2.02286914e-02
55 5 6.54498469e+00 -2.04523528e-02
56 5 6.54498469e+00 -2.17898687e-02
57 5 6.54498469e+00 -2.07037972e-02
58 5 6.54498469e+00 -2.12230489e-02
59 5 6.54498469e+00 -2.10819861e-02
60 5 6.54498469e+00 -2.21776074e-02
61 5 6.54498469e+00 -2.19379238e-02
62 5 6.54498469e+00 -1.78928363e-02
63 5 6.54498469e+00 -2.06919087e-02
64 5 6.54498469e+00 -2.16646974e-02
65 5 6.54498469e+00 -2.00384688e-02
66 5 6.54498469e+00 -2.15262457e-02
67 5 6.54498469e+00 -2.09053571e-02
68 5 6.54498469e+00 -1.96694021e-02
69 5 6.54498469e+00 -2.15564241e-02
70 5 6.54498469e+00 -2.16670378e-02
71 5 6.54498469e+00 -2.02071833e-02
72 5 6.54498469e+00 -2.04297040e-02
73 5 6.54498469e+00 -2.04798483e-02
74 5 6.54498469e+00 -2.12399016e-02
75 5 6.54498469e+00 -2.31846762e-02
76 5 6.54498469e+00 -2.21490673e-02
77 5 6.54498469e+00 -2.25561119e-02
78 5 6.54498469e+00 -2.09478605e-02
79 5 6.54498469e+00 -2.02946584e-02
80 5 6.54498469e+00 -2.15376328e-02
81 5 6.54498469e+00 -2.11043367e-02
82 5 6.54498469e+00 -2.13612720e-02
83 5 6.54498469e+00 -2.26236806e-02
84 5 6.54498469e+00 -2.10377127e-02
85 5 6.54498469e+00 -2.11540391e-02
86 5 6.54498469e+00 -2.28267157e-02
87 5 6.54498469e+00 -2.16159058e-02
88 5 6.54498469e+00 -2.13375211e-02
89 5 6.54498469e+00 -2.08762433e-02
90 5 6.54498469e+00 -2.08158694e-02
91 5 6.54498469e+00 -2.01003609e-02
92 5 6.54498469e+00 -2.26220948e-02
93 5 6.54498469e+00 -2.14719434e-02
94 5 6.54498469e+00 -2.06340209e-02
95 5 6.54498469e+00 -2.15343188e-02
96 5 6.54498469e+00 -2.12096920e-02
97 5 6.54498469e+00 -2.16201837e-02
98 5 6.54498469e+00 -2.04446940e-02
99 5 6.54498469e+00 -1.94330893e-02
100 5 6.54498469e+00 -2.29738455e-02
101 5 6.54498469e+00 -2.12199613e-02
102 5 6.54498469e+00 -2.22488779e-02
103 5 6.54498469e+00 -2.19310293e-02
104 5 6.54498469e+00 -1.99126102e-02
105 5 6.54498469e+00 -2.20434573e-02
106 5 6.54498469e+00 -1.93525073e-02
107 5 6.54498469e+00 -2.08233785e-02
108 5 6.54498469e+00 -2.04454183e-02
109 5 6.54498469e+00 -2.00755646e-02
110 5 6.54498469e+00 -2.13182317e-02
111 5 6.54498469e+00 -2.07160709e-02
112 5 6.54498469e+00 -2.19397158e-02
113 5 6.54498469e+00 -2.16547983e-02
114 5 6.54498469e+00 -2.10350577e-02
115 5 6.54498469e+00 -2.17874559e-02
116 5 6.54498469e+00 -1.97802888e-02
117 5 6.54498469e+00 -2.09597447e-02
118 5 6.54498469e+00 -2.03876394e-02
119 5 6.54498469e+00 -2.10698116e-02
120 5 6.54498469e+00 -2.19425958e-02
121 5 6.54498469e+00 -2.31669405e-02
122 5 6.54498469e+00 -2.19631260e-02
123 5 6.54498469e+00 -2.27896576e-02
124 5 6.54498469e+00 -2.09981915e-02
125 5 6.54498469e+00 -1.98549023e-02
126 5 6.54498469e+00 -2.00922892e-02
127 5 6.54498469e+00 -2.11115722e-02
128 5 6.54498469e+00 -2.26684719e-02
129 5 6.54498469e+00 -2.14493685e-02
130 5 6.54498469e+00 -1.90242703e-02
131 5 6.54498469e+00 -2.37688711e-02
132 5 6.54498469e+00 -1.84397785e-02
133 5 6.54498469e+00 -2.10841203e-02
134 5 6.54498469e+00 -1.98150194e-02
135 5 6.54498469e+00 -2.30252736e-02
136 5 6.54498469e+00 -2.22658252e-02
137 5 6.54498469e+00 -2.05697795e-02
138 5 6.54498469e+00 -2.01724834e-02
139 5 6.54498469e+00 -2.15658359e-02
140 5 6.54498469e+00 -2.05207323e-02
141 5 6.54498469e+00 -2.13820637e-02
142 5 6.54498469e+00 -2.04387929e-02
143 5 6.54498469e+00 -2.16036660e-02
144 5 6.54498469e+00 -2.04278723e-02
145 5 6.54498469e+00 -2.25284840e-02
146 5 6.54498469e+00 -2.05893859e-02
147 5 6.54498469e+00 -2.24572426e-02
148 5 6.54498469e+00 -2.08892868e-02
149 5 6.54498469e+00 -2.25477358e-02
150 5 6.54498469e+00 -2.04511952e-02
151 5 6.54498469e+00 -2.17687383e-02
152 5 6.54498469e+00 -2.08204009e-02
153 5 6.54498469e+00 -2.00786708e-02
154 5 6.54498469e+00 -2.00393399e-02
155 5 6.54498469e+00 -2.27387851e-02
156 5 6.54498469e+00 -1.97999005e-02
157 5 6.54498469e+00 -2.23288262e-02
158 5 6.54498469e+00 -2.19019591e-02
159 5 6.54498469e+00 -1.90520066e-02
160 5 6.54498469e+00 -2.12043032e-02
161 5 6.54498469e+00 -2.04086274e-02
162 5 6.54498469e+00 -2.17745808e-02
163 5 6.54498469e+00 -2.20785245e-02
164 5 6.54498469e+00 -1.95577468e-02
165 5 6.54498469e+00 -1.86945054e-02
166 5 6.54498469e+00 -2.15273372e-02
167 5 6.54498469e+00 -2.07406986e-02
168 5 6.54498469e+00 -2.26541482e-02
169 5 6.54498469e+00 -2.16360321e-02
170 5 6.54498469e+00 -2.05629218e-02
171 5 6.54498469e+00 -2.17933109e-02
172 5 6.54498469e+00 -2.05151817e-02
173 5 6.54498469e+00 -2.18043933e-02
174 5 6.54498469e+00 -2.13697494e-02
175 5 6.54498469e+00 -2.07146167e-02
176 5 6.54498469e+00 -1.98624197e-02
177 5 6.54498469e+00 -2.07149897e-02
178 5 6.54498469e+00 -2.15554025e-02
179 5 6.54498469e+00 -2.06699197e-02
180 5 6.54498469e+00 -2.08724119e-02
181 5 6.54498469e+00 -1.91758536e-02
182 5 6.54498469e+00 -2.08397519e-02
183 5 6.54498469e+00 -2.17745567e-02
184 5 6.54498469e+00 -2.07852943e-02
185 5 6.54498469e+00 -2.25688099e-02
186 5 6.54498469e+00 -2.18386647e-02
187 5 6.54498469e+00 -2.13495792e-02
188 5 6.54498469e+00 -2.23980493e-02
189 5 6.54498469e+00 -2.14920117e-02
190 5 6.54498469e+00 -2.14464797e-02
191 5 6.54498469e+00 -2.15905911e-02
192 5 6.54498469e+00 -2.00103592e-02
193 5 6.54498469e+00 -2.10725862e-02
194 5 6.54498469e+00 -2.13248897e-02
195 5 6.54498469e+00 -2.11574404e-02
196 5 6.54498469e+00 -2.08107285e-02
197 5 6.54498469e+00 -2.00336329e-02
198 5 6.54498469e+00 -2.15423763e-02
199 5 6.54498469e+00 -2.12219719e-02
200 5 6.54498469e+00 -2.30894387e-02
201 5 6.54498469e+00 -2.06002241e-02
202 5 6.54498469e+00 -2.04060725e-02
203 5 6.54498469e+00 -2.10371645e-02
204 5 6.54498469e+00 -2.01444691e-02
205 5 6.54498469e+00 -1.95976104e-02
206 5 6.54498469e+00 -2.09552570e-02
207 5 6.54498469e+00 -2.13006753e-02
208 5 6.54498469e+00 -2.09407260e-02
209 5 6.54498469e+00 -2.29553660e-02
210 5 6.54498469e+00 -2.23179170e-02
211 5 6.54498469e+00 -2.12708156e-02
212 5 6.54498469e+00 -2.08569219e-02
213 5 6.54498469e+00 -2.35551578e-02
214 5 6.54498469e+00 -2.13681857e-02
215 5 6.54498469e+00 -2.22338148e-02
216 5 6.54498469e+00 -2.31784181e-02
217 5 6.54498469e+00 -2.06467456e-02
218 5 6.54498469e+00 -2.03719211e-02
219 5 6.54498469e+00 -1.98901349e-02
220 5 6.54498469e+00 -1.96619144e-02
221 5 6.54498469e+00 -1.95568510e-02
222 5 6.54498469e+00 -2.11912671e-02
223 5 6.54498469e+00 -2.13794323e-02
224 5 6.54498469e+00 -2.09198279e-02
225 5 6.54498469e+00 -2.15765538e-02
226 5 6.54498469e+00 -2.23608115e-02
227 5 6.54498469e+00 -2.29699568e-02
228 5 6.54498469e+00 -2.00884367e-02
229 5 6.54498469e+00 -2.15039766e-02
230 5 6.54498469e+00 -1.99225482e-02
231 5 6.54498469e+00 -2.14147459e-02
232 5 6.54498469e+00 -2.19716658e-02
233 5 6.54498469e+00 -2.30286407e-02
234 5 6.54498469e+00 -2.15578872e-02
235 5 6.54498469e+00 -2.05973320e-02
236 5 6.54498469e+00 -2.08682339e-02
237 5 6.54498469e+00 -1.88532576e-02
238 5 6.54498469e+00 -2.04243575e-02
239 5 6.54498469e+00 -2.16372219e-02
240 5 6.54498469e+00 -2.09688822e-02
241 5 6.54498469e+00 -2.14763278e-02
242 5 6.54498469e+00 -2.27224798e-02
243 5 6.54498469e+00 -1.91496543e-02
244 5 6.54498469e+00 -2.23712512e-02
245 5 6.54498469e+00 -1.90372263e-02
246 5 6.54498469e+00 -2.05388268e-02
247 5 6.54498469e+00 -2.03376198e-02
248 5 6.54498469e+00 -2.19148673e-02
249 5 6.54498469e+00 -2.16601304e-02
250 5 6.54498469e+00 -2.17956994e-02
251 5 6.54498469e+00 -2.29652361e-02
252 5 6.54498469e+00 -2.07645582e-02
253 5 6.54498469e+00 -2.04483060e-02
254 5 6.54498469e+00 -2.14950643e-02
255 5 6.54498469e+00 -2.10793354e-02
256 5 6.54498469e+00 -1.98266566e-02
257 5 6.54498469e+00 -2.18664962e-02
258 5 6.54498469e+00 -2.13814624e-02
259 5 6.54498469e+00 -2.00540994e-02
260 5 6.54498469e+00 -2.04025875e-02
261 5 6.54498469e+00 -2.02187468e-02
262 5 6.54498469e+00 -2.24145303e-02
263 5 6.54498469e+00 -2.07344104e-02
264 5 6.54498469e+00 -2.21647155e-02
265 5 6.54498469e+00 -2.09517583e-02
266 5 6.54498469e+00 -2.26578910e-02
267 5 6.54498469e+00 -2.06863095e-02
268 5 6.54498469e+00 -2.04597382e-02
269 5 6.54498469e+00 -2.14169527e-02
270 5 6.54498469e+00 -2.02881135e-02
271 5 6.54498469e+00 -1.96076783e-02
272 5 6.54498469e+00 -2.02172843e-02
273 5 6.54498469e+00 -2.07589083e-02
274 5 6.54498469e+00 -2.14801202e-02
275 5 6.54498469e+00 -2.12654077e-02
276 5 6.54498469e+00 -2.08563905e-02
277 5 6.54498469e+00 -2.06330625e-02
278 5 6.54498469e+00 -2.20886494e-02
279 5 6.54498469e+00 -2.13480258e-02
280 5 6.54498469e+00 -2.15412403e-02
281 5 6.54498469e+00 -2.14848454e-02
282 5 6.54498469e+00 -2.08499921e-02
283 5 6.54498469e+00 -2.18269491e-02
284 5 6.54498469e+00 -2.19524577e-02
285 5 6.54498469e+00 -2.28693419e-02
286 5 6.54498469e+00 -2.04332341e-02
287 5 6.54498469e+00 -2.19696986e-02
288 5 6.54498469e+00 -2.15793360e-02
289 5 6.54498469e+00 -2.33858291e-02
290 5 6.54498469e+00 -2.01551007e-02
291 5 6.54498469e+00 -2.07047794e-02
292 5 6.54498469e+00 -2.15817362e-02
293 5 6.54498469e+00 -2.07472224e-02
294 5 6.54498469e+00 -2.15568728e-02
295 5 6.54498469e+00 -2.07329632e-02
296 5 6.54498469e+00 -2.17211113e-02
297 5 6.54498469e+00 -1.99573822e-02
298 5 6.54498469e+00 -2.03706990e-02
299 5 6.54498469e+00 -2.00571559e-02
300 5 6.54498469e+00 -2.30488390e-02
301 5 6.54498469e+00 -1.92935987e-02
302 5 6.54498469e+00 -1.99984754e-02
303 5 6.54498469e+00 -2.19013362e-02
304 5 6.54498469e+00 -1.89959447e-02
305 5 6.54498469e+00 -2.21035605e-02
306 5 6.54498469e+00 -2.10362342e-02
307 5 6.54498469e+00 -1.96952859e-02
308 5 6.54498469e+00 -1.97805952e-02
309 5 6.54498469e+00 -1.97050184e-02
310 5 6.54498469e+00 -2.12316003e-02
311 5 6.54498469e+00 -2.02346736e-02
312 5 6.54498469e+00 -1.85725771e-02
313 5 6.54498469e+00 -2.12116603e-02
314 5 6.54498469e+00 -2.18273167e-02
315 5 6.54498469e+00 -2.20908784e-02
316 5 6.54498469e+00 -2.11644861e-02
317 5 6.54498469e+00 -2.10362221e-02
318 5 6.54498469e+00 -2.02812583e-02
319 5 6.54498469e+00 -2.07883560e-02
320 5 6.54498469e+00 -2.23519010e-02
321 5 6.54498469e+00 -2.14334146e-02
322 5 6.54498469e+00 -2.08246338e-02
323 5 6.54498469e+00 -1.97565165e-02
324 5 6.54498469e+00 -2.00593737e-02
325 5 6.54498469e+00 -2.04170854e-02
326 5 6.54498469e+00 -2.22355391e-02
327 5 6.54498469e+00 -2.19249646e-02
328 5 6.54498469e+00 -2.11944143e-02
329 5 6.54498469e+00 -2.10750009e-02
330 5 6.54498469e+00 -2.13430042e-02
331 5 6.54498469e+00 -2.16675637e-02
332 5 6.54498469e+00 -2.00669738e-02
333 5 6.54498469e+00 -2.07391423e-02
334 5 6.54498469e+00 -2.11211680e-02
335 5 6.54498469e+00 -2.02468128e-02
336 5 6.54498469e+00 -2.08141607e-02
337 5 6.54498469e+00 -2.03194706e-02
338 5 6.54498469e+00 -2.34695663e-02
339 5 6.54498469e+00 -2.14799582e-02
340 5 6.54498469e+00 -2.09999876e-02
341 5 6.54498469e+00 -1.99062068e-02
342 5 6.54498469e+00 -1.87276929e-02
343 5 6.54498469e+00 -1.89596659e-02
344 5 6.54498469e+00 -1.94526352e-02
345 5 6.54498469e+00 -2.17144279e-02
346 5 6.54498469e+00 -2.13704589e-02
347 5 6.54498469e+00 -2.24505311e-02
348 5 6.54498469e+00 -2.13570336e-02
349 5 6.54498469e+00 -2.14605696e-02
350 5 6.54498469e+00 -2.05575286e-02
351 5 6.54498469e+00 -1.95331820e-02
352 5 6.54498469e+00 -2.20921775e-02
353 5 6.54498469e+00 -2.09474285e-02
354 5 6.54498469e+00 -2.13118402e-02
355 5 6.54498469e+00 -1.92607503e-02
356 5 6.54498469e+00 -2.11577877e-02
357 5 6.54498469e+00 -2.06047817e-02
358 5 6.54498469e+00 -2.05664760e-02
359 5 6.54498469e+00 -2.27277372e-02
360 5 6.54498469e+00 -2.09302421e-02
361 5 6.54498469e+00 -2.07181142e-02
362 5 6.54498469e+00 -2.03577076e-02
363 5 6.54498469e+00 -2.26227437e-02
364 5 6.54498469e+00 -2.07668255e-02
365 5 6.54498469e+00 -2.11670143e-02
366 5 6.54498469e+00 -2.04149549e-02
367 5 6.54498469e+00 -2.03779617e-02
368 5 6.54498469e+00 -2.20041486e-02
369 5 6.54498469e+00 -2.01388485e-02
370 5 6.54498469e+00 -2.09491660e-02
371 5 6.54498469e+00 -2.25717837e-02
372 5 6.54498469e+00 -2.05467165e-02
373 5 6.54498469e+00 -2.06910197e-02
374 5 6.54498469e+00 -2.16255043e-02
375 5 6.54498469e+00 -2.16300300e-02
376 5 6.54498469e+00 -2.10354653e-02
377 5 6.54498469e+00 -1.92529145e-02
378 5 6.54498469e+00 -2.06373247e-02
379 5 6.54498469e+00 -2.19185683e-02
380 5 6.54498469e+00 -2.03980236e-02
381 5 6.54498469e+00 -1.89240356e-02
382 5 6.54498469e+00 -2.03587117e-02
383 5 6.54498469e+00 -2.09553438e-02
384 5 6.54498469e+00 -2.06695434e-02
385 5 6.54498469e+00 -1.99614623e-02
386 5 6.54498469e+00 -2.15128714e-02
387 5 6.54498469e+00 -1.91814204e-02
388 5 6.54498469e+00 -2.11286217e-02
389 5 6.54498469e+00 -2.26524049e-02
390 5 6.54498469e+00 -1.99919764e-02
391 5 6.54498469e+00 -2.13059020e-02
392 5 6.54498469e+00 -1.95100928e-02
393 5 6.54498469e+00 -2.10232259e-02
394 5 6.54498469e+00 -2.12016472e-02
395 5 6.54498469e+00 -2.01725077e-02
396 5 6.54498469e+00 -2.18359505e-02
397 5 6.54498469e+00 -2.07011816e-02
398 5 6.54498469e+00 -2.06377764e-02
399 5 6.54498469e+00 -2.12760682e-02
400 5 6.54498469e+00 -2.17172487e-02
401 5 6.54498469e+00 -2.01629263e-02
402 5 6.54498469e+00 -1.94387408e-02
403 5 6.54498469e+00 -2.16385526e-02
404 5 6.54498469e+00 -1.96884220e-02
405 5 6.54498469e+00 -2.11760825e-02
406 5 6.54498469e+00 -2.12461446e-02
407 5 6.54498469e+00 -2.14774120e-02
408 5 6.54498469e+00 -2.09337691e-02
409 5 6.54498469e+00 -2.16228712e-02
410 5 6.54498469e+00 -2.19577775e-02
411 5 6.54498469e+00 -2.21532258e-02
412 5 6.54498469e+00 -2.09635359e-02
413 5 6.54498469e+00 -1.88139265e-02
414 5 6.54498469e+00 -2.18820606e-02
415 5 6.54498469e+00 -2.14601668e-02
416 5 6.54498469e+00 -2.02166869e-02
417 5 6.54498469e+00 -2.12116579e-02
418 5 6.54498469e+00 -2.04904840e-02
419 5 6.54498469e+00 -2.01077701e-02
420 5 6.54498469e+00 -2.23597816e-02
421 5 6.54498469e+00 -1.93621622e-02
422 5 6.54498469e+00 -2.19889516e-02
423 5 6.54498469e+00 -2.15032796e-02
424 5 6.54498469e+00 -2.21701551e-02
425 5 6.54498469e+00 -2.01168416e-02
426 5 6.54498469e+00 -2.04558802e-02
427 5 6.54498469e+00 -2.12173080e-02
428 5 6.54498469e+00 -2.16933405e-02
429 5 6.54498469e+00 -1.97466152e-02
430 5 6.54498469e+00 -2.18276922e-02
431 5 6.54498469e+00 -2.05133376e-02
432 5 6.54498469e+00 -2.16966541e-02
433 5 6.54498469e+00 -1.98792566e-02
434 5 6.54498469e+00 -2.14841145e-02
435 5 6.54498469e+00 -2.02410691e-02
436 5 6.54498469e+00 -2.09899687e-02
437 5 6.54498469e+00 -2.25354849e-02
438 5 6.54498469e+00 -1.99840683e-02
439 5 6.54498469e+00 -2.12239677e-02
440 5 6.54498469e+00 -2.10411533e-02
441 5 6.54498469e+00 -2.14539587e-02
442 5 6.54498469e+00 -1.98147088e-02
443 5 6.54498469e+00 -2.11900719e-02
444 5 6.54498469e+00 -2.06079918e-02
445 5 6.54498469e+00 -2.14542530e-02
446 5 6.54498469e+00 -2.20649689e-02
447 5 6.54498469e+00 -2.15522434e-02
448 5 6.54498469e+00 -1.96874946e-02
449 5 6.54498469e+00 -2.07966729e-02
450 5 6.54498469e+00 -2.04216322e-02
451 5 6.54498469e+00 -2.19565943e-02
452 5 6.54498469e+00 -2.05455324e-02
453 5 6.54498469e+00 -1.87899258e-02
454 5 6.54498469e+00 -2.11539019e-02
455 5 6.54498469e+00 -2.05014780e-02
456 5 6.54498469e+00 -2.09713004e-02
457 5 6.54498469e+00 -2.17757079e-02
458 5 6.54498469e+00 -1.99288339e-02
459 5 6.54498469e+00 -1.95834444e-02
460 5 6.54498469e+00 -2.10418010e-02
461 5 6.54498469e+00 -2.01797021e-02
462 5 6.54498469e+00 -2.04910349e-02
463 5 6.54498469e+00 -2.03103755e-02
464 5 6.54498469e+00 -1.96218683e-02
465 5 6.54498469e+00 -1.99948670e-02
466 5 6.54498469e+00 -2.27428713e-02
467 5 6.54498469e+00 -2.19188379e-02
468 5 6.54498469e+00 -2.14144177e-02
469 5 6.54498469e+00 -2.25135514e-02
470 5 6.54498469e+00 -2.09909362e-02
471 5 6.54498469e+00 -2.08970853e-02
472 5 6.54498469e+00 -2.07917110e-02
473 5 6.54498469e+00 -2.06696541e-02
474 5 6.54498469e+00 -2.08348518e-02
475 5 6.54498469e+00 -2.17417558e-02
476 5 6.54498469e+00 -2.18924931e-02
477 5 6.54498469e+00 -2.13300884e-02
478 5 6.54498469e+00 -2.05197682e-02
479 5 6.54498469e+00 -2.27390013e-02
480 5 6.54498469e+00 -2.28057246e-02
481 5 6.54498469e+00 -2.13945252e-02
482 5 6.54498469e+00 -2.23376529e-02
483 5 6.54498469e+00 -2.09313603e-02
484 5 6.54498469e+00 -2.07702842e-02
485 5 6.54498469e+00 -2.02273711e-02
486 5 6.54498469e+00 -2.00110219e-02
487 5 6.54498469e+00 -2.06494242e-02
488 5 6.54498469e+00 -2.06350990e-02
489 5 6.54498469e+00 -1.99426341e-02
490 5 6.54498469e+00 -2.03593438e-02
491 5 6.54498469e+00 -2.05327809e-02
492 5 6.54498469e+00 -2.07190227e-02
493 5 6.54498469e+00 -2.05119504e-02
494 5 6.54498469e+00 -2.17093883e-02
495 5 6.54498469e+00 -2.08369497e-02
496 5 6.54498469e+00 -2.10869061e-02
497 5 6.54498469e+00 -2.05531957e-02
498 5 6.54498469e+00 -2.02149749e-02
499 5 6.54498469e+00 -1.97853266e-02
500 5 6.54498469e+00 -2.31914371e-02
501 5 6.54498469e+00 -2.10062022e-02
502 5 6.54498469e+00 -2.06606717e-02
503 5 6.54498469e+00 -2.09124040e-02
504 5 6.54498469e+00 -2.06972060e-02
505 5 6.54498469e+00 -2.25890447e-02
506 5 6.54498469e+00 -2.21106589e-02
507 5 6.54498469e+00 -2.21474291e-02
508 5 6.54498469e+00 -2.11216587e-02
509 5 6.54498469e+00 -2.06079517e-02
510 5 6.54498469e+00 -1.97429752e-02
511 5 6.54498469e+00 -2.19629192e-02
512 5 6.54498469e+00 -2.09426138e-02
513 5 6.54498469e+00 -2.08285614e-02
514 5 6.54498469e+00 -2.14858142e-02
515 5 6.54498469e+00 -2.09060246e-02
516 5 6.54498469e+00 -2.08260851e-02
517 5 6.54498469e+00 -2.24012111e-02
518 5 6.54498469e+00 -2.24800626e-02
519 5 6.54498469e+00 -2.16196087e-02
520 5 6.54498469e+00 -2.07912482e-02
521 5 6.54498469e+00 -2.25814480e-02
522 5 6.54498469e+00 -1.93842970e-02
523 5 6.54498469e+00 -2.33666206e-02
524 5 6.54498469e+00 -2.26973896e-02
525 5 6.54498469e+00 -2.06735905e-02
526 5 6.54498469e+00 -2.22445808e-02
527 5 6.54498469e+00 -2.04778770e-02
528 5 6.54498469e+00 -2.11051169e-02
529 5 6.54498469e+00 -2.13600168e-02
530 5 6.54498469e+00 -2.28212425e-02
531 5 6.54498469e+00 -2.20301688e-02
532 5 6.54498469e+00 -2.01877752e-02
533 5 6.54498469e+00 -2.11798518e-02
534 5 6.54498469e+00 -2.07277446e-02
535 5 6.54498469e+00 -1.97398046e-02
536 5 6.54498469e+00 -2.12589081e-02
537 5 6.54498469e+00 -2.01828787e-02
538 5 6.54498469e+00 -2.17393664e-02
539 5 6.54498469e+00 -2.05158691e-02
540 5 6.54498469e+00 -2.18765233e-02
541 5 6.54498469e+00 -2.00379555e-02
542 5 6.54498469e+00 -2.01460786e-02
543 5 6.54498469e+00 -2.08528839e-02
544 5 6.54498469e+00 -2.08155576e-02
545 5 6.54498469e+00 -2.17389965e-02
546 5 6.54498469e+00 -1.98746964e-02
547 5 6.54498469e+00 -1.82147269e-02
548 5 6.54498469e+00 -2.22115773e-02
549 5 6.54498469e+00 -2.24639306e-02
550 5 6.54498469e+00 -1.96847414e-02
551 5 6.54498469e+00 -2.16004108e-02
552 5 6.54498469e+00 -2.04667532e-02
553 5 6.54498469e+00 -1.94765027e-02
554 5 6.54498469e+00 -2.18874270e-02
555 5 6.54498469e+00 -2.09635128e-02
556 5 6.54498469e+00 -2.00741561e-02
557 5 6.54498469e+00 -2.12612848e-02
558 5 6.54498469e+00 -2.19702610e-02
559 5 6.54498469e+00 -2.04144377e-02
560 5 6.54498469e+00 -1.98602665e-02
561 5 6.54498469e+00 -2.21286553e-02
562 5 6.54498469e+00 -1.96800764e-02
563 5 6.54498469e+00 -2.10576636e-02
564 5 6.54498469e+00 -2.01822990e-02
565 5 6.54498469e+00 -2.15963338e-02
566 5 6.54498469e+00 -2.11643765e-02
567 5 6.54498469e+00 -1.97520961e-02
568 5 6.54498469e+00 -2.06979804e-02
569 5 6.54498469e+00 -2.01725538e-02
570 5 6.54498469e+00 -2.06667697e-02
571 5 6.54498469e+00 -2.15288544e-02
572 5 6.54498469e+00 -2.12696467e-02
573 5 6.54498469e+00 -2.11500911e-02
574 5 6.54498469e+00 -2.14015777e-02
575 5 6.54498469e+00 -2.09786937e-02
576 5 6.54498469e+00 -2.00222490e-02
577 5 6.54498469e+00 -2.07216684e-02
578 5 6.54498469e+00 -1.94860859e-02
579 5 6.54498469e+00 -2.05343895e-02
580 5 6.54498469e+00 -2.15549409e-02
581 5 6.54498469e+00 -2.34874955e-02
582 5 6.54498469e+00 -2.11003782e-02
583 5 6.54498469e+00 -2.08618411e-02
584 5 6.54498469e+00 -2.24531150e-02
585 5 6.54498469e+00 -2.09037157e-02
586 5 6.54498469e+00 -2.05960594e-02
587 5 6.54498469e+00 -2.04387823e-02
588 5 6.54498469e+00 -2.06649791e-02
589 5 6.54498469e+00 -2.10489400e-02
590 5 6.54498469e+00 -2.10239135e-02
591 5 6.54498469e+00 -2.29272938e-02
592 5 6.54498469e+00 -2.24413692e-02
593 5 6.54498469e+00 -2.11570136e-02
594 5 6.54498469e+00 -2.17713267e-02
595 5 6.54498469e+00 -2.17195075e-02
596 5 6.54498469e+00 -2.03411471e-02
597 5 6.54498469e+00 -2.08622140e-02
598 5 6.54498469e+00 -2.06031833e-02
599 5 6.54498469e+00 -2.09563843e-02
600 5 6.54498469e+00 -2.12136093e-02
601 5 6.54498469e+00 -2.04018362e-02
602 5 6.54498469e+00 -2.14305821e-02
603 5 6.54498469e+00 -2.13902058e-02
604 5 6.54498469e+00 -2.06778683e-02
605 5 6.54498469e+00 -2.04148746e-02
606 5 6.54498469e+00 -2.08993370e-02
607 5 6.54498469e+00 -2.30757931e-02
608 5 6.54498469e+00 -2.11031269e-02
609 5 6.54498469e+00 -2.29138526e-02
610 5 6.54498469e+00 -2.23805539e-02
611 5 6.54498469e+00 -2.19249474e-02
612 5 6.54498469e+00 -1.95428549e-02
613 5 6.54498469e+00 -2.09342160e-02
614 5 6.54498469e+00 -2.03589459e-02
615 5 6.54498469e+00 -2.21840306e-02
616 5 6.54498469e+00 -1.99885643e-02
617 5 6.54498469e+00 -1.93248194e-02
618 5 6.54498469e+00 -2.19010169e-02
619 5 6.54498469e+00 -2.19467583e-02
620 5 6.54498469e+00 -2.02449497e-02
621 5 6.54498469e+00 -2.10158767e-02
622 5 6.54498469e+00 -1.92300127e-02
623 5 6.54498469e+00 -2.08116985e-02
624 5 6.54498469e+00 -1.99038978e-02
625 5 6.54498469e+00 -2.03157187e-02
626 5 6.54498469e+00 -2.20000369e-02
627 5 6.54498469e+00 -2.19210281e-02
628 5 6.54498469e+00 -2.04187410e-02
629 5 6.54498469e+00 -2.24062366e-02
630 5 6.54498469e+00 -2.13322613e-02
631 5 6.54498469e+00 -2.17365280e-02
632 5 6.54498469e+00 -2.23429162e-02
633 5 6.54498469e+00 -2.02885822e-02
634 5 6.54498469e+00 -1.87624876e-02
635 5 6.54498469e+00 -2.23175734e-02
636 5 6.54498469e+00 -2.00683825e-02
637 5 6.54498469e+00 -2.12329024e-02
638 5 6.54498469e+00 -2.17881211e-02
639 5 6.54498469e+00 -2.17024818e-02
640 5 6.54498469e+00 -2.16528200e-02
641 5 6.54498469e+00 -2.13685894e-02
642 5 6.54498469e+00 -2.16938260e-02
643 5 6.54498469e+00 -2.02711337e-02
644 5 6.54498469e+00 -1.93045296e-02
645 5 6.54498469e+00 -2.23197114e-02
646 5 6.54498469e+00 -2.35405786e-02
647 5 6.54498469e+00 -2.36328853e-02
648 5 6.54498469e+00 -2.04334590e-02
649 5 6.54498469e+00 -2.38709011e-02
650 5 6.54498469e+00 -2.01243598e-02
651 5 6.54498469e+00 -2.20244511e-02
652 5 6.54498469e+00 -2.19843221e-02
653 5 6.54498469e+00 -2.02121418e-02
654 5 6.54498469e+00 -2.06724230e-02
655 5 6.54498469e+00 -2.09649325e-02
656 5 6.54498469e+00 -2.10908336e-02
657 5 6.54498469e+00 -2.05762519e-02
658 5 6.54498469e+00 -1.96783346e-02
659 5 6.54498469e+00 -2.04709465e-02
660 5 6.54498469e+00 -2.15550318e-02
661 5 6.54498469e+00 -2.19393252e-02
662 5 6.54498469e+00 -1.99127555e-02
663 5 6.54498469e+00 -2.04357316e-02
664 5 6.54498469e+00 -1.97071839e-02
665 5 6.54498469e+00 -2.20242582e-02
666 5 6.54498469e+00 -2.07313687e-02
667 5 6.54498469e+00 -2.09585230e-02
668 5 6.54498469e+00 -2.08490566e-02
669 5 6.54498469e+00 -2.11091843e-02
670 5 6.54498469e+00 -2.17218673e-02
671 5 6.54498469e+00 -2.07699742e-02
672 5 6.54498469e+00 -2.12229774e-02
673 5 6.54498469e+00 -1.97400546e-02
674 5 6.54498469e+00 -2.22714520e-02
675 5 6.54498469e+00 -2.19421905e-02
676 5 6.54498469e+00 -2.23318981e-02
677 5 6.54498469e+00 -2.05233071e-02
678 5 6.54498469e+00 -2.01648909e-02
679 5 6.54498469e+00 -2.12981614e-02
680 5 6.54498469e+00 -1.94652946e-02
681 5 6.54498469e+00 -2.17410812e-02
682 5 6.54498469e+00 -2.11966074e-02
683 5 6.54498469e+00 -2.33308314e-02
684 5 6.54498469e+00 -2.08430281e-02
685 5 6.54498469e+00 -2.11035977e-02
686 5 6.54498469e+00 -1.97766806e-02
687 5 6.54498469e+00 -2.06365187e-02
688 5 6.54498469e+00 -2.21526147e-02
689 5 6.54498469e+00 -2.19173751e-02
690 5 6.54498469e+00 -1.99497871e-02
691 5 6.54498469e+00 -2.28154135e-02
692 5 6.54498469e+00 -2.09057207e-02
693 5 6.54498469e+00 -2.09104208e-02
694 5 6.54498469e+00 -2.13350360e-02
695 5 6.54498469e+00 -2.11026792e-02
696 5 6.54498469e+00 -2.16223419e-02
697 5 6.54498469e+00 -2.15329932e-02
698 5 6.54498469e+00 -2.05137107e-02
699 5 6.54498469e+00 -2.18193487e-02
700 5 6.54498469e+00 -2.24274693e-02
701 5 6.54498469e+00 -2.15234355e-02
702 5 6.54498469e+00 -2.10783667e-02
703 5 6.54498469e+00 -1.81390698e-02
704 5 6.54498469e+00 -2.04423260e-02
705 5 6.54498469e+00 -2.02821604e-02
706 5 6.54498469e+00 -2.11703115e-02
707 5 6.54498469e+00 -2.14666442e-02
708 5 6.54498469e+00 -2.08594747e-02
709 5 6.54498469e+00 -1.88096316e-02
710 5 6.54498469e+00 -2.07780532e-02
711 5 6.54498469e+00 -1.95426330e-02
712 5 6.54498469e+00 -1.95922357e-02
713 5 6.54498469e+00 -2.08838793e-02
714 5 6.54498469e+00 -2.12496631e-02
715 5 6.54498469e+00 -2.10098390e-02
716 5 6.54498469e+00 -2.10505674e-02
717 5 6.54498469e+00 -2.27283897e-02
718 5 6.54498469e+00 -2.28009678e-02
719 5 6.54498469e+00 -2.18688367e-02
720 5 6.54498469e+00 -2.13370480e-02
721 5 6.54498469e+00 -2.14060339e-02
722 5 6.54498469e+00 -2.14291376e-02
723 5 6.54498469e+00 -2.17644605e-02
724 5 6.54498469e+00 -2.05122947e-02
725 5 6.54498469e+00 -2.21913520e-02
726 5 6.54498469e+00 -2.06914821e-02
727 5 6.54498469e+00 -2.03888219e-02
728 5 6.54498469e+00 -2.22590327e-02
729 5 6.54498469e+00 -1.91621525e-02
730 5 6.54498469e+00 -2.25349218e-02
731 5 6.54498469e+00 -2.09250640e-02
732 5 6.54498469e+00 -2.11038921e-02
733 5 6.54498469e+00 -2.12346521e-02
734 5 6.54498469e+00 -2.07157589e-02
735 5 6.54498469e+00 -2.06711353e-02
736 5 6.54498469e+00 -2.18893550e-02
737 5 6.54498469e+00 -2.15757357e-02
738 5 6.54498469e+00 -2.04640594e-02
739 5 6.54498469e+00 -2.26567621e-02
740 5 6.54498469e+00 -2.10842665e-02
741 5 6.54498469e+00 -2.22835314e-02
742 5 6.54498469e+00 -2.21237646e-02
743 5 6.54498469e+00 -2.16580397e-02
744 5 6.54498469e+00 -2.11974378e-02
745 5 6.54498469e+00 -2.19407102e-02
746 5 6.54498469e+00 -2.08319946e-02
747 5 6.54498469e+00 -1.95499566e-02
748 5 6.54498469e+00 -2.06156599e-02
749 5 6.54498469e+00 -2.23379428e-02
750 5 6.54498469e+00 -2.11452033e-02
751 5 6.54498469e+00 -1.83572538e-02
752 5 6.54498469e+00 -1.91567546e-02
753 5 6.54498469e+00 -1.96450107e-02
754 5 6.54498469e+00 -1.96371375e-02
755 5 6.54498469e+00 -2.24851711e-02
756 5 6.54498469e+00 -2.09982469e-02
757 5 6.54498469e+00 -2.19678917e-02
758 5 6.54498469e+00 -2.00682602e-02
759 5 6.54498469e+00 -2.20426459e-02
760 5 6.54498469e+00 -2.09689137e-02
761 5 6.54498469e+00 -1.98779174e-02
762 5 6.54498469e+00 -2.14489694e-02
763 5 6.54498469e+00 -1.97802033e-02
764 5 6.54498469e+00 -1.93677337e-02
765 5 6.54498469e+00 -2.11183780e-02
766 5 6.54498469e+00 -2.02782449e-02
767 5 6.54498469e+00 -2.28217498e-02
768 5 6.54498469e+00 -2.01337544e-02
769 5 6.54498469e+00 -1.99595900e-02
770 5 6.54498469e+00 -2.17807078e-02
771 5 6.54498469e+00 -2.16213424e-02
772 5 6.54498469e+00 -2.08863067e-02
773 5 6.54498469e+00 -2.15403431e-02
774 5 6.54498469e+00 -2.08273109e-02
775 5 6.54498469e+00 -2.06029913e-02
776 5 6.54498469e+00 -2.15881449e-02
777 5 6.54498469e+00 -2.15801048e-02
778 5 6.54498469e+00 -2.14206065e-02
779 5 6.54498469e+00 -2.11623611e-02
780 5 6.54498469e+00 -2.21164588e-02
781 5 6.54498469e+00 -2.06284662e-02
782 5 6.54498469e+00 -2.07656912e-02
783 5 6.54498469e+00 -2.12457390e-02
784 5 6.54498469e+00 -2.11207632e-02
785 5 6.54498469e+00 -2.15977345e-02
786 5 6.54498469e+00 -2.17640492e-02
787 5 6.54498469e+00 -2.24611728e-02
788 5 6.54498469e+00 -2.19625094e-02
789 5 6.54498469e+00 -2.21042520e-02
790 5 6.54498469e+00 -2.06934446e-02
791 5 6.54498469e+00 -2.20701667e-02
792 5 6.54498469e+00 -2.21572968e-02
793 5 6.54498469e+00 -2.25134982e-02
794 5 6.54498469e+00 -2.17356383e-02
795 5 6.54498469e+00 -2.19321130e-02
796 5 6.54498469e+00 -2.08151451e-02
797 5 6.54498469e+00 -2.02704415e-02
798 5 6.54498469e+00 -2.18652034e-02
799 5 6.54498469e+00 -2.30596535e-02
800 5 6.54498469e+00 -2.01494773e-02
801 5 6.54498469e+00 -2.01297563e-02
802 5 6.54498469e+00 -2.22728657e-02
803 5 6.54498469e+00 -2.03696091e-02
804 5 6.54498469e+00 -2.08129319e-02
805 5 6.54498469e+00 -1.91962694e-02
806 5 6.54498469e+00 -2.07258715e-02
807 5 6.54498469e+00 -2.12624947e-02
808 5 6.54498469e+00 -2.07317508e-02
809 5 6.54498469e+00 -2.03071179e-02
810 5 6.54498469e+00 -1.78965898e-02
811 5 6.54498469e+00 -1.99767345e-02
812 5 6.54498469e+00 -2.09688575e-02
813 5 6.54498469e+00 -2.14265041e-02
814 5 6.54498469e+00 -2.08074057e-02
815 5 6.54498469e+00 -1.97384220e-02
816 5 6.54498469e+00 -2.13818400e-02
817 5 6.54498469e+00 -2.03653761e-02
818 5 6.54498469e+00 -2.11578740e-02
819 5 6.54498469e+00 -2.05845935e-02
820 5 6.54498469e+00 -1.82977971e-02
821 5 6.54498469e+00 -2.18280876e-02
822 5 6.54498469e+00 -2.06770020e-02
823 5 6.54498469e+00 -2.10846934e-02
824 5 6.54498469e+00 -2.09749822e-02
825 5 6.54498469e+00 -2.09888912e-02
826 5 6.54498469e+00 -2.06362737e-02
827 5 6.54498469e+00 -2.20608596e-02
828 5 6.54498469e+00 -1.95002140e-02
829 5 6.54498469e+00 -2.18329850e-02
830 5 6.54498469e+00 -2.12251954e-02
831 5 6.54498469e+00 -2.14963394e-02
832 5 6.54498469e+00 -2.11189987e-02
833 5 6.54498469e+00 -1.95835448e-02
834 5 6.54498469e+00 -2.07829031e-02
835 5 6.54498469e+00 -2.09045955e-02
836 5 6.54498469e+00 -2.21356923e-02
837 5 6.54498469e+00 -2.11511141e-02
838 5 6.54498469e+00 -2.07102705e-02
839 5 6.54498469e+00 -2.16172614e-02
840 5 6.54498469e+00 -1.94380586e-02
841 5 6.54498469e+00 -2.13902600e-02
842 5 6.54498469e+00 -2.24493941e-02
843 5 6.54498469e+00 -2.17008724e-02
844 5 6.54498469e+00 -2.02540271e-02
845 5 6.54498469e+00 -2.19497257e-02
846 5 6.54498469e+00 -2.17301904e-02
847 5 6.54498469e+00 -2.24941113e-02
848 5 6.54498469e+00 -2.18184197e-02
849 5 6.54498469e+00 -2.19280217e-02
850 5 6.54498469e+00 -2.19214754e-02
851 5 6.54498469e+00 -2.12502978e-02
852 5 6.54498469e+00 -2.20140268e-02
853 5 6.54498469e+00 -2.09542316e-02
854 5 6.54498469e+00 -2.15855273e-02
855 5 6.54498469e+00 -2.06318495e-02
856 5 6.54498469e+00 -1.98614651e-02
857 5 6.54498469e+00 -1.94516531e-02
858 5 6.54498469e+00 -1.97552034e-02
859 5 6.54498469e+00 -2.02660496e-02
860 5 6.54498469e+00 -2.10959409e-02
861 5 6.54498469e+00 -2.23850266e-02
862 5 6.54498469e+00 -2.00420399e-02
863 5 6.54498469e+00 -1.99209032e-02
864 5 6.54498469e+00 -2.11957296e-02
865 5 6.54498469e+00 -2.05607500e-02
866 5 6.54498469e+00 -2.07985478e-02
867 5 6.54498469e+00 -2.21671421e-02
868 5 6.54498469e+00 -2.13931311e-02
869 5 6.54498469e+00 -2.31543225e-02
870 5 6.54498469e+00 -2.14829653e-02
871 5 6.54498469e+00 -2.07685439e-02
872 5 6.54498469e+00 -2.10522809e-02
873 5 6.54498469e+00 -2.09287416e-02
874 5 6.54498469e+00 -2.12326485e-02
875 5 6.54498469e+00 -2.00953997e-02
876 5 6.54498469e+00 -2.13401265e-02
877 5 6.54498469e+00 -2.09556266e-02
878 5 6.54498469e+00 -2.05972539e-02
879 5 6.54498469e+00 -2.18262607e-02
880 5 6.54498469e+00 -2.04245875e-02
881 5 6.54498469e+00 -2.13369794e-02
882 5 6.54498469e+00 -2.13342703e-02
883 5 6.54498469e+00 -2.17480946e-02
884 5 6.54498469e+00 -2.17206939e-02
885 5 6.54498469e+00 -2.13910375e-02
886 5 6.54498469e+00 -2.15540107e-02
887 5 6.54498469e+00 -2.02371346e-02
888 5 6.54498469e+00 -2.37098709e-02
889 5 6.54498469e+00 -2.13329660e-02
890 5 6.54498469e+00 -2.04986571e-02
891 5 6.54498469e+00 -2.02761830e-02
892 5 6.54498469e+00 -2.13014183e-02
893 5 6.54498469e+00 -2.01385550e-02
894 5 6.54498469e+00 -2.20132918e-02
895 5 6.54498469e+00 -2.27549822e-02
896 5 6.54498469e+00 -2.17086852e-02
897 5 6.54498469e+00 -2.17870019e-02
898 5 6.54498469e+00 -2.31035481e-02
899 5 6.54498469e+00 -2.10873526e-02
900 5 6.54498469e+00 -1.98408905e-02
901 5 6.54498469e+00 -2.09068559e-02
902 5 6.54498469e+00 -2.00334353e-02
903 5 6.54498469e+00 -2.10860493e-02
904 5 6.54498469e+00 -1.88621281e-02
905 5 6.54498469e+00 -2.17564980e-02
906 5 6.54498469e+00 -2.08678291e-02
907 5 6.54498469e+00 -2.20633763e-02
908 5 6.54498469e+00 -2.09062987e-02
909 5 6.54498469e+00 -2.09289342e-02
910 5 6.54498469e+00 -2.07348292e-02
911 5 6.54498469e+00 -2.36129183e-02
912 5 6.54498469e+00 -2.02915425e-02
913 5 6.54498469e+00 -2.15240345e-02
914 5 6.54498469e+00 -2.11788327e-02
915 5 6.54498469e+00 -2.07812559e-02
916 5 6.54498469e+00 -2.24194480e-02
917 5 6.54498469e+00 -2.08165548e-02
918 5 6.54498469e+00 -2.10931172e-02
919 5 6.54498469e+00 -2.20117887e-02
920 5 6.54498469e+00 -2.14649363e-02
921 5 6.54498469e+00 -2.22380774e-02
922 5 6.54498469e+00 -2.05662273e-02
923 5 6.54498469e+00 -2.13521692e-02
924 5 6.54498469e+00 -2.17712514e-02
925 5 6.54498469e+00 -1.93894362e-02
926 5 6.54498469e+00 -2.09556908e-02
927 5 6.54498469e+00 -2.05323267e-02
928 5 6.54498469e+00 -1.99629014e-02
929 5 6.54498469e+00 -2.16634372e-02
930 5 6.54498469e+00 -2.13033059e-02
931 5 6.54498469e+00 -2.16838275e-02
932 5 6.54498469e+00 -1.95936646e-02
933 5 6.54498469e+00 -2.24698513e-02
934 5 6.54498469e+00 -2.20439222e-02
935 5 6.54498469e+00 -2.07187500e-02
936 5 6.54498469e+00 -2.15455601e-02
937 5 6.54498469e+00 -2.14305514e-02
938 5 6.54498469e+00 -2.22668950e-02
939 5 6.54498469e+00 -2.08137158e-02
940 5 6.54498469e+00 -1.86146156e-02
941 5 6.54498469e+00 -2.13156748e-02
942 5 6.54498469e+00 -1.89885659e-02
943 5 6.54498469e+00 -2.11877684e-02
944 5 6.54498469e+00 -2.18743946e-02
945 5 6.54498469e+00 -2.08640828e-02
946 5 6.54498469e+00 -2.09751153e-02
947 5 6.54498469e+00 -2.01181280e-02
948 5 6.54498469e+00 -2.06102384e-02
949 5 6.54498469e+00 -2.21993005e-02
950 5 6.54498469e+00 -2.11458290e-02
951 5 6.54498469e+00 -2.15658520e-02
952 5 6.54498469e+00 -2.18340203e-02
953 5 6.54498469e+00 -2.02746996e-02
954 5 6.54498469e+00 -2.19789555e-02
955 5 6.54498469e+00 -2.25822903e-02
956 5 6.54498469e+00 -1.95906387e-02
957 5 6.54498469e+00 -2.11805376e-02
958 5 6.54498469e+00 -2.03926837e-02
959 5 6.54498469e+00 -2.15254705e-02
960 5 6.54498469e+00 -2.13004586e-02
961 5 6.54498469e+00 -2.02241070e-02
962 5 6.54498469e+00 -2.14187535e-02
963 5 6.54498469e+00 -2.12329336e-02
964 5 6.54498469e+00 -2.04328178e-02
965 5 6.54498469e+00 -2.18320719e-02
966 5 6.54498469e+00 -2.11325393e-02
967 5 6.54498469e+00 -2.23215088e-02
968 5 6.54498469e+00 -1.99809255e-02
969 5 6.54498469e+00 -2.21112798e-02
970 5 6.54498469e+00 -2.04853807e-02
971 5 6.54498469e+00 -2.14927612e-02
972 5 6.54498469e+00 -2.02232329e-02
973 5 6.54498469e+00 -2.19924462e-02
974 5 6.54498469e+00 -2.12284576e-02
975 5 6.54498469e+00 -1.98674782e-02
976 5 6.54498469e+00 -2.22365047e-02
977 5 6.54498469e+00 -2.00797330e-02
978 5 6.54498469e+00 -2.03404838e-02
979 5 6.54498469e+00 -2.02461369e-02
980 5 6.54498469e+00 -2.25639001e-02
981 5 6.54498469e+00 -2.12376015e-02
982 5 6.54498469e+00 -2.14423921e-02
983 5 6.54498469e+00 -1.99577933e-02
984 5 6.54498469e+00 -2.16818011e-02
985 5 6.54498469e+00 -1.95097239e-02
986 5 6.54498469e+00 -2.00857592e-02
987 5 6.54498469e+00 -2.11130541e-02
988 5 6.54498469e+00 -2.09097574e-02
989 5 6.54498469e+00 -1.95839775e-02
990 5 6.54498469e+00 -2.15011049e-02
991 5 6.54498469e+00 -2.26496206e-02
992 5 6.54498469e+00 -2.21986734e-02
993 5 6.54498469e+00 -2.12921640e-02
994 5 6.54498469e+00 -2.26707900e-02
995 5 6.54498469e+00 -2.07993974e-02
996 5 6.54498469e+00 -2.00631526e-02
997 5 6.54498469e+00 -2.23879953e-02
998 5 6.54498469e+00 -2.05371515e-02
999 5 6.54498469e+00 -2.21417399e-02
1000 5 6.54498469e+00 -2.26986466e-02
1001 5 6.54498469e+00 -2.14541700e-02
1002 5 6.54498469e+00 -2.09171157e-02
1003 5 6.54498469e+00 -2.02324668e-02
1004 5 6.54498469e+00 -2.13815014e-02
1005 5 6.54498469e+00 -2.24273910e-02
1006 5 6.54498469e+00 -2.14282901e-02
1007 5 6.54498469e+00 -2.06532957e-02
1008 5 6.54498469e+00 -2.10248709e-02
1009 5 6.54498469e+00 -2.29061819e-02
1010 5 6.54498469e+00 -2.10034029e-02
1011 5 6.54498469e+00 -2.13187259e-02
1012 5 6.54498469e+00 -2.19352780e-02
