a15m310 Wilson3 pz5 0.151fm zmax5
config z nu=p.z RpITD
0 1 1.96349541e+00 8.84095590e-03
1 1 1.96349541e+00 9.65700828e-03
2 1 1.96349541e+00 9.98588971e-03
3 1 1.96349541e+00 9.14321891e-03
4 1 1.96349541e+00 1.01540089e-02
5 1 1.96349541e+00 1.01034124e-02
6 1 1.96349541e+00 8.93147804e-03
7 1 1.96349541e+00 1.01043892e-02
8 1 1.96349541e+00 9.11601769e-03
9 1 1.96349541e+00 9.89827536e-03
10 1 1.96349541e+00 1.02923816e-02
11 1 1.96349541e+00 9.90701783e-03
12 1 1.96349541e+00 9.62389970e-03
13 1 1.96349541e+00 9.88981217e-03
14 1 1.96349541e+00 9.34194404e-03
15 1 1.96349541e+00 9.67514610e-03
16 1 1.96349541e+00 9.59230342e-03
17 1 1.96349541e+00 9.93281881e-03
18 1 1.96349541e+00 9.53783470e-03
19 1 1.96349541e+00 9.80290068e-03
20 1 1.96349541e+00 9.76173120e-03
21 1 1.96349541e+00 9.56537911e-03
22 1 1.96349541e+00 9.43652891e-03
23 1 1.96349541e+00 1.03045513e-02
24 1 1.96349541e+00 8.63948522e-03
25 1 1.96349541e+00 9.41123718e-03
26 1 1.96349541e+00 9.29755857e-03
27 1 1.96349541e+00 9.21953444e-03
28 1 1.96349541e+00 1.00261723e-02
29 1 1.96349541e+00 1.02778538e-02
30 1 1.96349541e+00 9.02305184e-03
31 1 1.96349541e+00 9.60472766e-03
32 1 1.96349541e+00 9.43495803e-03
33 1 1.96349541e+00 9.46732969e-03
34 1 1.96349541e+00 9.69625600e-03
35 1 1.96349541e+00 1.00730811e-02
36 1 1.96349541e+00 9.32996307e-03
37 1 1.96349541e+00 9.60402351e-03
38 1 1.96349541e+00 9.29994982e-03
39 1 1.96349541e+00 9.57463121e-03
40 1 1.96349541e+00 9.49838883e-03
41 1 1.96349541e+00 9.51943106e-03
42 1 1.96349541e+00 9.87230493e-03
43 1 1.96349541e+00 9.93730481e-03
44 1 1.96349541e+00 9.58661691e-03
45 1 1.96349541e+00 9.39950989e-03
46 1 1.96349541e+00 9.83043398e-03
47 1 1.96349541e+00 9.96443823e-03
48 1 1.96349541e+00 9.17391083e-03
49 1 1.96349541e+00 9.51864105e-03
50 1 1.96349541e+00 1.03322962e-02
51 1 1.96349541e+00 9.49286868e-03
52 1 1.96349541e+00 9.84830116e-03
53 1 1.96349541e+00 1.01177721e-02
54 1 1.96349541e+00 9.60174605e-03
55 1 1.96349541e+00 9.59110936e-03
56 1 1.96349541e+00 1.00833241e-02
57 1 1.96349541e+00 9.58856955e-03
58 1 1.96349541e+00 9.71697786e-03
59 1 1.96349541e+00 9.69044190e-03
60 1 1.96349541e+00 9.54923750e-03
61 1 1.96349541e+00 9.64003143e-03
62 1 1.96349541e+00 1.00908630e-02
63 1 1.96349541e+00 1.01616964e-02
64 1 1.96349541e+00 9.74665111e-03
65 1 1.96349541e+00 9.71830261e-03
66 1 1.96349541e+00 9.72122696e-03
67 1 1.96349541e+00 9.89070631e-03
68 1 1.96349541e+00 9.53232484e-03
69 1 1.96349541e+00 9.46771075e-03
70 1 1.96349541e+00 1.01898639e-02
71 1 1.96349541e+00 8.97192423e-03
72 1 1.96349541e+00 9.07107644e-03
73 1 1.96349541e+00 9.80709484e-03
74 1 1.96349541e+00 9.82757628e-03
75 1 1.96349541e+00 9.41614319e-03
76 1 1.96349541e+00 1.02404370e-02
77 1 1.96349541e+00 9.72283854e-03
78 1 1.96349541e+00 9.44501739e-03
79 1 1.96349541e+00 9.09272356e-03
80 1 1.96349541e+00 9.86550300e-03
81 1 1.96349541e+00 1.01631323e-02
82 1 1.96349541e+00 9.58685077e-03
83 1 1.96349541e+00 9.52693863e-03
84 1 1.96349541e+00 9.31942153e-03
85 1 1.96349541e+00 1.02991689e-02
86 1 1.96349541e+00 9.82802294e-03
87 1 1.96349541e+00 9.58001935e-03
88 1 1.96349541e+00 1.00422026e-02
89 1 1.96349541e+00 9.66319024e-03
90 1 1.96349541e+00 9.83879082e-03
91 1 1.96349541e+00 9.93729554e-03
92 1 1.96349541e+00 9.41101929e-03
93 1 1.96349541e+00 9.93063807e-03
94 1 1.96349541e+00 1.04934358e-02
95 1 1.96349541e+00 9.82300379e-03
96 1 1.96349541e+00 9.65716359e-03
97 1 1.96349541e+00 9.76669465e-03
98 1 1.96349541e+00 1.01102081e-02
99 1 1.96349541e+00 9.74647207e-03
100 1 1.96349541e+00 9.50883826e-03
101 1 1.96349541e+00 1.01327569e-02
102 1 1.96349541e+00 9.10874215e-03
103 1 1.96349541e+00 9.23642753e-03
104 1 1.96349541e+00 1.00497262e-02
105 1 1.96349541e+00 9.91411290e-03
106 1 1.96349541e+00 8.83179644e-03
107 1 1.96349541e+00 9.91040801e-03
108 1 1.96349541e+00 9.87144531e-03
109 1 1.96349541e+00 9.73562411e-03
110 1 1.96349541e+00 9.50746893e-03
111 1 1.96349541e+00 9.47356462e-03
112 1 1.96349541e+00 9.11374346e-03
113 1 1.96349541e+00 9.60571562e-03
114 1 1.96349541e+00 9.47212261e-03
115 1 1.96349541e+00 9.87904342e-03
116 1 1.96349541e+00 9.68552260e-03
117 1 1.96349541e+00 9.45489473e-03
118 1 1.96349541e+00 9.90020431e-03
119 1 1.96349541e+00 9.44708455e-03
120 1 1.96349541e+00 9.36518064e-03
121 1 1.96349541e+00 9.81149872e-03
122 1 1.96349541e+00 9.48757304e-03
123 1 1.96349541e+00 1.03864498e-02
124 1 1.96349541e+00 9.79053424e-03
125 1 1.96349541e+00 9.93070411e-03
126 1 1.96349541e+00 9.88648782e-03
127 1 1.96349541e+00 9.29367813e-03
128 1 1.96349541e+00 9.85644554e-03
129 1 1.96349541e+00 9.52234811e-03
130 1 1.96349541e+00 9.56570762e-03
131 1 1.96349541e+00 9.21995822e-03
132 1 1.96349541e+00 9.42150408e-03
133 1 1.96349541e+00 9.32488486e-03
134 1 1.96349541e+00 9.67566571e-03
135 1 1.96349541e+00 9.46855988e-03
136 1 1.96349541e+00 9.29977037e-03
137 1 1.96349541e+00 9.90424744e-03
138 1 1.96349541e+00 1.01623785e-02
139 1 1.96349541e+00 9.19534887e-03
140 1 1.96349541e+00 9.63406064e-03
141 1 1.96349541e+00 9.99640267e-03
142 1 1.96349541e+00 1.01534712e-02
143 1 1.96349541e+00 9.50153548e-03
144 1 1.96349541e+00 9.63665919e-03
145 1 1.96349541e+00 9.71322452e-03
146 1 1.96349541e+00 1.01908635e-02
147 1 1.96349541e+00 9.57286315e-03
148 1 1.96349541e+00 9.87207430e-03
149 1 1.96349541e+00 9.55523227e-03
150 1 1.96349541e+00 9.56836175e-03
151 1 1.96349541e+00 9.69917251e-03
152 1 1.96349541e+00 9.15487124e-03
153 1 1.96349541e+00 9.31573148e-03
154 1 1.96349541e+00 9.49192616e-03
155 1 1.96349541e+00 9.35292733e-03
156 1 1.96349541e+00 1.03825337e-02
157 1 1.96349541e+00 9.89045462e-03
158 1 1.96349541e+00 1.03200562e-02
159 1 1.96349541e+00 9.59591840e-03
160 1 1.96349541e+00 9.55978073e-03
161 1 1.96349541e+00 9.73942897e-03
162 1 1.96349541e+00 9.85615749e-03
163 1 1.96349541e+00 1.02283295e-02
164 1 1.96349541e+00 9.00225931e-03
165 1 1.96349541e+00 9.44581599e-03
166 1 1.96349541e+00 1.01509046e-02
167 1 1.96349541e+00 9.50022039e-03
168 1 1.96349541e+00 9.76805536e-03
169 1 1.96349541e+00 9.67171745e-03
170 1 1.96349541e+00 9.29532779e-03
171 1 1.96349541e+00 9.51465212e-03
172 1 1.96349541e+00 9.67712892e-03
173 1 1.96349541e+00 1.04851755e-02
174 1 1.96349541e+00 1.01579745e-02
175 1 1.96349541e+00 1.00726776e-02
176 1 1.96349541e+00 1.00319220e-02
177 1 1.96349541e+00 9.79413310e-03
178 1 1.96349541e+00 9.16851180e-03
179 1 1.96349541e+00 9.97721902e-03
180 1 1.96349541e+00 9.28056417e-03
181 1 1.96349541e+00 9.59824721e-03
182 1 1.96349541e+00 9.83196475e-03
183 1 1.96349541e+00 9.58646813e-03
184 1 1.96349541e+00 9.80332641e-03
185 1 1.96349541e+00 9.39627885e-03
186 1 1.96349541e+00 9.44863242e-03
187 1 1.96349541e+00 9.08686337e-03
188 1 1.96349541e+00 9.30371997e-03
189 1 1.96349541e+00 9.44213682e-03
190 1 1.96349541e+00 9.72108902e-03
191 1 1.96349541e+00 1.00285654e-02
192 1 1.96349541e+00 9.98244384e-03
193 1 1.96349541e+00 9.66128944e-03
194 1 1.96349541e+00 9.87363174e-03
195 1 1.96349541e+00 1.01426360e-02
196 1 1.96349541e+00 9.93068078e-03
197 1 1.96349541e+00 9.83322036e-03
198 1 1.96349541e+00 9.97165216e-03
199 1 1.96349541e+00 1.00363373e-02
200 1 1.96349541e+00 9.27036497e-03
201 1 1.96349541e+00 8.95559247e-03
202 1 1.96349541e+00 9.20052894e-03
203 1 1.96349541e+00 9.41188083e-03
204 1 1.96349541e+00 9.46689087e-03
205 1 1.96349541e+00 1.04017061e-02
206 1 1.96349541e+00 9.39750037e-03
207 1 1.96349541e+00 9.31934676e-03
208 1 1.96349541e+00 9.83409235e-03
209 1 1.96349541e+00 9.86400294e-03
210 1 1.96349541e+00 9.22027803e-03
211 1 1.96349541e+00 9.86207228e-03
212 1 1.96349541e+00 9.92914896e-03
213 1 1.96349541e+00 9.23034135e-03
214 1 1.96349541e+00 9.50076802e-03
215 1 1.96349541e+00 1.06940278e-02
216 1 1.96349541e+00 9.69680673e-03
217 1 1.96349541e+00 9.54030266e-03
218 1 1.96349541e+00 1.05504928e-02
219 1 1.96349541e+00 9.78982820e-03
220 1 1.96349541e+00 9.96071494e-03
221 1 1.96349541e+00 9.92524310e-03
222 1 1.96349541e+00 9.64928378e-03
223 1 1.96349541e+00 1.07402767e-02
224 1 1.96349541e+00 8.73824465e-03
225 1 1.96349541e+00 9.76982035e-03
226 1 1.96349541e+00 9.76478674e-03
227 1 1.96349541e+00 9.49634154e-03
228 1 1.96349541e+00 9.55747051e-03
229 1 1.96349541e+00 9.86241955e-03
230 1 1.96349541e+00 9.67409221e-03
231 1 1.96349541e+00 1.00203560e-02
232 1 1.96349541e+00 9.31401675e-03
233 1 1.96349541e+00 9.50157334e-03
234 1 1.96349541e+00 9.34615459e-03
235 1 1.96349541e+00 9.09490035e-03
236 1 1.96349541e+00 9.64292279e-03
237 1 1.96349541e+00 9.86829410e-03
238 1 1.96349541e+00 9.71067707e-03
239 1 1.96349541e+00 9.63146112e-03
240 1 1.96349541e+00 1.00237933e-02
241 1 1.96349541e+00 8.96741346e-03
242 1 1.96349541e+00 9.35721686e-03
243 1 1.96349541e+00 9.63420282e-03
244 1 1.96349541e+00 9.10654217e-03
245 1 1.96349541e+00 9.05690850e-03
246 1 1.96349541e+00 9.78032065e-03
247 1 1.96349541e+00 1.00469593e-02
248 1 1.96349541e+00 9.19332913e-03
249 1 1.96349541e+00 1.00026438e-02
250 1 1.96349541e+00 9.63094896e-03
251 1 1.96349541e+00 9.53684360e-03
252 1 1.96349541e+00 1.00369775e-02
253 1 1.96349541e+00 9.53152469e-03
254 1 1.96349541e+00 9.75761217e-03
255 1 1.96349541e+00 9.69318303e-03
256 1 1.96349541e+00 1.01942730e-02
257 1 1.96349541e+00 9.23001192e-03
258 1 1.96349541e+00 9.62512566e-03
259 1 1.96349541e+00 9.86998254e-03
260 1 1.96349541e+00 9.94474570e-03
261 1 1.96349541e+00 9.34624623e-03
262 1 1.96349541e+00 9.44450503e-03
263 1 1.96349541e+00 9.19386109e-03
264 1 1.96349541e+00 9.46377932e-03
265 1 1.96349541e+00 9.94109858e-03
266 1 1.96349541e+00 8.88802387e-03
267 1 1.96349541e+00 1.03862067e-02
268 1 1.96349541e+00 9.65903236e-03
269 1 1.96349541e+00 9.44928781e-03
270 1 1.96349541e+00 9.61190888e-03
271 1 1.96349541e+00 9.46643116e-03
272 1 1.96349541e+00 9.13128478e-03
273 1 1.96349541e+00 9.01788883e-03
274 1 1.96349541e+00 9.56085177e-03
275 1 1.96349541e+00 9.95675548e-03
276 1 1.96349541e+00 1.01967217e-02
277 1 1.96349541e+00 9.63135428e-03
278 1 1.96349541e+00 1.08268674e-02
279 1 1.96349541e+00 9.98331642e-03
280 1 1.96349541e+00 9.31090035e-03
281 1 1.96349541e+00 9.33553408e-03
282 1 1.96349541e+00 9.98028261e-03
283 1 1.96349541e+00 1.09364423e-02
284 1 1.96349541e+00 8.80371995e-03
285 1 1.96349541e+00 9.65651298e-03
286 1 1.96349541e+00 9.60145995e-03
287 1 1.96349541e+00 9.17288861e-03
288 1 1.96349541e+00 9.42609050e-03
289 1 1.96349541e+00 9.11931737e-03
290 1 1.96349541e+00 9.79873132e-03
291 1 1.96349541e+00 9.69366724e-03
292 1 1.96349541e+00 9.36414885e-03
293 1 1.96349541e+00 9.72021913e-03
294 1 1.96349541e+00 9.90844203e-03
295 1 1.96349541e+00 1.01371694e-02
296 1 1.96349541e+00 9.85540639e-03
297 1 1.96349541e+00 9.73383049e-03
298 1 1.96349541e+00 1.00448222e-02
299 1 1.96349541e+00 9.19212568e-03
300 1 1.96349541e+00 1.01324871e-02
301 1 1.96349541e+00 9.41890579e-03
302 1 1.96349541e+00 9.23709578e-03
303 1 1.96349541e+00 9.75201964e-03
304 1 1.96349541e+00 9.31155824e-03
305 1 1.96349541e+00 9.33150957e-03
306 1 1.96349541e+00 9.79120230e-03
307 1 1.96349541e+00 9.58385254e-03
308 1 1.96349541e+00 9.76198295e-03
309 1 1.96349541e+00 9.36855409e-03
310 1 1.96349541e+00 1.02146861e-02
311 1 1.96349541e+00 8.76928541e-03
312 1 1.96349541e+00 9.91853986e-03
313 1 1.96349541e+00 8.91900676e-03
314 1 1.96349541e+00 1.02401759e-02
315 1 1.96349541e+00 9.89879708e-03
316 1 1.96349541e+00 9.28674020e-03
317 1 1.96349541e+00 9.61171492e-03
318 1 1.96349541e+00 9.30720258e-03
319 1 1.96349541e+00 9.61767808e-03
320 1 1.96349541e+00 9.90124859e-03
321 1 1.96349541e+00 9.62025089e-03
322 1 1.96349541e+00 9.72010611e-03
323 1 1.96349541e+00 9.73900992e-03
324 1 1.96349541e+00 9.52040814e-03
325 1 1.96349541e+00 9.88707997e-03
326 1 1.96349541e+00 9.39992704e-03
327 1 1.96349541e+00 9.73326022e-03
328 1 1.96349541e+00 9.76868015e-03
329 1 1.96349541e+00 9.17911294e-03
330 1 1.96349541e+00 9.53042833e-03
331 1 1.96349541e+00 1.01338026e-02
332 1 1.96349541e+00 1.00487281e-02
333 1 1.96349541e+00 9.83361192e-03
334 1 1.96349541e+00 9.88183629e-03
335 1 1.96349541e+00 9.70200762e-03
336 1 1.96349541e+00 9.70566457e-03
337 1 1.96349541e+00 1.02033169e-02
338 1 1.96349541e+00 9.18293559e-03
339 1 1.96349541e+00 9.64663412e-03
340 1 1.96349541e+00 9.47601806e-03
341 1 1.96349541e+00 9.29720131e-03
342 1 1.96349541e+00 9.23487685e-03
343 1 1.96349541e+00 9.54162897e-03
344 1 1.96349541e+00 8.90655209e-03
345 1 1.96349541e+00 9.97221884e-03
346 1 1.96349541e+00 9.04336570e-03
347 1 1.96349541e+00 9.18163535e-03
348 1 1.96349541e+00 9.63193559e-03
349 1 1.96349541e+00 9.79942090e-03
350 1 1.96349541e+00 9.85099051e-03
351 1 1.96349541e+00 1.02369459e-02
352 1 1.96349541e+00 9.55728066e-03
353 1 1.96349541e+00 9.72921161e-03
354 1 1.96349541e+00 9.79492597e-03
355 1 1.96349541e+00 9.94355180e-03
356 1 1.96349541e+00 1.03164968e-02
357 1 1.96349541e+00 9.94675186e-03
358 1 1.96349541e+00 9.40040315e-03
359 1 1.96349541e+00 8.99686924e-03
360 1 1.96349541e+00 9.51998008e-03
361 1 1.96349541e+00 9.65185811e-03
362 1 1.96349541e+00 9.54170688e-03
363 1 1.96349541e+00 1.04073359e-02
364 1 1.96349541e+00 9.87449038e-03
365 1 1.96349541e+00 9.69223081e-03
366 1 1.96349541e+00 9.35805022e-03
367 1 1.96349541e+00 9.98807892e-03
368 1 1.96349541e+00 9.42073128e-03
369 1 1.96349541e+00 9.92600784e-03
370 1 1.96349541e+00 9.76220530e-03
371 1 1.96349541e+00 9.27905940e-03
372 1 1.96349541e+00 1.01779744e-02
373 1 1.96349541e+00 9.71801750e-03
374 1 1.96349541e+00 9.56682120e-03
375 1 1.96349541e+00 9.04931347e-03
376 1 1.96349541e+00 9.91156548e-03
377 1 1.96349541e+00 9.59007031e-03
378 1 1.96349541e+00 1.01320612e-02
379 1 1.96349541e+00 9.42614252e-03
380 1 1.96349541e+00 9.92086427e-03
381 1 1.96349541e+00 9.66761350e-03
382 1 1.96349541e+00 9.29054146e-03
383 1 1.96349541e+00 9.04149295e-03
384 1 1.96349541e+00 9.99596849e-03
385 1 1.96349541e+00 9.75533812e-03
386 1 1.96349541e+00 9.28312774e-03
387 1 1.96349541e+00 9.71906990e-03
388 1 1.96349541e+00 9.69302936e-03
389 1 1.96349541e+00 9.73714691e-03
390 1 1.96349541e+00 1.01163206e-02
391 1 1.96349541e+00 1.01481817e-02
392 1 1.96349541e+00 9.06047260e-03
393 1 1.96349541e+00 9.96832142e-03
394 1 1.96349541e+00 1.01242144e-02
395 1 1.96349541e+00 1.02972177e-02
396 1 1.96349541e+00 9.18357204e-03
397 1 1.96349541e+00 9.59083369e-03
398 1 1.96349541e+00 9.26076662e-03
399 1 1.96349541e+00 1.01751777e-02
400 1 1.96349541e+00 9.19231688e-03
401 1 1.96349541e+00 9.22587829e-03
402 1 1.96349541e+00 9.87924822e-03
403 1 1.96349541e+00 1.04640425e-02
404 1 1.96349541e+00 8.90092345e-03
405 1 1.96349541e+00 9.21475799e-03
406 1 1.96349541e+00 9.38744322e-03
407 1 1.96349541e+00 1.00923613e-02
408 1 1.96349541e+00 1.01147481e-02
409 1 1.96349541e+00 9.04646871e-03
410 1 1.96349541e+00 9.81775854e-03
411 1 1.96349541e+00 9.36674721e-03
412 1 1.96349541e+00 9.34029752e-03
413 1 1.96349541e+00 9.34080094e-03
414 1 1.96349541e+00 9.85715012e-03
415 1 1.96349541e+00 9.90255976e-03
416 1 1.96349541e+00 9.52484388e-03
417 1 1.96349541e+00 9.38394843e-03
418 1 1.96349541e+00 9.14001675e-03
419 1 1.96349541e+00 9.84215635e-03
420 1 1.96349541e+00 9.68413867e-03
421 1 1.96349541e+00 9.96620932e-03
422 1 1.96349541e+00 9.71520734e-03
423 1 1.96349541e+00 9.47960921e-03
424 1 1.96349541e+00 9.78404326e-03
425 1 1.96349541e+00 9.52308721e-03
426 1 1.96349541e+00 9.13815562e-03
427 1 1.96349541e+00 1.01551664e-02
428 1 1.96349541e+00 9.03038196e-03
429 1 1.96349541e+00 1.04140267e-02
430 1 1.96349541e+00 1.02174874e-02
431 1 1.96349541e+00 9.47107384e-03
432 1 1.96349541e+00 1.00674101e-02
433 1 1.96349541e+00 8.85902519e-03
434 1 1.96349541e+00 9.63351395e-03
435 1 1.96349541e+00 1.00225067e-02
436 1 1.96349541e+00 9.98032232e-03
437 1 1.96349541e+00 9.70179940e-03
438 1 1.96349541e+00 1.01249187e-02
439 1 1.96349541e+00 9.92457606e-03
440 1 1.96349541e+00 9.49526145e-03
441 1 1.96349541e+00 9.93356312e-03
442 1 1.96349541e+00 9.09555896e-03
443 1 1.96349541e+00 9.25210519e-03
444 1 1.96349541e+00 9.24917493e-03
445 1 1.96349541e+00 1.02763267e-02
446 1 1.96349541e+00 9.56562045e-03
447 1 1.96349541e+00 9.14633122e-03
448 1 1.96349541e+00 9.81901928e-03
449 1 1.96349541e+00 1.02289987e-02
450 1 1.96349541e+00 9.75247721e-03
451 1 1.96349541e+00 9.91163697e-03
452 1 1.96349541e+00 9.60701478e-03
453 1 1.96349541e+00 1.01768427e-02
454 1 1.96349541e+00 9.40716648e-03
455 1 1.96349541e+00 9.15377235e-03
456 1 1.96349541e+00 9.78740237e-03
457 1 1.96349541e+00 9.82160636e-03
458 1 1.96349541e+00 9.99718302e-03
459 1 1.96349541e+00 9.44044181e-03
460 1 1.96349541e+00 9.80307516e-03
461 1 1.96349541e+00 1.00740155e-02
462 1 1.96349541e+00 9.33601889e-03
463 1 1.96349541e+00 1.01340797e-02
464 1 1.96349541e+00 9.63221474e-03
465 1 1.96349541e+00 9.92440256e-03
466 1 1.96349541e+00 9.87920311e-03
467 1 1.96349541e+00 9.86341533e-03
468 1 1.96349541e+00 9.69401183e-03
469 1 1.96349541e+00 9.44135033e-03
470 1 1.96349541e+00 9.16833283e-03
471 1 1.96349541e+00 9.35217128e-03
472 1 1.96349541e+00 9.97925524e-03
473 1 1.96349541e+00 9.69551467e-03
474 1 1.96349541e+00 9.81720222e-03
475 1 1.96349541e+00 1.03413756e-02
476 1 1.96349541e+00 1.00937328e-02
477 1 1.96349541e+00 9.68445334e-03
478 1 1.96349541e+00 1.03146351e-02
479 1 1.96349541e+00 9.96423188e-03
480 1 1.96349541e+00 9.74307705e-03
481 1 1.96349541e+00 8.96369744e-03
482 1 1.96349541e+00 9.90812472e-03
483 1 1.96349541e+00 9.86701547e-03
484 1 1.96349541e+00 9.38494999e-03
485 1 1.96349541e+00 9.19127027e-03
486 1 1.96349541e+00 9.78828985e-03
487 1 1.96349541e+00 9.18596794e-03
488 1 1.96349541e+00 9.14995995e-03
489 1 1.96349541e+00 9.73081448e-03
490 1 1.96349541e+00 9.97209074e-03
491 1 1.96349541e+00 9.92593983e-03
492 1 1.96349541e+00 9.34112216e-03
493 1 1.96349541e+00 9.55263657e-03
494 1 1.96349541e+00 9.72015667e-03
495 1 1.96349541e+00 9.65964129e-03
496 1 1.96349541e+00 9.46534563e-03
497 1 1.96349541e+00 9.45206747e-03
498 1 1.96349541e+00 9.46884216e-03
499 1 1.96349541e+00 9.91085741e-03
500 1 1.96349541e+00 9.24847237e-03
501 1 1.96349541e+00 1.00752048e-02
502 1 1.96349541e+00 9.84134527e-03
503 1 1.96349541e+00 9.91073487e-03
504 1 1.96349541e+00 9.81515575e-03
505 1 1.96349541e+00 9.65959577e-03
506 1 1.96349541e+00 9.78162075e-03
507 1 1.96349541e+00 9.77020680e-03
508 1 1.96349541e+00 9.40193840e-03
509 1 1.96349541e+00 9.15883562e-03
510 1 1.96349541e+00 9.53784360e-03
511 1 1.96349541e+00 9.39226788e-03
512 1 1.96349541e+00 1.00138747e-02
513 1 1.96349541e+00 9.25049771e-03
514 1 1.96349541e+00 9.69398843e-03
515 1 1.96349541e+00 9.92344974e-03
516 1 1.96349541e+00 9.53196433e-03
517 1 1.96349541e+00 9.46498105e-03
518 1 1.96349541e+00 1.02201388e-02
519 1 1.96349541e+00 1.01629722e-02
520 1 1.96349541e+00 1.00078656e-02
521 1 1.96349541e+00 8.92959057e-03
522 1 1.96349541e+00 9.23257780e-03
523 1 1.96349541e+00 9.40334729e-03
524 1 1.96349541e+00 9.66558999e-03
525 1 1.96349541e+00 9.86320491e-03
526 1 1.96349541e+00 1.04299159e-02
527 1 1.96349541e+00 9.97665525e-03
528 1 1.96349541e+00 9.90483428e-03
529 1 1.96349541e+00 9.80897571e-03
530 1 1.96349541e+00 9.61209081e-03
531 1 1.96349541e+00 9.64593695e-03
532 1 1.96349541e+00 8.95354238e-03
533 1 1.96349541e+00 9.73705346e-03
534 1 1.96349541e+00 1.01282446e-02
535 1 1.96349541e+00 9.53004537e-03
536 1 1.96349541e+00 9.41138180e-03
537 1 1.96349541e+00 9.47688347e-03
538 1 1.96349541e+00 9.14820963e-03
539 1 1.96349541e+00 8.93510671e-03
540 1 1.96349541e+00 9.00080039e-03
541 1 1.96349541e+00 1.00556601e-02
542 1 1.96349541e+00 1.03481389e-02
543 1 1.96349541e+00 9.43252662e-03
544 1 1.96349541e+00 9.29575590e-03
545 1 1.96349541e+00 9.61357038e-03
546 1 1.96349541e+00 9.69888588e-03
547 1 1.96349541e+00 9.53612724e-03
548 1 1.96349541e+00 9.04222028e-03
549 1 1.96349541e+00 9.81088101e-03
550 1 1.96349541e+00 9.90663321e-03
551 1 1.96349541e+00 1.01185374e-02
552 1 1.96349541e+00 8.87154435e-03
553 1 1.96349541e+00 9.91105449e-03
554 1 1.96349541e+00 9.65716666e-03
555 1 1.96349541e+00 9.40968865e-03
556 1 1.96349541e+00 9.33001761e-03
557 1 1.96349541e+00 1.01105534e-02
558 1 1.96349541e+00 9.31681001e-03
559 1 1.96349541e+00 1.03488302e-02
560 1 1.96349541e+00 9.51879777e-03
561 1 1.96349541e+00 9.64732444e-03
562 1 1.96349541e+00 9.62142364e-03
563 1 1.96349541e+00 9.68234535e-03
564 1 1.96349541e+00 9.45931172e-03
565 1 1.96349541e+00 9.79252397e-03
566 1 1.96349541e+00 1.01100881e-02
567 1 1.96349541e+00 9.72631126e-03
568 1 1.96349541e+00 9.80016477e-03
569 1 1.96349541e+00 1.04314514e-02
570 1 1.96349541e+00 9.47373340e-03
571 1 1.96349541e+00 9.46018859e-03
572 1 1.96349541e+00 1.01926163e-02
573 1 1.96349541e+00 9.85071094e-03
574 1 1.96349541e+00 9.86451126e-03
575 1 1.96349541e+00 9.80083325e-03
576 1 1.96349541e+00 9.32002345e-03
577 1 1.96349541e+00 9.66302694e-03
578 1 1.96349541e+00 9.62871651e-03
579 1 1.96349541e+00 9.61959176e-03
580 1 1.96349541e+00 1.01209554e-02
581 1 1.96349541e+00 1.00333158e-02
582 1 1.96349541e+00 9.97169516e-03
583 1 1.96349541e+00 9.81110308e-03
584 1 1.96349541e+00 9.20594656e-03
585 1 1.96349541e+00 1.01668020e-02
586 1 1.96349541e+00 9.97999030e-03
587 1 1.96349541e+00 9.64891883e-03
588 1 1.96349541e+00 9.61305369e-03
589 1 1.96349541e+00 1.03353089e-02
590 1 1.96349541e+00 9.58627751e-03
591 1 1.96349541e+00 1.05625546e-02
592 1 1.96349541e+00 9.73809921e-03
593 1 1.96349541e+00 1.01022898e-02
594 1 1.96349541e+00 1.00772035e-02
595 1 1.96349541e+00 8.49947407e-03
596 1 1.96349541e+00 9.38571414e-03
597 1 1.96349541e+00 9.45439602e-03
598 1 1.96349541e+00 9.59971068e-03
599 1 1.96349541e+00 9.92692538e-03
600 1 1.96349541e+00 9.65811651e-03
601 1 1.96349541e+00 9.26685998e-03
602 1 1.96349541e+00 9.23943562e-03
603 1 1.96349541e+00 9.29107264e-03
604 1 1.96349541e+00 9.54141392e-03
605 1 1.96349541e+00 9.47230784e-03
606 1 1.96349541e+00 1.00418971e-02
607 1 1.96349541e+00 9.25952830e-03
608 1 1.96349541e+00 1.00115309e-02
609 1 1.96349541e+00 8.74396068e-03
610 1 1.96349541e+00 9.41985544e-03
611 1 1.96349541e+00 9.86392013e-03
612 1 1.96349541e+00 9.68098407e-03
613 1 1.96349541e+00 9.76607236e-03
614 1 1.96349541e+00 9.65097802e-03
615 1 1.96349541e+00 9.76521817e-03
616 1 1.96349541e+00 1.06217904e-02
617 1 1.96349541e+00 9.07544231e-03
618 1 1.96349541e+00 9.98114674e-03
619 1 1.96349541e+00 9.70045397e-03
620 1 1.96349541e+00 9.62625780e-03
621 1 1.96349541e+00 9.30312652e-03
622 1 1.96349541e+00 9.23902913e-03
623 1 1.96349541e+00 9.97778378e-03
624 1 1.96349541e+00 9.39080890e-03
625 1 1.96349541e+00 9.59671532e-03
626 1 1.96349541e+00 9.67852801e-03
627 1 1.96349541e+00 9.46757298e-03
628 1 1.96349541e+00 9.00120403e-03
629 1 1.96349541e+00 9.84155136e-03
630 1 1.96349541e+00 9.99442292e-03
631 1 1.96349541e+00 9.19425644e-03
632 1 1.96349541e+00 9.47628528e-03
633 1 1.96349541e+00 9.44610487e-03
634 1 1.96349541e+00 9.45074546e-03
635 1 1.96349541e+00 9.82683211e-03
636 1 1.96349541e+00 9.51709530e-03
637 1 1.96349541e+00 9.52676867e-03
638 1 1.96349541e+00 9.82223045e-03
639 1 1.96349541e+00 8.75460301e-03
640 1 1.96349541e+00 9.65931671e-03
641 1 1.96349541e+00 9.65346287e-03
642 1 1.96349541e+00 9.49391361e-03
643 1 1.96349541e+00 9.19124969e-03
644 1 1.96349541e+00 9.34944113e-03
645 1 1.96349541e+00 9.23944168e-03
646 1 1.96349541e+00 9.41151256e-03
647 1 1.96349541e+00 9.68583152e-03
648 1 1.96349541e+00 9.52064321e-03
649 1 1.96349541e+00 9.41524089e-03
650 1 1.96349541e+00 9.53565267e-03
651 1 1.96349541e+00 9.54396429e-03
652 1 1.96349541e+00 1.00199996e-02
653 1 1.96349541e+00 9.20961527e-03
654 1 1.96349541e+00 9.43889653e-03
655 1 1.96349541e+00 1.02598208e-02
656 1 1.96349541e+00 1.00399418e-02
657 1 1.96349541e+00 9.37987608e-03
658 1 1.96349541e+00 9.83867294e-03
659 1 1.96349541e+00 1.00055654e-02
660 1 1.96349541e+00 9.87784234e-03
661 1 1.96349541e+00 9.84198687e-03
662 1 1.96349541e+00 9.83810065e-03
663 1 1.96349541e+00 9.66779826e-03
664 1 1.96349541e+00 9.81565943e-03
665 1 1.96349541e+00 9.62081175e-03
666 1 1.96349541e+00 1.01861083e-02
667 1 1.96349541e+00 1.03203631e-02
668 1 1.96349541e+00 9.55756955e-03
669 1 1.96349541e+00 8.91755286e-03
670 1 1.96349541e+00 9.89301994e-03
671 1 1.96349541e+00 9.95293035e-03
672 1 1.96349541e+00 9.70599851e-03
673 1 1.96349541e+00 9.86984841e-03
674 1 1.96349541e+00 9.89999804e-03
675 1 1.96349541e+00 9.32211839e-03
676 1 1.96349541e+00 9.99098008e-03
677 1 1.96349541e+00 9.64330341e-03
678 1 1.96349541e+00 9.92686460e-03
679 1 1.96349541e+00 1.00102343e-02
680 1 1.96349541e+00 9.72309542e-03
681 1 1.96349541e+00 9.46093466e-03
682 1 1.96349541e+00 9.48166089e-03
683 1 1.96349541e+00 1.00879944e-02
684 1 1.96349541e+00 9.29272108e-03
685 1 1.96349541e+00 9.65382869e-03
686 1 1.96349541e+00 9.53109676e-03
687 1 1.96349541e+00 9.72712254e-03
688 1 1.96349541e+00 9.99011142e-03
689 1 1.96349541e+00 9.37570789e-03
690 1 1.96349541e+00 9.92804987e-03
691 1 1.96349541e+00 9.59458156e-03
692 1 1.96349541e+00 9.92045040e-03
693 1 1.96349541e+00 9.17420678e-03
694 1 1.96349541e+00 9.43944184e-03
695 1 1.96349541e+00 9.19272170e-03
696 1 1.96349541e+00 9.78744748e-03
697 1 1.96349541e+00 9.83007707e-03
698 1 1.96349541e+00 9.29105003e-03
699 1 1.96349541e+00 9.37862891e-03
700 1 1.96349541e+00 9.39872265e-03
701 1 1.96349541e+00 9.97780771e-03
702 1 1.96349541e+00 9.76129850e-03
703 1 1.96349541e+00 9.25148511e-03
704 1 1.96349541e+00 1.04620416e-02
705 1 1.96349541e+00 9.36391737e-03
706 1 1.96349541e+00 9.40119185e-03
707 1 1.96349541e+00 1.02138604e-02
708 1 1.96349541e+00 9.63658520e-03
709 1 1.96349541e+00 9.57616872e-03
710 1 1.96349541e+00 9.49820463e-03
711 1 1.96349541e+00 9.91262361e-03
712 1 1.96349541e+00 9.31174534e-03
713 1 1.96349541e+00 9.28303720e-03
714 1 1.96349541e+00 9.57003820e-03
715 1 1.96349541e+00 9.79055325e-03
716 1 1.96349541e+00 9.69451727e-03
717 1 1.96349541e+00 9.37140176e-03
718 1 1.96349541e+00 1.00753015e-02
719 1 1.96349541e+00 1.00067883e-02
720 1 1.96349541e+00 9.84271901e-03
721 1 1.96349541e+00 9.80404687e-03
722 1 1.96349541e+00 9.60211118e-03
723 1 1.96349541e+00 9.41130873e-03
724 1 1.96349541e+00 8.95955225e-03
725 1 1.96349541e+00 9.07722791e-03
726 1 1.96349541e+00 9.21942630e-03
727 1 1.96349541e+00 1.00899284e-02
728 1 1.96349541e+00 9.55312713e-03
729 1 1.96349541e+00 1.00218032e-02
730 1 1.96349541e+00 9.44820305e-03
731 1 1.96349541e+00 9.47846964e-03
732 1 1.96349541e+00 8.78540508e-03
733 1 1.96349541e+00 9.97145731e-03
734 1 1.96349541e+00 9.75270517e-03
735 1 1.96349541e+00 9.94195679e-03
736 1 1.96349541e+00 9.95519089e-03
737 1 1.96349541e+00 1.02449221e-02
738 1 1.96349541e+00 9.46727289e-03
739 1 1.96349541e+00 9.99045833e-03
740 1 1.96349541e+00 9.81036979e-03
741 1 1.96349541e+00 9.68316618e-03
742 1 1.96349541e+00 9.68653791e-03
743 1 1.96349541e+00 9.18164232e-03
744 1 1.96349541e+00 9.03369984e-03
745 1 1.96349541e+00 9.87600357e-03
746 1 1.96349541e+00 9.46280802e-03
747 1 1.96349541e+00 9.21880522e-03
748 1 1.96349541e+00 9.86230063e-03
749 1 1.96349541e+00 9.91756470e-03
750 1 1.96349541e+00 9.81213110e-03
751 1 1.96349541e+00 9.51508696e-03
752 1 1.96349541e+00 9.38982691e-03
753 1 1.96349541e+00 9.35624940e-03
754 1 1.96349541e+00 9.99758595e-03
755 1 1.96349541e+00 9.40046687e-03
756 1 1.96349541e+00 8.94931500e-03
757 1 1.96349541e+00 9.92329908e-03
758 1 1.96349541e+00 9.66550039e-03
759 1 1.96349541e+00 9.32355140e-03
760 1 1.96349541e+00 9.59842124e-03
761 1 1.96349541e+00 1.00501793e-02
762 1 1.96349541e+00 9.10684179e-03
763 1 1.96349541e+00 9.32160322e-03
764 1 1.96349541e+00 1.01162007e-02
765 1 1.96349541e+00 9.63912279e-03
766 1 1.96349541e+00 1.00237026e-02
767 1 1.96349541e+00 9.48234186e-03
768 1 1.96349541e+00 9.82065482e-03
769 1 1.96349541e+00 9.33376308e-03
770 1 1.96349541e+00 9.78976733e-03
771 1 1.96349541e+00 9.79097984e-03
772 1 1.96349541e+00 1.04432167e-02
773 1 1.96349541e+00 1.00834048e-02
774 1 1.96349541e+00 1.04151466e-02
775 1 1.96349541e+00 9.80053283e-03
776 1 1.96349541e+00 9.54689489e-03
777 1 1.96349541e+00 9.04078474e-03
778 1 1.96349541e+00 9.82171400e-03
779 1 1.96349541e+00 9.62760166e-03
780 1 1.96349541e+00 9.37374362e-03
781 1 1.96349541e+00 9.38536182e-03
782 1 1.96349541e+00 9.47362965e-03
783 1 1.96349541e+00 9.46909856e-03
784 1 1.96349541e+00 9.67563747e-03
785 1 1.96349541e+00 9.94534852e-03
786 1 1.96349541e+00 9.75236221e-03
787 1 1.96349541e+00 1.03335582e-02
788 1 1.96349541e+00 9.47331149e-03
789 1 1.96349541e+00 9.31872609e-03
790 1 1.96349541e+00 9.36160749e-03
791 1 1.96349541e+00 9.25579300e-03
792 1 1.96349541e+00 9.93809773e-03
793 1 1.96349541e+00 8.62368091e-03
794 1 1.96349541e+00 9.57546851e-03
795 1 1.96349541e+00 9.86106772e-03
796 1 1.96349541e+00 1.09363426e-02
797 1 1.96349541e+00 9.54865361e-03
798 1 1.96349541e+00 9.76603701e-03
799 1 1.96349541e+00 9.42193316e-03
800 1 1.96349541e+00 9.78302726e-03
801 1 1.96349541e+00 1.05528541e-02
802 1 1.96349541e+00 9.68374287e-03
803 1 1.96349541e+00 9.85430524e-03
804 1 1.96349541e+00 9.32573429e-03
805 1 1.96349541e+00 1.00419333e-02
806 1 1.96349541e+00 9.71146279e-03
807 1 1.96349541e+00 1.00731564e-02
808 1 1.96349541e+00 9.62065011e-03
809 1 1.96349541e+00 9.82748644e-03
810 1 1.96349541e+00 9.34097657e-03
811 1 1.96349541e+00 9.75790301e-03
812 1 1.96349541e+00 1.02051546e-02
813 1 1.96349541e+00 1.01575673e-02
814 1 1.96349541e+00 9.44818558e-03
815 1 1.96349541e+00 9.15882348e-03
816 1 1.96349541e+00 9.18458378e-03
817 1 1.96349541e+00 9.44433363e-03
818 1 1.96349541e+00 9.55953690e-03
819 1 1.96349541e+00 9.71571826e-03
820 1 1.96349541e+00 9.89880461e-03
821 1 1.96349541e+00 9.70936056e-03
822 1 1.96349541e+00 9.73884732e-03
823 1 1.96349541e+00 1.00254094e-02
824 1 1.96349541e+00 9.55379223e-03
825 1 1.96349541e+00 9.58298761e-03
826 1 1.96349541e+00 9.45348558e-03
827 1 1.96349541e+00 1.04687139e-02
828 1 1.96349541e+00 9.59130667e-03
829 1 1.96349541e+00 1.02834412e-02
830 1 1.96349541e+00 9.96160505e-03
831 1 1.96349541e+00 9.70103691e-03
832 1 1.96349541e+00 1.00979005e-02
833 1 1.96349541e+00 9.81018958e-03
834 1 1.96349541e+00 9.44691777e-03
835 1 1.96349541e+00 9.81135244e-03
836 1 1.96349541e+00 9.74694156e-03
837 1 1.96349541e+00 9.68374466e-03
838 1 1.96349541e+00 9.28524177e-03
839 1 1.96349541e+00 9.27470867e-03
840 1 1.96349541e+00 9.90234018e-03
841 1 1.96349541e+00 8.91299825e-03
842 1 1.96349541e+00 9.75703495e-03
843 1 1.96349541e+00 9.42891775e-03
844 1 1.96349541e+00 9.71359513e-03
845 1 1.96349541e+00 1.00796025e-02
846 1 1.96349541e+00 9.49280789e-03
847 1 1.96349541e+00 9.69113715e-03
848 1 1.96349541e+00 9.59785030e-03
849 1 1.96349541e+00 9.71581526e-03
850 1 1.96349541e+00 1.00035496e-02
851 1 1.96349541e+00 9.63013286e-03
852 1 1.96349541e+00 9.68230418e-03
853 1 1.96349541e+00 1.04381973e-02
854 1 1.96349541e+00 9.90501128e-03
855 1 1.96349541e+00 9.37719377e-03
856 1 1.96349541e+00 9.61791573e-03
857 1 1.96349541e+00 9.67478580e-03
858 1 1.96349541e+00 9.30655334e-03
859 1 1.96349541e+00 9.63266551e-03
860 1 1.96349541e+00 8.82274572e-03
861 1 1.96349541e+00 9.33616652e-03
862 1 1.96349541e+00 9.30250705e-03
863 1 1.96349541e+00 9.83972685e-03
864 1 1.96349541e+00 9.57725451e-03
865 1 1.96349541e+00 9.85964568e-03
866 1 1.96349541e+00 1.01938875e-02
867 1 1.96349541e+00 9.40631363e-03
868 1 1.96349541e+00 9.78013618e-03
869 1 1.96349541e+00 9.96092627e-03
870 1 1.96349541e+00 9.91967815e-03
871 1 1.96349541e+00 9.14028835e-03
872 1 1.96349541e+00 9.65119216e-03
873 1 1.96349541e+00 9.32603911e-03
874 1 1.96349541e+00 9.53552219e-03
875 1 1.96349541e+00 9.66887978e-03
876 1 1.96349541e+00 9.71836321e-03
877 1 1.96349541e+00 9.70351416e-03
878 1 1.96349541e+00 9.83984504e-03
879 1 1.96349541e+00 9.63676068e-03
880 1 1.96349541e+00 9.59536512e-03
881 1 1.96349541e+00 1.00169451e-02
882 1 1.96349541e+00 9.57854660e-03
883 1 1.96349541e+00 1.01869904e-02
884 1 1.96349541e+00 9.98212451e-03
885 1 1.96349541e+00 9.90872956e-03
886 1 1.96349541e+00 9.79531618e-03
887 1 1.96349541e+00 9.58208854e-03
888 1 1.96349541e+00 1.01462789e-02
889 1 1.96349541e+00 9.89076870e-03
890 1 1.96349541e+00 9.61964802e-03
891 1 1.96349541e+00 9.53498836e-03
892 1 1.96349541e+00 9.86649093e-03
893 1 1.96349541e+00 8.46688345e-03
894 1 1.96349541e+00 9.55003066e-03
895 1 1.96349541e+00 9.06846925e-03
896 1 1.96349541e+00 9.59882502e-03
897 1 1.96349541e+00 1.00956299e-02
898 1 1.96349541e+00 9.79292516e-03
899 1 1.96349541e+00 9.58028952e-03
0 2 3.92699082e+00 1.43499377e-02
1 2 3.92699082e+00 1.61363537e-02
2 2 3.92699082e+00 1.67275065e-02
3 2 3.92699082e+00 1.49338646e-02
4 2 3.92699082e+00 1.69741264e-02
5 2 3.92699082e+00 1.66593344e-02
6 2 3.92699082e+00 1.46401535e-02
7 2 3.92699082e+00 1.68187704e-02
8 2 3.92699082e+00 1.49329352e-02
9 2 3.92699082e+00 1.64056524e-02
10 2 3.92699082e+00 1.71513392e-02
11 2 3.92699082e+00 1.64312547e-02
12 2 3.92699082e+00 1.60223401e-02
13 2 3.92699082e+00 1.64735232e-02
14 2 3.92699082e+00 1.53350589e-02
15 2 3.92699082e+00 1.60897151e-02
16 2 3.92699082e+00 1.56734277e-02
17 2 3.92699082e+00 1.65408948e-02
18 2 3.92699082e+00 1.56905767e-02
19 2 3.92699082e+00 1.62956320e-02
20 2 3.92699082e+00 1.61381650e-02
21 2 3.92699082e+00 1.57836586e-02
22 2 3.92699082e+00 1.55660493e-02
23 2 3.92699082e+00 1.73169181e-02
24 2 3.92699082e+00 1.39330186e-02
25 2 3.92699082e+00 1.54205426e-02
26 2 3.92699082e+00 1.52274036e-02
27 2 3.92699082e+00 1.50964711e-02
28 2 3.92699082e+00 1.65842711e-02
29 2 3.92699082e+00 1.72893117e-02
30 2 3.92699082e+00 1.47951517e-02
31 2 3.92699082e+00 1.56926964e-02
32 2 3.92699082e+00 1.55485095e-02
33 2 3.92699082e+00 1.54941173e-02
34 2 3.92699082e+00 1.60822877e-02
35 2 3.92699082e+00 1.68722308e-02
36 2 3.92699082e+00 1.54104516e-02
37 2 3.92699082e+00 1.57814409e-02
38 2 3.92699082e+00 1.53594197e-02
39 2 3.92699082e+00 1.58202202e-02
40 2 3.92699082e+00 1.56557799e-02
41 2 3.92699082e+00 1.57178797e-02
42 2 3.92699082e+00 1.62787448e-02
43 2 3.92699082e+00 1.63691401e-02
44 2 3.92699082e+00 1.59022832e-02
45 2 3.92699082e+00 1.55148910e-02
46 2 3.92699082e+00 1.63949814e-02
47 2 3.92699082e+00 1.65295815e-02
48 2 3.92699082e+00 1.49700818e-02
49 2 3.92699082e+00 1.57006173e-02
50 2 3.92699082e+00 1.72497194e-02
51 2 3.92699082e+00 1.55291791e-02
52 2 3.92699082e+00 1.62976233e-02
53 2 3.92699082e+00 1.68823353e-02
54 2 3.92699082e+00 1.58541565e-02
55 2 3.92699082e+00 1.59155840e-02
56 2 3.92699082e+00 1.66265496e-02
57 2 3.92699082e+00 1.57405073e-02
58 2 3.92699082e+00 1.61095013e-02
59 2 3.92699082e+00 1.61740607e-02
60 2 3.92699082e+00 1.57230077e-02
61 2 3.92699082e+00 1.58288419e-02
62 2 3.92699082e+00 1.67608248e-02
63 2 3.92699082e+00 1.70541447e-02
64 2 3.92699082e+00 1.61669251e-02
65 2 3.92699082e+00 1.61646642e-02
66 2 3.92699082e+00 1.59790340e-02
67 2 3.92699082e+00 1.63848404e-02
68 2 3.92699082e+00 1.57177678e-02
69 2 3.92699082e+00 1.56784014e-02
70 2 3.92699082e+00 1.69735981e-02
71 2 3.92699082e+00 1.46130842e-02
72 2 3.92699082e+00 1.51272919e-02
73 2 3.92699082e+00 1.63508953e-02
74 2 3.92699082e+00 1.65219767e-02
75 2 3.92699082e+00 1.55947080e-02
76 2 3.92699082e+00 1.70494156e-02
77 2 3.92699082e+00 1.60278530e-02
78 2 3.92699082e+00 1.54529026e-02
79 2 3.92699082e+00 1.49299305e-02
80 2 3.92699082e+00 1.64469079e-02
81 2 3.92699082e+00 1.70761648e-02
82 2 3.92699082e+00 1.57153885e-02
83 2 3.92699082e+00 1.56117765e-02
84 2 3.92699082e+00 1.52676342e-02
85 2 3.92699082e+00 1.71088805e-02
86 2 3.92699082e+00 1.63661524e-02
87 2 3.92699082e+00 1.57979371e-02
88 2 3.92699082e+00 1.67568839e-02
89 2 3.92699082e+00 1.60090616e-02
90 2 3.92699082e+00 1.62519516e-02
91 2 3.92699082e+00 1.65717758e-02
92 2 3.92699082e+00 1.55542820e-02
93 2 3.92699082e+00 1.65165241e-02
94 2 3.92699082e+00 1.75363513e-02
95 2 3.92699082e+00 1.62016567e-02
96 2 3.92699082e+00 1.59397146e-02
97 2 3.92699082e+00 1.61878260e-02
98 2 3.92699082e+00 1.68983005e-02
99 2 3.92699082e+00 1.60747760e-02
100 2 3.92699082e+00 1.55517009e-02
101 2 3.92699082e+00 1.67947408e-02
102 2 3.92699082e+00 1.50736093e-02
103 2 3.92699082e+00 1.51714066e-02
104 2 3.92699082e+00 1.67670700e-02
105 2 3.92699082e+00 1.64320981e-02
106 2 3.92699082e+00 1.43877873e-02
107 2 3.92699082e+00 1.64520645e-02
108 2 3.92699082e+00 1.63777170e-02
109 2 3.92699082e+00 1.62384025e-02
110 2 3.92699082e+00 1.54928725e-02
111 2 3.92699082e+00 1.56352449e-02
112 2 3.92699082e+00 1.49481248e-02
113 2 3.92699082e+00 1.58777749e-02
114 2 3.92699082e+00 1.54636570e-02
115 2 3.92699082e+00 1.63667579e-02
116 2 3.92699082e+00 1.60591809e-02
117 2 3.92699082e+00 1.55409577e-02
118 2 3.92699082e+00 1.64334791e-02
119 2 3.92699082e+00 1.54042377e-02
120 2 3.92699082e+00 1.52038828e-02
121 2 3.92699082e+00 1.60806021e-02
122 2 3.92699082e+00 1.55964356e-02
123 2 3.92699082e+00 1.73649188e-02
124 2 3.92699082e+00 1.62027933e-02
125 2 3.92699082e+00 1.65393849e-02
126 2 3.92699082e+00 1.62186915e-02
127 2 3.92699082e+00 1.53819556e-02
128 2 3.92699082e+00 1.62988072e-02
129 2 3.92699082e+00 1.56066083e-02
130 2 3.92699082e+00 1.58871379e-02
131 2 3.92699082e+00 1.51656983e-02
132 2 3.92699082e+00 1.53970282e-02
133 2 3.92699082e+00 1.50739789e-02
134 2 3.92699082e+00 1.59612230e-02
135 2 3.92699082e+00 1.55275191e-02
136 2 3.92699082e+00 1.53677239e-02
137 2 3.92699082e+00 1.63212326e-02
138 2 3.92699082e+00 1.68370052e-02
139 2 3.92699082e+00 1.50300382e-02
140 2 3.92699082e+00 1.58563740e-02
141 2 3.92699082e+00 1.66394298e-02
142 2 3.92699082e+00 1.69052378e-02
143 2 3.92699082e+00 1.57860946e-02
144 2 3.92699082e+00 1.58478344e-02
145 2 3.92699082e+00 1.61326583e-02
146 2 3.92699082e+00 1.69025759e-02
147 2 3.92699082e+00 1.60105238e-02
148 2 3.92699082e+00 1.64800067e-02
149 2 3.92699082e+00 1.60151874e-02
150 2 3.92699082e+00 1.58705799e-02
151 2 3.92699082e+00 1.61307823e-02
152 2 3.92699082e+00 1.51762579e-02
153 2 3.92699082e+00 1.51269942e-02
154 2 3.92699082e+00 1.57291059e-02
155 2 3.92699082e+00 1.54158252e-02
156 2 3.92699082e+00 1.72710084e-02
157 2 3.92699082e+00 1.65686963e-02
158 2 3.92699082e+00 1.71772113e-02
159 2 3.92699082e+00 1.58386044e-02
160 2 3.92699082e+00 1.59726047e-02
161 2 3.92699082e+00 1.60358587e-02
162 2 3.92699082e+00 1.62791850e-02
163 2 3.92699082e+00 1.69542298e-02
164 2 3.92699082e+00 1.47998865e-02
165 2 3.92699082e+00 1.54211842e-02
166 2 3.92699082e+00 1.70285472e-02
167 2 3.92699082e+00 1.57122287e-02
168 2 3.92699082e+00 1.62273088e-02
169 2 3.92699082e+00 1.60171123e-02
170 2 3.92699082e+00 1.52441124e-02
171 2 3.92699082e+00 1.56542992e-02
172 2 3.92699082e+00 1.59988390e-02
173 2 3.92699082e+00 1.73155693e-02
174 2 3.92699082e+00 1.68640452e-02
175 2 3.92699082e+00 1.66406406e-02
176 2 3.92699082e+00 1.68965991e-02
177 2 3.92699082e+00 1.62951400e-02
178 2 3.92699082e+00 1.51137297e-02
179 2 3.92699082e+00 1.66224444e-02
180 2 3.92699082e+00 1.53056502e-02
181 2 3.92699082e+00 1.58203741e-02
182 2 3.92699082e+00 1.62729817e-02
183 2 3.92699082e+00 1.58027986e-02
184 2 3.92699082e+00 1.62754078e-02
185 2 3.92699082e+00 1.55524116e-02
186 2 3.92699082e+00 1.55248977e-02
187 2 3.92699082e+00 1.48446164e-02
188 2 3.92699082e+00 1.51841489e-02
189 2 3.92699082e+00 1.54297020e-02
190 2 3.92699082e+00 1.61293112e-02
191 2 3.92699082e+00 1.66917000e-02
192 2 3.92699082e+00 1.67106243e-02
193 2 3.92699082e+00 1.59369051e-02
194 2 3.92699082e+00 1.64518569e-02
195 2 3.92699082e+00 1.68761952e-02
196 2 3.92699082e+00 1.65751334e-02
197 2 3.92699082e+00 1.62288524e-02
198 2 3.92699082e+00 1.65723101e-02
199 2 3.92699082e+00 1.68749475e-02
200 2 3.92699082e+00 1.52616233e-02
201 2 3.92699082e+00 1.46754444e-02
202 2 3.92699082e+00 1.51181151e-02
203 2 3.92699082e+00 1.55608870e-02
204 2 3.92699082e+00 1.56447406e-02
205 2 3.92699082e+00 1.73480981e-02
206 2 3.92699082e+00 1.52970555e-02
207 2 3.92699082e+00 1.54151683e-02
208 2 3.92699082e+00 1.61667392e-02
209 2 3.92699082e+00 1.63924082e-02
210 2 3.92699082e+00 1.50605554e-02
211 2 3.92699082e+00 1.62713854e-02
212 2 3.92699082e+00 1.65150789e-02
213 2 3.92699082e+00 1.51334136e-02
214 2 3.92699082e+00 1.56754764e-02
215 2 3.92699082e+00 1.79811880e-02
216 2 3.92699082e+00 1.60713906e-02
217 2 3.92699082e+00 1.56568548e-02
218 2 3.92699082e+00 1.76667612e-02
219 2 3.92699082e+00 1.62916471e-02
220 2 3.92699082e+00 1.66272516e-02
221 2 3.92699082e+00 1.65122553e-02
222 2 3.92699082e+00 1.59366909e-02
223 2 3.92699082e+00 1.79603294e-02
224 2 3.92699082e+00 1.43292162e-02
225 2 3.92699082e+00 1.62940701e-02
226 2 3.92699082e+00 1.62088033e-02
227 2 3.92699082e+00 1.56330540e-02
228 2 3.92699082e+00 1.57903144e-02
229 2 3.92699082e+00 1.62658261e-02
230 2 3.92699082e+00 1.59176722e-02
231 2 3.92699082e+00 1.66391800e-02
232 2 3.92699082e+00 1.52749705e-02
233 2 3.92699082e+00 1.57229661e-02
234 2 3.92699082e+00 1.54133496e-02
235 2 3.92699082e+00 1.49669970e-02
236 2 3.92699082e+00 1.60009704e-02
237 2 3.92699082e+00 1.64840463e-02
238 2 3.92699082e+00 1.61339309e-02
239 2 3.92699082e+00 1.60712130e-02
240 2 3.92699082e+00 1.65355911e-02
241 2 3.92699082e+00 1.46802042e-02
242 2 3.92699082e+00 1.53322375e-02
243 2 3.92699082e+00 1.59777685e-02
244 2 3.92699082e+00 1.49857517e-02
245 2 3.92699082e+00 1.48523480e-02
246 2 3.92699082e+00 1.61742758e-02
247 2 3.92699082e+00 1.67633549e-02
248 2 3.92699082e+00 1.50550883e-02
249 2 3.92699082e+00 1.66354088e-02
250 2 3.92699082e+00 1.59613798e-02
251 2 3.92699082e+00 1.57971897e-02
252 2 3.92699082e+00 1.66956852e-02
253 2 3.92699082e+00 1.56866264e-02
254 2 3.92699082e+00 1.60319580e-02
255 2 3.92699082e+00 1.60033263e-02
256 2 3.92699082e+00 1.69999227e-02
257 2 3.92699082e+00 1.51139828e-02
258 2 3.92699082e+00 1.58927690e-02
259 2 3.92699082e+00 1.63761768e-02
260 2 3.92699082e+00 1.65921847e-02
261 2 3.92699082e+00 1.53864867e-02
262 2 3.92699082e+00 1.55183848e-02
263 2 3.92699082e+00 1.51521810e-02
264 2 3.92699082e+00 1.55086825e-02
265 2 3.92699082e+00 1.65893668e-02
266 2 3.92699082e+00 1.44869252e-02
267 2 3.92699082e+00 1.72081312e-02
268 2 3.92699082e+00 1.59349665e-02
269 2 3.92699082e+00 1.56869485e-02
270 2 3.92699082e+00 1.57416792e-02
271 2 3.92699082e+00 1.57335977e-02
272 2 3.92699082e+00 1.48941010e-02
273 2 3.92699082e+00 1.47222554e-02
274 2 3.92699082e+00 1.58536166e-02
275 2 3.92699082e+00 1.64960830e-02
276 2 3.92699082e+00 1.69069462e-02
277 2 3.92699082e+00 1.58459226e-02
278 2 3.92699082e+00 1.82342600e-02
279 2 3.92699082e+00 1.65121859e-02
280 2 3.92699082e+00 1.55140566e-02
281 2 3.92699082e+00 1.53866602e-02
282 2 3.92699082e+00 1.66232824e-02
283 2 3.92699082e+00 1.83015935e-02
284 2 3.92699082e+00 1.44301939e-02
285 2 3.92699082e+00 1.58825141e-02
286 2 3.92699082e+00 1.58138808e-02
287 2 3.92699082e+00 1.49985566e-02
288 2 3.92699082e+00 1.56853423e-02
289 2 3.92699082e+00 1.50176701e-02
290 2 3.92699082e+00 1.62418860e-02
291 2 3.92699082e+00 1.60973323e-02
292 2 3.92699082e+00 1.54310637e-02
293 2 3.92699082e+00 1.62482755e-02
294 2 3.92699082e+00 1.64105471e-02
295 2 3.92699082e+00 1.69883497e-02
296 2 3.92699082e+00 1.63245141e-02
297 2 3.92699082e+00 1.61042541e-02
298 2 3.92699082e+00 1.66780768e-02
299 2 3.92699082e+00 1.50338423e-02
300 2 3.92699082e+00 1.69568800e-02
301 2 3.92699082e+00 1.54379968e-02
302 2 3.92699082e+00 1.51556909e-02
303 2 3.92699082e+00 1.59975194e-02
304 2 3.92699082e+00 1.52843781e-02
305 2 3.92699082e+00 1.52383234e-02
306 2 3.92699082e+00 1.62223443e-02
307 2 3.92699082e+00 1.58272704e-02
308 2 3.92699082e+00 1.61653618e-02
309 2 3.92699082e+00 1.55800137e-02
310 2 3.92699082e+00 1.69665732e-02
311 2 3.92699082e+00 1.43344469e-02
312 2 3.92699082e+00 1.63405998e-02
313 2 3.92699082e+00 1.45236328e-02
314 2 3.92699082e+00 1.69759246e-02
315 2 3.92699082e+00 1.65122412e-02
316 2 3.92699082e+00 1.53397954e-02
317 2 3.92699082e+00 1.58728281e-02
318 2 3.92699082e+00 1.52244642e-02
319 2 3.92699082e+00 1.58445772e-02
320 2 3.92699082e+00 1.64541271e-02
321 2 3.92699082e+00 1.58642031e-02
322 2 3.92699082e+00 1.62075852e-02
323 2 3.92699082e+00 1.62144156e-02
324 2 3.92699082e+00 1.56919039e-02
325 2 3.92699082e+00 1.63231293e-02
326 2 3.92699082e+00 1.55964902e-02
327 2 3.92699082e+00 1.61381155e-02
328 2 3.92699082e+00 1.61520458e-02
329 2 3.92699082e+00 1.51509737e-02
330 2 3.92699082e+00 1.58536370e-02
331 2 3.92699082e+00 1.68154144e-02
332 2 3.92699082e+00 1.67067318e-02
333 2 3.92699082e+00 1.62368957e-02
334 2 3.92699082e+00 1.64632721e-02
335 2 3.92699082e+00 1.59977805e-02
336 2 3.92699082e+00 1.59215148e-02
337 2 3.92699082e+00 1.69980112e-02
338 2 3.92699082e+00 1.50835957e-02
339 2 3.92699082e+00 1.59886848e-02
340 2 3.92699082e+00 1.57809512e-02
341 2 3.92699082e+00 1.53330494e-02
342 2 3.92699082e+00 1.50620990e-02
343 2 3.92699082e+00 1.57650585e-02
344 2 3.92699082e+00 1.46641716e-02
345 2 3.92699082e+00 1.65860547e-02
346 2 3.92699082e+00 1.49408085e-02
347 2 3.92699082e+00 1.50746468e-02
348 2 3.92699082e+00 1.56459485e-02
349 2 3.92699082e+00 1.61308946e-02
350 2 3.92699082e+00 1.64207346e-02
351 2 3.92699082e+00 1.69773394e-02
352 2 3.92699082e+00 1.56655232e-02
353 2 3.92699082e+00 1.60386308e-02
354 2 3.92699082e+00 1.63423616e-02
355 2 3.92699082e+00 1.65951946e-02
356 2 3.92699082e+00 1.71880435e-02
357 2 3.92699082e+00 1.65882901e-02
358 2 3.92699082e+00 1.54313283e-02
359 2 3.92699082e+00 1.46710898e-02
360 2 3.92699082e+00 1.57895015e-02
361 2 3.92699082e+00 1.61344108e-02
362 2 3.92699082e+00 1.57426041e-02
363 2 3.92699082e+00 1.74088989e-02
364 2 3.92699082e+00 1.63700930e-02
365 2 3.92699082e+00 1.61238254e-02
366 2 3.92699082e+00 1.54573555e-02
367 2 3.92699082e+00 1.66754844e-02
368 2 3.92699082e+00 1.54231156e-02
369 2 3.92699082e+00 1.65534740e-02
370 2 3.92699082e+00 1.62677625e-02
371 2 3.92699082e+00 1.52881296e-02
372 2 3.92699082e+00 1.69132175e-02
373 2 3.92699082e+00 1.61744626e-02
374 2 3.92699082e+00 1.58294980e-02
375 2 3.92699082e+00 1.48423164e-02
376 2 3.92699082e+00 1.64161850e-02
377 2 3.92699082e+00 1.57591574e-02
378 2 3.92699082e+00 1.68488345e-02
379 2 3.92699082e+00 1.57168897e-02
380 2 3.92699082e+00 1.65335455e-02
381 2 3.92699082e+00 1.60991945e-02
382 2 3.92699082e+00 1.53576452e-02
383 2 3.92699082e+00 1.48851089e-02
384 2 3.92699082e+00 1.65424352e-02
385 2 3.92699082e+00 1.62514884e-02
386 2 3.92699082e+00 1.51840247e-02
387 2 3.92699082e+00 1.60426531e-02
388 2 3.92699082e+00 1.59703124e-02
389 2 3.92699082e+00 1.61712616e-02
390 2 3.92699082e+00 1.68099242e-02
391 2 3.92699082e+00 1.68106563e-02
392 2 3.92699082e+00 1.48384425e-02
393 2 3.92699082e+00 1.67293510e-02
394 2 3.92699082e+00 1.68211710e-02
395 2 3.92699082e+00 1.70887758e-02
396 2 3.92699082e+00 1.51219700e-02
397 2 3.92699082e+00 1.58069345e-02
398 2 3.92699082e+00 1.53274206e-02
399 2 3.92699082e+00 1.70719223e-02
400 2 3.92699082e+00 1.51792601e-02
401 2 3.92699082e+00 1.50654419e-02
402 2 3.92699082e+00 1.64871613e-02
403 2 3.92699082e+00 1.74215994e-02
404 2 3.92699082e+00 1.43979768e-02
405 2 3.92699082e+00 1.50714087e-02
406 2 3.92699082e+00 1.53178109e-02
407 2 3.92699082e+00 1.68341112e-02
408 2 3.92699082e+00 1.69446290e-02
409 2 3.92699082e+00 1.48609411e-02
410 2 3.92699082e+00 1.62488334e-02
411 2 3.92699082e+00 1.52601930e-02
412 2 3.92699082e+00 1.54173481e-02
413 2 3.92699082e+00 1.53671364e-02
414 2 3.92699082e+00 1.63689444e-02
415 2 3.92699082e+00 1.64289318e-02
416 2 3.92699082e+00 1.58293328e-02
417 2 3.92699082e+00 1.53751510e-02
418 2 3.92699082e+00 1.50482315e-02
419 2 3.92699082e+00 1.62134271e-02
420 2 3.92699082e+00 1.60766841e-02
421 2 3.92699082e+00 1.64803496e-02
422 2 3.92699082e+00 1.61185973e-02
423 2 3.92699082e+00 1.56509841e-02
424 2 3.92699082e+00 1.62751964e-02
425 2 3.92699082e+00 1.57846013e-02
426 2 3.92699082e+00 1.49770514e-02
427 2 3.92699082e+00 1.68593154e-02
428 2 3.92699082e+00 1.48402468e-02
429 2 3.92699082e+00 1.74102656e-02
430 2 3.92699082e+00 1.70921169e-02
431 2 3.92699082e+00 1.55791664e-02
432 2 3.92699082e+00 1.67307697e-02
433 2 3.92699082e+00 1.44008492e-02
434 2 3.92699082e+00 1.59180600e-02
435 2 3.92699082e+00 1.66673857e-02
436 2 3.92699082e+00 1.67257924e-02
437 2 3.92699082e+00 1.60405980e-02
438 2 3.92699082e+00 1.68969413e-02
439 2 3.92699082e+00 1.64826342e-02
440 2 3.92699082e+00 1.56105178e-02
441 2 3.92699082e+00 1.64857680e-02
442 2 3.92699082e+00 1.48225880e-02
443 2 3.92699082e+00 1.50193309e-02
444 2 3.92699082e+00 1.51914788e-02
445 2 3.92699082e+00 1.71442015e-02
446 2 3.92699082e+00 1.57819698e-02
447 2 3.92699082e+00 1.49916164e-02
448 2 3.92699082e+00 1.62079964e-02
449 2 3.92699082e+00 1.70968530e-02
450 2 3.92699082e+00 1.62287207e-02
451 2 3.92699082e+00 1.63861505e-02
452 2 3.92699082e+00 1.59628468e-02
453 2 3.92699082e+00 1.69463841e-02
454 2 3.92699082e+00 1.55179949e-02
455 2 3.92699082e+00 1.50884941e-02
456 2 3.92699082e+00 1.62806039e-02
457 2 3.92699082e+00 1.61591113e-02
458 2 3.92699082e+00 1.66716301e-02
459 2 3.92699082e+00 1.53890994e-02
460 2 3.92699082e+00 1.61254223e-02
461 2 3.92699082e+00 1.68010951e-02
462 2 3.92699082e+00 1.52753355e-02
463 2 3.92699082e+00 1.67130414e-02
464 2 3.92699082e+00 1.58741863e-02
465 2 3.92699082e+00 1.63903774e-02
466 2 3.92699082e+00 1.62686385e-02
467 2 3.92699082e+00 1.62509235e-02
468 2 3.92699082e+00 1.61222470e-02
469 2 3.92699082e+00 1.56138074e-02
470 2 3.92699082e+00 1.50478723e-02
471 2 3.92699082e+00 1.54752398e-02
472 2 3.92699082e+00 1.65594469e-02
473 2 3.92699082e+00 1.61617335e-02
474 2 3.92699082e+00 1.63219836e-02
475 2 3.92699082e+00 1.71853041e-02
476 2 3.92699082e+00 1.67710536e-02
477 2 3.92699082e+00 1.60370963e-02
478 2 3.92699082e+00 1.72479297e-02
479 2 3.92699082e+00 1.65273389e-02
480 2 3.92699082e+00 1.61953092e-02
481 2 3.92699082e+00 1.47167243e-02
482 2 3.92699082e+00 1.63126219e-02
483 2 3.92699082e+00 1.63102023e-02
484 2 3.92699082e+00 1.53777052e-02
485 2 3.92699082e+00 1.50788451e-02
486 2 3.92699082e+00 1.62515422e-02
487 2 3.92699082e+00 1.51320029e-02
488 2 3.92699082e+00 1.48772158e-02
489 2 3.92699082e+00 1.60580879e-02
490 2 3.92699082e+00 1.66672504e-02
491 2 3.92699082e+00 1.65062295e-02
492 2 3.92699082e+00 1.54549035e-02
493 2 3.92699082e+00 1.57569431e-02
494 2 3.92699082e+00 1.61464352e-02
495 2 3.92699082e+00 1.59442148e-02
496 2 3.92699082e+00 1.56051690e-02
497 2 3.92699082e+00 1.54863680e-02
498 2 3.92699082e+00 1.56284365e-02
499 2 3.92699082e+00 1.64205353e-02
500 2 3.92699082e+00 1.52163540e-02
501 2 3.92699082e+00 1.68981943e-02
502 2 3.92699082e+00 1.63377231e-02
503 2 3.92699082e+00 1.63100622e-02
504 2 3.92699082e+00 1.61979486e-02
505 2 3.92699082e+00 1.60277852e-02
506 2 3.92699082e+00 1.61915005e-02
507 2 3.92699082e+00 1.62117098e-02
508 2 3.92699082e+00 1.55311735e-02
509 2 3.92699082e+00 1.51366950e-02
510 2 3.92699082e+00 1.57529849e-02
511 2 3.92699082e+00 1.55708302e-02
512 2 3.92699082e+00 1.65309080e-02
513 2 3.92699082e+00 1.51904339e-02
514 2 3.92699082e+00 1.60441331e-02
515 2 3.92699082e+00 1.65263907e-02
516 2 3.92699082e+00 1.56259811e-02
517 2 3.92699082e+00 1.57478425e-02
518 2 3.92699082e+00 1.70892804e-02
519 2 3.92699082e+00 1.69537322e-02
520 2 3.92699082e+00 1.66580796e-02
521 2 3.92699082e+00 1.46031405e-02
522 2 3.92699082e+00 1.52391811e-02
523 2 3.92699082e+00 1.54793938e-02
524 2 3.92699082e+00 1.60162690e-02
525 2 3.92699082e+00 1.63561542e-02
526 2 3.92699082e+00 1.73785687e-02
527 2 3.92699082e+00 1.66895228e-02
528 2 3.92699082e+00 1.64202368e-02
529 2 3.92699082e+00 1.61958044e-02
530 2 3.92699082e+00 1.57817670e-02
531 2 3.92699082e+00 1.59403075e-02
532 2 3.92699082e+00 1.46517562e-02
533 2 3.92699082e+00 1.61583530e-02
534 2 3.92699082e+00 1.69266683e-02
535 2 3.92699082e+00 1.57341958e-02
536 2 3.92699082e+00 1.54938073e-02
537 2 3.92699082e+00 1.57083993e-02
538 2 3.92699082e+00 1.50199689e-02
539 2 3.92699082e+00 1.45536062e-02
540 2 3.92699082e+00 1.48611269e-02
541 2 3.92699082e+00 1.65192859e-02
542 2 3.92699082e+00 1.72663174e-02
543 2 3.92699082e+00 1.54394272e-02
544 2 3.92699082e+00 1.53395784e-02
545 2 3.92699082e+00 1.58883076e-02
546 2 3.92699082e+00 1.60872605e-02
547 2 3.92699082e+00 1.56504378e-02
548 2 3.92699082e+00 1.48255277e-02
549 2 3.92699082e+00 1.62368344e-02
550 2 3.92699082e+00 1.65590968e-02
551 2 3.92699082e+00 1.67773844e-02
552 2 3.92699082e+00 1.46742700e-02
553 2 3.92699082e+00 1.64714132e-02
554 2 3.92699082e+00 1.59623136e-02
555 2 3.92699082e+00 1.54566143e-02
556 2 3.92699082e+00 1.54261422e-02
557 2 3.92699082e+00 1.68369437e-02
558 2 3.92699082e+00 1.53368104e-02
559 2 3.92699082e+00 1.73411310e-02
560 2 3.92699082e+00 1.57299489e-02
561 2 3.92699082e+00 1.58930689e-02
562 2 3.92699082e+00 1.58930681e-02
563 2 3.92699082e+00 1.60097601e-02
564 2 3.92699082e+00 1.55111629e-02
565 2 3.92699082e+00 1.62441753e-02
566 2 3.92699082e+00 1.69352047e-02
567 2 3.92699082e+00 1.60261059e-02
568 2 3.92699082e+00 1.60926243e-02
569 2 3.92699082e+00 1.74546411e-02
570 2 3.92699082e+00 1.56409993e-02
571 2 3.92699082e+00 1.54775439e-02
572 2 3.92699082e+00 1.68819950e-02
573 2 3.92699082e+00 1.63381313e-02
574 2 3.92699082e+00 1.63024474e-02
575 2 3.92699082e+00 1.63972410e-02
576 2 3.92699082e+00 1.51701981e-02
577 2 3.92699082e+00 1.60069677e-02
578 2 3.92699082e+00 1.59906024e-02
579 2 3.92699082e+00 1.58602829e-02
580 2 3.92699082e+00 1.68133953e-02
581 2 3.92699082e+00 1.67733849e-02
582 2 3.92699082e+00 1.66100345e-02
583 2 3.92699082e+00 1.62897848e-02
584 2 3.92699082e+00 1.51502557e-02
585 2 3.92699082e+00 1.69224185e-02
586 2 3.92699082e+00 1.67055994e-02
587 2 3.92699082e+00 1.58841960e-02
588 2 3.92699082e+00 1.57122987e-02
589 2 3.92699082e+00 1.73427650e-02
590 2 3.92699082e+00 1.59142592e-02
591 2 3.92699082e+00 1.76970485e-02
592 2 3.92699082e+00 1.60713374e-02
593 2 3.92699082e+00 1.68585885e-02
594 2 3.92699082e+00 1.67940525e-02
595 2 3.92699082e+00 1.37825198e-02
596 2 3.92699082e+00 1.55837935e-02
597 2 3.92699082e+00 1.56036950e-02
598 2 3.92699082e+00 1.59152791e-02
599 2 3.92699082e+00 1.63668128e-02
600 2 3.92699082e+00 1.60286150e-02
601 2 3.92699082e+00 1.51839673e-02
602 2 3.92699082e+00 1.51075223e-02
603 2 3.92699082e+00 1.53419228e-02
604 2 3.92699082e+00 1.57189702e-02
605 2 3.92699082e+00 1.54769624e-02
606 2 3.92699082e+00 1.66512465e-02
607 2 3.92699082e+00 1.54081885e-02
608 2 3.92699082e+00 1.66045046e-02
609 2 3.92699082e+00 1.41536010e-02
610 2 3.92699082e+00 1.54825897e-02
611 2 3.92699082e+00 1.63846251e-02
612 2 3.92699082e+00 1.60446339e-02
613 2 3.92699082e+00 1.62945182e-02
614 2 3.92699082e+00 1.59618860e-02
615 2 3.92699082e+00 1.62057325e-02
616 2 3.92699082e+00 1.78158768e-02
617 2 3.92699082e+00 1.49138890e-02
618 2 3.92699082e+00 1.66220345e-02
619 2 3.92699082e+00 1.60588423e-02
620 2 3.92699082e+00 1.58444821e-02
621 2 3.92699082e+00 1.52889486e-02
622 2 3.92699082e+00 1.51544094e-02
623 2 3.92699082e+00 1.66118358e-02
624 2 3.92699082e+00 1.53697746e-02
625 2 3.92699082e+00 1.58420174e-02
626 2 3.92699082e+00 1.59190134e-02
627 2 3.92699082e+00 1.55171026e-02
628 2 3.92699082e+00 1.47889916e-02
629 2 3.92699082e+00 1.63541476e-02
630 2 3.92699082e+00 1.66710653e-02
631 2 3.92699082e+00 1.51517257e-02
632 2 3.92699082e+00 1.54547141e-02
633 2 3.92699082e+00 1.55626170e-02
634 2 3.92699082e+00 1.55745481e-02
635 2 3.92699082e+00 1.62341932e-02
636 2 3.92699082e+00 1.56026068e-02
637 2 3.92699082e+00 1.58038240e-02
638 2 3.92699082e+00 1.61930987e-02
639 2 3.92699082e+00 1.42074943e-02
640 2 3.92699082e+00 1.59797009e-02
641 2 3.92699082e+00 1.59342393e-02
642 2 3.92699082e+00 1.56437007e-02
643 2 3.92699082e+00 1.50532192e-02
644 2 3.92699082e+00 1.53352944e-02
645 2 3.92699082e+00 1.53186219e-02
646 2 3.92699082e+00 1.55463357e-02
647 2 3.92699082e+00 1.59698610e-02
648 2 3.92699082e+00 1.57686148e-02
649 2 3.92699082e+00 1.54054661e-02
650 2 3.92699082e+00 1.57225955e-02
651 2 3.92699082e+00 1.60144545e-02
652 2 3.92699082e+00 1.67349214e-02
653 2 3.92699082e+00 1.50216752e-02
654 2 3.92699082e+00 1.55512783e-02
655 2 3.92699082e+00 1.72316023e-02
656 2 3.92699082e+00 1.66743316e-02
657 2 3.92699082e+00 1.53767061e-02
658 2 3.92699082e+00 1.62653314e-02
659 2 3.92699082e+00 1.66159815e-02
660 2 3.92699082e+00 1.62833838e-02
661 2 3.92699082e+00 1.62036492e-02
662 2 3.92699082e+00 1.62813370e-02
663 2 3.92699082e+00 1.59459797e-02
664 2 3.92699082e+00 1.61860626e-02
665 2 3.92699082e+00 1.59551872e-02
666 2 3.92699082e+00 1.70720490e-02
667 2 3.92699082e+00 1.72601999e-02
668 2 3.92699082e+00 1.57137639e-02
669 2 3.92699082e+00 1.45569052e-02
670 2 3.92699082e+00 1.64058186e-02
671 2 3.92699082e+00 1.65932101e-02
672 2 3.92699082e+00 1.60451009e-02
673 2 3.92699082e+00 1.64326657e-02
674 2 3.92699082e+00 1.64391329e-02
675 2 3.92699082e+00 1.52479255e-02
676 2 3.92699082e+00 1.66830884e-02
677 2 3.92699082e+00 1.61340735e-02
678 2 3.92699082e+00 1.65352715e-02
679 2 3.92699082e+00 1.65537525e-02
680 2 3.92699082e+00 1.60450539e-02
681 2 3.92699082e+00 1.57042281e-02
682 2 3.92699082e+00 1.56053975e-02
683 2 3.92699082e+00 1.68120484e-02
684 2 3.92699082e+00 1.54505084e-02
685 2 3.92699082e+00 1.60145192e-02
686 2 3.92699082e+00 1.56803629e-02
687 2 3.92699082e+00 1.60751829e-02
688 2 3.92699082e+00 1.66983504e-02
689 2 3.92699082e+00 1.54606376e-02
690 2 3.92699082e+00 1.64906727e-02
691 2 3.92699082e+00 1.58300203e-02
692 2 3.92699082e+00 1.64250009e-02
693 2 3.92699082e+00 1.51357496e-02
694 2 3.92699082e+00 1.55225049e-02
695 2 3.92699082e+00 1.50420258e-02
696 2 3.92699082e+00 1.61964372e-02
697 2 3.92699082e+00 1.62128879e-02
698 2 3.92699082e+00 1.52372642e-02
699 2 3.92699082e+00 1.55444449e-02
700 2 3.92699082e+00 1.54414726e-02
701 2 3.92699082e+00 1.64973195e-02
702 2 3.92699082e+00 1.60634653e-02
703 2 3.92699082e+00 1.52077506e-02
704 2 3.92699082e+00 1.74722652e-02
705 2 3.92699082e+00 1.52989501e-02
706 2 3.92699082e+00 1.55283334e-02
707 2 3.92699082e+00 1.69419711e-02
708 2 3.92699082e+00 1.57929652e-02
709 2 3.92699082e+00 1.59500044e-02
710 2 3.92699082e+00 1.56497015e-02
711 2 3.92699082e+00 1.63479259e-02
712 2 3.92699082e+00 1.53200387e-02
713 2 3.92699082e+00 1.51868663e-02
714 2 3.92699082e+00 1.57983470e-02
715 2 3.92699082e+00 1.61850749e-02
716 2 3.92699082e+00 1.60107306e-02
717 2 3.92699082e+00 1.54166088e-02
718 2 3.92699082e+00 1.67188372e-02
719 2 3.92699082e+00 1.66057935e-02
720 2 3.92699082e+00 1.64952791e-02
721 2 3.92699082e+00 1.61930612e-02
722 2 3.92699082e+00 1.60273807e-02
723 2 3.92699082e+00 1.55080816e-02
724 2 3.92699082e+00 1.44008682e-02
725 2 3.92699082e+00 1.49543167e-02
726 2 3.92699082e+00 1.50607406e-02
727 2 3.92699082e+00 1.67045925e-02
728 2 3.92699082e+00 1.58047895e-02
729 2 3.92699082e+00 1.67048255e-02
730 2 3.92699082e+00 1.56120270e-02
731 2 3.92699082e+00 1.57015347e-02
732 2 3.92699082e+00 1.43309509e-02
733 2 3.92699082e+00 1.65882057e-02
734 2 3.92699082e+00 1.62057848e-02
735 2 3.92699082e+00 1.65561657e-02
736 2 3.92699082e+00 1.66146431e-02
737 2 3.92699082e+00 1.70749432e-02
738 2 3.92699082e+00 1.57937415e-02
739 2 3.92699082e+00 1.64581496e-02
740 2 3.92699082e+00 1.62759767e-02
741 2 3.92699082e+00 1.60213582e-02
742 2 3.92699082e+00 1.59539527e-02
743 2 3.92699082e+00 1.50930827e-02
744 2 3.92699082e+00 1.47359153e-02
745 2 3.92699082e+00 1.63824397e-02
746 2 3.92699082e+00 1.56725304e-02
747 2 3.92699082e+00 1.52620494e-02
748 2 3.92699082e+00 1.62889005e-02
749 2 3.92699082e+00 1.63123787e-02
750 2 3.92699082e+00 1.62895785e-02
751 2 3.92699082e+00 1.56576956e-02
752 2 3.92699082e+00 1.53495866e-02
753 2 3.92699082e+00 1.53796608e-02
754 2 3.92699082e+00 1.66455796e-02
755 2 3.92699082e+00 1.54389261e-02
756 2 3.92699082e+00 1.45669077e-02
757 2 3.92699082e+00 1.65109827e-02
758 2 3.92699082e+00 1.59196874e-02
759 2 3.92699082e+00 1.52734948e-02
760 2 3.92699082e+00 1.58356424e-02
761 2 3.92699082e+00 1.66360063e-02
762 2 3.92699082e+00 1.49869583e-02
763 2 3.92699082e+00 1.52983897e-02
764 2 3.92699082e+00 1.68582321e-02
765 2 3.92699082e+00 1.58491986e-02
766 2 3.92699082e+00 1.66355050e-02
767 2 3.92699082e+00 1.56292419e-02
768 2 3.92699082e+00 1.63411278e-02
769 2 3.92699082e+00 1.53984950e-02
770 2 3.92699082e+00 1.63499486e-02
771 2 3.92699082e+00 1.62811938e-02
772 2 3.92699082e+00 1.74655096e-02
773 2 3.92699082e+00 1.66584525e-02
774 2 3.92699082e+00 1.73101953e-02
775 2 3.92699082e+00 1.60652983e-02
776 2 3.92699082e+00 1.58077366e-02
777 2 3.92699082e+00 1.47831535e-02
778 2 3.92699082e+00 1.62350578e-02
779 2 3.92699082e+00 1.59360548e-02
780 2 3.92699082e+00 1.55155679e-02
781 2 3.92699082e+00 1.55235163e-02
782 2 3.92699082e+00 1.55943768e-02
783 2 3.92699082e+00 1.55833318e-02
784 2 3.92699082e+00 1.61593616e-02
785 2 3.92699082e+00 1.64705131e-02
786 2 3.92699082e+00 1.59986204e-02
787 2 3.92699082e+00 1.72567461e-02
788 2 3.92699082e+00 1.57634136e-02
789 2 3.92699082e+00 1.54257674e-02
790 2 3.92699082e+00 1.55168423e-02
791 2 3.92699082e+00 1.52577936e-02
792 2 3.92699082e+00 1.62921235e-02
793 2 3.92699082e+00 1.40028000e-02
794 2 3.92699082e+00 1.57850110e-02
795 2 3.92699082e+00 1.64055995e-02
796 2 3.92699082e+00 1.83882968e-02
797 2 3.92699082e+00 1.58463114e-02
798 2 3.92699082e+00 1.61958113e-02
799 2 3.92699082e+00 1.53025622e-02
800 2 3.92699082e+00 1.61931941e-02
801 2 3.92699082e+00 1.77884522e-02
802 2 3.92699082e+00 1.60358559e-02
803 2 3.92699082e+00 1.63424574e-02
804 2 3.92699082e+00 1.54706018e-02
805 2 3.92699082e+00 1.67371248e-02
806 2 3.92699082e+00 1.62474781e-02
807 2 3.92699082e+00 1.67558233e-02
808 2 3.92699082e+00 1.59014165e-02
809 2 3.92699082e+00 1.63662922e-02
810 2 3.92699082e+00 1.54231757e-02
811 2 3.92699082e+00 1.62552757e-02
812 2 3.92699082e+00 1.71144462e-02
813 2 3.92699082e+00 1.69215041e-02
814 2 3.92699082e+00 1.55576791e-02
815 2 3.92699082e+00 1.50136489e-02
816 2 3.92699082e+00 1.49710044e-02
817 2 3.92699082e+00 1.55454598e-02
818 2 3.92699082e+00 1.57977227e-02
819 2 3.92699082e+00 1.61545896e-02
820 2 3.92699082e+00 1.63590931e-02
821 2 3.92699082e+00 1.61688143e-02
822 2 3.92699082e+00 1.62603353e-02
823 2 3.92699082e+00 1.67274762e-02
824 2 3.92699082e+00 1.57543883e-02
825 2 3.92699082e+00 1.57499160e-02
826 2 3.92699082e+00 1.56478705e-02
827 2 3.92699082e+00 1.74579312e-02
828 2 3.92699082e+00 1.58992405e-02
829 2 3.92699082e+00 1.70814539e-02
830 2 3.92699082e+00 1.66000942e-02
831 2 3.92699082e+00 1.60695348e-02
832 2 3.92699082e+00 1.68419765e-02
833 2 3.92699082e+00 1.63727313e-02
834 2 3.92699082e+00 1.56238538e-02
835 2 3.92699082e+00 1.62490550e-02
836 2 3.92699082e+00 1.60903734e-02
837 2 3.92699082e+00 1.61139762e-02
838 2 3.92699082e+00 1.53785828e-02
839 2 3.92699082e+00 1.52199831e-02
840 2 3.92699082e+00 1.65291661e-02
841 2 3.92699082e+00 1.45838227e-02
842 2 3.92699082e+00 1.61961070e-02
843 2 3.92699082e+00 1.55880154e-02
844 2 3.92699082e+00 1.61162019e-02
845 2 3.92699082e+00 1.68867471e-02
846 2 3.92699082e+00 1.57336737e-02
847 2 3.92699082e+00 1.59283136e-02
848 2 3.92699082e+00 1.59010060e-02
849 2 3.92699082e+00 1.61409922e-02
850 2 3.92699082e+00 1.66060312e-02
851 2 3.92699082e+00 1.59676952e-02
852 2 3.92699082e+00 1.60252091e-02
853 2 3.92699082e+00 1.75819949e-02
854 2 3.92699082e+00 1.65028744e-02
855 2 3.92699082e+00 1.54437531e-02
856 2 3.92699082e+00 1.58797756e-02
857 2 3.92699082e+00 1.59066587e-02
858 2 3.92699082e+00 1.54720151e-02
859 2 3.92699082e+00 1.59145262e-02
860 2 3.92699082e+00 1.44533064e-02
861 2 3.92699082e+00 1.52855116e-02
862 2 3.92699082e+00 1.51989122e-02
863 2 3.92699082e+00 1.63803288e-02
864 2 3.92699082e+00 1.58953347e-02
865 2 3.92699082e+00 1.63412002e-02
866 2 3.92699082e+00 1.69804565e-02
867 2 3.92699082e+00 1.55335144e-02
868 2 3.92699082e+00 1.61498879e-02
869 2 3.92699082e+00 1.65098828e-02
870 2 3.92699082e+00 1.64783646e-02
871 2 3.92699082e+00 1.50628517e-02
872 2 3.92699082e+00 1.60132118e-02
873 2 3.92699082e+00 1.53829107e-02
874 2 3.92699082e+00 1.56981637e-02
875 2 3.92699082e+00 1.60219958e-02
876 2 3.92699082e+00 1.62848341e-02
877 2 3.92699082e+00 1.59671639e-02
878 2 3.92699082e+00 1.64361149e-02
879 2 3.92699082e+00 1.59575680e-02
880 2 3.92699082e+00 1.58844752e-02
881 2 3.92699082e+00 1.67425981e-02
882 2 3.92699082e+00 1.57459720e-02
883 2 3.92699082e+00 1.70803462e-02
884 2 3.92699082e+00 1.65446713e-02
885 2 3.92699082e+00 1.64206028e-02
886 2 3.92699082e+00 1.60930462e-02
887 2 3.92699082e+00 1.60051556e-02
888 2 3.92699082e+00 1.69394014e-02
889 2 3.92699082e+00 1.64803585e-02
890 2 3.92699082e+00 1.59793134e-02
891 2 3.92699082e+00 1.57909563e-02
892 2 3.92699082e+00 1.63149611e-02
893 2 3.92699082e+00 1.38020092e-02
894 2 3.92699082e+00 1.58599568e-02
895 2 3.92699082e+00 1.48331588e-02
896 2 3.92699082e+00 1.59530942e-02
897 2 3.92699082e+00 1.68387977e-02
898 2 3.92699082e+00 1.62489496e-02
899 2 3.92699082e+00 1.58238974e-02
0 3 5.89048623e+00 1.54743456e-02
1 3 5.89048623e+00 1.86320859e-02
2 3 5.89048623e+00 1.94301997e-02
3 3 5.89048623e+00 1.63999127e-02
4 3 5.89048623e+00 1.96956709e-02
5 3 5.89048623e+00 1.87048685e-02
6 3 5.89048623e+00 1.62078880e-02
7 3 5.89048623e+00 1.93723734e-02
8 3 5.89048623e+00 1.64821280e-02
9 3 5.89048623e+00 1.86681553e-02
10 3 5.89048623e+00 1.98074684e-02
11 3 5.89048623e+00 1.87583533e-02
12 3 5.89048623e+00 1.83564479e-02
13 3 5.89048623e+00 1.90276898e-02
14 3 5.89048623e+00 1.69805834e-02
15 3 5.89048623e+00 1.84191803e-02
16 3 5.89048623e+00 1.72900614e-02
17 3 5.89048623e+00 1.90356174e-02
18 3 5.89048623e+00 1.75058440e-02
19 3 5.89048623e+00 1.86079741e-02
20 3 5.89048623e+00 1.82232260e-02
21 3 5.89048623e+00 1.77656778e-02
22 3 5.89048623e+00 1.74819105e-02
23 3 5.89048623e+00 2.03459806e-02
24 3 5.89048623e+00 1.48284765e-02
25 3 5.89048623e+00 1.70606418e-02
26 3 5.89048623e+00 1.67353794e-02
27 3 5.89048623e+00 1.66462179e-02
28 3 5.89048623e+00 1.87817549e-02
29 3 5.89048623e+00 2.03201500e-02
30 3 5.89048623e+00 1.63733727e-02
31 3 5.89048623e+00 1.71343351e-02
32 3 5.89048623e+00 1.74169035e-02
33 3 5.89048623e+00 1.70712149e-02
34 3 5.89048623e+00 1.82677506e-02
35 3 5.89048623e+00 1.96354934e-02
36 3 5.89048623e+00 1.73659566e-02
37 3 5.89048623e+00 1.76280390e-02
38 3 5.89048623e+00 1.73289141e-02
39 3 5.89048623e+00 1.78591962e-02
40 3 5.89048623e+00 1.75486635e-02
41 3 5.89048623e+00 1.76625750e-02
42 3 5.89048623e+00 1.83245384e-02
43 3 5.89048623e+00 1.83629956e-02
44 3 5.89048623e+00 1.81120615e-02
45 3 5.89048623e+00 1.74041823e-02
46 3 5.89048623e+00 1.89280246e-02
47 3 5.89048623e+00 1.87902854e-02
48 3 5.89048623e+00 1.63692833e-02
49 3 5.89048623e+00 1.77047993e-02
50 3 5.89048623e+00 1.99287417e-02
51 3 5.89048623e+00 1.71407497e-02
52 3 5.89048623e+00 1.84493781e-02
53 3 5.89048623e+00 1.94633414e-02
54 3 5.89048623e+00 1.78875021e-02
55 3 5.89048623e+00 1.81703268e-02
56 3 5.89048623e+00 1.86546754e-02
57 3 5.89048623e+00 1.75458394e-02
58 3 5.89048623e+00 1.83068831e-02
59 3 5.89048623e+00 1.86752725e-02
60 3 5.89048623e+00 1.75614105e-02
61 3 5.89048623e+00 1.75474552e-02
62 3 5.89048623e+00 1.92003220e-02
63 3 5.89048623e+00 1.99173124e-02
64 3 5.89048623e+00 1.83989310e-02
65 3 5.89048623e+00 1.85093432e-02
66 3 5.89048623e+00 1.77740007e-02
67 3 5.89048623e+00 1.86237877e-02
68 3 5.89048623e+00 1.76511482e-02
69 3 5.89048623e+00 1.77906438e-02
70 3 5.89048623e+00 1.95418359e-02
71 3 5.89048623e+00 1.59756498e-02
72 3 5.89048623e+00 1.74391002e-02
73 3 5.89048623e+00 1.88320756e-02
74 3 5.89048623e+00 1.93001274e-02
75 3 5.89048623e+00 1.76850677e-02
76 3 5.89048623e+00 1.96183353e-02
77 3 5.89048623e+00 1.80258678e-02
78 3 5.89048623e+00 1.70418561e-02
79 3 5.89048623e+00 1.65416899e-02
80 3 5.89048623e+00 1.89551664e-02
81 3 5.89048623e+00 2.00643527e-02
82 3 5.89048623e+00 1.73695417e-02
83 3 5.89048623e+00 1.73414537e-02
84 3 5.89048623e+00 1.68777102e-02
85 3 5.89048623e+00 1.95955817e-02
86 3 5.89048623e+00 1.87446898e-02
87 3 5.89048623e+00 1.77064826e-02
88 3 5.89048623e+00 1.93040604e-02
89 3 5.89048623e+00 1.82185791e-02
90 3 5.89048623e+00 1.83766047e-02
91 3 5.89048623e+00 1.91527573e-02
92 3 5.89048623e+00 1.74632802e-02
93 3 5.89048623e+00 1.89085388e-02
94 3 5.89048623e+00 2.03946355e-02
95 3 5.89048623e+00 1.82353020e-02
96 3 5.89048623e+00 1.79390065e-02
97 3 5.89048623e+00 1.84394627e-02
98 3 5.89048623e+00 1.95910125e-02
99 3 5.89048623e+00 1.80521351e-02
100 3 5.89048623e+00 1.70219665e-02
101 3 5.89048623e+00 1.91093722e-02
102 3 5.89048623e+00 1.70320841e-02
103 3 5.89048623e+00 1.68664638e-02
104 3 5.89048623e+00 1.93721180e-02
105 3 5.89048623e+00 1.86454910e-02
106 3 5.89048623e+00 1.56764637e-02
107 3 5.89048623e+00 1.88178641e-02
108 3 5.89048623e+00 1.86633455e-02
109 3 5.89048623e+00 1.87462383e-02
110 3 5.89048623e+00 1.68657221e-02
111 3 5.89048623e+00 1.75635156e-02
112 3 5.89048623e+00 1.65495957e-02
113 3 5.89048623e+00 1.79162350e-02
114 3 5.89048623e+00 1.70113993e-02
115 3 5.89048623e+00 1.86010609e-02
116 3 5.89048623e+00 1.82449065e-02
117 3 5.89048623e+00 1.73289099e-02
118 3 5.89048623e+00 1.87159053e-02
119 3 5.89048623e+00 1.68849108e-02
120 3 5.89048623e+00 1.64197958e-02
121 3 5.89048623e+00 1.78248561e-02
122 3 5.89048623e+00 1.73988015e-02
123 3 5.89048623e+00 2.01662887e-02
124 3 5.89048623e+00 1.82850474e-02
125 3 5.89048623e+00 1.90348155e-02
126 3 5.89048623e+00 1.80049919e-02
127 3 5.89048623e+00 1.73913298e-02
128 3 5.89048623e+00 1.84016606e-02
129 3 5.89048623e+00 1.73181935e-02
130 3 5.89048623e+00 1.80980854e-02
131 3 5.89048623e+00 1.69091295e-02
132 3 5.89048623e+00 1.70199984e-02
133 3 5.89048623e+00 1.61221430e-02
134 3 5.89048623e+00 1.78936003e-02
135 3 5.89048623e+00 1.71045067e-02
136 3 5.89048623e+00 1.73374923e-02
137 3 5.89048623e+00 1.82822704e-02
138 3 5.89048623e+00 1.91150508e-02
139 3 5.89048623e+00 1.64947992e-02
140 3 5.89048623e+00 1.76698205e-02
141 3 5.89048623e+00 1.90470717e-02
142 3 5.89048623e+00 1.94522090e-02
143 3 5.89048623e+00 1.79922486e-02
144 3 5.89048623e+00 1.76296439e-02
145 3 5.89048623e+00 1.84586838e-02
146 3 5.89048623e+00 1.92503158e-02
147 3 5.89048623e+00 1.84952666e-02
148 3 5.89048623e+00 1.89925037e-02
149 3 5.89048623e+00 1.86008414e-02
150 3 5.89048623e+00 1.80552433e-02
151 3 5.89048623e+00 1.84570316e-02
152 3 5.89048623e+00 1.72765973e-02
153 3 5.89048623e+00 1.63706364e-02
154 3 5.89048623e+00 1.78644483e-02
155 3 5.89048623e+00 1.72408490e-02
156 3 5.89048623e+00 1.98754082e-02
157 3 5.89048623e+00 1.93326232e-02
158 3 5.89048623e+00 1.97625894e-02
159 3 5.89048623e+00 1.78598158e-02
160 3 5.89048623e+00 1.84928280e-02
161 3 5.89048623e+00 1.79404607e-02
162 3 5.89048623e+00 1.83815168e-02
163 3 5.89048623e+00 1.92795534e-02
164 3 5.89048623e+00 1.65770443e-02
165 3 5.89048623e+00 1.68611487e-02
166 3 5.89048623e+00 1.99141509e-02
167 3 5.89048623e+00 1.77186469e-02
168 3 5.89048623e+00 1.85703439e-02
169 3 5.89048623e+00 1.81899161e-02
170 3 5.89048623e+00 1.68666519e-02
171 3 5.89048623e+00 1.75462272e-02
172 3 5.89048623e+00 1.80237291e-02
173 3 5.89048623e+00 1.95784572e-02
174 3 5.89048623e+00 1.92720735e-02
175 3 5.89048623e+00 1.87355298e-02
176 3 5.89048623e+00 1.99560030e-02
177 3 5.89048623e+00 1.86707964e-02
178 3 5.89048623e+00 1.69289237e-02
179 3 5.89048623e+00 1.91469207e-02
180 3 5.89048623e+00 1.72028354e-02
181 3 5.89048623e+00 1.77217114e-02
182 3 5.89048623e+00 1.84327726e-02
183 3 5.89048623e+00 1.77355876e-02
184 3 5.89048623e+00 1.86175065e-02
185 3 5.89048623e+00 1.75886633e-02
186 3 5.89048623e+00 1.73374121e-02
187 3 5.89048623e+00 1.63100431e-02
188 3 5.89048623e+00 1.66434412e-02
189 3 5.89048623e+00 1.69959163e-02
190 3 5.89048623e+00 1.82816931e-02
191 3 5.89048623e+00 1.91820169e-02
192 3 5.89048623e+00 1.94104226e-02
193 3 5.89048623e+00 1.79593532e-02
194 3 5.89048623e+00 1.89606790e-02
195 3 5.89048623e+00 1.93741362e-02
196 3 5.89048623e+00 1.91701986e-02
197 3 5.89048623e+00 1.83389048e-02
198 3 5.89048623e+00 1.89528059e-02
199 3 5.89048623e+00 1.97742420e-02
200 3 5.89048623e+00 1.70847245e-02
201 3 5.89048623e+00 1.61682529e-02
202 3 5.89048623e+00 1.68205485e-02
203 3 5.89048623e+00 1.75746692e-02
204 3 5.89048623e+00 1.76208892e-02
205 3 5.89048623e+00 2.00005566e-02
206 3 5.89048623e+00 1.66276081e-02
207 3 5.89048623e+00 1.74103538e-02
208 3 5.89048623e+00 1.80640749e-02
209 3 5.89048623e+00 1.86859934e-02
210 3 5.89048623e+00 1.64884956e-02
211 3 5.89048623e+00 1.83396687e-02
212 3 5.89048623e+00 1.89697996e-02
213 3 5.89048623e+00 1.67643643e-02
214 3 5.89048623e+00 1.76292923e-02
215 3 5.89048623e+00 2.10939498e-02
216 3 5.89048623e+00 1.82437251e-02
217 3 5.89048623e+00 1.73962636e-02
218 3 5.89048623e+00 2.04532822e-02
219 3 5.89048623e+00 1.86753295e-02
220 3 5.89048623e+00 1.92666216e-02
221 3 5.89048623e+00 1.88882832e-02
222 3 5.89048623e+00 1.79686462e-02
223 3 5.89048623e+00 2.08701037e-02
224 3 5.89048623e+00 1.58666226e-02
225 3 5.89048623e+00 1.87759130e-02
226 3 5.89048623e+00 1.84599622e-02
227 3 5.89048623e+00 1.74423754e-02
228 3 5.89048623e+00 1.78594369e-02
229 3 5.89048623e+00 1.83052070e-02
230 3 5.89048623e+00 1.78175354e-02
231 3 5.89048623e+00 1.90457662e-02
232 3 5.89048623e+00 1.69435486e-02
233 3 5.89048623e+00 1.78184804e-02
234 3 5.89048623e+00 1.72978331e-02
235 3 5.89048623e+00 1.67222758e-02
236 3 5.89048623e+00 1.82275436e-02
237 3 5.89048623e+00 1.91306928e-02
238 3 5.89048623e+00 1.84039161e-02
239 3 5.89048623e+00 1.85180076e-02
240 3 5.89048623e+00 1.86070957e-02
241 3 5.89048623e+00 1.62101140e-02
242 3 5.89048623e+00 1.69802108e-02
243 3 5.89048623e+00 1.81371858e-02
244 3 5.89048623e+00 1.67374356e-02
245 3 5.89048623e+00 1.64875073e-02
246 3 5.89048623e+00 1.82930829e-02
247 3 5.89048623e+00 1.93678923e-02
248 3 5.89048623e+00 1.66180344e-02
249 3 5.89048623e+00 1.90404012e-02
250 3 5.89048623e+00 1.80903299e-02
251 3 5.89048623e+00 1.78959523e-02
252 3 5.89048623e+00 1.90632302e-02
253 3 5.89048623e+00 1.75843558e-02
254 3 5.89048623e+00 1.80167907e-02
255 3 5.89048623e+00 1.79961904e-02
256 3 5.89048623e+00 1.96357772e-02
257 3 5.89048623e+00 1.67026440e-02
258 3 5.89048623e+00 1.78548253e-02
259 3 5.89048623e+00 1.86436956e-02
260 3 5.89048623e+00 1.90814591e-02
261 3 5.89048623e+00 1.72126117e-02
262 3 5.89048623e+00 1.72954875e-02
263 3 5.89048623e+00 1.69593938e-02
264 3 5.89048623e+00 1.71595654e-02
265 3 5.89048623e+00 1.91865155e-02
266 3 5.89048623e+00 1.58096401e-02
267 3 5.89048623e+00 1.96506277e-02
268 3 5.89048623e+00 1.79051677e-02
269 3 5.89048623e+00 1.78156599e-02
270 3 5.89048623e+00 1.73410750e-02
271 3 5.89048623e+00 1.80107454e-02
272 3 5.89048623e+00 1.62604833e-02
273 3 5.89048623e+00 1.61499412e-02
274 3 5.89048623e+00 1.80522096e-02
275 3 5.89048623e+00 1.87350112e-02
276 3 5.89048623e+00 1.92829354e-02
277 3 5.89048623e+00 1.76859675e-02
278 3 5.89048623e+00 2.14713571e-02
279 3 5.89048623e+00 1.86953041e-02
280 3 5.89048623e+00 1.78049453e-02
281 3 5.89048623e+00 1.72427255e-02
282 3 5.89048623e+00 1.91046164e-02
283 3 5.89048623e+00 2.12487896e-02
284 3 5.89048623e+00 1.59346975e-02
285 3 5.89048623e+00 1.77968623e-02
286 3 5.89048623e+00 1.76700180e-02
287 3 5.89048623e+00 1.64992064e-02
288 3 5.89048623e+00 1.80194043e-02
289 3 5.89048623e+00 1.67928010e-02
290 3 5.89048623e+00 1.84745204e-02
291 3 5.89048623e+00 1.83010617e-02
292 3 5.89048623e+00 1.72659245e-02
293 3 5.89048623e+00 1.87991397e-02
294 3 5.89048623e+00 1.87256412e-02
295 3 5.89048623e+00 1.98341580e-02
296 3 5.89048623e+00 1.85426615e-02
297 3 5.89048623e+00 1.83361856e-02
298 3 5.89048623e+00 1.90398007e-02
299 3 5.89048623e+00 1.65416614e-02
300 3 5.89048623e+00 1.97184242e-02
301 3 5.89048623e+00 1.70500096e-02
302 3 5.89048623e+00 1.67679368e-02
303 3 5.89048623e+00 1.78006392e-02
304 3 5.89048623e+00 1.69843171e-02
305 3 5.89048623e+00 1.66643892e-02
306 3 5.89048623e+00 1.83889487e-02
307 3 5.89048623e+00 1.77910482e-02
308 3 5.89048623e+00 1.83536421e-02
309 3 5.89048623e+00 1.78338091e-02
310 3 5.89048623e+00 1.94730197e-02
311 3 5.89048623e+00 1.57547368e-02
312 3 5.89048623e+00 1.83401125e-02
313 3 5.89048623e+00 1.57400239e-02
314 3 5.89048623e+00 1.92985861e-02
315 3 5.89048623e+00 1.90307494e-02
316 3 5.89048623e+00 1.73561383e-02
317 3 5.89048623e+00 1.79082298e-02
318 3 5.89048623e+00 1.67177002e-02
319 3 5.89048623e+00 1.77440021e-02
320 3 5.89048623e+00 1.87947931e-02
321 3 5.89048623e+00 1.78482077e-02
322 3 5.89048623e+00 1.86419978e-02
323 3 5.89048623e+00 1.86511612e-02
324 3 5.89048623e+00 1.76524103e-02
325 3 5.89048623e+00 1.84303846e-02
326 3 5.89048623e+00 1.77501711e-02
327 3 5.89048623e+00 1.83473180e-02
328 3 5.89048623e+00 1.81513064e-02
329 3 5.89048623e+00 1.70565671e-02
330 3 5.89048623e+00 1.81628132e-02
331 3 5.89048623e+00 1.91330984e-02
332 3 5.89048623e+00 1.91754799e-02
333 3 5.89048623e+00 1.82611806e-02
334 3 5.89048623e+00 1.89151685e-02
335 3 5.89048623e+00 1.79760293e-02
336 3 5.89048623e+00 1.76945606e-02
337 3 5.89048623e+00 1.96044226e-02
338 3 5.89048623e+00 1.68190628e-02
339 3 5.89048623e+00 1.81246325e-02
340 3 5.89048623e+00 1.80656628e-02
341 3 5.89048623e+00 1.72464117e-02
342 3 5.89048623e+00 1.66057239e-02
343 3 5.89048623e+00 1.77710954e-02
344 3 5.89048623e+00 1.63717738e-02
345 3 5.89048623e+00 1.90610179e-02
346 3 5.89048623e+00 1.67963016e-02
347 3 5.89048623e+00 1.67154150e-02
348 3 5.89048623e+00 1.69506888e-02
349 3 5.89048623e+00 1.80279991e-02
350 3 5.89048623e+00 1.88769960e-02
351 3 5.89048623e+00 1.93638974e-02
352 3 5.89048623e+00 1.72584569e-02
353 3 5.89048623e+00 1.80042281e-02
354 3 5.89048623e+00 1.88316938e-02
355 3 5.89048623e+00 1.91271219e-02
356 3 5.89048623e+00 1.98829109e-02
357 3 5.89048623e+00 1.91585787e-02
358 3 5.89048623e+00 1.70615548e-02
359 3 5.89048623e+00 1.59955592e-02
360 3 5.89048623e+00 1.79598726e-02
361 3 5.89048623e+00 1.86490675e-02
362 3 5.89048623e+00 1.77466150e-02
363 3 5.89048623e+00 2.03558289e-02
364 3 5.89048623e+00 1.85696221e-02
365 3 5.89048623e+00 1.84385449e-02
366 3 5.89048623e+00 1.74789836e-02
367 3 5.89048623e+00 1.92078688e-02
368 3 5.89048623e+00 1.69946914e-02
369 3 5.89048623e+00 1.90778666e-02
370 3 5.89048623e+00 1.87169366e-02
371 3 5.89048623e+00 1.71791474e-02
372 3 5.89048623e+00 1.94224318e-02
373 3 5.89048623e+00 1.86107746e-02
374 3 5.89048623e+00 1.78866255e-02
375 3 5.89048623e+00 1.64075249e-02
376 3 5.89048623e+00 1.86992768e-02
377 3 5.89048623e+00 1.75419644e-02
378 3 5.89048623e+00 1.93683585e-02
379 3 5.89048623e+00 1.81392004e-02
380 3 5.89048623e+00 1.90206542e-02
381 3 5.89048623e+00 1.85298571e-02
382 3 5.89048623e+00 1.74298121e-02
383 3 5.89048623e+00 1.66143966e-02
384 3 5.89048623e+00 1.88493113e-02
385 3 5.89048623e+00 1.86607406e-02
386 3 5.89048623e+00 1.66762430e-02
387 3 5.89048623e+00 1.81058502e-02
388 3 5.89048623e+00 1.79085076e-02
389 3 5.89048623e+00 1.85027918e-02
390 3 5.89048623e+00 1.92022744e-02
391 3 5.89048623e+00 1.91769189e-02
392 3 5.89048623e+00 1.63736138e-02
393 3 5.89048623e+00 1.95773961e-02
394 3 5.89048623e+00 1.93061847e-02
395 3 5.89048623e+00 1.95012040e-02
396 3 5.89048623e+00 1.69099256e-02
397 3 5.89048623e+00 1.77426989e-02
398 3 5.89048623e+00 1.73366643e-02
399 3 5.89048623e+00 1.99392233e-02
400 3 5.89048623e+00 1.70515307e-02
401 3 5.89048623e+00 1.65149398e-02
402 3 5.89048623e+00 1.90448109e-02
403 3 5.89048623e+00 2.00458181e-02
404 3 5.89048623e+00 1.53989689e-02
405 3 5.89048623e+00 1.66359760e-02
406 3 5.89048623e+00 1.67951358e-02
407 3 5.89048623e+00 1.93668988e-02
408 3 5.89048623e+00 1.97455431e-02
409 3 5.89048623e+00 1.63957571e-02
410 3 5.89048623e+00 1.84244482e-02
411 3 5.89048623e+00 1.67327770e-02
412 3 5.89048623e+00 1.73754738e-02
413 3 5.89048623e+00 1.71210438e-02
414 3 5.89048623e+00 1.86973885e-02
415 3 5.89048623e+00 1.87162605e-02
416 3 5.89048623e+00 1.80860581e-02
417 3 5.89048623e+00 1.69270880e-02
418 3 5.89048623e+00 1.68240149e-02
419 3 5.89048623e+00 1.81343426e-02
420 3 5.89048623e+00 1.84067543e-02
421 3 5.89048623e+00 1.86010163e-02
422 3 5.89048623e+00 1.83438149e-02
423 3 5.89048623e+00 1.75441658e-02
424 3 5.89048623e+00 1.86848618e-02
425 3 5.89048623e+00 1.79000340e-02
426 3 5.89048623e+00 1.65196496e-02
427 3 5.89048623e+00 1.92333240e-02
428 3 5.89048623e+00 1.66061303e-02
429 3 5.89048623e+00 2.02684407e-02
430 3 5.89048623e+00 1.99094100e-02
431 3 5.89048623e+00 1.73649340e-02
432 3 5.89048623e+00 1.91594070e-02
433 3 5.89048623e+00 1.56011811e-02
434 3 5.89048623e+00 1.79841950e-02
435 3 5.89048623e+00 1.91249876e-02
436 3 5.89048623e+00 1.95221672e-02
437 3 5.89048623e+00 1.81106007e-02
438 3 5.89048623e+00 1.95809489e-02
439 3 5.89048623e+00 1.88119884e-02
440 3 5.89048623e+00 1.73043898e-02
441 3 5.89048623e+00 1.87569723e-02
442 3 5.89048623e+00 1.61007263e-02
443 3 5.89048623e+00 1.61945683e-02
444 3 5.89048623e+00 1.69111107e-02
445 3 5.89048623e+00 1.98820565e-02
446 3 5.89048623e+00 1.77184168e-02
447 3 5.89048623e+00 1.65607067e-02
448 3 5.89048623e+00 1.82135166e-02
449 3 5.89048623e+00 1.99336441e-02
450 3 5.89048623e+00 1.86452203e-02
451 3 5.89048623e+00 1.85511831e-02
452 3 5.89048623e+00 1.83034031e-02
453 3 5.89048623e+00 1.95161622e-02
454 3 5.89048623e+00 1.75028888e-02
455 3 5.89048623e+00 1.68478462e-02
456 3 5.89048623e+00 1.87533063e-02
457 3 5.89048623e+00 1.80967616e-02
458 3 5.89048623e+00 1.92411614e-02
459 3 5.89048623e+00 1.68472612e-02
460 3 5.89048623e+00 1.79702538e-02
461 3 5.89048623e+00 1.93855319e-02
462 3 5.89048623e+00 1.67915043e-02
463 3 5.89048623e+00 1.88750332e-02
464 3 5.89048623e+00 1.78000259e-02
465 3 5.89048623e+00 1.84995022e-02
466 3 5.89048623e+00 1.82534941e-02
467 3 5.89048623e+00 1.83041648e-02
468 3 5.89048623e+00 1.84645217e-02
469 3 5.89048623e+00 1.76956623e-02
470 3 5.89048623e+00 1.66951042e-02
471 3 5.89048623e+00 1.75398458e-02
472 3 5.89048623e+00 1.89207128e-02
473 3 5.89048623e+00 1.86159214e-02
474 3 5.89048623e+00 1.86761972e-02
475 3 5.89048623e+00 1.96220603e-02
476 3 5.89048623e+00 1.92267756e-02
477 3 5.89048623e+00 1.80907334e-02
478 3 5.89048623e+00 2.00961164e-02
479 3 5.89048623e+00 1.87636455e-02
480 3 5.89048623e+00 1.85245705e-02
481 3 5.89048623e+00 1.62873090e-02
482 3 5.89048623e+00 1.82817350e-02
483 3 5.89048623e+00 1.83965563e-02
484 3 5.89048623e+00 1.69937663e-02
485 3 5.89048623e+00 1.67504446e-02
486 3 5.89048623e+00 1.85961110e-02
487 3 5.89048623e+00 1.68634301e-02
488 3 5.89048623e+00 1.61792021e-02
489 3 5.89048623e+00 1.80995226e-02
490 3 5.89048623e+00 1.92937788e-02
491 3 5.89048623e+00 1.88767511e-02
492 3 5.89048623e+00 1.74039390e-02
493 3 5.89048623e+00 1.77393592e-02
494 3 5.89048623e+00 1.84856191e-02
495 3 5.89048623e+00 1.78983776e-02
496 3 5.89048623e+00 1.75634277e-02
497 3 5.89048623e+00 1.71501715e-02
498 3 5.89048623e+00 1.75593796e-02
499 3 5.89048623e+00 1.86410900e-02
500 3 5.89048623e+00 1.70070548e-02
501 3 5.89048623e+00 1.97344914e-02
502 3 5.89048623e+00 1.85943666e-02
503 3 5.89048623e+00 1.83098015e-02
504 3 5.89048623e+00 1.82620576e-02
505 3 5.89048623e+00 1.82851381e-02
506 3 5.89048623e+00 1.83725996e-02
507 3 5.89048623e+00 1.85219410e-02
508 3 5.89048623e+00 1.75436080e-02
509 3 5.89048623e+00 1.70343205e-02
510 3 5.89048623e+00 1.77839891e-02
511 3 5.89048623e+00 1.76755867e-02
512 3 5.89048623e+00 1.86910018e-02
513 3 5.89048623e+00 1.68237689e-02
514 3 5.89048623e+00 1.81852935e-02
515 3 5.89048623e+00 1.89944989e-02
516 3 5.89048623e+00 1.73145611e-02
517 3 5.89048623e+00 1.80293158e-02
518 3 5.89048623e+00 1.98375482e-02
519 3 5.89048623e+00 1.96216879e-02
520 3 5.89048623e+00 1.91794241e-02
521 3 5.89048623e+00 1.61184186e-02
522 3 5.89048623e+00 1.70850479e-02
523 3 5.89048623e+00 1.72787032e-02
524 3 5.89048623e+00 1.81922428e-02
525 3 5.89048623e+00 1.86360187e-02
526 3 5.89048623e+00 2.01081836e-02
527 3 5.89048623e+00 1.93760937e-02
528 3 5.89048623e+00 1.87086051e-02
529 3 5.89048623e+00 1.82473844e-02
530 3 5.89048623e+00 1.75921467e-02
531 3 5.89048623e+00 1.79866987e-02
532 3 5.89048623e+00 1.61379808e-02
533 3 5.89048623e+00 1.84724969e-02
534 3 5.89048623e+00 1.96632137e-02
535 3 5.89048623e+00 1.77811499e-02
536 3 5.89048623e+00 1.73835806e-02
537 3 5.89048623e+00 1.78352119e-02
538 3 5.89048623e+00 1.66596550e-02
539 3 5.89048623e+00 1.57385780e-02
540 3 5.89048623e+00 1.67287940e-02
541 3 5.89048623e+00 1.83900084e-02
542 3 5.89048623e+00 1.99907138e-02
543 3 5.89048623e+00 1.69821819e-02
544 3 5.89048623e+00 1.71511853e-02
545 3 5.89048623e+00 1.80037533e-02
546 3 5.89048623e+00 1.83188441e-02
547 3 5.89048623e+00 1.74035705e-02
548 3 5.89048623e+00 1.63524444e-02
549 3 5.89048623e+00 1.83446666e-02
550 3 5.89048623e+00 1.91734849e-02
551 3 5.89048623e+00 1.91242720e-02
552 3 5.89048623e+00 1.64905191e-02
553 3 5.89048623e+00 1.87736845e-02
554 3 5.89048623e+00 1.79925943e-02
555 3 5.89048623e+00 1.72241916e-02
556 3 5.89048623e+00 1.74575552e-02
557 3 5.89048623e+00 1.94035025e-02
558 3 5.89048623e+00 1.71246318e-02
559 3 5.89048623e+00 2.02157999e-02
560 3 5.89048623e+00 1.77405256e-02
561 3 5.89048623e+00 1.77825277e-02
562 3 5.89048623e+00 1.80125762e-02
563 3 5.89048623e+00 1.81200138e-02
564 3 5.89048623e+00 1.72306147e-02
565 3 5.89048623e+00 1.85872663e-02
566 3 5.89048623e+00 1.98327142e-02
567 3 5.89048623e+00 1.80371697e-02
568 3 5.89048623e+00 1.79154330e-02
569 3 5.89048623e+00 2.03301564e-02
570 3 5.89048623e+00 1.75903628e-02
571 3 5.89048623e+00 1.70538920e-02
572 3 5.89048623e+00 1.91490640e-02
573 3 5.89048623e+00 1.85782363e-02
574 3 5.89048623e+00 1.84768684e-02
575 3 5.89048623e+00 1.89763886e-02
576 3 5.89048623e+00 1.64879820e-02
577 3 5.89048623e+00 1.82040476e-02
578 3 5.89048623e+00 1.82204539e-02
579 3 5.89048623e+00 1.77932565e-02
580 3 5.89048623e+00 1.92564599e-02
581 3 5.89048623e+00 1.94301783e-02
582 3 5.89048623e+00 1.90571160e-02
583 3 5.89048623e+00 1.85952365e-02
584 3 5.89048623e+00 1.69263930e-02
585 3 5.89048623e+00 1.94014443e-02
586 3 5.89048623e+00 1.94255142e-02
587 3 5.89048623e+00 1.77905046e-02
588 3 5.89048623e+00 1.72794348e-02
589 3 5.89048623e+00 2.03627719e-02
590 3 5.89048623e+00 1.81381128e-02
591 3 5.89048623e+00 2.06169181e-02
592 3 5.89048623e+00 1.81139055e-02
593 3 5.89048623e+00 1.94692732e-02
594 3 5.89048623e+00 1.92791403e-02
595 3 5.89048623e+00 1.48784005e-02
596 3 5.89048623e+00 1.77803170e-02
597 3 5.89048623e+00 1.75968179e-02
598 3 5.89048623e+00 1.80568891e-02
599 3 5.89048623e+00 1.85106047e-02
600 3 5.89048623e+00 1.83022882e-02
601 3 5.89048623e+00 1.67202401e-02
602 3 5.89048623e+00 1.66459953e-02
603 3 5.89048623e+00 1.72526222e-02
604 3 5.89048623e+00 1.76286645e-02
605 3 5.89048623e+00 1.70497784e-02
606 3 5.89048623e+00 1.89694514e-02
607 3 5.89048623e+00 1.76870803e-02
608 3 5.89048623e+00 1.89577038e-02
609 3 5.89048623e+00 1.51528736e-02
610 3 5.89048623e+00 1.71898869e-02
611 3 5.89048623e+00 1.86504897e-02
612 3 5.89048623e+00 1.82444089e-02
613 3 5.89048623e+00 1.88126508e-02
614 3 5.89048623e+00 1.80642446e-02
615 3 5.89048623e+00 1.84740336e-02
616 3 5.89048623e+00 2.08143516e-02
617 3 5.89048623e+00 1.65675311e-02
618 3 5.89048623e+00 1.90807854e-02
619 3 5.89048623e+00 1.82866769e-02
620 3 5.89048623e+00 1.77589844e-02
621 3 5.89048623e+00 1.68920324e-02
622 3 5.89048623e+00 1.68428484e-02
623 3 5.89048623e+00 1.90847802e-02
624 3 5.89048623e+00 1.70138034e-02
625 3 5.89048623e+00 1.78288051e-02
626 3 5.89048623e+00 1.78139052e-02
627 3 5.89048623e+00 1.71870432e-02
628 3 5.89048623e+00 1.64673845e-02
629 3 5.89048623e+00 1.87052447e-02
630 3 5.89048623e+00 1.92093143e-02
631 3 5.89048623e+00 1.69306392e-02
632 3 5.89048623e+00 1.68412957e-02
633 3 5.89048623e+00 1.74417076e-02
634 3 5.89048623e+00 1.74403758e-02
635 3 5.89048623e+00 1.83464649e-02
636 3 5.89048623e+00 1.72987896e-02
637 3 5.89048623e+00 1.79604396e-02
638 3 5.89048623e+00 1.80917458e-02
639 3 5.89048623e+00 1.53661209e-02
640 3 5.89048623e+00 1.81149006e-02
641 3 5.89048623e+00 1.79551596e-02
642 3 5.89048623e+00 1.75328068e-02
643 3 5.89048623e+00 1.66384980e-02
644 3 5.89048623e+00 1.70707355e-02
645 3 5.89048623e+00 1.74936430e-02
646 3 5.89048623e+00 1.74774690e-02
647 3 5.89048623e+00 1.79616342e-02
648 3 5.89048623e+00 1.78469974e-02
649 3 5.89048623e+00 1.70052371e-02
650 3 5.89048623e+00 1.76958197e-02
651 3 5.89048623e+00 1.86485438e-02
652 3 5.89048623e+00 1.94328709e-02
653 3 5.89048623e+00 1.64610703e-02
654 3 5.89048623e+00 1.74711963e-02
655 3 5.89048623e+00 2.02927720e-02
656 3 5.89048623e+00 1.90897777e-02
657 3 5.89048623e+00 1.69430468e-02
658 3 5.89048623e+00 1.84016356e-02
659 3 5.89048623e+00 1.90039107e-02
660 3 5.89048623e+00 1.82501638e-02
661 3 5.89048623e+00 1.81644973e-02
662 3 5.89048623e+00 1.84280280e-02
663 3 5.89048623e+00 1.79606321e-02
664 3 5.89048623e+00 1.82355966e-02
665 3 5.89048623e+00 1.82363210e-02
666 3 5.89048623e+00 1.99830652e-02
667 3 5.89048623e+00 2.00428510e-02
668 3 5.89048623e+00 1.75373358e-02
669 3 5.89048623e+00 1.59618967e-02
670 3 5.89048623e+00 1.87193485e-02
671 3 5.89048623e+00 1.91287255e-02
672 3 5.89048623e+00 1.81791067e-02
673 3 5.89048623e+00 1.88119717e-02
674 3 5.89048623e+00 1.87150339e-02
675 3 5.89048623e+00 1.67798956e-02
676 3 5.89048623e+00 1.93053039e-02
677 3 5.89048623e+00 1.87133564e-02
678 3 5.89048623e+00 1.89857694e-02
679 3 5.89048623e+00 1.86452418e-02
680 3 5.89048623e+00 1.80620715e-02
681 3 5.89048623e+00 1.78897235e-02
682 3 5.89048623e+00 1.74340186e-02
683 3 5.89048623e+00 1.94033146e-02
684 3 5.89048623e+00 1.76866038e-02
685 3 5.89048623e+00 1.81893088e-02
686 3 5.89048623e+00 1.74982890e-02
687 3 5.89048623e+00 1.81529451e-02
688 3 5.89048623e+00 1.93457078e-02
689 3 5.89048623e+00 1.73620915e-02
690 3 5.89048623e+00 1.88369543e-02
691 3 5.89048623e+00 1.78186670e-02
692 3 5.89048623e+00 1.86382315e-02
693 3 5.89048623e+00 1.69807536e-02
694 3 5.89048623e+00 1.73353139e-02
695 3 5.89048623e+00 1.65742131e-02
696 3 5.89048623e+00 1.83749283e-02
697 3 5.89048623e+00 1.81506704e-02
698 3 5.89048623e+00 1.68751204e-02
699 3 5.89048623e+00 1.76221869e-02
700 3 5.89048623e+00 1.71824664e-02
701 3 5.89048623e+00 1.87133578e-02
702 3 5.89048623e+00 1.80560291e-02
703 3 5.89048623e+00 1.69177755e-02
704 3 5.89048623e+00 2.02342855e-02
705 3 5.89048623e+00 1.68361454e-02
706 3 5.89048623e+00 1.74384068e-02
707 3 5.89048623e+00 1.93671687e-02
708 3 5.89048623e+00 1.75343022e-02
709 3 5.89048623e+00 1.82859388e-02
710 3 5.89048623e+00 1.75169968e-02
711 3 5.89048623e+00 1.83818182e-02
712 3 5.89048623e+00 1.70223155e-02
713 3 5.89048623e+00 1.67901863e-02
714 3 5.89048623e+00 1.77601645e-02
715 3 5.89048623e+00 1.82382783e-02
716 3 5.89048623e+00 1.81258333e-02
717 3 5.89048623e+00 1.71384073e-02
718 3 5.89048623e+00 1.90295748e-02
719 3 5.89048623e+00 1.89996999e-02
720 3 5.89048623e+00 1.91428727e-02
721 3 5.89048623e+00 1.82669958e-02
722 3 5.89048623e+00 1.84825843e-02
723 3 5.89048623e+00 1.74034013e-02
724 3 5.89048623e+00 1.51772085e-02
725 3 5.89048623e+00 1.67721371e-02
726 3 5.89048623e+00 1.64381910e-02
727 3 5.89048623e+00 1.89924449e-02
728 3 5.89048623e+00 1.78633762e-02
729 3 5.89048623e+00 1.92729239e-02
730 3 5.89048623e+00 1.75834434e-02
731 3 5.89048623e+00 1.78657049e-02
732 3 5.89048623e+00 1.56288217e-02
733 3 5.89048623e+00 1.90130453e-02
734 3 5.89048623e+00 1.85428923e-02
735 3 5.89048623e+00 1.91472551e-02
736 3 5.89048623e+00 1.91278384e-02
737 3 5.89048623e+00 1.96814532e-02
738 3 5.89048623e+00 1.81531424e-02
739 3 5.89048623e+00 1.84917173e-02
740 3 5.89048623e+00 1.85089533e-02
741 3 5.89048623e+00 1.81729992e-02
742 3 5.89048623e+00 1.78665006e-02
743 3 5.89048623e+00 1.68551388e-02
744 3 5.89048623e+00 1.61917355e-02
745 3 5.89048623e+00 1.86714752e-02
746 3 5.89048623e+00 1.77187185e-02
747 3 5.89048623e+00 1.72566376e-02
748 3 5.89048623e+00 1.84247187e-02
749 3 5.89048623e+00 1.81607416e-02
750 3 5.89048623e+00 1.86038735e-02
751 3 5.89048623e+00 1.75556157e-02
752 3 5.89048623e+00 1.68389646e-02
753 3 5.89048623e+00 1.71113162e-02
754 3 5.89048623e+00 1.91138392e-02
755 3 5.89048623e+00 1.72722869e-02
756 3 5.89048623e+00 1.57742836e-02
757 3 5.89048623e+00 1.89591232e-02
758 3 5.89048623e+00 1.78319925e-02
759 3 5.89048623e+00 1.68256400e-02
760 3 5.89048623e+00 1.77946098e-02
761 3 5.89048623e+00 1.88584947e-02
762 3 5.89048623e+00 1.66772827e-02
763 3 5.89048623e+00 1.69644217e-02
764 3 5.89048623e+00 1.94268137e-02
765 3 5.89048623e+00 1.76958025e-02
766 3 5.89048623e+00 1.89794209e-02
767 3 5.89048623e+00 1.75483177e-02
768 3 5.89048623e+00 1.88957320e-02
769 3 5.89048623e+00 1.72674208e-02
770 3 5.89048623e+00 1.88434261e-02
771 3 5.89048623e+00 1.86889580e-02
772 3 5.89048623e+00 2.02262839e-02
773 3 5.89048623e+00 1.88729816e-02
774 3 5.89048623e+00 1.98407597e-02
775 3 5.89048623e+00 1.78031354e-02
776 3 5.89048623e+00 1.78763842e-02
777 3 5.89048623e+00 1.62439147e-02
778 3 5.89048623e+00 1.83342503e-02
779 3 5.89048623e+00 1.82220959e-02
780 3 5.89048623e+00 1.75618958e-02
781 3 5.89048623e+00 1.74827056e-02
782 3 5.89048623e+00 1.75277493e-02
783 3 5.89048623e+00 1.74113197e-02
784 3 5.89048623e+00 1.87117382e-02
785 3 5.89048623e+00 1.87019964e-02
786 3 5.89048623e+00 1.76411413e-02
787 3 5.89048623e+00 1.99766673e-02
788 3 5.89048623e+00 1.80314668e-02
789 3 5.89048623e+00 1.74097682e-02
790 3 5.89048623e+00 1.76133932e-02
791 3 5.89048623e+00 1.71261842e-02
792 3 5.89048623e+00 1.80953473e-02
793 3 5.89048623e+00 1.50838654e-02
794 3 5.89048623e+00 1.77457702e-02
795 3 5.89048623e+00 1.88043262e-02
796 3 5.89048623e+00 2.16360792e-02
797 3 5.89048623e+00 1.80865269e-02
798 3 5.89048623e+00 1.83898365e-02
799 3 5.89048623e+00 1.65404815e-02
800 3 5.89048623e+00 1.83607021e-02
801 3 5.89048623e+00 2.10965922e-02
802 3 5.89048623e+00 1.81466444e-02
803 3 5.89048623e+00 1.86069334e-02
804 3 5.89048623e+00 1.75234711e-02
805 3 5.89048623e+00 1.92717766e-02
806 3 5.89048623e+00 1.88882303e-02
807 3 5.89048623e+00 1.92207275e-02
808 3 5.89048623e+00 1.78997170e-02
809 3 5.89048623e+00 1.87614054e-02
810 3 5.89048623e+00 1.73898957e-02
811 3 5.89048623e+00 1.86349878e-02
812 3 5.89048623e+00 1.99176681e-02
813 3 5.89048623e+00 1.94438280e-02
814 3 5.89048623e+00 1.73703235e-02
815 3 5.89048623e+00 1.65223634e-02
816 3 5.89048623e+00 1.63225987e-02
817 3 5.89048623e+00 1.73920851e-02
818 3 5.89048623e+00 1.78471575e-02
819 3 5.89048623e+00 1.84602071e-02
820 3 5.89048623e+00 1.85154566e-02
821 3 5.89048623e+00 1.85786465e-02
822 3 5.89048623e+00 1.87717919e-02
823 3 5.89048623e+00 1.93585466e-02
824 3 5.89048623e+00 1.75883044e-02
825 3 5.89048623e+00 1.76241745e-02
826 3 5.89048623e+00 1.77573924e-02
827 3 5.89048623e+00 2.01628617e-02
828 3 5.89048623e+00 1.80457175e-02
829 3 5.89048623e+00 1.96355712e-02
830 3 5.89048623e+00 1.91453622e-02
831 3 5.89048623e+00 1.82480550e-02
832 3 5.89048623e+00 1.94161611e-02
833 3 5.89048623e+00 1.88649242e-02
834 3 5.89048623e+00 1.76865531e-02
835 3 5.89048623e+00 1.84608357e-02
836 3 5.89048623e+00 1.81137334e-02
837 3 5.89048623e+00 1.84881954e-02
838 3 5.89048623e+00 1.74281003e-02
839 3 5.89048623e+00 1.68356560e-02
840 3 5.89048623e+00 1.91200160e-02
841 3 5.89048623e+00 1.60095789e-02
842 3 5.89048623e+00 1.85260377e-02
843 3 5.89048623e+00 1.75802585e-02
844 3 5.89048623e+00 1.83548910e-02
845 3 5.89048623e+00 1.96970470e-02
846 3 5.89048623e+00 1.78500593e-02
847 3 5.89048623e+00 1.77894379e-02
848 3 5.89048623e+00 1.79941685e-02
849 3 5.89048623e+00 1.84645817e-02
850 3 5.89048623e+00 1.88849625e-02
851 3 5.89048623e+00 1.81349466e-02
852 3 5.89048623e+00 1.80942720e-02
853 3 5.89048623e+00 2.07518504e-02
854 3 5.89048623e+00 1.89510040e-02
855 3 5.89048623e+00 1.72711811e-02
856 3 5.89048623e+00 1.79168891e-02
857 3 5.89048623e+00 1.77743026e-02
858 3 5.89048623e+00 1.77549692e-02
859 3 5.89048623e+00 1.79716471e-02
860 3 5.89048623e+00 1.59091590e-02
861 3 5.89048623e+00 1.69066124e-02
862 3 5.89048623e+00 1.67636915e-02
863 3 5.89048623e+00 1.88594933e-02
864 3 5.89048623e+00 1.80612335e-02
865 3 5.89048623e+00 1.85340623e-02
866 3 5.89048623e+00 1.95024842e-02
867 3 5.89048623e+00 1.75390624e-02
868 3 5.89048623e+00 1.82359853e-02
869 3 5.89048623e+00 1.88330091e-02
870 3 5.89048623e+00 1.87972674e-02
871 3 5.89048623e+00 1.68348001e-02
872 3 5.89048623e+00 1.82219267e-02
873 3 5.89048623e+00 1.72511415e-02
874 3 5.89048623e+00 1.75905063e-02
875 3 5.89048623e+00 1.81864746e-02
876 3 5.89048623e+00 1.90483438e-02
877 3 5.89048623e+00 1.78370188e-02
878 3 5.89048623e+00 1.89463783e-02
879 3 5.89048623e+00 1.81285329e-02
880 3 5.89048623e+00 1.80597382e-02
881 3 5.89048623e+00 1.93881438e-02
882 3 5.89048623e+00 1.76066404e-02
883 3 5.89048623e+00 1.99536024e-02
884 3 5.89048623e+00 1.87971469e-02
885 3 5.89048623e+00 1.87057953e-02
886 3 5.89048623e+00 1.80202490e-02
887 3 5.89048623e+00 1.85063445e-02
888 3 5.89048623e+00 1.95287592e-02
889 3 5.89048623e+00 1.89915088e-02
890 3 5.89048623e+00 1.82623831e-02
891 3 5.89048623e+00 1.79373974e-02
892 3 5.89048623e+00 1.84788437e-02
893 3 5.89048623e+00 1.50666316e-02
894 3 5.89048623e+00 1.81201373e-02
895 3 5.89048623e+00 1.63020920e-02
896 3 5.89048623e+00 1.83651277e-02
897 3 5.89048623e+00 1.94640758e-02
898 3 5.89048623e+00 1.84866713e-02
899 3 5.89048623e+00 1.78638959e-02
0 4 7.85398163e+00 1.16422235e-02
1 4 7.85398163e+00 1.65822766e-02
2 4 7.85398163e+00 1.75011174e-02
3 4 7.85398163e+00 1.30033979e-02
4 4 7.85398163e+00 1.77890857e-02
5 4 7.85398163e+00 1.56563052e-02
6 4 7.85398163e+00 1.32051899e-02
7 4 7.85398163e+00 1.72794803e-02
8 4 7.85398163e+00 1.31189432e-02
9 4 7.85398163e+00 1.61661040e-02
10 4 7.85398163e+00 1.77112534e-02
11 4 7.85398163e+00 1.65173568e-02
12 4 7.85398163e+00 1.60771476e-02
13 4 7.85398163e+00 1.71499107e-02
14 4 7.85398163e+00 1.37033109e-02
15 4 7.85398163e+00 1.61057193e-02
16 4 7.85398163e+00 1.39607328e-02
17 4 7.85398163e+00 1.68883659e-02
18 4 7.85398163e+00 1.43552425e-02
19 4 7.85398163e+00 1.62063402e-02
20 4 7.85398163e+00 1.54864035e-02
21 4 7.85398163e+00 1.49931335e-02
22 4 7.85398163e+00 1.46269078e-02
23 4 7.85398163e+00 1.89281579e-02
24 4 7.85398163e+00 1.08168497e-02
25 4 7.85398163e+00 1.37762873e-02
26 4 7.85398163e+00 1.32374422e-02
27 4 7.85398163e+00 1.33693861e-02
28 4 7.85398163e+00 1.60454495e-02
29 4 7.85398163e+00 1.88586714e-02
30 4 7.85398163e+00 1.31806930e-02
31 4 7.85398163e+00 1.32111356e-02
32 4 7.85398163e+00 1.44286973e-02
33 4 7.85398163e+00 1.35935080e-02
34 4 7.85398163e+00 1.57316601e-02
35 4 7.85398163e+00 1.78469378e-02
36 4 7.85398163e+00 1.47243069e-02
37 4 7.85398163e+00 1.46310163e-02
38 4 7.85398163e+00 1.47148172e-02
39 4 7.85398163e+00 1.51529723e-02
40 4 7.85398163e+00 1.46060988e-02
41 4 7.85398163e+00 1.47365811e-02
42 4 7.85398163e+00 1.54636878e-02
43 4 7.85398163e+00 1.54379374e-02
44 4 7.85398163e+00 1.56765696e-02
45 4 7.85398163e+00 1.44326705e-02
46 4 7.85398163e+00 1.69552244e-02
47 4 7.85398163e+00 1.61222688e-02
48 4 7.85398163e+00 1.27733792e-02
49 4 7.85398163e+00 1.49976786e-02
50 4 7.85398163e+00 1.77636589e-02
51 4 7.85398163e+00 1.37890902e-02
52 4 7.85398163e+00 1.56737172e-02
53 4 7.85398163e+00 1.73046608e-02
54 4 7.85398163e+00 1.52796813e-02
55 4 7.85398163e+00 1.59314009e-02
56 4 7.85398163e+00 1.54930549e-02
57 4 7.85398163e+00 1.44748264e-02
58 4 7.85398163e+00 1.56136697e-02
59 4 7.85398163e+00 1.67721319e-02
60 4 7.85398163e+00 1.44171790e-02
61 4 7.85398163e+00 1.40131852e-02
62 4 7.85398163e+00 1.69017455e-02
63 4 7.85398163e+00 1.82044325e-02
64 4 7.85398163e+00 1.58439145e-02
65 4 7.85398163e+00 1.62336110e-02
66 4 7.85398163e+00 1.44713749e-02
67 4 7.85398163e+00 1.59869900e-02
68 4 7.85398163e+00 1.48068665e-02
69 4 7.85398163e+00 1.54125186e-02
70 4 7.85398163e+00 1.73896026e-02
71 4 7.85398163e+00 1.26358179e-02
72 4 7.85398163e+00 1.56066383e-02
73 4 7.85398163e+00 1.67593038e-02
74 4 7.85398163e+00 1.75427563e-02
75 4 7.85398163e+00 1.51893152e-02
76 4 7.85398163e+00 1.73312410e-02
77 4 7.85398163e+00 1.50817035e-02
78 4 7.85398163e+00 1.36178079e-02
79 4 7.85398163e+00 1.34361745e-02
80 4 7.85398163e+00 1.68909816e-02
81 4 7.85398163e+00 1.86524829e-02
82 4 7.85398163e+00 1.38223486e-02
83 4 7.85398163e+00 1.41874816e-02
84 4 7.85398163e+00 1.35921010e-02
85 4 7.85398163e+00 1.73130170e-02
86 4 7.85398163e+00 1.63800653e-02
87 4 7.85398163e+00 1.47157988e-02
88 4 7.85398163e+00 1.70333221e-02
89 4 7.85398163e+00 1.57864621e-02
90 4 7.85398163e+00 1.56995012e-02
91 4 7.85398163e+00 1.71679930e-02
92 4 7.85398163e+00 1.44364100e-02
93 4 7.85398163e+00 1.65844255e-02
94 4 7.85398163e+00 1.85562743e-02
95 4 7.85398163e+00 1.53812420e-02
96 4 7.85398163e+00 1.51073474e-02
97 4 7.85398163e+00 1.60497283e-02
98 4 7.85398163e+00 1.76282716e-02
99 4 7.85398163e+00 1.50276070e-02
100 4 7.85398163e+00 1.31446218e-02
101 4 7.85398163e+00 1.64834397e-02
102 4 7.85398163e+00 1.44853276e-02
103 4 7.85398163e+00 1.37873169e-02
104 4 7.85398163e+00 1.73655831e-02
105 4 7.85398163e+00 1.58860362e-02
106 4 7.85398163e+00 1.22147143e-02
107 4 7.85398163e+00 1.65077304e-02
108 4 7.85398163e+00 1.61858392e-02
109 4 7.85398163e+00 1.67586887e-02
110 4 7.85398163e+00 1.29441014e-02
111 4 7.85398163e+00 1.47123176e-02
112 4 7.85398163e+00 1.34184373e-02
113 4 7.85398163e+00 1.52443275e-02
114 4 7.85398163e+00 1.36618233e-02
115 4 7.85398163e+00 1.60279693e-02
116 4 7.85398163e+00 1.56940141e-02
117 4 7.85398163e+00 1.42947171e-02
118 4 7.85398163e+00 1.61268918e-02
119 4 7.85398163e+00 1.33544320e-02
120 4 7.85398163e+00 1.23534198e-02
121 4 7.85398163e+00 1.44192306e-02
122 4 7.85398163e+00 1.42423555e-02
123 4 7.85398163e+00 1.82970533e-02
124 4 7.85398163e+00 1.53420077e-02
125 4 7.85398163e+00 1.68809558e-02
126 4 7.85398163e+00 1.46625762e-02
127 4 7.85398163e+00 1.47297162e-02
128 4 7.85398163e+00 1.55476105e-02
129 4 7.85398163e+00 1.41631524e-02
130 4 7.85398163e+00 1.56272653e-02
131 4 7.85398163e+00 1.38666689e-02
132 4 7.85398163e+00 1.38722131e-02
133 4 7.85398163e+00 1.18987847e-02
134 4 7.85398163e+00 1.48547216e-02
135 4 7.85398163e+00 1.36224877e-02
136 4 7.85398163e+00 1.47710435e-02
137 4 7.85398163e+00 1.50174845e-02
138 4 7.85398163e+00 1.63753156e-02
139 4 7.85398163e+00 1.29487429e-02
140 4 7.85398163e+00 1.43936776e-02
141 4 7.85398163e+00 1.66591987e-02
142 4 7.85398163e+00 1.72344809e-02
143 4 7.85398163e+00 1.54875025e-02
144 4 7.85398163e+00 1.43176291e-02
145 4 7.85398163e+00 1.62998991e-02
146 4 7.85398163e+00 1.65538507e-02
147 4 7.85398163e+00 1.63691752e-02
148 4 7.85398163e+00 1.68867863e-02
149 4 7.85398163e+00 1.66952156e-02
150 4 7.85398163e+00 1.55921144e-02
151 4 7.85398163e+00 1.61966827e-02
152 4 7.85398163e+00 1.50445405e-02
153 4 7.85398163e+00 1.25326064e-02
154 4 7.85398163e+00 1.53600647e-02
155 4 7.85398163e+00 1.43030082e-02
156 4 7.85398163e+00 1.77192788e-02
157 4 7.85398163e+00 1.77903921e-02
158 4 7.85398163e+00 1.75231493e-02
159 4 7.85398163e+00 1.51267684e-02
160 4 7.85398163e+00 1.66737087e-02
161 4 7.85398163e+00 1.47550276e-02
162 4 7.85398163e+00 1.56588321e-02
163 4 7.85398163e+00 1.64952740e-02
164 4 7.85398163e+00 1.40103353e-02
165 4 7.85398163e+00 1.30547790e-02
166 4 7.85398163e+00 1.83645575e-02
167 4 7.85398163e+00 1.49357083e-02
168 4 7.85398163e+00 1.62713211e-02
169 4 7.85398163e+00 1.56552030e-02
170 4 7.85398163e+00 1.36040751e-02
171 4 7.85398163e+00 1.47035216e-02
172 4 7.85398163e+00 1.51236262e-02
173 4 7.85398163e+00 1.66467381e-02
174 4 7.85398163e+00 1.68389113e-02
175 4 7.85398163e+00 1.56485213e-02
176 4 7.85398163e+00 1.87053485e-02
177 4 7.85398163e+00 1.64078739e-02
178 4 7.85398163e+00 1.41321710e-02
179 4 7.85398163e+00 1.70756068e-02
180 4 7.85398163e+00 1.45980526e-02
181 4 7.85398163e+00 1.46519613e-02
182 4 7.85398163e+00 1.57311579e-02
183 4 7.85398163e+00 1.48126623e-02
184 4 7.85398163e+00 1.63893842e-02
185 4 7.85398163e+00 1.49507199e-02
186 4 7.85398163e+00 1.44689845e-02
187 4 7.85398163e+00 1.29299517e-02
188 4 7.85398163e+00 1.30419404e-02
189 4 7.85398163e+00 1.35819277e-02
190 4 7.85398163e+00 1.54140974e-02
191 4 7.85398163e+00 1.70337852e-02
192 4 7.85398163e+00 1.74699878e-02
193 4 7.85398163e+00 1.51986300e-02
194 4 7.85398163e+00 1.69110252e-02
195 4 7.85398163e+00 1.70874446e-02
196 4 7.85398163e+00 1.72605172e-02
197 4 7.85398163e+00 1.56731242e-02
198 4 7.85398163e+00 1.65256170e-02
199 4 7.85398163e+00 1.82214215e-02
200 4 7.85398163e+00 1.42333822e-02
201 4 7.85398163e+00 1.29219632e-02
202 4 7.85398163e+00 1.38474024e-02
203 4 7.85398163e+00 1.49416683e-02
204 4 7.85398163e+00 1.48548721e-02
205 4 7.85398163e+00 1.77287541e-02
206 4 7.85398163e+00 1.27768930e-02
207 4 7.85398163e+00 1.47413814e-02
208 4 7.85398163e+00 1.49789358e-02
209 4 7.85398163e+00 1.60836961e-02
210 4 7.85398163e+00 1.28743808e-02
211 4 7.85398163e+00 1.54595264e-02
212 4 7.85398163e+00 1.68487837e-02
213 4 7.85398163e+00 1.36530867e-02
214 4 7.85398163e+00 1.49355996e-02
215 4 7.85398163e+00 1.93584831e-02
216 4 7.85398163e+00 1.57021306e-02
217 4 7.85398163e+00 1.41975270e-02
218 4 7.85398163e+00 1.81277956e-02
219 4 7.85398163e+00 1.63684049e-02
220 4 7.85398163e+00 1.73774829e-02
221 4 7.85398163e+00 1.64626395e-02
222 4 7.85398163e+00 1.51770064e-02
223 4 7.85398163e+00 1.88510324e-02
224 4 7.85398163e+00 1.28054759e-02
225 4 7.85398163e+00 1.67194296e-02
226 4 7.85398163e+00 1.59815808e-02
227 4 7.85398163e+00 1.43003951e-02
228 4 7.85398163e+00 1.52850970e-02
229 4 7.85398163e+00 1.54804633e-02
230 4 7.85398163e+00 1.49452326e-02
231 4 7.85398163e+00 1.68275691e-02
232 4 7.85398163e+00 1.37523226e-02
233 4 7.85398163e+00 1.52722148e-02
234 4 7.85398163e+00 1.44620238e-02
235 4 7.85398163e+00 1.39441719e-02
236 4 7.85398163e+00 1.57903530e-02
237 4 7.85398163e+00 1.73725282e-02
238 4 7.85398163e+00 1.59573725e-02
239 4 7.85398163e+00 1.64698170e-02
240 4 7.85398163e+00 1.56339597e-02
241 4 7.85398163e+00 1.30697877e-02
242 4 7.85398163e+00 1.37113891e-02
243 4 7.85398163e+00 1.56312851e-02
244 4 7.85398163e+00 1.38783266e-02
245 4 7.85398163e+00 1.35342281e-02
246 4 7.85398163e+00 1.55620070e-02
247 4 7.85398163e+00 1.73469181e-02
248 4 7.85398163e+00 1.33771798e-02
249 4 7.85398163e+00 1.65642243e-02
250 4 7.85398163e+00 1.53793228e-02
251 4 7.85398163e+00 1.52821567e-02
252 4 7.85398163e+00 1.64260267e-02
253 4 7.85398163e+00 1.47483526e-02
254 4 7.85398163e+00 1.54479292e-02
255 4 7.85398163e+00 1.50278684e-02
256 4 7.85398163e+00 1.74944780e-02
257 4 7.85398163e+00 1.34227618e-02
258 4 7.85398163e+00 1.48345315e-02
259 4 7.85398163e+00 1.60969984e-02
260 4 7.85398163e+00 1.67599981e-02
261 4 7.85398163e+00 1.43524320e-02
262 4 7.85398163e+00 1.43210221e-02
263 4 7.85398163e+00 1.40425200e-02
264 4 7.85398163e+00 1.37895125e-02
265 4 7.85398163e+00 1.72178219e-02
266 4 7.85398163e+00 1.23121327e-02
267 4 7.85398163e+00 1.71860852e-02
268 4 7.85398163e+00 1.49262397e-02
269 4 7.85398163e+00 1.51888213e-02
270 4 7.85398163e+00 1.36971424e-02
271 4 7.85398163e+00 1.59185851e-02
272 4 7.85398163e+00 1.26340905e-02
273 4 7.85398163e+00 1.27700055e-02
274 4 7.85398163e+00 1.56764814e-02
275 4 7.85398163e+00 1.61237050e-02
276 4 7.85398163e+00 1.68030422e-02
277 4 7.85398163e+00 1.45750665e-02
278 4 7.85398163e+00 1.99487845e-02
279 4 7.85398163e+00 1.59583613e-02
280 4 7.85398163e+00 1.57422771e-02
281 4 7.85398163e+00 1.43505102e-02
282 4 7.85398163e+00 1.68515943e-02
283 4 7.85398163e+00 1.90244604e-02
284 4 7.85398163e+00 1.28625521e-02
285 4 7.85398163e+00 1.48666043e-02
286 4 7.85398163e+00 1.45017042e-02
287 4 7.85398163e+00 1.31362465e-02
288 4 7.85398163e+00 1.60663188e-02
289 4 7.85398163e+00 1.38862666e-02
290 4 7.85398163e+00 1.59602464e-02
291 4 7.85398163e+00 1.56356832e-02
292 4 7.85398163e+00 1.44193158e-02
293 4 7.85398163e+00 1.68043032e-02
294 4 7.85398163e+00 1.64609845e-02
295 4 7.85398163e+00 1.82692282e-02
296 4 7.85398163e+00 1.59253163e-02
297 4 7.85398163e+00 1.59858572e-02
298 4 7.85398163e+00 1.65197003e-02
299 4 7.85398163e+00 1.31678698e-02
300 4 7.85398163e+00 1.79422588e-02
301 4 7.85398163e+00 1.36789006e-02
302 4 7.85398163e+00 1.33139589e-02
303 4 7.85398163e+00 1.46193330e-02
304 4 7.85398163e+00 1.39109178e-02
305 4 7.85398163e+00 1.28540428e-02
306 4 7.85398163e+00 1.56518219e-02
307 4 7.85398163e+00 1.49357951e-02
308 4 7.85398163e+00 1.57269531e-02
309 4 7.85398163e+00 1.56309062e-02
310 4 7.85398163e+00 1.71581507e-02
311 4 7.85398163e+00 1.25179328e-02
312 4 7.85398163e+00 1.53095583e-02
313 4 7.85398163e+00 1.19519169e-02
314 4 7.85398163e+00 1.65587879e-02
315 4 7.85398163e+00 1.68637815e-02
316 4 7.85398163e+00 1.48890222e-02
317 4 7.85398163e+00 1.51542901e-02
318 4 7.85398163e+00 1.31699893e-02
319 4 7.85398163e+00 1.46736205e-02
320 4 7.85398163e+00 1.63892188e-02
321 4 7.85398163e+00 1.51252411e-02
322 4 7.85398163e+00 1.65742343e-02
323 4 7.85398163e+00 1.66263676e-02
324 4 7.85398163e+00 1.49673743e-02
325 4 7.85398163e+00 1.56818349e-02
326 4 7.85398163e+00 1.53281890e-02
327 4 7.85398163e+00 1.57301967e-02
328 4 7.85398163e+00 1.49531331e-02
329 4 7.85398163e+00 1.44330322e-02
330 4 7.85398163e+00 1.58723597e-02
331 4 7.85398163e+00 1.64589717e-02
332 4 7.85398163e+00 1.69876438e-02
333 4 7.85398163e+00 1.52532926e-02
334 4 7.85398163e+00 1.66489224e-02
335 4 7.85398163e+00 1.51569779e-02
336 4 7.85398163e+00 1.43777395e-02
337 4 7.85398163e+00 1.75627597e-02
338 4 7.85398163e+00 1.38601865e-02
339 4 7.85398163e+00 1.54604489e-02
340 4 7.85398163e+00 1.58262694e-02
341 4 7.85398163e+00 1.45711102e-02
342 4 7.85398163e+00 1.35665677e-02
343 4 7.85398163e+00 1.49981515e-02
344 4 7.85398163e+00 1.34751325e-02
345 4 7.85398163e+00 1.69445050e-02
346 4 7.85398163e+00 1.40293106e-02
347 4 7.85398163e+00 1.35033802e-02
348 4 7.85398163e+00 1.28474515e-02
349 4 7.85398163e+00 1.48970831e-02
350 4 7.85398163e+00 1.66089072e-02
351 4 7.85398163e+00 1.68077114e-02
352 4 7.85398163e+00 1.35147663e-02
353 4 7.85398163e+00 1.49728023e-02
354 4 7.85398163e+00 1.67388216e-02
355 4 7.85398163e+00 1.69712807e-02
356 4 7.85398163e+00 1.79770858e-02
357 4 7.85398163e+00 1.72006269e-02
358 4 7.85398163e+00 1.36267046e-02
359 4 7.85398163e+00 1.24220622e-02
360 4 7.85398163e+00 1.55385852e-02
361 4 7.85398163e+00 1.66872860e-02
362 4 7.85398163e+00 1.51145377e-02
363 4 7.85398163e+00 1.88950287e-02
364 4 7.85398163e+00 1.58095043e-02
365 4 7.85398163e+00 1.60304232e-02
366 4 7.85398163e+00 1.50291859e-02
367 4 7.85398163e+00 1.70515092e-02
368 4 7.85398163e+00 1.35069894e-02
369 4 7.85398163e+00 1.69378939e-02
370 4 7.85398163e+00 1.65193872e-02
371 4 7.85398163e+00 1.44208331e-02
372 4 7.85398163e+00 1.72441969e-02
373 4 7.85398163e+00 1.65764823e-02
374 4 7.85398163e+00 1.51267527e-02
375 4 7.85398163e+00 1.32094001e-02
376 4 7.85398163e+00 1.63865683e-02
377 4 7.85398163e+00 1.43457802e-02
378 4 7.85398163e+00 1.72691107e-02
379 4 7.85398163e+00 1.63554875e-02
380 4 7.85398163e+00 1.68244697e-02
381 4 7.85398163e+00 1.65629580e-02
382 4 7.85398163e+00 1.51262400e-02
383 4 7.85398163e+00 1.36366972e-02
384 4 7.85398163e+00 1.65284783e-02
385 4 7.85398163e+00 1.63976658e-02
386 4 7.85398163e+00 1.31095406e-02
387 4 7.85398163e+00 1.54707474e-02
388 4 7.85398163e+00 1.48112496e-02
389 4 7.85398163e+00 1.62393519e-02
390 4 7.85398163e+00 1.65380313e-02
391 4 7.85398163e+00 1.67637144e-02
392 4 7.85398163e+00 1.31288139e-02
393 4 7.85398163e+00 1.79791955e-02
394 4 7.85398163e+00 1.69903494e-02
395 4 7.85398163e+00 1.68544902e-02
396 4 7.85398163e+00 1.40155544e-02
397 4 7.85398163e+00 1.47806855e-02
398 4 7.85398163e+00 1.47637722e-02
399 4 7.85398163e+00 1.81058398e-02
400 4 7.85398163e+00 1.42462110e-02
401 4 7.85398163e+00 1.29933758e-02
402 4 7.85398163e+00 1.69741617e-02
403 4 7.85398163e+00 1.77821556e-02
404 4 7.85398163e+00 1.13360862e-02
405 4 7.85398163e+00 1.33702913e-02
406 4 7.85398163e+00 1.32567371e-02
407 4 7.85398163e+00 1.70809572e-02
408 4 7.85398163e+00 1.80659919e-02
409 4 7.85398163e+00 1.30188996e-02
410 4 7.85398163e+00 1.57610120e-02
411 4 7.85398163e+00 1.32896442e-02
412 4 7.85398163e+00 1.47247588e-02
413 4 7.85398163e+00 1.39767352e-02
414 4 7.85398163e+00 1.62622106e-02
415 4 7.85398163e+00 1.62379949e-02
416 4 7.85398163e+00 1.57692216e-02
417 4 7.85398163e+00 1.33425673e-02
418 4 7.85398163e+00 1.40096507e-02
419 4 7.85398163e+00 1.50341181e-02
420 4 7.85398163e+00 1.62022463e-02
421 4 7.85398163e+00 1.55755257e-02
422 4 7.85398163e+00 1.58280861e-02
423 4 7.85398163e+00 1.44544564e-02
424 4 7.85398163e+00 1.65883045e-02
425 4 7.85398163e+00 1.53216530e-02
426 4 7.85398163e+00 1.31382303e-02
427 4 7.85398163e+00 1.66341624e-02
428 4 7.85398163e+00 1.40133085e-02
429 4 7.85398163e+00 1.84320666e-02
430 4 7.85398163e+00 1.82123163e-02
431 4 7.85398163e+00 1.42487223e-02
432 4 7.85398163e+00 1.67535925e-02
433 4 7.85398163e+00 1.18735760e-02
434 4 7.85398163e+00 1.53268582e-02
435 4 7.85398163e+00 1.69074372e-02
436 4 7.85398163e+00 1.78389117e-02
437 4 7.85398163e+00 1.52578778e-02
438 4 7.85398163e+00 1.76909413e-02
439 4 7.85398163e+00 1.62959769e-02
440 4 7.85398163e+00 1.38858938e-02
441 4 7.85398163e+00 1.61500420e-02
442 4 7.85398163e+00 1.21576481e-02
443 4 7.85398163e+00 1.21031103e-02
444 4 7.85398163e+00 1.40878415e-02
445 4 7.85398163e+00 1.79778816e-02
446 4 7.85398163e+00 1.48887976e-02
447 4 7.85398163e+00 1.32063327e-02
448 4 7.85398163e+00 1.52086458e-02
449 4 7.85398163e+00 1.83982021e-02
450 4 7.85398163e+00 1.64833149e-02
451 4 7.85398163e+00 1.59238231e-02
452 4 7.85398163e+00 1.61807091e-02
453 4 7.85398163e+00 1.73628823e-02
454 4 7.85398163e+00 1.50240958e-02
455 4 7.85398163e+00 1.38193110e-02
456 4 7.85398163e+00 1.69174075e-02
457 4 7.85398163e+00 1.51098871e-02
458 4 7.85398163e+00 1.71091095e-02
459 4 7.85398163e+00 1.31713134e-02
460 4 7.85398163e+00 1.46669792e-02
461 4 7.85398163e+00 1.72850895e-02
462 4 7.85398163e+00 1.33179172e-02
463 4 7.85398163e+00 1.61443568e-02
464 4 7.85398163e+00 1.48998249e-02
465 4 7.85398163e+00 1.57381244e-02
466 4 7.85398163e+00 1.52418908e-02
467 4 7.85398163e+00 1.55697023e-02
468 4 7.85398163e+00 1.61370001e-02
469 4 7.85398163e+00 1.52854520e-02
470 4 7.85398163e+00 1.35300615e-02
471 4 7.85398163e+00 1.51690386e-02
472 4 7.85398163e+00 1.65362477e-02
473 4 7.85398163e+00 1.66234006e-02
474 4 7.85398163e+00 1.62629786e-02
475 4 7.85398163e+00 1.69024022e-02
476 4 7.85398163e+00 1.69438313e-02
477 4 7.85398163e+00 1.52509590e-02
478 4 7.85398163e+00 1.84778112e-02
479 4 7.85398163e+00 1.61074371e-02
480 4 7.85398163e+00 1.62419191e-02
481 4 7.85398163e+00 1.31611554e-02
482 4 7.85398163e+00 1.52172067e-02
483 4 7.85398163e+00 1.55677331e-02
484 4 7.85398163e+00 1.36778761e-02
485 4 7.85398163e+00 1.36998672e-02
486 4 7.85398163e+00 1.63709646e-02
487 4 7.85398163e+00 1.37379508e-02
488 4 7.85398163e+00 1.24945369e-02
489 4 7.85398163e+00 1.53616984e-02
490 4 7.85398163e+00 1.73791770e-02
491 4 7.85398163e+00 1.64017461e-02
492 4 7.85398163e+00 1.46750111e-02
493 4 7.85398163e+00 1.49983003e-02
494 4 7.85398163e+00 1.62461084e-02
495 4 7.85398163e+00 1.48405695e-02
496 4 7.85398163e+00 1.48349690e-02
497 4 7.85398163e+00 1.39549135e-02
498 4 7.85398163e+00 1.46240221e-02
499 4 7.85398163e+00 1.60008903e-02
500 4 7.85398163e+00 1.41513528e-02
501 4 7.85398163e+00 1.79913713e-02
502 4 7.85398163e+00 1.59607638e-02
503 4 7.85398163e+00 1.54209199e-02
504 4 7.85398163e+00 1.54413562e-02
505 4 7.85398163e+00 1.59275178e-02
506 4 7.85398163e+00 1.58370904e-02
507 4 7.85398163e+00 1.63118562e-02
508 4 7.85398163e+00 1.49570370e-02
509 4 7.85398163e+00 1.42905701e-02
510 4 7.85398163e+00 1.50866225e-02
511 4 7.85398163e+00 1.52002033e-02
512 4 7.85398163e+00 1.60197868e-02
513 4 7.85398163e+00 1.35846822e-02
514 4 7.85398163e+00 1.56849420e-02
515 4 7.85398163e+00 1.67973035e-02
516 4 7.85398163e+00 1.39514384e-02
517 4 7.85398163e+00 1.57580318e-02
518 4 7.85398163e+00 1.80169296e-02
519 4 7.85398163e+00 1.77359869e-02
520 4 7.85398163e+00 1.70853043e-02
521 4 7.85398163e+00 1.31572595e-02
522 4 7.85398163e+00 1.41503278e-02
523 4 7.85398163e+00 1.42415594e-02
524 4 7.85398163e+00 1.56602975e-02
525 4 7.85398163e+00 1.62342958e-02
526 4 7.85398163e+00 1.80772237e-02
527 4 7.85398163e+00 1.75220497e-02
528 4 7.85398163e+00 1.62264731e-02
529 4 7.85398163e+00 1.54665516e-02
530 4 7.85398163e+00 1.45222419e-02
531 4 7.85398163e+00 1.51999344e-02
532 4 7.85398163e+00 1.28945623e-02
533 4 7.85398163e+00 1.62761684e-02
534 4 7.85398163e+00 1.77327125e-02
535 4 7.85398163e+00 1.53532153e-02
536 4 7.85398163e+00 1.46241201e-02
537 4 7.85398163e+00 1.53467023e-02
538 4 7.85398163e+00 1.35291745e-02
539 4 7.85398163e+00 1.17915791e-02
540 4 7.85398163e+00 1.42556405e-02
541 4 7.85398163e+00 1.49297951e-02
542 4 7.85398163e+00 1.80225293e-02
543 4 7.85398163e+00 1.34075936e-02
544 4 7.85398163e+00 1.40525598e-02
545 4 7.85398163e+00 1.54930883e-02
546 4 7.85398163e+00 1.58789756e-02
547 4 7.85398163e+00 1.43020921e-02
548 4 7.85398163e+00 1.29584285e-02
549 4 7.85398163e+00 1.54425677e-02
550 4 7.85398163e+00 1.72405091e-02
551 4 7.85398163e+00 1.66509039e-02
552 4 7.85398163e+00 1.38757284e-02
553 4 7.85398163e+00 1.61326472e-02
554 4 7.85398163e+00 1.51500727e-02
555 4 7.85398163e+00 1.42318700e-02
556 4 7.85398163e+00 1.49983299e-02
557 4 7.85398163e+00 1.73415756e-02
558 4 7.85398163e+00 1.41866233e-02
559 4 7.85398163e+00 1.83957282e-02
560 4 7.85398163e+00 1.49884990e-02
561 4 7.85398163e+00 1.46796141e-02
562 4 7.85398163e+00 1.55370995e-02
563 4 7.85398163e+00 1.55037227e-02
564 4 7.85398163e+00 1.40648743e-02
565 4 7.85398163e+00 1.63983989e-02
566 4 7.85398163e+00 1.84305745e-02
567 4 7.85398163e+00 1.53477632e-02
568 4 7.85398163e+00 1.47013252e-02
569 4 7.85398163e+00 1.85949685e-02
570 4 7.85398163e+00 1.47610077e-02
571 4 7.85398163e+00 1.36305808e-02
572 4 7.85398163e+00 1.62975005e-02
573 4 7.85398163e+00 1.59278993e-02
574 4 7.85398163e+00 1.59101026e-02
575 4 7.85398163e+00 1.70951945e-02
576 4 7.85398163e+00 1.25987185e-02
577 4 7.85398163e+00 1.58751828e-02
578 4 7.85398163e+00 1.57931293e-02
579 4 7.85398163e+00 1.48764522e-02
580 4 7.85398163e+00 1.68875655e-02
581 4 7.85398163e+00 1.74555854e-02
582 4 7.85398163e+00 1.67254498e-02
583 4 7.85398163e+00 1.61548500e-02
584 4 7.85398163e+00 1.40380781e-02
585 4 7.85398163e+00 1.69680293e-02
586 4 7.85398163e+00 1.76033717e-02
587 4 7.85398163e+00 1.48365440e-02
588 4 7.85398163e+00 1.36884965e-02
589 4 7.85398163e+00 1.90221433e-02
590 4 7.85398163e+00 1.57193486e-02
591 4 7.85398163e+00 1.86803641e-02
592 4 7.85398163e+00 1.53609702e-02
593 4 7.85398163e+00 1.73865784e-02
594 4 7.85398163e+00 1.68484936e-02
595 4 7.85398163e+00 1.13248833e-02
596 4 7.85398163e+00 1.57012571e-02
597 4 7.85398163e+00 1.49124083e-02
598 4 7.85398163e+00 1.54670574e-02
599 4 7.85398163e+00 1.58030703e-02
600 4 7.85398163e+00 1.60212103e-02
601 4 7.85398163e+00 1.32874413e-02
602 4 7.85398163e+00 1.34037882e-02
603 4 7.85398163e+00 1.44529510e-02
604 4 7.85398163e+00 1.47465014e-02
605 4 7.85398163e+00 1.35035189e-02
606 4 7.85398163e+00 1.64576037e-02
607 4 7.85398163e+00 1.56922890e-02
608 4 7.85398163e+00 1.65805144e-02
609 4 7.85398163e+00 1.11745234e-02
610 4 7.85398163e+00 1.39248425e-02
611 4 7.85398163e+00 1.60465165e-02
612 4 7.85398163e+00 1.58268672e-02
613 4 7.85398163e+00 1.69341721e-02
614 4 7.85398163e+00 1.54229397e-02
615 4 7.85398163e+00 1.60573920e-02
616 4 7.85398163e+00 1.90027335e-02
617 4 7.85398163e+00 1.35213462e-02
618 4 7.85398163e+00 1.67188015e-02
619 4 7.85398163e+00 1.60516993e-02
620 4 7.85398163e+00 1.49107079e-02
621 4 7.85398163e+00 1.34084662e-02
622 4 7.85398163e+00 1.39503647e-02
623 4 7.85398163e+00 1.68840576e-02
624 4 7.85398163e+00 1.37123996e-02
625 4 7.85398163e+00 1.49462236e-02
626 4 7.85398163e+00 1.47029875e-02
627 4 7.85398163e+00 1.39439826e-02
628 4 7.85398163e+00 1.35746374e-02
629 4 7.85398163e+00 1.63750509e-02
630 4 7.85398163e+00 1.69997014e-02
631 4 7.85398163e+00 1.39906046e-02
632 4 7.85398163e+00 1.28715478e-02
633 4 7.85398163e+00 1.45261614e-02
634 4 7.85398163e+00 1.45804116e-02
635 4 7.85398163e+00 1.54815667e-02
636 4 7.85398163e+00 1.40697219e-02
637 4 7.85398163e+00 1.54839246e-02
638 4 7.85398163e+00 1.48626482e-02
639 4 7.85398163e+00 1.17435131e-02
640 4 7.85398163e+00 1.56041856e-02
641 4 7.85398163e+00 1.51694215e-02
642 4 7.85398163e+00 1.46327380e-02
643 4 7.85398163e+00 1.33986794e-02
644 4 7.85398163e+00 1.41179796e-02
645 4 7.85398163e+00 1.54029736e-02
646 4 7.85398163e+00 1.46364947e-02
647 4 7.85398163e+00 1.52187615e-02
648 4 7.85398163e+00 1.51313958e-02
649 4 7.85398163e+00 1.35664929e-02
650 4 7.85398163e+00 1.49755435e-02
651 4 7.85398163e+00 1.68924394e-02
652 4 7.85398163e+00 1.76882137e-02
653 4 7.85398163e+00 1.31069353e-02
654 4 7.85398163e+00 1.47562763e-02
655 4 7.85398163e+00 1.90378776e-02
656 4 7.85398163e+00 1.67233431e-02
657 4 7.85398163e+00 1.33681106e-02
658 4 7.85398163e+00 1.56238577e-02
659 4 7.85398163e+00 1.66949767e-02
660 4 7.85398163e+00 1.51978120e-02
661 4 7.85398163e+00 1.51874228e-02
662 4 7.85398163e+00 1.57784721e-02
663 4 7.85398163e+00 1.51759178e-02
664 4 7.85398163e+00 1.53375271e-02
665 4 7.85398163e+00 1.60953675e-02
666 4 7.85398163e+00 1.84728196e-02
667 4 7.85398163e+00 1.80596680e-02
668 4 7.85398163e+00 1.44242918e-02
669 4 7.85398163e+00 1.26280823e-02
670 4 7.85398163e+00 1.62470702e-02
671 4 7.85398163e+00 1.70664983e-02
672 4 7.85398163e+00 1.55910960e-02
673 4 7.85398163e+00 1.64289197e-02
674 4 7.85398163e+00 1.60585261e-02
675 4 7.85398163e+00 1.32930593e-02
676 4 7.85398163e+00 1.72369216e-02
677 4 7.85398163e+00 1.69125995e-02
678 4 7.85398163e+00 1.66446072e-02
679 4 7.85398163e+00 1.55507946e-02
680 4 7.85398163e+00 1.53307289e-02
681 4 7.85398163e+00 1.55381879e-02
682 4 7.85398163e+00 1.44011513e-02
683 4 7.85398163e+00 1.73664349e-02
684 4 7.85398163e+00 1.56607037e-02
685 4 7.85398163e+00 1.55257703e-02
686 4 7.85398163e+00 1.43137015e-02
687 4 7.85398163e+00 1.54277406e-02
688 4 7.85398163e+00 1.74211090e-02
689 4 7.85398163e+00 1.45868901e-02
690 4 7.85398163e+00 1.65102705e-02
691 4 7.85398163e+00 1.49318860e-02
692 4 7.85398163e+00 1.60348196e-02
693 4 7.85398163e+00 1.40753290e-02
694 4 7.85398163e+00 1.43152909e-02
695 4 7.85398163e+00 1.31826466e-02
696 4 7.85398163e+00 1.58468435e-02
697 4 7.85398163e+00 1.49247749e-02
698 4 7.85398163e+00 1.36158161e-02
699 4 7.85398163e+00 1.51331801e-02
700 4 7.85398163e+00 1.41004965e-02
701 4 7.85398163e+00 1.61396549e-02
702 4 7.85398163e+00 1.53063635e-02
703 4 7.85398163e+00 1.37888267e-02
704 4 7.85398163e+00 1.81128085e-02
705 4 7.85398163e+00 1.35581865e-02
706 4 7.85398163e+00 1.45678723e-02
707 4 7.85398163e+00 1.69853613e-02
708 4 7.85398163e+00 1.43230002e-02
709 4 7.85398163e+00 1.61296176e-02
710 4 7.85398163e+00 1.45260529e-02
711 4 7.85398163e+00 1.54515803e-02
712 4 7.85398163e+00 1.37936308e-02
713 4 7.85398163e+00 1.35324100e-02
714 4 7.85398163e+00 1.48642612e-02
715 4 7.85398163e+00 1.53537284e-02
716 4 7.85398163e+00 1.55302172e-02
717 4 7.85398163e+00 1.39501679e-02
718 4 7.85398163e+00 1.63647624e-02
719 4 7.85398163e+00 1.66935245e-02
720 4 7.85398163e+00 1.70843499e-02
721 4 7.85398163e+00 1.55461314e-02
722 4 7.85398163e+00 1.64855464e-02
723 4 7.85398163e+00 1.46496904e-02
724 4 7.85398163e+00 1.05546957e-02
725 4 7.85398163e+00 1.40324490e-02
726 4 7.85398163e+00 1.25187325e-02
727 4 7.85398163e+00 1.63394907e-02
728 4 7.85398163e+00 1.51636348e-02
729 4 7.85398163e+00 1.72277186e-02
730 4 7.85398163e+00 1.47613900e-02
731 4 7.85398163e+00 1.55247511e-02
732 4 7.85398163e+00 1.21199522e-02
733 4 7.85398163e+00 1.66108410e-02
734 4 7.85398163e+00 1.62860404e-02
735 4 7.85398163e+00 1.72567321e-02
736 4 7.85398163e+00 1.67534791e-02
737 4 7.85398163e+00 1.74748399e-02
738 4 7.85398163e+00 1.59582856e-02
739 4 7.85398163e+00 1.54713936e-02
740 4 7.85398163e+00 1.58761668e-02
741 4 7.85398163e+00 1.56515362e-02
742 4 7.85398163e+00 1.48740623e-02
743 4 7.85398163e+00 1.40402369e-02
744 4 7.85398163e+00 1.29006778e-02
745 4 7.85398163e+00 1.61393728e-02
746 4 7.85398163e+00 1.50463717e-02
747 4 7.85398163e+00 1.46222481e-02
748 4 7.85398163e+00 1.57557991e-02
749 4 7.85398163e+00 1.47341076e-02
750 4 7.85398163e+00 1.62077590e-02
751 4 7.85398163e+00 1.47213581e-02
752 4 7.85398163e+00 1.31748863e-02
753 4 7.85398163e+00 1.39995647e-02
754 4 7.85398163e+00 1.68420658e-02
755 4 7.85398163e+00 1.45384778e-02
756 4 7.85398163e+00 1.19379161e-02
757 4 7.85398163e+00 1.67768595e-02
758 4 7.85398163e+00 1.48275639e-02
759 4 7.85398163e+00 1.33064380e-02
760 4 7.85398163e+00 1.49276497e-02
761 4 7.85398163e+00 1.60769626e-02
762 4 7.85398163e+00 1.35017623e-02
763 4 7.85398163e+00 1.37168331e-02
764 4 7.85398163e+00 1.72152865e-02
765 4 7.85398163e+00 1.45537633e-02
766 4 7.85398163e+00 1.64849425e-02
767 4 7.85398163e+00 1.47268539e-02
768 4 7.85398163e+00 1.71919833e-02
769 4 7.85398163e+00 1.43716531e-02
770 4 7.85398163e+00 1.66972143e-02
771 4 7.85398163e+00 1.64706203e-02
772 4 7.85398163e+00 1.80765300e-02
773 4 7.85398163e+00 1.62116841e-02
774 4 7.85398163e+00 1.74431622e-02
775 4 7.85398163e+00 1.43808059e-02
776 4 7.85398163e+00 1.51678529e-02
777 4 7.85398163e+00 1.29279486e-02
778 4 7.85398163e+00 1.55390958e-02
779 4 7.85398163e+00 1.60965643e-02
780 4 7.85398163e+00 1.50558294e-02
781 4 7.85398163e+00 1.46518379e-02
782 4 7.85398163e+00 1.48119272e-02
783 4 7.85398163e+00 1.44113379e-02
784 4 7.85398163e+00 1.69278846e-02
785 4 7.85398163e+00 1.60395275e-02
786 4 7.85398163e+00 1.38310967e-02
787 4 7.85398163e+00 1.79211869e-02
788 4 7.85398163e+00 1.58068523e-02
789 4 7.85398163e+00 1.45982967e-02
790 4 7.85398163e+00 1.51458316e-02
791 4 7.85398163e+00 1.44108429e-02
792 4 7.85398163e+00 1.47430128e-02
793 4 7.85398163e+00 1.13900900e-02
794 4 7.85398163e+00 1.49110839e-02
795 4 7.85398163e+00 1.66665510e-02
796 4 7.85398163e+00 2.01582082e-02
797 4 7.85398163e+00 1.58473204e-02
798 4 7.85398163e+00 1.57539456e-02
799 4 7.85398163e+00 1.25492939e-02
800 4 7.85398163e+00 1.57495838e-02
801 4 7.85398163e+00 1.99818632e-02
802 4 7.85398163e+00 1.54514846e-02
803 4 7.85398163e+00 1.61004439e-02
804 4 7.85398163e+00 1.48721476e-02
805 4 7.85398163e+00 1.70934554e-02
806 4 7.85398163e+00 1.72450584e-02
807 4 7.85398163e+00 1.68901483e-02
808 4 7.85398163e+00 1.49839667e-02
809 4 7.85398163e+00 1.63451930e-02
810 4 7.85398163e+00 1.47963664e-02
811 4 7.85398163e+00 1.63551722e-02
812 4 7.85398163e+00 1.79249596e-02
813 4 7.85398163e+00 1.71129869e-02
814 4 7.85398163e+00 1.42154545e-02
815 4 7.85398163e+00 1.29961996e-02
816 4 7.85398163e+00 1.26340209e-02
817 4 7.85398163e+00 1.44424059e-02
818 4 7.85398163e+00 1.52036304e-02
819 4 7.85398163e+00 1.60780039e-02
820 4 7.85398163e+00 1.58677564e-02
821 4 7.85398163e+00 1.64095410e-02
822 4 7.85398163e+00 1.67469256e-02
823 4 7.85398163e+00 1.74429563e-02
824 4 7.85398163e+00 1.42987876e-02
825 4 7.85398163e+00 1.46557716e-02
826 4 7.85398163e+00 1.53084411e-02
827 4 7.85398163e+00 1.79606561e-02
828 4 7.85398163e+00 1.54062857e-02
829 4 7.85398163e+00 1.75403098e-02
830 4 7.85398163e+00 1.71149525e-02
831 4 7.85398163e+00 1.57434904e-02
832 4 7.85398163e+00 1.72077415e-02
833 4 7.85398163e+00 1.67417409e-02
834 4 7.85398163e+00 1.52063493e-02
835 4 7.85398163e+00 1.58736159e-02
836 4 7.85398163e+00 1.52465816e-02
837 4 7.85398163e+00 1.63218506e-02
838 4 7.85398163e+00 1.49355550e-02
839 4 7.85398163e+00 1.34983631e-02
840 4 7.85398163e+00 1.70999989e-02
841 4 7.85398163e+00 1.26277329e-02
842 4 7.85398163e+00 1.62597592e-02
843 4 7.85398163e+00 1.48160309e-02
844 4 7.85398163e+00 1.59257960e-02
845 4 7.85398163e+00 1.80790606e-02
846 4 7.85398163e+00 1.53335969e-02
847 4 7.85398163e+00 1.47098015e-02
848 4 7.85398163e+00 1.52942484e-02
849 4 7.85398163e+00 1.62585660e-02
850 4 7.85398163e+00 1.61669179e-02
851 4 7.85398163e+00 1.54976213e-02
852 4 7.85398163e+00 1.51668604e-02
853 4 7.85398163e+00 1.94586825e-02
854 4 7.85398163e+00 1.67187661e-02
855 4 7.85398163e+00 1.42678343e-02
856 4 7.85398163e+00 1.52174131e-02
857 4 7.85398163e+00 1.46960895e-02
858 4 7.85398163e+00 1.58172132e-02
859 4 7.85398163e+00 1.51591882e-02
860 4 7.85398163e+00 1.27155963e-02
861 4 7.85398163e+00 1.36260912e-02
862 4 7.85398163e+00 1.34934607e-02
863 4 7.85398163e+00 1.68152350e-02
864 4 7.85398163e+00 1.54730187e-02
865 4 7.85398163e+00 1.57975540e-02
866 4 7.85398163e+00 1.71556538e-02
867 4 7.85398163e+00 1.49014959e-02
868 4 7.85398163e+00 1.55210213e-02
869 4 7.85398163e+00 1.64363113e-02
870 4 7.85398163e+00 1.61856946e-02
871 4 7.85398163e+00 1.38291643e-02
872 4 7.85398163e+00 1.57376628e-02
873 4 7.85398163e+00 1.43386125e-02
874 4 7.85398163e+00 1.47798875e-02
875 4 7.85398163e+00 1.55826034e-02
876 4 7.85398163e+00 1.76364199e-02
877 4 7.85398163e+00 1.46889771e-02
878 4 7.85398163e+00 1.67563662e-02
879 4 7.85398163e+00 1.55989269e-02
880 4 7.85398163e+00 1.56582819e-02
881 4 7.85398163e+00 1.73793293e-02
882 4 7.85398163e+00 1.45993655e-02
883 4 7.85398163e+00 1.83354710e-02
884 4 7.85398163e+00 1.60790899e-02
885 4 7.85398163e+00 1.62121515e-02
886 4 7.85398163e+00 1.51735741e-02
887 4 7.85398163e+00 1.65782730e-02
888 4 7.85398163e+00 1.72601763e-02
889 4 7.85398163e+00 1.69255310e-02
890 4 7.85398163e+00 1.60240431e-02
891 4 7.85398163e+00 1.55109284e-02
892 4 7.85398163e+00 1.57060666e-02
893 4 7.85398163e+00 1.17951916e-02
894 4 7.85398163e+00 1.57475764e-02
895 4 7.85398163e+00 1.28894969e-02
896 4 7.85398163e+00 1.65072812e-02
897 4 7.85398163e+00 1.74906506e-02
898 4 7.85398163e+00 1.58521903e-02
899 4 7.85398163e+00 1.51755893e-02
0 5 9.81747704e+00 7.09755149e-03
1 5 9.81747704e+00 1.39298737e-02
2 5 9.81747704e+00 1.49138476e-02
3 5 9.81747704e+00 8.94370822e-03
4 5 9.81747704e+00 1.52819954e-02
5 5 9.81747704e+00 1.17674438e-02
6 5 9.81747704e+00 9.94714259e-03
7 5 9.81747704e+00 1.46930722e-02
8 5 9.81747704e+00 8.77506937e-03
9 5 9.81747704e+00 1.30352306e-02
10 5 9.81747704e+00 1.49472823e-02
11 5 9.81747704e+00 1.40671774e-02
12 5 9.81747704e+00 1.31862402e-02
13 5 9.81747704e+00 1.50019177e-02
14 5 9.81747704e+00 9.75420144e-03
15 5 9.81747704e+00 1.29891864e-02
16 5 9.81747704e+00 1.01269752e-02
17 5 9.81747704e+00 1.41624142e-02
18 5 9.81747704e+00 1.03590380e-02
19 5 9.81747704e+00 1.33011342e-02
20 5 9.81747704e+00 1.22173076e-02
21 5 9.81747704e+00 1.16196491e-02
22 5 9.81747704e+00 1.10604533e-02
23 5 9.81747704e+00 1.71488269e-02
24 5 9.81747704e+00 6.29094386e-03
25 5 9.81747704e+00 9.74410446e-03
26 5 9.81747704e+00 9.07236048e-03
27 5 9.81747704e+00 9.57065502e-03
28 5 9.81747704e+00 1.24756494e-02
29 5 9.81747704e+00 1.68746801e-02
30 5 9.81747704e+00 9.16389743e-03
31 5 9.81747704e+00 8.15043017e-03
32 5 9.81747704e+00 1.05073473e-02
33 5 9.81747704e+00 9.19908043e-03
34 5 9.81747704e+00 1.26901735e-02
35 5 9.81747704e+00 1.57166691e-02
36 5 9.81747704e+00 1.17462694e-02
37 5 9.81747704e+00 1.10240822e-02
38 5 9.81747704e+00 1.17177787e-02
39 5 9.81747704e+00 1.19056719e-02
40 5 9.81747704e+00 1.09871951e-02
41 5 9.81747704e+00 1.10163961e-02
42 5 9.81747704e+00 1.18307687e-02
43 5 9.81747704e+00 1.20939866e-02
44 5 9.81747704e+00 1.26297235e-02
45 5 9.81747704e+00 1.05789316e-02
46 5 9.81747704e+00 1.44965317e-02
47 5 9.81747704e+00 1.25034738e-02
48 5 9.81747704e+00 8.40074661e-03
49 5 9.81747704e+00 1.16396102e-02
50 5 9.81747704e+00 1.47437686e-02
51 5 9.81747704e+00 9.69346521e-03
52 5 9.81747704e+00 1.18334612e-02
53 5 9.81747704e+00 1.45662597e-02
54 5 9.81747704e+00 1.23460504e-02
55 5 9.81747704e+00 1.34523093e-02
56 5 9.81747704e+00 1.12304643e-02
57 5 9.81747704e+00 1.07910464e-02
58 5 9.81747704e+00 1.17799808e-02
59 5 9.81747704e+00 1.47517260e-02
60 5 9.81747704e+00 1.03131057e-02
61 5 9.81747704e+00 9.04644883e-03
62 5 9.81747704e+00 1.40433142e-02
63 5 9.81747704e+00 1.59227430e-02
64 5 9.81747704e+00 1.24302301e-02
65 5 9.81747704e+00 1.34466087e-02
66 5 9.81747704e+00 1.02460748e-02
67 5 9.81747704e+00 1.24172305e-02
68 5 9.81747704e+00 1.14165247e-02
69 5 9.81747704e+00 1.28866596e-02
70 5 9.81747704e+00 1.47033399e-02
71 5 9.81747704e+00 8.89106420e-03
72 5 9.81747704e+00 1.36912648e-02
73 5 9.81747704e+00 1.42974221e-02
74 5 9.81747704e+00 1.49902094e-02
75 5 9.81747704e+00 1.22530980e-02
76 5 9.81747704e+00 1.41732481e-02
77 5 9.81747704e+00 1.11198495e-02
78 5 9.81747704e+00 9.37377340e-03
79 5 9.81747704e+00 1.00492595e-02
80 5 9.81747704e+00 1.42922926e-02
81 5 9.81747704e+00 1.67840661e-02
82 5 9.81747704e+00 8.98387373e-03
83 5 9.81747704e+00 1.02856447e-02
84 5 9.81747704e+00 9.57511419e-03
85 5 9.81747704e+00 1.46904293e-02
86 5 9.81747704e+00 1.32916573e-02
87 5 9.81747704e+00 1.09312387e-02
88 5 9.81747704e+00 1.37589753e-02
89 5 9.81747704e+00 1.27881013e-02
90 5 9.81747704e+00 1.24292559e-02
91 5 9.81747704e+00 1.47180091e-02
92 5 9.81747704e+00 1.02704956e-02
93 5 9.81747704e+00 1.38022297e-02
94 5 9.81747704e+00 1.61242690e-02
95 5 9.81747704e+00 1.18343562e-02
96 5 9.81747704e+00 1.15820883e-02
97 5 9.81747704e+00 1.32077925e-02
98 5 9.81747704e+00 1.49669432e-02
99 5 9.81747704e+00 1.10023251e-02
100 5 9.81747704e+00 7.94398686e-03
101 5 9.81747704e+00 1.29457392e-02
102 5 9.81747704e+00 1.15566521e-02
103 5 9.81747704e+00 1.01570337e-02
104 5 9.81747704e+00 1.48982976e-02
105 5 9.81747704e+00 1.19556995e-02
106 5 9.81747704e+00 8.34354924e-03
107 5 9.81747704e+00 1.35361099e-02
108 5 9.81747704e+00 1.30804510e-02
109 5 9.81747704e+00 1.43848771e-02
110 5 9.81747704e+00 7.94302635e-03
111 5 9.81747704e+00 1.12518858e-02
112 5 9.81747704e+00 9.84751034e-03
113 5 9.81747704e+00 1.21562742e-02
114 5 9.81747704e+00 9.88147429e-03
115 5 9.81747704e+00 1.26688631e-02
116 5 9.81747704e+00 1.25348232e-02
117 5 9.81747704e+00 1.07090557e-02
118 5 9.81747704e+00 1.27158886e-02
119 5 9.81747704e+00 9.13282381e-03
120 5 9.81747704e+00 7.14281726e-03
121 5 9.81747704e+00 9.97869495e-03
122 5 9.81747704e+00 1.00295529e-02
123 5 9.81747704e+00 1.59389859e-02
124 5 9.81747704e+00 1.13235960e-02
125 5 9.81747704e+00 1.39620819e-02
126 5 9.81747704e+00 1.05345526e-02
127 5 9.81747704e+00 1.12584158e-02
128 5 9.81747704e+00 1.18753407e-02
129 5 9.81747704e+00 1.04216714e-02
130 5 9.81747704e+00 1.25789586e-02
131 5 9.81747704e+00 1.01176661e-02
132 5 9.81747704e+00 1.04456992e-02
133 5 9.81747704e+00 6.83757939e-03
134 5 9.81747704e+00 1.10290039e-02
135 5 9.81747704e+00 9.43596726e-03
136 5 9.81747704e+00 1.20017176e-02
137 5 9.81747704e+00 1.03285801e-02
138 5 9.81747704e+00 1.27283377e-02
139 5 9.81747704e+00 8.42483045e-03
140 5 9.81747704e+00 1.00403566e-02
141 5 9.81747704e+00 1.34944648e-02
142 5 9.81747704e+00 1.43197027e-02
143 5 9.81747704e+00 1.20800416e-02
144 5 9.81747704e+00 1.00273906e-02
145 5 9.81747704e+00 1.39747200e-02
146 5 9.81747704e+00 1.26609698e-02
147 5 9.81747704e+00 1.32656126e-02
148 5 9.81747704e+00 1.42676592e-02
149 5 9.81747704e+00 1.41325971e-02
150 5 9.81747704e+00 1.26572348e-02
151 5 9.81747704e+00 1.36549933e-02
152 5 9.81747704e+00 1.26844078e-02
153 5 9.81747704e+00 8.11393000e-03
154 5 9.81747704e+00 1.22455935e-02
155 5 9.81747704e+00 1.08714272e-02
156 5 9.81747704e+00 1.50954432e-02
157 5 9.81747704e+00 1.61788634e-02
158 5 9.81747704e+00 1.46254621e-02
159 5 9.81747704e+00 1.17906559e-02
160 5 9.81747704e+00 1.46057455e-02
161 5 9.81747704e+00 1.03538228e-02
162 5 9.81747704e+00 1.23764829e-02
163 5 9.81747704e+00 1.25105939e-02
164 5 9.81747704e+00 1.15184641e-02
165 5 9.81747704e+00 7.97225250e-03
166 5 9.81747704e+00 1.65864853e-02
167 5 9.81747704e+00 1.13640931e-02
168 5 9.81747704e+00 1.33357121e-02
169 5 9.81747704e+00 1.24678532e-02
170 5 9.81747704e+00 9.73395805e-03
171 5 9.81747704e+00 1.13239286e-02
172 5 9.81747704e+00 1.13964060e-02
173 5 9.81747704e+00 1.26446584e-02
174 5 9.81747704e+00 1.37480060e-02
175 5 9.81747704e+00 1.14464835e-02
176 5 9.81747704e+00 1.69141384e-02
177 5 9.81747704e+00 1.37806651e-02
178 5 9.81747704e+00 1.09309993e-02
179 5 9.81747704e+00 1.45845571e-02
180 5 9.81747704e+00 1.18209659e-02
181 5 9.81747704e+00 1.05689326e-02
182 5 9.81747704e+00 1.22944971e-02
183 5 9.81747704e+00 1.10697099e-02
184 5 9.81747704e+00 1.38344823e-02
185 5 9.81747704e+00 1.17361278e-02
186 5 9.81747704e+00 1.13896974e-02
187 5 9.81747704e+00 8.85473330e-03
188 5 9.81747704e+00 8.39915570e-03
189 5 9.81747704e+00 9.48999584e-03
190 5 9.81747704e+00 1.12717980e-02
191 5 9.81747704e+00 1.45007569e-02
192 5 9.81747704e+00 1.47359480e-02
193 5 9.81747704e+00 1.17442265e-02
194 5 9.81747704e+00 1.42932490e-02
195 5 9.81747704e+00 1.41637875e-02
196 5 9.81747704e+00 1.48924736e-02
197 5 9.81747704e+00 1.25209136e-02
198 5 9.81747704e+00 1.32690157e-02
199 5 9.81747704e+00 1.62131267e-02
200 5 9.81747704e+00 1.07875678e-02
201 5 9.81747704e+00 9.19192080e-03
202 5 9.81747704e+00 1.05105939e-02
203 5 9.81747704e+00 1.18305007e-02
204 5 9.81747704e+00 1.14968521e-02
205 5 9.81747704e+00 1.45493939e-02
206 5 9.81747704e+00 8.03298560e-03
207 5 9.81747704e+00 1.13261851e-02
208 5 9.81747704e+00 1.11733300e-02
209 5 9.81747704e+00 1.26376792e-02
210 5 9.81747704e+00 8.38543665e-03
211 5 9.81747704e+00 1.16811421e-02
212 5 9.81747704e+00 1.44386206e-02
213 5 9.81747704e+00 1.01170741e-02
214 5 9.81747704e+00 1.19113766e-02
215 5 9.81747704e+00 1.66544077e-02
216 5 9.81747704e+00 1.26306002e-02
217 5 9.81747704e+00 1.02317621e-02
218 5 9.81747704e+00 1.45760354e-02
219 5 9.81747704e+00 1.33268501e-02
220 5 9.81747704e+00 1.49010858e-02
221 5 9.81747704e+00 1.33727790e-02
222 5 9.81747704e+00 1.16275272e-02
223 5 9.81747704e+00 1.58982035e-02
224 5 9.81747704e+00 9.07638009e-03
225 5 9.81747704e+00 1.40900595e-02
226 5 9.81747704e+00 1.29211662e-02
227 5 9.81747704e+00 1.03404216e-02
228 5 9.81747704e+00 1.21774847e-02
229 5 9.81747704e+00 1.20930044e-02
230 5 9.81747704e+00 1.17889524e-02
231 5 9.81747704e+00 1.43930455e-02
232 5 9.81747704e+00 9.81048078e-03
233 5 9.81747704e+00 1.21522417e-02
234 5 9.81747704e+00 1.10761150e-02
235 5 9.81747704e+00 1.09522889e-02
236 5 9.81747704e+00 1.27788040e-02
237 5 9.81747704e+00 1.52707682e-02
238 5 9.81747704e+00 1.28241805e-02
239 5 9.81747704e+00 1.39530505e-02
240 5 9.81747704e+00 1.18225656e-02
241 5 9.81747704e+00 9.36587301e-03
242 5 9.81747704e+00 9.60281593e-03
243 5 9.81747704e+00 1.28103113e-02
244 5 9.81747704e+00 1.06342710e-02
245 5 9.81747704e+00 1.02218296e-02
246 5 9.81747704e+00 1.21811804e-02
247 5 9.81747704e+00 1.47941973e-02
248 5 9.81747704e+00 9.58224425e-03
249 5 9.81747704e+00 1.30117356e-02
250 5 9.81747704e+00 1.18012361e-02
251 5 9.81747704e+00 1.19536941e-02
252 5 9.81747704e+00 1.26441762e-02
253 5 9.81747704e+00 1.13380401e-02
254 5 9.81747704e+00 1.30391377e-02
255 5 9.81747704e+00 1.10614080e-02
256 5 9.81747704e+00 1.45592633e-02
257 5 9.81747704e+00 9.37732605e-03
258 5 9.81747704e+00 1.08425555e-02
259 5 9.81747704e+00 1.28315745e-02
260 5 9.81747704e+00 1.35500562e-02
261 5 9.81747704e+00 1.11388396e-02
262 5 9.81747704e+00 1.10405167e-02
263 5 9.81747704e+00 1.03657135e-02
264 5 9.81747704e+00 9.44085948e-03
265 5 9.81747704e+00 1.46619301e-02
266 5 9.81747704e+00 8.20287167e-03
267 5 9.81747704e+00 1.40575579e-02
268 5 9.81747704e+00 1.09558074e-02
269 5 9.81747704e+00 1.16733982e-02
270 5 9.81747704e+00 8.85513902e-03
271 5 9.81747704e+00 1.38092757e-02
272 5 9.81747704e+00 8.22660571e-03
273 5 9.81747704e+00 8.80975795e-03
274 5 9.81747704e+00 1.28708263e-02
275 5 9.81747704e+00 1.28376228e-02
276 5 9.81747704e+00 1.36794689e-02
277 5 9.81747704e+00 1.06918755e-02
278 5 9.81747704e+00 1.77467356e-02
279 5 9.81747704e+00 1.25566256e-02
280 5 9.81747704e+00 1.35851865e-02
281 5 9.81747704e+00 1.08141303e-02
282 5 9.81747704e+00 1.39000574e-02
283 5 9.81747704e+00 1.54376763e-02
284 5 9.81747704e+00 9.57700622e-03
285 5 9.81747704e+00 1.12101369e-02
286 5 9.81747704e+00 1.02664092e-02
287 5 9.81747704e+00 9.15568201e-03
288 5 9.81747704e+00 1.41840905e-02
289 5 9.81747704e+00 1.03678875e-02
290 5 9.81747704e+00 1.28423607e-02
291 5 9.81747704e+00 1.20450152e-02
292 5 9.81747704e+00 1.12760004e-02
293 5 9.81747704e+00 1.41145450e-02
294 5 9.81747704e+00 1.38812655e-02
295 5 9.81747704e+00 1.66046245e-02
296 5 9.81747704e+00 1.25138904e-02
297 5 9.81747704e+00 1.31928794e-02
298 5 9.81747704e+00 1.31337522e-02
299 5 9.81747704e+00 9.06966822e-03
300 5 9.81747704e+00 1.58212879e-02
301 5 9.81747704e+00 9.59413495e-03
302 5 9.81747704e+00 8.56756915e-03
303 5 9.81747704e+00 1.06693347e-02
304 5 9.81747704e+00 1.03273098e-02
305 5 9.81747704e+00 7.76035185e-03
306 5 9.81747704e+00 1.19532836e-02
307 5 9.81747704e+00 1.14967049e-02
308 5 9.81747704e+00 1.22043777e-02
309 5 9.81747704e+00 1.29862367e-02
310 5 9.81747704e+00 1.39727130e-02
311 5 9.81747704e+00 8.75028558e-03
312 5 9.81747704e+00 1.13579187e-02
313 5 9.81747704e+00 7.35131789e-03
314 5 9.81747704e+00 1.27353622e-02
315 5 9.81747704e+00 1.39767112e-02
316 5 9.81747704e+00 1.20515724e-02
317 5 9.81747704e+00 1.16626989e-02
318 5 9.81747704e+00 8.78612740e-03
319 5 9.81747704e+00 1.06264217e-02
320 5 9.81747704e+00 1.33994601e-02
321 5 9.81747704e+00 1.19485877e-02
322 5 9.81747704e+00 1.42966910e-02
323 5 9.81747704e+00 1.44061071e-02
324 5 9.81747704e+00 1.19532949e-02
325 5 9.81747704e+00 1.22751413e-02
326 5 9.81747704e+00 1.23414747e-02
327 5 9.81747704e+00 1.22154842e-02
328 5 9.81747704e+00 1.03337309e-02
329 5 9.81747704e+00 1.13590670e-02
330 5 9.81747704e+00 1.28085259e-02
331 5 9.81747704e+00 1.29621035e-02
332 5 9.81747704e+00 1.43143899e-02
333 5 9.81747704e+00 1.12385656e-02
334 5 9.81747704e+00 1.36485817e-02
335 5 9.81747704e+00 1.20402642e-02
336 5 9.81747704e+00 9.92937730e-03
337 5 9.81747704e+00 1.52267771e-02
338 5 9.81747704e+00 1.03694538e-02
339 5 9.81747704e+00 1.20442598e-02
340 5 9.81747704e+00 1.32697180e-02
341 5 9.81747704e+00 1.15490243e-02
342 5 9.81747704e+00 1.05103402e-02
343 5 9.81747704e+00 1.16479327e-02
344 5 9.81747704e+00 9.88675849e-03
345 5 9.81747704e+00 1.45764036e-02
346 5 9.81747704e+00 1.05776071e-02
347 5 9.81747704e+00 9.51161126e-03
348 5 9.81747704e+00 7.40496373e-03
349 5 9.81747704e+00 1.08912280e-02
350 5 9.81747704e+00 1.35278795e-02
351 5 9.81747704e+00 1.33631482e-02
352 5 9.81747704e+00 8.23712512e-03
353 5 9.81747704e+00 1.09629781e-02
354 5 9.81747704e+00 1.41600849e-02
355 5 9.81747704e+00 1.41812041e-02
356 5 9.81747704e+00 1.56776020e-02
357 5 9.81747704e+00 1.49369605e-02
358 5 9.81747704e+00 9.29785381e-03
359 5 9.81747704e+00 8.24376719e-03
360 5 9.81747704e+00 1.26666051e-02
361 5 9.81747704e+00 1.43100938e-02
362 5 9.81747704e+00 1.21809203e-02
363 5 9.81747704e+00 1.71992636e-02
364 5 9.81747704e+00 1.20499026e-02
365 5 9.81747704e+00 1.29103995e-02
366 5 9.81747704e+00 1.23954809e-02
367 5 9.81747704e+00 1.43979168e-02
368 5 9.81747704e+00 8.95456142e-03
369 5 9.81747704e+00 1.41046056e-02
370 5 9.81747704e+00 1.35543599e-02
371 5 9.81747704e+00 1.10516257e-02
372 5 9.81747704e+00 1.45267926e-02
373 5 9.81747704e+00 1.42071282e-02
374 5 9.81747704e+00 1.15312073e-02
375 5 9.81747704e+00 9.50480239e-03
376 5 9.81747704e+00 1.39277259e-02
377 5 9.81747704e+00 1.04204713e-02
378 5 9.81747704e+00 1.48209825e-02
379 5 9.81747704e+00 1.46232658e-02
380 5 9.81747704e+00 1.39418254e-02
381 5 9.81747704e+00 1.44205810e-02
382 5 9.81747704e+00 1.26210027e-02
383 5 9.81747704e+00 9.85713247e-03
384 5 9.81747704e+00 1.39759859e-02
385 5 9.81747704e+00 1.33916019e-02
386 5 9.81747704e+00 8.58656932e-03
387 5 9.81747704e+00 1.24956995e-02
388 5 9.81747704e+00 1.04582503e-02
389 5 9.81747704e+00 1.34472783e-02
390 5 9.81747704e+00 1.25135911e-02
391 5 9.81747704e+00 1.37288424e-02
392 5 9.81747704e+00 9.30575650e-03
393 5 9.81747704e+00 1.57400485e-02
394 5 9.81747704e+00 1.38067517e-02
395 5 9.81747704e+00 1.30109504e-02
396 5 9.81747704e+00 1.04414035e-02
397 5 9.81747704e+00 1.09427788e-02
398 5 9.81747704e+00 1.16651470e-02
399 5 9.81747704e+00 1.52891059e-02
400 5 9.81747704e+00 1.08461799e-02
401 5 9.81747704e+00 8.64685191e-03
402 5 9.81747704e+00 1.41515405e-02
403 5 9.81747704e+00 1.47673218e-02
404 5 9.81747704e+00 6.42287067e-03
405 5 9.81747704e+00 9.38110396e-03
406 5 9.81747704e+00 8.95368074e-03
407 5 9.81747704e+00 1.40266682e-02
408 5 9.81747704e+00 1.61260855e-02
409 5 9.81747704e+00 8.84594858e-03
410 5 9.81747704e+00 1.22722123e-02
411 5 9.81747704e+00 9.21475587e-03
412 5 9.81747704e+00 1.16338302e-02
413 5 9.81747704e+00 9.96630268e-03
414 5 9.81747704e+00 1.30318091e-02
415 5 9.81747704e+00 1.31677948e-02
416 5 9.81747704e+00 1.28403224e-02
417 5 9.81747704e+00 8.60172421e-03
418 5 9.81747704e+00 1.08628245e-02
419 5 9.81747704e+00 1.12717379e-02
420 5 9.81747704e+00 1.35908084e-02
421 5 9.81747704e+00 1.11900333e-02
422 5 9.81747704e+00 1.25641748e-02
423 5 9.81747704e+00 1.03807845e-02
424 5 9.81747704e+00 1.42039649e-02
425 5 9.81747704e+00 1.21316369e-02
426 5 9.81747704e+00 8.89015628e-03
427 5 9.81747704e+00 1.31239208e-02
428 5 9.81747704e+00 1.15321371e-02
429 5 9.81747704e+00 1.57421100e-02
430 5 9.81747704e+00 1.61944046e-02
431 5 9.81747704e+00 1.04485179e-02
432 5 9.81747704e+00 1.34321986e-02
433 5 9.81747704e+00 7.31320046e-03
434 5 9.81747704e+00 1.20509506e-02
435 5 9.81747704e+00 1.41888224e-02
436 5 9.81747704e+00 1.55835770e-02
437 5 9.81747704e+00 1.13710951e-02
438 5 9.81747704e+00 1.53325941e-02
439 5 9.81747704e+00 1.28382933e-02
440 5 9.81747704e+00 9.41401415e-03
441 5 9.81747704e+00 1.28272531e-02
442 5 9.81747704e+00 6.77362840e-03
443 5 9.81747704e+00 6.89442488e-03
444 5 9.81747704e+00 1.12638814e-02
445 5 9.81747704e+00 1.55404742e-02
446 5 9.81747704e+00 1.16801616e-02
447 5 9.81747704e+00 8.99491452e-03
448 5 9.81747704e+00 1.13503791e-02
449 5 9.81747704e+00 1.69236108e-02
450 5 9.81747704e+00 1.37397365e-02
451 5 9.81747704e+00 1.28259256e-02
452 5 9.81747704e+00 1.36327635e-02
453 5 9.81747704e+00 1.45812184e-02
454 5 9.81747704e+00 1.24142399e-02
455 5 9.81747704e+00 9.93770855e-03
456 5 9.81747704e+00 1.52885766e-02
457 5 9.81747704e+00 1.14417003e-02
458 5 9.81747704e+00 1.41319173e-02
459 5 9.81747704e+00 8.42044007e-03
460 5 9.81747704e+00 1.03629393e-02
461 5 9.81747704e+00 1.45442510e-02
462 5 9.81747704e+00 9.14933981e-03
463 5 9.81747704e+00 1.28763139e-02
464 5 9.81747704e+00 1.14617053e-02
465 5 9.81747704e+00 1.24270242e-02
466 5 9.81747704e+00 1.13990599e-02
467 5 9.81747704e+00 1.23974021e-02
468 5 9.81747704e+00 1.30003726e-02
469 5 9.81747704e+00 1.27044492e-02
470 5 9.81747704e+00 9.56139597e-03
471 5 9.81747704e+00 1.27611354e-02
472 5 9.81747704e+00 1.35419923e-02
473 5 9.81747704e+00 1.44656113e-02
474 5 9.81747704e+00 1.29435745e-02
475 5 9.81747704e+00 1.28618111e-02
476 5 9.81747704e+00 1.41117540e-02
477 5 9.81747704e+00 1.16748621e-02
478 5 9.81747704e+00 1.67516935e-02
479 5 9.81747704e+00 1.27888758e-02
480 5 9.81747704e+00 1.36079842e-02
481 5 9.81747704e+00 9.54203199e-03
482 5 9.81747704e+00 1.12405335e-02
483 5 9.81747704e+00 1.20177974e-02
484 5 9.81747704e+00 9.63967350e-03
485 5 9.81747704e+00 1.00809567e-02
486 5 9.81747704e+00 1.37878600e-02
487 5 9.81747704e+00 9.71345845e-03
488 5 9.81747704e+00 8.04392775e-03
489 5 9.81747704e+00 1.21779868e-02
490 5 9.81747704e+00 1.51739470e-02
491 5 9.81747704e+00 1.29469362e-02
492 5 9.81747704e+00 1.16490129e-02
493 5 9.81747704e+00 1.17856691e-02
494 5 9.81747704e+00 1.34090889e-02
495 5 9.81747704e+00 1.06035377e-02
496 5 9.81747704e+00 1.15540962e-02
497 5 9.81747704e+00 1.02143936e-02
498 5 9.81747704e+00 1.07470541e-02
499 5 9.81747704e+00 1.26531061e-02
500 5 9.81747704e+00 1.09235958e-02
501 5 9.81747704e+00 1.55279495e-02
502 5 9.81747704e+00 1.24402925e-02
503 5 9.81747704e+00 1.19700742e-02
504 5 9.81747704e+00 1.19464490e-02
505 5 9.81747704e+00 1.30611460e-02
506 5 9.81747704e+00 1.28422439e-02
507 5 9.81747704e+00 1.39912511e-02
508 5 9.81747704e+00 1.18629763e-02
509 5 9.81747704e+00 1.09837510e-02
510 5 9.81747704e+00 1.17487747e-02
511 5 9.81747704e+00 1.23384530e-02
512 5 9.81747704e+00 1.28279051e-02
513 5 9.81747704e+00 9.68064289e-03
514 5 9.81747704e+00 1.29308984e-02
515 5 9.81747704e+00 1.40315783e-02
516 5 9.81747704e+00 9.54237547e-03
517 5 9.81747704e+00 1.28156624e-02
518 5 9.81747704e+00 1.58283669e-02
519 5 9.81747704e+00 1.55189628e-02
520 5 9.81747704e+00 1.44664921e-02
521 5 9.81747704e+00 1.01916409e-02
522 5 9.81747704e+00 1.03219777e-02
523 5 9.81747704e+00 1.05924443e-02
524 5 9.81747704e+00 1.24958910e-02
525 5 9.81747704e+00 1.34253967e-02
526 5 9.81747704e+00 1.53288971e-02
527 5 9.81747704e+00 1.52683006e-02
528 5 9.81747704e+00 1.30475806e-02
529 5 9.81747704e+00 1.20961002e-02
530 5 9.81747704e+00 1.08455967e-02
531 5 9.81747704e+00 1.17114163e-02
532 5 9.81747704e+00 9.11976918e-03
533 5 9.81747704e+00 1.38764573e-02
534 5 9.81747704e+00 1.48734450e-02
535 5 9.81747704e+00 1.30066211e-02
536 5 9.81747704e+00 1.14062895e-02
537 5 9.81747704e+00 1.24539530e-02
538 5 9.81747704e+00 9.85920748e-03
539 5 9.81747704e+00 6.84016645e-03
540 5 9.81747704e+00 1.18218226e-02
541 5 9.81747704e+00 1.01137972e-02
542 5 9.81747704e+00 1.55081031e-02
543 5 9.81747704e+00 8.84498598e-03
544 5 9.81747704e+00 9.99603678e-03
545 5 9.81747704e+00 1.24662922e-02
546 5 9.81747704e+00 1.29022391e-02
547 5 9.81747704e+00 1.06911041e-02
548 5 9.81747704e+00 8.56450816e-03
549 5 9.81747704e+00 1.14925823e-02
550 5 9.81747704e+00 1.48392024e-02
551 5 9.81747704e+00 1.36055873e-02
552 5 9.81747704e+00 1.11632497e-02
553 5 9.81747704e+00 1.23913062e-02
554 5 9.81747704e+00 1.16396469e-02
555 5 9.81747704e+00 1.07685639e-02
556 5 9.81747704e+00 1.23190957e-02
557 5 9.81747704e+00 1.48490420e-02
558 5 9.81747704e+00 1.08103149e-02
559 5 9.81747704e+00 1.58531365e-02
560 5 9.81747704e+00 1.15448854e-02
561 5 9.81747704e+00 1.05611779e-02
562 5 9.81747704e+00 1.26406326e-02
563 5 9.81747704e+00 1.23262130e-02
564 5 9.81747704e+00 1.01475557e-02
565 5 9.81747704e+00 1.38524859e-02
566 5 9.81747704e+00 1.68722965e-02
567 5 9.81747704e+00 1.23271669e-02
568 5 9.81747704e+00 1.07429038e-02
569 5 9.81747704e+00 1.64886731e-02
570 5 9.81747704e+00 1.13482673e-02
571 5 9.81747704e+00 9.53761003e-03
572 5 9.81747704e+00 1.23147155e-02
573 5 9.81747704e+00 1.23876599e-02
574 5 9.81747704e+00 1.26998968e-02
575 5 9.81747704e+00 1.49596071e-02
576 5 9.81747704e+00 7.65685071e-03
577 5 9.81747704e+00 1.34244993e-02
578 5 9.81747704e+00 1.29023610e-02
579 5 9.81747704e+00 1.13928544e-02
580 5 9.81747704e+00 1.36595232e-02
581 5 9.81747704e+00 1.49158062e-02
582 5 9.81747704e+00 1.36490418e-02
583 5 9.81747704e+00 1.29879841e-02
584 5 9.81747704e+00 1.06633040e-02
585 5 9.81747704e+00 1.36449678e-02
586 5 9.81747704e+00 1.51393921e-02
587 5 9.81747704e+00 1.11759178e-02
588 5 9.81747704e+00 9.14353084e-03
589 5 9.81747704e+00 1.76071605e-02
590 5 9.81747704e+00 1.27011858e-02
591 5 9.81747704e+00 1.58192454e-02
592 5 9.81747704e+00 1.20031056e-02
593 5 9.81747704e+00 1.46294740e-02
594 5 9.81747704e+00 1.34039929e-02
595 5 9.81747704e+00 7.36797529e-03
596 5 9.81747704e+00 1.40082978e-02
597 5 9.81747704e+00 1.15749268e-02
598 5 9.81747704e+00 1.21937546e-02
599 5 9.81747704e+00 1.23099125e-02
600 5 9.81747704e+00 1.33993217e-02
601 5 9.81747704e+00 9.09907492e-03
602 5 9.81747704e+00 9.87145203e-03
603 5 9.81747704e+00 1.09492416e-02
604 5 9.81747704e+00 1.12704208e-02
605 5 9.81747704e+00 8.86306533e-03
606 5 9.81747704e+00 1.32901710e-02
607 5 9.81747704e+00 1.36428108e-02
608 5 9.81747704e+00 1.35514013e-02
609 5 9.81747704e+00 6.52570922e-03
610 5 9.81747704e+00 9.98199872e-03
611 5 9.81747704e+00 1.26956020e-02
612 5 9.81747704e+00 1.32055631e-02
613 5 9.81747704e+00 1.49673542e-02
614 5 9.81747704e+00 1.21918693e-02
615 5 9.81747704e+00 1.31666996e-02
616 5 9.81747704e+00 1.63053036e-02
617 5 9.81747704e+00 9.96285591e-03
618 5 9.81747704e+00 1.34101105e-02
619 5 9.81747704e+00 1.37367623e-02
620 5 9.81747704e+00 1.16462929e-02
621 5 9.81747704e+00 8.97069570e-03
622 5 9.81747704e+00 1.10205988e-02
623 5 9.81747704e+00 1.41328082e-02
624 5 9.81747704e+00 9.49557432e-03
625 5 9.81747704e+00 1.11140661e-02
626 5 9.81747704e+00 1.03939254e-02
627 5 9.81747704e+00 1.00092323e-02
628 5 9.81747704e+00 1.03584235e-02
629 5 9.81747704e+00 1.34787735e-02
630 5 9.81747704e+00 1.39764215e-02
631 5 9.81747704e+00 1.05842043e-02
632 5 9.81747704e+00 7.45643952e-03
633 5 9.81747704e+00 1.08505959e-02
634 5 9.81747704e+00 1.13995937e-02
635 5 9.81747704e+00 1.15217630e-02
636 5 9.81747704e+00 1.01353465e-02
637 5 9.81747704e+00 1.25284739e-02
638 5 9.81747704e+00 1.07056022e-02
639 5 9.81747704e+00 7.61609402e-03
640 5 9.81747704e+00 1.27452339e-02
641 5 9.81747704e+00 1.16720939e-02
642 5 9.81747704e+00 1.11058611e-02
643 5 9.81747704e+00 9.48134942e-03
644 5 9.81747704e+00 1.07694368e-02
645 5 9.81747704e+00 1.32291437e-02
646 5 9.81747704e+00 1.10970089e-02
647 5 9.81747704e+00 1.21460040e-02
648 5 9.81747704e+00 1.15765711e-02
649 5 9.81747704e+00 9.00270537e-03
650 5 9.81747704e+00 1.17165119e-02
651 5 9.81747704e+00 1.46618424e-02
652 5 9.81747704e+00 1.56757156e-02
653 5 9.81747704e+00 9.48319758e-03
654 5 9.81747704e+00 1.16288411e-02
655 5 9.81747704e+00 1.75383806e-02
656 5 9.81747704e+00 1.35238031e-02
657 5 9.81747704e+00 8.63131557e-03
658 5 9.81747704e+00 1.19845258e-02
659 5 9.81747704e+00 1.39054463e-02
660 5 9.81747704e+00 1.13750010e-02
661 5 9.81747704e+00 1.15272363e-02
662 5 9.81747704e+00 1.26368389e-02
663 5 9.81747704e+00 1.16873476e-02
664 5 9.81747704e+00 1.14943356e-02
665 5 9.81747704e+00 1.38736236e-02
666 5 9.81747704e+00 1.66292358e-02
667 5 9.81747704e+00 1.52333212e-02
668 5 9.81747704e+00 1.04515593e-02
669 5 9.81747704e+00 8.76861261e-03
670 5 9.81747704e+00 1.29085626e-02
671 5 9.81747704e+00 1.45440405e-02
672 5 9.81747704e+00 1.23960175e-02
673 5 9.81747704e+00 1.34287802e-02
674 5 9.81747704e+00 1.24393747e-02
675 5 9.81747704e+00 8.85848562e-03
676 5 9.81747704e+00 1.43449855e-02
677 5 9.81747704e+00 1.48108167e-02
678 5 9.81747704e+00 1.34268076e-02
679 5 9.81747704e+00 1.12811850e-02
680 5 9.81747704e+00 1.23185182e-02
681 5 9.81747704e+00 1.27166796e-02
682 5 9.81747704e+00 1.06535219e-02
683 5 9.81747704e+00 1.47747190e-02
684 5 9.81747704e+00 1.35698158e-02
685 5 9.81747704e+00 1.19349019e-02
686 5 9.81747704e+00 1.00941554e-02
687 5 9.81747704e+00 1.22517426e-02
688 5 9.81747704e+00 1.50510300e-02
689 5 9.81747704e+00 1.13467919e-02
690 5 9.81747704e+00 1.38009553e-02
691 5 9.81747704e+00 1.10638301e-02
692 5 9.81747704e+00 1.28086695e-02
693 5 9.81747704e+00 1.02872629e-02
694 5 9.81747704e+00 1.06055870e-02
695 5 9.81747704e+00 8.97679599e-03
696 5 9.81747704e+00 1.28834581e-02
697 5 9.81747704e+00 1.05587284e-02
698 5 9.81747704e+00 9.57586607e-03
699 5 9.81747704e+00 1.22865068e-02
700 5 9.81747704e+00 1.04871278e-02
701 5 9.81747704e+00 1.30683535e-02
702 5 9.81747704e+00 1.21138356e-02
703 5 9.81747704e+00 9.84478045e-03
704 5 9.81747704e+00 1.50395169e-02
705 5 9.81747704e+00 9.93582831e-03
706 5 9.81747704e+00 1.10655036e-02
707 5 9.81747704e+00 1.40715792e-02
708 5 9.81747704e+00 1.04361819e-02
709 5 9.81747704e+00 1.37269248e-02
710 5 9.81747704e+00 1.08725986e-02
711 5 9.81747704e+00 1.18061992e-02
712 5 9.81747704e+00 9.78395176e-03
713 5 9.81747704e+00 9.49825511e-03
714 5 9.81747704e+00 1.12171255e-02
715 5 9.81747704e+00 1.17329161e-02
716 5 9.81747704e+00 1.22788009e-02
717 5 9.81747704e+00 1.00920690e-02
718 5 9.81747704e+00 1.27897534e-02
719 5 9.81747704e+00 1.38673193e-02
720 5 9.81747704e+00 1.39903908e-02
721 5 9.81747704e+00 1.23400000e-02
722 5 9.81747704e+00 1.42062472e-02
723 5 9.81747704e+00 1.15356214e-02
724 5 9.81747704e+00 4.53493520e-03
725 5 9.81747704e+00 1.07568591e-02
726 5 9.81747704e+00 7.02662677e-03
727 5 9.81747704e+00 1.28590433e-02
728 5 9.81747704e+00 1.17668005e-02
729 5 9.81747704e+00 1.46693836e-02
730 5 9.81747704e+00 1.11027883e-02
731 5 9.81747704e+00 1.28519285e-02
732 5 9.81747704e+00 7.88295633e-03
733 5 9.81747704e+00 1.32920741e-02
734 5 9.81747704e+00 1.36391489e-02
735 5 9.81747704e+00 1.49776046e-02
736 5 9.81747704e+00 1.31898882e-02
737 5 9.81747704e+00 1.44933691e-02
738 5 9.81747704e+00 1.32030510e-02
739 5 9.81747704e+00 1.13894198e-02
740 5 9.81747704e+00 1.23666480e-02
741 5 9.81747704e+00 1.26437662e-02
742 5 9.81747704e+00 1.12162850e-02
743 5 9.81747704e+00 1.09164357e-02
744 5 9.81747704e+00 9.07718864e-03
745 5 9.81747704e+00 1.27783648e-02
746 5 9.81747704e+00 1.18563518e-02
747 5 9.81747704e+00 1.12886638e-02
748 5 9.81747704e+00 1.24454542e-02
749 5 9.81747704e+00 1.00718655e-02
750 5 9.81747704e+00 1.31561532e-02
751 5 9.81747704e+00 1.13210066e-02
752 5 9.81747704e+00 8.32757232e-03
753 5 9.81747704e+00 1.01845634e-02
754 5 9.81747704e+00 1.38989601e-02
755 5 9.81747704e+00 1.15347990e-02
756 5 9.81747704e+00 7.17766269e-03
757 5 9.81747704e+00 1.40676119e-02
758 5 9.81747704e+00 1.11003771e-02
759 5 9.81747704e+00 8.77671960e-03
760 5 9.81747704e+00 1.13939569e-02
761 5 9.81747704e+00 1.22744267e-02
762 5 9.81747704e+00 9.29537734e-03
763 5 9.81747704e+00 9.58005931e-03
764 5 9.81747704e+00 1.41457849e-02
765 5 9.81747704e+00 1.04158498e-02
766 5 9.81747704e+00 1.32121855e-02
767 5 9.81747704e+00 1.14182402e-02
768 5 9.81747704e+00 1.54552657e-02
769 5 9.81747704e+00 1.08904244e-02
770 5 9.81747704e+00 1.40519657e-02
771 5 9.81747704e+00 1.35372855e-02
772 5 9.81747704e+00 1.49105245e-02
773 5 9.81747704e+00 1.28877811e-02
774 5 9.81747704e+00 1.42801669e-02
775 5 9.81747704e+00 9.96993879e-03
776 5 9.81747704e+00 1.17073903e-02
777 5 9.81747704e+00 9.19221263e-03
778 5 9.81747704e+00 1.19886946e-02
779 5 9.81747704e+00 1.37654701e-02
780 5 9.81747704e+00 1.23692585e-02
781 5 9.81747704e+00 1.10544223e-02
782 5 9.81747704e+00 1.16606493e-02
783 5 9.81747704e+00 1.07455729e-02
784 5 9.81747704e+00 1.50314292e-02
785 5 9.81747704e+00 1.25828240e-02
786 5 9.81747704e+00 8.43818956e-03
787 5 9.81747704e+00 1.51105410e-02
788 5 9.81747704e+00 1.33384145e-02
789 5 9.81747704e+00 1.07365469e-02
790 5 9.81747704e+00 1.22612655e-02
791 5 9.81747704e+00 1.14350355e-02
792 5 9.81747704e+00 1.03636447e-02
793 5 9.81747704e+00 7.41347775e-03
794 5 9.81747704e+00 1.13894878e-02
795 5 9.81747704e+00 1.44033998e-02
796 5 9.81747704e+00 1.80278989e-02
797 5 9.81747704e+00 1.34089410e-02
798 5 9.81747704e+00 1.24089679e-02
799 5 9.81747704e+00 7.82935572e-03
800 5 9.81747704e+00 1.24224404e-02
801 5 9.81747704e+00 1.83547292e-02
802 5 9.81747704e+00 1.20696426e-02
803 5 9.81747704e+00 1.29157118e-02
804 5 9.81747704e+00 1.14750225e-02
805 5 9.81747704e+00 1.42087377e-02
806 5 9.81747704e+00 1.55345841e-02
807 5 9.81747704e+00 1.38314486e-02
808 5 9.81747704e+00 1.11564485e-02
809 5 9.81747704e+00 1.29588482e-02
810 5 9.81747704e+00 1.19134564e-02
811 5 9.81747704e+00 1.35510676e-02
812 5 9.81747704e+00 1.48371447e-02
813 5 9.81747704e+00 1.39087317e-02
814 5 9.81747704e+00 9.91404708e-03
815 5 9.81747704e+00 8.46720634e-03
816 5 9.81747704e+00 8.10249338e-03
817 5 9.81747704e+00 1.08891021e-02
818 5 9.81747704e+00 1.19504864e-02
819 5 9.81747704e+00 1.30753965e-02
820 5 9.81747704e+00 1.26788845e-02
821 5 9.81747704e+00 1.36672735e-02
822 5 9.81747704e+00 1.42658552e-02
823 5 9.81747704e+00 1.50369036e-02
824 5 9.81747704e+00 9.71642648e-03
825 5 9.81747704e+00 1.09964590e-02
826 5 9.81747704e+00 1.24706896e-02
827 5 9.81747704e+00 1.48307537e-02
828 5 9.81747704e+00 1.19163006e-02
829 5 9.81747704e+00 1.50977689e-02
830 5 9.81747704e+00 1.45358334e-02
831 5 9.81747704e+00 1.27142304e-02
832 5 9.81747704e+00 1.41311379e-02
833 5 9.81747704e+00 1.40042637e-02
834 5 9.81747704e+00 1.24501409e-02
835 5 9.81747704e+00 1.24815371e-02
836 5 9.81747704e+00 1.16328752e-02
837 5 9.81747704e+00 1.36719175e-02
838 5 9.81747704e+00 1.19986109e-02
839 5 9.81747704e+00 9.31749422e-03
840 5 9.81747704e+00 1.44284985e-02
841 5 9.81747704e+00 8.59471433e-03
842 5 9.81747704e+00 1.34629570e-02
843 5 9.81747704e+00 1.12964522e-02
844 5 9.81747704e+00 1.30654454e-02
845 5 9.81747704e+00 1.61571821e-02
846 5 9.81747704e+00 1.22607676e-02
847 5 9.81747704e+00 1.07822668e-02
848 5 9.81747704e+00 1.18597146e-02
849 5 9.81747704e+00 1.37906138e-02
850 5 9.81747704e+00 1.24395760e-02
851 5 9.81747704e+00 1.19716863e-02
852 5 9.81747704e+00 1.10613059e-02
853 5 9.81747704e+00 1.77315362e-02
854 5 9.81747704e+00 1.39354173e-02
855 5 9.81747704e+00 1.05290427e-02
856 5 9.81747704e+00 1.19504627e-02
857 5 9.81747704e+00 1.07881529e-02
858 5 9.81747704e+00 1.39418730e-02
859 5 9.81747704e+00 1.13309893e-02
860 5 9.81747704e+00 9.27582688e-03
861 5 9.81747704e+00 9.58404759e-03
862 5 9.81747704e+00 9.60579473e-03
863 5 9.81747704e+00 1.44265956e-02
864 5 9.81747704e+00 1.20633620e-02
865 5 9.81747704e+00 1.21473319e-02
866 5 9.81747704e+00 1.40025930e-02
867 5 9.81747704e+00 1.16976002e-02
868 5 9.81747704e+00 1.21829563e-02
869 5 9.81747704e+00 1.34160289e-02
870 5 9.81747704e+00 1.24149876e-02
871 5 9.81747704e+00 9.97758110e-03
872 5 9.81747704e+00 1.26955251e-02
873 5 9.81747704e+00 1.06976833e-02
874 5 9.81747704e+00 1.17307369e-02
875 5 9.81747704e+00 1.22744873e-02
876 5 9.81747704e+00 1.60256778e-02
877 5 9.81747704e+00 1.06493063e-02
878 5 9.81747704e+00 1.37656526e-02
879 5 9.81747704e+00 1.23098764e-02
880 5 9.81747704e+00 1.28526691e-02
881 5 9.81747704e+00 1.47129012e-02
882 5 9.81747704e+00 1.08478612e-02
883 5 9.81747704e+00 1.63889230e-02
884 5 9.81747704e+00 1.22639677e-02
885 5 9.81747704e+00 1.29790869e-02
886 5 9.81747704e+00 1.20353983e-02
887 5 9.81747704e+00 1.42067924e-02
888 5 9.81747704e+00 1.40656577e-02
889 5 9.81747704e+00 1.43580899e-02
890 5 9.81747704e+00 1.35003983e-02
891 5 9.81747704e+00 1.26678876e-02
892 5 9.81747704e+00 1.18431790e-02
893 5 9.81747704e+00 8.10435272e-03
894 5 9.81747704e+00 1.26713892e-02
895 5 9.81747704e+00 8.74194671e-03
896 5 9.81747704e+00 1.45590650e-02
897 5 9.81747704e+00 1.50409125e-02
898 5 9.81747704e+00 1.21926486e-02
899 5 9.81747704e+00 1.18005547e-02
