a09m310 Wilson3 pz4 0.0888fm zmax7
config z nu=p.z RpITD
0 1 7.85398163e-01 3.29466054e-02
1 1 7.85398163e-01 3.26839996e-02
2 1 7.85398163e-01 3.25718709e-02
3 1 7.85398163e-01 3.27115618e-02
4 1 7.85398163e-01 3.28414020e-02
5 1 7.85398163e-01 3.24446779e-02
6 1 7.85398163e-01 3.27357461e-02
7 1 7.85398163e-01 3.29741541e-02
8 1 7.85398163e-01 3.28391708e-02
9 1 7.85398163e-01 3.25949190e-02
10 1 7.85398163e-01 3.24261953e-02
11 1 7.85398163e-01 3.26842761e-02
12 1 7.85398163e-01 3.26689221e-02
13 1 7.85398163e-01 3.28920529e-02
14 1 7.85398163e-01 3.28053187e-02
15 1 7.85398163e-01 3.26510316e-02
16 1 7.85398163e-01 3.21992409e-02
17 1 7.85398163e-01 3.26086312e-02
18 1 7.85398163e-01 3.22970066e-02
19 1 7.85398163e-01 3.26408791e-02
20 1 7.85398163e-01 3.27794009e-02
21 1 7.85398163e-01 3.25254637e-02
22 1 7.85398163e-01 3.25180214e-02
23 1 7.85398163e-01 3.26670048e-02
24 1 7.85398163e-01 3.24615840e-02
25 1 7.85398163e-01 3.24998757e-02
26 1 7.85398163e-01 3.26499463e-02
27 1 7.85398163e-01 3.26165248e-02
28 1 7.85398163e-01 3.31803442e-02
29 1 7.85398163e-01 3.27125533e-02
30 1 7.85398163e-01 3.27378818e-02
31 1 7.85398163e-01 3.30419760e-02
32 1 7.85398163e-01 3.24451366e-02
33 1 7.85398163e-01 3.30454756e-02
34 1 7.85398163e-01 3.25788390e-02
35 1 7.85398163e-01 3.23854707e-02
36 1 7.85398163e-01 3.26079979e-02
37 1 7.85398163e-01 3.27340036e-02
38 1 7.85398163e-01 3.29923724e-02
39 1 7.85398163e-01 3.27495168e-02
40 1 7.85398163e-01 3.26573373e-02
41 1 7.85398163e-01 3.29075544e-02
42 1 7.85398163e-01 3.26269536e-02
43 1 7.85398163e-01 3.26979509e-02
44 1 7.85398163e-01 3.26819563e-02
45 1 7.85398163e-01 3.25457379e-02
46 1 7.85398163e-01 3.27327800e-02
47 1 7.85398163e-01 3.29882952e-02
48 1 7.85398163e-01 3.29343907e-02
49 1 7.85398163e-01 3.28174324e-02
50 1 7.85398163e-01 3.26783917e-02
51 1 7.85398163e-01 3.28141989e-02
52 1 7.85398163e-01 3.24610611e-02
53 1 7.85398163e-01 3.25628020e-02
54 1 7.85398163e-01 3.28853128e-02
55 1 7.85398163e-01 3.27416050e-02
56 1 7.85398163e-01 3.28382813e-02
57 1 7.85398163e-01 3.23835471e-02
58 1 7.85398163e-01 3.25186212e-02
59 1 7.85398163e-01 3.23549487e-02
60 1 7.85398163e-01 3.25832371e-02
61 1 7.85398163e-01 3.26609964e-02
62 1 7.85398163e-01 3.26075265e-02
63 1 7.85398163e-01 3.21533162e-02
64 1 7.85398163e-01 3.24516442e-02
65 1 7.85398163e-01 3.26847593e-02
66 1 7.85398163e-01 3.24299474e-02
67 1 7.85398163e-01 3.25031541e-02
68 1 7.85398163e-01 3.24474658e-02
69 1 7.85398163e-01 3.27075200e-02
70 1 7.85398163e-01 3.28547861e-02
71 1 7.85398163e-01 3.26469050e-02
72 1 7.85398163e-01 3.24191679e-02
73 1 7.85398163e-01 3.27413779e-02
74 1 7.85398163e-01 3.27267678e-02
75 1 7.85398163e-01 3.27238942e-02
76 1 7.85398163e-01 3.24654666e-02
77 1 7.85398163e-01 3.29198682e-02
78 1 7.85398163e-01 3.29318060e-02
79 1 7.85398163e-01 3.27699748e-02
80 1 7.85398163e-01 3.24643657e-02
81 1 7.85398163e-01 3.28336099e-02
82 1 7.85398163e-01 3.26710671e-02
83 1 7.85398163e-01 3.27242321e-02
84 1 7.85398163e-01 3.24752145e-02
85 1 7.85398163e-01 3.26771204e-02
86 1 7.85398163e-01 3.25778939e-02
87 1 7.85398163e-01 3.27012828e-02
88 1 7.85398163e-01 3.29107299e-02
89 1 7.85398163e-01 3.29626450e-02
90 1 7.85398163e-01 3.29673524e-02
91 1 7.85398163e-01 3.26263973e-02
92 1 7.85398163e-01 3.27656383e-02
93 1 7.85398163e-01 3.27638411e-02
94 1 7.85398163e-01 3.26429501e-02
95 1 7.85398163e-01 3.27835278e-02
96 1 7.85398163e-01 3.26452633e-02
97 1 7.85398163e-01 3.24532317e-02
98 1 7.85398163e-01 3.23525533e-02
99 1 7.85398163e-01 3.24575103e-02
100 1 7.85398163e-01 3.29211627e-02
101 1 7.85398163e-01 3.28784439e-02
102 1 7.85398163e-01 3.27431998e-02
103 1 7.85398163e-01 3.29069849e-02
104 1 7.85398163e-01 3.28102964e-02
105 1 7.85398163e-01 3.21574040e-02
106 1 7.85398163e-01 3.27628243e-02
107 1 7.85398163e-01 3.25775144e-02
108 1 7.85398163e-01 3.26221140e-02
109 1 7.85398163e-01 3.28126672e-02
110 1 7.85398163e-01 3.29200133e-02
111 1 7.85398163e-01 3.28904558e-02
112 1 7.85398163e-01 3.25531517e-02
113 1 7.85398163e-01 3.25819881e-02
114 1 7.85398163e-01 3.27398637e-02
115 1 7.85398163e-01 3.29642553e-02
116 1 7.85398163e-01 3.22773947e-02
117 1 7.85398163e-01 3.26542577e-02
118 1 7.85398163e-01 3.28661138e-02
119 1 7.85398163e-01 3.25058363e-02
120 1 7.85398163e-01 3.23847775e-02
121 1 7.85398163e-01 3.26524458e-02
122 1 7.85398163e-01 3.29002012e-02
123 1 7.85398163e-01 3.24381231e-02
124 1 7.85398163e-01 3.27738234e-02
125 1 7.85398163e-01 3.29129362e-02
126 1 7.85398163e-01 3.24746609e-02
127 1 7.85398163e-01 3.27156343e-02
128 1 7.85398163e-01 3.28192710e-02
129 1 7.85398163e-01 3.25438865e-02
130 1 7.85398163e-01 3.27560301e-02
131 1 7.85398163e-01 3.26221693e-02
132 1 7.85398163e-01 3.24422034e-02
133 1 7.85398163e-01 3.29160794e-02
134 1 7.85398163e-01 3.25834417e-02
135 1 7.85398163e-01 3.29574328e-02
136 1 7.85398163e-01 3.27892434e-02
137 1 7.85398163e-01 3.24937196e-02
138 1 7.85398163e-01 3.26792963e-02
139 1 7.85398163e-01 3.29113046e-02
140 1 7.85398163e-01 3.25933398e-02
141 1 7.85398163e-01 3.29339738e-02
142 1 7.85398163e-01 3.25565729e-02
143 1 7.85398163e-01 3.28120611e-02
144 1 7.85398163e-01 3.27107805e-02
145 1 7.85398163e-01 3.26050757e-02
146 1 7.85398163e-01 3.27699736e-02
147 1 7.85398163e-01 3.24932369e-02
148 1 7.85398163e-01 3.24702085e-02
149 1 7.85398163e-01 3.26912174e-02
150 1 7.85398163e-01 3.25268886e-02
151 1 7.85398163e-01 3.27011479e-02
152 1 7.85398163e-01 3.28452057e-02
153 1 7.85398163e-01 3.26614064e-02
154 1 7.85398163e-01 3.25828481e-02
155 1 7.85398163e-01 3.26038387e-02
156 1 7.85398163e-01 3.28075618e-02
157 1 7.85398163e-01 3.29749790e-02
158 1 7.85398163e-01 3.27440720e-02
159 1 7.85398163e-01 3.27152744e-02
160 1 7.85398163e-01 3.25829439e-02
161 1 7.85398163e-01 3.23982093e-02
162 1 7.85398163e-01 3.25576503e-02
163 1 7.85398163e-01 3.29581582e-02
164 1 7.85398163e-01 3.26601229e-02
165 1 7.85398163e-01 3.27392948e-02
166 1 7.85398163e-01 3.24366027e-02
167 1 7.85398163e-01 3.26253793e-02
168 1 7.85398163e-01 3.26388318e-02
169 1 7.85398163e-01 3.28941029e-02
170 1 7.85398163e-01 3.26920462e-02
171 1 7.85398163e-01 3.25166254e-02
172 1 7.85398163e-01 3.24484580e-02
173 1 7.85398163e-01 3.28367126e-02
174 1 7.85398163e-01 3.28002873e-02
175 1 7.85398163e-01 3.25675385e-02
176 1 7.85398163e-01 3.26505843e-02
177 1 7.85398163e-01 3.28333395e-02
178 1 7.85398163e-01 3.28137417e-02
179 1 7.85398163e-01 3.29679596e-02
180 1 7.85398163e-01 3.26039035e-02
181 1 7.85398163e-01 3.26419179e-02
182 1 7.85398163e-01 3.26562554e-02
183 1 7.85398163e-01 3.25575574e-02
184 1 7.85398163e-01 3.24202373e-02
185 1 7.85398163e-01 3.25230933e-02
186 1 7.85398163e-01 3.26605833e-02
187 1 7.85398163e-01 3.27372456e-02
188 1 7.85398163e-01 3.27137999e-02
189 1 7.85398163e-01 3.26874652e-02
190 1 7.85398163e-01 3.28866391e-02
191 1 7.85398163e-01 3.29403302e-02
192 1 7.85398163e-01 3.25275922e-02
193 1 7.85398163e-01 3.26189336e-02
194 1 7.85398163e-01 3.26291518e-02
195 1 7.85398163e-01 3.26939494e-02
196 1 7.85398163e-01 3.25230878e-02
197 1 7.85398163e-01 3.26207050e-02
198 1 7.85398163e-01 3.27627069e-02
199 1 7.85398163e-01 3.29300615e-02
200 1 7.85398163e-01 3.26685068e-02
201 1 7.85398163e-01 3.23721410e-02
202 1 7.85398163e-01 3.25916588e-02
203 1 7.85398163e-01 3.28830170e-02
204 1 7.85398163e-01 3.27304842e-02
205 1 7.85398163e-01 3.24786569e-02
206 1 7.85398163e-01 3.25158198e-02
207 1 7.85398163e-01 3.28086891e-02
208 1 7.85398163e-01 3.27054729e-02
209 1 7.85398163e-01 3.28535175e-02
210 1 7.85398163e-01 3.25989792e-02
211 1 7.85398163e-01 3.27733705e-02
212 1 7.85398163e-01 3.30061050e-02
213 1 7.85398163e-01 3.23791242e-02
214 1 7.85398163e-01 3.28105456e-02
215 1 7.85398163e-01 3.26256426e-02
216 1 7.85398163e-01 3.26224755e-02
217 1 7.85398163e-01 3.27178417e-02
218 1 7.85398163e-01 3.27301201e-02
219 1 7.85398163e-01 3.27092477e-02
220 1 7.85398163e-01 3.25824632e-02
221 1 7.85398163e-01 3.24347597e-02
222 1 7.85398163e-01 3.30067414e-02
223 1 7.85398163e-01 3.26087525e-02
224 1 7.85398163e-01 3.26322547e-02
225 1 7.85398163e-01 3.24785973e-02
226 1 7.85398163e-01 3.28220410e-02
227 1 7.85398163e-01 3.28406904e-02
228 1 7.85398163e-01 3.26754776e-02
229 1 7.85398163e-01 3.29396669e-02
230 1 7.85398163e-01 3.24199878e-02
231 1 7.85398163e-01 3.27515281e-02
232 1 7.85398163e-01 3.26714815e-02
233 1 7.85398163e-01 3.26022676e-02
234 1 7.85398163e-01 3.27760447e-02
235 1 7.85398163e-01 3.29326529e-02
236 1 7.85398163e-01 3.29638045e-02
237 1 7.85398163e-01 3.26675963e-02
238 1 7.85398163e-01 3.26047150e-02
239 1 7.85398163e-01 3.25068517e-02
240 1 7.85398163e-01 3.26665692e-02
241 1 7.85398163e-01 3.28779893e-02
242 1 7.85398163e-01 3.26946873e-02
243 1 7.85398163e-01 3.28687653e-02
244 1 7.85398163e-01 3.26111589e-02
245 1 7.85398163e-01 3.26929215e-02
246 1 7.85398163e-01 3.26834119e-02
247 1 7.85398163e-01 3.27177507e-02
248 1 7.85398163e-01 3.29528700e-02
249 1 7.85398163e-01 3.28898220e-02
250 1 7.85398163e-01 3.25484517e-02
251 1 7.85398163e-01 3.25556457e-02
252 1 7.85398163e-01 3.28470302e-02
253 1 7.85398163e-01 3.26102879e-02
254 1 7.85398163e-01 3.28216800e-02
255 1 7.85398163e-01 3.30677164e-02
256 1 7.85398163e-01 3.26519857e-02
257 1 7.85398163e-01 3.26012668e-02
258 1 7.85398163e-01 3.26111272e-02
259 1 7.85398163e-01 3.29571038e-02
260 1 7.85398163e-01 3.23912667e-02
261 1 7.85398163e-01 3.26568588e-02
262 1 7.85398163e-01 3.27643907e-02
263 1 7.85398163e-01 3.32129088e-02
264 1 7.85398163e-01 3.27871517e-02
265 1 7.85398163e-01 3.27777409e-02
266 1 7.85398163e-01 3.27063255e-02
267 1 7.85398163e-01 3.25669053e-02
268 1 7.85398163e-01 3.25369472e-02
269 1 7.85398163e-01 3.25499236e-02
270 1 7.85398163e-01 3.26119527e-02
271 1 7.85398163e-01 3.27846525e-02
272 1 7.85398163e-01 3.27642367e-02
273 1 7.85398163e-01 3.24172453e-02
274 1 7.85398163e-01 3.24756769e-02
275 1 7.85398163e-01 3.26171041e-02
276 1 7.85398163e-01 3.28013417e-02
277 1 7.85398163e-01 3.27956278e-02
278 1 7.85398163e-01 3.24448326e-02
279 1 7.85398163e-01 3.29477722e-02
280 1 7.85398163e-01 3.27581349e-02
281 1 7.85398163e-01 3.27482743e-02
282 1 7.85398163e-01 3.25061936e-02
283 1 7.85398163e-01 3.27478352e-02
284 1 7.85398163e-01 3.25974044e-02
285 1 7.85398163e-01 3.26283621e-02
286 1 7.85398163e-01 3.26757005e-02
287 1 7.85398163e-01 3.24720293e-02
288 1 7.85398163e-01 3.28430066e-02
289 1 7.85398163e-01 3.25996690e-02
290 1 7.85398163e-01 3.29400034e-02
291 1 7.85398163e-01 3.29037979e-02
292 1 7.85398163e-01 3.27357838e-02
293 1 7.85398163e-01 3.27896652e-02
294 1 7.85398163e-01 3.26593324e-02
295 1 7.85398163e-01 3.25406144e-02
296 1 7.85398163e-01 3.27073902e-02
297 1 7.85398163e-01 3.30880565e-02
298 1 7.85398163e-01 3.25567614e-02
299 1 7.85398163e-01 3.24813623e-02
300 1 7.85398163e-01 3.25175274e-02
301 1 7.85398163e-01 3.24951625e-02
302 1 7.85398163e-01 3.24958458e-02
303 1 7.85398163e-01 3.27888680e-02
304 1 7.85398163e-01 3.28433101e-02
305 1 7.85398163e-01 3.27255933e-02
306 1 7.85398163e-01 3.26253587e-02
307 1 7.85398163e-01 3.27504550e-02
308 1 7.85398163e-01 3.26846955e-02
309 1 7.85398163e-01 3.27481479e-02
310 1 7.85398163e-01 3.28833638e-02
311 1 7.85398163e-01 3.24003729e-02
312 1 7.85398163e-01 3.26569935e-02
313 1 7.85398163e-01 3.25593626e-02
314 1 7.85398163e-01 3.28242549e-02
315 1 7.85398163e-01 3.24670401e-02
316 1 7.85398163e-01 3.28964937e-02
317 1 7.85398163e-01 3.25214379e-02
318 1 7.85398163e-01 3.27784206e-02
319 1 7.85398163e-01 3.28321403e-02
320 1 7.85398163e-01 3.25381821e-02
321 1 7.85398163e-01 3.26589994e-02
322 1 7.85398163e-01 3.28235416e-02
323 1 7.85398163e-01 3.26279995e-02
324 1 7.85398163e-01 3.28139177e-02
325 1 7.85398163e-01 3.26050816e-02
326 1 7.85398163e-01 3.25973986e-02
327 1 7.85398163e-01 3.26539239e-02
328 1 7.85398163e-01 3.27920607e-02
329 1 7.85398163e-01 3.26023781e-02
330 1 7.85398163e-01 3.24478018e-02
331 1 7.85398163e-01 3.27759813e-02
332 1 7.85398163e-01 3.27066011e-02
333 1 7.85398163e-01 3.28575906e-02
334 1 7.85398163e-01 3.25769221e-02
335 1 7.85398163e-01 3.27334042e-02
336 1 7.85398163e-01 3.27385108e-02
337 1 7.85398163e-01 3.25726882e-02
338 1 7.85398163e-01 3.27154406e-02
339 1 7.85398163e-01 3.28633276e-02
340 1 7.85398163e-01 3.26341128e-02
341 1 7.85398163e-01 3.24687750e-02
342 1 7.85398163e-01 3.27200924e-02
343 1 7.85398163e-01 3.23691567e-02
344 1 7.85398163e-01 3.26384969e-02
345 1 7.85398163e-01 3.28661629e-02
346 1 7.85398163e-01 3.23788602e-02
347 1 7.85398163e-01 3.28405013e-02
348 1 7.85398163e-01 3.28540008e-02
349 1 7.85398163e-01 3.29683184e-02
350 1 7.85398163e-01 3.24825049e-02
351 1 7.85398163e-01 3.27815157e-02
352 1 7.85398163e-01 3.26207032e-02
353 1 7.85398163e-01 3.26124459e-02
354 1 7.85398163e-01 3.25687600e-02
355 1 7.85398163e-01 3.28772358e-02
356 1 7.85398163e-01 3.29391536e-02
357 1 7.85398163e-01 3.28133296e-02
358 1 7.85398163e-01 3.26330898e-02
359 1 7.85398163e-01 3.24998646e-02
360 1 7.85398163e-01 3.26646298e-02
361 1 7.85398163e-01 3.26478949e-02
362 1 7.85398163e-01 3.28801633e-02
363 1 7.85398163e-01 3.26449051e-02
364 1 7.85398163e-01 3.29133612e-02
365 1 7.85398163e-01 3.25660304e-02
366 1 7.85398163e-01 3.24339312e-02
367 1 7.85398163e-01 3.23365021e-02
368 1 7.85398163e-01 3.22640213e-02
369 1 7.85398163e-01 3.25344520e-02
370 1 7.85398163e-01 3.25110506e-02
371 1 7.85398163e-01 3.27009935e-02
372 1 7.85398163e-01 3.26956482e-02
373 1 7.85398163e-01 3.25995797e-02
374 1 7.85398163e-01 3.25884958e-02
375 1 7.85398163e-01 3.25413430e-02
376 1 7.85398163e-01 3.26026655e-02
377 1 7.85398163e-01 3.25429380e-02
378 1 7.85398163e-01 3.28649146e-02
379 1 7.85398163e-01 3.24006608e-02
380 1 7.85398163e-01 3.26892786e-02
381 1 7.85398163e-01 3.26873786e-02
382 1 7.85398163e-01 3.27024672e-02
383 1 7.85398163e-01 3.23319598e-02
384 1 7.85398163e-01 3.27142426e-02
385 1 7.85398163e-01 3.27041141e-02
386 1 7.85398163e-01 3.27502335e-02
387 1 7.85398163e-01 3.28849303e-02
388 1 7.85398163e-01 3.27277980e-02
389 1 7.85398163e-01 3.24678094e-02
390 1 7.85398163e-01 3.26595904e-02
391 1 7.85398163e-01 3.24777321e-02
392 1 7.85398163e-01 3.29447425e-02
393 1 7.85398163e-01 3.26321460e-02
394 1 7.85398163e-01 3.26689160e-02
395 1 7.85398163e-01 3.26172443e-02
396 1 7.85398163e-01 3.25797068e-02
397 1 7.85398163e-01 3.26694167e-02
398 1 7.85398163e-01 3.25706749e-02
399 1 7.85398163e-01 3.26723278e-02
400 1 7.85398163e-01 3.28501461e-02
401 1 7.85398163e-01 3.27527976e-02
402 1 7.85398163e-01 3.25175011e-02
403 1 7.85398163e-01 3.24474431e-02
404 1 7.85398163e-01 3.27612434e-02
405 1 7.85398163e-01 3.26290907e-02
406 1 7.85398163e-01 3.26820101e-02
407 1 7.85398163e-01 3.26299123e-02
408 1 7.85398163e-01 3.22822043e-02
409 1 7.85398163e-01 3.29156485e-02
410 1 7.85398163e-01 3.24276519e-02
411 1 7.85398163e-01 3.28147680e-02
412 1 7.85398163e-01 3.23253661e-02
413 1 7.85398163e-01 3.28488120e-02
414 1 7.85398163e-01 3.26795581e-02
415 1 7.85398163e-01 3.32345377e-02
416 1 7.85398163e-01 3.27559865e-02
417 1 7.85398163e-01 3.26351716e-02
418 1 7.85398163e-01 3.29559809e-02
419 1 7.85398163e-01 3.25917990e-02
420 1 7.85398163e-01 3.27727354e-02
421 1 7.85398163e-01 3.24976351e-02
422 1 7.85398163e-01 3.27872540e-02
423 1 7.85398163e-01 3.28500137e-02
424 1 7.85398163e-01 3.26031314e-02
425 1 7.85398163e-01 3.26888786e-02
426 1 7.85398163e-01 3.22832323e-02
427 1 7.85398163e-01 3.28483329e-02
428 1 7.85398163e-01 3.26845191e-02
429 1 7.85398163e-01 3.27895740e-02
430 1 7.85398163e-01 3.26338300e-02
431 1 7.85398163e-01 3.26192608e-02
432 1 7.85398163e-01 3.26528380e-02
433 1 7.85398163e-01 3.29356216e-02
434 1 7.85398163e-01 3.27022685e-02
435 1 7.85398163e-01 3.30706660e-02
436 1 7.85398163e-01 3.28220926e-02
437 1 7.85398163e-01 3.27807693e-02
438 1 7.85398163e-01 3.29257597e-02
439 1 7.85398163e-01 3.27008793e-02
440 1 7.85398163e-01 3.27280389e-02
441 1 7.85398163e-01 3.25902453e-02
442 1 7.85398163e-01 3.27013651e-02
443 1 7.85398163e-01 3.26779379e-02
444 1 7.85398163e-01 3.25805073e-02
445 1 7.85398163e-01 3.25923268e-02
446 1 7.85398163e-01 3.25535214e-02
447 1 7.85398163e-01 3.27200662e-02
448 1 7.85398163e-01 3.28007725e-02
449 1 7.85398163e-01 3.30166582e-02
450 1 7.85398163e-01 3.26750033e-02
451 1 7.85398163e-01 3.26807522e-02
452 1 7.85398163e-01 3.26440685e-02
453 1 7.85398163e-01 3.25985755e-02
454 1 7.85398163e-01 3.26840299e-02
455 1 7.85398163e-01 3.26472478e-02
456 1 7.85398163e-01 3.25749662e-02
457 1 7.85398163e-01 3.24061394e-02
458 1 7.85398163e-01 3.28776147e-02
459 1 7.85398163e-01 3.32051234e-02
460 1 7.85398163e-01 3.27682588e-02
461 1 7.85398163e-01 3.27629212e-02
462 1 7.85398163e-01 3.24583535e-02
463 1 7.85398163e-01 3.29459761e-02
464 1 7.85398163e-01 3.30917488e-02
465 1 7.85398163e-01 3.27023528e-02
466 1 7.85398163e-01 3.27270377e-02
467 1 7.85398163e-01 3.28137673e-02
468 1 7.85398163e-01 3.27255831e-02
469 1 7.85398163e-01 3.23890455e-02
470 1 7.85398163e-01 3.26723695e-02
471 1 7.85398163e-01 3.26768704e-02
472 1 7.85398163e-01 3.29060924e-02
473 1 7.85398163e-01 3.27699024e-02
474 1 7.85398163e-01 3.25082360e-02
475 1 7.85398163e-01 3.27456112e-02
476 1 7.85398163e-01 3.27719086e-02
477 1 7.85398163e-01 3.26634930e-02
478 1 7.85398163e-01 3.27034706e-02
479 1 7.85398163e-01 3.24913951e-02
480 1 7.85398163e-01 3.27183986e-02
481 1 7.85398163e-01 3.25845710e-02
482 1 7.85398163e-01 3.26436082e-02
483 1 7.85398163e-01 3.27673832e-02
484 1 7.85398163e-01 3.29091663e-02
485 1 7.85398163e-01 3.24741587e-02
486 1 7.85398163e-01 3.27293968e-02
487 1 7.85398163e-01 3.28947664e-02
488 1 7.85398163e-01 3.26261678e-02
489 1 7.85398163e-01 3.27142676e-02
490 1 7.85398163e-01 3.25798379e-02
491 1 7.85398163e-01 3.29273619e-02
492 1 7.85398163e-01 3.29084997e-02
493 1 7.85398163e-01 3.27295369e-02
494 1 7.85398163e-01 3.28613214e-02
495 1 7.85398163e-01 3.28661949e-02
496 1 7.85398163e-01 3.26362274e-02
497 1 7.85398163e-01 3.27979127e-02
498 1 7.85398163e-01 3.27690373e-02
499 1 7.85398163e-01 3.28040162e-02
500 1 7.85398163e-01 3.28555910e-02
501 1 7.85398163e-01 3.28955835e-02
502 1 7.85398163e-01 3.26914678e-02
503 1 7.85398163e-01 3.25605849e-02
504 1 7.85398163e-01 3.26888442e-02
505 1 7.85398163e-01 3.24289296e-02
506 1 7.85398163e-01 3.26981369e-02
507 1 7.85398163e-01 3.26885512e-02
508 1 7.85398163e-01 3.25102619e-02
509 1 7.85398163e-01 3.27373100e-02
510 1 7.85398163e-01 3.24279672e-02
511 1 7.85398163e-01 3.23961187e-02
512 1 7.85398163e-01 3.25813778e-02
513 1 7.85398163e-01 3.25471279e-02
514 1 7.85398163e-01 3.29079225e-02
515 1 7.85398163e-01 3.28317004e-02
516 1 7.85398163e-01 3.25144466e-02
517 1 7.85398163e-01 3.26020089e-02
518 1 7.85398163e-01 3.26037575e-02
519 1 7.85398163e-01 3.25830789e-02
520 1 7.85398163e-01 3.24676057e-02
521 1 7.85398163e-01 3.27162356e-02
522 1 7.85398163e-01 3.26896523e-02
523 1 7.85398163e-01 3.24438551e-02
524 1 7.85398163e-01 3.22662196e-02
525 1 7.85398163e-01 3.25514805e-02
526 1 7.85398163e-01 3.29452896e-02
527 1 7.85398163e-01 3.27662815e-02
528 1 7.85398163e-01 3.25606339e-02
529 1 7.85398163e-01 3.26879078e-02
530 1 7.85398163e-01 3.26058287e-02
531 1 7.85398163e-01 3.24960593e-02
532 1 7.85398163e-01 3.27438075e-02
533 1 7.85398163e-01 3.25645977e-02
534 1 7.85398163e-01 3.25793318e-02
535 1 7.85398163e-01 3.24250886e-02
536 1 7.85398163e-01 3.27724202e-02
537 1 7.85398163e-01 3.27019729e-02
538 1 7.85398163e-01 3.27454553e-02
539 1 7.85398163e-01 3.25465822e-02
540 1 7.85398163e-01 3.26200960e-02
541 1 7.85398163e-01 3.26195088e-02
542 1 7.85398163e-01 3.23616724e-02
543 1 7.85398163e-01 3.24421363e-02
544 1 7.85398163e-01 3.26206924e-02
545 1 7.85398163e-01 3.26741655e-02
546 1 7.85398163e-01 3.25829603e-02
547 1 7.85398163e-01 3.24281935e-02
548 1 7.85398163e-01 3.24617755e-02
549 1 7.85398163e-01 3.24605895e-02
550 1 7.85398163e-01 3.26508557e-02
551 1 7.85398163e-01 3.29162525e-02
552 1 7.85398163e-01 3.27522546e-02
553 1 7.85398163e-01 3.22267850e-02
554 1 7.85398163e-01 3.24402069e-02
555 1 7.85398163e-01 3.25999909e-02
556 1 7.85398163e-01 3.26102529e-02
557 1 7.85398163e-01 3.27331181e-02
558 1 7.85398163e-01 3.28998024e-02
559 1 7.85398163e-01 3.29373129e-02
560 1 7.85398163e-01 3.28365513e-02
561 1 7.85398163e-01 3.24291737e-02
562 1 7.85398163e-01 3.26890450e-02
563 1 7.85398163e-01 3.24250726e-02
564 1 7.85398163e-01 3.27902887e-02
565 1 7.85398163e-01 3.25235140e-02
566 1 7.85398163e-01 3.30459690e-02
567 1 7.85398163e-01 3.26565510e-02
568 1 7.85398163e-01 3.26922497e-02
569 1 7.85398163e-01 3.27736790e-02
570 1 7.85398163e-01 3.25728494e-02
571 1 7.85398163e-01 3.28528627e-02
572 1 7.85398163e-01 3.26117346e-02
573 1 7.85398163e-01 3.27036057e-02
574 1 7.85398163e-01 3.28678780e-02
575 1 7.85398163e-01 3.27583497e-02
576 1 7.85398163e-01 3.27816057e-02
577 1 7.85398163e-01 3.24655155e-02
578 1 7.85398163e-01 3.26340732e-02
579 1 7.85398163e-01 3.26313739e-02
580 1 7.85398163e-01 3.23557435e-02
581 1 7.85398163e-01 3.22743307e-02
582 1 7.85398163e-01 3.27755505e-02
583 1 7.85398163e-01 3.28793603e-02
584 1 7.85398163e-01 3.26034468e-02
585 1 7.85398163e-01 3.25499444e-02
586 1 7.85398163e-01 3.25746257e-02
587 1 7.85398163e-01 3.29490014e-02
588 1 7.85398163e-01 3.28111965e-02
589 1 7.85398163e-01 3.26346866e-02
590 1 7.85398163e-01 3.26581798e-02
591 1 7.85398163e-01 3.25159605e-02
592 1 7.85398163e-01 3.24848276e-02
593 1 7.85398163e-01 3.29574369e-02
594 1 7.85398163e-01 3.27076754e-02
595 1 7.85398163e-01 3.25429618e-02
596 1 7.85398163e-01 3.28020164e-02
597 1 7.85398163e-01 3.24725399e-02
598 1 7.85398163e-01 3.24378592e-02
599 1 7.85398163e-01 3.25118181e-02
600 1 7.85398163e-01 3.26678427e-02
601 1 7.85398163e-01 3.26827426e-02
602 1 7.85398163e-01 3.29498099e-02
603 1 7.85398163e-01 3.26912964e-02
604 1 7.85398163e-01 3.25340157e-02
605 1 7.85398163e-01 3.28105498e-02
606 1 7.85398163e-01 3.26988910e-02
607 1 7.85398163e-01 3.25452547e-02
608 1 7.85398163e-01 3.26479859e-02
609 1 7.85398163e-01 3.28715010e-02
610 1 7.85398163e-01 3.27530243e-02
611 1 7.85398163e-01 3.28559276e-02
612 1 7.85398163e-01 3.25676661e-02
613 1 7.85398163e-01 3.29297713e-02
614 1 7.85398163e-01 3.26064706e-02
615 1 7.85398163e-01 3.24781939e-02
616 1 7.85398163e-01 3.24714618e-02
617 1 7.85398163e-01 3.24913844e-02
618 1 7.85398163e-01 3.27462197e-02
619 1 7.85398163e-01 3.25148571e-02
620 1 7.85398163e-01 3.30465966e-02
621 1 7.85398163e-01 3.25509614e-02
622 1 7.85398163e-01 3.25271878e-02
623 1 7.85398163e-01 3.27854155e-02
624 1 7.85398163e-01 3.25495489e-02
625 1 7.85398163e-01 3.27574126e-02
626 1 7.85398163e-01 3.23919480e-02
627 1 7.85398163e-01 3.28454745e-02
628 1 7.85398163e-01 3.29595514e-02
629 1 7.85398163e-01 3.31920479e-02
630 1 7.85398163e-01 3.27504828e-02
631 1 7.85398163e-01 3.27359279e-02
632 1 7.85398163e-01 3.24522558e-02
633 1 7.85398163e-01 3.22137367e-02
634 1 7.85398163e-01 3.26672307e-02
635 1 7.85398163e-01 3.25785578e-02
636 1 7.85398163e-01 3.22254120e-02
637 1 7.85398163e-01 3.29524681e-02
638 1 7.85398163e-01 3.21049675e-02
639 1 7.85398163e-01 3.27772048e-02
640 1 7.85398163e-01 3.26668383e-02
641 1 7.85398163e-01 3.27883724e-02
642 1 7.85398163e-01 3.29090253e-02
643 1 7.85398163e-01 3.27370625e-02
644 1 7.85398163e-01 3.27938944e-02
645 1 7.85398163e-01 3.25968739e-02
646 1 7.85398163e-01 3.27671270e-02
647 1 7.85398163e-01 3.28298608e-02
648 1 7.85398163e-01 3.27228094e-02
649 1 7.85398163e-01 3.29276105e-02
650 1 7.85398163e-01 3.28372255e-02
651 1 7.85398163e-01 3.25979377e-02
652 1 7.85398163e-01 3.26731007e-02
653 1 7.85398163e-01 3.29057757e-02
654 1 7.85398163e-01 3.28996439e-02
655 1 7.85398163e-01 3.28797095e-02
656 1 7.85398163e-01 3.27175981e-02
657 1 7.85398163e-01 3.24139311e-02
658 1 7.85398163e-01 3.26518776e-02
659 1 7.85398163e-01 3.26962290e-02
660 1 7.85398163e-01 3.28093546e-02
661 1 7.85398163e-01 3.23905675e-02
662 1 7.85398163e-01 3.27766794e-02
663 1 7.85398163e-01 3.28150886e-02
664 1 7.85398163e-01 3.26501772e-02
665 1 7.85398163e-01 3.28046363e-02
666 1 7.85398163e-01 3.25865414e-02
667 1 7.85398163e-01 3.32709723e-02
668 1 7.85398163e-01 3.28907850e-02
669 1 7.85398163e-01 3.27227560e-02
670 1 7.85398163e-01 3.27262905e-02
671 1 7.85398163e-01 3.30006526e-02
672 1 7.85398163e-01 3.26121948e-02
673 1 7.85398163e-01 3.30387515e-02
674 1 7.85398163e-01 3.23921854e-02
675 1 7.85398163e-01 3.25237935e-02
676 1 7.85398163e-01 3.27105635e-02
677 1 7.85398163e-01 3.25801527e-02
678 1 7.85398163e-01 3.25886491e-02
679 1 7.85398163e-01 3.27790903e-02
680 1 7.85398163e-01 3.30007700e-02
681 1 7.85398163e-01 3.28600206e-02
682 1 7.85398163e-01 3.28784899e-02
683 1 7.85398163e-01 3.27072513e-02
684 1 7.85398163e-01 3.27598920e-02
685 1 7.85398163e-01 3.24858393e-02
686 1 7.85398163e-01 3.29729508e-02
687 1 7.85398163e-01 3.26330561e-02
688 1 7.85398163e-01 3.29572482e-02
689 1 7.85398163e-01 3.22514286e-02
690 1 7.85398163e-01 3.26176046e-02
691 1 7.85398163e-01 3.23307713e-02
692 1 7.85398163e-01 3.27351099e-02
693 1 7.85398163e-01 3.28350494e-02
694 1 7.85398163e-01 3.27810660e-02
695 1 7.85398163e-01 3.27833000e-02
696 1 7.85398163e-01 3.28665399e-02
697 1 7.85398163e-01 3.27327164e-02
698 1 7.85398163e-01 3.25873417e-02
699 1 7.85398163e-01 3.24920990e-02
700 1 7.85398163e-01 3.26566615e-02
701 1 7.85398163e-01 3.26259486e-02
702 1 7.85398163e-01 3.26641853e-02
703 1 7.85398163e-01 3.26674019e-02
704 1 7.85398163e-01 3.26791158e-02
705 1 7.85398163e-01 3.30022126e-02
706 1 7.85398163e-01 3.29954589e-02
707 1 7.85398163e-01 3.26209330e-02
708 1 7.85398163e-01 3.27854040e-02
709 1 7.85398163e-01 3.24579734e-02
710 1 7.85398163e-01 3.24620370e-02
711 1 7.85398163e-01 3.27461975e-02
712 1 7.85398163e-01 3.27372792e-02
713 1 7.85398163e-01 3.30788776e-02
714 1 7.85398163e-01 3.24732338e-02
715 1 7.85398163e-01 3.27349386e-02
716 1 7.85398163e-01 3.27733842e-02
717 1 7.85398163e-01 3.26901593e-02
718 1 7.85398163e-01 3.26764553e-02
719 1 7.85398163e-01 3.26658458e-02
720 1 7.85398163e-01 3.25848368e-02
721 1 7.85398163e-01 3.26957141e-02
722 1 7.85398163e-01 3.28444087e-02
723 1 7.85398163e-01 3.27302257e-02
724 1 7.85398163e-01 3.23796176e-02
725 1 7.85398163e-01 3.28173135e-02
726 1 7.85398163e-01 3.26188841e-02
727 1 7.85398163e-01 3.23702307e-02
728 1 7.85398163e-01 3.26386724e-02
729 1 7.85398163e-01 3.24836096e-02
730 1 7.85398163e-01 3.25499509e-02
731 1 7.85398163e-01 3.23122568e-02
732 1 7.85398163e-01 3.28333776e-02
733 1 7.85398163e-01 3.27709317e-02
734 1 7.85398163e-01 3.23740951e-02
735 1 7.85398163e-01 3.26107921e-02
736 1 7.85398163e-01 3.28811382e-02
737 1 7.85398163e-01 3.25324624e-02
738 1 7.85398163e-01 3.25017763e-02
739 1 7.85398163e-01 3.26521470e-02
740 1 7.85398163e-01 3.22955629e-02
741 1 7.85398163e-01 3.24224752e-02
742 1 7.85398163e-01 3.26239636e-02
743 1 7.85398163e-01 3.27184599e-02
744 1 7.85398163e-01 3.25961535e-02
745 1 7.85398163e-01 3.23795356e-02
746 1 7.85398163e-01 3.24843567e-02
747 1 7.85398163e-01 3.26338914e-02
748 1 7.85398163e-01 3.25151355e-02
749 1 7.85398163e-01 3.27808193e-02
750 1 7.85398163e-01 3.27826160e-02
751 1 7.85398163e-01 3.28686650e-02
752 1 7.85398163e-01 3.25392105e-02
753 1 7.85398163e-01 3.25438058e-02
754 1 7.85398163e-01 3.25935821e-02
755 1 7.85398163e-01 3.29998330e-02
756 1 7.85398163e-01 3.24432824e-02
757 1 7.85398163e-01 3.25265748e-02
758 1 7.85398163e-01 3.30413404e-02
759 1 7.85398163e-01 3.26555155e-02
760 1 7.85398163e-01 3.25710209e-02
761 1 7.85398163e-01 3.26584311e-02
762 1 7.85398163e-01 3.28330600e-02
763 1 7.85398163e-01 3.29155747e-02
764 1 7.85398163e-01 3.28710467e-02
765 1 7.85398163e-01 3.26129979e-02
766 1 7.85398163e-01 3.29060047e-02
767 1 7.85398163e-01 3.22179512e-02
768 1 7.85398163e-01 3.26445769e-02
769 1 7.85398163e-01 3.25592721e-02
770 1 7.85398163e-01 3.25857298e-02
771 1 7.85398163e-01 3.26625457e-02
772 1 7.85398163e-01 3.26703361e-02
773 1 7.85398163e-01 3.28040510e-02
774 1 7.85398163e-01 3.27311425e-02
775 1 7.85398163e-01 3.25655173e-02
776 1 7.85398163e-01 3.25724192e-02
777 1 7.85398163e-01 3.27925697e-02
778 1 7.85398163e-01 3.25845937e-02
779 1 7.85398163e-01 3.26061418e-02
780 1 7.85398163e-01 3.26055379e-02
781 1 7.85398163e-01 3.27149652e-02
782 1 7.85398163e-01 3.25535022e-02
783 1 7.85398163e-01 3.23316630e-02
784 1 7.85398163e-01 3.19885715e-02
785 1 7.85398163e-01 3.24212757e-02
786 1 7.85398163e-01 3.27625798e-02
787 1 7.85398163e-01 3.24706938e-02
788 1 7.85398163e-01 3.24972929e-02
789 1 7.85398163e-01 3.25862210e-02
790 1 7.85398163e-01 3.25384032e-02
791 1 7.85398163e-01 3.26160799e-02
792 1 7.85398163e-01 3.26971396e-02
793 1 7.85398163e-01 3.25459794e-02
794 1 7.85398163e-01 3.28195312e-02
795 1 7.85398163e-01 3.29927372e-02
796 1 7.85398163e-01 3.27649710e-02
797 1 7.85398163e-01 3.24842442e-02
798 1 7.85398163e-01 3.26922920e-02
799 1 7.85398163e-01 3.27617072e-02
800 1 7.85398163e-01 3.26163369e-02
801 1 7.85398163e-01 3.25529303e-02
802 1 7.85398163e-01 3.22954120e-02
803 1 7.85398163e-01 3.27493140e-02
804 1 7.85398163e-01 3.25661674e-02
805 1 7.85398163e-01 3.22959827e-02
806 1 7.85398163e-01 3.29545506e-02
807 1 7.85398163e-01 3.28083459e-02
808 1 7.85398163e-01 3.27853772e-02
809 1 7.85398163e-01 3.29318203e-02
810 1 7.85398163e-01 3.27614297e-02
811 1 7.85398163e-01 3.27230717e-02
812 1 7.85398163e-01 3.25009878e-02
813 1 7.85398163e-01 3.26500011e-02
814 1 7.85398163e-01 3.24791422e-02
815 1 7.85398163e-01 3.27648523e-02
816 1 7.85398163e-01 3.27253192e-02
817 1 7.85398163e-01 3.29092927e-02
818 1 7.85398163e-01 3.25577367e-02
819 1 7.85398163e-01 3.25296166e-02
820 1 7.85398163e-01 3.28799581e-02
821 1 7.85398163e-01 3.26843924e-02
822 1 7.85398163e-01 3.28812509e-02
823 1 7.85398163e-01 3.27140282e-02
824 1 7.85398163e-01 3.26422296e-02
825 1 7.85398163e-01 3.24188750e-02
826 1 7.85398163e-01 3.27361125e-02
827 1 7.85398163e-01 3.24416668e-02
828 1 7.85398163e-01 3.27367297e-02
829 1 7.85398163e-01 3.28481598e-02
830 1 7.85398163e-01 3.25035421e-02
831 1 7.85398163e-01 3.29129369e-02
832 1 7.85398163e-01 3.28789619e-02
833 1 7.85398163e-01 3.25611718e-02
834 1 7.85398163e-01 3.26550449e-02
835 1 7.85398163e-01 3.26629274e-02
836 1 7.85398163e-01 3.28689508e-02
837 1 7.85398163e-01 3.27524222e-02
838 1 7.85398163e-01 3.26025896e-02
839 1 7.85398163e-01 3.27218317e-02
840 1 7.85398163e-01 3.26599165e-02
841 1 7.85398163e-01 3.26034998e-02
842 1 7.85398163e-01 3.26843598e-02
843 1 7.85398163e-01 3.29497570e-02
844 1 7.85398163e-01 3.25386495e-02
845 1 7.85398163e-01 3.28662252e-02
846 1 7.85398163e-01 3.26977905e-02
847 1 7.85398163e-01 3.23401179e-02
848 1 7.85398163e-01 3.29298028e-02
849 1 7.85398163e-01 3.28484184e-02
850 1 7.85398163e-01 3.23586410e-02
851 1 7.85398163e-01 3.29208715e-02
852 1 7.85398163e-01 3.28221109e-02
853 1 7.85398163e-01 3.23268844e-02
854 1 7.85398163e-01 3.25365044e-02
855 1 7.85398163e-01 3.27535366e-02
856 1 7.85398163e-01 3.26063834e-02
857 1 7.85398163e-01 3.27761178e-02
858 1 7.85398163e-01 3.29454735e-02
859 1 7.85398163e-01 3.26906989e-02
860 1 7.85398163e-01 3.28676330e-02
861 1 7.85398163e-01 3.27390990e-02
862 1 7.85398163e-01 3.27489747e-02
863 1 7.85398163e-01 3.25270401e-02
864 1 7.85398163e-01 3.29950242e-02
865 1 7.85398163e-01 3.26248838e-02
866 1 7.85398163e-01 3.28130355e-02
867 1 7.85398163e-01 3.27677539e-02
868 1 7.85398163e-01 3.28094412e-02
869 1 7.85398163e-01 3.26112394e-02
870 1 7.85398163e-01 3.29042615e-02
871 1 7.85398163e-01 3.27607681e-02
872 1 7.85398163e-01 3.27867538e-02
873 1 7.85398163e-01 3.28436736e-02
874 1 7.85398163e-01 3.23522747e-02
875 1 7.85398163e-01 3.25118431e-02
876 1 7.85398163e-01 3.27265885e-02
877 1 7.85398163e-01 3.26192128e-02
878 1 7.85398163e-01 3.24041945e-02
879 1 7.85398163e-01 3.27380564e-02
880 1 7.85398163e-01 3.22970373e-02
881 1 7.85398163e-01 3.27391866e-02
882 1 7.85398163e-01 3.28323417e-02
883 1 7.85398163e-01 3.27559202e-02
884 1 7.85398163e-01 3.26146141e-02
885 1 7.85398163e-01 3.28725460e-02
886 1 7.85398163e-01 3.30804806e-02
887 1 7.85398163e-01 3.27824444e-02
888 1 7.85398163e-01 3.28692419e-02
889 1 7.85398163e-01 3.27057851e-02
890 1 7.85398163e-01 3.27920065e-02
891 1 7.85398163e-01 3.26847606e-02
892 1 7.85398163e-01 3.26024884e-02
893 1 7.85398163e-01 3.25906033e-02
894 1 7.85398163e-01 3.29426646e-02
895 1 7.85398163e-01 3.29548513e-02
896 1 7.85398163e-01 3.26679816e-02
897 1 7.85398163e-01 3.29186162e-02
898 1 7.85398163e-01 3.29066712e-02
899 1 7.85398163e-01 3.23672229e-02
900 1 7.85398163e-01 3.27955519e-02
901 1 7.85398163e-01 3.28167137e-02
902 1 7.85398163e-01 3.29498111e-02
903 1 7.85398163e-01 3.28062421e-02
904 1 7.85398163e-01 3.26980129e-02
905 1 7.85398163e-01 3.24894415e-02
906 1 7.85398163e-01 3.29229627e-02
907 1 7.85398163e-01 3.25405481e-02
908 1 7.85398163e-01 3.25789512e-02
909 1 7.85398163e-01 3.29243726e-02
910 1 7.85398163e-01 3.28431994e-02
911 1 7.85398163e-01 3.27233660e-02
912 1 7.85398163e-01 3.25860844e-02
913 1 7.85398163e-01 3.28228435e-02
914 1 7.85398163e-01 3.26382497e-02
915 1 7.85398163e-01 3.26004096e-02
916 1 7.85398163e-01 3.24825846e-02
917 1 7.85398163e-01 3.30064893e-02
918 1 7.85398163e-01 3.30351416e-02
919 1 7.85398163e-01 3.26722289e-02
920 1 7.85398163e-01 3.26654118e-02
921 1 7.85398163e-01 3.28350777e-02
922 1 7.85398163e-01 3.27996806e-02
923 1 7.85398163e-01 3.27112764e-02
924 1 7.85398163e-01 3.27536430e-02
925 1 7.85398163e-01 3.27601670e-02
926 1 7.85398163e-01 3.26278652e-02
927 1 7.85398163e-01 3.26158835e-02
928 1 7.85398163e-01 3.28176839e-02
929 1 7.85398163e-01 3.27770556e-02
930 1 7.85398163e-01 3.22984244e-02
931 1 7.85398163e-01 3.27168224e-02
932 1 7.85398163e-01 3.26984838e-02
933 1 7.85398163e-01 3.28143299e-02
934 1 7.85398163e-01 3.26117163e-02
935 1 7.85398163e-01 3.26278633e-02
936 1 7.85398163e-01 3.26106508e-02
937 1 7.85398163e-01 3.23668807e-02
938 1 7.85398163e-01 3.26969069e-02
939 1 7.85398163e-01 3.30533435e-02
940 1 7.85398163e-01 3.23632857e-02
941 1 7.85398163e-01 3.26299011e-02
942 1 7.85398163e-01 3.28012757e-02
943 1 7.85398163e-01 3.27634214e-02
944 1 7.85398163e-01 3.28720705e-02
945 1 7.85398163e-01 3.25223287e-02
946 1 7.85398163e-01 3.30299897e-02
947 1 7.85398163e-01 3.25203472e-02
948 1 7.85398163e-01 3.27227430e-02
949 1 7.85398163e-01 3.26420972e-02
950 1 7.85398163e-01 3.24420082e-02
951 1 7.85398163e-01 3.28664365e-02
952 1 7.85398163e-01 3.24757940e-02
953 1 7.85398163e-01 3.26358781e-02
954 1 7.85398163e-01 3.25579160e-02
955 1 7.85398163e-01 3.25284661e-02
956 1 7.85398163e-01 3.27473359e-02
957 1 7.85398163e-01 3.27179513e-02
958 1 7.85398163e-01 3.22273772e-02
959 1 7.85398163e-01 3.23856800e-02
960 1 7.85398163e-01 3.29142283e-02
961 1 7.85398163e-01 3.29370401e-02
962 1 7.85398163e-01 3.27328567e-02
963 1 7.85398163e-01 3.25032537e-02
964 1 7.85398163e-01 3.29443591e-02
965 1 7.85398163e-01 3.28204766e-02
966 1 7.85398163e-01 3.25632616e-02
967 1 7.85398163e-01 3.29551891e-02
968 1 7.85398163e-01 3.25007867e-02
969 1 7.85398163e-01 3.25067605e-02
970 1 7.85398163e-01 3.26119816e-02
971 1 7.85398163e-01 3.26072682e-02
972 1 7.85398163e-01 3.21686474e-02
973 1 7.85398163e-01 3.27691776e-02
974 1 7.85398163e-01 3.26557637e-02
975 1 7.85398163e-01 3.27075734e-02
976 1 7.85398163e-01 3.25038124e-02
977 1 7.85398163e-01 3.27710281e-02
978 1 7.85398163e-01 3.24497045e-02
979 1 7.85398163e-01 3.22544322e-02
980 1 7.85398163e-01 3.27491134e-02
981 1 7.85398163e-01 3.26358359e-02
982 1 7.85398163e-01 3.26658291e-02
983 1 7.85398163e-01 3.28719795e-02
984 1 7.85398163e-01 3.25598797e-02
985 1 7.85398163e-01 3.29165835e-02
986 1 7.85398163e-01 3.30449564e-02
987 1 7.85398163e-01 3.23322416e-02
988 1 7.85398163e-01 3.24069787e-02
989 1 7.85398163e-01 3.27539888e-02
990 1 7.85398163e-01 3.27710213e-02
991 1 7.85398163e-01 3.26649143e-02
992 1 7.85398163e-01 3.28189394e-02
993 1 7.85398163e-01 3.26113810e-02
994 1 7.85398163e-01 3.25918747e-02
995 1 7.85398163e-01 3.30502386e-02
996 1 7.85398163e-01 3.28267920e-02
997 1 7.85398163e-01 3.28200276e-02
998 1 7.85398163e-01 3.27664367e-02
999 1 7.85398163e-01 3.24593671e-02
1000 1 7.85398163e-01 3.26444908e-02
1001 1 7.85398163e-01 3.32278899e-02
1002 1 7.85398163e-01 3.24990567e-02
1003 1 7.85398163e-01 3.25671713e-02
1004 1 7.85398163e-01 3.25472968e-02
1005 1 7.85398163e-01 3.26074060e-02
1006 1 7.85398163e-01 3.27312327e-02
1007 1 7.85398163e-01 3.25023755e-02
1008 1 7.85398163e-01 3.27819759e-02
1009 1 7.85398163e-01 3.24836604e-02
1010 1 7.85398163e-01 3.24201795e-02
1011 1 7.85398163e-01 3.25259224e-02
1012 1 7.85398163e-01 3.25471817e-02
1013 1 7.85398163e-01 3.28092071e-02
1014 1 7.85398163e-01 3.26601584e-02
1015 1 7.85398163e-01 3.25271387e-02
1016 1 7.85398163e-01 3.26109511e-02
1017 1 7.85398163e-01 3.23284741e-02
1018 1 7.85398163e-01 3.28542455e-02
1019 1 7.85398163e-01 3.27264672e-02
1020 1 7.85398163e-01 3.25735069e-02
1021 1 7.85398163e-01 3.27915655e-02
1022 1 7.85398163e-01 3.28098025e-02
1023 1 7.85398163e-01 3.27788689e-02
1024 1 7.85398163e-01 3.26632653e-02
1025 1 7.85398163e-01 3.25921894e-02
0 2 1.57079633e+00 5.88374436e-02
1 2 1.57079633e+00 5.83569639e-02
2 2 1.57079633e+00 5.82049939e-02
3 2 1.57079633e+00 5.84346078e-02
4 2 1.57079633e+00 5.86277202e-02
5 2 1.57079633e+00 5.78869895e-02
6 2 1.57079633e+00 5.84916370e-02
7 2 1.57079633e+00 5.88990075e-02
8 2 1.57079633e+00 5.86430044e-02
9 2 1.57079633e+00 5.81975025e-02
10 2 1.57079633e+00 5.79119448e-02
11 2 1.57079633e+00 5.83734684e-02
12 2 1.57079633e+00 5.83120595e-02
13 2 1.57079633e+00 5.88178177e-02
14 2 1.57079633e+00 5.86015046e-02
15 2 1.57079633e+00 5.82882481e-02
16 2 1.57079633e+00 5.74855967e-02
17 2 1.57079633e+00 5.82276888e-02
18 2 1.57079633e+00 5.76249804e-02
19 2 1.57079633e+00 5.82754251e-02
20 2 1.57079633e+00 5.85525827e-02
21 2 1.57079633e+00 5.80592410e-02
22 2 1.57079633e+00 5.80647715e-02
23 2 1.57079633e+00 5.83433666e-02
24 2 1.57079633e+00 5.79735158e-02
25 2 1.57079633e+00 5.80151153e-02
26 2 1.57079633e+00 5.82760733e-02
27 2 1.57079633e+00 5.82854190e-02
28 2 1.57079633e+00 5.92564768e-02
29 2 1.57079633e+00 5.84378591e-02
30 2 1.57079633e+00 5.84804687e-02
31 2 1.57079633e+00 5.89985728e-02
32 2 1.57079633e+00 5.79226760e-02
33 2 1.57079633e+00 5.90305823e-02
34 2 1.57079633e+00 5.81537330e-02
35 2 1.57079633e+00 5.78090823e-02
36 2 1.57079633e+00 5.82167700e-02
37 2 1.57079633e+00 5.84325267e-02
38 2 1.57079633e+00 5.88875210e-02
39 2 1.57079633e+00 5.84754250e-02
40 2 1.57079633e+00 5.82729830e-02
41 2 1.57079633e+00 5.87542100e-02
42 2 1.57079633e+00 5.82787424e-02
43 2 1.57079633e+00 5.83334212e-02
44 2 1.57079633e+00 5.83588151e-02
45 2 1.57079633e+00 5.81269471e-02
46 2 1.57079633e+00 5.84676480e-02
47 2 1.57079633e+00 5.89329057e-02
48 2 1.57079633e+00 5.88449799e-02
49 2 1.57079633e+00 5.85595299e-02
50 2 1.57079633e+00 5.83219387e-02
51 2 1.57079633e+00 5.85996653e-02
52 2 1.57079633e+00 5.79901658e-02
53 2 1.57079633e+00 5.82107628e-02
54 2 1.57079633e+00 5.87518055e-02
55 2 1.57079633e+00 5.84869115e-02
56 2 1.57079633e+00 5.86426494e-02
57 2 1.57079633e+00 5.78320548e-02
58 2 1.57079633e+00 5.80628277e-02
59 2 1.57079633e+00 5.77496078e-02
60 2 1.57079633e+00 5.81729640e-02
61 2 1.57079633e+00 5.83335883e-02
62 2 1.57079633e+00 5.82135441e-02
63 2 1.57079633e+00 5.73765492e-02
64 2 1.57079633e+00 5.79534201e-02
65 2 1.57079633e+00 5.83744014e-02
66 2 1.57079633e+00 5.78972555e-02
67 2 1.57079633e+00 5.80535446e-02
68 2 1.57079633e+00 5.79252100e-02
69 2 1.57079633e+00 5.83914351e-02
70 2 1.57079633e+00 5.86490532e-02
71 2 1.57079633e+00 5.82753252e-02
72 2 1.57079633e+00 5.78726041e-02
73 2 1.57079633e+00 5.84868773e-02
74 2 1.57079633e+00 5.84365779e-02
75 2 1.57079633e+00 5.84335268e-02
76 2 1.57079633e+00 5.79095095e-02
77 2 1.57079633e+00 5.87629521e-02
78 2 1.57079633e+00 5.87815917e-02
79 2 1.57079633e+00 5.85218975e-02
80 2 1.57079633e+00 5.79717862e-02
81 2 1.57079633e+00 5.86520842e-02
82 2 1.57079633e+00 5.83073282e-02
83 2 1.57079633e+00 5.84238957e-02
84 2 1.57079633e+00 5.79726618e-02
85 2 1.57079633e+00 5.83541188e-02
86 2 1.57079633e+00 5.81657797e-02
87 2 1.57079633e+00 5.84140490e-02
88 2 1.57079633e+00 5.87860196e-02
89 2 1.57079633e+00 5.88401660e-02
90 2 1.57079633e+00 5.88782180e-02
91 2 1.57079633e+00 5.82504841e-02
92 2 1.57079633e+00 5.84755456e-02
93 2 1.57079633e+00 5.85268373e-02
94 2 1.57079633e+00 5.82947218e-02
95 2 1.57079633e+00 5.85363819e-02
96 2 1.57079633e+00 5.82859334e-02
97 2 1.57079633e+00 5.79379600e-02
98 2 1.57079633e+00 5.77640601e-02
99 2 1.57079633e+00 5.79712657e-02
100 2 1.57079633e+00 5.87565348e-02
101 2 1.57079633e+00 5.87151127e-02
102 2 1.57079633e+00 5.84893414e-02
103 2 1.57079633e+00 5.87973667e-02
104 2 1.57079633e+00 5.85747827e-02
105 2 1.57079633e+00 5.73599309e-02
106 2 1.57079633e+00 5.84747729e-02
107 2 1.57079633e+00 5.81714635e-02
108 2 1.57079633e+00 5.83154275e-02
109 2 1.57079633e+00 5.85938398e-02
110 2 1.57079633e+00 5.87981970e-02
111 2 1.57079633e+00 5.87107967e-02
112 2 1.57079633e+00 5.81449154e-02
113 2 1.57079633e+00 5.81740263e-02
114 2 1.57079633e+00 5.84891361e-02
115 2 1.57079633e+00 5.89009803e-02
116 2 1.57079633e+00 5.76514355e-02
117 2 1.57079633e+00 5.82514901e-02
118 2 1.57079633e+00 5.86830066e-02
119 2 1.57079633e+00 5.80324190e-02
120 2 1.57079633e+00 5.78363581e-02
121 2 1.57079633e+00 5.83441997e-02
122 2 1.57079633e+00 5.87246840e-02
123 2 1.57079633e+00 5.79273652e-02
124 2 1.57079633e+00 5.85283933e-02
125 2 1.57079633e+00 5.87584183e-02
126 2 1.57079633e+00 5.79883248e-02
127 2 1.57079633e+00 5.84529900e-02
128 2 1.57079633e+00 5.85912226e-02
129 2 1.57079633e+00 5.81198930e-02
130 2 1.57079633e+00 5.85324298e-02
131 2 1.57079633e+00 5.82587183e-02
132 2 1.57079633e+00 5.79118649e-02
133 2 1.57079633e+00 5.87954676e-02
134 2 1.57079633e+00 5.81531953e-02
135 2 1.57079633e+00 5.88687698e-02
136 2 1.57079633e+00 5.85296701e-02
137 2 1.57079633e+00 5.80216471e-02
138 2 1.57079633e+00 5.83425891e-02
139 2 1.57079633e+00 5.87532665e-02
140 2 1.57079633e+00 5.81774497e-02
141 2 1.57079633e+00 5.87660160e-02
142 2 1.57079633e+00 5.81472468e-02
143 2 1.57079633e+00 5.86038669e-02
144 2 1.57079633e+00 5.84426770e-02
145 2 1.57079633e+00 5.81968113e-02
146 2 1.57079633e+00 5.85248811e-02
147 2 1.57079633e+00 5.80004691e-02
148 2 1.57079633e+00 5.79758687e-02
149 2 1.57079633e+00 5.83731399e-02
150 2 1.57079633e+00 5.80669323e-02
151 2 1.57079633e+00 5.83825062e-02
152 2 1.57079633e+00 5.86583818e-02
153 2 1.57079633e+00 5.82952184e-02
154 2 1.57079633e+00 5.81581292e-02
155 2 1.57079633e+00 5.82178696e-02
156 2 1.57079633e+00 5.85784315e-02
157 2 1.57079633e+00 5.88941361e-02
158 2 1.57079633e+00 5.84817084e-02
159 2 1.57079633e+00 5.84393974e-02
160 2 1.57079633e+00 5.81412004e-02
161 2 1.57079633e+00 5.78804495e-02
162 2 1.57079633e+00 5.81499980e-02
163 2 1.57079633e+00 5.88597381e-02
164 2 1.57079633e+00 5.83141558e-02
165 2 1.57079633e+00 5.84320247e-02
166 2 1.57079633e+00 5.79004263e-02
167 2 1.57079633e+00 5.82395480e-02
168 2 1.57079633e+00 5.82699666e-02
169 2 1.57079633e+00 5.87880300e-02
170 2 1.57079633e+00 5.83583482e-02
171 2 1.57079633e+00 5.80431450e-02
172 2 1.57079633e+00 5.79457508e-02
173 2 1.57079633e+00 5.86842602e-02
174 2 1.57079633e+00 5.85753313e-02
175 2 1.57079633e+00 5.81349654e-02
176 2 1.57079633e+00 5.83200375e-02
177 2 1.57079633e+00 5.86320927e-02
178 2 1.57079633e+00 5.86101843e-02
179 2 1.57079633e+00 5.88423211e-02
180 2 1.57079633e+00 5.81704056e-02
181 2 1.57079633e+00 5.82683032e-02
182 2 1.57079633e+00 5.82903566e-02
183 2 1.57079633e+00 5.81333184e-02
184 2 1.57079633e+00 5.78714346e-02
185 2 1.57079633e+00 5.80803693e-02
186 2 1.57079633e+00 5.83157873e-02
187 2 1.57079633e+00 5.84751986e-02
188 2 1.57079633e+00 5.84090497e-02
189 2 1.57079633e+00 5.83527578e-02
190 2 1.57079633e+00 5.87689151e-02
191 2 1.57079633e+00 5.87987888e-02
192 2 1.57079633e+00 5.81043525e-02
193 2 1.57079633e+00 5.82448619e-02
194 2 1.57079633e+00 5.82661880e-02
195 2 1.57079633e+00 5.83775265e-02
196 2 1.57079633e+00 5.80539313e-02
197 2 1.57079633e+00 5.82355936e-02
198 2 1.57079633e+00 5.85238764e-02
199 2 1.57079633e+00 5.88163380e-02
200 2 1.57079633e+00 5.83194371e-02
201 2 1.57079633e+00 5.77577994e-02
202 2 1.57079633e+00 5.81742803e-02
203 2 1.57079633e+00 5.87057067e-02
204 2 1.57079633e+00 5.84561642e-02
205 2 1.57079633e+00 5.79853226e-02
206 2 1.57079633e+00 5.80590278e-02
207 2 1.57079633e+00 5.85841938e-02
208 2 1.57079633e+00 5.84265664e-02
209 2 1.57079633e+00 5.86564849e-02
210 2 1.57079633e+00 5.81895570e-02
211 2 1.57079633e+00 5.85150479e-02
212 2 1.57079633e+00 5.89600908e-02
213 2 1.57079633e+00 5.78039068e-02
214 2 1.57079633e+00 5.85786973e-02
215 2 1.57079633e+00 5.82358228e-02
216 2 1.57079633e+00 5.82537483e-02
217 2 1.57079633e+00 5.83868785e-02
218 2 1.57079633e+00 5.84287889e-02
219 2 1.57079633e+00 5.83988507e-02
220 2 1.57079633e+00 5.81858496e-02
221 2 1.57079633e+00 5.78902771e-02
222 2 1.57079633e+00 5.89714383e-02
223 2 1.57079633e+00 5.82341416e-02
224 2 1.57079633e+00 5.82863859e-02
225 2 1.57079633e+00 5.79932074e-02
226 2 1.57079633e+00 5.85871299e-02
227 2 1.57079633e+00 5.86742396e-02
228 2 1.57079633e+00 5.83379911e-02
229 2 1.57079633e+00 5.88541609e-02
230 2 1.57079633e+00 5.78439225e-02
231 2 1.57079633e+00 5.84871184e-02
232 2 1.57079633e+00 5.83564879e-02
233 2 1.57079633e+00 5.82322084e-02
234 2 1.57079633e+00 5.85410382e-02
235 2 1.57079633e+00 5.88331177e-02
236 2 1.57079633e+00 5.88942201e-02
237 2 1.57079633e+00 5.83089120e-02
238 2 1.57079633e+00 5.82361171e-02
239 2 1.57079633e+00 5.80501794e-02
240 2 1.57079633e+00 5.83290087e-02
241 2 1.57079633e+00 5.86920473e-02
242 2 1.57079633e+00 5.83410622e-02
243 2 1.57079633e+00 5.87008901e-02
244 2 1.57079633e+00 5.82187488e-02
245 2 1.57079633e+00 5.83865505e-02
246 2 1.57079633e+00 5.83428790e-02
247 2 1.57079633e+00 5.84229738e-02
248 2 1.57079633e+00 5.88820400e-02
249 2 1.57079633e+00 5.87013269e-02
250 2 1.57079633e+00 5.80816917e-02
251 2 1.57079633e+00 5.81494277e-02
252 2 1.57079633e+00 5.86877928e-02
253 2 1.57079633e+00 5.81836817e-02
254 2 1.57079633e+00 5.85996597e-02
255 2 1.57079633e+00 5.90785445e-02
256 2 1.57079633e+00 5.82970787e-02
257 2 1.57079633e+00 5.81754205e-02
258 2 1.57079633e+00 5.81886441e-02
259 2 1.57079633e+00 5.88640416e-02
260 2 1.57079633e+00 5.78300981e-02
261 2 1.57079633e+00 5.83334846e-02
262 2 1.57079633e+00 5.85112255e-02
263 2 1.57079633e+00 5.93432118e-02
264 2 1.57079633e+00 5.85709940e-02
265 2 1.57079633e+00 5.85383192e-02
266 2 1.57079633e+00 5.83784396e-02
267 2 1.57079633e+00 5.81366070e-02
268 2 1.57079633e+00 5.81139155e-02
269 2 1.57079633e+00 5.81009039e-02
270 2 1.57079633e+00 5.82784255e-02
271 2 1.57079633e+00 5.85429807e-02
272 2 1.57079633e+00 5.84867523e-02
273 2 1.57079633e+00 5.78316546e-02
274 2 1.57079633e+00 5.79621253e-02
275 2 1.57079633e+00 5.82270694e-02
276 2 1.57079633e+00 5.85560321e-02
277 2 1.57079633e+00 5.85961995e-02
278 2 1.57079633e+00 5.79243660e-02
279 2 1.57079633e+00 5.88376205e-02
280 2 1.57079633e+00 5.84993289e-02
281 2 1.57079633e+00 5.84415612e-02
282 2 1.57079633e+00 5.80193909e-02
283 2 1.57079633e+00 5.84191533e-02
284 2 1.57079633e+00 5.82228456e-02
285 2 1.57079633e+00 5.82939057e-02
286 2 1.57079633e+00 5.83496217e-02
287 2 1.57079633e+00 5.79798929e-02
288 2 1.57079633e+00 5.86607077e-02
289 2 1.57079633e+00 5.82402518e-02
290 2 1.57079633e+00 5.88359957e-02
291 2 1.57079633e+00 5.87518315e-02
292 2 1.57079633e+00 5.84781037e-02
293 2 1.57079633e+00 5.85441315e-02
294 2 1.57079633e+00 5.83037830e-02
295 2 1.57079633e+00 5.80895723e-02
296 2 1.57079633e+00 5.84080940e-02
297 2 1.57079633e+00 5.91379281e-02
298 2 1.57079633e+00 5.81085812e-02
299 2 1.57079633e+00 5.79875522e-02
300 2 1.57079633e+00 5.80568149e-02
301 2 1.57079633e+00 5.79848227e-02
302 2 1.57079633e+00 5.79929044e-02
303 2 1.57079633e+00 5.85364134e-02
304 2 1.57079633e+00 5.86515980e-02
305 2 1.57079633e+00 5.84297845e-02
306 2 1.57079633e+00 5.82558796e-02
307 2 1.57079633e+00 5.84647148e-02
308 2 1.57079633e+00 5.83174286e-02
309 2 1.57079633e+00 5.84760232e-02
310 2 1.57079633e+00 5.87413763e-02
311 2 1.57079633e+00 5.78982238e-02
312 2 1.57079633e+00 5.83164635e-02
313 2 1.57079633e+00 5.81278763e-02
314 2 1.57079633e+00 5.86299798e-02
315 2 1.57079633e+00 5.79390930e-02
316 2 1.57079633e+00 5.87510764e-02
317 2 1.57079633e+00 5.80401007e-02
318 2 1.57079633e+00 5.85264023e-02
319 2 1.57079633e+00 5.86391525e-02
320 2 1.57079633e+00 5.81095595e-02
321 2 1.57079633e+00 5.82959216e-02
322 2 1.57079633e+00 5.86117855e-02
323 2 1.57079633e+00 5.82480978e-02
324 2 1.57079633e+00 5.86211719e-02
325 2 1.57079633e+00 5.82082589e-02
326 2 1.57079633e+00 5.82069410e-02
327 2 1.57079633e+00 5.83594076e-02
328 2 1.57079633e+00 5.85517495e-02
329 2 1.57079633e+00 5.81781054e-02
330 2 1.57079633e+00 5.79505995e-02
331 2 1.57079633e+00 5.84998667e-02
332 2 1.57079633e+00 5.83974803e-02
333 2 1.57079633e+00 5.86858982e-02
334 2 1.57079633e+00 5.81510697e-02
335 2 1.57079633e+00 5.84661359e-02
336 2 1.57079633e+00 5.85019262e-02
337 2 1.57079633e+00 5.81389445e-02
338 2 1.57079633e+00 5.84211144e-02
339 2 1.57079633e+00 5.87250480e-02
340 2 1.57079633e+00 5.82720980e-02
341 2 1.57079633e+00 5.79527639e-02
342 2 1.57079633e+00 5.84211218e-02
343 2 1.57079633e+00 5.77744949e-02
344 2 1.57079633e+00 5.82752945e-02
345 2 1.57079633e+00 5.87103239e-02
346 2 1.57079633e+00 5.77906770e-02
347 2 1.57079633e+00 5.86347740e-02
348 2 1.57079633e+00 5.86406151e-02
349 2 1.57079633e+00 5.88595092e-02
350 2 1.57079633e+00 5.79696643e-02
351 2 1.57079633e+00 5.85345964e-02
352 2 1.57079633e+00 5.82018424e-02
353 2 1.57079633e+00 5.82746120e-02
354 2 1.57079633e+00 5.81635201e-02
355 2 1.57079633e+00 5.87335343e-02
356 2 1.57079633e+00 5.88012261e-02
357 2 1.57079633e+00 5.86172522e-02
358 2 1.57079633e+00 5.82793328e-02
359 2 1.57079633e+00 5.80437818e-02
360 2 1.57079633e+00 5.83100090e-02
361 2 1.57079633e+00 5.82658038e-02
362 2 1.57079633e+00 5.87179990e-02
363 2 1.57079633e+00 5.82945380e-02
364 2 1.57079633e+00 5.88051269e-02
365 2 1.57079633e+00 5.81498747e-02
366 2 1.57079633e+00 5.78966432e-02
367 2 1.57079633e+00 5.76991358e-02
368 2 1.57079633e+00 5.75831366e-02
369 2 1.57079633e+00 5.80563558e-02
370 2 1.57079633e+00 5.80416352e-02
371 2 1.57079633e+00 5.83431410e-02
372 2 1.57079633e+00 5.83953885e-02
373 2 1.57079633e+00 5.82191342e-02
374 2 1.57079633e+00 5.82127678e-02
375 2 1.57079633e+00 5.80857814e-02
376 2 1.57079633e+00 5.81831583e-02
377 2 1.57079633e+00 5.81171879e-02
378 2 1.57079633e+00 5.86661777e-02
379 2 1.57079633e+00 5.78780210e-02
380 2 1.57079633e+00 5.83796319e-02
381 2 1.57079633e+00 5.84056115e-02
382 2 1.57079633e+00 5.83800920e-02
383 2 1.57079633e+00 5.76698302e-02
384 2 1.57079633e+00 5.83728748e-02
385 2 1.57079633e+00 5.83705327e-02
386 2 1.57079633e+00 5.84934579e-02
387 2 1.57079633e+00 5.87585265e-02
388 2 1.57079633e+00 5.84780324e-02
389 2 1.57079633e+00 5.79738303e-02
390 2 1.57079633e+00 5.82966117e-02
391 2 1.57079633e+00 5.79475628e-02
392 2 1.57079633e+00 5.88117518e-02
393 2 1.57079633e+00 5.82405513e-02
394 2 1.57079633e+00 5.83022769e-02
395 2 1.57079633e+00 5.82179937e-02
396 2 1.57079633e+00 5.81496449e-02
397 2 1.57079633e+00 5.83663867e-02
398 2 1.57079633e+00 5.81269088e-02
399 2 1.57079633e+00 5.83563731e-02
400 2 1.57079633e+00 5.86717019e-02
401 2 1.57079633e+00 5.84882534e-02
402 2 1.57079633e+00 5.80514890e-02
403 2 1.57079633e+00 5.78775247e-02
404 2 1.57079633e+00 5.85102993e-02
405 2 1.57079633e+00 5.82714792e-02
406 2 1.57079633e+00 5.83462727e-02
407 2 1.57079633e+00 5.82770088e-02
408 2 1.57079633e+00 5.76531364e-02
409 2 1.57079633e+00 5.87894238e-02
410 2 1.57079633e+00 5.78907091e-02
411 2 1.57079633e+00 5.85757179e-02
412 2 1.57079633e+00 5.76717668e-02
413 2 1.57079633e+00 5.86474384e-02
414 2 1.57079633e+00 5.83583918e-02
415 2 1.57079633e+00 5.93366370e-02
416 2 1.57079633e+00 5.85260531e-02
417 2 1.57079633e+00 5.82390372e-02
418 2 1.57079633e+00 5.88901858e-02
419 2 1.57079633e+00 5.81896153e-02
420 2 1.57079633e+00 5.85137670e-02
421 2 1.57079633e+00 5.80263052e-02
422 2 1.57079633e+00 5.85226065e-02
423 2 1.57079633e+00 5.86501531e-02
424 2 1.57079633e+00 5.81821259e-02
425 2 1.57079633e+00 5.83776159e-02
426 2 1.57079633e+00 5.76055653e-02
427 2 1.57079633e+00 5.86250153e-02
428 2 1.57079633e+00 5.84258871e-02
429 2 1.57079633e+00 5.85528302e-02
430 2 1.57079633e+00 5.83011103e-02
431 2 1.57079633e+00 5.82481147e-02
432 2 1.57079633e+00 5.83066631e-02
433 2 1.57079633e+00 5.88155444e-02
434 2 1.57079633e+00 5.83989321e-02
435 2 1.57079633e+00 5.90905765e-02
436 2 1.57079633e+00 5.86010726e-02
437 2 1.57079633e+00 5.85641463e-02
438 2 1.57079633e+00 5.88168270e-02
439 2 1.57079633e+00 5.83977569e-02
440 2 1.57079633e+00 5.84153426e-02
441 2 1.57079633e+00 5.81866779e-02
442 2 1.57079633e+00 5.83609269e-02
443 2 1.57079633e+00 5.83532510e-02
444 2 1.57079633e+00 5.82067241e-02
445 2 1.57079633e+00 5.81924309e-02
446 2 1.57079633e+00 5.81378681e-02
447 2 1.57079633e+00 5.84444068e-02
448 2 1.57079633e+00 5.85516818e-02
449 2 1.57079633e+00 5.89672073e-02
450 2 1.57079633e+00 5.83442436e-02
451 2 1.57079633e+00 5.83200936e-02
452 2 1.57079633e+00 5.82688544e-02
453 2 1.57079633e+00 5.81908739e-02
454 2 1.57079633e+00 5.83529407e-02
455 2 1.57079633e+00 5.82641010e-02
456 2 1.57079633e+00 5.81830431e-02
457 2 1.57079633e+00 5.78268506e-02
458 2 1.57079633e+00 5.87218605e-02
459 2 1.57079633e+00 5.92749140e-02
460 2 1.57079633e+00 5.85248462e-02
461 2 1.57079633e+00 5.84931383e-02
462 2 1.57079633e+00 5.79448742e-02
463 2 1.57079633e+00 5.88604227e-02
464 2 1.57079633e+00 5.90608675e-02
465 2 1.57079633e+00 5.84026460e-02
466 2 1.57079633e+00 5.84455053e-02
467 2 1.57079633e+00 5.85797136e-02
468 2 1.57079633e+00 5.84739710e-02
469 2 1.57079633e+00 5.78290296e-02
470 2 1.57079633e+00 5.83330382e-02
471 2 1.57079633e+00 5.83527514e-02
472 2 1.57079633e+00 5.88222358e-02
473 2 1.57079633e+00 5.85142650e-02
474 2 1.57079633e+00 5.80436705e-02
475 2 1.57079633e+00 5.84801661e-02
476 2 1.57079633e+00 5.85443454e-02
477 2 1.57079633e+00 5.83292689e-02
478 2 1.57079633e+00 5.83467429e-02
479 2 1.57079633e+00 5.79569204e-02
480 2 1.57079633e+00 5.84623167e-02
481 2 1.57079633e+00 5.82120862e-02
482 2 1.57079633e+00 5.82608771e-02
483 2 1.57079633e+00 5.85076037e-02
484 2 1.57079633e+00 5.87860438e-02
485 2 1.57079633e+00 5.80128325e-02
486 2 1.57079633e+00 5.84638978e-02
487 2 1.57079633e+00 5.87424816e-02
488 2 1.57079633e+00 5.82739713e-02
489 2 1.57079633e+00 5.84335089e-02
490 2 1.57079633e+00 5.81794977e-02
491 2 1.57079633e+00 5.87999738e-02
492 2 1.57079633e+00 5.87550016e-02
493 2 1.57079633e+00 5.84456570e-02
494 2 1.57079633e+00 5.87218661e-02
495 2 1.57079633e+00 5.86480773e-02
496 2 1.57079633e+00 5.82555378e-02
497 2 1.57079633e+00 5.85564651e-02
498 2 1.57079633e+00 5.85012011e-02
499 2 1.57079633e+00 5.86012183e-02
500 2 1.57079633e+00 5.86962984e-02
501 2 1.57079633e+00 5.87556386e-02
502 2 1.57079633e+00 5.83548181e-02
503 2 1.57079633e+00 5.81479582e-02
504 2 1.57079633e+00 5.83886153e-02
505 2 1.57079633e+00 5.79100410e-02
506 2 1.57079633e+00 5.83828883e-02
507 2 1.57079633e+00 5.83523494e-02
508 2 1.57079633e+00 5.80395859e-02
509 2 1.57079633e+00 5.84542221e-02
510 2 1.57079633e+00 5.78746570e-02
511 2 1.57079633e+00 5.78392011e-02
512 2 1.57079633e+00 5.81878395e-02
513 2 1.57079633e+00 5.81218598e-02
514 2 1.57079633e+00 5.87385015e-02
515 2 1.57079633e+00 5.86227121e-02
516 2 1.57079633e+00 5.80620675e-02
517 2 1.57079633e+00 5.81903464e-02
518 2 1.57079633e+00 5.82018324e-02
519 2 1.57079633e+00 5.81707176e-02
520 2 1.57079633e+00 5.79800395e-02
521 2 1.57079633e+00 5.84169548e-02
522 2 1.57079633e+00 5.84069972e-02
523 2 1.57079633e+00 5.78870159e-02
524 2 1.57079633e+00 5.76162470e-02
525 2 1.57079633e+00 5.81276990e-02
526 2 1.57079633e+00 5.88517324e-02
527 2 1.57079633e+00 5.85088328e-02
528 2 1.57079633e+00 5.81458257e-02
529 2 1.57079633e+00 5.83666165e-02
530 2 1.57079633e+00 5.81976621e-02
531 2 1.57079633e+00 5.79946183e-02
532 2 1.57079633e+00 5.85098737e-02
533 2 1.57079633e+00 5.81546998e-02
534 2 1.57079633e+00 5.81784017e-02
535 2 1.57079633e+00 5.78652667e-02
536 2 1.57079633e+00 5.85916151e-02
537 2 1.57079633e+00 5.83683862e-02
538 2 1.57079633e+00 5.84484123e-02
539 2 1.57079633e+00 5.81272726e-02
540 2 1.57079633e+00 5.82862507e-02
541 2 1.57079633e+00 5.82645518e-02
542 2 1.57079633e+00 5.77706741e-02
543 2 1.57079633e+00 5.79034116e-02
544 2 1.57079633e+00 5.82421619e-02
545 2 1.57079633e+00 5.83480003e-02
546 2 1.57079633e+00 5.81944643e-02
547 2 1.57079633e+00 5.78966465e-02
548 2 1.57079633e+00 5.79508775e-02
549 2 1.57079633e+00 5.79836358e-02
550 2 1.57079633e+00 5.83155747e-02
551 2 1.57079633e+00 5.88108955e-02
552 2 1.57079633e+00 5.84766421e-02
553 2 1.57079633e+00 5.75408729e-02
554 2 1.57079633e+00 5.79093788e-02
555 2 1.57079633e+00 5.82072205e-02
556 2 1.57079633e+00 5.82447915e-02
557 2 1.57079633e+00 5.84237148e-02
558 2 1.57079633e+00 5.87457604e-02
559 2 1.57079633e+00 5.88728538e-02
560 2 1.57079633e+00 5.86564500e-02
561 2 1.57079633e+00 5.78868347e-02
562 2 1.57079633e+00 5.83845978e-02
563 2 1.57079633e+00 5.78670717e-02
564 2 1.57079633e+00 5.85151695e-02
565 2 1.57079633e+00 5.80496837e-02
566 2 1.57079633e+00 5.90519696e-02
567 2 1.57079633e+00 5.83148322e-02
568 2 1.57079633e+00 5.83749499e-02
569 2 1.57079633e+00 5.85187678e-02
570 2 1.57079633e+00 5.81605607e-02
571 2 1.57079633e+00 5.86714204e-02
572 2 1.57079633e+00 5.81844764e-02
573 2 1.57079633e+00 5.83782061e-02
574 2 1.57079633e+00 5.86982220e-02
575 2 1.57079633e+00 5.85013894e-02
576 2 1.57079633e+00 5.85211815e-02
577 2 1.57079633e+00 5.79470490e-02
578 2 1.57079633e+00 5.82717158e-02
579 2 1.57079633e+00 5.82663267e-02
580 2 1.57079633e+00 5.77471041e-02
581 2 1.57079633e+00 5.75718674e-02
582 2 1.57079633e+00 5.85440026e-02
583 2 1.57079633e+00 5.87098500e-02
584 2 1.57079633e+00 5.82041558e-02
585 2 1.57079633e+00 5.81290528e-02
586 2 1.57079633e+00 5.81655002e-02
587 2 1.57079633e+00 5.88571870e-02
588 2 1.57079633e+00 5.86132588e-02
589 2 1.57079633e+00 5.82506164e-02
590 2 1.57079633e+00 5.83070954e-02
591 2 1.57079633e+00 5.80098974e-02
592 2 1.57079633e+00 5.80138195e-02
593 2 1.57079633e+00 5.88825174e-02
594 2 1.57079633e+00 5.83675876e-02
595 2 1.57079633e+00 5.80925461e-02
596 2 1.57079633e+00 5.85878926e-02
597 2 1.57079633e+00 5.80016640e-02
598 2 1.57079633e+00 5.79330715e-02
599 2 1.57079633e+00 5.80489818e-02
600 2 1.57079633e+00 5.83168654e-02
601 2 1.57079633e+00 5.83175914e-02
602 2 1.57079633e+00 5.88278545e-02
603 2 1.57079633e+00 5.83852103e-02
604 2 1.57079633e+00 5.81026116e-02
605 2 1.57079633e+00 5.86098797e-02
606 2 1.57079633e+00 5.84061484e-02
607 2 1.57079633e+00 5.80825071e-02
608 2 1.57079633e+00 5.82663254e-02
609 2 1.57079633e+00 5.87107586e-02
610 2 1.57079633e+00 5.84970109e-02
611 2 1.57079633e+00 5.86608227e-02
612 2 1.57079633e+00 5.81387480e-02
613 2 1.57079633e+00 5.88435452e-02
614 2 1.57079633e+00 5.82039536e-02
615 2 1.57079633e+00 5.79919098e-02
616 2 1.57079633e+00 5.79854338e-02
617 2 1.57079633e+00 5.80379886e-02
618 2 1.57079633e+00 5.84894601e-02
619 2 1.57079633e+00 5.80611106e-02
620 2 1.57079633e+00 5.90357949e-02
621 2 1.57079633e+00 5.81046742e-02
622 2 1.57079633e+00 5.80603078e-02
623 2 1.57079633e+00 5.85343709e-02
624 2 1.57079633e+00 5.81067968e-02
625 2 1.57079633e+00 5.85146153e-02
626 2 1.57079633e+00 5.78549818e-02
627 2 1.57079633e+00 5.86773657e-02
628 2 1.57079633e+00 5.89002220e-02
629 2 1.57079633e+00 5.93003725e-02
630 2 1.57079633e+00 5.84648003e-02
631 2 1.57079633e+00 5.84456710e-02
632 2 1.57079633e+00 5.79247555e-02
633 2 1.57079633e+00 5.74787948e-02
634 2 1.57079633e+00 5.83279482e-02
635 2 1.57079633e+00 5.81646215e-02
636 2 1.57079633e+00 5.75659463e-02
637 2 1.57079633e+00 5.88600304e-02
638 2 1.57079633e+00 5.73360887e-02
639 2 1.57079633e+00 5.85531270e-02
640 2 1.57079633e+00 5.83241692e-02
641 2 1.57079633e+00 5.85703453e-02
642 2 1.57079633e+00 5.87743068e-02
643 2 1.57079633e+00 5.84813962e-02
644 2 1.57079633e+00 5.85945178e-02
645 2 1.57079633e+00 5.82075667e-02
646 2 1.57079633e+00 5.85312199e-02
647 2 1.57079633e+00 5.86604755e-02
648 2 1.57079633e+00 5.84338941e-02
649 2 1.57079633e+00 5.88357871e-02
650 2 1.57079633e+00 5.86475034e-02
651 2 1.57079633e+00 5.82061497e-02
652 2 1.57079633e+00 5.83165663e-02
653 2 1.57079633e+00 5.87816326e-02
654 2 1.57079633e+00 5.88028604e-02
655 2 1.57079633e+00 5.87312717e-02
656 2 1.57079633e+00 5.84274555e-02
657 2 1.57079633e+00 5.78564759e-02
658 2 1.57079633e+00 5.83126613e-02
659 2 1.57079633e+00 5.83754546e-02
660 2 1.57079633e+00 5.85611026e-02
661 2 1.57079633e+00 5.77882356e-02
662 2 1.57079633e+00 5.85279335e-02
663 2 1.57079633e+00 5.85826223e-02
664 2 1.57079633e+00 5.82979458e-02
665 2 1.57079633e+00 5.86012537e-02
666 2 1.57079633e+00 5.81947881e-02
667 2 1.57079633e+00 5.94687780e-02
668 2 1.57079633e+00 5.87465868e-02
669 2 1.57079633e+00 5.84621579e-02
670 2 1.57079633e+00 5.84202345e-02
671 2 1.57079633e+00 5.89228104e-02
672 2 1.57079633e+00 5.82616197e-02
673 2 1.57079633e+00 5.90061106e-02
674 2 1.57079633e+00 5.78427541e-02
675 2 1.57079633e+00 5.80646400e-02
676 2 1.57079633e+00 5.84179897e-02
677 2 1.57079633e+00 5.81997173e-02
678 2 1.57079633e+00 5.82126896e-02
679 2 1.57079633e+00 5.85915939e-02
680 2 1.57079633e+00 5.89935255e-02
681 2 1.57079633e+00 5.86693315e-02
682 2 1.57079633e+00 5.87027796e-02
683 2 1.57079633e+00 5.83808733e-02
684 2 1.57079633e+00 5.84847236e-02
685 2 1.57079633e+00 5.80027162e-02
686 2 1.57079633e+00 5.88585755e-02
687 2 1.57079633e+00 5.82596530e-02
688 2 1.57079633e+00 5.88455684e-02
689 2 1.57079633e+00 5.75740860e-02
690 2 1.57079633e+00 5.82408958e-02
691 2 1.57079633e+00 5.76728802e-02
692 2 1.57079633e+00 5.84377152e-02
693 2 1.57079633e+00 5.86817524e-02
694 2 1.57079633e+00 5.85714379e-02
695 2 1.57079633e+00 5.85268232e-02
696 2 1.57079633e+00 5.86777798e-02
697 2 1.57079633e+00 5.84560792e-02
698 2 1.57079633e+00 5.81567042e-02
699 2 1.57079633e+00 5.79427904e-02
700 2 1.57079633e+00 5.82908329e-02
701 2 1.57079633e+00 5.82462054e-02
702 2 1.57079633e+00 5.83184795e-02
703 2 1.57079633e+00 5.83361357e-02
704 2 1.57079633e+00 5.83161108e-02
705 2 1.57079633e+00 5.89453175e-02
706 2 1.57079633e+00 5.89328382e-02
707 2 1.57079633e+00 5.82687811e-02
708 2 1.57079633e+00 5.85501028e-02
709 2 1.57079633e+00 5.79513057e-02
710 2 1.57079633e+00 5.79957115e-02
711 2 1.57079633e+00 5.84774458e-02
712 2 1.57079633e+00 5.84623132e-02
713 2 1.57079633e+00 5.90494400e-02
714 2 1.57079633e+00 5.79580339e-02
715 2 1.57079633e+00 5.84851064e-02
716 2 1.57079633e+00 5.85560751e-02
717 2 1.57079633e+00 5.83990194e-02
718 2 1.57079633e+00 5.83300804e-02
719 2 1.57079633e+00 5.83225178e-02
720 2 1.57079633e+00 5.81755330e-02
721 2 1.57079633e+00 5.83823656e-02
722 2 1.57079633e+00 5.86302714e-02
723 2 1.57079633e+00 5.84475078e-02
724 2 1.57079633e+00 5.78091864e-02
725 2 1.57079633e+00 5.85916405e-02
726 2 1.57079633e+00 5.82787295e-02
727 2 1.57079633e+00 5.77625315e-02
728 2 1.57079633e+00 5.82899565e-02
729 2 1.57079633e+00 5.79760490e-02
730 2 1.57079633e+00 5.81292891e-02
731 2 1.57079633e+00 5.76628681e-02
732 2 1.57079633e+00 5.86483975e-02
733 2 1.57079633e+00 5.85732119e-02
734 2 1.57079633e+00 5.78029459e-02
735 2 1.57079633e+00 5.82315850e-02
736 2 1.57079633e+00 5.87123486e-02
737 2 1.57079633e+00 5.81127329e-02
738 2 1.57079633e+00 5.80067907e-02
739 2 1.57079633e+00 5.82990062e-02
740 2 1.57079633e+00 5.76785080e-02
741 2 1.57079633e+00 5.78970660e-02
742 2 1.57079633e+00 5.82390623e-02
743 2 1.57079633e+00 5.84055502e-02
744 2 1.57079633e+00 5.81754695e-02
745 2 1.57079633e+00 5.77993160e-02
746 2 1.57079633e+00 5.79820920e-02
747 2 1.57079633e+00 5.82524779e-02
748 2 1.57079633e+00 5.80620817e-02
749 2 1.57079633e+00 5.85646718e-02
750 2 1.57079633e+00 5.85169937e-02
751 2 1.57079633e+00 5.87070450e-02
752 2 1.57079633e+00 5.80767134e-02
753 2 1.57079633e+00 5.80915014e-02
754 2 1.57079633e+00 5.82049820e-02
755 2 1.57079633e+00 5.89205087e-02
756 2 1.57079633e+00 5.78967604e-02
757 2 1.57079633e+00 5.80521884e-02
758 2 1.57079633e+00 5.90065091e-02
759 2 1.57079633e+00 5.83469845e-02
760 2 1.57079633e+00 5.81188396e-02
761 2 1.57079633e+00 5.82969135e-02
762 2 1.57079633e+00 5.86224021e-02
763 2 1.57079633e+00 5.87857414e-02
764 2 1.57079633e+00 5.87018248e-02
765 2 1.57079633e+00 5.82445366e-02
766 2 1.57079633e+00 5.87405672e-02
767 2 1.57079633e+00 5.75059490e-02
768 2 1.57079633e+00 5.82499394e-02
769 2 1.57079633e+00 5.81202976e-02
770 2 1.57079633e+00 5.81499679e-02
771 2 1.57079633e+00 5.83109053e-02
772 2 1.57079633e+00 5.83420630e-02
773 2 1.57079633e+00 5.86532080e-02
774 2 1.57079633e+00 5.84600116e-02
775 2 1.57079633e+00 5.81384907e-02
776 2 1.57079633e+00 5.80819555e-02
777 2 1.57079633e+00 5.85706137e-02
778 2 1.57079633e+00 5.81886157e-02
779 2 1.57079633e+00 5.82026954e-02
780 2 1.57079633e+00 5.81900430e-02
781 2 1.57079633e+00 5.83902665e-02
782 2 1.57079633e+00 5.81186692e-02
783 2 1.57079633e+00 5.77476369e-02
784 2 1.57079633e+00 5.70893683e-02
785 2 1.57079633e+00 5.78921206e-02
786 2 1.57079633e+00 5.85057716e-02
787 2 1.57079633e+00 5.79990774e-02
788 2 1.57079633e+00 5.80087394e-02
789 2 1.57079633e+00 5.81768933e-02
790 2 1.57079633e+00 5.80715191e-02
791 2 1.57079633e+00 5.82537239e-02
792 2 1.57079633e+00 5.84238905e-02
793 2 1.57079633e+00 5.80887167e-02
794 2 1.57079633e+00 5.86496900e-02
795 2 1.57079633e+00 5.89471816e-02
796 2 1.57079633e+00 5.85030879e-02
797 2 1.57079633e+00 5.79772846e-02
798 2 1.57079633e+00 5.83596895e-02
799 2 1.57079633e+00 5.85141083e-02
800 2 1.57079633e+00 5.82417507e-02
801 2 1.57079633e+00 5.81271650e-02
802 2 1.57079633e+00 5.76413751e-02
803 2 1.57079633e+00 5.85110490e-02
804 2 1.57079633e+00 5.80998760e-02
805 2 1.57079633e+00 5.76618879e-02
806 2 1.57079633e+00 5.88537447e-02
807 2 1.57079633e+00 5.85926810e-02
808 2 1.57079633e+00 5.85452797e-02
809 2 1.57079633e+00 5.87976927e-02
810 2 1.57079633e+00 5.85161419e-02
811 2 1.57079633e+00 5.84467923e-02
812 2 1.57079633e+00 5.79916409e-02
813 2 1.57079633e+00 5.83150987e-02
814 2 1.57079633e+00 5.80471512e-02
815 2 1.57079633e+00 5.85219934e-02
816 2 1.57079633e+00 5.84450401e-02
817 2 1.57079633e+00 5.87933123e-02
818 2 1.57079633e+00 5.81234628e-02
819 2 1.57079633e+00 5.80921000e-02
820 2 1.57079633e+00 5.87322244e-02
821 2 1.57079633e+00 5.83758215e-02
822 2 1.57079633e+00 5.87452268e-02
823 2 1.57079633e+00 5.84189499e-02
824 2 1.57079633e+00 5.83034036e-02
825 2 1.57079633e+00 5.78676790e-02
826 2 1.57079633e+00 5.84529530e-02
827 2 1.57079633e+00 5.79236023e-02
828 2 1.57079633e+00 5.84652466e-02
829 2 1.57079633e+00 5.87081508e-02
830 2 1.57079633e+00 5.80368665e-02
831 2 1.57079633e+00 5.87865099e-02
832 2 1.57079633e+00 5.87193181e-02
833 2 1.57079633e+00 5.81169066e-02
834 2 1.57079633e+00 5.82841407e-02
835 2 1.57079633e+00 5.83191971e-02
836 2 1.57079633e+00 5.86708242e-02
837 2 1.57079633e+00 5.85121171e-02
838 2 1.57079633e+00 5.82349507e-02
839 2 1.57079633e+00 5.84512762e-02
840 2 1.57079633e+00 5.83178005e-02
841 2 1.57079633e+00 5.82451847e-02
842 2 1.57079633e+00 5.83548341e-02
843 2 1.57079633e+00 5.88233140e-02
844 2 1.57079633e+00 5.80726798e-02
845 2 1.57079633e+00 5.87247907e-02
846 2 1.57079633e+00 5.84440015e-02
847 2 1.57079633e+00 5.76864633e-02
848 2 1.57079633e+00 5.88029552e-02
849 2 1.57079633e+00 5.86436526e-02
850 2 1.57079633e+00 5.77279748e-02
851 2 1.57079633e+00 5.88423425e-02
852 2 1.57079633e+00 5.86112119e-02
853 2 1.57079633e+00 5.76655224e-02
854 2 1.57079633e+00 5.81345743e-02
855 2 1.57079633e+00 5.84697301e-02
856 2 1.57079633e+00 5.81791357e-02
857 2 1.57079633e+00 5.85173153e-02
858 2 1.57079633e+00 5.88760235e-02
859 2 1.57079633e+00 5.83970027e-02
860 2 1.57079633e+00 5.87042809e-02
861 2 1.57079633e+00 5.84542959e-02
862 2 1.57079633e+00 5.84927047e-02
863 2 1.57079633e+00 5.80592798e-02
864 2 1.57079633e+00 5.89506872e-02
865 2 1.57079633e+00 5.82452512e-02
866 2 1.57079633e+00 5.86084277e-02
867 2 1.57079633e+00 5.84869687e-02
868 2 1.57079633e+00 5.85827710e-02
869 2 1.57079633e+00 5.82743381e-02
870 2 1.57079633e+00 5.87295556e-02
871 2 1.57079633e+00 5.85295847e-02
872 2 1.57079633e+00 5.85636192e-02
873 2 1.57079633e+00 5.86427197e-02
874 2 1.57079633e+00 5.77133959e-02
875 2 1.57079633e+00 5.80716524e-02
876 2 1.57079633e+00 5.84400553e-02
877 2 1.57079633e+00 5.82448581e-02
878 2 1.57079633e+00 5.78387470e-02
879 2 1.57079633e+00 5.84286527e-02
880 2 1.57079633e+00 5.76514740e-02
881 2 1.57079633e+00 5.84469437e-02
882 2 1.57079633e+00 5.86141300e-02
883 2 1.57079633e+00 5.84937484e-02
884 2 1.57079633e+00 5.81898773e-02
885 2 1.57079633e+00 5.87202908e-02
886 2 1.57079633e+00 5.91107287e-02
887 2 1.57079633e+00 5.85317865e-02
888 2 1.57079633e+00 5.86788214e-02
889 2 1.57079633e+00 5.84103427e-02
890 2 1.57079633e+00 5.85288702e-02
891 2 1.57079633e+00 5.83318318e-02
892 2 1.57079633e+00 5.82047093e-02
893 2 1.57079633e+00 5.81623281e-02
894 2 1.57079633e+00 5.88214412e-02
895 2 1.57079633e+00 5.89164892e-02
896 2 1.57079633e+00 5.83602894e-02
897 2 1.57079633e+00 5.88148252e-02
898 2 1.57079633e+00 5.87703980e-02
899 2 1.57079633e+00 5.77852017e-02
900 2 1.57079633e+00 5.85325995e-02
901 2 1.57079633e+00 5.85925392e-02
902 2 1.57079633e+00 5.88758217e-02
903 2 1.57079633e+00 5.85858564e-02
904 2 1.57079633e+00 5.83867639e-02
905 2 1.57079633e+00 5.79958974e-02
906 2 1.57079633e+00 5.87763636e-02
907 2 1.57079633e+00 5.80753378e-02
908 2 1.57079633e+00 5.81654380e-02
909 2 1.57079633e+00 5.88258871e-02
910 2 1.57079633e+00 5.86359365e-02
911 2 1.57079633e+00 5.84618969e-02
912 2 1.57079633e+00 5.81748998e-02
913 2 1.57079633e+00 5.86720975e-02
914 2 1.57079633e+00 5.82435105e-02
915 2 1.57079633e+00 5.81922664e-02
916 2 1.57079633e+00 5.79503000e-02
917 2 1.57079633e+00 5.89429573e-02
918 2 1.57079633e+00 5.90141209e-02
919 2 1.57079633e+00 5.83205727e-02
920 2 1.57079633e+00 5.83176944e-02
921 2 1.57079633e+00 5.86232457e-02
922 2 1.57079633e+00 5.85826878e-02
923 2 1.57079633e+00 5.83730407e-02
924 2 1.57079633e+00 5.84873348e-02
925 2 1.57079633e+00 5.85391825e-02
926 2 1.57079633e+00 5.82593967e-02
927 2 1.57079633e+00 5.82382428e-02
928 2 1.57079633e+00 5.86134518e-02
929 2 1.57079633e+00 5.85621329e-02
930 2 1.57079633e+00 5.76994983e-02
931 2 1.57079633e+00 5.84108227e-02
932 2 1.57079633e+00 5.83750862e-02
933 2 1.57079633e+00 5.85973764e-02
934 2 1.57079633e+00 5.82135775e-02
935 2 1.57079633e+00 5.82672509e-02
936 2 1.57079633e+00 5.82650911e-02
937 2 1.57079633e+00 5.78357215e-02
938 2 1.57079633e+00 5.83898139e-02
939 2 1.57079633e+00 5.90091737e-02
940 2 1.57079633e+00 5.77441761e-02
941 2 1.57079633e+00 5.82040095e-02
942 2 1.57079633e+00 5.85541360e-02
943 2 1.57079633e+00 5.84906832e-02
944 2 1.57079633e+00 5.86870238e-02
945 2 1.57079633e+00 5.80551811e-02
946 2 1.57079633e+00 5.89817487e-02
947 2 1.57079633e+00 5.80515196e-02
948 2 1.57079633e+00 5.84322445e-02
949 2 1.57079633e+00 5.82891429e-02
950 2 1.57079633e+00 5.79441095e-02
951 2 1.57079633e+00 5.87135469e-02
952 2 1.57079633e+00 5.79219587e-02
953 2 1.57079633e+00 5.82656259e-02
954 2 1.57079633e+00 5.81531176e-02
955 2 1.57079633e+00 5.81121882e-02
956 2 1.57079633e+00 5.84723429e-02
957 2 1.57079633e+00 5.84356542e-02
958 2 1.57079633e+00 5.75502516e-02
959 2 1.57079633e+00 5.78271415e-02
960 2 1.57079633e+00 5.87910318e-02
961 2 1.57079633e+00 5.88386360e-02
962 2 1.57079633e+00 5.84565836e-02
963 2 1.57079633e+00 5.80145332e-02
964 2 1.57079633e+00 5.88491689e-02
965 2 1.57079633e+00 5.85868070e-02
966 2 1.57079633e+00 5.81494078e-02
967 2 1.57079633e+00 5.89084968e-02
968 2 1.57079633e+00 5.80242532e-02
969 2 1.57079633e+00 5.79884683e-02
970 2 1.57079633e+00 5.81911854e-02
971 2 1.57079633e+00 5.81734383e-02
972 2 1.57079633e+00 5.74851173e-02
973 2 1.57079633e+00 5.84839249e-02
974 2 1.57079633e+00 5.82834683e-02
975 2 1.57079633e+00 5.83929363e-02
976 2 1.57079633e+00 5.80653477e-02
977 2 1.57079633e+00 5.84764297e-02
978 2 1.57079633e+00 5.79013019e-02
979 2 1.57079633e+00 5.75110166e-02
980 2 1.57079633e+00 5.84846981e-02
981 2 1.57079633e+00 5.82859702e-02
982 2 1.57079633e+00 5.82877802e-02
983 2 1.57079633e+00 5.87257177e-02
984 2 1.57079633e+00 5.80931166e-02
985 2 1.57079633e+00 5.87903853e-02
986 2 1.57079633e+00 5.90174951e-02
987 2 1.57079633e+00 5.77111570e-02
988 2 1.57079633e+00 5.78451756e-02
989 2 1.57079633e+00 5.84844821e-02
990 2 1.57079633e+00 5.85211470e-02
991 2 1.57079633e+00 5.83363840e-02
992 2 1.57079633e+00 5.85816706e-02
993 2 1.57079633e+00 5.82244245e-02
994 2 1.57079633e+00 5.82244439e-02
995 2 1.57079633e+00 5.90566648e-02
996 2 1.57079633e+00 5.86300811e-02
997 2 1.57079633e+00 5.86021366e-02
998 2 1.57079633e+00 5.85011187e-02
999 2 1.57079633e+00 5.79836020e-02
1000 2 1.57079633e+00 5.83122108e-02
1001 2 1.57079633e+00 5.93700899e-02
1002 2 1.57079633e+00 5.79865956e-02
1003 2 1.57079633e+00 5.81433207e-02
1004 2 1.57079633e+00 5.80986962e-02
1005 2 1.57079633e+00 5.81797915e-02
1006 2 1.57079633e+00 5.84603373e-02
1007 2 1.57079633e+00 5.80724761e-02
1008 2 1.57079633e+00 5.85432207e-02
1009 2 1.57079633e+00 5.80163745e-02
1010 2 1.57079633e+00 5.79111140e-02
1011 2 1.57079633e+00 5.81095033e-02
1012 2 1.57079633e+00 5.80852788e-02
1013 2 1.57079633e+00 5.85746768e-02
1014 2 1.57079633e+00 5.83188344e-02
1015 2 1.57079633e+00 5.80525338e-02
1016 2 1.57079633e+00 5.82413886e-02
1017 2 1.57079633e+00 5.76838871e-02
1018 2 1.57079633e+00 5.86938990e-02
1019 2 1.57079633e+00 5.84271140e-02
1020 2 1.57079633e+00 5.81331492e-02
1021 2 1.57079633e+00 5.85147408e-02
1022 2 1.57079633e+00 5.85893990e-02
1023 2 1.57079633e+00 5.84960266e-02
1024 2 1.57079633e+00 5.83315520e-02
1025 2 1.57079633e+00 5.82101471e-02
0 3 2.35619449e+00 8.00724782e-02
1 3 2.35619449e+00 7.93908132e-02
2 3 2.35619449e+00 7.92868594e-02
3 3 2.35619449e+00 7.95453391e-02
4 3 2.35619449e+00 7.97240860e-02
5 3 2.35619449e+00 7.86479231e-02
6 3 2.35619449e+00 7.96546764e-02
7 3 2.35619449e+00 8.01744859e-02
8 3 2.35619449e+00 7.97920760e-02
9 3 2.35619449e+00 7.91595254e-02
10 3 2.35619449e+00 7.88151453e-02
11 3 2.35619449e+00 7.94498004e-02
12 3 2.35619449e+00 7.92889234e-02
13 3 2.35619449e+00 8.02313157e-02
14 3 2.35619449e+00 7.97822461e-02
15 3 2.35619449e+00 7.92639538e-02
16 3 2.35619449e+00 7.81811805e-02
17 3 2.35619449e+00 7.92093080e-02
18 3 2.35619449e+00 7.82893154e-02
19 3 2.35619449e+00 7.92647823e-02
20 3 2.35619449e+00 7.97136877e-02
21 3 2.35619449e+00 7.89405971e-02
22 3 2.35619449e+00 7.89914372e-02
23 3 2.35619449e+00 7.94069761e-02
24 3 2.35619449e+00 7.88990465e-02
25 3 2.35619449e+00 7.88877498e-02
26 3 2.35619449e+00 7.92174931e-02
27 3 2.35619449e+00 7.94021822e-02
28 3 2.35619449e+00 8.06345357e-02
29 3 2.35619449e+00 7.95686011e-02
30 3 2.35619449e+00 7.96094891e-02
31 3 2.35619449e+00 8.02501992e-02
32 3 2.35619449e+00 7.87666843e-02
33 3 2.35619449e+00 8.03710481e-02
34 3 2.35619449e+00 7.90847304e-02
35 3 2.35619449e+00 7.85909008e-02
36 3 2.35619449e+00 7.91817332e-02
37 3 2.35619449e+00 7.94503911e-02
38 3 2.35619449e+00 8.00530754e-02
39 3 2.35619449e+00 7.95399674e-02
40 3 2.35619449e+00 7.91729914e-02
41 3 2.35619449e+00 7.99171952e-02
42 3 2.35619449e+00 7.93236676e-02
43 3 2.35619449e+00 7.92523629e-02
44 3 2.35619449e+00 7.94023826e-02
45 3 2.35619449e+00 7.91045286e-02
46 3 2.35619449e+00 7.95853283e-02
47 3 2.35619449e+00 8.02469136e-02
48 3 2.35619449e+00 8.01419086e-02
49 3 2.35619449e+00 7.95775216e-02
50 3 2.35619449e+00 7.92781122e-02
51 3 2.35619449e+00 7.97477930e-02
52 3 2.35619449e+00 7.89596555e-02
53 3 2.35619449e+00 7.93421232e-02
54 3 2.35619449e+00 8.00113693e-02
55 3 2.35619449e+00 7.96229892e-02
56 3 2.35619449e+00 7.97970066e-02
57 3 2.35619449e+00 7.86924490e-02
58 3 2.35619449e+00 7.89735458e-02
59 3 2.35619449e+00 7.85156916e-02
60 3 2.35619449e+00 7.91083555e-02
61 3 2.35619449e+00 7.93881707e-02
62 3 2.35619449e+00 7.91754391e-02
63 3 2.35619449e+00 7.79672191e-02
64 3 2.35619449e+00 7.88572873e-02
65 3 2.35619449e+00 7.94383264e-02
66 3 2.35619449e+00 7.87426522e-02
67 3 2.35619449e+00 7.90114184e-02
68 3 2.35619449e+00 7.87818946e-02
69 3 2.35619449e+00 7.94136884e-02
70 3 2.35619449e+00 7.97488871e-02
71 3 2.35619449e+00 7.92310908e-02
72 3 2.35619449e+00 7.86925522e-02
73 3 2.35619449e+00 7.96256509e-02
74 3 2.35619449e+00 7.94984776e-02
75 3 2.35619449e+00 7.95069318e-02
76 3 2.35619449e+00 7.86417165e-02
77 3 2.35619449e+00 7.99073319e-02
78 3 2.35619449e+00 7.99164069e-02
79 3 2.35619449e+00 7.96353901e-02
80 3 2.35619449e+00 7.88806705e-02
81 3 2.35619449e+00 7.98541515e-02
82 3 2.35619449e+00 7.92507072e-02
83 3 2.35619449e+00 7.94607905e-02
84 3 2.35619449e+00 7.88430832e-02
85 3 2.35619449e+00 7.94010690e-02
86 3 2.35619449e+00 7.91179186e-02
87 3 2.35619449e+00 7.95240064e-02
88 3 2.35619449e+00 8.00178606e-02
89 3 2.35619449e+00 8.00043373e-02
90 3 2.35619449e+00 8.01337955e-02
91 3 2.35619449e+00 7.92345452e-02
92 3 2.35619449e+00 7.94808989e-02
93 3 2.35619449e+00 7.96854740e-02
94 3 2.35619449e+00 7.93189806e-02
95 3 2.35619449e+00 7.96269075e-02
96 3 2.35619449e+00 7.92799073e-02
97 3 2.35619449e+00 7.87959631e-02
98 3 2.35619449e+00 7.85796146e-02
99 3 2.35619449e+00 7.89096158e-02
100 3 2.35619449e+00 7.98728835e-02
101 3 2.35619449e+00 7.98994332e-02
102 3 2.35619449e+00 7.96321797e-02
103 3 2.35619449e+00 8.00804960e-02
104 3 2.35619449e+00 7.96596464e-02
105 3 2.35619449e+00 7.78968974e-02
106 3 2.35619449e+00 7.94871734e-02
107 3 2.35619449e+00 7.91271485e-02
108 3 2.35619449e+00 7.94951960e-02
109 3 2.35619449e+00 7.97129388e-02
110 3 2.35619449e+00 8.00445533e-02
111 3 2.35619449e+00 7.98387760e-02
112 3 2.35619449e+00 7.91428761e-02
113 3 2.35619449e+00 7.91355469e-02
114 3 2.35619449e+00 7.96463521e-02
115 3 2.35619449e+00 8.02310024e-02
116 3 2.35619449e+00 7.84821206e-02
117 3 2.35619449e+00 7.91189911e-02
118 3 2.35619449e+00 7.98343594e-02
119 3 2.35619449e+00 7.89220411e-02
120 3 2.35619449e+00 7.87060822e-02
121 3 2.35619449e+00 7.94629275e-02
122 3 2.35619449e+00 7.98449038e-02
123 3 2.35619449e+00 7.88150582e-02
124 3 2.35619449e+00 7.96464930e-02
125 3 2.35619449e+00 7.99116007e-02
126 3 2.35619449e+00 7.88907634e-02
127 3 2.35619449e+00 7.96122593e-02
128 3 2.35619449e+00 7.96767791e-02
129 3 2.35619449e+00 7.90884463e-02
130 3 2.35619449e+00 7.97269393e-02
131 3 2.35619449e+00 7.92825707e-02
132 3 2.35619449e+00 7.87486816e-02
133 3 2.35619449e+00 8.00410589e-02
134 3 2.35619449e+00 7.90466064e-02
135 3 2.35619449e+00 8.01317140e-02
136 3 2.35619449e+00 7.95756421e-02
137 3 2.35619449e+00 7.89328970e-02
138 3 2.35619449e+00 7.93496576e-02
139 3 2.35619449e+00 7.99072456e-02
140 3 2.35619449e+00 7.90923946e-02
141 3 2.35619449e+00 7.98404322e-02
142 3 2.35619449e+00 7.91457467e-02
143 3 2.35619449e+00 7.97675136e-02
144 3 2.35619449e+00 7.95956146e-02
145 3 2.35619449e+00 7.91133774e-02
146 3 2.35619449e+00 7.96473077e-02
147 3 2.35619449e+00 7.88681918e-02
148 3 2.35619449e+00 7.88598814e-02
149 3 2.35619449e+00 7.94160288e-02
150 3 2.35619449e+00 7.89775685e-02
151 3 2.35619449e+00 7.93974663e-02
152 3 2.35619449e+00 7.98168138e-02
153 3 2.35619449e+00 7.92533326e-02
154 3 2.35619449e+00 7.90585119e-02
155 3 2.35619449e+00 7.92086245e-02
156 3 2.35619449e+00 7.96939208e-02
157 3 2.35619449e+00 8.01580376e-02
158 3 2.35619449e+00 7.95957695e-02
159 3 2.35619449e+00 7.95695609e-02
160 3 2.35619449e+00 7.89941216e-02
161 3 2.35619449e+00 7.88105061e-02
162 3 2.35619449e+00 7.91384952e-02
163 3 2.35619449e+00 8.00937232e-02
164 3 2.35619449e+00 7.93105174e-02
165 3 2.35619449e+00 7.94284645e-02
166 3 2.35619449e+00 7.87305463e-02
167 3 2.35619449e+00 7.91855794e-02
168 3 2.35619449e+00 7.92512254e-02
169 3 2.35619449e+00 8.00982698e-02
170 3 2.35619449e+00 7.93526311e-02
171 3 2.35619449e+00 7.89170638e-02
172 3 2.35619449e+00 7.88377606e-02
173 3 2.35619449e+00 7.99650759e-02
174 3 2.35619449e+00 7.97005476e-02
175 3 2.35619449e+00 7.90418798e-02
176 3 2.35619449e+00 7.93731068e-02
177 3 2.35619449e+00 7.97786450e-02
178 3 2.35619449e+00 7.97668895e-02
179 3 2.35619449e+00 7.99931597e-02
180 3 2.35619449e+00 7.90218607e-02
181 3 2.35619449e+00 7.92213566e-02
182 3 2.35619449e+00 7.92425581e-02
183 3 2.35619449e+00 7.90849930e-02
184 3 2.35619449e+00 7.86752739e-02
185 3 2.35619449e+00 7.90331606e-02
186 3 2.35619449e+00 7.93219952e-02
187 3 2.35619449e+00 7.96113517e-02
188 3 2.35619449e+00 7.94449026e-02
189 3 2.35619449e+00 7.93410503e-02
190 3 2.35619449e+00 8.00565609e-02
191 3 2.35619449e+00 7.99481320e-02
192 3 2.35619449e+00 7.91003656e-02
193 3 2.35619449e+00 7.92443067e-02
194 3 2.35619449e+00 7.92761339e-02
195 3 2.35619449e+00 7.94197798e-02
196 3 2.35619449e+00 7.89197047e-02
197 3 2.35619449e+00 7.91871294e-02
198 3 2.35619449e+00 7.96745416e-02
199 3 2.35619449e+00 8.00563630e-02
200 3 2.35619449e+00 7.93021011e-02
201 3 2.35619449e+00 7.84680368e-02
202 3 2.35619449e+00 7.90933367e-02
203 3 2.35619449e+00 7.98342937e-02
204 3 2.35619449e+00 7.95535344e-02
205 3 2.35619449e+00 7.88573876e-02
206 3 2.35619449e+00 7.89764084e-02
207 3 2.35619449e+00 7.97106724e-02
208 3 2.35619449e+00 7.95492013e-02
209 3 2.35619449e+00 7.97935695e-02
210 3 2.35619449e+00 7.91050680e-02
211 3 2.35619449e+00 7.96009531e-02
212 3 2.35619449e+00 8.02827770e-02
213 3 2.35619449e+00 7.86055942e-02
214 3 2.35619449e+00 7.96793818e-02
215 3 2.35619449e+00 7.91752680e-02
216 3 2.35619449e+00 7.92574906e-02
217 3 2.35619449e+00 7.93512675e-02
218 3 2.35619449e+00 7.94573460e-02
219 3 2.35619449e+00 7.94375414e-02
220 3 2.35619449e+00 7.91717722e-02
221 3 2.35619449e+00 7.87049241e-02
222 3 2.35619449e+00 8.03106674e-02
223 3 2.35619449e+00 7.92457229e-02
224 3 2.35619449e+00 7.93444974e-02
225 3 2.35619449e+00 7.88880345e-02
226 3 2.35619449e+00 7.96612134e-02
227 3 2.35619449e+00 7.99141834e-02
228 3 2.35619449e+00 7.93348667e-02
229 3 2.35619449e+00 8.01622605e-02
230 3 2.35619449e+00 7.85862049e-02
231 3 2.35619449e+00 7.95905768e-02
232 3 2.35619449e+00 7.94378346e-02
233 3 2.35619449e+00 7.92638962e-02
234 3 2.35619449e+00 7.96835848e-02
235 3 2.35619449e+00 8.01181543e-02
236 3 2.35619449e+00 8.02074860e-02
237 3 2.35619449e+00 7.92825479e-02
238 3 2.35619449e+00 7.92689443e-02
239 3 2.35619449e+00 7.89878525e-02
240 3 2.35619449e+00 7.93451187e-02
241 3 2.35619449e+00 7.98112377e-02
242 3 2.35619449e+00 7.92709098e-02
243 3 2.35619449e+00 7.98753608e-02
244 3 2.35619449e+00 7.91637614e-02
245 3 2.35619449e+00 7.94415250e-02
246 3 2.35619449e+00 7.93419126e-02
247 3 2.35619449e+00 7.94942748e-02
248 3 2.35619449e+00 8.01938621e-02
249 3 2.35619449e+00 7.97994195e-02
250 3 2.35619449e+00 7.89331219e-02
251 3 2.35619449e+00 7.91606903e-02
252 3 2.35619449e+00 7.99311550e-02
253 3 2.35619449e+00 7.90401373e-02
254 3 2.35619449e+00 7.97012267e-02
255 3 2.35619449e+00 8.04556341e-02
256 3 2.35619449e+00 7.92900248e-02
257 3 2.35619449e+00 7.90628440e-02
258 3 2.35619449e+00 7.90605083e-02
259 3 2.35619449e+00 8.01147494e-02
260 3 2.35619449e+00 7.86522096e-02
261 3 2.35619449e+00 7.94047030e-02
262 3 2.35619449e+00 7.96234161e-02
263 3 2.35619449e+00 8.08278846e-02
264 3 2.35619449e+00 7.97444632e-02
265 3 2.35619449e+00 7.96676365e-02
266 3 2.35619449e+00 7.93726053e-02
267 3 2.35619449e+00 7.90557979e-02
268 3 2.35619449e+00 7.91099230e-02
269 3 2.35619449e+00 7.89961492e-02
270 3 2.35619449e+00 7.93994162e-02
271 3 2.35619449e+00 7.96508811e-02
272 3 2.35619449e+00 7.95308911e-02
273 3 2.35619449e+00 7.85607357e-02
274 3 2.35619449e+00 7.87852309e-02
275 3 2.35619449e+00 7.91777760e-02
276 3 2.35619449e+00 7.96226119e-02
277 3 2.35619449e+00 7.97912731e-02
278 3 2.35619449e+00 7.87791184e-02
279 3 2.35619449e+00 8.00607554e-02
280 3 2.35619449e+00 7.95949651e-02
281 3 2.35619449e+00 7.94219230e-02
282 3 2.35619449e+00 7.88803154e-02
283 3 2.35619449e+00 7.93400618e-02
284 3 2.35619449e+00 7.92436098e-02
285 3 2.35619449e+00 7.93925462e-02
286 3 2.35619449e+00 7.93928851e-02
287 3 2.35619449e+00 7.88658394e-02
288 3 2.35619449e+00 7.98541460e-02
289 3 2.35619449e+00 7.93065071e-02
290 3 2.35619449e+00 8.00923621e-02
291 3 2.35619449e+00 7.99373553e-02
292 3 2.35619449e+00 7.96023740e-02
293 3 2.35619449e+00 7.96353555e-02
294 3 2.35619449e+00 7.92767794e-02
295 3 2.35619449e+00 7.89952189e-02
296 3 2.35619449e+00 7.94693650e-02
297 3 2.35619449e+00 8.05845701e-02
298 3 2.35619449e+00 7.89925751e-02
299 3 2.35619449e+00 7.88566529e-02
300 3 2.35619449e+00 7.89640411e-02
301 3 2.35619449e+00 7.87969668e-02
302 3 2.35619449e+00 7.88007186e-02
303 3 2.35619449e+00 7.96086727e-02
304 3 2.35619449e+00 7.98045606e-02
305 3 2.35619449e+00 7.94807145e-02
306 3 2.35619449e+00 7.92353616e-02
307 3 2.35619449e+00 7.95062856e-02
308 3 2.35619449e+00 7.92263303e-02
309 3 2.35619449e+00 7.95610655e-02
310 3 2.35619449e+00 7.99749171e-02
311 3 2.35619449e+00 7.88767208e-02
312 3 2.35619449e+00 7.93554717e-02
313 3 2.35619449e+00 7.90480467e-02
314 3 2.35619449e+00 7.98147800e-02
315 3 2.35619449e+00 7.87362708e-02
316 3 2.35619449e+00 7.99560821e-02
317 3 2.35619449e+00 7.88883172e-02
318 3 2.35619449e+00 7.96129999e-02
319 3 2.35619449e+00 7.98138405e-02
320 3 2.35619449e+00 7.90869741e-02
321 3 2.35619449e+00 7.92601733e-02
322 3 2.35619449e+00 7.97460764e-02
323 3 2.35619449e+00 7.92066586e-02
324 3 2.35619449e+00 7.98167989e-02
325 3 2.35619449e+00 7.91603488e-02
326 3 2.35619449e+00 7.91828708e-02
327 3 2.35619449e+00 7.95353772e-02
328 3 2.35619449e+00 7.96542580e-02
329 3 2.35619449e+00 7.90559467e-02
330 3 2.35619449e+00 7.88644473e-02
331 3 2.35619449e+00 7.95229188e-02
332 3 2.35619449e+00 7.94407548e-02
333 3 2.35619449e+00 7.98752205e-02
334 3 2.35619449e+00 7.90549183e-02
335 3 2.35619449e+00 7.95812885e-02
336 3 2.35619449e+00 7.96866369e-02
337 3 2.35619449e+00 7.90265911e-02
338 3 2.35619449e+00 7.94872969e-02
339 3 2.35619449e+00 7.99981011e-02
340 3 2.35619449e+00 7.92804722e-02
341 3 2.35619449e+00 7.87909481e-02
342 3 2.35619449e+00 7.94730980e-02
343 3 2.35619449e+00 7.85431911e-02
344 3 2.35619449e+00 7.92620813e-02
345 3 2.35619449e+00 7.99323989e-02
346 3 2.35619449e+00 7.85499030e-02
347 3 2.35619449e+00 7.97531923e-02
348 3 2.35619449e+00 7.97243879e-02
349 3 2.35619449e+00 8.00468872e-02
350 3 2.35619449e+00 7.87765236e-02
351 3 2.35619449e+00 7.96304148e-02
352 3 2.35619449e+00 7.90615426e-02
353 3 2.35619449e+00 7.93749618e-02
354 3 2.35619449e+00 7.91576607e-02
355 3 2.35619449e+00 7.99723985e-02
356 3 2.35619449e+00 7.99666389e-02
357 3 2.35619449e+00 7.98242903e-02
358 3 2.35619449e+00 7.93016037e-02
359 3 2.35619449e+00 7.89959144e-02
360 3 2.35619449e+00 7.92964245e-02
361 3 2.35619449e+00 7.91858874e-02
362 3 2.35619449e+00 7.99022563e-02
363 3 2.35619449e+00 7.93092210e-02
364 3 2.35619449e+00 8.00829009e-02
365 3 2.35619449e+00 7.91048030e-02
366 3 2.35619449e+00 7.87094337e-02
367 3 2.35619449e+00 7.84055495e-02
368 3 2.35619449e+00 7.82623437e-02
369 3 2.35619449e+00 7.89003048e-02
370 3 2.35619449e+00 7.89520051e-02
371 3 2.35619449e+00 7.92662731e-02
372 3 2.35619449e+00 7.94776280e-02
373 3 2.35619449e+00 7.92256092e-02
374 3 2.35619449e+00 7.92622482e-02
375 3 2.35619449e+00 7.89835531e-02
376 3 2.35619449e+00 7.90792376e-02
377 3 2.35619449e+00 7.90834526e-02
378 3 2.35619449e+00 7.97764721e-02
379 3 2.35619449e+00 7.87959339e-02
380 3 2.35619449e+00 7.94277018e-02
381 3 2.35619449e+00 7.95422545e-02
382 3 2.35619449e+00 7.93907877e-02
383 3 2.35619449e+00 7.83160972e-02
384 3 2.35619449e+00 7.93107869e-02
385 3 2.35619449e+00 7.93486137e-02
386 3 2.35619449e+00 7.96156741e-02
387 3 2.35619449e+00 8.00352796e-02
388 3 2.35619449e+00 7.96535770e-02
389 3 2.35619449e+00 7.88651166e-02
390 3 2.35619449e+00 7.92565856e-02
391 3 2.35619449e+00 7.87418170e-02
392 3 2.35619449e+00 7.99795579e-02
393 3 2.35619449e+00 7.91725453e-02
394 3 2.35619449e+00 7.92313508e-02
395 3 2.35619449e+00 7.91402970e-02
396 3 2.35619449e+00 7.90610421e-02
397 3 2.35619449e+00 7.94814947e-02
398 3 2.35619449e+00 7.89989296e-02
399 3 2.35619449e+00 7.94378051e-02
400 3 2.35619449e+00 7.98496811e-02
401 3 2.35619449e+00 7.95911316e-02
402 3 2.35619449e+00 7.89396668e-02
403 3 2.35619449e+00 7.85852928e-02
404 3 2.35619449e+00 7.96215209e-02
405 3 2.35619449e+00 7.93020655e-02
406 3 2.35619449e+00 7.93577075e-02
407 3 2.35619449e+00 7.93140685e-02
408 3 2.35619449e+00 7.84542270e-02
409 3 2.35619449e+00 8.00172347e-02
410 3 2.35619449e+00 7.87204266e-02
411 3 2.35619449e+00 7.96320109e-02
412 3 2.35619449e+00 7.83333391e-02
413 3 2.35619449e+00 7.97688379e-02
414 3 2.35619449e+00 7.94164775e-02
415 3 2.35619449e+00 8.07083890e-02
416 3 2.35619449e+00 7.97058374e-02
417 3 2.35619449e+00 7.91421396e-02
418 3 2.35619449e+00 8.02242063e-02
419 3 2.35619449e+00 7.91411833e-02
420 3 2.35619449e+00 7.95822739e-02
421 3 2.35619449e+00 7.89321273e-02
422 3 2.35619449e+00 7.95596374e-02
423 3 2.35619449e+00 7.97797787e-02
424 3 2.35619449e+00 7.90789859e-02
425 3 2.35619449e+00 7.94370901e-02
426 3 2.35619449e+00 7.82673932e-02
427 3 2.35619449e+00 7.96950465e-02
428 3 2.35619449e+00 7.96411368e-02
429 3 2.35619449e+00 7.96748732e-02
430 3 2.35619449e+00 7.93859453e-02
431 3 2.35619449e+00 7.92566266e-02
432 3 2.35619449e+00 7.93372337e-02
433 3 2.35619449e+00 8.00289893e-02
434 3 2.35619449e+00 7.94672553e-02
435 3 2.35619449e+00 8.04736867e-02
436 3 2.35619449e+00 7.97059807e-02
437 3 2.35619449e+00 7.97499055e-02
438 3 2.35619449e+00 8.00717864e-02
439 3 2.35619449e+00 7.94546431e-02
440 3 2.35619449e+00 7.94176637e-02
441 3 2.35619449e+00 7.91425620e-02
442 3 2.35619449e+00 7.93243471e-02
443 3 2.35619449e+00 7.93913965e-02
444 3 2.35619449e+00 7.92590494e-02
445 3 2.35619449e+00 7.91526652e-02
446 3 2.35619449e+00 7.91092684e-02
447 3 2.35619449e+00 7.95622168e-02
448 3 2.35619449e+00 7.96242098e-02
449 3 2.35619449e+00 8.02494599e-02
450 3 2.35619449e+00 7.93785280e-02
451 3 2.35619449e+00 7.92665668e-02
452 3 2.35619449e+00 7.92190965e-02
453 3 2.35619449e+00 7.91243984e-02
454 3 2.35619449e+00 7.93622668e-02
455 3 2.35619449e+00 7.91969761e-02
456 3 2.35619449e+00 7.91906607e-02
457 3 2.35619449e+00 7.85800501e-02
458 3 2.35619449e+00 7.99258100e-02
459 3 2.35619449e+00 8.06040884e-02
460 3 2.35619449e+00 7.96337989e-02
461 3 2.35619449e+00 7.95616192e-02
462 3 2.35619449e+00 7.88035092e-02
463 3 2.35619449e+00 8.01626949e-02
464 3 2.35619449e+00 8.02770771e-02
465 3 2.35619449e+00 7.94644706e-02
466 3 2.35619449e+00 7.95206523e-02
467 3 2.35619449e+00 7.96681408e-02
468 3 2.35619449e+00 7.96472082e-02
469 3 2.35619449e+00 7.86580079e-02
470 3 2.35619449e+00 7.93283209e-02
471 3 2.35619449e+00 7.93953969e-02
472 3 2.35619449e+00 8.01724793e-02
473 3 2.35619449e+00 7.96023059e-02
474 3 2.35619449e+00 7.89593927e-02
475 3 2.35619449e+00 7.95762134e-02
476 3 2.35619449e+00 7.97081030e-02
477 3 2.35619449e+00 7.93573466e-02
478 3 2.35619449e+00 7.92567065e-02
479 3 2.35619449e+00 7.87000326e-02
480 3 2.35619449e+00 7.96379279e-02
481 3 2.35619449e+00 7.92758208e-02
482 3 2.35619449e+00 7.91965595e-02
483 3 2.35619449e+00 7.95960737e-02
484 3 2.35619449e+00 8.00376596e-02
485 3 2.35619449e+00 7.89885095e-02
486 3 2.35619449e+00 7.95864744e-02
487 3 2.35619449e+00 7.99285189e-02
488 3 2.35619449e+00 7.93167622e-02
489 3 2.35619449e+00 7.95418223e-02
490 3 2.35619449e+00 7.91714215e-02
491 3 2.35619449e+00 8.00118534e-02
492 3 2.35619449e+00 7.99285447e-02
493 3 2.35619449e+00 7.95340491e-02
494 3 2.35619449e+00 7.99975486e-02
495 3 2.35619449e+00 7.96972044e-02
496 3 2.35619449e+00 7.92090194e-02
497 3 2.35619449e+00 7.96499667e-02
498 3 2.35619449e+00 7.95507784e-02
499 3 2.35619449e+00 7.97824594e-02
500 3 2.35619449e+00 7.99152601e-02
501 3 2.35619449e+00 7.99798527e-02
502 3 2.35619449e+00 7.93538444e-02
503 3 2.35619449e+00 7.91289456e-02
504 3 2.35619449e+00 7.94906517e-02
505 3 2.35619449e+00 7.88017329e-02
506 3 2.35619449e+00 7.94048228e-02
507 3 2.35619449e+00 7.93498988e-02
508 3 2.35619449e+00 7.89334135e-02
509 3 2.35619449e+00 7.95251172e-02
510 3 2.35619449e+00 7.86606216e-02
511 3 2.35619449e+00 7.86695523e-02
512 3 2.35619449e+00 7.91988654e-02
513 3 2.35619449e+00 7.90851657e-02
514 3 2.35619449e+00 7.98645662e-02
515 3 2.35619449e+00 7.97301848e-02
516 3 2.35619449e+00 7.90001932e-02
517 3 2.35619449e+00 7.91108014e-02
518 3 2.35619449e+00 7.91330108e-02
519 3 2.35619449e+00 7.91186255e-02
520 3 2.35619449e+00 7.88987942e-02
521 3 2.35619449e+00 7.94744973e-02
522 3 2.35619449e+00 7.95506801e-02
523 3 2.35619449e+00 7.86437515e-02
524 3 2.35619449e+00 7.83745343e-02
525 3 2.35619449e+00 7.90871124e-02
526 3 2.35619449e+00 8.01332875e-02
527 3 2.35619449e+00 7.96026892e-02
528 3 2.35619449e+00 7.91217079e-02
529 3 2.35619449e+00 7.94050475e-02
530 3 2.35619449e+00 7.91219152e-02
531 3 2.35619449e+00 7.88153458e-02
532 3 2.35619449e+00 7.97113349e-02
533 3 2.35619449e+00 7.91294213e-02
534 3 2.35619449e+00 7.91458301e-02
535 3 2.35619449e+00 7.86602693e-02
536 3 2.35619449e+00 7.98930835e-02
537 3 2.35619449e+00 7.93587262e-02
538 3 2.35619449e+00 7.94539062e-02
539 3 2.35619449e+00 7.91018642e-02
540 3 2.35619449e+00 7.93969325e-02
541 3 2.35619449e+00 7.93055894e-02
542 3 2.35619449e+00 7.85442245e-02
543 3 2.35619449e+00 7.87076934e-02
544 3 2.35619449e+00 7.92263934e-02
545 3 2.35619449e+00 7.93838100e-02
546 3 2.35619449e+00 7.91968096e-02
547 3 2.35619449e+00 7.87460767e-02
548 3 2.35619449e+00 7.88064742e-02
549 3 2.35619449e+00 7.89332422e-02
550 3 2.35619449e+00 7.93612324e-02
551 3 2.35619449e+00 8.00994582e-02
552 3 2.35619449e+00 7.95444970e-02
553 3 2.35619449e+00 7.82726368e-02
554 3 2.35619449e+00 7.87500632e-02
555 3 2.35619449e+00 7.91881427e-02
556 3 2.35619449e+00 7.92741725e-02
557 3 2.35619449e+00 7.94344151e-02
558 3 2.35619449e+00 7.99123511e-02
559 3 2.35619449e+00 8.02499256e-02
560 3 2.35619449e+00 7.98605556e-02
561 3 2.35619449e+00 7.87095387e-02
562 3 2.35619449e+00 7.94645691e-02
563 3 2.35619449e+00 7.86594065e-02
564 3 2.35619449e+00 7.95239860e-02
565 3 2.35619449e+00 7.89115342e-02
566 3 2.35619449e+00 8.04659833e-02
567 3 2.35619449e+00 7.93372031e-02
568 3 2.35619449e+00 7.94158559e-02
569 3 2.35619449e+00 7.96110297e-02
570 3 2.35619449e+00 7.91259259e-02
571 3 2.35619449e+00 7.98451057e-02
572 3 2.35619449e+00 7.90361717e-02
573 3 2.35619449e+00 7.93758904e-02
574 3 2.35619449e+00 7.98767563e-02
575 3 2.35619449e+00 7.96063413e-02
576 3 2.35619449e+00 7.95853419e-02
577 3 2.35619449e+00 7.87733927e-02
578 3 2.35619449e+00 7.92761000e-02
579 3 2.35619449e+00 7.92811314e-02
580 3 2.35619449e+00 7.84976845e-02
581 3 2.35619449e+00 7.81811742e-02
582 3 2.35619449e+00 7.96935427e-02
583 3 2.35619449e+00 7.98704572e-02
584 3 2.35619449e+00 7.91559871e-02
585 3 2.35619449e+00 7.90892495e-02
586 3 2.35619449e+00 7.91333223e-02
587 3 2.35619449e+00 8.01235123e-02
588 3 2.35619449e+00 7.97953837e-02
589 3 2.35619449e+00 7.91962535e-02
590 3 2.35619449e+00 7.93087909e-02
591 3 2.35619449e+00 7.88015905e-02
592 3 2.35619449e+00 7.89527642e-02
593 3 2.35619449e+00 8.01878747e-02
594 3 2.35619449e+00 7.93204905e-02
595 3 2.35619449e+00 7.90019248e-02
596 3 2.35619449e+00 7.97513617e-02
597 3 2.35619449e+00 7.89431955e-02
598 3 2.35619449e+00 7.88357139e-02
599 3 2.35619449e+00 7.89789628e-02
600 3 2.35619449e+00 7.92948977e-02
601 3 2.35619449e+00 7.92469922e-02
602 3 2.35619449e+00 8.00185736e-02
603 3 2.35619449e+00 7.94618677e-02
604 3 2.35619449e+00 7.90705574e-02
605 3 2.35619449e+00 7.98050203e-02
606 3 2.35619449e+00 7.95015939e-02
607 3 2.35619449e+00 7.89503447e-02
608 3 2.35619449e+00 7.91922226e-02
609 3 2.35619449e+00 7.99072489e-02
610 3 2.35619449e+00 7.96174164e-02
611 3 2.35619449e+00 7.97850270e-02
612 3 2.35619449e+00 7.90672710e-02
613 3 2.35619449e+00 8.01563337e-02
614 3 2.35619449e+00 7.91328250e-02
615 3 2.35619449e+00 7.88922754e-02
616 3 2.35619449e+00 7.88862364e-02
617 3 2.35619449e+00 7.90085163e-02
618 3 2.35619449e+00 7.96215975e-02
619 3 2.35619449e+00 7.89954275e-02
620 3 2.35619449e+00 8.03867053e-02
621 3 2.35619449e+00 7.90073839e-02
622 3 2.35619449e+00 7.89344065e-02
623 3 2.35619449e+00 7.96119209e-02
624 3 2.35619449e+00 7.90122276e-02
625 3 2.35619449e+00 7.96647374e-02
626 3 2.35619449e+00 7.87450265e-02
627 3 2.35619449e+00 7.98994836e-02
628 3 2.35619449e+00 8.02445089e-02
629 3 2.35619449e+00 8.07561721e-02
630 3 2.35619449e+00 7.95117905e-02
631 3 2.35619449e+00 7.95024423e-02
632 3 2.35619449e+00 7.87468906e-02
633 3 2.35619449e+00 7.80876516e-02
634 3 2.35619449e+00 7.93437321e-02
635 3 2.35619449e+00 7.91083305e-02
636 3 2.35619449e+00 7.83683582e-02
637 3 2.35619449e+00 8.01261108e-02
638 3 2.35619449e+00 7.80105456e-02
639 3 2.35619449e+00 7.97242073e-02
640 3 2.35619449e+00 7.93354559e-02
641 3 2.35619449e+00 7.97367624e-02
642 3 2.35619449e+00 7.99877778e-02
643 3 2.35619449e+00 7.96228069e-02
644 3 2.35619449e+00 7.98146794e-02
645 3 2.35619449e+00 7.91888957e-02
646 3 2.35619449e+00 7.96741423e-02
647 3 2.35619449e+00 7.99037677e-02
648 3 2.35619449e+00 7.95061371e-02
649 3 2.35619449e+00 8.01291918e-02
650 3 2.35619449e+00 7.98165502e-02
651 3 2.35619449e+00 7.91814548e-02
652 3 2.35619449e+00 7.92743252e-02
653 3 2.35619449e+00 8.00332273e-02
654 3 2.35619449e+00 8.01311632e-02
655 3 2.35619449e+00 7.99518623e-02
656 3 2.35619449e+00 7.95030498e-02
657 3 2.35619449e+00 7.86576708e-02
658 3 2.35619449e+00 7.93485630e-02
659 3 2.35619449e+00 7.94018577e-02
660 3 2.35619449e+00 7.96115718e-02
661 3 2.35619449e+00 7.84883187e-02
662 3 2.35619449e+00 7.96368674e-02
663 3 2.35619449e+00 7.96661320e-02
664 3 2.35619449e+00 7.92963343e-02
665 3 2.35619449e+00 7.97795525e-02
666 3 2.35619449e+00 7.91878573e-02
667 3 2.35619449e+00 8.10494036e-02
668 3 2.35619449e+00 7.99614775e-02
669 3 2.35619449e+00 7.96248516e-02
670 3 2.35619449e+00 7.94336211e-02
671 3 2.35619449e+00 8.01482013e-02
672 3 2.35619449e+00 7.93327177e-02
673 3 2.35619449e+00 8.03053535e-02
674 3 2.35619449e+00 7.87008373e-02
675 3 2.35619449e+00 7.89736051e-02
676 3 2.35619449e+00 7.95040550e-02
677 3 2.35619449e+00 7.92304190e-02
678 3 2.35619449e+00 7.92464148e-02
679 3 2.35619449e+00 7.98388207e-02
680 3 2.35619449e+00 8.04212284e-02
681 3 2.35619449e+00 7.98113499e-02
682 3 2.35619449e+00 7.98564998e-02
683 3 2.35619449e+00 7.93761970e-02
684 3 2.35619449e+00 7.95439765e-02
685 3 2.35619449e+00 7.88933908e-02
686 3 2.35619449e+00 8.00296428e-02
687 3 2.35619449e+00 7.92208869e-02
688 3 2.35619449e+00 8.00458473e-02
689 3 2.35619449e+00 7.83048526e-02
690 3 2.35619449e+00 7.92408607e-02
691 3 2.35619449e+00 7.83235546e-02
692 3 2.35619449e+00 7.94617511e-02
693 3 2.35619449e+00 7.99604106e-02
694 3 2.35619449e+00 7.97709004e-02
695 3 2.35619449e+00 7.95993353e-02
696 3 2.35619449e+00 7.98068368e-02
697 3 2.35619449e+00 7.95428507e-02
698 3 2.35619449e+00 7.90414423e-02
699 3 2.35619449e+00 7.86523100e-02
700 3 2.35619449e+00 7.92466071e-02
701 3 2.35619449e+00 7.92042888e-02
702 3 2.35619449e+00 7.93202513e-02
703 3 2.35619449e+00 7.93684216e-02
704 3 2.35619449e+00 7.92563213e-02
705 3 2.35619449e+00 8.02461403e-02
706 3 2.35619449e+00 8.02201113e-02
707 3 2.35619449e+00 7.93111418e-02
708 3 2.35619449e+00 7.96816278e-02
709 3 2.35619449e+00 7.88245640e-02
710 3 2.35619449e+00 7.89697642e-02
711 3 2.35619449e+00 7.95669089e-02
712 3 2.35619449e+00 7.95499539e-02
713 3 2.35619449e+00 8.02893865e-02
714 3 2.35619449e+00 7.87765185e-02
715 3 2.35619449e+00 7.96636313e-02
716 3 2.35619449e+00 7.97533906e-02
717 3 2.35619449e+00 7.95073715e-02
718 3 2.35619449e+00 7.93073629e-02
719 3 2.35619449e+00 7.93362934e-02
720 3 2.35619449e+00 7.91213146e-02
721 3 2.35619449e+00 7.94254149e-02
722 3 2.35619449e+00 7.97167747e-02
723 3 2.35619449e+00 7.95132601e-02
724 3 2.35619449e+00 7.86341957e-02
725 3 2.35619449e+00 7.96916324e-02
726 3 2.35619449e+00 7.93582320e-02
727 3 2.35619449e+00 7.84876609e-02
728 3 2.35619449e+00 7.93262303e-02
729 3 2.35619449e+00 7.88011872e-02
730 3 2.35619449e+00 7.91008545e-02
731 3 2.35619449e+00 7.83581967e-02
732 3 2.35619449e+00 7.98372344e-02
733 3 2.35619449e+00 7.98327137e-02
734 3 2.35619449e+00 7.86264371e-02
735 3 2.35619449e+00 7.92416472e-02
736 3 2.35619449e+00 7.98740709e-02
737 3 2.35619449e+00 7.91179777e-02
738 3 2.35619449e+00 7.88530461e-02
739 3 2.35619449e+00 7.93030681e-02
740 3 2.35619449e+00 7.85085136e-02
741 3 2.35619449e+00 7.87774964e-02
742 3 2.35619449e+00 7.91935226e-02
743 3 2.35619449e+00 7.94217045e-02
744 3 2.35619449e+00 7.90782772e-02
745 3 2.35619449e+00 7.85806695e-02
746 3 2.35619449e+00 7.88237151e-02
747 3 2.35619449e+00 7.92015023e-02
748 3 2.35619449e+00 7.89956596e-02
749 3 2.35619449e+00 7.97430519e-02
750 3 2.35619449e+00 7.95574000e-02
751 3 2.35619449e+00 7.99049459e-02
752 3 2.35619449e+00 7.89587840e-02
753 3 2.35619449e+00 7.89836491e-02
754 3 2.35619449e+00 7.92009149e-02
755 3 2.35619449e+00 8.01392641e-02
756 3 2.35619449e+00 7.86806229e-02
757 3 2.35619449e+00 7.89019637e-02
758 3 2.35619449e+00 8.02927243e-02
759 3 2.35619449e+00 7.94692227e-02
760 3 2.35619449e+00 7.89736117e-02
761 3 2.35619449e+00 7.92657136e-02
762 3 2.35619449e+00 7.97354840e-02
763 3 2.35619449e+00 7.99985153e-02
764 3 2.35619449e+00 7.98808446e-02
765 3 2.35619449e+00 7.92632547e-02
766 3 2.35619449e+00 7.98653248e-02
767 3 2.35619449e+00 7.81788316e-02
768 3 2.35619449e+00 7.91528379e-02
769 3 2.35619449e+00 7.90317467e-02
770 3 2.35619449e+00 7.90328984e-02
771 3 2.35619449e+00 7.92902391e-02
772 3 2.35619449e+00 7.93806034e-02
773 3 2.35619449e+00 7.99967164e-02
774 3 2.35619449e+00 7.95664002e-02
775 3 2.35619449e+00 7.90711902e-02
776 3 2.35619449e+00 7.88260329e-02
777 3 2.35619449e+00 7.97288136e-02
778 3 2.35619449e+00 7.91665185e-02
779 3 2.35619449e+00 7.91300721e-02
780 3 2.35619449e+00 7.90887415e-02
781 3 2.35619449e+00 7.93766895e-02
782 3 2.35619449e+00 7.90449532e-02
783 3 2.35619449e+00 7.85965855e-02
784 3 2.35619449e+00 7.75873056e-02
785 3 2.35619449e+00 7.87474510e-02
786 3 2.35619449e+00 7.96023699e-02
787 3 2.35619449e+00 7.89451084e-02
788 3 2.35619449e+00 7.88780310e-02
789 3 2.35619449e+00 7.91231527e-02
790 3 2.35619449e+00 7.89221467e-02
791 3 2.35619449e+00 7.92870668e-02
792 3 2.35619449e+00 7.95853456e-02
793 3 2.35619449e+00 7.89746738e-02
794 3 2.35619449e+00 7.99031349e-02
795 3 2.35619449e+00 8.02835395e-02
796 3 2.35619449e+00 7.95950561e-02
797 3 2.35619449e+00 7.88082023e-02
798 3 2.35619449e+00 7.93665674e-02
799 3 2.35619449e+00 7.96254319e-02
800 3 2.35619449e+00 7.92266825e-02
801 3 2.35619449e+00 7.90860838e-02
802 3 2.35619449e+00 7.83540474e-02
803 3 2.35619449e+00 7.96802306e-02
804 3 2.35619449e+00 7.89414453e-02
805 3 2.35619449e+00 7.84323923e-02
806 3 2.35619449e+00 8.00984297e-02
807 3 2.35619449e+00 7.97442262e-02
808 3 2.35619449e+00 7.96606545e-02
809 3 2.35619449e+00 7.99694264e-02
810 3 2.35619449e+00 7.96598163e-02
811 3 2.35619449e+00 7.95489344e-02
812 3 2.35619449e+00 7.87925548e-02
813 3 2.35619449e+00 7.93663062e-02
814 3 2.35619449e+00 7.90846811e-02
815 3 2.35619449e+00 7.96567152e-02
816 3 2.35619449e+00 7.95375466e-02
817 3 2.35619449e+00 8.00636350e-02
818 3 2.35619449e+00 7.90402198e-02
819 3 2.35619449e+00 7.90375605e-02
820 3 2.35619449e+00 7.99539558e-02
821 3 2.35619449e+00 7.94474560e-02
822 3 2.35619449e+00 7.99948318e-02
823 3 2.35619449e+00 7.94891450e-02
824 3 2.35619449e+00 7.93693793e-02
825 3 2.35619449e+00 7.86728100e-02
826 3 2.35619449e+00 7.95157023e-02
827 3 2.35619449e+00 7.87982571e-02
828 3 2.35619449e+00 7.95534452e-02
829 3 2.35619449e+00 7.99995280e-02
830 3 2.35619449e+00 7.89585067e-02
831 3 2.35619449e+00 8.00190973e-02
832 3 2.35619449e+00 7.99196879e-02
833 3 2.35619449e+00 7.89982674e-02
834 3 2.35619449e+00 7.92373158e-02
835 3 2.35619449e+00 7.93335984e-02
836 3 2.35619449e+00 7.97840553e-02
837 3 2.35619449e+00 7.96658707e-02
838 3 2.35619449e+00 7.92698850e-02
839 3 2.35619449e+00 7.95904429e-02
840 3 2.35619449e+00 7.93412683e-02
841 3 2.35619449e+00 7.93112222e-02
842 3 2.35619449e+00 7.93865004e-02
843 3 2.35619449e+00 8.00052498e-02
844 3 2.35619449e+00 7.89394837e-02
845 3 2.35619449e+00 7.99928313e-02
846 3 2.35619449e+00 7.96502422e-02
847 3 2.35619449e+00 7.83277053e-02
848 3 2.35619449e+00 8.00124477e-02
849 3 2.35619449e+00 7.97640366e-02
850 3 2.35619449e+00 7.84165735e-02
851 3 2.35619449e+00 8.01867730e-02
852 3 2.35619449e+00 7.97442829e-02
853 3 2.35619449e+00 7.83143371e-02
854 3 2.35619449e+00 7.91775658e-02
855 3 2.35619449e+00 7.95073133e-02
856 3 2.35619449e+00 7.90555098e-02
857 3 2.35619449e+00 7.95830102e-02
858 3 2.35619449e+00 8.02177520e-02
859 3 2.35619449e+00 7.94979685e-02
860 3 2.35619449e+00 7.99009373e-02
861 3 2.35619449e+00 7.95074873e-02
862 3 2.35619449e+00 7.96085580e-02
863 3 2.35619449e+00 7.89246328e-02
864 3 2.35619449e+00 8.02784627e-02
865 3 2.35619449e+00 7.92072738e-02
866 3 2.35619449e+00 7.97717308e-02
867 3 2.35619449e+00 7.95216517e-02
868 3 2.35619449e+00 7.96980390e-02
869 3 2.35619449e+00 7.93779251e-02
870 3 2.35619449e+00 7.98335392e-02
871 3 2.35619449e+00 7.97088785e-02
872 3 2.35619449e+00 7.97238993e-02
873 3 2.35619449e+00 7.97699462e-02
874 3 2.35619449e+00 7.83850550e-02
875 3 2.35619449e+00 7.90478723e-02
876 3 2.35619449e+00 7.95205219e-02
877 3 2.35619449e+00 7.92320995e-02
878 3 2.35619449e+00 7.86401519e-02
879 3 2.35619449e+00 7.94335519e-02
880 3 2.35619449e+00 7.84041331e-02
881 3 2.35619449e+00 7.94780800e-02
882 3 2.35619449e+00 7.97235425e-02
883 3 2.35619449e+00 7.95905608e-02
884 3 2.35619449e+00 7.90436571e-02
885 3 2.35619449e+00 7.99420971e-02
886 3 2.35619449e+00 8.05195537e-02
887 3 2.35619449e+00 7.96157426e-02
888 3 2.35619449e+00 7.98015706e-02
889 3 2.35619449e+00 7.94925752e-02
890 3 2.35619449e+00 7.95600729e-02
891 3 2.35619449e+00 7.92817774e-02
892 3 2.35619449e+00 7.91597388e-02
893 3 2.35619449e+00 7.90476925e-02
894 3 2.35619449e+00 8.00207905e-02
895 3 2.35619449e+00 8.03220950e-02
896 3 2.35619449e+00 7.94672061e-02
897 3 2.35619449e+00 8.00958791e-02
898 3 2.35619449e+00 7.99847387e-02
899 3 2.35619449e+00 7.85800482e-02
900 3 2.35619449e+00 7.95654777e-02
901 3 2.35619449e+00 7.96978355e-02
902 3 2.35619449e+00 8.01885613e-02
903 3 2.35619449e+00 7.97239568e-02
904 3 2.35619449e+00 7.94414612e-02
905 3 2.35619449e+00 7.88556616e-02
906 3 2.35619449e+00 7.99309789e-02
907 3 2.35619449e+00 7.89396121e-02
908 3 2.35619449e+00 7.91164561e-02
909 3 2.35619449e+00 8.01123460e-02
910 3 2.35619449e+00 7.97372284e-02
911 3 2.35619449e+00 7.96047611e-02
912 3 2.35619449e+00 7.91201630e-02
913 3 2.35619449e+00 7.99926378e-02
914 3 2.35619449e+00 7.91510950e-02
915 3 2.35619449e+00 7.91162348e-02
916 3 2.35619449e+00 7.87109472e-02
917 3 2.35619449e+00 8.01951863e-02
918 3 2.35619449e+00 8.03502948e-02
919 3 2.35619449e+00 7.93008017e-02
920 3 2.35619449e+00 7.93157554e-02
921 3 2.35619449e+00 7.97389671e-02
922 3 2.35619449e+00 7.97370171e-02
923 3 2.35619449e+00 7.93255704e-02
924 3 2.35619449e+00 7.95839206e-02
925 3 2.35619449e+00 7.97398347e-02
926 3 2.35619449e+00 7.92704584e-02
927 3 2.35619449e+00 7.92275022e-02
928 3 2.35619449e+00 7.97756188e-02
929 3 2.35619449e+00 7.97605044e-02
930 3 2.35619449e+00 7.85599833e-02
931 3 2.35619449e+00 7.94388019e-02
932 3 2.35619449e+00 7.93920195e-02
933 3 2.35619449e+00 7.97158237e-02
934 3 2.35619449e+00 7.91481299e-02
935 3 2.35619449e+00 7.92909048e-02
936 3 2.35619449e+00 7.93589698e-02
937 3 2.35619449e+00 7.87843678e-02
938 3 2.35619449e+00 7.94522331e-02
939 3 2.35619449e+00 8.02460056e-02
940 3 2.35619449e+00 7.84462924e-02
941 3 2.35619449e+00 7.90334033e-02
942 3 2.35619449e+00 7.96225154e-02
943 3 2.35619449e+00 7.95605493e-02
944 3 2.35619449e+00 7.98279343e-02
945 3 2.35619449e+00 7.89324533e-02
946 3 2.35619449e+00 8.02486047e-02
947 3 2.35619449e+00 7.89393411e-02
948 3 2.35619449e+00 7.94945930e-02
949 3 2.35619449e+00 7.93110407e-02
950 3 2.35619449e+00 7.88614143e-02
951 3 2.35619449e+00 7.99372908e-02
952 3 2.35619449e+00 7.86420403e-02
953 3 2.35619449e+00 7.92364186e-02
954 3 2.35619449e+00 7.91514059e-02
955 3 2.35619449e+00 7.91300588e-02
956 3 2.35619449e+00 7.95479792e-02
957 3 2.35619449e+00 7.95319870e-02
958 3 2.35619449e+00 7.83054208e-02
959 3 2.35619449e+00 7.86719462e-02
960 3 2.35619449e+00 8.00332186e-02
961 3 2.35619449e+00 8.00994765e-02
962 3 2.35619449e+00 7.95517420e-02
963 3 2.35619449e+00 7.88806938e-02
964 3 2.35619449e+00 8.01285124e-02
965 3 2.35619449e+00 7.96657649e-02
966 3 2.35619449e+00 7.91159160e-02
967 3 2.35619449e+00 8.02819485e-02
968 3 2.35619449e+00 7.89071886e-02
969 3 2.35619449e+00 7.87495165e-02
970 3 2.35619449e+00 7.90734421e-02
971 3 2.35619449e+00 7.90175764e-02
972 3 2.35619449e+00 7.83270172e-02
973 3 2.35619449e+00 7.94851502e-02
974 3 2.35619449e+00 7.92257179e-02
975 3 2.35619449e+00 7.94156190e-02
976 3 2.35619449e+00 7.90491975e-02
977 3 2.35619449e+00 7.94537445e-02
978 3 2.35619449e+00 7.86670169e-02
979 3 2.35619449e+00 7.80432661e-02
980 3 2.35619449e+00 7.95859731e-02
981 3 2.35619449e+00 7.93212157e-02
982 3 2.35619449e+00 7.92003438e-02
983 3 2.35619449e+00 7.99646319e-02
984 3 2.35619449e+00 7.89135049e-02
985 3 2.35619449e+00 8.00151167e-02
986 3 2.35619449e+00 8.03085548e-02
987 3 2.35619449e+00 7.84583939e-02
988 3 2.35619449e+00 7.86451429e-02
989 3 2.35619449e+00 7.95571883e-02
990 3 2.35619449e+00 7.96389131e-02
991 3 2.35619449e+00 7.93880078e-02
992 3 2.35619449e+00 7.96503905e-02
993 3 2.35619449e+00 7.91793168e-02
994 3 2.35619449e+00 7.92740220e-02
995 3 2.35619449e+00 8.04418526e-02
996 3 2.35619449e+00 7.98066569e-02
997 3 2.35619449e+00 7.97219276e-02
998 3 2.35619449e+00 7.95717102e-02
999 3 2.35619449e+00 7.89421685e-02
1000 3 2.35619449e+00 7.93757457e-02
1001 3 2.35619449e+00 8.08635993e-02
1002 3 2.35619449e+00 7.87747454e-02
1003 3 2.35619449e+00 7.90825490e-02
1004 3 2.35619449e+00 7.90067462e-02
1005 3 2.35619449e+00 7.90503232e-02
1006 3 2.35619449e+00 7.95732222e-02
1007 3 2.35619449e+00 7.91043370e-02
1008 3 2.35619449e+00 7.96677301e-02
1009 3 2.35619449e+00 7.89650324e-02
1010 3 2.35619449e+00 7.88364370e-02
1011 3 2.35619449e+00 7.91166204e-02
1012 3 2.35619449e+00 7.89442445e-02
1013 3 2.35619449e+00 7.96605359e-02
1014 3 2.35619449e+00 7.93440120e-02
1015 3 2.35619449e+00 7.89149461e-02
1016 3 2.35619449e+00 7.92541729e-02
1017 3 2.35619449e+00 7.83753913e-02
1018 3 2.35619449e+00 7.99226086e-02
1019 3 2.35619449e+00 7.94633792e-02
1020 3 2.35619449e+00 7.90327243e-02
1021 3 2.35619449e+00 7.95126142e-02
1022 3 2.35619449e+00 7.97158753e-02
1023 3 2.35619449e+00 7.95022340e-02
1024 3 2.35619449e+00 7.93796121e-02
1025 3 2.35619449e+00 7.92221514e-02
0 4 3.14159265e+00 9.55207707e-02
1 4 3.14159265e+00 9.46533191e-02
2 4 3.14159265e+00 9.46944279e-02
3 4 3.14159265e+00 9.48842992e-02
4 4 3.14159265e+00 9.49635199e-02
5 4 3.14159265e+00 9.35758893e-02
6 4 3.14159265e+00 9.50796763e-02
7 4 3.14159265e+00 9.56583792e-02
8 4 3.14159265e+00 9.51397639e-02
9 4 3.14159265e+00 9.43277433e-02
10 4 3.14159265e+00 9.40059339e-02
11 4 3.14159265e+00 9.48031234e-02
12 4 3.14159265e+00 9.44636848e-02
13 4 3.14159265e+00 9.60472678e-02
14 4 3.14159265e+00 9.52102891e-02
15 4 3.14159265e+00 9.44163837e-02
16 4 3.14159265e+00 9.31449608e-02
17 4 3.14159265e+00 9.43825581e-02
18 4 3.14159265e+00 9.31323213e-02
19 4 3.14159265e+00 9.44637828e-02
20 4 3.14159265e+00 9.51395366e-02
21 4 3.14159265e+00 9.40068775e-02
22 4 3.14159265e+00 9.41491717e-02
23 4 3.14159265e+00 9.47277417e-02
24 4 3.14159265e+00 9.41170850e-02
25 4 3.14159265e+00 9.39801814e-02
26 4 3.14159265e+00 9.43109972e-02
27 4 3.14159265e+00 9.48564276e-02
28 4 3.14159265e+00 9.61629459e-02
29 4 3.14159265e+00 9.49835750e-02
30 4 3.14159265e+00 9.49840629e-02
31 4 3.14159265e+00 9.56118920e-02
32 4 3.14159265e+00 9.38188235e-02
33 4 3.14159265e+00 9.59361051e-02
34 4 3.14159265e+00 9.42545877e-02
35 4 3.14159265e+00 9.35628026e-02
36 4 3.14159265e+00 9.43560177e-02
37 4 3.14159265e+00 9.46261285e-02
38 4 3.14159265e+00 9.53132960e-02
39 4 3.14159265e+00 9.47748315e-02
40 4 3.14159265e+00 9.41706480e-02
41 4 3.14159265e+00 9.52357358e-02
42 4 3.14159265e+00 9.46125538e-02
43 4 3.14159265e+00 9.43124170e-02
44 4 3.14159265e+00 9.46778115e-02
45 4 3.14159265e+00 9.43341849e-02
46 4 3.14159265e+00 9.49428552e-02
47 4 3.14159265e+00 9.58054434e-02
48 4 3.14159265e+00 9.56836816e-02
49 4 3.14159265e+00 9.47073677e-02
50 4 3.14159265e+00 9.43952647e-02
51 4 3.14159265e+00 9.51216955e-02
52 4 3.14159265e+00 9.42485626e-02
53 4 3.14159265e+00 9.48410517e-02
54 4 3.14159265e+00 9.55545176e-02
55 4 3.14159265e+00 9.50131197e-02
56 4 3.14159265e+00 9.51554744e-02
57 4 3.14159265e+00 9.38269283e-02
58 4 3.14159265e+00 9.40849973e-02
59 4 3.14159265e+00 9.35270696e-02
60 4 3.14159265e+00 9.42112158e-02
61 4 3.14159265e+00 9.46769154e-02
62 4 3.14159265e+00 9.43498488e-02
63 4 3.14159265e+00 9.27687720e-02
64 4 3.14159265e+00 9.40240585e-02
65 4 3.14159265e+00 9.47257342e-02
66 4 3.14159265e+00 9.38205939e-02
67 4 3.14159265e+00 9.42318357e-02
68 4 3.14159265e+00 9.38893485e-02
69 4 3.14159265e+00 9.46342432e-02
70 4 3.14159265e+00 9.50030575e-02
71 4 3.14159265e+00 9.43630167e-02
72 4 3.14159265e+00 9.37191602e-02
73 4 3.14159265e+00 9.50296379e-02
74 4 3.14159265e+00 9.47544263e-02
75 4 3.14159265e+00 9.48148196e-02
76 4 3.14159265e+00 9.34935886e-02
77 4 3.14159265e+00 9.52174213e-02
78 4 3.14159265e+00 9.51693280e-02
79 4 3.14159265e+00 9.49639324e-02
80 4 3.14159265e+00 9.40667135e-02
81 4 3.14159265e+00 9.53148998e-02
82 4 3.14159265e+00 9.43310472e-02
83 4 3.14159265e+00 9.46811867e-02
84 4 3.14159265e+00 9.39529533e-02
85 4 3.14159265e+00 9.46708966e-02
86 4 3.14159265e+00 9.42941189e-02
87 4 3.14159265e+00 9.49002498e-02
88 4 3.14159265e+00 9.54501858e-02
89 4 3.14159265e+00 9.52871466e-02
90 4 3.14159265e+00 9.55960994e-02
91 4 3.14159265e+00 9.44449372e-02
92 4 3.14159265e+00 9.46217096e-02
93 4 3.14159265e+00 9.51216851e-02
94 4 3.14159265e+00 9.45720404e-02
95 4 3.14159265e+00 9.48946937e-02
96 4 3.14159265e+00 9.44741911e-02
97 4 3.14159265e+00 9.38887103e-02
98 4 3.14159265e+00 9.36791056e-02
99 4 3.14159265e+00 9.41603929e-02
100 4 3.14159265e+00 9.51040056e-02
101 4 3.14159265e+00 9.52941148e-02
102 4 3.14159265e+00 9.50524444e-02
103 4 3.14159265e+00 9.56206821e-02
104 4 3.14159265e+00 9.48982032e-02
105 4 3.14159265e+00 9.26274381e-02
106 4 3.14159265e+00 9.46336942e-02
107 4 3.14159265e+00 9.42743367e-02
108 4 3.14159265e+00 9.50554613e-02
109 4 3.14159265e+00 9.50031834e-02
110 4 3.14159265e+00 9.55473988e-02
111 4 3.14159265e+00 9.51349636e-02
112 4 3.14159265e+00 9.44100307e-02
113 4 3.14159265e+00 9.43443401e-02
114 4 3.14159265e+00 9.50950191e-02
115 4 3.14159265e+00 9.58381198e-02
116 4 3.14159265e+00 9.36713817e-02
117 4 3.14159265e+00 9.40930880e-02
118 4 3.14159265e+00 9.51779971e-02
119 4 3.14159265e+00 9.40227665e-02
120 4 3.14159265e+00 9.38662336e-02
121 4 3.14159265e+00 9.48761417e-02
122 4 3.14159265e+00 9.51238798e-02
123 4 3.14159265e+00 9.39553131e-02
124 4 3.14159265e+00 9.49845154e-02
125 4 3.14159265e+00 9.52207850e-02
126 4 3.14159265e+00 9.40368105e-02
127 4 3.14159265e+00 9.50823146e-02
128 4 3.14159265e+00 9.49164375e-02
129 4 3.14159265e+00 9.42930641e-02
130 4 3.14159265e+00 9.52017010e-02
131 4 3.14159265e+00 9.45755764e-02
132 4 3.14159265e+00 9.38180824e-02
133 4 3.14159265e+00 9.55282330e-02
134 4 3.14159265e+00 9.41048414e-02
135 4 3.14159265e+00 9.55934083e-02
136 4 3.14159265e+00 9.47627751e-02
137 4 3.14159265e+00 9.40808594e-02
138 4 3.14159265e+00 9.45508737e-02
139 4 3.14159265e+00 9.52273351e-02
140 4 3.14159265e+00 9.41746592e-02
141 4 3.14159265e+00 9.49592114e-02
142 4 3.14159265e+00 9.44311819e-02
143 4 3.14159265e+00 9.51647101e-02
144 4 3.14159265e+00 9.50591143e-02
145 4 3.14159265e+00 9.41808257e-02
146 4 3.14159265e+00 9.50037501e-02
147 4 3.14159265e+00 9.39679167e-02
148 4 3.14159265e+00 9.39617549e-02
149 4 3.14159265e+00 9.46881282e-02
150 4 3.14159265e+00 9.41415478e-02
151 4 3.14159265e+00 9.45783007e-02
152 4 3.14159265e+00 9.51568158e-02
153 4 3.14159265e+00 9.43977899e-02
154 4 3.14159265e+00 9.41096147e-02
155 4 3.14159265e+00 9.44408352e-02
156 4 3.14159265e+00 9.50233995e-02
157 4 3.14159265e+00 9.56284685e-02
158 4 3.14159265e+00 9.49465753e-02
159 4 3.14159265e+00 9.49894595e-02
160 4 3.14159265e+00 9.39527603e-02
161 4 3.14159265e+00 9.40701055e-02
162 4 3.14159265e+00 9.43761888e-02
163 4 3.14159265e+00 9.55020091e-02
164 4 3.14159265e+00 9.44737916e-02
165 4 3.14159265e+00 9.45654688e-02
166 4 3.14159265e+00 9.37886051e-02
167 4 3.14159265e+00 9.42896398e-02
168 4 3.14159265e+00 9.44306837e-02
169 4 3.14159265e+00 9.56919817e-02
170 4 3.14159265e+00 9.45196789e-02
171 4 3.14159265e+00 9.39775575e-02
172 4 3.14159265e+00 9.39674160e-02
173 4 3.14159265e+00 9.55762378e-02
174 4 3.14159265e+00 9.50205460e-02
175 4 3.14159265e+00 9.41237711e-02
176 4 3.14159265e+00 9.46501465e-02
177 4 3.14159265e+00 9.51282369e-02
178 4 3.14159265e+00 9.51265295e-02
179 4 3.14159265e+00 9.52585315e-02
180 4 3.14159265e+00 9.39702064e-02
181 4 3.14159265e+00 9.43289548e-02
182 4 3.14159265e+00 9.43413702e-02
183 4 3.14159265e+00 9.42788310e-02
184 4 3.14159265e+00 9.36576539e-02
185 4 3.14159265e+00 9.42540010e-02
186 4 3.14159265e+00 9.45170047e-02
187 4 3.14159265e+00 9.50330205e-02
188 4 3.14159265e+00 9.46593649e-02
189 4 3.14159265e+00 9.44878452e-02
190 4 3.14159265e+00 9.56110376e-02
191 4 3.14159265e+00 9.52254379e-02
192 4 3.14159265e+00 9.43862516e-02
193 4 3.14159265e+00 9.44880776e-02
194 4 3.14159265e+00 9.45213170e-02
195 4 3.14159265e+00 9.46784536e-02
196 4 3.14159265e+00 9.39335330e-02
197 4 3.14159265e+00 9.42989949e-02
198 4 3.14159265e+00 9.50788056e-02
199 4 3.14159265e+00 9.55045426e-02
200 4 3.14159265e+00 9.44472975e-02
201 4 3.14159265e+00 9.33426626e-02
202 4 3.14159265e+00 9.41988033e-02
203 4 3.14159265e+00 9.50977697e-02
204 4 3.14159265e+00 9.48759702e-02
205 4 3.14159265e+00 9.39311305e-02
206 4 3.14159265e+00 9.41174866e-02
207 4 3.14159265e+00 9.50595964e-02
208 4 3.14159265e+00 9.49403705e-02
209 4 3.14159265e+00 9.51261898e-02
210 4 3.14159265e+00 9.41591719e-02
211 4 3.14159265e+00 9.48904063e-02
212 4 3.14159265e+00 9.58639793e-02
213 4 3.14159265e+00 9.36375262e-02
214 4 3.14159265e+00 9.49671359e-02
215 4 3.14159265e+00 9.42836791e-02
216 4 3.14159265e+00 9.44910303e-02
217 4 3.14159265e+00 9.44387811e-02
218 4 3.14159265e+00 9.46639154e-02
219 4 3.14159265e+00 9.46910289e-02
220 4 3.14159265e+00 9.43984449e-02
221 4 3.14159265e+00 9.37504665e-02
222 4 3.14159265e+00 9.58903141e-02
223 4 3.14159265e+00 9.45160196e-02
224 4 3.14159265e+00 9.46858521e-02
225 4 3.14159265e+00 9.40095520e-02
226 4 3.14159265e+00 9.48848391e-02
227 4 3.14159265e+00 9.54605379e-02
228 4 3.14159265e+00 9.44960045e-02
229 4 3.14159265e+00 9.57374779e-02
230 4 3.14159265e+00 9.34876281e-02
231 4 3.14159265e+00 9.49352690e-02
232 4 3.14159265e+00 9.47999677e-02
233 4 3.14159265e+00 9.45626279e-02
234 4 3.14159265e+00 9.50737322e-02
235 4 3.14159265e+00 9.56837233e-02
236 4 3.14159265e+00 9.57833419e-02
237 4 3.14159265e+00 9.44619746e-02
238 4 3.14159265e+00 9.45749947e-02
239 4 3.14159265e+00 9.41713898e-02
240 4 3.14159265e+00 9.45495474e-02
241 4 3.14159265e+00 9.50770897e-02
242 4 3.14159265e+00 9.42997824e-02
243 4 3.14159265e+00 9.52354535e-02
244 4 3.14159265e+00 9.42725669e-02
245 4 3.14159265e+00 9.46765513e-02
246 4 3.14159265e+00 9.45494252e-02
247 4 3.14159265e+00 9.48010316e-02
248 4 3.14159265e+00 9.57477582e-02
249 4 3.14159265e+00 9.50235666e-02
250 4 3.14159265e+00 9.39551572e-02
251 4 3.14159265e+00 9.44786533e-02
252 4 3.14159265e+00 9.54530053e-02
253 4 3.14159265e+00 9.39930266e-02
254 4 3.14159265e+00 9.49647602e-02
255 4 3.14159265e+00 9.60690817e-02
256 4 3.14159265e+00 9.44762508e-02
257 4 3.14159265e+00 9.41158132e-02
258 4 3.14159265e+00 9.40729300e-02
259 4 3.14159265e+00 9.55574377e-02
260 4 3.14159265e+00 9.37100595e-02
261 4 3.14159265e+00 9.47234378e-02
262 4 3.14159265e+00 9.49561775e-02
263 4 3.14159265e+00 9.65314946e-02
264 4 3.14159265e+00 9.51753155e-02
265 4 3.14159265e+00 9.50227759e-02
266 4 3.14159265e+00 9.45432530e-02
267 4 3.14159265e+00 9.41803732e-02
268 4 3.14159265e+00 9.44175585e-02
269 4 3.14159265e+00 9.40785406e-02
270 4 3.14159265e+00 9.48748029e-02
271 4 3.14159265e+00 9.49532064e-02
272 4 3.14159265e+00 9.47328285e-02
273 4 3.14159265e+00 9.34715554e-02
274 4 3.14159265e+00 9.37854023e-02
275 4 3.14159265e+00 9.43149058e-02
276 4 3.14159265e+00 9.48273020e-02
277 4 3.14159265e+00 9.52404855e-02
278 4 3.14159265e+00 9.38532678e-02
279 4 3.14159265e+00 9.54674625e-02
280 4 3.14159265e+00 9.48882528e-02
281 4 3.14159265e+00 9.45233711e-02
282 4 3.14159265e+00 9.39532671e-02
283 4 3.14159265e+00 9.43219491e-02
284 4 3.14159265e+00 9.45151739e-02
285 4 3.14159265e+00 9.48161401e-02
286 4 3.14159265e+00 9.46625897e-02
287 4 3.14159265e+00 9.39714798e-02
288 4 3.14159265e+00 9.53056938e-02
289 4 3.14159265e+00 9.46678212e-02
290 4 3.14159265e+00 9.55793015e-02
291 4 3.14159265e+00 9.53381847e-02
292 4 3.14159265e+00 9.49489001e-02
293 4 3.14159265e+00 9.49127904e-02
294 4 3.14159265e+00 9.44020662e-02
295 4 3.14159265e+00 9.41151078e-02
296 4 3.14159265e+00 9.47349611e-02
297 4 3.14159265e+00 9.62993236e-02
298 4 3.14159265e+00 9.40457064e-02
299 4 3.14159265e+00 9.39203230e-02
300 4 3.14159265e+00 9.40765612e-02
301 4 3.14159265e+00 9.37828882e-02
302 4 3.14159265e+00 9.37357737e-02
303 4 3.14159265e+00 9.48560836e-02
304 4 3.14159265e+00 9.51518533e-02
305 4 3.14159265e+00 9.47366689e-02
306 4 3.14159265e+00 9.43693308e-02
307 4 3.14159265e+00 9.47187986e-02
308 4 3.14159265e+00 9.42335457e-02
309 4 3.14159265e+00 9.48704780e-02
310 4 3.14159265e+00 9.54553073e-02
311 4 3.14159265e+00 9.42336773e-02
312 4 3.14159265e+00 9.46582202e-02
313 4 3.14159265e+00 9.41602018e-02
314 4 3.14159265e+00 9.52526485e-02
315 4 3.14159265e+00 9.36909775e-02
316 4 3.14159265e+00 9.53670334e-02
317 4 3.14159265e+00 9.39120159e-02
318 4 3.14159265e+00 9.48839239e-02
319 4 3.14159265e+00 9.52189966e-02
320 4 3.14159265e+00 9.43625668e-02
321 4 3.14159265e+00 9.43986275e-02
322 4 3.14159265e+00 9.50846420e-02
323 4 3.14159265e+00 9.43348960e-02
324 4 3.14159265e+00 9.52623166e-02
325 4 3.14159265e+00 9.43031589e-02
326 4 3.14159265e+00 9.43696435e-02
327 4 3.14159265e+00 9.51171485e-02
328 4 3.14159265e+00 9.49504076e-02
329 4 3.14159265e+00 9.40535788e-02
330 4 3.14159265e+00 9.40581240e-02
331 4 3.14159265e+00 9.46779558e-02
332 4 3.14159265e+00 9.46926942e-02
333 4 3.14159265e+00 9.52863282e-02
334 4 3.14159265e+00 9.41071692e-02
335 4 3.14159265e+00 9.49410041e-02
336 4 3.14159265e+00 9.51493232e-02
337 4 3.14159265e+00 9.40529336e-02
338 4 3.14159265e+00 9.47641149e-02
339 4 3.14159265e+00 9.55585059e-02
340 4 3.14159265e+00 9.45265453e-02
341 4 3.14159265e+00 9.38507303e-02
342 4 3.14159265e+00 9.47385520e-02
343 4 3.14159265e+00 9.35353821e-02
344 4 3.14159265e+00 9.44361094e-02
345 4 3.14159265e+00 9.54026293e-02
346 4 3.14159265e+00 9.34869741e-02
347 4 3.14159265e+00 9.50329091e-02
348 4 3.14159265e+00 9.49479179e-02
349 4 3.14159265e+00 9.53542349e-02
350 4 3.14159265e+00 9.37170957e-02
351 4 3.14159265e+00 9.49193642e-02
352 4 3.14159265e+00 9.40110510e-02
353 4 3.14159265e+00 9.47892374e-02
354 4 3.14159265e+00 9.44350990e-02
355 4 3.14159265e+00 9.54636192e-02
356 4 3.14159265e+00 9.52912846e-02
357 4 3.14159265e+00 9.53290579e-02
358 4 3.14159265e+00 9.45543239e-02
359 4 3.14159265e+00 9.42186869e-02
360 4 3.14159265e+00 9.44983963e-02
361 4 3.14159265e+00 9.42239954e-02
362 4 3.14159265e+00 9.52863323e-02
363 4 3.14159265e+00 9.45415212e-02
364 4 3.14159265e+00 9.56099194e-02
365 4 3.14159265e+00 9.42806774e-02
366 4 3.14159265e+00 9.37027129e-02
367 4 3.14159265e+00 9.33092488e-02
368 4 3.14159265e+00 9.31273007e-02
369 4 3.14159265e+00 9.39186133e-02
370 4 3.14159265e+00 9.41327056e-02
371 4 3.14159265e+00 9.43227106e-02
372 4 3.14159265e+00 9.48043627e-02
373 4 3.14159265e+00 9.44754181e-02
374 4 3.14159265e+00 9.46379534e-02
375 4 3.14159265e+00 9.41038313e-02
376 4 3.14159265e+00 9.41389498e-02
377 4 3.14159265e+00 9.42984781e-02
378 4 3.14159265e+00 9.50492201e-02
379 4 3.14159265e+00 9.40330594e-02
380 4 3.14159265e+00 9.46571192e-02
381 4 3.14159265e+00 9.49492972e-02
382 4 3.14159265e+00 9.45851830e-02
383 4 3.14159265e+00 9.31215754e-02
384 4 3.14159265e+00 9.43581469e-02
385 4 3.14159265e+00 9.44819958e-02
386 4 3.14159265e+00 9.49845145e-02
387 4 3.14159265e+00 9.55911047e-02
388 4 3.14159265e+00 9.51472233e-02
389 4 3.14159265e+00 9.39933159e-02
390 4 3.14159265e+00 9.43555827e-02
391 4 3.14159265e+00 9.37345442e-02
392 4 3.14159265e+00 9.52968783e-02
393 4 3.14159265e+00 9.42883864e-02
394 4 3.14159265e+00 9.42732232e-02
395 4 3.14159265e+00 9.42139487e-02
396 4 3.14159265e+00 9.41887037e-02
397 4 3.14159265e+00 9.48915904e-02
398 4 3.14159265e+00 9.40104454e-02
399 4 3.14159265e+00 9.48020780e-02
400 4 3.14159265e+00 9.52263076e-02
401 4 3.14159265e+00 9.49365954e-02
402 4 3.14159265e+00 9.40281105e-02
403 4 3.14159265e+00 9.33672107e-02
404 4 3.14159265e+00 9.49444869e-02
405 4 3.14159265e+00 9.45885022e-02
406 4 3.14159265e+00 9.45804210e-02
407 4 3.14159265e+00 9.46042269e-02
408 4 3.14159265e+00 9.35402193e-02
409 4 3.14159265e+00 9.54540129e-02
410 4 3.14159265e+00 9.37546704e-02
411 4 3.14159265e+00 9.47871929e-02
412 4 3.14159265e+00 9.31255989e-02
413 4 3.14159265e+00 9.50466214e-02
414 4 3.14159265e+00 9.47373067e-02
415 4 3.14159265e+00 9.61868917e-02
416 4 3.14159265e+00 9.51634233e-02
417 4 3.14159265e+00 9.41673166e-02
418 4 3.14159265e+00 9.58271232e-02
419 4 3.14159265e+00 9.42884995e-02
420 4 3.14159265e+00 9.48050251e-02
421 4 3.14159265e+00 9.40515634e-02
422 4 3.14159265e+00 9.47342040e-02
423 4 3.14159265e+00 9.50866483e-02
424 4 3.14159265e+00 9.41419868e-02
425 4 3.14159265e+00 9.47199484e-02
426 4 3.14159265e+00 9.31072767e-02
427 4 3.14159265e+00 9.49073413e-02
428 4 3.14159265e+00 9.52280235e-02
429 4 3.14159265e+00 9.50211747e-02
430 4 3.14159265e+00 9.47583996e-02
431 4 3.14159265e+00 9.45181484e-02
432 4 3.14159265e+00 9.46274484e-02
433 4 3.14159265e+00 9.54170952e-02
434 4 3.14159265e+00 9.47855458e-02
435 4 3.14159265e+00 9.60614766e-02
436 4 3.14159265e+00 9.49788223e-02
437 4 3.14159265e+00 9.52124420e-02
438 4 3.14159265e+00 9.55421824e-02
439 4 3.14159265e+00 9.46992888e-02
440 4 3.14159265e+00 9.45856070e-02
441 4 3.14159265e+00 9.43194141e-02
442 4 3.14159265e+00 9.44371572e-02
443 4 3.14159265e+00 9.46425830e-02
444 4 3.14159265e+00 9.46084336e-02
445 4 3.14159265e+00 9.43278859e-02
446 4 3.14159265e+00 9.43121390e-02
447 4 3.14159265e+00 9.49476815e-02
448 4 3.14159265e+00 9.48788359e-02
449 4 3.14159265e+00 9.57104410e-02
450 4 3.14159265e+00 9.46482606e-02
451 4 3.14159265e+00 9.43685794e-02
452 4 3.14159265e+00 9.43279933e-02
453 4 3.14159265e+00 9.42534125e-02
454 4 3.14159265e+00 9.45559098e-02
455 4 3.14159265e+00 9.42942486e-02
456 4 3.14159265e+00 9.44558160e-02
457 4 3.14159265e+00 9.35175016e-02
458 4 3.14159265e+00 9.53517570e-02
459 4 3.14159265e+00 9.60238020e-02
460 4 3.14159265e+00 9.49180315e-02
461 4 3.14159265e+00 9.48282146e-02
462 4 3.14159265e+00 9.39002841e-02
463 4 3.14159265e+00 9.57380406e-02
464 4 3.14159265e+00 9.55463059e-02
465 4 3.14159265e+00 9.47289064e-02
466 4 3.14159265e+00 9.47798364e-02
467 4 3.14159265e+00 9.49233647e-02
468 4 3.14159265e+00 9.51377974e-02
469 4 3.14159265e+00 9.37320558e-02
470 4 3.14159265e+00 9.44727084e-02
471 4 3.14159265e+00 9.46608033e-02
472 4 3.14159265e+00 9.58175041e-02
473 4 3.14159265e+00 9.48699047e-02
474 4 3.14159265e+00 9.41280459e-02
475 4 3.14159265e+00 9.48803404e-02
476 4 3.14159265e+00 9.51203584e-02
477 4 3.14159265e+00 9.45946783e-02
478 4 3.14159265e+00 9.42567008e-02
479 4 3.14159265e+00 9.35359067e-02
480 4 3.14159265e+00 9.51335991e-02
481 4 3.14159265e+00 9.46890662e-02
482 4 3.14159265e+00 9.42885220e-02
483 4 3.14159265e+00 9.48974204e-02
484 4 3.14159265e+00 9.55400994e-02
485 4 3.14159265e+00 9.42878974e-02
486 4 3.14159265e+00 9.49574513e-02
487 4 3.14159265e+00 9.53164268e-02
488 4 3.14159265e+00 9.46184364e-02
489 4 3.14159265e+00 9.49012600e-02
490 4 3.14159265e+00 9.44407930e-02
491 4 3.14159265e+00 9.54294138e-02
492 4 3.14159265e+00 9.53017031e-02
493 4 3.14159265e+00 9.48580829e-02
494 4 3.14159265e+00 9.55614489e-02
495 4 3.14159265e+00 9.48290281e-02
496 4 3.14159265e+00 9.43564731e-02
497 4 3.14159265e+00 9.49464213e-02
498 4 3.14159265e+00 9.47419863e-02
499 4 3.14159265e+00 9.52233274e-02
500 4 3.14159265e+00 9.53650002e-02
501 4 3.14159265e+00 9.54277753e-02
502 4 3.14159265e+00 9.45590443e-02
503 4 3.14159265e+00 9.43747424e-02
504 4 3.14159265e+00 9.48815971e-02
505 4 3.14159265e+00 9.39844884e-02
506 4 3.14159265e+00 9.45939737e-02
507 4 3.14159265e+00 9.45395951e-02
508 4 3.14159265e+00 9.40423510e-02
509 4 3.14159265e+00 9.48099209e-02
510 4 3.14159265e+00 9.36203666e-02
511 4 3.14159265e+00 9.37460737e-02
512 4 3.14159265e+00 9.45047038e-02
513 4 3.14159265e+00 9.42984151e-02
514 4 3.14159265e+00 9.51361640e-02
515 4 3.14159265e+00 9.49659910e-02
516 4 3.14159265e+00 9.41914451e-02
517 4 3.14159265e+00 9.42195073e-02
518 4 3.14159265e+00 9.42278809e-02
519 4 3.14159265e+00 9.42905129e-02
520 4 3.14159265e+00 9.41019526e-02
521 4 3.14159265e+00 9.47554489e-02
522 4 3.14159265e+00 9.50126946e-02
523 4 3.14159265e+00 9.35556283e-02
524 4 3.14159265e+00 9.33807278e-02
525 4 3.14159265e+00 9.42903547e-02
526 4 3.14159265e+00 9.56714553e-02
527 4 3.14159265e+00 9.49085377e-02
528 4 3.14159265e+00 9.43580282e-02
529 4 3.14159265e+00 9.46678233e-02
530 4 3.14159265e+00 9.42392716e-02
531 4 3.14159265e+00 9.37792887e-02
532 4 3.14159265e+00 9.52534603e-02
533 4 3.14159265e+00 9.43374491e-02
534 4 3.14159265e+00 9.43131298e-02
535 4 3.14159265e+00 9.36823208e-02
536 4 3.14159265e+00 9.55943420e-02
537 4 3.14159265e+00 9.45419178e-02
538 4 3.14159265e+00 9.45808673e-02
539 4 3.14159265e+00 9.43288537e-02
540 4 3.14159265e+00 9.48458799e-02
541 4 3.14159265e+00 9.45947946e-02
542 4 3.14159265e+00 9.35142288e-02
543 4 3.14159265e+00 9.36857342e-02
544 4 3.14159265e+00 9.44374731e-02
545 4 3.14159265e+00 9.46132127e-02
546 4 3.14159265e+00 9.44454661e-02
547 4 3.14159265e+00 9.38318064e-02
548 4 3.14159265e+00 9.38858165e-02
549 4 3.14159265e+00 9.41853437e-02
550 4 3.14159265e+00 9.46285846e-02
551 4 3.14159265e+00 9.56663967e-02
552 4 3.14159265e+00 9.48101623e-02
553 4 3.14159265e+00 9.32916949e-02
554 4 3.14159265e+00 9.38364801e-02
555 4 3.14159265e+00 9.44174726e-02
556 4 3.14159265e+00 9.45582121e-02
557 4 3.14159265e+00 9.46179068e-02
558 4 3.14159265e+00 9.52243296e-02
559 4 3.14159265e+00 9.59893784e-02
560 4 3.14159265e+00 9.53134611e-02
561 4 3.14159265e+00 9.37591438e-02
562 4 3.14159265e+00 9.47947823e-02
563 4 3.14159265e+00 9.36673840e-02
564 4 3.14159265e+00 9.46529087e-02
565 4 3.14159265e+00 9.39444285e-02
566 4 3.14159265e+00 9.62097480e-02
567 4 3.14159265e+00 9.45700428e-02
568 4 3.14159265e+00 9.46752797e-02
569 4 3.14159265e+00 9.49135876e-02
570 4 3.14159265e+00 9.43288492e-02
571 4 3.14159265e+00 9.52452789e-02
572 4 3.14159265e+00 9.39782764e-02
573 4 3.14159265e+00 9.45342947e-02
574 4 3.14159265e+00 9.52477830e-02
575 4 3.14159265e+00 9.49169564e-02
576 4 3.14159265e+00 9.48280483e-02
577 4 3.14159265e+00 9.37855011e-02
578 4 3.14159265e+00 9.45054256e-02
579 4 3.14159265e+00 9.45633986e-02
580 4 3.14159265e+00 9.34541243e-02
581 4 3.14159265e+00 9.29283576e-02
582 4 3.14159265e+00 9.50854439e-02
583 4 3.14159265e+00 9.51983436e-02
584 4 3.14159265e+00 9.43127286e-02
585 4 3.14159265e+00 9.42783989e-02
586 4 3.14159265e+00 9.43463845e-02
587 4 3.14159265e+00 9.56026844e-02
588 4 3.14159265e+00 9.52105157e-02
589 4 3.14159265e+00 9.43136344e-02
590 4 3.14159265e+00 9.45212582e-02
591 4 3.14159265e+00 9.37305789e-02
592 4 3.14159265e+00 9.41787523e-02
593 4 3.14159265e+00 9.57282850e-02
594 4 3.14159265e+00 9.44065294e-02
595 4 3.14159265e+00 9.41480221e-02
596 4 3.14159265e+00 9.51699245e-02
597 4 3.14159265e+00 9.41573963e-02
598 4 3.14159265e+00 9.39941542e-02
599 4 3.14159265e+00 9.41824915e-02
600 4 3.14159265e+00 9.44326509e-02
601 4 3.14159265e+00 9.43201129e-02
602 4 3.14159265e+00 9.53768610e-02
603 4 3.14159265e+00 9.48015629e-02
604 4 3.14159265e+00 9.43055022e-02
605 4 3.14159265e+00 9.52949025e-02
606 4 3.14159265e+00 9.48504450e-02
607 4 3.14159265e+00 9.40020586e-02
608 4 3.14159265e+00 9.42447831e-02
609 4 3.14159265e+00 9.53169557e-02
610 4 3.14159265e+00 9.49865227e-02
611 4 3.14159265e+00 9.50737860e-02
612 4 3.14159265e+00 9.42168044e-02
613 4 3.14159265e+00 9.57406514e-02
614 4 3.14159265e+00 9.42272474e-02
615 4 3.14159265e+00 9.40400263e-02
616 4 3.14159265e+00 9.40154410e-02
617 4 3.14159265e+00 9.42766365e-02
618 4 3.14159265e+00 9.50211859e-02
619 4 3.14159265e+00 9.41785676e-02
620 4 3.14159265e+00 9.59629240e-02
621 4 3.14159265e+00 9.41105693e-02
622 4 3.14159265e+00 9.39808808e-02
623 4 3.14159265e+00 9.48603288e-02
624 4 3.14159265e+00 9.41120262e-02
625 4 3.14159265e+00 9.50901342e-02
626 4 3.14159265e+00 9.39298130e-02
627 4 3.14159265e+00 9.53968152e-02
628 4 3.14159265e+00 9.58663816e-02
629 4 3.14159265e+00 9.64185762e-02
630 4 3.14159265e+00 9.47494185e-02
631 4 3.14159265e+00 9.47748517e-02
632 4 3.14159265e+00 9.37565484e-02
633 4 3.14159265e+00 9.28717033e-02
634 4 3.14159265e+00 9.45653438e-02
635 4 3.14159265e+00 9.42711544e-02
636 4 3.14159265e+00 9.35042917e-02
637 4 3.14159265e+00 9.56184982e-02
638 4 3.14159265e+00 9.29738655e-02
639 4 3.14159265e+00 9.51689717e-02
640 4 3.14159265e+00 9.45708452e-02
641 4 3.14159265e+00 9.51536641e-02
642 4 3.14159265e+00 9.54027593e-02
643 4 3.14159265e+00 9.50290263e-02
644 4 3.14159265e+00 9.53554108e-02
645 4 3.14159265e+00 9.43840712e-02
646 4 3.14159265e+00 9.50434414e-02
647 4 3.14159265e+00 9.54485949e-02
648 4 3.14159265e+00 9.47987411e-02
649 4 3.14159265e+00 9.56484596e-02
650 4 3.14159265e+00 9.51957185e-02
651 4 3.14159265e+00 9.43729976e-02
652 4 3.14159265e+00 9.43739526e-02
653 4 3.14159265e+00 9.55338179e-02
654 4 3.14159265e+00 9.57577380e-02
655 4 3.14159265e+00 9.54001135e-02
656 4 3.14159265e+00 9.48065782e-02
657 4 3.14159265e+00 9.36610920e-02
658 4 3.14159265e+00 9.46147897e-02
659 4 3.14159265e+00 9.46346721e-02
660 4 3.14159265e+00 9.47955505e-02
661 4 3.14159265e+00 9.33038707e-02
662 4 3.14159265e+00 9.49640303e-02
663 4 3.14159265e+00 9.49001915e-02
664 4 3.14159265e+00 9.44819106e-02
665 4 3.14159265e+00 9.51943456e-02
666 4 3.14159265e+00 9.44225687e-02
667 4 3.14159265e+00 9.68964029e-02
668 4 3.14159265e+00 9.53983595e-02
669 4 3.14159265e+00 9.51149488e-02
670 4 3.14159265e+00 9.45996822e-02
671 4 3.14159265e+00 9.55144408e-02
672 4 3.14159265e+00 9.47014645e-02
673 4 3.14159265e+00 9.57941153e-02
674 4 3.14159265e+00 9.38316049e-02
675 4 3.14159265e+00 9.41115475e-02
676 4 3.14159265e+00 9.48451967e-02
677 4 3.14159265e+00 9.45317976e-02
678 4 3.14159265e+00 9.45562656e-02
679 4 3.14159265e+00 9.53749799e-02
680 4 3.14159265e+00 9.61791016e-02
681 4 3.14159265e+00 9.51506615e-02
682 4 3.14159265e+00 9.52100811e-02
683 4 3.14159265e+00 9.45497893e-02
684 4 3.14159265e+00 9.48060299e-02
685 4 3.14159265e+00 9.39956519e-02
686 4 3.14159265e+00 9.53167916e-02
687 4 3.14159265e+00 9.43359627e-02
688 4 3.14159265e+00 9.53873831e-02
689 4 3.14159265e+00 9.33342012e-02
690 4 3.14159265e+00 9.44986195e-02
691 4 3.14159265e+00 9.31183867e-02
692 4 3.14159265e+00 9.46410050e-02
693 4 3.14159265e+00 9.55624719e-02
694 4 3.14159265e+00 9.52546110e-02
695 4 3.14159265e+00 9.48561135e-02
696 4 3.14159265e+00 9.50922570e-02
697 4 3.14159265e+00 9.48485435e-02
698 4 3.14159265e+00 9.40767923e-02
699 4 3.14159265e+00 9.34510291e-02
700 4 3.14159265e+00 9.43576123e-02
701 4 3.14159265e+00 9.43345977e-02
702 4 3.14159265e+00 9.45187148e-02
703 4 3.14159265e+00 9.46076393e-02
704 4 3.14159265e+00 9.43445738e-02
705 4 3.14159265e+00 9.57938721e-02
706 4 3.14159265e+00 9.57256115e-02
707 4 3.14159265e+00 9.45896608e-02
708 4 3.14159265e+00 9.50585177e-02
709 4 3.14159265e+00 9.39297450e-02
710 4 3.14159265e+00 9.42496467e-02
711 4 3.14159265e+00 9.48571088e-02
712 4 3.14159265e+00 9.48600812e-02
713 4 3.14159265e+00 9.56302027e-02
714 4 3.14159265e+00 9.37540495e-02
715 4 3.14159265e+00 9.51879901e-02
716 4 3.14159265e+00 9.52528831e-02
717 4 3.14159265e+00 9.48734622e-02
718 4 3.14159265e+00 9.44476570e-02
719 4 3.14159265e+00 9.45729214e-02
720 4 3.14159265e+00 9.42739350e-02
721 4 3.14159265e+00 9.46885356e-02
722 4 3.14159265e+00 9.49287078e-02
723 4 3.14159265e+00 9.47626220e-02
724 4 3.14159265e+00 9.37307244e-02
725 4 3.14159265e+00 9.49573660e-02
726 4 3.14159265e+00 9.47137369e-02
727 4 3.14159265e+00 9.33698599e-02
728 4 3.14159265e+00 9.46040643e-02
729 4 3.14159265e+00 9.37921884e-02
730 4 3.14159265e+00 9.43283419e-02
731 4 3.14159265e+00 9.32307367e-02
732 4 3.14159265e+00 9.52576532e-02
733 4 3.14159265e+00 9.54548791e-02
734 4 3.14159265e+00 9.37024841e-02
735 4 3.14159265e+00 9.45371855e-02
736 4 3.14159265e+00 9.52104163e-02
737 4 3.14159265e+00 9.44312442e-02
738 4 3.14159265e+00 9.38936047e-02
739 4 3.14159265e+00 9.45226073e-02
740 4 3.14159265e+00 9.36906716e-02
741 4 3.14159265e+00 9.39369856e-02
742 4 3.14159265e+00 9.43266306e-02
743 4 3.14159265e+00 9.46092981e-02
744 4 3.14159265e+00 9.41458350e-02
745 4 3.14159265e+00 9.35538337e-02
746 4 3.14159265e+00 9.38361769e-02
747 4 3.14159265e+00 9.43216204e-02
748 4 3.14159265e+00 9.41792072e-02
749 4 3.14159265e+00 9.51760269e-02
750 4 3.14159265e+00 9.47431198e-02
751 4 3.14159265e+00 9.53160295e-02
752 4 3.14159265e+00 9.40573390e-02
753 4 3.14159265e+00 9.40657304e-02
754 4 3.14159265e+00 9.44473092e-02
755 4 3.14159265e+00 9.54941713e-02
756 4 3.14159265e+00 9.36233898e-02
757 4 3.14159265e+00 9.39001868e-02
758 4 3.14159265e+00 9.57409336e-02
759 4 3.14159265e+00 9.49086978e-02
760 4 3.14159265e+00 9.39820013e-02
761 4 3.14159265e+00 9.44094260e-02
762 4 3.14159265e+00 9.50241808e-02
763 4 3.14159265e+00 9.54096515e-02
764 4 3.14159265e+00 9.52710967e-02
765 4 3.14159265e+00 9.45316780e-02
766 4 3.14159265e+00 9.50973694e-02
767 4 3.14159265e+00 9.30932539e-02
768 4 3.14159265e+00 9.41927519e-02
769 4 3.14159265e+00 9.41480327e-02
770 4 3.14159265e+00 9.40934986e-02
771 4 3.14159265e+00 9.44233922e-02
772 4 3.14159265e+00 9.46387571e-02
773 4 3.14159265e+00 9.57785573e-02
774 4 3.14159265e+00 9.49129061e-02
775 4 3.14159265e+00 9.42199653e-02
776 4 3.14159265e+00 9.36161562e-02
777 4 3.14159265e+00 9.51528393e-02
778 4 3.14159265e+00 9.43699565e-02
779 4 3.14159265e+00 9.42202645e-02
780 4 3.14159265e+00 9.41368021e-02
781 4 3.14159265e+00 9.45115514e-02
782 4 3.14159265e+00 9.41862194e-02
783 4 3.14159265e+00 9.37458183e-02
784 4 3.14159265e+00 9.23264342e-02
785 4 3.14159265e+00 9.38255741e-02
786 4 3.14159265e+00 9.48973910e-02
787 4 3.14159265e+00 9.41755294e-02
788 4 3.14159265e+00 9.39551369e-02
789 4 3.14159265e+00 9.42727450e-02
790 4 3.14159265e+00 9.39181099e-02
791 4 3.14159265e+00 9.45851154e-02
792 4 3.14159265e+00 9.50913283e-02
793 4 3.14159265e+00 9.40685955e-02
794 4 3.14159265e+00 9.54719869e-02
795 4 3.14159265e+00 9.58737227e-02
796 4 3.14159265e+00 9.49169353e-02
797 4 3.14159265e+00 9.38174742e-02
798 4 3.14159265e+00 9.45637512e-02
799 4 3.14159265e+00 9.49316055e-02
800 4 3.14159265e+00 9.44012235e-02
801 4 3.14159265e+00 9.43005975e-02
802 4 3.14159265e+00 9.32869923e-02
803 4 3.14159265e+00 9.51295581e-02
804 4 3.14159265e+00 9.39552320e-02
805 4 3.14159265e+00 9.34824269e-02
806 4 3.14159265e+00 9.55565789e-02
807 4 3.14159265e+00 9.51454732e-02
808 4 3.14159265e+00 9.49894676e-02
809 4 3.14159265e+00 9.52770482e-02
810 4 3.14159265e+00 9.50792673e-02
811 4 3.14159265e+00 9.48959682e-02
812 4 3.14159265e+00 9.37344113e-02
813 4 3.14159265e+00 9.46615741e-02
814 4 3.14159265e+00 9.44506534e-02
815 4 3.14159265e+00 9.50333615e-02
816 4 3.14159265e+00 9.48663465e-02
817 4 3.14159265e+00 9.55982050e-02
818 4 3.14159265e+00 9.41503192e-02
819 4 3.14159265e+00 9.42111138e-02
820 4 3.14159265e+00 9.54077239e-02
821 4 3.14159265e+00 9.47614900e-02
822 4 3.14159265e+00 9.54969162e-02
823 4 3.14159265e+00 9.47861242e-02
824 4 3.14159265e+00 9.47126190e-02
825 4 3.14159265e+00 9.36729048e-02
826 4 3.14159265e+00 9.47658509e-02
827 4 3.14159265e+00 9.39468175e-02
828 4 3.14159265e+00 9.48407739e-02
829 4 3.14159265e+00 9.56076279e-02
830 4 3.14159265e+00 9.41355105e-02
831 4 3.14159265e+00 9.54696183e-02
832 4 3.14159265e+00 9.53463810e-02
833 4 3.14159265e+00 9.40401736e-02
834 4 3.14159265e+00 9.43509983e-02
835 4 3.14159265e+00 9.45682250e-02
836 4 3.14159265e+00 9.50872699e-02
837 4 3.14159265e+00 9.50749286e-02
838 4 3.14159265e+00 9.45675025e-02
839 4 3.14159265e+00 9.50400319e-02
840 4 3.14159265e+00 9.45860343e-02
841 4 3.14159265e+00 9.46809648e-02
842 4 3.14159265e+00 9.46546004e-02
843 4 3.14159265e+00 9.53593783e-02
844 4 3.14159265e+00 9.39774520e-02
845 4 3.14159265e+00 9.55678768e-02
846 4 3.14159265e+00 9.51970995e-02
847 4 3.14159265e+00 9.30804459e-02
848 4 3.14159265e+00 9.54244414e-02
849 4 3.14159265e+00 9.50716717e-02
850 4 3.14159265e+00 9.32796602e-02
851 4 3.14159265e+00 9.58248493e-02
852 4 3.14159265e+00 9.50713213e-02
853 4 3.14159265e+00 9.31132499e-02
854 4 3.14159265e+00 9.45466769e-02
855 4 3.14159265e+00 9.47142904e-02
856 4 3.14159265e+00 9.40844726e-02
857 4 3.14159265e+00 9.48107702e-02
858 4 3.14159265e+00 9.58603881e-02
859 4 3.14159265e+00 9.48443911e-02
860 4 3.14159265e+00 9.53145288e-02
861 4 3.14159265e+00 9.47245891e-02
862 4 3.14159265e+00 9.49458019e-02
863 4 3.14159265e+00 9.39467146e-02
864 4 3.14159265e+00 9.58302058e-02
865 4 3.14159265e+00 9.43541312e-02
866 4 3.14159265e+00 9.51507885e-02
867 4 3.14159265e+00 9.47268838e-02
868 4 3.14159265e+00 9.50165357e-02
869 4 3.14159265e+00 9.47926689e-02
870 4 3.14159265e+00 9.50402773e-02
871 4 3.14159265e+00 9.51881847e-02
872 4 3.14159265e+00 9.51407181e-02
873 4 3.14159265e+00 9.50549690e-02
874 4 3.14159265e+00 9.32038226e-02
875 4 3.14159265e+00 9.43172021e-02
876 4 3.14159265e+00 9.48394131e-02
877 4 3.14159265e+00 9.44278686e-02
878 4 3.14159265e+00 9.36785808e-02
879 4 3.14159265e+00 9.45986912e-02
880 4 3.14159265e+00 9.34447869e-02
881 4 3.14159265e+00 9.46694563e-02
882 4 3.14159265e+00 9.50355807e-02
883 4 3.14159265e+00 9.49058391e-02
884 4 3.14159265e+00 9.39925021e-02
885 4 3.14159265e+00 9.53955778e-02
886 4 3.14159265e+00 9.61794916e-02
887 4 3.14159265e+00 9.48911558e-02
888 4 3.14159265e+00 9.50868580e-02
889 4 3.14159265e+00 9.48216662e-02
890 4 3.14159265e+00 9.47031938e-02
891 4 3.14159265e+00 9.43691567e-02
892 4 3.14159265e+00 9.43190641e-02
893 4 3.14159265e+00 9.40762560e-02
894 4 3.14159265e+00 9.53937243e-02
895 4 3.14159265e+00 9.60514399e-02
896 4 3.14159265e+00 9.48713325e-02
897 4 3.14159265e+00 9.56147180e-02
898 4 3.14159265e+00 9.54128485e-02
899 4 3.14159265e+00 9.35885754e-02
900 4 3.14159265e+00 9.47333156e-02
901 4 3.14159265e+00 9.49731268e-02
902 4 3.14159265e+00 9.57421618e-02
903 4 3.14159265e+00 9.50856465e-02
904 4 3.14159265e+00 9.47309355e-02
905 4 3.14159265e+00 9.39119382e-02
906 4 3.14159265e+00 9.52068883e-02
907 4 3.14159265e+00 9.39787122e-02
908 4 3.14159265e+00 9.42847925e-02
909 4 3.14159265e+00 9.56509133e-02
910 4 3.14159265e+00 9.49604978e-02
911 4 3.14159265e+00 9.50200128e-02
912 4 3.14159265e+00 9.42837879e-02
913 4 3.14159265e+00 9.57081917e-02
914 4 3.14159265e+00 9.41961522e-02
915 4 3.14159265e+00 9.42031653e-02
916 4 3.14159265e+00 9.35832460e-02
917 4 3.14159265e+00 9.55839590e-02
918 4 3.14159265e+00 9.58952174e-02
919 4 3.14159265e+00 9.44638583e-02
920 4 3.14159265e+00 9.45072838e-02
921 4 3.14159265e+00 9.50344606e-02
922 4 3.14159265e+00 9.51264724e-02
923 4 3.14159265e+00 9.43903449e-02
924 4 3.14159265e+00 9.49185506e-02
925 4 3.14159265e+00 9.52280092e-02
926 4 3.14159265e+00 9.45419114e-02
927 4 3.14159265e+00 9.44522688e-02
928 4 3.14159265e+00 9.51702654e-02
929 4 3.14159265e+00 9.52534039e-02
930 4 3.14159265e+00 9.37511484e-02
931 4 3.14159265e+00 9.46407468e-02
932 4 3.14159265e+00 9.45999993e-02
933 4 3.14159265e+00 9.49909460e-02
934 4 3.14159265e+00 9.42516480e-02
935 4 3.14159265e+00 9.45726261e-02
936 4 3.14159265e+00 9.47856316e-02
937 4 3.14159265e+00 9.41136397e-02
938 4 3.14159265e+00 9.47478614e-02
939 4 3.14159265e+00 9.55871874e-02
940 4 3.14159265e+00 9.32959824e-02
941 4 3.14159265e+00 9.39286602e-02
942 4 3.14159265e+00 9.48644762e-02
943 4 3.14159265e+00 9.48507550e-02
944 4 3.14159265e+00 9.51550601e-02
945 4 3.14159265e+00 9.39912113e-02
946 4 3.14159265e+00 9.56776658e-02
947 4 3.14159265e+00 9.40516179e-02
948 4 3.14159265e+00 9.47548537e-02
949 4 3.14159265e+00 9.45736307e-02
950 4 3.14159265e+00 9.40510060e-02
951 4 3.14159265e+00 9.53944371e-02
952 4 3.14159265e+00 9.34618398e-02
953 4 3.14159265e+00 9.43916668e-02
954 4 3.14159265e+00 9.44136050e-02
955 4 3.14159265e+00 9.44613141e-02
956 4 3.14159265e+00 9.48350910e-02
957 4 3.14159265e+00 9.48643650e-02
958 4 3.14159265e+00 9.33614492e-02
959 4 3.14159265e+00 9.37897368e-02
960 4 3.14159265e+00 9.55154710e-02
961 4 3.14159265e+00 9.55730276e-02
962 4 3.14159265e+00 9.48891642e-02
963 4 3.14159265e+00 9.39806548e-02
964 4 3.14159265e+00 9.56733960e-02
965 4 3.14159265e+00 9.49025497e-02
966 4 3.14159265e+00 9.43154173e-02
967 4 3.14159265e+00 9.59213851e-02
968 4 3.14159265e+00 9.39862942e-02
969 4 3.14159265e+00 9.35938797e-02
970 4 3.14159265e+00 9.41060526e-02
971 4 3.14159265e+00 9.39665508e-02
972 4 3.14159265e+00 9.36340458e-02
973 4 3.14159265e+00 9.45836814e-02
974 4 3.14159265e+00 9.43163068e-02
975 4 3.14159265e+00 9.46260768e-02
976 4 3.14159265e+00 9.43111238e-02
977 4 3.14159265e+00 9.45114816e-02
978 4 3.14159265e+00 9.35632583e-02
979 4 3.14159265e+00 9.26801897e-02
980 4 3.14159265e+00 9.49214874e-02
981 4 3.14159265e+00 9.46044646e-02
982 4 3.14159265e+00 9.42325790e-02
983 4 3.14159265e+00 9.54575515e-02
984 4 3.14159265e+00 9.38289566e-02
985 4 3.14159265e+00 9.54446320e-02
986 4 3.14159265e+00 9.57386450e-02
987 4 3.14159265e+00 9.34115253e-02
988 4 3.14159265e+00 9.36508672e-02
989 4 3.14159265e+00 9.48154879e-02
990 4 3.14159265e+00 9.50051262e-02
991 4 3.14159265e+00 9.46829389e-02
992 4 3.14159265e+00 9.48665114e-02
993 4 3.14159265e+00 9.42964004e-02
994 4 3.14159265e+00 9.46304127e-02
995 4 3.14159265e+00 9.60691313e-02
996 4 3.14159265e+00 9.52381676e-02
997 4 3.14159265e+00 9.50370346e-02
998 4 3.14159265e+00 9.48274794e-02
999 4 3.14159265e+00 9.42148794e-02
1000 4 3.14159265e+00 9.46826283e-02
1001 4 3.14159265e+00 9.65642390e-02
1002 4 3.14159265e+00 9.36795524e-02
1003 4 3.14159265e+00 9.42469873e-02
1004 4 3.14159265e+00 9.41410735e-02
1005 4 3.14159265e+00 9.40628889e-02
1006 4 3.14159265e+00 9.49384027e-02
1007 4 3.14159265e+00 9.45143044e-02
1008 4 3.14159265e+00 9.50270397e-02
1009 4 3.14159265e+00 9.42154359e-02
1010 4 3.14159265e+00 9.40761620e-02
1011 4 3.14159265e+00 9.44079514e-02
1012 4 3.14159265e+00 9.39620682e-02
1013 4 3.14159265e+00 9.49034437e-02
1014 4 3.14159265e+00 9.45965424e-02
1015 4 3.14159265e+00 9.39701538e-02
1016 4 3.14159265e+00 9.44954807e-02
1017 4 3.14159265e+00 9.32378731e-02
1018 4 3.14159265e+00 9.54143068e-02
1019 4 3.14159265e+00 9.46800322e-02
1020 4 3.14159265e+00 9.41570735e-02
1021 4 3.14159265e+00 9.46106746e-02
1022 4 3.14159265e+00 9.50404448e-02
1023 4 3.14159265e+00 9.46355164e-02
1024 4 3.14159265e+00 9.46717618e-02
1025 4 3.14159265e+00 9.44935067e-02
0 5 3.92699082e+00 1.03169948e-01
1 5 3.92699082e+00 1.02152383e-01
2 5 3.92699082e+00 1.02427541e-01
3 5 3.92699082e+00 1.02391288e-01
4 5 3.92699082e+00 1.02306653e-01
5 5 3.92699082e+00 1.00674731e-01
6 5 3.92699082e+00 1.02730706e-01
7 5 3.92699082e+00 1.03341725e-01
8 5 3.92699082e+00 1.02674767e-01
9 5 3.92699082e+00 1.01671999e-01
10 5 3.92699082e+00 1.01479375e-01
11 5 3.92699082e+00 1.02482628e-01
12 5 3.92699082e+00 1.01851176e-01
13 5 3.92699082e+00 1.04287946e-01
14 5 3.92699082e+00 1.02866310e-01
15 5 3.92699082e+00 1.01710806e-01
16 5 3.92699082e+00 1.00359742e-01
17 5 3.92699082e+00 1.01682987e-01
18 5 3.92699082e+00 1.00142416e-01
19 5 3.92699082e+00 1.01849196e-01
20 5 3.92699082e+00 1.02841537e-01
21 5 3.92699082e+00 1.01227394e-01
22 5 3.92699082e+00 1.01526286e-01
23 5 3.92699082e+00 1.02305160e-01
24 5 3.92699082e+00 1.01641745e-01
25 5 3.92699082e+00 1.01302656e-01
26 5 3.92699082e+00 1.01528293e-01
27 5 3.92699082e+00 1.02671535e-01
28 5 3.92699082e+00 1.03835198e-01
29 5 3.92699082e+00 1.02685964e-01
30 5 3.92699082e+00 1.02584218e-01
31 5 3.92699082e+00 1.03003829e-01
32 5 3.92699082e+00 1.01056195e-01
33 5 3.92699082e+00 1.03722631e-01
34 5 3.92699082e+00 1.01696136e-01
35 5 3.92699082e+00 1.00688739e-01
36 5 3.92699082e+00 1.01720279e-01
37 5 3.92699082e+00 1.01927376e-01
38 5 3.92699082e+00 1.02632628e-01
39 5 3.92699082e+00 1.02133538e-01
40 5 3.92699082e+00 1.01218077e-01
41 5 3.92699082e+00 1.02677352e-01
42 5 3.92699082e+00 1.02117975e-01
43 5 3.92699082e+00 1.01526792e-01
44 5 3.92699082e+00 1.02181241e-01
45 5 3.92699082e+00 1.01794226e-01
46 5 3.92699082e+00 1.02516835e-01
47 5 3.92699082e+00 1.03619474e-01
48 5 3.92699082e+00 1.03429591e-01
49 5 3.92699082e+00 1.01920621e-01
50 5 3.92699082e+00 1.01676182e-01
51 5 3.92699082e+00 1.02706528e-01
52 5 3.92699082e+00 1.01861811e-01
53 5 3.92699082e+00 1.02696706e-01
54 5 3.92699082e+00 1.03405538e-01
55 5 3.92699082e+00 1.02632183e-01
56 5 3.92699082e+00 1.02689953e-01
57 5 3.92699082e+00 1.01229418e-01
58 5 3.92699082e+00 1.01361651e-01
59 5 3.92699082e+00 1.00824024e-01
60 5 3.92699082e+00 1.01422482e-01
61 5 3.92699082e+00 1.02162772e-01
62 5 3.92699082e+00 1.01728120e-01
63 5 3.92699082e+00 9.97851385e-02
64 5 3.92699082e+00 1.01445013e-01
65 5 3.92699082e+00 1.02210217e-01
66 5 3.92699082e+00 1.01113783e-01
67 5 3.92699082e+00 1.01676761e-01
68 5 3.92699082e+00 1.01263152e-01
69 5 3.92699082e+00 1.02065497e-01
70 5 3.92699082e+00 1.02411713e-01
71 5 3.92699082e+00 1.01665555e-01
72 5 3.92699082e+00 1.00923301e-01
73 5 3.92699082e+00 1.02699121e-01
74 5 3.92699082e+00 1.02165901e-01
75 5 3.92699082e+00 1.02359221e-01
76 5 3.92699082e+00 1.00453712e-01
77 5 3.92699082e+00 1.02722655e-01
78 5 3.92699082e+00 1.02510513e-01
79 5 3.92699082e+00 1.02482829e-01
80 5 3.92699082e+00 1.01551571e-01
81 5 3.92699082e+00 1.03043932e-01
82 5 3.92699082e+00 1.01510982e-01
83 5 3.92699082e+00 1.02063881e-01
84 5 3.92699082e+00 1.01310440e-01
85 5 3.92699082e+00 1.02136279e-01
86 5 3.92699082e+00 1.01695350e-01
87 5 3.92699082e+00 1.02532160e-01
88 5 3.92699082e+00 1.03036605e-01
89 5 3.92699082e+00 1.02652890e-01
90 5 3.92699082e+00 1.03247654e-01
91 5 3.92699082e+00 1.01897263e-01
92 5 3.92699082e+00 1.01879186e-01
93 5 3.92699082e+00 1.02848783e-01
94 5 3.92699082e+00 1.02046756e-01
95 5 3.92699082e+00 1.02305480e-01
96 5 3.92699082e+00 1.01840626e-01
97 5 3.92699082e+00 1.01219531e-01
98 5 3.92699082e+00 1.01097257e-01
99 5 3.92699082e+00 1.01746027e-01
100 5 3.92699082e+00 1.02410203e-01
101 5 3.92699082e+00 1.02893584e-01
102 5 3.92699082e+00 1.02760818e-01
103 5 3.92699082e+00 1.03394645e-01
104 5 3.92699082e+00 1.02238193e-01
105 5 3.92699082e+00 9.95965049e-02
106 5 3.92699082e+00 1.01877631e-01
107 5 3.92699082e+00 1.01563898e-01
108 5 3.92699082e+00 1.02996020e-01
109 5 3.92699082e+00 1.02420168e-01
110 5 3.92699082e+00 1.03330877e-01
111 5 3.92699082e+00 1.02609269e-01
112 5 3.92699082e+00 1.01946531e-01
113 5 3.92699082e+00 1.01842824e-01
114 5 3.92699082e+00 1.02848952e-01
115 5 3.92699082e+00 1.03731640e-01
116 5 3.92699082e+00 1.01272006e-01
117 5 3.92699082e+00 1.01170024e-01
118 5 3.92699082e+00 1.02693756e-01
119 5 3.92699082e+00 1.01312944e-01
120 5 3.92699082e+00 1.01325947e-01
121 5 3.92699082e+00 1.02554808e-01
122 5 3.92699082e+00 1.02578137e-01
123 5 3.92699082e+00 1.01329443e-01
124 5 3.92699082e+00 1.02521020e-01
125 5 3.92699082e+00 1.02675302e-01
126 5 3.92699082e+00 1.01413090e-01
127 5 3.92699082e+00 1.02874893e-01
128 5 3.92699082e+00 1.02288461e-01
129 5 3.92699082e+00 1.01679414e-01
130 5 3.92699082e+00 1.02928233e-01
131 5 3.92699082e+00 1.02179590e-01
132 5 3.92699082e+00 1.01139694e-01
133 5 3.92699082e+00 1.03268997e-01
134 5 3.92699082e+00 1.01316414e-01
135 5 3.92699082e+00 1.03209957e-01
136 5 3.92699082e+00 1.02072695e-01
137 5 3.92699082e+00 1.01448719e-01
138 5 3.92699082e+00 1.01930022e-01
139 5 3.92699082e+00 1.02708424e-01
140 5 3.92699082e+00 1.01385274e-01
141 5 3.92699082e+00 1.02056291e-01
142 5 3.92699082e+00 1.02014867e-01
143 5 3.92699082e+00 1.02780388e-01
144 5 3.92699082e+00 1.02848862e-01
145 5 3.92699082e+00 1.01342536e-01
146 5 3.92699082e+00 1.02593684e-01
147 5 3.92699082e+00 1.01325868e-01
148 5 3.92699082e+00 1.01227351e-01
149 5 3.92699082e+00 1.02202451e-01
150 5 3.92699082e+00 1.01599935e-01
151 5 3.92699082e+00 1.01870672e-01
152 5 3.92699082e+00 1.02629940e-01
153 5 3.92699082e+00 1.01754708e-01
154 5 3.92699082e+00 1.01268861e-01
155 5 3.92699082e+00 1.01906777e-01
156 5 3.92699082e+00 1.02570900e-01
157 5 3.92699082e+00 1.03284060e-01
158 5 3.92699082e+00 1.02503095e-01
159 5 3.92699082e+00 1.02714333e-01
160 5 3.92699082e+00 1.00961739e-01
161 5 3.92699082e+00 1.01682997e-01
162 5 3.92699082e+00 1.01834353e-01
163 5 3.92699082e+00 1.03046955e-01
164 5 3.92699082e+00 1.01747761e-01
165 5 3.92699082e+00 1.01810156e-01
166 5 3.92699082e+00 1.01077855e-01
167 5 3.92699082e+00 1.01489528e-01
168 5 3.92699082e+00 1.01784823e-01
169 5 3.92699082e+00 1.03544182e-01
170 5 3.92699082e+00 1.01841057e-01
171 5 3.92699082e+00 1.01188141e-01
172 5 3.92699082e+00 1.01295854e-01
173 5 3.92699082e+00 1.03531294e-01
174 5 3.92699082e+00 1.02499159e-01
175 5 3.92699082e+00 1.01335913e-01
176 5 3.92699082e+00 1.02102033e-01
177 5 3.92699082e+00 1.02665978e-01
178 5 3.92699082e+00 1.02650818e-01
179 5 3.92699082e+00 1.02618536e-01
180 5 3.92699082e+00 1.00953922e-01
181 5 3.92699082e+00 1.01544253e-01
182 5 3.92699082e+00 1.01555207e-01
183 5 3.92699082e+00 1.01725467e-01
184 5 3.92699082e+00 1.00768230e-01
185 5 3.92699082e+00 1.01761765e-01
186 5 3.92699082e+00 1.01859621e-01
187 5 3.92699082e+00 1.02762231e-01
188 5 3.92699082e+00 1.02019418e-01
189 5 3.92699082e+00 1.01761945e-01
190 5 3.92699082e+00 1.03403512e-01
191 5 3.92699082e+00 1.02599929e-01
192 5 3.92699082e+00 1.01959447e-01
193 5 3.92699082e+00 1.01997937e-01
194 5 3.92699082e+00 1.01990336e-01
195 5 3.92699082e+00 1.02141751e-01
196 5 3.92699082e+00 1.01029890e-01
197 5 3.92699082e+00 1.01518151e-01
198 5 3.92699082e+00 1.02720221e-01
199 5 3.92699082e+00 1.03131774e-01
200 5 3.92699082e+00 1.01705680e-01
201 5 3.92699082e+00 1.00371519e-01
202 5 3.92699082e+00 1.01477976e-01
203 5 3.92699082e+00 1.02447935e-01
204 5 3.92699082e+00 1.02404162e-01
205 5 3.92699082e+00 1.01165049e-01
206 5 3.92699082e+00 1.01462528e-01
207 5 3.92699082e+00 1.02644510e-01
208 5 3.92699082e+00 1.02579355e-01
209 5 3.92699082e+00 1.02654908e-01
210 5 3.92699082e+00 1.01277345e-01
211 5 3.92699082e+00 1.02371940e-01
212 5 3.92699082e+00 1.03718493e-01
213 5 3.92699082e+00 1.00889523e-01
214 5 3.92699082e+00 1.02425737e-01
215 5 3.92699082e+00 1.01532626e-01
216 5 3.92699082e+00 1.01942899e-01
217 5 3.92699082e+00 1.01602823e-01
218 5 3.92699082e+00 1.02017732e-01
219 5 3.92699082e+00 1.02162839e-01
220 5 3.92699082e+00 1.01850506e-01
221 5 3.92699082e+00 1.01060242e-01
222 5 3.92699082e+00 1.03686990e-01
223 5 3.92699082e+00 1.02075854e-01
224 5 3.92699082e+00 1.02327861e-01
225 5 3.92699082e+00 1.01329446e-01
226 5 3.92699082e+00 1.02235087e-01
227 5 3.92699082e+00 1.03361457e-01
228 5 3.92699082e+00 1.01766220e-01
229 5 3.92699082e+00 1.03556323e-01
230 5 3.92699082e+00 1.00543101e-01
231 5 3.92699082e+00 1.02533021e-01
232 5 3.92699082e+00 1.02473457e-01
233 5 3.92699082e+00 1.02115461e-01
234 5 3.92699082e+00 1.02716693e-01
235 5 3.92699082e+00 1.03568041e-01
236 5 3.92699082e+00 1.03630195e-01
237 5 3.92699082e+00 1.01886474e-01
238 5 3.92699082e+00 1.02156683e-01
239 5 3.92699082e+00 1.01565428e-01
240 5 3.92699082e+00 1.01890888e-01
241 5 3.92699082e+00 1.02470609e-01
242 5 3.92699082e+00 1.01378020e-01
243 5 3.92699082e+00 1.02750242e-01
244 5 3.92699082e+00 1.01496851e-01
245 5 3.92699082e+00 1.02007194e-01
246 5 3.92699082e+00 1.01989658e-01
247 5 3.92699082e+00 1.02343791e-01
248 5 3.92699082e+00 1.03505648e-01
249 5 3.92699082e+00 1.02362521e-01
250 5 3.92699082e+00 1.01158265e-01
251 5 3.92699082e+00 1.02134328e-01
252 5 3.92699082e+00 1.03237445e-01
253 5 3.92699082e+00 1.00994273e-01
254 5 3.92699082e+00 1.02359328e-01
255 5 3.92699082e+00 1.03904448e-01
256 5 3.92699082e+00 1.01838277e-01
257 5 3.92699082e+00 1.01338465e-01
258 5 3.92699082e+00 1.01237376e-01
259 5 3.92699082e+00 1.03159096e-01
260 5 3.92699082e+00 1.00995111e-01
261 5 3.92699082e+00 1.02255116e-01
262 5 3.92699082e+00 1.02483806e-01
263 5 3.92699082e+00 1.04427307e-01
264 5 3.92699082e+00 1.02857668e-01
265 5 3.92699082e+00 1.02574679e-01
266 5 3.92699082e+00 1.01889505e-01
267 5 3.92699082e+00 1.01511379e-01
268 5 3.92699082e+00 1.02065160e-01
269 5 3.92699082e+00 1.01322101e-01
270 5 3.92699082e+00 1.02738290e-01
271 5 3.92699082e+00 1.02414809e-01
272 5 3.92699082e+00 1.02046710e-01
273 5 3.92699082e+00 1.00621903e-01
274 5 3.92699082e+00 1.00955412e-01
275 5 3.92699082e+00 1.01621524e-01
276 5 3.92699082e+00 1.02119051e-01
277 5 3.92699082e+00 1.02925105e-01
278 5 3.92699082e+00 1.01119099e-01
279 5 3.92699082e+00 1.03024298e-01
280 5 3.92699082e+00 1.02343391e-01
281 5 3.92699082e+00 1.01727517e-01
282 5 3.92699082e+00 1.01261526e-01
283 5 3.92699082e+00 1.01319196e-01
284 5 3.92699082e+00 1.02018852e-01
285 5 3.92699082e+00 1.02583486e-01
286 5 3.92699082e+00 1.02139498e-01
287 5 3.92699082e+00 1.01266887e-01
288 5 3.92699082e+00 1.03041909e-01
289 5 3.92699082e+00 1.02303112e-01
290 5 3.92699082e+00 1.03293007e-01
291 5 3.92699082e+00 1.02985475e-01
292 5 3.92699082e+00 1.02459839e-01
293 5 3.92699082e+00 1.02352129e-01
294 5 3.92699082e+00 1.01628662e-01
295 5 3.92699082e+00 1.01461683e-01
296 5 3.92699082e+00 1.02169403e-01
297 5 3.92699082e+00 1.04263390e-01
298 5 3.92699082e+00 1.01239807e-01
299 5 3.92699082e+00 1.01121372e-01
300 5 3.92699082e+00 1.01342965e-01
301 5 3.92699082e+00 1.00934355e-01
302 5 3.92699082e+00 1.00746530e-01
303 5 3.92699082e+00 1.02262610e-01
304 5 3.92699082e+00 1.02675841e-01
305 5 3.92699082e+00 1.02197549e-01
306 5 3.92699082e+00 1.01553488e-01
307 5 3.92699082e+00 1.02073535e-01
308 5 3.92699082e+00 1.01292107e-01
309 5 3.92699082e+00 1.02413671e-01
310 5 3.92699082e+00 1.03192149e-01
311 5 3.92699082e+00 1.01994954e-01
312 5 3.92699082e+00 1.02253606e-01
313 5 3.92699082e+00 1.01432731e-01
314 5 3.92699082e+00 1.02938136e-01
315 5 3.92699082e+00 1.00781692e-01
316 5 3.92699082e+00 1.02947113e-01
317 5 3.92699082e+00 1.01111939e-01
318 5 3.92699082e+00 1.02317818e-01
319 5 3.92699082e+00 1.02842804e-01
320 5 3.92699082e+00 1.01971958e-01
321 5 3.92699082e+00 1.01699530e-01
322 5 3.92699082e+00 1.02610824e-01
323 5 3.92699082e+00 1.01581926e-01
324 5 3.92699082e+00 1.02933545e-01
325 5 3.92699082e+00 1.01597945e-01
326 5 3.92699082e+00 1.01744969e-01
327 5 3.92699082e+00 1.03212019e-01
328 5 3.92699082e+00 1.02413968e-01
329 5 3.92699082e+00 1.01119532e-01
330 5 3.92699082e+00 1.01536057e-01
331 5 3.92699082e+00 1.01938481e-01
332 5 3.92699082e+00 1.02142625e-01
333 5 3.92699082e+00 1.02912306e-01
334 5 3.92699082e+00 1.01254660e-01
335 5 3.92699082e+00 1.02520143e-01
336 5 3.92699082e+00 1.02856982e-01
337 5 3.92699082e+00 1.01156689e-01
338 5 3.92699082e+00 1.02217681e-01
339 5 3.92699082e+00 1.03395990e-01
340 5 3.92699082e+00 1.02023359e-01
341 5 3.92699082e+00 1.01156624e-01
342 5 3.92699082e+00 1.02215129e-01
343 5 3.92699082e+00 1.00764024e-01
344 5 3.92699082e+00 1.01761304e-01
345 5 3.92699082e+00 1.03123519e-01
346 5 3.92699082e+00 1.00564549e-01
347 5 3.92699082e+00 1.02428295e-01
348 5 3.92699082e+00 1.02288994e-01
349 5 3.92699082e+00 1.02724440e-01
350 5 3.92699082e+00 1.00731460e-01
351 5 3.92699082e+00 1.02369722e-01
352 5 3.92699082e+00 1.01009053e-01
353 5 3.92699082e+00 1.02520930e-01
354 5 3.92699082e+00 1.02015475e-01
355 5 3.92699082e+00 1.03202316e-01
356 5 3.92699082e+00 1.02770933e-01
357 5 3.92699082e+00 1.03138201e-01
358 5 3.92699082e+00 1.02025625e-01
359 5 3.92699082e+00 1.01708406e-01
360 5 3.92699082e+00 1.01956772e-01
361 5 3.92699082e+00 1.01334242e-01
362 5 3.92699082e+00 1.02846347e-01
363 5 3.92699082e+00 1.01977789e-01
364 5 3.92699082e+00 1.03367971e-01
365 5 3.92699082e+00 1.01652769e-01
366 5 3.92699082e+00 1.00843788e-01
367 5 3.92699082e+00 1.00408730e-01
368 5 3.92699082e+00 1.00138395e-01
369 5 3.92699082e+00 1.01108550e-01
370 5 3.92699082e+00 1.01639402e-01
371 5 3.92699082e+00 1.01537668e-01
372 5 3.92699082e+00 1.02363183e-01
373 5 3.92699082e+00 1.01937373e-01
374 5 3.92699082e+00 1.02370483e-01
375 5 3.92699082e+00 1.01464589e-01
376 5 3.92699082e+00 1.01357297e-01
377 5 3.92699082e+00 1.01735663e-01
378 5 3.92699082e+00 1.02481932e-01
379 5 3.92699082e+00 1.01599978e-01
380 5 3.92699082e+00 1.02003390e-01
381 5 3.92699082e+00 1.02571819e-01
382 5 3.92699082e+00 1.01966232e-01
383 5 3.92699082e+00 1.00102700e-01
384 5 3.92699082e+00 1.01491056e-01
385 5 3.92699082e+00 1.01757030e-01
386 5 3.92699082e+00 1.02592778e-01
387 5 3.92699082e+00 1.03415821e-01
388 5 3.92699082e+00 1.02989155e-01
389 5 3.92699082e+00 1.01341583e-01
390 5 3.92699082e+00 1.01521584e-01
391 5 3.92699082e+00 1.00959720e-01
392 5 3.92699082e+00 1.02752934e-01
393 5 3.92699082e+00 1.01607921e-01
394 5 3.92699082e+00 1.01382206e-01
395 5 3.92699082e+00 1.01397497e-01
396 5 3.92699082e+00 1.01572539e-01
397 5 3.92699082e+00 1.02594540e-01
398 5 3.92699082e+00 1.01109761e-01
399 5 3.92699082e+00 1.02468494e-01
400 5 3.92699082e+00 1.02756475e-01
401 5 3.92699082e+00 1.02530261e-01
402 5 3.92699082e+00 1.01300595e-01
403 5 3.92699082e+00 1.00128264e-01
404 5 3.92699082e+00 1.02456447e-01
405 5 3.92699082e+00 1.02120013e-01
406 5 3.92699082e+00 1.02023622e-01
407 5 3.92699082e+00 1.02130376e-01
408 5 3.92699082e+00 1.00890356e-01
409 5 3.92699082e+00 1.03074423e-01
410 5 3.92699082e+00 1.00971777e-01
411 5 3.92699082e+00 1.01957539e-01
412 5 3.92699082e+00 1.00002083e-01
413 5 3.92699082e+00 1.02420537e-01
414 5 3.92699082e+00 1.02348676e-01
415 5 3.92699082e+00 1.03739279e-01
416 5 3.92699082e+00 1.02887693e-01
417 5 3.92699082e+00 1.01274929e-01
418 5 3.92699082e+00 1.03680754e-01
419 5 3.92699082e+00 1.01607257e-01
420 5 3.92699082e+00 1.02126458e-01
421 5 3.92699082e+00 1.01321446e-01
422 5 3.92699082e+00 1.02025635e-01
423 5 3.92699082e+00 1.02542899e-01
424 5 3.92699082e+00 1.01368550e-01
425 5 3.92699082e+00 1.02208717e-01
426 5 3.92699082e+00 1.00128191e-01
427 5 3.92699082e+00 1.02246987e-01
428 5 3.92699082e+00 1.03190780e-01
429 5 3.92699082e+00 1.02585926e-01
430 5 3.92699082e+00 1.02401976e-01
431 5 3.92699082e+00 1.02038834e-01
432 5 3.92699082e+00 1.02200245e-01
433 5 3.92699082e+00 1.02928776e-01
434 5 3.92699082e+00 1.02377282e-01
435 5 3.92699082e+00 1.03787601e-01
436 5 3.92699082e+00 1.02392458e-01
437 5 3.92699082e+00 1.02945048e-01
438 5 3.92699082e+00 1.03187585e-01
439 5 3.92699082e+00 1.02053334e-01
440 5 3.92699082e+00 1.01912380e-01
441 5 3.92699082e+00 1.01731276e-01
442 5 3.92699082e+00 1.01707866e-01
443 5 3.92699082e+00 1.02084164e-01
444 5 3.92699082e+00 1.02244827e-01
445 5 3.92699082e+00 1.01714622e-01
446 5 3.92699082e+00 1.01699008e-01
447 5 3.92699082e+00 1.02596427e-01
448 5 3.92699082e+00 1.02315348e-01
449 5 3.92699082e+00 1.03313648e-01
450 5 3.92699082e+00 1.02171225e-01
451 5 3.92699082e+00 1.01612055e-01
452 5 3.92699082e+00 1.01548694e-01
453 5 3.92699082e+00 1.01587949e-01
454 5 3.92699082e+00 1.01915407e-01
455 5 3.92699082e+00 1.01555195e-01
456 5 3.92699082e+00 1.01959407e-01
457 5 3.92699082e+00 1.00647389e-01
458 5 3.92699082e+00 1.02984371e-01
459 5 3.92699082e+00 1.03496163e-01
460 5 3.92699082e+00 1.02304243e-01
461 5 3.92699082e+00 1.02286668e-01
462 5 3.92699082e+00 1.01249908e-01
463 5 3.92699082e+00 1.03597056e-01
464 5 3.92699082e+00 1.02784287e-01
465 5 3.92699082e+00 1.02163358e-01
466 5 3.92699082e+00 1.02145824e-01
467 5 3.92699082e+00 1.02326705e-01
468 5 3.92699082e+00 1.02978354e-01
469 5 3.92699082e+00 1.01041563e-01
470 5 3.92699082e+00 1.01694612e-01
471 5 3.92699082e+00 1.02136122e-01
472 5 3.92699082e+00 1.03698157e-01
473 5 3.92699082e+00 1.02260147e-01
474 5 3.92699082e+00 1.01563951e-01
475 5 3.92699082e+00 1.02363212e-01
476 5 3.92699082e+00 1.02748140e-01
477 5 3.92699082e+00 1.02015678e-01
478 5 3.92699082e+00 1.01316965e-01
479 5 3.92699082e+00 1.00421581e-01
480 5 3.92699082e+00 1.02959071e-01
481 5 3.92699082e+00 1.02520534e-01
482 5 3.92699082e+00 1.01516061e-01
483 5 3.92699082e+00 1.02428722e-01
484 5 3.92699082e+00 1.03304185e-01
485 5 3.92699082e+00 1.01930908e-01
486 5 3.92699082e+00 1.02555265e-01
487 5 3.92699082e+00 1.02923281e-01
488 5 3.92699082e+00 1.02161254e-01
489 5 3.92699082e+00 1.02489973e-01
490 5 3.92699082e+00 1.02005525e-01
491 5 3.92699082e+00 1.03043977e-01
492 5 3.92699082e+00 1.02901624e-01
493 5 3.92699082e+00 1.02405073e-01
494 5 3.92699082e+00 1.03393537e-01
495 5 3.92699082e+00 1.02002545e-01
496 5 3.92699082e+00 1.01717093e-01
497 5 3.92699082e+00 1.02461228e-01
498 5 3.92699082e+00 1.02017721e-01
499 5 3.92699082e+00 1.02929901e-01
500 5 3.92699082e+00 1.03017237e-01
501 5 3.92699082e+00 1.03073132e-01
502 5 3.92699082e+00 1.01989335e-01
503 5 3.92699082e+00 1.01884888e-01
504 5 3.92699082e+00 1.02589109e-01
505 5 3.92699082e+00 1.01487510e-01
506 5 3.92699082e+00 1.01916560e-01
507 5 3.92699082e+00 1.01933184e-01
508 5 3.92699082e+00 1.01344655e-01
509 5 3.92699082e+00 1.02296273e-01
510 5 3.92699082e+00 1.00727925e-01
511 5 3.92699082e+00 1.01063020e-01
512 5 3.92699082e+00 1.02132804e-01
513 5 3.92699082e+00 1.01754974e-01
514 5 3.92699082e+00 1.02546635e-01
515 5 3.92699082e+00 1.02264723e-01
516 5 3.92699082e+00 1.01636698e-01
517 5 3.92699082e+00 1.01524890e-01
518 5 3.92699082e+00 1.01453906e-01
519 5 3.92699082e+00 1.01693088e-01
520 5 3.92699082e+00 1.01598586e-01
521 5 3.92699082e+00 1.02273436e-01
522 5 3.92699082e+00 1.02834833e-01
523 5 3.92699082e+00 1.00626536e-01
524 5 3.92699082e+00 1.00599045e-01
525 5 3.92699082e+00 1.01728062e-01
526 5 3.92699082e+00 1.03475392e-01
527 5 3.92699082e+00 1.02419607e-01
528 5 3.92699082e+00 1.01864619e-01
529 5 3.92699082e+00 1.02167114e-01
530 5 3.92699082e+00 1.01569683e-01
531 5 3.92699082e+00 1.00851639e-01
532 5 3.92699082e+00 1.03175167e-01
533 5 3.92699082e+00 1.01744346e-01
534 5 3.92699082e+00 1.01621573e-01
535 5 3.92699082e+00 1.00944222e-01
536 5 3.92699082e+00 1.03743683e-01
537 5 3.92699082e+00 1.01952655e-01
538 5 3.92699082e+00 1.01772651e-01
539 5 3.92699082e+00 1.01801065e-01
540 5 3.92699082e+00 1.02652636e-01
541 5 3.92699082e+00 1.02096423e-01
542 5 3.92699082e+00 1.00646562e-01
543 5 3.92699082e+00 1.00796777e-01
544 5 3.92699082e+00 1.01869199e-01
545 5 3.92699082e+00 1.01972740e-01
546 5 3.92699082e+00 1.01908547e-01
547 5 3.92699082e+00 1.01143415e-01
548 5 3.92699082e+00 1.01193045e-01
549 5 3.92699082e+00 1.01755954e-01
550 5 3.92699082e+00 1.02066909e-01
551 5 3.92699082e+00 1.03516803e-01
552 5 3.92699082e+00 1.02260224e-01
553 5 3.92699082e+00 1.00610142e-01
554 5 3.92699082e+00 1.01190743e-01
555 5 3.92699082e+00 1.01913091e-01
556 5 3.92699082e+00 1.02079410e-01
557 5 3.92699082e+00 1.01958050e-01
558 5 3.92699082e+00 1.02606171e-01
559 5 3.92699082e+00 1.04142628e-01
560 5 3.92699082e+00 1.03004086e-01
561 5 3.92699082e+00 1.01042476e-01
562 5 3.92699082e+00 1.02364866e-01
563 5 3.92699082e+00 1.00914555e-01
564 5 3.92699082e+00 1.01878522e-01
565 5 3.92699082e+00 1.01119175e-01
566 5 3.92699082e+00 1.04359690e-01
567 5 3.92699082e+00 1.01992563e-01
568 5 3.92699082e+00 1.02147074e-01
569 5 3.92699082e+00 1.02439961e-01
570 5 3.92699082e+00 1.01753516e-01
571 5 3.92699082e+00 1.02893846e-01
572 5 3.92699082e+00 1.00955600e-01
573 5 3.92699082e+00 1.01829063e-01
574 5 3.92699082e+00 1.02775108e-01
575 5 3.92699082e+00 1.02381424e-01
576 5 3.92699082e+00 1.02247867e-01
577 5 3.92699082e+00 1.00963109e-01
578 5 3.92699082e+00 1.01953903e-01
579 5 3.92699082e+00 1.02146291e-01
580 5 3.92699082e+00 1.00596104e-01
581 5 3.92699082e+00 9.98018909e-02
582 5 3.92699082e+00 1.02708147e-01
583 5 3.92699082e+00 1.02634136e-01
584 5 3.92699082e+00 1.01661177e-01
585 5 3.92699082e+00 1.01674489e-01
586 5 3.92699082e+00 1.01812224e-01
587 5 3.92699082e+00 1.03262331e-01
588 5 3.92699082e+00 1.02816532e-01
589 5 3.92699082e+00 1.01575786e-01
590 5 3.92699082e+00 1.01938140e-01
591 5 3.92699082e+00 1.00798102e-01
592 5 3.92699082e+00 1.01696854e-01
593 5 3.92699082e+00 1.03449063e-01
594 5 3.92699082e+00 1.01620709e-01
595 5 3.92699082e+00 1.01572705e-01
596 5 3.92699082e+00 1.02861371e-01
597 5 3.92699082e+00 1.01631771e-01
598 5 3.92699082e+00 1.01370503e-01
599 5 3.92699082e+00 1.01680980e-01
600 5 3.92699082e+00 1.01690136e-01
601 5 3.92699082e+00 1.01536699e-01
602 5 3.92699082e+00 1.02899000e-01
603 5 3.92699082e+00 1.02429056e-01
604 5 3.92699082e+00 1.01804710e-01
605 5 3.92699082e+00 1.03126532e-01
606 5 3.92699082e+00 1.02437186e-01
607 5 3.92699082e+00 1.01240491e-01
608 5 3.92699082e+00 1.01373045e-01
609 5 3.92699082e+00 1.02924631e-01
610 5 3.92699082e+00 1.02614121e-01
611 5 3.92699082e+00 1.02516893e-01
612 5 3.92699082e+00 1.01602531e-01
613 5 3.92699082e+00 1.03587638e-01
614 5 3.92699082e+00 1.01454894e-01
615 5 3.92699082e+00 1.01433359e-01
616 5 3.92699082e+00 1.01337115e-01
617 5 3.92699082e+00 1.01847542e-01
618 5 3.92699082e+00 1.02701726e-01
619 5 3.92699082e+00 1.01601573e-01
620 5 3.92699082e+00 1.03746102e-01
621 5 3.92699082e+00 1.01404426e-01
622 5 3.92699082e+00 1.01163347e-01
623 5 3.92699082e+00 1.02254744e-01
624 5 3.92699082e+00 1.01373138e-01
625 5 3.92699082e+00 1.02813183e-01
626 5 3.92699082e+00 1.01397447e-01
627 5 3.92699082e+00 1.03182911e-01
628 5 3.92699082e+00 1.03747280e-01
629 5 3.92699082e+00 1.04259691e-01
630 5 3.92699082e+00 1.02182797e-01
631 5 3.92699082e+00 1.02272417e-01
632 5 3.92699082e+00 1.00935323e-01
633 5 3.92699082e+00 9.98218049e-02
634 5 3.92699082e+00 1.01972773e-01
635 5 3.92699082e+00 1.01668950e-01
636 5 3.92699082e+00 1.00977011e-01
637 5 3.92699082e+00 1.03336305e-01
638 5 3.92699082e+00 1.00185114e-01
639 5 3.92699082e+00 1.02897190e-01
640 5 3.92699082e+00 1.02045581e-01
641 5 3.92699082e+00 1.02812396e-01
642 5 3.92699082e+00 1.02994411e-01
643 5 3.92699082e+00 1.02684425e-01
644 5 3.92699082e+00 1.03260323e-01
645 5 3.92699082e+00 1.01752999e-01
646 5 3.92699082e+00 1.02594642e-01
647 5 3.92699082e+00 1.03315894e-01
648 5 3.92699082e+00 1.02302276e-01
649 5 3.92699082e+00 1.03335126e-01
650 5 3.92699082e+00 1.02755736e-01
651 5 3.92699082e+00 1.01751268e-01
652 5 3.92699082e+00 1.01571189e-01
653 5 3.92699082e+00 1.03280194e-01
654 5 3.92699082e+00 1.03658013e-01
655 5 3.92699082e+00 1.03050539e-01
656 5 3.92699082e+00 1.02339849e-01
657 5 3.92699082e+00 1.00836838e-01
658 5 3.92699082e+00 1.02101867e-01
659 5 3.92699082e+00 1.02074440e-01
660 5 3.92699082e+00 1.02087219e-01
661 5 3.92699082e+00 1.00194938e-01
662 5 3.92699082e+00 1.02487809e-01
663 5 3.92699082e+00 1.02243688e-01
664 5 3.92699082e+00 1.01810150e-01
665 5 3.92699082e+00 1.02815186e-01
666 5 3.92699082e+00 1.01883804e-01
667 5 3.92699082e+00 1.05012208e-01
668 5 3.92699082e+00 1.03058159e-01
669 5 3.92699082e+00 1.02962116e-01
670 5 3.92699082e+00 1.01874185e-01
671 5 3.92699082e+00 1.02978907e-01
672 5 3.92699082e+00 1.02371103e-01
673 5 3.92699082e+00 1.03461500e-01
674 5 3.92699082e+00 1.01230675e-01
675 5 3.92699082e+00 1.01485334e-01
676 5 3.92699082e+00 1.02457537e-01
677 5 3.92699082e+00 1.02081814e-01
678 5 3.92699082e+00 1.02134405e-01
679 5 3.92699082e+00 1.03153283e-01
680 5 3.92699082e+00 1.04288584e-01
681 5 3.92699082e+00 1.02683753e-01
682 5 3.92699082e+00 1.02785930e-01
683 5 3.92699082e+00 1.01906031e-01
684 5 3.92699082e+00 1.02298987e-01
685 5 3.92699082e+00 1.01256803e-01
686 5 3.92699082e+00 1.02682084e-01
687 5 3.92699082e+00 1.01533864e-01
688 5 3.92699082e+00 1.02806150e-01
689 5 3.92699082e+00 1.00709655e-01
690 5 3.92699082e+00 1.02036148e-01
691 5 3.92699082e+00 1.00056149e-01
692 5 3.92699082e+00 1.01951384e-01
693 5 3.92699082e+00 1.03495230e-01
694 5 3.92699082e+00 1.03018897e-01
695 5 3.92699082e+00 1.02288578e-01
696 5 3.92699082e+00 1.02493900e-01
697 5 3.92699082e+00 1.02362041e-01
698 5 3.92699082e+00 1.01234401e-01
699 5 3.92699082e+00 1.00336413e-01
700 5 3.92699082e+00 1.01584737e-01
701 5 3.92699082e+00 1.01597996e-01
702 5 3.92699082e+00 1.01902447e-01
703 5 3.92699082e+00 1.02023376e-01
704 5 3.92699082e+00 1.01578794e-01
705 5 3.92699082e+00 1.03628680e-01
706 5 3.92699082e+00 1.03432150e-01
707 5 3.92699082e+00 1.02051619e-01
708 5 3.92699082e+00 1.02702792e-01
709 5 3.92699082e+00 1.01236346e-01
710 5 3.92699082e+00 1.01813267e-01
711 5 3.92699082e+00 1.02291351e-01
712 5 3.92699082e+00 1.02383617e-01
713 5 3.92699082e+00 1.03039347e-01
714 5 3.92699082e+00 1.00841666e-01
715 5 3.92699082e+00 1.03130523e-01
716 5 3.92699082e+00 1.03072803e-01
717 5 3.92699082e+00 1.02483119e-01
718 5 3.92699082e+00 1.01732962e-01
719 5 3.92699082e+00 1.02031375e-01
720 5 3.92699082e+00 1.01636843e-01
721 5 3.92699082e+00 1.02185361e-01
722 5 3.92699082e+00 1.02203324e-01
723 5 3.92699082e+00 1.02152995e-01
724 5 3.92699082e+00 1.01120500e-01
725 5 3.92699082e+00 1.02355288e-01
726 5 3.92699082e+00 1.02309512e-01
727 5 3.92699082e+00 1.00360637e-01
728 5 3.92699082e+00 1.02091567e-01
729 5 3.92699082e+00 1.00925685e-01
730 5 3.92699082e+00 1.01798407e-01
731 5 3.92699082e+00 1.00251993e-01
732 5 3.92699082e+00 1.02885656e-01
733 5 3.92699082e+00 1.03473599e-01
734 5 3.92699082e+00 1.01024909e-01
735 5 3.92699082e+00 1.02166428e-01
736 5 3.92699082e+00 1.02685279e-01
737 5 3.92699082e+00 1.02060066e-01
738 5 3.92699082e+00 1.01116528e-01
739 5 3.92699082e+00 1.01953840e-01
740 5 3.92699082e+00 1.01290177e-01
741 5 3.92699082e+00 1.01385705e-01
742 5 3.92699082e+00 1.01604669e-01
743 5 3.92699082e+00 1.01935503e-01
744 5 3.92699082e+00 1.01368291e-01
745 5 3.92699082e+00 1.00679489e-01
746 5 3.92699082e+00 1.00983658e-01
747 5 3.92699082e+00 1.01591046e-01
748 5 3.92699082e+00 1.01602027e-01
749 5 3.92699082e+00 1.02837473e-01
750 5 3.92699082e+00 1.02059209e-01
751 5 3.92699082e+00 1.02910560e-01
752 5 3.92699082e+00 1.01411621e-01
753 5 3.92699082e+00 1.01325734e-01
754 5 3.92699082e+00 1.01944631e-01
755 5 3.92699082e+00 1.02963484e-01
756 5 3.92699082e+00 1.00685996e-01
757 5 3.92699082e+00 1.01000240e-01
758 5 3.92699082e+00 1.03302919e-01
759 5 3.92699082e+00 1.02683740e-01
760 5 3.92699082e+00 1.01155567e-01
761 5 3.92699082e+00 1.01711476e-01
762 5 3.92699082e+00 1.02485879e-01
763 5 3.92699082e+00 1.03007262e-01
764 5 3.92699082e+00 1.02869156e-01
765 5 3.92699082e+00 1.02037392e-01
766 5 3.92699082e+00 1.02371829e-01
767 5 3.92699082e+00 1.00261856e-01
768 5 3.92699082e+00 1.01351834e-01
769 5 3.92699082e+00 1.01464420e-01
770 5 3.92699082e+00 1.01356352e-01
771 5 3.92699082e+00 1.01655870e-01
772 5 3.92699082e+00 1.02108542e-01
773 5 3.92699082e+00 1.04074472e-01
774 5 3.92699082e+00 1.02492127e-01
775 5 3.92699082e+00 1.01582311e-01
776 5 3.92699082e+00 1.00434718e-01
777 5 3.92699082e+00 1.02874820e-01
778 5 3.92699082e+00 1.01794890e-01
779 5 3.92699082e+00 1.01435470e-01
780 5 3.92699082e+00 1.01294776e-01
781 5 3.92699082e+00 1.01766337e-01
782 5 3.92699082e+00 1.01534681e-01
783 5 3.92699082e+00 1.01183779e-01
784 5 3.92699082e+00 9.92975935e-02
785 5 3.92699082e+00 1.01081534e-01
786 5 3.92699082e+00 1.02353202e-01
787 5 3.92699082e+00 1.01689450e-01
788 5 3.92699082e+00 1.01218276e-01
789 5 3.92699082e+00 1.01599050e-01
790 5 3.92699082e+00 1.01032674e-01
791 5 3.92699082e+00 1.02148393e-01
792 5 3.92699082e+00 1.03001393e-01
793 5 3.92699082e+00 1.01384553e-01
794 5 3.92699082e+00 1.03355999e-01
795 5 3.92699082e+00 1.03695225e-01
796 5 3.92699082e+00 1.02489969e-01
797 5 3.92699082e+00 1.00989377e-01
798 5 3.92699082e+00 1.01946777e-01
799 5 3.92699082e+00 1.02378275e-01
800 5 3.92699082e+00 1.01701779e-01
801 5 3.92699082e+00 1.01776346e-01
802 5 3.92699082e+00 1.00444453e-01
803 5 3.92699082e+00 1.02862053e-01
804 5 3.92699082e+00 1.01172648e-01
805 5 3.92699082e+00 1.00854789e-01
806 5 3.92699082e+00 1.03219460e-01
807 5 3.92699082e+00 1.02825913e-01
808 5 3.92699082e+00 1.02502828e-01
809 5 3.92699082e+00 1.02681160e-01
810 5 3.92699082e+00 1.02800111e-01
811 5 3.92699082e+00 1.02484326e-01
812 5 3.92699082e+00 1.00778453e-01
813 5 3.92699082e+00 1.02179146e-01
814 5 3.92699082e+00 1.02092754e-01
815 5 3.92699082e+00 1.02634129e-01
816 5 3.92699082e+00 1.02412821e-01
817 5 3.92699082e+00 1.03395067e-01
818 5 3.92699082e+00 1.01437734e-01
819 5 3.92699082e+00 1.01574513e-01
820 5 3.92699082e+00 1.03075793e-01
821 5 3.92699082e+00 1.02315432e-01
822 5 3.92699082e+00 1.03239876e-01
823 5 3.92699082e+00 1.02302364e-01
824 5 3.92699082e+00 1.02327498e-01
825 5 3.92699082e+00 1.00839933e-01
826 5 3.92699082e+00 1.02173404e-01
827 5 3.92699082e+00 1.01403675e-01
828 5 3.92699082e+00 1.02295382e-01
829 5 3.92699082e+00 1.03538712e-01
830 5 3.92699082e+00 1.01563154e-01
831 5 3.92699082e+00 1.03123269e-01
832 5 3.92699082e+00 1.02984333e-01
833 5 3.92699082e+00 1.01223355e-01
834 5 3.92699082e+00 1.01581237e-01
835 5 3.92699082e+00 1.02024124e-01
836 5 3.92699082e+00 1.02624012e-01
837 5 3.92699082e+00 1.02728529e-01
838 5 3.92699082e+00 1.02109085e-01
839 5 3.92699082e+00 1.02838111e-01
840 5 3.92699082e+00 1.02042838e-01
841 5 3.92699082e+00 1.02359163e-01
842 5 3.92699082e+00 1.02177812e-01
843 5 3.92699082e+00 1.02904051e-01
844 5 3.92699082e+00 1.01153067e-01
845 5 3.92699082e+00 1.03474871e-01
846 5 3.92699082e+00 1.03069349e-01
847 5 3.92699082e+00 9.99180736e-02
848 5 3.92699082e+00 1.03048087e-01
849 5 3.92699082e+00 1.02553816e-01
850 5 3.92699082e+00 1.00343108e-01
851 5 3.92699082e+00 1.03736041e-01
852 5 3.92699082e+00 1.02569751e-01
853 5 3.92699082e+00 1.00062463e-01
854 5 3.92699082e+00 1.02250146e-01
855 5 3.92699082e+00 1.02086351e-01
856 5 3.92699082e+00 1.01272715e-01
857 5 3.92699082e+00 1.02175839e-01
858 5 3.92699082e+00 1.03817531e-01
859 5 3.92699082e+00 1.02395374e-01
860 5 3.92699082e+00 1.02922949e-01
861 5 3.92699082e+00 1.02043599e-01
862 5 3.92699082e+00 1.02467407e-01
863 5 3.92699082e+00 1.01068555e-01
864 5 3.92699082e+00 1.03555741e-01
865 5 3.92699082e+00 1.01665760e-01
866 5 3.92699082e+00 1.02705550e-01
867 5 3.92699082e+00 1.02104371e-01
868 5 3.92699082e+00 1.02539614e-01
869 5 3.92699082e+00 1.02503579e-01
870 5 3.92699082e+00 1.02317958e-01
871 5 3.92699082e+00 1.02992732e-01
872 5 3.92699082e+00 1.02808254e-01
873 5 3.92699082e+00 1.02425880e-01
874 5 3.92699082e+00 1.00166633e-01
875 5 3.92699082e+00 1.01893288e-01
876 5 3.92699082e+00 1.02406896e-01
877 5 3.92699082e+00 1.01814184e-01
878 5 3.92699082e+00 1.00981136e-01
879 5 3.92699082e+00 1.01900944e-01
880 5 3.92699082e+00 1.00810708e-01
881 5 3.92699082e+00 1.01989473e-01
882 5 3.92699082e+00 1.02589041e-01
883 5 3.92699082e+00 1.02422700e-01
884 5 3.92699082e+00 1.00994861e-01
885 5 3.92699082e+00 1.03048255e-01
886 5 3.92699082e+00 1.04072587e-01
887 5 3.92699082e+00 1.02355911e-01
888 5 3.92699082e+00 1.02526285e-01
889 5 3.92699082e+00 1.02397059e-01
890 5 3.92699082e+00 1.01908111e-01
891 5 3.92699082e+00 1.01575068e-01
892 5 3.92699082e+00 1.01673435e-01
893 5 3.92699082e+00 1.01217939e-01
894 5 3.92699082e+00 1.02923213e-01
895 5 3.92699082e+00 1.04085034e-01
896 5 3.92699082e+00 1.02582035e-01
897 5 3.92699082e+00 1.03325391e-01
898 5 3.92699082e+00 1.03053463e-01
899 5 3.92699082e+00 1.00779173e-01
900 5 3.92699082e+00 1.02015316e-01
901 5 3.92699082e+00 1.02373877e-01
902 5 3.92699082e+00 1.03487750e-01
903 5 3.92699082e+00 1.02672827e-01
904 5 3.92699082e+00 1.02253987e-01
905 5 3.92699082e+00 1.01147384e-01
906 5 3.92699082e+00 1.02533728e-01
907 5 3.92699082e+00 1.01182955e-01
908 5 3.92699082e+00 1.01651578e-01
909 5 3.92699082e+00 1.03430215e-01
910 5 3.92699082e+00 1.02231945e-01
911 5 3.92699082e+00 1.02702755e-01
912 5 3.92699082e+00 1.01673104e-01
913 5 3.92699082e+00 1.03866519e-01
914 5 3.92699082e+00 1.01358781e-01
915 5 3.92699082e+00 1.01416625e-01
916 5 3.92699082e+00 1.00538425e-01
917 5 3.92699082e+00 1.03037877e-01
918 5 3.92699082e+00 1.03605112e-01
919 5 3.92699082e+00 1.01807544e-01
920 5 3.92699082e+00 1.01874158e-01
921 5 3.92699082e+00 1.02501182e-01
922 5 3.92699082e+00 1.02726824e-01
923 5 3.92699082e+00 1.01516489e-01
924 5 3.92699082e+00 1.02510021e-01
925 5 3.92699082e+00 1.02971032e-01
926 5 3.92699082e+00 1.02093150e-01
927 5 3.92699082e+00 1.01937733e-01
928 5 3.92699082e+00 1.02797715e-01
929 5 3.92699082e+00 1.03030813e-01
930 5 3.92699082e+00 1.01257108e-01
931 5 3.92699082e+00 1.01992334e-01
932 5 3.92699082e+00 1.01984031e-01
933 5 3.92699082e+00 1.02348440e-01
934 5 3.92699082e+00 1.01497702e-01
935 5 3.92699082e+00 1.02126908e-01
936 5 3.92699082e+00 1.02569865e-01
937 5 3.92699082e+00 1.01860554e-01
938 5 3.92699082e+00 1.02279964e-01
939 5 3.92699082e+00 1.02979241e-01
940 5 3.92699082e+00 1.00263289e-01
941 5 3.92699082e+00 1.00857053e-01
942 5 3.92699082e+00 1.02286594e-01
943 5 3.92699082e+00 1.02396164e-01
944 5 3.92699082e+00 1.02650156e-01
945 5 3.92699082e+00 1.01213718e-01
946 5 3.92699082e+00 1.03247384e-01
947 5 3.92699082e+00 1.01410254e-01
948 5 3.92699082e+00 1.02184373e-01
949 5 3.92699082e+00 1.02080430e-01
950 5 3.92699082e+00 1.01486777e-01
951 5 3.92699082e+00 1.03057121e-01
952 5 3.92699082e+00 1.00368474e-01
953 5 3.92699082e+00 1.01717997e-01
954 5 3.92699082e+00 1.01925374e-01
955 5 3.92699082e+00 1.02107076e-01
956 5 3.92699082e+00 1.02339359e-01
957 5 3.92699082e+00 1.02406671e-01
958 5 3.92699082e+00 1.00721859e-01
959 5 3.92699082e+00 1.01176924e-01
960 5 3.92699082e+00 1.03248536e-01
961 5 3.92699082e+00 1.03224530e-01
962 5 3.92699082e+00 1.02473799e-01
963 5 3.92699082e+00 1.01358891e-01
964 5 3.92699082e+00 1.03524911e-01
965 5 3.92699082e+00 1.02273336e-01
966 5 3.92699082e+00 1.01718335e-01
967 5 3.92699082e+00 1.03742314e-01
968 5 3.92699082e+00 1.01223686e-01
969 5 3.92699082e+00 1.00461020e-01
970 5 3.92699082e+00 1.01296041e-01
971 5 3.92699082e+00 1.01006973e-01
972 5 3.92699082e+00 1.01505492e-01
973 5 3.92699082e+00 1.01710619e-01
974 5 3.92699082e+00 1.01517270e-01
975 5 3.92699082e+00 1.02021685e-01
976 5 3.92699082e+00 1.01819871e-01
977 5 3.92699082e+00 1.01580239e-01
978 5 3.92699082e+00 1.00527342e-01
979 5 3.92699082e+00 9.94351023e-02
980 5 3.92699082e+00 1.02497951e-01
981 5 3.92699082e+00 1.02134031e-01
982 5 3.92699082e+00 1.01359298e-01
983 5 3.92699082e+00 1.03190233e-01
984 5 3.92699082e+00 1.00785256e-01
985 5 3.92699082e+00 1.03056867e-01
986 5 3.92699082e+00 1.03229538e-01
987 5 3.92699082e+00 1.00520330e-01
988 5 3.92699082e+00 1.00836708e-01
989 5 3.92699082e+00 1.02234977e-01
990 5 3.92699082e+00 1.02637464e-01
991 5 3.92699082e+00 1.02218732e-01
992 5 3.92699082e+00 1.02200833e-01
993 5 3.92699082e+00 1.01518721e-01
994 5 3.92699082e+00 1.02334512e-01
995 5 3.92699082e+00 1.03922558e-01
996 5 3.92699082e+00 1.02934557e-01
997 5 3.92699082e+00 1.02547817e-01
998 5 3.92699082e+00 1.02247794e-01
999 5 3.92699082e+00 1.01810765e-01
1000 5 3.92699082e+00 1.02181573e-01
1001 5 3.92699082e+00 1.04423694e-01
1002 5 3.92699082e+00 1.00661117e-01
1003 5 3.92699082e+00 1.01639338e-01
1004 5 3.92699082e+00 1.01523721e-01
1005 5 3.92699082e+00 1.01215530e-01
1006 5 3.92699082e+00 1.02547584e-01
1007 5 3.92699082e+00 1.02348717e-01
1008 5 3.92699082e+00 1.02634042e-01
1009 5 3.92699082e+00 1.01793152e-01
1010 5 3.92699082e+00 1.01652829e-01
1011 5 3.92699082e+00 1.01967683e-01
1012 5 3.92699082e+00 1.01119450e-01
1013 5 3.92699082e+00 1.02266357e-01
1014 5 3.92699082e+00 1.02068947e-01
1015 5 3.92699082e+00 1.01227233e-01
1016 5 3.92699082e+00 1.01922273e-01
1017 5 3.92699082e+00 1.00233725e-01
1018 5 3.92699082e+00 1.03156475e-01
1019 5 3.92699082e+00 1.02057342e-01
1020 5 3.92699082e+00 1.01557036e-01
1021 5 3.92699082e+00 1.01778327e-01
1022 5 3.92699082e+00 1.02540265e-01
1023 5 3.92699082e+00 1.01874203e-01
1024 5 3.92699082e+00 1.02201985e-01
1025 5 3.92699082e+00 1.02021862e-01
0 6 4.71238898e+00 1.00591022e-01
1 6 4.71238898e+00 9.95265443e-02
2 6 4.71238898e+00 1.00103192e-01
3 6 4.71238898e+00 9.95987481e-02
4 6 4.71238898e+00 9.93561971e-02
5 6 4.71238898e+00 9.75983216e-02
6 6 4.71238898e+00 1.00189989e-01
7 6 4.71238898e+00 1.00859826e-01
8 6 4.71238898e+00 1.00029890e-01
9 6 4.71238898e+00 9.87756252e-02
10 6 4.71238898e+00 9.88338233e-02
11 6 4.71238898e+00 1.00197742e-01
12 6 4.71238898e+00 9.91192731e-02
13 6 4.71238898e+00 1.02567697e-01
14 6 4.71238898e+00 1.00347912e-01
15 6 4.71238898e+00 9.87459822e-02
16 6 4.71238898e+00 9.74095337e-02
17 6 4.71238898e+00 9.86541002e-02
18 6 4.71238898e+00 9.69392775e-02
19 6 4.71238898e+00 9.90005260e-02
20 6 4.71238898e+00 1.00463069e-01
21 6 4.71238898e+00 9.82112538e-02
22 6 4.71238898e+00 9.87519512e-02
23 6 4.71238898e+00 9.97607697e-02
24 6 4.71238898e+00 9.91075579e-02
25 6 4.71238898e+00 9.84961073e-02
26 6 4.71238898e+00 9.84660832e-02
27 6 4.71238898e+00 1.00496332e-01
28 6 4.71238898e+00 1.01314603e-01
29 6 4.71238898e+00 1.00293175e-01
30 6 4.71238898e+00 1.00004318e-01
31 6 4.71238898e+00 9.99565187e-02
32 6 4.71238898e+00 9.80861916e-02
33 6 4.71238898e+00 1.01362225e-01
34 6 4.71238898e+00 9.90653645e-02
35 6 4.71238898e+00 9.75628386e-02
36 6 4.71238898e+00 9.88655023e-02
37 6 4.71238898e+00 9.89521621e-02
38 6 4.71238898e+00 9.96306139e-02
39 6 4.71238898e+00 9.92135348e-02
40 6 4.71238898e+00 9.79237698e-02
41 6 4.71238898e+00 9.98507188e-02
42 6 4.71238898e+00 9.94352205e-02
43 6 4.71238898e+00 9.85546827e-02
44 6 4.71238898e+00 9.95296951e-02
45 6 4.71238898e+00 9.90807671e-02
46 6 4.71238898e+00 9.99097674e-02
47 6 4.71238898e+00 1.01338450e-01
48 6 4.71238898e+00 1.00925491e-01
49 6 4.71238898e+00 9.88163189e-02
50 6 4.71238898e+00 9.87840548e-02
51 6 4.71238898e+00 1.00098575e-01
52 6 4.71238898e+00 9.94153633e-02
53 6 4.71238898e+00 1.00486470e-01
54 6 4.71238898e+00 1.01214709e-01
55 6 4.71238898e+00 1.00042707e-01
56 6 4.71238898e+00 9.99826705e-02
57 6 4.71238898e+00 9.85194479e-02
58 6 4.71238898e+00 9.84073635e-02
59 6 4.71238898e+00 9.81099376e-02
60 6 4.71238898e+00 9.83194519e-02
61 6 4.71238898e+00 9.94058541e-02
62 6 4.71238898e+00 9.89352201e-02
63 6 4.71238898e+00 9.66887840e-02
64 6 4.71238898e+00 9.87305429e-02
65 6 4.71238898e+00 9.94963464e-02
66 6 4.71238898e+00 9.82192652e-02
67 6 4.71238898e+00 9.88936653e-02
68 6 4.71238898e+00 9.85555478e-02
69 6 4.71238898e+00 9.93745857e-02
70 6 4.71238898e+00 9.96330527e-02
71 6 4.71238898e+00 9.87898570e-02
72 6 4.71238898e+00 9.79165614e-02
73 6 4.71238898e+00 1.00256741e-01
74 6 4.71238898e+00 9.93287724e-02
75 6 4.71238898e+00 9.97682631e-02
76 6 4.71238898e+00 9.71848981e-02
77 6 4.71238898e+00 1.00138931e-01
78 6 4.71238898e+00 9.95590984e-02
79 6 4.71238898e+00 9.97872436e-02
80 6 4.71238898e+00 9.89978698e-02
81 6 4.71238898e+00 1.00690457e-01
82 6 4.71238898e+00 9.83942519e-02
83 6 4.71238898e+00 9.92183301e-02
84 6 4.71238898e+00 9.85521529e-02
85 6 4.71238898e+00 9.93877244e-02
86 6 4.71238898e+00 9.89594221e-02
87 6 4.71238898e+00 1.00012264e-01
88 6 4.71238898e+00 1.00349756e-01
89 6 4.71238898e+00 9.97072155e-02
90 6 4.71238898e+00 1.00673373e-01
91 6 4.71238898e+00 9.92571892e-02
92 6 4.71238898e+00 9.88747127e-02
93 6 4.71238898e+00 1.00502697e-01
94 6 4.71238898e+00 9.93764279e-02
95 6 4.71238898e+00 9.94667003e-02
96 6 4.71238898e+00 9.89753866e-02
97 6 4.71238898e+00 9.84167932e-02
98 6 4.71238898e+00 9.85206810e-02
99 6 4.71238898e+00 9.93047557e-02
100 6 4.71238898e+00 9.93749028e-02
101 6 4.71238898e+00 1.00318286e-01
102 6 4.71238898e+00 1.00382693e-01
103 6 4.71238898e+00 1.00985239e-01
104 6 4.71238898e+00 9.92259841e-02
105 6 4.71238898e+00 9.65386437e-02
106 6 4.71238898e+00 9.88117156e-02
107 6 4.71238898e+00 9.85805696e-02
108 6 4.71238898e+00 1.00908980e-01
109 6 4.71238898e+00 9.95484104e-02
110 6 4.71238898e+00 1.01036358e-01
111 6 4.71238898e+00 9.99205663e-02
112 6 4.71238898e+00 9.94018909e-02
113 6 4.71238898e+00 9.93391937e-02
114 6 4.71238898e+00 1.00553676e-01
115 6 4.71238898e+00 1.01538532e-01
116 6 4.71238898e+00 9.89676697e-02
117 6 4.71238898e+00 9.80072327e-02
118 6 4.71238898e+00 9.99677055e-02
119 6 4.71238898e+00 9.83899747e-02
120 6 4.71238898e+00 9.87243092e-02
121 6 4.71238898e+00 1.00051249e-01
122 6 4.71238898e+00 9.98670547e-02
123 6 4.71238898e+00 9.85394865e-02
124 6 4.71238898e+00 9.98462728e-02
125 6 4.71238898e+00 9.99187582e-02
126 6 4.71238898e+00 9.86327622e-02
127 6 4.71238898e+00 1.00610036e-01
128 6 4.71238898e+00 9.94081505e-02
129 6 4.71238898e+00 9.87779187e-02
130 6 4.71238898e+00 1.00496312e-01
131 6 4.71238898e+00 9.98007765e-02
132 6 4.71238898e+00 9.83888018e-02
133 6 4.71238898e+00 1.00914683e-01
134 6 4.71238898e+00 9.83307789e-02
135 6 4.71238898e+00 1.00554149e-01
136 6 4.71238898e+00 9.91557174e-02
137 6 4.71238898e+00 9.86506934e-02
138 6 4.71238898e+00 9.91032238e-02
139 6 4.71238898e+00 9.99931309e-02
140 6 4.71238898e+00 9.82981864e-02
141 6 4.71238898e+00 9.87187325e-02
142 6 4.71238898e+00 9.95233515e-02
143 6 4.71238898e+00 1.00220525e-01
144 6 4.71238898e+00 1.00588640e-01
145 6 4.71238898e+00 9.81571332e-02
146 6 4.71238898e+00 1.00044004e-01
147 6 4.71238898e+00 9.86173328e-02
148 6 4.71238898e+00 9.81892022e-02
149 6 4.71238898e+00 9.96074416e-02
150 6 4.71238898e+00 9.90484132e-02
151 6 4.71238898e+00 9.88317242e-02
152 6 4.71238898e+00 9.98109255e-02
153 6 4.71238898e+00 9.90164667e-02
154 6 4.71238898e+00 9.81330642e-02
155 6 4.71238898e+00 9.92157091e-02
156 6 4.71238898e+00 9.99585744e-02
157 6 4.71238898e+00 1.00720045e-01
158 6 4.71238898e+00 9.98249091e-02
159 6 4.71238898e+00 1.00387281e-01
160 6 4.71238898e+00 9.76178781e-02
161 6 4.71238898e+00 9.93132383e-02
162 6 4.71238898e+00 9.90934248e-02
163 6 4.71238898e+00 1.00322665e-01
164 6 4.71238898e+00 9.86996312e-02
165 6 4.71238898e+00 9.87529688e-02
166 6 4.71238898e+00 9.82347960e-02
167 6 4.71238898e+00 9.83322056e-02
168 6 4.71238898e+00 9.89163650e-02
169 6 4.71238898e+00 1.01241249e-01
170 6 4.71238898e+00 9.89313085e-02
171 6 4.71238898e+00 9.81297636e-02
172 6 4.71238898e+00 9.83963988e-02
173 6 4.71238898e+00 1.01440128e-01
174 6 4.71238898e+00 9.97152576e-02
175 6 4.71238898e+00 9.82370532e-02
176 6 4.71238898e+00 9.92868951e-02
177 6 4.71238898e+00 1.00004706e-01
178 6 4.71238898e+00 9.99248554e-02
179 6 4.71238898e+00 9.97017383e-02
180 6 4.71238898e+00 9.75445318e-02
181 6 4.71238898e+00 9.84461212e-02
182 6 4.71238898e+00 9.85119706e-02
183 6 4.71238898e+00 9.90654383e-02
184 6 4.71238898e+00 9.75820311e-02
185 6 4.71238898e+00 9.92190293e-02
186 6 4.71238898e+00 9.89327900e-02
187 6 4.71238898e+00 1.00452048e-01
188 6 4.71238898e+00 9.91241422e-02
189 6 4.71238898e+00 9.87609985e-02
190 6 4.71238898e+00 1.01024676e-01
191 6 4.71238898e+00 9.96798533e-02
192 6 4.71238898e+00 9.94298406e-02
193 6 4.71238898e+00 9.94454702e-02
194 6 4.71238898e+00 9.92787676e-02
195 6 4.71238898e+00 9.94265135e-02
196 6 4.71238898e+00 9.77835935e-02
197 6 4.71238898e+00 9.84349907e-02
198 6 4.71238898e+00 1.00203345e-01
199 6 4.71238898e+00 1.00529682e-01
200 6 4.71238898e+00 9.86431794e-02
201 6 4.71238898e+00 9.71895292e-02
202 6 4.71238898e+00 9.85440531e-02
203 6 4.71238898e+00 9.94658363e-02
204 6 4.71238898e+00 9.97546102e-02
205 6 4.71238898e+00 9.81359219e-02
206 6 4.71238898e+00 9.86143479e-02
207 6 4.71238898e+00 1.00119396e-01
208 6 4.71238898e+00 1.00035503e-01
209 6 4.71238898e+00 1.00015592e-01
210 6 4.71238898e+00 9.80091364e-02
211 6 4.71238898e+00 9.96572636e-02
212 6 4.71238898e+00 1.01468862e-01
213 6 4.71238898e+00 9.79797707e-02
214 6 4.71238898e+00 9.96579531e-02
215 6 4.71238898e+00 9.85283282e-02
216 6 4.71238898e+00 9.92245907e-02
217 6 4.71238898e+00 9.84147992e-02
218 6 4.71238898e+00 9.90919096e-02
219 6 4.71238898e+00 9.94816042e-02
220 6 4.71238898e+00 9.91305257e-02
221 6 4.71238898e+00 9.83257175e-02
222 6 4.71238898e+00 1.01286628e-01
223 6 4.71238898e+00 9.96261868e-02
224 6 4.71238898e+00 9.99237568e-02
225 6 4.71238898e+00 9.84433040e-02
226 6 4.71238898e+00 9.93269676e-02
227 6 4.71238898e+00 1.01313797e-01
228 6 4.71238898e+00 9.87002127e-02
229 6 4.71238898e+00 1.01185201e-01
230 6 4.71238898e+00 9.73984511e-02
231 6 4.71238898e+00 1.00031519e-01
232 6 4.71238898e+00 1.00131560e-01
233 6 4.71238898e+00 9.95287541e-02
234 6 4.71238898e+00 1.00258989e-01
235 6 4.71238898e+00 1.01447332e-01
236 6 4.71238898e+00 1.01391782e-01
237 6 4.71238898e+00 9.92561063e-02
238 6 4.71238898e+00 9.96439713e-02
239 6 4.71238898e+00 9.87371641e-02
240 6 4.71238898e+00 9.89360447e-02
241 6 4.71238898e+00 9.96254388e-02
242 6 4.71238898e+00 9.81031024e-02
243 6 4.71238898e+00 1.00018218e-01
244 6 4.71238898e+00 9.84168170e-02
245 6 4.71238898e+00 9.89535663e-02
246 6 4.71238898e+00 9.93465535e-02
247 6 4.71238898e+00 9.97471850e-02
248 6 4.71238898e+00 1.01022165e-01
249 6 4.71238898e+00 9.94649859e-02
250 6 4.71238898e+00 9.82188371e-02
251 6 4.71238898e+00 9.97885580e-02
252 6 4.71238898e+00 1.00854733e-01
253 6 4.71238898e+00 9.76459076e-02
254 6 4.71238898e+00 9.94918981e-02
255 6 4.71238898e+00 1.01557436e-01
256 6 4.71238898e+00 9.90053607e-02
257 6 4.71238898e+00 9.83956268e-02
258 6 4.71238898e+00 9.82325884e-02
259 6 4.71238898e+00 1.00510948e-01
260 6 4.71238898e+00 9.81360795e-02
261 6 4.71238898e+00 9.95744901e-02
262 6 4.71238898e+00 9.97965355e-02
263 6 4.71238898e+00 1.02099555e-01
264 6 4.71238898e+00 1.00403805e-01
265 6 4.71238898e+00 9.99027884e-02
266 6 4.71238898e+00 9.90526681e-02
267 6 4.71238898e+00 9.86887999e-02
268 6 4.71238898e+00 9.96867225e-02
269 6 4.71238898e+00 9.83392548e-02
270 6 4.71238898e+00 1.00646826e-01
271 6 4.71238898e+00 9.96176541e-02
272 6 4.71238898e+00 9.90385081e-02
273 6 4.71238898e+00 9.77633931e-02
274 6 4.71238898e+00 9.79529446e-02
275 6 4.71238898e+00 9.87138873e-02
276 6 4.71238898e+00 9.90699010e-02
277 6 4.71238898e+00 1.00450110e-01
278 6 4.71238898e+00 9.81879357e-02
279 6 4.71238898e+00 1.00310345e-01
280 6 4.71238898e+00 9.95454073e-02
281 6 4.71238898e+00 9.86714801e-02
282 6 4.71238898e+00 9.84926239e-02
283 6 4.71238898e+00 9.79407001e-02
284 6 4.71238898e+00 9.93750267e-02
285 6 4.71238898e+00 1.00320713e-01
286 6 4.71238898e+00 9.94283138e-02
287 6 4.71238898e+00 9.83640732e-02
288 6 4.71238898e+00 1.00737716e-01
289 6 4.71238898e+00 9.97915735e-02
290 6 4.71238898e+00 1.00843495e-01
291 6 4.71238898e+00 1.00567909e-01
292 6 4.71238898e+00 9.96797767e-02
293 6 4.71238898e+00 9.95554696e-02
294 6 4.71238898e+00 9.85315538e-02
295 6 4.71238898e+00 9.87221807e-02
296 6 4.71238898e+00 9.93622238e-02
297 6 4.71238898e+00 1.02072504e-01
298 6 4.71238898e+00 9.81923873e-02
299 6 4.71238898e+00 9.80067993e-02
300 6 4.71238898e+00 9.83091539e-02
301 6 4.71238898e+00 9.78567373e-02
302 6 4.71238898e+00 9.74104210e-02
303 6 4.71238898e+00 9.94448770e-02
304 6 4.71238898e+00 1.00003591e-01
305 6 4.71238898e+00 9.95125412e-02
306 6 4.71238898e+00 9.82768842e-02
307 6 4.71238898e+00 9.91728532e-02
308 6 4.71238898e+00 9.79720099e-02
309 6 4.71238898e+00 9.98550486e-02
310 6 4.71238898e+00 1.00846334e-01
311 6 4.71238898e+00 9.97976748e-02
312 6 4.71238898e+00 9.98011563e-02
313 6 4.71238898e+00 9.84560748e-02
314 6 4.71238898e+00 1.00466687e-01
315 6 4.71238898e+00 9.76423889e-02
316 6 4.71238898e+00 1.00249908e-01
317 6 4.71238898e+00 9.81498323e-02
318 6 4.71238898e+00 9.95382177e-02
319 6 4.71238898e+00 1.00300861e-01
320 6 4.71238898e+00 9.95690798e-02
321 6 4.71238898e+00 9.87812831e-02
322 6 4.71238898e+00 9.99121674e-02
323 6 4.71238898e+00 9.85134986e-02
324 6 4.71238898e+00 1.00421121e-01
325 6 4.71238898e+00 9.86195195e-02
326 6 4.71238898e+00 9.89326814e-02
327 6 4.71238898e+00 1.01602011e-01
328 6 4.71238898e+00 9.96407724e-02
329 6 4.71238898e+00 9.78433243e-02
330 6 4.71238898e+00 9.89334080e-02
331 6 4.71238898e+00 9.89327436e-02
332 6 4.71238898e+00 9.94125058e-02
333 6 4.71238898e+00 1.00380364e-01
334 6 4.71238898e+00 9.80896592e-02
335 6 4.71238898e+00 9.98898077e-02
336 6 4.71238898e+00 1.00399590e-01
337 6 4.71238898e+00 9.78986089e-02
338 6 4.71238898e+00 9.94192239e-02
339 6 4.71238898e+00 1.01105453e-01
340 6 4.71238898e+00 9.94248945e-02
341 6 4.71238898e+00 9.83758056e-02
342 6 4.71238898e+00 9.95217041e-02
343 6 4.71238898e+00 9.78945800e-02
344 6 4.71238898e+00 9.88333886e-02
345 6 4.71238898e+00 1.00731536e-01
346 6 4.71238898e+00 9.73788015e-02
347 6 4.71238898e+00 9.95110267e-02
348 6 4.71238898e+00 9.93577171e-02
349 6 4.71238898e+00 9.97328406e-02
350 6 4.71238898e+00 9.73841418e-02
351 6 4.71238898e+00 9.95483018e-02
352 6 4.71238898e+00 9.76934483e-02
353 6 4.71238898e+00 1.00203208e-01
354 6 4.71238898e+00 9.95331840e-02
355 6 4.71238898e+00 1.00806593e-01
356 6 4.71238898e+00 1.00040911e-01
357 6 4.71238898e+00 1.00832393e-01
358 6 4.71238898e+00 9.93463996e-02
359 6 4.71238898e+00 9.91053655e-02
360 6 4.71238898e+00 9.93759025e-02
361 6 4.71238898e+00 9.81344767e-02
362 6 4.71238898e+00 1.00184419e-01
363 6 4.71238898e+00 9.92350575e-02
364 6 4.71238898e+00 1.00960982e-01
365 6 4.71238898e+00 9.88148176e-02
366 6 4.71238898e+00 9.77447146e-02
367 6 4.71238898e+00 9.73344901e-02
368 6 4.71238898e+00 9.68992380e-02
369 6 4.71238898e+00 9.80971953e-02
370 6 4.71238898e+00 9.91930142e-02
371 6 4.71238898e+00 9.86121771e-02
372 6 4.71238898e+00 9.97656594e-02
373 6 4.71238898e+00 9.91746622e-02
374 6 4.71238898e+00 1.00073215e-01
375 6 4.71238898e+00 9.87156567e-02
376 6 4.71238898e+00 9.83660632e-02
377 6 4.71238898e+00 9.89653248e-02
378 6 4.71238898e+00 9.97200209e-02
379 6 4.71238898e+00 9.91249899e-02
380 6 4.71238898e+00 9.90307353e-02
381 6 4.71238898e+00 9.99457939e-02
382 6 4.71238898e+00 9.92053580e-02
383 6 4.71238898e+00 9.69239614e-02
384 6 4.71238898e+00 9.83398636e-02
385 6 4.71238898e+00 9.87975670e-02
386 6 4.71238898e+00 1.00047139e-01
387 6 4.71238898e+00 1.01107763e-01
388 6 4.71238898e+00 1.00842805e-01
389 6 4.71238898e+00 9.85330508e-02
390 6 4.71238898e+00 9.82970480e-02
391 6 4.71238898e+00 9.80830178e-02
392 6 4.71238898e+00 9.99849256e-02
393 6 4.71238898e+00 9.88133279e-02
394 6 4.71238898e+00 9.81676753e-02
395 6 4.71238898e+00 9.82710622e-02
396 6 4.71238898e+00 9.89100194e-02
397 6 4.71238898e+00 1.00199700e-01
398 6 4.71238898e+00 9.78692557e-02
399 6 4.71238898e+00 1.00074306e-01
400 6 4.71238898e+00 1.00015288e-01
401 6 4.71238898e+00 9.99902500e-02
402 6 4.71238898e+00 9.83777654e-02
403 6 4.71238898e+00 9.63684548e-02
404 6 4.71238898e+00 9.97762330e-02
405 6 4.71238898e+00 9.94948814e-02
406 6 4.71238898e+00 9.93400463e-02
407 6 4.71238898e+00 9.94795980e-02
408 6 4.71238898e+00 9.81038559e-02
409 6 4.71238898e+00 1.00477727e-01
410 6 4.71238898e+00 9.80028733e-02
411 6 4.71238898e+00 9.86982971e-02
412 6 4.71238898e+00 9.65531726e-02
413 6 4.71238898e+00 9.94350490e-02
414 6 4.71238898e+00 9.99130715e-02
415 6 4.71238898e+00 1.00968443e-01
416 6 4.71238898e+00 1.00489343e-01
417 6 4.71238898e+00 9.80720490e-02
418 6 4.71238898e+00 1.01372098e-01
419 6 4.71238898e+00 9.87195791e-02
420 6 4.71238898e+00 9.91141396e-02
421 6 4.71238898e+00 9.82514940e-02
422 6 4.71238898e+00 9.90730767e-02
423 6 4.71238898e+00 9.97467061e-02
424 6 4.71238898e+00 9.84061608e-02
425 6 4.71238898e+00 9.95254184e-02
426 6 4.71238898e+00 9.70085029e-02
427 6 4.71238898e+00 9.93234740e-02
428 6 4.71238898e+00 1.01117581e-01
429 6 4.71238898e+00 9.99836246e-02
430 6 4.71238898e+00 9.98976637e-02
431 6 4.71238898e+00 9.94375499e-02
432 6 4.71238898e+00 9.96972333e-02
433 6 4.71238898e+00 1.00112428e-01
434 6 4.71238898e+00 9.98999875e-02
435 6 4.71238898e+00 1.01175511e-01
436 6 4.71238898e+00 9.95577749e-02
437 6 4.71238898e+00 1.00555042e-01
438 6 4.71238898e+00 1.00581039e-01
439 6 4.71238898e+00 9.90304222e-02
440 6 4.71238898e+00 9.90289114e-02
441 6 4.71238898e+00 9.90518858e-02
442 6 4.71238898e+00 9.88273288e-02
443 6 4.71238898e+00 9.93240409e-02
444 6 4.71238898e+00 9.97630896e-02
445 6 4.71238898e+00 9.89448596e-02
446 6 4.71238898e+00 9.88159849e-02
447 6 4.71238898e+00 1.00112563e-01
448 6 4.71238898e+00 9.95663851e-02
449 6 4.71238898e+00 1.00638094e-01
450 6 4.71238898e+00 9.96094955e-02
451 6 4.71238898e+00 9.86126362e-02
452 6 4.71238898e+00 9.84419287e-02
453 6 4.71238898e+00 9.88114397e-02
454 6 4.71238898e+00 9.90770962e-02
455 6 4.71238898e+00 9.86318308e-02
456 6 4.71238898e+00 9.93055369e-02
457 6 4.71238898e+00 9.76264697e-02
458 6 4.71238898e+00 1.00429679e-01
459 6 4.71238898e+00 1.00626681e-01
460 6 4.71238898e+00 9.93291900e-02
461 6 4.71238898e+00 9.95489656e-02
462 6 4.71238898e+00 9.85039095e-02
463 6 4.71238898e+00 1.01366506e-01
464 6 4.71238898e+00 9.95268038e-02
465 6 4.71238898e+00 9.93674755e-02
466 6 4.71238898e+00 9.91327150e-02
467 6 4.71238898e+00 9.95126440e-02
468 6 4.71238898e+00 1.00841023e-01
469 6 4.71238898e+00 9.82026836e-02
470 6 4.71238898e+00 9.85455535e-02
471 6 4.71238898e+00 9.94462543e-02
472 6 4.71238898e+00 1.01330728e-01
473 6 4.71238898e+00 9.93221640e-02
474 6 4.71238898e+00 9.88995038e-02
475 6 4.71238898e+00 9.96221948e-02
476 6 4.71238898e+00 1.00165422e-01
477 6 4.71238898e+00 9.92235531e-02
478 6 4.71238898e+00 9.80588423e-02
479 6 4.71238898e+00 9.69538137e-02
480 6 4.71238898e+00 1.00728987e-01
481 6 4.71238898e+00 1.00478710e-01
482 6 4.71238898e+00 9.85095569e-02
483 6 4.71238898e+00 9.98765831e-02
484 6 4.71238898e+00 1.00984836e-01
485 6 4.71238898e+00 9.95524240e-02
486 6 4.71238898e+00 9.99575981e-02
487 6 4.71238898e+00 1.00432772e-01
488 6 4.71238898e+00 9.95267380e-02
489 6 4.71238898e+00 9.98941155e-02
490 6 4.71238898e+00 9.94882359e-02
491 6 4.71238898e+00 1.00456735e-01
492 6 4.71238898e+00 1.00420625e-01
493 6 4.71238898e+00 9.97829396e-02
494 6 4.71238898e+00 1.01068032e-01
495 6 4.71238898e+00 9.88520522e-02
496 6 4.71238898e+00 9.89755546e-02
497 6 4.71238898e+00 9.98481703e-02
498 6 4.71238898e+00 9.89503781e-02
499 6 4.71238898e+00 1.00521237e-01
500 6 4.71238898e+00 1.00464548e-01
501 6 4.71238898e+00 1.00495105e-01
502 6 4.71238898e+00 9.92975648e-02
503 6 4.71238898e+00 9.92660781e-02
504 6 4.71238898e+00 1.00291042e-01
505 6 4.71238898e+00 9.89888667e-02
506 6 4.71238898e+00 9.90005322e-02
507 6 4.71238898e+00 9.92025991e-02
508 6 4.71238898e+00 9.84404425e-02
509 6 4.71238898e+00 9.95904404e-02
510 6 4.71238898e+00 9.75967710e-02
511 6 4.71238898e+00 9.82445515e-02
512 6 4.71238898e+00 9.97288178e-02
513 6 4.71238898e+00 9.90777351e-02
514 6 4.71238898e+00 9.97340248e-02
515 6 4.71238898e+00 9.92139069e-02
516 6 4.71238898e+00 9.89736347e-02
517 6 4.71238898e+00 9.86904740e-02
518 6 4.71238898e+00 9.84246438e-02
519 6 4.71238898e+00 9.89706620e-02
520 6 4.71238898e+00 9.90105007e-02
521 6 4.71238898e+00 9.97011703e-02
522 6 4.71238898e+00 1.00724413e-01
523 6 4.71238898e+00 9.75355903e-02
524 6 4.71238898e+00 9.76263317e-02
525 6 4.71238898e+00 9.90131547e-02
526 6 4.71238898e+00 1.01176935e-01
527 6 4.71238898e+00 9.97515635e-02
528 6 4.71238898e+00 9.92923948e-02
529 6 4.71238898e+00 9.95746981e-02
530 6 4.71238898e+00 9.87961734e-02
531 6 4.71238898e+00 9.76659865e-02
532 6 4.71238898e+00 1.01124489e-01
533 6 4.71238898e+00 9.89256445e-02
534 6 4.71238898e+00 9.86158779e-02
535 6 4.71238898e+00 9.80662976e-02
536 6 4.71238898e+00 1.02010611e-01
537 6 4.71238898e+00 9.92933309e-02
538 6 4.71238898e+00 9.86106182e-02
539 6 4.71238898e+00 9.91502293e-02
540 6 4.71238898e+00 1.00453462e-01
541 6 4.71238898e+00 9.93842871e-02
542 6 4.71238898e+00 9.75493300e-02
543 6 4.71238898e+00 9.76292032e-02
544 6 4.71238898e+00 9.91244874e-02
545 6 4.71238898e+00 9.90031741e-02
546 6 4.71238898e+00 9.91569861e-02
547 6 4.71238898e+00 9.82946594e-02
548 6 4.71238898e+00 9.83740635e-02
549 6 4.71238898e+00 9.92956554e-02
550 6 4.71238898e+00 9.92285819e-02
551 6 4.71238898e+00 1.01254194e-01
552 6 4.71238898e+00 9.95081500e-02
553 6 4.71238898e+00 9.78680767e-02
554 6 4.71238898e+00 9.84608212e-02
555 6 4.71238898e+00 9.93252045e-02
556 6 4.71238898e+00 9.94443726e-02
557 6 4.71238898e+00 9.90593755e-02
558 6 4.71238898e+00 9.95750195e-02
559 6 4.71238898e+00 1.02373261e-01
560 6 4.71238898e+00 1.00556335e-01
561 6 4.71238898e+00 9.82010822e-02
562 6 4.71238898e+00 9.97748247e-02
563 6 4.71238898e+00 9.80843417e-02
564 6 4.71238898e+00 9.88212421e-02
565 6 4.71238898e+00 9.80408846e-02
566 6 4.71238898e+00 1.02649355e-01
567 6 4.71238898e+00 9.92302107e-02
568 6 4.71238898e+00 9.94524716e-02
569 6 4.71238898e+00 9.98711059e-02
570 6 4.71238898e+00 9.89945940e-02
571 6 4.71238898e+00 1.00473644e-01
572 6 4.71238898e+00 9.75503559e-02
573 6 4.71238898e+00 9.88897162e-02
574 6 4.71238898e+00 1.00056254e-01
575 6 4.71238898e+00 9.95431585e-02
576 6 4.71238898e+00 9.94871744e-02
577 6 4.71238898e+00 9.79221354e-02
578 6 4.71238898e+00 9.92421171e-02
579 6 4.71238898e+00 9.96884564e-02
580 6 4.71238898e+00 9.75420213e-02
581 6 4.71238898e+00 9.64738142e-02
582 6 4.71238898e+00 1.00195056e-01
583 6 4.71238898e+00 9.97160465e-02
584 6 4.71238898e+00 9.88165766e-02
585 6 4.71238898e+00 9.88934537e-02
586 6 4.71238898e+00 9.91684631e-02
587 6 4.71238898e+00 1.00678717e-01
588 6 4.71238898e+00 1.00160812e-01
589 6 4.71238898e+00 9.85865893e-02
590 6 4.71238898e+00 9.91752364e-02
591 6 4.71238898e+00 9.76730605e-02
592 6 4.71238898e+00 9.91163698e-02
593 6 4.71238898e+00 1.00882725e-01
594 6 4.71238898e+00 9.86232309e-02
595 6 4.71238898e+00 9.89888662e-02
596 6 4.71238898e+00 1.00484753e-01
597 6 4.71238898e+00 9.89829999e-02
598 6 4.71238898e+00 9.85303727e-02
599 6 4.71238898e+00 9.91332174e-02
600 6 4.71238898e+00 9.86736834e-02
601 6 4.71238898e+00 9.85430575e-02
602 6 4.71238898e+00 1.00231840e-01
603 6 4.71238898e+00 9.99979374e-02
604 6 4.71238898e+00 9.91857999e-02
605 6 4.71238898e+00 1.00982767e-01
606 6 4.71238898e+00 9.98420559e-02
607 6 4.71238898e+00 9.83123720e-02
608 6 4.71238898e+00 9.81711876e-02
609 6 4.71238898e+00 1.00349324e-01
610 6 4.71238898e+00 1.00148443e-01
611 6 4.71238898e+00 9.97612769e-02
612 6 4.71238898e+00 9.88882778e-02
613 6 4.71238898e+00 1.01297847e-01
614 6 4.71238898e+00 9.84204930e-02
615 6 4.71238898e+00 9.87122809e-02
616 6 4.71238898e+00 9.84411627e-02
617 6 4.71238898e+00 9.93630746e-02
618 6 4.71238898e+00 1.00312625e-01
619 6 4.71238898e+00 9.88751312e-02
620 6 4.71238898e+00 1.01337313e-01
621 6 4.71238898e+00 9.85221488e-02
622 6 4.71238898e+00 9.80804730e-02
623 6 4.71238898e+00 9.94140917e-02
624 6 4.71238898e+00 9.83723395e-02
625 6 4.71238898e+00 1.00499207e-01
626 6 4.71238898e+00 9.87398351e-02
627 6 4.71238898e+00 1.00876234e-01
628 6 4.71238898e+00 1.01464492e-01
629 6 4.71238898e+00 1.01874205e-01
630 6 4.71238898e+00 9.94772822e-02
631 6 4.71238898e+00 9.96420696e-02
632 6 4.71238898e+00 9.79239148e-02
633 6 4.71238898e+00 9.66057331e-02
634 6 4.71238898e+00 9.91747226e-02
635 6 4.71238898e+00 9.89783255e-02
636 6 4.71238898e+00 9.84153500e-02
637 6 4.71238898e+00 1.00914240e-01
638 6 4.71238898e+00 9.72065382e-02
639 6 4.71238898e+00 1.00541470e-01
640 6 4.71238898e+00 9.94053360e-02
641 6 4.71238898e+00 1.00323568e-01
642 6 4.71238898e+00 1.00369736e-01
643 6 4.71238898e+00 1.00173327e-01
644 6 4.71238898e+00 1.01205722e-01
645 6 4.71238898e+00 9.88747790e-02
646 6 4.71238898e+00 9.98868387e-02
647 6 4.71238898e+00 1.01149251e-01
648 6 4.71238898e+00 9.96394644e-02
649 6 4.71238898e+00 1.00743489e-01
650 6 4.71238898e+00 1.00096911e-01
651 6 4.71238898e+00 9.88997754e-02
652 6 4.71238898e+00 9.84674400e-02
653 6 4.71238898e+00 1.00884166e-01
654 6 4.71238898e+00 1.01410714e-01
655 6 4.71238898e+00 1.00496049e-01
656 6 4.71238898e+00 9.97504253e-02
657 6 4.71238898e+00 9.77666201e-02
658 6 4.71238898e+00 9.94453427e-02
659 6 4.71238898e+00 9.93647908e-02
660 6 4.71238898e+00 9.91154930e-02
661 6 4.71238898e+00 9.67874904e-02
662 6 4.71238898e+00 9.97847155e-02
663 6 4.71238898e+00 9.92827147e-02
664 6 4.71238898e+00 9.88519153e-02
665 6 4.71238898e+00 1.00229947e-01
666 6 4.71238898e+00 9.91849353e-02
667 6 4.71238898e+00 1.03019566e-01
668 6 4.71238898e+00 1.00583687e-01
669 6 4.71238898e+00 1.00786740e-01
670 6 4.71238898e+00 9.88325134e-02
671 6 4.71238898e+00 1.00118728e-01
672 6 4.71238898e+00 9.99701388e-02
673 6 4.71238898e+00 1.00937205e-01
674 6 4.71238898e+00 9.85119858e-02
675 6 4.71238898e+00 9.87470740e-02
676 6 4.71238898e+00 9.99846975e-02
677 6 4.71238898e+00 9.94661717e-02
678 6 4.71238898e+00 9.96004896e-02
679 6 4.71238898e+00 1.00733026e-01
680 6 4.71238898e+00 1.02416327e-01
681 6 4.71238898e+00 1.00030144e-01
682 6 4.71238898e+00 1.00258662e-01
683 6 4.71238898e+00 9.90919010e-02
684 6 4.71238898e+00 9.97205068e-02
685 6 4.71238898e+00 9.82204380e-02
686 6 4.71238898e+00 9.97346037e-02
687 6 4.71238898e+00 9.83482239e-02
688 6 4.71238898e+00 9.98490045e-02
689 6 4.71238898e+00 9.81104704e-02
690 6 4.71238898e+00 9.94949212e-02
691 6 4.71238898e+00 9.67970682e-02
692 6 4.71238898e+00 9.90315744e-02
693 6 4.71238898e+00 1.01366545e-01
694 6 4.71238898e+00 1.00669546e-01
695 6 4.71238898e+00 9.95184619e-02
696 6 4.71238898e+00 9.95916701e-02
697 6 4.71238898e+00 9.97113449e-02
698 6 4.71238898e+00 9.81162507e-02
699 6 4.71238898e+00 9.69712189e-02
700 6 4.71238898e+00 9.85177780e-02
701 6 4.71238898e+00 9.85839159e-02
702 6 4.71238898e+00 9.91063799e-02
703 6 4.71238898e+00 9.92227571e-02
704 6 4.71238898e+00 9.86176532e-02
705 6 4.71238898e+00 1.01441200e-01
706 6 4.71238898e+00 1.00915952e-01
707 6 4.71238898e+00 9.92419476e-02
708 6 4.71238898e+00 1.00279693e-01
709 6 4.71238898e+00 9.83154025e-02
710 6 4.71238898e+00 9.92357307e-02
711 6 4.71238898e+00 9.94105825e-02
712 6 4.71238898e+00 9.97346223e-02
713 6 4.71238898e+00 1.00128588e-01
714 6 4.71238898e+00 9.76025779e-02
715 6 4.71238898e+00 1.01208570e-01
716 6 4.71238898e+00 1.00856108e-01
717 6 4.71238898e+00 9.99627778e-02
718 6 4.71238898e+00 9.88014044e-02
719 6 4.71238898e+00 9.93359919e-02
720 6 4.71238898e+00 9.88780450e-02
721 6 4.71238898e+00 9.95878770e-02
722 6 4.71238898e+00 9.90773332e-02
723 6 4.71238898e+00 9.92690242e-02
724 6 4.71238898e+00 9.84531887e-02
725 6 4.71238898e+00 9.94827084e-02
726 6 4.71238898e+00 9.97185149e-02
727 6 4.71238898e+00 9.70271132e-02
728 6 4.71238898e+00 9.93523347e-02
729 6 4.71238898e+00 9.78295845e-02
730 6 4.71238898e+00 9.91016610e-02
731 6 4.71238898e+00 9.70341574e-02
732 6 4.71238898e+00 1.00314253e-01
733 6 4.71238898e+00 1.01545481e-01
734 6 4.71238898e+00 9.82201651e-02
735 6 4.71238898e+00 9.98107900e-02
736 6 4.71238898e+00 9.98859898e-02
737 6 4.71238898e+00 9.96156775e-02
738 6 4.71238898e+00 9.81297123e-02
739 6 4.71238898e+00 9.92286449e-02
740 6 4.71238898e+00 9.90199102e-02
741 6 4.71238898e+00 9.87676468e-02
742 6 4.71238898e+00 9.86194181e-02
743 6 4.71238898e+00 9.89858609e-02
744 6 4.71238898e+00 9.84011885e-02
745 6 4.71238898e+00 9.75582306e-02
746 6 4.71238898e+00 9.78919581e-02
747 6 4.71238898e+00 9.86291801e-02
748 6 4.71238898e+00 9.88537664e-02
749 6 4.71238898e+00 1.00315182e-01
750 6 4.71238898e+00 9.91508453e-02
751 6 4.71238898e+00 1.00275952e-01
752 6 4.71238898e+00 9.87342217e-02
753 6 4.71238898e+00 9.84056879e-02
754 6 4.71238898e+00 9.93176789e-02
755 6 4.71238898e+00 1.00184420e-01
756 6 4.71238898e+00 9.74637642e-02
757 6 4.71238898e+00 9.77872521e-02
758 6 4.71238898e+00 1.00537934e-01
759 6 4.71238898e+00 1.00443587e-01
760 6 4.71238898e+00 9.81787011e-02
761 6 4.71238898e+00 9.88008315e-02
762 6 4.71238898e+00 9.97705810e-02
763 6 4.71238898e+00 1.00413587e-01
764 6 4.71238898e+00 1.00301338e-01
765 6 4.71238898e+00 9.93960128e-02
766 6 4.71238898e+00 9.92471345e-02
767 6 4.71238898e+00 9.73577192e-02
768 6 4.71238898e+00 9.82494005e-02
769 6 4.71238898e+00 9.86227655e-02
770 6 4.71238898e+00 9.85121145e-02
771 6 4.71238898e+00 9.85694303e-02
772 6 4.71238898e+00 9.94391066e-02
773 6 4.71238898e+00 1.02569751e-01
774 6 4.71238898e+00 9.99273079e-02
775 6 4.71238898e+00 9.87934909e-02
776 6 4.71238898e+00 9.69624796e-02
777 6 4.71238898e+00 1.00565315e-01
778 6 4.71238898e+00 9.90914394e-02
779 6 4.71238898e+00 9.83706574e-02
780 6 4.71238898e+00 9.81391109e-02
781 6 4.71238898e+00 9.87427036e-02
782 6 4.71238898e+00 9.87192271e-02
783 6 4.71238898e+00 9.84996612e-02
784 6 4.71238898e+00 9.61246954e-02
785 6 4.71238898e+00 9.80728987e-02
786 6 4.71238898e+00 9.95444095e-02
787 6 4.71238898e+00 9.91097923e-02
788 6 4.71238898e+00 9.82562595e-02
789 6 4.71238898e+00 9.86913938e-02
790 6 4.71238898e+00 9.79013905e-02
791 6 4.71238898e+00 9.96103210e-02
792 6 4.71238898e+00 1.01008302e-01
793 6 4.71238898e+00 9.85722873e-02
794 6 4.71238898e+00 1.01137805e-01
795 6 4.71238898e+00 1.01324010e-01
796 6 4.71238898e+00 9.99686534e-02
797 6 4.71238898e+00 9.79527682e-02
798 6 4.71238898e+00 9.91502592e-02
799 6 4.71238898e+00 9.95210071e-02
800 6 4.71238898e+00 9.86554740e-02
801 6 4.71238898e+00 9.91424820e-02
802 6 4.71238898e+00 9.74723064e-02
803 6 4.71238898e+00 1.00522959e-01
804 6 4.71238898e+00 9.82778435e-02
805 6 4.71238898e+00 9.82649961e-02
806 6 4.71238898e+00 1.00686348e-01
807 6 4.71238898e+00 1.00456257e-01
808 6 4.71238898e+00 9.97676988e-02
809 6 4.71238898e+00 9.97901570e-02
810 6 4.71238898e+00 1.00483367e-01
811 6 4.71238898e+00 9.99243538e-02
812 6 4.71238898e+00 9.74998374e-02
813 6 4.71238898e+00 9.95021172e-02
814 6 4.71238898e+00 9.95251951e-02
815 6 4.71238898e+00 1.00056261e-01
816 6 4.71238898e+00 9.97530195e-02
817 6 4.71238898e+00 1.01056368e-01
818 6 4.71238898e+00 9.85430840e-02
819 6 4.71238898e+00 9.87009380e-02
820 6 4.71238898e+00 1.00545603e-01
821 6 4.71238898e+00 9.97533994e-02
822 6 4.71238898e+00 1.00835403e-01
823 6 4.71238898e+00 9.96579721e-02
824 6 4.71238898e+00 9.98284690e-02
825 6 4.71238898e+00 9.77821180e-02
826 6 4.71238898e+00 9.93490191e-02
827 6 4.71238898e+00 9.88499980e-02
828 6 4.71238898e+00 9.95326753e-02
829 6 4.71238898e+00 1.01421083e-01
830 6 4.71238898e+00 9.88624199e-02
831 6 4.71238898e+00 1.00595045e-01
832 6 4.71238898e+00 1.00429720e-01
833 6 4.71238898e+00 9.81828023e-02
834 6 4.71238898e+00 9.85022618e-02
835 6 4.71238898e+00 9.93308215e-02
836 6 4.71238898e+00 1.00099800e-01
837 6 4.71238898e+00 1.00247370e-01
838 6 4.71238898e+00 9.94923206e-02
839 6 4.71238898e+00 1.00642689e-01
840 6 4.71238898e+00 9.93480250e-02
841 6 4.71238898e+00 9.99673263e-02
842 6 4.71238898e+00 9.96155095e-02
843 6 4.71238898e+00 1.00317939e-01
844 6 4.71238898e+00 9.80533357e-02
845 6 4.71238898e+00 1.01344404e-01
846 6 4.71238898e+00 1.00854385e-01
847 6 4.71238898e+00 9.64826215e-02
848 6 4.71238898e+00 1.00545327e-01
849 6 4.71238898e+00 9.97993981e-02
850 6 4.71238898e+00 9.73023916e-02
851 6 4.71238898e+00 1.01509214e-01
852 6 4.71238898e+00 9.98545934e-02
853 6 4.71238898e+00 9.68150201e-02
854 6 4.71238898e+00 9.99195052e-02
855 6 4.71238898e+00 9.92734015e-02
856 6 4.71238898e+00 9.82863534e-02
857 6 4.71238898e+00 9.93069726e-02
858 6 4.71238898e+00 1.01716735e-01
859 6 4.71238898e+00 9.97117616e-02
860 6 4.71238898e+00 1.00328409e-01
861 6 4.71238898e+00 9.90304146e-02
862 6 4.71238898e+00 9.97506790e-02
863 6 4.71238898e+00 9.78413460e-02
864 6 4.71238898e+00 1.01003431e-01
865 6 4.71238898e+00 9.87609113e-02
866 6 4.71238898e+00 1.00003719e-01
867 6 4.71238898e+00 9.93103523e-02
868 6 4.71238898e+00 9.99098066e-02
869 6 4.71238898e+00 1.00109086e-01
870 6 4.71238898e+00 9.93075978e-02
871 6 4.71238898e+00 1.00771738e-01
872 6 4.71238898e+00 1.00327615e-01
873 6 4.71238898e+00 9.94034620e-02
874 6 4.71238898e+00 9.69316985e-02
875 6 4.71238898e+00 9.94229957e-02
876 6 4.71238898e+00 9.98656616e-02
877 6 4.71238898e+00 9.90102079e-02
878 6 4.71238898e+00 9.82226514e-02
879 6 4.71238898e+00 9.89454581e-02
880 6 4.71238898e+00 9.81570614e-02
881 6 4.71238898e+00 9.90377809e-02
882 6 4.71238898e+00 1.00092926e-01
883 6 4.71238898e+00 9.97382678e-02
884 6 4.71238898e+00 9.76500166e-02
885 6 4.71238898e+00 1.00473853e-01
886 6 4.71238898e+00 1.01781175e-01
887 6 4.71238898e+00 9.96429288e-02
888 6 4.71238898e+00 9.97606810e-02
889 6 4.71238898e+00 9.98389165e-02
890 6 4.71238898e+00 9.87798357e-02
891 6 4.71238898e+00 9.85351542e-02
892 6 4.71238898e+00 9.88619756e-02
893 6 4.71238898e+00 9.80977288e-02
894 6 4.71238898e+00 1.00220499e-01
895 6 4.71238898e+00 1.01999040e-01
896 6 4.71238898e+00 1.00213933e-01
897 6 4.71238898e+00 1.00778709e-01
898 6 4.71238898e+00 1.00550766e-01
899 6 4.71238898e+00 9.77677665e-02
900 6 4.71238898e+00 9.90356857e-02
901 6 4.71238898e+00 9.94627326e-02
902 6 4.71238898e+00 1.00964548e-01
903 6 4.71238898e+00 1.00128933e-01
904 6 4.71238898e+00 9.96196389e-02
905 6 4.71238898e+00 9.81818153e-02
906 6 4.71238898e+00 9.94551519e-02
907 6 4.71238898e+00 9.81950337e-02
908 6 4.71238898e+00 9.88206882e-02
909 6 4.71238898e+00 1.01074284e-01
910 6 4.71238898e+00 9.91046157e-02
911 6 4.71238898e+00 1.00279481e-01
912 6 4.71238898e+00 9.89454100e-02
913 6 4.71238898e+00 1.02120994e-01
914 6 4.71238898e+00 9.82685515e-02
915 6 4.71238898e+00 9.83613356e-02
916 6 4.71238898e+00 9.72196099e-02
917 6 4.71238898e+00 1.00112896e-01
918 6 4.71238898e+00 1.01038364e-01
919 6 4.71238898e+00 9.89860977e-02
920 6 4.71238898e+00 9.90464421e-02
921 6 4.71238898e+00 9.97840632e-02
922 6 4.71238898e+00 1.00102710e-01
923 6 4.71238898e+00 9.82807520e-02
924 6 4.71238898e+00 1.00022892e-01
925 6 4.71238898e+00 1.00523931e-01
926 6 4.71238898e+00 9.95726867e-02
927 6 4.71238898e+00 9.93692536e-02
928 6 4.71238898e+00 1.00300298e-01
929 6 4.71238898e+00 1.00671036e-01
930 6 4.71238898e+00 9.86459848e-02
931 6 4.71238898e+00 9.91176591e-02
932 6 4.71238898e+00 9.91737318e-02
933 6 4.71238898e+00 9.93220804e-02
934 6 4.71238898e+00 9.85051833e-02
935 6 4.71238898e+00 9.95954705e-02
936 6 4.71238898e+00 1.00349162e-01
937 6 4.71238898e+00 9.96931493e-02
938 6 4.71238898e+00 9.96999828e-02
939 6 4.71238898e+00 1.00015156e-01
940 6 4.71238898e+00 9.69589630e-02
941 6 4.71238898e+00 9.74744988e-02
942 6 4.71238898e+00 9.95503833e-02
943 6 4.71238898e+00 9.98826991e-02
944 6 4.71238898e+00 9.99077408e-02
945 6 4.71238898e+00 9.82299936e-02
946 6 4.71238898e+00 1.00586015e-01
947 6 4.71238898e+00 9.86795042e-02
948 6 4.71238898e+00 9.93896569e-02
949 6 4.71238898e+00 9.94694320e-02
950 6 4.71238898e+00 9.87481576e-02
951 6 4.71238898e+00 1.00512192e-01
952 6 4.71238898e+00 9.70245265e-02
953 6 4.71238898e+00 9.88591111e-02
954 6 4.71238898e+00 9.92843322e-02
955 6 4.71238898e+00 9.96732856e-02
956 6 4.71238898e+00 9.97247483e-02
957 6 4.71238898e+00 9.97330352e-02
958 6 4.71238898e+00 9.80262105e-02
959 6 4.71238898e+00 9.84305729e-02
960 6 4.71238898e+00 1.00877935e-01
961 6 4.71238898e+00 1.00619865e-01
962 6 4.71238898e+00 9.99275614e-02
963 6 4.71238898e+00 9.87160769e-02
964 6 4.71238898e+00 1.01385661e-01
965 6 4.71238898e+00 9.93932231e-02
966 6 4.71238898e+00 9.89031188e-02
967 6 4.71238898e+00 1.01221020e-01
968 6 4.71238898e+00 9.81948333e-02
969 6 4.71238898e+00 9.69414551e-02
970 6 4.71238898e+00 9.83151069e-02
971 6 4.71238898e+00 9.77915667e-02
972 6 4.71238898e+00 9.96747167e-02
973 6 4.71238898e+00 9.84217124e-02
974 6 4.71238898e+00 9.84194086e-02
975 6 4.71238898e+00 9.92620963e-02
976 6 4.71238898e+00 9.91527665e-02
977 6 4.71238898e+00 9.82190088e-02
978 6 4.71238898e+00 9.71132450e-02
979 6 4.71238898e+00 9.60231206e-02
980 6 4.71238898e+00 9.99499116e-02
981 6 4.71238898e+00 9.95534206e-02
982 6 4.71238898e+00 9.82109325e-02
983 6 4.71238898e+00 1.00749447e-01
984 6 4.71238898e+00 9.73885043e-02
985 6 4.71238898e+00 1.00457323e-01
986 6 4.71238898e+00 1.00321370e-01
987 6 4.71238898e+00 9.73387603e-02
988 6 4.71238898e+00 9.78039361e-02
989 6 4.71238898e+00 9.94370614e-02
990 6 4.71238898e+00 1.00179054e-01
991 6 4.71238898e+00 9.96295118e-02
992 6 4.71238898e+00 9.92427530e-02
993 6 4.71238898e+00 9.84252503e-02
994 6 4.71238898e+00 1.00077733e-01
995 6 4.71238898e+00 1.01621926e-01
996 6 4.71238898e+00 1.00513128e-01
997 6 4.71238898e+00 9.99005554e-02
998 6 4.71238898e+00 9.94428071e-02
999 6 4.71238898e+00 9.93611677e-02
1000 6 4.71238898e+00 9.94161509e-02
1001 6 4.71238898e+00 1.01997001e-01
1002 6 4.71238898e+00 9.73435310e-02
1003 6 4.71238898e+00 9.88925639e-02
1004 6 4.71238898e+00 9.88257337e-02
1005 6 4.71238898e+00 9.81580520e-02
1006 6 4.71238898e+00 1.00010263e-01
1007 6 4.71238898e+00 1.00235254e-01
1008 6 4.71238898e+00 1.00134320e-01
1009 6 4.71238898e+00 9.93435721e-02
1010 6 4.71238898e+00 9.92271382e-02
1011 6 4.71238898e+00 9.94022251e-02
1012 6 4.71238898e+00 9.80374095e-02
1013 6 4.71238898e+00 9.93359739e-02
1014 6 4.71238898e+00 9.93749312e-02
1015 6 4.71238898e+00 9.83449933e-02
1016 6 4.71238898e+00 9.90893364e-02
1017 6 4.71238898e+00 9.69227449e-02
1018 6 4.71238898e+00 1.00729888e-01
1019 6 4.71238898e+00 9.92244678e-02
1020 6 4.71238898e+00 9.89326177e-02
1021 6 4.71238898e+00 9.86428822e-02
1022 6 4.71238898e+00 9.98252088e-02
1023 6 4.71238898e+00 9.88397848e-02
1024 6 4.71238898e+00 9.95939028e-02
1025 6 4.71238898e+00 9.94335059e-02
0 7 5.49778714e+00 8.52900275e-02
1 7 5.49778714e+00 8.44231385e-02
2 7 5.49778714e+00 8.53559839e-02
3 7 5.49778714e+00 8.40403068e-02
4 7 5.49778714e+00 8.37845949e-02
5 7 5.49778714e+00 8.20483130e-02
6 7 5.49778714e+00 8.50968279e-02
7 7 5.49778714e+00 8.59032886e-02
8 7 5.49778714e+00 8.48977660e-02
9 7 5.49778714e+00 8.32444254e-02
10 7 5.49778714e+00 8.36650072e-02
11 7 5.49778714e+00 8.57037736e-02
12 7 5.49778714e+00 8.40011993e-02
13 7 5.49778714e+00 8.84799415e-02
14 7 5.49778714e+00 8.52778307e-02
15 7 5.49778714e+00 8.31770842e-02
16 7 5.49778714e+00 8.18905284e-02
17 7 5.49778714e+00 8.28804325e-02
18 7 5.49778714e+00 8.11689752e-02
19 7 5.49778714e+00 8.34984004e-02
20 7 5.49778714e+00 8.56775541e-02
21 7 5.49778714e+00 8.26281211e-02
22 7 5.49778714e+00 8.35092600e-02
23 7 5.49778714e+00 8.47441264e-02
24 7 5.49778714e+00 8.41611723e-02
25 7 5.49778714e+00 8.32082537e-02
26 7 5.49778714e+00 8.27467079e-02
27 7 5.49778714e+00 8.59777733e-02
28 7 5.49778714e+00 8.63357646e-02
29 7 5.49778714e+00 8.54347100e-02
30 7 5.49778714e+00 8.48543452e-02
31 7 5.49778714e+00 8.40313813e-02
32 7 5.49778714e+00 8.25435372e-02
33 7 5.49778714e+00 8.65357033e-02
34 7 5.49778714e+00 8.40138566e-02
35 7 5.49778714e+00 8.18192502e-02
36 7 5.49778714e+00 8.33825137e-02
37 7 5.49778714e+00 8.33377058e-02
38 7 5.49778714e+00 8.39814538e-02
39 7 5.49778714e+00 8.37048906e-02
40 7 5.49778714e+00 8.19870889e-02
41 7 5.49778714e+00 8.44275020e-02
42 7 5.49778714e+00 8.41848922e-02
43 7 5.49778714e+00 8.30950343e-02
44 7 5.49778714e+00 8.43514798e-02
45 7 5.49778714e+00 8.38165893e-02
46 7 5.49778714e+00 8.47783119e-02
47 7 5.49778714e+00 8.66450763e-02
48 7 5.49778714e+00 8.57026569e-02
49 7 5.49778714e+00 8.30180067e-02
50 7 5.49778714e+00 8.34475456e-02
51 7 5.49778714e+00 8.49058566e-02
52 7 5.49778714e+00 8.45256079e-02
53 7 5.49778714e+00 8.57777756e-02
54 7 5.49778714e+00 8.66517151e-02
55 7 5.49778714e+00 8.47728238e-02
56 7 5.49778714e+00 8.46327014e-02
57 7 5.49778714e+00 8.33442398e-02
58 7 5.49778714e+00 8.28830900e-02
59 7 5.49778714e+00 8.31508265e-02
60 7 5.49778714e+00 8.25586681e-02
61 7 5.49778714e+00 8.39646099e-02
62 7 5.49778714e+00 8.36363479e-02
63 7 5.49778714e+00 8.12346934e-02
64 7 5.49778714e+00 8.35074259e-02
65 7 5.49778714e+00 8.42383353e-02
66 7 5.49778714e+00 8.27585611e-02
67 7 5.49778714e+00 8.34159586e-02
68 7 5.49778714e+00 8.34585626e-02
69 7 5.49778714e+00 8.42870860e-02
70 7 5.49778714e+00 8.43673232e-02
71 7 5.49778714e+00 8.34644953e-02
72 7 5.49778714e+00 8.23836822e-02
73 7 5.49778714e+00 8.53442423e-02
74 7 5.49778714e+00 8.39120616e-02
75 7 5.49778714e+00 8.47092610e-02
76 7 5.49778714e+00 8.14586411e-02
77 7 5.49778714e+00 8.52769575e-02
78 7 5.49778714e+00 8.39949967e-02
79 7 5.49778714e+00 8.45035239e-02
80 7 5.49778714e+00 8.41076733e-02
81 7 5.49778714e+00 8.59392245e-02
82 7 5.49778714e+00 8.26407007e-02
83 7 5.49778714e+00 8.37911481e-02
84 7 5.49778714e+00 8.33346835e-02
85 7 5.49778714e+00 8.40427922e-02
86 7 5.49778714e+00 8.37600466e-02
87 7 5.49778714e+00 8.49275475e-02
88 7 5.49778714e+00 8.50214912e-02
89 7 5.49778714e+00 8.40990246e-02
90 7 5.49778714e+00 8.54344239e-02
91 7 5.49778714e+00 8.42348594e-02
92 7 5.49778714e+00 8.32687422e-02
93 7 5.49778714e+00 8.57319259e-02
94 7 5.49778714e+00 8.42462816e-02
95 7 5.49778714e+00 8.40533081e-02
96 7 5.49778714e+00 8.35110669e-02
97 7 5.49778714e+00 8.31135359e-02
98 7 5.49778714e+00 8.36871034e-02
99 7 5.49778714e+00 8.44820509e-02
100 7 5.49778714e+00 8.36020154e-02
101 7 5.49778714e+00 8.52043964e-02
102 7 5.49778714e+00 8.55352840e-02
103 7 5.49778714e+00 8.59749423e-02
104 7 5.49778714e+00 8.33975159e-02
105 7 5.49778714e+00 8.12812770e-02
106 7 5.49778714e+00 8.30700866e-02
107 7 5.49778714e+00 8.29785673e-02
108 7 5.49778714e+00 8.63800514e-02
109 7 5.49778714e+00 8.40082466e-02
110 7 5.49778714e+00 8.62863076e-02
111 7 5.49778714e+00 8.47596194e-02
112 7 5.49778714e+00 8.44872541e-02
113 7 5.49778714e+00 8.45962210e-02
114 7 5.49778714e+00 8.58986254e-02
115 7 5.49778714e+00 8.68876608e-02
116 7 5.49778714e+00 8.44580200e-02
117 7 5.49778714e+00 8.23196916e-02
118 7 5.49778714e+00 8.45814394e-02
119 7 5.49778714e+00 8.28731017e-02
120 7 5.49778714e+00 8.37358826e-02
121 7 5.49778714e+00 8.48974391e-02
122 7 5.49778714e+00 8.46670309e-02
123 7 5.49778714e+00 8.32150180e-02
124 7 5.49778714e+00 8.45498994e-02
125 7 5.49778714e+00 8.46674701e-02
126 7 5.49778714e+00 8.33319353e-02
127 7 5.49778714e+00 8.59097778e-02
128 7 5.49778714e+00 8.39282603e-02
129 7 5.49778714e+00 8.31094532e-02
130 7 5.49778714e+00 8.55400769e-02
131 7 5.49778714e+00 8.51993969e-02
132 7 5.49778714e+00 8.33035061e-02
133 7 5.49778714e+00 8.61643179e-02
134 7 5.49778714e+00 8.28876824e-02
135 7 5.49778714e+00 8.52456007e-02
136 7 5.49778714e+00 8.37590445e-02
137 7 5.49778714e+00 8.33521742e-02
138 7 5.49778714e+00 8.37225899e-02
139 7 5.49778714e+00 8.47782107e-02
140 7 5.49778714e+00 8.24995671e-02
141 7 5.49778714e+00 8.26181281e-02
142 7 5.49778714e+00 8.45775796e-02
143 7 5.49778714e+00 8.51155934e-02
144 7 5.49778714e+00 8.58934205e-02
145 7 5.49778714e+00 8.22188788e-02
146 7 5.49778714e+00 8.50028985e-02
147 7 5.49778714e+00 8.35649625e-02
148 7 5.49778714e+00 8.23746279e-02
149 7 5.49778714e+00 8.45612047e-02
150 7 5.49778714e+00 8.42360220e-02
151 7 5.49778714e+00 8.30464643e-02
152 7 5.49778714e+00 8.43191839e-02
153 7 5.49778714e+00 8.39299409e-02
154 7 5.49778714e+00 8.23503662e-02
155 7 5.49778714e+00 8.39978777e-02
156 7 5.49778714e+00 8.48083230e-02
157 7 5.49778714e+00 8.55747257e-02
158 7 5.49778714e+00 8.44601434e-02
159 7 5.49778714e+00 8.56846641e-02
160 7 5.49778714e+00 8.16132657e-02
161 7 5.49778714e+00 8.46624998e-02
162 7 5.49778714e+00 8.37441891e-02
163 7 5.49778714e+00 8.49714261e-02
164 7 5.49778714e+00 8.29335569e-02
165 7 5.49778714e+00 8.30036515e-02
166 7 5.49778714e+00 8.29338981e-02
167 7 5.49778714e+00 8.24015283e-02
168 7 5.49778714e+00 8.34634614e-02
169 7 5.49778714e+00 8.63853864e-02
170 7 5.49778714e+00 8.34322526e-02
171 7 5.49778714e+00 8.24209764e-02
172 7 5.49778714e+00 8.28618966e-02
173 7 5.49778714e+00 8.68962647e-02
174 7 5.49778714e+00 8.42598581e-02
175 7 5.49778714e+00 8.23864457e-02
176 7 5.49778714e+00 8.37866748e-02
177 7 5.49778714e+00 8.47905241e-02
178 7 5.49778714e+00 8.45666363e-02
179 7 5.49778714e+00 8.41893096e-02
180 7 5.49778714e+00 8.13825154e-02
181 7 5.49778714e+00 8.26517818e-02
182 7 5.49778714e+00 8.29298631e-02
183 7 5.49778714e+00 8.39435687e-02
184 7 5.49778714e+00 8.17147443e-02
185 7 5.49778714e+00 8.43289658e-02
186 7 5.49778714e+00 8.33675664e-02
187 7 5.49778714e+00 8.57922187e-02
188 7 5.49778714e+00 8.36111587e-02
189 7 5.49778714e+00 8.31091707e-02
190 7 5.49778714e+00 8.61041891e-02
191 7 5.49778714e+00 8.41192584e-02
192 7 5.49778714e+00 8.44137037e-02
193 7 5.49778714e+00 8.45451582e-02
194 7 5.49778714e+00 8.39693881e-02
195 7 5.49778714e+00 8.41866989e-02
196 7 5.49778714e+00 8.18524005e-02
197 7 5.49778714e+00 8.27290084e-02
198 7 5.49778714e+00 8.51742987e-02
199 7 5.49778714e+00 8.53229521e-02
200 7 5.49778714e+00 8.28491359e-02
201 7 5.49778714e+00 8.14841508e-02
202 7 5.49778714e+00 8.30261925e-02
203 7 5.49778714e+00 8.37759634e-02
204 7 5.49778714e+00 8.45999303e-02
205 7 5.49778714e+00 8.24480805e-02
206 7 5.49778714e+00 8.31995399e-02
207 7 5.49778714e+00 8.51771801e-02
208 7 5.49778714e+00 8.48557669e-02
209 7 5.49778714e+00 8.48657675e-02
210 7 5.49778714e+00 8.19738292e-02
211 7 5.49778714e+00 8.43864601e-02
212 7 5.49778714e+00 8.67314687e-02
213 7 5.49778714e+00 8.25620052e-02
214 7 5.49778714e+00 8.42802969e-02
215 7 5.49778714e+00 8.29362919e-02
216 7 5.49778714e+00 8.39638822e-02
217 7 5.49778714e+00 8.24702288e-02
218 7 5.49778714e+00 8.34512139e-02
219 7 5.49778714e+00 8.42891929e-02
220 7 5.49778714e+00 8.38582064e-02
221 7 5.49778714e+00 8.32988158e-02
222 7 5.49778714e+00 8.62922695e-02
223 7 5.49778714e+00 8.49358885e-02
224 7 5.49778714e+00 8.51544206e-02
225 7 5.49778714e+00 8.29837545e-02
226 7 5.49778714e+00 8.38045086e-02
227 7 5.49778714e+00 8.70506578e-02
228 7 5.49778714e+00 8.28806926e-02
229 7 5.49778714e+00 8.61837456e-02
230 7 5.49778714e+00 8.17510410e-02
231 7 5.49778714e+00 8.51213703e-02
232 7 5.49778714e+00 8.54778309e-02
233 7 5.49778714e+00 8.44463674e-02
234 7 5.49778714e+00 8.54025184e-02
235 7 5.49778714e+00 8.70213575e-02
236 7 5.49778714e+00 8.67586178e-02
237 7 5.49778714e+00 8.43068337e-02
238 7 5.49778714e+00 8.46984016e-02
239 7 5.49778714e+00 8.32698542e-02
240 7 5.49778714e+00 8.33005017e-02
241 7 5.49778714e+00 8.42430476e-02
242 7 5.49778714e+00 8.21442568e-02
243 7 5.49778714e+00 8.46688151e-02
244 7 5.49778714e+00 8.26430038e-02
245 7 5.49778714e+00 8.30847222e-02
246 7 5.49778714e+00 8.43676532e-02
247 7 5.49778714e+00 8.46625670e-02
248 7 5.49778714e+00 8.58501328e-02
249 7 5.49778714e+00 8.40356250e-02
250 7 5.49778714e+00 8.28975262e-02
251 7 5.49778714e+00 8.51150809e-02
252 7 5.49778714e+00 8.58426998e-02
253 7 5.49778714e+00 8.16248169e-02
254 7 5.49778714e+00 8.40156864e-02
255 7 5.49778714e+00 8.66285745e-02
256 7 5.49778714e+00 8.36706122e-02
257 7 5.49778714e+00 8.30409928e-02
258 7 5.49778714e+00 8.28066683e-02
259 7 5.49778714e+00 8.52379222e-02
260 7 5.49778714e+00 8.28046283e-02
261 7 5.49778714e+00 8.42810008e-02
262 7 5.49778714e+00 8.45002833e-02
263 7 5.49778714e+00 8.71568560e-02
264 7 5.49778714e+00 8.54303016e-02
265 7 5.49778714e+00 8.46087930e-02
266 7 5.49778714e+00 8.37169226e-02
267 7 5.49778714e+00 8.33829474e-02
268 7 5.49778714e+00 8.48881164e-02
269 7 5.49778714e+00 8.28090918e-02
270 7 5.49778714e+00 8.62739215e-02
271 7 5.49778714e+00 8.41675987e-02
272 7 5.49778714e+00 8.33041401e-02
273 7 5.49778714e+00 8.27233587e-02
274 7 5.49778714e+00 8.25197052e-02
275 7 5.49778714e+00 8.32368277e-02
276 7 5.49778714e+00 8.32759743e-02
277 7 5.49778714e+00 8.54557562e-02
278 7 5.49778714e+00 8.27514302e-02
279 7 5.49778714e+00 8.49260454e-02
280 7 5.49778714e+00 8.41053516e-02
281 7 5.49778714e+00 8.30607353e-02
282 7 5.49778714e+00 8.34112627e-02
283 7 5.49778714e+00 8.18588261e-02
284 7 5.49778714e+00 8.42783364e-02
285 7 5.49778714e+00 8.56371129e-02
286 7 5.49778714e+00 8.41739257e-02
287 7 5.49778714e+00 8.29507761e-02
288 7 5.49778714e+00 8.61127881e-02
289 7 5.49778714e+00 8.47293033e-02
290 7 5.49778714e+00 8.58393386e-02
291 7 5.49778714e+00 8.58202275e-02
292 7 5.49778714e+00 8.41824449e-02
293 7 5.49778714e+00 8.41635944e-02
294 7 5.49778714e+00 8.27199017e-02
295 7 5.49778714e+00 8.36824849e-02
296 7 5.49778714e+00 8.39463087e-02
297 7 5.49778714e+00 8.73388247e-02
298 7 5.49778714e+00 8.26038059e-02
299 7 5.49778714e+00 8.21549890e-02
300 7 5.49778714e+00 8.25279451e-02
301 7 5.49778714e+00 8.21491428e-02
302 7 5.49778714e+00 8.13533554e-02
303 7 5.49778714e+00 8.40570566e-02
304 7 5.49778714e+00 8.48255045e-02
305 7 5.49778714e+00 8.43957123e-02
306 7 5.49778714e+00 8.20610443e-02
307 7 5.49778714e+00 8.36689862e-02
308 7 5.49778714e+00 8.18453351e-02
309 7 5.49778714e+00 8.49440389e-02
310 7 5.49778714e+00 8.61389701e-02
311 7 5.49778714e+00 8.52628752e-02
312 7 5.49778714e+00 8.49752081e-02
313 7 5.49778714e+00 8.28415581e-02
314 7 5.49778714e+00 8.54205508e-02
315 7 5.49778714e+00 8.19748477e-02
316 7 5.49778714e+00 8.48177470e-02
317 7 5.49778714e+00 8.27407248e-02
318 7 5.49778714e+00 8.42301276e-02
319 7 5.49778714e+00 8.52493292e-02
320 7 5.49778714e+00 8.47946675e-02
321 7 5.49778714e+00 8.32727335e-02
322 7 5.49778714e+00 8.45491424e-02
323 7 5.49778714e+00 8.27314690e-02
324 7 5.49778714e+00 8.53462058e-02
325 7 5.49778714e+00 8.29751841e-02
326 7 5.49778714e+00 8.36279227e-02
327 7 5.49778714e+00 8.81222373e-02
328 7 5.49778714e+00 8.42578762e-02
329 7 5.49778714e+00 8.18732185e-02
330 7 5.49778714e+00 8.39210104e-02
331 7 5.49778714e+00 8.33700185e-02
332 7 5.49778714e+00 8.41616507e-02
333 7 5.49778714e+00 8.53530332e-02
334 7 5.49778714e+00 8.22914850e-02
335 7 5.49778714e+00 8.46074494e-02
336 7 5.49778714e+00 8.54129890e-02
337 7 5.49778714e+00 8.18809004e-02
338 7 5.49778714e+00 8.39527118e-02
339 7 5.49778714e+00 8.62876031e-02
340 7 5.49778714e+00 8.44111092e-02
341 7 5.49778714e+00 8.31985257e-02
342 7 5.49778714e+00 8.42826778e-02
343 7 5.49778714e+00 8.26556131e-02
344 7 5.49778714e+00 8.32966674e-02
345 7 5.49778714e+00 8.58970826e-02
346 7 5.49778714e+00 8.15785108e-02
347 7 5.49778714e+00 8.38889957e-02
348 7 5.49778714e+00 8.37989295e-02
349 7 5.49778714e+00 8.40107928e-02
350 7 5.49778714e+00 8.12817811e-02
351 7 5.49778714e+00 8.40107659e-02
352 7 5.49778714e+00 8.18217079e-02
353 7 5.49778714e+00 8.54981899e-02
354 7 5.49778714e+00 8.46102536e-02
355 7 5.49778714e+00 8.59109782e-02
356 7 5.49778714e+00 8.47823265e-02
357 7 5.49778714e+00 8.59410316e-02
358 7 5.49778714e+00 8.42134453e-02
359 7 5.49778714e+00 8.41184765e-02
360 7 5.49778714e+00 8.45036221e-02
361 7 5.49778714e+00 8.23444576e-02
362 7 5.49778714e+00 8.49471575e-02
363 7 5.49778714e+00 8.39589610e-02
364 7 5.49778714e+00 8.60255715e-02
365 7 5.49778714e+00 8.33841729e-02
366 7 5.49778714e+00 8.20821725e-02
367 7 5.49778714e+00 8.17424266e-02
368 7 5.49778714e+00 8.10763835e-02
369 7 5.49778714e+00 8.25337202e-02
370 7 5.49778714e+00 8.45798749e-02
371 7 5.49778714e+00 8.32987574e-02
372 7 5.49778714e+00 8.46535308e-02
373 7 5.49778714e+00 8.37397763e-02
374 7 5.49778714e+00 8.52876802e-02
375 7 5.49778714e+00 8.35243670e-02
376 7 5.49778714e+00 8.28229734e-02
377 7 5.49778714e+00 8.35520533e-02
378 7 5.49778714e+00 8.44588751e-02
379 7 5.49778714e+00 8.42427515e-02
380 7 5.49778714e+00 8.33714586e-02
381 7 5.49778714e+00 8.46265756e-02
382 7 5.49778714e+00 8.40450625e-02
383 7 5.49778714e+00 8.12754393e-02
384 7 5.49778714e+00 8.26042919e-02
385 7 5.49778714e+00 8.32626460e-02
386 7 5.49778714e+00 8.49568840e-02
387 7 5.49778714e+00 8.62806127e-02
388 7 5.49778714e+00 8.64017130e-02
389 7 5.49778714e+00 8.32660910e-02
390 7 5.49778714e+00 8.22619753e-02
391 7 5.49778714e+00 8.27773050e-02
392 7 5.49778714e+00 8.46874105e-02
393 7 5.49778714e+00 8.36521762e-02
394 7 5.49778714e+00 8.23157035e-02
395 7 5.49778714e+00 8.24263738e-02
396 7 5.49778714e+00 8.39405916e-02
397 7 5.49778714e+00 8.53297036e-02
398 7 5.49778714e+00 8.18934597e-02
399 7 5.49778714e+00 8.52651705e-02
400 7 5.49778714e+00 8.46234558e-02
401 7 5.49778714e+00 8.49313564e-02
402 7 5.49778714e+00 8.29229000e-02
403 7 5.49778714e+00 7.96171752e-02
404 7 5.49778714e+00 8.45880619e-02
405 7 5.49778714e+00 8.43190946e-02
406 7 5.49778714e+00 8.42244927e-02
407 7 5.49778714e+00 8.42328088e-02
408 7 5.49778714e+00 8.28054366e-02
409 7 5.49778714e+00 8.53005903e-02
410 7 5.49778714e+00 8.25564820e-02
411 7 5.49778714e+00 8.26560440e-02
412 7 5.49778714e+00 8.04132222e-02
413 7 5.49778714e+00 8.36591893e-02
414 7 5.49778714e+00 8.51201993e-02
415 7 5.49778714e+00 8.55175749e-02
416 7 5.49778714e+00 8.56070682e-02
417 7 5.49778714e+00 8.22345804e-02
418 7 5.49778714e+00 8.64793353e-02
419 7 5.49778714e+00 8.33235608e-02
420 7 5.49778714e+00 8.33789152e-02
421 7 5.49778714e+00 8.23220576e-02
422 7 5.49778714e+00 8.36020477e-02
423 7 5.49778714e+00 8.43385352e-02
424 7 5.49778714e+00 8.29571838e-02
425 7 5.49778714e+00 8.43465461e-02
426 7 5.49778714e+00 8.15098908e-02
427 7 5.49778714e+00 8.37613240e-02
428 7 5.49778714e+00 8.65670537e-02
429 7 5.49778714e+00 8.48448554e-02
430 7 5.49778714e+00 8.48224399e-02
431 7 5.49778714e+00 8.43330435e-02
432 7 5.49778714e+00 8.47588245e-02
433 7 5.49778714e+00 8.45190491e-02
434 7 5.49778714e+00 8.50329704e-02
435 7 5.49778714e+00 8.57543600e-02
436 7 5.49778714e+00 8.41355249e-02
437 7 5.49778714e+00 8.56691948e-02
438 7 5.49778714e+00 8.53382356e-02
439 7 5.49778714e+00 8.31703788e-02
440 7 5.49778714e+00 8.35904025e-02
441 7 5.49778714e+00 8.40279916e-02
442 7 5.49778714e+00 8.35836054e-02
443 7 5.49778714e+00 8.40197919e-02
444 7 5.49778714e+00 8.47564678e-02
445 7 5.49778714e+00 8.36743393e-02
446 7 5.49778714e+00 8.32047009e-02
447 7 5.49778714e+00 8.51051360e-02
448 7 5.49778714e+00 8.42952364e-02
449 7 5.49778714e+00 8.52744721e-02
450 7 5.49778714e+00 8.46595560e-02
451 7 5.49778714e+00 8.30278853e-02
452 7 5.49778714e+00 8.25774377e-02
453 7 5.49778714e+00 8.37067428e-02
454 7 5.49778714e+00 8.37629921e-02
455 7 5.49778714e+00 8.32246335e-02
456 7 5.49778714e+00 8.41464280e-02
457 7 5.49778714e+00 8.21531591e-02
458 7 5.49778714e+00 8.53355457e-02
459 7 5.49778714e+00 8.50682069e-02
460 7 5.49778714e+00 8.35675602e-02
461 7 5.49778714e+00 8.42307670e-02
462 7 5.49778714e+00 8.33275255e-02
463 7 5.49778714e+00 8.66831123e-02
464 7 5.49778714e+00 8.33639426e-02
465 7 5.49778714e+00 8.39840095e-02
466 7 5.49778714e+00 8.32710559e-02
467 7 5.49778714e+00 8.41886030e-02
468 7 5.49778714e+00 8.64259826e-02
469 7 5.49778714e+00 8.28656950e-02
470 7 5.49778714e+00 8.26166057e-02
471 7 5.49778714e+00 8.42756592e-02
472 7 5.49778714e+00 8.62319446e-02
473 7 5.49778714e+00 8.36373540e-02
474 7 5.49778714e+00 8.37536524e-02
475 7 5.49778714e+00 8.42914579e-02
476 7 5.49778714e+00 8.49685322e-02
477 7 5.49778714e+00 8.38610235e-02
478 7 5.49778714e+00 8.21667772e-02
479 7 5.49778714e+00 8.07819867e-02
480 7 5.49778714e+00 8.60516478e-02
481 7 5.49778714e+00 8.62781927e-02
482 7 5.49778714e+00 8.29650499e-02
483 7 5.49778714e+00 8.50080183e-02
484 7 5.49778714e+00 8.62950206e-02
485 7 5.49778714e+00 8.47883878e-02
486 7 5.49778714e+00 8.47173580e-02
487 7 5.49778714e+00 8.55943810e-02
488 7 5.49778714e+00 8.42859523e-02
489 7 5.49778714e+00 8.47125706e-02
490 7 5.49778714e+00 8.44958994e-02
491 7 5.49778714e+00 8.52573107e-02
492 7 5.49778714e+00 8.56145949e-02
493 7 5.49778714e+00 8.46327041e-02
494 7 5.49778714e+00 8.61511558e-02
495 7 5.49778714e+00 8.31224682e-02
496 7 5.49778714e+00 8.38848590e-02
497 7 5.49778714e+00 8.47815515e-02
498 7 5.49778714e+00 8.31758804e-02
499 7 5.49778714e+00 8.56009768e-02
500 7 5.49778714e+00 8.53157059e-02
501 7 5.49778714e+00 8.52723977e-02
502 7 5.49778714e+00 8.41551076e-02
503 7 5.49778714e+00 8.41173877e-02
504 7 5.49778714e+00 8.57373891e-02
505 7 5.49778714e+00 8.42211991e-02
506 7 5.49778714e+00 8.35705747e-02
507 7 5.49778714e+00 8.40833253e-02
508 7 5.49778714e+00 8.29775276e-02
509 7 5.49778714e+00 8.43224113e-02
510 7 5.49778714e+00 8.18867655e-02
511 7 5.49778714e+00 8.29559896e-02
512 7 5.49778714e+00 8.49437881e-02
513 7 5.49778714e+00 8.39288142e-02
514 7 5.49778714e+00 8.43831603e-02
515 7 5.49778714e+00 8.34986599e-02
516 7 5.49778714e+00 8.38789383e-02
517 7 5.49778714e+00 8.34390085e-02
518 7 5.49778714e+00 8.28237071e-02
519 7 5.49778714e+00 8.38083351e-02
520 7 5.49778714e+00 8.39675517e-02
521 7 5.49778714e+00 8.47986441e-02
522 7 5.49778714e+00 8.64706450e-02
523 7 5.49778714e+00 8.20589819e-02
524 7 5.49778714e+00 8.21223438e-02
525 7 5.49778714e+00 8.37822150e-02
526 7 5.49778714e+00 8.64327824e-02
527 7 5.49778714e+00 8.45329165e-02
528 7 5.49778714e+00 8.43462660e-02
529 7 5.49778714e+00 8.46433277e-02
530 7 5.49778714e+00 8.36627718e-02
531 7 5.49778714e+00 8.19653753e-02
532 7 5.49778714e+00 8.67264549e-02
533 7 5.49778714e+00 8.34774493e-02
534 7 5.49778714e+00 8.28629053e-02
535 7 5.49778714e+00 8.26518709e-02
536 7 5.49778714e+00 8.80695176e-02
537 7 5.49778714e+00 8.43339023e-02
538 7 5.49778714e+00 8.27470795e-02
539 7 5.49778714e+00 8.40670823e-02
540 7 5.49778714e+00 8.59017120e-02
541 7 5.49778714e+00 8.40611186e-02
542 7 5.49778714e+00 8.19040263e-02
543 7 5.49778714e+00 8.18217771e-02
544 7 5.49778714e+00 8.38018551e-02
545 7 5.49778714e+00 8.32762114e-02
546 7 5.49778714e+00 8.37736500e-02
547 7 5.49778714e+00 8.29212753e-02
548 7 5.49778714e+00 8.31021640e-02
549 7 5.49778714e+00 8.44782040e-02
550 7 5.49778714e+00 8.36775026e-02
551 7 5.49778714e+00 8.64546437e-02
552 7 5.49778714e+00 8.41926539e-02
553 7 5.49778714e+00 8.27323041e-02
554 7 5.49778714e+00 8.32975518e-02
555 7 5.49778714e+00 8.43199757e-02
556 7 5.49778714e+00 8.43062220e-02
557 7 5.49778714e+00 8.35458937e-02
558 7 5.49778714e+00 8.36585626e-02
559 7 5.49778714e+00 8.83281011e-02
560 7 5.49778714e+00 8.56522157e-02
561 7 5.49778714e+00 8.29141785e-02
562 7 5.49778714e+00 8.46321582e-02
563 7 5.49778714e+00 8.29242143e-02
564 7 5.49778714e+00 8.31565973e-02
565 7 5.49778714e+00 8.23488004e-02
566 7 5.49778714e+00 8.88513349e-02
567 7 5.49778714e+00 8.39813902e-02
568 7 5.49778714e+00 8.42380704e-02
569 7 5.49778714e+00 8.49724523e-02
570 7 5.49778714e+00 8.36485342e-02
571 7 5.49778714e+00 8.57259193e-02
572 7 5.49778714e+00 8.14104412e-02
573 7 5.49778714e+00 8.34271101e-02
574 7 5.49778714e+00 8.47490197e-02
575 7 5.49778714e+00 8.39545409e-02
576 7 5.49778714e+00 8.42243102e-02
577 7 5.49778714e+00 8.23231930e-02
578 7 5.49778714e+00 8.40054884e-02
579 7 5.49778714e+00 8.48531176e-02
580 7 5.49778714e+00 8.19874950e-02
581 7 5.49778714e+00 8.07406712e-02
582 7 5.49778714e+00 8.52646925e-02
583 7 5.49778714e+00 8.39981733e-02
584 7 5.49778714e+00 8.34335682e-02
585 7 5.49778714e+00 8.36133145e-02
586 7 5.49778714e+00 8.40807517e-02
587 7 5.49778714e+00 8.54561691e-02
588 7 5.49778714e+00 8.47772113e-02
589 7 5.49778714e+00 8.29961876e-02
590 7 5.49778714e+00 8.38548911e-02
591 7 5.49778714e+00 8.20914717e-02
592 7 5.49778714e+00 8.40298000e-02
593 7 5.49778714e+00 8.55757149e-02
594 7 5.49778714e+00 8.31536115e-02
595 7 5.49778714e+00 8.41835936e-02
596 7 5.49778714e+00 8.57321381e-02
597 7 5.49778714e+00 8.38785914e-02
598 7 5.49778714e+00 8.30517775e-02
599 7 5.49778714e+00 8.42554991e-02
600 7 5.49778714e+00 8.30723889e-02
601 7 5.49778714e+00 8.30384528e-02
602 7 5.49778714e+00 8.50872513e-02
603 7 5.49778714e+00 8.51599383e-02
604 7 5.49778714e+00 8.40874598e-02
605 7 5.49778714e+00 8.65527827e-02
606 7 5.49778714e+00 8.46154773e-02
607 7 5.49778714e+00 8.29015315e-02
608 7 5.49778714e+00 8.23082550e-02
609 7 5.49778714e+00 8.52493972e-02
610 7 5.49778714e+00 8.52777294e-02
611 7 5.49778714e+00 8.45155709e-02
612 7 5.49778714e+00 8.37887571e-02
613 7 5.49778714e+00 8.64647198e-02
614 7 5.49778714e+00 8.27758714e-02
615 7 5.49778714e+00 8.35836718e-02
616 7 5.49778714e+00 8.29618944e-02
617 7 5.49778714e+00 8.45234095e-02
618 7 5.49778714e+00 8.55480797e-02
619 7 5.49778714e+00 8.36302637e-02
620 7 5.49778714e+00 8.63604263e-02
621 7 5.49778714e+00 8.31663901e-02
622 7 5.49778714e+00 8.23837658e-02
623 7 5.49778714e+00 8.40303712e-02
624 7 5.49778714e+00 8.27107421e-02
625 7 5.49778714e+00 8.58661674e-02
626 7 5.49778714e+00 8.35491817e-02
627 7 5.49778714e+00 8.60693816e-02
628 7 5.49778714e+00 8.65850794e-02
629 7 5.49778714e+00 8.68864342e-02
630 7 5.49778714e+00 8.43843309e-02
631 7 5.49778714e+00 8.45738833e-02
632 7 5.49778714e+00 8.24486681e-02
633 7 5.49778714e+00 8.09987095e-02
634 7 5.49778714e+00 8.38246367e-02
635 7 5.49778714e+00 8.39552424e-02
636 7 5.49778714e+00 8.34814209e-02
637 7 5.49778714e+00 8.60308383e-02
638 7 5.49778714e+00 8.16284921e-02
639 7 5.49778714e+00 8.57396558e-02
640 7 5.49778714e+00 8.43032117e-02
641 7 5.49778714e+00 8.53142086e-02
642 7 5.49778714e+00 8.51907391e-02
643 7 5.49778714e+00 8.50641216e-02
644 7 5.49778714e+00 8.68763217e-02
645 7 5.49778714e+00 8.33697308e-02
646 7 5.49778714e+00 8.44963290e-02
647 7 5.49778714e+00 8.65978289e-02
648 7 5.49778714e+00 8.44762788e-02
649 7 5.49778714e+00 8.54616473e-02
650 7 5.49778714e+00 8.48771128e-02
651 7 5.49778714e+00 8.34194048e-02
652 7 5.49778714e+00 8.27508530e-02
653 7 5.49778714e+00 8.59694161e-02
654 7 5.49778714e+00 8.66079092e-02
655 7 5.49778714e+00 8.53685507e-02
656 7 5.49778714e+00 8.47336864e-02
657 7 5.49778714e+00 8.20426105e-02
658 7 5.49778714e+00 8.43438138e-02
659 7 5.49778714e+00 8.42004762e-02
660 7 5.49778714e+00 8.35882096e-02
661 7 5.49778714e+00 8.08108019e-02
662 7 5.49778714e+00 8.44207034e-02
663 7 5.49778714e+00 8.36413567e-02
664 7 5.49778714e+00 8.31953809e-02
665 7 5.49778714e+00 8.50662564e-02
666 7 5.49778714e+00 8.39860587e-02
667 7 5.49778714e+00 8.85553063e-02
668 7 5.49778714e+00 8.56587964e-02
669 7 5.49778714e+00 8.61657426e-02
670 7 5.49778714e+00 8.30906286e-02
671 7 5.49778714e+00 8.45408214e-02
672 7 5.49778714e+00 8.51643887e-02
673 7 5.49778714e+00 8.58893245e-02
674 7 5.49778714e+00 8.33021249e-02
675 7 5.49778714e+00 8.35900576e-02
676 7 5.49778714e+00 8.50784094e-02
677 7 5.49778714e+00 8.42701333e-02
678 7 5.49778714e+00 8.46102391e-02
679 7 5.49778714e+00 8.57041207e-02
680 7 5.49778714e+00 8.83028517e-02
681 7 5.49778714e+00 8.48284906e-02
682 7 5.49778714e+00 8.53506118e-02
683 7 5.49778714e+00 8.37883343e-02
684 7 5.49778714e+00 8.48375383e-02
685 7 5.49778714e+00 8.24424152e-02
686 7 5.49778714e+00 8.41588126e-02
687 7 5.49778714e+00 8.23383094e-02
688 7 5.49778714e+00 8.41014972e-02
689 7 5.49778714e+00 8.32219758e-02
690 7 5.49778714e+00 8.45168860e-02
691 7 5.49778714e+00 8.10504662e-02
692 7 5.49778714e+00 8.35916303e-02
693 7 5.49778714e+00 8.67725934e-02
694 7 5.49778714e+00 8.58164807e-02
695 7 5.49778714e+00 8.42009468e-02
696 7 5.49778714e+00 8.39856023e-02
697 7 5.49778714e+00 8.45691771e-02
698 7 5.49778714e+00 8.23553938e-02
699 7 5.49778714e+00 8.10815298e-02
700 7 5.49778714e+00 8.28019295e-02
701 7 5.49778714e+00 8.29218070e-02
702 7 5.49778714e+00 8.38183509e-02
703 7 5.49778714e+00 8.38790390e-02
704 7 5.49778714e+00 8.31882709e-02
705 7 5.49778714e+00 8.69507125e-02
706 7 5.49778714e+00 8.57183168e-02
707 7 5.49778714e+00 8.37036919e-02
708 7 5.49778714e+00 8.54975196e-02
709 7 5.49778714e+00 8.27550532e-02
710 7 5.49778714e+00 8.40836249e-02
711 7 5.49778714e+00 8.37947998e-02
712 7 5.49778714e+00 8.45398614e-02
713 7 5.49778714e+00 8.45566187e-02
714 7 5.49778714e+00 8.15980004e-02
715 7 5.49778714e+00 8.71581570e-02
716 7 5.49778714e+00 8.62635967e-02
717 7 5.49778714e+00 8.50010909e-02
718 7 5.49778714e+00 8.33729090e-02
719 7 5.49778714e+00 8.41432969e-02
720 7 5.49778714e+00 8.37347505e-02
721 7 5.49778714e+00 8.46242669e-02
722 7 5.49778714e+00 8.30827003e-02
723 7 5.49778714e+00 8.37324099e-02
724 7 5.49778714e+00 8.33907890e-02
725 7 5.49778714e+00 8.39838524e-02
726 7 5.49778714e+00 8.45494373e-02
727 7 5.49778714e+00 8.09572737e-02
728 7 5.49778714e+00 8.39451762e-02
729 7 5.49778714e+00 8.22001135e-02
730 7 5.49778714e+00 8.38221865e-02
731 7 5.49778714e+00 8.12536438e-02
732 7 5.49778714e+00 8.51526917e-02
733 7 5.49778714e+00 8.73445707e-02
734 7 5.49778714e+00 8.29621822e-02
735 7 5.49778714e+00 8.51634627e-02
736 7 5.49778714e+00 8.44420329e-02
737 7 5.49778714e+00 8.46952965e-02
738 7 5.49778714e+00 8.25611592e-02
739 7 5.49778714e+00 8.40145763e-02
740 7 5.49778714e+00 8.46188796e-02
741 7 5.49778714e+00 8.37870940e-02
742 7 5.49778714e+00 8.30016085e-02
743 7 5.49778714e+00 8.33652134e-02
744 7 5.49778714e+00 8.29846475e-02
745 7 5.49778714e+00 8.18584382e-02
746 7 5.49778714e+00 8.22926704e-02
747 7 5.49778714e+00 8.30981341e-02
748 7 5.49778714e+00 8.34973879e-02
749 7 5.49778714e+00 8.52335726e-02
750 7 5.49778714e+00 8.37387584e-02
751 7 5.49778714e+00 8.50351627e-02
752 7 5.49778714e+00 8.38189137e-02
753 7 5.49778714e+00 8.30222583e-02
754 7 5.49778714e+00 8.41984839e-02
755 7 5.49778714e+00 8.48690002e-02
756 7 5.49778714e+00 8.16098551e-02
757 7 5.49778714e+00 8.18911838e-02
758 7 5.49778714e+00 8.50183387e-02
759 7 5.49778714e+00 8.58652926e-02
760 7 5.49778714e+00 8.28108217e-02
761 7 5.49778714e+00 8.33717049e-02
762 7 5.49778714e+00 8.45817600e-02
763 7 5.49778714e+00 8.52729212e-02
764 7 5.49778714e+00 8.52150853e-02
765 7 5.49778714e+00 8.42727122e-02
766 7 5.49778714e+00 8.33200377e-02
767 7 5.49778714e+00 8.21235194e-02
768 7 5.49778714e+00 8.25358757e-02
769 7 5.49778714e+00 8.33315775e-02
770 7 5.49778714e+00 8.33044014e-02
771 7 5.49778714e+00 8.28153925e-02
772 7 5.49778714e+00 8.43641609e-02
773 7 5.49778714e+00 8.89366085e-02
774 7 5.49778714e+00 8.48789758e-02
775 7 5.49778714e+00 8.35287669e-02
776 7 5.49778714e+00 8.10008861e-02
777 7 5.49778714e+00 8.59172647e-02
778 7 5.49778714e+00 8.39683721e-02
779 7 5.49778714e+00 8.26645652e-02
780 7 5.49778714e+00 8.22719557e-02
781 7 5.49778714e+00 8.30702067e-02
782 7 5.49778714e+00 8.34140207e-02
783 7 5.49778714e+00 8.32855825e-02
784 7 5.49778714e+00 8.04601065e-02
785 7 5.49778714e+00 8.23680867e-02
786 7 5.49778714e+00 8.40574854e-02
787 7 5.49778714e+00 8.40814254e-02
788 7 5.49778714e+00 8.26480732e-02
789 7 5.49778714e+00 8.31563253e-02
790 7 5.49778714e+00 8.22545720e-02
791 7 5.49778714e+00 8.46476484e-02
792 7 5.49778714e+00 8.67914909e-02
793 7 5.49778714e+00 8.33106810e-02
794 7 5.49778714e+00 8.63872701e-02
795 7 5.49778714e+00 8.63460231e-02
796 7 5.49778714e+00 8.50205199e-02
797 7 5.49778714e+00 8.23850504e-02
798 7 5.49778714e+00 8.38323721e-02
799 7 5.49778714e+00 8.39433252e-02
800 7 5.49778714e+00 8.27701933e-02
801 7 5.49778714e+00 8.40478489e-02
802 7 5.49778714e+00 8.20640147e-02
803 7 5.49778714e+00 8.58206825e-02
804 7 5.49778714e+00 8.29737473e-02
805 7 5.49778714e+00 8.34855686e-02
806 7 5.49778714e+00 8.55473364e-02
807 7 5.49778714e+00 8.57380839e-02
808 7 5.49778714e+00 8.43440115e-02
809 7 5.49778714e+00 8.42775607e-02
810 7 5.49778714e+00 8.58289712e-02
811 7 5.49778714e+00 8.48251328e-02
812 7 5.49778714e+00 8.14828113e-02
813 7 5.49778714e+00 8.42153744e-02
814 7 5.49778714e+00 8.42268476e-02
815 7 5.49778714e+00 8.49337353e-02
816 7 5.49778714e+00 8.44397374e-02
817 7 5.49778714e+00 8.61706917e-02
818 7 5.49778714e+00 8.31851925e-02
819 7 5.49778714e+00 8.32021413e-02
820 7 5.49778714e+00 8.53949097e-02
821 7 5.49778714e+00 8.47931690e-02
822 7 5.49778714e+00 8.59268284e-02
823 7 5.49778714e+00 8.44989462e-02
824 7 5.49778714e+00 8.48572738e-02
825 7 5.49778714e+00 8.21621653e-02
826 7 5.49778714e+00 8.39633876e-02
827 7 5.49778714e+00 8.40141969e-02
828 7 5.49778714e+00 8.42421224e-02
829 7 5.49778714e+00 8.69159489e-02
830 7 5.49778714e+00 8.37080199e-02
831 7 5.49778714e+00 8.55355887e-02
832 7 5.49778714e+00 8.52805325e-02
833 7 5.49778714e+00 8.26173742e-02
834 7 5.49778714e+00 8.27383240e-02
835 7 5.49778714e+00 8.41309350e-02
836 7 5.49778714e+00 8.52662094e-02
837 7 5.49778714e+00 8.52876165e-02
838 7 5.49778714e+00 8.43344183e-02
839 7 5.49778714e+00 8.61195789e-02
840 7 5.49778714e+00 8.42024491e-02
841 7 5.49778714e+00 8.51345989e-02
842 7 5.49778714e+00 8.46627284e-02
843 7 5.49778714e+00 8.53377049e-02
844 7 5.49778714e+00 8.22934677e-02
845 7 5.49778714e+00 8.67824506e-02
846 7 5.49778714e+00 8.61547356e-02
847 7 5.49778714e+00 8.04895909e-02
848 7 5.49778714e+00 8.56403181e-02
849 7 5.49778714e+00 8.43779708e-02
850 7 5.49778714e+00 8.19211417e-02
851 7 5.49778714e+00 8.67492522e-02
852 7 5.49778714e+00 8.46059300e-02
853 7 5.49778714e+00 8.10686751e-02
854 7 5.49778714e+00 8.52162096e-02
855 7 5.49778714e+00 8.39832525e-02
856 7 5.49778714e+00 8.28619648e-02
857 7 5.49778714e+00 8.39094108e-02
858 7 5.49778714e+00 8.71900157e-02
859 7 5.49778714e+00 8.43625469e-02
860 7 5.49778714e+00 8.51714322e-02
861 7 5.49778714e+00 8.33228657e-02
862 7 5.49778714e+00 8.44059435e-02
863 7 5.49778714e+00 8.18208025e-02
864 7 5.49778714e+00 8.57503591e-02
865 7 5.49778714e+00 8.33094070e-02
866 7 5.49778714e+00 8.46257651e-02
867 7 5.49778714e+00 8.40708049e-02
868 7 5.49778714e+00 8.48136800e-02
869 7 5.49778714e+00 8.52319595e-02
870 7 5.49778714e+00 8.37541736e-02
871 7 5.49778714e+00 8.61805616e-02
872 7 5.49778714e+00 8.53060111e-02
873 7 5.49778714e+00 8.35195271e-02
874 7 5.49778714e+00 8.12153993e-02
875 7 5.49778714e+00 8.45868704e-02
876 7 5.49778714e+00 8.48798273e-02
877 7 5.49778714e+00 8.36753232e-02
878 7 5.49778714e+00 8.31136566e-02
879 7 5.49778714e+00 8.33762889e-02
880 7 5.49778714e+00 8.31354766e-02
881 7 5.49778714e+00 8.34498918e-02
882 7 5.49778714e+00 8.53215210e-02
883 7 5.49778714e+00 8.44665705e-02
884 7 5.49778714e+00 8.16020384e-02
885 7 5.49778714e+00 8.52650612e-02
886 7 5.49778714e+00 8.68883775e-02
887 7 5.49778714e+00 8.44248034e-02
888 7 5.49778714e+00 8.44949536e-02
889 7 5.49778714e+00 8.47807910e-02
890 7 5.49778714e+00 8.30046498e-02
891 7 5.49778714e+00 8.29486626e-02
892 7 5.49778714e+00 8.35814114e-02
893 7 5.49778714e+00 8.24263442e-02
894 7 5.49778714e+00 8.49316814e-02
895 7 5.49778714e+00 8.73630071e-02
896 7 5.49778714e+00 8.53632837e-02
897 7 5.49778714e+00 8.55316906e-02
898 7 5.49778714e+00 8.56077413e-02
899 7 5.49778714e+00 8.22676907e-02
900 7 5.49778714e+00 8.34816682e-02
901 7 5.49778714e+00 8.38181773e-02
902 7 5.49778714e+00 8.57029169e-02
903 7 5.49778714e+00 8.51476836e-02
904 7 5.49778714e+00 8.44328771e-02
905 7 5.49778714e+00 8.26683475e-02
906 7 5.49778714e+00 8.35570069e-02
907 7 5.49778714e+00 8.27269701e-02
908 7 5.49778714e+00 8.34245266e-02
909 7 5.49778714e+00 8.62725017e-02
910 7 5.49778714e+00 8.31968698e-02
911 7 5.49778714e+00 8.54106155e-02
912 7 5.49778714e+00 8.38183067e-02
913 7 5.49778714e+00 8.81176448e-02
914 7 5.49778714e+00 8.26091715e-02
915 7 5.49778714e+00 8.27055489e-02
916 7 5.49778714e+00 8.13645569e-02
917 7 5.49778714e+00 8.44286318e-02
918 7 5.49778714e+00 8.57575207e-02
919 7 5.49778714e+00 8.37205425e-02
920 7 5.49778714e+00 8.37329830e-02
921 7 5.49778714e+00 8.46014907e-02
922 7 5.49778714e+00 8.47912820e-02
923 7 5.49778714e+00 8.22949537e-02
924 7 5.49778714e+00 8.51764185e-02
925 7 5.49778714e+00 8.54227704e-02
926 7 5.49778714e+00 8.46550023e-02
927 7 5.49778714e+00 8.44910672e-02
928 7 5.49778714e+00 8.53732230e-02
929 7 5.49778714e+00 8.57434850e-02
930 7 5.49778714e+00 8.34428883e-02
931 7 5.49778714e+00 8.37171254e-02
932 7 5.49778714e+00 8.38734657e-02
933 7 5.49778714e+00 8.34741608e-02
934 7 5.49778714e+00 8.29521110e-02
935 7 5.49778714e+00 8.46218270e-02
936 7 5.49778714e+00 8.57468928e-02
937 7 5.49778714e+00 8.53167446e-02
938 7 5.49778714e+00 8.47247418e-02
939 7 5.49778714e+00 8.43731508e-02
940 7 5.49778714e+00 8.10338655e-02
941 7 5.49778714e+00 8.15709527e-02
942 7 5.49778714e+00 8.43705662e-02
943 7 5.49778714e+00 8.50235660e-02
944 7 5.49778714e+00 8.45497845e-02
945 7 5.49778714e+00 8.27102606e-02
946 7 5.49778714e+00 8.53972687e-02
947 7 5.49778714e+00 8.35523136e-02
948 7 5.49778714e+00 8.40374754e-02
949 7 5.49778714e+00 8.44076865e-02
950 7 5.49778714e+00 8.34227294e-02
951 7 5.49778714e+00 8.53657994e-02
952 7 5.49778714e+00 8.11907850e-02
953 7 5.49778714e+00 8.35428836e-02
954 7 5.49778714e+00 8.40876330e-02
955 7 5.49778714e+00 8.47504804e-02
956 7 5.49778714e+00 8.47265806e-02
957 7 5.49778714e+00 8.44071089e-02
958 7 5.49778714e+00 8.29812942e-02
959 7 5.49778714e+00 8.31353626e-02
960 7 5.49778714e+00 8.60799912e-02
961 7 5.49778714e+00 8.53198988e-02
962 7 5.49778714e+00 8.48625327e-02
963 7 5.49778714e+00 8.37896907e-02
964 7 5.49778714e+00 8.70320006e-02
965 7 5.49778714e+00 8.39518372e-02
966 7 5.49778714e+00 8.34702009e-02
967 7 5.49778714e+00 8.58148575e-02
968 7 5.49778714e+00 8.24754784e-02
969 7 5.49778714e+00 8.07121220e-02
970 7 5.49778714e+00 8.29021514e-02
971 7 5.49778714e+00 8.20306344e-02
972 7 5.49778714e+00 8.58690727e-02
973 7 5.49778714e+00 8.23181129e-02
974 7 5.49778714e+00 8.26693007e-02
975 7 5.49778714e+00 8.40861242e-02
976 7 5.49778714e+00 8.39141638e-02
977 7 5.49778714e+00 8.20376682e-02
978 7 5.49778714e+00 8.09118999e-02
979 7 5.49778714e+00 8.02830226e-02
980 7 5.49778714e+00 8.49245988e-02
981 7 5.49778714e+00 8.45710123e-02
982 7 5.49778714e+00 8.24903290e-02
983 7 5.49778714e+00 8.57104431e-02
984 7 5.49778714e+00 8.13402343e-02
985 7 5.49778714e+00 8.52781159e-02
986 7 5.49778714e+00 8.46152398e-02
987 7 5.49778714e+00 8.14553184e-02
988 7 5.49778714e+00 8.21982487e-02
989 7 5.49778714e+00 8.41079051e-02
990 7 5.49778714e+00 8.52898646e-02
991 7 5.49778714e+00 8.45940053e-02
992 7 5.49778714e+00 8.35850144e-02
993 7 5.49778714e+00 8.26645721e-02
994 7 5.49778714e+00 8.55963640e-02
995 7 5.49778714e+00 8.68283184e-02
996 7 5.49778714e+00 8.55764767e-02
997 7 5.49778714e+00 8.47846374e-02
998 7 5.49778714e+00 8.40631445e-02
999 7 5.49778714e+00 8.45323616e-02
1000 7 5.49778714e+00 8.39522626e-02
1001 7 5.49778714e+00 8.68737126e-02
1002 7 5.49778714e+00 8.14443248e-02
1003 7 5.49778714e+00 8.36573371e-02
1004 7 5.49778714e+00 8.37632612e-02
1005 7 5.49778714e+00 8.25925660e-02
1006 7 5.49778714e+00 8.49595401e-02
1007 7 5.49778714e+00 8.57292253e-02
1008 7 5.49778714e+00 8.51854785e-02
1009 7 5.49778714e+00 8.45115615e-02
1010 7 5.49778714e+00 8.44813862e-02
1011 7 5.49778714e+00 8.43426687e-02
1012 7 5.49778714e+00 8.23782577e-02
1013 7 5.49778714e+00 8.37205628e-02
1014 7 5.49778714e+00 8.41429292e-02
1015 7 5.49778714e+00 8.30282679e-02
1016 7 5.49778714e+00 8.35488108e-02
1017 7 5.49778714e+00 8.08450539e-02
1018 7 5.49778714e+00 8.56919014e-02
1019 7 5.49778714e+00 8.38809603e-02
1020 7 5.49778714e+00 8.40122543e-02
1021 7 5.49778714e+00 8.28998793e-02
1022 7 5.49778714e+00 8.45585656e-02
1023 7 5.49778714e+00 8.32147613e-02
1024 7 5.49778714e+00 8.45095775e-02
1025 7 5.49778714e+00 8.43899568e-02
