a12m310 Wilson3 pz2 0.1207fm zmax9
config z nu=p.z RpITD
0 1 5.23598776e-01 9.45283789e-02
1 1 5.23598776e-01 9.44970196e-02
2 1 5.23598776e-01 9.45785011e-02
3 1 5.23598776e-01 9.41402513e-02
4 1 5.23598776e-01 9.44831658e-02
5 1 5.23598776e-01 9.41887926e-02
6 1 5.23598776e-01 9.44023456e-02
7 1 5.23598776e-01 9.45246968e-02
8 1 5.23598776e-01 9.43662295e-02
9 1 5.23598776e-01 9.45888307e-02
10 1 5.23598776e-01 9.39563715e-02
11 1 5.23598776e-01 9.43639164e-02
12 1 5.23598776e-01 9.48257839e-02
13 1 5.23598776e-01 9.48036713e-02
14 1 5.23598776e-01 9.49213364e-02
15 1 5.23598776e-01 9.45414080e-02
16 1 5.23598776e-01 9.45728999e-02
17 1 5.23598776e-01 9.41661709e-02
18 1 5.23598776e-01 9.41854304e-02
19 1 5.23598776e-01 9.43313237e-02
20 1 5.23598776e-01 9.42755868e-02
21 1 5.23598776e-01 9.43785223e-02
22 1 5.23598776e-01 9.41695242e-02
23 1 5.23598776e-01 9.40868368e-02
24 1 5.23598776e-01 9.43820095e-02
25 1 5.23598776e-01 9.40382269e-02
26 1 5.23598776e-01 9.43147237e-02
27 1 5.23598776e-01 9.40613249e-02
28 1 5.23598776e-01 9.47149391e-02
29 1 5.23598776e-01 9.39396293e-02
30 1 5.23598776e-01 9.38981904e-02
31 1 5.23598776e-01 9.41254968e-02
32 1 5.23598776e-01 9.44872805e-02
33 1 5.23598776e-01 9.40937484e-02
34 1 5.23598776e-01 9.38381439e-02
35 1 5.23598776e-01 9.44221837e-02
36 1 5.23598776e-01 9.44939148e-02
37 1 5.23598776e-01 9.44115988e-02
38 1 5.23598776e-01 9.46080022e-02
39 1 5.23598776e-01 9.43247098e-02
40 1 5.23598776e-01 9.44036909e-02
41 1 5.23598776e-01 9.41799842e-02
42 1 5.23598776e-01 9.42669558e-02
43 1 5.23598776e-01 9.45071916e-02
44 1 5.23598776e-01 9.45780584e-02
45 1 5.23598776e-01 9.43946495e-02
46 1 5.23598776e-01 9.42990209e-02
47 1 5.23598776e-01 9.41747074e-02
48 1 5.23598776e-01 9.43630133e-02
49 1 5.23598776e-01 9.36175563e-02
50 1 5.23598776e-01 9.45380246e-02
51 1 5.23598776e-01 9.42859855e-02
52 1 5.23598776e-01 9.42806948e-02
53 1 5.23598776e-01 9.44339378e-02
54 1 5.23598776e-01 9.44632654e-02
55 1 5.23598776e-01 9.41952542e-02
56 1 5.23598776e-01 9.44889653e-02
57 1 5.23598776e-01 9.41026656e-02
58 1 5.23598776e-01 9.44020605e-02
59 1 5.23598776e-01 9.42858921e-02
60 1 5.23598776e-01 9.43217338e-02
61 1 5.23598776e-01 9.41736487e-02
62 1 5.23598776e-01 9.42333011e-02
63 1 5.23598776e-01 9.39012386e-02
64 1 5.23598776e-01 9.46011809e-02
65 1 5.23598776e-01 9.48596264e-02
66 1 5.23598776e-01 9.41036570e-02
67 1 5.23598776e-01 9.41643559e-02
68 1 5.23598776e-01 9.45319001e-02
69 1 5.23598776e-01 9.41038272e-02
70 1 5.23598776e-01 9.43753407e-02
71 1 5.23598776e-01 9.42149914e-02
72 1 5.23598776e-01 9.45245022e-02
73 1 5.23598776e-01 9.44236873e-02
74 1 5.23598776e-01 9.37031388e-02
75 1 5.23598776e-01 9.35670053e-02
76 1 5.23598776e-01 9.41600611e-02
77 1 5.23598776e-01 9.45707908e-02
78 1 5.23598776e-01 9.44361715e-02
79 1 5.23598776e-01 9.47432765e-02
80 1 5.23598776e-01 9.42189562e-02
81 1 5.23598776e-01 9.44137433e-02
82 1 5.23598776e-01 9.45724944e-02
83 1 5.23598776e-01 9.42348576e-02
84 1 5.23598776e-01 9.44692666e-02
85 1 5.23598776e-01 9.48317820e-02
86 1 5.23598776e-01 9.39805032e-02
87 1 5.23598776e-01 9.40466724e-02
88 1 5.23598776e-01 9.41139628e-02
89 1 5.23598776e-01 9.41309610e-02
90 1 5.23598776e-01 9.39892491e-02
91 1 5.23598776e-01 9.47145734e-02
92 1 5.23598776e-01 9.42116197e-02
93 1 5.23598776e-01 9.44148296e-02
94 1 5.23598776e-01 9.42321938e-02
95 1 5.23598776e-01 9.42597979e-02
96 1 5.23598776e-01 9.45235251e-02
97 1 5.23598776e-01 9.44036004e-02
98 1 5.23598776e-01 9.44819972e-02
99 1 5.23598776e-01 9.49994609e-02
100 1 5.23598776e-01 9.39149180e-02
101 1 5.23598776e-01 9.41811643e-02
102 1 5.23598776e-01 9.45729494e-02
103 1 5.23598776e-01 9.39991526e-02
104 1 5.23598776e-01 9.44020735e-02
105 1 5.23598776e-01 9.38430353e-02
106 1 5.23598776e-01 9.46271150e-02
107 1 5.23598776e-01 9.45107186e-02
108 1 5.23598776e-01 9.39306874e-02
109 1 5.23598776e-01 9.40474451e-02
110 1 5.23598776e-01 9.37981117e-02
111 1 5.23598776e-01 9.43433399e-02
112 1 5.23598776e-01 9.39535135e-02
113 1 5.23598776e-01 9.41236719e-02
114 1 5.23598776e-01 9.47988402e-02
115 1 5.23598776e-01 9.44339588e-02
116 1 5.23598776e-01 9.45086990e-02
117 1 5.23598776e-01 9.46317130e-02
118 1 5.23598776e-01 9.44864914e-02
119 1 5.23598776e-01 9.42620595e-02
120 1 5.23598776e-01 9.44886584e-02
121 1 5.23598776e-01 9.40359186e-02
122 1 5.23598776e-01 9.40129056e-02
123 1 5.23598776e-01 9.38575537e-02
124 1 5.23598776e-01 9.44310559e-02
125 1 5.23598776e-01 9.46129387e-02
126 1 5.23598776e-01 9.46642323e-02
127 1 5.23598776e-01 9.48018577e-02
128 1 5.23598776e-01 9.38756317e-02
129 1 5.23598776e-01 9.46367531e-02
130 1 5.23598776e-01 9.45679135e-02
131 1 5.23598776e-01 9.35045755e-02
132 1 5.23598776e-01 9.42249834e-02
133 1 5.23598776e-01 9.42630548e-02
134 1 5.23598776e-01 9.46750560e-02
135 1 5.23598776e-01 9.45418794e-02
136 1 5.23598776e-01 9.43779880e-02
137 1 5.23598776e-01 9.41717651e-02
138 1 5.23598776e-01 9.41194157e-02
139 1 5.23598776e-01 9.39907422e-02
140 1 5.23598776e-01 9.44074462e-02
141 1 5.23598776e-01 9.46957878e-02
142 1 5.23598776e-01 9.41424897e-02
143 1 5.23598776e-01 9.48465677e-02
144 1 5.23598776e-01 9.38961365e-02
145 1 5.23598776e-01 9.40127367e-02
146 1 5.23598776e-01 9.42725545e-02
147 1 5.23598776e-01 9.39759161e-02
148 1 5.23598776e-01 9.41679304e-02
149 1 5.23598776e-01 9.45458705e-02
150 1 5.23598776e-01 9.42578722e-02
151 1 5.23598776e-01 9.37097085e-02
152 1 5.23598776e-01 9.39681818e-02
153 1 5.23598776e-01 9.49879653e-02
154 1 5.23598776e-01 9.43567005e-02
155 1 5.23598776e-01 9.43219745e-02
156 1 5.23598776e-01 9.43253162e-02
157 1 5.23598776e-01 9.46720724e-02
158 1 5.23598776e-01 9.42361187e-02
159 1 5.23598776e-01 9.46544907e-02
160 1 5.23598776e-01 9.43583961e-02
161 1 5.23598776e-01 9.43977067e-02
162 1 5.23598776e-01 9.44010331e-02
163 1 5.23598776e-01 9.45057205e-02
164 1 5.23598776e-01 9.44510955e-02
165 1 5.23598776e-01 9.44539334e-02
166 1 5.23598776e-01 9.45356740e-02
167 1 5.23598776e-01 9.41289702e-02
168 1 5.23598776e-01 9.45248138e-02
169 1 5.23598776e-01 9.44888354e-02
170 1 5.23598776e-01 9.42783598e-02
171 1 5.23598776e-01 9.47823641e-02
172 1 5.23598776e-01 9.49282412e-02
173 1 5.23598776e-01 9.42409238e-02
174 1 5.23598776e-01 9.45335930e-02
175 1 5.23598776e-01 9.46054599e-02
176 1 5.23598776e-01 9.46863787e-02
177 1 5.23598776e-01 9.47151070e-02
178 1 5.23598776e-01 9.39547153e-02
179 1 5.23598776e-01 9.39097729e-02
180 1 5.23598776e-01 9.40371840e-02
181 1 5.23598776e-01 9.43665523e-02
182 1 5.23598776e-01 9.35226461e-02
183 1 5.23598776e-01 9.46885688e-02
184 1 5.23598776e-01 9.40489881e-02
185 1 5.23598776e-01 9.40668127e-02
186 1 5.23598776e-01 9.37096598e-02
187 1 5.23598776e-01 9.42807178e-02
188 1 5.23598776e-01 9.41301739e-02
189 1 5.23598776e-01 9.42311357e-02
190 1 5.23598776e-01 9.46697923e-02
191 1 5.23598776e-01 9.46130067e-02
192 1 5.23598776e-01 9.49070234e-02
193 1 5.23598776e-01 9.42642327e-02
194 1 5.23598776e-01 9.39350108e-02
195 1 5.23598776e-01 9.41434229e-02
196 1 5.23598776e-01 9.43802855e-02
197 1 5.23598776e-01 9.40491740e-02
198 1 5.23598776e-01 9.41008224e-02
199 1 5.23598776e-01 9.44639184e-02
200 1 5.23598776e-01 9.40709797e-02
201 1 5.23598776e-01 9.45407700e-02
202 1 5.23598776e-01 9.43742037e-02
203 1 5.23598776e-01 9.42440940e-02
204 1 5.23598776e-01 9.40217323e-02
205 1 5.23598776e-01 9.46321196e-02
206 1 5.23598776e-01 9.43781691e-02
207 1 5.23598776e-01 9.37203762e-02
208 1 5.23598776e-01 9.40620042e-02
209 1 5.23598776e-01 9.37235074e-02
210 1 5.23598776e-01 9.37655835e-02
211 1 5.23598776e-01 9.45659964e-02
212 1 5.23598776e-01 9.46139259e-02
213 1 5.23598776e-01 9.41548624e-02
214 1 5.23598776e-01 9.46661143e-02
215 1 5.23598776e-01 9.43349077e-02
216 1 5.23598776e-01 9.39737618e-02
217 1 5.23598776e-01 9.46338825e-02
218 1 5.23598776e-01 9.44845264e-02
219 1 5.23598776e-01 9.44946155e-02
220 1 5.23598776e-01 9.45977915e-02
221 1 5.23598776e-01 9.44177049e-02
222 1 5.23598776e-01 9.44536952e-02
223 1 5.23598776e-01 9.43722145e-02
224 1 5.23598776e-01 9.43296556e-02
225 1 5.23598776e-01 9.42984994e-02
226 1 5.23598776e-01 9.43811253e-02
227 1 5.23598776e-01 9.42538116e-02
228 1 5.23598776e-01 9.45466842e-02
229 1 5.23598776e-01 9.36697594e-02
230 1 5.23598776e-01 9.44262374e-02
231 1 5.23598776e-01 9.39286387e-02
232 1 5.23598776e-01 9.40575132e-02
233 1 5.23598776e-01 9.41932349e-02
234 1 5.23598776e-01 9.41704834e-02
235 1 5.23598776e-01 9.37687852e-02
236 1 5.23598776e-01 9.44718824e-02
237 1 5.23598776e-01 9.42063459e-02
238 1 5.23598776e-01 9.44454964e-02
239 1 5.23598776e-01 9.46671089e-02
240 1 5.23598776e-01 9.44218796e-02
241 1 5.23598776e-01 9.45716618e-02
242 1 5.23598776e-01 9.44157281e-02
243 1 5.23598776e-01 9.45953159e-02
244 1 5.23598776e-01 9.41945446e-02
245 1 5.23598776e-01 9.48325330e-02
246 1 5.23598776e-01 9.45544295e-02
247 1 5.23598776e-01 9.36032939e-02
248 1 5.23598776e-01 9.43252186e-02
249 1 5.23598776e-01 9.45410234e-02
250 1 5.23598776e-01 9.45004472e-02
251 1 5.23598776e-01 9.40066129e-02
252 1 5.23598776e-01 9.48898175e-02
253 1 5.23598776e-01 9.44861809e-02
254 1 5.23598776e-01 9.42389456e-02
255 1 5.23598776e-01 9.45730063e-02
256 1 5.23598776e-01 9.40066151e-02
257 1 5.23598776e-01 9.39401588e-02
258 1 5.23598776e-01 9.38204571e-02
259 1 5.23598776e-01 9.44050953e-02
260 1 5.23598776e-01 9.43610136e-02
261 1 5.23598776e-01 9.45810605e-02
262 1 5.23598776e-01 9.39809788e-02
263 1 5.23598776e-01 9.42919546e-02
264 1 5.23598776e-01 9.43179600e-02
265 1 5.23598776e-01 9.44335937e-02
266 1 5.23598776e-01 9.43703702e-02
267 1 5.23598776e-01 9.42621161e-02
268 1 5.23598776e-01 9.44945322e-02
269 1 5.23598776e-01 9.37797441e-02
270 1 5.23598776e-01 9.44786559e-02
271 1 5.23598776e-01 9.44670816e-02
272 1 5.23598776e-01 9.39100880e-02
273 1 5.23598776e-01 9.40202235e-02
274 1 5.23598776e-01 9.42103027e-02
275 1 5.23598776e-01 9.37688230e-02
276 1 5.23598776e-01 9.40753674e-02
277 1 5.23598776e-01 9.41126268e-02
278 1 5.23598776e-01 9.46561714e-02
279 1 5.23598776e-01 9.42745116e-02
280 1 5.23598776e-01 9.43587389e-02
281 1 5.23598776e-01 9.41172907e-02
282 1 5.23598776e-01 9.42578662e-02
283 1 5.23598776e-01 9.47235135e-02
284 1 5.23598776e-01 9.50138421e-02
285 1 5.23598776e-01 9.44775085e-02
286 1 5.23598776e-01 9.43705831e-02
287 1 5.23598776e-01 9.41786188e-02
288 1 5.23598776e-01 9.41834253e-02
289 1 5.23598776e-01 9.38097391e-02
290 1 5.23598776e-01 9.42499830e-02
291 1 5.23598776e-01 9.43302654e-02
292 1 5.23598776e-01 9.43436812e-02
293 1 5.23598776e-01 9.39981431e-02
294 1 5.23598776e-01 9.47479956e-02
295 1 5.23598776e-01 9.47715588e-02
296 1 5.23598776e-01 9.40961939e-02
297 1 5.23598776e-01 9.46240600e-02
298 1 5.23598776e-01 9.41164151e-02
299 1 5.23598776e-01 9.44269955e-02
300 1 5.23598776e-01 9.47283394e-02
301 1 5.23598776e-01 9.40616444e-02
302 1 5.23598776e-01 9.41568340e-02
303 1 5.23598776e-01 9.46020464e-02
304 1 5.23598776e-01 9.48110634e-02
305 1 5.23598776e-01 9.43076641e-02
306 1 5.23598776e-01 9.42318847e-02
307 1 5.23598776e-01 9.42487075e-02
308 1 5.23598776e-01 9.39646613e-02
309 1 5.23598776e-01 9.42243235e-02
310 1 5.23598776e-01 9.46756406e-02
311 1 5.23598776e-01 9.46063494e-02
312 1 5.23598776e-01 9.47653939e-02
313 1 5.23598776e-01 9.40542540e-02
314 1 5.23598776e-01 9.38636108e-02
315 1 5.23598776e-01 9.40196540e-02
316 1 5.23598776e-01 9.42577624e-02
317 1 5.23598776e-01 9.42875554e-02
318 1 5.23598776e-01 9.43313942e-02
319 1 5.23598776e-01 9.44297926e-02
320 1 5.23598776e-01 9.41911816e-02
321 1 5.23598776e-01 9.40995076e-02
322 1 5.23598776e-01 9.40522824e-02
323 1 5.23598776e-01 9.40451509e-02
324 1 5.23598776e-01 9.42618166e-02
325 1 5.23598776e-01 9.42854474e-02
326 1 5.23598776e-01 9.39295373e-02
327 1 5.23598776e-01 9.38933118e-02
328 1 5.23598776e-01 9.41177421e-02
329 1 5.23598776e-01 9.39337888e-02
330 1 5.23598776e-01 9.44098034e-02
331 1 5.23598776e-01 9.36722074e-02
332 1 5.23598776e-01 9.42180364e-02
333 1 5.23598776e-01 9.42636060e-02
334 1 5.23598776e-01 9.39184128e-02
335 1 5.23598776e-01 9.42755186e-02
336 1 5.23598776e-01 9.43562779e-02
337 1 5.23598776e-01 9.44103985e-02
338 1 5.23598776e-01 9.47406360e-02
339 1 5.23598776e-01 9.45157845e-02
340 1 5.23598776e-01 9.45537942e-02
341 1 5.23598776e-01 9.43154412e-02
342 1 5.23598776e-01 9.48695898e-02
343 1 5.23598776e-01 9.47597568e-02
344 1 5.23598776e-01 9.47449633e-02
345 1 5.23598776e-01 9.45102300e-02
346 1 5.23598776e-01 9.40261026e-02
347 1 5.23598776e-01 9.35819109e-02
348 1 5.23598776e-01 9.42693350e-02
349 1 5.23598776e-01 9.40137635e-02
350 1 5.23598776e-01 9.46029326e-02
351 1 5.23598776e-01 9.45564581e-02
352 1 5.23598776e-01 9.37598750e-02
353 1 5.23598776e-01 9.43501262e-02
354 1 5.23598776e-01 9.42004104e-02
355 1 5.23598776e-01 9.48525266e-02
356 1 5.23598776e-01 9.41092886e-02
357 1 5.23598776e-01 9.40912203e-02
358 1 5.23598776e-01 9.45163317e-02
359 1 5.23598776e-01 9.40913119e-02
360 1 5.23598776e-01 9.46561881e-02
361 1 5.23598776e-01 9.45351112e-02
362 1 5.23598776e-01 9.41853088e-02
363 1 5.23598776e-01 9.41544168e-02
364 1 5.23598776e-01 9.42040116e-02
365 1 5.23598776e-01 9.44053563e-02
366 1 5.23598776e-01 9.44475090e-02
367 1 5.23598776e-01 9.44069099e-02
368 1 5.23598776e-01 9.42506754e-02
369 1 5.23598776e-01 9.39510650e-02
370 1 5.23598776e-01 9.41925212e-02
371 1 5.23598776e-01 9.39062845e-02
372 1 5.23598776e-01 9.44616195e-02
373 1 5.23598776e-01 9.41352008e-02
374 1 5.23598776e-01 9.42494019e-02
375 1 5.23598776e-01 9.41454414e-02
376 1 5.23598776e-01 9.42551397e-02
377 1 5.23598776e-01 9.43589471e-02
378 1 5.23598776e-01 9.44847311e-02
379 1 5.23598776e-01 9.43119071e-02
380 1 5.23598776e-01 9.40749773e-02
381 1 5.23598776e-01 9.45448871e-02
382 1 5.23598776e-01 9.42092736e-02
383 1 5.23598776e-01 9.44911079e-02
384 1 5.23598776e-01 9.42231306e-02
385 1 5.23598776e-01 9.42472170e-02
386 1 5.23598776e-01 9.40584646e-02
387 1 5.23598776e-01 9.42326419e-02
388 1 5.23598776e-01 9.43581033e-02
389 1 5.23598776e-01 9.42522414e-02
390 1 5.23598776e-01 9.41856342e-02
391 1 5.23598776e-01 9.36575401e-02
392 1 5.23598776e-01 9.46852879e-02
393 1 5.23598776e-01 9.45042632e-02
394 1 5.23598776e-01 9.49778075e-02
395 1 5.23598776e-01 9.44908181e-02
396 1 5.23598776e-01 9.46981054e-02
397 1 5.23598776e-01 9.44162767e-02
398 1 5.23598776e-01 9.50062123e-02
399 1 5.23598776e-01 9.39832685e-02
400 1 5.23598776e-01 9.41756334e-02
401 1 5.23598776e-01 9.47134847e-02
402 1 5.23598776e-01 9.43351655e-02
403 1 5.23598776e-01 9.48154738e-02
404 1 5.23598776e-01 9.43973214e-02
405 1 5.23598776e-01 9.43996546e-02
406 1 5.23598776e-01 9.38529653e-02
407 1 5.23598776e-01 9.46630069e-02
408 1 5.23598776e-01 9.41396319e-02
409 1 5.23598776e-01 9.44642815e-02
410 1 5.23598776e-01 9.41961287e-02
411 1 5.23598776e-01 9.44828950e-02
412 1 5.23598776e-01 9.43808466e-02
413 1 5.23598776e-01 9.45107855e-02
414 1 5.23598776e-01 9.41132316e-02
415 1 5.23598776e-01 9.41522714e-02
416 1 5.23598776e-01 9.40937043e-02
417 1 5.23598776e-01 9.42619950e-02
418 1 5.23598776e-01 9.43243072e-02
419 1 5.23598776e-01 9.45156513e-02
420 1 5.23598776e-01 9.43494518e-02
421 1 5.23598776e-01 9.41983385e-02
422 1 5.23598776e-01 9.39169565e-02
423 1 5.23598776e-01 9.43822276e-02
424 1 5.23598776e-01 9.38111964e-02
425 1 5.23598776e-01 9.48896556e-02
426 1 5.23598776e-01 9.41537303e-02
427 1 5.23598776e-01 9.45263840e-02
428 1 5.23598776e-01 9.45804725e-02
429 1 5.23598776e-01 9.43034280e-02
430 1 5.23598776e-01 9.45350792e-02
431 1 5.23598776e-01 9.44097647e-02
432 1 5.23598776e-01 9.44095585e-02
433 1 5.23598776e-01 9.45800639e-02
434 1 5.23598776e-01 9.45053438e-02
435 1 5.23598776e-01 9.43715144e-02
436 1 5.23598776e-01 9.44361015e-02
437 1 5.23598776e-01 9.42000806e-02
438 1 5.23598776e-01 9.46303218e-02
439 1 5.23598776e-01 9.44185907e-02
440 1 5.23598776e-01 9.42488922e-02
441 1 5.23598776e-01 9.37594534e-02
442 1 5.23598776e-01 9.44641917e-02
443 1 5.23598776e-01 9.42131184e-02
444 1 5.23598776e-01 9.43925901e-02
445 1 5.23598776e-01 9.43530715e-02
446 1 5.23598776e-01 9.43778731e-02
447 1 5.23598776e-01 9.42451157e-02
448 1 5.23598776e-01 9.48079193e-02
449 1 5.23598776e-01 9.46471110e-02
450 1 5.23598776e-01 9.42864424e-02
451 1 5.23598776e-01 9.46954292e-02
452 1 5.23598776e-01 9.51702558e-02
453 1 5.23598776e-01 9.42801684e-02
454 1 5.23598776e-01 9.47448535e-02
455 1 5.23598776e-01 9.41144984e-02
456 1 5.23598776e-01 9.39970084e-02
457 1 5.23598776e-01 9.44116890e-02
458 1 5.23598776e-01 9.44246099e-02
459 1 5.23598776e-01 9.46630392e-02
460 1 5.23598776e-01 9.41413745e-02
461 1 5.23598776e-01 9.45144189e-02
462 1 5.23598776e-01 9.44014966e-02
463 1 5.23598776e-01 9.42672329e-02
464 1 5.23598776e-01 9.46311159e-02
465 1 5.23598776e-01 9.45731368e-02
466 1 5.23598776e-01 9.43545040e-02
467 1 5.23598776e-01 9.42288935e-02
468 1 5.23598776e-01 9.45891007e-02
469 1 5.23598776e-01 9.41278053e-02
470 1 5.23598776e-01 9.46484601e-02
471 1 5.23598776e-01 9.40331140e-02
472 1 5.23598776e-01 9.39925610e-02
473 1 5.23598776e-01 9.42482795e-02
474 1 5.23598776e-01 9.46773885e-02
475 1 5.23598776e-01 9.45079257e-02
476 1 5.23598776e-01 9.42088898e-02
477 1 5.23598776e-01 9.32846170e-02
478 1 5.23598776e-01 9.47294247e-02
479 1 5.23598776e-01 9.41954521e-02
480 1 5.23598776e-01 9.42919234e-02
481 1 5.23598776e-01 9.45710917e-02
482 1 5.23598776e-01 9.43515097e-02
483 1 5.23598776e-01 9.47152152e-02
484 1 5.23598776e-01 9.45227036e-02
485 1 5.23598776e-01 9.45639480e-02
486 1 5.23598776e-01 9.44618280e-02
487 1 5.23598776e-01 9.44492379e-02
488 1 5.23598776e-01 9.39537710e-02
489 1 5.23598776e-01 9.40710755e-02
490 1 5.23598776e-01 9.42034855e-02
491 1 5.23598776e-01 9.40430987e-02
492 1 5.23598776e-01 9.45806704e-02
493 1 5.23598776e-01 9.43085816e-02
494 1 5.23598776e-01 9.43724245e-02
495 1 5.23598776e-01 9.46809702e-02
496 1 5.23598776e-01 9.42349371e-02
497 1 5.23598776e-01 9.42243710e-02
498 1 5.23598776e-01 9.46769922e-02
499 1 5.23598776e-01 9.38642465e-02
500 1 5.23598776e-01 9.40254172e-02
501 1 5.23598776e-01 9.43938862e-02
502 1 5.23598776e-01 9.42517159e-02
503 1 5.23598776e-01 9.45896624e-02
504 1 5.23598776e-01 9.39499339e-02
505 1 5.23598776e-01 9.44690823e-02
506 1 5.23598776e-01 9.45223086e-02
507 1 5.23598776e-01 9.40460557e-02
508 1 5.23598776e-01 9.42722883e-02
509 1 5.23598776e-01 9.46178768e-02
510 1 5.23598776e-01 9.46725555e-02
511 1 5.23598776e-01 9.41232380e-02
512 1 5.23598776e-01 9.42488246e-02
513 1 5.23598776e-01 9.46077866e-02
514 1 5.23598776e-01 9.41836173e-02
515 1 5.23598776e-01 9.44905867e-02
516 1 5.23598776e-01 9.41274698e-02
517 1 5.23598776e-01 9.43798430e-02
518 1 5.23598776e-01 9.39190782e-02
519 1 5.23598776e-01 9.42295201e-02
520 1 5.23598776e-01 9.40120947e-02
521 1 5.23598776e-01 9.34556752e-02
522 1 5.23598776e-01 9.43851350e-02
523 1 5.23598776e-01 9.41828699e-02
524 1 5.23598776e-01 9.40491076e-02
525 1 5.23598776e-01 9.44881954e-02
526 1 5.23598776e-01 9.44557787e-02
527 1 5.23598776e-01 9.42305955e-02
528 1 5.23598776e-01 9.45394555e-02
529 1 5.23598776e-01 9.45920997e-02
530 1 5.23598776e-01 9.40819466e-02
531 1 5.23598776e-01 9.43942236e-02
532 1 5.23598776e-01 9.46481603e-02
533 1 5.23598776e-01 9.47914153e-02
534 1 5.23598776e-01 9.48952095e-02
535 1 5.23598776e-01 9.41113465e-02
536 1 5.23598776e-01 9.51138754e-02
537 1 5.23598776e-01 9.47787884e-02
538 1 5.23598776e-01 9.41100641e-02
539 1 5.23598776e-01 9.46993133e-02
540 1 5.23598776e-01 9.44069050e-02
541 1 5.23598776e-01 9.44345006e-02
542 1 5.23598776e-01 9.46019589e-02
543 1 5.23598776e-01 9.42771136e-02
544 1 5.23598776e-01 9.41945383e-02
545 1 5.23598776e-01 9.41802241e-02
546 1 5.23598776e-01 9.46283523e-02
547 1 5.23598776e-01 9.46293074e-02
548 1 5.23598776e-01 9.44660341e-02
549 1 5.23598776e-01 9.45736083e-02
550 1 5.23598776e-01 9.41758119e-02
551 1 5.23598776e-01 9.41932959e-02
552 1 5.23598776e-01 9.42694909e-02
553 1 5.23598776e-01 9.42349822e-02
554 1 5.23598776e-01 9.45280473e-02
555 1 5.23598776e-01 9.41138701e-02
556 1 5.23598776e-01 9.41511120e-02
557 1 5.23598776e-01 9.44741817e-02
558 1 5.23598776e-01 9.41881721e-02
559 1 5.23598776e-01 9.41806094e-02
560 1 5.23598776e-01 9.48657354e-02
561 1 5.23598776e-01 9.39629550e-02
562 1 5.23598776e-01 9.45515823e-02
563 1 5.23598776e-01 9.43397314e-02
564 1 5.23598776e-01 9.43611933e-02
565 1 5.23598776e-01 9.45446728e-02
566 1 5.23598776e-01 9.42378263e-02
567 1 5.23598776e-01 9.46875518e-02
568 1 5.23598776e-01 9.43327555e-02
569 1 5.23598776e-01 9.46407967e-02
570 1 5.23598776e-01 9.47471333e-02
571 1 5.23598776e-01 9.42159097e-02
572 1 5.23598776e-01 9.41387664e-02
573 1 5.23598776e-01 9.37502915e-02
574 1 5.23598776e-01 9.37160582e-02
575 1 5.23598776e-01 9.46639682e-02
576 1 5.23598776e-01 9.40495160e-02
577 1 5.23598776e-01 9.41056813e-02
578 1 5.23598776e-01 9.43652347e-02
579 1 5.23598776e-01 9.43156175e-02
580 1 5.23598776e-01 9.37733315e-02
581 1 5.23598776e-01 9.41506444e-02
582 1 5.23598776e-01 9.41440372e-02
583 1 5.23598776e-01 9.43971912e-02
584 1 5.23598776e-01 9.40987146e-02
585 1 5.23598776e-01 9.43597907e-02
586 1 5.23598776e-01 9.42285175e-02
587 1 5.23598776e-01 9.42956738e-02
588 1 5.23598776e-01 9.37770049e-02
589 1 5.23598776e-01 9.44014008e-02
590 1 5.23598776e-01 9.42936273e-02
591 1 5.23598776e-01 9.44926601e-02
592 1 5.23598776e-01 9.44563253e-02
593 1 5.23598776e-01 9.42674546e-02
594 1 5.23598776e-01 9.44558922e-02
595 1 5.23598776e-01 9.42953026e-02
596 1 5.23598776e-01 9.48544453e-02
597 1 5.23598776e-01 9.44489085e-02
598 1 5.23598776e-01 9.43734875e-02
599 1 5.23598776e-01 9.44467679e-02
600 1 5.23598776e-01 9.46061738e-02
601 1 5.23598776e-01 9.48375248e-02
602 1 5.23598776e-01 9.37523239e-02
603 1 5.23598776e-01 9.42688623e-02
604 1 5.23598776e-01 9.44554173e-02
605 1 5.23598776e-01 9.44255009e-02
606 1 5.23598776e-01 9.40983875e-02
607 1 5.23598776e-01 9.43353903e-02
608 1 5.23598776e-01 9.43897542e-02
609 1 5.23598776e-01 9.37567336e-02
610 1 5.23598776e-01 9.42737526e-02
611 1 5.23598776e-01 9.42548173e-02
612 1 5.23598776e-01 9.47091450e-02
613 1 5.23598776e-01 9.45172748e-02
614 1 5.23598776e-01 9.46734314e-02
615 1 5.23598776e-01 9.40168577e-02
616 1 5.23598776e-01 9.46180267e-02
617 1 5.23598776e-01 9.45586090e-02
618 1 5.23598776e-01 9.40604659e-02
619 1 5.23598776e-01 9.45097337e-02
620 1 5.23598776e-01 9.44769808e-02
621 1 5.23598776e-01 9.46729268e-02
622 1 5.23598776e-01 9.43165478e-02
623 1 5.23598776e-01 9.44645824e-02
624 1 5.23598776e-01 9.43941997e-02
625 1 5.23598776e-01 9.44113432e-02
626 1 5.23598776e-01 9.42402509e-02
627 1 5.23598776e-01 9.48823065e-02
628 1 5.23598776e-01 9.42523241e-02
629 1 5.23598776e-01 9.39052550e-02
630 1 5.23598776e-01 9.39630125e-02
631 1 5.23598776e-01 9.44676940e-02
632 1 5.23598776e-01 9.44634258e-02
633 1 5.23598776e-01 9.38016327e-02
634 1 5.23598776e-01 9.47786444e-02
635 1 5.23598776e-01 9.39140684e-02
636 1 5.23598776e-01 9.43916412e-02
637 1 5.23598776e-01 9.36210809e-02
638 1 5.23598776e-01 9.45471620e-02
639 1 5.23598776e-01 9.39463715e-02
640 1 5.23598776e-01 9.42760813e-02
641 1 5.23598776e-01 9.46340974e-02
642 1 5.23598776e-01 9.41810408e-02
643 1 5.23598776e-01 9.48858644e-02
644 1 5.23598776e-01 9.48435915e-02
645 1 5.23598776e-01 9.40305853e-02
646 1 5.23598776e-01 9.40486552e-02
647 1 5.23598776e-01 9.41045433e-02
648 1 5.23598776e-01 9.42417463e-02
649 1 5.23598776e-01 9.41193099e-02
650 1 5.23598776e-01 9.41487529e-02
651 1 5.23598776e-01 9.41860562e-02
652 1 5.23598776e-01 9.41261892e-02
653 1 5.23598776e-01 9.48037768e-02
654 1 5.23598776e-01 9.38014901e-02
655 1 5.23598776e-01 9.44935020e-02
656 1 5.23598776e-01 9.39726204e-02
657 1 5.23598776e-01 9.44612368e-02
658 1 5.23598776e-01 9.48053970e-02
659 1 5.23598776e-01 9.42020010e-02
660 1 5.23598776e-01 9.38341181e-02
661 1 5.23598776e-01 9.42233821e-02
662 1 5.23598776e-01 9.44899149e-02
663 1 5.23598776e-01 9.43747278e-02
664 1 5.23598776e-01 9.43844689e-02
665 1 5.23598776e-01 9.39907813e-02
666 1 5.23598776e-01 9.41849171e-02
667 1 5.23598776e-01 9.42197768e-02
668 1 5.23598776e-01 9.41559702e-02
669 1 5.23598776e-01 9.39862593e-02
670 1 5.23598776e-01 9.41978788e-02
671 1 5.23598776e-01 9.45911103e-02
672 1 5.23598776e-01 9.44146344e-02
673 1 5.23598776e-01 9.48080642e-02
674 1 5.23598776e-01 9.40945126e-02
675 1 5.23598776e-01 9.38720700e-02
676 1 5.23598776e-01 9.37760482e-02
677 1 5.23598776e-01 9.46738323e-02
678 1 5.23598776e-01 9.46657250e-02
679 1 5.23598776e-01 9.41127287e-02
680 1 5.23598776e-01 9.47212767e-02
681 1 5.23598776e-01 9.42782923e-02
682 1 5.23598776e-01 9.42464591e-02
683 1 5.23598776e-01 9.40390514e-02
684 1 5.23598776e-01 9.43995737e-02
685 1 5.23598776e-01 9.41823973e-02
686 1 5.23598776e-01 9.44305842e-02
687 1 5.23598776e-01 9.45269516e-02
688 1 5.23598776e-01 9.42163880e-02
689 1 5.23598776e-01 9.42588868e-02
690 1 5.23598776e-01 9.41891491e-02
691 1 5.23598776e-01 9.42615507e-02
692 1 5.23598776e-01 9.44101072e-02
693 1 5.23598776e-01 9.41316712e-02
694 1 5.23598776e-01 9.36600770e-02
695 1 5.23598776e-01 9.42013870e-02
696 1 5.23598776e-01 9.42606207e-02
697 1 5.23598776e-01 9.47754655e-02
698 1 5.23598776e-01 9.46364961e-02
699 1 5.23598776e-01 9.44937661e-02
700 1 5.23598776e-01 9.44526721e-02
701 1 5.23598776e-01 9.50701910e-02
702 1 5.23598776e-01 9.39962089e-02
703 1 5.23598776e-01 9.47881029e-02
704 1 5.23598776e-01 9.40305088e-02
705 1 5.23598776e-01 9.45235027e-02
706 1 5.23598776e-01 9.44717008e-02
707 1 5.23598776e-01 9.38889192e-02
708 1 5.23598776e-01 9.45051114e-02
709 1 5.23598776e-01 9.44205503e-02
710 1 5.23598776e-01 9.44011231e-02
711 1 5.23598776e-01 9.47304948e-02
712 1 5.23598776e-01 9.47271957e-02
713 1 5.23598776e-01 9.43019781e-02
714 1 5.23598776e-01 9.39853760e-02
715 1 5.23598776e-01 9.42924286e-02
716 1 5.23598776e-01 9.44200578e-02
717 1 5.23598776e-01 9.39104101e-02
718 1 5.23598776e-01 9.41334752e-02
719 1 5.23598776e-01 9.37651070e-02
720 1 5.23598776e-01 9.42479672e-02
721 1 5.23598776e-01 9.50926965e-02
722 1 5.23598776e-01 9.42542531e-02
723 1 5.23598776e-01 9.43397626e-02
724 1 5.23598776e-01 9.44477558e-02
725 1 5.23598776e-01 9.38512221e-02
726 1 5.23598776e-01 9.46059046e-02
727 1 5.23598776e-01 9.41388976e-02
728 1 5.23598776e-01 9.45023524e-02
729 1 5.23598776e-01 9.46847527e-02
730 1 5.23598776e-01 9.40167696e-02
731 1 5.23598776e-01 9.44328515e-02
732 1 5.23598776e-01 9.42585405e-02
733 1 5.23598776e-01 9.46912558e-02
734 1 5.23598776e-01 9.40887667e-02
735 1 5.23598776e-01 9.43679315e-02
736 1 5.23598776e-01 9.42035257e-02
737 1 5.23598776e-01 9.44135933e-02
738 1 5.23598776e-01 9.45602585e-02
739 1 5.23598776e-01 9.42753882e-02
740 1 5.23598776e-01 9.40590286e-02
741 1 5.23598776e-01 9.42865063e-02
742 1 5.23598776e-01 9.39601695e-02
743 1 5.23598776e-01 9.47670593e-02
744 1 5.23598776e-01 9.46143937e-02
745 1 5.23598776e-01 9.44036661e-02
746 1 5.23598776e-01 9.41911566e-02
747 1 5.23598776e-01 9.46082759e-02
748 1 5.23598776e-01 9.43608084e-02
749 1 5.23598776e-01 9.47133774e-02
750 1 5.23598776e-01 9.41361993e-02
751 1 5.23598776e-01 9.48377761e-02
752 1 5.23598776e-01 9.45402125e-02
753 1 5.23598776e-01 9.47492066e-02
754 1 5.23598776e-01 9.42838031e-02
755 1 5.23598776e-01 9.38602815e-02
756 1 5.23598776e-01 9.44769855e-02
757 1 5.23598776e-01 9.40472935e-02
758 1 5.23598776e-01 9.40280208e-02
759 1 5.23598776e-01 9.43742146e-02
760 1 5.23598776e-01 9.40259139e-02
761 1 5.23598776e-01 9.41463199e-02
762 1 5.23598776e-01 9.46331984e-02
763 1 5.23598776e-01 9.43005963e-02
764 1 5.23598776e-01 9.45526467e-02
765 1 5.23598776e-01 9.46023897e-02
766 1 5.23598776e-01 9.38961323e-02
767 1 5.23598776e-01 9.43443240e-02
768 1 5.23598776e-01 9.42489212e-02
769 1 5.23598776e-01 9.45721680e-02
770 1 5.23598776e-01 9.47151733e-02
771 1 5.23598776e-01 9.49063868e-02
772 1 5.23598776e-01 9.42612264e-02
773 1 5.23598776e-01 9.42472055e-02
774 1 5.23598776e-01 9.43550153e-02
775 1 5.23598776e-01 9.43712564e-02
776 1 5.23598776e-01 9.45701616e-02
777 1 5.23598776e-01 9.44478706e-02
778 1 5.23598776e-01 9.44086116e-02
779 1 5.23598776e-01 9.45940389e-02
780 1 5.23598776e-01 9.45825642e-02
781 1 5.23598776e-01 9.45353926e-02
782 1 5.23598776e-01 9.45491101e-02
783 1 5.23598776e-01 9.38968230e-02
784 1 5.23598776e-01 9.40416847e-02
785 1 5.23598776e-01 9.43121402e-02
786 1 5.23598776e-01 9.45081478e-02
787 1 5.23598776e-01 9.39605924e-02
788 1 5.23598776e-01 9.40646797e-02
789 1 5.23598776e-01 9.39612002e-02
790 1 5.23598776e-01 9.41236117e-02
791 1 5.23598776e-01 9.41903392e-02
792 1 5.23598776e-01 9.41855347e-02
793 1 5.23598776e-01 9.41198253e-02
794 1 5.23598776e-01 9.44391015e-02
795 1 5.23598776e-01 9.47036394e-02
796 1 5.23598776e-01 9.39211387e-02
797 1 5.23598776e-01 9.39459989e-02
798 1 5.23598776e-01 9.40548062e-02
799 1 5.23598776e-01 9.42300607e-02
800 1 5.23598776e-01 9.47139066e-02
801 1 5.23598776e-01 9.45013029e-02
802 1 5.23598776e-01 9.48277507e-02
803 1 5.23598776e-01 9.46730504e-02
804 1 5.23598776e-01 9.44624963e-02
805 1 5.23598776e-01 9.42690604e-02
806 1 5.23598776e-01 9.47347357e-02
807 1 5.23598776e-01 9.43551875e-02
808 1 5.23598776e-01 9.44596099e-02
809 1 5.23598776e-01 9.42697056e-02
810 1 5.23598776e-01 9.44317158e-02
811 1 5.23598776e-01 9.40166214e-02
812 1 5.23598776e-01 9.38876745e-02
813 1 5.23598776e-01 9.50480512e-02
814 1 5.23598776e-01 9.42271556e-02
815 1 5.23598776e-01 9.44327726e-02
816 1 5.23598776e-01 9.44621417e-02
817 1 5.23598776e-01 9.47315306e-02
818 1 5.23598776e-01 9.38852261e-02
819 1 5.23598776e-01 9.44980321e-02
820 1 5.23598776e-01 9.43650253e-02
821 1 5.23598776e-01 9.40135452e-02
822 1 5.23598776e-01 9.42815988e-02
823 1 5.23598776e-01 9.42984277e-02
824 1 5.23598776e-01 9.42244611e-02
825 1 5.23598776e-01 9.41354856e-02
826 1 5.23598776e-01 9.43077105e-02
827 1 5.23598776e-01 9.43630006e-02
828 1 5.23598776e-01 9.44090048e-02
829 1 5.23598776e-01 9.41823633e-02
830 1 5.23598776e-01 9.40080286e-02
831 1 5.23598776e-01 9.41940214e-02
832 1 5.23598776e-01 9.47207867e-02
833 1 5.23598776e-01 9.49471103e-02
834 1 5.23598776e-01 9.42810064e-02
835 1 5.23598776e-01 9.46540954e-02
836 1 5.23598776e-01 9.42318740e-02
837 1 5.23598776e-01 9.47975592e-02
838 1 5.23598776e-01 9.46112315e-02
839 1 5.23598776e-01 9.42835921e-02
840 1 5.23598776e-01 9.41543952e-02
841 1 5.23598776e-01 9.40431615e-02
842 1 5.23598776e-01 9.40566404e-02
843 1 5.23598776e-01 9.47325438e-02
844 1 5.23598776e-01 9.47694176e-02
845 1 5.23598776e-01 9.43011848e-02
846 1 5.23598776e-01 9.40516652e-02
847 1 5.23598776e-01 9.45494077e-02
848 1 5.23598776e-01 9.41731075e-02
849 1 5.23598776e-01 9.40795054e-02
850 1 5.23598776e-01 9.37674202e-02
851 1 5.23598776e-01 9.39089975e-02
852 1 5.23598776e-01 9.48186567e-02
853 1 5.23598776e-01 9.43470125e-02
854 1 5.23598776e-01 9.40888577e-02
855 1 5.23598776e-01 9.42729753e-02
856 1 5.23598776e-01 9.45289686e-02
857 1 5.23598776e-01 9.44547445e-02
858 1 5.23598776e-01 9.46692832e-02
859 1 5.23598776e-01 9.46611852e-02
860 1 5.23598776e-01 9.41249299e-02
861 1 5.23598776e-01 9.37486128e-02
862 1 5.23598776e-01 9.46499484e-02
863 1 5.23598776e-01 9.44948743e-02
864 1 5.23598776e-01 9.41436190e-02
865 1 5.23598776e-01 9.38958444e-02
866 1 5.23598776e-01 9.46575576e-02
867 1 5.23598776e-01 9.38664718e-02
868 1 5.23598776e-01 9.43502524e-02
869 1 5.23598776e-01 9.43804269e-02
870 1 5.23598776e-01 9.37140578e-02
871 1 5.23598776e-01 9.38973867e-02
872 1 5.23598776e-01 9.43982736e-02
873 1 5.23598776e-01 9.40111342e-02
874 1 5.23598776e-01 9.41720838e-02
875 1 5.23598776e-01 9.44145869e-02
876 1 5.23598776e-01 9.45006151e-02
877 1 5.23598776e-01 9.42264037e-02
878 1 5.23598776e-01 9.40537356e-02
879 1 5.23598776e-01 9.40660684e-02
880 1 5.23598776e-01 9.48131729e-02
881 1 5.23598776e-01 9.44323201e-02
882 1 5.23598776e-01 9.42992895e-02
883 1 5.23598776e-01 9.41587480e-02
884 1 5.23598776e-01 9.38251537e-02
885 1 5.23598776e-01 9.42418710e-02
886 1 5.23598776e-01 9.40443137e-02
887 1 5.23598776e-01 9.50939139e-02
888 1 5.23598776e-01 9.37683720e-02
889 1 5.23598776e-01 9.45894506e-02
890 1 5.23598776e-01 9.43920637e-02
891 1 5.23598776e-01 9.47479733e-02
892 1 5.23598776e-01 9.43223397e-02
893 1 5.23598776e-01 9.43267207e-02
894 1 5.23598776e-01 9.45066551e-02
895 1 5.23598776e-01 9.41973076e-02
896 1 5.23598776e-01 9.39834329e-02
897 1 5.23598776e-01 9.43341824e-02
898 1 5.23598776e-01 9.41497109e-02
899 1 5.23598776e-01 9.43441876e-02
900 1 5.23598776e-01 9.41518148e-02
901 1 5.23598776e-01 9.41992616e-02
902 1 5.23598776e-01 9.45298118e-02
903 1 5.23598776e-01 9.46861326e-02
904 1 5.23598776e-01 9.49667112e-02
905 1 5.23598776e-01 9.45302042e-02
906 1 5.23598776e-01 9.45218243e-02
907 1 5.23598776e-01 9.42411604e-02
908 1 5.23598776e-01 9.41336319e-02
909 1 5.23598776e-01 9.46294638e-02
910 1 5.23598776e-01 9.43104991e-02
911 1 5.23598776e-01 9.44970533e-02
912 1 5.23598776e-01 9.47246652e-02
913 1 5.23598776e-01 9.44829677e-02
914 1 5.23598776e-01 9.42503953e-02
915 1 5.23598776e-01 9.46596023e-02
916 1 5.23598776e-01 9.42761151e-02
917 1 5.23598776e-01 9.43656060e-02
918 1 5.23598776e-01 9.42220935e-02
919 1 5.23598776e-01 9.42466518e-02
920 1 5.23598776e-01 9.46224467e-02
921 1 5.23598776e-01 9.42165939e-02
922 1 5.23598776e-01 9.43083326e-02
923 1 5.23598776e-01 9.40774369e-02
924 1 5.23598776e-01 9.42485616e-02
925 1 5.23598776e-01 9.42674691e-02
926 1 5.23598776e-01 9.46321618e-02
927 1 5.23598776e-01 9.43346141e-02
928 1 5.23598776e-01 9.43599165e-02
929 1 5.23598776e-01 9.46548022e-02
930 1 5.23598776e-01 9.43872558e-02
931 1 5.23598776e-01 9.42001860e-02
932 1 5.23598776e-01 9.47773602e-02
933 1 5.23598776e-01 9.41153384e-02
934 1 5.23598776e-01 9.42234417e-02
935 1 5.23598776e-01 9.44791576e-02
936 1 5.23598776e-01 9.43761462e-02
937 1 5.23598776e-01 9.47989492e-02
938 1 5.23598776e-01 9.45852488e-02
939 1 5.23598776e-01 9.42693113e-02
940 1 5.23598776e-01 9.44436714e-02
941 1 5.23598776e-01 9.46905431e-02
942 1 5.23598776e-01 9.51032453e-02
943 1 5.23598776e-01 9.41046557e-02
944 1 5.23598776e-01 9.40822062e-02
945 1 5.23598776e-01 9.40605941e-02
946 1 5.23598776e-01 9.45587246e-02
947 1 5.23598776e-01 9.44642800e-02
948 1 5.23598776e-01 9.46805593e-02
949 1 5.23598776e-01 9.42470364e-02
950 1 5.23598776e-01 9.42802330e-02
951 1 5.23598776e-01 9.45155656e-02
952 1 5.23598776e-01 9.44730388e-02
953 1 5.23598776e-01 9.50212532e-02
954 1 5.23598776e-01 9.41242862e-02
955 1 5.23598776e-01 9.47294192e-02
956 1 5.23598776e-01 9.46533016e-02
957 1 5.23598776e-01 9.44664508e-02
958 1 5.23598776e-01 9.43991721e-02
959 1 5.23598776e-01 9.40793957e-02
960 1 5.23598776e-01 9.38459590e-02
961 1 5.23598776e-01 9.43824156e-02
962 1 5.23598776e-01 9.44858291e-02
963 1 5.23598776e-01 9.42949955e-02
964 1 5.23598776e-01 9.45955429e-02
965 1 5.23598776e-01 9.47093314e-02
966 1 5.23598776e-01 9.45373448e-02
967 1 5.23598776e-01 9.42874457e-02
968 1 5.23598776e-01 9.45812682e-02
969 1 5.23598776e-01 9.43021265e-02
970 1 5.23598776e-01 9.41772097e-02
971 1 5.23598776e-01 9.43325342e-02
972 1 5.23598776e-01 9.40005718e-02
973 1 5.23598776e-01 9.41300550e-02
974 1 5.23598776e-01 9.43699416e-02
975 1 5.23598776e-01 9.45214510e-02
976 1 5.23598776e-01 9.46519764e-02
977 1 5.23598776e-01 9.48569208e-02
978 1 5.23598776e-01 9.41160632e-02
979 1 5.23598776e-01 9.41908913e-02
980 1 5.23598776e-01 9.38131935e-02
981 1 5.23598776e-01 9.39379462e-02
982 1 5.23598776e-01 9.44467413e-02
983 1 5.23598776e-01 9.44141306e-02
984 1 5.23598776e-01 9.45125083e-02
985 1 5.23598776e-01 9.44077250e-02
986 1 5.23598776e-01 9.47234048e-02
987 1 5.23598776e-01 9.46382359e-02
988 1 5.23598776e-01 9.45564660e-02
989 1 5.23598776e-01 9.48509889e-02
990 1 5.23598776e-01 9.40214579e-02
991 1 5.23598776e-01 9.44007576e-02
992 1 5.23598776e-01 9.41051369e-02
993 1 5.23598776e-01 9.45897756e-02
994 1 5.23598776e-01 9.41656983e-02
995 1 5.23598776e-01 9.42555539e-02
996 1 5.23598776e-01 9.42793992e-02
997 1 5.23598776e-01 9.41390477e-02
998 1 5.23598776e-01 9.47877511e-02
999 1 5.23598776e-01 9.42131571e-02
1000 1 5.23598776e-01 9.42870860e-02
1001 1 5.23598776e-01 9.39367169e-02
1002 1 5.23598776e-01 9.41788372e-02
1003 1 5.23598776e-01 9.44688683e-02
1004 1 5.23598776e-01 9.50471858e-02
1005 1 5.23598776e-01 9.42404753e-02
1006 1 5.23598776e-01 9.42672161e-02
1007 1 5.23598776e-01 9.41960134e-02
1008 1 5.23598776e-01 9.34911238e-02
1009 1 5.23598776e-01 9.45120680e-02
1010 1 5.23598776e-01 9.42285985e-02
1011 1 5.23598776e-01 9.49761372e-02
1012 1 5.23598776e-01 9.43434499e-02
0 2 1.04719755e+00 1.72165354e-01
1 2 1.04719755e+00 1.72143083e-01
2 2 1.04719755e+00 1.72258319e-01
3 2 1.04719755e+00 1.71417246e-01
4 2 1.04719755e+00 1.72064553e-01
5 2 1.04719755e+00 1.71504065e-01
6 2 1.04719755e+00 1.71982299e-01
7 2 1.04719755e+00 1.72205906e-01
8 2 1.04719755e+00 1.71848138e-01
9 2 1.04719755e+00 1.72220540e-01
10 2 1.04719755e+00 1.71111348e-01
11 2 1.04719755e+00 1.71822044e-01
12 2 1.04719755e+00 1.72720571e-01
13 2 1.04719755e+00 1.72654219e-01
14 2 1.04719755e+00 1.72915247e-01
15 2 1.04719755e+00 1.72234078e-01
16 2 1.04719755e+00 1.72292674e-01
17 2 1.04719755e+00 1.71566444e-01
18 2 1.04719755e+00 1.71540476e-01
19 2 1.04719755e+00 1.71812369e-01
20 2 1.04719755e+00 1.71735224e-01
21 2 1.04719755e+00 1.71907562e-01
22 2 1.04719755e+00 1.71529178e-01
23 2 1.04719755e+00 1.71364049e-01
24 2 1.04719755e+00 1.71914467e-01
25 2 1.04719755e+00 1.71273330e-01
26 2 1.04719755e+00 1.71794182e-01
27 2 1.04719755e+00 1.71265449e-01
28 2 1.04719755e+00 1.72435292e-01
29 2 1.04719755e+00 1.71082895e-01
30 2 1.04719755e+00 1.70905397e-01
31 2 1.04719755e+00 1.71433227e-01
32 2 1.04719755e+00 1.72137430e-01
33 2 1.04719755e+00 1.71348644e-01
34 2 1.04719755e+00 1.70937081e-01
35 2 1.04719755e+00 1.71942764e-01
36 2 1.04719755e+00 1.72030864e-01
37 2 1.04719755e+00 1.71890833e-01
38 2 1.04719755e+00 1.72335534e-01
39 2 1.04719755e+00 1.71799914e-01
40 2 1.04719755e+00 1.71937214e-01
41 2 1.04719755e+00 1.71516931e-01
42 2 1.04719755e+00 1.71682168e-01
43 2 1.04719755e+00 1.72068966e-01
44 2 1.04719755e+00 1.72266444e-01
45 2 1.04719755e+00 1.71927976e-01
46 2 1.04719755e+00 1.71782863e-01
47 2 1.04719755e+00 1.71508768e-01
48 2 1.04719755e+00 1.71922105e-01
49 2 1.04719755e+00 1.70486925e-01
50 2 1.04719755e+00 1.72197626e-01
51 2 1.04719755e+00 1.71752317e-01
52 2 1.04719755e+00 1.71782241e-01
53 2 1.04719755e+00 1.71931913e-01
54 2 1.04719755e+00 1.72069644e-01
55 2 1.04719755e+00 1.71480716e-01
56 2 1.04719755e+00 1.72066624e-01
57 2 1.04719755e+00 1.71330016e-01
58 2 1.04719755e+00 1.71946732e-01
59 2 1.04719755e+00 1.71716827e-01
60 2 1.04719755e+00 1.71781176e-01
61 2 1.04719755e+00 1.71446987e-01
62 2 1.04719755e+00 1.71656386e-01
63 2 1.04719755e+00 1.71002722e-01
64 2 1.04719755e+00 1.72178859e-01
65 2 1.04719755e+00 1.72751119e-01
66 2 1.04719755e+00 1.71331739e-01
67 2 1.04719755e+00 1.71491853e-01
68 2 1.04719755e+00 1.72138238e-01
69 2 1.04719755e+00 1.71423122e-01
70 2 1.04719755e+00 1.71894677e-01
71 2 1.04719755e+00 1.71574466e-01
72 2 1.04719755e+00 1.72183017e-01
73 2 1.04719755e+00 1.72068244e-01
74 2 1.04719755e+00 1.70617688e-01
75 2 1.04719755e+00 1.70406353e-01
76 2 1.04719755e+00 1.71487109e-01
77 2 1.04719755e+00 1.72196469e-01
78 2 1.04719755e+00 1.71998858e-01
79 2 1.04719755e+00 1.72542089e-01
80 2 1.04719755e+00 1.71589084e-01
81 2 1.04719755e+00 1.71998353e-01
82 2 1.04719755e+00 1.72278699e-01
83 2 1.04719755e+00 1.71574066e-01
84 2 1.04719755e+00 1.72026090e-01
85 2 1.04719755e+00 1.72741564e-01
86 2 1.04719755e+00 1.71085452e-01
87 2 1.04719755e+00 1.71174496e-01
88 2 1.04719755e+00 1.71434497e-01
89 2 1.04719755e+00 1.71468586e-01
90 2 1.04719755e+00 1.71236606e-01
91 2 1.04719755e+00 1.72462970e-01
92 2 1.04719755e+00 1.71572887e-01
93 2 1.04719755e+00 1.71996791e-01
94 2 1.04719755e+00 1.71611100e-01
95 2 1.04719755e+00 1.71625369e-01
96 2 1.04719755e+00 1.72196495e-01
97 2 1.04719755e+00 1.71959957e-01
98 2 1.04719755e+00 1.72127325e-01
99 2 1.04719755e+00 1.72980710e-01
100 2 1.04719755e+00 1.71050306e-01
101 2 1.04719755e+00 1.71536655e-01
102 2 1.04719755e+00 1.72234128e-01
103 2 1.04719755e+00 1.71183653e-01
104 2 1.04719755e+00 1.71944563e-01
105 2 1.04719755e+00 1.70853943e-01
106 2 1.04719755e+00 1.72317129e-01
107 2 1.04719755e+00 1.72214350e-01
108 2 1.04719755e+00 1.71044202e-01
109 2 1.04719755e+00 1.71332163e-01
110 2 1.04719755e+00 1.70790250e-01
111 2 1.04719755e+00 1.71805143e-01
112 2 1.04719755e+00 1.71065659e-01
113 2 1.04719755e+00 1.71349742e-01
114 2 1.04719755e+00 1.72711616e-01
115 2 1.04719755e+00 1.72001479e-01
116 2 1.04719755e+00 1.72129252e-01
117 2 1.04719755e+00 1.72353037e-01
118 2 1.04719755e+00 1.72098044e-01
119 2 1.04719755e+00 1.71690911e-01
120 2 1.04719755e+00 1.72080788e-01
121 2 1.04719755e+00 1.71185624e-01
122 2 1.04719755e+00 1.71222508e-01
123 2 1.04719755e+00 1.70968906e-01
124 2 1.04719755e+00 1.72066471e-01
125 2 1.04719755e+00 1.72327234e-01
126 2 1.04719755e+00 1.72404829e-01
127 2 1.04719755e+00 1.72630848e-01
128 2 1.04719755e+00 1.70995769e-01
129 2 1.04719755e+00 1.72340646e-01
130 2 1.04719755e+00 1.72260812e-01
131 2 1.04719755e+00 1.70245231e-01
132 2 1.04719755e+00 1.71598306e-01
133 2 1.04719755e+00 1.71680463e-01
134 2 1.04719755e+00 1.72445048e-01
135 2 1.04719755e+00 1.72106062e-01
136 2 1.04719755e+00 1.71888729e-01
137 2 1.04719755e+00 1.71484956e-01
138 2 1.04719755e+00 1.71388825e-01
139 2 1.04719755e+00 1.71238444e-01
140 2 1.04719755e+00 1.71935569e-01
141 2 1.04719755e+00 1.72430378e-01
142 2 1.04719755e+00 1.71429623e-01
143 2 1.04719755e+00 1.72741645e-01
144 2 1.04719755e+00 1.71070010e-01
145 2 1.04719755e+00 1.71190475e-01
146 2 1.04719755e+00 1.71717788e-01
147 2 1.04719755e+00 1.71143838e-01
148 2 1.04719755e+00 1.71527055e-01
149 2 1.04719755e+00 1.72191897e-01
150 2 1.04719755e+00 1.71721655e-01
151 2 1.04719755e+00 1.70724364e-01
152 2 1.04719755e+00 1.71170790e-01
153 2 1.04719755e+00 1.72992420e-01
154 2 1.04719755e+00 1.71902351e-01
155 2 1.04719755e+00 1.71823180e-01
156 2 1.04719755e+00 1.71795086e-01
157 2 1.04719755e+00 1.72428883e-01
158 2 1.04719755e+00 1.71596250e-01
159 2 1.04719755e+00 1.72355781e-01
160 2 1.04719755e+00 1.71840409e-01
161 2 1.04719755e+00 1.71918203e-01
162 2 1.04719755e+00 1.71907307e-01
163 2 1.04719755e+00 1.72133664e-01
164 2 1.04719755e+00 1.72033236e-01
165 2 1.04719755e+00 1.72025950e-01
166 2 1.04719755e+00 1.72202887e-01
167 2 1.04719755e+00 1.71465606e-01
168 2 1.04719755e+00 1.72107222e-01
169 2 1.04719755e+00 1.72090735e-01
170 2 1.04719755e+00 1.71695189e-01
171 2 1.04719755e+00 1.72650708e-01
172 2 1.04719755e+00 1.72911989e-01
173 2 1.04719755e+00 1.71623620e-01
174 2 1.04719755e+00 1.72131963e-01
175 2 1.04719755e+00 1.72296547e-01
176 2 1.04719755e+00 1.72501828e-01
177 2 1.04719755e+00 1.72473111e-01
178 2 1.04719755e+00 1.71106471e-01
179 2 1.04719755e+00 1.71075488e-01
180 2 1.04719755e+00 1.71263259e-01
181 2 1.04719755e+00 1.71852617e-01
182 2 1.04719755e+00 1.70287687e-01
183 2 1.04719755e+00 1.72436092e-01
184 2 1.04719755e+00 1.71272011e-01
185 2 1.04719755e+00 1.71306740e-01
186 2 1.04719755e+00 1.70603506e-01
187 2 1.04719755e+00 1.71727828e-01
188 2 1.04719755e+00 1.71430876e-01
189 2 1.04719755e+00 1.71591974e-01
190 2 1.04719755e+00 1.72445307e-01
191 2 1.04719755e+00 1.72315551e-01
192 2 1.04719755e+00 1.72886373e-01
193 2 1.04719755e+00 1.71698552e-01
194 2 1.04719755e+00 1.71031138e-01
195 2 1.04719755e+00 1.71487253e-01
196 2 1.04719755e+00 1.71871702e-01
197 2 1.04719755e+00 1.71335642e-01
198 2 1.04719755e+00 1.71385465e-01
199 2 1.04719755e+00 1.72052903e-01
200 2 1.04719755e+00 1.71299956e-01
201 2 1.04719755e+00 1.72258921e-01
202 2 1.04719755e+00 1.71844678e-01
203 2 1.04719755e+00 1.71616332e-01
204 2 1.04719755e+00 1.71250794e-01
205 2 1.04719755e+00 1.72384609e-01
206 2 1.04719755e+00 1.71855523e-01
207 2 1.04719755e+00 1.70737461e-01
208 2 1.04719755e+00 1.71256486e-01
209 2 1.04719755e+00 1.70652131e-01
210 2 1.04719755e+00 1.70693583e-01
211 2 1.04719755e+00 1.72258852e-01
212 2 1.04719755e+00 1.72322846e-01
213 2 1.04719755e+00 1.71407393e-01
214 2 1.04719755e+00 1.72425360e-01
215 2 1.04719755e+00 1.71791546e-01
216 2 1.04719755e+00 1.71114068e-01
217 2 1.04719755e+00 1.72348377e-01
218 2 1.04719755e+00 1.72015958e-01
219 2 1.04719755e+00 1.72099132e-01
220 2 1.04719755e+00 1.72272052e-01
221 2 1.04719755e+00 1.71939614e-01
222 2 1.04719755e+00 1.72000545e-01
223 2 1.04719755e+00 1.71820693e-01
224 2 1.04719755e+00 1.71778202e-01
225 2 1.04719755e+00 1.71734778e-01
226 2 1.04719755e+00 1.71895946e-01
227 2 1.04719755e+00 1.71655646e-01
228 2 1.04719755e+00 1.72206955e-01
229 2 1.04719755e+00 1.70593953e-01
230 2 1.04719755e+00 1.71981779e-01
231 2 1.04719755e+00 1.71092174e-01
232 2 1.04719755e+00 1.71240631e-01
233 2 1.04719755e+00 1.71509587e-01
234 2 1.04719755e+00 1.71597650e-01
235 2 1.04719755e+00 1.70774469e-01
236 2 1.04719755e+00 1.72114821e-01
237 2 1.04719755e+00 1.71630537e-01
238 2 1.04719755e+00 1.72020871e-01
239 2 1.04719755e+00 1.72523019e-01
240 2 1.04719755e+00 1.71905526e-01
241 2 1.04719755e+00 1.72264593e-01
242 2 1.04719755e+00 1.71992580e-01
243 2 1.04719755e+00 1.72419155e-01
244 2 1.04719755e+00 1.71534836e-01
245 2 1.04719755e+00 1.72758399e-01
246 2 1.04719755e+00 1.72304270e-01
247 2 1.04719755e+00 1.70469332e-01
248 2 1.04719755e+00 1.71814201e-01
249 2 1.04719755e+00 1.72217397e-01
250 2 1.04719755e+00 1.72106715e-01
251 2 1.04719755e+00 1.71103125e-01
252 2 1.04719755e+00 1.72811325e-01
253 2 1.04719755e+00 1.72064915e-01
254 2 1.04719755e+00 1.71567817e-01
255 2 1.04719755e+00 1.72245408e-01
256 2 1.04719755e+00 1.71232560e-01
257 2 1.04719755e+00 1.71104924e-01
258 2 1.04719755e+00 1.70874123e-01
259 2 1.04719755e+00 1.71973871e-01
260 2 1.04719755e+00 1.71853985e-01
261 2 1.04719755e+00 1.72311806e-01
262 2 1.04719755e+00 1.71138778e-01
263 2 1.04719755e+00 1.71734918e-01
264 2 1.04719755e+00 1.71747837e-01
265 2 1.04719755e+00 1.71975352e-01
266 2 1.04719755e+00 1.71838811e-01
267 2 1.04719755e+00 1.71599721e-01
268 2 1.04719755e+00 1.72078702e-01
269 2 1.04719755e+00 1.70753226e-01
270 2 1.04719755e+00 1.72055406e-01
271 2 1.04719755e+00 1.72112542e-01
272 2 1.04719755e+00 1.71002912e-01
273 2 1.04719755e+00 1.71288700e-01
274 2 1.04719755e+00 1.71622638e-01
275 2 1.04719755e+00 1.70777984e-01
276 2 1.04719755e+00 1.71287554e-01
277 2 1.04719755e+00 1.71409512e-01
278 2 1.04719755e+00 1.72424724e-01
279 2 1.04719755e+00 1.71724511e-01
280 2 1.04719755e+00 1.71870535e-01
281 2 1.04719755e+00 1.71405222e-01
282 2 1.04719755e+00 1.71633426e-01
283 2 1.04719755e+00 1.72481552e-01
284 2 1.04719755e+00 1.73033180e-01
285 2 1.04719755e+00 1.72111232e-01
286 2 1.04719755e+00 1.71869848e-01
287 2 1.04719755e+00 1.71524036e-01
288 2 1.04719755e+00 1.71542918e-01
289 2 1.04719755e+00 1.70865900e-01
290 2 1.04719755e+00 1.71634045e-01
291 2 1.04719755e+00 1.71840099e-01
292 2 1.04719755e+00 1.71749399e-01
293 2 1.04719755e+00 1.71203700e-01
294 2 1.04719755e+00 1.72607338e-01
295 2 1.04719755e+00 1.72624483e-01
296 2 1.04719755e+00 1.71379313e-01
297 2 1.04719755e+00 1.72331431e-01
298 2 1.04719755e+00 1.71437739e-01
299 2 1.04719755e+00 1.72021207e-01
300 2 1.04719755e+00 1.72553045e-01
301 2 1.04719755e+00 1.71296436e-01
302 2 1.04719755e+00 1.71462625e-01
303 2 1.04719755e+00 1.72359647e-01
304 2 1.04719755e+00 1.72711194e-01
305 2 1.04719755e+00 1.71738450e-01
306 2 1.04719755e+00 1.71616666e-01
307 2 1.04719755e+00 1.71607299e-01
308 2 1.04719755e+00 1.71062315e-01
309 2 1.04719755e+00 1.71623454e-01
310 2 1.04719755e+00 1.72490406e-01
311 2 1.04719755e+00 1.72373390e-01
312 2 1.04719755e+00 1.72615483e-01
313 2 1.04719755e+00 1.71298102e-01
314 2 1.04719755e+00 1.70876462e-01
315 2 1.04719755e+00 1.71158487e-01
316 2 1.04719755e+00 1.71697012e-01
317 2 1.04719755e+00 1.71766103e-01
318 2 1.04719755e+00 1.71749444e-01
319 2 1.04719755e+00 1.71980914e-01
320 2 1.04719755e+00 1.71533140e-01
321 2 1.04719755e+00 1.71294172e-01
322 2 1.04719755e+00 1.71285231e-01
323 2 1.04719755e+00 1.71225211e-01
324 2 1.04719755e+00 1.71664999e-01
325 2 1.04719755e+00 1.71708664e-01
326 2 1.04719755e+00 1.71038923e-01
327 2 1.04719755e+00 1.71003600e-01
328 2 1.04719755e+00 1.71379087e-01
329 2 1.04719755e+00 1.71114813e-01
330 2 1.04719755e+00 1.71972337e-01
331 2 1.04719755e+00 1.70642847e-01
332 2 1.04719755e+00 1.71604241e-01
333 2 1.04719755e+00 1.71583926e-01
334 2 1.04719755e+00 1.71022495e-01
335 2 1.04719755e+00 1.71635240e-01
336 2 1.04719755e+00 1.71868362e-01
337 2 1.04719755e+00 1.71980923e-01
338 2 1.04719755e+00 1.72551362e-01
339 2 1.04719755e+00 1.72172979e-01
340 2 1.04719755e+00 1.72254906e-01
341 2 1.04719755e+00 1.71819068e-01
342 2 1.04719755e+00 1.72836777e-01
343 2 1.04719755e+00 1.72569002e-01
344 2 1.04719755e+00 1.72505339e-01
345 2 1.04719755e+00 1.72149606e-01
346 2 1.04719755e+00 1.71290281e-01
347 2 1.04719755e+00 1.70449995e-01
348 2 1.04719755e+00 1.71743357e-01
349 2 1.04719755e+00 1.71220705e-01
350 2 1.04719755e+00 1.72312136e-01
351 2 1.04719755e+00 1.72235517e-01
352 2 1.04719755e+00 1.70780274e-01
353 2 1.04719755e+00 1.71821767e-01
354 2 1.04719755e+00 1.71543400e-01
355 2 1.04719755e+00 1.72781637e-01
356 2 1.04719755e+00 1.71474409e-01
357 2 1.04719755e+00 1.71371386e-01
358 2 1.04719755e+00 1.72130477e-01
359 2 1.04719755e+00 1.71317963e-01
360 2 1.04719755e+00 1.72389986e-01
361 2 1.04719755e+00 1.72213923e-01
362 2 1.04719755e+00 1.71520711e-01
363 2 1.04719755e+00 1.71383152e-01
364 2 1.04719755e+00 1.71544880e-01
365 2 1.04719755e+00 1.71914515e-01
366 2 1.04719755e+00 1.72067635e-01
367 2 1.04719755e+00 1.71915773e-01
368 2 1.04719755e+00 1.71618683e-01
369 2 1.04719755e+00 1.71142416e-01
370 2 1.04719755e+00 1.71504396e-01
371 2 1.04719755e+00 1.71051672e-01
372 2 1.04719755e+00 1.72066320e-01
373 2 1.04719755e+00 1.71499384e-01
374 2 1.04719755e+00 1.71649094e-01
375 2 1.04719755e+00 1.71492874e-01
376 2 1.04719755e+00 1.71672641e-01
377 2 1.04719755e+00 1.71870171e-01
378 2 1.04719755e+00 1.72128602e-01
379 2 1.04719755e+00 1.71724668e-01
380 2 1.04719755e+00 1.71339403e-01
381 2 1.04719755e+00 1.72201350e-01
382 2 1.04719755e+00 1.71612483e-01
383 2 1.04719755e+00 1.72098293e-01
384 2 1.04719755e+00 1.71636432e-01
385 2 1.04719755e+00 1.71699196e-01
386 2 1.04719755e+00 1.71243545e-01
387 2 1.04719755e+00 1.71623836e-01
388 2 1.04719755e+00 1.71868779e-01
389 2 1.04719755e+00 1.71670143e-01
390 2 1.04719755e+00 1.71480000e-01
391 2 1.04719755e+00 1.70547024e-01
392 2 1.04719755e+00 1.72483337e-01
393 2 1.04719755e+00 1.72087413e-01
394 2 1.04719755e+00 1.73021577e-01
395 2 1.04719755e+00 1.72094732e-01
396 2 1.04719755e+00 1.72519897e-01
397 2 1.04719755e+00 1.72032200e-01
398 2 1.04719755e+00 1.73065729e-01
399 2 1.04719755e+00 1.71174420e-01
400 2 1.04719755e+00 1.71516199e-01
401 2 1.04719755e+00 1.72483190e-01
402 2 1.04719755e+00 1.71807440e-01
403 2 1.04719755e+00 1.72730217e-01
404 2 1.04719755e+00 1.71935845e-01
405 2 1.04719755e+00 1.71912813e-01
406 2 1.04719755e+00 1.70833015e-01
407 2 1.04719755e+00 1.72466953e-01
408 2 1.04719755e+00 1.71359594e-01
409 2 1.04719755e+00 1.72080551e-01
410 2 1.04719755e+00 1.71528776e-01
411 2 1.04719755e+00 1.72047741e-01
412 2 1.04719755e+00 1.71915678e-01
413 2 1.04719755e+00 1.72199007e-01
414 2 1.04719755e+00 1.71385643e-01
415 2 1.04719755e+00 1.71531746e-01
416 2 1.04719755e+00 1.71385865e-01
417 2 1.04719755e+00 1.71645788e-01
418 2 1.04719755e+00 1.71812747e-01
419 2 1.04719755e+00 1.72158357e-01
420 2 1.04719755e+00 1.71848600e-01
421 2 1.04719755e+00 1.71545002e-01
422 2 1.04719755e+00 1.71060677e-01
423 2 1.04719755e+00 1.71884831e-01
424 2 1.04719755e+00 1.70868024e-01
425 2 1.04719755e+00 1.72819722e-01
426 2 1.04719755e+00 1.71425658e-01
427 2 1.04719755e+00 1.72085206e-01
428 2 1.04719755e+00 1.72222285e-01
429 2 1.04719755e+00 1.71812225e-01
430 2 1.04719755e+00 1.72165849e-01
431 2 1.04719755e+00 1.71982351e-01
432 2 1.04719755e+00 1.71911503e-01
433 2 1.04719755e+00 1.72328702e-01
434 2 1.04719755e+00 1.72080152e-01
435 2 1.04719755e+00 1.71882220e-01
436 2 1.04719755e+00 1.71999825e-01
437 2 1.04719755e+00 1.71581276e-01
438 2 1.04719755e+00 1.72300612e-01
439 2 1.04719755e+00 1.71919779e-01
440 2 1.04719755e+00 1.71614791e-01
441 2 1.04719755e+00 1.70616993e-01
442 2 1.04719755e+00 1.72112913e-01
443 2 1.04719755e+00 1.71576828e-01
444 2 1.04719755e+00 1.71916142e-01
445 2 1.04719755e+00 1.71855620e-01
446 2 1.04719755e+00 1.71889554e-01
447 2 1.04719755e+00 1.71679280e-01
448 2 1.04719755e+00 1.72688357e-01
449 2 1.04719755e+00 1.72406344e-01
450 2 1.04719755e+00 1.71749065e-01
451 2 1.04719755e+00 1.72499750e-01
452 2 1.04719755e+00 1.73383932e-01
453 2 1.04719755e+00 1.71728195e-01
454 2 1.04719755e+00 1.72541754e-01
455 2 1.04719755e+00 1.71376000e-01
456 2 1.04719755e+00 1.71179291e-01
457 2 1.04719755e+00 1.71907752e-01
458 2 1.04719755e+00 1.71972719e-01
459 2 1.04719755e+00 1.72376908e-01
460 2 1.04719755e+00 1.71481929e-01
461 2 1.04719755e+00 1.72149006e-01
462 2 1.04719755e+00 1.71947470e-01
463 2 1.04719755e+00 1.71769986e-01
464 2 1.04719755e+00 1.72331331e-01
465 2 1.04719755e+00 1.72210956e-01
466 2 1.04719755e+00 1.71784159e-01
467 2 1.04719755e+00 1.71572066e-01
468 2 1.04719755e+00 1.72196981e-01
469 2 1.04719755e+00 1.71402524e-01
470 2 1.04719755e+00 1.72356106e-01
471 2 1.04719755e+00 1.71247012e-01
472 2 1.04719755e+00 1.71210514e-01
473 2 1.04719755e+00 1.71719906e-01
474 2 1.04719755e+00 1.72518808e-01
475 2 1.04719755e+00 1.72095147e-01
476 2 1.04719755e+00 1.71538035e-01
477 2 1.04719755e+00 1.69940523e-01
478 2 1.04719755e+00 1.72513888e-01
479 2 1.04719755e+00 1.71547352e-01
480 2 1.04719755e+00 1.71649554e-01
481 2 1.04719755e+00 1.72261906e-01
482 2 1.04719755e+00 1.71759987e-01
483 2 1.04719755e+00 1.72524341e-01
484 2 1.04719755e+00 1.72137431e-01
485 2 1.04719755e+00 1.72218729e-01
486 2 1.04719755e+00 1.72025362e-01
487 2 1.04719755e+00 1.72048747e-01
488 2 1.04719755e+00 1.71068915e-01
489 2 1.04719755e+00 1.71328224e-01
490 2 1.04719755e+00 1.71547755e-01
491 2 1.04719755e+00 1.71287025e-01
492 2 1.04719755e+00 1.72238093e-01
493 2 1.04719755e+00 1.71686997e-01
494 2 1.04719755e+00 1.71862699e-01
495 2 1.04719755e+00 1.72520675e-01
496 2 1.04719755e+00 1.71552640e-01
497 2 1.04719755e+00 1.71608473e-01
498 2 1.04719755e+00 1.72401290e-01
499 2 1.04719755e+00 1.70940497e-01
500 2 1.04719755e+00 1.71298122e-01
501 2 1.04719755e+00 1.71858355e-01
502 2 1.04719755e+00 1.71694201e-01
503 2 1.04719755e+00 1.72264214e-01
504 2 1.04719755e+00 1.71066082e-01
505 2 1.04719755e+00 1.71994115e-01
506 2 1.04719755e+00 1.72143579e-01
507 2 1.04719755e+00 1.71306431e-01
508 2 1.04719755e+00 1.71726171e-01
509 2 1.04719755e+00 1.72271397e-01
510 2 1.04719755e+00 1.72440605e-01
511 2 1.04719755e+00 1.71423368e-01
512 2 1.04719755e+00 1.71632782e-01
513 2 1.04719755e+00 1.72326668e-01
514 2 1.04719755e+00 1.71587068e-01
515 2 1.04719755e+00 1.72152806e-01
516 2 1.04719755e+00 1.71465737e-01
517 2 1.04719755e+00 1.71863047e-01
518 2 1.04719755e+00 1.71027126e-01
519 2 1.04719755e+00 1.71613775e-01
520 2 1.04719755e+00 1.71227949e-01
521 2 1.04719755e+00 1.70179720e-01
522 2 1.04719755e+00 1.71961233e-01
523 2 1.04719755e+00 1.71457759e-01
524 2 1.04719755e+00 1.71316701e-01
525 2 1.04719755e+00 1.72128113e-01
526 2 1.04719755e+00 1.71987418e-01
527 2 1.04719755e+00 1.71596312e-01
528 2 1.04719755e+00 1.72176219e-01
529 2 1.04719755e+00 1.72312454e-01
530 2 1.04719755e+00 1.71339569e-01
531 2 1.04719755e+00 1.71886639e-01
532 2 1.04719755e+00 1.72377170e-01
533 2 1.04719755e+00 1.72666451e-01
534 2 1.04719755e+00 1.72836090e-01
535 2 1.04719755e+00 1.71447490e-01
536 2 1.04719755e+00 1.73302941e-01
537 2 1.04719755e+00 1.72675552e-01
538 2 1.04719755e+00 1.71437628e-01
539 2 1.04719755e+00 1.72466809e-01
540 2 1.04719755e+00 1.71926483e-01
541 2 1.04719755e+00 1.72026992e-01
542 2 1.04719755e+00 1.72391553e-01
543 2 1.04719755e+00 1.71652485e-01
544 2 1.04719755e+00 1.71563545e-01
545 2 1.04719755e+00 1.71507599e-01
546 2 1.04719755e+00 1.72324219e-01
547 2 1.04719755e+00 1.72373507e-01
548 2 1.04719755e+00 1.72027428e-01
549 2 1.04719755e+00 1.72197648e-01
550 2 1.04719755e+00 1.71490197e-01
551 2 1.04719755e+00 1.71559307e-01
552 2 1.04719755e+00 1.71686355e-01
553 2 1.04719755e+00 1.71619586e-01
554 2 1.04719755e+00 1.72127454e-01
555 2 1.04719755e+00 1.71393301e-01
556 2 1.04719755e+00 1.71481398e-01
557 2 1.04719755e+00 1.72066116e-01
558 2 1.04719755e+00 1.71574175e-01
559 2 1.04719755e+00 1.71530085e-01
560 2 1.04719755e+00 1.72777304e-01
561 2 1.04719755e+00 1.71171299e-01
562 2 1.04719755e+00 1.72240612e-01
563 2 1.04719755e+00 1.71847698e-01
564 2 1.04719755e+00 1.71970793e-01
565 2 1.04719755e+00 1.72173472e-01
566 2 1.04719755e+00 1.71659259e-01
567 2 1.04719755e+00 1.72443516e-01
568 2 1.04719755e+00 1.71876884e-01
569 2 1.04719755e+00 1.72377360e-01
570 2 1.04719755e+00 1.72556691e-01
571 2 1.04719755e+00 1.71550206e-01
572 2 1.04719755e+00 1.71417616e-01
573 2 1.04719755e+00 1.70717392e-01
574 2 1.04719755e+00 1.70612530e-01
575 2 1.04719755e+00 1.72419338e-01
576 2 1.04719755e+00 1.71285996e-01
577 2 1.04719755e+00 1.71377612e-01
578 2 1.04719755e+00 1.71831940e-01
579 2 1.04719755e+00 1.71761897e-01
580 2 1.04719755e+00 1.70738643e-01
581 2 1.04719755e+00 1.71440889e-01
582 2 1.04719755e+00 1.71461970e-01
583 2 1.04719755e+00 1.71954394e-01
584 2 1.04719755e+00 1.71358473e-01
585 2 1.04719755e+00 1.71864231e-01
586 2 1.04719755e+00 1.71607910e-01
587 2 1.04719755e+00 1.71813844e-01
588 2 1.04719755e+00 1.70753221e-01
589 2 1.04719755e+00 1.71966074e-01
590 2 1.04719755e+00 1.71680693e-01
591 2 1.04719755e+00 1.72088750e-01
592 2 1.04719755e+00 1.72079545e-01
593 2 1.04719755e+00 1.71681428e-01
594 2 1.04719755e+00 1.71973906e-01
595 2 1.04719755e+00 1.71705413e-01
596 2 1.04719755e+00 1.72794056e-01
597 2 1.04719755e+00 1.72062602e-01
598 2 1.04719755e+00 1.71849407e-01
599 2 1.04719755e+00 1.72011243e-01
600 2 1.04719755e+00 1.72293551e-01
601 2 1.04719755e+00 1.72721819e-01
602 2 1.04719755e+00 1.70765048e-01
603 2 1.04719755e+00 1.71722168e-01
604 2 1.04719755e+00 1.72039162e-01
605 2 1.04719755e+00 1.71952727e-01
606 2 1.04719755e+00 1.71404911e-01
607 2 1.04719755e+00 1.71815473e-01
608 2 1.04719755e+00 1.71922114e-01
609 2 1.04719755e+00 1.70707845e-01
610 2 1.04719755e+00 1.71712570e-01
611 2 1.04719755e+00 1.71637479e-01
612 2 1.04719755e+00 1.72484515e-01
613 2 1.04719755e+00 1.72093686e-01
614 2 1.04719755e+00 1.72444975e-01
615 2 1.04719755e+00 1.71127192e-01
616 2 1.04719755e+00 1.72387007e-01
617 2 1.04719755e+00 1.72252991e-01
618 2 1.04719755e+00 1.71325199e-01
619 2 1.04719755e+00 1.72194437e-01
620 2 1.04719755e+00 1.72073619e-01
621 2 1.04719755e+00 1.72377007e-01
622 2 1.04719755e+00 1.71747593e-01
623 2 1.04719755e+00 1.72055685e-01
624 2 1.04719755e+00 1.71949829e-01
625 2 1.04719755e+00 1.71940682e-01
626 2 1.04719755e+00 1.71597084e-01
627 2 1.04719755e+00 1.72776771e-01
628 2 1.04719755e+00 1.71671345e-01
629 2 1.04719755e+00 1.70980823e-01
630 2 1.04719755e+00 1.71081680e-01
631 2 1.04719755e+00 1.72050060e-01
632 2 1.04719755e+00 1.72120669e-01
633 2 1.04719755e+00 1.70857344e-01
634 2 1.04719755e+00 1.72612062e-01
635 2 1.04719755e+00 1.71097033e-01
636 2 1.04719755e+00 1.71889000e-01
637 2 1.04719755e+00 1.70467512e-01
638 2 1.04719755e+00 1.72210552e-01
639 2 1.04719755e+00 1.71070684e-01
640 2 1.04719755e+00 1.71663104e-01
641 2 1.04719755e+00 1.72313914e-01
642 2 1.04719755e+00 1.71476333e-01
643 2 1.04719755e+00 1.72744971e-01
644 2 1.04719755e+00 1.72830646e-01
645 2 1.04719755e+00 1.71226565e-01
646 2 1.04719755e+00 1.71220501e-01
647 2 1.04719755e+00 1.71340993e-01
648 2 1.04719755e+00 1.71658466e-01
649 2 1.04719755e+00 1.71325435e-01
650 2 1.04719755e+00 1.71428355e-01
651 2 1.04719755e+00 1.71509923e-01
652 2 1.04719755e+00 1.71405964e-01
653 2 1.04719755e+00 1.72642127e-01
654 2 1.04719755e+00 1.70823808e-01
655 2 1.04719755e+00 1.72063680e-01
656 2 1.04719755e+00 1.71156395e-01
657 2 1.04719755e+00 1.72031600e-01
658 2 1.04719755e+00 1.72697516e-01
659 2 1.04719755e+00 1.71541489e-01
660 2 1.04719755e+00 1.70860301e-01
661 2 1.04719755e+00 1.71577575e-01
662 2 1.04719755e+00 1.72061598e-01
663 2 1.04719755e+00 1.71899782e-01
664 2 1.04719755e+00 1.71945827e-01
665 2 1.04719755e+00 1.71197437e-01
666 2 1.04719755e+00 1.71552291e-01
667 2 1.04719755e+00 1.71613408e-01
668 2 1.04719755e+00 1.71492546e-01
669 2 1.04719755e+00 1.71206488e-01
670 2 1.04719755e+00 1.71624060e-01
671 2 1.04719755e+00 1.72251345e-01
672 2 1.04719755e+00 1.71983669e-01
673 2 1.04719755e+00 1.72710979e-01
674 2 1.04719755e+00 1.71301580e-01
675 2 1.04719755e+00 1.70943522e-01
676 2 1.04719755e+00 1.70825731e-01
677 2 1.04719755e+00 1.72478224e-01
678 2 1.04719755e+00 1.72403039e-01
679 2 1.04719755e+00 1.71361052e-01
680 2 1.04719755e+00 1.72488460e-01
681 2 1.04719755e+00 1.71666621e-01
682 2 1.04719755e+00 1.71660172e-01
683 2 1.04719755e+00 1.71180667e-01
684 2 1.04719755e+00 1.71945690e-01
685 2 1.04719755e+00 1.71543018e-01
686 2 1.04719755e+00 1.72018879e-01
687 2 1.04719755e+00 1.72163466e-01
688 2 1.04719755e+00 1.71553913e-01
689 2 1.04719755e+00 1.71656439e-01
690 2 1.04719755e+00 1.71545421e-01
691 2 1.04719755e+00 1.71702212e-01
692 2 1.04719755e+00 1.71904840e-01
693 2 1.04719755e+00 1.71473273e-01
694 2 1.04719755e+00 1.70540809e-01
695 2 1.04719755e+00 1.71505110e-01
696 2 1.04719755e+00 1.71667652e-01
697 2 1.04719755e+00 1.72622281e-01
698 2 1.04719755e+00 1.72357746e-01
699 2 1.04719755e+00 1.72059032e-01
700 2 1.04719755e+00 1.72029353e-01
701 2 1.04719755e+00 1.73102027e-01
702 2 1.04719755e+00 1.71187547e-01
703 2 1.04719755e+00 1.72671098e-01
704 2 1.04719755e+00 1.71196866e-01
705 2 1.04719755e+00 1.72099695e-01
706 2 1.04719755e+00 1.72105995e-01
707 2 1.04719755e+00 1.71001617e-01
708 2 1.04719755e+00 1.72181761e-01
709 2 1.04719755e+00 1.71999643e-01
710 2 1.04719755e+00 1.71912764e-01
711 2 1.04719755e+00 1.72509909e-01
712 2 1.04719755e+00 1.72537669e-01
713 2 1.04719755e+00 1.71746142e-01
714 2 1.04719755e+00 1.71096084e-01
715 2 1.04719755e+00 1.71741962e-01
716 2 1.04719755e+00 1.71952922e-01
717 2 1.04719755e+00 1.70991810e-01
718 2 1.04719755e+00 1.71348148e-01
719 2 1.04719755e+00 1.70733825e-01
720 2 1.04719755e+00 1.71643234e-01
721 2 1.04719755e+00 1.73120203e-01
722 2 1.04719755e+00 1.71626030e-01
723 2 1.04719755e+00 1.71816085e-01
724 2 1.04719755e+00 1.71877480e-01
725 2 1.04719755e+00 1.70883114e-01
726 2 1.04719755e+00 1.72302573e-01
727 2 1.04719755e+00 1.71394552e-01
728 2 1.04719755e+00 1.72132703e-01
729 2 1.04719755e+00 1.72496556e-01
730 2 1.04719755e+00 1.71173206e-01
731 2 1.04719755e+00 1.71958032e-01
732 2 1.04719755e+00 1.71663385e-01
733 2 1.04719755e+00 1.72458692e-01
734 2 1.04719755e+00 1.71423045e-01
735 2 1.04719755e+00 1.71945589e-01
736 2 1.04719755e+00 1.71508568e-01
737 2 1.04719755e+00 1.71953181e-01
738 2 1.04719755e+00 1.72236531e-01
739 2 1.04719755e+00 1.71678434e-01
740 2 1.04719755e+00 1.71358998e-01
741 2 1.04719755e+00 1.71718436e-01
742 2 1.04719755e+00 1.71142340e-01
743 2 1.04719755e+00 1.72624378e-01
744 2 1.04719755e+00 1.72301312e-01
745 2 1.04719755e+00 1.71951844e-01
746 2 1.04719755e+00 1.71494382e-01
747 2 1.04719755e+00 1.72351161e-01
748 2 1.04719755e+00 1.71857375e-01
749 2 1.04719755e+00 1.72481405e-01
750 2 1.04719755e+00 1.71459520e-01
751 2 1.04719755e+00 1.72794186e-01
752 2 1.04719755e+00 1.72291393e-01
753 2 1.04719755e+00 1.72591372e-01
754 2 1.04719755e+00 1.71794197e-01
755 2 1.04719755e+00 1.70918775e-01
756 2 1.04719755e+00 1.72085992e-01
757 2 1.04719755e+00 1.71265344e-01
758 2 1.04719755e+00 1.71308061e-01
759 2 1.04719755e+00 1.71819176e-01
760 2 1.04719755e+00 1.71253041e-01
761 2 1.04719755e+00 1.71481056e-01
762 2 1.04719755e+00 1.72391294e-01
763 2 1.04719755e+00 1.71815478e-01
764 2 1.04719755e+00 1.72250689e-01
765 2 1.04719755e+00 1.72329122e-01
766 2 1.04719755e+00 1.71044089e-01
767 2 1.04719755e+00 1.71776517e-01
768 2 1.04719755e+00 1.71717153e-01
769 2 1.04719755e+00 1.72245348e-01
770 2 1.04719755e+00 1.72471996e-01
771 2 1.04719755e+00 1.72831799e-01
772 2 1.04719755e+00 1.71670111e-01
773 2 1.04719755e+00 1.71607311e-01
774 2 1.04719755e+00 1.71856335e-01
775 2 1.04719755e+00 1.71910545e-01
776 2 1.04719755e+00 1.72223681e-01
777 2 1.04719755e+00 1.72049623e-01
778 2 1.04719755e+00 1.71984207e-01
779 2 1.04719755e+00 1.72233207e-01
780 2 1.04719755e+00 1.72256897e-01
781 2 1.04719755e+00 1.72194214e-01
782 2 1.04719755e+00 1.72192353e-01
783 2 1.04719755e+00 1.70937375e-01
784 2 1.04719755e+00 1.71294410e-01
785 2 1.04719755e+00 1.71706056e-01
786 2 1.04719755e+00 1.72104313e-01
787 2 1.04719755e+00 1.71068607e-01
788 2 1.04719755e+00 1.71288064e-01
789 2 1.04719755e+00 1.71083493e-01
790 2 1.04719755e+00 1.71361216e-01
791 2 1.04719755e+00 1.71592424e-01
792 2 1.04719755e+00 1.71604980e-01
793 2 1.04719755e+00 1.71370704e-01
794 2 1.04719755e+00 1.71995730e-01
795 2 1.04719755e+00 1.72435129e-01
796 2 1.04719755e+00 1.71087650e-01
797 2 1.04719755e+00 1.71110796e-01
798 2 1.04719755e+00 1.71248784e-01
799 2 1.04719755e+00 1.71557644e-01
800 2 1.04719755e+00 1.72556494e-01
801 2 1.04719755e+00 1.72160461e-01
802 2 1.04719755e+00 1.72713149e-01
803 2 1.04719755e+00 1.72494298e-01
804 2 1.04719755e+00 1.72072940e-01
805 2 1.04719755e+00 1.71758718e-01
806 2 1.04719755e+00 1.72532581e-01
807 2 1.04719755e+00 1.71892306e-01
808 2 1.04719755e+00 1.72025300e-01
809 2 1.04719755e+00 1.71705043e-01
810 2 1.04719755e+00 1.71978189e-01
811 2 1.04719755e+00 1.71277732e-01
812 2 1.04719755e+00 1.70959235e-01
813 2 1.04719755e+00 1.73104515e-01
814 2 1.04719755e+00 1.71588173e-01
815 2 1.04719755e+00 1.72010037e-01
816 2 1.04719755e+00 1.72051632e-01
817 2 1.04719755e+00 1.72535192e-01
818 2 1.04719755e+00 1.70944394e-01
819 2 1.04719755e+00 1.72116184e-01
820 2 1.04719755e+00 1.71876692e-01
821 2 1.04719755e+00 1.71149946e-01
822 2 1.04719755e+00 1.71723869e-01
823 2 1.04719755e+00 1.71692934e-01
824 2 1.04719755e+00 1.71567712e-01
825 2 1.04719755e+00 1.71401293e-01
826 2 1.04719755e+00 1.71778930e-01
827 2 1.04719755e+00 1.71820955e-01
828 2 1.04719755e+00 1.71959806e-01
829 2 1.04719755e+00 1.71565836e-01
830 2 1.04719755e+00 1.71206603e-01
831 2 1.04719755e+00 1.71577273e-01
832 2 1.04719755e+00 1.72453700e-01
833 2 1.04719755e+00 1.72939620e-01
834 2 1.04719755e+00 1.71737857e-01
835 2 1.04719755e+00 1.72346565e-01
836 2 1.04719755e+00 1.71620168e-01
837 2 1.04719755e+00 1.72633440e-01
838 2 1.04719755e+00 1.72287090e-01
839 2 1.04719755e+00 1.71708872e-01
840 2 1.04719755e+00 1.71508734e-01
841 2 1.04719755e+00 1.71251976e-01
842 2 1.04719755e+00 1.71331167e-01
843 2 1.04719755e+00 1.72538292e-01
844 2 1.04719755e+00 1.72630772e-01
845 2 1.04719755e+00 1.71727292e-01
846 2 1.04719755e+00 1.71194134e-01
847 2 1.04719755e+00 1.72208630e-01
848 2 1.04719755e+00 1.71527446e-01
849 2 1.04719755e+00 1.71318788e-01
850 2 1.04719755e+00 1.70774499e-01
851 2 1.04719755e+00 1.71054485e-01
852 2 1.04719755e+00 1.72742778e-01
853 2 1.04719755e+00 1.71851436e-01
854 2 1.04719755e+00 1.71326489e-01
855 2 1.04719755e+00 1.71653526e-01
856 2 1.04719755e+00 1.72178969e-01
857 2 1.04719755e+00 1.72023942e-01
858 2 1.04719755e+00 1.72464065e-01
859 2 1.04719755e+00 1.72456782e-01
860 2 1.04719755e+00 1.71420386e-01
861 2 1.04719755e+00 1.70695611e-01
862 2 1.04719755e+00 1.72372553e-01
863 2 1.04719755e+00 1.72166916e-01
864 2 1.04719755e+00 1.71435907e-01
865 2 1.04719755e+00 1.70944868e-01
866 2 1.04719755e+00 1.72424119e-01
867 2 1.04719755e+00 1.70986211e-01
868 2 1.04719755e+00 1.71749371e-01
869 2 1.04719755e+00 1.71898557e-01
870 2 1.04719755e+00 1.70679262e-01
871 2 1.04719755e+00 1.71046670e-01
872 2 1.04719755e+00 1.71850863e-01
873 2 1.04719755e+00 1.71197127e-01
874 2 1.04719755e+00 1.71546253e-01
875 2 1.04719755e+00 1.71985147e-01
876 2 1.04719755e+00 1.72107674e-01
877 2 1.04719755e+00 1.71558786e-01
878 2 1.04719755e+00 1.71254508e-01
879 2 1.04719755e+00 1.71269559e-01
880 2 1.04719755e+00 1.72739822e-01
881 2 1.04719755e+00 1.71984742e-01
882 2 1.04719755e+00 1.71715356e-01
883 2 1.04719755e+00 1.71488953e-01
884 2 1.04719755e+00 1.70856711e-01
885 2 1.04719755e+00 1.71675804e-01
886 2 1.04719755e+00 1.71256257e-01
887 2 1.04719755e+00 1.73251616e-01
888 2 1.04719755e+00 1.70760390e-01
889 2 1.04719755e+00 1.72265699e-01
890 2 1.04719755e+00 1.71948804e-01
891 2 1.04719755e+00 1.72563796e-01
892 2 1.04719755e+00 1.71765443e-01
893 2 1.04719755e+00 1.71789003e-01
894 2 1.04719755e+00 1.72166526e-01
895 2 1.04719755e+00 1.71553835e-01
896 2 1.04719755e+00 1.71144017e-01
897 2 1.04719755e+00 1.71763818e-01
898 2 1.04719755e+00 1.71517382e-01
899 2 1.04719755e+00 1.71848607e-01
900 2 1.04719755e+00 1.71498372e-01
901 2 1.04719755e+00 1.71507450e-01
902 2 1.04719755e+00 1.72114813e-01
903 2 1.04719755e+00 1.72418784e-01
904 2 1.04719755e+00 1.72901237e-01
905 2 1.04719755e+00 1.72090589e-01
906 2 1.04719755e+00 1.72091182e-01
907 2 1.04719755e+00 1.71610231e-01
908 2 1.04719755e+00 1.71411161e-01
909 2 1.04719755e+00 1.72377039e-01
910 2 1.04719755e+00 1.71711237e-01
911 2 1.04719755e+00 1.72108714e-01
912 2 1.04719755e+00 1.72494337e-01
913 2 1.04719755e+00 1.72061848e-01
914 2 1.04719755e+00 1.71628372e-01
915 2 1.04719755e+00 1.72399921e-01
916 2 1.04719755e+00 1.71679604e-01
917 2 1.04719755e+00 1.71854363e-01
918 2 1.04719755e+00 1.71621524e-01
919 2 1.04719755e+00 1.71662438e-01
920 2 1.04719755e+00 1.72309732e-01
921 2 1.04719755e+00 1.71564260e-01
922 2 1.04719755e+00 1.71745091e-01
923 2 1.04719755e+00 1.71209238e-01
924 2 1.04719755e+00 1.71622071e-01
925 2 1.04719755e+00 1.71712678e-01
926 2 1.04719755e+00 1.72374295e-01
927 2 1.04719755e+00 1.71835166e-01
928 2 1.04719755e+00 1.71828709e-01
929 2 1.04719755e+00 1.72371277e-01
930 2 1.04719755e+00 1.71900245e-01
931 2 1.04719755e+00 1.71565021e-01
932 2 1.04719755e+00 1.72660609e-01
933 2 1.04719755e+00 1.71413595e-01
934 2 1.04719755e+00 1.71604962e-01
935 2 1.04719755e+00 1.72080806e-01
936 2 1.04719755e+00 1.71883721e-01
937 2 1.04719755e+00 1.72601802e-01
938 2 1.04719755e+00 1.72200622e-01
939 2 1.04719755e+00 1.71676262e-01
940 2 1.04719755e+00 1.72043971e-01
941 2 1.04719755e+00 1.72387537e-01
942 2 1.04719755e+00 1.73199554e-01
943 2 1.04719755e+00 1.71393880e-01
944 2 1.04719755e+00 1.71353843e-01
945 2 1.04719755e+00 1.71293816e-01
946 2 1.04719755e+00 1.72212172e-01
947 2 1.04719755e+00 1.72023142e-01
948 2 1.04719755e+00 1.72375562e-01
949 2 1.04719755e+00 1.71596198e-01
950 2 1.04719755e+00 1.71709232e-01
951 2 1.04719755e+00 1.72136614e-01
952 2 1.04719755e+00 1.72038946e-01
953 2 1.04719755e+00 1.73038012e-01
954 2 1.04719755e+00 1.71396378e-01
955 2 1.04719755e+00 1.72474605e-01
956 2 1.04719755e+00 1.72407685e-01
957 2 1.04719755e+00 1.72046148e-01
958 2 1.04719755e+00 1.71885448e-01
959 2 1.04719755e+00 1.71392631e-01
960 2 1.04719755e+00 1.70858800e-01
961 2 1.04719755e+00 1.71858156e-01
962 2 1.04719755e+00 1.72037868e-01
963 2 1.04719755e+00 1.71750393e-01
964 2 1.04719755e+00 1.72314557e-01
965 2 1.04719755e+00 1.72472014e-01
966 2 1.04719755e+00 1.72146221e-01
967 2 1.04719755e+00 1.71728420e-01
968 2 1.04719755e+00 1.72273997e-01
969 2 1.04719755e+00 1.71761001e-01
970 2 1.04719755e+00 1.71547483e-01
971 2 1.04719755e+00 1.71810394e-01
972 2 1.04719755e+00 1.71179150e-01
973 2 1.04719755e+00 1.71428391e-01
974 2 1.04719755e+00 1.71907644e-01
975 2 1.04719755e+00 1.72193301e-01
976 2 1.04719755e+00 1.72338768e-01
977 2 1.04719755e+00 1.72765673e-01
978 2 1.04719755e+00 1.71355205e-01
979 2 1.04719755e+00 1.71541581e-01
980 2 1.04719755e+00 1.70844153e-01
981 2 1.04719755e+00 1.71087327e-01
982 2 1.04719755e+00 1.72057394e-01
983 2 1.04719755e+00 1.71949294e-01
984 2 1.04719755e+00 1.72154751e-01
985 2 1.04719755e+00 1.71914005e-01
986 2 1.04719755e+00 1.72529728e-01
987 2 1.04719755e+00 1.72346269e-01
988 2 1.04719755e+00 1.72183804e-01
989 2 1.04719755e+00 1.72722276e-01
990 2 1.04719755e+00 1.71210081e-01
991 2 1.04719755e+00 1.71885208e-01
992 2 1.04719755e+00 1.71325080e-01
993 2 1.04719755e+00 1.72238777e-01
994 2 1.04719755e+00 1.71476356e-01
995 2 1.04719755e+00 1.71601732e-01
996 2 1.04719755e+00 1.71681266e-01
997 2 1.04719755e+00 1.71461567e-01
998 2 1.04719755e+00 1.72625561e-01
999 2 1.04719755e+00 1.71533609e-01
1000 2 1.04719755e+00 1.71708064e-01
1001 2 1.04719755e+00 1.71065328e-01
1002 2 1.04719755e+00 1.71450885e-01
1003 2 1.04719755e+00 1.72022999e-01
1004 2 1.04719755e+00 1.73152625e-01
1005 2 1.04719755e+00 1.71611826e-01
1006 2 1.04719755e+00 1.71727657e-01
1007 2 1.04719755e+00 1.71508497e-01
1008 2 1.04719755e+00 1.70223489e-01
1009 2 1.04719755e+00 1.72121695e-01
1010 2 1.04719755e+00 1.71621816e-01
1011 2 1.04719755e+00 1.72969620e-01
1012 2 1.04719755e+00 1.71788529e-01
0 3 1.57079633e+00 2.41167814e-01
1 3 1.57079633e+00 2.41240074e-01
2 3 1.57079633e+00 2.41332878e-01
3 3 1.57079633e+00 2.40023293e-01
4 3 1.57079633e+00 2.40991942e-01
5 3 1.57079633e+00 2.40141102e-01
6 3 1.57079633e+00 2.41045994e-01
7 3 1.57079633e+00 2.41370263e-01
8 3 1.57079633e+00 2.40635380e-01
9 3 1.57079633e+00 2.41141967e-01
10 3 1.57079633e+00 2.39664462e-01
11 3 1.57079633e+00 2.40616782e-01
12 3 1.57079633e+00 2.42005401e-01
13 3 1.57079633e+00 2.41835921e-01
14 3 1.57079633e+00 2.42310313e-01
15 3 1.57079633e+00 2.41343535e-01
16 3 1.57079633e+00 2.41454675e-01
17 3 1.57079633e+00 2.40484470e-01
18 3 1.57079633e+00 2.40282191e-01
19 3 1.57079633e+00 2.40717122e-01
20 3 1.57079633e+00 2.40629513e-01
21 3 1.57079633e+00 2.40825030e-01
22 3 1.57079633e+00 2.40295516e-01
23 3 1.57079633e+00 2.40075972e-01
24 3 1.57079633e+00 2.40862900e-01
25 3 1.57079633e+00 2.39937121e-01
26 3 1.57079633e+00 2.40697331e-01
27 3 1.57079633e+00 2.39791784e-01
28 3 1.57079633e+00 2.41400685e-01
29 3 1.57079633e+00 2.39661654e-01
30 3 1.57079633e+00 2.39146883e-01
31 3 1.57079633e+00 2.40184619e-01
32 3 1.57079633e+00 2.41241661e-01
33 3 1.57079633e+00 2.39945564e-01
34 3 1.57079633e+00 2.39530287e-01
35 3 1.57079633e+00 2.40802682e-01
36 3 1.57079633e+00 2.40811762e-01
37 3 1.57079633e+00 2.40655760e-01
38 3 1.57079633e+00 2.41470196e-01
39 3 1.57079633e+00 2.40673212e-01
40 3 1.57079633e+00 2.40828078e-01
41 3 1.57079633e+00 2.40220030e-01
42 3 1.57079633e+00 2.40480918e-01
43 3 1.57079633e+00 2.40926286e-01
44 3 1.57079633e+00 2.41335977e-01
45 3 1.57079633e+00 2.40875548e-01
46 3 1.57079633e+00 2.40709696e-01
47 3 1.57079633e+00 2.40206581e-01
48 3 1.57079633e+00 2.40960328e-01
49 3 1.57079633e+00 2.38781447e-01
50 3 1.57079633e+00 2.41246943e-01
51 3 1.57079633e+00 2.40668104e-01
52 3 1.57079633e+00 2.40815474e-01
53 3 1.57079633e+00 2.40710423e-01
54 3 1.57079633e+00 2.41117439e-01
55 3 1.57079633e+00 2.40052228e-01
56 3 1.57079633e+00 2.40977194e-01
57 3 1.57079633e+00 2.39866209e-01
58 3 1.57079633e+00 2.40910802e-01
59 3 1.57079633e+00 2.40549135e-01
60 3 1.57079633e+00 2.40606108e-01
61 3 1.57079633e+00 2.40014716e-01
62 3 1.57079633e+00 2.40506437e-01
63 3 1.57079633e+00 2.39515004e-01
64 3 1.57079633e+00 2.40933087e-01
65 3 1.57079633e+00 2.41978738e-01
66 3 1.57079633e+00 2.39881220e-01
67 3 1.57079633e+00 2.40213664e-01
68 3 1.57079633e+00 2.41080567e-01
69 3 1.57079633e+00 2.40165088e-01
70 3 1.57079633e+00 2.40791527e-01
71 3 1.57079633e+00 2.40296514e-01
72 3 1.57079633e+00 2.41253643e-01
73 3 1.57079633e+00 2.41258756e-01
74 3 1.57079633e+00 2.38899511e-01
75 3 1.57079633e+00 2.38690898e-01
76 3 1.57079633e+00 2.40239475e-01
77 3 1.57079633e+00 2.41095231e-01
78 3 1.57079633e+00 2.40948039e-01
79 3 1.57079633e+00 2.41699766e-01
80 3 1.57079633e+00 2.40334491e-01
81 3 1.57079633e+00 2.41029614e-01
82 3 1.57079633e+00 2.41410005e-01
83 3 1.57079633e+00 2.40210572e-01
84 3 1.57079633e+00 2.40911407e-01
85 3 1.57079633e+00 2.42042879e-01
86 3 1.57079633e+00 2.39483150e-01
87 3 1.57079633e+00 2.39541520e-01
88 3 1.57079633e+00 2.40228988e-01
89 3 1.57079633e+00 2.40272524e-01
90 3 1.57079633e+00 2.39997930e-01
91 3 1.57079633e+00 2.41475979e-01
92 3 1.57079633e+00 2.40315358e-01
93 3 1.57079633e+00 2.41032265e-01
94 3 1.57079633e+00 2.40400350e-01
95 3 1.57079633e+00 2.40280254e-01
96 3 1.57079633e+00 2.41299184e-01
97 3 1.57079633e+00 2.40963475e-01
98 3 1.57079633e+00 2.41225803e-01
99 3 1.57079633e+00 2.42215238e-01
100 3 1.57079633e+00 2.39607050e-01
101 3 1.57079633e+00 2.40340303e-01
102 3 1.57079633e+00 2.41247755e-01
103 3 1.57079633e+00 2.39761936e-01
104 3 1.57079633e+00 2.40913170e-01
105 3 1.57079633e+00 2.39200190e-01
106 3 1.57079633e+00 2.41326502e-01
107 3 1.57079633e+00 2.41438128e-01
108 3 1.57079633e+00 2.39525508e-01
109 3 1.57079633e+00 2.40137215e-01
110 3 1.57079633e+00 2.39132917e-01
111 3 1.57079633e+00 2.40600612e-01
112 3 1.57079633e+00 2.39489569e-01
113 3 1.57079633e+00 2.39851103e-01
114 3 1.57079633e+00 2.42071585e-01
115 3 1.57079633e+00 2.40979709e-01
116 3 1.57079633e+00 2.41132574e-01
117 3 1.57079633e+00 2.41451353e-01
118 3 1.57079633e+00 2.41103613e-01
119 3 1.57079633e+00 2.40540713e-01
120 3 1.57079633e+00 2.41043837e-01
121 3 1.57079633e+00 2.39617956e-01
122 3 1.57079633e+00 2.39832419e-01
123 3 1.57079633e+00 2.39547278e-01
124 3 1.57079633e+00 2.41193728e-01
125 3 1.57079633e+00 2.41422143e-01
126 3 1.57079633e+00 2.41477764e-01
127 3 1.57079633e+00 2.41753761e-01
128 3 1.57079633e+00 2.39557859e-01
129 3 1.57079633e+00 2.41389558e-01
130 3 1.57079633e+00 2.41373293e-01
131 3 1.57079633e+00 2.38357021e-01
132 3 1.57079633e+00 2.40382982e-01
133 3 1.57079633e+00 2.40503318e-01
134 3 1.57079633e+00 2.41624767e-01
135 3 1.57079633e+00 2.40901591e-01
136 3 1.57079633e+00 2.40784057e-01
137 3 1.57079633e+00 2.40149904e-01
138 3 1.57079633e+00 2.40010820e-01
139 3 1.57079633e+00 2.40001106e-01
140 3 1.57079633e+00 2.40843001e-01
141 3 1.57079633e+00 2.41469007e-01
142 3 1.57079633e+00 2.40045512e-01
143 3 1.57079633e+00 2.41974642e-01
144 3 1.57079633e+00 2.39772110e-01
145 3 1.57079633e+00 2.39719996e-01
146 3 1.57079633e+00 2.40562086e-01
147 3 1.57079633e+00 2.39727828e-01
148 3 1.57079633e+00 2.40329757e-01
149 3 1.57079633e+00 2.41182766e-01
150 3 1.57079633e+00 2.40687039e-01
151 3 1.57079633e+00 2.39296449e-01
152 3 1.57079633e+00 2.39832785e-01
153 3 1.57079633e+00 2.42314861e-01
154 3 1.57079633e+00 2.40925241e-01
155 3 1.57079633e+00 2.40737576e-01
156 3 1.57079633e+00 2.40694423e-01
157 3 1.57079633e+00 2.41533478e-01
158 3 1.57079633e+00 2.40312621e-01
159 3 1.57079633e+00 2.41355721e-01
160 3 1.57079633e+00 2.40653996e-01
161 3 1.57079633e+00 2.40847218e-01
162 3 1.57079633e+00 2.40777458e-01
163 3 1.57079633e+00 2.41167817e-01
164 3 1.57079633e+00 2.41006269e-01
165 3 1.57079633e+00 2.40992668e-01
166 3 1.57079633e+00 2.41260693e-01
167 3 1.57079633e+00 2.40252702e-01
168 3 1.57079633e+00 2.40982316e-01
169 3 1.57079633e+00 2.41056514e-01
170 3 1.57079633e+00 2.40474459e-01
171 3 1.57079633e+00 2.41908750e-01
172 3 1.57079633e+00 2.42258770e-01
173 3 1.57079633e+00 2.40378018e-01
174 3 1.57079633e+00 2.41014495e-01
175 3 1.57079633e+00 2.41312498e-01
176 3 1.57079633e+00 2.41777005e-01
177 3 1.57079633e+00 2.41545082e-01
178 3 1.57079633e+00 2.39641740e-01
179 3 1.57079633e+00 2.39746369e-01
180 3 1.57079633e+00 2.39898536e-01
181 3 1.57079633e+00 2.40703425e-01
182 3 1.57079633e+00 2.38430183e-01
183 3 1.57079633e+00 2.41502172e-01
184 3 1.57079633e+00 2.39867918e-01
185 3 1.57079633e+00 2.39938789e-01
186 3 1.57079633e+00 2.38830348e-01
187 3 1.57079633e+00 2.40604998e-01
188 3 1.57079633e+00 2.40128142e-01
189 3 1.57079633e+00 2.40286904e-01
190 3 1.57079633e+00 2.41633676e-01
191 3 1.57079633e+00 2.41358786e-01
192 3 1.57079633e+00 2.42257192e-01
193 3 1.57079633e+00 2.40562668e-01
194 3 1.57079633e+00 2.39446704e-01
195 3 1.57079633e+00 2.40238690e-01
196 3 1.57079633e+00 2.40722902e-01
197 3 1.57079633e+00 2.40093541e-01
198 3 1.57079633e+00 2.40066392e-01
199 3 1.57079633e+00 2.41027975e-01
200 3 1.57079633e+00 2.39854547e-01
201 3 1.57079633e+00 2.41500867e-01
202 3 1.57079633e+00 2.40623924e-01
203 3 1.57079633e+00 2.40349809e-01
204 3 1.57079633e+00 2.39892812e-01
205 3 1.57079633e+00 2.41537547e-01
206 3 1.57079633e+00 2.40654599e-01
207 3 1.57079633e+00 2.39297281e-01
208 3 1.57079633e+00 2.39749757e-01
209 3 1.57079633e+00 2.38921555e-01
210 3 1.57079633e+00 2.38892907e-01
211 3 1.57079633e+00 2.41362733e-01
212 3 1.57079633e+00 2.41400427e-01
213 3 1.57079633e+00 2.39910729e-01
214 3 1.57079633e+00 2.41570516e-01
215 3 1.57079633e+00 2.40599218e-01
216 3 1.57079633e+00 2.39575789e-01
217 3 1.57079633e+00 2.41419180e-01
218 3 1.57079633e+00 2.40793117e-01
219 3 1.57079633e+00 2.41077592e-01
220 3 1.57079633e+00 2.41288999e-01
221 3 1.57079633e+00 2.40768649e-01
222 3 1.57079633e+00 2.40875366e-01
223 3 1.57079633e+00 2.40557213e-01
224 3 1.57079633e+00 2.40563900e-01
225 3 1.57079633e+00 2.40546076e-01
226 3 1.57079633e+00 2.40804340e-01
227 3 1.57079633e+00 2.40447701e-01
228 3 1.57079633e+00 2.41253224e-01
229 3 1.57079633e+00 2.38961942e-01
230 3 1.57079633e+00 2.40916789e-01
231 3 1.57079633e+00 2.39703463e-01
232 3 1.57079633e+00 2.39690953e-01
233 3 1.57079633e+00 2.40184948e-01
234 3 1.57079633e+00 2.40571968e-01
235 3 1.57079633e+00 2.39214144e-01
236 3 1.57079633e+00 2.41229842e-01
237 3 1.57079633e+00 2.40551487e-01
238 3 1.57079633e+00 2.40999224e-01
239 3 1.57079633e+00 2.41927762e-01
240 3 1.57079633e+00 2.40685041e-01
241 3 1.57079633e+00 2.41370003e-01
242 3 1.57079633e+00 2.40996919e-01
243 3 1.57079633e+00 2.41843364e-01
244 3 1.57079633e+00 2.40231898e-01
245 3 1.57079633e+00 2.42107069e-01
246 3 1.57079633e+00 2.41544507e-01
247 3 1.57079633e+00 2.38751613e-01
248 3 1.57079633e+00 2.40701412e-01
249 3 1.57079633e+00 2.41351633e-01
250 3 1.57079633e+00 2.41081415e-01
251 3 1.57079633e+00 2.39414550e-01
252 3 1.57079633e+00 2.42045937e-01
253 3 1.57079633e+00 2.40987597e-01
254 3 1.57079633e+00 2.40186031e-01
255 3 1.57079633e+00 2.41294077e-01
256 3 1.57079633e+00 2.39890721e-01
257 3 1.57079633e+00 2.39732656e-01
258 3 1.57079633e+00 2.39391338e-01
259 3 1.57079633e+00 2.41009074e-01
260 3 1.57079633e+00 2.40699618e-01
261 3 1.57079633e+00 2.41519592e-01
262 3 1.57079633e+00 2.39666891e-01
263 3 1.57079633e+00 2.40549716e-01
264 3 1.57079633e+00 2.40496564e-01
265 3 1.57079633e+00 2.40853251e-01
266 3 1.57079633e+00 2.40593906e-01
267 3 1.57079633e+00 2.40183166e-01
268 3 1.57079633e+00 2.41010052e-01
269 3 1.57079633e+00 2.39101254e-01
270 3 1.57079633e+00 2.40958266e-01
271 3 1.57079633e+00 2.41245010e-01
272 3 1.57079633e+00 2.39470453e-01
273 3 1.57079633e+00 2.40063083e-01
274 3 1.57079633e+00 2.40503860e-01
275 3 1.57079633e+00 2.39238974e-01
276 3 1.57079633e+00 2.39831064e-01
277 3 1.57079633e+00 2.40135005e-01
278 3 1.57079633e+00 2.41589084e-01
279 3 1.57079633e+00 2.40639120e-01
280 3 1.57079633e+00 2.40784902e-01
281 3 1.57079633e+00 2.40092682e-01
282 3 1.57079633e+00 2.40331019e-01
283 3 1.57079633e+00 2.41527963e-01
284 3 1.57079633e+00 2.42363505e-01
285 3 1.57079633e+00 2.41190622e-01
286 3 1.57079633e+00 2.40737217e-01
287 3 1.57079633e+00 2.40279662e-01
288 3 1.57079633e+00 2.40326074e-01
289 3 1.57079633e+00 2.39414037e-01
290 3 1.57079633e+00 2.40379079e-01
291 3 1.57079633e+00 2.40780921e-01
292 3 1.57079633e+00 2.40395721e-01
293 3 1.57079633e+00 2.39856572e-01
294 3 1.57079633e+00 2.41869082e-01
295 3 1.57079633e+00 2.41854079e-01
296 3 1.57079633e+00 2.40058350e-01
297 3 1.57079633e+00 2.41406006e-01
298 3 1.57079633e+00 2.40209661e-01
299 3 1.57079633e+00 2.41060402e-01
300 3 1.57079633e+00 2.41766056e-01
301 3 1.57079633e+00 2.39909349e-01
302 3 1.57079633e+00 2.40125756e-01
303 3 1.57079633e+00 2.41580027e-01
304 3 1.57079633e+00 2.42031393e-01
305 3 1.57079633e+00 2.40528576e-01
306 3 1.57079633e+00 2.40378053e-01
307 3 1.57079633e+00 2.40299280e-01
308 3 1.57079633e+00 2.39457965e-01
309 3 1.57079633e+00 2.40432761e-01
310 3 1.57079633e+00 2.41750215e-01
311 3 1.57079633e+00 2.41641176e-01
312 3 1.57079633e+00 2.41852168e-01
313 3 1.57079633e+00 2.39955246e-01
314 3 1.57079633e+00 2.39172243e-01
315 3 1.57079633e+00 2.39575492e-01
316 3 1.57079633e+00 2.40559684e-01
317 3 1.57079633e+00 2.40719412e-01
318 3 1.57079633e+00 2.40484911e-01
319 3 1.57079633e+00 2.40912421e-01
320 3 1.57079633e+00 2.40246231e-01
321 3 1.57079633e+00 2.39748880e-01
322 3 1.57079633e+00 2.39885359e-01
323 3 1.57079633e+00 2.39734899e-01
324 3 1.57079633e+00 2.40437192e-01
325 3 1.57079633e+00 2.40499709e-01
326 3 1.57079633e+00 2.39532549e-01
327 3 1.57079633e+00 2.39544501e-01
328 3 1.57079633e+00 2.39960872e-01
329 3 1.57079633e+00 2.39776292e-01
330 3 1.57079633e+00 2.40961462e-01
331 3 1.57079633e+00 2.39066041e-01
332 3 1.57079633e+00 2.40394670e-01
333 3 1.57079633e+00 2.40145470e-01
334 3 1.57079633e+00 2.39480332e-01
335 3 1.57079633e+00 2.40287174e-01
336 3 1.57079633e+00 2.40757759e-01
337 3 1.57079633e+00 2.40988367e-01
338 3 1.57079633e+00 2.41694718e-01
339 3 1.57079633e+00 2.41248264e-01
340 3 1.57079633e+00 2.41395161e-01
341 3 1.57079633e+00 2.40778932e-01
342 3 1.57079633e+00 2.42246422e-01
343 3 1.57079633e+00 2.41739975e-01
344 3 1.57079633e+00 2.41515820e-01
345 3 1.57079633e+00 2.41184254e-01
346 3 1.57079633e+00 2.40060264e-01
347 3 1.57079633e+00 2.38785505e-01
348 3 1.57079633e+00 2.40695704e-01
349 3 1.57079633e+00 2.39823552e-01
350 3 1.57079633e+00 2.41394467e-01
351 3 1.57079633e+00 2.41353073e-01
352 3 1.57079633e+00 2.39253371e-01
353 3 1.57079633e+00 2.40676776e-01
354 3 1.57079633e+00 2.40264528e-01
355 3 1.57079633e+00 2.42080147e-01
356 3 1.57079633e+00 2.40418425e-01
357 3 1.57079633e+00 2.40063623e-01
358 3 1.57079633e+00 2.41110429e-01
359 3 1.57079633e+00 2.39876682e-01
360 3 1.57079633e+00 2.41469017e-01
361 3 1.57079633e+00 2.41359322e-01
362 3 1.57079633e+00 2.40222995e-01
363 3 1.57079633e+00 2.39837383e-01
364 3 1.57079633e+00 2.40228674e-01
365 3 1.57079633e+00 2.40764751e-01
366 3 1.57079633e+00 2.41180518e-01
367 3 1.57079633e+00 2.40769594e-01
368 3 1.57079633e+00 2.40306539e-01
369 3 1.57079633e+00 2.39814634e-01
370 3 1.57079633e+00 2.40145902e-01
371 3 1.57079633e+00 2.39670415e-01
372 3 1.57079633e+00 2.41091957e-01
373 3 1.57079633e+00 2.40344439e-01
374 3 1.57079633e+00 2.40420241e-01
375 3 1.57079633e+00 2.40286301e-01
376 3 1.57079633e+00 2.40515367e-01
377 3 1.57079633e+00 2.40811997e-01
378 3 1.57079633e+00 2.41240835e-01
379 3 1.57079633e+00 2.40449072e-01
380 3 1.57079633e+00 2.40034276e-01
381 3 1.57079633e+00 2.41222357e-01
382 3 1.57079633e+00 2.40454101e-01
383 3 1.57079633e+00 2.41103977e-01
384 3 1.57079633e+00 2.40527177e-01
385 3 1.57079633e+00 2.40641388e-01
386 3 1.57079633e+00 2.39719487e-01
387 3 1.57079633e+00 2.40430410e-01
388 3 1.57079633e+00 2.40776124e-01
389 3 1.57079633e+00 2.40481370e-01
390 3 1.57079633e+00 2.40093810e-01
391 3 1.57079633e+00 2.38858651e-01
392 3 1.57079633e+00 2.41699658e-01
393 3 1.57079633e+00 2.41020349e-01
394 3 1.57079633e+00 2.42444785e-01
395 3 1.57079633e+00 2.41085043e-01
396 3 1.57079633e+00 2.41782997e-01
397 3 1.57079633e+00 2.41153673e-01
398 3 1.57079633e+00 2.42523160e-01
399 3 1.57079633e+00 2.39788119e-01
400 3 1.57079633e+00 2.40229110e-01
401 3 1.57079633e+00 2.41564090e-01
402 3 1.57079633e+00 2.40677829e-01
403 3 1.57079633e+00 2.42070371e-01
404 3 1.57079633e+00 2.40884039e-01
405 3 1.57079633e+00 2.40810617e-01
406 3 1.57079633e+00 2.39066159e-01
407 3 1.57079633e+00 2.41736949e-01
408 3 1.57079633e+00 2.39829945e-01
409 3 1.57079633e+00 2.41144807e-01
410 3 1.57079633e+00 2.40207908e-01
411 3 1.57079633e+00 2.40935809e-01
412 3 1.57079633e+00 2.40867614e-01
413 3 1.57079633e+00 2.41411887e-01
414 3 1.57079633e+00 2.40017745e-01
415 3 1.57079633e+00 2.40366852e-01
416 3 1.57079633e+00 2.40117926e-01
417 3 1.57079633e+00 2.40385185e-01
418 3 1.57079633e+00 2.40720758e-01
419 3 1.57079633e+00 2.41213155e-01
420 3 1.57079633e+00 2.40727907e-01
421 3 1.57079633e+00 2.40292120e-01
422 3 1.57079633e+00 2.39634939e-01
423 3 1.57079633e+00 2.40747205e-01
424 3 1.57079633e+00 2.39403843e-01
425 3 1.57079633e+00 2.42087198e-01
426 3 1.57079633e+00 2.40000735e-01
427 3 1.57079633e+00 2.40881060e-01
428 3 1.57079633e+00 2.41153180e-01
429 3 1.57079633e+00 2.40812237e-01
430 3 1.57079633e+00 2.41156356e-01
431 3 1.57079633e+00 2.40985745e-01
432 3 1.57079633e+00 2.40731690e-01
433 3 1.57079633e+00 2.41568246e-01
434 3 1.57079633e+00 2.40982538e-01
435 3 1.57079633e+00 2.40791434e-01
436 3 1.57079633e+00 2.40978958e-01
437 3 1.57079633e+00 2.40399738e-01
438 3 1.57079633e+00 2.41250373e-01
439 3 1.57079633e+00 2.40703827e-01
440 3 1.57079633e+00 2.40292256e-01
441 3 1.57079633e+00 2.38680574e-01
442 3 1.57079633e+00 2.41229995e-01
443 3 1.57079633e+00 2.40315271e-01
444 3 1.57079633e+00 2.40842382e-01
445 3 1.57079633e+00 2.40767214e-01
446 3 1.57079633e+00 2.40791380e-01
447 3 1.57079633e+00 2.40571870e-01
448 3 1.57079633e+00 2.41946885e-01
449 3 1.57079633e+00 2.41598173e-01
450 3 1.57079633e+00 2.40661070e-01
451 3 1.57079633e+00 2.41726353e-01
452 3 1.57079633e+00 2.43016397e-01
453 3 1.57079633e+00 2.40593568e-01
454 3 1.57079633e+00 2.41707759e-01
455 3 1.57079633e+00 2.39988152e-01
456 3 1.57079633e+00 2.39739312e-01
457 3 1.57079633e+00 2.40752329e-01
458 3 1.57079633e+00 2.40894593e-01
459 3 1.57079633e+00 2.41386497e-01
460 3 1.57079633e+00 2.40262380e-01
461 3 1.57079633e+00 2.41166667e-01
462 3 1.57079633e+00 2.40901170e-01
463 3 1.57079633e+00 2.40785283e-01
464 3 1.57079633e+00 2.41346775e-01
465 3 1.57079633e+00 2.41157172e-01
466 3 1.57079633e+00 2.40493771e-01
467 3 1.57079633e+00 2.40230833e-01
468 3 1.57079633e+00 2.41041273e-01
469 3 1.57079633e+00 2.40040654e-01
470 3 1.57079633e+00 2.41378837e-01
471 3 1.57079633e+00 2.39836659e-01
472 3 1.57079633e+00 2.39892476e-01
473 3 1.57079633e+00 2.40700986e-01
474 3 1.57079633e+00 2.41852911e-01
475 3 1.57079633e+00 2.40978467e-01
476 3 1.57079633e+00 2.40169709e-01
477 3 1.57079633e+00 2.38142937e-01
478 3 1.57079633e+00 2.41584892e-01
479 3 1.57079633e+00 2.40273317e-01
480 3 1.57079633e+00 2.40244541e-01
481 3 1.57079633e+00 2.41340069e-01
482 3 1.57079633e+00 2.40402006e-01
483 3 1.57079633e+00 2.41726949e-01
484 3 1.57079633e+00 2.41076617e-01
485 3 1.57079633e+00 2.41232939e-01
486 3 1.57079633e+00 2.40950315e-01
487 3 1.57079633e+00 2.41101715e-01
488 3 1.57079633e+00 2.39530668e-01
489 3 1.57079633e+00 2.39997011e-01
490 3 1.57079633e+00 2.40233212e-01
491 3 1.57079633e+00 2.39980490e-01
492 3 1.57079633e+00 2.41244928e-01
493 3 1.57079633e+00 2.40348067e-01
494 3 1.57079633e+00 2.40709679e-01
495 3 1.57079633e+00 2.41884272e-01
496 3 1.57079633e+00 2.40139175e-01
497 3 1.57079633e+00 2.40386317e-01
498 3 1.57079633e+00 2.41416623e-01
499 3 1.57079633e+00 2.39420899e-01
500 3 1.57079633e+00 2.40059800e-01
501 3 1.57079633e+00 2.40629260e-01
502 3 1.57079633e+00 2.40588705e-01
503 3 1.57079633e+00 2.41287762e-01
504 3 1.57079633e+00 2.39525570e-01
505 3 1.57079633e+00 2.40774487e-01
506 3 1.57079633e+00 2.41105671e-01
507 3 1.57079633e+00 2.40027961e-01
508 3 1.57079633e+00 2.40620915e-01
509 3 1.57079633e+00 2.41200098e-01
510 3 1.57079633e+00 2.41608156e-01
511 3 1.57079633e+00 2.40153114e-01
512 3 1.57079633e+00 2.40380003e-01
513 3 1.57079633e+00 2.41454095e-01
514 3 1.57079633e+00 2.40466320e-01
515 3 1.57079633e+00 2.41285950e-01
516 3 1.57079633e+00 2.40227927e-01
517 3 1.57079633e+00 2.40675445e-01
518 3 1.57079633e+00 2.39506190e-01
519 3 1.57079633e+00 2.40376454e-01
520 3 1.57079633e+00 2.39866033e-01
521 3 1.57079633e+00 2.38308944e-01
522 3 1.57079633e+00 2.41008150e-01
523 3 1.57079633e+00 2.39991044e-01
524 3 1.57079633e+00 2.40028261e-01
525 3 1.57079633e+00 2.41219268e-01
526 3 1.57079633e+00 2.40832026e-01
527 3 1.57079633e+00 2.40320405e-01
528 3 1.57079633e+00 2.41168991e-01
529 3 1.57079633e+00 2.41427140e-01
530 3 1.57079633e+00 2.39959477e-01
531 3 1.57079633e+00 2.40667645e-01
532 3 1.57079633e+00 2.41416246e-01
533 3 1.57079633e+00 2.41898750e-01
534 3 1.57079633e+00 2.42120805e-01
535 3 1.57079633e+00 2.40267286e-01
536 3 1.57079633e+00 2.42942196e-01
537 3 1.57079633e+00 2.42039114e-01
538 3 1.57079633e+00 2.40231084e-01
539 3 1.57079633e+00 2.41575487e-01
540 3 1.57079633e+00 2.40827358e-01
541 3 1.57079633e+00 2.41055477e-01
542 3 1.57079633e+00 2.41698065e-01
543 3 1.57079633e+00 2.40308941e-01
544 3 1.57079633e+00 2.40340043e-01
545 3 1.57079633e+00 2.40224809e-01
546 3 1.57079633e+00 2.41359714e-01
547 3 1.57079633e+00 2.41553447e-01
548 3 1.57079633e+00 2.40931121e-01
549 3 1.57079633e+00 2.41125983e-01
550 3 1.57079633e+00 2.40169543e-01
551 3 1.57079633e+00 2.40335511e-01
552 3 1.57079633e+00 2.40509441e-01
553 3 1.57079633e+00 2.40381373e-01
554 3 1.57079633e+00 2.41022455e-01
555 3 1.57079633e+00 2.40060946e-01
556 3 1.57079633e+00 2.40209583e-01
557 3 1.57079633e+00 2.41054688e-01
558 3 1.57079633e+00 2.40419911e-01
559 3 1.57079633e+00 2.40240553e-01
560 3 1.57079633e+00 2.42021315e-01
561 3 1.57079633e+00 2.39844583e-01
562 3 1.57079633e+00 2.41373754e-01
563 3 1.57079633e+00 2.40797970e-01
564 3 1.57079633e+00 2.41143993e-01
565 3 1.57079633e+00 2.41135296e-01
566 3 1.57079633e+00 2.40512666e-01
567 3 1.57079633e+00 2.41515556e-01
568 3 1.57079633e+00 2.40923566e-01
569 3 1.57079633e+00 2.41505545e-01
570 3 1.57079633e+00 2.41698242e-01
571 3 1.57079633e+00 2.40203979e-01
572 3 1.57079633e+00 2.40034886e-01
573 3 1.57079633e+00 2.39112560e-01
574 3 1.57079633e+00 2.38839839e-01
575 3 1.57079633e+00 2.41533419e-01
576 3 1.57079633e+00 2.39939172e-01
577 3 1.57079633e+00 2.40027615e-01
578 3 1.57079633e+00 2.40607694e-01
579 3 1.57079633e+00 2.40578740e-01
580 3 1.57079633e+00 2.39061702e-01
581 3 1.57079633e+00 2.40075436e-01
582 3 1.57079633e+00 2.40185010e-01
583 3 1.57079633e+00 2.40968925e-01
584 3 1.57079633e+00 2.39965172e-01
585 3 1.57079633e+00 2.40777968e-01
586 3 1.57079633e+00 2.40382239e-01
587 3 1.57079633e+00 2.40865890e-01
588 3 1.57079633e+00 2.39103380e-01
589 3 1.57079633e+00 2.40971199e-01
590 3 1.57079633e+00 2.40381244e-01
591 3 1.57079633e+00 2.41070352e-01
592 3 1.57079633e+00 2.41166084e-01
593 3 1.57079633e+00 2.40491159e-01
594 3 1.57079633e+00 2.40767337e-01
595 3 1.57079633e+00 2.40441839e-01
596 3 1.57079633e+00 2.42145291e-01
597 3 1.57079633e+00 2.41140650e-01
598 3 1.57079633e+00 2.40660603e-01
599 3 1.57079633e+00 2.40955381e-01
600 3 1.57079633e+00 2.41346276e-01
601 3 1.57079633e+00 2.41941953e-01
602 3 1.57079633e+00 2.39255606e-01
603 3 1.57079633e+00 2.40618659e-01
604 3 1.57079633e+00 2.41007455e-01
605 3 1.57079633e+00 2.40834684e-01
606 3 1.57079633e+00 2.40158710e-01
607 3 1.57079633e+00 2.40694680e-01
608 3 1.57079633e+00 2.40859472e-01
609 3 1.57079633e+00 2.38986716e-01
610 3 1.57079633e+00 2.40556508e-01
611 3 1.57079633e+00 2.40358173e-01
612 3 1.57079633e+00 2.41610102e-01
613 3 1.57079633e+00 2.40937190e-01
614 3 1.57079633e+00 2.41578725e-01
615 3 1.57079633e+00 2.39469453e-01
616 3 1.57079633e+00 2.41641341e-01
617 3 1.57079633e+00 2.41370316e-01
618 3 1.57079633e+00 2.40029869e-01
619 3 1.57079633e+00 2.41336362e-01
620 3 1.57079633e+00 2.41049438e-01
621 3 1.57079633e+00 2.41357279e-01
622 3 1.57079633e+00 2.40510900e-01
623 3 1.57079633e+00 2.41043614e-01
624 3 1.57079633e+00 2.40925214e-01
625 3 1.57079633e+00 2.40830607e-01
626 3 1.57079633e+00 2.40266133e-01
627 3 1.57079633e+00 2.41969298e-01
628 3 1.57079633e+00 2.40504402e-01
629 3 1.57079633e+00 2.39412099e-01
630 3 1.57079633e+00 2.39543509e-01
631 3 1.57079633e+00 2.41001009e-01
632 3 1.57079633e+00 2.41283391e-01
633 3 1.57079633e+00 2.39379182e-01
634 3 1.57079633e+00 2.41798873e-01
635 3 1.57079633e+00 2.39775453e-01
636 3 1.57079633e+00 2.40701637e-01
637 3 1.57079633e+00 2.38653311e-01
638 3 1.57079633e+00 2.41252351e-01
639 3 1.57079633e+00 2.39558381e-01
640 3 1.57079633e+00 2.40381480e-01
641 3 1.57079633e+00 2.41284785e-01
642 3 1.57079633e+00 2.40063342e-01
643 3 1.57079633e+00 2.41829092e-01
644 3 1.57079633e+00 2.42319479e-01
645 3 1.57079633e+00 2.39794588e-01
646 3 1.57079633e+00 2.39653555e-01
647 3 1.57079633e+00 2.39898461e-01
648 3 1.57079633e+00 2.40484599e-01
649 3 1.57079633e+00 2.39777206e-01
650 3 1.57079633e+00 2.40044505e-01
651 3 1.57079633e+00 2.40176230e-01
652 3 1.57079633e+00 2.40052609e-01
653 3 1.57079633e+00 2.41794183e-01
654 3 1.57079633e+00 2.39240375e-01
655 3 1.57079633e+00 2.40959817e-01
656 3 1.57079633e+00 2.39779871e-01
657 3 1.57079633e+00 2.40953042e-01
658 3 1.57079633e+00 2.42009835e-01
659 3 1.57079633e+00 2.40229729e-01
660 3 1.57079633e+00 2.39271605e-01
661 3 1.57079633e+00 2.40320118e-01
662 3 1.57079633e+00 2.40938971e-01
663 3 1.57079633e+00 2.40846614e-01
664 3 1.57079633e+00 2.40973638e-01
665 3 1.57079633e+00 2.39846451e-01
666 3 1.57079633e+00 2.40351682e-01
667 3 1.57079633e+00 2.40397783e-01
668 3 1.57079633e+00 2.40243401e-01
669 3 1.57079633e+00 2.39882130e-01
670 3 1.57079633e+00 2.40596732e-01
671 3 1.57079633e+00 2.41225505e-01
672 3 1.57079633e+00 2.40975600e-01
673 3 1.57079633e+00 2.42017667e-01
674 3 1.57079633e+00 2.39798582e-01
675 3 1.57079633e+00 2.39406623e-01
676 3 1.57079633e+00 2.39398112e-01
677 3 1.57079633e+00 2.41714095e-01
678 3 1.57079633e+00 2.41494755e-01
679 3 1.57079633e+00 2.39941903e-01
680 3 1.57079633e+00 2.41588709e-01
681 3 1.57079633e+00 2.40380707e-01
682 3 1.57079633e+00 2.40464060e-01
683 3 1.57079633e+00 2.39592272e-01
684 3 1.57079633e+00 2.40918198e-01
685 3 1.57079633e+00 2.40331106e-01
686 3 1.57079633e+00 2.41049500e-01
687 3 1.57079633e+00 2.41171508e-01
688 3 1.57079633e+00 2.40205529e-01
689 3 1.57079633e+00 2.40402346e-01
690 3 1.57079633e+00 2.40313174e-01
691 3 1.57079633e+00 2.40580951e-01
692 3 1.57079633e+00 2.40697628e-01
693 3 1.57079633e+00 2.40277999e-01
694 3 1.57079633e+00 2.38797601e-01
695 3 1.57079633e+00 2.40114196e-01
696 3 1.57079633e+00 2.40446261e-01
697 3 1.57079633e+00 2.41853465e-01
698 3 1.57079633e+00 2.41419806e-01
699 3 1.57079633e+00 2.40906318e-01
700 3 1.57079633e+00 2.40990721e-01
701 3 1.57079633e+00 2.42372165e-01
702 3 1.57079633e+00 2.39774759e-01
703 3 1.57079633e+00 2.41966465e-01
704 3 1.57079633e+00 2.39678296e-01
705 3 1.57079633e+00 2.40942525e-01
706 3 1.57079633e+00 2.41209873e-01
707 3 1.57079633e+00 2.39564889e-01
708 3 1.57079633e+00 2.41349161e-01
709 3 1.57079633e+00 2.41008931e-01
710 3 1.57079633e+00 2.40767652e-01
711 3 1.57079633e+00 2.41615250e-01
712 3 1.57079633e+00 2.41738452e-01
713 3 1.57079633e+00 2.40566674e-01
714 3 1.57079633e+00 2.39481566e-01
715 3 1.57079633e+00 2.40597113e-01
716 3 1.57079633e+00 2.40869833e-01
717 3 1.57079633e+00 2.39438702e-01
718 3 1.57079633e+00 2.39812533e-01
719 3 1.57079633e+00 2.39081371e-01
720 3 1.57079633e+00 2.40432438e-01
721 3 1.57079633e+00 2.42331435e-01
722 3 1.57079633e+00 2.40356322e-01
723 3 1.57079633e+00 2.40678004e-01
724 3 1.57079633e+00 2.40454706e-01
725 3 1.57079633e+00 2.39284084e-01
726 3 1.57079633e+00 2.41395969e-01
727 3 1.57079633e+00 2.39965021e-01
728 3 1.57079633e+00 2.41150455e-01
729 3 1.57079633e+00 2.41770110e-01
730 3 1.57079633e+00 2.39669219e-01
731 3 1.57079633e+00 2.40819438e-01
732 3 1.57079633e+00 2.40450797e-01
733 3 1.57079633e+00 2.41591171e-01
734 3 1.57079633e+00 2.40270637e-01
735 3 1.57079633e+00 2.41065311e-01
736 3 1.57079633e+00 2.40099922e-01
737 3 1.57079633e+00 2.40870227e-01
738 3 1.57079633e+00 2.41329800e-01
739 3 1.57079633e+00 2.40422745e-01
740 3 1.57079633e+00 2.40152391e-01
741 3 1.57079633e+00 2.40515216e-01
742 3 1.57079633e+00 2.39758732e-01
743 3 1.57079633e+00 2.41864593e-01
744 3 1.57079633e+00 2.41302572e-01
745 3 1.57079633e+00 2.40918561e-01
746 3 1.57079633e+00 2.40106370e-01
747 3 1.57079633e+00 2.41520112e-01
748 3 1.57079633e+00 2.40749174e-01
749 3 1.57079633e+00 2.41555578e-01
750 3 1.57079633e+00 2.40203748e-01
751 3 1.57079633e+00 2.42219250e-01
752 3 1.57079633e+00 2.41606421e-01
753 3 1.57079633e+00 2.41819024e-01
754 3 1.57079633e+00 2.40824843e-01
755 3 1.57079633e+00 2.39392459e-01
756 3 1.57079633e+00 2.41078509e-01
757 3 1.57079633e+00 2.39838390e-01
758 3 1.57079633e+00 2.40109563e-01
759 3 1.57079633e+00 2.40527461e-01
760 3 1.57079633e+00 2.39903912e-01
761 3 1.57079633e+00 2.40268656e-01
762 3 1.57079633e+00 2.41557580e-01
763 3 1.57079633e+00 2.40865569e-01
764 3 1.57079633e+00 2.41412041e-01
765 3 1.57079633e+00 2.41491928e-01
766 3 1.57079633e+00 2.39656295e-01
767 3 1.57079633e+00 2.40487804e-01
768 3 1.57079633e+00 2.40694365e-01
769 3 1.57079633e+00 2.41322126e-01
770 3 1.57079633e+00 2.41525593e-01
771 3 1.57079633e+00 2.42065944e-01
772 3 1.57079633e+00 2.40446921e-01
773 3 1.57079633e+00 2.40296987e-01
774 3 1.57079633e+00 2.40744440e-01
775 3 1.57079633e+00 2.40908886e-01
776 3 1.57079633e+00 2.41204038e-01
777 3 1.57079633e+00 2.41082304e-01
778 3 1.57079633e+00 2.41000965e-01
779 3 1.57079633e+00 2.41154354e-01
780 3 1.57079633e+00 2.41278216e-01
781 3 1.57079633e+00 2.41243134e-01
782 3 1.57079633e+00 2.41211495e-01
783 3 1.57079633e+00 2.39300548e-01
784 3 1.57079633e+00 2.40007524e-01
785 3 1.57079633e+00 2.40399643e-01
786 3 1.57079633e+00 2.41011280e-01
787 3 1.57079633e+00 2.39502047e-01
788 3 1.57079633e+00 2.39890945e-01
789 3 1.57079633e+00 2.39564436e-01
790 3 1.57079633e+00 2.39911002e-01
791 3 1.57079633e+00 2.40482214e-01
792 3 1.57079633e+00 2.40558562e-01
793 3 1.57079633e+00 2.39947121e-01
794 3 1.57079633e+00 2.40900920e-01
795 3 1.57079633e+00 2.41451439e-01
796 3 1.57079633e+00 2.39753022e-01
797 3 1.57079633e+00 2.39728266e-01
798 3 1.57079633e+00 2.39779264e-01
799 3 1.57079633e+00 2.40204574e-01
800 3 1.57079633e+00 2.41833217e-01
801 3 1.57079633e+00 2.41268081e-01
802 3 1.57079633e+00 2.41958500e-01
803 3 1.57079633e+00 2.41823001e-01
804 3 1.57079633e+00 2.41091169e-01
805 3 1.57079633e+00 2.40744305e-01
806 3 1.57079633e+00 2.41660856e-01
807 3 1.57079633e+00 2.40893275e-01
808 3 1.57079633e+00 2.40924866e-01
809 3 1.57079633e+00 2.40560139e-01
810 3 1.57079633e+00 2.40853216e-01
811 3 1.57079633e+00 2.40039457e-01
812 3 1.57079633e+00 2.39383510e-01
813 3 1.57079633e+00 2.42465188e-01
814 3 1.57079633e+00 2.40297339e-01
815 3 1.57079633e+00 2.40979324e-01
816 3 1.57079633e+00 2.41016969e-01
817 3 1.57079633e+00 2.41691735e-01
818 3 1.57079633e+00 2.39346009e-01
819 3 1.57079633e+00 2.41138715e-01
820 3 1.57079633e+00 2.40773371e-01
821 3 1.57079633e+00 2.39575890e-01
822 3 1.57079633e+00 2.40585375e-01
823 3 1.57079633e+00 2.40383984e-01
824 3 1.57079633e+00 2.40254102e-01
825 3 1.57079633e+00 2.40013897e-01
826 3 1.57079633e+00 2.40692407e-01
827 3 1.57079633e+00 2.40587264e-01
828 3 1.57079633e+00 2.40931260e-01
829 3 1.57079633e+00 2.40368578e-01
830 3 1.57079633e+00 2.39855522e-01
831 3 1.57079633e+00 2.40354411e-01
832 3 1.57079633e+00 2.41413345e-01
833 3 1.57079633e+00 2.42284480e-01
834 3 1.57079633e+00 2.40633905e-01
835 3 1.57079633e+00 2.41300454e-01
836 3 1.57079633e+00 2.40395713e-01
837 3 1.57079633e+00 2.41770929e-01
838 3 1.57079633e+00 2.41260742e-01
839 3 1.57079633e+00 2.40493514e-01
840 3 1.57079633e+00 2.40302090e-01
841 3 1.57079633e+00 2.39801052e-01
842 3 1.57079633e+00 2.40051176e-01
843 3 1.57079633e+00 2.41698768e-01
844 3 1.57079633e+00 2.41891728e-01
845 3 1.57079633e+00 2.40512227e-01
846 3 1.57079633e+00 2.39579327e-01
847 3 1.57079633e+00 2.41226333e-01
848 3 1.57079633e+00 2.40302026e-01
849 3 1.57079633e+00 2.39929169e-01
850 3 1.57079633e+00 2.39201430e-01
851 3 1.57079633e+00 2.39658812e-01
852 3 1.57079633e+00 2.42117425e-01
853 3 1.57079633e+00 2.40754137e-01
854 3 1.57079633e+00 2.39891936e-01
855 3 1.57079633e+00 2.40355711e-01
856 3 1.57079633e+00 2.41223562e-01
857 3 1.57079633e+00 2.40936474e-01
858 3 1.57079633e+00 2.41715910e-01
859 3 1.57079633e+00 2.41688901e-01
860 3 1.57079633e+00 2.40086590e-01
861 3 1.57079633e+00 2.38989270e-01
862 3 1.57079633e+00 2.41427055e-01
863 3 1.57079633e+00 2.41326660e-01
864 3 1.57079633e+00 2.40091827e-01
865 3 1.57079633e+00 2.39305172e-01
866 3 1.57079633e+00 2.41600029e-01
867 3 1.57079633e+00 2.39570262e-01
868 3 1.57079633e+00 2.40431653e-01
869 3 1.57079633e+00 2.40807049e-01
870 3 1.57079633e+00 2.39089962e-01
871 3 1.57079633e+00 2.39667057e-01
872 3 1.57079633e+00 2.40542693e-01
873 3 1.57079633e+00 2.39771967e-01
874 3 1.57079633e+00 2.40389971e-01
875 3 1.57079633e+00 2.40981860e-01
876 3 1.57079633e+00 2.41052407e-01
877 3 1.57079633e+00 2.40194255e-01
878 3 1.57079633e+00 2.39784415e-01
879 3 1.57079633e+00 2.39797014e-01
880 3 1.57079633e+00 2.42112138e-01
881 3 1.57079633e+00 2.40898050e-01
882 3 1.57079633e+00 2.40457635e-01
883 3 1.57079633e+00 2.40210522e-01
884 3 1.57079633e+00 2.39281207e-01
885 3 1.57079633e+00 2.40584696e-01
886 3 1.57079633e+00 2.39850644e-01
887 3 1.57079633e+00 2.42820221e-01
888 3 1.57079633e+00 2.39149987e-01
889 3 1.57079633e+00 2.41300005e-01
890 3 1.57079633e+00 2.40966523e-01
891 3 1.57079633e+00 2.41745549e-01
892 3 1.57079633e+00 2.40583645e-01
893 3 1.57079633e+00 2.40619362e-01
894 3 1.57079633e+00 2.41268213e-01
895 3 1.57079633e+00 2.40336543e-01
896 3 1.57079633e+00 2.39667036e-01
897 3 1.57079633e+00 2.40504403e-01
898 3 1.57079633e+00 2.40362707e-01
899 3 1.57079633e+00 2.40733207e-01
900 3 1.57079633e+00 2.40286240e-01
901 3 1.57079633e+00 2.40093088e-01
902 3 1.57079633e+00 2.40990676e-01
903 3 1.57079633e+00 2.41460880e-01
904 3 1.57079633e+00 2.42073884e-01
905 3 1.57079633e+00 2.40896114e-01
906 3 1.57079633e+00 2.40957610e-01
907 3 1.57079633e+00 2.40337505e-01
908 3 1.57079633e+00 2.40063362e-01
909 3 1.57079633e+00 2.41524070e-01
910 3 1.57079633e+00 2.40401653e-01
911 3 1.57079633e+00 2.41084284e-01
912 3 1.57079633e+00 2.41570344e-01
913 3 1.57079633e+00 2.40989431e-01
914 3 1.57079633e+00 2.40374887e-01
915 3 1.57079633e+00 2.41492638e-01
916 3 1.57079633e+00 2.40433057e-01
917 3 1.57079633e+00 2.40708213e-01
918 3 1.57079633e+00 2.40457873e-01
919 3 1.57079633e+00 2.40514107e-01
920 3 1.57079633e+00 2.41354501e-01
921 3 1.57079633e+00 2.40257261e-01
922 3 1.57079633e+00 2.40541901e-01
923 3 1.57079633e+00 2.39528599e-01
924 3 1.57079633e+00 2.40326107e-01
925 3 1.57079633e+00 2.40630047e-01
926 3 1.57079633e+00 2.41544831e-01
927 3 1.57079633e+00 2.40783142e-01
928 3 1.57079633e+00 2.40596957e-01
929 3 1.57079633e+00 2.41388191e-01
930 3 1.57079633e+00 2.40789636e-01
931 3 1.57079633e+00 2.40306608e-01
932 3 1.57079633e+00 2.41957230e-01
933 3 1.57079633e+00 2.40115596e-01
934 3 1.57079633e+00 2.40406738e-01
935 3 1.57079633e+00 2.41063231e-01
936 3 1.57079633e+00 2.40767222e-01
937 3 1.57079633e+00 2.41659786e-01
938 3 1.57079633e+00 2.41052463e-01
939 3 1.57079633e+00 2.40452257e-01
940 3 1.57079633e+00 2.41062552e-01
941 3 1.57079633e+00 2.41346332e-01
942 3 1.57079633e+00 2.42596166e-01
943 3 1.57079633e+00 2.40098644e-01
944 3 1.57079633e+00 2.40067565e-01
945 3 1.57079633e+00 2.39892777e-01
946 3 1.57079633e+00 2.41237150e-01
947 3 1.57079633e+00 2.40938146e-01
948 3 1.57079633e+00 2.41320153e-01
949 3 1.57079633e+00 2.40248939e-01
950 3 1.57079633e+00 2.40536934e-01
951 3 1.57079633e+00 2.41110444e-01
952 3 1.57079633e+00 2.40941105e-01
953 3 1.57079633e+00 2.42349834e-01
954 3 1.57079633e+00 2.40026103e-01
955 3 1.57079633e+00 2.41477455e-01
956 3 1.57079633e+00 2.41547368e-01
957 3 1.57079633e+00 2.41013599e-01
958 3 1.57079633e+00 2.40684539e-01
959 3 1.57079633e+00 2.40197688e-01
960 3 1.57079633e+00 2.39231195e-01
961 3 1.57079633e+00 2.40642038e-01
962 3 1.57079633e+00 2.40899608e-01
963 3 1.57079633e+00 2.40613157e-01
964 3 1.57079633e+00 2.41424519e-01
965 3 1.57079633e+00 2.41541834e-01
966 3 1.57079633e+00 2.41081107e-01
967 3 1.57079633e+00 2.40579604e-01
968 3 1.57079633e+00 2.41350823e-01
969 3 1.57079633e+00 2.40628441e-01
970 3 1.57079633e+00 2.40359109e-01
971 3 1.57079633e+00 2.40683842e-01
972 3 1.57079633e+00 2.39717462e-01
973 3 1.57079633e+00 2.40120758e-01
974 3 1.57079633e+00 2.40907659e-01
975 3 1.57079633e+00 2.41332584e-01
976 3 1.57079633e+00 2.41280112e-01
977 3 1.57079633e+00 2.42022692e-01
978 3 1.57079633e+00 2.39917863e-01
979 3 1.57079633e+00 2.40246178e-01
980 3 1.57079633e+00 2.39279377e-01
981 3 1.57079633e+00 2.39671822e-01
982 3 1.57079633e+00 2.41118084e-01
983 3 1.57079633e+00 2.40830005e-01
984 3 1.57079633e+00 2.41222124e-01
985 3 1.57079633e+00 2.40747142e-01
986 3 1.57079633e+00 2.41706595e-01
987 3 1.57079633e+00 2.41384912e-01
988 3 1.57079633e+00 2.41148482e-01
989 3 1.57079633e+00 2.41884165e-01
990 3 1.57079633e+00 2.39746752e-01
991 3 1.57079633e+00 2.40673504e-01
992 3 1.57079633e+00 2.39837778e-01
993 3 1.57079633e+00 2.41203593e-01
994 3 1.57079633e+00 2.40165984e-01
995 3 1.57079633e+00 2.40221920e-01
996 3 1.57079633e+00 2.40422653e-01
997 3 1.57079633e+00 2.40192030e-01
998 3 1.57079633e+00 2.41797844e-01
999 3 1.57079633e+00 2.40149848e-01
1000 3 1.57079633e+00 2.40507242e-01
1001 3 1.57079633e+00 2.39599280e-01
1002 3 1.57079633e+00 2.39994489e-01
1003 3 1.57079633e+00 2.40882086e-01
1004 3 1.57079633e+00 2.42645899e-01
1005 3 1.57079633e+00 2.40331262e-01
1006 3 1.57079633e+00 2.40626760e-01
1007 3 1.57079633e+00 2.40133159e-01
1008 3 1.57079633e+00 2.38333575e-01
1009 3 1.57079633e+00 2.41072905e-01
1010 3 1.57079633e+00 2.40435694e-01
1011 3 1.57079633e+00 2.42277519e-01
1012 3 1.57079633e+00 2.40556934e-01
0 4 2.09439510e+00 2.99431642e-01
1 4 2.09439510e+00 2.99766746e-01
2 4 2.09439510e+00 2.99794419e-01
3 4 2.09439510e+00 2.97843979e-01
4 4 2.09439510e+00 2.99192833e-01
5 4 2.09439510e+00 2.97988289e-01
6 4 2.09439510e+00 2.99610019e-01
7 4 2.09439510e+00 3.00053529e-01
8 4 2.09439510e+00 2.98605315e-01
9 4 2.09439510e+00 2.99313242e-01
10 4 2.09439510e+00 2.97547535e-01
11 4 2.09439510e+00 2.98684683e-01
12 4 2.09439510e+00 3.00648603e-01
13 4 2.09439510e+00 3.00269437e-01
14 4 2.09439510e+00 3.01036371e-01
15 4 2.09439510e+00 2.99775847e-01
16 4 2.09439510e+00 3.00016336e-01
17 4 2.09439510e+00 2.98881685e-01
18 4 2.09439510e+00 2.98317698e-01
19 4 2.09439510e+00 2.99001166e-01
20 4 2.09439510e+00 2.98878668e-01
21 4 2.09439510e+00 2.99017155e-01
22 4 2.09439510e+00 2.98380935e-01
23 4 2.09439510e+00 2.98205241e-01
24 4 2.09439510e+00 2.99178239e-01
25 4 2.09439510e+00 2.97976019e-01
26 4 2.09439510e+00 2.98979501e-01
27 4 2.09439510e+00 2.97534427e-01
28 4 2.09439510e+00 2.99490506e-01
29 4 2.09439510e+00 2.97683026e-01
30 4 2.09439510e+00 2.96507084e-01
31 4 2.09439510e+00 2.98372552e-01
32 4 2.09439510e+00 2.99784707e-01
33 4 2.09439510e+00 2.97797439e-01
34 4 2.09439510e+00 2.97584187e-01
35 4 2.09439510e+00 2.98932811e-01
36 4 2.09439510e+00 2.98732069e-01
37 4 2.09439510e+00 2.98613869e-01
38 4 2.09439510e+00 2.99935068e-01
39 4 2.09439510e+00 2.98873981e-01
40 4 2.09439510e+00 2.98984478e-01
41 4 2.09439510e+00 2.98173951e-01
42 4 2.09439510e+00 2.98571307e-01
43 4 2.09439510e+00 2.99022955e-01
44 4 2.09439510e+00 2.99735786e-01
45 4 2.09439510e+00 2.99193113e-01
46 4 2.09439510e+00 2.98988970e-01
47 4 2.09439510e+00 2.98159553e-01
48 4 2.09439510e+00 2.99412192e-01
49 4 2.09439510e+00 2.96433571e-01
50 4 2.09439510e+00 2.99623006e-01
51 4 2.09439510e+00 2.99006757e-01
52 4 2.09439510e+00 2.99402443e-01
53 4 2.09439510e+00 2.98682637e-01
54 4 2.09439510e+00 2.99596297e-01
55 4 2.09439510e+00 2.97826400e-01
56 4 2.09439510e+00 2.99149509e-01
57 4 2.09439510e+00 2.97609057e-01
58 4 2.09439510e+00 2.99222655e-01
59 4 2.09439510e+00 2.98768654e-01
60 4 2.09439510e+00 2.98715278e-01
61 4 2.09439510e+00 2.97832546e-01
62 4 2.09439510e+00 2.98735616e-01
63 4 2.09439510e+00 2.97406577e-01
64 4 2.09439510e+00 2.98733701e-01
65 4 2.09439510e+00 3.00500439e-01
66 4 2.09439510e+00 2.97696863e-01
67 4 2.09439510e+00 2.98261561e-01
68 4 2.09439510e+00 2.99313912e-01
69 4 2.09439510e+00 2.98243076e-01
70 4 2.09439510e+00 2.98966813e-01
71 4 2.09439510e+00 2.98313566e-01
72 4 2.09439510e+00 2.99662182e-01
73 4 2.09439510e+00 2.99972344e-01
74 4 2.09439510e+00 2.96459293e-01
75 4 2.09439510e+00 2.96382232e-01
76 4 2.09439510e+00 2.98417990e-01
77 4 2.09439510e+00 2.99117187e-01
78 4 2.09439510e+00 2.99224854e-01
79 4 2.09439510e+00 3.00158088e-01
80 4 2.09439510e+00 2.98344712e-01
81 4 2.09439510e+00 2.99468609e-01
82 4 2.09439510e+00 2.99883795e-01
83 4 2.09439510e+00 2.98031826e-01
84 4 2.09439510e+00 2.99052948e-01
85 4 2.09439510e+00 3.00676180e-01
86 4 2.09439510e+00 2.97111718e-01
87 4 2.09439510e+00 2.97033525e-01
88 4 2.09439510e+00 2.98525539e-01
89 4 2.09439510e+00 2.98531353e-01
90 4 2.09439510e+00 2.98257695e-01
91 4 2.09439510e+00 2.99620986e-01
92 4 2.09439510e+00 2.98373342e-01
93 4 2.09439510e+00 2.99501340e-01
94 4 2.09439510e+00 2.98582509e-01
95 4 2.09439510e+00 2.98104175e-01
96 4 2.09439510e+00 2.99770444e-01
97 4 2.09439510e+00 2.99427435e-01
98 4 2.09439510e+00 2.99719358e-01
99 4 2.09439510e+00 3.00584202e-01
100 4 2.09439510e+00 2.97521613e-01
101 4 2.09439510e+00 2.98607392e-01
102 4 2.09439510e+00 2.99570555e-01
103 4 2.09439510e+00 2.97687388e-01
104 4 2.09439510e+00 2.99294615e-01
105 4 2.09439510e+00 2.96814557e-01
106 4 2.09439510e+00 2.99564806e-01
107 4 2.09439510e+00 3.00178454e-01
108 4 2.09439510e+00 2.97301066e-01
109 4 2.09439510e+00 2.98477657e-01
110 4 2.09439510e+00 2.96745059e-01
111 4 2.09439510e+00 2.98602803e-01
112 4 2.09439510e+00 2.97132006e-01
113 4 2.09439510e+00 2.97546811e-01
114 4 2.09439510e+00 3.00826983e-01
115 4 2.09439510e+00 2.99323520e-01
116 4 2.09439510e+00 2.99479697e-01
117 4 2.09439510e+00 2.99873438e-01
118 4 2.09439510e+00 2.99453305e-01
119 4 2.09439510e+00 2.98780994e-01
120 4 2.09439510e+00 2.99332729e-01
121 4 2.09439510e+00 2.97255897e-01
122 4 2.09439510e+00 2.97757726e-01
123 4 2.09439510e+00 2.97506673e-01
124 4 2.09439510e+00 2.99752734e-01
125 4 2.09439510e+00 2.99847303e-01
126 4 2.09439510e+00 2.99778586e-01
127 4 2.09439510e+00 3.00092467e-01
128 4 2.09439510e+00 2.97473440e-01
129 4 2.09439510e+00 2.99732408e-01
130 4 2.09439510e+00 2.99864576e-01
131 4 2.09439510e+00 2.95780572e-01
132 4 2.09439510e+00 2.98580218e-01
133 4 2.09439510e+00 2.98700496e-01
134 4 2.09439510e+00 3.00195282e-01
135 4 2.09439510e+00 2.98829918e-01
136 4 2.09439510e+00 2.98992691e-01
137 4 2.09439510e+00 2.98093129e-01
138 4 2.09439510e+00 2.97907482e-01
139 4 2.09439510e+00 2.98238662e-01
140 4 2.09439510e+00 2.99077360e-01
141 4 2.09439510e+00 2.99755417e-01
142 4 2.09439510e+00 2.97852049e-01
143 4 2.09439510e+00 3.00427791e-01
144 4 2.09439510e+00 2.97990745e-01
145 4 2.09439510e+00 2.97532556e-01
146 4 2.09439510e+00 2.98685969e-01
147 4 2.09439510e+00 2.97700856e-01
148 4 2.09439510e+00 2.98554942e-01
149 4 2.09439510e+00 2.99424934e-01
150 4 2.09439510e+00 2.99153483e-01
151 4 2.09439510e+00 2.97446157e-01
152 4 2.09439510e+00 2.97894689e-01
153 4 2.09439510e+00 3.00857279e-01
154 4 2.09439510e+00 2.99396487e-01
155 4 2.09439510e+00 2.98938127e-01
156 4 2.09439510e+00 2.99029079e-01
157 4 2.09439510e+00 2.99895852e-01
158 4 2.09439510e+00 2.98322230e-01
159 4 2.09439510e+00 2.99560127e-01
160 4 2.09439510e+00 2.98655143e-01
161 4 2.09439510e+00 2.99137069e-01
162 4 2.09439510e+00 2.98972549e-01
163 4 2.09439510e+00 2.99573459e-01
164 4 2.09439510e+00 2.99290789e-01
165 4 2.09439510e+00 2.99328473e-01
166 4 2.09439510e+00 2.99610495e-01
167 4 2.09439510e+00 2.98447162e-01
168 4 2.09439510e+00 2.99052176e-01
169 4 2.09439510e+00 2.99294886e-01
170 4 2.09439510e+00 2.98551547e-01
171 4 2.09439510e+00 3.00487107e-01
172 4 2.09439510e+00 3.00880571e-01
173 4 2.09439510e+00 2.98435732e-01
174 4 2.09439510e+00 2.99045110e-01
175 4 2.09439510e+00 2.99521082e-01
176 4 2.09439510e+00 3.00464593e-01
177 4 2.09439510e+00 2.99853810e-01
178 4 2.09439510e+00 2.97462668e-01
179 4 2.09439510e+00 2.97920425e-01
180 4 2.09439510e+00 2.97899627e-01
181 4 2.09439510e+00 2.98851663e-01
182 4 2.09439510e+00 2.95888109e-01
183 4 2.09439510e+00 2.99768758e-01
184 4 2.09439510e+00 2.97752596e-01
185 4 2.09439510e+00 2.97884537e-01
186 4 2.09439510e+00 2.96327259e-01
187 4 2.09439510e+00 2.98882063e-01
188 4 2.09439510e+00 2.98155189e-01
189 4 2.09439510e+00 2.98215638e-01
190 4 2.09439510e+00 3.00208452e-01
191 4 2.09439510e+00 2.99630635e-01
192 4 2.09439510e+00 3.00931198e-01
193 4 2.09439510e+00 2.98800875e-01
194 4 2.09439510e+00 2.97078530e-01
195 4 2.09439510e+00 2.98276471e-01
196 4 2.09439510e+00 2.98883509e-01
197 4 2.09439510e+00 2.98257244e-01
198 4 2.09439510e+00 2.98067265e-01
199 4 2.09439510e+00 2.99310723e-01
200 4 2.09439510e+00 2.97585149e-01
201 4 2.09439510e+00 3.00301983e-01
202 4 2.09439510e+00 2.98650288e-01
203 4 2.09439510e+00 2.98402777e-01
204 4 2.09439510e+00 2.97839819e-01
205 4 2.09439510e+00 2.99979109e-01
206 4 2.09439510e+00 2.98677848e-01
207 4 2.09439510e+00 2.97399114e-01
208 4 2.09439510e+00 2.97469496e-01
209 4 2.09439510e+00 2.96434287e-01
210 4 2.09439510e+00 2.96184011e-01
211 4 2.09439510e+00 2.99814096e-01
212 4 2.09439510e+00 2.99769965e-01
213 4 2.09439510e+00 2.97566867e-01
214 4 2.09439510e+00 3.00031115e-01
215 4 2.09439510e+00 2.98709522e-01
216 4 2.09439510e+00 2.97226160e-01
217 4 2.09439510e+00 2.99777255e-01
218 4 2.09439510e+00 2.98692667e-01
219 4 2.09439510e+00 2.99357681e-01
220 4 2.09439510e+00 2.99550966e-01
221 4 2.09439510e+00 2.98739506e-01
222 4 2.09439510e+00 2.98986830e-01
223 4 2.09439510e+00 2.98499666e-01
224 4 2.09439510e+00 2.98560506e-01
225 4 2.09439510e+00 2.98646988e-01
226 4 2.09439510e+00 2.99065041e-01
227 4 2.09439510e+00 2.98602246e-01
228 4 2.09439510e+00 2.99608782e-01
229 4 2.09439510e+00 2.96723470e-01
230 4 2.09439510e+00 2.99134022e-01
231 4 2.09439510e+00 2.97704350e-01
232 4 2.09439510e+00 2.97281824e-01
233 4 2.09439510e+00 2.98176861e-01
234 4 2.09439510e+00 2.99077142e-01
235 4 2.09439510e+00 2.97026328e-01
236 4 2.09439510e+00 2.99784974e-01
237 4 2.09439510e+00 2.98914299e-01
238 4 2.09439510e+00 2.99331283e-01
239 4 2.09439510e+00 3.00868772e-01
240 4 2.09439510e+00 2.98697786e-01
241 4 2.09439510e+00 2.99839649e-01
242 4 2.09439510e+00 2.99346523e-01
243 4 2.09439510e+00 3.00881774e-01
244 4 2.09439510e+00 2.98201290e-01
245 4 2.09439510e+00 3.00853640e-01
246 4 2.09439510e+00 3.00198573e-01
247 4 2.09439510e+00 2.96366837e-01
248 4 2.09439510e+00 2.98908894e-01
249 4 2.09439510e+00 2.99943661e-01
250 4 2.09439510e+00 2.99353062e-01
251 4 2.09439510e+00 2.96803882e-01
252 4 2.09439510e+00 3.00497250e-01
253 4 2.09439510e+00 2.99180655e-01
254 4 2.09439510e+00 2.97977882e-01
255 4 2.09439510e+00 2.99654445e-01
256 4 2.09439510e+00 2.97910624e-01
257 4 2.09439510e+00 2.97821559e-01
258 4 2.09439510e+00 2.97379639e-01
259 4 2.09439510e+00 2.99508392e-01
260 4 2.09439510e+00 2.98803117e-01
261 4 2.09439510e+00 3.00235326e-01
262 4 2.09439510e+00 2.97480928e-01
263 4 2.09439510e+00 2.98604016e-01
264 4 2.09439510e+00 2.98433262e-01
265 4 2.09439510e+00 2.98952325e-01
266 4 2.09439510e+00 2.98500234e-01
267 4 2.09439510e+00 2.97879245e-01
268 4 2.09439510e+00 2.99265431e-01
269 4 2.09439510e+00 2.96787199e-01
270 4 2.09439510e+00 2.99078411e-01
271 4 2.09439510e+00 2.99838059e-01
272 4 2.09439510e+00 2.97259590e-01
273 4 2.09439510e+00 2.98301083e-01
274 4 2.09439510e+00 2.98819598e-01
275 4 2.09439510e+00 2.97133518e-01
276 4 2.09439510e+00 2.97634082e-01
277 4 2.09439510e+00 2.98294003e-01
278 4 2.09439510e+00 3.00048174e-01
279 4 2.09439510e+00 2.98984695e-01
280 4 2.09439510e+00 2.98992154e-01
281 4 2.09439510e+00 2.98124769e-01
282 4 2.09439510e+00 2.98242997e-01
283 4 2.09439510e+00 2.99768794e-01
284 4 2.09439510e+00 3.00913166e-01
285 4 2.09439510e+00 2.99659052e-01
286 4 2.09439510e+00 2.98918660e-01
287 4 2.09439510e+00 2.98401603e-01
288 4 2.09439510e+00 2.98484603e-01
289 4 2.09439510e+00 2.97483585e-01
290 4 2.09439510e+00 2.98437017e-01
291 4 2.09439510e+00 2.99060716e-01
292 4 2.09439510e+00 2.98146046e-01
293 4 2.09439510e+00 2.97921476e-01
294 4 2.09439510e+00 3.00436785e-01
295 4 2.09439510e+00 3.00397738e-01
296 4 2.09439510e+00 2.98051894e-01
297 4 2.09439510e+00 2.99756024e-01
298 4 2.09439510e+00 2.98359320e-01
299 4 2.09439510e+00 2.99477440e-01
300 4 2.09439510e+00 3.00288601e-01
301 4 2.09439510e+00 2.97830838e-01
302 4 2.09439510e+00 2.98096014e-01
303 4 2.09439510e+00 3.00228343e-01
304 4 2.09439510e+00 3.00741501e-01
305 4 2.09439510e+00 2.98633777e-01
306 4 2.09439510e+00 2.98438880e-01
307 4 2.09439510e+00 2.98243476e-01
308 4 2.09439510e+00 2.97058914e-01
309 4 2.09439510e+00 2.98589106e-01
310 4 2.09439510e+00 3.00386276e-01
311 4 2.09439510e+00 3.00403739e-01
312 4 2.09439510e+00 3.00418376e-01
313 4 2.09439510e+00 2.97962605e-01
314 4 2.09439510e+00 2.96614766e-01
315 4 2.09439510e+00 2.97182654e-01
316 4 2.09439510e+00 2.98772075e-01
317 4 2.09439510e+00 2.99103526e-01
318 4 2.09439510e+00 2.98486851e-01
319 4 2.09439510e+00 2.99169338e-01
320 4 2.09439510e+00 2.98241904e-01
321 4 2.09439510e+00 2.97347823e-01
322 4 2.09439510e+00 2.97712494e-01
323 4 2.09439510e+00 2.97510061e-01
324 4 2.09439510e+00 2.98493914e-01
325 4 2.09439510e+00 2.98562267e-01
326 4 2.09439510e+00 2.97386476e-01
327 4 2.09439510e+00 2.97467522e-01
328 4 2.09439510e+00 2.97753625e-01
329 4 2.09439510e+00 2.97889923e-01
330 4 2.09439510e+00 2.99317850e-01
331 4 2.09439510e+00 2.96778989e-01
332 4 2.09439510e+00 2.98522284e-01
333 4 2.09439510e+00 2.97857216e-01
334 4 2.09439510e+00 2.97191063e-01
335 4 2.09439510e+00 2.98183403e-01
336 4 2.09439510e+00 2.98891977e-01
337 4 2.09439510e+00 2.99354724e-01
338 4 2.09439510e+00 3.00102247e-01
339 4 2.09439510e+00 2.99672239e-01
340 4 2.09439510e+00 2.99913566e-01
341 4 2.09439510e+00 2.99138224e-01
342 4 2.09439510e+00 3.01083094e-01
343 4 2.09439510e+00 3.00280547e-01
344 4 2.09439510e+00 2.99654105e-01
345 4 2.09439510e+00 2.99508970e-01
346 4 2.09439510e+00 2.98350452e-01
347 4 2.09439510e+00 2.96532760e-01
348 4 2.09439510e+00 2.99070780e-01
349 4 2.09439510e+00 2.97725539e-01
350 4 2.09439510e+00 2.99772765e-01
351 4 2.09439510e+00 2.99861712e-01
352 4 2.09439510e+00 2.97113672e-01
353 4 2.09439510e+00 2.98875813e-01
354 4 2.09439510e+00 2.98324915e-01
355 4 2.09439510e+00 3.00638548e-01
356 4 2.09439510e+00 2.99027440e-01
357 4 2.09439510e+00 2.98107218e-01
358 4 2.09439510e+00 2.99393993e-01
359 4 2.09439510e+00 2.97705542e-01
360 4 2.09439510e+00 2.99801585e-01
361 4 2.09439510e+00 2.99993014e-01
362 4 2.09439510e+00 2.98219767e-01
363 4 2.09439510e+00 2.97395226e-01
364 4 2.09439510e+00 2.98151356e-01
365 4 2.09439510e+00 2.98881993e-01
366 4 2.09439510e+00 2.99784207e-01
367 4 2.09439510e+00 2.98918801e-01
368 4 2.09439510e+00 2.98229908e-01
369 4 2.09439510e+00 2.97968716e-01
370 4 2.09439510e+00 2.98038315e-01
371 4 2.09439510e+00 2.97728320e-01
372 4 2.09439510e+00 2.99502271e-01
373 4 2.09439510e+00 2.98613588e-01
374 4 2.09439510e+00 2.98461172e-01
375 4 2.09439510e+00 2.98479519e-01
376 4 2.09439510e+00 2.98761048e-01
377 4 2.09439510e+00 2.99147158e-01
378 4 2.09439510e+00 2.99794278e-01
379 4 2.09439510e+00 2.98404679e-01
380 4 2.09439510e+00 2.98148647e-01
381 4 2.09439510e+00 2.99481355e-01
382 4 2.09439510e+00 2.98681046e-01
383 4 2.09439510e+00 2.99457773e-01
384 4 2.09439510e+00 2.98918301e-01
385 4 2.09439510e+00 2.99058322e-01
386 4 2.09439510e+00 2.97369692e-01
387 4 2.09439510e+00 2.98627988e-01
388 4 2.09439510e+00 2.98962725e-01
389 4 2.09439510e+00 2.98587794e-01
390 4 2.09439510e+00 2.97955852e-01
391 4 2.09439510e+00 2.96573116e-01
392 4 2.09439510e+00 3.00295293e-01
393 4 2.09439510e+00 2.99289422e-01
394 4 2.09439510e+00 3.01147639e-01
395 4 2.09439510e+00 2.99401568e-01
396 4 2.09439510e+00 3.00448741e-01
397 4 2.09439510e+00 2.99749928e-01
398 4 2.09439510e+00 3.01323741e-01
399 4 2.09439510e+00 2.97780427e-01
400 4 2.09439510e+00 2.98207410e-01
401 4 2.09439510e+00 2.99852160e-01
402 4 2.09439510e+00 2.98902757e-01
403 4 2.09439510e+00 3.00798702e-01
404 4 2.09439510e+00 2.99205614e-01
405 4 2.09439510e+00 2.99048345e-01
406 4 2.09439510e+00 2.96419565e-01
407 4 2.09439510e+00 3.00465819e-01
408 4 2.09439510e+00 2.97445365e-01
409 4 2.09439510e+00 2.99653815e-01
410 4 2.09439510e+00 2.98135539e-01
411 4 2.09439510e+00 2.99095585e-01
412 4 2.09439510e+00 2.99146413e-01
413 4 2.09439510e+00 3.00189924e-01
414 4 2.09439510e+00 2.97929673e-01
415 4 2.09439510e+00 2.98555000e-01
416 4 2.09439510e+00 2.98264302e-01
417 4 2.09439510e+00 2.98434078e-01
418 4 2.09439510e+00 2.98953791e-01
419 4 2.09439510e+00 2.99651063e-01
420 4 2.09439510e+00 2.98863679e-01
421 4 2.09439510e+00 2.98421584e-01
422 4 2.09439510e+00 2.97554945e-01
423 4 2.09439510e+00 2.98896181e-01
424 4 2.09439510e+00 2.97420252e-01
425 4 2.09439510e+00 3.00608992e-01
426 4 2.09439510e+00 2.97767309e-01
427 4 2.09439510e+00 2.98802528e-01
428 4 2.09439510e+00 2.99264629e-01
429 4 2.09439510e+00 2.99242968e-01
430 4 2.09439510e+00 2.99425133e-01
431 4 2.09439510e+00 2.99347795e-01
432 4 2.09439510e+00 2.98764125e-01
433 4 2.09439510e+00 3.00260392e-01
434 4 2.09439510e+00 2.99163430e-01
435 4 2.09439510e+00 2.99039341e-01
436 4 2.09439510e+00 2.99366724e-01
437 4 2.09439510e+00 2.98636265e-01
438 4 2.09439510e+00 2.99356006e-01
439 4 2.09439510e+00 2.98663679e-01
440 4 2.09439510e+00 2.98169263e-01
441 4 2.09439510e+00 2.95863849e-01
442 4 2.09439510e+00 2.99733164e-01
443 4 2.09439510e+00 2.98336216e-01
444 4 2.09439510e+00 2.99139850e-01
445 4 2.09439510e+00 2.99016516e-01
446 4 2.09439510e+00 2.99041656e-01
447 4 2.09439510e+00 2.98878036e-01
448 4 2.09439510e+00 3.00522358e-01
449 4 2.09439510e+00 3.00227948e-01
450 4 2.09439510e+00 2.99001534e-01
451 4 2.09439510e+00 3.00332754e-01
452 4 2.09439510e+00 3.02007922e-01
453 4 2.09439510e+00 2.98839767e-01
454 4 2.09439510e+00 3.00226572e-01
455 4 2.09439510e+00 2.97849661e-01
456 4 2.09439510e+00 2.97610644e-01
457 4 2.09439510e+00 2.98932885e-01
458 4 2.09439510e+00 2.99122138e-01
459 4 2.09439510e+00 2.99584548e-01
460 4 2.09439510e+00 2.98408744e-01
461 4 2.09439510e+00 2.99488697e-01
462 4 2.09439510e+00 2.99193494e-01
463 4 2.09439510e+00 2.99267833e-01
464 4 2.09439510e+00 2.99583306e-01
465 4 2.09439510e+00 2.99327539e-01
466 4 2.09439510e+00 2.98377528e-01
467 4 2.09439510e+00 2.98136091e-01
468 4 2.09439510e+00 2.98989134e-01
469 4 2.09439510e+00 2.97969291e-01
470 4 2.09439510e+00 2.99630671e-01
471 4 2.09439510e+00 2.97710630e-01
472 4 2.09439510e+00 2.98001135e-01
473 4 2.09439510e+00 2.99171936e-01
474 4 2.09439510e+00 3.00611481e-01
475 4 2.09439510e+00 2.99014249e-01
476 4 2.09439510e+00 2.97958018e-01
477 4 2.09439510e+00 2.95888589e-01
478 4 2.09439510e+00 2.99825616e-01
479 4 2.09439510e+00 2.98273246e-01
480 4 2.09439510e+00 2.97917887e-01
481 4 2.09439510e+00 2.99701561e-01
482 4 2.09439510e+00 2.98148107e-01
483 4 2.09439510e+00 3.00256932e-01
484 4 2.09439510e+00 2.99222979e-01
485 4 2.09439510e+00 2.99533594e-01
486 4 2.09439510e+00 2.99203824e-01
487 4 2.09439510e+00 2.99622272e-01
488 4 2.09439510e+00 2.97278578e-01
489 4 2.09439510e+00 2.98008833e-01
490 4 2.09439510e+00 2.98154931e-01
491 4 2.09439510e+00 2.98107985e-01
492 4 2.09439510e+00 2.99574184e-01
493 4 2.09439510e+00 2.98252406e-01
494 4 2.09439510e+00 2.98841204e-01
495 4 2.09439510e+00 3.00812395e-01
496 4 2.09439510e+00 2.97917233e-01
497 4 2.09439510e+00 2.98497050e-01
498 4 2.09439510e+00 2.99606228e-01
499 4 2.09439510e+00 2.97220260e-01
500 4 2.09439510e+00 2.98244074e-01
501 4 2.09439510e+00 2.98659117e-01
502 4 2.09439510e+00 2.98899154e-01
503 4 2.09439510e+00 2.99594748e-01
504 4 2.09439510e+00 2.97254719e-01
505 4 2.09439510e+00 2.98676022e-01
506 4 2.09439510e+00 2.99321646e-01
507 4 2.09439510e+00 2.98188953e-01
508 4 2.09439510e+00 2.98871532e-01
509 4 2.09439510e+00 2.99312368e-01
510 4 2.09439510e+00 3.00149178e-01
511 4 2.09439510e+00 2.98308617e-01
512 4 2.09439510e+00 2.98431863e-01
513 4 2.09439510e+00 2.99945188e-01
514 4 2.09439510e+00 2.98741395e-01
515 4 2.09439510e+00 2.99848573e-01
516 4 2.09439510e+00 2.98303782e-01
517 4 2.09439510e+00 2.98754148e-01
518 4 2.09439510e+00 2.97283680e-01
519 4 2.09439510e+00 2.98429170e-01
520 4 2.09439510e+00 2.97861292e-01
521 4 2.09439510e+00 2.95758319e-01
522 4 2.09439510e+00 2.99478165e-01
523 4 2.09439510e+00 2.97662163e-01
524 4 2.09439510e+00 2.98104028e-01
525 4 2.09439510e+00 2.99746244e-01
526 4 2.09439510e+00 2.98917041e-01
527 4 2.09439510e+00 2.98335603e-01
528 4 2.09439510e+00 2.99443509e-01
529 4 2.09439510e+00 2.99823829e-01
530 4 2.09439510e+00 2.97799261e-01
531 4 2.09439510e+00 2.98596579e-01
532 4 2.09439510e+00 2.99610334e-01
533 4 2.09439510e+00 3.00384126e-01
534 4 2.09439510e+00 3.00656560e-01
535 4 2.09439510e+00 2.98532465e-01
536 4 2.09439510e+00 3.01997164e-01
537 4 2.09439510e+00 3.00856074e-01
538 4 2.09439510e+00 2.98423392e-01
539 4 2.09439510e+00 2.99970781e-01
540 4 2.09439510e+00 2.99086836e-01
541 4 2.09439510e+00 2.99456016e-01
542 4 2.09439510e+00 3.00489757e-01
543 4 2.09439510e+00 2.98114847e-01
544 4 2.09439510e+00 2.98473555e-01
545 4 2.09439510e+00 2.98314550e-01
546 4 2.09439510e+00 2.99668212e-01
547 4 2.09439510e+00 3.00149050e-01
548 4 2.09439510e+00 2.99116444e-01
549 4 2.09439510e+00 2.99292285e-01
550 4 2.09439510e+00 2.98176225e-01
551 4 2.09439510e+00 2.98462804e-01
552 4 2.09439510e+00 2.98731648e-01
553 4 2.09439510e+00 2.98426414e-01
554 4 2.09439510e+00 2.99081885e-01
555 4 2.09439510e+00 2.98055220e-01
556 4 2.09439510e+00 2.98246068e-01
557 4 2.09439510e+00 2.99407665e-01
558 4 2.09439510e+00 2.98691700e-01
559 4 2.09439510e+00 2.98201615e-01
560 4 2.09439510e+00 3.00521733e-01
561 4 2.09439510e+00 2.97903594e-01
562 4 2.09439510e+00 2.99920145e-01
563 4 2.09439510e+00 2.99153530e-01
564 4 2.09439510e+00 2.99834769e-01
565 4 2.09439510e+00 2.99360431e-01
566 4 2.09439510e+00 2.98701169e-01
567 4 2.09439510e+00 2.99752999e-01
568 4 2.09439510e+00 2.99429838e-01
569 4 2.09439510e+00 2.99958321e-01
570 4 2.09439510e+00 3.00036148e-01
571 4 2.09439510e+00 2.98106092e-01
572 4 2.09439510e+00 2.97889635e-01
573 4 2.09439510e+00 2.96924156e-01
574 4 2.09439510e+00 2.96303006e-01
575 4 2.09439510e+00 2.99918220e-01
576 4 2.09439510e+00 2.97970809e-01
577 4 2.09439510e+00 2.97978837e-01
578 4 2.09439510e+00 2.98577410e-01
579 4 2.09439510e+00 2.98705068e-01
580 4 2.09439510e+00 2.96691485e-01
581 4 2.09439510e+00 2.97985628e-01
582 4 2.09439510e+00 2.98252131e-01
583 4 2.09439510e+00 2.99456024e-01
584 4 2.09439510e+00 2.97809421e-01
585 4 2.09439510e+00 2.99038318e-01
586 4 2.09439510e+00 2.98540889e-01
587 4 2.09439510e+00 2.99441003e-01
588 4 2.09439510e+00 2.96749910e-01
589 4 2.09439510e+00 2.99377880e-01
590 4 2.09439510e+00 2.98357654e-01
591 4 2.09439510e+00 2.99397508e-01
592 4 2.09439510e+00 2.99702318e-01
593 4 2.09439510e+00 2.98699259e-01
594 4 2.09439510e+00 2.98739592e-01
595 4 2.09439510e+00 2.98417878e-01
596 4 2.09439510e+00 3.00861780e-01
597 4 2.09439510e+00 2.99647741e-01
598 4 2.09439510e+00 2.98721843e-01
599 4 2.09439510e+00 2.99209521e-01
600 4 2.09439510e+00 2.99730971e-01
601 4 2.09439510e+00 3.00420451e-01
602 4 2.09439510e+00 2.97205235e-01
603 4 2.09439510e+00 2.98929491e-01
604 4 2.09439510e+00 2.99279388e-01
605 4 2.09439510e+00 2.99015408e-01
606 4 2.09439510e+00 2.98286191e-01
607 4 2.09439510e+00 2.98916305e-01
608 4 2.09439510e+00 2.99144340e-01
609 4 2.09439510e+00 2.96457512e-01
610 4 2.09439510e+00 2.98758929e-01
611 4 2.09439510e+00 2.98356965e-01
612 4 2.09439510e+00 3.00030912e-01
613 4 2.09439510e+00 2.98913505e-01
614 4 2.09439510e+00 2.99974456e-01
615 4 2.09439510e+00 2.96897107e-01
616 4 2.09439510e+00 3.00372290e-01
617 4 2.09439510e+00 2.99853194e-01
618 4 2.09439510e+00 2.98123577e-01
619 4 2.09439510e+00 2.99826484e-01
620 4 2.09439510e+00 2.99322997e-01
621 4 2.09439510e+00 2.99517355e-01
622 4 2.09439510e+00 2.98493776e-01
623 4 2.09439510e+00 2.99350030e-01
624 4 2.09439510e+00 2.99239361e-01
625 4 2.09439510e+00 2.99015481e-01
626 4 2.09439510e+00 2.98146143e-01
627 4 2.09439510e+00 3.00414806e-01
628 4 2.09439510e+00 2.98696156e-01
629 4 2.09439510e+00 2.97124765e-01
630 4 2.09439510e+00 2.97331456e-01
631 4 2.09439510e+00 2.99237219e-01
632 4 2.09439510e+00 2.99930207e-01
633 4 2.09439510e+00 2.97306120e-01
634 4 2.09439510e+00 3.00298993e-01
635 4 2.09439510e+00 2.97905806e-01
636 4 2.09439510e+00 2.98669512e-01
637 4 2.09439510e+00 2.96031402e-01
638 4 2.09439510e+00 2.99581245e-01
639 4 2.09439510e+00 2.97332168e-01
640 4 2.09439510e+00 2.98385742e-01
641 4 2.09439510e+00 2.99478439e-01
642 4 2.09439510e+00 2.97820089e-01
643 4 2.09439510e+00 3.00046372e-01
644 4 2.09439510e+00 3.01283582e-01
645 4 2.09439510e+00 2.97665327e-01
646 4 2.09439510e+00 2.97206377e-01
647 4 2.09439510e+00 2.97669361e-01
648 4 2.09439510e+00 2.98637660e-01
649 4 2.09439510e+00 2.97357873e-01
650 4 2.09439510e+00 2.97946280e-01
651 4 2.09439510e+00 2.98101583e-01
652 4 2.09439510e+00 2.97972437e-01
653 4 2.09439510e+00 3.00203811e-01
654 4 2.09439510e+00 2.96934155e-01
655 4 2.09439510e+00 2.99118925e-01
656 4 2.09439510e+00 2.97819488e-01
657 4 2.09439510e+00 2.99147424e-01
658 4 2.09439510e+00 3.00716827e-01
659 4 2.09439510e+00 2.98179833e-01
660 4 2.09439510e+00 2.97040773e-01
661 4 2.09439510e+00 2.98430986e-01
662 4 2.09439510e+00 2.99042536e-01
663 4 2.09439510e+00 2.99177913e-01
664 4 2.09439510e+00 2.99404489e-01
665 4 2.09439510e+00 2.97869689e-01
666 4 2.09439510e+00 2.98547092e-01
667 4 2.09439510e+00 2.98458181e-01
668 4 2.09439510e+00 2.98347071e-01
669 4 2.09439510e+00 2.97921179e-01
670 4 2.09439510e+00 2.99172751e-01
671 4 2.09439510e+00 2.99396944e-01
672 4 2.09439510e+00 2.99332170e-01
673 4 2.09439510e+00 3.00644834e-01
674 4 2.09439510e+00 2.97513542e-01
675 4 2.09439510e+00 2.97208420e-01
676 4 2.09439510e+00 2.97497877e-01
677 4 2.09439510e+00 3.00302767e-01
678 4 2.09439510e+00 2.99888972e-01
679 4 2.09439510e+00 2.97784578e-01
680 4 2.09439510e+00 2.99979020e-01
681 4 2.09439510e+00 2.98347170e-01
682 4 2.09439510e+00 2.98551396e-01
683 4 2.09439510e+00 2.97178188e-01
684 4 2.09439510e+00 2.99284362e-01
685 4 2.09439510e+00 2.98536220e-01
686 4 2.09439510e+00 2.99474376e-01
687 4 2.09439510e+00 2.99481561e-01
688 4 2.09439510e+00 2.98071700e-01
689 4 2.09439510e+00 2.98381701e-01
690 4 2.09439510e+00 2.98433012e-01
691 4 2.09439510e+00 2.98842209e-01
692 4 2.09439510e+00 2.98670094e-01
693 4 2.09439510e+00 2.98500565e-01
694 4 2.09439510e+00 2.96355069e-01
695 4 2.09439510e+00 2.97975551e-01
696 4 2.09439510e+00 2.98512474e-01
697 4 2.09439510e+00 3.00443161e-01
698 4 2.09439510e+00 2.99716111e-01
699 4 2.09439510e+00 2.98892713e-01
700 4 2.09439510e+00 2.99283949e-01
701 4 2.09439510e+00 3.00755464e-01
702 4 2.09439510e+00 2.97678165e-01
703 4 2.09439510e+00 3.00671510e-01
704 4 2.09439510e+00 2.97406926e-01
705 4 2.09439510e+00 2.98944877e-01
706 4 2.09439510e+00 2.99778894e-01
707 4 2.09439510e+00 2.97540679e-01
708 4 2.09439510e+00 2.99999714e-01
709 4 2.09439510e+00 2.99353490e-01
710 4 2.09439510e+00 2.98892145e-01
711 4 2.09439510e+00 2.99970562e-01
712 4 2.09439510e+00 3.00275660e-01
713 4 2.09439510e+00 2.98687902e-01
714 4 2.09439510e+00 2.97030011e-01
715 4 2.09439510e+00 2.98793656e-01
716 4 2.09439510e+00 2.99140499e-01
717 4 2.09439510e+00 2.97225148e-01
718 4 2.09439510e+00 2.97422194e-01
719 4 2.09439510e+00 2.96748523e-01
720 4 2.09439510e+00 2.98540175e-01
721 4 2.09439510e+00 3.00589064e-01
722 4 2.09439510e+00 2.98389903e-01
723 4 2.09439510e+00 2.98894216e-01
724 4 2.09439510e+00 2.98074676e-01
725 4 2.09439510e+00 2.97004152e-01
726 4 2.09439510e+00 2.99889167e-01
727 4 2.09439510e+00 2.97774594e-01
728 4 2.09439510e+00 2.99482804e-01
729 4 2.09439510e+00 3.00490252e-01
730 4 2.09439510e+00 2.97428455e-01
731 4 2.09439510e+00 2.98974093e-01
732 4 2.09439510e+00 2.98557853e-01
733 4 2.09439510e+00 3.00009433e-01
734 4 2.09439510e+00 2.98613256e-01
735 4 2.09439510e+00 2.99765357e-01
736 4 2.09439510e+00 2.97885989e-01
737 4 2.09439510e+00 2.99079753e-01
738 4 2.09439510e+00 2.99823848e-01
739 4 2.09439510e+00 2.98384550e-01
740 4 2.09439510e+00 2.98394966e-01
741 4 2.09439510e+00 2.98582807e-01
742 4 2.09439510e+00 2.97728613e-01
743 4 2.09439510e+00 3.00390786e-01
744 4 2.09439510e+00 2.99522280e-01
745 4 2.09439510e+00 2.99251952e-01
746 4 2.09439510e+00 2.97932656e-01
747 4 2.09439510e+00 3.00037019e-01
748 4 2.09439510e+00 2.98965268e-01
749 4 2.09439510e+00 2.99808060e-01
750 4 2.09439510e+00 2.98318250e-01
751 4 2.09439510e+00 3.01086113e-01
752 4 2.09439510e+00 3.00515484e-01
753 4 2.09439510e+00 3.00344040e-01
754 4 2.09439510e+00 2.99323041e-01
755 4 2.09439510e+00 2.97284466e-01
756 4 2.09439510e+00 2.99391238e-01
757 4 2.09439510e+00 2.97686521e-01
758 4 2.09439510e+00 2.98439131e-01
759 4 2.09439510e+00 2.98388001e-01
760 4 2.09439510e+00 2.97925098e-01
761 4 2.09439510e+00 2.98496191e-01
762 4 2.09439510e+00 3.00074901e-01
763 4 2.09439510e+00 2.99514624e-01
764 4 2.09439510e+00 3.00048769e-01
765 4 2.09439510e+00 3.00080748e-01
766 4 2.09439510e+00 2.97664025e-01
767 4 2.09439510e+00 2.98342222e-01
768 4 2.09439510e+00 2.99174460e-01
769 4 2.09439510e+00 2.99793841e-01
770 4 2.09439510e+00 2.99798209e-01
771 4 2.09439510e+00 3.00544005e-01
772 4 2.09439510e+00 2.98500806e-01
773 4 2.09439510e+00 2.98222954e-01
774 4 2.09439510e+00 2.98941713e-01
775 4 2.09439510e+00 2.99365950e-01
776 4 2.09439510e+00 2.99403203e-01
777 4 2.09439510e+00 2.99494786e-01
778 4 2.09439510e+00 2.99395288e-01
779 4 2.09439510e+00 2.99247395e-01
780 4 2.09439510e+00 2.99560518e-01
781 4 2.09439510e+00 2.99589397e-01
782 4 2.09439510e+00 2.99559654e-01
783 4 2.09439510e+00 2.96927721e-01
784 4 2.09439510e+00 2.98185985e-01
785 4 2.09439510e+00 2.98321601e-01
786 4 2.09439510e+00 2.99103349e-01
787 4 2.09439510e+00 2.97182842e-01
788 4 2.09439510e+00 2.97838763e-01
789 4 2.09439510e+00 2.97367426e-01
790 4 2.09439510e+00 2.97710528e-01
791 4 2.09439510e+00 2.98861271e-01
792 4 2.09439510e+00 2.99050554e-01
793 4 2.09439510e+00 2.97749939e-01
794 4 2.09439510e+00 2.99047419e-01
795 4 2.09439510e+00 2.99671885e-01
796 4 2.09439510e+00 2.97921743e-01
797 4 2.09439510e+00 2.97778167e-01
798 4 2.09439510e+00 2.97589075e-01
799 4 2.09439510e+00 2.98132113e-01
800 4 2.09439510e+00 3.00471711e-01
801 4 2.09439510e+00 2.99781034e-01
802 4 2.09439510e+00 3.00473337e-01
803 4 2.09439510e+00 3.00678748e-01
804 4 2.09439510e+00 2.99438064e-01
805 4 2.09439510e+00 2.99155450e-01
806 4 2.09439510e+00 3.00009139e-01
807 4 2.09439510e+00 2.99315941e-01
808 4 2.09439510e+00 2.99036691e-01
809 4 2.09439510e+00 2.98792061e-01
810 4 2.09439510e+00 2.98899782e-01
811 4 2.09439510e+00 2.98274705e-01
812 4 2.09439510e+00 2.97057412e-01
813 4 2.09439510e+00 3.01031276e-01
814 4 2.09439510e+00 2.98252995e-01
815 4 2.09439510e+00 2.99255370e-01
816 4 2.09439510e+00 2.99303775e-01
817 4 2.09439510e+00 3.00107786e-01
818 4 2.09439510e+00 2.96999058e-01
819 4 2.09439510e+00 2.99547353e-01
820 4 2.09439510e+00 2.98974025e-01
821 4 2.09439510e+00 2.97219509e-01
822 4 2.09439510e+00 2.98845852e-01
823 4 2.09439510e+00 2.98254462e-01
824 4 2.09439510e+00 2.98207368e-01
825 4 2.09439510e+00 2.97923511e-01
826 4 2.09439510e+00 2.99052590e-01
827 4 2.09439510e+00 2.98595281e-01
828 4 2.09439510e+00 2.99331395e-01
829 4 2.09439510e+00 2.98471678e-01
830 4 2.09439510e+00 2.97958146e-01
831 4 2.09439510e+00 2.98410282e-01
832 4 2.09439510e+00 2.99475528e-01
833 4 2.09439510e+00 3.00865981e-01
834 4 2.09439510e+00 2.98934853e-01
835 4 2.09439510e+00 2.99388957e-01
836 4 2.09439510e+00 2.98492917e-01
837 4 2.09439510e+00 3.00146693e-01
838 4 2.09439510e+00 2.99419197e-01
839 4 2.09439510e+00 2.98526369e-01
840 4 2.09439510e+00 2.98459522e-01
841 4 2.09439510e+00 2.97575026e-01
842 4 2.09439510e+00 2.98153347e-01
843 4 2.09439510e+00 3.00135835e-01
844 4 2.09439510e+00 3.00486084e-01
845 4 2.09439510e+00 2.98584060e-01
846 4 2.09439510e+00 2.97080292e-01
847 4 2.09439510e+00 2.99487352e-01
848 4 2.09439510e+00 2.98402671e-01
849 4 2.09439510e+00 2.97849130e-01
850 4 2.09439510e+00 2.96986662e-01
851 4 2.09439510e+00 2.97688742e-01
852 4 2.09439510e+00 3.00944788e-01
853 4 2.09439510e+00 2.98954022e-01
854 4 2.09439510e+00 2.97686467e-01
855 4 2.09439510e+00 2.98287218e-01
856 4 2.09439510e+00 2.99595304e-01
857 4 2.09439510e+00 2.99077415e-01
858 4 2.09439510e+00 3.00419928e-01
859 4 2.09439510e+00 3.00304288e-01
860 4 2.09439510e+00 2.98016863e-01
861 4 2.09439510e+00 2.96538919e-01
862 4 2.09439510e+00 2.99767565e-01
863 4 2.09439510e+00 2.99964594e-01
864 4 2.09439510e+00 2.98054115e-01
865 4 2.09439510e+00 2.96872093e-01
866 4 2.09439510e+00 3.00139792e-01
867 4 2.09439510e+00 2.97559133e-01
868 4 2.09439510e+00 2.98371765e-01
869 4 2.09439510e+00 2.99019553e-01
870 4 2.09439510e+00 2.96901915e-01
871 4 2.09439510e+00 2.97691237e-01
872 4 2.09439510e+00 2.98323105e-01
873 4 2.09439510e+00 2.97670402e-01
874 4 2.09439510e+00 2.98686799e-01
875 4 2.09439510e+00 2.99355876e-01
876 4 2.09439510e+00 2.99202504e-01
877 4 2.09439510e+00 2.98041946e-01
878 4 2.09439510e+00 2.97560829e-01
879 4 2.09439510e+00 2.97577321e-01
880 4 2.09439510e+00 3.00890314e-01
881 4 2.09439510e+00 2.99054422e-01
882 4 2.09439510e+00 2.98413173e-01
883 4 2.09439510e+00 2.98227721e-01
884 4 2.09439510e+00 2.97027539e-01
885 4 2.09439510e+00 2.98929094e-01
886 4 2.09439510e+00 2.97735341e-01
887 4 2.09439510e+00 3.01731254e-01
888 4 2.09439510e+00 2.96881508e-01
889 4 2.09439510e+00 2.99577701e-01
890 4 2.09439510e+00 2.99423228e-01
891 4 2.09439510e+00 3.00259117e-01
892 4 2.09439510e+00 2.98774884e-01
893 4 2.09439510e+00 2.98734548e-01
894 4 2.09439510e+00 2.99737572e-01
895 4 2.09439510e+00 2.98540825e-01
896 4 2.09439510e+00 2.97507883e-01
897 4 2.09439510e+00 2.98482683e-01
898 4 2.09439510e+00 2.98613402e-01
899 4 2.09439510e+00 2.98845484e-01
900 4 2.09439510e+00 2.98450218e-01
901 4 2.09439510e+00 2.97835092e-01
902 4 2.09439510e+00 2.99065685e-01
903 4 2.09439510e+00 2.99712324e-01
904 4 2.09439510e+00 3.00381057e-01
905 4 2.09439510e+00 2.98854583e-01
906 4 2.09439510e+00 2.99073723e-01
907 4 2.09439510e+00 2.98380385e-01
908 4 2.09439510e+00 2.98082107e-01
909 4 2.09439510e+00 2.99978869e-01
910 4 2.09439510e+00 2.98290212e-01
911 4 2.09439510e+00 2.99340440e-01
912 4 2.09439510e+00 2.99847266e-01
913 4 2.09439510e+00 2.99191254e-01
914 4 2.09439510e+00 2.98470191e-01
915 4 2.09439510e+00 2.99858064e-01
916 4 2.09439510e+00 2.98437025e-01
917 4 2.09439510e+00 2.98843412e-01
918 4 2.09439510e+00 2.98680305e-01
919 4 2.09439510e+00 2.98773740e-01
920 4 2.09439510e+00 2.99735716e-01
921 4 2.09439510e+00 2.98233849e-01
922 4 2.09439510e+00 2.98627638e-01
923 4 2.09439510e+00 2.96901514e-01
924 4 2.09439510e+00 2.98255409e-01
925 4 2.09439510e+00 2.99043527e-01
926 4 2.09439510e+00 3.00145662e-01
927 4 2.09439510e+00 2.99157959e-01
928 4 2.09439510e+00 2.98498743e-01
929 4 2.09439510e+00 2.99580154e-01
930 4 2.09439510e+00 2.98991411e-01
931 4 2.09439510e+00 2.98323970e-01
932 4 2.09439510e+00 3.00611344e-01
933 4 2.09439510e+00 2.98114045e-01
934 4 2.09439510e+00 2.98615404e-01
935 4 2.09439510e+00 2.99359806e-01
936 4 2.09439510e+00 2.98953595e-01
937 4 2.09439510e+00 2.99880229e-01
938 4 2.09439510e+00 2.98998661e-01
939 4 2.09439510e+00 2.98547470e-01
940 4 2.09439510e+00 2.99400501e-01
941 4 2.09439510e+00 2.99474096e-01
942 4 2.09439510e+00 3.01219766e-01
943 4 2.09439510e+00 2.98162122e-01
944 4 2.09439510e+00 2.98207485e-01
945 4 2.09439510e+00 2.97783832e-01
946 4 2.09439510e+00 2.99560647e-01
947 4 2.09439510e+00 2.99169404e-01
948 4 2.09439510e+00 2.99428468e-01
949 4 2.09439510e+00 2.98120098e-01
950 4 2.09439510e+00 2.98698085e-01
951 4 2.09439510e+00 2.99325707e-01
952 4 2.09439510e+00 2.99085277e-01
953 4 2.09439510e+00 3.00903945e-01
954 4 2.09439510e+00 2.97967435e-01
955 4 2.09439510e+00 2.99634248e-01
956 4 2.09439510e+00 3.00018865e-01
957 4 2.09439510e+00 2.99326911e-01
958 4 2.09439510e+00 2.98693550e-01
959 4 2.09439510e+00 2.98499702e-01
960 4 2.09439510e+00 2.96936123e-01
961 4 2.09439510e+00 2.98618438e-01
962 4 2.09439510e+00 2.99021961e-01
963 4 2.09439510e+00 2.98818480e-01
964 4 2.09439510e+00 2.99847146e-01
965 4 2.09439510e+00 2.99803455e-01
966 4 2.09439510e+00 2.99285852e-01
967 4 2.09439510e+00 2.98787658e-01
968 4 2.09439510e+00 2.99728144e-01
969 4 2.09439510e+00 2.98845847e-01
970 4 2.09439510e+00 2.98557692e-01
971 4 2.09439510e+00 2.98893508e-01
972 4 2.09439510e+00 2.97516412e-01
973 4 2.09439510e+00 2.98166496e-01
974 4 2.09439510e+00 2.99374602e-01
975 4 2.09439510e+00 2.99907953e-01
976 4 2.09439510e+00 2.99345002e-01
977 4 2.09439510e+00 3.00581286e-01
978 4 2.09439510e+00 2.97711196e-01
979 4 2.09439510e+00 2.98173802e-01
980 4 2.09439510e+00 2.97066337e-01
981 4 2.09439510e+00 2.97673949e-01
982 4 2.09439510e+00 2.99578605e-01
983 4 2.09439510e+00 2.98938671e-01
984 4 2.09439510e+00 2.99680798e-01
985 4 2.09439510e+00 2.98821708e-01
986 4 2.09439510e+00 3.00151815e-01
987 4 2.09439510e+00 2.99662951e-01
988 4 2.09439510e+00 2.99414393e-01
989 4 2.09439510e+00 3.00266512e-01
990 4 2.09439510e+00 2.97563668e-01
991 4 2.09439510e+00 2.98665265e-01
992 4 2.09439510e+00 2.97543814e-01
993 4 2.09439510e+00 2.99413514e-01
994 4 2.09439510e+00 2.98170198e-01
995 4 2.09439510e+00 2.97983142e-01
996 4 2.09439510e+00 2.98401709e-01
997 4 2.09439510e+00 2.98272224e-01
998 4 2.09439510e+00 3.00223409e-01
999 4 2.09439510e+00 2.97953530e-01
1000 4 2.09439510e+00 2.98634163e-01
1001 4 2.09439510e+00 2.97493198e-01
1002 4 2.09439510e+00 2.97716362e-01
1003 4 2.09439510e+00 2.98958688e-01
1004 4 2.09439510e+00 3.01415275e-01
1005 4 2.09439510e+00 2.98302775e-01
1006 4 2.09439510e+00 2.98927424e-01
1007 4 2.09439510e+00 2.98031967e-01
1008 4 2.09439510e+00 2.95722554e-01
1009 4 2.09439510e+00 2.99264191e-01
1010 4 2.09439510e+00 2.98642958e-01
1011 4 2.09439510e+00 3.00823212e-01
1012 4 2.09439510e+00 2.98573340e-01
0 5 2.61799388e+00 3.43677018e-01
1 5 2.61799388e+00 3.44548545e-01
2 5 2.61799388e+00 3.44537478e-01
3 5 2.61799388e+00 3.41613424e-01
4 5 2.61799388e+00 3.43455039e-01
5 5 2.61799388e+00 3.41799502e-01
6 5 2.61799388e+00 3.44577938e-01
7 5 2.61799388e+00 3.45214163e-01
8 5 2.61799388e+00 3.42518846e-01
9 5 2.61799388e+00 3.43611029e-01
10 5 2.61799388e+00 3.41580391e-01
11 5 2.61799388e+00 3.42857810e-01
12 5 2.61799388e+00 3.45501747e-01
13 5 2.61799388e+00 3.44737041e-01
14 5 2.61799388e+00 3.45830145e-01
15 5 2.61799388e+00 3.44282035e-01
16 5 2.61799388e+00 3.44814806e-01
17 5 2.61799388e+00 3.43543397e-01
18 5 2.61799388e+00 3.42414942e-01
19 5 2.61799388e+00 3.43502106e-01
20 5 2.61799388e+00 3.43263378e-01
21 5 2.61799388e+00 3.43208927e-01
22 5 2.61799388e+00 3.42582919e-01
23 5 2.61799388e+00 3.42643940e-01
24 5 2.61799388e+00 3.43682613e-01
25 5 2.61799388e+00 3.42239243e-01
26 5 2.61799388e+00 3.43455721e-01
27 5 2.61799388e+00 3.41280877e-01
28 5 2.61799388e+00 3.43439393e-01
29 5 2.61799388e+00 3.42091367e-01
30 5 2.61799388e+00 3.39799138e-01
31 5 2.61799388e+00 3.42877015e-01
32 5 2.61799388e+00 3.44638409e-01
33 5 2.61799388e+00 3.41766396e-01
34 5 2.61799388e+00 3.41920474e-01
35 5 2.61799388e+00 3.43161381e-01
36 5 2.61799388e+00 3.42593093e-01
37 5 2.61799388e+00 3.42544657e-01
38 5 2.61799388e+00 3.44516272e-01
39 5 2.61799388e+00 3.43228235e-01
40 5 2.61799388e+00 3.43198908e-01
41 5 2.61799388e+00 3.42124201e-01
42 5 2.61799388e+00 3.42696487e-01
43 5 2.61799388e+00 3.43186422e-01
44 5 2.61799388e+00 3.44309373e-01
45 5 2.61799388e+00 3.43712297e-01
46 5 2.61799388e+00 3.43361554e-01
47 5 2.61799388e+00 3.42128707e-01
48 5 2.61799388e+00 3.44026339e-01
49 5 2.61799388e+00 3.40232334e-01
50 5 2.61799388e+00 3.44118179e-01
51 5 2.61799388e+00 3.43630738e-01
52 5 2.61799388e+00 3.44436198e-01
53 5 2.61799388e+00 3.42641501e-01
54 5 2.61799388e+00 3.44377797e-01
55 5 2.61799388e+00 3.41592765e-01
56 5 2.61799388e+00 3.43402241e-01
57 5 2.61799388e+00 3.41353397e-01
58 5 2.61799388e+00 3.43667463e-01
59 5 2.61799388e+00 3.43277563e-01
60 5 2.61799388e+00 3.42893647e-01
61 5 2.61799388e+00 3.41779381e-01
62 5 2.61799388e+00 3.43237853e-01
63 5 2.61799388e+00 3.41550766e-01
64 5 2.61799388e+00 3.42338246e-01
65 5 2.61799388e+00 3.45168819e-01
66 5 2.61799388e+00 3.41647095e-01
67 5 2.61799388e+00 3.42433439e-01
68 5 2.61799388e+00 3.43689842e-01
69 5 2.61799388e+00 3.42458483e-01
70 5 2.61799388e+00 3.43158949e-01
71 5 2.61799388e+00 3.42463910e-01
72 5 2.61799388e+00 3.44182755e-01
73 5 2.61799388e+00 3.45014199e-01
74 5 2.61799388e+00 3.40098922e-01
75 5 2.61799388e+00 3.40368732e-01
76 5 2.61799388e+00 3.42946993e-01
77 5 2.61799388e+00 3.42996919e-01
78 5 2.61799388e+00 3.43653204e-01
79 5 2.61799388e+00 3.44703643e-01
80 5 2.61799388e+00 3.42368506e-01
81 5 2.61799388e+00 3.44140258e-01
82 5 2.61799388e+00 3.44443256e-01
83 5 2.61799388e+00 3.41788427e-01
84 5 2.61799388e+00 3.43251152e-01
85 5 2.61799388e+00 3.45413509e-01
86 5 2.61799388e+00 3.40878451e-01
87 5 2.61799388e+00 3.40434027e-01
88 5 2.61799388e+00 3.43278113e-01
89 5 2.61799388e+00 3.43113359e-01
90 5 2.61799388e+00 3.42889906e-01
91 5 2.61799388e+00 3.43660469e-01
92 5 2.61799388e+00 3.42542105e-01
93 5 2.61799388e+00 3.44280331e-01
94 5 2.61799388e+00 3.43006993e-01
95 5 2.61799388e+00 3.41882298e-01
96 5 2.61799388e+00 3.44421754e-01
97 5 2.61799388e+00 3.44281980e-01
98 5 2.61799388e+00 3.44424995e-01
99 5 2.61799388e+00 3.44826478e-01
100 5 2.61799388e+00 3.41619546e-01
101 5 2.61799388e+00 3.43280860e-01
102 5 2.61799388e+00 3.44086099e-01
103 5 2.61799388e+00 3.41798883e-01
104 5 2.61799388e+00 3.43955136e-01
105 5 2.61799388e+00 3.40536728e-01
106 5 2.61799388e+00 3.43810094e-01
107 5 2.61799388e+00 3.45288540e-01
108 5 2.61799388e+00 3.41198091e-01
109 5 2.61799388e+00 3.43250327e-01
110 5 2.61799388e+00 3.40461500e-01
111 5 2.61799388e+00 3.42515287e-01
112 5 2.61799388e+00 3.40810140e-01
113 5 2.61799388e+00 3.41284306e-01
114 5 2.61799388e+00 3.45771427e-01
115 5 2.61799388e+00 3.43860846e-01
116 5 2.61799388e+00 3.44033926e-01
117 5 2.61799388e+00 3.44445110e-01
118 5 2.61799388e+00 3.43995176e-01
119 5 2.61799388e+00 3.43279101e-01
120 5 2.61799388e+00 3.43773917e-01
121 5 2.61799388e+00 3.40964061e-01
122 5 2.61799388e+00 3.41795206e-01
123 5 2.61799388e+00 3.41581855e-01
124 5 2.61799388e+00 3.44542158e-01
125 5 2.61799388e+00 3.44439557e-01
126 5 2.61799388e+00 3.44065728e-01
127 5 2.61799388e+00 3.44465754e-01
128 5 2.61799388e+00 3.41529422e-01
129 5 2.61799388e+00 3.44180164e-01
130 5 2.61799388e+00 3.44540877e-01
131 5 2.61799388e+00 3.39362653e-01
132 5 2.61799388e+00 3.43102330e-01
133 5 2.61799388e+00 3.43169700e-01
134 5 2.61799388e+00 3.44974701e-01
135 5 2.61799388e+00 3.42713832e-01
136 5 2.61799388e+00 3.43291334e-01
137 5 2.61799388e+00 3.42112864e-01
138 5 2.61799388e+00 3.41889656e-01
139 5 2.61799388e+00 3.42755687e-01
140 5 2.61799388e+00 3.43493158e-01
141 5 2.61799388e+00 3.44116476e-01
142 5 2.61799388e+00 3.41573178e-01
143 5 2.61799388e+00 3.44798023e-01
144 5 2.61799388e+00 3.42596153e-01
145 5 2.61799388e+00 3.41481149e-01
146 5 2.61799388e+00 3.42798111e-01
147 5 2.61799388e+00 3.41934555e-01
148 5 2.61799388e+00 3.43071250e-01
149 5 2.61799388e+00 3.43689360e-01
150 5 2.61799388e+00 3.43997569e-01
151 5 2.61799388e+00 3.42060759e-01
152 5 2.61799388e+00 3.42176089e-01
153 5 2.61799388e+00 3.45374274e-01
154 5 2.61799388e+00 3.44144760e-01
155 5 2.61799388e+00 3.43128878e-01
156 5 2.61799388e+00 3.43696459e-01
157 5 2.61799388e+00 3.44300121e-01
158 5 2.61799388e+00 3.42441188e-01
159 5 2.61799388e+00 3.43757319e-01
160 5 2.61799388e+00 3.42564169e-01
161 5 2.61799388e+00 3.43613023e-01
162 5 2.61799388e+00 3.43328980e-01
163 5 2.61799388e+00 3.44214920e-01
164 5 2.61799388e+00 3.43661487e-01
165 5 2.61799388e+00 3.43898586e-01
166 5 2.61799388e+00 3.44007028e-01
167 5 2.61799388e+00 3.42909279e-01
168 5 2.61799388e+00 3.43111740e-01
169 5 2.61799388e+00 3.43590145e-01
170 5 2.61799388e+00 3.42765905e-01
171 5 2.61799388e+00 3.45151803e-01
172 5 2.61799388e+00 3.45540421e-01
173 5 2.61799388e+00 3.42619187e-01
174 5 2.61799388e+00 3.42944975e-01
175 5 2.61799388e+00 3.43633448e-01
176 5 2.61799388e+00 3.45358312e-01
177 5 2.61799388e+00 3.44186950e-01
178 5 2.61799388e+00 3.41333336e-01
179 5 2.61799388e+00 3.42446073e-01
180 5 2.61799388e+00 3.42120256e-01
181 5 2.61799388e+00 3.43085139e-01
182 5 2.61799388e+00 3.39542776e-01
183 5 2.61799388e+00 3.43967116e-01
184 5 2.61799388e+00 3.41709261e-01
185 5 2.61799388e+00 3.41942500e-01
186 5 2.61799388e+00 3.39960978e-01
187 5 2.61799388e+00 3.43398426e-01
188 5 2.61799388e+00 3.42313041e-01
189 5 2.61799388e+00 3.42152928e-01
190 5 2.61799388e+00 3.45043473e-01
191 5 2.61799388e+00 3.43865909e-01
192 5 2.61799388e+00 3.45650442e-01
193 5 2.61799388e+00 3.43214975e-01
194 5 2.61799388e+00 3.40702179e-01
195 5 2.61799388e+00 3.42330994e-01
196 5 2.61799388e+00 3.43197244e-01
197 5 2.61799388e+00 3.42622792e-01
198 5 2.61799388e+00 3.42191628e-01
199 5 2.61799388e+00 3.43680248e-01
200 5 2.61799388e+00 3.41186473e-01
201 5 2.61799388e+00 3.45564351e-01
202 5 2.61799388e+00 3.42812282e-01
203 5 2.61799388e+00 3.42630863e-01
204 5 2.61799388e+00 3.41805164e-01
205 5 2.61799388e+00 3.44406674e-01
206 5 2.61799388e+00 3.42700493e-01
207 5 2.61799388e+00 3.41922895e-01
208 5 2.61799388e+00 3.41262580e-01
209 5 2.61799388e+00 3.39950003e-01
210 5 2.61799388e+00 3.39259178e-01
211 5 2.61799388e+00 3.44399199e-01
212 5 2.61799388e+00 3.44224360e-01
213 5 2.61799388e+00 3.41264672e-01
214 5 2.61799388e+00 3.44589578e-01
215 5 2.61799388e+00 3.43036688e-01
216 5 2.61799388e+00 3.40812910e-01
217 5 2.61799388e+00 3.44225843e-01
218 5 2.61799388e+00 3.42479913e-01
219 5 2.61799388e+00 3.43728342e-01
220 5 2.61799388e+00 3.43802974e-01
221 5 2.61799388e+00 3.42521512e-01
222 5 2.61799388e+00 3.43121603e-01
223 5 2.61799388e+00 3.42460969e-01
224 5 2.61799388e+00 3.42469950e-01
225 5 2.61799388e+00 3.42814573e-01
226 5 2.61799388e+00 3.43526404e-01
227 5 2.61799388e+00 3.43014985e-01
228 5 2.61799388e+00 3.44064058e-01
229 5 2.61799388e+00 3.40736154e-01
230 5 2.61799388e+00 3.43390861e-01
231 5 2.61799388e+00 3.41905399e-01
232 5 2.61799388e+00 3.40801520e-01
233 5 2.61799388e+00 3.42305255e-01
234 5 2.61799388e+00 3.43945218e-01
235 5 2.61799388e+00 3.41053916e-01
236 5 2.61799388e+00 3.44610221e-01
237 5 2.61799388e+00 3.43507493e-01
238 5 2.61799388e+00 3.43822213e-01
239 5 2.61799388e+00 3.46163168e-01
240 5 2.61799388e+00 3.42764811e-01
241 5 2.61799388e+00 3.44496667e-01
242 5 2.61799388e+00 3.43803094e-01
243 5 2.61799388e+00 3.46371659e-01
244 5 2.61799388e+00 3.42211282e-01
245 5 2.61799388e+00 3.45875836e-01
246 5 2.61799388e+00 3.44999543e-01
247 5 2.61799388e+00 3.40119326e-01
248 5 2.61799388e+00 3.43230507e-01
249 5 2.61799388e+00 3.44861737e-01
250 5 2.61799388e+00 3.43708675e-01
251 5 2.61799388e+00 3.40051488e-01
252 5 2.61799388e+00 3.44914044e-01
253 5 2.61799388e+00 3.43453011e-01
254 5 2.61799388e+00 3.41705947e-01
255 5 2.61799388e+00 3.44097877e-01
256 5 2.61799388e+00 3.42112023e-01
257 5 2.61799388e+00 3.42307129e-01
258 5 2.61799388e+00 3.41744716e-01
259 5 2.61799388e+00 3.44312466e-01
260 5 2.61799388e+00 3.42925280e-01
261 5 2.61799388e+00 3.45437937e-01
262 5 2.61799388e+00 3.41375454e-01
263 5 2.61799388e+00 3.42568376e-01
264 5 2.61799388e+00 3.42280239e-01
265 5 2.61799388e+00 3.43026424e-01
266 5 2.61799388e+00 3.42312532e-01
267 5 2.61799388e+00 3.41443570e-01
268 5 2.61799388e+00 3.43769049e-01
269 5 2.61799388e+00 3.40700844e-01
270 5 2.61799388e+00 3.43171400e-01
271 5 2.61799388e+00 3.44709776e-01
272 5 2.61799388e+00 3.41205159e-01
273 5 2.61799388e+00 3.42798157e-01
274 5 2.61799388e+00 3.43404240e-01
275 5 2.61799388e+00 3.41344495e-01
276 5 2.61799388e+00 3.41542583e-01
277 5 2.61799388e+00 3.42828898e-01
278 5 2.61799388e+00 3.44512653e-01
279 5 2.61799388e+00 3.43564052e-01
280 5 2.61799388e+00 3.43197304e-01
281 5 2.61799388e+00 3.42316577e-01
282 5 2.61799388e+00 3.42124362e-01
283 5 2.61799388e+00 3.44011384e-01
284 5 2.61799388e+00 3.45453837e-01
285 5 2.61799388e+00 3.44307509e-01
286 5 2.61799388e+00 3.43241547e-01
287 5 2.61799388e+00 3.42744453e-01
288 5 2.61799388e+00 3.42838236e-01
289 5 2.61799388e+00 3.41996306e-01
290 5 2.61799388e+00 3.42661828e-01
291 5 2.61799388e+00 3.43410220e-01
292 5 2.61799388e+00 3.41759106e-01
293 5 2.61799388e+00 3.42215742e-01
294 5 2.61799388e+00 3.45045756e-01
295 5 2.61799388e+00 3.45046711e-01
296 5 2.61799388e+00 3.42188008e-01
297 5 2.61799388e+00 3.44111344e-01
298 5 2.61799388e+00 3.42671503e-01
299 5 2.61799388e+00 3.44065786e-01
300 5 2.61799388e+00 3.44874254e-01
301 5 2.61799388e+00 3.41870203e-01
302 5 2.61799388e+00 3.42233566e-01
303 5 2.61799388e+00 3.45161070e-01
304 5 2.61799388e+00 3.45686064e-01
305 5 2.61799388e+00 3.42912442e-01
306 5 2.61799388e+00 3.42615703e-01
307 5 2.61799388e+00 3.42243911e-01
308 5 2.61799388e+00 3.40681398e-01
309 5 2.61799388e+00 3.42910656e-01
310 5 2.61799388e+00 3.45166909e-01
311 5 2.61799388e+00 3.45513716e-01
312 5 2.61799388e+00 3.45129177e-01
313 5 2.61799388e+00 3.42103781e-01
314 5 2.61799388e+00 3.39946206e-01
315 5 2.61799388e+00 3.40809016e-01
316 5 2.61799388e+00 3.43146490e-01
317 5 2.61799388e+00 3.43724668e-01
318 5 2.61799388e+00 3.42621151e-01
319 5 2.61799388e+00 3.43619294e-01
320 5 2.61799388e+00 3.42311790e-01
321 5 2.61799388e+00 3.40892832e-01
322 5 2.61799388e+00 3.41447552e-01
323 5 2.61799388e+00 3.41419858e-01
324 5 2.61799388e+00 3.42630566e-01
325 5 2.61799388e+00 3.42703052e-01
326 5 2.61799388e+00 3.41481064e-01
327 5 2.61799388e+00 3.41616173e-01
328 5 2.61799388e+00 3.41562012e-01
329 5 2.61799388e+00 3.42293310e-01
330 5 2.61799388e+00 3.43855147e-01
331 5 2.61799388e+00 3.40434695e-01
332 5 2.61799388e+00 3.42785295e-01
333 5 2.61799388e+00 3.41541098e-01
334 5 2.61799388e+00 3.40956286e-01
335 5 2.61799388e+00 3.42203154e-01
336 5 2.61799388e+00 3.42973607e-01
337 5 2.61799388e+00 3.43799343e-01
338 5 2.61799388e+00 3.44622006e-01
339 5 2.61799388e+00 3.44216406e-01
340 5 2.61799388e+00 3.44606333e-01
341 5 2.61799388e+00 3.43682250e-01
342 5 2.61799388e+00 3.46216086e-01
343 5 2.61799388e+00 3.45113099e-01
344 5 2.61799388e+00 3.43725677e-01
345 5 2.61799388e+00 3.43844367e-01
346 5 2.61799388e+00 3.43092457e-01
347 5 2.61799388e+00 3.40538352e-01
348 5 2.61799388e+00 3.43650147e-01
349 5 2.61799388e+00 3.41688904e-01
350 5 2.61799388e+00 3.44235992e-01
351 5 2.61799388e+00 3.44528942e-01
352 5 2.61799388e+00 3.41159859e-01
353 5 2.61799388e+00 3.43234790e-01
354 5 2.61799388e+00 3.42591835e-01
355 5 2.61799388e+00 3.45178243e-01
356 5 2.61799388e+00 3.44291764e-01
357 5 2.61799388e+00 3.42316455e-01
358 5 2.61799388e+00 3.43775003e-01
359 5 2.61799388e+00 3.41662252e-01
360 5 2.61799388e+00 3.44190164e-01
361 5 2.61799388e+00 3.45031497e-01
362 5 2.61799388e+00 3.42335070e-01
363 5 2.61799388e+00 3.40857903e-01
364 5 2.61799388e+00 3.42076164e-01
365 5 2.61799388e+00 3.43087032e-01
366 5 2.61799388e+00 3.44763859e-01
367 5 2.61799388e+00 3.43223402e-01
368 5 2.61799388e+00 3.42210504e-01
369 5 2.61799388e+00 3.42517424e-01
370 5 2.61799388e+00 3.41988895e-01
371 5 2.61799388e+00 3.42061537e-01
372 5 2.61799388e+00 3.44153954e-01
373 5 2.61799388e+00 3.43109077e-01
374 5 2.61799388e+00 3.42529032e-01
375 5 2.61799388e+00 3.42887583e-01
376 5 2.61799388e+00 3.43289308e-01
377 5 2.61799388e+00 3.43683344e-01
378 5 2.61799388e+00 3.44618949e-01
379 5 2.61799388e+00 3.42400660e-01
380 5 2.61799388e+00 3.42571746e-01
381 5 2.61799388e+00 3.43680477e-01
382 5 2.61799388e+00 3.43102741e-01
383 5 2.61799388e+00 3.43983763e-01
384 5 2.61799388e+00 3.43717753e-01
385 5 2.61799388e+00 3.43802241e-01
386 5 2.61799388e+00 3.40965887e-01
387 5 2.61799388e+00 3.43075115e-01
388 5 2.61799388e+00 3.43138312e-01
389 5 2.61799388e+00 3.42757415e-01
390 5 2.61799388e+00 3.41888449e-01
391 5 2.61799388e+00 3.40585331e-01
392 5 2.61799388e+00 3.45082691e-01
393 5 2.61799388e+00 3.43815602e-01
394 5 2.61799388e+00 3.45840833e-01
395 5 2.61799388e+00 3.43858350e-01
396 5 2.61799388e+00 3.45352363e-01
397 5 2.61799388e+00 3.44629033e-01
398 5 2.61799388e+00 3.46269531e-01
399 5 2.61799388e+00 3.42006855e-01
400 5 2.61799388e+00 3.42199214e-01
401 5 2.61799388e+00 3.44121557e-01
402 5 2.61799388e+00 3.43323212e-01
403 5 2.61799388e+00 3.45763511e-01
404 5 2.61799388e+00 3.43743090e-01
405 5 2.61799388e+00 3.43429840e-01
406 5 2.61799388e+00 3.39673198e-01
407 5 2.61799388e+00 3.45530835e-01
408 5 2.61799388e+00 3.41008302e-01
409 5 2.61799388e+00 3.44493379e-01
410 5 2.61799388e+00 3.42058461e-01
411 5 2.61799388e+00 3.43402229e-01
412 5 2.61799388e+00 3.43481484e-01
413 5 2.61799388e+00 3.45448134e-01
414 5 2.61799388e+00 3.41943365e-01
415 5 2.61799388e+00 3.42859718e-01
416 5 2.61799388e+00 3.42701153e-01
417 5 2.61799388e+00 3.42651117e-01
418 5 2.61799388e+00 3.43264168e-01
419 5 2.61799388e+00 3.44340730e-01
420 5 2.61799388e+00 3.42975953e-01
421 5 2.61799388e+00 3.42806299e-01
422 5 2.61799388e+00 3.41579481e-01
423 5 2.61799388e+00 3.43129341e-01
424 5 2.61799388e+00 3.41815817e-01
425 5 2.61799388e+00 3.45159571e-01
426 5 2.61799388e+00 3.41488049e-01
427 5 2.61799388e+00 3.42662172e-01
428 5 2.61799388e+00 3.43349707e-01
429 5 2.61799388e+00 3.43867437e-01
430 5 2.61799388e+00 3.43756140e-01
431 5 2.61799388e+00 3.43829661e-01
432 5 2.61799388e+00 3.42754885e-01
433 5 2.61799388e+00 3.45200936e-01
434 5 2.61799388e+00 3.43453746e-01
435 5 2.61799388e+00 3.43424472e-01
436 5 2.61799388e+00 3.44056422e-01
437 5 2.61799388e+00 3.43185376e-01
438 5 2.61799388e+00 3.43354759e-01
439 5 2.61799388e+00 3.42611667e-01
440 5 2.61799388e+00 3.42019235e-01
441 5 2.61799388e+00 3.39016244e-01
442 5 2.61799388e+00 3.44369886e-01
443 5 2.61799388e+00 3.42386538e-01
444 5 2.61799388e+00 3.43688283e-01
445 5 2.61799388e+00 3.43378544e-01
446 5 2.61799388e+00 3.43471051e-01
447 5 2.61799388e+00 3.43402249e-01
448 5 2.61799388e+00 3.45208500e-01
449 5 2.61799388e+00 3.45183983e-01
450 5 2.61799388e+00 3.43672744e-01
451 5 2.61799388e+00 3.45145754e-01
452 5 2.61799388e+00 3.47111967e-01
453 5 2.61799388e+00 3.43345218e-01
454 5 2.61799388e+00 3.44965114e-01
455 5 2.61799388e+00 3.41711718e-01
456 5 2.61799388e+00 3.41632790e-01
457 5 2.61799388e+00 3.43348804e-01
458 5 2.61799388e+00 3.43465034e-01
459 5 2.61799388e+00 3.43754137e-01
460 5 2.61799388e+00 3.42689466e-01
461 5 2.61799388e+00 3.43882656e-01
462 5 2.61799388e+00 3.43592591e-01
463 5 2.61799388e+00 3.44040067e-01
464 5 2.61799388e+00 3.43824978e-01
465 5 2.61799388e+00 3.43499872e-01
466 5 2.61799388e+00 3.42211064e-01
467 5 2.61799388e+00 3.42111293e-01
468 5 2.61799388e+00 3.42782620e-01
469 5 2.61799388e+00 3.41998849e-01
470 5 2.61799388e+00 3.43918523e-01
471 5 2.61799388e+00 3.41627573e-01
472 5 2.61799388e+00 3.42402399e-01
473 5 2.61799388e+00 3.44007056e-01
474 5 2.61799388e+00 3.45561439e-01
475 5 2.61799388e+00 3.42916061e-01
476 5 2.61799388e+00 3.41617959e-01
477 5 2.61799388e+00 3.40086196e-01
478 5 2.61799388e+00 3.44038292e-01
479 5 2.61799388e+00 3.42297869e-01
480 5 2.61799388e+00 3.41379041e-01
481 5 2.61799388e+00 3.44088768e-01
482 5 2.61799388e+00 3.41753994e-01
483 5 2.61799388e+00 3.44923344e-01
484 5 2.61799388e+00 3.43286570e-01
485 5 2.61799388e+00 3.43872355e-01
486 5 2.61799388e+00 3.43628126e-01
487 5 2.61799388e+00 3.44524043e-01
488 5 2.61799388e+00 3.41173504e-01
489 5 2.61799388e+00 3.42189274e-01
490 5 2.61799388e+00 3.42110951e-01
491 5 2.61799388e+00 3.42531597e-01
492 5 2.61799388e+00 3.44122233e-01
493 5 2.61799388e+00 3.42298200e-01
494 5 2.61799388e+00 3.43072693e-01
495 5 2.61799388e+00 3.46207232e-01
496 5 2.61799388e+00 3.41764400e-01
497 5 2.61799388e+00 3.42758802e-01
498 5 2.61799388e+00 3.43728869e-01
499 5 2.61799388e+00 3.41104354e-01
500 5 2.61799388e+00 3.42650754e-01
501 5 2.61799388e+00 3.42786655e-01
502 5 2.61799388e+00 3.43497845e-01
503 5 2.61799388e+00 3.44002738e-01
504 5 2.61799388e+00 3.41090617e-01
505 5 2.61799388e+00 3.42468563e-01
506 5 2.61799388e+00 3.43599164e-01
507 5 2.61799388e+00 3.42658634e-01
508 5 2.61799388e+00 3.43184119e-01
509 5 2.61799388e+00 3.43400277e-01
510 5 2.61799388e+00 3.44975673e-01
511 5 2.61799388e+00 3.42836970e-01
512 5 2.61799388e+00 3.42633534e-01
513 5 2.61799388e+00 3.44612854e-01
514 5 2.61799388e+00 3.43155732e-01
515 5 2.61799388e+00 3.44664929e-01
516 5 2.61799388e+00 3.42433425e-01
517 5 2.61799388e+00 3.42952826e-01
518 5 2.61799388e+00 3.41195961e-01
519 5 2.61799388e+00 3.42551217e-01
520 5 2.61799388e+00 3.42026111e-01
521 5 2.61799388e+00 3.39329115e-01
522 5 2.61799388e+00 3.44177340e-01
523 5 2.61799388e+00 3.41251891e-01
524 5 2.61799388e+00 3.42293140e-01
525 5 2.61799388e+00 3.44540610e-01
526 5 2.61799388e+00 3.43061236e-01
527 5 2.61799388e+00 3.42456606e-01
528 5 2.61799388e+00 3.43795019e-01
529 5 2.61799388e+00 3.44230723e-01
530 5 2.61799388e+00 3.41535861e-01
531 5 2.61799388e+00 3.42387227e-01
532 5 2.61799388e+00 3.43681289e-01
533 5 2.61799388e+00 3.44872337e-01
534 5 2.61799388e+00 3.45194626e-01
535 5 2.61799388e+00 3.43070884e-01
536 5 2.61799388e+00 3.47294956e-01
537 5 2.61799388e+00 3.45980825e-01
538 5 2.61799388e+00 3.42804695e-01
539 5 2.61799388e+00 3.44509368e-01
540 5 2.61799388e+00 3.43579802e-01
541 5 2.61799388e+00 3.44006008e-01
542 5 2.61799388e+00 3.45606909e-01
543 5 2.61799388e+00 3.41833589e-01
544 5 2.61799388e+00 3.42815418e-01
545 5 2.61799388e+00 3.42659514e-01
546 5 2.61799388e+00 3.44068814e-01
547 5 2.61799388e+00 3.44991733e-01
548 5 2.61799388e+00 3.43416436e-01
549 5 2.61799388e+00 3.43526798e-01
550 5 2.61799388e+00 3.42427482e-01
551 5 2.61799388e+00 3.42745074e-01
552 5 2.61799388e+00 3.43252989e-01
553 5 2.61799388e+00 3.42520505e-01
554 5 2.61799388e+00 3.43032687e-01
555 5 2.61799388e+00 3.42178594e-01
556 5 2.61799388e+00 3.42350121e-01
557 5 2.61799388e+00 3.43985842e-01
558 5 2.61799388e+00 3.43225526e-01
559 5 2.61799388e+00 3.42199578e-01
560 5 2.61799388e+00 3.45078818e-01
561 5 2.61799388e+00 3.42098436e-01
562 5 2.61799388e+00 3.44704548e-01
563 5 2.61799388e+00 3.43746259e-01
564 5 2.61799388e+00 3.44826868e-01
565 5 2.61799388e+00 3.43676396e-01
566 5 2.61799388e+00 3.42949076e-01
567 5 2.61799388e+00 3.43834831e-01
568 5 2.61799388e+00 3.44181201e-01
569 5 2.61799388e+00 3.44509890e-01
570 5 2.61799388e+00 3.44268804e-01
571 5 2.61799388e+00 3.42132029e-01
572 5 2.61799388e+00 3.41741881e-01
573 5 2.61799388e+00 3.41077367e-01
574 5 2.61799388e+00 3.39808381e-01
575 5 2.61799388e+00 3.44384689e-01
576 5 2.61799388e+00 3.42219098e-01
577 5 2.61799388e+00 3.42030383e-01
578 5 2.61799388e+00 3.42470008e-01
579 5 2.61799388e+00 3.42967951e-01
580 5 2.61799388e+00 3.40524649e-01
581 5 2.61799388e+00 3.41998722e-01
582 5 2.61799388e+00 3.42471947e-01
583 5 2.61799388e+00 3.44333882e-01
584 5 2.61799388e+00 3.41669997e-01
585 5 2.61799388e+00 3.43443074e-01
586 5 2.61799388e+00 3.43006410e-01
587 5 2.61799388e+00 3.44376263e-01
588 5 2.61799388e+00 3.40478953e-01
589 5 2.61799388e+00 3.44035760e-01
590 5 2.61799388e+00 3.42461220e-01
591 5 2.61799388e+00 3.43880373e-01
592 5 2.61799388e+00 3.44544807e-01
593 5 2.61799388e+00 3.43278971e-01
594 5 2.61799388e+00 3.42684105e-01
595 5 2.61799388e+00 3.42451592e-01
596 5 2.61799388e+00 3.45779006e-01
597 5 2.61799388e+00 3.44378354e-01
598 5 2.61799388e+00 3.42846217e-01
599 5 2.61799388e+00 3.43571179e-01
600 5 2.61799388e+00 3.44292154e-01
601 5 2.61799388e+00 3.44935321e-01
602 5 2.61799388e+00 3.41476276e-01
603 5 2.61799388e+00 3.43513040e-01
604 5 2.61799388e+00 3.43648131e-01
605 5 2.61799388e+00 3.43323882e-01
606 5 2.61799388e+00 3.42543525e-01
607 5 2.61799388e+00 3.43311523e-01
608 5 2.61799388e+00 3.43599218e-01
609 5 2.61799388e+00 3.39883442e-01
610 5 2.61799388e+00 3.43139165e-01
611 5 2.61799388e+00 3.42496596e-01
612 5 2.61799388e+00 3.44573175e-01
613 5 2.61799388e+00 3.42778352e-01
614 5 2.61799388e+00 3.44397572e-01
615 5 2.61799388e+00 3.40137465e-01
616 5 2.61799388e+00 3.45421675e-01
617 5 2.61799388e+00 3.44508860e-01
618 5 2.61799388e+00 3.42437474e-01
619 5 2.61799388e+00 3.44367011e-01
620 5 2.61799388e+00 3.43694318e-01
621 5 2.61799388e+00 3.43633896e-01
622 5 2.61799388e+00 3.42434337e-01
623 5 2.61799388e+00 3.43738819e-01
624 5 2.61799388e+00 3.43667476e-01
625 5 2.61799388e+00 3.43324170e-01
626 5 2.61799388e+00 3.42043437e-01
627 5 2.61799388e+00 3.44964123e-01
628 5 2.61799388e+00 3.43068991e-01
629 5 2.61799388e+00 3.40939917e-01
630 5 2.61799388e+00 3.41396714e-01
631 5 2.61799388e+00 3.43544676e-01
632 5 2.61799388e+00 3.44888511e-01
633 5 2.61799388e+00 3.41444427e-01
634 5 2.61799388e+00 3.44972969e-01
635 5 2.61799388e+00 3.42315189e-01
636 5 2.61799388e+00 3.42468561e-01
637 5 2.61799388e+00 3.39336827e-01
638 5 2.61799388e+00 3.43957040e-01
639 5 2.61799388e+00 3.41208259e-01
640 5 2.61799388e+00 3.42584843e-01
641 5 2.61799388e+00 3.43755741e-01
642 5 2.61799388e+00 3.41500424e-01
643 5 2.61799388e+00 3.44213891e-01
644 5 2.61799388e+00 3.46534393e-01
645 5 2.61799388e+00 3.41657079e-01
646 5 2.61799388e+00 3.40639096e-01
647 5 2.61799388e+00 3.41399374e-01
648 5 2.61799388e+00 3.42879303e-01
649 5 2.61799388e+00 3.40861845e-01
650 5 2.61799388e+00 3.41993528e-01
651 5 2.61799388e+00 3.42093695e-01
652 5 2.61799388e+00 3.41943335e-01
653 5 2.61799388e+00 3.44729233e-01
654 5 2.61799388e+00 3.40629102e-01
655 5 2.61799388e+00 3.43373998e-01
656 5 2.61799388e+00 3.42134977e-01
657 5 2.61799388e+00 3.43422258e-01
658 5 2.61799388e+00 3.45655292e-01
659 5 2.61799388e+00 3.42158647e-01
660 5 2.61799388e+00 3.41077952e-01
661 5 2.61799388e+00 3.42780105e-01
662 5 2.61799388e+00 3.43200205e-01
663 5 2.61799388e+00 3.43726189e-01
664 5 2.61799388e+00 3.43981390e-01
665 5 2.61799388e+00 3.42070970e-01
666 5 2.61799388e+00 3.42966494e-01
667 5 2.61799388e+00 3.42539993e-01
668 5 2.61799388e+00 3.42638943e-01
669 5 2.61799388e+00 3.42080302e-01
670 5 2.61799388e+00 3.44309076e-01
671 5 2.61799388e+00 3.43479155e-01
672 5 2.61799388e+00 3.43850893e-01
673 5 2.61799388e+00 3.45340916e-01
674 5 2.61799388e+00 3.41291418e-01
675 5 2.61799388e+00 3.41221635e-01
676 5 2.61799388e+00 3.42048490e-01
677 5 2.61799388e+00 3.44984269e-01
678 5 2.61799388e+00 3.44416130e-01
679 5 2.61799388e+00 3.41704476e-01
680 5 2.61799388e+00 3.44479360e-01
681 5 2.61799388e+00 3.42390315e-01
682 5 2.61799388e+00 3.42651769e-01
683 5 2.61799388e+00 3.40771746e-01
684 5 2.61799388e+00 3.43880524e-01
685 5 2.61799388e+00 3.43056017e-01
686 5 2.61799388e+00 3.44148186e-01
687 5 2.61799388e+00 3.43878361e-01
688 5 2.61799388e+00 3.41947412e-01
689 5 2.61799388e+00 3.42324098e-01
690 5 2.61799388e+00 3.42712487e-01
691 5 2.61799388e+00 3.43278914e-01
692 5 2.61799388e+00 3.42558159e-01
693 5 2.61799388e+00 3.42974899e-01
694 5 2.61799388e+00 3.40017098e-01
695 5 2.61799388e+00 3.41951806e-01
696 5 2.61799388e+00 3.42671579e-01
697 5 2.61799388e+00 3.45240580e-01
698 5 2.61799388e+00 3.43964419e-01
699 5 2.61799388e+00 3.42730522e-01
700 5 2.61799388e+00 3.43723129e-01
701 5 2.61799388e+00 3.44963827e-01
702 5 2.61799388e+00 3.41680055e-01
703 5 2.61799388e+00 3.45683646e-01
704 5 2.61799388e+00 3.41236818e-01
705 5 2.61799388e+00 3.42912101e-01
706 5 2.61799388e+00 3.44686296e-01
707 5 2.61799388e+00 3.41780279e-01
708 5 2.61799388e+00 3.44995832e-01
709 5 2.61799388e+00 3.43789068e-01
710 5 2.61799388e+00 3.43122174e-01
711 5 2.61799388e+00 3.44363312e-01
712 5 2.61799388e+00 3.44934415e-01
713 5 2.61799388e+00 3.42917716e-01
714 5 2.61799388e+00 3.40543582e-01
715 5 2.61799388e+00 3.43130402e-01
716 5 2.61799388e+00 3.43614290e-01
717 5 2.61799388e+00 3.41255862e-01
718 5 2.61799388e+00 3.40971132e-01
719 5 2.61799388e+00 3.40565377e-01
720 5 2.61799388e+00 3.42722735e-01
721 5 2.61799388e+00 3.44662124e-01
722 5 2.61799388e+00 3.42569136e-01
723 5 2.61799388e+00 3.43351368e-01
724 5 2.61799388e+00 3.41564736e-01
725 5 2.61799388e+00 3.40917629e-01
726 5 2.61799388e+00 3.44696981e-01
727 5 2.61799388e+00 3.41634681e-01
728 5 2.61799388e+00 3.43932700e-01
729 5 2.61799388e+00 3.45493045e-01
730 5 2.61799388e+00 3.41244971e-01
731 5 2.61799388e+00 3.43307626e-01
732 5 2.61799388e+00 3.42796482e-01
733 5 2.61799388e+00 3.44456719e-01
734 5 2.61799388e+00 3.43276293e-01
735 5 2.61799388e+00 3.44952666e-01
736 5 2.61799388e+00 3.41698472e-01
737 5 2.61799388e+00 3.43341224e-01
738 5 2.61799388e+00 3.44590549e-01
739 5 2.61799388e+00 3.42292714e-01
740 5 2.61799388e+00 3.42895198e-01
741 5 2.61799388e+00 3.42723826e-01
742 5 2.61799388e+00 3.41826495e-01
743 5 2.61799388e+00 3.44942532e-01
744 5 2.61799388e+00 3.43756094e-01
745 5 2.61799388e+00 3.43769364e-01
746 5 2.61799388e+00 3.41758114e-01
747 5 2.61799388e+00 3.44673051e-01
748 5 2.61799388e+00 3.43274089e-01
749 5 2.61799388e+00 3.43968251e-01
750 5 2.61799388e+00 3.42630764e-01
751 5 2.61799388e+00 3.46200567e-01
752 5 2.61799388e+00 3.45934750e-01
753 5 2.61799388e+00 3.44876822e-01
754 5 2.61799388e+00 3.44054095e-01
755 5 2.61799388e+00 3.41569423e-01
756 5 2.61799388e+00 3.43865225e-01
757 5 2.61799388e+00 3.41677508e-01
758 5 2.61799388e+00 3.43172934e-01
759 5 2.61799388e+00 3.42208021e-01
760 5 2.61799388e+00 3.42175049e-01
761 5 2.61799388e+00 3.43037985e-01
762 5 2.61799388e+00 3.44768434e-01
763 5 2.61799388e+00 3.44744873e-01
764 5 2.61799388e+00 3.45079519e-01
765 5 2.61799388e+00 3.44954886e-01
766 5 2.61799388e+00 3.41882079e-01
767 5 2.61799388e+00 3.42095404e-01
768 5 2.61799388e+00 3.44020338e-01
769 5 2.61799388e+00 3.44539485e-01
770 5 2.61799388e+00 3.44124736e-01
771 5 2.61799388e+00 3.45089701e-01
772 5 2.61799388e+00 3.42604047e-01
773 5 2.61799388e+00 3.42142179e-01
774 5 2.61799388e+00 3.43252157e-01
775 5 2.61799388e+00 3.44168610e-01
776 5 2.61799388e+00 3.43589490e-01
777 5 2.61799388e+00 3.44105537e-01
778 5 2.61799388e+00 3.43981851e-01
779 5 2.61799388e+00 3.43272047e-01
780 5 2.61799388e+00 3.43922047e-01
781 5 2.61799388e+00 3.43995575e-01
782 5 2.61799388e+00 3.44020386e-01
783 5 2.61799388e+00 3.40691425e-01
784 5 2.61799388e+00 3.42769815e-01
785 5 2.61799388e+00 3.42302395e-01
786 5 2.61799388e+00 3.43100002e-01
787 5 2.61799388e+00 3.40919671e-01
788 5 2.61799388e+00 3.41992215e-01
789 5 2.61799388e+00 3.41384673e-01
790 5 2.61799388e+00 3.41590683e-01
791 5 2.61799388e+00 3.43622733e-01
792 5 2.61799388e+00 3.43918180e-01
793 5 2.61799388e+00 3.41559871e-01
794 5 2.61799388e+00 3.43198060e-01
795 5 2.61799388e+00 3.43916512e-01
796 5 2.61799388e+00 3.42488918e-01
797 5 2.61799388e+00 3.42123558e-01
798 5 2.61799388e+00 3.41532949e-01
799 5 2.61799388e+00 3.42233194e-01
800 5 2.61799388e+00 3.45243515e-01
801 5 2.61799388e+00 3.44504922e-01
802 5 2.61799388e+00 3.44976353e-01
803 5 2.61799388e+00 3.45960974e-01
804 5 2.61799388e+00 3.43905872e-01
805 5 2.61799388e+00 3.43743456e-01
806 5 2.61799388e+00 3.44314005e-01
807 5 2.61799388e+00 3.43995203e-01
808 5 2.61799388e+00 3.43095979e-01
809 5 2.61799388e+00 3.43228471e-01
810 5 2.61799388e+00 3.42794728e-01
811 5 2.61799388e+00 3.42828127e-01
812 5 2.61799388e+00 3.40775802e-01
813 5 2.61799388e+00 3.45520237e-01
814 5 2.61799388e+00 3.42200721e-01
815 5 2.61799388e+00 3.43590956e-01
816 5 2.61799388e+00 3.43759002e-01
817 5 2.61799388e+00 3.44547730e-01
818 5 2.61799388e+00 3.40745534e-01
819 5 2.61799388e+00 3.44250316e-01
820 5 2.61799388e+00 3.43285475e-01
821 5 2.61799388e+00 3.40936684e-01
822 5 2.61799388e+00 3.43398031e-01
823 5 2.61799388e+00 3.42070820e-01
824 5 2.61799388e+00 3.42183648e-01
825 5 2.61799388e+00 3.41966081e-01
826 5 2.61799388e+00 3.43770100e-01
827 5 2.61799388e+00 3.42701381e-01
828 5 2.61799388e+00 3.44111253e-01
829 5 2.61799388e+00 3.42603412e-01
830 5 2.61799388e+00 3.42420753e-01
831 5 2.61799388e+00 3.42490794e-01
832 5 2.61799388e+00 3.43432543e-01
833 5 2.61799388e+00 3.45411225e-01
834 5 2.61799388e+00 3.43506668e-01
835 5 2.61799388e+00 3.43380068e-01
836 5 2.61799388e+00 3.42745418e-01
837 5 2.61799388e+00 3.44597863e-01
838 5 2.61799388e+00 3.43517916e-01
839 5 2.61799388e+00 3.42541296e-01
840 5 2.61799388e+00 3.42743070e-01
841 5 2.61799388e+00 3.41340147e-01
842 5 2.61799388e+00 3.42453967e-01
843 5 2.61799388e+00 3.44661407e-01
844 5 2.61799388e+00 3.45198584e-01
845 5 2.61799388e+00 3.42745657e-01
846 5 2.61799388e+00 3.40474564e-01
847 5 2.61799388e+00 3.43719730e-01
848 5 2.61799388e+00 3.42547339e-01
849 5 2.61799388e+00 3.41926624e-01
850 5 2.61799388e+00 3.40979561e-01
851 5 2.61799388e+00 3.42017140e-01
852 5 2.61799388e+00 3.46122852e-01
853 5 2.61799388e+00 3.43179474e-01
854 5 2.61799388e+00 3.41522658e-01
855 5 2.61799388e+00 3.42238831e-01
856 5 2.61799388e+00 3.44093047e-01
857 5 2.61799388e+00 3.43183060e-01
858 5 2.61799388e+00 3.45440366e-01
859 5 2.61799388e+00 3.45103518e-01
860 5 2.61799388e+00 3.41946598e-01
861 5 2.61799388e+00 3.40178798e-01
862 5 2.61799388e+00 3.44272040e-01
863 5 2.61799388e+00 3.44958623e-01
864 5 2.61799388e+00 3.42153084e-01
865 5 2.61799388e+00 3.40455969e-01
866 5 2.61799388e+00 3.44839778e-01
867 5 2.61799388e+00 3.41780902e-01
868 5 2.61799388e+00 3.42474011e-01
869 5 2.61799388e+00 3.43280223e-01
870 5 2.61799388e+00 3.40943697e-01
871 5 2.61799388e+00 3.41931711e-01
872 5 2.61799388e+00 3.41916833e-01
873 5 2.61799388e+00 3.41702112e-01
874 5 2.61799388e+00 3.43286033e-01
875 5 2.61799388e+00 3.43920148e-01
876 5 2.61799388e+00 3.43268867e-01
877 5 2.61799388e+00 3.41912529e-01
878 5 2.61799388e+00 3.41397267e-01
879 5 2.61799388e+00 3.41474977e-01
880 5 2.61799388e+00 3.45876403e-01
881 5 2.61799388e+00 3.43167736e-01
882 5 2.61799388e+00 3.42364420e-01
883 5 2.61799388e+00 3.42279738e-01
884 5 2.61799388e+00 3.40923025e-01
885 5 2.61799388e+00 3.43503312e-01
886 5 2.61799388e+00 3.41649619e-01
887 5 2.61799388e+00 3.46750959e-01
888 5 2.61799388e+00 3.40769876e-01
889 5 2.61799388e+00 3.43829812e-01
890 5 2.61799388e+00 3.44151214e-01
891 5 2.61799388e+00 3.44963068e-01
892 5 2.61799388e+00 3.43301528e-01
893 5 2.61799388e+00 3.42930251e-01
894 5 2.61799388e+00 3.44320264e-01
895 5 2.61799388e+00 3.43068290e-01
896 5 2.61799388e+00 3.41537916e-01
897 5 2.61799388e+00 3.42546237e-01
898 5 2.61799388e+00 3.43036957e-01
899 5 2.61799388e+00 3.42819058e-01
900 5 2.61799388e+00 3.42767305e-01
901 5 2.61799388e+00 3.41498087e-01
902 5 2.61799388e+00 3.43119228e-01
903 5 2.61799388e+00 3.43933273e-01
904 5 2.61799388e+00 3.44587535e-01
905 5 2.61799388e+00 3.42786370e-01
906 5 2.61799388e+00 3.43303009e-01
907 5 2.61799388e+00 3.42583717e-01
908 5 2.61799388e+00 3.42395416e-01
909 5 2.61799388e+00 3.44470032e-01
910 5 2.61799388e+00 3.42248473e-01
911 5 2.61799388e+00 3.43665434e-01
912 5 2.61799388e+00 3.44085248e-01
913 5 2.61799388e+00 3.43449729e-01
914 5 2.61799388e+00 3.42799658e-01
915 5 2.61799388e+00 3.44267011e-01
916 5 2.61799388e+00 3.42422737e-01
917 5 2.61799388e+00 3.43036513e-01
918 5 2.61799388e+00 3.43084575e-01
919 5 2.61799388e+00 3.43290706e-01
920 5 2.61799388e+00 3.44323565e-01
921 5 2.61799388e+00 3.42334722e-01
922 5 2.61799388e+00 3.42821964e-01
923 5 2.61799388e+00 3.40115547e-01
924 5 2.61799388e+00 3.42180794e-01
925 5 2.61799388e+00 3.43916165e-01
926 5 2.61799388e+00 3.45083802e-01
927 5 2.61799388e+00 3.43840492e-01
928 5 2.61799388e+00 3.42192622e-01
929 5 2.61799388e+00 3.43686408e-01
930 5 2.61799388e+00 3.43317236e-01
931 5 2.61799388e+00 3.42406814e-01
932 5 2.61799388e+00 3.45437236e-01
933 5 2.61799388e+00 3.42142818e-01
934 5 2.61799388e+00 3.43125910e-01
935 5 2.61799388e+00 3.43786167e-01
936 5 2.61799388e+00 3.43258758e-01
937 5 2.61799388e+00 3.44066090e-01
938 5 2.61799388e+00 3.42770345e-01
939 5 2.61799388e+00 3.42793061e-01
940 5 2.61799388e+00 3.43789085e-01
941 5 2.61799388e+00 3.43561719e-01
942 5 2.61799388e+00 3.45891702e-01
943 5 2.61799388e+00 3.42416486e-01
944 5 2.61799388e+00 3.42646532e-01
945 5 2.61799388e+00 3.41787821e-01
946 5 2.61799388e+00 3.43947480e-01
947 5 2.61799388e+00 3.43567468e-01
948 5 2.61799388e+00 3.43525454e-01
949 5 2.61799388e+00 3.42007105e-01
950 5 2.61799388e+00 3.42969544e-01
951 5 2.61799388e+00 3.43516125e-01
952 5 2.61799388e+00 3.43235466e-01
953 5 2.61799388e+00 3.45550538e-01
954 5 2.61799388e+00 3.42076613e-01
955 5 2.61799388e+00 3.43745582e-01
956 5 2.61799388e+00 3.44636178e-01
957 5 2.61799388e+00 3.43813967e-01
958 5 2.61799388e+00 3.42668808e-01
959 5 2.61799388e+00 3.43195705e-01
960 5 2.61799388e+00 3.40885449e-01
961 5 2.61799388e+00 3.42548399e-01
962 5 2.61799388e+00 3.43267367e-01
963 5 2.61799388e+00 3.43132615e-01
964 5 2.61799388e+00 3.44382803e-01
965 5 2.61799388e+00 3.43992016e-01
966 5 2.61799388e+00 3.43641163e-01
967 5 2.61799388e+00 3.43164055e-01
968 5 2.61799388e+00 3.44185890e-01
969 5 2.61799388e+00 3.43197179e-01
970 5 2.61799388e+00 3.42943934e-01
971 5 2.61799388e+00 3.43273757e-01
972 5 2.61799388e+00 3.41373830e-01
973 5 2.61799388e+00 3.42465435e-01
974 5 2.61799388e+00 3.44206437e-01
975 5 2.61799388e+00 3.44706828e-01
976 5 2.61799388e+00 3.43272678e-01
977 5 2.61799388e+00 3.45296749e-01
978 5 2.61799388e+00 3.41481149e-01
979 5 2.61799388e+00 3.42038629e-01
980 5 2.61799388e+00 3.41063628e-01
981 5 2.61799388e+00 3.41973414e-01
982 5 2.61799388e+00 3.44243232e-01
983 5 2.61799388e+00 3.42999895e-01
984 5 2.61799388e+00 3.44360887e-01
985 5 2.61799388e+00 3.42934126e-01
986 5 2.61799388e+00 3.44567063e-01
987 5 2.61799388e+00 3.43943445e-01
988 5 2.61799388e+00 3.43818376e-01
989 5 2.61799388e+00 3.44732565e-01
990 5 2.61799388e+00 3.41507893e-01
991 5 2.61799388e+00 3.42629605e-01
992 5 2.61799388e+00 3.41238020e-01
993 5 2.61799388e+00 3.43721083e-01
994 5 2.61799388e+00 3.42258689e-01
995 5 2.61799388e+00 3.41610653e-01
996 5 2.61799388e+00 3.42358728e-01
997 5 2.61799388e+00 3.42509175e-01
998 5 2.61799388e+00 3.44711682e-01
999 5 2.61799388e+00 3.41704215e-01
1000 5 2.61799388e+00 3.42929026e-01
1001 5 2.61799388e+00 3.41601391e-01
1002 5 2.61799388e+00 3.41435431e-01
1003 5 2.61799388e+00 3.43087888e-01
1004 5 2.61799388e+00 3.46145624e-01
1005 5 2.61799388e+00 3.42297449e-01
1006 5 2.61799388e+00 3.43487600e-01
1007 5 2.61799388e+00 3.42173373e-01
1008 5 2.61799388e+00 3.39146782e-01
1009 5 2.61799388e+00 3.43451857e-01
1010 5 2.61799388e+00 3.43091738e-01
1011 5 2.61799388e+00 3.45412058e-01
1012 5 2.61799388e+00 3.42669060e-01
0 6 3.14159265e+00 3.73176214e-01
1 6 3.14159265e+00 3.74903117e-01
2 6 3.14159265e+00 3.75043793e-01
3 6 3.14159265e+00 3.70617487e-01
4 6 3.14159265e+00 3.73103419e-01
5 6 3.14159265e+00 3.70884111e-01
6 6 3.14159265e+00 3.75413727e-01
7 6 3.14159265e+00 3.76422692e-01
8 6 3.14159265e+00 3.71759354e-01
9 6 3.14159265e+00 3.73521146e-01
10 6 3.14159265e+00 3.71183719e-01
11 6 3.14159265e+00 3.72588200e-01
12 6 3.14159265e+00 3.75998128e-01
13 6 3.14159265e+00 3.74570821e-01
14 6 3.14159265e+00 3.75917959e-01
15 6 3.14159265e+00 3.74213689e-01
16 6 3.14159265e+00 3.75280005e-01
17 6 3.14159265e+00 3.73759848e-01
18 6 3.14159265e+00 3.71920583e-01
19 6 3.14159265e+00 3.73664685e-01
20 6 3.14159265e+00 3.73148013e-01
21 6 3.14159265e+00 3.72680090e-01
22 6 3.14159265e+00 3.72289545e-01
23 6 3.14159265e+00 3.72875520e-01
24 6 3.14159265e+00 3.73777532e-01
25 6 3.14159265e+00 3.72208693e-01
26 6 3.14159265e+00 3.73495417e-01
27 6 3.14159265e+00 3.70460181e-01
28 6 3.14159265e+00 3.72576146e-01
29 6 3.14159265e+00 3.72457041e-01
30 6 3.14159265e+00 3.68470458e-01
31 6 3.14159265e+00 3.73142666e-01
32 6 3.14159265e+00 3.75226727e-01
33 6 3.14159265e+00 3.71415240e-01
34 6 3.14159265e+00 3.71882273e-01
35 6 3.14159265e+00 3.72927064e-01
36 6 3.14159265e+00 3.71795322e-01
37 6 3.14159265e+00 3.71781776e-01
38 6 3.14159265e+00 3.74599792e-01
39 6 3.14159265e+00 3.73211343e-01
40 6 3.14159265e+00 3.72850976e-01
41 6 3.14159265e+00 3.71386837e-01
42 6 3.14159265e+00 3.72167029e-01
43 6 3.14159265e+00 3.72779459e-01
44 6 3.14159265e+00 3.74515052e-01
45 6 3.14159265e+00 3.73852512e-01
46 6 3.14159265e+00 3.73115478e-01
47 6 3.14159265e+00 3.71445885e-01
48 6 3.14159265e+00 3.74038212e-01
49 6 3.14159265e+00 3.69513293e-01
50 6 3.14159265e+00 3.74084688e-01
51 6 3.14159265e+00 3.74017732e-01
52 6 3.14159265e+00 3.75364261e-01
53 6 3.14159265e+00 3.71953838e-01
54 6 3.14159265e+00 3.74920356e-01
55 6 3.14159265e+00 3.70689911e-01
56 6 3.14159265e+00 3.73153621e-01
57 6 3.14159265e+00 3.70485406e-01
58 6 3.14159265e+00 3.73638988e-01
59 6 3.14159265e+00 3.73588981e-01
60 6 3.14159265e+00 3.72475340e-01
61 6 3.14159265e+00 3.71343276e-01
62 6 3.14159265e+00 3.73551087e-01
63 6 3.14159265e+00 3.71362601e-01
64 6 3.14159265e+00 3.71082698e-01
65 6 3.14159265e+00 3.75447321e-01
66 6 3.14159265e+00 3.71192624e-01
67 6 3.14159265e+00 3.72104858e-01
68 6 3.14159265e+00 3.73651806e-01
69 6 3.14159265e+00 3.72204409e-01
70 6 3.14159265e+00 3.72644530e-01
71 6 3.14159265e+00 3.72222725e-01
72 6 3.14159265e+00 3.74156277e-01
73 6 3.14159265e+00 3.75725906e-01
74 6 3.14159265e+00 3.69180559e-01
75 6 3.14159265e+00 3.70160688e-01
76 6 3.14159265e+00 3.73373968e-01
77 6 3.14159265e+00 3.72128131e-01
78 6 3.14159265e+00 3.73646917e-01
79 6 3.14159265e+00 3.74683128e-01
80 6 3.14159265e+00 3.71739318e-01
81 6 3.14159265e+00 3.74415123e-01
82 6 3.14159265e+00 3.74373871e-01
83 6 3.14159265e+00 3.70766525e-01
84 6 3.14159265e+00 3.72860603e-01
85 6 3.14159265e+00 3.75556259e-01
86 6 3.14159265e+00 3.70357823e-01
87 6 3.14159265e+00 3.69094573e-01
88 6 3.14159265e+00 3.74022441e-01
89 6 3.14159265e+00 3.73435556e-01
90 6 3.14159265e+00 3.73355987e-01
91 6 3.14159265e+00 3.73014283e-01
92 6 3.14159265e+00 3.72153083e-01
93 6 3.14159265e+00 3.74844711e-01
94 6 3.14159265e+00 3.73071689e-01
95 6 3.14159265e+00 3.71034424e-01
96 6 3.14159265e+00 3.74658381e-01
97 6 3.14159265e+00 3.75055780e-01
98 6 3.14159265e+00 3.74757382e-01
99 6 3.14159265e+00 3.74268786e-01
100 6 3.14159265e+00 3.71341327e-01
101 6 3.14159265e+00 3.73926916e-01
102 6 3.14159265e+00 3.74339075e-01
103 6 3.14159265e+00 3.71533050e-01
104 6 3.14159265e+00 3.74306450e-01
105 6 3.14159265e+00 3.69794740e-01
106 6 3.14159265e+00 3.73447210e-01
107 6 3.14159265e+00 3.76148154e-01
108 6 3.14159265e+00 3.70628048e-01
109 6 3.14159265e+00 3.73911227e-01
110 6 3.14159265e+00 3.69718317e-01
111 6 3.14159265e+00 3.71568574e-01
112 6 3.14159265e+00 3.69937152e-01
113 6 3.14159265e+00 3.70546611e-01
114 6 3.14159265e+00 3.76298737e-01
115 6 3.14159265e+00 3.74030215e-01
116 6 3.14159265e+00 3.74264776e-01
117 6 3.14159265e+00 3.74594475e-01
118 6 3.14159265e+00 3.74207497e-01
119 6 3.14159265e+00 3.73492606e-01
120 6 3.14159265e+00 3.73780273e-01
121 6 3.14159265e+00 3.70267238e-01
122 6 3.14159265e+00 3.71369641e-01
123 6 3.14159265e+00 3.71012454e-01
124 6 3.14159265e+00 3.74946473e-01
125 6 3.14159265e+00 3.74632631e-01
126 6 3.14159265e+00 3.73698587e-01
127 6 3.14159265e+00 3.74300813e-01
128 6 3.14159265e+00 3.71098650e-01
129 6 3.14159265e+00 3.74110165e-01
130 6 3.14159265e+00 3.74779255e-01
131 6 3.14159265e+00 3.68527807e-01
132 6 3.14159265e+00 3.73448546e-01
133 6 3.14159265e+00 3.73469440e-01
134 6 3.14159265e+00 3.75257241e-01
135 6 3.14159265e+00 3.72036555e-01
136 6 3.14159265e+00 3.73007330e-01
137 6 3.14159265e+00 3.71554220e-01
138 6 3.14159265e+00 3.71355738e-01
139 6 3.14159265e+00 3.72890982e-01
140 6 3.14159265e+00 3.73600104e-01
141 6 3.14159265e+00 3.73970755e-01
142 6 3.14159265e+00 3.70526688e-01
143 6 3.14159265e+00 3.74326233e-01
144 6 3.14159265e+00 3.73019662e-01
145 6 3.14159265e+00 3.71020933e-01
146 6 3.14159265e+00 3.72142947e-01
147 6 3.14159265e+00 3.71875387e-01
148 6 3.14159265e+00 3.73330618e-01
149 6 3.14159265e+00 3.73316939e-01
150 6 3.14159265e+00 3.74646830e-01
151 6 3.14159265e+00 3.72579748e-01
152 6 3.14159265e+00 3.72088248e-01
153 6 3.14159265e+00 3.75232034e-01
154 6 3.14159265e+00 3.74557797e-01
155 6 3.14159265e+00 3.72559783e-01
156 6 3.14159265e+00 3.74125255e-01
157 6 3.14159265e+00 3.74141048e-01
158 6 3.14159265e+00 3.72053455e-01
159 6 3.14159265e+00 3.73358718e-01
160 6 3.14159265e+00 3.71719203e-01
161 6 3.14159265e+00 3.73696000e-01
162 6 3.14159265e+00 3.73225938e-01
163 6 3.14159265e+00 3.74569100e-01
164 6 3.14159265e+00 3.73447957e-01
165 6 3.14159265e+00 3.74137655e-01
166 6 3.14159265e+00 3.73758898e-01
167 6 3.14159265e+00 3.73116385e-01
168 6 3.14159265e+00 3.72578238e-01
169 6 3.14159265e+00 3.73320183e-01
170 6 3.14159265e+00 3.72599831e-01
171 6 3.14159265e+00 3.75207794e-01
172 6 3.14159265e+00 3.75592519e-01
173 6 3.14159265e+00 3.72336367e-01
174 6 3.14159265e+00 3.72041557e-01
175 6 3.14159265e+00 3.72961784e-01
176 6 3.14159265e+00 3.75781898e-01
177 6 3.14159265e+00 3.73894448e-01
178 6 3.14159265e+00 3.70570682e-01
179 6 3.14159265e+00 3.72656365e-01
180 6 3.14159265e+00 3.71971913e-01
181 6 3.14159265e+00 3.72713260e-01
182 6 3.14159265e+00 3.68932862e-01
183 6 3.14159265e+00 3.73406998e-01
184 6 3.14159265e+00 3.71088063e-01
185 6 3.14159265e+00 3.71525437e-01
186 6 3.14159265e+00 3.69198253e-01
187 6 3.14159265e+00 3.73546172e-01
188 6 3.14159265e+00 3.71957974e-01
189 6 3.14159265e+00 3.71470651e-01
190 6 3.14159265e+00 3.75628773e-01
191 6 3.14159265e+00 3.73337433e-01
192 6 3.14159265e+00 3.75725312e-01
193 6 3.14159265e+00 3.73167682e-01
194 6 3.14159265e+00 3.69675461e-01
195 6 3.14159265e+00 3.71716581e-01
196 6 3.14159265e+00 3.73092172e-01
197 6 3.14159265e+00 3.72554756e-01
198 6 3.14159265e+00 3.71830591e-01
199 6 3.14159265e+00 3.73506637e-01
200 6 3.14159265e+00 3.69936730e-01
201 6 3.14159265e+00 3.76707195e-01
202 6 3.14159265e+00 3.72662449e-01
203 6 3.14159265e+00 3.72465357e-01
204 6 3.14159265e+00 3.70997467e-01
205 6 3.14159265e+00 3.74053223e-01
206 6 3.14159265e+00 3.72100498e-01
207 6 3.14159265e+00 3.72303054e-01
208 6 3.14159265e+00 3.70583940e-01
209 6 3.14159265e+00 3.68745179e-01
210 6 3.14159265e+00 3.67410188e-01
211 6 3.14159265e+00 3.74460365e-01
212 6 3.14159265e+00 3.74113264e-01
213 6 3.14159265e+00 3.70631584e-01
214 6 3.14159265e+00 3.74632726e-01
215 6 3.14159265e+00 3.73158359e-01
216 6 3.14159265e+00 3.69674766e-01
217 6 3.14159265e+00 3.74138253e-01
218 6 3.14159265e+00 3.71518400e-01
219 6 3.14159265e+00 3.73530571e-01
220 6 3.14159265e+00 3.73318400e-01
221 6 3.14159265e+00 3.71408855e-01
222 6 3.14159265e+00 3.72649584e-01
223 6 3.14159265e+00 3.71834539e-01
224 6 3.14159265e+00 3.71540685e-01
225 6 3.14159265e+00 3.72396631e-01
226 6 3.14159265e+00 3.73614318e-01
227 6 3.14159265e+00 3.73229695e-01
228 6 3.14159265e+00 3.74038945e-01
229 6 3.14159265e+00 3.70480024e-01
230 6 3.14159265e+00 3.73027909e-01
231 6 3.14159265e+00 3.71706779e-01
232 6 3.14159265e+00 3.69693968e-01
233 6 3.14159265e+00 3.71902675e-01
234 6 3.14159265e+00 3.74559392e-01
235 6 3.14159265e+00 3.70763151e-01
236 6 3.14159265e+00 3.75079819e-01
237 6 3.14159265e+00 3.73666015e-01
238 6 3.14159265e+00 3.73831970e-01
239 6 3.14159265e+00 3.77190667e-01
240 6 3.14159265e+00 3.72300746e-01
241 6 3.14159265e+00 3.74762672e-01
242 6 3.14159265e+00 3.73711171e-01
243 6 3.14159265e+00 3.77637809e-01
244 6 3.14159265e+00 3.71570474e-01
245 6 3.14159265e+00 3.76683568e-01
246 6 3.14159265e+00 3.75210555e-01
247 6 3.14159265e+00 3.69412894e-01
248 6 3.14159265e+00 3.72997690e-01
249 6 3.14159265e+00 3.75523332e-01
250 6 3.14159265e+00 3.73499627e-01
251 6 3.14159265e+00 3.68556095e-01
252 6 3.14159265e+00 3.74621824e-01
253 6 3.14159265e+00 3.73235303e-01
254 6 3.14159265e+00 3.70691883e-01
255 6 3.14159265e+00 3.73892873e-01
256 6 3.14159265e+00 3.71916381e-01
257 6 3.14159265e+00 3.72783698e-01
258 6 3.14159265e+00 3.71951534e-01
259 6 3.14159265e+00 3.74742273e-01
260 6 3.14159265e+00 3.72370166e-01
261 6 3.14159265e+00 3.76774524e-01
262 6 3.14159265e+00 3.70721989e-01
263 6 3.14159265e+00 3.71642963e-01
264 6 3.14159265e+00 3.71338972e-01
265 6 3.14159265e+00 3.72444231e-01
266 6 3.14159265e+00 3.71407470e-01
267 6 3.14159265e+00 3.70227012e-01
268 6 3.14159265e+00 3.74102136e-01
269 6 3.14159265e+00 3.70342141e-01
270 6 3.14159265e+00 3.72576834e-01
271 6 3.14159265e+00 3.75192605e-01
272 6 3.14159265e+00 3.70702462e-01
273 6 3.14159265e+00 3.72873930e-01
274 6 3.14159265e+00 3.73657831e-01
275 6 3.14159265e+00 3.71349050e-01
276 6 3.14159265e+00 3.71027475e-01
277 6 3.14159265e+00 3.73315987e-01
278 6 3.14159265e+00 3.74226393e-01
279 6 3.14159265e+00 3.73716425e-01
280 6 3.14159265e+00 3.72616252e-01
281 6 3.14159265e+00 3.72054196e-01
282 6 3.14159265e+00 3.71299267e-01
283 6 3.14159265e+00 3.73715539e-01
284 6 3.14159265e+00 3.75342101e-01
285 6 3.14159265e+00 3.74492651e-01
286 6 3.14159265e+00 3.73061781e-01
287 6 3.14159265e+00 3.72797201e-01
288 6 3.14159265e+00 3.72787640e-01
289 6 3.14159265e+00 3.72406186e-01
290 6 3.14159265e+00 3.72479406e-01
291 6 3.14159265e+00 3.73079988e-01
292 6 3.14159265e+00 3.70625691e-01
293 6 3.14159265e+00 3.72086812e-01
294 6 3.14159265e+00 3.75012001e-01
295 6 3.14159265e+00 3.75143619e-01
296 6 3.14159265e+00 3.71961292e-01
297 6 3.14159265e+00 3.73757003e-01
298 6 3.14159265e+00 3.72523642e-01
299 6 3.14159265e+00 3.74183781e-01
300 6 3.14159265e+00 3.74815048e-01
301 6 3.14159265e+00 3.71388571e-01
302 6 3.14159265e+00 3.71978857e-01
303 6 3.14159265e+00 3.75851777e-01
304 6 3.14159265e+00 3.76307118e-01
305 6 3.14159265e+00 3.72794695e-01
306 6 3.14159265e+00 3.72352459e-01
307 6 3.14159265e+00 3.71675990e-01
308 6 3.14159265e+00 3.69769053e-01
309 6 3.14159265e+00 3.72799210e-01
310 6 3.14159265e+00 3.75447410e-01
311 6 3.14159265e+00 3.76368111e-01
312 6 3.14159265e+00 3.75399728e-01
313 6 3.14159265e+00 3.71692466e-01
314 6 3.14159265e+00 3.68487747e-01
315 6 3.14159265e+00 3.69866900e-01
316 6 3.14159265e+00 3.73081155e-01
317 6 3.14159265e+00 3.73949193e-01
318 6 3.14159265e+00 3.72394806e-01
319 6 3.14159265e+00 3.73799446e-01
320 6 3.14159265e+00 3.71860763e-01
321 6 3.14159265e+00 3.69835962e-01
322 6 3.14159265e+00 3.70311574e-01
323 6 3.14159265e+00 3.71005364e-01
324 6 3.14159265e+00 3.72237990e-01
325 6 3.14159265e+00 3.72361000e-01
326 6 3.14159265e+00 3.71250175e-01
327 6 3.14159265e+00 3.71403315e-01
328 6 3.14159265e+00 3.70762264e-01
329 6 3.14159265e+00 3.72362067e-01
330 6 3.14159265e+00 3.74006940e-01
331 6 3.14159265e+00 3.69231496e-01
332 6 3.14159265e+00 3.72544616e-01
333 6 3.14159265e+00 3.70613187e-01
334 6 3.14159265e+00 3.70206762e-01
335 6 3.14159265e+00 3.71854628e-01
336 6 3.14159265e+00 3.72307352e-01
337 6 3.14159265e+00 3.73542303e-01
338 6 3.14159265e+00 3.74720679e-01
339 6 3.14159265e+00 3.74179682e-01
340 6 3.14159265e+00 3.74852147e-01
341 6 3.14159265e+00 3.73760782e-01
342 6 3.14159265e+00 3.77123798e-01
343 6 3.14159265e+00 3.75778852e-01
344 6 3.14159265e+00 3.73239804e-01
345 6 3.14159265e+00 3.73472278e-01
346 6 3.14159265e+00 3.73821814e-01
347 6 3.14159265e+00 3.70283112e-01
348 6 3.14159265e+00 3.73750142e-01
349 6 3.14159265e+00 3.71041736e-01
350 6 3.14159265e+00 3.74160343e-01
351 6 3.14159265e+00 3.74633503e-01
352 6 3.14159265e+00 3.70756784e-01
353 6 3.14159265e+00 3.73112557e-01
354 6 3.14159265e+00 3.72544326e-01
355 6 3.14159265e+00 3.74986490e-01
356 6 3.14159265e+00 3.75742488e-01
357 6 3.14159265e+00 3.72078619e-01
358 6 3.14159265e+00 3.73606959e-01
359 6 3.14159265e+00 3.71205438e-01
360 6 3.14159265e+00 3.74068180e-01
361 6 3.14159265e+00 3.75981241e-01
362 6 3.14159265e+00 3.71988365e-01
363 6 3.14159265e+00 3.69686835e-01
364 6 3.14159265e+00 3.71338755e-01
365 6 3.14159265e+00 3.72822975e-01
366 6 3.14159265e+00 3.75602509e-01
367 6 3.14159265e+00 3.73141930e-01
368 6 3.14159265e+00 3.71678732e-01
369 6 3.14159265e+00 3.72927577e-01
370 6 3.14159265e+00 3.71417256e-01
371 6 3.14159265e+00 3.72072056e-01
372 6 3.14159265e+00 3.74504853e-01
373 6 3.14159265e+00 3.73195675e-01
374 6 3.14159265e+00 3.71975370e-01
375 6 3.14159265e+00 3.72862773e-01
376 6 3.14159265e+00 3.73591382e-01
377 6 3.14159265e+00 3.73728131e-01
378 6 3.14159265e+00 3.75065111e-01
379 6 3.14159265e+00 3.71823448e-01
380 6 3.14159265e+00 3.72768147e-01
381 6 3.14159265e+00 3.73100400e-01
382 6 3.14159265e+00 3.73063660e-01
383 6 3.14159265e+00 3.74090974e-01
384 6 3.14159265e+00 3.74378262e-01
385 6 3.14159265e+00 3.74292859e-01
386 6 3.14159265e+00 3.69846565e-01
387 6 3.14159265e+00 3.73202037e-01
388 6 3.14159265e+00 3.72556628e-01
389 6 3.14159265e+00 3.72371312e-01
390 6 3.14159265e+00 3.71299423e-01
391 6 3.14159265e+00 3.70351127e-01
392 6 3.14159265e+00 3.75407571e-01
393 6 3.14159265e+00 3.74190146e-01
394 6 3.14159265e+00 3.75772051e-01
395 6 3.14159265e+00 3.73851794e-01
396 6 3.14159265e+00 3.75959824e-01
397 6 3.14159265e+00 3.75103771e-01
398 6 3.14159265e+00 3.76782704e-01
399 6 3.14159265e+00 3.71896561e-01
400 6 3.14159265e+00 3.71543831e-01
401 6 3.14159265e+00 3.73800265e-01
402 6 3.14159265e+00 3.73346158e-01
403 6 3.14159265e+00 3.76462954e-01
404 6 3.14159265e+00 3.73940128e-01
405 6 3.14159265e+00 3.73329613e-01
406 6 3.14159265e+00 3.68247432e-01
407 6 3.14159265e+00 3.76425021e-01
408 6 3.14159265e+00 3.69931264e-01
409 6 3.14159265e+00 3.75087268e-01
410 6 3.14159265e+00 3.71260898e-01
411 6 3.14159265e+00 3.73372401e-01
412 6 3.14159265e+00 3.73111381e-01
413 6 3.14159265e+00 3.76671125e-01
414 6 3.14159265e+00 3.71487148e-01
415 6 3.14159265e+00 3.72663179e-01
416 6 3.14159265e+00 3.72899262e-01
417 6 3.14159265e+00 3.72451887e-01
418 6 3.14159265e+00 3.73012557e-01
419 6 3.14159265e+00 3.74776159e-01
420 6 3.14159265e+00 3.72348704e-01
421 6 3.14159265e+00 3.72862342e-01
422 6 3.14159265e+00 3.70969927e-01
423 6 3.14159265e+00 3.72839163e-01
424 6 3.14159265e+00 3.72039320e-01
425 6 3.14159265e+00 3.75081860e-01
426 6 3.14159265e+00 3.70505496e-01
427 6 3.14159265e+00 3.71923132e-01
428 6 3.14159265e+00 3.72855669e-01
429 6 3.14159265e+00 3.73983384e-01
430 6 3.14159265e+00 3.73531071e-01
431 6 3.14159265e+00 3.73702750e-01
432 6 3.14159265e+00 3.72033319e-01
433 6 3.14159265e+00 3.75709919e-01
434 6 3.14159265e+00 3.73231643e-01
435 6 3.14159265e+00 3.73305926e-01
436 6 3.14159265e+00 3.74522521e-01
437 6 3.14159265e+00 3.73545148e-01
438 6 3.14159265e+00 3.72568775e-01
439 6 3.14159265e+00 3.71996212e-01
440 6 3.14159265e+00 3.71214953e-01
441 6 3.14159265e+00 3.67568352e-01
442 6 3.14159265e+00 3.74424159e-01
443 6 3.14159265e+00 3.71719856e-01
444 6 3.14159265e+00 3.73990425e-01
445 6 3.14159265e+00 3.73161288e-01
446 6 3.14159265e+00 3.73473394e-01
447 6 3.14159265e+00 3.73482846e-01
448 6 3.14159265e+00 3.75376389e-01
449 6 3.14159265e+00 3.75948900e-01
450 6 3.14159265e+00 3.74232286e-01
451 6 3.14159265e+00 3.75584646e-01
452 6 3.14159265e+00 3.77631203e-01
453 6 3.14159265e+00 3.73615877e-01
454 6 3.14159265e+00 3.75363458e-01
455 6 3.14159265e+00 3.70870315e-01
456 6 3.14159265e+00 3.71221869e-01
457 6 3.14159265e+00 3.73479127e-01
458 6 3.14159265e+00 3.73340477e-01
459 6 3.14159265e+00 3.73310875e-01
460 6 3.14159265e+00 3.72419940e-01
461 6 3.14159265e+00 3.73641173e-01
462 6 3.14159265e+00 3.73376250e-01
463 6 3.14159265e+00 3.74528574e-01
464 6 3.14159265e+00 3.73448330e-01
465 6 3.14159265e+00 3.73003780e-01
466 6 3.14159265e+00 3.71354509e-01
467 6 3.14159265e+00 3.71540397e-01
468 6 3.14159265e+00 3.71765982e-01
469 6 3.14159265e+00 3.71499462e-01
470 6 3.14159265e+00 3.73660303e-01
471 6 3.14159265e+00 3.70900181e-01
472 6 3.14159265e+00 3.72552945e-01
473 6 3.14159265e+00 3.74686078e-01
474 6 3.14159265e+00 3.76058231e-01
475 6 3.14159265e+00 3.72044091e-01
476 6 3.14159265e+00 3.70456739e-01
477 6 3.14159265e+00 3.70213456e-01
478 6 3.14159265e+00 3.73695841e-01
479 6 3.14159265e+00 3.71660026e-01
480 6 3.14159265e+00 3.69929936e-01
481 6 3.14159265e+00 3.73822713e-01
482 6 3.14159265e+00 3.70610647e-01
483 6 3.14159265e+00 3.75147952e-01
484 6 3.14159265e+00 3.72509449e-01
485 6 3.14159265e+00 3.73490294e-01
486 6 3.14159265e+00 3.73569043e-01
487 6 3.14159265e+00 3.75338770e-01
488 6 3.14159265e+00 3.70684659e-01
489 6 3.14159265e+00 3.72021579e-01
490 6 3.14159265e+00 3.71521377e-01
491 6 3.14159265e+00 3.72664956e-01
492 6 3.14159265e+00 3.74424724e-01
493 6 3.14159265e+00 3.72015817e-01
494 6 3.14159265e+00 3.72833915e-01
495 6 3.14159265e+00 3.77524847e-01
496 6 3.14159265e+00 3.71242483e-01
497 6 3.14159265e+00 3.72565371e-01
498 6 3.14159265e+00 3.73145431e-01
499 6 3.14159265e+00 3.70374614e-01
500 6 3.14159265e+00 3.72677117e-01
501 6 3.14159265e+00 3.72398285e-01
502 6 3.14159265e+00 3.73896304e-01
503 6 3.14159265e+00 3.73927349e-01
504 6 3.14159265e+00 3.70470728e-01
505 6 3.14159265e+00 3.71580207e-01
506 6 3.14159265e+00 3.73383253e-01
507 6 3.14159265e+00 3.72854153e-01
508 6 3.14159265e+00 3.72728986e-01
509 6 3.14159265e+00 3.72840398e-01
510 6 3.14159265e+00 3.75683339e-01
511 6 3.14159265e+00 3.73366699e-01
512 6 3.14159265e+00 3.72445461e-01
513 6 3.14159265e+00 3.74819584e-01
514 6 3.14159265e+00 3.72932267e-01
515 6 3.14159265e+00 3.75131712e-01
516 6 3.14159265e+00 3.71918205e-01
517 6 3.14159265e+00 3.72713794e-01
518 6 3.14159265e+00 3.70750142e-01
519 6 3.14159265e+00 3.72107804e-01
520 6 3.14159265e+00 3.71779725e-01
521 6 3.14159265e+00 3.68413917e-01
522 6 3.14159265e+00 3.74484205e-01
523 6 3.14159265e+00 3.70165386e-01
524 6 3.14159265e+00 3.71855760e-01
525 6 3.14159265e+00 3.74959127e-01
526 6 3.14159265e+00 3.72696071e-01
527 6 3.14159265e+00 3.72101197e-01
528 6 3.14159265e+00 3.73615250e-01
529 6 3.14159265e+00 3.73968804e-01
530 6 3.14159265e+00 3.70383313e-01
531 6 3.14159265e+00 3.71311402e-01
532 6 3.14159265e+00 3.72988867e-01
533 6 3.14159265e+00 3.74716504e-01
534 6 3.14159265e+00 3.75041363e-01
535 6 3.14159265e+00 3.73287766e-01
536 6 3.14159265e+00 3.78264189e-01
537 6 3.14159265e+00 3.76859275e-01
538 6 3.14159265e+00 3.72729103e-01
539 6 3.14159265e+00 3.74698430e-01
540 6 3.14159265e+00 3.73773525e-01
541 6 3.14159265e+00 3.74056731e-01
542 6 3.14159265e+00 3.76499822e-01
543 6 3.14159265e+00 3.70884040e-01
544 6 3.14159265e+00 3.72818789e-01
545 6 3.14159265e+00 3.72702515e-01
546 6 3.14159265e+00 3.73990678e-01
547 6 3.14159265e+00 3.75470235e-01
548 6 3.14159265e+00 3.73251767e-01
549 6 3.14159265e+00 3.73286023e-01
550 6 3.14159265e+00 3.72535342e-01
551 6 3.14159265e+00 3.72532155e-01
552 6 3.14159265e+00 3.73543235e-01
553 6 3.14159265e+00 3.72018123e-01
554 6 3.14159265e+00 3.72209196e-01
555 6 3.14159265e+00 3.71759527e-01
556 6 3.14159265e+00 3.71823003e-01
557 6 3.14159265e+00 3.74248030e-01
558 6 3.14159265e+00 3.73399988e-01
559 6 3.14159265e+00 3.71670290e-01
560 6 3.14159265e+00 3.75110014e-01
561 6 3.14159265e+00 3.71723050e-01
562 6 3.14159265e+00 3.75084178e-01
563 6 3.14159265e+00 3.73997443e-01
564 6 3.14159265e+00 3.75455730e-01
565 6 3.14159265e+00 3.73516336e-01
566 6 3.14159265e+00 3.72534108e-01
567 6 3.14159265e+00 3.73004422e-01
568 6 3.14159265e+00 3.74497512e-01
569 6 3.14159265e+00 3.74496753e-01
570 6 3.14159265e+00 3.73661581e-01
571 6 3.14159265e+00 3.71842281e-01
572 6 3.14159265e+00 3.70904216e-01
573 6 3.14159265e+00 3.71116105e-01
574 6 3.14159265e+00 3.68775839e-01
575 6 3.14159265e+00 3.74394188e-01
576 6 3.14159265e+00 3.72046416e-01
577 6 3.14159265e+00 3.71546467e-01
578 6 3.14159265e+00 3.71510294e-01
579 6 3.14159265e+00 3.72789359e-01
580 6 3.14159265e+00 3.70134743e-01
581 6 3.14159265e+00 3.71515249e-01
582 6 3.14159265e+00 3.72209407e-01
583 6 3.14159265e+00 3.75083335e-01
584 6 3.14159265e+00 3.70947808e-01
585 6 3.14159265e+00 3.73372616e-01
586 6 3.14159265e+00 3.73306335e-01
587 6 3.14159265e+00 3.75018267e-01
588 6 3.14159265e+00 3.69649206e-01
589 6 3.14159265e+00 3.74392405e-01
590 6 3.14159265e+00 3.72050255e-01
591 6 3.14159265e+00 3.73838888e-01
592 6 3.14159265e+00 3.75066641e-01
593 6 3.14159265e+00 3.73866365e-01
594 6 3.14159265e+00 3.71998924e-01
595 6 3.14159265e+00 3.71968534e-01
596 6 3.14159265e+00 3.76340455e-01
597 6 3.14159265e+00 3.74635260e-01
598 6 3.14159265e+00 3.72495854e-01
599 6 3.14159265e+00 3.73413380e-01
600 6 3.14159265e+00 3.74427574e-01
601 6 3.14159265e+00 3.74828637e-01
602 6 3.14159265e+00 3.71456515e-01
603 6 3.14159265e+00 3.73794946e-01
604 6 3.14159265e+00 3.73503699e-01
605 6 3.14159265e+00 3.73161684e-01
606 6 3.14159265e+00 3.72201426e-01
607 6 3.14159265e+00 3.73283557e-01
608 6 3.14159265e+00 3.73653467e-01
609 6 3.14159265e+00 3.68648752e-01
610 6 3.14159265e+00 3.73057457e-01
611 6 3.14159265e+00 3.72261554e-01
612 6 3.14159265e+00 3.74651231e-01
613 6 3.14159265e+00 3.71943233e-01
614 6 3.14159265e+00 3.74219041e-01
615 6 3.14159265e+00 3.68504406e-01
616 6 3.14159265e+00 3.76153635e-01
617 6 3.14159265e+00 3.74711327e-01
618 6 3.14159265e+00 3.72397460e-01
619 6 3.14159265e+00 3.74200629e-01
620 6 3.14159265e+00 3.73593342e-01
621 6 3.14159265e+00 3.73071339e-01
622 6 3.14159265e+00 3.71649846e-01
623 6 3.14159265e+00 3.73495423e-01
624 6 3.14159265e+00 3.73581408e-01
625 6 3.14159265e+00 3.73216494e-01
626 6 3.14159265e+00 3.71407920e-01
627 6 3.14159265e+00 3.75070681e-01
628 6 3.14159265e+00 3.73034601e-01
629 6 3.14159265e+00 3.70267167e-01
630 6 3.14159265e+00 3.71298846e-01
631 6 3.14159265e+00 3.73308875e-01
632 6 3.14159265e+00 3.75520623e-01
633 6 3.14159265e+00 3.71205686e-01
634 6 3.14159265e+00 3.75294143e-01
635 6 3.14159265e+00 3.72373947e-01
636 6 3.14159265e+00 3.71389476e-01
637 6 3.14159265e+00 3.67909083e-01
638 6 3.14159265e+00 3.73705432e-01
639 6 3.14159265e+00 3.70603534e-01
640 6 3.14159265e+00 3.72570770e-01
641 6 3.14159265e+00 3.73649384e-01
642 6 3.14159265e+00 3.70468182e-01
643 6 3.14159265e+00 3.73774172e-01
644 6 3.14159265e+00 3.77424488e-01
645 6 3.14159265e+00 3.71169964e-01
646 6 3.14159265e+00 3.69359894e-01
647 6 3.14159265e+00 3.70372261e-01
648 6 3.14159265e+00 3.72515583e-01
649 6 3.14159265e+00 3.69695718e-01
650 6 3.14159265e+00 3.71621510e-01
651 6 3.14159265e+00 3.71560571e-01
652 6 3.14159265e+00 3.71347823e-01
653 6 3.14159265e+00 3.74867187e-01
654 6 3.14159265e+00 3.69587064e-01
655 6 3.14159265e+00 3.73149011e-01
656 6 3.14159265e+00 3.72134710e-01
657 6 3.14159265e+00 3.73173773e-01
658 6 3.14159265e+00 3.76216108e-01
659 6 3.14159265e+00 3.71482659e-01
660 6 3.14159265e+00 3.70916068e-01
661 6 3.14159265e+00 3.72797048e-01
662 6 3.14159265e+00 3.72845365e-01
663 6 3.14159265e+00 3.73889174e-01
664 6 3.14159265e+00 3.73943398e-01
665 6 3.14159265e+00 3.71846007e-01
666 6 3.14159265e+00 3.73028018e-01
667 6 3.14159265e+00 3.71999720e-01
668 6 3.14159265e+00 3.72545904e-01
669 6 3.14159265e+00 3.71659136e-01
670 6 3.14159265e+00 3.75524892e-01
671 6 3.14159265e+00 3.72717740e-01
672 6 3.14159265e+00 3.73890547e-01
673 6 3.14159265e+00 3.75415681e-01
674 6 3.14159265e+00 3.70560627e-01
675 6 3.14159265e+00 3.70946514e-01
676 6 3.14159265e+00 3.72572042e-01
677 6 3.14159265e+00 3.75040359e-01
678 6 3.14159265e+00 3.74487271e-01
679 6 3.14159265e+00 3.71092091e-01
680 6 3.14159265e+00 3.74461343e-01
681 6 3.14159265e+00 3.71919485e-01
682 6 3.14159265e+00 3.72016585e-01
683 6 3.14159265e+00 3.69886089e-01
684 6 3.14159265e+00 3.74109393e-01
685 6 3.14159265e+00 3.73375195e-01
686 6 3.14159265e+00 3.74583935e-01
687 6 3.14159265e+00 3.73706309e-01
688 6 3.14159265e+00 3.71228729e-01
689 6 3.14159265e+00 3.71534127e-01
690 6 3.14159265e+00 3.72523878e-01
691 6 3.14159265e+00 3.73233078e-01
692 6 3.14159265e+00 3.71665793e-01
693 6 3.14159265e+00 3.73112028e-01
694 6 3.14159265e+00 3.69165391e-01
695 6 3.14159265e+00 3.71492387e-01
696 6 3.14159265e+00 3.72346904e-01
697 6 3.14159265e+00 3.75648053e-01
698 6 3.14159265e+00 3.73392451e-01
699 6 3.14159265e+00 3.71730630e-01
700 6 3.14159265e+00 3.73672531e-01
701 6 3.14159265e+00 3.74254118e-01
702 6 3.14159265e+00 3.71132282e-01
703 6 3.14159265e+00 3.76448556e-01
704 6 3.14159265e+00 3.70637617e-01
705 6 3.14159265e+00 3.72289983e-01
706 6 3.14159265e+00 3.75356956e-01
707 6 3.14159265e+00 3.71739225e-01
708 6 3.14159265e+00 3.75788755e-01
709 6 3.14159265e+00 3.73711030e-01
710 6 3.14159265e+00 3.72911020e-01
711 6 3.14159265e+00 3.74173671e-01
712 6 3.14159265e+00 3.75057484e-01
713 6 3.14159265e+00 3.72683628e-01
714 6 3.14159265e+00 3.69448741e-01
715 6 3.14159265e+00 3.72974912e-01
716 6 3.14159265e+00 3.73699829e-01
717 6 3.14159265e+00 3.71039344e-01
718 6 3.14159265e+00 3.69839437e-01
719 6 3.14159265e+00 3.69925536e-01
720 6 3.14159265e+00 3.72258306e-01
721 6 3.14159265e+00 3.73979899e-01
722 6 3.14159265e+00 3.72344812e-01
723 6 3.14159265e+00 3.73568904e-01
724 6 3.14159265e+00 3.70380933e-01
725 6 3.14159265e+00 3.70517557e-01
726 6 3.14159265e+00 3.75318034e-01
727 6 3.14159265e+00 3.70949349e-01
728 6 3.14159265e+00 3.73910441e-01
729 6 3.14159265e+00 3.76194458e-01
730 6 3.14159265e+00 3.70467852e-01
731 6 3.14159265e+00 3.73350172e-01
732 6 3.14159265e+00 3.72558329e-01
733 6 3.14159265e+00 3.74160069e-01
734 6 3.14159265e+00 3.73599441e-01
735 6 3.14159265e+00 3.76066734e-01
736 6 3.14159265e+00 3.71024873e-01
737 6 3.14159265e+00 3.72957672e-01
738 6 3.14159265e+00 3.75097191e-01
739 6 3.14159265e+00 3.71459111e-01
740 6 3.14159265e+00 3.72999977e-01
741 6 3.14159265e+00 3.72388225e-01
742 6 3.14159265e+00 3.71379785e-01
743 6 3.14159265e+00 3.74847624e-01
744 6 3.14159265e+00 3.73428770e-01
745 6 3.14159265e+00 3.73852908e-01
746 6 3.14159265e+00 3.70928042e-01
747 6 3.14159265e+00 3.74750006e-01
748 6 3.14159265e+00 3.73006123e-01
749 6 3.14159265e+00 3.73338560e-01
750 6 3.14159265e+00 3.72528975e-01
751 6 3.14159265e+00 3.76889052e-01
752 6 3.14159265e+00 3.77373302e-01
753 6 3.14159265e+00 3.74601263e-01
754 6 3.14159265e+00 3.74306185e-01
755 6 3.14159265e+00 3.71898173e-01
756 6 3.14159265e+00 3.73922890e-01
757 6 3.14159265e+00 3.71372349e-01
758 6 3.14159265e+00 3.73722650e-01
759 6 3.14159265e+00 3.71449054e-01
760 6 3.14159265e+00 3.72147949e-01
761 6 3.14159265e+00 3.73323061e-01
762 6 3.14159265e+00 3.75078930e-01
763 6 3.14159265e+00 3.76109540e-01
764 6 3.14159265e+00 3.76054976e-01
765 6 3.14159265e+00 3.75514638e-01
766 6 3.14159265e+00 3.71746115e-01
767 6 3.14159265e+00 3.71139610e-01
768 6 3.14159265e+00 3.74687811e-01
769 6 3.14159265e+00 3.75011716e-01
770 6 3.14159265e+00 3.73960451e-01
771 6 3.14159265e+00 3.75119326e-01
772 6 3.14159265e+00 3.72083267e-01
773 6 3.14159265e+00 3.71371693e-01
774 6 3.14159265e+00 3.73098373e-01
775 6 3.14159265e+00 3.74749366e-01
776 6 3.14159265e+00 3.73143322e-01
777 6 3.14159265e+00 3.74319604e-01
778 6 3.14159265e+00 3.74162128e-01
779 6 3.14159265e+00 3.72609497e-01
780 6 3.14159265e+00 3.73828546e-01
781 6 3.14159265e+00 3.73765942e-01
782 6 3.14159265e+00 3.73871617e-01
783 6 3.14159265e+00 3.70111428e-01
784 6 3.14159265e+00 3.73357505e-01
785 6 3.14159265e+00 3.71795847e-01
786 6 3.14159265e+00 3.72276189e-01
787 6 3.14159265e+00 3.70118694e-01
788 6 3.14159265e+00 3.71752793e-01
789 6 3.14159265e+00 3.71118053e-01
790 6 3.14159265e+00 3.70928026e-01
791 6 3.14159265e+00 3.74213843e-01
792 6 3.14159265e+00 3.74457235e-01
793 6 3.14159265e+00 3.70774600e-01
794 6 3.14159265e+00 3.72719617e-01
795 6 3.14159265e+00 3.73625600e-01
796 6 3.14159265e+00 3.72915927e-01
797 6 3.14159265e+00 3.72174241e-01
798 6 3.14159265e+00 3.71067221e-01
799 6 3.14159265e+00 3.72020359e-01
800 6 3.14159265e+00 3.75493709e-01
801 6 3.14159265e+00 3.74785179e-01
802 6 3.14159265e+00 3.74676853e-01
803 6 3.14159265e+00 3.77166805e-01
804 6 3.14159265e+00 3.73869588e-01
805 6 3.14159265e+00 3.73774146e-01
806 6 3.14159265e+00 3.73880295e-01
807 6 3.14159265e+00 3.74379455e-01
808 6 3.14159265e+00 3.72449350e-01
809 6 3.14159265e+00 3.73244374e-01
810 6 3.14159265e+00 3.71783447e-01
811 6 3.14159265e+00 3.73126830e-01
812 6 3.14159265e+00 3.69951767e-01
813 6 3.14159265e+00 3.75139797e-01
814 6 3.14159265e+00 3.71423256e-01
815 6 3.14159265e+00 3.73274009e-01
816 6 3.14159265e+00 3.73837499e-01
817 6 3.14159265e+00 3.74335342e-01
818 6 3.14159265e+00 3.70108217e-01
819 6 3.14159265e+00 3.74790680e-01
820 6 3.14159265e+00 3.73113294e-01
821 6 3.14159265e+00 3.70186175e-01
822 6 3.14159265e+00 3.73735350e-01
823 6 3.14159265e+00 3.71228159e-01
824 6 3.14159265e+00 3.71430759e-01
825 6 3.14159265e+00 3.71538083e-01
826 6 3.14159265e+00 3.74342040e-01
827 6 3.14159265e+00 3.72382056e-01
828 6 3.14159265e+00 3.74893640e-01
829 6 3.14159265e+00 3.72059442e-01
830 6 3.14159265e+00 3.72750128e-01
831 6 3.14159265e+00 3.71899805e-01
832 6 3.14159265e+00 3.72745563e-01
833 6 3.14159265e+00 3.75253461e-01
834 6 3.14159265e+00 3.73816539e-01
835 6 3.14159265e+00 3.72690990e-01
836 6 3.14159265e+00 3.72613981e-01
837 6 3.14159265e+00 3.74561887e-01
838 6 3.14159265e+00 3.72915819e-01
839 6 3.14159265e+00 3.71828960e-01
840 6 3.14159265e+00 3.72415716e-01
841 6 3.14159265e+00 3.70475437e-01
842 6 3.14159265e+00 3.72333733e-01
843 6 3.14159265e+00 3.74726159e-01
844 6 3.14159265e+00 3.75412106e-01
845 6 3.14159265e+00 3.72363892e-01
846 6 3.14159265e+00 3.69151609e-01
847 6 3.14159265e+00 3.73210308e-01
848 6 3.14159265e+00 3.71975020e-01
849 6 3.14159265e+00 3.71628437e-01
850 6 3.14159265e+00 3.70631750e-01
851 6 3.14159265e+00 3.72133855e-01
852 6 3.14159265e+00 3.77161392e-01
853 6 3.14159265e+00 3.72677096e-01
854 6 3.14159265e+00 3.70837445e-01
855 6 3.14159265e+00 3.71600734e-01
856 6 3.14159265e+00 3.74101719e-01
857 6 3.14159265e+00 3.72578791e-01
858 6 3.14159265e+00 3.76207752e-01
859 6 3.14159265e+00 3.75450251e-01
860 6 3.14159265e+00 3.71169409e-01
861 6 3.14159265e+00 3.69403460e-01
862 6 3.14159265e+00 3.74442610e-01
863 6 3.14159265e+00 3.75795172e-01
864 6 3.14159265e+00 3.71773306e-01
865 6 3.14159265e+00 3.69519672e-01
866 6 3.14159265e+00 3.75023606e-01
867 6 3.14159265e+00 3.71671014e-01
868 6 3.14159265e+00 3.72264888e-01
869 6 3.14159265e+00 3.72860218e-01
870 6 3.14159265e+00 3.70580133e-01
871 6 3.14159265e+00 3.71813894e-01
872 6 3.14159265e+00 3.70677593e-01
873 6 3.14159265e+00 3.71250619e-01
874 6 3.14159265e+00 3.73577920e-01
875 6 3.14159265e+00 3.74018483e-01
876 6 3.14159265e+00 3.72542687e-01
877 6 3.14159265e+00 3.71245223e-01
878 6 3.14159265e+00 3.70695850e-01
879 6 3.14159265e+00 3.71009150e-01
880 6 3.14159265e+00 3.76425429e-01
881 6 3.14159265e+00 3.72500286e-01
882 6 3.14159265e+00 3.71741688e-01
883 6 3.14159265e+00 3.71626892e-01
884 6 3.14159265e+00 3.70419005e-01
885 6 3.14159265e+00 3.73625582e-01
886 6 3.14159265e+00 3.70851872e-01
887 6 3.14159265e+00 3.77180428e-01
888 6 3.14159265e+00 3.70200394e-01
889 6 3.14159265e+00 3.73391981e-01
890 6 3.14159265e+00 3.74516004e-01
891 6 3.14159265e+00 3.75318109e-01
892 6 3.14159265e+00 3.73808132e-01
893 6 3.14159265e+00 3.72616499e-01
894 6 3.14159265e+00 3.74280581e-01
895 6 3.14159265e+00 3.73431868e-01
896 6 3.14159265e+00 3.71206673e-01
897 6 3.14159265e+00 3.72188430e-01
898 6 3.14159265e+00 3.72952275e-01
899 6 3.14159265e+00 3.71775179e-01
900 6 3.14159265e+00 3.72542460e-01
901 6 3.14159265e+00 3.70412524e-01
902 6 3.14159265e+00 3.72513848e-01
903 6 3.14159265e+00 3.73455763e-01
904 6 3.14159265e+00 3.74054930e-01
905 6 3.14159265e+00 3.72147940e-01
906 6 3.14159265e+00 3.73136603e-01
907 6 3.14159265e+00 3.72352229e-01
908 6 3.14159265e+00 3.72528815e-01
909 6 3.14159265e+00 3.74291300e-01
910 6 3.14159265e+00 3.71910545e-01
911 6 3.14159265e+00 3.73441610e-01
912 6 3.14159265e+00 3.73609124e-01
913 6 3.14159265e+00 3.73093023e-01
914 6 3.14159265e+00 3.72814181e-01
915 6 3.14159265e+00 3.74054013e-01
916 6 3.14159265e+00 3.71642193e-01
917 6 3.14159265e+00 3.72621958e-01
918 6 3.14159265e+00 3.73000468e-01
919 6 3.14159265e+00 3.73467265e-01
920 6 3.14159265e+00 3.74534043e-01
921 6 3.14159265e+00 3.72030000e-01
922 6 3.14159265e+00 3.72533221e-01
923 6 3.14159265e+00 3.68607384e-01
924 6 3.14159265e+00 3.71475011e-01
925 6 3.14159265e+00 3.74839347e-01
926 6 3.14159265e+00 3.75852358e-01
927 6 3.14159265e+00 3.74323823e-01
928 6 3.14159265e+00 3.70882139e-01
929 6 3.14159265e+00 3.73066269e-01
930 6 3.14159265e+00 3.73151732e-01
931 6 3.14159265e+00 3.71969090e-01
932 6 3.14159265e+00 3.75845827e-01
933 6 3.14159265e+00 3.71505941e-01
934 6 3.14159265e+00 3.73473692e-01
935 6 3.14159265e+00 3.73742848e-01
936 6 3.14159265e+00 3.73113778e-01
937 6 3.14159265e+00 3.73636388e-01
938 6 3.14159265e+00 3.71694038e-01
939 6 3.14159265e+00 3.72580094e-01
940 6 3.14159265e+00 3.73531792e-01
941 6 3.14159265e+00 3.73044223e-01
942 6 3.14159265e+00 3.76081293e-01
943 6 3.14159265e+00 3.72283276e-01
944 6 3.14159265e+00 3.72823863e-01
945 6 3.14159265e+00 3.71299967e-01
946 6 3.14159265e+00 3.73716994e-01
947 6 3.14159265e+00 3.73571644e-01
948 6 3.14159265e+00 3.73053771e-01
949 6 3.14159265e+00 3.71290810e-01
950 6 3.14159265e+00 3.72643892e-01
951 6 3.14159265e+00 3.72961090e-01
952 6 3.14159265e+00 3.72744066e-01
953 6 3.14159265e+00 3.75741765e-01
954 6 3.14159265e+00 3.71784355e-01
955 6 3.14159265e+00 3.73284985e-01
956 6 3.14159265e+00 3.74781215e-01
957 6 3.14159265e+00 3.73866659e-01
958 6 3.14159265e+00 3.71923647e-01
959 6 3.14159265e+00 3.73750625e-01
960 6 3.14159265e+00 3.70604663e-01
961 6 3.14159265e+00 3.71824868e-01
962 6 3.14159265e+00 3.73088612e-01
963 6 3.14159265e+00 3.72813537e-01
964 6 3.14159265e+00 3.74432853e-01
965 6 3.14159265e+00 3.73396494e-01
966 6 3.14159265e+00 3.73691936e-01
967 6 3.14159265e+00 3.73062056e-01
968 6 3.14159265e+00 3.74116874e-01
969 6 3.14159265e+00 3.72987847e-01
970 6 3.14159265e+00 3.72881153e-01
971 6 3.14159265e+00 3.73247332e-01
972 6 3.14159265e+00 3.70705147e-01
973 6 3.14159265e+00 3.72580390e-01
974 6 3.14159265e+00 3.74905041e-01
975 6 3.14159265e+00 3.75032756e-01
976 6 3.14159265e+00 3.72422975e-01
977 6 3.14159265e+00 3.75662995e-01
978 6 3.14159265e+00 3.70491914e-01
979 6 3.14159265e+00 3.71121102e-01
980 6 3.14159265e+00 3.70719000e-01
981 6 3.14159265e+00 3.71990155e-01
982 6 3.14159265e+00 3.74474264e-01
983 6 3.14159265e+00 3.72301202e-01
984 6 3.14159265e+00 3.74606267e-01
985 6 3.14159265e+00 3.72489823e-01
986 6 3.14159265e+00 3.74197312e-01
987 6 3.14159265e+00 3.73565762e-01
988 6 3.14159265e+00 3.73702948e-01
989 6 3.14159265e+00 3.74813480e-01
990 6 3.14159265e+00 3.71034862e-01
991 6 3.14159265e+00 3.71893453e-01
992 6 3.14159265e+00 3.70310132e-01
993 6 3.14159265e+00 3.73658562e-01
994 6 3.14159265e+00 3.71683838e-01
995 6 3.14159265e+00 3.70385240e-01
996 6 3.14159265e+00 3.71577854e-01
997 6 3.14159265e+00 3.72251544e-01
998 6 3.14159265e+00 3.74706054e-01
999 6 3.14159265e+00 3.70703693e-01
1000 6 3.14159265e+00 3.72836172e-01
1001 6 3.14159265e+00 3.71382029e-01
1002 6 3.14159265e+00 3.70562861e-01
1003 6 3.14159265e+00 3.72747848e-01
1004 6 3.14159265e+00 3.76047106e-01
1005 6 3.14159265e+00 3.71623316e-01
1006 6 3.14159265e+00 3.73754871e-01
1007 6 3.14159265e+00 3.72292114e-01
1008 6 3.14159265e+00 3.67890733e-01
1009 6 3.14159265e+00 3.72999749e-01
1010 6 3.14159265e+00 3.73176213e-01
1011 6 3.14159265e+00 3.75476907e-01
1012 6 3.14159265e+00 3.72278857e-01
0 7 3.66519143e+00 3.92260098e-01
1 7 3.66519143e+00 3.95060787e-01
2 7 3.66519143e+00 3.95827378e-01
3 7 3.66519143e+00 3.89199865e-01
4 7 3.66519143e+00 3.92406914e-01
5 7 3.66519143e+00 3.89570353e-01
6 7 3.66519143e+00 3.96555882e-01
7 7 3.66519143e+00 3.98318646e-01
8 7 3.66519143e+00 3.90835388e-01
9 7 3.66519143e+00 3.93587082e-01
10 7 3.66519143e+00 3.90881980e-01
11 7 3.66519143e+00 3.92449323e-01
12 7 3.66519143e+00 3.96626646e-01
13 7 3.66519143e+00 3.94123062e-01
14 7 3.66519143e+00 3.95519198e-01
15 7 3.66519143e+00 3.94076650e-01
16 7 3.66519143e+00 3.95883320e-01
17 7 3.66519143e+00 3.93833138e-01
18 7 3.66519143e+00 3.91255524e-01
19 7 3.66519143e+00 3.94049352e-01
20 7 3.66519143e+00 3.93023818e-01
21 7 3.66519143e+00 3.91759214e-01
22 7 3.66519143e+00 3.91922100e-01
23 7 3.66519143e+00 3.93400007e-01
24 7 3.66519143e+00 3.93933066e-01
25 7 3.66519143e+00 3.92486698e-01
26 7 3.66519143e+00 3.93549342e-01
27 7 3.66519143e+00 3.89702413e-01
28 7 3.66519143e+00 3.91370575e-01
29 7 3.66519143e+00 3.93411824e-01
30 7 3.66519143e+00 3.87100858e-01
31 7 3.66519143e+00 3.93645867e-01
32 7 3.66519143e+00 3.95931147e-01
33 7 3.66519143e+00 3.91489128e-01
34 7 3.66519143e+00 3.91775040e-01
35 7 3.66519143e+00 3.92752445e-01
36 7 3.66519143e+00 3.90808756e-01
37 7 3.66519143e+00 3.90635734e-01
38 7 3.66519143e+00 3.94676725e-01
39 7 3.66519143e+00 3.93428143e-01
40 7 3.66519143e+00 3.92362440e-01
41 7 3.66519143e+00 3.90336960e-01
42 7 3.66519143e+00 3.91364659e-01
43 7 3.66519143e+00 3.92144558e-01
44 7 3.66519143e+00 3.94937586e-01
45 7 3.66519143e+00 3.94107104e-01
46 7 3.66519143e+00 3.92588572e-01
47 7 3.66519143e+00 3.90470629e-01
48 7 3.66519143e+00 3.93636538e-01
49 7 3.66519143e+00 3.88675882e-01
50 7 3.66519143e+00 3.93946639e-01
51 7 3.66519143e+00 3.94709109e-01
52 7 3.66519143e+00 3.96656404e-01
53 7 3.66519143e+00 3.91056903e-01
54 7 3.66519143e+00 3.95739395e-01
55 7 3.66519143e+00 3.89477412e-01
56 7 3.66519143e+00 3.92885844e-01
57 7 3.66519143e+00 3.89493069e-01
58 7 3.66519143e+00 3.93668573e-01
59 7 3.66519143e+00 3.94251019e-01
60 7 3.66519143e+00 3.91806922e-01
61 7 3.66519143e+00 3.91065734e-01
62 7 3.66519143e+00 3.94231754e-01
63 7 3.66519143e+00 3.91169211e-01
64 7 3.66519143e+00 3.89341062e-01
65 7 3.66519143e+00 3.95874064e-01
66 7 3.66519143e+00 3.90799626e-01
67 7 3.66519143e+00 3.91745045e-01
68 7 3.66519143e+00 3.93703832e-01
69 7 3.66519143e+00 3.91916918e-01
70 7 3.66519143e+00 3.91732544e-01
71 7 3.66519143e+00 3.92192934e-01
72 7 3.66519143e+00 3.93985007e-01
73 7 3.66519143e+00 3.96488767e-01
74 7 3.66519143e+00 3.88069543e-01
75 7 3.66519143e+00 3.90303484e-01
76 7 3.66519143e+00 3.94337227e-01
77 7 3.66519143e+00 3.91060270e-01
78 7 3.66519143e+00 3.93700863e-01
79 7 3.66519143e+00 3.94508732e-01
80 7 3.66519143e+00 3.90877872e-01
81 7 3.66519143e+00 3.94669844e-01
82 7 3.66519143e+00 3.93968105e-01
83 7 3.66519143e+00 3.89246276e-01
84 7 3.66519143e+00 3.92224730e-01
85 7 3.66519143e+00 3.95445306e-01
86 7 3.66519143e+00 3.90189647e-01
87 7 3.66519143e+00 3.87368245e-01
88 7 3.66519143e+00 3.95259585e-01
89 7 3.66519143e+00 3.93919902e-01
90 7 3.66519143e+00 3.94174500e-01
91 7 3.66519143e+00 3.92251522e-01
92 7 3.66519143e+00 3.91557743e-01
93 7 3.66519143e+00 3.95712407e-01
94 7 3.66519143e+00 3.93181525e-01
95 7 3.66519143e+00 3.90114376e-01
96 7 3.66519143e+00 3.94970400e-01
97 7 3.66519143e+00 3.96303417e-01
98 7 3.66519143e+00 3.95208666e-01
99 7 3.66519143e+00 3.93359231e-01
100 7 3.66519143e+00 3.91278959e-01
101 7 3.66519143e+00 3.95160759e-01
102 7 3.66519143e+00 3.95020325e-01
103 7 3.66519143e+00 3.91451786e-01
104 7 3.66519143e+00 3.94765701e-01
105 7 3.66519143e+00 3.89063495e-01
106 7 3.66519143e+00 3.92977553e-01
107 7 3.66519143e+00 3.97091493e-01
108 7 3.66519143e+00 3.90010148e-01
109 7 3.66519143e+00 3.94922360e-01
110 7 3.66519143e+00 3.88988799e-01
111 7 3.66519143e+00 3.89993584e-01
112 7 3.66519143e+00 3.88987577e-01
113 7 3.66519143e+00 3.89924267e-01
114 7 3.66519143e+00 3.96943189e-01
115 7 3.66519143e+00 3.94409085e-01
116 7 3.66519143e+00 3.94678655e-01
117 7 3.66519143e+00 3.94824676e-01
118 7 3.66519143e+00 3.94661341e-01
119 7 3.66519143e+00 3.93888934e-01
120 7 3.66519143e+00 3.93878080e-01
121 7 3.66519143e+00 3.89879440e-01
122 7 3.66519143e+00 3.91088419e-01
123 7 3.66519143e+00 3.90040203e-01
124 7 3.66519143e+00 3.95453713e-01
125 7 3.66519143e+00 3.94934071e-01
126 7 3.66519143e+00 3.93162092e-01
127 7 3.66519143e+00 3.94091217e-01
128 7 3.66519143e+00 3.90652360e-01
129 7 3.66519143e+00 3.93980957e-01
130 7 3.66519143e+00 3.95056529e-01
131 7 3.66519143e+00 3.87797335e-01
132 7 3.66519143e+00 3.94146255e-01
133 7 3.66519143e+00 3.94279439e-01
134 7 3.66519143e+00 3.95236151e-01
135 7 3.66519143e+00 3.91436133e-01
136 7 3.66519143e+00 3.92492579e-01
137 7 3.66519143e+00 3.90804419e-01
138 7 3.66519143e+00 3.90807365e-01
139 7 3.66519143e+00 3.93022103e-01
140 7 3.66519143e+00 3.94069575e-01
141 7 3.66519143e+00 3.93797105e-01
142 7 3.66519143e+00 3.89146328e-01
143 7 3.66519143e+00 3.93318687e-01
144 7 3.66519143e+00 3.93700859e-01
145 7 3.66519143e+00 3.90640966e-01
146 7 3.66519143e+00 3.90989778e-01
147 7 3.66519143e+00 3.92008030e-01
148 7 3.66519143e+00 3.93822141e-01
149 7 3.66519143e+00 3.92706089e-01
150 7 3.66519143e+00 3.95524290e-01
151 7 3.66519143e+00 3.93485197e-01
152 7 3.66519143e+00 3.92103004e-01
153 7 3.66519143e+00 3.94949801e-01
154 7 3.66519143e+00 3.95077456e-01
155 7 3.66519143e+00 3.91516050e-01
156 7 3.66519143e+00 3.94660798e-01
157 7 3.66519143e+00 3.93894475e-01
158 7 3.66519143e+00 3.91571434e-01
159 7 3.66519143e+00 3.92896412e-01
160 7 3.66519143e+00 3.90569625e-01
161 7 3.66519143e+00 3.93873716e-01
162 7 3.66519143e+00 3.93041957e-01
163 7 3.66519143e+00 3.95175244e-01
164 7 3.66519143e+00 3.93020595e-01
165 7 3.66519143e+00 3.94477377e-01
166 7 3.66519143e+00 3.93172256e-01
167 7 3.66519143e+00 3.93589303e-01
168 7 3.66519143e+00 3.91924452e-01
169 7 3.66519143e+00 3.92950346e-01
170 7 3.66519143e+00 3.92686170e-01
171 7 3.66519143e+00 3.94992463e-01
172 7 3.66519143e+00 3.95498406e-01
173 7 3.66519143e+00 3.91994694e-01
174 7 3.66519143e+00 3.90823432e-01
175 7 3.66519143e+00 3.92009712e-01
176 7 3.66519143e+00 3.96029134e-01
177 7 3.66519143e+00 3.93349146e-01
178 7 3.66519143e+00 3.89523492e-01
179 7 3.66519143e+00 3.92803045e-01
180 7 3.66519143e+00 3.91798191e-01
181 7 3.66519143e+00 3.92009668e-01
182 7 3.66519143e+00 3.88741081e-01
183 7 3.66519143e+00 3.92490026e-01
184 7 3.66519143e+00 3.90308327e-01
185 7 3.66519143e+00 3.91204764e-01
186 7 3.66519143e+00 3.88529354e-01
187 7 3.66519143e+00 3.93754626e-01
188 7 3.66519143e+00 3.91462085e-01
189 7 3.66519143e+00 3.90651092e-01
190 7 3.66519143e+00 3.96527147e-01
191 7 3.66519143e+00 3.92313195e-01
192 7 3.66519143e+00 3.95550392e-01
193 7 3.66519143e+00 3.93062738e-01
194 7 3.66519143e+00 3.88441704e-01
195 7 3.66519143e+00 3.90830854e-01
196 7 3.66519143e+00 3.93020510e-01
197 7 3.66519143e+00 3.92459920e-01
198 7 3.66519143e+00 3.91440614e-01
199 7 3.66519143e+00 3.93294671e-01
200 7 3.66519143e+00 3.88250799e-01
201 7 3.66519143e+00 3.98072016e-01
202 7 3.66519143e+00 3.92862777e-01
203 7 3.66519143e+00 3.92371059e-01
204 7 3.66519143e+00 3.89570328e-01
205 7 3.66519143e+00 3.93218279e-01
206 7 3.66519143e+00 3.91367376e-01
207 7 3.66519143e+00 3.92966262e-01
208 7 3.66519143e+00 3.89957042e-01
209 7 3.66519143e+00 3.87102283e-01
210 7 3.66519143e+00 3.85031052e-01
211 7 3.66519143e+00 3.94390424e-01
212 7 3.66519143e+00 3.93756585e-01
213 7 3.66519143e+00 3.90492716e-01
214 7 3.66519143e+00 3.94711114e-01
215 7 3.66519143e+00 3.93690141e-01
216 7 3.66519143e+00 3.88270875e-01
217 7 3.66519143e+00 3.93906777e-01
218 7 3.66519143e+00 3.90248058e-01
219 7 3.66519143e+00 3.93113143e-01
220 7 3.66519143e+00 3.92341157e-01
221 7 3.66519143e+00 3.89919900e-01
222 7 3.66519143e+00 3.91968159e-01
223 7 3.66519143e+00 3.91047457e-01
224 7 3.66519143e+00 3.90085988e-01
225 7 3.66519143e+00 3.91829649e-01
226 7 3.66519143e+00 3.93772549e-01
227 7 3.66519143e+00 3.93956826e-01
228 7 3.66519143e+00 3.94118925e-01
229 7 3.66519143e+00 3.90535619e-01
230 7 3.66519143e+00 3.92456995e-01
231 7 3.66519143e+00 3.91594005e-01
232 7 3.66519143e+00 3.88595683e-01
233 7 3.66519143e+00 3.91240849e-01
234 7 3.66519143e+00 3.95391657e-01
235 7 3.66519143e+00 3.90694329e-01
236 7 3.66519143e+00 3.95545535e-01
237 7 3.66519143e+00 3.93709859e-01
238 7 3.66519143e+00 3.93750702e-01
239 7 3.66519143e+00 3.98418849e-01
240 7 3.66519143e+00 3.91823367e-01
241 7 3.66519143e+00 3.95156354e-01
242 7 3.66519143e+00 3.93533064e-01
243 7 3.66519143e+00 3.98930570e-01
244 7 3.66519143e+00 3.90633080e-01
245 7 3.66519143e+00 3.97880495e-01
246 7 3.66519143e+00 3.95143494e-01
247 7 3.66519143e+00 3.88786362e-01
248 7 3.66519143e+00 3.92525078e-01
249 7 3.66519143e+00 3.96367092e-01
250 7 3.66519143e+00 3.93126545e-01
251 7 3.66519143e+00 3.86776928e-01
252 7 3.66519143e+00 3.94082351e-01
253 7 3.66519143e+00 3.93118020e-01
254 7 3.66519143e+00 3.89267524e-01
255 7 3.66519143e+00 3.93234216e-01
256 7 3.66519143e+00 3.91814727e-01
257 7 3.66519143e+00 3.93961511e-01
258 7 3.66519143e+00 3.92486199e-01
259 7 3.66519143e+00 3.95028244e-01
260 7 3.66519143e+00 3.91447164e-01
261 7 3.66519143e+00 3.98981468e-01
262 7 3.66519143e+00 3.89967576e-01
263 7 3.66519143e+00 3.90100957e-01
264 7 3.66519143e+00 3.90027413e-01
265 7 3.66519143e+00 3.91720123e-01
266 7 3.66519143e+00 3.90314760e-01
267 7 3.66519143e+00 3.88680038e-01
268 7 3.66519143e+00 3.94947507e-01
269 7 3.66519143e+00 3.90259878e-01
270 7 3.66519143e+00 3.91718274e-01
271 7 3.66519143e+00 3.95593189e-01
272 7 3.66519143e+00 3.90191885e-01
273 7 3.66519143e+00 3.92852775e-01
274 7 3.66519143e+00 3.94023513e-01
275 7 3.66519143e+00 3.91698696e-01
276 7 3.66519143e+00 3.90640934e-01
277 7 3.66519143e+00 3.94415539e-01
278 7 3.66519143e+00 3.93536623e-01
279 7 3.66519143e+00 3.93863622e-01
280 7 3.66519143e+00 3.91480943e-01
281 7 3.66519143e+00 3.91793496e-01
282 7 3.66519143e+00 3.90167112e-01
283 7 3.66519143e+00 3.93510294e-01
284 7 3.66519143e+00 3.95019008e-01
285 7 3.66519143e+00 3.94642781e-01
286 7 3.66519143e+00 3.92651194e-01
287 7 3.66519143e+00 3.93196014e-01
288 7 3.66519143e+00 3.92836456e-01
289 7 3.66519143e+00 3.93124732e-01
290 7 3.66519143e+00 3.92308280e-01
291 7 3.66519143e+00 3.92340318e-01
292 7 3.66519143e+00 3.89266558e-01
293 7 3.66519143e+00 3.91884119e-01
294 7 3.66519143e+00 3.94769354e-01
295 7 3.66519143e+00 3.95063277e-01
296 7 3.66519143e+00 3.92068281e-01
297 7 3.66519143e+00 3.93060250e-01
298 7 3.66519143e+00 3.92412492e-01
299 7 3.66519143e+00 3.94223128e-01
300 7 3.66519143e+00 3.94423759e-01
301 7 3.66519143e+00 3.90732699e-01
302 7 3.66519143e+00 3.91764018e-01
303 7 3.66519143e+00 3.96821103e-01
304 7 3.66519143e+00 3.97106969e-01
305 7 3.66519143e+00 3.92717780e-01
306 7 3.66519143e+00 3.92208756e-01
307 7 3.66519143e+00 3.90925411e-01
308 7 3.66519143e+00 3.88905542e-01
309 7 3.66519143e+00 3.92717124e-01
310 7 3.66519143e+00 3.95709790e-01
311 7 3.66519143e+00 3.97338182e-01
312 7 3.66519143e+00 3.95755347e-01
313 7 3.66519143e+00 3.91062642e-01
314 7 3.66519143e+00 3.86637670e-01
315 7 3.66519143e+00 3.88758472e-01
316 7 3.66519143e+00 3.93011497e-01
317 7 3.66519143e+00 3.94208294e-01
318 7 3.66519143e+00 3.92454234e-01
319 7 3.66519143e+00 3.94397063e-01
320 7 3.66519143e+00 3.91408118e-01
321 7 3.66519143e+00 3.88765224e-01
322 7 3.66519143e+00 3.88590443e-01
323 7 3.66519143e+00 3.90968394e-01
324 7 3.66519143e+00 3.91782283e-01
325 7 3.66519143e+00 3.92056271e-01
326 7 3.66519143e+00 3.91098854e-01
327 7 3.66519143e+00 3.91213413e-01
328 7 3.66519143e+00 3.89697559e-01
329 7 3.66519143e+00 3.92480083e-01
330 7 3.66519143e+00 3.94382048e-01
331 7 3.66519143e+00 3.87452551e-01
332 7 3.66519143e+00 3.92210266e-01
333 7 3.66519143e+00 3.89527336e-01
334 7 3.66519143e+00 3.89515488e-01
335 7 3.66519143e+00 3.91737736e-01
336 7 3.66519143e+00 3.91392979e-01
337 7 3.66519143e+00 3.92865902e-01
338 7 3.66519143e+00 3.94895024e-01
339 7 3.66519143e+00 3.93871466e-01
340 7 3.66519143e+00 3.95122570e-01
341 7 3.66519143e+00 3.93823749e-01
342 7 3.66519143e+00 3.98388237e-01
343 7 3.66519143e+00 3.96904811e-01
344 7 3.66519143e+00 3.92852624e-01
345 7 3.66519143e+00 3.92781442e-01
346 7 3.66519143e+00 3.95123949e-01
347 7 3.66519143e+00 3.90390783e-01
348 7 3.66519143e+00 3.93671478e-01
349 7 3.66519143e+00 3.90173591e-01
350 7 3.66519143e+00 3.94000496e-01
351 7 3.66519143e+00 3.94465563e-01
352 7 3.66519143e+00 3.90351042e-01
353 7 3.66519143e+00 3.92936824e-01
354 7 3.66519143e+00 3.92710218e-01
355 7 3.66519143e+00 3.94456602e-01
356 7 3.66519143e+00 3.97811167e-01
357 7 3.66519143e+00 3.91819741e-01
358 7 3.66519143e+00 3.93292937e-01
359 7 3.66519143e+00 3.90844962e-01
360 7 3.66519143e+00 3.93966124e-01
361 7 3.66519143e+00 3.97361580e-01
362 7 3.66519143e+00 3.91645778e-01
363 7 3.66519143e+00 3.88513738e-01
364 7 3.66519143e+00 3.90323020e-01
365 7 3.66519143e+00 3.92653288e-01
366 7 3.66519143e+00 3.96854018e-01
367 7 3.66519143e+00 3.93209897e-01
368 7 3.66519143e+00 3.91150659e-01
369 7 3.66519143e+00 3.93601447e-01
370 7 3.66519143e+00 3.90852009e-01
371 7 3.66519143e+00 3.92223849e-01
372 7 3.66519143e+00 3.95077529e-01
373 7 3.66519143e+00 3.93291310e-01
374 7 3.66519143e+00 3.91280646e-01
375 7 3.66519143e+00 3.92756556e-01
376 7 3.66519143e+00 3.94263121e-01
377 7 3.66519143e+00 3.93546816e-01
378 7 3.66519143e+00 3.95403345e-01
379 7 3.66519143e+00 3.91083963e-01
380 7 3.66519143e+00 3.93212025e-01
381 7 3.66519143e+00 3.92155760e-01
382 7 3.66519143e+00 3.92932942e-01
383 7 3.66519143e+00 3.94222071e-01
384 7 3.66519143e+00 3.95346673e-01
385 7 3.66519143e+00 3.95011242e-01
386 7 3.66519143e+00 3.88403533e-01
387 7 3.66519143e+00 3.93466112e-01
388 7 3.66519143e+00 3.91524797e-01
389 7 3.66519143e+00 3.91985340e-01
390 7 3.66519143e+00 3.90669800e-01
391 7 3.66519143e+00 3.90296889e-01
392 7 3.66519143e+00 3.95605971e-01
393 7 3.66519143e+00 3.95167378e-01
394 7 3.66519143e+00 3.95247535e-01
395 7 3.66519143e+00 3.93803496e-01
396 7 3.66519143e+00 3.96901702e-01
397 7 3.66519143e+00 3.95437029e-01
398 7 3.66519143e+00 3.97477501e-01
399 7 3.66519143e+00 3.91912484e-01
400 7 3.66519143e+00 3.90683639e-01
401 7 3.66519143e+00 3.93540858e-01
402 7 3.66519143e+00 3.93385942e-01
403 7 3.66519143e+00 3.97606725e-01
404 7 3.66519143e+00 3.94355048e-01
405 7 3.66519143e+00 3.93222792e-01
406 7 3.66519143e+00 3.86687813e-01
407 7 3.66519143e+00 3.97766955e-01
408 7 3.66519143e+00 3.88701125e-01
409 7 3.66519143e+00 3.95799354e-01
410 7 3.66519143e+00 3.90052554e-01
411 7 3.66519143e+00 3.93637261e-01
412 7 3.66519143e+00 3.92273869e-01
413 7 3.66519143e+00 3.98387408e-01
414 7 3.66519143e+00 3.91028217e-01
415 7 3.66519143e+00 3.92478302e-01
416 7 3.66519143e+00 3.93368103e-01
417 7 3.66519143e+00 3.92202935e-01
418 7 3.66519143e+00 3.92725188e-01
419 7 3.66519143e+00 3.95572814e-01
420 7 3.66519143e+00 3.91315138e-01
421 7 3.66519143e+00 3.93000130e-01
422 7 3.66519143e+00 3.89947445e-01
423 7 3.66519143e+00 3.92521658e-01
424 7 3.66519143e+00 3.92475629e-01
425 7 3.66519143e+00 3.94768925e-01
426 7 3.66519143e+00 3.89263888e-01
427 7 3.66519143e+00 3.91176829e-01
428 7 3.66519143e+00 3.92404562e-01
429 7 3.66519143e+00 3.93981547e-01
430 7 3.66519143e+00 3.93256806e-01
431 7 3.66519143e+00 3.93204548e-01
432 7 3.66519143e+00 3.91056001e-01
433 7 3.66519143e+00 3.96101575e-01
434 7 3.66519143e+00 3.92888985e-01
435 7 3.66519143e+00 3.93117183e-01
436 7 3.66519143e+00 3.95260331e-01
437 7 3.66519143e+00 3.94234102e-01
438 7 3.66519143e+00 3.91426268e-01
439 7 3.66519143e+00 3.91372749e-01
440 7 3.66519143e+00 3.90220053e-01
441 7 3.66519143e+00 3.85928206e-01
442 7 3.66519143e+00 3.94224569e-01
443 7 3.66519143e+00 3.90532146e-01
444 7 3.66519143e+00 3.94626179e-01
445 7 3.66519143e+00 3.92656456e-01
446 7 3.66519143e+00 3.93504407e-01
447 7 3.66519143e+00 3.93465203e-01
448 7 3.66519143e+00 3.95497007e-01
449 7 3.66519143e+00 3.97127758e-01
450 7 3.66519143e+00 3.95355021e-01
451 7 3.66519143e+00 3.96161666e-01
452 7 3.66519143e+00 3.97979429e-01
453 7 3.66519143e+00 3.94254583e-01
454 7 3.66519143e+00 3.95918308e-01
455 7 3.66519143e+00 3.89650158e-01
456 7 3.66519143e+00 3.90777808e-01
457 7 3.66519143e+00 3.93765387e-01
458 7 3.66519143e+00 3.93286710e-01
459 7 3.66519143e+00 3.92760477e-01
460 7 3.66519143e+00 3.91948239e-01
461 7 3.66519143e+00 3.93076561e-01
462 7 3.66519143e+00 3.92815655e-01
463 7 3.66519143e+00 3.95268937e-01
464 7 3.66519143e+00 3.92883716e-01
465 7 3.66519143e+00 3.92209472e-01
466 7 3.66519143e+00 3.90248158e-01
467 7 3.66519143e+00 3.90771029e-01
468 7 3.66519143e+00 3.90388230e-01
469 7 3.66519143e+00 3.90819299e-01
470 7 3.66519143e+00 3.93355512e-01
471 7 3.66519143e+00 3.89898123e-01
472 7 3.66519143e+00 3.92927397e-01
473 7 3.66519143e+00 3.95740130e-01
474 7 3.66519143e+00 3.96577285e-01
475 7 3.66519143e+00 3.90950830e-01
476 7 3.66519143e+00 3.88902725e-01
477 7 3.66519143e+00 3.90715753e-01
478 7 3.66519143e+00 3.93428190e-01
479 7 3.66519143e+00 3.90736305e-01
480 7 3.66519143e+00 3.88013112e-01
481 7 3.66519143e+00 3.93312756e-01
482 7 3.66519143e+00 3.89288932e-01
483 7 3.66519143e+00 3.95430402e-01
484 7 3.66519143e+00 3.91146815e-01
485 7 3.66519143e+00 3.92607781e-01
486 7 3.66519143e+00 3.93258315e-01
487 7 3.66519143e+00 3.96731549e-01
488 7 3.66519143e+00 3.90348514e-01
489 7 3.66519143e+00 3.92199782e-01
490 7 3.66519143e+00 3.90865318e-01
491 7 3.66519143e+00 3.92946690e-01
492 7 3.66519143e+00 3.95114273e-01
493 7 3.66519143e+00 3.92029787e-01
494 7 3.66519143e+00 3.92660109e-01
495 7 3.66519143e+00 3.99248355e-01
496 7 3.66519143e+00 3.91037879e-01
497 7 3.66519143e+00 3.92324448e-01
498 7 3.66519143e+00 3.92298970e-01
499 7 3.66519143e+00 3.89361007e-01
500 7 3.66519143e+00 3.92828611e-01
501 7 3.66519143e+00 3.91861946e-01
502 7 3.66519143e+00 3.94730537e-01
503 7 3.66519143e+00 3.93885814e-01
504 7 3.66519143e+00 3.89890527e-01
505 7 3.66519143e+00 3.90598938e-01
506 7 3.66519143e+00 3.93243805e-01
507 7 3.66519143e+00 3.93148820e-01
508 7 3.66519143e+00 3.91601192e-01
509 7 3.66519143e+00 3.92041683e-01
510 7 3.66519143e+00 3.97031528e-01
511 7 3.66519143e+00 3.94668654e-01
512 7 3.66519143e+00 3.92428967e-01
513 7 3.66519143e+00 3.94956392e-01
514 7 3.66519143e+00 3.92165220e-01
515 7 3.66519143e+00 3.95655025e-01
516 7 3.66519143e+00 3.91073306e-01
517 7 3.66519143e+00 3.92463190e-01
518 7 3.66519143e+00 3.90678203e-01
519 7 3.66519143e+00 3.91542841e-01
520 7 3.66519143e+00 3.91664022e-01
521 7 3.66519143e+00 3.87482171e-01
522 7 3.66519143e+00 3.94871509e-01
523 7 3.66519143e+00 3.88916292e-01
524 7 3.66519143e+00 3.91062917e-01
525 7 3.66519143e+00 3.95397159e-01
526 7 3.66519143e+00 3.92347139e-01
527 7 3.66519143e+00 3.91781644e-01
528 7 3.66519143e+00 3.93357240e-01
529 7 3.66519143e+00 3.93504427e-01
530 7 3.66519143e+00 3.88653218e-01
531 7 3.66519143e+00 3.89701349e-01
532 7 3.66519143e+00 3.92035353e-01
533 7 3.66519143e+00 3.94395404e-01
534 7 3.66519143e+00 3.94548923e-01
535 7 3.66519143e+00 3.93659945e-01
536 7 3.66519143e+00 3.99427698e-01
537 7 3.66519143e+00 3.98007072e-01
538 7 3.66519143e+00 3.92576302e-01
539 7 3.66519143e+00 3.95181265e-01
540 7 3.66519143e+00 3.94156839e-01
541 7 3.66519143e+00 3.94080444e-01
542 7 3.66519143e+00 3.97707291e-01
543 7 3.66519143e+00 3.89861047e-01
544 7 3.66519143e+00 3.92966431e-01
545 7 3.66519143e+00 3.92886275e-01
546 7 3.66519143e+00 3.93949131e-01
547 7 3.66519143e+00 3.96029374e-01
548 7 3.66519143e+00 3.93070499e-01
549 7 3.66519143e+00 3.93176479e-01
550 7 3.66519143e+00 3.93271179e-01
551 7 3.66519143e+00 3.92186519e-01
552 7 3.66519143e+00 3.94063261e-01
553 7 3.66519143e+00 3.91406673e-01
554 7 3.66519143e+00 3.91084145e-01
555 7 3.66519143e+00 3.91077709e-01
556 7 3.66519143e+00 3.91001806e-01
557 7 3.66519143e+00 3.94708055e-01
558 7 3.66519143e+00 3.93601573e-01
559 7 3.66519143e+00 3.91236960e-01
560 7 3.66519143e+00 3.95145176e-01
561 7 3.66519143e+00 3.91165494e-01
562 7 3.66519143e+00 3.95378512e-01
563 7 3.66519143e+00 3.94417409e-01
564 7 3.66519143e+00 3.96118808e-01
565 7 3.66519143e+00 3.93360379e-01
566 7 3.66519143e+00 3.91877232e-01
567 7 3.66519143e+00 3.91618748e-01
568 7 3.66519143e+00 3.94767483e-01
569 7 3.66519143e+00 3.94285470e-01
570 7 3.66519143e+00 3.92571064e-01
571 7 3.66519143e+00 3.91950438e-01
572 7 3.66519143e+00 3.89769349e-01
573 7 3.66519143e+00 3.91633570e-01
574 7 3.66519143e+00 3.87733735e-01
575 7 3.66519143e+00 3.94535276e-01
576 7 3.66519143e+00 3.91753619e-01
577 7 3.66519143e+00 3.90902873e-01
578 7 3.66519143e+00 3.89840147e-01
579 7 3.66519143e+00 3.92668101e-01
580 7 3.66519143e+00 3.90267594e-01
581 7 3.66519143e+00 3.90898103e-01
582 7 3.66519143e+00 3.91864636e-01
583 7 3.66519143e+00 3.96172552e-01
584 7 3.66519143e+00 3.90191945e-01
585 7 3.66519143e+00 3.93325871e-01
586 7 3.66519143e+00 3.93919846e-01
587 7 3.66519143e+00 3.95626253e-01
588 7 3.66519143e+00 3.88715630e-01
589 7 3.66519143e+00 3.94929268e-01
590 7 3.66519143e+00 3.91364599e-01
591 7 3.66519143e+00 3.93536436e-01
592 7 3.66519143e+00 3.95533921e-01
593 7 3.66519143e+00 3.95122007e-01
594 7 3.66519143e+00 3.91219997e-01
595 7 3.66519143e+00 3.91460398e-01
596 7 3.66519143e+00 3.97031102e-01
597 7 3.66519143e+00 3.94712398e-01
598 7 3.66519143e+00 3.92278683e-01
599 7 3.66519143e+00 3.93171465e-01
600 7 3.66519143e+00 3.94516988e-01
601 7 3.66519143e+00 3.94492531e-01
602 7 3.66519143e+00 3.91438023e-01
603 7 3.66519143e+00 3.94209550e-01
604 7 3.66519143e+00 3.93286691e-01
605 7 3.66519143e+00 3.92960326e-01
606 7 3.66519143e+00 3.91532029e-01
607 7 3.66519143e+00 3.93223578e-01
608 7 3.66519143e+00 3.93831352e-01
609 7 3.66519143e+00 3.87224010e-01
610 7 3.66519143e+00 3.92847509e-01
611 7 3.66519143e+00 3.92217027e-01
612 7 3.66519143e+00 3.94728658e-01
613 7 3.66519143e+00 3.91015086e-01
614 7 3.66519143e+00 3.93892840e-01
615 7 3.66519143e+00 3.86427600e-01
616 7 3.66519143e+00 3.96895856e-01
617 7 3.66519143e+00 3.94863973e-01
618 7 3.66519143e+00 3.92512645e-01
619 7 3.66519143e+00 3.93623771e-01
620 7 3.66519143e+00 3.93581358e-01
621 7 3.66519143e+00 3.92287752e-01
622 7 3.66519143e+00 3.90572837e-01
623 7 3.66519143e+00 3.92852138e-01
624 7 3.66519143e+00 3.93500038e-01
625 7 3.66519143e+00 3.93309983e-01
626 7 3.66519143e+00 3.90851785e-01
627 7 3.66519143e+00 3.95245329e-01
628 7 3.66519143e+00 3.93079892e-01
629 7 3.66519143e+00 3.89563811e-01
630 7 3.66519143e+00 3.91531154e-01
631 7 3.66519143e+00 3.92977642e-01
632 7 3.66519143e+00 3.96179992e-01
633 7 3.66519143e+00 3.91138684e-01
634 7 3.66519143e+00 3.95773445e-01
635 7 3.66519143e+00 3.92425154e-01
636 7 3.66519143e+00 3.89927139e-01
637 7 3.66519143e+00 3.86156012e-01
638 7 3.66519143e+00 3.93209895e-01
639 7 3.66519143e+00 3.90042178e-01
640 7 3.66519143e+00 3.93085575e-01
641 7 3.66519143e+00 3.93841599e-01
642 7 3.66519143e+00 3.89238087e-01
643 7 3.66519143e+00 3.93241577e-01
644 7 3.66519143e+00 3.98289852e-01
645 7 3.66519143e+00 3.90654413e-01
646 7 3.66519143e+00 3.87994058e-01
647 7 3.66519143e+00 3.88879379e-01
648 7 3.66519143e+00 3.91892315e-01
649 7 3.66519143e+00 3.88331331e-01
650 7 3.66519143e+00 3.91235104e-01
651 7 3.66519143e+00 3.91003740e-01
652 7 3.66519143e+00 3.90689911e-01
653 7 3.66519143e+00 3.95214917e-01
654 7 3.66519143e+00 3.88140250e-01
655 7 3.66519143e+00 3.92929211e-01
656 7 3.66519143e+00 3.92231791e-01
657 7 3.66519143e+00 3.92804550e-01
658 7 3.66519143e+00 3.96772274e-01
659 7 3.66519143e+00 3.90497044e-01
660 7 3.66519143e+00 3.91142810e-01
661 7 3.66519143e+00 3.92934825e-01
662 7 3.66519143e+00 3.92469784e-01
663 7 3.66519143e+00 3.94115494e-01
664 7 3.66519143e+00 3.93530581e-01
665 7 3.66519143e+00 3.91641716e-01
666 7 3.66519143e+00 3.93266157e-01
667 7 3.66519143e+00 3.91345986e-01
668 7 3.66519143e+00 3.92516643e-01
669 7 3.66519143e+00 3.91005199e-01
670 7 3.66519143e+00 3.97308663e-01
671 7 3.66519143e+00 3.91388625e-01
672 7 3.66519143e+00 3.93846681e-01
673 7 3.66519143e+00 3.95220269e-01
674 7 3.66519143e+00 3.89766862e-01
675 7 3.66519143e+00 3.90957290e-01
676 7 3.66519143e+00 3.93599692e-01
677 7 3.66519143e+00 3.94823594e-01
678 7 3.66519143e+00 3.94556821e-01
679 7 3.66519143e+00 3.90404067e-01
680 7 3.66519143e+00 3.94319689e-01
681 7 3.66519143e+00 3.91378347e-01
682 7 3.66519143e+00 3.90891625e-01
683 7 3.66519143e+00 3.89245913e-01
684 7 3.66519143e+00 3.94407899e-01
685 7 3.66519143e+00 3.93995103e-01
686 7 3.66519143e+00 3.95443885e-01
687 7 3.66519143e+00 3.93376697e-01
688 7 3.66519143e+00 3.90381854e-01
689 7 3.66519143e+00 3.90460207e-01
690 7 3.66519143e+00 3.92314807e-01
691 7 3.66519143e+00 3.93096560e-01
692 7 3.66519143e+00 3.90329500e-01
693 7 3.66519143e+00 3.93351705e-01
694 7 3.66519143e+00 3.88301565e-01
695 7 3.66519143e+00 3.91066202e-01
696 7 3.66519143e+00 3.92088922e-01
697 7 3.66519143e+00 3.96052143e-01
698 7 3.66519143e+00 3.92213839e-01
699 7 3.66519143e+00 3.90345070e-01
700 7 3.66519143e+00 3.93510638e-01
701 7 3.66519143e+00 3.92897282e-01
702 7 3.66519143e+00 3.90492738e-01
703 7 3.66519143e+00 3.97321689e-01
704 7 3.66519143e+00 3.90157248e-01
705 7 3.66519143e+00 3.91661905e-01
706 7 3.66519143e+00 3.96222531e-01
707 7 3.66519143e+00 3.91973921e-01
708 7 3.66519143e+00 3.96915195e-01
709 7 3.66519143e+00 3.93732179e-01
710 7 3.66519143e+00 3.92793426e-01
711 7 3.66519143e+00 3.93861510e-01
712 7 3.66519143e+00 3.95032843e-01
713 7 3.66519143e+00 3.92549124e-01
714 7 3.66519143e+00 3.88247044e-01
715 7 3.66519143e+00 3.92757803e-01
716 7 3.66519143e+00 3.93812331e-01
717 7 3.66519143e+00 3.91101105e-01
718 7 3.66519143e+00 3.88453377e-01
719 7 3.66519143e+00 3.89240650e-01
720 7 3.66519143e+00 3.91429925e-01
721 7 3.66519143e+00 3.93146667e-01
722 7 3.66519143e+00 3.92282946e-01
723 7 3.66519143e+00 3.94179457e-01
724 7 3.66519143e+00 3.89064088e-01
725 7 3.66519143e+00 3.90343109e-01
726 7 3.66519143e+00 3.96224920e-01
727 7 3.66519143e+00 3.90231180e-01
728 7 3.66519143e+00 3.93923440e-01
729 7 3.66519143e+00 3.97117588e-01
730 7 3.66519143e+00 3.89480777e-01
731 7 3.66519143e+00 3.93720444e-01
732 7 3.66519143e+00 3.92291658e-01
733 7 3.66519143e+00 3.93282827e-01
734 7 3.66519143e+00 3.93900051e-01
735 7 3.66519143e+00 3.97501787e-01
736 7 3.66519143e+00 3.90496186e-01
737 7 3.66519143e+00 3.92251688e-01
738 7 3.66519143e+00 3.95894938e-01
739 7 3.66519143e+00 3.90317084e-01
740 7 3.66519143e+00 3.93089292e-01
741 7 3.66519143e+00 3.92204686e-01
742 7 3.66519143e+00 3.90772367e-01
743 7 3.66519143e+00 3.94566190e-01
744 7 3.66519143e+00 3.93102858e-01
745 7 3.66519143e+00 3.93896019e-01
746 7 3.66519143e+00 3.89788927e-01
747 7 3.66519143e+00 3.94572962e-01
748 7 3.66519143e+00 3.92579914e-01
749 7 3.66519143e+00 3.92225994e-01
750 7 3.66519143e+00 3.92419802e-01
751 7 3.66519143e+00 3.97445499e-01
752 7 3.66519143e+00 3.99387306e-01
753 7 3.66519143e+00 3.93663186e-01
754 7 3.66519143e+00 3.94415429e-01
755 7 3.66519143e+00 3.93012588e-01
756 7 3.66519143e+00 3.93962785e-01
757 7 3.66519143e+00 3.91519124e-01
758 7 3.66519143e+00 3.94472440e-01
759 7 3.66519143e+00 3.90702599e-01
760 7 3.66519143e+00 3.92452284e-01
761 7 3.66519143e+00 3.93786089e-01
762 7 3.66519143e+00 3.95567635e-01
763 7 3.66519143e+00 3.98099232e-01
764 7 3.66519143e+00 3.97704864e-01
765 7 3.66519143e+00 3.96145240e-01
766 7 3.66519143e+00 3.91804386e-01
767 7 3.66519143e+00 3.89987278e-01
768 7 3.66519143e+00 3.95727755e-01
769 7 3.66519143e+00 3.95677240e-01
770 7 3.66519143e+00 3.93804254e-01
771 7 3.66519143e+00 3.95066835e-01
772 7 3.66519143e+00 3.91297319e-01
773 7 3.66519143e+00 3.90339861e-01
774 7 3.66519143e+00 3.93032509e-01
775 7 3.66519143e+00 3.95517444e-01
776 7 3.66519143e+00 3.92580037e-01
777 7 3.66519143e+00 3.94621034e-01
778 7 3.66519143e+00 3.94396887e-01
779 7 3.66519143e+00 3.91795046e-01
780 7 3.66519143e+00 3.93884777e-01
781 7 3.66519143e+00 3.93212019e-01
782 7 3.66519143e+00 3.93401867e-01
783 7 3.66519143e+00 3.89852108e-01
784 7 3.66519143e+00 3.94702694e-01
785 7 3.66519143e+00 3.91400439e-01
786 7 3.66519143e+00 3.90980633e-01
787 7 3.66519143e+00 3.89296524e-01
788 7 3.66519143e+00 3.91447737e-01
789 7 3.66519143e+00 3.91106034e-01
790 7 3.66519143e+00 3.90125358e-01
791 7 3.66519143e+00 3.95043940e-01
792 7 3.66519143e+00 3.94851840e-01
793 7 3.66519143e+00 3.89910904e-01
794 7 3.66519143e+00 3.92072976e-01
795 7 3.66519143e+00 3.93315501e-01
796 7 3.66519143e+00 3.93673595e-01
797 7 3.66519143e+00 3.92352017e-01
798 7 3.66519143e+00 3.90712718e-01
799 7 3.66519143e+00 3.92062306e-01
800 7 3.66519143e+00 3.95628576e-01
801 7 3.66519143e+00 3.95007721e-01
802 7 3.66519143e+00 3.93739988e-01
803 7 3.66519143e+00 3.98906948e-01
804 7 3.66519143e+00 3.93757563e-01
805 7 3.66519143e+00 3.93514207e-01
806 7 3.66519143e+00 3.93078844e-01
807 7 3.66519143e+00 3.95037669e-01
808 7 3.66519143e+00 3.91615923e-01
809 7 3.66519143e+00 3.93221023e-01
810 7 3.66519143e+00 3.90203737e-01
811 7 3.66519143e+00 3.93696505e-01
812 7 3.66519143e+00 3.89082408e-01
813 7 3.66519143e+00 3.94051040e-01
814 7 3.66519143e+00 3.90213374e-01
815 7 3.66519143e+00 3.92610951e-01
816 7 3.66519143e+00 3.94050925e-01
817 7 3.66519143e+00 3.93791151e-01
818 7 3.66519143e+00 3.89791309e-01
819 7 3.66519143e+00 3.95772176e-01
820 7 3.66519143e+00 3.92911057e-01
821 7 3.66519143e+00 3.89462432e-01
822 7 3.66519143e+00 3.94382204e-01
823 7 3.66519143e+00 3.90264556e-01
824 7 3.66519143e+00 3.90174242e-01
825 7 3.66519143e+00 3.91090049e-01
826 7 3.66519143e+00 3.95297287e-01
827 7 3.66519143e+00 3.92178382e-01
828 7 3.66519143e+00 3.96462648e-01
829 7 3.66519143e+00 3.91175345e-01
830 7 3.66519143e+00 3.93506141e-01
831 7 3.66519143e+00 3.90927818e-01
832 7 3.66519143e+00 3.92043436e-01
833 7 3.66519143e+00 3.94833017e-01
834 7 3.66519143e+00 3.94359538e-01
835 7 3.66519143e+00 3.91900628e-01
836 7 3.66519143e+00 3.92672969e-01
837 7 3.66519143e+00 3.94535083e-01
838 7 3.66519143e+00 3.92097751e-01
839 7 3.66519143e+00 3.90712188e-01
840 7 3.66519143e+00 3.91714622e-01
841 7 3.66519143e+00 3.89520792e-01
842 7 3.66519143e+00 3.92148812e-01
843 7 3.66519143e+00 3.94908192e-01
844 7 3.66519143e+00 3.95644315e-01
845 7 3.66519143e+00 3.91824011e-01
846 7 3.66519143e+00 3.87626000e-01
847 7 3.66519143e+00 3.92291492e-01
848 7 3.66519143e+00 3.90979460e-01
849 7 3.66519143e+00 3.91508095e-01
850 7 3.66519143e+00 3.90471357e-01
851 7 3.66519143e+00 3.92617764e-01
852 7 3.66519143e+00 3.98671874e-01
853 7 3.66519143e+00 3.91718102e-01
854 7 3.66519143e+00 3.90134497e-01
855 7 3.66519143e+00 3.90802974e-01
856 7 3.66519143e+00 3.94092942e-01
857 7 3.66519143e+00 3.91716992e-01
858 7 3.66519143e+00 3.97202642e-01
859 7 3.66519143e+00 3.95771690e-01
860 7 3.66519143e+00 3.90080855e-01
861 7 3.66519143e+00 3.88869700e-01
862 7 3.66519143e+00 3.94816301e-01
863 7 3.66519143e+00 3.97018979e-01
864 7 3.66519143e+00 3.91282066e-01
865 7 3.66519143e+00 3.88674366e-01
866 7 3.66519143e+00 3.95001958e-01
867 7 3.66519143e+00 3.91767039e-01
868 7 3.66519143e+00 3.92338837e-01
869 7 3.66519143e+00 3.92039081e-01
870 7 3.66519143e+00 3.90156706e-01
871 7 3.66519143e+00 3.91875231e-01
872 7 3.66519143e+00 3.89106154e-01
873 7 3.66519143e+00 3.90767704e-01
874 7 3.66519143e+00 3.93925715e-01
875 7 3.66519143e+00 3.93919506e-01
876 7 3.66519143e+00 3.91441587e-01
877 7 3.66519143e+00 3.90594779e-01
878 7 3.66519143e+00 3.89927776e-01
879 7 3.66519143e+00 3.90817313e-01
880 7 3.66519143e+00 3.96936758e-01
881 7 3.66519143e+00 3.91400819e-01
882 7 3.66519143e+00 3.91139956e-01
883 7 3.66519143e+00 3.90558060e-01
884 7 3.66519143e+00 3.90128271e-01
885 7 3.66519143e+00 3.93658825e-01
886 7 3.66519143e+00 3.89635543e-01
887 7 3.66519143e+00 3.97344090e-01
888 7 3.66519143e+00 3.89643851e-01
889 7 3.66519143e+00 3.92750918e-01
890 7 3.66519143e+00 3.94879008e-01
891 7 3.66519143e+00 3.95873388e-01
892 7 3.66519143e+00 3.95036603e-01
893 7 3.66519143e+00 3.92292815e-01
894 7 3.66519143e+00 3.93907071e-01
895 7 3.66519143e+00 3.94219643e-01
896 7 3.66519143e+00 3.90984142e-01
897 7 3.66519143e+00 3.92015411e-01
898 7 3.66519143e+00 3.92735248e-01
899 7 3.66519143e+00 3.89849547e-01
900 7 3.66519143e+00 3.92101636e-01
901 7 3.66519143e+00 3.88911813e-01
902 7 3.66519143e+00 3.91695598e-01
903 7 3.66519143e+00 3.92642289e-01
904 7 3.66519143e+00 3.93278251e-01
905 7 3.66519143e+00 3.91558717e-01
906 7 3.66519143e+00 3.93194302e-01
907 7 3.66519143e+00 3.92082031e-01
908 7 3.66519143e+00 3.93018373e-01
909 7 3.66519143e+00 3.93839059e-01
910 7 3.66519143e+00 3.92203151e-01
911 7 3.66519143e+00 3.93147437e-01
912 7 3.66519143e+00 3.92759887e-01
913 7 3.66519143e+00 3.92458110e-01
914 7 3.66519143e+00 3.92962588e-01
915 7 3.66519143e+00 3.93633805e-01
916 7 3.66519143e+00 3.90363182e-01
917 7 3.66519143e+00 3.91951428e-01
918 7 3.66519143e+00 3.92782917e-01
919 7 3.66519143e+00 3.93679756e-01
920 7 3.66519143e+00 3.94726221e-01
921 7 3.66519143e+00 3.91939487e-01
922 7 3.66519143e+00 3.92211404e-01
923 7 3.66519143e+00 3.86959052e-01
924 7 3.66519143e+00 3.90623646e-01
925 7 3.66519143e+00 3.96404202e-01
926 7 3.66519143e+00 3.96956627e-01
927 7 3.66519143e+00 3.95170173e-01
928 7 3.66519143e+00 3.88816840e-01
929 7 3.66519143e+00 3.92242861e-01
930 7 3.66519143e+00 3.92905989e-01
931 7 3.66519143e+00 3.91564419e-01
932 7 3.66519143e+00 3.96328752e-01
933 7 3.66519143e+00 3.90608245e-01
934 7 3.66519143e+00 3.94343833e-01
935 7 3.66519143e+00 3.93678332e-01
936 7 3.66519143e+00 3.93094098e-01
937 7 3.66519143e+00 3.93076809e-01
938 7 3.66519143e+00 3.90209739e-01
939 7 3.66519143e+00 3.92315716e-01
940 7 3.66519143e+00 3.93021603e-01
941 7 3.66519143e+00 3.92547668e-01
942 7 3.66519143e+00 3.96392024e-01
943 7 3.66519143e+00 3.92224508e-01
944 7 3.66519143e+00 3.93180806e-01
945 7 3.66519143e+00 3.90743002e-01
946 7 3.66519143e+00 3.93265608e-01
947 7 3.66519143e+00 3.93668225e-01
948 7 3.66519143e+00 3.92532997e-01
949 7 3.66519143e+00 3.90400067e-01
950 7 3.66519143e+00 3.91985256e-01
951 7 3.66519143e+00 3.91950220e-01
952 7 3.66519143e+00 3.92065089e-01
953 7 3.66519143e+00 3.95976017e-01
954 7 3.66519143e+00 3.91535074e-01
955 7 3.66519143e+00 3.92946634e-01
956 7 3.66519143e+00 3.94887048e-01
957 7 3.66519143e+00 3.93937342e-01
958 7 3.66519143e+00 3.90837324e-01
959 7 3.66519143e+00 3.94599514e-01
960 7 3.66519143e+00 3.90654432e-01
961 7 3.66519143e+00 3.90987333e-01
962 7 3.66519143e+00 3.92952903e-01
963 7 3.66519143e+00 3.92122531e-01
964 7 3.66519143e+00 3.94514431e-01
965 7 3.66519143e+00 3.92314762e-01
966 7 3.66519143e+00 3.94065082e-01
967 7 3.66519143e+00 3.92831739e-01
968 7 3.66519143e+00 3.94074665e-01
969 7 3.66519143e+00 3.92501608e-01
970 7 3.66519143e+00 3.92809388e-01
971 7 3.66519143e+00 3.93262343e-01
972 7 3.66519143e+00 3.90030783e-01
973 7 3.66519143e+00 3.93204856e-01
974 7 3.66519143e+00 3.96073031e-01
975 7 3.66519143e+00 3.95222148e-01
976 7 3.66519143e+00 3.91333330e-01
977 7 3.66519143e+00 3.96309351e-01
978 7 3.66519143e+00 3.89047481e-01
979 7 3.66519143e+00 3.89823626e-01
980 7 3.66519143e+00 3.90507731e-01
981 7 3.66519143e+00 3.92104388e-01
982 7 3.66519143e+00 3.94642278e-01
983 7 3.66519143e+00 3.91213656e-01
984 7 3.66519143e+00 3.94703956e-01
985 7 3.66519143e+00 3.92050399e-01
986 7 3.66519143e+00 3.93404925e-01
987 7 3.66519143e+00 3.92946864e-01
988 7 3.66519143e+00 3.93355730e-01
989 7 3.66519143e+00 3.95112678e-01
990 7 3.66519143e+00 3.90653456e-01
991 7 3.66519143e+00 3.90797670e-01
992 7 3.66519143e+00 3.89209762e-01
993 7 3.66519143e+00 3.93913939e-01
994 7 3.66519143e+00 3.90653246e-01
995 7 3.66519143e+00 3.88644684e-01
996 7 3.66519143e+00 3.90410862e-01
997 7 3.66519143e+00 3.91860244e-01
998 7 3.66519143e+00 3.94772124e-01
999 7 3.66519143e+00 3.89266897e-01
1000 7 3.66519143e+00 3.92899149e-01
1001 7 3.66519143e+00 3.91359944e-01
1002 7 3.66519143e+00 3.89536667e-01
1003 7 3.66519143e+00 3.92508817e-01
1004 7 3.66519143e+00 3.95358212e-01
1005 7 3.66519143e+00 3.90558263e-01
1006 7 3.66519143e+00 3.94189146e-01
1007 7 3.66519143e+00 3.93314513e-01
1008 7 3.66519143e+00 3.86229633e-01
1009 7 3.66519143e+00 3.92431747e-01
1010 7 3.66519143e+00 3.93284056e-01
1011 7 3.66519143e+00 3.95602722e-01
1012 7 3.66519143e+00 3.91873874e-01
0 8 4.18879020e+00 4.10328328e-01
1 8 4.18879020e+00 4.14232818e-01
2 8 4.18879020e+00 4.16392237e-01
3 8 4.18879020e+00 4.06892039e-01
4 8 4.18879020e+00 4.10503076e-01
5 8 4.18879020e+00 4.07272818e-01
6 8 4.18879020e+00 4.17318352e-01
7 8 4.18879020e+00 4.20621013e-01
8 8 4.18879020e+00 4.09418805e-01
9 8 4.18879020e+00 4.13321973e-01
10 8 4.18879020e+00 4.10344886e-01
11 8 4.18879020e+00 4.12180550e-01
12 8 4.18879020e+00 4.16972440e-01
13 8 4.18879020e+00 4.12789394e-01
14 8 4.18879020e+00 4.13976664e-01
15 8 4.18879020e+00 4.13620709e-01
16 8 4.18879020e+00 4.16123522e-01
17 8 4.18879020e+00 4.13221691e-01
18 8 4.18879020e+00 4.09935242e-01
19 8 4.18879020e+00 4.14341830e-01
20 8 4.18879020e+00 4.12643316e-01
21 8 4.18879020e+00 4.09871787e-01
22 8 4.18879020e+00 4.10919449e-01
23 8 4.18879020e+00 4.13667506e-01
24 8 4.18879020e+00 4.13730048e-01
25 8 4.18879020e+00 4.12791500e-01
26 8 4.18879020e+00 4.13266731e-01
27 8 4.18879020e+00 4.08926962e-01
28 8 4.18879020e+00 4.09530821e-01
29 8 4.18879020e+00 4.14604409e-01
30 8 4.18879020e+00 4.05498413e-01
31 8 4.18879020e+00 4.13933468e-01
32 8 4.18879020e+00 4.16040880e-01
33 8 4.18879020e+00 4.11856032e-01
34 8 4.18879020e+00 4.10871166e-01
35 8 4.18879020e+00 4.12284414e-01
36 8 4.18879020e+00 4.09288672e-01
37 8 4.18879020e+00 4.08351424e-01
38 8 4.18879020e+00 4.14379881e-01
39 8 4.18879020e+00 4.13516050e-01
40 8 4.18879020e+00 4.11209862e-01
41 8 4.18879020e+00 4.08453296e-01
42 8 4.18879020e+00 4.09750108e-01
43 8 4.18879020e+00 4.10681059e-01
44 8 4.18879020e+00 4.15317569e-01
45 8 4.18879020e+00 4.14030746e-01
46 8 4.18879020e+00 4.11238952e-01
47 8 4.18879020e+00 4.08581741e-01
48 8 4.18879020e+00 4.12041306e-01
49 8 4.18879020e+00 4.07316356e-01
50 8 4.18879020e+00 4.13312221e-01
51 8 4.18879020e+00 4.15194588e-01
52 8 4.18879020e+00 4.17819792e-01
53 8 4.18879020e+00 4.09545166e-01
54 8 4.18879020e+00 4.16383333e-01
55 8 4.18879020e+00 4.07398360e-01
56 8 4.18879020e+00 4.12134752e-01
57 8 4.18879020e+00 4.08049496e-01
58 8 4.18879020e+00 4.13461092e-01
59 8 4.18879020e+00 4.14782091e-01
60 8 4.18879020e+00 4.10298334e-01
61 8 4.18879020e+00 4.10526767e-01
62 8 4.18879020e+00 4.14763915e-01
63 8 4.18879020e+00 4.10170744e-01
64 8 4.18879020e+00 4.06563536e-01
65 8 4.18879020e+00 4.16102979e-01
66 8 4.18879020e+00 4.09950258e-01
67 8 4.18879020e+00 4.10991244e-01
68 8 4.18879020e+00 4.13461938e-01
69 8 4.18879020e+00 4.11091683e-01
70 8 4.18879020e+00 4.09878426e-01
71 8 4.18879020e+00 4.12122312e-01
72 8 4.18879020e+00 4.13183378e-01
73 8 4.18879020e+00 4.16779949e-01
74 8 4.18879020e+00 4.06184169e-01
75 8 4.18879020e+00 4.10244399e-01
76 8 4.18879020e+00 4.15567476e-01
77 8 4.18879020e+00 4.09509940e-01
78 8 4.18879020e+00 4.13420269e-01
79 8 4.18879020e+00 4.13756134e-01
80 8 4.18879020e+00 4.09329916e-01
81 8 4.18879020e+00 4.14295785e-01
82 8 4.18879020e+00 4.12509468e-01
83 8 4.18879020e+00 4.06575738e-01
84 8 4.18879020e+00 4.10715066e-01
85 8 4.18879020e+00 4.14584279e-01
86 8 4.18879020e+00 4.09958436e-01
87 8 4.18879020e+00 4.04603348e-01
88 8 4.18879020e+00 4.16391443e-01
89 8 4.18879020e+00 4.14083052e-01
90 8 4.18879020e+00 4.14952145e-01
91 8 4.18879020e+00 4.11064902e-01
92 8 4.18879020e+00 4.10231607e-01
93 8 4.18879020e+00 4.16374840e-01
94 8 4.18879020e+00 4.12735251e-01
95 8 4.18879020e+00 4.08853881e-01
96 8 4.18879020e+00 4.14980677e-01
97 8 4.18879020e+00 4.17554599e-01
98 8 4.18879020e+00 4.15359389e-01
99 8 4.18879020e+00 4.11774950e-01
100 8 4.18879020e+00 4.11255694e-01
101 8 4.18879020e+00 4.16513421e-01
102 8 4.18879020e+00 4.15976764e-01
103 8 4.18879020e+00 4.11361211e-01
104 8 4.18879020e+00 4.14780431e-01
105 8 4.18879020e+00 4.07930884e-01
106 8 4.18879020e+00 4.12063472e-01
107 8 4.18879020e+00 4.17412383e-01
108 8 4.18879020e+00 4.08724255e-01
109 8 4.18879020e+00 4.15718795e-01
110 8 4.18879020e+00 4.07790299e-01
111 8 4.18879020e+00 4.07067088e-01
112 8 4.18879020e+00 4.07529096e-01
113 8 4.18879020e+00 4.09137059e-01
114 8 4.18879020e+00 4.17444979e-01
115 8 4.18879020e+00 4.14732544e-01
116 8 4.18879020e+00 4.14762216e-01
117 8 4.18879020e+00 4.14666869e-01
118 8 4.18879020e+00 4.14990682e-01
119 8 4.18879020e+00 4.13877772e-01
120 8 4.18879020e+00 4.13824400e-01
121 8 4.18879020e+00 4.09843676e-01
122 8 4.18879020e+00 4.10836217e-01
123 8 4.18879020e+00 4.08019385e-01
124 8 4.18879020e+00 4.15702932e-01
125 8 4.18879020e+00 4.14983533e-01
126 8 4.18879020e+00 4.12132674e-01
127 8 4.18879020e+00 4.13390360e-01
128 8 4.18879020e+00 4.09884867e-01
129 8 4.18879020e+00 4.13459563e-01
130 8 4.18879020e+00 4.15028578e-01
131 8 4.18879020e+00 4.06985089e-01
132 8 4.18879020e+00 4.14750405e-01
133 8 4.18879020e+00 4.15296473e-01
134 8 4.18879020e+00 4.14043513e-01
135 8 4.18879020e+00 4.10667382e-01
136 8 4.18879020e+00 4.11135571e-01
137 8 4.18879020e+00 4.09403524e-01
138 8 4.18879020e+00 4.09957614e-01
139 8 4.18879020e+00 4.12671417e-01
140 8 4.18879020e+00 4.14696086e-01
141 8 4.18879020e+00 4.13091145e-01
142 8 4.18879020e+00 4.07027738e-01
143 8 4.18879020e+00 4.11252446e-01
144 8 4.18879020e+00 4.14091509e-01
145 8 4.18879020e+00 4.09866457e-01
146 8 4.18879020e+00 4.08684632e-01
147 8 4.18879020e+00 4.11885648e-01
148 8 4.18879020e+00 4.14040251e-01
149 8 4.18879020e+00 4.11370692e-01
150 8 4.18879020e+00 4.16073516e-01
151 8 4.18879020e+00 4.14354045e-01
152 8 4.18879020e+00 4.11736806e-01
153 8 4.18879020e+00 4.14245059e-01
154 8 4.18879020e+00 4.15303880e-01
155 8 4.18879020e+00 4.09419110e-01
156 8 4.18879020e+00 4.14508545e-01
157 8 4.18879020e+00 4.13068656e-01
158 8 4.18879020e+00 4.10436384e-01
159 8 4.18879020e+00 4.12009724e-01
160 8 4.18879020e+00 4.08673917e-01
161 8 4.18879020e+00 4.13648924e-01
162 8 4.18879020e+00 4.12205836e-01
163 8 4.18879020e+00 4.15582219e-01
164 8 4.18879020e+00 4.11831155e-01
165 8 4.18879020e+00 4.14331958e-01
166 8 4.18879020e+00 4.11541047e-01
167 8 4.18879020e+00 4.13829232e-01
168 8 4.18879020e+00 4.10619788e-01
169 8 4.18879020e+00 4.12104934e-01
170 8 4.18879020e+00 4.12825763e-01
171 8 4.18879020e+00 4.13941425e-01
172 8 4.18879020e+00 4.14863562e-01
173 8 4.18879020e+00 4.10920608e-01
174 8 4.18879020e+00 4.09059348e-01
175 8 4.18879020e+00 4.10605064e-01
176 8 4.18879020e+00 4.15400079e-01
177 8 4.18879020e+00 4.11932313e-01
178 8 4.18879020e+00 4.07613301e-01
179 8 4.18879020e+00 4.12030498e-01
180 8 4.18879020e+00 4.10753830e-01
181 8 4.18879020e+00 4.10226920e-01
182 8 4.18879020e+00 4.08828529e-01
183 8 4.18879020e+00 4.10803936e-01
184 8 4.18879020e+00 4.08944854e-01
185 8 4.18879020e+00 4.10808898e-01
186 8 4.18879020e+00 4.07453283e-01
187 8 4.18879020e+00 4.13582411e-01
188 8 4.18879020e+00 4.10270689e-01
189 8 4.18879020e+00 4.09352957e-01
190 8 4.18879020e+00 4.17333868e-01
191 8 4.18879020e+00 4.10094367e-01
192 8 4.18879020e+00 4.14638433e-01
193 8 4.18879020e+00 4.12372368e-01
194 8 4.18879020e+00 4.06629413e-01
195 8 4.18879020e+00 4.09154708e-01
196 8 4.18879020e+00 4.12453007e-01
197 8 4.18879020e+00 4.11781441e-01
198 8 4.18879020e+00 4.10548337e-01
199 8 4.18879020e+00 4.12779654e-01
200 8 4.18879020e+00 4.05778186e-01
201 8 4.18879020e+00 4.18880949e-01
202 8 4.18879020e+00 4.13169279e-01
203 8 4.18879020e+00 4.11904640e-01
204 8 4.18879020e+00 4.06651104e-01
205 8 4.18879020e+00 4.11356616e-01
206 8 4.18879020e+00 4.10205485e-01
207 8 4.18879020e+00 4.13344418e-01
208 8 4.18879020e+00 4.09042666e-01
209 8 4.18879020e+00 4.04420165e-01
210 8 4.18879020e+00 4.01663789e-01
211 8 4.18879020e+00 4.13732183e-01
212 8 4.18879020e+00 4.12404939e-01
213 8 4.18879020e+00 4.10783320e-01
214 8 4.18879020e+00 4.14606530e-01
215 8 4.18879020e+00 4.14130683e-01
216 8 4.18879020e+00 4.06332664e-01
217 8 4.18879020e+00 4.12935248e-01
218 8 4.18879020e+00 4.08258024e-01
219 8 4.18879020e+00 4.11860009e-01
220 8 4.18879020e+00 4.10100666e-01
221 8 4.18879020e+00 4.07933683e-01
222 8 4.18879020e+00 4.10460922e-01
223 8 4.18879020e+00 4.09582677e-01
224 8 4.18879020e+00 4.07589639e-01
225 8 4.18879020e+00 4.10779315e-01
226 8 4.18879020e+00 4.13469768e-01
227 8 4.18879020e+00 4.15075960e-01
228 8 4.18879020e+00 4.14097762e-01
229 8 4.18879020e+00 4.10560187e-01
230 8 4.18879020e+00 4.11173449e-01
231 8 4.18879020e+00 4.11143219e-01
232 8 4.18879020e+00 4.07459255e-01
233 8 4.18879020e+00 4.09590875e-01
234 8 4.18879020e+00 4.16079184e-01
235 8 4.18879020e+00 4.10426959e-01
236 8 4.18879020e+00 4.15306951e-01
237 8 4.18879020e+00 4.12885236e-01
238 8 4.18879020e+00 4.12999851e-01
239 8 4.18879020e+00 4.19438512e-01
240 8 4.18879020e+00 4.11004725e-01
241 8 4.18879020e+00 4.15311352e-01
242 8 4.18879020e+00 4.12915028e-01
243 8 4.18879020e+00 4.19456950e-01
244 8 4.18879020e+00 4.08858836e-01
245 8 4.18879020e+00 4.19134097e-01
246 8 4.18879020e+00 4.14244225e-01
247 8 4.18879020e+00 4.08054624e-01
248 8 4.18879020e+00 4.11136744e-01
249 8 4.18879020e+00 4.16894776e-01
250 8 4.18879020e+00 4.12072021e-01
251 8 4.18879020e+00 4.04204979e-01
252 8 4.18879020e+00 4.13020188e-01
253 8 4.18879020e+00 4.12925256e-01
254 8 4.18879020e+00 4.06841586e-01
255 8 4.18879020e+00 4.11251756e-01
256 8 4.18879020e+00 4.11358729e-01
257 8 4.18879020e+00 4.15571686e-01
258 8 4.18879020e+00 4.12913049e-01
259 8 4.18879020e+00 4.14356270e-01
260 8 4.18879020e+00 4.09447265e-01
261 8 4.18879020e+00 4.21746033e-01
262 8 4.18879020e+00 4.08695444e-01
263 8 4.18879020e+00 4.07417010e-01
264 8 4.18879020e+00 4.07997218e-01
265 8 4.18879020e+00 4.10600805e-01
266 8 4.18879020e+00 4.08849547e-01
267 8 4.18879020e+00 4.06489668e-01
268 8 4.18879020e+00 4.16035250e-01
269 8 4.18879020e+00 4.10046270e-01
270 8 4.18879020e+00 4.10157548e-01
271 8 4.18879020e+00 4.15243256e-01
272 8 4.18879020e+00 4.09270121e-01
273 8 4.18879020e+00 4.12107577e-01
274 8 4.18879020e+00 4.14036538e-01
275 8 4.18879020e+00 4.12024101e-01
276 8 4.18879020e+00 4.09963720e-01
277 8 4.18879020e+00 4.15838704e-01
278 8 4.18879020e+00 4.12101775e-01
279 8 4.18879020e+00 4.13652161e-01
280 8 4.18879020e+00 4.09138279e-01
281 8 4.18879020e+00 4.11076990e-01
282 8 4.18879020e+00 4.08302013e-01
283 8 4.18879020e+00 4.13224106e-01
284 8 4.18879020e+00 4.14083039e-01
285 8 4.18879020e+00 4.14328409e-01
286 8 4.18879020e+00 4.11191151e-01
287 8 4.18879020e+00 4.13730925e-01
288 8 4.18879020e+00 4.12680351e-01
289 8 4.18879020e+00 4.13524619e-01
290 8 4.18879020e+00 4.11571307e-01
291 8 4.18879020e+00 4.10558785e-01
292 8 4.18879020e+00 4.07362542e-01
293 8 4.18879020e+00 4.10992862e-01
294 8 4.18879020e+00 4.13915393e-01
295 8 4.18879020e+00 4.14266373e-01
296 8 4.18879020e+00 4.12468426e-01
297 8 4.18879020e+00 4.11520465e-01
298 8 4.18879020e+00 4.11993853e-01
299 8 4.18879020e+00 4.13649212e-01
300 8 4.18879020e+00 4.13032308e-01
301 8 4.18879020e+00 4.09222895e-01
302 8 4.18879020e+00 4.10920787e-01
303 8 4.18879020e+00 4.17518991e-01
304 8 4.18879020e+00 4.17623257e-01
305 8 4.18879020e+00 4.12162881e-01
306 8 4.18879020e+00 4.11832166e-01
307 8 4.18879020e+00 4.09408181e-01
308 8 4.18879020e+00 4.07864135e-01
309 8 4.18879020e+00 4.12229156e-01
310 8 4.18879020e+00 4.15617108e-01
311 8 4.18879020e+00 4.17747299e-01
312 8 4.18879020e+00 4.15863135e-01
313 8 4.18879020e+00 4.09632855e-01
314 8 4.18879020e+00 4.03987418e-01
315 8 4.18879020e+00 4.06850917e-01
316 8 4.18879020e+00 4.12420772e-01
317 8 4.18879020e+00 4.14062557e-01
318 8 4.18879020e+00 4.12576704e-01
319 8 4.18879020e+00 4.15182846e-01
320 8 4.18879020e+00 4.10619914e-01
321 8 4.18879020e+00 4.07376278e-01
322 8 4.18879020e+00 4.05714143e-01
323 8 4.18879020e+00 4.11125010e-01
324 8 4.18879020e+00 4.10828627e-01
325 8 4.18879020e+00 4.11407251e-01
326 8 4.18879020e+00 4.10370524e-01
327 8 4.18879020e+00 4.10373388e-01
328 8 4.18879020e+00 4.07738462e-01
329 8 4.18879020e+00 4.12150512e-01
330 8 4.18879020e+00 4.14856104e-01
331 8 4.18879020e+00 4.04601620e-01
332 8 4.18879020e+00 4.11288966e-01
333 8 4.18879020e+00 4.07780185e-01
334 8 4.18879020e+00 4.08658308e-01
335 8 4.18879020e+00 4.11537940e-01
336 8 4.18879020e+00 4.10026946e-01
337 8 4.18879020e+00 4.11308350e-01
338 8 4.18879020e+00 4.14594612e-01
339 8 4.18879020e+00 4.12688779e-01
340 8 4.18879020e+00 4.15057470e-01
341 8 4.18879020e+00 4.13504579e-01
342 8 4.18879020e+00 4.19745784e-01
343 8 4.18879020e+00 4.18189807e-01
344 8 4.18879020e+00 4.12209801e-01
345 8 4.18879020e+00 4.11384773e-01
346 8 4.18879020e+00 4.16565743e-01
347 8 4.18879020e+00 4.10631101e-01
348 8 4.18879020e+00 4.12652879e-01
349 8 4.18879020e+00 4.08569163e-01
350 8 4.18879020e+00 4.13340817e-01
351 8 4.18879020e+00 4.13443007e-01
352 8 4.18879020e+00 4.09550619e-01
353 8 4.18879020e+00 4.12326302e-01
354 8 4.18879020e+00 4.12560873e-01
355 8 4.18879020e+00 4.13147768e-01
356 8 4.18879020e+00 4.19733015e-01
357 8 4.18879020e+00 4.11007593e-01
358 8 4.18879020e+00 4.12312829e-01
359 8 4.18879020e+00 4.10169723e-01
360 8 4.18879020e+00 4.13526663e-01
361 8 4.18879020e+00 4.18626872e-01
362 8 4.18879020e+00 4.10809542e-01
363 8 4.18879020e+00 4.07147791e-01
364 8 4.18879020e+00 4.08494254e-01
365 8 4.18879020e+00 4.12296411e-01
366 8 4.18879020e+00 4.18162437e-01
367 8 4.18879020e+00 4.13085334e-01
368 8 4.18879020e+00 4.10273922e-01
369 8 4.18879020e+00 4.13808501e-01
370 8 4.18879020e+00 4.09917717e-01
371 8 4.18879020e+00 4.12116562e-01
372 8 4.18879020e+00 4.15437707e-01
373 8 4.18879020e+00 4.12938576e-01
374 8 4.18879020e+00 4.10118311e-01
375 8 4.18879020e+00 4.11985107e-01
376 8 4.18879020e+00 4.15054529e-01
377 8 4.18879020e+00 4.12418777e-01
378 8 4.18879020e+00 4.14805546e-01
379 8 4.18879020e+00 4.09627316e-01
380 8 4.18879020e+00 4.13333293e-01
381 8 4.18879020e+00 4.10474278e-01
382 8 4.18879020e+00 4.12217096e-01
383 8 4.18879020e+00 4.13834760e-01
384 8 4.18879020e+00 4.16087053e-01
385 8 4.18879020e+00 4.15573550e-01
386 8 4.18879020e+00 4.06182811e-01
387 8 4.18879020e+00 4.13300010e-01
388 8 4.18879020e+00 4.09464018e-01
389 8 4.18879020e+00 4.11460041e-01
390 8 4.18879020e+00 4.09638689e-01
391 8 4.18879020e+00 4.09868602e-01
392 8 4.18879020e+00 4.15026103e-01
393 8 4.18879020e+00 4.16602938e-01
394 8 4.18879020e+00 4.13699111e-01
395 8 4.18879020e+00 4.13099381e-01
396 8 4.18879020e+00 4.17940425e-01
397 8 4.18879020e+00 4.14892847e-01
398 8 4.18879020e+00 4.18240703e-01
399 8 4.18879020e+00 4.11600683e-01
400 8 4.18879020e+00 4.09182183e-01
401 8 4.18879020e+00 4.13245530e-01
402 8 4.18879020e+00 4.12863666e-01
403 8 4.18879020e+00 4.19186954e-01
404 8 4.18879020e+00 4.14708060e-01
405 8 4.18879020e+00 4.12775239e-01
406 8 4.18879020e+00 4.04653141e-01
407 8 4.18879020e+00 4.19308523e-01
408 8 4.18879020e+00 4.06856949e-01
409 8 4.18879020e+00 4.15951330e-01
410 8 4.18879020e+00 4.07875171e-01
411 8 4.18879020e+00 4.13958808e-01
412 8 4.18879020e+00 4.10338106e-01
413 8 4.18879020e+00 4.20128741e-01
414 8 4.18879020e+00 4.10017065e-01
415 8 4.18879020e+00 4.11956336e-01
416 8 4.18879020e+00 4.13637183e-01
417 8 4.18879020e+00 4.11194503e-01
418 8 4.18879020e+00 4.12192901e-01
419 8 4.18879020e+00 4.16463370e-01
420 8 4.18879020e+00 4.09301589e-01
421 8 4.18879020e+00 4.12736924e-01
422 8 4.18879020e+00 4.07742618e-01
423 8 4.18879020e+00 4.11816455e-01
424 8 4.18879020e+00 4.12354592e-01
425 8 4.18879020e+00 4.13718724e-01
426 8 4.18879020e+00 4.07480190e-01
427 8 4.18879020e+00 4.10148138e-01
428 8 4.18879020e+00 4.11831118e-01
429 8 4.18879020e+00 4.13489644e-01
430 8 4.18879020e+00 4.12611424e-01
431 8 4.18879020e+00 4.11585283e-01
432 8 4.18879020e+00 4.09505849e-01
433 8 4.18879020e+00 4.15753356e-01
434 8 4.18879020e+00 4.11918894e-01
435 8 4.18879020e+00 4.12450014e-01
436 8 4.18879020e+00 4.15776498e-01
437 8 4.18879020e+00 4.14728531e-01
438 8 4.18879020e+00 4.09537384e-01
439 8 4.18879020e+00 4.10421961e-01
440 8 4.18879020e+00 4.08682594e-01
441 8 4.18879020e+00 4.03475382e-01
442 8 4.18879020e+00 4.13297533e-01
443 8 4.18879020e+00 4.07979934e-01
444 8 4.18879020e+00 4.15205214e-01
445 8 4.18879020e+00 4.11156406e-01
446 8 4.18879020e+00 4.13163514e-01
447 8 4.18879020e+00 4.12770979e-01
448 8 4.18879020e+00 4.15228829e-01
449 8 4.18879020e+00 4.18562879e-01
450 8 4.18879020e+00 4.16767846e-01
451 8 4.18879020e+00 4.16543297e-01
452 8 4.18879020e+00 4.17817825e-01
453 8 4.18879020e+00 4.14986869e-01
454 8 4.18879020e+00 4.16258838e-01
455 8 4.18879020e+00 4.07478518e-01
456 8 4.18879020e+00 4.09631860e-01
457 8 4.18879020e+00 4.13489449e-01
458 8 4.18879020e+00 4.13033052e-01
459 8 4.18879020e+00 4.11651336e-01
460 8 4.18879020e+00 4.10677474e-01
461 8 4.18879020e+00 4.11635220e-01
462 8 4.18879020e+00 4.11318946e-01
463 8 4.18879020e+00 4.15932097e-01
464 8 4.18879020e+00 4.11578910e-01
465 8 4.18879020e+00 4.10611199e-01
466 8 4.18879020e+00 4.08529105e-01
467 8 4.18879020e+00 4.09162671e-01
468 8 4.18879020e+00 4.08243795e-01
469 8 4.18879020e+00 4.09250882e-01
470 8 4.18879020e+00 4.12558057e-01
471 8 4.18879020e+00 4.08111067e-01
472 8 4.18879020e+00 4.12963185e-01
473 8 4.18879020e+00 4.16738348e-01
474 8 4.18879020e+00 4.16812966e-01
475 8 4.18879020e+00 4.09410324e-01
476 8 4.18879020e+00 4.06590022e-01
477 8 4.18879020e+00 4.10919399e-01
478 8 4.18879020e+00 4.12987786e-01
479 8 4.18879020e+00 4.09044185e-01
480 8 4.18879020e+00 4.05389549e-01
481 8 4.18879020e+00 4.12122601e-01
482 8 4.18879020e+00 4.07634660e-01
483 8 4.18879020e+00 4.15232336e-01
484 8 4.18879020e+00 4.08545963e-01
485 8 4.18879020e+00 4.10550309e-01
486 8 4.18879020e+00 4.11824192e-01
487 8 4.18879020e+00 4.18540438e-01
488 8 4.18879020e+00 4.09797717e-01
489 8 4.18879020e+00 4.12654054e-01
490 8 4.18879020e+00 4.09599327e-01
491 8 4.18879020e+00 4.12897756e-01
492 8 4.18879020e+00 4.15880493e-01
493 8 4.18879020e+00 4.12053176e-01
494 8 4.18879020e+00 4.12187888e-01
495 8 4.18879020e+00 4.20879363e-01
496 8 4.18879020e+00 4.10858515e-01
497 8 4.18879020e+00 4.11375111e-01
498 8 4.18879020e+00 4.10760235e-01
499 8 4.18879020e+00 4.07475841e-01
500 8 4.18879020e+00 4.12734260e-01
501 8 4.18879020e+00 4.10543313e-01
502 8 4.18879020e+00 4.15750733e-01
503 8 4.18879020e+00 4.13561946e-01
504 8 4.18879020e+00 4.08855456e-01
505 8 4.18879020e+00 4.09275707e-01
506 8 4.18879020e+00 4.12838957e-01
507 8 4.18879020e+00 4.12865695e-01
508 8 4.18879020e+00 4.08858993e-01
509 8 4.18879020e+00 4.10440247e-01
510 8 4.18879020e+00 4.18845106e-01
511 8 4.18879020e+00 4.16595467e-01
512 8 4.18879020e+00 4.12296259e-01
513 8 4.18879020e+00 4.14529821e-01
514 8 4.18879020e+00 4.09818599e-01
515 8 4.18879020e+00 4.15582901e-01
516 8 4.18879020e+00 4.09187300e-01
517 8 4.18879020e+00 4.11535244e-01
518 8 4.18879020e+00 4.11012640e-01
519 8 4.18879020e+00 4.10430289e-01
520 8 4.18879020e+00 4.11381036e-01
521 8 4.18879020e+00 4.06130010e-01
522 8 4.18879020e+00 4.14987297e-01
523 8 4.18879020e+00 4.07140976e-01
524 8 4.18879020e+00 4.09301306e-01
525 8 4.18879020e+00 4.15447913e-01
526 8 4.18879020e+00 4.11623058e-01
527 8 4.18879020e+00 4.11132769e-01
528 8 4.18879020e+00 4.12481400e-01
529 8 4.18879020e+00 4.12545719e-01
530 8 4.18879020e+00 4.05948949e-01
531 8 4.18879020e+00 4.07055208e-01
532 8 4.18879020e+00 4.10494175e-01
533 8 4.18879020e+00 4.13582390e-01
534 8 4.18879020e+00 4.13223034e-01
535 8 4.18879020e+00 4.13752375e-01
536 8 4.18879020e+00 4.20363178e-01
537 8 4.18879020e+00 4.19020254e-01
538 8 4.18879020e+00 4.11738957e-01
539 8 4.18879020e+00 4.15729369e-01
540 8 4.18879020e+00 4.14174094e-01
541 8 4.18879020e+00 4.13740147e-01
542 8 4.18879020e+00 4.18803032e-01
543 8 4.18879020e+00 4.08563720e-01
544 8 4.18879020e+00 4.12721256e-01
545 8 4.18879020e+00 4.12712514e-01
546 8 4.18879020e+00 4.13546687e-01
547 8 4.18879020e+00 4.16233533e-01
548 8 4.18879020e+00 4.12372118e-01
549 8 4.18879020e+00 4.13034754e-01
550 8 4.18879020e+00 4.14481857e-01
551 8 4.18879020e+00 4.11170074e-01
552 8 4.18879020e+00 4.14240034e-01
553 8 4.18879020e+00 4.10426294e-01
554 8 4.18879020e+00 4.09327302e-01
555 8 4.18879020e+00 4.09367711e-01
556 8 4.18879020e+00 4.09326230e-01
557 8 4.18879020e+00 4.14918054e-01
558 8 4.18879020e+00 4.13259457e-01
559 8 4.18879020e+00 4.10810521e-01
560 8 4.18879020e+00 4.14850103e-01
561 8 4.18879020e+00 4.10029309e-01
562 8 4.18879020e+00 4.14821220e-01
563 8 4.18879020e+00 4.14614389e-01
564 8 4.18879020e+00 4.16326760e-01
565 8 4.18879020e+00 4.12730084e-01
566 8 4.18879020e+00 4.10715051e-01
567 8 4.18879020e+00 4.09322549e-01
568 8 4.18879020e+00 4.14580022e-01
569 8 4.18879020e+00 4.13228870e-01
570 8 4.18879020e+00 4.10519453e-01
571 8 4.18879020e+00 4.12256507e-01
572 8 4.18879020e+00 4.07950009e-01
573 8 4.18879020e+00 4.12222503e-01
574 8 4.18879020e+00 4.06341237e-01
575 8 4.18879020e+00 4.14489598e-01
576 8 4.18879020e+00 4.10589179e-01
577 8 4.18879020e+00 4.09477436e-01
578 8 4.18879020e+00 4.06587455e-01
579 8 4.18879020e+00 4.12205360e-01
580 8 4.18879020e+00 4.10818931e-01
581 8 4.18879020e+00 4.09376464e-01
582 8 4.18879020e+00 4.10971796e-01
583 8 4.18879020e+00 4.17085481e-01
584 8 4.18879020e+00 4.09171124e-01
585 8 4.18879020e+00 4.12984767e-01
586 8 4.18879020e+00 4.14086368e-01
587 8 4.18879020e+00 4.15305287e-01
588 8 4.18879020e+00 4.07303348e-01
589 8 4.18879020e+00 4.15138313e-01
590 8 4.18879020e+00 4.09532705e-01
591 8 4.18879020e+00 4.12251567e-01
592 8 4.18879020e+00 4.15051478e-01
593 8 4.18879020e+00 4.16562422e-01
594 8 4.18879020e+00 4.10130997e-01
595 8 4.18879020e+00 4.10481998e-01
596 8 4.18879020e+00 4.17356355e-01
597 8 4.18879020e+00 4.13991521e-01
598 8 4.18879020e+00 4.11950931e-01
599 8 4.18879020e+00 4.12413863e-01
600 8 4.18879020e+00 4.13883286e-01
601 8 4.18879020e+00 4.13413824e-01
602 8 4.18879020e+00 4.10549390e-01
603 8 4.18879020e+00 4.14204780e-01
604 8 4.18879020e+00 4.12437405e-01
605 8 4.18879020e+00 4.12220787e-01
606 8 4.18879020e+00 4.09875498e-01
607 8 4.18879020e+00 4.12506225e-01
608 8 4.18879020e+00 4.13753894e-01
609 8 4.18879020e+00 4.05149342e-01
610 8 4.18879020e+00 4.11788952e-01
611 8 4.18879020e+00 4.12000877e-01
612 8 4.18879020e+00 4.14328553e-01
613 8 4.18879020e+00 4.09828538e-01
614 8 4.18879020e+00 4.12928861e-01
615 8 4.18879020e+00 4.03609207e-01
616 8 4.18879020e+00 4.16965338e-01
617 8 4.18879020e+00 4.14414158e-01
618 8 4.18879020e+00 4.12399222e-01
619 8 4.18879020e+00 4.12080942e-01
620 8 4.18879020e+00 4.13324569e-01
621 8 4.18879020e+00 4.10887536e-01
622 8 4.18879020e+00 4.08825685e-01
623 8 4.18879020e+00 4.10961193e-01
624 8 4.18879020e+00 4.13191484e-01
625 8 4.18879020e+00 4.13397354e-01
626 8 4.18879020e+00 4.10253777e-01
627 8 4.18879020e+00 4.15077225e-01
628 8 4.18879020e+00 4.12753742e-01
629 8 4.18879020e+00 4.08314502e-01
630 8 4.18879020e+00 4.11391737e-01
631 8 4.18879020e+00 4.12012425e-01
632 8 4.18879020e+00 4.16186598e-01
633 8 4.18879020e+00 4.10928620e-01
634 8 4.18879020e+00 4.15875308e-01
635 8 4.18879020e+00 4.11788943e-01
636 8 4.18879020e+00 4.07918616e-01
637 8 4.18879020e+00 4.03465601e-01
638 8 4.18879020e+00 4.11955827e-01
639 8 4.18879020e+00 4.09219143e-01
640 8 4.18879020e+00 4.13960268e-01
641 8 4.18879020e+00 4.14110413e-01
642 8 4.18879020e+00 4.07586195e-01
643 8 4.18879020e+00 4.12182341e-01
644 8 4.18879020e+00 4.18404899e-01
645 8 4.18879020e+00 4.09624331e-01
646 8 4.18879020e+00 4.06536752e-01
647 8 4.18879020e+00 4.06294607e-01
648 8 4.18879020e+00 4.10537140e-01
649 8 4.18879020e+00 4.06338492e-01
650 8 4.18879020e+00 4.10155302e-01
651 8 4.18879020e+00 4.10047539e-01
652 8 4.18879020e+00 4.09641555e-01
653 8 4.18879020e+00 4.15441303e-01
654 8 4.18879020e+00 4.05808585e-01
655 8 4.18879020e+00 4.12297847e-01
656 8 4.18879020e+00 4.11876962e-01
657 8 4.18879020e+00 4.11655524e-01
658 8 4.18879020e+00 4.16669238e-01
659 8 4.18879020e+00 4.08621346e-01
660 8 4.18879020e+00 4.11351600e-01
661 8 4.18879020e+00 4.12721180e-01
662 8 4.18879020e+00 4.11621679e-01
663 8 4.18879020e+00 4.13936149e-01
664 8 4.18879020e+00 4.12083596e-01
665 8 4.18879020e+00 4.10892334e-01
666 8 4.18879020e+00 4.13397470e-01
667 8 4.18879020e+00 4.10310077e-01
668 8 4.18879020e+00 4.11985556e-01
669 8 4.18879020e+00 4.09647106e-01
670 8 4.18879020e+00 4.19035690e-01
671 8 4.18879020e+00 4.08859541e-01
672 8 4.18879020e+00 4.13170652e-01
673 8 4.18879020e+00 4.14159059e-01
674 8 4.18879020e+00 4.08372757e-01
675 8 4.18879020e+00 4.10885595e-01
676 8 4.18879020e+00 4.14592679e-01
677 8 4.18879020e+00 4.13830822e-01
678 8 4.18879020e+00 4.14133891e-01
679 8 4.18879020e+00 4.09243971e-01
680 8 4.18879020e+00 4.13506235e-01
681 8 4.18879020e+00 4.10224953e-01
682 8 4.18879020e+00 4.08579162e-01
683 8 4.18879020e+00 4.08814351e-01
684 8 4.18879020e+00 4.14248046e-01
685 8 4.18879020e+00 4.14421617e-01
686 8 4.18879020e+00 4.16481331e-01
687 8 4.18879020e+00 4.12418297e-01
688 8 4.18879020e+00 4.08951567e-01
689 8 4.18879020e+00 4.08865706e-01
690 8 4.18879020e+00 4.11713392e-01
691 8 4.18879020e+00 4.12362662e-01
692 8 4.18879020e+00 4.07913192e-01
693 8 4.18879020e+00 4.13155219e-01
694 8 4.18879020e+00 4.07204646e-01
695 8 4.18879020e+00 4.10171595e-01
696 8 4.18879020e+00 4.11603351e-01
697 8 4.18879020e+00 4.15758303e-01
698 8 4.18879020e+00 4.09721004e-01
699 8 4.18879020e+00 4.08296170e-01
700 8 4.18879020e+00 4.12692638e-01
701 8 4.18879020e+00 4.10232526e-01
702 8 4.18879020e+00 4.09429867e-01
703 8 4.18879020e+00 4.17460770e-01
704 8 4.18879020e+00 4.09458377e-01
705 8 4.18879020e+00 4.10741690e-01
706 8 4.18879020e+00 4.16744459e-01
707 8 4.18879020e+00 4.12185380e-01
708 8 4.18879020e+00 4.18021242e-01
709 8 4.18879020e+00 4.13702517e-01
710 8 4.18879020e+00 4.12414327e-01
711 8 4.18879020e+00 4.12959369e-01
712 8 4.18879020e+00 4.14300036e-01
713 8 4.18879020e+00 4.12222854e-01
714 8 4.18879020e+00 4.06490193e-01
715 8 4.18879020e+00 4.12054751e-01
716 8 4.18879020e+00 4.13398750e-01
717 8 4.18879020e+00 4.10921449e-01
718 8 4.18879020e+00 4.06282041e-01
719 8 4.18879020e+00 4.07985520e-01
720 8 4.18879020e+00 4.09621017e-01
721 8 4.18879020e+00 4.11984481e-01
722 8 4.18879020e+00 4.12085474e-01
723 8 4.18879020e+00 4.14906307e-01
724 8 4.18879020e+00 4.07203996e-01
725 8 4.18879020e+00 4.09955998e-01
726 8 4.18879020e+00 4.16785225e-01
727 8 4.18879020e+00 4.09167765e-01
728 8 4.18879020e+00 4.13560277e-01
729 8 4.18879020e+00 4.17957951e-01
730 8 4.18879020e+00 4.07710568e-01
731 8 4.18879020e+00 4.14068115e-01
732 8 4.18879020e+00 4.11475491e-01
733 8 4.18879020e+00 4.11018620e-01
734 8 4.18879020e+00 4.13499314e-01
735 8 4.18879020e+00 4.18576491e-01
736 8 4.18879020e+00 4.09864160e-01
737 8 4.18879020e+00 4.10597449e-01
738 8 4.18879020e+00 4.16646943e-01
739 8 4.18879020e+00 4.08490340e-01
740 8 4.18879020e+00 4.12625667e-01
741 8 4.18879020e+00 4.12045834e-01
742 8 4.18879020e+00 4.09525352e-01
743 8 4.18879020e+00 4.13783008e-01
744 8 4.18879020e+00 4.12521312e-01
745 8 4.18879020e+00 4.13308206e-01
746 8 4.18879020e+00 4.07718123e-01
747 8 4.18879020e+00 4.13395455e-01
748 8 4.18879020e+00 4.11556673e-01
749 8 4.18879020e+00 4.09857050e-01
750 8 4.18879020e+00 4.11775079e-01
751 8 4.18879020e+00 4.17133967e-01
752 8 4.18879020e+00 4.21539920e-01
753 8 4.18879020e+00 4.11288298e-01
754 8 4.18879020e+00 4.13854066e-01
755 8 4.18879020e+00 4.14647499e-01
756 8 4.18879020e+00 4.13309525e-01
757 8 4.18879020e+00 4.11997098e-01
758 8 4.18879020e+00 4.14734728e-01
759 8 4.18879020e+00 4.09685786e-01
760 8 4.18879020e+00 4.12811504e-01
761 8 4.18879020e+00 4.13914618e-01
762 8 4.18879020e+00 4.15948200e-01
763 8 4.18879020e+00 4.20023011e-01
764 8 4.18879020e+00 4.20077464e-01
765 8 4.18879020e+00 4.16241384e-01
766 8 4.18879020e+00 4.11696487e-01
767 8 4.18879020e+00 4.08272383e-01
768 8 4.18879020e+00 4.16794896e-01
769 8 4.18879020e+00 4.15948329e-01
770 8 4.18879020e+00 4.13121027e-01
771 8 4.18879020e+00 4.14300296e-01
772 8 4.18879020e+00 4.09696620e-01
773 8 4.18879020e+00 4.08715589e-01
774 8 4.18879020e+00 4.12758874e-01
775 8 4.18879020e+00 4.15864153e-01
776 8 4.18879020e+00 4.11627331e-01
777 8 4.18879020e+00 4.14607054e-01
778 8 4.18879020e+00 4.14243021e-01
779 8 4.18879020e+00 4.10545108e-01
780 8 4.18879020e+00 4.13857882e-01
781 8 4.18879020e+00 4.11721873e-01
782 8 4.18879020e+00 4.12079171e-01
783 8 4.18879020e+00 4.09716495e-01
784 8 4.18879020e+00 4.16733480e-01
785 8 4.18879020e+00 4.10910980e-01
786 8 4.18879020e+00 4.08733710e-01
787 8 4.18879020e+00 4.08171073e-01
788 8 4.18879020e+00 4.10286710e-01
789 8 4.18879020e+00 4.10900539e-01
790 8 4.18879020e+00 4.08763134e-01
791 8 4.18879020e+00 4.15452884e-01
792 8 4.18879020e+00 4.14257706e-01
793 8 4.18879020e+00 4.08577252e-01
794 8 4.18879020e+00 4.10809897e-01
795 8 4.18879020e+00 4.12523887e-01
796 8 4.18879020e+00 4.14207616e-01
797 8 4.18879020e+00 4.12177306e-01
798 8 4.18879020e+00 4.10088611e-01
799 8 4.18879020e+00 4.11944722e-01
800 8 4.18879020e+00 4.15103448e-01
801 8 4.18879020e+00 4.14735733e-01
802 8 4.18879020e+00 4.11396401e-01
803 8 4.18879020e+00 4.20920352e-01
804 8 4.18879020e+00 4.13075079e-01
805 8 4.18879020e+00 4.12273776e-01
806 8 4.18879020e+00 4.11362882e-01
807 8 4.18879020e+00 4.15657175e-01
808 8 4.18879020e+00 4.10357067e-01
809 8 4.18879020e+00 4.12589204e-01
810 8 4.18879020e+00 4.07626261e-01
811 8 4.18879020e+00 4.14239735e-01
812 8 4.18879020e+00 4.07704595e-01
813 8 4.18879020e+00 4.11423663e-01
814 8 4.18879020e+00 4.07945781e-01
815 8 4.18879020e+00 4.10955179e-01
816 8 4.18879020e+00 4.13933770e-01
817 8 4.18879020e+00 4.12233613e-01
818 8 4.18879020e+00 4.09663692e-01
819 8 4.18879020e+00 4.16784112e-01
820 8 4.18879020e+00 4.12183539e-01
821 8 4.18879020e+00 4.08269847e-01
822 8 4.18879020e+00 4.14830590e-01
823 8 4.18879020e+00 4.08889432e-01
824 8 4.18879020e+00 4.07752196e-01
825 8 4.18879020e+00 4.10235525e-01
826 8 4.18879020e+00 4.16178765e-01
827 8 4.18879020e+00 4.11707507e-01
828 8 4.18879020e+00 4.18739689e-01
829 8 4.18879020e+00 4.09317635e-01
830 8 4.18879020e+00 4.14240933e-01
831 8 4.18879020e+00 4.08833401e-01
832 8 4.18879020e+00 4.11095372e-01
833 8 4.18879020e+00 4.13656775e-01
834 8 4.18879020e+00 4.14537798e-01
835 8 4.18879020e+00 4.10786581e-01
836 8 4.18879020e+00 4.12598375e-01
837 8 4.18879020e+00 4.14118177e-01
838 8 4.18879020e+00 4.10762045e-01
839 8 4.18879020e+00 4.08587300e-01
840 8 4.18879020e+00 4.09945823e-01
841 8 4.18879020e+00 4.08285041e-01
842 8 4.18879020e+00 4.11219173e-01
843 8 4.18879020e+00 4.14940381e-01
844 8 4.18879020e+00 4.15597357e-01
845 8 4.18879020e+00 4.10567456e-01
846 8 4.18879020e+00 4.05640648e-01
847 8 4.18879020e+00 4.10415274e-01
848 8 4.18879020e+00 4.09041975e-01
849 8 4.18879020e+00 4.11217223e-01
850 8 4.18879020e+00 4.10147818e-01
851 8 4.18879020e+00 4.13124089e-01
852 8 4.18879020e+00 4.20400193e-01
853 8 4.18879020e+00 4.09765665e-01
854 8 4.18879020e+00 4.08950788e-01
855 8 4.18879020e+00 4.09269357e-01
856 8 4.18879020e+00 4.13720189e-01
857 8 4.18879020e+00 4.10269853e-01
858 8 4.18879020e+00 4.18031758e-01
859 8 4.18879020e+00 4.15643520e-01
860 8 4.18879020e+00 4.08310793e-01
861 8 4.18879020e+00 4.08402959e-01
862 8 4.18879020e+00 4.14901812e-01
863 8 4.18879020e+00 4.18137414e-01
864 8 4.18879020e+00 4.10040843e-01
865 8 4.18879020e+00 4.07663630e-01
866 8 4.18879020e+00 4.14130212e-01
867 8 4.18879020e+00 4.11697721e-01
868 8 4.18879020e+00 4.12344048e-01
869 8 4.18879020e+00 4.10130931e-01
870 8 4.18879020e+00 4.09037979e-01
871 8 4.18879020e+00 4.11799638e-01
872 8 4.18879020e+00 4.06850037e-01
873 8 4.18879020e+00 4.09844649e-01
874 8 4.18879020e+00 4.13592472e-01
875 8 4.18879020e+00 4.12725626e-01
876 8 4.18879020e+00 4.09672711e-01
877 8 4.18879020e+00 4.09595710e-01
878 8 4.18879020e+00 4.08702330e-01
879 8 4.18879020e+00 4.10659358e-01
880 8 4.18879020e+00 4.16867816e-01
881 8 4.18879020e+00 4.09449662e-01
882 8 4.18879020e+00 4.10335026e-01
883 8 4.18879020e+00 4.08480710e-01
884 8 4.18879020e+00 4.09947225e-01
885 8 4.18879020e+00 4.13108352e-01
886 8 4.18879020e+00 4.07458633e-01
887 8 4.18879020e+00 4.16678983e-01
888 8 4.18879020e+00 4.08733006e-01
889 8 4.18879020e+00 4.11608427e-01
890 8 4.18879020e+00 4.14651101e-01
891 8 4.18879020e+00 4.16323758e-01
892 8 4.18879020e+00 4.16710894e-01
893 8 4.18879020e+00 4.11475289e-01
894 8 4.18879020e+00 4.12599018e-01
895 8 4.18879020e+00 4.15084581e-01
896 8 4.18879020e+00 4.10408352e-01
897 8 4.18879020e+00 4.11726185e-01
898 8 4.18879020e+00 4.11895606e-01
899 8 4.18879020e+00 4.06384477e-01
900 8 4.18879020e+00 4.10867212e-01
901 8 4.18879020e+00 4.06351605e-01
902 8 4.18879020e+00 4.10251484e-01
903 8 4.18879020e+00 4.10826751e-01
904 8 4.18879020e+00 4.12012552e-01
905 8 4.18879020e+00 4.10910762e-01
906 8 4.18879020e+00 4.13264018e-01
907 8 4.18879020e+00 4.11151199e-01
908 8 4.18879020e+00 4.13410327e-01
909 8 4.18879020e+00 4.12705610e-01
910 8 4.18879020e+00 4.13299004e-01
911 8 4.18879020e+00 4.12388502e-01
912 8 4.18879020e+00 4.10861253e-01
913 8 4.18879020e+00 4.10908125e-01
914 8 4.18879020e+00 4.12728518e-01
915 8 4.18879020e+00 4.12624356e-01
916 8 4.18879020e+00 4.07984617e-01
917 8 4.18879020e+00 4.10403635e-01
918 8 4.18879020e+00 4.11904049e-01
919 8 4.18879020e+00 4.13232105e-01
920 8 4.18879020e+00 4.14161534e-01
921 8 4.18879020e+00 4.11905146e-01
922 8 4.18879020e+00 4.11349162e-01
923 8 4.18879020e+00 4.04889066e-01
924 8 4.18879020e+00 4.09252677e-01
925 8 4.18879020e+00 4.17998141e-01
926 8 4.18879020e+00 4.17900394e-01
927 8 4.18879020e+00 4.15946270e-01
928 8 4.18879020e+00 4.05337678e-01
929 8 4.18879020e+00 4.10964292e-01
930 8 4.18879020e+00 4.12017969e-01
931 8 4.18879020e+00 4.10942993e-01
932 8 4.18879020e+00 4.16447268e-01
933 8 4.18879020e+00 4.09058894e-01
934 8 4.18879020e+00 4.15566751e-01
935 8 4.18879020e+00 4.13089050e-01
936 8 4.18879020e+00 4.12987621e-01
937 8 4.18879020e+00 4.11896463e-01
938 8 4.18879020e+00 4.07992558e-01
939 8 4.18879020e+00 4.11471319e-01
940 8 4.18879020e+00 4.11773272e-01
941 8 4.18879020e+00 4.11954832e-01
942 8 4.18879020e+00 4.16518986e-01
943 8 4.18879020e+00 4.11707218e-01
944 8 4.18879020e+00 4.13101981e-01
945 8 4.18879020e+00 4.09616214e-01
946 8 4.18879020e+00 4.12187475e-01
947 8 4.18879020e+00 4.13351662e-01
948 8 4.18879020e+00 4.11599603e-01
949 8 4.18879020e+00 4.08815757e-01
950 8 4.18879020e+00 4.10290656e-01
951 8 4.18879020e+00 4.09848373e-01
952 8 4.18879020e+00 4.10794139e-01
953 8 4.18879020e+00 4.15768885e-01
954 8 4.18879020e+00 4.10825812e-01
955 8 4.18879020e+00 4.12690792e-01
956 8 4.18879020e+00 4.14477282e-01
957 8 4.18879020e+00 4.13625512e-01
958 8 4.18879020e+00 4.08985794e-01
959 8 4.18879020e+00 4.15074174e-01
960 8 4.18879020e+00 4.10577308e-01
961 8 4.18879020e+00 4.09723759e-01
962 8 4.18879020e+00 4.12284335e-01
963 8 4.18879020e+00 4.10553158e-01
964 8 4.18879020e+00 4.14383533e-01
965 8 4.18879020e+00 4.10095610e-01
966 8 4.18879020e+00 4.14331604e-01
967 8 4.18879020e+00 4.11836861e-01
968 8 4.18879020e+00 4.13854296e-01
969 8 4.18879020e+00 4.11034134e-01
970 8 4.18879020e+00 4.12353740e-01
971 8 4.18879020e+00 4.12766541e-01
972 8 4.18879020e+00 4.08985447e-01
973 8 4.18879020e+00 4.14123774e-01
974 8 4.18879020e+00 4.17439700e-01
975 8 4.18879020e+00 4.14749223e-01
976 8 4.18879020e+00 4.09869718e-01
977 8 4.18879020e+00 4.16989970e-01
978 8 4.18879020e+00 4.06577260e-01
979 8 4.18879020e+00 4.07788418e-01
980 8 4.18879020e+00 4.09933390e-01
981 8 4.18879020e+00 4.11670111e-01
982 8 4.18879020e+00 4.14087291e-01
983 8 4.18879020e+00 4.09242050e-01
984 8 4.18879020e+00 4.13926725e-01
985 8 4.18879020e+00 4.11455249e-01
986 8 4.18879020e+00 4.11809147e-01
987 8 4.18879020e+00 4.11610924e-01
988 8 4.18879020e+00 4.12142674e-01
989 8 4.18879020e+00 4.15098931e-01
990 8 4.18879020e+00 4.09931410e-01
991 8 4.18879020e+00 4.08736267e-01
992 8 4.18879020e+00 4.07426762e-01
993 8 4.18879020e+00 4.14245898e-01
994 8 4.18879020e+00 4.08455234e-01
995 8 4.18879020e+00 4.05905907e-01
996 8 4.18879020e+00 4.08436544e-01
997 8 4.18879020e+00 4.10784701e-01
998 8 4.18879020e+00 4.14616879e-01
999 8 4.18879020e+00 4.06789019e-01
1000 8 4.18879020e+00 4.12776023e-01
1001 8 4.18879020e+00 4.11109695e-01
1002 8 4.18879020e+00 4.07828001e-01
1003 8 4.18879020e+00 4.12050659e-01
1004 8 4.18879020e+00 4.13424235e-01
1005 8 4.18879020e+00 4.08406973e-01
1006 8 4.18879020e+00 4.14200248e-01
1007 8 4.18879020e+00 4.15146431e-01
1008 8 4.18879020e+00 4.03456824e-01
1009 8 4.18879020e+00 4.11487332e-01
1010 8 4.18879020e+00 4.12823887e-01
1011 8 4.18879020e+00 4.15551309e-01
1012 8 4.18879020e+00 4.10927710e-01
0 9 4.71238898e+00 4.37601119e-01
1 9 4.71238898e+00 4.42543939e-01
2 9 4.71238898e+00 4.46854807e-01
3 9 4.71238898e+00 4.34359132e-01
4 9 4.71238898e+00 4.37135113e-01
5 9 4.71238898e+00 4.34378168e-01
6 9 4.71238898e+00 4.47585806e-01
7 9 4.71238898e+00 4.53807232e-01
8 9 4.71238898e+00 4.38078076e-01
9 9 4.71238898e+00 4.42700961e-01
10 9 4.71238898e+00 4.40094526e-01
11 9 4.71238898e+00 4.42387826e-01
12 9 4.71238898e+00 4.47476050e-01
13 9 4.71238898e+00 4.40806350e-01
14 9 4.71238898e+00 4.41632384e-01
15 9 4.71238898e+00 4.43597054e-01
16 9 4.71238898e+00 4.46339092e-01
17 9 4.71238898e+00 4.42425453e-01
18 9 4.71238898e+00 4.38294851e-01
19 9 4.71238898e+00 4.44943537e-01
20 9 4.71238898e+00 4.42775351e-01
21 9 4.71238898e+00 4.37365625e-01
22 9 4.71238898e+00 4.39465495e-01
23 9 4.71238898e+00 4.43705365e-01
24 9 4.71238898e+00 4.43621810e-01
25 9 4.71238898e+00 4.43627767e-01
26 9 4.71238898e+00 4.43305105e-01
27 9 4.71238898e+00 4.39053586e-01
28 9 4.71238898e+00 4.37714984e-01
29 9 4.71238898e+00 4.46358260e-01
30 9 4.71238898e+00 4.34547362e-01
31 9 4.71238898e+00 4.44320157e-01
32 9 4.71238898e+00 4.45523249e-01
33 9 4.71238898e+00 4.43040652e-01
34 9 4.71238898e+00 4.39192299e-01
35 9 4.71238898e+00 4.42097143e-01
36 9 4.71238898e+00 4.38003044e-01
37 9 4.71238898e+00 4.34888116e-01
38 9 4.71238898e+00 4.44170831e-01
39 9 4.71238898e+00 4.43679823e-01
40 9 4.71238898e+00 4.39633683e-01
41 9 4.71238898e+00 4.36150169e-01
42 9 4.71238898e+00 4.37665705e-01
43 9 4.71238898e+00 4.38712248e-01
44 9 4.71238898e+00 4.46175353e-01
45 9 4.71238898e+00 4.43908840e-01
46 9 4.71238898e+00 4.39462042e-01
47 9 4.71238898e+00 4.35954832e-01
48 9 4.71238898e+00 4.39449824e-01
49 9 4.71238898e+00 4.36109634e-01
50 9 4.71238898e+00 4.42812709e-01
51 9 4.71238898e+00 4.45491040e-01
52 9 4.71238898e+00 4.49120921e-01
53 9 4.71238898e+00 4.37914346e-01
54 9 4.71238898e+00 4.47097867e-01
55 9 4.71238898e+00 4.34850128e-01
56 9 4.71238898e+00 4.41166786e-01
57 9 4.71238898e+00 4.36778912e-01
58 9 4.71238898e+00 4.43580342e-01
59 9 4.71238898e+00 4.45308684e-01
60 9 4.71238898e+00 4.38253952e-01
61 9 4.71238898e+00 4.40030834e-01
62 9 4.71238898e+00 4.45336480e-01
63 9 4.71238898e+00 4.38263857e-01
64 9 4.71238898e+00 4.33065909e-01
65 9 4.71238898e+00 4.46681327e-01
66 9 4.71238898e+00 4.38996348e-01
67 9 4.71238898e+00 4.40360410e-01
68 9 4.71238898e+00 4.43475158e-01
69 9 4.71238898e+00 4.40093055e-01
70 9 4.71238898e+00 4.37596439e-01
71 9 4.71238898e+00 4.42629083e-01
72 9 4.71238898e+00 4.42190303e-01
73 9 4.71238898e+00 4.46969680e-01
74 9 4.71238898e+00 4.33849724e-01
75 9 4.71238898e+00 4.39901158e-01
76 9 4.71238898e+00 4.47515419e-01
77 9 4.71238898e+00 4.38045438e-01
78 9 4.71238898e+00 4.43278654e-01
79 9 4.71238898e+00 4.43018840e-01
80 9 4.71238898e+00 4.37505105e-01
81 9 4.71238898e+00 4.43367575e-01
82 9 4.71238898e+00 4.40007269e-01
83 9 4.71238898e+00 4.33062770e-01
84 9 4.71238898e+00 4.38626728e-01
85 9 4.71238898e+00 4.43506221e-01
86 9 4.71238898e+00 4.39799155e-01
87 9 4.71238898e+00 4.30927322e-01
88 9 4.71238898e+00 4.47471575e-01
89 9 4.71238898e+00 4.44460622e-01
90 9 4.71238898e+00 4.46116429e-01
91 9 4.71238898e+00 4.39916465e-01
92 9 4.71238898e+00 4.38721730e-01
93 9 4.71238898e+00 4.46945297e-01
94 9 4.71238898e+00 4.41789133e-01
95 9 4.71238898e+00 4.37897606e-01
96 9 4.71238898e+00 4.45175988e-01
97 9 4.71238898e+00 4.48980505e-01
98 9 4.71238898e+00 4.45524619e-01
99 9 4.71238898e+00 4.40161520e-01
100 9 4.71238898e+00 4.42002476e-01
101 9 4.71238898e+00 4.47861243e-01
102 9 4.71238898e+00 4.47891471e-01
103 9 4.71238898e+00 4.42093177e-01
104 9 4.71238898e+00 4.44609146e-01
105 9 4.71238898e+00 4.36938720e-01
106 9 4.71238898e+00 4.41283259e-01
107 9 4.71238898e+00 4.47205943e-01
108 9 4.71238898e+00 4.36884258e-01
109 9 4.71238898e+00 4.46286114e-01
110 9 4.71238898e+00 4.36483960e-01
111 9 4.71238898e+00 4.32946380e-01
112 9 4.71238898e+00 4.35938615e-01
113 9 4.71238898e+00 4.38754914e-01
114 9 4.71238898e+00 4.48448454e-01
115 9 4.71238898e+00 4.45428850e-01
116 9 4.71238898e+00 4.44675976e-01
117 9 4.71238898e+00 4.44232698e-01
118 9 4.71238898e+00 4.45572651e-01
119 9 4.71238898e+00 4.43495889e-01
120 9 4.71238898e+00 4.44364452e-01
121 9 4.71238898e+00 4.41309207e-01
122 9 4.71238898e+00 4.41475831e-01
123 9 4.71238898e+00 4.35214510e-01
124 9 4.71238898e+00 4.46173850e-01
125 9 4.71238898e+00 4.45345184e-01
126 9 4.71238898e+00 4.41183002e-01
127 9 4.71238898e+00 4.42535203e-01
128 9 4.71238898e+00 4.39565774e-01
129 9 4.71238898e+00 4.43269241e-01
130 9 4.71238898e+00 4.45281047e-01
131 9 4.71238898e+00 4.37129799e-01
132 9 4.71238898e+00 4.45618341e-01
133 9 4.71238898e+00 4.46705736e-01
134 9 4.71238898e+00 4.41626933e-01
135 9 4.71238898e+00 4.40182011e-01
136 9 4.71238898e+00 4.39122189e-01
137 9 4.71238898e+00 4.37894686e-01
138 9 4.71238898e+00 4.39524771e-01
139 9 4.71238898e+00 4.42327679e-01
140 9 4.71238898e+00 4.45886729e-01
141 9 4.71238898e+00 4.41975979e-01
142 9 4.71238898e+00 4.34622081e-01
143 9 4.71238898e+00 4.38666332e-01
144 9 4.71238898e+00 4.44421552e-01
145 9 4.71238898e+00 4.39014632e-01
146 9 4.71238898e+00 4.35470210e-01
147 9 4.71238898e+00 4.41889752e-01
148 9 4.71238898e+00 4.44103200e-01
149 9 4.71238898e+00 4.39786395e-01
150 9 4.71238898e+00 4.46502742e-01
151 9 4.71238898e+00 4.45598599e-01
152 9 4.71238898e+00 4.41281515e-01
153 9 4.71238898e+00 4.43714113e-01
154 9 4.71238898e+00 4.45870568e-01
155 9 4.71238898e+00 4.36768009e-01
156 9 4.71238898e+00 4.43500401e-01
157 9 4.71238898e+00 4.41883977e-01
158 9 4.71238898e+00 4.38797153e-01
159 9 4.71238898e+00 4.41086655e-01
160 9 4.71238898e+00 4.36455664e-01
161 9 4.71238898e+00 4.43216634e-01
162 9 4.71238898e+00 4.40985440e-01
163 9 4.71238898e+00 4.45974641e-01
164 9 4.71238898e+00 4.40159049e-01
165 9 4.71238898e+00 4.43881916e-01
166 9 4.71238898e+00 4.38929113e-01
167 9 4.71238898e+00 4.44001508e-01
168 9 4.71238898e+00 4.38781960e-01
169 9 4.71238898e+00 4.41443059e-01
170 9 4.71238898e+00 4.43639149e-01
171 9 4.71238898e+00 4.42382724e-01
172 9 4.71238898e+00 4.44130897e-01
173 9 4.71238898e+00 4.39134999e-01
174 9 4.71238898e+00 4.37596339e-01
175 9 4.71238898e+00 4.39603956e-01
176 9 4.71238898e+00 4.44039620e-01
177 9 4.71238898e+00 4.39772804e-01
178 9 4.71238898e+00 4.35090340e-01
179 9 4.71238898e+00 4.40162375e-01
180 9 4.71238898e+00 4.38530863e-01
181 9 4.71238898e+00 4.37440999e-01
182 9 4.71238898e+00 4.39961896e-01
183 9 4.71238898e+00 4.38948718e-01
184 9 4.71238898e+00 4.37519689e-01
185 9 4.71238898e+00 4.41089211e-01
186 9 4.71238898e+00 4.36177264e-01
187 9 4.71238898e+00 4.43545806e-01
188 9 4.71238898e+00 4.38771645e-01
189 9 4.71238898e+00 4.38160046e-01
190 9 4.71238898e+00 4.48280063e-01
191 9 4.71238898e+00 4.36853381e-01
192 9 4.71238898e+00 4.43400042e-01
193 9 4.71238898e+00 4.41424884e-01
194 9 4.71238898e+00 4.34866917e-01
195 9 4.71238898e+00 4.36940730e-01
196 9 4.71238898e+00 4.41641093e-01
197 9 4.71238898e+00 4.40773520e-01
198 9 4.71238898e+00 4.39488644e-01
199 9 4.71238898e+00 4.42702033e-01
200 9 4.71238898e+00 4.33165479e-01
201 9 4.71238898e+00 4.49005838e-01
202 9 4.71238898e+00 4.44137695e-01
203 9 4.71238898e+00 4.41509420e-01
204 9 4.71238898e+00 4.32233658e-01
205 9 4.71238898e+00 4.38877499e-01
206 9 4.71238898e+00 4.39441545e-01
207 9 4.71238898e+00 4.43685490e-01
208 9 4.71238898e+00 4.38485772e-01
209 9 4.71238898e+00 4.31094666e-01
210 9 4.71238898e+00 4.27760253e-01
211 9 4.71238898e+00 4.43056285e-01
212 9 4.71238898e+00 4.40006164e-01
213 9 4.71238898e+00 4.41966003e-01
214 9 4.71238898e+00 4.44945692e-01
215 9 4.71238898e+00 4.44450829e-01
216 9 4.71238898e+00 4.34691530e-01
217 9 4.71238898e+00 4.41401889e-01
218 9 4.71238898e+00 4.36137252e-01
219 9 4.71238898e+00 4.40017428e-01
220 9 4.71238898e+00 4.36640777e-01
221 9 4.71238898e+00 4.36436598e-01
222 9 4.71238898e+00 4.38209611e-01
223 9 4.71238898e+00 4.37759595e-01
224 9 4.71238898e+00 4.34546199e-01
225 9 4.71238898e+00 4.40026388e-01
226 9 4.71238898e+00 4.42967290e-01
227 9 4.71238898e+00 4.47200637e-01
228 9 4.71238898e+00 4.44630981e-01
229 9 4.71238898e+00 4.40951185e-01
230 9 4.71238898e+00 4.39466632e-01
231 9 4.71238898e+00 4.40745770e-01
232 9 4.71238898e+00 4.37341824e-01
233 9 4.71238898e+00 4.37197064e-01
234 9 4.71238898e+00 4.47088455e-01
235 9 4.71238898e+00 4.40264385e-01
236 9 4.71238898e+00 4.44330905e-01
237 9 4.71238898e+00 4.41068749e-01
238 9 4.71238898e+00 4.41778376e-01
239 9 4.71238898e+00 4.50671038e-01
240 9 4.71238898e+00 4.40376609e-01
241 9 4.71238898e+00 4.45695076e-01
242 9 4.71238898e+00 4.42407412e-01
243 9 4.71238898e+00 4.49268989e-01
244 9 4.71238898e+00 4.36564447e-01
245 9 4.71238898e+00 4.50860964e-01
246 9 4.71238898e+00 4.42957310e-01
247 9 4.71238898e+00 4.38176550e-01
248 9 4.71238898e+00 4.39009576e-01
249 9 4.71238898e+00 4.47400213e-01
250 9 4.71238898e+00 4.40666597e-01
251 9 4.71238898e+00 4.31112230e-01
252 9 4.71238898e+00 4.42186587e-01
253 9 4.71238898e+00 4.43446767e-01
254 9 4.71238898e+00 4.33819942e-01
255 9 4.71238898e+00 4.37822848e-01
256 9 4.71238898e+00 4.40865159e-01
257 9 4.71238898e+00 4.47871599e-01
258 9 4.71238898e+00 4.43683234e-01
259 9 4.71238898e+00 4.42775111e-01
260 9 4.71238898e+00 4.36348847e-01
261 9 4.71238898e+00 4.55206649e-01
262 9 4.71238898e+00 4.37367613e-01
263 9 4.71238898e+00 4.34136858e-01
264 9 4.71238898e+00 4.35958356e-01
265 9 4.71238898e+00 4.39852886e-01
266 9 4.71238898e+00 4.37966274e-01
267 9 4.71238898e+00 4.34451879e-01
268 9 4.71238898e+00 4.47804643e-01
269 9 4.71238898e+00 4.40098660e-01
270 9 4.71238898e+00 4.38347299e-01
271 9 4.71238898e+00 4.44260692e-01
272 9 4.71238898e+00 4.38486876e-01
273 9 4.71238898e+00 4.40865426e-01
274 9 4.71238898e+00 4.44131154e-01
275 9 4.71238898e+00 4.42700351e-01
276 9 4.71238898e+00 4.39176028e-01
277 9 4.71238898e+00 4.47980594e-01
278 9 4.71238898e+00 4.40813602e-01
279 9 4.71238898e+00 4.43722657e-01
280 9 4.71238898e+00 4.35893297e-01
281 9 4.71238898e+00 4.40204157e-01
282 9 4.71238898e+00 4.36250679e-01
283 9 4.71238898e+00 4.43603979e-01
284 9 4.71238898e+00 4.43046794e-01
285 9 4.71238898e+00 4.44014023e-01
286 9 4.71238898e+00 4.38638161e-01
287 9 4.71238898e+00 4.44902880e-01
288 9 4.71238898e+00 4.42919504e-01
289 9 4.71238898e+00 4.43655543e-01
290 9 4.71238898e+00 4.40523737e-01
291 9 4.71238898e+00 4.38019152e-01
292 9 4.71238898e+00 4.35504786e-01
293 9 4.71238898e+00 4.39631118e-01
294 9 4.71238898e+00 4.42921966e-01
295 9 4.71238898e+00 4.43144130e-01
296 9 4.71238898e+00 4.44055709e-01
297 9 4.71238898e+00 4.39484465e-01
298 9 4.71238898e+00 4.41730294e-01
299 9 4.71238898e+00 4.42773585e-01
300 9 4.71238898e+00 4.40730293e-01
301 9 4.71238898e+00 4.36941767e-01
302 9 4.71238898e+00 4.39317829e-01
303 9 4.71238898e+00 4.47882678e-01
304 9 4.71238898e+00 4.48102740e-01
305 9 4.71238898e+00 4.41470079e-01
306 9 4.71238898e+00 4.41579703e-01
307 9 4.71238898e+00 4.37420378e-01
308 9 4.71238898e+00 4.37274870e-01
309 9 4.71238898e+00 4.41807892e-01
310 9 4.71238898e+00 4.45751332e-01
311 9 4.71238898e+00 4.47610508e-01
312 9 4.71238898e+00 4.46247439e-01
313 9 4.71238898e+00 4.37718508e-01
314 9 4.71238898e+00 4.31219681e-01
315 9 4.71238898e+00 4.34219027e-01
316 9 4.71238898e+00 4.41577001e-01
317 9 4.71238898e+00 4.44021312e-01
318 9 4.71238898e+00 4.43246071e-01
319 9 4.71238898e+00 4.46562863e-01
320 9 4.71238898e+00 4.40056099e-01
321 9 4.71238898e+00 4.36123002e-01
322 9 4.71238898e+00 4.32116627e-01
323 9 4.71238898e+00 4.41940201e-01
324 9 4.71238898e+00 4.39846204e-01
325 9 4.71238898e+00 4.40842927e-01
326 9 4.71238898e+00 4.39065467e-01
327 9 4.71238898e+00 4.38997471e-01
328 9 4.71238898e+00 4.35227232e-01
329 9 4.71238898e+00 4.41914652e-01
330 9 4.71238898e+00 4.46265328e-01
331 9 4.71238898e+00 4.31304003e-01
332 9 4.71238898e+00 4.40166989e-01
333 9 4.71238898e+00 4.35730145e-01
334 9 4.71238898e+00 4.38362134e-01
335 9 4.71238898e+00 4.41777351e-01
336 9 4.71238898e+00 4.39020276e-01
337 9 4.71238898e+00 4.39618415e-01
338 9 4.71238898e+00 4.43824065e-01
339 9 4.71238898e+00 4.40956289e-01
340 9 4.71238898e+00 4.45239727e-01
341 9 4.71238898e+00 4.43369778e-01
342 9 4.71238898e+00 4.51847559e-01
343 9 4.71238898e+00 4.50044497e-01
344 9 4.71238898e+00 4.41479402e-01
345 9 4.71238898e+00 4.39965595e-01
346 9 4.71238898e+00 4.48233370e-01
347 9 4.71238898e+00 4.41546709e-01
348 9 4.71238898e+00 4.40586550e-01
349 9 4.71238898e+00 4.36538906e-01
350 9 4.71238898e+00 4.42706475e-01
351 9 4.71238898e+00 4.42013005e-01
352 9 4.71238898e+00 4.38854944e-01
353 9 4.71238898e+00 4.41883519e-01
354 9 4.71238898e+00 4.42132706e-01
355 9 4.71238898e+00 4.41459111e-01
356 9 4.71238898e+00 4.51282084e-01
357 9 4.71238898e+00 4.39907381e-01
358 9 4.71238898e+00 4.40927725e-01
359 9 4.71238898e+00 4.39631107e-01
360 9 4.71238898e+00 4.43256602e-01
361 9 4.71238898e+00 4.49778080e-01
362 9 4.71238898e+00 4.39811031e-01
363 9 4.71238898e+00 4.36154729e-01
364 9 4.71238898e+00 4.36196302e-01
365 9 4.71238898e+00 4.42345893e-01
366 9 4.71238898e+00 4.49953767e-01
367 9 4.71238898e+00 4.43278196e-01
368 9 4.71238898e+00 4.39603009e-01
369 9 4.71238898e+00 4.43382572e-01
370 9 4.71238898e+00 4.38997737e-01
371 9 4.71238898e+00 4.42273516e-01
372 9 4.71238898e+00 4.45822742e-01
373 9 4.71238898e+00 4.42601965e-01
374 9 4.71238898e+00 4.39075001e-01
375 9 4.71238898e+00 4.40910821e-01
376 9 4.71238898e+00 4.46621258e-01
377 9 4.71238898e+00 4.40517277e-01
378 9 4.71238898e+00 4.43194016e-01
379 9 4.71238898e+00 4.37717731e-01
380 9 4.71238898e+00 4.43165680e-01
381 9 4.71238898e+00 4.38631739e-01
382 9 4.71238898e+00 4.41470508e-01
383 9 4.71238898e+00 4.43231410e-01
384 9 4.71238898e+00 4.46784938e-01
385 9 4.71238898e+00 4.46555138e-01
386 9 4.71238898e+00 4.33766996e-01
387 9 4.71238898e+00 4.42816156e-01
388 9 4.71238898e+00 4.36707565e-01
389 9 4.71238898e+00 4.41725557e-01
390 9 4.71238898e+00 4.38805343e-01
391 9 4.71238898e+00 4.39464152e-01
392 9 4.71238898e+00 4.43822183e-01
393 9 4.71238898e+00 4.48923003e-01
394 9 4.71238898e+00 4.41472197e-01
395 9 4.71238898e+00 4.41795926e-01
396 9 4.71238898e+00 4.49483744e-01
397 9 4.71238898e+00 4.43589428e-01
398 9 4.71238898e+00 4.49893391e-01
399 9 4.71238898e+00 4.41344618e-01
400 9 4.71238898e+00 4.37419731e-01
401 9 4.71238898e+00 4.43622957e-01
402 9 4.71238898e+00 4.41966178e-01
403 9 4.71238898e+00 4.52101739e-01
404 9 4.71238898e+00 4.45562257e-01
405 9 4.71238898e+00 4.42624706e-01
406 9 4.71238898e+00 4.32598622e-01
407 9 4.71238898e+00 4.51545572e-01
408 9 4.71238898e+00 4.34706991e-01
409 9 4.71238898e+00 4.45650247e-01
410 9 4.71238898e+00 4.35157173e-01
411 9 4.71238898e+00 4.44927746e-01
412 9 4.71238898e+00 4.37749219e-01
413 9 4.71238898e+00 4.51982141e-01
414 9 4.71238898e+00 4.38639972e-01
415 9 4.71238898e+00 4.41551761e-01
416 9 4.71238898e+00 4.43970029e-01
417 9 4.71238898e+00 4.39448177e-01
418 9 4.71238898e+00 4.42218591e-01
419 9 4.71238898e+00 4.47893701e-01
420 9 4.71238898e+00 4.36665494e-01
421 9 4.71238898e+00 4.42633011e-01
422 9 4.71238898e+00 4.34408212e-01
423 9 4.71238898e+00 4.41230834e-01
424 9 4.71238898e+00 4.41431493e-01
425 9 4.71238898e+00 4.42344282e-01
426 9 4.71238898e+00 4.36090596e-01
427 9 4.71238898e+00 4.39369394e-01
428 9 4.71238898e+00 4.41866655e-01
429 9 4.71238898e+00 4.43165841e-01
430 9 4.71238898e+00 4.42115310e-01
431 9 4.71238898e+00 4.38971028e-01
432 9 4.71238898e+00 4.38080331e-01
433 9 4.71238898e+00 4.44966027e-01
434 9 4.71238898e+00 4.40716348e-01
435 9 4.71238898e+00 4.41760885e-01
436 9 4.71238898e+00 4.46325476e-01
437 9 4.71238898e+00 4.45157362e-01
438 9 4.71238898e+00 4.37457345e-01
439 9 4.71238898e+00 4.39709875e-01
440 9 4.71238898e+00 4.37357970e-01
441 9 4.71238898e+00 4.30439666e-01
442 9 4.71238898e+00 4.42279150e-01
443 9 4.71238898e+00 4.34043827e-01
444 9 4.71238898e+00 4.46030265e-01
445 9 4.71238898e+00 4.38727195e-01
446 9 4.71238898e+00 4.43005499e-01
447 9 4.71238898e+00 4.41704659e-01
448 9 4.71238898e+00 4.45158737e-01
449 9 4.71238898e+00 4.51081902e-01
450 9 4.71238898e+00 4.48826351e-01
451 9 4.71238898e+00 4.47309704e-01
452 9 4.71238898e+00 4.47802383e-01
453 9 4.71238898e+00 4.46446934e-01
454 9 4.71238898e+00 4.46919221e-01
455 9 4.71238898e+00 4.34734140e-01
456 9 4.71238898e+00 4.37765780e-01
457 9 4.71238898e+00 4.42437799e-01
458 9 4.71238898e+00 4.43290039e-01
459 9 4.71238898e+00 4.40298367e-01
460 9 4.71238898e+00 4.38814267e-01
461 9 4.71238898e+00 4.39732882e-01
462 9 4.71238898e+00 4.39355907e-01
463 9 4.71238898e+00 4.47045903e-01
464 9 4.71238898e+00 4.39688256e-01
465 9 4.71238898e+00 4.38661223e-01
466 9 4.71238898e+00 4.36896909e-01
467 9 4.71238898e+00 4.37063414e-01
468 9 4.71238898e+00 4.35816712e-01
469 9 4.71238898e+00 4.36770609e-01
470 9 4.71238898e+00 4.41476017e-01
471 9 4.71238898e+00 4.36012784e-01
472 9 4.71238898e+00 4.42678960e-01
473 9 4.71238898e+00 4.48012814e-01
474 9 4.71238898e+00 4.47477528e-01
475 9 4.71238898e+00 4.38065651e-01
476 9 4.71238898e+00 4.34150083e-01
477 9 4.71238898e+00 4.40688942e-01
478 9 4.71238898e+00 4.42792529e-01
479 9 4.71238898e+00 4.37027978e-01
480 9 4.71238898e+00 4.33052524e-01
481 9 4.71238898e+00 4.40733221e-01
482 9 4.71238898e+00 4.36559087e-01
483 9 4.71238898e+00 4.44532268e-01
484 9 4.71238898e+00 4.35046249e-01
485 9 4.71238898e+00 4.37683743e-01
486 9 4.71238898e+00 4.39186261e-01
487 9 4.71238898e+00 4.51395682e-01
488 9 4.71238898e+00 4.39496759e-01
489 9 4.71238898e+00 4.44143213e-01
490 9 4.71238898e+00 4.37786067e-01
491 9 4.71238898e+00 4.42876733e-01
492 9 4.71238898e+00 4.47158963e-01
493 9 4.71238898e+00 4.42573955e-01
494 9 4.71238898e+00 4.41818297e-01
495 9 4.71238898e+00 4.52609784e-01
496 9 4.71238898e+00 4.41021064e-01
497 9 4.71238898e+00 4.39693017e-01
498 9 4.71238898e+00 4.39039343e-01
499 9 4.71238898e+00 4.34983801e-01
500 9 4.71238898e+00 4.42837163e-01
501 9 4.71238898e+00 4.38619830e-01
502 9 4.71238898e+00 4.47437816e-01
503 9 4.71238898e+00 4.43592046e-01
504 9 4.71238898e+00 4.37445476e-01
505 9 4.71238898e+00 4.38182466e-01
506 9 4.71238898e+00 4.42564945e-01
507 9 4.71238898e+00 4.42104592e-01
508 9 4.71238898e+00 4.34389624e-01
509 9 4.71238898e+00 4.38292881e-01
510 9 4.71238898e+00 4.51428660e-01
511 9 4.71238898e+00 4.49753568e-01
512 9 4.71238898e+00 4.42688733e-01
513 9 4.71238898e+00 4.43993585e-01
514 9 4.71238898e+00 4.35705214e-01
515 9 4.71238898e+00 4.44829041e-01
516 9 4.71238898e+00 4.36232937e-01
517 9 4.71238898e+00 4.39897744e-01
518 9 4.71238898e+00 4.42699284e-01
519 9 4.71238898e+00 4.39296452e-01
520 9 4.71238898e+00 4.41469434e-01
521 9 4.71238898e+00 4.34889294e-01
522 9 4.71238898e+00 4.45371289e-01
523 9 4.71238898e+00 4.35332665e-01
524 9 4.71238898e+00 4.36939042e-01
525 9 4.71238898e+00 4.45796406e-01
526 9 4.71238898e+00 4.40912001e-01
527 9 4.71238898e+00 4.40704903e-01
528 9 4.71238898e+00 4.41119368e-01
529 9 4.71238898e+00 4.41804453e-01
530 9 4.71238898e+00 4.33076697e-01
531 9 4.71238898e+00 4.33936642e-01
532 9 4.71238898e+00 4.38888118e-01
533 9 4.71238898e+00 4.42909642e-01
534 9 4.71238898e+00 4.41636722e-01
535 9 4.71238898e+00 4.43870195e-01
536 9 4.71238898e+00 4.51275231e-01
537 9 4.71238898e+00 4.50293727e-01
538 9 4.71238898e+00 4.40386523e-01
539 9 4.71238898e+00 4.46902620e-01
540 9 4.71238898e+00 4.43894100e-01
541 9 4.71238898e+00 4.43572790e-01
542 9 4.71238898e+00 4.50013853e-01
543 9 4.71238898e+00 4.37642299e-01
544 9 4.71238898e+00 4.42253539e-01
545 9 4.71238898e+00 4.42634222e-01
546 9 4.71238898e+00 4.43186826e-01
547 9 4.71238898e+00 4.46518791e-01
548 9 4.71238898e+00 4.41537699e-01
549 9 4.71238898e+00 4.43645167e-01
550 9 4.71238898e+00 4.46658339e-01
551 9 4.71238898e+00 4.39943282e-01
552 9 4.71238898e+00 4.44145720e-01
553 9 4.71238898e+00 4.39841715e-01
554 9 4.71238898e+00 4.37498497e-01
555 9 4.71238898e+00 4.36702794e-01
556 9 4.71238898e+00 4.37166251e-01
557 9 4.71238898e+00 4.45189636e-01
558 9 4.71238898e+00 4.42651573e-01
559 9 4.71238898e+00 4.41388211e-01
560 9 4.71238898e+00 4.44737912e-01
561 9 4.71238898e+00 4.38932330e-01
562 9 4.71238898e+00 4.43273629e-01
563 9 4.71238898e+00 4.44976940e-01
564 9 4.71238898e+00 4.46427165e-01
565 9 4.71238898e+00 4.41971772e-01
566 9 4.71238898e+00 4.39882353e-01
567 9 4.71238898e+00 4.36914401e-01
568 9 4.71238898e+00 4.44542545e-01
569 9 4.71238898e+00 4.41469535e-01
570 9 4.71238898e+00 4.37968431e-01
571 9 4.71238898e+00 4.43221754e-01
572 9 4.71238898e+00 4.36132727e-01
573 9 4.71238898e+00 4.43127815e-01
574 9 4.71238898e+00 4.35036621e-01
575 9 4.71238898e+00 4.44673532e-01
576 9 4.71238898e+00 4.38549650e-01
577 9 4.71238898e+00 4.37387941e-01
578 9 4.71238898e+00 4.31870029e-01
579 9 4.71238898e+00 4.41852778e-01
580 9 4.71238898e+00 4.42379639e-01
581 9 4.71238898e+00 4.36761199e-01
582 9 4.71238898e+00 4.40020468e-01
583 9 4.71238898e+00 4.48086860e-01
584 9 4.71238898e+00 4.38625693e-01
585 9 4.71238898e+00 4.42877781e-01
586 9 4.71238898e+00 4.43418122e-01
587 9 4.71238898e+00 4.43711241e-01
588 9 4.71238898e+00 4.35970908e-01
589 9 4.71238898e+00 4.45327378e-01
590 9 4.71238898e+00 4.36515392e-01
591 9 4.71238898e+00 4.40197673e-01
592 9 4.71238898e+00 4.43340164e-01
593 9 4.71238898e+00 4.48121836e-01
594 9 4.71238898e+00 4.39532771e-01
595 9 4.71238898e+00 4.39360597e-01
596 9 4.71238898e+00 4.47584472e-01
597 9 4.71238898e+00 4.42848698e-01
598 9 4.71238898e+00 4.42117625e-01
599 9 4.71238898e+00 4.41640195e-01
600 9 4.71238898e+00 4.42503191e-01
601 9 4.71238898e+00 4.41924861e-01
602 9 4.71238898e+00 4.38491647e-01
603 9 4.71238898e+00 4.43996540e-01
604 9 4.71238898e+00 4.41094253e-01
605 9 4.71238898e+00 4.41348837e-01
606 9 4.71238898e+00 4.37505601e-01
607 9 4.71238898e+00 4.41362882e-01
608 9 4.71238898e+00 4.43782299e-01
609 9 4.71238898e+00 4.32807490e-01
610 9 4.71238898e+00 4.39906873e-01
611 9 4.71238898e+00 4.42011959e-01
612 9 4.71238898e+00 4.43752978e-01
613 9 4.71238898e+00 4.39083938e-01
614 9 4.71238898e+00 4.41619704e-01
615 9 4.71238898e+00 4.30980246e-01
616 9 4.71238898e+00 4.46524946e-01
617 9 4.71238898e+00 4.43596879e-01
618 9 4.71238898e+00 4.42514052e-01
619 9 4.71238898e+00 4.40010201e-01
620 9 4.71238898e+00 4.43252294e-01
621 9 4.71238898e+00 4.39347480e-01
622 9 4.71238898e+00 4.36957778e-01
623 9 4.71238898e+00 4.37682399e-01
624 9 4.71238898e+00 4.43411326e-01
625 9 4.71238898e+00 4.44072557e-01
626 9 4.71238898e+00 4.40539237e-01
627 9 4.71238898e+00 4.45056105e-01
628 9 4.71238898e+00 4.42256200e-01
629 9 4.71238898e+00 4.36706156e-01
630 9 4.71238898e+00 4.40722192e-01
631 9 4.71238898e+00 4.40580154e-01
632 9 4.71238898e+00 4.45543300e-01
633 9 4.71238898e+00 4.40959998e-01
634 9 4.71238898e+00 4.45656556e-01
635 9 4.71238898e+00 4.40515202e-01
636 9 4.71238898e+00 4.36377128e-01
637 9 4.71238898e+00 4.29837512e-01
638 9 4.71238898e+00 4.40225700e-01
639 9 4.71238898e+00 4.38681637e-01
640 9 4.71238898e+00 4.45661366e-01
641 9 4.71238898e+00 4.44915465e-01
642 9 4.71238898e+00 4.36329781e-01
643 9 4.71238898e+00 4.40920060e-01
644 9 4.71238898e+00 4.47674989e-01
645 9 4.71238898e+00 4.38353296e-01
646 9 4.71238898e+00 4.36173975e-01
647 9 4.71238898e+00 4.32908037e-01
648 9 4.71238898e+00 4.39112237e-01
649 9 4.71238898e+00 4.34179911e-01
650 9 4.71238898e+00 4.38370873e-01
651 9 4.71238898e+00 4.39133117e-01
652 9 4.71238898e+00 4.38778938e-01
653 9 4.71238898e+00 4.45924557e-01
654 9 4.71238898e+00 4.33144653e-01
655 9 4.71238898e+00 4.41607350e-01
656 9 4.71238898e+00 4.41322341e-01
657 9 4.71238898e+00 4.39750318e-01
658 9 4.71238898e+00 4.46037947e-01
659 9 4.71238898e+00 4.36168507e-01
660 9 4.71238898e+00 4.41785264e-01
661 9 4.71238898e+00 4.42511603e-01
662 9 4.71238898e+00 4.40682922e-01
663 9 4.71238898e+00 4.43718499e-01
664 9 4.71238898e+00 4.39862825e-01
665 9 4.71238898e+00 4.39675247e-01
666 9 4.71238898e+00 4.44022302e-01
667 9 4.71238898e+00 4.39550792e-01
668 9 4.71238898e+00 4.41046752e-01
669 9 4.71238898e+00 4.38121611e-01
670 9 4.71238898e+00 4.50691777e-01
671 9 4.71238898e+00 4.35376478e-01
672 9 4.71238898e+00 4.42147312e-01
673 9 4.71238898e+00 4.42490370e-01
674 9 4.71238898e+00 4.36562001e-01
675 9 4.71238898e+00 4.41106329e-01
676 9 4.71238898e+00 4.45584636e-01
677 9 4.71238898e+00 4.42464681e-01
678 9 4.71238898e+00 4.43541984e-01
679 9 4.71238898e+00 4.38254565e-01
680 9 4.71238898e+00 4.42329829e-01
681 9 4.71238898e+00 4.38640667e-01
682 9 4.71238898e+00 4.35289037e-01
683 9 4.71238898e+00 4.39395854e-01
684 9 4.71238898e+00 4.43802786e-01
685 9 4.71238898e+00 4.44907344e-01
686 9 4.71238898e+00 4.48162096e-01
687 9 4.71238898e+00 4.41188984e-01
688 9 4.71238898e+00 4.37294888e-01
689 9 4.71238898e+00 4.37673626e-01
690 9 4.71238898e+00 4.41315381e-01
691 9 4.71238898e+00 4.41421361e-01
692 9 4.71238898e+00 4.34594775e-01
693 9 4.71238898e+00 4.42751510e-01
694 9 4.71238898e+00 4.36816863e-01
695 9 4.71238898e+00 4.39087454e-01
696 9 4.71238898e+00 4.41438124e-01
697 9 4.71238898e+00 4.44581535e-01
698 9 4.71238898e+00 4.36196690e-01
699 9 4.71238898e+00 4.36406007e-01
700 9 4.71238898e+00 4.41545276e-01
701 9 4.71238898e+00 4.36570060e-01
702 9 4.71238898e+00 4.38558134e-01
703 9 4.71238898e+00 4.46525251e-01
704 9 4.71238898e+00 4.39098272e-01
705 9 4.71238898e+00 4.40041648e-01
706 9 4.71238898e+00 4.47159965e-01
707 9 4.71238898e+00 4.42998190e-01
708 9 4.71238898e+00 4.49589380e-01
709 9 4.71238898e+00 4.44273191e-01
710 9 4.71238898e+00 4.42272093e-01
711 9 4.71238898e+00 4.41802968e-01
712 9 4.71238898e+00 4.43044262e-01
713 9 4.71238898e+00 4.42174996e-01
714 9 4.71238898e+00 4.34476545e-01
715 9 4.71238898e+00 4.41421120e-01
716 9 4.71238898e+00 4.42744073e-01
717 9 4.71238898e+00 4.40610509e-01
718 9 4.71238898e+00 4.33505579e-01
719 9 4.71238898e+00 4.36558530e-01
720 9 4.71238898e+00 4.37177201e-01
721 9 4.71238898e+00 4.41178561e-01
722 9 4.71238898e+00 4.42248780e-01
723 9 4.71238898e+00 4.46207705e-01
724 9 4.71238898e+00 4.35062629e-01
725 9 4.71238898e+00 4.39634099e-01
726 9 4.71238898e+00 4.46968085e-01
727 9 4.71238898e+00 4.38369928e-01
728 9 4.71238898e+00 4.43096232e-01
729 9 4.71238898e+00 4.49338934e-01
730 9 4.71238898e+00 4.35385671e-01
731 9 4.71238898e+00 4.44738165e-01
732 9 4.71238898e+00 4.40263672e-01
733 9 4.71238898e+00 4.37567270e-01
734 9 4.71238898e+00 4.42552698e-01
735 9 4.71238898e+00 4.49286278e-01
736 9 4.71238898e+00 4.39629868e-01
737 9 4.71238898e+00 4.38222065e-01
738 9 4.71238898e+00 4.47794221e-01
739 9 4.71238898e+00 4.36472001e-01
740 9 4.71238898e+00 4.41844328e-01
741 9 4.71238898e+00 4.42690252e-01
742 9 4.71238898e+00 4.38127764e-01
743 9 4.71238898e+00 4.43195210e-01
744 9 4.71238898e+00 4.42329479e-01
745 9 4.71238898e+00 4.42293267e-01
746 9 4.71238898e+00 4.34965747e-01
747 9 4.71238898e+00 4.41251350e-01
748 9 4.71238898e+00 4.40332820e-01
749 9 4.71238898e+00 4.36078781e-01
750 9 4.71238898e+00 4.41011133e-01
751 9 4.71238898e+00 4.46004186e-01
752 9 4.71238898e+00 4.54045546e-01
753 9 4.71238898e+00 4.37731335e-01
754 9 4.71238898e+00 4.42983276e-01
755 9 4.71238898e+00 4.47121551e-01
756 9 4.71238898e+00 4.41967719e-01
757 9 4.71238898e+00 4.43300906e-01
758 9 4.71238898e+00 4.44432320e-01
759 9 4.71238898e+00 4.38951473e-01
760 9 4.71238898e+00 4.43742082e-01
761 9 4.71238898e+00 4.44103369e-01
762 9 4.71238898e+00 4.46834525e-01
763 9 4.71238898e+00 4.51710890e-01
764 9 4.71238898e+00 4.54337154e-01
765 9 4.71238898e+00 4.46032528e-01
766 9 4.71238898e+00 4.41731688e-01
767 9 4.71238898e+00 4.36425047e-01
768 9 4.71238898e+00 4.48286994e-01
769 9 4.71238898e+00 4.45824269e-01
770 9 4.71238898e+00 4.42015169e-01
771 9 4.71238898e+00 4.42775300e-01
772 9 4.71238898e+00 4.37585131e-01
773 9 4.71238898e+00 4.37196089e-01
774 9 4.71238898e+00 4.42776759e-01
775 9 4.71238898e+00 4.45899406e-01
776 9 4.71238898e+00 4.40978951e-01
777 9 4.71238898e+00 4.44716375e-01
778 9 4.71238898e+00 4.44175731e-01
779 9 4.71238898e+00 4.39310304e-01
780 9 4.71238898e+00 4.44391053e-01
781 9 4.71238898e+00 4.39616459e-01
782 9 4.71238898e+00 4.40483050e-01
783 9 4.71238898e+00 4.40218898e-01
784 9 4.71238898e+00 4.50174373e-01
785 9 4.71238898e+00 4.40962948e-01
786 9 4.71238898e+00 4.36044094e-01
787 9 4.71238898e+00 4.37396395e-01
788 9 4.71238898e+00 4.38169198e-01
789 9 4.71238898e+00 4.40761214e-01
790 9 4.71238898e+00 4.37492898e-01
791 9 4.71238898e+00 4.45464045e-01
792 9 4.71238898e+00 4.42751448e-01
793 9 4.71238898e+00 4.37086826e-01
794 9 4.71238898e+00 4.39313849e-01
795 9 4.71238898e+00 4.41421534e-01
796 9 4.71238898e+00 4.44617557e-01
797 9 4.71238898e+00 4.42078006e-01
798 9 4.71238898e+00 4.39688375e-01
799 9 4.71238898e+00 4.42014561e-01
800 9 4.71238898e+00 4.44112165e-01
801 9 4.71238898e+00 4.44652487e-01
802 9 4.71238898e+00 4.37886809e-01
803 9 4.71238898e+00 4.53630985e-01
804 9 4.71238898e+00 4.42171899e-01
805 9 4.71238898e+00 4.40193977e-01
806 9 4.71238898e+00 4.38944441e-01
807 9 4.71238898e+00 4.46666882e-01
808 9 4.71238898e+00 4.39356692e-01
809 9 4.71238898e+00 4.41574974e-01
810 9 4.71238898e+00 4.34810396e-01
811 9 4.71238898e+00 4.45364344e-01
812 9 4.71238898e+00 4.36028246e-01
813 9 4.71238898e+00 4.37229599e-01
814 9 4.71238898e+00 4.34945588e-01
815 9 4.71238898e+00 4.38460326e-01
816 9 4.71238898e+00 4.43762514e-01
817 9 4.71238898e+00 4.39774084e-01
818 9 4.71238898e+00 4.40401108e-01
819 9 4.71238898e+00 4.47970265e-01
820 9 4.71238898e+00 4.41296556e-01
821 9 4.71238898e+00 4.36859672e-01
822 9 4.71238898e+00 4.45185252e-01
823 9 4.71238898e+00 4.37687053e-01
824 9 4.71238898e+00 4.34536943e-01
825 9 4.71238898e+00 4.39608956e-01
826 9 4.71238898e+00 4.47193973e-01
827 9 4.71238898e+00 4.41410594e-01
828 9 4.71238898e+00 4.52302068e-01
829 9 4.71238898e+00 4.36623596e-01
830 9 4.71238898e+00 4.45098592e-01
831 9 4.71238898e+00 4.35695600e-01
832 9 4.71238898e+00 4.40397409e-01
833 9 4.71238898e+00 4.41940728e-01
834 9 4.71238898e+00 4.44211672e-01
835 9 4.71238898e+00 4.40072755e-01
836 9 4.71238898e+00 4.42811981e-01
837 9 4.71238898e+00 4.43871029e-01
838 9 4.71238898e+00 4.39612630e-01
839 9 4.71238898e+00 4.35757429e-01
840 9 4.71238898e+00 4.37321730e-01
841 9 4.71238898e+00 4.37616532e-01
842 9 4.71238898e+00 4.39687395e-01
843 9 4.71238898e+00 4.45458134e-01
844 9 4.71238898e+00 4.45857724e-01
845 9 4.71238898e+00 4.38926508e-01
846 9 4.71238898e+00 4.33944301e-01
847 9 4.71238898e+00 4.38010247e-01
848 9 4.71238898e+00 4.36705320e-01
849 9 4.71238898e+00 4.41208483e-01
850 9 4.71238898e+00 4.40287567e-01
851 9 4.71238898e+00 4.44069560e-01
852 9 4.71238898e+00 4.52926962e-01
853 9 4.71238898e+00 4.37439351e-01
854 9 4.71238898e+00 4.37558947e-01
855 9 4.71238898e+00 4.37174007e-01
856 9 4.71238898e+00 4.43688066e-01
857 9 4.71238898e+00 4.38895745e-01
858 9 4.71238898e+00 4.49232819e-01
859 9 4.71238898e+00 4.45671985e-01
860 9 4.71238898e+00 4.36536348e-01
861 9 4.71238898e+00 4.38652411e-01
862 9 4.71238898e+00 4.44873232e-01
863 9 4.71238898e+00 4.49192446e-01
864 9 4.71238898e+00 4.38180604e-01
865 9 4.71238898e+00 4.36922311e-01
866 9 4.71238898e+00 4.42709308e-01
867 9 4.71238898e+00 4.41802408e-01
868 9 4.71238898e+00 4.42703847e-01
869 9 4.71238898e+00 4.37279292e-01
870 9 4.71238898e+00 4.37460261e-01
871 9 4.71238898e+00 4.42150690e-01
872 9 4.71238898e+00 4.34369941e-01
873 9 4.71238898e+00 4.38989170e-01
874 9 4.71238898e+00 4.42438889e-01
875 9 4.71238898e+00 4.40093487e-01
876 9 4.71238898e+00 4.38138189e-01
877 9 4.71238898e+00 4.38584183e-01
878 9 4.71238898e+00 4.37515132e-01
879 9 4.71238898e+00 4.41098750e-01
880 9 4.71238898e+00 4.46439414e-01
881 9 4.71238898e+00 4.37345343e-01
882 9 4.71238898e+00 4.39958023e-01
883 9 4.71238898e+00 4.35745818e-01
884 9 4.71238898e+00 4.40835796e-01
885 9 4.71238898e+00 4.42370646e-01
886 9 4.71238898e+00 4.34765115e-01
887 9 4.71238898e+00 4.45604289e-01
888 9 4.71238898e+00 4.38083233e-01
889 9 4.71238898e+00 4.40596237e-01
890 9 4.71238898e+00 4.44089118e-01
891 9 4.71238898e+00 4.47264629e-01
892 9 4.71238898e+00 4.49118179e-01
893 9 4.71238898e+00 4.40316097e-01
894 9 4.71238898e+00 4.40736049e-01
895 9 4.71238898e+00 4.46377278e-01
896 9 4.71238898e+00 4.39938730e-01
897 9 4.71238898e+00 4.41779265e-01
898 9 4.71238898e+00 4.40939078e-01
899 9 4.71238898e+00 4.31960293e-01
900 9 4.71238898e+00 4.39112252e-01
901 9 4.71238898e+00 4.32928826e-01
902 9 4.71238898e+00 4.38652035e-01
903 9 4.71238898e+00 4.38026917e-01
904 9 4.71238898e+00 4.41059233e-01
905 9 4.71238898e+00 4.41067953e-01
906 9 4.71238898e+00 4.43946828e-01
907 9 4.71238898e+00 4.39675485e-01
908 9 4.71238898e+00 4.44057727e-01
909 9 4.71238898e+00 4.41504449e-01
910 9 4.71238898e+00 4.46095226e-01
911 9 4.71238898e+00 4.41618777e-01
912 9 4.71238898e+00 4.37956407e-01
913 9 4.71238898e+00 4.38603529e-01
914 9 4.71238898e+00 4.42472905e-01
915 9 4.71238898e+00 4.41696446e-01
916 9 4.71238898e+00 4.34957923e-01
917 9 4.71238898e+00 4.38144907e-01
918 9 4.71238898e+00 4.40796063e-01
919 9 4.71238898e+00 4.42094876e-01
920 9 4.71238898e+00 4.42794686e-01
921 9 4.71238898e+00 4.42768991e-01
922 9 4.71238898e+00 4.40205447e-01
923 9 4.71238898e+00 4.32881157e-01
924 9 4.71238898e+00 4.37819911e-01
925 9 4.71238898e+00 4.49360899e-01
926 9 4.71238898e+00 4.48880455e-01
927 9 4.71238898e+00 4.46824178e-01
928 9 4.71238898e+00 4.30695554e-01
929 9 4.71238898e+00 4.39902307e-01
930 9 4.71238898e+00 4.40724382e-01
931 9 4.71238898e+00 4.40737426e-01
932 9 4.71238898e+00 4.46509801e-01
933 9 4.71238898e+00 4.37469144e-01
934 9 4.71238898e+00 4.47712586e-01
935 9 4.71238898e+00 4.42194648e-01
936 9 4.71238898e+00 4.43457706e-01
937 9 4.71238898e+00 4.40351687e-01
938 9 4.71238898e+00 4.35791161e-01
939 9 4.71238898e+00 4.40383400e-01
940 9 4.71238898e+00 4.40170933e-01
941 9 4.71238898e+00 4.42140170e-01
942 9 4.71238898e+00 4.46854421e-01
943 9 4.71238898e+00 4.40883204e-01
944 9 4.71238898e+00 4.42520050e-01
945 9 4.71238898e+00 4.38341297e-01
946 9 4.71238898e+00 4.41196743e-01
947 9 4.71238898e+00 4.42750857e-01
948 9 4.71238898e+00 4.40819693e-01
949 9 4.71238898e+00 4.36802822e-01
950 9 4.71238898e+00 4.37755878e-01
951 9 4.71238898e+00 4.36976609e-01
952 9 4.71238898e+00 4.39448690e-01
953 9 4.71238898e+00 4.45345616e-01
954 9 4.71238898e+00 4.40063276e-01
955 9 4.71238898e+00 4.43354848e-01
956 9 4.71238898e+00 4.43894704e-01
957 9 4.71238898e+00 4.43498113e-01
958 9 4.71238898e+00 4.36956291e-01
959 9 4.71238898e+00 4.45177642e-01
960 9 4.71238898e+00 4.40612124e-01
961 9 4.71238898e+00 4.38591516e-01
962 9 4.71238898e+00 4.41192977e-01
963 9 4.71238898e+00 4.38912765e-01
964 9 4.71238898e+00 4.44931987e-01
965 9 4.71238898e+00 4.37033382e-01
966 9 4.71238898e+00 4.44574654e-01
967 9 4.71238898e+00 4.40190298e-01
968 9 4.71238898e+00 4.44222824e-01
969 9 4.71238898e+00 4.38741703e-01
970 9 4.71238898e+00 4.42236607e-01
971 9 4.71238898e+00 4.41976555e-01
972 9 4.71238898e+00 4.38007620e-01
973 9 4.71238898e+00 4.45814345e-01
974 9 4.71238898e+00 4.49515147e-01
975 9 4.71238898e+00 4.44044454e-01
976 9 4.71238898e+00 4.39064017e-01
977 9 4.71238898e+00 4.48183154e-01
978 9 4.71238898e+00 4.33509518e-01
979 9 4.71238898e+00 4.35585845e-01
980 9 4.71238898e+00 4.39352560e-01
981 9 4.71238898e+00 4.40808662e-01
982 9 4.71238898e+00 4.42833224e-01
983 9 4.71238898e+00 4.36743028e-01
984 9 4.71238898e+00 4.42391096e-01
985 9 4.71238898e+00 4.41552641e-01
986 9 4.71238898e+00 4.40078300e-01
987 9 4.71238898e+00 4.39897298e-01
988 9 4.71238898e+00 4.40451374e-01
989 9 4.71238898e+00 4.44554675e-01
990 9 4.71238898e+00 4.39287364e-01
991 9 4.71238898e+00 4.36029736e-01
992 9 4.71238898e+00 4.35237336e-01
993 9 4.71238898e+00 4.45068098e-01
994 9 4.71238898e+00 4.35412240e-01
995 9 4.71238898e+00 4.32773542e-01
996 9 4.71238898e+00 4.36429357e-01
997 9 4.71238898e+00 4.39365454e-01
998 9 4.71238898e+00 4.44828846e-01
999 9 4.71238898e+00 4.33643587e-01
1000 9 4.71238898e+00 4.42850319e-01
1001 9 4.71238898e+00 4.40969363e-01
1002 9 4.71238898e+00 4.35749170e-01
1003 9 4.71238898e+00 4.41981788e-01
1004 9 4.71238898e+00 4.40624340e-01
1005 9 4.71238898e+00 4.35392959e-01
1006 9 4.71238898e+00 4.43857703e-01
1007 9 4.71238898e+00 4.48063627e-01
1008 9 4.71238898e+00 4.29703022e-01
1009 9 4.71238898e+00 4.40732108e-01
1010 9 4.71238898e+00 4.41950699e-01
1011 9 4.71238898e+00 4.45905272e-01
1012 9 4.71238898e+00 4.39713782e-01
